ISO-10303-21;
HEADER;
FILE_DESCRIPTION (( 'STEP AP214' ),
    '1' );
FILE_NAME ('blob-cover.STEP',
    '2026-04-06T15:55:14',
    ( '' ),
    ( '' ),
    'SwSTEP 2.0',
    'SolidWorks 2026',
    '' );
FILE_SCHEMA (( 'AUTOMOTIVE_DESIGN' ));
ENDSEC;

DATA;
#1 = CARTESIAN_POINT ( 'NONE',  ( -0.09999999999988490318, -70.50000000000004263, 7.200000000000000178 ) ) ;
#2 = ORIENTED_EDGE ( 'NONE', *, *, #2896, .F. ) ;
#3 = EDGE_CURVE ( 'NONE', #406, #957, #584, .T. ) ;
#4 = ADVANCED_FACE ( 'NONE', ( #357 ), #95, .T. ) ;
#5 = CARTESIAN_POINT ( 'NONE',  ( -54.77200000000012636, 35.00040022628292746, 1.800000000000000044 ) ) ;
#6 = VECTOR ( 'NONE', #1442, 1000.000000000000000 ) ;
#7 = EDGE_LOOP ( 'NONE', ( #2251, #1686 ) ) ;
#8 = ADVANCED_FACE ( 'NONE', ( #1561 ), #2536, .F. ) ;
#9 = PLANE ( 'NONE',  #1776 ) ;
#10 = CARTESIAN_POINT ( 'NONE',  ( -73.70000000000013074, 4.700000000000000178, 4.599999999999999645 ) ) ;
#11 = CYLINDRICAL_SURFACE ( 'NONE', #1494, 1.000000000000000888 ) ;
#12 =( NAMED_UNIT ( * ) SI_UNIT ( $, .STERADIAN. ) SOLID_ANGLE_UNIT ( ) );
#13 = VERTEX_POINT ( 'NONE', #832 ) ;
#14 = CARTESIAN_POINT ( 'NONE',  ( 2.800000000000002043, 79.50000000000000000, 2.000000000000000000 ) ) ;
#15 = VECTOR ( 'NONE', #1496, 1000.000000000000000 ) ;
#16 = FACE_BOUND ( 'NONE', #2165, .T. ) ;
#17 = FACE_OUTER_BOUND ( 'NONE', #864, .T. ) ;
#18 = VERTEX_POINT ( 'NONE', #1807 ) ;
#19 = CARTESIAN_POINT ( 'NONE',  ( -54.77200000000012636, 35.00040022628292746, 1.800000000000000044 ) ) ;
#20 = DIRECTION ( 'NONE',  ( 0.000000000000000000, -0.000000000000000000, -1.000000000000000000 ) ) ;
#21 = FACE_OUTER_BOUND ( 'NONE', #307, .T. ) ;
#22 = EDGE_LOOP ( 'NONE', ( #143, #2019 ) ) ;
#23 = PLANE ( 'NONE',  #516 ) ;
#24 = EDGE_CURVE ( 'NONE', #1169, #1523, #2511, .T. ) ;
#25 = EDGE_LOOP ( 'NONE', ( #2991, #1881, #1608, #770, #2388, #1299, #895, #1802, #905, #2178 ) ) ;
#26 = VECTOR ( 'NONE', #570, 1000.000000000000000 ) ;
#27 = EDGE_CURVE ( 'NONE', #50, #312, #1333, .T. ) ;
#28 = CARTESIAN_POINT ( 'NONE',  ( 1.900000000000472422, 61.90000000000004832, 0.000000000000000000 ) ) ;
#29 = DIRECTION ( 'NONE',  ( 1.000000000000000000, 0.000000000000000000, 0.000000000000000000 ) ) ;
#30 = DIRECTION ( 'NONE',  ( 0.000000000000000000, 0.000000000000000000, 1.000000000000000000 ) ) ;
#31 = ORIENTED_EDGE ( 'NONE', *, *, #3062, .F. ) ;
#32 = DIRECTION ( 'NONE',  ( -1.000000000000000000, 2.775557561562889379E-15, 0.000000000000000000 ) ) ;
#33 = VECTOR ( 'NONE', #2270, 1000.000000000000000 ) ;
#34 = CARTESIAN_POINT ( 'NONE',  ( -14.67256023999999748, 79.50000000000000000, 0.000000000000000000 ) ) ;
#35 = VERTEX_POINT ( 'NONE', #1364 ) ;
#36 = FACE_OUTER_BOUND ( 'NONE', #2032, .T. ) ;
#37 = VERTEX_POINT ( 'NONE', #1349 ) ;
#38 = PLANE ( 'NONE',  #2507 ) ;
#39 = ORIENTED_EDGE ( 'NONE', *, *, #2453, .F. ) ;
#40 = DIRECTION ( 'NONE',  ( 1.000000000000000000, -4.582288427108547935E-15, 0.000000000000000000 ) ) ;
#41 = CYLINDRICAL_SURFACE ( 'NONE', #325, 19.99999999999997513 ) ;
#42 = LINE ( 'NONE', #63, #2197 ) ;
#43 = ORIENTED_EDGE ( 'NONE', *, *, #621, .T. ) ;
#44 = VECTOR ( 'NONE', #712, 1000.000000000000000 ) ;
#45 = AXIS2_PLACEMENT_3D ( 'NONE', #87, #573, #1783 ) ;
#46 = EDGE_CURVE ( 'NONE', #220, #851, #2317, .T. ) ;
#47 = FACE_OUTER_BOUND ( 'NONE', #572, .T. ) ;
#48 = AXIS2_PLACEMENT_3D ( 'NONE', #1195, #932, #988 ) ;
#49 = CARTESIAN_POINT ( 'NONE',  ( -83.43644287719845920, 20.00000000000002487, 0.000000000000000000 ) ) ;
#50 = VERTEX_POINT ( 'NONE', #2055 ) ;
#51 = LINE ( 'NONE', #2729, #1572 ) ;
#52 = VECTOR ( 'NONE', #759, 1000.000000000000341 ) ;
#53 = FACE_OUTER_BOUND ( 'NONE', #2950, .T. ) ;
#54 = ORIENTED_EDGE ( 'NONE', *, *, #2953, .F. ) ;
#55 = PLANE ( 'NONE',  #1086 ) ;
#56 = VERTEX_POINT ( 'NONE', #1110 ) ;
#57 = VERTEX_POINT ( 'NONE', #385 ) ;
#58 = EDGE_CURVE ( 'NONE', #1077, #1789, #2334, .T. ) ;
#59 = CYLINDRICAL_SURFACE ( 'NONE', #556, 1.000000000000000000 ) ;
#60 = VECTOR ( 'NONE', #1994, 1000.000000000000000 ) ;
#61 = DIRECTION ( 'NONE',  ( 0.000000000000000000, 1.000000000000000000, 0.000000000000000000 ) ) ;
#62 = AXIS2_PLACEMENT_3D ( 'NONE', #2913, #2647, #1938 ) ;
#63 = CARTESIAN_POINT ( 'NONE',  ( 1.900000000000470646, 72.50000000000005684, -8.000000000000000000 ) ) ;
#64 = EDGE_LOOP ( 'NONE', ( #2667, #710, #120, #1768 ) ) ;
#65 = EDGE_CURVE ( 'NONE', #2261, #220, #2107, .T. ) ;
#66 = AXIS2_PLACEMENT_3D ( 'NONE', #3032, #861, #1830 ) ;
#67 = FACE_OUTER_BOUND ( 'NONE', #2072, .T. ) ;
#68 = ADVANCED_FACE ( 'NONE', ( #2747 ), #2524, .F. ) ;
#69 = CARTESIAN_POINT ( 'NONE',  ( -28.99999999999998579, -30.60000000000001208, 2.000000000000000000 ) ) ;
#70 = ORIENTED_EDGE ( 'NONE', *, *, #122, .F. ) ;
#71 = DIRECTION ( 'NONE',  ( 0.000000000000000000, 0.000000000000000000, -1.000000000000000000 ) ) ;
#72 = ORIENTED_EDGE ( 'NONE', *, *, #1563, .T. ) ;
#73 = CARTESIAN_POINT ( 'NONE',  ( -9.499999999999904077, 70.50000000000004263, 2.000000000000000000 ) ) ;
#74 = CARTESIAN_POINT ( 'NONE',  ( 2.800000000000002043, 79.50000000000000000, 2.000000000000000000 ) ) ;
#75 = ORIENTED_EDGE ( 'NONE', *, *, #621, .F. ) ;
#76 = ORIENTED_EDGE ( 'NONE', *, *, #1852, .T. ) ;
#77 = CARTESIAN_POINT ( 'NONE',  ( 15.00000000000021139, -54.77225575051652129, 2.000000000000000000 ) ) ;
#78 = FACE_OUTER_BOUND ( 'NONE', #1727, .T. ) ;
#79 = VECTOR ( 'NONE', #731, 1000.000000000000000 ) ;
#80 = AXIS2_PLACEMENT_3D ( 'NONE', #2498, #314, #490 ) ;
#81 = PLANE ( 'NONE',  #2702 ) ;
#82 = ORIENTED_EDGE ( 'NONE', *, *, #1906, .T. ) ;
#83 = AXIS2_PLACEMENT_3D ( 'NONE', #762, #521, #1503 ) ;
#84 = DIRECTION ( 'NONE',  ( -0.000000000000000000, -0.000000000000000000, -1.000000000000000000 ) ) ;
#85 = DIRECTION ( 'NONE',  ( 1.000000000000000000, 0.000000000000000000, 0.000000000000000000 ) ) ;
#86 = EDGE_LOOP ( 'NONE', ( #2489, #31, #343, #999, #1443, #1970, #70, #2422, #1995, #2890, #2009, #1883, #2114, #931, #137, #3057 ) ) ;
#87 = CARTESIAN_POINT ( 'NONE',  ( -9.899999999999888445, 70.90000000000004832, 2.000000000000000000 ) ) ;
#88 = PLANE ( 'NONE',  #1853 ) ;
#89 = CARTESIAN_POINT ( 'NONE',  ( 55.60000000000000853, 65.34737944248414010, 2.000000000000000000 ) ) ;
#90 = DIRECTION ( 'NONE',  ( -0.000000000000000000, -0.000000000000000000, 1.000000000000000000 ) ) ;
#91 = ORIENTED_EDGE ( 'NONE', *, *, #2741, .F. ) ;
#92 = ORIENTED_EDGE ( 'NONE', *, *, #1711, .T. ) ;
#93 = EDGE_CURVE ( 'NONE', #2397, #1047, #736, .T. ) ;
#94 = ORIENTED_EDGE ( 'NONE', *, *, #1462, .F. ) ;
#95 = PLANE ( 'NONE',  #1511 ) ;
#96 = ADVANCED_FACE ( 'NONE', ( #171 ), #467, .F. ) ;
#97 = CARTESIAN_POINT ( 'NONE',  ( -11.49999999999988631, 61.90000000000004832, 0.000000000000000000 ) ) ;
#98 = DIRECTION ( 'NONE',  ( 0.000000000000000000, -0.000000000000000000, -1.000000000000000000 ) ) ;
#99 = VERTEX_POINT ( 'NONE', #1141 ) ;
#100 = CARTESIAN_POINT ( 'NONE',  ( -10.89999999999988667, -71.90000000000004832, -8.000000000000000000 ) ) ;
#101 = CARTESIAN_POINT ( 'NONE',  ( -27.99999999999998224, 29.59999999999999076, 1.600000000000000089 ) ) ;
#102 = AXIS2_PLACEMENT_3D ( 'NONE', #2543, #2591, #2278 ) ;
#103 = DIRECTION ( 'NONE',  ( -0.000000000000000000, 1.000000000000000000, -0.000000000000000000 ) ) ;
#104 =( GEOMETRIC_REPRESENTATION_CONTEXT ( 3 ) GLOBAL_UNCERTAINTY_ASSIGNED_CONTEXT ( ( #2817 ) ) GLOBAL_UNIT_ASSIGNED_CONTEXT ( ( #1589, #1888, #1652 ) ) REPRESENTATION_CONTEXT ( 'NONE', 'WORKASPACE' ) );
#105 = AXIS2_PLACEMENT_3D ( 'NONE', #1959, #2616, #503 ) ;
#106 = ORIENTED_EDGE ( 'NONE', *, *, #3002, .T. ) ;
#107 = EDGE_CURVE ( 'NONE', #1789, #174, #2838, .T. ) ;
#108 = ORIENTED_EDGE ( 'NONE', *, *, #111, .T. ) ;
#109 = VECTOR ( 'NONE', #563, 1000.000000000000000 ) ;
#110 = EDGE_CURVE ( 'NONE', #3080, #1231, #1156, .T. ) ;
#111 = EDGE_CURVE ( 'NONE', #1820, #936, #205, .T. ) ;
#112 = DIRECTION ( 'NONE',  ( -0.000000000000000000, -0.000000000000000000, 1.000000000000000000 ) ) ;
#113 = LINE ( 'NONE', #1128, #2365 ) ;
#114 = CIRCLE ( 'NONE', #1886, 20.39999999999966818 ) ;
#115 = LINE ( 'NONE', #300, #1983 ) ;
#116 = VERTEX_POINT ( 'NONE', #929 ) ;
#117 = DIRECTION ( 'NONE',  ( 1.000000000000000000, 0.000000000000000000, 0.000000000000000000 ) ) ;
#118 = LINE ( 'NONE', #146, #2900 ) ;
#119 = ORIENTED_EDGE ( 'NONE', *, *, #758, .F. ) ;
#120 = ORIENTED_EDGE ( 'NONE', *, *, #2041, .T. ) ;
#121 = VECTOR ( 'NONE', #631, 1000.000000000000000 ) ;
#122 = EDGE_CURVE ( 'NONE', #2215, #2224, #453, .T. ) ;
#123 = EDGE_CURVE ( 'NONE', #2139, #3050, #2214, .T. ) ;
#124 = EDGE_LOOP ( 'NONE', ( #2281, #2759 ) ) ;
#125 = DIRECTION ( 'NONE',  ( 1.000000000000000000, 0.000000000000000000, 0.000000000000000000 ) ) ;
#126 = CARTESIAN_POINT ( 'NONE',  ( -9.499999999999886313, -68.70000000000005969, 7.200000000000000178 ) ) ;
#127 = EDGE_CURVE ( 'NONE', #1629, #116, #2522, .T. ) ;
#128 = AXIS2_PLACEMENT_3D ( 'NONE', #689, #1899, #1684 ) ;
#129 = DIRECTION ( 'NONE',  ( 0.000000000000000000, -1.000000000000000000, 0.000000000000000000 ) ) ;
#130 = VERTEX_POINT ( 'NONE', #880 ) ;
#131 = LINE ( 'NONE', #3074, #2180 ) ;
#132 = CARTESIAN_POINT ( 'NONE',  ( -77.90000000000001990, 6.099999999999956124, -8.000000000000000000 ) ) ;
#133 = DIRECTION ( 'NONE',  ( 0.000000000000000000, 0.000000000000000000, 1.000000000000000000 ) ) ;
#134 = ORIENTED_EDGE ( 'NONE', *, *, #274, .F. ) ;
#135 = CARTESIAN_POINT ( 'NONE',  ( -76.90000000000001990, 5.099999999999953459, 2.000000000000000000 ) ) ;
#136 = CARTESIAN_POINT ( 'NONE',  ( -11.49999999999988454, -72.50000000000005684, 0.000000000000000000 ) ) ;
#137 = ORIENTED_EDGE ( 'NONE', *, *, #2700, .F. ) ;
#138 = AXIS2_PLACEMENT_3D ( 'NONE', #2611, #658, #1898 ) ;
#139 = CARTESIAN_POINT ( 'NONE',  ( 14.99999999999986500, 54.77225575051674156, 1.800000000000000044 ) ) ;
#140 = CARTESIAN_POINT ( 'NONE',  ( -10.89999999999988667, -62.81651513899121397, 0.000000000000000000 ) ) ;
#141 = DIRECTION ( 'NONE',  ( -0.000000000000000000, -0.000000000000000000, 1.000000000000000000 ) ) ;
#142 = DIRECTION ( 'NONE',  ( 0.000000000000000000, 0.000000000000000000, 1.000000000000000000 ) ) ;
#143 = ORIENTED_EDGE ( 'NONE', *, *, #773, .F. ) ;
#144 = EDGE_CURVE ( 'NONE', #2751, #1183, #1683, .T. ) ;
#145 = CARTESIAN_POINT ( 'NONE',  ( -11.89999999999988667, 62.81651513899121397, 2.000000000000000000 ) ) ;
#146 = CARTESIAN_POINT ( 'NONE',  ( -10.89999999999988667, 71.90000000000004832, 2.000000000000000000 ) ) ;
#147 = EDGE_LOOP ( 'NONE', ( #1826, #2638, #1301, #2830 ) ) ;
#148 = DIRECTION ( 'NONE',  ( 0.000000000000000000, -0.9333456062030595080, 0.3589790793088692977 ) ) ;
#149 = FACE_OUTER_BOUND ( 'NONE', #863, .T. ) ;
#150 = ORIENTED_EDGE ( 'NONE', *, *, #1332, .F. ) ;
#151 = AXIS2_PLACEMENT_3D ( 'NONE', #2568, #388, #2824 ) ;
#152 = VECTOR ( 'NONE', #2539, 1000.000000000000000 ) ;
#153 = CIRCLE ( 'NONE', #3036, 2.199999999999997957 ) ;
#154 = VECTOR ( 'NONE', #767, 1000.000000000000000 ) ;
#155 = DIRECTION ( 'NONE',  ( -0.000000000000000000, 0.000000000000000000, 1.000000000000000000 ) ) ;
#156 = LINE ( 'NONE', #1111, #733 ) ;
#157 = CARTESIAN_POINT ( 'NONE',  ( 55.60000000000000142, 30.60000000000000142, 1.400000000000000133 ) ) ;
#158 = EDGE_CURVE ( 'NONE', #2221, #851, #1255, .T. ) ;
#159 = CARTESIAN_POINT ( 'NONE',  ( -68.81651513899119266, 6.099999999999931255, 1.000000000000000000 ) ) ;
#160 = ORIENTED_EDGE ( 'NONE', *, *, #1936, .F. ) ;
#161 = DIRECTION ( 'NONE',  ( 1.245016848787182505E-16, -1.000000000000000000, 0.000000000000000000 ) ) ;
#162 = AXIS2_PLACEMENT_3D ( 'NONE', #2177, #494, #976 ) ;
#163 = FACE_OUTER_BOUND ( 'NONE', #2521, .T. ) ;
#164 = CARTESIAN_POINT ( 'NONE',  ( -9.499999999999886313, -70.50000000000004263, 7.200000000000000178 ) ) ;
#165 = ADVANCED_FACE ( 'NONE', ( #2581 ), #2881, .F. ) ;
#166 = EDGE_LOOP ( 'NONE', ( #2520, #588, #1477, #820 ) ) ;
#167 = LINE ( 'NONE', #2345, #1421 ) ;
#168 = DIRECTION ( 'NONE',  ( -0.000000000000000000, -0.000000000000000000, -1.000000000000000000 ) ) ;
#169 = ORIENTED_EDGE ( 'NONE', *, *, #2531, .T. ) ;
#170 = VECTOR ( 'NONE', #753, 1000.000000000000000 ) ;
#171 = FACE_OUTER_BOUND ( 'NONE', #2452, .T. ) ;
#172 = DIRECTION ( 'NONE',  ( -0.000000000000000000, -0.000000000000000000, -1.000000000000000000 ) ) ;
#173 = CARTESIAN_POINT ( 'NONE',  ( -0.09999999999988490318, 67.70000000000004547, 4.599999999999999645 ) ) ;
#174 = VERTEX_POINT ( 'NONE', #915 ) ;
#175 = CARTESIAN_POINT ( 'NONE',  ( -76.50000000000012790, 4.700000000000000178, 2.000000000000000000 ) ) ;
#176 = CIRCLE ( 'NONE', #830, 1.000000000000000888 ) ;
#177 = CARTESIAN_POINT ( 'NONE',  ( 1.300000000000471001, 0.000000000000000000, 0.000000000000000000 ) ) ;
#178 = FACE_OUTER_BOUND ( 'NONE', #245, .T. ) ;
#179 = AXIS2_PLACEMENT_3D ( 'NONE', #1838, #3021, #2749 ) ;
#180 = ORIENTED_EDGE ( 'NONE', *, *, #2375, .T. ) ;
#181 = LINE ( 'NONE', #2327, #2173 ) ;
#182 = VECTOR ( 'NONE', #3014, 1000.000000000000000 ) ;
#183 = DIRECTION ( 'NONE',  ( -9.637352644315615655E-15, 1.000000000000000000, 0.000000000000000000 ) ) ;
#184 = ORIENTED_EDGE ( 'NONE', *, *, #2803, .F. ) ;
#185 = VERTEX_POINT ( 'NONE', #402 ) ;
#186 = ADVANCED_FACE ( 'NONE', ( #640 ), #3069, .T. ) ;
#187 = AXIS2_PLACEMENT_3D ( 'NONE', #2978, #155, #2020 ) ;
#188 = DIRECTION ( 'NONE',  ( 0.000000000000000000, 0.000000000000000000, -1.000000000000000000 ) ) ;
#189 = DIRECTION ( 'NONE',  ( 0.000000000000000000, -1.000000000000000000, 0.000000000000000000 ) ) ;
#190 = CARTESIAN_POINT ( 'NONE',  ( -9.499999999999886313, 68.70000000000005969, 7.200000000000000178 ) ) ;
#191 = ORIENTED_EDGE ( 'NONE', *, *, #1332, .T. ) ;
#192 = LINE ( 'NONE', #1161, #858 ) ;
#193 = ADVANCED_FACE ( 'NONE', ( #1383 ), #897, .F. ) ;
#194 = DIRECTION ( 'NONE',  ( 0.000000000000000000, 0.000000000000000000, -1.000000000000000000 ) ) ;
#195 = EDGE_LOOP ( 'NONE', ( #1846, #1558, #817, #366 ) ) ;
#196 = LINE ( 'NONE', #1862, #853 ) ;
#197 = LINE ( 'NONE', #2891, #2811 ) ;
#198 = EDGE_LOOP ( 'NONE', ( #1811, #2426 ) ) ;
#199 = EDGE_CURVE ( 'NONE', #1992, #663, #1171, .T. ) ;
#200 = AXIS2_PLACEMENT_3D ( 'NONE', #1566, #347, #2932 ) ;
#201 = EDGE_LOOP ( 'NONE', ( #2227, #2769, #76, #1520 ) ) ;
#202 = EDGE_CURVE ( 'NONE', #2844, #2946, #2626, .T. ) ;
#203 = VECTOR ( 'NONE', #627, 1000.000000000000000 ) ;
#204 = VECTOR ( 'NONE', #953, 1000.000000000000000 ) ;
#205 = LINE ( 'NONE', #2088, #434 ) ;
#206 = CARTESIAN_POINT ( 'NONE',  ( -76.50000000000012790, 4.700000000000000178, 7.200000000000000178 ) ) ;
#207 = ORIENTED_EDGE ( 'NONE', *, *, #1391, .F. ) ;
#208 = CARTESIAN_POINT ( 'NONE',  ( 34.99999999999983658, 54.77225575051674156, 2.000000000000000000 ) ) ;
#209 = CARTESIAN_POINT ( 'NONE',  ( 55.60000000000000853, -29.60000000000000142, 1.400000000000000133 ) ) ;
#210 = CARTESIAN_POINT ( 'NONE',  ( 5.000000000000000000, 79.50000000000000000, 0.000000000000000000 ) ) ;
#211 = ORIENTED_EDGE ( 'NONE', *, *, #332, .T. ) ;
#212 = CARTESIAN_POINT ( 'NONE',  ( 55.60000000000000142, 30.60000000000000142, 2.000000000000000000 ) ) ;
#213 = ORIENTED_EDGE ( 'NONE', *, *, #2818, .F. ) ;
#214 = VERTEX_POINT ( 'NONE', #1664 ) ;
#215 = CARTESIAN_POINT ( 'NONE',  ( -9.499999999999884537, -67.70000000000004547, 4.599999999999999645 ) ) ;
#216 = CARTESIAN_POINT ( 'NONE',  ( 14.99999999999986500, 54.77225575051674156, 1.800000000000000044 ) ) ;
#217 = EDGE_CURVE ( 'NONE', #1865, #2783, #2550, .T. ) ;
#218 = FACE_BOUND ( 'NONE', #829, .T. ) ;
#219 = DIRECTION ( 'NONE',  ( -0.000000000000000000, -0.000000000000000000, -1.000000000000000000 ) ) ;
#220 = VERTEX_POINT ( 'NONE', #216 ) ;
#221 = FACE_OUTER_BOUND ( 'NONE', #1602, .T. ) ;
#222 = AXIS2_PLACEMENT_3D ( 'NONE', #2940, #2910, #2674 ) ;
#223 = EDGE_CURVE ( 'NONE', #2406, #1231, #3114, .T. ) ;
#224 = DIRECTION ( 'NONE',  ( -9.592177553795387355E-15, 1.000000000000000000, -0.000000000000000000 ) ) ;
#225 = FACE_OUTER_BOUND ( 'NONE', #2078, .T. ) ;
#226 = ORIENTED_EDGE ( 'NONE', *, *, #1777, .F. ) ;
#227 = LINE ( 'NONE', #1961, #706 ) ;
#228 = VECTOR ( 'NONE', #2921, 1000.000000000000000 ) ;
#229 = DIRECTION ( 'NONE',  ( 0.000000000000000000, -0.000000000000000000, -1.000000000000000000 ) ) ;
#230 = VERTEX_POINT ( 'NONE', #1495 ) ;
#231 = AXIS2_PLACEMENT_3D ( 'NONE', #772, #551, #502 ) ;
#232 = ORIENTED_EDGE ( 'NONE', *, *, #2904, .T. ) ;
#233 = DIRECTION ( 'NONE',  ( -0.000000000000000000, -0.000000000000000000, -1.000000000000000000 ) ) ;
#234 = DIRECTION ( 'NONE',  ( -0.3589790793088692977, 0.000000000000000000, 0.9333456062030593969 ) ) ;
#235 = CARTESIAN_POINT ( 'NONE',  ( -0.09999999999988490318, 68.70000000000005969, 7.200000000000000178 ) ) ;
#236 = ORIENTED_EDGE ( 'NONE', *, *, #276, .T. ) ;
#237 = DIRECTION ( 'NONE',  ( -1.000000000000000000, 0.000000000000000000, 0.000000000000000000 ) ) ;
#238 = ADVANCED_FACE ( 'NONE', ( #2897 ), #2166, .T. ) ;
#239 = DIRECTION ( 'NONE',  ( -1.245016848787182505E-16, 1.000000000000000000, 0.000000000000000000 ) ) ;
#240 = CARTESIAN_POINT ( 'NONE',  ( -75.17200000000012494, 35.00040022628292746, 1.800000000000000044 ) ) ;
#241 = ORIENTED_EDGE ( 'NONE', *, *, #2005, .F. ) ;
#242 = EDGE_CURVE ( 'NONE', #1283, #637, #2316, .T. ) ;
#243 = CARTESIAN_POINT ( 'NONE',  ( 5.000000000000000000, 79.50000000000000000, 2.000000000000000000 ) ) ;
#244 = DIRECTION ( 'NONE',  ( -0.000000000000000000, -0.000000000000000000, -1.000000000000000000 ) ) ;
#245 = EDGE_LOOP ( 'NONE', ( #2834, #2804, #1889, #213 ) ) ;
#246 = ORIENTED_EDGE ( 'NONE', *, *, #916, .F. ) ;
#247 = CARTESIAN_POINT ( 'NONE',  ( -78.50000000000001421, -6.700000000000430944, 1.000000000000000888 ) ) ;
#248 = CARTESIAN_POINT ( 'NONE',  ( -76.50000000000012790, 4.700000000000000178, 2.000000000000000000 ) ) ;
#249 = AXIS2_PLACEMENT_3D ( 'NONE', #856, #133, #1105 ) ;
#250 = LINE ( 'NONE', #2926, #170 ) ;
#251 = ORIENTED_EDGE ( 'NONE', *, *, #1453, .T. ) ;
#252 = LINE ( 'NONE', #1228, #1530 ) ;
#253 = VECTOR ( 'NONE', #2876, 1000.000000000000000 ) ;
#254 = DIRECTION ( 'NONE',  ( -1.000000000000000000, -0.000000000000000000, -0.000000000000000000 ) ) ;
#255 = ADVANCED_FACE ( 'NONE', ( #544 ), #41, .T. ) ;
#256 = CARTESIAN_POINT ( 'NONE',  ( -76.50000000000012790, -4.700000000000000178, 7.200000000000000178 ) ) ;
#257 = VERTEX_POINT ( 'NONE', #1034 ) ;
#258 = FACE_OUTER_BOUND ( 'NONE', #86, .T. ) ;
#259 = ORIENTED_EDGE ( 'NONE', *, *, #3023, .T. ) ;
#260 = EDGE_CURVE ( 'NONE', #2672, #3073, #263, .T. ) ;
#261 = ORIENTED_EDGE ( 'NONE', *, *, #1123, .F. ) ;
#262 = DIRECTION ( 'NONE',  ( -0.000000000000000000, -0.000000000000000000, 1.000000000000000000 ) ) ;
#263 = LINE ( 'NONE', #983, #368 ) ;
#264 = EDGE_LOOP ( 'NONE', ( #393, #1660, #2208, #75 ) ) ;
#265 = CARTESIAN_POINT ( 'NONE',  ( -16.27256024000000068, 79.50000000000000000, 2.000000000000000000 ) ) ;
#266 = AXIS2_PLACEMENT_3D ( 'NONE', #2494, #3133, #723 ) ;
#267 = LINE ( 'NONE', #1972, #2984 ) ;
#268 = DIRECTION ( 'NONE',  ( -1.000000000000000000, 1.497210463742061043E-16, 0.000000000000000000 ) ) ;
#269 = EDGE_LOOP ( 'NONE', ( #241, #554 ) ) ;
#270 = CARTESIAN_POINT ( 'NONE',  ( -9.499999999999886313, -70.50000000000004263, 2.000000000000000000 ) ) ;
#271 = VERTEX_POINT ( 'NONE', #2958 ) ;
#272 = DIRECTION ( 'NONE',  ( 9.592177553795387355E-15, -1.000000000000000000, 0.000000000000000000 ) ) ;
#273 = EDGE_LOOP ( 'NONE', ( #1342, #1487, #119, #1314 ) ) ;
#274 = EDGE_CURVE ( 'NONE', #1578, #3017, #2185, .T. ) ;
#275 = AXIS2_PLACEMENT_3D ( 'NONE', #1229, #1534, #1037 ) ;
#276 = EDGE_CURVE ( 'NONE', #682, #3080, #483, .T. ) ;
#277 = CARTESIAN_POINT ( 'NONE',  ( -10.89999999999988667, -70.90000000000004832, -8.000000000000000000 ) ) ;
#278 = DIRECTION ( 'NONE',  ( -1.000000000000000000, -0.000000000000000000, -0.000000000000000000 ) ) ;
#279 = ORIENTED_EDGE ( 'NONE', *, *, #2201, .T. ) ;
#280 = CARTESIAN_POINT ( 'NONE',  ( -1.084202172485504434E-16, 0.000000000000000000, 2.000000000000000000 ) ) ;
#281 = FACE_OUTER_BOUND ( 'NONE', #2363, .T. ) ;
#282 = VERTEX_POINT ( 'NONE', #528 ) ;
#283 = DIRECTION ( 'NONE',  ( -1.000000000000000000, 1.636531581110194670E-16, 0.000000000000000000 ) ) ;
#284 = EDGE_CURVE ( 'NONE', #397, #2814, #2660, .T. ) ;
#285 = DIRECTION ( 'NONE',  ( 1.000000000000000000, 0.000000000000000000, 0.000000000000000000 ) ) ;
#286 = ORIENTED_EDGE ( 'NONE', *, *, #1885, .T. ) ;
#287 = CARTESIAN_POINT ( 'NONE',  ( -76.50000000000012790, -4.700000000000000178, 7.200000000000000178 ) ) ;
#288 = EDGE_LOOP ( 'NONE', ( #2053, #686, #1492, #1504 ) ) ;
#289 = ORIENTED_EDGE ( 'NONE', *, *, #1833, .F. ) ;
#290 = ADVANCED_FACE ( 'NONE', ( #1510 ), #1480, .T. ) ;
#291 = LINE ( 'NONE', #2723, #2002 ) ;
#292 = EDGE_CURVE ( 'NONE', #2875, #2699, #735, .T. ) ;
#293 = CARTESIAN_POINT ( 'NONE',  ( -1.084202172485504434E-16, 0.000000000000000000, 2.000000000000000000 ) ) ;
#294 = ORIENTED_EDGE ( 'NONE', *, *, #110, .T. ) ;
#295 = VECTOR ( 'NONE', #254, 1000.000000000000000 ) ;
#296 = AXIS2_PLACEMENT_3D ( 'NONE', #19, #2919, #1180 ) ;
#297 = VECTOR ( 'NONE', #825, 1000.000000000000000 ) ;
#298 = DIRECTION ( 'NONE',  ( 0.000000000000000000, 0.000000000000000000, -1.000000000000000000 ) ) ;
#299 = AXIS2_PLACEMENT_3D ( 'NONE', #613, #1842, #630 ) ;
#300 = CARTESIAN_POINT ( 'NONE',  ( 2.800000000000002043, -79.50000000000000000, 2.000000000000000000 ) ) ;
#301 = ORIENTED_EDGE ( 'NONE', *, *, #2474, .F. ) ;
#302 = AXIS2_PLACEMENT_3D ( 'NONE', #1087, #2501, #1310 ) ;
#303 = CARTESIAN_POINT ( 'NONE',  ( -14.67256023999999748, -79.50000000000000000, 0.000000000000000000 ) ) ;
#304 = EDGE_LOOP ( 'NONE', ( #2641, #2972, #1611, #2434, #2704, #374, #2631, #3125, #787, #2500 ) ) ;
#305 = FACE_OUTER_BOUND ( 'NONE', #1064, .T. ) ;
#306 = ORIENTED_EDGE ( 'NONE', *, *, #1696, .F. ) ;
#307 = EDGE_LOOP ( 'NONE', ( #878, #1050, #868, #1408 ) ) ;
#308 = CARTESIAN_POINT ( 'NONE',  ( 1.900000000000470646, -72.50000000000005684, -8.000000000000000000 ) ) ;
#309 = EDGE_CURVE ( 'NONE', #2739, #2189, #1239, .T. ) ;
#310 = DIRECTION ( 'NONE',  ( -1.000000000000000000, 0.000000000000000000, 0.000000000000000000 ) ) ;
#311 = DIRECTION ( 'NONE',  ( -1.000000000000000000, 0.000000000000000000, 0.000000000000000000 ) ) ;
#312 = VERTEX_POINT ( 'NONE', #1464 ) ;
#313 = EDGE_CURVE ( 'NONE', #1062, #1865, #1756, .T. ) ;
#314 = DIRECTION ( 'NONE',  ( -0.000000000000000000, -0.000000000000000000, -1.000000000000000000 ) ) ;
#315 = CARTESIAN_POINT ( 'NONE',  ( -76.90000000000001990, -5.100000000000408207, -8.000000000000000000 ) ) ;
#316 = ORIENTED_EDGE ( 'NONE', *, *, #1969, .F. ) ;
#317 = DIRECTION ( 'NONE',  ( -0.000000000000000000, -0.000000000000000000, -1.000000000000000000 ) ) ;
#318 = VECTOR ( 'NONE', #1553, 1000.000000000000000 ) ;
#319 = EDGE_CURVE ( 'NONE', #2311, #2875, #2805, .T. ) ;
#320 = CYLINDRICAL_SURFACE ( 'NONE', #1051, 1.000000000000000888 ) ;
#321 = LINE ( 'NONE', #89, #1878 ) ;
#322 = LINE ( 'NONE', #1538, #2299 ) ;
#323 = EDGE_LOOP ( 'NONE', ( #1766, #184, #2575, #82 ) ) ;
#324 = VERTEX_POINT ( 'NONE', #1254 ) ;
#325 = AXIS2_PLACEMENT_3D ( 'NONE', #2459, #1017, #3131 ) ;
#326 = EDGE_CURVE ( 'NONE', #56, #214, #2956, .T. ) ;
#327 = AXIS2_PLACEMENT_3D ( 'NONE', #2193, #975, #20 ) ;
#328 = VERTEX_POINT ( 'NONE', #497 ) ;
#329 = CIRCLE ( 'NONE', #1958, 85.79999999999999716 ) ;
#330 = DIRECTION ( 'NONE',  ( -0.000000000000000000, -0.000000000000000000, -1.000000000000000000 ) ) ;
#331 = CARTESIAN_POINT ( 'NONE',  ( 35.00000000000019895, -54.77225575051652129, 2.000000000000000000 ) ) ;
#332 = EDGE_CURVE ( 'NONE', #2562, #1405, #2427, .T. ) ;
#333 = CARTESIAN_POINT ( 'NONE',  ( -1.084202172485504434E-16, 0.000000000000000000, 0.000000000000000000 ) ) ;
#334 = ORIENTED_EDGE ( 'NONE', *, *, #1321, .F. ) ;
#335 = DIRECTION ( 'NONE',  ( -0.000000000000000000, 1.000000000000000000, 0.000000000000000000 ) ) ;
#336 = LINE ( 'NONE', #101, #1801 ) ;
#337 = CARTESIAN_POINT ( 'NONE',  ( 7.199999999999998401, -79.50000000000000000, 2.000000000000000000 ) ) ;
#338 = CARTESIAN_POINT ( 'NONE',  ( -10.89999999999988667, 71.90000000000004832, -8.000000000000000000 ) ) ;
#339 = ORIENTED_EDGE ( 'NONE', *, *, #3096, .F. ) ;
#340 = ORIENTED_EDGE ( 'NONE', *, *, #2179, .T. ) ;
#341 = ORIENTED_EDGE ( 'NONE', *, *, #2582, .F. ) ;
#342 = ORIENTED_EDGE ( 'NONE', *, *, #27, .F. ) ;
#343 = ORIENTED_EDGE ( 'NONE', *, *, #107, .F. ) ;
#344 = DIRECTION ( 'NONE',  ( -0.000000000000000000, 0.000000000000000000, -1.000000000000000000 ) ) ;
#345 = FACE_OUTER_BOUND ( 'NONE', #288, .T. ) ;
#346 = ORIENTED_EDGE ( 'NONE', *, *, #546, .F. ) ;
#347 = DIRECTION ( 'NONE',  ( -0.000000000000000000, -0.000000000000000000, -1.000000000000000000 ) ) ;
#348 = DIRECTION ( 'NONE',  ( 1.000000000000000000, 0.000000000000000000, 0.000000000000000000 ) ) ;
#349 = EDGE_CURVE ( 'NONE', #1077, #873, #2238, .T. ) ;
#350 = CARTESIAN_POINT ( 'NONE',  ( -77.90000000000001990, 6.099999999999956124, 2.000000000000000000 ) ) ;
#351 = AXIS2_PLACEMENT_3D ( 'NONE', #2465, #283, #1747 ) ;
#352 = VECTOR ( 'NONE', #2287, 1000.000000000000000 ) ;
#353 = VERTEX_POINT ( 'NONE', #1740 ) ;
#354 = EDGE_CURVE ( 'NONE', #2699, #1987, #291, .T. ) ;
#355 = EDGE_LOOP ( 'NONE', ( #534, #2819, #889, #510 ) ) ;
#356 = EDGE_CURVE ( 'NONE', #1290, #56, #1528, .T. ) ;
#357 = FACE_OUTER_BOUND ( 'NONE', #1522, .T. ) ;
#358 = CARTESIAN_POINT ( 'NONE',  ( -68.81651513899119266, 7.099999999999931255, -8.000000000000000000 ) ) ;
#359 = FACE_OUTER_BOUND ( 'NONE', #1540, .T. ) ;
#360 = VERTEX_POINT ( 'NONE', #136 ) ;
#361 = CARTESIAN_POINT ( 'NONE',  ( 55.60000000000000853, 29.59999999999999076, 1.600000000000000089 ) ) ;
#362 = CARTESIAN_POINT ( 'NONE',  ( 35.00000000000019895, -54.77225575051652129, 2.000000000000000000 ) ) ;
#363 = DIRECTION ( 'NONE',  ( -0.000000000000000000, -0.000000000000000000, 1.000000000000000000 ) ) ;
#364 = VERTEX_POINT ( 'NONE', #1052 ) ;
#365 = CARTESIAN_POINT ( 'NONE',  ( 0.3000000000004717782, 71.90000000000004832, -8.000000000000000000 ) ) ;
#366 = ORIENTED_EDGE ( 'NONE', *, *, #1418, .F. ) ;
#367 = VECTOR ( 'NONE', #2239, 1000.000000000000000 ) ;
#368 = VECTOR ( 'NONE', #1725, 1000.000000000000000 ) ;
#369 = EDGE_CURVE ( 'NONE', #1393, #1646, #2328, .T. ) ;
#370 = EDGE_CURVE ( 'NONE', #663, #1125, #669, .T. ) ;
#371 = CARTESIAN_POINT ( 'NONE',  ( -17.87256024000000565, -79.50000000000000000, 2.000000000000000000 ) ) ;
#372 = FACE_BOUND ( 'NONE', #1681, .T. ) ;
#373 = CARTESIAN_POINT ( 'NONE',  ( 55.60000000000000853, 65.34737944248414010, 0.000000000000000000 ) ) ;
#374 = ORIENTED_EDGE ( 'NONE', *, *, #3008, .F. ) ;
#375 = CYLINDRICAL_SURFACE ( 'NONE', #981, 85.79999999999999716 ) ;
#376 = DIRECTION ( 'NONE',  ( 1.000000000000000000, -2.602085213965208275E-15, 0.000000000000000000 ) ) ;
#377 = EDGE_CURVE ( 'NONE', #1829, #3080, #1138, .T. ) ;
#378 = ORIENTED_EDGE ( 'NONE', *, *, #2681, .F. ) ;
#379 = DIRECTION ( 'NONE',  ( -1.000000000000000000, 0.000000000000000000, 0.000000000000000000 ) ) ;
#380 = DIRECTION ( 'NONE',  ( 0.000000000000000000, -1.000000000000000000, -0.000000000000000000 ) ) ;
#381 = ORIENTED_EDGE ( 'NONE', *, *, #1933, .F. ) ;
#382 = VECTOR ( 'NONE', #2867, 1000.000000000000000 ) ;
#383 = ORIENTED_EDGE ( 'NONE', *, *, #1485, .F. ) ;
#384 = EDGE_CURVE ( 'NONE', #174, #1020, #564, .T. ) ;
#385 = CARTESIAN_POINT ( 'NONE',  ( 55.60000000000000853, -65.34737944248414010, 0.000000000000000000 ) ) ;
#386 = ADVANCED_FACE ( 'NONE', ( #78 ), #396, .F. ) ;
#387 = CARTESIAN_POINT ( 'NONE',  ( -0.09999999999988490318, 68.70000000000005969, 7.200000000000000178 ) ) ;
#388 = DIRECTION ( 'NONE',  ( 0.000000000000000000, -0.000000000000000000, -1.000000000000000000 ) ) ;
#389 = LINE ( 'NONE', #190, #703 ) ;
#390 = ORIENTED_EDGE ( 'NONE', *, *, #1097, .T. ) ;
#391 = CARTESIAN_POINT ( 'NONE',  ( 7.199999999999998401, 79.50000000000000000, 2.000000000000000000 ) ) ;
#392 = DIRECTION ( 'NONE',  ( 1.000000000000000000, 0.000000000000000000, 0.000000000000000000 ) ) ;
#393 = ORIENTED_EDGE ( 'NONE', *, *, #2879, .F. ) ;
#394 = AXIS2_PLACEMENT_3D ( 'NONE', #1703, #2888, #2157 ) ;
#395 = FACE_OUTER_BOUND ( 'NONE', #2892, .T. ) ;
#396 = PLANE ( 'NONE',  #922 ) ;
#397 = VERTEX_POINT ( 'NONE', #2346 ) ;
#398 = AXIS2_PLACEMENT_3D ( 'NONE', #2361, #2084, #2560 ) ;
#399 = AXIS2_PLACEMENT_3D ( 'NONE', #1401, #1336, #850 ) ;
#400 = VECTOR ( 'NONE', #1940, 1000.000000000000000 ) ;
#401 = AXIS2_PLACEMENT_3D ( 'NONE', #2690, #1493, #2458 ) ;
#402 = CARTESIAN_POINT ( 'NONE',  ( 7.199999999999998401, 79.50000000000000000, 0.000000000000000000 ) ) ;
#403 = FACE_BOUND ( 'NONE', #22, .T. ) ;
#404 = LINE ( 'NONE', #2553, #1874 ) ;
#405 = PLANE ( 'NONE',  #1926 ) ;
#406 = VERTEX_POINT ( 'NONE', #1361 ) ;
#407 = DIRECTION ( 'NONE',  ( -1.000000000000000000, 0.000000000000000000, 0.000000000000000000 ) ) ;
#408 = CARTESIAN_POINT ( 'NONE',  ( 14.99999999999986500, 54.77225575051674156, 2.000000000000000000 ) ) ;
#409 = DIRECTION ( 'NONE',  ( -0.000000000000000000, -1.000000000000000000, -0.000000000000000000 ) ) ;
#410 = ORIENTED_EDGE ( 'NONE', *, *, #2896, .T. ) ;
#411 = EDGE_CURVE ( 'NONE', #2931, #185, #2135, .T. ) ;
#412 = CARTESIAN_POINT ( 'NONE',  ( -9.499999999999884537, 68.70000000000005969, 4.599999999999999645 ) ) ;
#413 = CARTESIAN_POINT ( 'NONE',  ( 55.60000000000000853, -30.60000000000000142, 1.400000000000000133 ) ) ;
#414 = ORIENTED_EDGE ( 'NONE', *, *, #3106, .T. ) ;
#415 = CIRCLE ( 'NONE', #1339, 1.600000000000004086 ) ;
#416 = ORIENTED_EDGE ( 'NONE', *, *, #377, .T. ) ;
#417 = VECTOR ( 'NONE', #1389, 1000.000000000000000 ) ;
#418 = EDGE_CURVE ( 'NONE', #1393, #974, #1032, .T. ) ;
#419 = CARTESIAN_POINT ( 'NONE',  ( -9.899999999999888445, 70.90000000000004832, -8.000000000000000000 ) ) ;
#420 = DIRECTION ( 'NONE',  ( 1.000000000000000000, 0.000000000000000000, -0.000000000000000000 ) ) ;
#421 = FACE_OUTER_BOUND ( 'NONE', #1279, .T. ) ;
#422 = PLANE ( 'NONE',  #399 ) ;
#423 = ORIENTED_EDGE ( 'NONE', *, *, #2700, .T. ) ;
#424 = DIRECTION ( 'NONE',  ( -0.000000000000000000, 0.000000000000000000, 1.000000000000000000 ) ) ;
#425 = DIRECTION ( 'NONE',  ( -0.000000000000000000, -0.000000000000000000, 1.000000000000000000 ) ) ;
#426 = EDGE_CURVE ( 'NONE', #1174, #2215, #1599, .T. ) ;
#427 = VECTOR ( 'NONE', #2415, 1000.000000000000000 ) ;
#428 = ORIENTED_EDGE ( 'NONE', *, *, #223, .F. ) ;
#429 = DIRECTION ( 'NONE',  ( 1.000000000000000000, 0.000000000000000000, 0.000000000000000000 ) ) ;
#430 = ORIENTED_EDGE ( 'NONE', *, *, #2866, .F. ) ;
#431 = EDGE_CURVE ( 'NONE', #1632, #406, #1863, .T. ) ;
#432 = EDGE_CURVE ( 'NONE', #2371, #37, #2594, .T. ) ;
#433 = ORIENTED_EDGE ( 'NONE', *, *, #1969, .T. ) ;
#434 = VECTOR ( 'NONE', #673, 1000.000000000000000 ) ;
#435 = CARTESIAN_POINT ( 'NONE',  ( -75.17200000000012494, 35.00040022628292746, 1.800000000000000044 ) ) ;
#436 = DIRECTION ( 'NONE',  ( -1.000000000000000000, 0.000000000000000000, 0.000000000000000000 ) ) ;
#437 = EDGE_LOOP ( 'NONE', ( #211, #1573, #1677, #525 ) ) ;
#438 = LINE ( 'NONE', #2169, #3138 ) ;
#439 = CARTESIAN_POINT ( 'NONE',  ( -78.50000000000001421, 6.699999999999980638, 1.000000000000000888 ) ) ;
#440 = CARTESIAN_POINT ( 'NONE',  ( -9.499999999999886313, -70.50000000000004263, 7.200000000000000178 ) ) ;
#441 = ORIENTED_EDGE ( 'NONE', *, *, #2474, .T. ) ;
#442 = ADVANCED_FACE ( 'NONE', ( #149 ), #2066, .F. ) ;
#443 = DIRECTION ( 'NONE',  ( -0.000000000000000000, -0.000000000000000000, 1.000000000000000000 ) ) ;
#444 = ORIENTED_EDGE ( 'NONE', *, *, #2934, .F. ) ;
#445 = FACE_OUTER_BOUND ( 'NONE', #500, .T. ) ;
#446 = VECTOR ( 'NONE', #103, 1000.000000000000000 ) ;
#447 = ADVANCED_FACE ( 'NONE', ( #801 ), #3078, .F. ) ;
#448 = VECTOR ( 'NONE', #941, 1000.000000000000000 ) ;
#449 = VERTEX_POINT ( 'NONE', #1152 ) ;
#450 = AXIS2_PLACEMENT_3D ( 'NONE', #2372, #2403, #970 ) ;
#451 = CIRCLE ( 'NONE', #3035, 20.00000000000000355 ) ;
#452 = ADVANCED_FACE ( 'NONE', ( #2116 ), #908, .F. ) ;
#453 = LINE ( 'NONE', #2350, #382 ) ;
#454 = CARTESIAN_POINT ( 'NONE',  ( 1.900000000000472422, 61.90000000000004832, 2.000000000000000000 ) ) ;
#455 = ORIENTED_EDGE ( 'NONE', *, *, #1754, .T. ) ;
#456 = CARTESIAN_POINT ( 'NONE',  ( 0.3000000000004717782, -70.90000000000004832, 2.000000000000000000 ) ) ;
#457 = LINE ( 'NONE', #679, #1922 ) ;
#458 = CIRCLE ( 'NONE', #2242, 20.40000000000041780 ) ;
#459 = CARTESIAN_POINT ( 'NONE',  ( -76.50000000000012790, -4.700000000000000178, 7.200000000000000178 ) ) ;
#460 = VERTEX_POINT ( 'NONE', #1124 ) ;
#461 = DIRECTION ( 'NONE',  ( -0.000000000000000000, -0.000000000000000000, -1.000000000000000000 ) ) ;
#462 = CARTESIAN_POINT ( 'NONE',  ( -74.70000000000013074, 4.700000000000000178, 7.200000000000000178 ) ) ;
#463 = ORIENTED_EDGE ( 'NONE', *, *, #158, .F. ) ;
#464 = ORIENTED_EDGE ( 'NONE', *, *, #2315, .F. ) ;
#465 = ADVANCED_FACE ( 'NONE', ( #1880 ), #2848, .F. ) ;
#466 = LINE ( 'NONE', #3130, #2992 ) ;
#467 = PLANE ( 'NONE',  #687 ) ;
#468 = LINE ( 'NONE', #206, #2659 ) ;
#469 = DIRECTION ( 'NONE',  ( 1.000000000000000000, 0.000000000000000000, 0.000000000000000000 ) ) ;
#470 = EDGE_CURVE ( 'NONE', #1646, #1850, #114, .T. ) ;
#471 = APPLICATION_PROTOCOL_DEFINITION ( 'draft international standard', 'automotive_design', 1998, #2106 ) ;
#472 = ORIENTED_EDGE ( 'NONE', *, *, #1345, .T. ) ;
#473 = CARTESIAN_POINT ( 'NONE',  ( 1.900000000000482414, 3.109410004110159547E-16, 0.000000000000000000 ) ) ;
#474 = FACE_OUTER_BOUND ( 'NONE', #824, .T. ) ;
#475 = CARTESIAN_POINT ( 'NONE',  ( 1.900000000000470646, 72.50000000000005684, 2.000000000000000000 ) ) ;
#476 = ORIENTED_EDGE ( 'NONE', *, *, #569, .T. ) ;
#477 = CYLINDRICAL_SURFACE ( 'NONE', #2740, 2.199999999999997957 ) ;
#478 = CARTESIAN_POINT ( 'NONE',  ( -74.70000000000013074, 4.700000000000000178, 4.599999999999999645 ) ) ;
#479 = ORIENTED_EDGE ( 'NONE', *, *, #2993, .F. ) ;
#480 = AXIS2_PLACEMENT_3D ( 'NONE', #1823, #344, #2538 ) ;
#481 = CARTESIAN_POINT ( 'NONE',  ( -11.49999999999988631, -61.90000000000004832, 2.000000000000000000 ) ) ;
#482 = EDGE_LOOP ( 'NONE', ( #2, #1313 ) ) ;
#483 = LINE ( 'NONE', #966, #2096 ) ;
#484 = ADVANCED_FACE ( 'NONE', ( #2253 ), #1407, .F. ) ;
#485 = DIRECTION ( 'NONE',  ( 1.000000000000000000, 0.000000000000000000, 0.000000000000000000 ) ) ;
#486 = DIRECTION ( 'NONE',  ( -0.000000000000000000, -0.000000000000000000, 1.000000000000000000 ) ) ;
#487 = ORIENTED_EDGE ( 'NONE', *, *, #1365, .T. ) ;
#488 = CARTESIAN_POINT ( 'NONE',  ( 5.000000000000000000, -79.50000000000000000, 0.000000000000000000 ) ) ;
#489 = EDGE_CURVE ( 'NONE', #271, #2596, #3094, .T. ) ;
#490 = DIRECTION ( 'NONE',  ( 1.000000000000000000, 1.387778780781444413E-14, 0.000000000000000000 ) ) ;
#491 = DIRECTION ( 'NONE',  ( 1.000000000000000000, 0.000000000000000000, 0.000000000000000000 ) ) ;
#492 = ORIENTED_EDGE ( 'NONE', *, *, #913, .T. ) ;
#493 = DIRECTION ( 'NONE',  ( -0.000000000000000000, -0.000000000000000000, -1.000000000000000000 ) ) ;
#494 = DIRECTION ( 'NONE',  ( -0.000000000000000000, -0.000000000000000000, -1.000000000000000000 ) ) ;
#495 = ORIENTED_EDGE ( 'NONE', *, *, #952, .F. ) ;
#496 = ORIENTED_EDGE ( 'NONE', *, *, #3, .F. ) ;
#497 = CARTESIAN_POINT ( 'NONE',  ( -34.77199999999985636, -35.00040022628333247, 2.000000000000000000 ) ) ;
#498 = VECTOR ( 'NONE', #2127, 1000.000000000000000 ) ;
#499 = AXIS2_PLACEMENT_3D ( 'NONE', #315, #571, #1781 ) ;
#500 = EDGE_LOOP ( 'NONE', ( #1410, #72, #616, #2544 ) ) ;
#501 = AXIS2_PLACEMENT_3D ( 'NONE', #994, #2639, #1181 ) ;
#502 = DIRECTION ( 'NONE',  ( 1.000000000000000000, -6.938893903907222067E-15, 0.000000000000000000 ) ) ;
#503 = DIRECTION ( 'NONE',  ( 0.000000000000000000, -0.000000000000000000, 1.000000000000000000 ) ) ;
#504 = ORIENTED_EDGE ( 'NONE', *, *, #1581, .F. ) ;
#505 = EDGE_CURVE ( 'NONE', #2215, #353, #1706, .T. ) ;
#506 = CARTESIAN_POINT ( 'NONE',  ( -27.99999999999997513, -29.60000000000001208, 1.600000000000000089 ) ) ;
#507 = ORIENTED_EDGE ( 'NONE', *, *, #514, .F. ) ;
#508 = FACE_OUTER_BOUND ( 'NONE', #842, .T. ) ;
#509 = EDGE_CURVE ( 'NONE', #2559, #2751, #2905, .T. ) ;
#510 = ORIENTED_EDGE ( 'NONE', *, *, #2062, .F. ) ;
#511 = VECTOR ( 'NONE', #2099, 1000.000000000000341 ) ;
#512 = DIRECTION ( 'NONE',  ( -1.000000000000000000, 0.000000000000000000, 0.000000000000000000 ) ) ;
#513 = LINE ( 'NONE', #2961, #15 ) ;
#514 = EDGE_CURVE ( 'NONE', #271, #1508, #2151, .T. ) ;
#515 = VERTEX_POINT ( 'NONE', #716 ) ;
#516 = AXIS2_PLACEMENT_3D ( 'NONE', #560, #2755, #272 ) ;
#517 = CARTESIAN_POINT ( 'NONE',  ( 34.99999999999983658, 54.77225575051674156, 1.800000000000000044 ) ) ;
#518 = CARTESIAN_POINT ( 'NONE',  ( -9.499999999999886313, -68.70000000000005969, 7.200000000000000178 ) ) ;
#519 = ORIENTED_EDGE ( 'NONE', *, *, #65, .T. ) ;
#520 = CARTESIAN_POINT ( 'NONE',  ( -0.09999999999988490318, 68.70000000000005969, 2.000000000000000000 ) ) ;
#521 = DIRECTION ( 'NONE',  ( 0.000000000000000000, 0.000000000000000000, 1.000000000000000000 ) ) ;
#522 = VERTEX_POINT ( 'NONE', #1164 ) ;
#523 = ADVANCED_FACE ( 'NONE', ( #2163 ), #3126, .F. ) ;
#524 = CARTESIAN_POINT ( 'NONE',  ( -83.43644287719845920, 20.00000000000002487, 1.000000000000000000 ) ) ;
#525 = ORIENTED_EDGE ( 'NONE', *, *, #2258, .F. ) ;
#526 = EDGE_CURVE ( 'NONE', #2487, #682, #2146, .T. ) ;
#527 = ORIENTED_EDGE ( 'NONE', *, *, #1046, .T. ) ;
#528 = CARTESIAN_POINT ( 'NONE',  ( 1.900000000000470646, -72.50000000000005684, 0.000000000000000000 ) ) ;
#529 = DIRECTION ( 'NONE',  ( 0.000000000000000000, 0.000000000000000000, 1.000000000000000000 ) ) ;
#530 = ORIENTED_EDGE ( 'NONE', *, *, #1947, .F. ) ;
#531 = CARTESIAN_POINT ( 'NONE',  ( -54.77200000000012636, 35.00040022628292746, 2.000000000000000000 ) ) ;
#532 = AXIS2_PLACEMENT_3D ( 'NONE', #1866, #688, #1398 ) ;
#533 = CARTESIAN_POINT ( 'NONE',  ( -1.084202172485504434E-16, 0.000000000000000000, 0.000000000000000000 ) ) ;
#534 = ORIENTED_EDGE ( 'NONE', *, *, #1750, .T. ) ;
#535 = FACE_OUTER_BOUND ( 'NONE', #2279, .T. ) ;
#536 = FACE_OUTER_BOUND ( 'NONE', #2195, .T. ) ;
#537 = ORIENTED_EDGE ( 'NONE', *, *, #2621, .F. ) ;
#538 = CARTESIAN_POINT ( 'NONE',  ( 55.60000000000000853, -30.60000000000000142, 2.000000000000000000 ) ) ;
#539 = EDGE_CURVE ( 'NONE', #522, #1666, #197, .T. ) ;
#540 = ORIENTED_EDGE ( 'NONE', *, *, #2818, .T. ) ;
#541 = EDGE_LOOP ( 'NONE', ( #519, #547, #463, #1755 ) ) ;
#542 = ADVANCED_FACE ( 'NONE', ( #258 ), #1691, .F. ) ;
#543 = DIRECTION ( 'NONE',  ( 1.000000000000000000, 0.000000000000000000, 0.000000000000000000 ) ) ;
#544 = FACE_OUTER_BOUND ( 'NONE', #541, .T. ) ;
#545 = FACE_OUTER_BOUND ( 'NONE', #1387, .T. ) ;
#546 = EDGE_CURVE ( 'NONE', #1106, #1578, #1645, .T. ) ;
#547 = ORIENTED_EDGE ( 'NONE', *, *, #46, .T. ) ;
#548 = VECTOR ( 'NONE', #1120, 1000.000000000000000 ) ;
#549 = AXIS2_PLACEMENT_3D ( 'NONE', #3040, #2791, #866 ) ;
#550 = VECTOR ( 'NONE', #1840, 1000.000000000000000 ) ;
#551 = DIRECTION ( 'NONE',  ( -0.000000000000000000, -0.000000000000000000, -1.000000000000000000 ) ) ;
#552 = AXIS2_PLACEMENT_3D ( 'NONE', #1812, #2079, #599 ) ;
#553 = DIRECTION ( 'NONE',  ( 0.000000000000000000, 0.000000000000000000, 1.000000000000000000 ) ) ;
#554 = ORIENTED_EDGE ( 'NONE', *, *, #1742, .F. ) ;
#555 = CARTESIAN_POINT ( 'NONE',  ( 1.300000000000471001, -70.90000000000004832, 2.000000000000000000 ) ) ;
#556 = AXIS2_PLACEMENT_3D ( 'NONE', #784, #2754, #559 ) ;
#557 = LINE ( 'NONE', #1011, #2863 ) ;
#558 = ORIENTED_EDGE ( 'NONE', *, *, #24, .F. ) ;
#559 = DIRECTION ( 'NONE',  ( 1.000000000000000000, 0.000000000000000000, 0.000000000000000000 ) ) ;
#560 = CARTESIAN_POINT ( 'NONE',  ( -0.09999999999990216715, 70.50000000000004263, 7.200000000000000178 ) ) ;
#561 = EDGE_LOOP ( 'NONE', ( #2977, #1461, #537, #226 ) ) ;
#562 = ORIENTED_EDGE ( 'NONE', *, *, #1173, .T. ) ;
#563 = DIRECTION ( 'NONE',  ( -0.000000000000000000, -0.000000000000000000, 1.000000000000000000 ) ) ;
#564 = LINE ( 'NONE', #3049, #2295 ) ;
#565 = VECTOR ( 'NONE', #677, 1000.000000000000000 ) ;
#566 = EDGE_CURVE ( 'NONE', #460, #2739, #1425, .T. ) ;
#567 = VERTEX_POINT ( 'NONE', #2860 ) ;
#568 = ORIENTED_EDGE ( 'NONE', *, *, #2315, .T. ) ;
#569 = EDGE_CURVE ( 'NONE', #1497, #1072, #1193, .T. ) ;
#570 = DIRECTION ( 'NONE',  ( -0.000000000000000000, -0.000000000000000000, -1.000000000000000000 ) ) ;
#571 = DIRECTION ( 'NONE',  ( 0.000000000000000000, 0.000000000000000000, 1.000000000000000000 ) ) ;
#572 = EDGE_LOOP ( 'NONE', ( #2523, #2478, #261, #2112 ) ) ;
#573 = DIRECTION ( 'NONE',  ( 0.000000000000000000, 0.000000000000000000, 1.000000000000000000 ) ) ;
#574 = VECTOR ( 'NONE', #2590, 1000.000000000000000 ) ;
#575 = AXIS2_PLACEMENT_3D ( 'NONE', #1119, #2556, #2341 ) ;
#576 = CARTESIAN_POINT ( 'NONE',  ( -76.90000000000001990, 6.099999999999953459, 2.000000000000000000 ) ) ;
#577 = CARTESIAN_POINT ( 'NONE',  ( 1.900000000000472422, -61.90000000000004832, 0.000000000000000000 ) ) ;
#578 = EDGE_LOOP ( 'NONE', ( #1876, #2595, #743, #2907 ) ) ;
#579 = ORIENTED_EDGE ( 'NONE', *, *, #2908, .F. ) ;
#580 = ORIENTED_EDGE ( 'NONE', *, *, #1140, .F. ) ;
#581 = AXIS2_PLACEMENT_3D ( 'NONE', #1808, #2761, #2525 ) ;
#582 = VERTEX_POINT ( 'NONE', #697 ) ;
#583 = EDGE_CURVE ( 'NONE', #2097, #1638, #1928, .T. ) ;
#584 = LINE ( 'NONE', #1836, #1560 ) ;
#585 = DIRECTION ( 'NONE',  ( 1.000000000000000000, 0.000000000000000000, 0.000000000000000000 ) ) ;
#586 = EDGE_CURVE ( 'NONE', #1219, #638, #2619, .T. ) ;
#587 = FACE_BOUND ( 'NONE', #2252, .T. ) ;
#588 = ORIENTED_EDGE ( 'NONE', *, *, #2344, .F. ) ;
#589 = DIRECTION ( 'NONE',  ( 0.000000000000000000, -0.000000000000000000, 1.000000000000000000 ) ) ;
#590 = LINE ( 'NONE', #1626, #574 ) ;
#591 = VECTOR ( 'NONE', #2566, 1000.000000000000000 ) ;
#592 = DIRECTION ( 'NONE',  ( -1.172110456741085828E-16, 1.000000000000000000, 0.000000000000000000 ) ) ;
#593 = ORIENTED_EDGE ( 'NONE', *, *, #1409, .T. ) ;
#594 = VERTEX_POINT ( 'NONE', #1944 ) ;
#595 = CARTESIAN_POINT ( 'NONE',  ( 35.00000000000019895, -54.77225575051652129, 2.000000000000000000 ) ) ;
#596 = DIRECTION ( 'NONE',  ( -0.000000000000000000, -0.000000000000000000, -1.000000000000000000 ) ) ;
#597 = LINE ( 'NONE', #1825, #2176 ) ;
#598 = ORIENTED_EDGE ( 'NONE', *, *, #800, .T. ) ;
#599 = DIRECTION ( 'NONE',  ( -1.000000000000000000, 0.000000000000000000, 0.000000000000000000 ) ) ;
#600 = VECTOR ( 'NONE', #3103, 1000.000000000000000 ) ;
#601 = CARTESIAN_POINT ( 'NONE',  ( 1.900000000000472422, -61.90000000000004832, -8.000000000000000000 ) ) ;
#602 = CARTESIAN_POINT ( 'NONE',  ( -34.77199999999985636, -35.00040022628333247, 1.800000000000000044 ) ) ;
#603 = VECTOR ( 'NONE', #2048, 1000.000000000000000 ) ;
#604 = VECTOR ( 'NONE', #1039, 1000.000000000000000 ) ;
#605 = ORIENTED_EDGE ( 'NONE', *, *, #2102, .T. ) ;
#606 = EDGE_LOOP ( 'NONE', ( #1872, #1091, #464, #3068 ) ) ;
#607 = EDGE_CURVE ( 'NONE', #1701, #919, #972, .T. ) ;
#608 = ORIENTED_EDGE ( 'NONE', *, *, #3085, .F. ) ;
#609 = ADVANCED_FACE ( 'NONE', ( #21 ), #995, .T. ) ;
#610 = CARTESIAN_POINT ( 'NONE',  ( 0.000000000000000000, 0.000000000000000000, 1.000000000000000000 ) ) ;
#611 = DIRECTION ( 'NONE',  ( -0.000000000000000000, -0.000000000000000000, -1.000000000000000000 ) ) ;
#612 = ORIENTED_EDGE ( 'NONE', *, *, #431, .T. ) ;
#613 = CARTESIAN_POINT ( 'NONE',  ( 0.3000000000004708900, 70.90000000000004832, 2.000000000000000000 ) ) ;
#614 = FACE_OUTER_BOUND ( 'NONE', #719, .T. ) ;
#615 = LINE ( 'NONE', #1828, #959 ) ;
#616 = ORIENTED_EDGE ( 'NONE', *, *, #123, .F. ) ;
#617 = EDGE_CURVE ( 'NONE', #460, #1062, #1676, .T. ) ;
#618 = CARTESIAN_POINT ( 'NONE',  ( 14.60000000000019327, -54.77225575051652129, 2.000000000000000000 ) ) ;
#619 = DIRECTION ( 'NONE',  ( -1.000000000000000000, -0.000000000000000000, -0.000000000000000000 ) ) ;
#620 = ORIENTED_EDGE ( 'NONE', *, *, #916, .T. ) ;
#621 = EDGE_CURVE ( 'NONE', #2845, #2751, #2407, .T. ) ;
#622 = VECTOR ( 'NONE', #2085, 1000.000000000000000 ) ;
#623 = AXIS2_PLACEMENT_3D ( 'NONE', #1473, #229, #1203 ) ;
#624 = CARTESIAN_POINT ( 'NONE',  ( -1.084202172485504434E-16, 0.000000000000000000, 2.000000000000000000 ) ) ;
#625 = AXIS2_PLACEMENT_3D ( 'NONE', #1796, #846, #1366 ) ;
#626 = LINE ( 'NONE', #2512, #1248 ) ;
#627 = DIRECTION ( 'NONE',  ( 1.000000000000000000, 0.000000000000000000, 0.000000000000000000 ) ) ;
#628 = CARTESIAN_POINT ( 'NONE',  ( 2.300000000000471001, 62.81651513899121397, -8.000000000000000000 ) ) ;
#629 = ORIENTED_EDGE ( 'NONE', *, *, #1373, .F. ) ;
#630 = DIRECTION ( 'NONE',  ( 1.000000000000000000, 0.000000000000000000, 0.000000000000000000 ) ) ;
#631 = DIRECTION ( 'NONE',  ( -0.000000000000000000, -0.000000000000000000, 1.000000000000000000 ) ) ;
#632 = CARTESIAN_POINT ( 'NONE',  ( -68.81651513899119266, 7.099999999999931255, 1.000000000000000888 ) ) ;
#633 = DIRECTION ( 'NONE',  ( 1.000000000000000000, 1.172110456741085828E-16, 0.000000000000000000 ) ) ;
#634 = ORIENTED_EDGE ( 'NONE', *, *, #1114, .T. ) ;
#635 = CARTESIAN_POINT ( 'NONE',  ( -9.499999999999884537, 67.70000000000004547, 4.599999999999999645 ) ) ;
#636 = CARTESIAN_POINT ( 'NONE',  ( -54.77199999999989188, -35.00040022628333247, 1.800000000000000044 ) ) ;
#637 = VERTEX_POINT ( 'NONE', #1042 ) ;
#638 = VERTEX_POINT ( 'NONE', #776 ) ;
#639 = PRODUCT_DEFINITION_SHAPE ( 'NONE', 'NONE',  #1004 ) ;
#640 = FACE_OUTER_BOUND ( 'NONE', #1201, .T. ) ;
#641 = CARTESIAN_POINT ( 'NONE',  ( -1.084202172485504434E-16, 0.000000000000000000, 2.000000000000000000 ) ) ;
#642 = CYLINDRICAL_SURFACE ( 'NONE', #1574, 20.00000000000003197 ) ;
#643 = ADVANCED_FACE ( 'NONE', ( #2949 ), #1311, .F. ) ;
#644 = FACE_OUTER_BOUND ( 'NONE', #437, .T. ) ;
#645 = ORIENTED_EDGE ( 'NONE', *, *, #526, .F. ) ;
#646 = LINE ( 'NONE', #1592, #2234 ) ;
#647 = FACE_OUTER_BOUND ( 'NONE', #2155, .T. ) ;
#648 = CYLINDRICAL_SURFACE ( 'NONE', #1620, 20.40000000000000213 ) ;
#649 = ORIENTED_EDGE ( 'NONE', *, *, #111, .F. ) ;
#650 = CIRCLE ( 'NONE', #803, 20.00000000000003197 ) ;
#651 = DIRECTION ( 'NONE',  ( 0.000000000000000000, 0.000000000000000000, -1.000000000000000000 ) ) ;
#652 = ORIENTED_EDGE ( 'NONE', *, *, #1742, .T. ) ;
#653 = VECTOR ( 'NONE', #469, 1000.000000000000000 ) ;
#654 = EDGE_CURVE ( 'NONE', #2725, #360, #2276, .T. ) ;
#655 = AXIS2_PLACEMENT_3D ( 'NONE', #2393, #694, #491 ) ;
#656 = VECTOR ( 'NONE', #262, 1000.000000000000000 ) ;
#657 = ORIENTED_EDGE ( 'NONE', *, *, #1557, .F. ) ;
#658 = DIRECTION ( 'NONE',  ( -0.000000000000000000, -0.000000000000000000, -1.000000000000000000 ) ) ;
#659 = EDGE_CURVE ( 'NONE', #1187, #1219, #458, .T. ) ;
#660 = LINE ( 'NONE', #1157, #1300 ) ;
#661 = DIRECTION ( 'NONE',  ( 1.000000000000000000, 0.000000000000000000, 0.000000000000000000 ) ) ;
#662 = DIRECTION ( 'NONE',  ( -0.000000000000000000, -0.000000000000000000, -1.000000000000000000 ) ) ;
#663 = VERTEX_POINT ( 'NONE', #576 ) ;
#664 = PRODUCT_RELATED_PRODUCT_CATEGORY ( 'part', '', ( #2061 ) ) ;
#665 = ORIENTED_EDGE ( 'NONE', *, *, #58, .F. ) ;
#666 = DIRECTION ( 'NONE',  ( -1.000000000000000000, 0.000000000000000000, 0.000000000000000000 ) ) ;
#667 = ORIENTED_EDGE ( 'NONE', *, *, #107, .T. ) ;
#668 = CARTESIAN_POINT ( 'NONE',  ( -9.899999999999888445, 71.90000000000004832, 2.000000000000000000 ) ) ;
#669 = LINE ( 'NONE', #1631, #1041 ) ;
#670 = ORIENTED_EDGE ( 'NONE', *, *, #242, .F. ) ;
#671 = CIRCLE ( 'NONE', #2351, 1.000000000000000888 ) ;
#672 = VERTEX_POINT ( 'NONE', #2716 ) ;
#673 = DIRECTION ( 'NONE',  ( -0.000000000000000000, -0.000000000000000000, 1.000000000000000000 ) ) ;
#674 = DIRECTION ( 'NONE',  ( 0.000000000000000000, 0.000000000000000000, 1.000000000000000000 ) ) ;
#675 = PRESENTATION_STYLE_ASSIGNMENT (( #1158 ) ) ;
#676 = ADVANCED_FACE ( 'NONE', ( #536 ), #1297, .T. ) ;
#677 = DIRECTION ( 'NONE',  ( -0.000000000000000000, -1.000000000000000000, -0.000000000000000000 ) ) ;
#678 = VERTEX_POINT ( 'NONE', #506 ) ;
#679 = CARTESIAN_POINT ( 'NONE',  ( 14.60000000000019327, -54.77225575051652129, 1.800000000000000044 ) ) ;
#680 = VECTOR ( 'NONE', #1514, 1000.000000000000000 ) ;
#681 = EDGE_CURVE ( 'NONE', #1653, #2469, #557, .T. ) ;
#682 = VERTEX_POINT ( 'NONE', #2226 ) ;
#683 = DIRECTION ( 'NONE',  ( 0.000000000000000000, 0.000000000000000000, 1.000000000000000000 ) ) ;
#684 = EDGE_LOOP ( 'NONE', ( #1896, #1516, #2240, #797 ) ) ;
#685 = ADVANCED_FACE ( 'NONE', ( #36 ), #2451, .F. ) ;
#686 = ORIENTED_EDGE ( 'NONE', *, *, #276, .F. ) ;
#687 = AXIS2_PLACEMENT_3D ( 'NONE', #3099, #1916, #188 ) ;
#688 = DIRECTION ( 'NONE',  ( -0.000000000000000000, -0.000000000000000000, 1.000000000000000000 ) ) ;
#689 = CARTESIAN_POINT ( 'NONE',  ( 5.000000000000000000, 79.50000000000000000, 2.000000000000000000 ) ) ;
#690 = LINE ( 'NONE', #724, #1624 ) ;
#691 = EDGE_LOOP ( 'NONE', ( #1914, #2065, #2923, #1096, #2495, #2809, #2256, #433 ) ) ;
#692 = CARTESIAN_POINT ( 'NONE',  ( -0.09999999999988490318, -68.70000000000005969, 7.200000000000000178 ) ) ;
#693 = DIRECTION ( 'NONE',  ( 1.000000000000000000, 0.000000000000000000, 0.000000000000000000 ) ) ;
#694 = DIRECTION ( 'NONE',  ( 0.000000000000000000, -0.000000000000000000, -1.000000000000000000 ) ) ;
#695 = ORIENTED_EDGE ( 'NONE', *, *, #857, .F. ) ;
#696 = LINE ( 'NONE', #1675, #1378 ) ;
#697 = CARTESIAN_POINT ( 'NONE',  ( -67.90000000000001990, 6.699999999999931788, 1.000000000000000888 ) ) ;
#698 = ORIENTED_EDGE ( 'NONE', *, *, #217, .F. ) ;
#699 = ADVANCED_FACE ( 'NONE', ( #793 ), #1765, .F. ) ;
#700 = VECTOR ( 'NONE', #2392, 1000.000000000000000 ) ;
#701 = AXIS2_PLACEMENT_3D ( 'NONE', #1679, #781, #1048 ) ;
#702 = VERTEX_POINT ( 'NONE', #2517 ) ;
#703 = VECTOR ( 'NONE', #611, 1000.000000000000000 ) ;
#704 = ADVANCED_FACE ( 'NONE', ( #53 ), #320, .T. ) ;
#705 = CIRCLE ( 'NONE', #1121, 1.000000000000000000 ) ;
#706 = VECTOR ( 'NONE', #1927, 1000.000000000000000 ) ;
#707 = DIRECTION ( 'NONE',  ( 1.000000000000000000, 0.000000000000000000, 0.000000000000000000 ) ) ;
#708 = DIRECTION ( 'NONE',  ( 0.000000000000000000, -1.000000000000000000, 0.000000000000000000 ) ) ;
#709 = LINE ( 'NONE', #3071, #2485 ) ;
#710 = ORIENTED_EDGE ( 'NONE', *, *, #546, .T. ) ;
#711 = CARTESIAN_POINT ( 'NONE',  ( -67.90000000000001990, 6.699999999999931788, 2.000000000000000000 ) ) ;
#712 = DIRECTION ( 'NONE',  ( -0.000000000000000000, -0.000000000000000000, 1.000000000000000000 ) ) ;
#713 = DIRECTION ( 'NONE',  ( -1.000000000000000000, 0.000000000000000000, 0.000000000000000000 ) ) ;
#714 = VERTEX_POINT ( 'NONE', #303 ) ;
#715 = FACE_OUTER_BOUND ( 'NONE', #1647, .T. ) ;
#716 = CARTESIAN_POINT ( 'NONE',  ( -78.50000000000001421, 6.699999999999980638, 2.000000000000000000 ) ) ;
#717 = ORIENTED_EDGE ( 'NONE', *, *, #1490, .F. ) ;
#718 = EDGE_CURVE ( 'NONE', #714, #1523, #2153, .T. ) ;
#719 = EDGE_LOOP ( 'NONE', ( #2693, #670, #593, #2720 ) ) ;
#720 = ADVANCED_FACE ( 'NONE', ( #2263 ), #88, .F. ) ;
#721 = AXIS2_PLACEMENT_3D ( 'NONE', #338, #2196, #998 ) ;
#722 = CARTESIAN_POINT ( 'NONE',  ( 1.900000000000472422, -61.90000000000004832, 2.000000000000000000 ) ) ;
#723 = DIRECTION ( 'NONE',  ( 1.000000000000000000, 0.000000000000000000, 0.000000000000000000 ) ) ;
#724 = CARTESIAN_POINT ( 'NONE',  ( -78.50000000000001421, -6.700000000000430944, -8.000000000000000000 ) ) ;
#725 = ORIENTED_EDGE ( 'NONE', *, *, #1490, .T. ) ;
#726 = FACE_OUTER_BOUND ( 'NONE', #1642, .T. ) ;
#727 = FACE_OUTER_BOUND ( 'NONE', #323, .T. ) ;
#728 = LINE ( 'NONE', #2191, #2232 ) ;
#729 = ORIENTED_EDGE ( 'NONE', *, *, #199, .T. ) ;
#730 = CARTESIAN_POINT ( 'NONE',  ( -11.49999999999988631, 61.90000000000004832, 2.000000000000000000 ) ) ;
#731 = DIRECTION ( 'NONE',  ( 1.000000000000000000, 0.000000000000000000, 0.000000000000000000 ) ) ;
#732 = VERTEX_POINT ( 'NONE', #2983 ) ;
#733 = VECTOR ( 'NONE', #596, 1000.000000000000000 ) ;
#734 = ORIENTED_EDGE ( 'NONE', *, *, #1616, .T. ) ;
#735 = LINE ( 'NONE', #277, #2551 ) ;
#736 = CIRCLE ( 'NONE', #2470, 20.40000000000000213 ) ;
#737 = CARTESIAN_POINT ( 'NONE',  ( 35.00000000000019895, -54.77225575051652129, 1.800000000000000044 ) ) ;
#738 = ORIENTED_EDGE ( 'NONE', *, *, #1090, .T. ) ;
#739 = DIRECTION ( 'NONE',  ( 1.000000000000000000, 0.000000000000000000, 0.000000000000000000 ) ) ;
#740 = ADVANCED_FACE ( 'NONE', ( #1280 ), #813, .F. ) ;
#741 = CARTESIAN_POINT ( 'NONE',  ( 2.300000000000471001, 62.81651513899121397, 2.000000000000000000 ) ) ;
#742 = DIRECTION ( 'NONE',  ( -0.000000000000000000, -1.000000000000000000, -0.000000000000000000 ) ) ;
#743 = ORIENTED_EDGE ( 'NONE', *, *, #2414, .F. ) ;
#744 = CARTESIAN_POINT ( 'NONE',  ( -27.99999999999997513, -29.60000000000001208, 1.400000000000000133 ) ) ;
#745 = ORIENTED_EDGE ( 'NONE', *, *, #1026, .F. ) ;
#746 = DIRECTION ( 'NONE',  ( -0.000000000000000000, -0.000000000000000000, -1.000000000000000000 ) ) ;
#747 = CARTESIAN_POINT ( 'NONE',  ( -9.499999999999884537, -67.70000000000004547, 4.599999999999999645 ) ) ;
#748 = EDGE_LOOP ( 'NONE', ( #2211, #540 ) ) ;
#749 = EDGE_CURVE ( 'NONE', #672, #2955, #336, .T. ) ;
#750 = FACE_BOUND ( 'NONE', #2802, .T. ) ;
#751 = CARTESIAN_POINT ( 'NONE',  ( 35.00000000000019895, -54.77225575051652129, 1.800000000000000044 ) ) ;
#752 = VECTOR ( 'NONE', #2586, 1000.000000000000000 ) ;
#753 = DIRECTION ( 'NONE',  ( 0.000000000000000000, 0.000000000000000000, 1.000000000000000000 ) ) ;
#754 = VECTOR ( 'NONE', #2433, 1000.000000000000000 ) ;
#755 = EDGE_LOOP ( 'NONE', ( #1966, #2696, #2684, #106, #969, #777 ) ) ;
#756 = EDGE_CURVE ( 'NONE', #2878, #678, #2037, .T. ) ;
#757 = LINE ( 'NONE', #1292, #295 ) ;
#758 = EDGE_CURVE ( 'NONE', #1632, #2469, #176, .T. ) ;
#759 = DIRECTION ( 'NONE',  ( 0.000000000000000000, -0.3589790793088692977, 0.9333456062030593969 ) ) ;
#760 = EDGE_LOOP ( 'NONE', ( #2031, #2441, #2047, #2446 ) ) ;
#761 = CARTESIAN_POINT ( 'NONE',  ( -54.77199999999989188, -35.00040022628333247, 1.800000000000000044 ) ) ;
#762 = CARTESIAN_POINT ( 'NONE',  ( -16.27256024000000068, -79.50000000000000000, 0.000000000000000000 ) ) ;
#763 = ORIENTED_EDGE ( 'NONE', *, *, #894, .F. ) ;
#764 = CARTESIAN_POINT ( 'NONE',  ( -0.09999999999988490318, -68.70000000000005969, 7.200000000000000178 ) ) ;
#765 = VERTEX_POINT ( 'NONE', #1609 ) ;
#766 = VECTOR ( 'NONE', #2561, 1000.000000000000000 ) ;
#767 = DIRECTION ( 'NONE',  ( -0.000000000000000000, -0.000000000000000000, -1.000000000000000000 ) ) ;
#768 = DIRECTION ( 'NONE',  ( -0.000000000000000000, -0.000000000000000000, -1.000000000000000000 ) ) ;
#769 = CYLINDRICAL_SURFACE ( 'NONE', #1289, 20.40000000000000213 ) ;
#770 = ORIENTED_EDGE ( 'NONE', *, *, #2118, .T. ) ;
#771 = AXIS2_PLACEMENT_3D ( 'NONE', #293, #30, #1741 ) ;
#772 = CARTESIAN_POINT ( 'NONE',  ( -68.81651513899124950, -7.100000000000425970, 2.000000000000000000 ) ) ;
#773 = EDGE_CURVE ( 'NONE', #1047, #2397, #1953, .T. ) ;
#774 = CARTESIAN_POINT ( 'NONE',  ( 5.000000000000000000, -79.50000000000000000, 2.000000000000000000 ) ) ;
#775 = ORIENTED_EDGE ( 'NONE', *, *, #309, .T. ) ;
#776 = CARTESIAN_POINT ( 'NONE',  ( 14.59999999999942233, 54.77225575051674156, 2.000000000000000000 ) ) ;
#777 = ORIENTED_EDGE ( 'NONE', *, *, #509, .T. ) ;
#778 = EDGE_CURVE ( 'NONE', #925, #2396, #1326, .T. ) ;
#779 = DIRECTION ( 'NONE',  ( -0.000000000000000000, 0.000000000000000000, 1.000000000000000000 ) ) ;
#780 = EDGE_LOOP ( 'NONE', ( #2793, #2014 ) ) ;
#781 = DIRECTION ( 'NONE',  ( 0.000000000000000000, 0.000000000000000000, 1.000000000000000000 ) ) ;
#782 = EDGE_LOOP ( 'NONE', ( #2564, #1474, #2788, #169, #942, #390 ) ) ;
#783 = ADVANCED_FACE ( 'NONE', ( #614 ), #3027, .F. ) ;
#784 = CARTESIAN_POINT ( 'NONE',  ( 0.3000000000004708900, 70.90000000000004832, -8.000000000000000000 ) ) ;
#785 = DIRECTION ( 'NONE',  ( 0.000000000000000000, 0.000000000000000000, 1.000000000000000000 ) ) ;
#786 = PLANE ( 'NONE',  #2043 ) ;
#787 = ORIENTED_EDGE ( 'NONE', *, *, #370, .F. ) ;
#788 = DIRECTION ( 'NONE',  ( 1.000000000000000000, 0.000000000000000000, 0.000000000000000000 ) ) ;
#789 = AXIS2_PLACEMENT_3D ( 'NONE', #751, #1967, #29 ) ;
#790 = FACE_OUTER_BOUND ( 'NONE', #860, .T. ) ;
#791 = ORIENTED_EDGE ( 'NONE', *, *, #1184, .F. ) ;
#792 = PLANE ( 'NONE',  #2125 ) ;
#793 = FACE_OUTER_BOUND ( 'NONE', #1718, .T. ) ;
#794 = VERTEX_POINT ( 'NONE', #870 ) ;
#795 = DIRECTION ( 'NONE',  ( 1.000000000000000000, 0.000000000000000000, 0.000000000000000000 ) ) ;
#796 = DIRECTION ( 'NONE',  ( 0.3589790793088692977, 0.000000000000000000, -0.9333456062030595080 ) ) ;
#797 = ORIENTED_EDGE ( 'NONE', *, *, #3046, .F. ) ;
#798 = ADVANCED_FACE ( 'NONE', ( #839 ), #1133, .T. ) ;
#799 = EDGE_LOOP ( 'NONE', ( #2329, #1730, #1214, #1212 ) ) ;
#800 = EDGE_CURVE ( 'NONE', #1125, #3025, #1827, .T. ) ;
#801 = FACE_OUTER_BOUND ( 'NONE', #2159, .T. ) ;
#802 = ORIENTED_EDGE ( 'NONE', *, *, #2338, .T. ) ;
#803 = AXIS2_PLACEMENT_3D ( 'NONE', #904, #2872, #666 ) ;
#804 = DIRECTION ( 'NONE',  ( 0.000000000000000000, 0.000000000000000000, 1.000000000000000000 ) ) ;
#805 = VECTOR ( 'NONE', #890, 1000.000000000000000 ) ;
#806 = AXIS2_PLACEMENT_3D ( 'NONE', #1590, #1115, #2188 ) ;
#807 = DIRECTION ( 'NONE',  ( -0.000000000000000000, -0.000000000000000000, 1.000000000000000000 ) ) ;
#808 = AXIS2_PLACEMENT_3D ( 'NONE', #1338, #2289, #2827 ) ;
#809 = FACE_OUTER_BOUND ( 'NONE', #2719, .T. ) ;
#810 = EDGE_LOOP ( 'NONE', ( #232, #1746 ) ) ;
#811 = CARTESIAN_POINT ( 'NONE',  ( -11.49999999999988631, -61.90000000000004832, 0.000000000000000000 ) ) ;
#812 = VECTOR ( 'NONE', #1751, 1000.000000000000000 ) ;
#813 = PLANE ( 'NONE',  #1093 ) ;
#814 = DIRECTION ( 'NONE',  ( -1.000000000000000000, -1.230300337572203632E-16, 0.000000000000000000 ) ) ;
#815 = ORIENTED_EDGE ( 'NONE', *, *, #1518, .T. ) ;
#816 = CARTESIAN_POINT ( 'NONE',  ( -14.67256023999999748, -79.50000000000000000, 2.000000000000000000 ) ) ;
#817 = ORIENTED_EDGE ( 'NONE', *, *, #2118, .F. ) ;
#818 = EDGE_CURVE ( 'NONE', #2886, #57, #329, .T. ) ;
#819 = ADVANCED_FACE ( 'NONE', ( #647 ), #2828, .F. ) ;
#820 = ORIENTED_EDGE ( 'NONE', *, *, #1711, .F. ) ;
#821 = CARTESIAN_POINT ( 'NONE',  ( -0.09999999999988490318, -70.50000000000004263, 7.200000000000000178 ) ) ;
#822 = LINE ( 'NONE', #387, #26 ) ;
#823 = CARTESIAN_POINT ( 'NONE',  ( 0.000000000000000000, 0.000000000000000000, 1.000000000000000000 ) ) ;
#824 = EDGE_LOOP ( 'NONE', ( #1258, #2192, #3142, #2506 ) ) ;
#825 = DIRECTION ( 'NONE',  ( -1.000000000000000000, -0.000000000000000000, -0.000000000000000000 ) ) ;
#826 = DIRECTION ( 'NONE',  ( 1.000000000000000000, 0.000000000000000000, 0.000000000000000000 ) ) ;
#827 = FACE_OUTER_BOUND ( 'NONE', #2855, .T. ) ;
#828 = ORIENTED_EDGE ( 'NONE', *, *, #896, .T. ) ;
#829 = EDGE_LOOP ( 'NONE', ( #717, #629 ) ) ;
#830 = AXIS2_PLACEMENT_3D ( 'NONE', #145, #3044, #1594 ) ;
#831 = CIRCLE ( 'NONE', #1142, 20.39999999999966818 ) ;
#832 = CARTESIAN_POINT ( 'NONE',  ( -0.09999999999990216715, 70.50000000000004263, 7.200000000000000178 ) ) ;
#833 = CARTESIAN_POINT ( 'NONE',  ( 1.300000000000471001, -70.90000000000004832, 0.000000000000000000 ) ) ;
#834 = EDGE_CURVE ( 'NONE', #1131, #2814, #1374, .T. ) ;
#835 = DIRECTION ( 'NONE',  ( 1.000000000000000000, 1.230300337572203632E-16, 0.000000000000000000 ) ) ;
#836 = ORIENTED_EDGE ( 'NONE', *, *, #1754, .F. ) ;
#837 = DIRECTION ( 'NONE',  ( 1.000000000000000000, 0.000000000000000000, 0.000000000000000000 ) ) ;
#838 = EDGE_CURVE ( 'NONE', #1977, #2596, #1304, .T. ) ;
#839 = FACE_OUTER_BOUND ( 'NONE', #862, .T. ) ;
#840 = CARTESIAN_POINT ( 'NONE',  ( 35.00000000000019895, -54.77225575051652129, 1.800000000000000044 ) ) ;
#841 = VERTEX_POINT ( 'NONE', #391 ) ;
#842 = EDGE_LOOP ( 'NONE', ( #1778, #2394, #775, #1570 ) ) ;
#843 = FACE_OUTER_BOUND ( 'NONE', #782, .T. ) ;
#844 = ADVANCED_FACE ( 'NONE', ( #163 ), #375, .T. ) ;
#845 = DIRECTION ( 'NONE',  ( 0.000000000000000000, -0.000000000000000000, -1.000000000000000000 ) ) ;
#846 = DIRECTION ( 'NONE',  ( -1.000000000000000000, 0.000000000000000000, -0.000000000000000000 ) ) ;
#847 = SURFACE_SIDE_STYLE ('',( #1112 ) ) ;
#848 = ADVANCED_FACE ( 'NONE', ( #2794 ), #1340, .F. ) ;
#849 = AXIS2_PLACEMENT_3D ( 'NONE', #2964, #1277, #1744 ) ;
#850 = DIRECTION ( 'NONE',  ( -1.000000000000000000, 0.000000000000000000, -0.000000000000000000 ) ) ;
#851 = VERTEX_POINT ( 'NONE', #408 ) ;
#852 = CARTESIAN_POINT ( 'NONE',  ( 55.60000000000000142, 29.60000000000000142, 1.400000000000000133 ) ) ;
#853 = VECTOR ( 'NONE', #1658, 1000.000000000000000 ) ;
#854 = VECTOR ( 'NONE', #1439, 1000.000000000000000 ) ;
#855 = CARTESIAN_POINT ( 'NONE',  ( 35.00000000000019895, -54.77225575051652129, 1.800000000000000044 ) ) ;
#856 = CARTESIAN_POINT ( 'NONE',  ( -54.77200000000012636, 35.00040022628292746, 1.800000000000000044 ) ) ;
#857 = EDGE_CURVE ( 'NONE', #460, #522, #2080, .T. ) ;
#858 = VECTOR ( 'NONE', #1209, 1000.000000000000000 ) ;
#859 = CIRCLE ( 'NONE', #3084, 85.79999999999999716 ) ;
#860 = EDGE_LOOP ( 'NONE', ( #1858, #479, #579 ) ) ;
#861 = DIRECTION ( 'NONE',  ( 0.000000000000000000, 1.000000000000000000, 0.000000000000000000 ) ) ;
#862 = EDGE_LOOP ( 'NONE', ( #507, #2199, #1363, #1426 ) ) ;
#863 = EDGE_LOOP ( 'NONE', ( #1092, #2429, #2571, #3092, #1316, #2164 ) ) ;
#864 = EDGE_LOOP ( 'NONE', ( #1236, #428, #259, #1337 ) ) ;
#865 = CARTESIAN_POINT ( 'NONE',  ( -11.49999999999989697, 1.882011318276707070E-15, 0.000000000000000000 ) ) ;
#866 = DIRECTION ( 'NONE',  ( -1.000000000000000000, 0.000000000000000000, -0.000000000000000000 ) ) ;
#867 = CARTESIAN_POINT ( 'NONE',  ( -1.084202172485504434E-16, 72.50000000000005684, 0.000000000000000000 ) ) ;
#868 = ORIENTED_EDGE ( 'NONE', *, *, #2775, .T. ) ;
#869 = DIRECTION ( 'NONE',  ( -0.000000000000000000, -0.000000000000000000, -1.000000000000000000 ) ) ;
#870 = CARTESIAN_POINT ( 'NONE',  ( -9.499999999999884537, -67.70000000000004547, 4.599999999999999645 ) ) ;
#871 = EDGE_CURVE ( 'NONE', #1187, #364, #887, .T. ) ;
#872 = PLANE ( 'NONE',  #2784 ) ;
#873 = VERTEX_POINT ( 'NONE', #1859 ) ;
#874 = EDGE_CURVE ( 'NONE', #1948, #1084, #590, .T. ) ;
#875 = DIRECTION ( 'NONE',  ( -0.000000000000000000, -0.000000000000000000, -1.000000000000000000 ) ) ;
#876 = ORIENTED_EDGE ( 'NONE', *, *, #3002, .F. ) ;
#877 = VECTOR ( 'NONE', #2443, 1000.000000000000000 ) ;
#878 = ORIENTED_EDGE ( 'NONE', *, *, #2266, .T. ) ;
#879 = EDGE_CURVE ( 'NONE', #3098, #1629, #2357, .T. ) ;
#880 = CARTESIAN_POINT ( 'NONE',  ( -9.499999999999886313, -70.50000000000004263, 7.200000000000000178 ) ) ;
#881 = VECTOR ( 'NONE', #189, 1000.000000000000000 ) ;
#882 = CARTESIAN_POINT ( 'NONE',  ( 1.300000000000471001, 62.81651513899121397, 0.000000000000000000 ) ) ;
#883 = FACE_OUTER_BOUND ( 'NONE', #901, .T. ) ;
#884 = ORIENTED_EDGE ( 'NONE', *, *, #2258, .T. ) ;
#885 = LINE ( 'NONE', #361, #603 ) ;
#886 = ADVANCED_FACE ( 'NONE', ( #1567 ), #11, .F. ) ;
#887 = LINE ( 'NONE', #2810, #121 ) ;
#888 = CARTESIAN_POINT ( 'NONE',  ( 55.40000000000019753, -54.77225575051652129, 1.800000000000000044 ) ) ;
#889 = ORIENTED_EDGE ( 'NONE', *, *, #1000, .F. ) ;
#890 = DIRECTION ( 'NONE',  ( 1.000000000000000000, 0.000000000000000000, 0.000000000000000000 ) ) ;
#891 = VECTOR ( 'NONE', #2645, 1000.000000000000000 ) ;
#892 = DIRECTION ( 'NONE',  ( -0.000000000000000000, 1.000000000000000000, -0.000000000000000000 ) ) ;
#893 = ORIENTED_EDGE ( 'NONE', *, *, #123, .T. ) ;
#894 = EDGE_CURVE ( 'NONE', #1084, #2797, #415, .T. ) ;
#895 = ORIENTED_EDGE ( 'NONE', *, *, #583, .F. ) ;
#896 = EDGE_CURVE ( 'NONE', #214, #2051, #250, .T. ) ;
#897 = CYLINDRICAL_SURFACE ( 'NONE', #532, 20.40000000000041780 ) ;
#898 = LINE ( 'NONE', #3115, #427 ) ;
#899 = PLANE ( 'NONE',  #549 ) ;
#900 = CARTESIAN_POINT ( 'NONE',  ( -16.27256024000000068, -79.50000000000000000, 2.000000000000000000 ) ) ;
#901 = EDGE_LOOP ( 'NONE', ( #2437, #2899, #657, #342 ) ) ;
#902 = CARTESIAN_POINT ( 'NONE',  ( -74.70000000000013074, -4.700000000000000178, 2.000000000000000000 ) ) ;
#903 = ORIENTED_EDGE ( 'NONE', *, *, #2904, .F. ) ;
#904 = CARTESIAN_POINT ( 'NONE',  ( -54.77199999999989188, -35.00040022628333247, 1.800000000000000044 ) ) ;
#905 = ORIENTED_EDGE ( 'NONE', *, *, #354, .F. ) ;
#906 = VECTOR ( 'NONE', #3107, 1000.000000000000000 ) ;
#907 = CARTESIAN_POINT ( 'NONE',  ( -54.77199999999989188, -35.00040022628333247, 2.000000000000000000 ) ) ;
#908 = PLANE ( 'NONE',  #66 ) ;
#909 = ORIENTED_EDGE ( 'NONE', *, *, #778, .T. ) ;
#910 = AXIS2_PLACEMENT_3D ( 'NONE', #2337, #2854, #661 ) ;
#911 = CIRCLE ( 'NONE', #1019, 1.000000000000000888 ) ;
#912 = ORIENTED_EDGE ( 'NONE', *, *, #1431, .T. ) ;
#913 = EDGE_CURVE ( 'NONE', #1028, #2906, #2203, .T. ) ;
#914 = PLANE ( 'NONE',  #2635 ) ;
#915 = CARTESIAN_POINT ( 'NONE',  ( 55.60000000000000853, -20.00000000000000355, 1.000000000000000000 ) ) ;
#916 = EDGE_CURVE ( 'NONE', #2059, #1974, #1186, .T. ) ;
#917 = CARTESIAN_POINT ( 'NONE',  ( -76.90000000000001990, 5.099999999999953459, -8.000000000000000000 ) ) ;
#918 = FACE_OUTER_BOUND ( 'NONE', #64, .T. ) ;
#919 = VERTEX_POINT ( 'NONE', #1699 ) ;
#920 = EDGE_CURVE ( 'NONE', #2995, #328, #1238, .T. ) ;
#921 = LINE ( 'NONE', #1877, #1420 ) ;
#922 = AXIS2_PLACEMENT_3D ( 'NONE', #2017, #380, #651 ) ;
#923 = ORIENTED_EDGE ( 'NONE', *, *, #313, .F. ) ;
#924 = DIRECTION ( 'NONE',  ( -0.000000000000000000, -0.3589790793088692977, -0.9333456062030593969 ) ) ;
#925 = VERTEX_POINT ( 'NONE', #1465 ) ;
#926 = VECTOR ( 'NONE', #1265, 1000.000000000000000 ) ;
#927 = ORIENTED_EDGE ( 'NONE', *, *, #2664, .F. ) ;
#928 = PLANE ( 'NONE',  #1932 ) ;
#929 = CARTESIAN_POINT ( 'NONE',  ( 0.3000000000004717782, -71.90000000000004832, 0.000000000000000000 ) ) ;
#930 = DIRECTION ( 'NONE',  ( 1.000000000000000000, 0.000000000000000000, 0.000000000000000000 ) ) ;
#931 = ORIENTED_EDGE ( 'NONE', *, *, #1462, .T. ) ;
#932 = DIRECTION ( 'NONE',  ( 1.000000000000000000, -1.636531581110194670E-16, 0.000000000000000000 ) ) ;
#933 = PLANE ( 'NONE',  #2579 ) ;
#934 = AXIS2_PLACEMENT_3D ( 'NONE', #1537, #1976, #1519 ) ;
#935 = LINE ( 'NONE', #1178, #1575 ) ;
#936 = VERTEX_POINT ( 'NONE', #984 ) ;
#937 = ADVANCED_FACE ( 'NONE', ( #1712 ), #769, .F. ) ;
#938 = LINE ( 'NONE', #1472, #253 ) ;
#939 = CARTESIAN_POINT ( 'NONE',  ( 5.000000000000000000, -79.50000000000000000, 2.000000000000000000 ) ) ;
#940 = EDGE_LOOP ( 'NONE', ( #1489, #2117, #2450, #580, #1397, #1769 ) ) ;
#941 = DIRECTION ( 'NONE',  ( 1.000000000000000000, -2.081668171172178374E-15, 0.000000000000000000 ) ) ;
#942 = ORIENTED_EDGE ( 'NONE', *, *, #2775, .F. ) ;
#943 = DIRECTION ( 'NONE',  ( -1.000000000000000000, -1.133806193448893442E-16, 0.000000000000000000 ) ) ;
#944 = ADVANCED_FACE ( 'NONE', ( #1225 ), #786, .F. ) ;
#945 = CARTESIAN_POINT ( 'NONE',  ( -9.499999999999884537, 68.70000000000005969, 4.599999999999999645 ) ) ;
#946 = CARTESIAN_POINT ( 'NONE',  ( -73.70000000000013074, 4.700000000000000178, 4.599999999999999645 ) ) ;
#947 = CARTESIAN_POINT ( 'NONE',  ( -76.50000000000012790, 4.700000000000000178, 7.200000000000000178 ) ) ;
#948 = APPLICATION_PROTOCOL_DEFINITION ( 'draft international standard', 'automotive_design', 1998, #1302 ) ;
#949 = ORIENTED_EDGE ( 'NONE', *, *, #1700, .T. ) ;
#950 = LINE ( 'NONE', #473, #400 ) ;
#951 = CARTESIAN_POINT ( 'NONE',  ( 1.300000000000471001, -62.81651513899121397, -8.000000000000000000 ) ) ;
#952 = EDGE_CURVE ( 'NONE', #3061, #1169, #3101, .T. ) ;
#953 = DIRECTION ( 'NONE',  ( -0.000000000000000000, -0.000000000000000000, -1.000000000000000000 ) ) ;
#954 = ORIENTED_EDGE ( 'NONE', *, *, #1321, .T. ) ;
#955 = DIRECTION ( 'NONE',  ( -0.3589790793088692977, 0.000000000000000000, 0.9333456062030593969 ) ) ;
#956 = DIRECTION ( 'NONE',  ( -1.000000000000000000, 0.000000000000000000, 0.000000000000000000 ) ) ;
#957 = VERTEX_POINT ( 'NONE', #2898 ) ;
#958 = EDGE_CURVE ( 'NONE', #1163, #2273, #2220, .T. ) ;
#959 = VECTOR ( 'NONE', #1134, 1000.000000000000000 ) ;
#960 = VECTOR ( 'NONE', #219, 1000.000000000000000 ) ;
#961 = VERTEX_POINT ( 'NONE', #1035 ) ;
#962 = VECTOR ( 'NONE', #1422, 1000.000000000000000 ) ;
#963 = VECTOR ( 'NONE', #2213, 1000.000000000000000 ) ;
#964 = LINE ( 'NONE', #1937, #656 ) ;
#965 = CIRCLE ( 'NONE', #501, 1.000000000000000888 ) ;
#966 = CARTESIAN_POINT ( 'NONE',  ( -9.499999999999884537, 67.70000000000004547, 4.599999999999999645 ) ) ;
#967 = CARTESIAN_POINT ( 'NONE',  ( -11.89999999999988667, -62.81651513899121397, -8.000000000000000000 ) ) ;
#968 = LINE ( 'NONE', #2662, #600 ) ;
#969 = ORIENTED_EDGE ( 'NONE', *, *, #1529, .F. ) ;
#970 = DIRECTION ( 'NONE',  ( -1.000000000000000000, 0.000000000000000000, 0.000000000000000000 ) ) ;
#971 = DIRECTION ( 'NONE',  ( 0.000000000000000000, 0.000000000000000000, 1.000000000000000000 ) ) ;
#972 = CIRCLE ( 'NONE', #2748, 2.199999999999997957 ) ;
#973 = LINE ( 'NONE', #1470, #2630 ) ;
#974 = VERTEX_POINT ( 'NONE', #1952 ) ;
#975 = DIRECTION ( 'NONE',  ( 0.000000000000000000, -1.000000000000000000, 0.000000000000000000 ) ) ;
#976 = DIRECTION ( 'NONE',  ( -1.000000000000000000, 0.000000000000000000, 0.000000000000000000 ) ) ;
#977 = ORIENTED_EDGE ( 'NONE', *, *, #319, .T. ) ;
#978 = FACE_OUTER_BOUND ( 'NONE', #1705, .T. ) ;
#979 = ORIENTED_EDGE ( 'NONE', *, *, #1090, .F. ) ;
#980 = DIRECTION ( 'NONE',  ( 1.000000000000000000, 0.000000000000000000, -0.000000000000000000 ) ) ;
#981 = AXIS2_PLACEMENT_3D ( 'NONE', #1843, #2324, #1799 ) ;
#982 = ADVANCED_FACE ( 'NONE', ( #1288 ), #2186, .T. ) ;
#983 = CARTESIAN_POINT ( 'NONE',  ( -76.90000000000001990, -6.100000000000409095, -8.000000000000000000 ) ) ;
#984 = CARTESIAN_POINT ( 'NONE',  ( -28.99999999999998579, -30.60000000000001208, 2.000000000000000000 ) ) ;
#985 = LINE ( 'NONE', #2386, #2432 ) ;
#986 = PLANE ( 'NONE',  #1478 ) ;
#987 = ORIENTED_EDGE ( 'NONE', *, *, #2076, .F. ) ;
#988 = DIRECTION ( 'NONE',  ( 1.636531581110194670E-16, 1.000000000000000000, 0.000000000000000000 ) ) ;
#989 = CARTESIAN_POINT ( 'NONE',  ( -85.80000000000001137, 0.000000000000000000, 1.000000000000000000 ) ) ;
#990 = DIRECTION ( 'NONE',  ( 1.497210463742061043E-16, 1.000000000000000000, -0.000000000000000000 ) ) ;
#991 = EDGE_LOOP ( 'NONE', ( #2620, #649, #1556, #1997 ) ) ;
#992 = VECTOR ( 'NONE', #1813, 1000.000000000000000 ) ;
#993 = EDGE_CURVE ( 'NONE', #2725, #2097, #513, .T. ) ;
#994 = CARTESIAN_POINT ( 'NONE',  ( -11.89999999999988667, -62.81651513899121397, 0.000000000000000000 ) ) ;
#995 = PLANE ( 'NONE',  #1382 ) ;
#996 = EDGE_LOOP ( 'NONE', ( #1893, #1935, #1864, #558 ) ) ;
#997 = CIRCLE ( 'NONE', #128, 2.199999999999997957 ) ;
#998 = DIRECTION ( 'NONE',  ( 0.000000000000000000, -0.000000000000000000, -1.000000000000000000 ) ) ;
#999 = ORIENTED_EDGE ( 'NONE', *, *, #2310, .T. ) ;
#1000 = EDGE_CURVE ( 'NONE', #35, #18, #42, .T. ) ;
#1001 = DIRECTION ( 'NONE',  ( 1.000000000000000000, 0.000000000000000000, 0.000000000000000000 ) ) ;
#1002 = DIRECTION ( 'NONE',  ( -0.000000000000000000, -0.000000000000000000, -1.000000000000000000 ) ) ;
#1003 = VECTOR ( 'NONE', #2851, 1000.000000000000000 ) ;
#1004 = PRODUCT_DEFINITION ( 'UNKNOWN', '', #2445, #1166 ) ;
#1005 = ADVANCED_FACE ( 'NONE', ( #545 ), #1531, .F. ) ;
#1006 = DIRECTION ( 'NONE',  ( 4.582288427108547935E-15, 1.000000000000000000, 0.000000000000000000 ) ) ;
#1007 = ORIENTED_EDGE ( 'NONE', *, *, #2873, .T. ) ;
#1008 = CARTESIAN_POINT ( 'NONE',  ( -78.50000000000001421, -6.700000000000430944, 2.000000000000000000 ) ) ;
#1009 = LINE ( 'NONE', #2930, #962 ) ;
#1010 = ORIENTED_EDGE ( 'NONE', *, *, #2439, .F. ) ;
#1011 = CARTESIAN_POINT ( 'NONE',  ( -11.49999999999988631, 61.90000000000004832, -8.000000000000000000 ) ) ;
#1012 = ORIENTED_EDGE ( 'NONE', *, *, #566, .T. ) ;
#1013 = LINE ( 'NONE', #2212, #1641 ) ;
#1014 = VERTEX_POINT ( 'NONE', #2254 ) ;
#1015 = LINE ( 'NONE', #1984, #154 ) ;
#1016 = CIRCLE ( 'NONE', #1371, 1.000000000000000888 ) ;
#1017 = DIRECTION ( 'NONE',  ( -0.000000000000000000, -0.000000000000000000, 1.000000000000000000 ) ) ;
#1018 = AXIS2_PLACEMENT_3D ( 'NONE', #488, #2389, #739 ) ;
#1019 = AXIS2_PLACEMENT_3D ( 'NONE', #632, #1375, #1973 ) ;
#1020 = VERTEX_POINT ( 'NONE', #2976 ) ;
#1021 = ADVANCED_FACE ( 'NONE', ( #843 ), #81, .F. ) ;
#1022 = PLANE ( 'NONE',  #1095 ) ;
#1023 = CARTESIAN_POINT ( 'NONE',  ( -9.499999999999886313, 68.70000000000005969, 2.000000000000000000 ) ) ;
#1024 = ORIENTED_EDGE ( 'NONE', *, *, #1140, .T. ) ;
#1025 = CARTESIAN_POINT ( 'NONE',  ( -16.27256024000000068, -79.50000000000000000, 0.000000000000000000 ) ) ;
#1026 = EDGE_CURVE ( 'NONE', #230, #1513, #1013, .T. ) ;
#1027 = DIRECTION ( 'NONE',  ( 0.000000000000000000, 0.000000000000000000, -1.000000000000000000 ) ) ;
#1028 = VERTEX_POINT ( 'NONE', #764 ) ;
#1029 = LINE ( 'NONE', #2971, #2852 ) ;
#1030 = EDGE_LOOP ( 'NONE', ( #1264, #2330, #1444, #2464 ) ) ;
#1031 = ORIENTED_EDGE ( 'NONE', *, *, #2439, .T. ) ;
#1032 = CIRCLE ( 'NONE', #2798, 20.39999999999966818 ) ;
#1033 = CARTESIAN_POINT ( 'NONE',  ( 1.900000000000472422, 61.90000000000004832, 2.000000000000000000 ) ) ;
#1034 = CARTESIAN_POINT ( 'NONE',  ( -67.90000000000007674, -6.700000000000430944, 2.000000000000000000 ) ) ;
#1035 = CARTESIAN_POINT ( 'NONE',  ( 55.60000000000000853, 20.00000000000000355, 0.000000000000000000 ) ) ;
#1036 = ORIENTED_EDGE ( 'NONE', *, *, #369, .F. ) ;
#1037 = DIRECTION ( 'NONE',  ( -1.000000000000000000, 0.000000000000000000, -0.000000000000000000 ) ) ;
#1038 = EDGE_CURVE ( 'NONE', #765, #50, #671, .T. ) ;
#1039 = DIRECTION ( 'NONE',  ( -0.000000000000000000, -0.000000000000000000, 1.000000000000000000 ) ) ;
#1040 = ORIENTED_EDGE ( 'NONE', *, *, #2803, .T. ) ;
#1041 = VECTOR ( 'NONE', #1395, 1000.000000000000000 ) ;
#1042 = CARTESIAN_POINT ( 'NONE',  ( 14.60000000000019327, -54.77225575051652129, 1.800000000000000044 ) ) ;
#1043 = ORIENTED_EDGE ( 'NONE', *, *, #1901, .F. ) ;
#1044 = DIRECTION ( 'NONE',  ( 9.637352644315615655E-15, -1.000000000000000000, 0.000000000000000000 ) ) ;
#1045 = LINE ( 'NONE', #538, #926 ) ;
#1046 = EDGE_CURVE ( 'NONE', #936, #567, #1045, .T. ) ;
#1047 = VERTEX_POINT ( 'NONE', #2937 ) ;
#1048 = DIRECTION ( 'NONE',  ( 1.000000000000000000, 0.000000000000000000, -0.000000000000000000 ) ) ;
#1049 = AXIS2_PLACEMENT_3D ( 'NONE', #331, #2271, #585 ) ;
#1050 = ORIENTED_EDGE ( 'NONE', *, *, #2782, .T. ) ;
#1051 = AXIS2_PLACEMENT_3D ( 'NONE', #2480, #2730, #2686 ) ;
#1052 = CARTESIAN_POINT ( 'NONE',  ( 55.40000000000025437, 54.77225575051674156, 2.000000000000000000 ) ) ;
#1053 = CARTESIAN_POINT ( 'NONE',  ( -76.50000000000012790, -4.700000000000000178, 7.200000000000000178 ) ) ;
#1054 = ORIENTED_EDGE ( 'NONE', *, *, #2642, .T. ) ;
#1055 = DIRECTION ( 'NONE',  ( 9.637352644315615655E-15, -1.000000000000000000, 0.000000000000000000 ) ) ;
#1056 = LINE ( 'NONE', #2526, #52 ) ;
#1057 = VERTEX_POINT ( 'NONE', #74 ) ;
#1058 = CARTESIAN_POINT ( 'NONE',  ( -1.084202172485504434E-16, 0.000000000000000000, 2.000000000000000000 ) ) ;
#1059 = ADVANCED_FACE ( 'NONE', ( #508 ), #38, .T. ) ;
#1060 = CARTESIAN_POINT ( 'NONE',  ( -10.89999999999988667, -70.90000000000004832, 2.000000000000000000 ) ) ;
#1061 = LINE ( 'NONE', #2026, #1739 ) ;
#1062 = VERTEX_POINT ( 'NONE', #2701 ) ;
#1063 = EDGE_CURVE ( 'NONE', #99, #2139, #1506, .T. ) ;
#1064 = EDGE_LOOP ( 'NONE', ( #2132, #2731 ) ) ;
#1065 = VERTEX_POINT ( 'NONE', #2986 ) ;
#1066 = VECTOR ( 'NONE', #1055, 1000.000000000000000 ) ;
#1067 = ORIENTED_EDGE ( 'NONE', *, *, #1453, .F. ) ;
#1068 = AXIS2_PLACEMENT_3D ( 'NONE', #2657, #1460, #1216 ) ;
#1069 = AXIS2_PLACEMENT_3D ( 'NONE', #1386, #2808, #2354 ) ;
#1070 = FACE_OUTER_BOUND ( 'NONE', #1963, .T. ) ;
#1071 = PLANE ( 'NONE',  #1168 ) ;
#1072 = VERTEX_POINT ( 'NONE', #2484 ) ;
#1073 = DIRECTION ( 'NONE',  ( 1.000000000000000000, 0.000000000000000000, 0.000000000000000000 ) ) ;
#1074 = VECTOR ( 'NONE', #2957, 1000.000000000000000 ) ;
#1075 = DIRECTION ( 'NONE',  ( -1.000000000000000000, -0.000000000000000000, -0.000000000000000000 ) ) ;
#1076 = CARTESIAN_POINT ( 'NONE',  ( 0.3000000000004682810, 71.90000000000004832, 2.000000000000000000 ) ) ;
#1077 = VERTEX_POINT ( 'NONE', #524 ) ;
#1078 = VERTEX_POINT ( 'NONE', #287 ) ;
#1079 = EDGE_CURVE ( 'NONE', #449, #1820, #2230, .T. ) ;
#1080 = ADVANCED_FACE ( 'NONE', ( #2951, #305 ), #55, .T. ) ;
#1081 = DIRECTION ( 'NONE',  ( 1.000000000000000000, 0.000000000000000000, 0.000000000000000000 ) ) ;
#1082 = CARTESIAN_POINT ( 'NONE',  ( 7.199999999999998401, -79.50000000000000000, 2.000000000000000000 ) ) ;
#1083 = CARTESIAN_POINT ( 'NONE',  ( -74.77199999999992031, -35.00040022628333247, 2.000000000000000000 ) ) ;
#1084 = VERTEX_POINT ( 'NONE', #2013 ) ;
#1085 = CARTESIAN_POINT ( 'NONE',  ( -9.499999999999886313, -70.50000000000004263, 7.200000000000000178 ) ) ;
#1086 = AXIS2_PLACEMENT_3D ( 'NONE', #1282, #779, #2250 ) ;
#1087 = CARTESIAN_POINT ( 'NONE',  ( -77.90000000000001990, -6.100000000000407319, -8.000000000000000000 ) ) ;
#1088 = CARTESIAN_POINT ( 'NONE',  ( -1.084202172485504434E-16, 0.000000000000000000, 0.000000000000000000 ) ) ;
#1089 = DIRECTION ( 'NONE',  ( -0.000000000000000000, -0.000000000000000000, 1.000000000000000000 ) ) ;
#1090 = EDGE_CURVE ( 'NONE', #925, #56, #1029, .T. ) ;
#1091 = ORIENTED_EDGE ( 'NONE', *, *, #2237, .T. ) ;
#1092 = ORIENTED_EDGE ( 'NONE', *, *, #313, .T. ) ;
#1093 = AXIS2_PLACEMENT_3D ( 'NONE', #2753, #2248, #71 ) ;
#1094 = ADVANCED_FACE ( 'NONE', ( #2734 ), #23, .F. ) ;
#1095 = AXIS2_PLACEMENT_3D ( 'NONE', #1259, #1989, #2944 ) ;
#1096 = ORIENTED_EDGE ( 'NONE', *, *, #958, .T. ) ;
#1097 = EDGE_CURVE ( 'NONE', #1078, #2783, #322, .T. ) ;
#1098 = DIRECTION ( 'NONE',  ( -0.000000000000000000, -0.000000000000000000, 1.000000000000000000 ) ) ;
#1099 = DIRECTION ( 'NONE',  ( 0.000000000000000000, -0.000000000000000000, -1.000000000000000000 ) ) ;
#1100 = CARTESIAN_POINT ( 'NONE',  ( -54.77200000000012636, 35.00040022628292746, 1.800000000000000044 ) ) ;
#1101 = ORIENTED_EDGE ( 'NONE', *, *, #1736, .T. ) ;
#1102 = LINE ( 'NONE', #2060, #1221 ) ;
#1103 = CARTESIAN_POINT ( 'NONE',  ( -9.899999999999888445, 71.90000000000004832, -8.000000000000000000 ) ) ;
#1104 = AXIS2_PLACEMENT_3D ( 'NONE', #1617, #3086, #2103 ) ;
#1105 = DIRECTION ( 'NONE',  ( 1.000000000000000000, 0.000000000000000000, 0.000000000000000000 ) ) ;
#1106 = VERTEX_POINT ( 'NONE', #1298 ) ;
#1107 = DIRECTION ( 'NONE',  ( -0.000000000000000000, -0.000000000000000000, 1.000000000000000000 ) ) ;
#1108 = DIRECTION ( 'NONE',  ( 0.000000000000000000, 1.000000000000000000, 0.000000000000000000 ) ) ;
#1109 = ORIENTED_EDGE ( 'NONE', *, *, #1680, .T. ) ;
#1110 = CARTESIAN_POINT ( 'NONE',  ( 0.3000000000004708900, 71.90000000000004832, 0.000000000000000000 ) ) ;
#1111 = CARTESIAN_POINT ( 'NONE',  ( -74.70000000000013074, -4.700000000000000178, 7.200000000000000178 ) ) ;
#1112 = SURFACE_STYLE_FILL_AREA ( #3055 ) ;
#1113 = VECTOR ( 'NONE', #409, 1000.000000000000000 ) ;
#1114 = EDGE_CURVE ( 'NONE', #1163, #2955, #1249, .T. ) ;
#1115 = DIRECTION ( 'NONE',  ( -1.000000000000000000, -1.636531581110194670E-16, 0.000000000000000000 ) ) ;
#1116 = EDGE_LOOP ( 'NONE', ( #1903, #2475, #2366, #1500 ) ) ;
#1117 = VECTOR ( 'NONE', #2697, 1000.000000000000000 ) ;
#1118 = CIRCLE ( 'NONE', #1822, 2.199999999999997957 ) ;
#1119 = CARTESIAN_POINT ( 'NONE',  ( -54.77199999999989188, -35.00040022628333247, 1.800000000000000044 ) ) ;
#1120 = DIRECTION ( 'NONE',  ( -0.000000000000000000, 1.000000000000000000, -0.000000000000000000 ) ) ;
#1121 = AXIS2_PLACEMENT_3D ( 'NONE', #456, #2156, #2649 ) ;
#1122 = ORIENTED_EDGE ( 'NONE', *, *, #958, .F. ) ;
#1123 = EDGE_CURVE ( 'NONE', #1174, #449, #1061, .T. ) ;
#1124 = CARTESIAN_POINT ( 'NONE',  ( -74.70000000000013074, 4.700000000000000178, 4.599999999999999645 ) ) ;
#1125 = VERTEX_POINT ( 'NONE', #1786 ) ;
#1126 = EDGE_LOOP ( 'NONE', ( #1204, #2347 ) ) ;
#1127 = DIRECTION ( 'NONE',  ( -0.000000000000000000, -0.000000000000000000, 1.000000000000000000 ) ) ;
#1128 = CARTESIAN_POINT ( 'NONE',  ( -67.90000000000007674, -6.700000000000430944, 2.000000000000000000 ) ) ;
#1129 = DIRECTION ( 'NONE',  ( -0.000000000000000000, 1.000000000000000000, -0.000000000000000000 ) ) ;
#1130 = FACE_OUTER_BOUND ( 'NONE', #1146, .T. ) ;
#1131 = VERTEX_POINT ( 'NONE', #577 ) ;
#1132 = LINE ( 'NONE', #2093, #1980 ) ;
#1133 = CYLINDRICAL_SURFACE ( 'NONE', #2911, 19.99999999999998934 ) ;
#1134 = DIRECTION ( 'NONE',  ( 0.000000000000000000, 0.000000000000000000, 1.000000000000000000 ) ) ;
#1135 = ADVANCED_FACE ( 'NONE', ( #2519 ), #2922, .F. ) ;
#1136 = VECTOR ( 'NONE', #278, 1000.000000000000000 ) ;
#1137 = ORIENTED_EDGE ( 'NONE', *, *, #2545, .T. ) ;
#1138 = LINE ( 'NONE', #1774, #511 ) ;
#1139 = ORIENTED_EDGE ( 'NONE', *, *, #2934, .T. ) ;
#1140 = EDGE_CURVE ( 'NONE', #794, #2906, #1964, .T. ) ;
#1141 = CARTESIAN_POINT ( 'NONE',  ( -34.77200000000011926, 35.00040022628292746, 1.800000000000000044 ) ) ;
#1142 = AXIS2_PLACEMENT_3D ( 'NONE', #1400, #172, #436 ) ;
#1143 = FACE_BOUND ( 'NONE', #124, .T. ) ;
#1144 = DIRECTION ( 'NONE',  ( 0.000000000000000000, -1.000000000000000000, 0.000000000000000000 ) ) ;
#1145 = DIRECTION ( 'NONE',  ( -0.000000000000000000, 0.000000000000000000, 1.000000000000000000 ) ) ;
#1146 = EDGE_LOOP ( 'NONE', ( #3033, #1689, #1795, #2652 ) ) ;
#1147 = CARTESIAN_POINT ( 'NONE',  ( -74.70000000000013074, 4.700000000000000178, 4.599999999999999645 ) ) ;
#1148 = CYLINDRICAL_SURFACE ( 'NONE', #1217, 19.99999999999997513 ) ;
#1149 = ORIENTED_EDGE ( 'NONE', *, *, #2011, .T. ) ;
#1150 = EDGE_CURVE ( 'NONE', #637, #1283, #2549, .T. ) ;
#1151 = AXIS2_PLACEMENT_3D ( 'NONE', #2285, #112, #1081 ) ;
#1152 = CARTESIAN_POINT ( 'NONE',  ( -28.99999999999998934, 30.59999999999999076, 1.400000000000000133 ) ) ;
#1153 = EDGE_LOOP ( 'NONE', ( #3020, #1362, #2880, #1908 ) ) ;
#1154 = ADVANCED_FACE ( 'NONE', ( #3028 ), #3001, .T. ) ;
#1155 = ORIENTED_EDGE ( 'NONE', *, *, #1352, .T. ) ;
#1156 = LINE ( 'NONE', #2121, #891 ) ;
#1157 = CARTESIAN_POINT ( 'NONE',  ( 55.60000000000000853, 65.34737944248414010, 0.000000000000000000 ) ) ;
#1158 = SURFACE_STYLE_USAGE ( .BOTH. , #847 ) ;
#1159 = DIRECTION ( 'NONE',  ( 1.230300337572203632E-16, -1.000000000000000000, 0.000000000000000000 ) ) ;
#1160 = ORIENTED_EDGE ( 'NONE', *, *, #2741, .T. ) ;
#1161 = CARTESIAN_POINT ( 'NONE',  ( -9.499999999999884537, -68.70000000000005969, 4.599999999999999645 ) ) ;
#1162 = LINE ( 'NONE', #1390, #498 ) ;
#1163 = VERTEX_POINT ( 'NONE', #2558 ) ;
#1164 = CARTESIAN_POINT ( 'NONE',  ( -74.70000000000013074, -4.700000000000000178, 4.599999999999999645 ) ) ;
#1165 = ORIENTED_EDGE ( 'NONE', *, *, #1569, .F. ) ;
#1166 = PRODUCT_DEFINITION_CONTEXT ( 'detailed design', #2106, 'design' ) ;
#1167 = VECTOR ( 'NONE', #1129, 1000.000000000000000 ) ;
#1168 = AXIS2_PLACEMENT_3D ( 'NONE', #533, #2260, #1564 ) ;
#1169 = VERTEX_POINT ( 'NONE', #2829 ) ;
#1170 = DIRECTION ( 'NONE',  ( 1.133806193448893442E-16, -1.000000000000000000, 0.000000000000000000 ) ) ;
#1171 = LINE ( 'NONE', #1884, #1003 ) ;
#1172 = LINE ( 'NONE', #2385, #2052 ) ;
#1173 = EDGE_CURVE ( 'NONE', #2396, #1290, #118, .T. ) ;
#1174 = VERTEX_POINT ( 'NONE', #2796 ) ;
#1175 = DIRECTION ( 'NONE',  ( -0.000000000000000000, -0.000000000000000000, -1.000000000000000000 ) ) ;
#1176 = LINE ( 'NONE', #951, #44 ) ;
#1177 = AXIS2_PLACEMENT_3D ( 'NONE', #2508, #2815, #183 ) ;
#1178 = CARTESIAN_POINT ( 'NONE',  ( 55.60000000000000853, -29.60000000000000142, 1.400000000000000133 ) ) ;
#1179 = ORIENTED_EDGE ( 'NONE', *, *, #1882, .T. ) ;
#1180 = DIRECTION ( 'NONE',  ( 1.000000000000000000, 0.000000000000000000, 0.000000000000000000 ) ) ;
#1181 = DIRECTION ( 'NONE',  ( 1.000000000000000000, 0.000000000000000000, 0.000000000000000000 ) ) ;
#1182 = CARTESIAN_POINT ( 'NONE',  ( 14.59999999999942233, 54.77225575051674156, 1.800000000000000044 ) ) ;
#1183 = VERTEX_POINT ( 'NONE', #1595 ) ;
#1184 = EDGE_CURVE ( 'NONE', #324, #99, #2482, .T. ) ;
#1185 = DIRECTION ( 'NONE',  ( 1.000000000000000000, 0.000000000000000000, 0.000000000000000000 ) ) ;
#1186 = CIRCLE ( 'NONE', #771, 85.79999999999999716 ) ;
#1187 = VERTEX_POINT ( 'NONE', #2095 ) ;
#1188 = VECTOR ( 'NONE', #1224, 1000.000000000000000 ) ;
#1189 = DIRECTION ( 'NONE',  ( -0.000000000000000000, 0.9333456062030595080, 0.3589790793088692977 ) ) ;
#1190 = CARTESIAN_POINT ( 'NONE',  ( 55.60000000000000853, -20.00000000000000355, 1.000000000000000000 ) ) ;
#1191 = EDGE_CURVE ( 'NONE', #1513, #2087, #615, .T. ) ;
#1192 = DIRECTION ( 'NONE',  ( -0.000000000000000000, 0.000000000000000000, 1.000000000000000000 ) ) ;
#1193 = CIRCLE ( 'NONE', #162, 20.00000000000003197 ) ;
#1194 = ORIENTED_EDGE ( 'NONE', *, *, #2634, .F. ) ;
#1195 = CARTESIAN_POINT ( 'NONE',  ( 1.900000000000472422, -61.90000000000004832, -8.000000000000000000 ) ) ;
#1196 = AXIS2_PLACEMENT_3D ( 'NONE', #1414, #1917, #420 ) ;
#1197 = ADVANCED_FACE ( 'NONE', ( #827 ), #648, .F. ) ;
#1198 = LINE ( 'NONE', #2170, #2836 ) ;
#1199 = AXIS2_PLACEMENT_3D ( 'NONE', #1733, #2698, #2466 ) ;
#1200 = DIRECTION ( 'NONE',  ( -0.000000000000000000, -0.000000000000000000, -1.000000000000000000 ) ) ;
#1201 = EDGE_LOOP ( 'NONE', ( #1672, #496, #2850, #2655 ) ) ;
#1202 = LINE ( 'NONE', #2161, #1532 ) ;
#1203 = DIRECTION ( 'NONE',  ( 1.000000000000000000, 0.000000000000000000, 0.000000000000000000 ) ) ;
#1204 = ORIENTED_EDGE ( 'NONE', *, *, #838, .F. ) ;
#1205 = ORIENTED_EDGE ( 'NONE', *, *, #2237, .F. ) ;
#1206 = DIRECTION ( 'NONE',  ( 1.000000000000000000, 0.000000000000000000, 0.000000000000000000 ) ) ;
#1207 = DIRECTION ( 'NONE',  ( -0.000000000000000000, 0.000000000000000000, 1.000000000000000000 ) ) ;
#1208 = ORIENTED_EDGE ( 'NONE', *, *, #583, .T. ) ;
#1209 = DIRECTION ( 'NONE',  ( 0.000000000000000000, 1.000000000000000000, 0.000000000000000000 ) ) ;
#1210 = LINE ( 'NONE', #1668, #2282 ) ;
#1211 = CARTESIAN_POINT ( 'NONE',  ( -0.09999999999988490318, -70.50000000000004263, 2.000000000000000000 ) ) ;
#1212 = ORIENTED_EDGE ( 'NONE', *, *, #1682, .F. ) ;
#1213 = CARTESIAN_POINT ( 'NONE',  ( -9.499999999999884537, 67.70000000000004547, 4.599999999999999645 ) ) ;
#1214 = ORIENTED_EDGE ( 'NONE', *, *, #681, .F. ) ;
#1215 = EDGE_CURVE ( 'NONE', #1497, #328, #2050, .T. ) ;
#1216 = DIRECTION ( 'NONE',  ( -1.000000000000000000, 0.000000000000000000, 0.000000000000000000 ) ) ;
#1217 = AXIS2_PLACEMENT_3D ( 'NONE', #517, #1498, #788 ) ;
#1218 = STYLED_ITEM ( 'NONE', ( #675 ), #2297 ) ;
#1219 = VERTEX_POINT ( 'NONE', #1327 ) ;
#1220 = VECTOR ( 'NONE', #1535, 1000.000000000000000 ) ;
#1221 = VECTOR ( 'NONE', #3026, 1000.000000000000000 ) ;
#1222 = FACE_OUTER_BOUND ( 'NONE', #2588, .T. ) ;
#1223 = VECTOR ( 'NONE', #3110, 1000.000000000000000 ) ;
#1224 = DIRECTION ( 'NONE',  ( 1.636531581110194670E-16, 1.000000000000000000, -0.000000000000000000 ) ) ;
#1225 = FACE_OUTER_BOUND ( 'NONE', #2658, .T. ) ;
#1226 = EDGE_CURVE ( 'NONE', #2123, #1125, #1525, .T. ) ;
#1227 = EDGE_LOOP ( 'NONE', ( #339, #495 ) ) ;
#1228 = CARTESIAN_POINT ( 'NONE',  ( -76.50000000000012790, -4.700000000000000178, 2.000000000000000000 ) ) ;
#1229 = CARTESIAN_POINT ( 'NONE',  ( 0.000000000000000000, 0.000000000000000000, 1.000000000000000000 ) ) ;
#1230 = CARTESIAN_POINT ( 'NONE',  ( -83.43644287719845920, 20.00000000000002487, 1.000000000000000000 ) ) ;
#1231 = VERTEX_POINT ( 'NONE', #2342 ) ;
#1232 = DIRECTION ( 'NONE',  ( -0.000000000000000000, -0.000000000000000000, 1.000000000000000000 ) ) ;
#1233 = ORIENTED_EDGE ( 'NONE', *, *, #2241, .F. ) ;
#1234 = ADVANCED_FACE ( 'NONE', ( #3015 ), #1582, .F. ) ;
#1235 = DIRECTION ( 'NONE',  ( -0.000000000000000000, -0.000000000000000000, -1.000000000000000000 ) ) ;
#1236 = ORIENTED_EDGE ( 'NONE', *, *, #1648, .F. ) ;
#1237 = FACE_BOUND ( 'NONE', #780, .T. ) ;
#1238 = CIRCLE ( 'NONE', #1946, 20.00000000000003197 ) ;
#1239 = LINE ( 'NONE', #10, #2255 ) ;
#1240 = CARTESIAN_POINT ( 'NONE',  ( -67.90000000000001990, 6.699999999999931788, -8.000000000000000000 ) ) ;
#1241 = ORIENTED_EDGE ( 'NONE', *, *, #1215, .F. ) ;
#1242 = DIRECTION ( 'NONE',  ( -0.000000000000000000, -0.000000000000000000, -1.000000000000000000 ) ) ;
#1243 = DIRECTION ( 'NONE',  ( 1.000000000000000000, 0.000000000000000000, 0.000000000000000000 ) ) ;
#1244 = CARTESIAN_POINT ( 'NONE',  ( -9.899999999999888445, -71.90000000000004832, 2.000000000000000000 ) ) ;
#1245 = EDGE_LOOP ( 'NONE', ( #150, #1587, #286, #2870, #2040, #54 ) ) ;
#1246 = CARTESIAN_POINT ( 'NONE',  ( 34.99999999999983658, 54.77225575051674156, 1.800000000000000044 ) ) ;
#1247 = ORIENTED_EDGE ( 'NONE', *, *, #2493, .F. ) ;
#1248 = VECTOR ( 'NONE', #1098, 1000.000000000000000 ) ;
#1249 = LINE ( 'NONE', #2265, #2952 ) ;
#1250 = EDGE_CURVE ( 'NONE', #2087, #1354, #1800, .T. ) ;
#1251 = ORIENTED_EDGE ( 'NONE', *, *, #2973, .F. ) ;
#1252 = ADVANCED_FACE ( 'NONE', ( #2081 ), #872, .F. ) ;
#1253 = LINE ( 'NONE', #2217, #1274 ) ;
#1254 = CARTESIAN_POINT ( 'NONE',  ( -74.77200000000013347, 35.00040022628292746, 1.800000000000000044 ) ) ;
#1255 = CIRCLE ( 'NONE', #1104, 19.99999999999997513 ) ;
#1256 = DIRECTION ( 'NONE',  ( 1.000000000000000000, 0.000000000000000000, 0.000000000000000000 ) ) ;
#1257 = ADVANCED_FACE ( 'NONE', ( #2781 ), #1844, .T. ) ;
#1258 = ORIENTED_EDGE ( 'NONE', *, *, #2247, .F. ) ;
#1259 = CARTESIAN_POINT ( 'NONE',  ( 55.60000000000000142, 30.60000000000000142, 1.400000000000000133 ) ) ;
#1260 = DIRECTION ( 'NONE',  ( 1.636531581110194670E-16, 1.000000000000000000, -0.000000000000000000 ) ) ;
#1261 = ORIENTED_EDGE ( 'NONE', *, *, #1912, .T. ) ;
#1262 = CARTESIAN_POINT ( 'NONE',  ( 54.99999999999981526, 54.77225575051674156, 2.000000000000000000 ) ) ;
#1263 = CARTESIAN_POINT ( 'NONE',  ( -11.49999999999989697, -1.882011318276707070E-15, 0.000000000000000000 ) ) ;
#1264 = ORIENTED_EDGE ( 'NONE', *, *, #1805, .F. ) ;
#1265 = DIRECTION ( 'NONE',  ( 1.000000000000000000, 1.230300337572203632E-16, -0.000000000000000000 ) ) ;
#1266 = ORIENTED_EDGE ( 'NONE', *, *, #1191, .T. ) ;
#1267 = EDGE_LOOP ( 'NONE', ( #2555, #652, #2119, #2713 ) ) ;
#1268 = AXIS2_PLACEMENT_3D ( 'NONE', #531, #2243, #1957 ) ;
#1269 = CARTESIAN_POINT ( 'NONE',  ( 55.60000000000000853, -29.60000000000000142, 1.600000000000000089 ) ) ;
#1270 = AXIS2_PLACEMENT_3D ( 'NONE', #1857, #662, #2077 ) ;
#1271 = CARTESIAN_POINT ( 'NONE',  ( 0.3000000000004708900, 70.90000000000004832, 0.000000000000000000 ) ) ;
#1272 = AXIS2_PLACEMENT_3D ( 'NONE', #208, #1920, #1955 ) ;
#1273 = DIRECTION ( 'NONE',  ( -0.000000000000000000, -0.000000000000000000, 1.000000000000000000 ) ) ;
#1274 = VECTOR ( 'NONE', #40, 1000.000000000000000 ) ;
#1275 = EDGE_LOOP ( 'NONE', ( #1779, #430 ) ) ;
#1276 = ADVANCED_FACE ( 'NONE', ( #1610 ), #1376, .F. ) ;
#1277 = DIRECTION ( 'NONE',  ( 0.000000000000000000, 0.000000000000000000, 1.000000000000000000 ) ) ;
#1278 = DIRECTION ( 'NONE',  ( -1.000000000000000000, 0.000000000000000000, -0.000000000000000000 ) ) ;
#1279 = EDGE_LOOP ( 'NONE', ( #2687, #2770, #2894, #180 ) ) ;
#1280 = FACE_OUTER_BOUND ( 'NONE', #3120, .T. ) ;
#1281 = ORIENTED_EDGE ( 'NONE', *, *, #1912, .F. ) ;
#1282 = CARTESIAN_POINT ( 'NONE',  ( 0.000000000000000000, 0.000000000000000000, 1.800000000000000044 ) ) ;
#1283 = VERTEX_POINT ( 'NONE', #888 ) ;
#1284 = ORIENTED_EDGE ( 'NONE', *, *, #1046, .F. ) ;
#1285 = EDGE_CURVE ( 'NONE', #57, #2816, #1627, .T. ) ;
#1286 = CARTESIAN_POINT ( 'NONE',  ( -9.899999999999888445, 70.90000000000004832, 0.000000000000000000 ) ) ;
#1287 = DIRECTION ( 'NONE',  ( 0.000000000000000000, -1.000000000000000000, 0.000000000000000000 ) ) ;
#1288 = FACE_OUTER_BOUND ( 'NONE', #201, .T. ) ;
#1289 = AXIS2_PLACEMENT_3D ( 'NONE', #737, #1273, #485 ) ;
#1290 = VERTEX_POINT ( 'NONE', #1076 ) ;
#1291 = ADVANCED_FACE ( 'NONE', ( #2038 ), #2113, .F. ) ;
#1292 = CARTESIAN_POINT ( 'NONE',  ( -10.89999999999988667, -71.90000000000004832, 2.000000000000000000 ) ) ;
#1293 = EDGE_CURVE ( 'NONE', #1829, #13, #3076, .T. ) ;
#1294 = CARTESIAN_POINT ( 'NONE',  ( -11.49999999999988454, 72.50000000000005684, 0.000000000000000000 ) ) ;
#1295 = ORIENTED_EDGE ( 'NONE', *, *, #284, .T. ) ;
#1296 = DIRECTION ( 'NONE',  ( -1.000000000000000000, 0.000000000000000000, 0.000000000000000000 ) ) ;
#1297 = PLANE ( 'NONE',  #2054 ) ;
#1298 = CARTESIAN_POINT ( 'NONE',  ( -9.499999999999884537, -68.70000000000005969, 4.599999999999999645 ) ) ;
#1299 = ORIENTED_EDGE ( 'NONE', *, *, #2401, .F. ) ;
#1300 = VECTOR ( 'NONE', #2585, 1000.000000000000000 ) ;
#1301 = ORIENTED_EDGE ( 'NONE', *, *, #24, .T. ) ;
#1302 = APPLICATION_CONTEXT ( 'automotive_design' ) ;
#1303 = ORIENTED_EDGE ( 'NONE', *, *, #1330, .T. ) ;
#1304 = CIRCLE ( 'NONE', #1693, 19.99999999999998934 ) ;
#1305 = CARTESIAN_POINT ( 'NONE',  ( -83.43644287719845920, 20.00000000000002487, 1.000000000000000000 ) ) ;
#1306 = PLANE ( 'NONE',  #581 ) ;
#1307 = CARTESIAN_POINT ( 'NONE',  ( -9.499999999999884537, 68.70000000000005969, 4.599999999999999645 ) ) ;
#1308 = ORIENTED_EDGE ( 'NONE', *, *, #127, .T. ) ;
#1309 = CARTESIAN_POINT ( 'NONE',  ( -14.67256023999999748, 79.50000000000000000, 2.000000000000000000 ) ) ;
#1310 = DIRECTION ( 'NONE',  ( -1.000000000000000000, 2.081668171172178374E-15, 0.000000000000000000 ) ) ;
#1311 = CYLINDRICAL_SURFACE ( 'NONE', #1832, 1.600000000000004086 ) ;
#1312 = CARTESIAN_POINT ( 'NONE',  ( 55.60000000000000853, 65.34737944248414010, 0.000000000000000000 ) ) ;
#1313 = ORIENTED_EDGE ( 'NONE', *, *, #607, .F. ) ;
#1314 = ORIENTED_EDGE ( 'NONE', *, *, #1869, .F. ) ;
#1315 = EDGE_CURVE ( 'NONE', #230, #1992, #1870, .T. ) ;
#1316 = ORIENTED_EDGE ( 'NONE', *, *, #566, .F. ) ;
#1317 = ORIENTED_EDGE ( 'NONE', *, *, #2349, .F. ) ;
#1318 = AXIS2_PLACEMENT_3D ( 'NONE', #2373, #194, #1687 ) ;
#1319 = DIRECTION ( 'NONE',  ( 0.000000000000000000, 0.000000000000000000, 1.000000000000000000 ) ) ;
#1320 = COLOUR_RGB ( '',0.7921568627450980005, 0.8196078431372548767, 0.9333333333333333481 ) ;
#1321 = EDGE_CURVE ( 'NONE', #3050, #2139, #2172, .T. ) ;
#1322 = AXIS2_PLACEMENT_3D ( 'NONE', #210, #2889, #713 ) ;
#1323 = DIRECTION ( 'NONE',  ( 0.000000000000000000, 0.000000000000000000, -1.000000000000000000 ) ) ;
#1324 = DIRECTION ( 'NONE',  ( 0.000000000000000000, 0.000000000000000000, 1.000000000000000000 ) ) ;
#1325 = ORIENTED_EDGE ( 'NONE', *, *, #2201, .F. ) ;
#1326 = LINE ( 'NONE', #1103, #992 ) ;
#1327 = CARTESIAN_POINT ( 'NONE',  ( 14.59999999999942233, 54.77225575051674156, 1.800000000000000044 ) ) ;
#1328 = ORIENTED_EDGE ( 'NONE', *, *, #411, .T. ) ;
#1329 = CARTESIAN_POINT ( 'NONE',  ( -67.90000000000001990, 6.699999999999931788, 2.000000000000000000 ) ) ;
#1330 = EDGE_CURVE ( 'NONE', #1072, #1497, #650, .T. ) ;
#1331 = ORIENTED_EDGE ( 'NONE', *, *, #2141, .T. ) ;
#1332 = EDGE_CURVE ( 'NONE', #2059, #1597, #1162, .T. ) ;
#1333 = LINE ( 'NONE', #2301, #2613 ) ;
#1334 = CYLINDRICAL_SURFACE ( 'NONE', #1505, 1.000000000000000888 ) ;
#1335 = PLANE ( 'NONE',  #2534 ) ;
#1336 = DIRECTION ( 'NONE',  ( 0.000000000000000000, 0.000000000000000000, -1.000000000000000000 ) ) ;
#1337 = ORIENTED_EDGE ( 'NONE', *, *, #2453, .T. ) ;
#1338 = CARTESIAN_POINT ( 'NONE',  ( -1.084202172485504434E-16, 0.000000000000000000, 2.000000000000000000 ) ) ;
#1339 = AXIS2_PLACEMENT_3D ( 'NONE', #2001, #2661, #1986 ) ;
#1340 = PLANE ( 'NONE',  #2758 ) ;
#1341 = DIRECTION ( 'NONE',  ( -0.000000000000000000, -0.000000000000000000, 1.000000000000000000 ) ) ;
#1342 = ORIENTED_EDGE ( 'NONE', *, *, #2678, .F. ) ;
#1343 = DIRECTION ( 'NONE',  ( -0.000000000000000000, 0.000000000000000000, 1.000000000000000000 ) ) ;
#1344 = ORIENTED_EDGE ( 'NONE', *, *, #718, .T. ) ;
#1345 = EDGE_CURVE ( 'NONE', #312, #2672, #1210, .T. ) ;
#1346 = VECTOR ( 'NONE', #3111, 1000.000000000000000 ) ;
#1347 = ORIENTED_EDGE ( 'NONE', *, *, #3023, .F. ) ;
#1348 = EDGE_CURVE ( 'NONE', #2147, #2797, #1198, .T. ) ;
#1349 = CARTESIAN_POINT ( 'NONE',  ( 55.60000000000000853, -29.60000000000000142, 1.400000000000000133 ) ) ;
#1350 = FACE_BOUND ( 'NONE', #1762, .T. ) ;
#1351 = CYLINDRICAL_SURFACE ( 'NONE', #910, 20.00000000000003197 ) ;
#1352 = EDGE_CURVE ( 'NONE', #1354, #230, #921, .T. ) ;
#1353 = CARTESIAN_POINT ( 'NONE',  ( -14.67256023999999748, -79.50000000000000000, 2.000000000000000000 ) ) ;
#1354 = VERTEX_POINT ( 'NONE', #1640 ) ;
#1355 = FACE_OUTER_BOUND ( 'NONE', #2826, .T. ) ;
#1356 = DIRECTION ( 'NONE',  ( 0.000000000000000000, -0.000000000000000000, -1.000000000000000000 ) ) ;
#1357 = AXIS2_PLACEMENT_3D ( 'NONE', #1446, #2152, #1413 ) ;
#1358 = DIRECTION ( 'NONE',  ( 0.000000000000000000, 0.000000000000000000, -1.000000000000000000 ) ) ;
#1359 = EDGE_LOOP ( 'NONE', ( #1565, #3013, #1381, #334 ) ) ;
#1360 = DIRECTION ( 'NONE',  ( 1.000000000000000000, 0.000000000000000000, 0.000000000000000000 ) ) ;
#1361 = CARTESIAN_POINT ( 'NONE',  ( -10.89999999999988667, 70.90000000000004832, 2.000000000000000000 ) ) ;
#1362 = ORIENTED_EDGE ( 'NONE', *, *, #1385, .T. ) ;
#1363 = ORIENTED_EDGE ( 'NONE', *, *, #1661, .T. ) ;
#1364 = CARTESIAN_POINT ( 'NONE',  ( 1.900000000000470646, 72.50000000000005684, 0.000000000000000000 ) ) ;
#1365 = EDGE_CURVE ( 'NONE', #2051, #1734, #2846, .T. ) ;
#1366 = DIRECTION ( 'NONE',  ( -0.000000000000000000, 0.000000000000000000, 1.000000000000000000 ) ) ;
#1367 = LINE ( 'NONE', #157, #1167 ) ;
#1368 = AXIS2_PLACEMENT_3D ( 'NONE', #1860, #2768, #376 ) ;
#1369 = LINE ( 'NONE', #2091, #2435 ) ;
#1370 = ORIENTED_EDGE ( 'NONE', *, *, #2859, .T. ) ;
#1371 = AXIS2_PLACEMENT_3D ( 'NONE', #135, #1644, #2607 ) ;
#1372 = AXIS2_PLACEMENT_3D ( 'NONE', #628, #1607, #2570 ) ;
#1373 = EDGE_CURVE ( 'NONE', #2946, #1692, #1476, .T. ) ;
#1374 = LINE ( 'NONE', #601, #417 ) ;
#1375 = DIRECTION ( 'NONE',  ( -0.000000000000000000, -0.000000000000000000, 1.000000000000000000 ) ) ;
#1376 = PLANE ( 'NONE',  #102 ) ;
#1377 = AXIS2_PLACEMENT_3D ( 'NONE', #917, #674, #930 ) ;
#1378 = VECTOR ( 'NONE', #461, 1000.000000000000000 ) ;
#1379 = ORIENTED_EDGE ( 'NONE', *, *, #2839, .T. ) ;
#1380 = CARTESIAN_POINT ( 'NONE',  ( -54.77199999999989188, -35.00040022628333247, 2.000000000000000000 ) ) ;
#1381 = ORIENTED_EDGE ( 'NONE', *, *, #1063, .T. ) ;
#1382 = AXIS2_PLACEMENT_3D ( 'NONE', #1962, #2377, #1910 ) ;
#1383 = FACE_OUTER_BOUND ( 'NONE', #1791, .T. ) ;
#1384 = DIRECTION ( 'NONE',  ( 0.000000000000000000, 0.000000000000000000, 1.000000000000000000 ) ) ;
#1385 = EDGE_CURVE ( 'NONE', #637, #2397, #457, .T. ) ;
#1386 = CARTESIAN_POINT ( 'NONE',  ( -68.81651513899124950, -7.100000000000425970, -8.000000000000000000 ) ) ;
#1387 = EDGE_LOOP ( 'NONE', ( #2235, #3104, #1031, #725 ) ) ;
#1388 = DIRECTION ( 'NONE',  ( -0.000000000000000000, -0.000000000000000000, -1.000000000000000000 ) ) ;
#1389 = DIRECTION ( 'NONE',  ( -0.000000000000000000, -0.000000000000000000, 1.000000000000000000 ) ) ;
#1390 = CARTESIAN_POINT ( 'NONE',  ( -85.79999999999999716, 0.000000000000000000, 2.000000000000000000 ) ) ;
#1391 = EDGE_CURVE ( 'NONE', #2296, #2469, #1654, .T. ) ;
#1392 = AXIS2_PLACEMENT_3D ( 'NONE', #2912, #1726, #1968 ) ;
#1393 = VERTEX_POINT ( 'NONE', #2615 ) ;
#1394 = DIRECTION ( 'NONE',  ( -0.000000000000000000, -0.000000000000000000, -1.000000000000000000 ) ) ;
#1395 = DIRECTION ( 'NONE',  ( 1.000000000000000000, -2.775557561562888984E-15, 0.000000000000000000 ) ) ;
#1396 = ORIENTED_EDGE ( 'NONE', *, *, #913, .F. ) ;
#1397 = ORIENTED_EDGE ( 'NONE', *, *, #2028, .F. ) ;
#1398 = DIRECTION ( 'NONE',  ( 1.000000000000000000, 0.000000000000000000, 0.000000000000000000 ) ) ;
#1399 = CIRCLE ( 'NONE', #3060, 19.99999999999997513 ) ;
#1400 = CARTESIAN_POINT ( 'NONE',  ( -54.77199999999989188, -35.00040022628333247, 2.000000000000000000 ) ) ;
#1401 = CARTESIAN_POINT ( 'NONE',  ( -74.70000000000013074, 4.700000000000000178, 4.599999999999999645 ) ) ;
#1402 = ORIENTED_EDGE ( 'NONE', *, *, #1330, .F. ) ;
#1403 = DIRECTION ( 'NONE',  ( -1.000000000000000000, 4.582288427108547935E-15, 0.000000000000000000 ) ) ;
#1404 = CARTESIAN_POINT ( 'NONE',  ( -54.77200000000012636, 35.00040022628292746, 2.000000000000000000 ) ) ;
#1405 = VERTEX_POINT ( 'NONE', #439 ) ;
#1406 = CARTESIAN_POINT ( 'NONE',  ( -27.99999999999997513, -29.60000000000001208, 1.400000000000000133 ) ) ;
#1407 = PLANE ( 'NONE',  #2708 ) ;
#1408 = ORIENTED_EDGE ( 'NONE', *, *, #2962, .T. ) ;
#1409 = EDGE_CURVE ( 'NONE', #1283, #1047, #2901, .T. ) ;
#1410 = ORIENTED_EDGE ( 'NONE', *, *, #3030, .T. ) ;
#1411 = ADVANCED_FACE ( 'NONE', ( #474 ), #2650, .F. ) ;
#1412 = CARTESIAN_POINT ( 'NONE',  ( -28.99999999999998579, -30.60000000000001208, 1.400000000000000133 ) ) ;
#1413 = DIRECTION ( 'NONE',  ( 0.000000000000000000, 0.000000000000000000, -1.000000000000000000 ) ) ;
#1414 = CARTESIAN_POINT ( 'NONE',  ( -54.77200000000012636, 35.00040022628292746, 1.800000000000000044 ) ) ;
#1415 = CARTESIAN_POINT ( 'NONE',  ( -27.99999999999998224, -29.60000000000000142, 1.600000000000000089 ) ) ;
#1416 = EDGE_LOOP ( 'NONE', ( #1247, #1205, #1720, #3038 ) ) ;
#1417 = LINE ( 'NONE', #14, #2633 ) ;
#1418 = EDGE_CURVE ( 'NONE', #3098, #1798, #1176, .T. ) ;
#1419 = CARTESIAN_POINT ( 'NONE',  ( 55.40000000000019753, -54.77225575051652129, 1.800000000000000044 ) ) ;
#1420 = VECTOR ( 'NONE', #2636, 1000.000000000000000 ) ;
#1421 = VECTOR ( 'NONE', #1360, 1000.000000000000000 ) ;
#1422 = DIRECTION ( 'NONE',  ( 0.000000000000000000, -1.000000000000000000, 0.000000000000000000 ) ) ;
#1423 = ORIENTED_EDGE ( 'NONE', *, *, #2310, .F. ) ;
#1424 = PLANE ( 'NONE',  #327 ) ;
#1425 = LINE ( 'NONE', #478, #79 ) ;
#1426 = ORIENTED_EDGE ( 'NONE', *, *, #2472, .F. ) ;
#1427 = CIRCLE ( 'NONE', #450, 1.600000000000004086 ) ;
#1428 = VECTOR ( 'NONE', #2997, 1000.000000000000000 ) ;
#1429 = ADVANCED_FACE ( 'NONE', ( #727 ), #933, .F. ) ;
#1430 = ORIENTED_EDGE ( 'NONE', *, *, #3046, .T. ) ;
#1431 = EDGE_CURVE ( 'NONE', #2906, #130, #1921, .T. ) ;
#1432 = FACE_BOUND ( 'NONE', #2861, .T. ) ;
#1433 = CARTESIAN_POINT ( 'NONE',  ( -76.50000000000012790, -4.700000000000000178, 2.000000000000000000 ) ) ;
#1434 = FACE_OUTER_BOUND ( 'NONE', #7, .T. ) ;
#1435 = ORIENTED_EDGE ( 'NONE', *, *, #1348, .F. ) ;
#1436 = CARTESIAN_POINT ( 'NONE',  ( -76.90000000000001990, 6.099999999999953459, 1.000000000000000000 ) ) ;
#1437 = DIRECTION ( 'NONE',  ( 1.000000000000000000, 0.000000000000000000, 0.000000000000000000 ) ) ;
#1438 = VECTOR ( 'NONE', #892, 1000.000000000000000 ) ;
#1439 = DIRECTION ( 'NONE',  ( 1.000000000000000000, 0.000000000000000000, 0.000000000000000000 ) ) ;
#1440 = ORIENTED_EDGE ( 'NONE', *, *, #2005, .T. ) ;
#1441 = DIRECTION ( 'NONE',  ( -1.000000000000000000, 0.000000000000000000, 0.000000000000000000 ) ) ;
#1442 = DIRECTION ( 'NONE',  ( -0.000000000000000000, -0.000000000000000000, -1.000000000000000000 ) ) ;
#1443 = ORIENTED_EDGE ( 'NONE', *, *, #1816, .T. ) ;
#1444 = ORIENTED_EDGE ( 'NONE', *, *, #2380, .F. ) ;
#1445 = VECTOR ( 'NONE', #768, 1000.000000000000000 ) ;
#1446 = CARTESIAN_POINT ( 'NONE',  ( -10.89999999999988667, -71.90000000000004832, -8.000000000000000000 ) ) ;
#1447 = ADVANCED_FACE ( 'NONE', ( #178 ), #1148, .T. ) ;
#1448 = CARTESIAN_POINT ( 'NONE',  ( -28.99999999999998579, -30.60000000000001208, 1.400000000000000133 ) ) ;
#1449 = AXIS2_PLACEMENT_3D ( 'NONE', #2669, #956, #2424 ) ;
#1450 = ORIENTED_EDGE ( 'NONE', *, *, #2799, .F. ) ;
#1451 = CARTESIAN_POINT ( 'NONE',  ( -85.79999999999999716, 0.000000000000000000, 2.000000000000000000 ) ) ;
#1452 = AXIS2_PLACEMENT_3D ( 'NONE', #2665, #298, #2928 ) ;
#1453 = EDGE_CURVE ( 'NONE', #1014, #2487, #1716, .T. ) ;
#1454 = DIRECTION ( 'NONE',  ( -1.000000000000000000, -1.245016848787182505E-16, 0.000000000000000000 ) ) ;
#1455 = CARTESIAN_POINT ( 'NONE',  ( 2.300000000000471001, -62.81651513899121397, 0.000000000000000000 ) ) ;
#1456 = ORIENTED_EDGE ( 'NONE', *, *, #1293, .F. ) ;
#1457 = FACE_OUTER_BOUND ( 'NONE', #1267, .T. ) ;
#1458 = CARTESIAN_POINT ( 'NONE',  ( 2.300000000000471001, -62.81651513899121397, -8.000000000000000000 ) ) ;
#1459 = VERTEX_POINT ( 'NONE', #1008 ) ;
#1460 = DIRECTION ( 'NONE',  ( -0.000000000000000000, 0.000000000000000000, 1.000000000000000000 ) ) ;
#1461 = ORIENTED_EDGE ( 'NONE', *, *, #2401, .T. ) ;
#1462 = EDGE_CURVE ( 'NONE', #2371, #567, #267, .T. ) ;
#1463 = FACE_BOUND ( 'NONE', #2326, .T. ) ;
#1464 = CARTESIAN_POINT ( 'NONE',  ( -68.81651513899124950, -6.100000000000425970, 2.000000000000000000 ) ) ;
#1465 = CARTESIAN_POINT ( 'NONE',  ( -9.899999999999888445, 71.90000000000004832, 0.000000000000000000 ) ) ;
#1466 = CARTESIAN_POINT ( 'NONE',  ( 1.300000000000471001, -71.90000000000004832, 2.000000000000000000 ) ) ;
#1467 = ORIENTED_EDGE ( 'NONE', *, *, #654, .F. ) ;
#1468 = EDGE_CURVE ( 'NONE', #2039, #3079, #2228, .T. ) ;
#1469 = LINE ( 'NONE', #2206, #2862 ) ;
#1470 = CARTESIAN_POINT ( 'NONE',  ( -9.499999999999886313, -70.50000000000004263, 2.000000000000000000 ) ) ;
#1471 = EDGE_LOOP ( 'NONE', ( #3004, #2233, #381, #2355 ) ) ;
#1472 = CARTESIAN_POINT ( 'NONE',  ( -11.49999999999988454, 72.50000000000005684, -8.000000000000000000 ) ) ;
#1473 = CARTESIAN_POINT ( 'NONE',  ( 35.00000000000019895, -54.77225575051652129, 1.800000000000000044 ) ) ;
#1474 = ORIENTED_EDGE ( 'NONE', *, *, #1680, .F. ) ;
#1475 = DIRECTION ( 'NONE',  ( 1.000000000000000000, 0.000000000000000000, 0.000000000000000000 ) ) ;
#1476 = CIRCLE ( 'NONE', #2069, 20.40000000000000213 ) ;
#1477 = ORIENTED_EDGE ( 'NONE', *, *, #2042, .F. ) ;
#1478 = AXIS2_PLACEMENT_3D ( 'NONE', #1902, #1918, #3119 ) ;
#1479 = AXIS2_PLACEMENT_3D ( 'NONE', #1286, #2706, #543 ) ;
#1480 = CYLINDRICAL_SURFACE ( 'NONE', #1845, 85.79999999999999716 ) ;
#1481 = DIRECTION ( 'NONE',  ( -0.000000000000000000, -0.000000000000000000, -1.000000000000000000 ) ) ;
#1482 = ORIENTED_EDGE ( 'NONE', *, *, #1097, .F. ) ;
#1483 = DIRECTION ( 'NONE',  ( -1.000000000000000000, 0.000000000000000000, 0.000000000000000000 ) ) ;
#1484 = DIRECTION ( 'NONE',  ( -0.000000000000000000, -0.000000000000000000, 1.000000000000000000 ) ) ;
#1485 = EDGE_CURVE ( 'NONE', #1405, #515, #2679, .T. ) ;
#1486 = CARTESIAN_POINT ( 'NONE',  ( 0.3000000000004682810, -71.90000000000004832, 2.000000000000000000 ) ) ;
#1487 = ORIENTED_EDGE ( 'NONE', *, *, #681, .T. ) ;
#1488 = DIRECTION ( 'NONE',  ( 1.636531581110194670E-16, -1.000000000000000000, 0.000000000000000000 ) ) ;
#1489 = ORIENTED_EDGE ( 'NONE', *, *, #2879, .T. ) ;
#1490 = EDGE_CURVE ( 'NONE', #1692, #2946, #2431, .T. ) ;
#1491 = DIRECTION ( 'NONE',  ( 0.000000000000000000, -0.000000000000000000, 1.000000000000000000 ) ) ;
#1492 = ORIENTED_EDGE ( 'NONE', *, *, #2076, .T. ) ;
#1493 = DIRECTION ( 'NONE',  ( -0.000000000000000000, 0.000000000000000000, 1.000000000000000000 ) ) ;
#1494 = AXIS2_PLACEMENT_3D ( 'NONE', #967, #529, #2675 ) ;
#1495 = CARTESIAN_POINT ( 'NONE',  ( -77.90000000000001990, 5.099999999999953459, 1.000000000000000000 ) ) ;
#1496 = DIRECTION ( 'NONE',  ( -0.000000000000000000, -0.000000000000000000, 1.000000000000000000 ) ) ;
#1497 = VERTEX_POINT ( 'NONE', #2726 ) ;
#1498 = DIRECTION ( 'NONE',  ( -0.000000000000000000, -0.000000000000000000, 1.000000000000000000 ) ) ;
#1499 = LINE ( 'NONE', #2727, #2071 ) ;
#1500 = ORIENTED_EDGE ( 'NONE', *, *, #2298, .F. ) ;
#1501 = PLANE ( 'NONE',  #351 ) ;
#1502 = VECTOR ( 'NONE', #1719, 1000.000000000000000 ) ;
#1503 = DIRECTION ( 'NONE',  ( 1.000000000000000000, 0.000000000000000000, 0.000000000000000000 ) ) ;
#1504 = ORIENTED_EDGE ( 'NONE', *, *, #223, .T. ) ;
#1505 = AXIS2_PLACEMENT_3D ( 'NONE', #358, #1576, #125 ) ;
#1506 = LINE ( 'NONE', #1521, #2455 ) ;
#1507 = ORIENTED_EDGE ( 'NONE', *, *, #920, .F. ) ;
#1508 = VERTEX_POINT ( 'NONE', #2915 ) ;
#1509 = EDGE_CURVE ( 'NONE', #2224, #2059, #3031, .T. ) ;
#1510 = FACE_OUTER_BOUND ( 'NONE', #1245, .T. ) ;
#1511 = AXIS2_PLACEMENT_3D ( 'NONE', #624, #804, #2773 ) ;
#1512 = CARTESIAN_POINT ( 'NONE',  ( 55.60000000000000142, 29.60000000000000142, 1.400000000000000133 ) ) ;
#1513 = VERTEX_POINT ( 'NONE', #2222 ) ;
#1514 = DIRECTION ( 'NONE',  ( -0.000000000000000000, -0.000000000000000000, 1.000000000000000000 ) ) ;
#1515 = DIRECTION ( 'NONE',  ( 0.000000000000000000, 0.000000000000000000, -1.000000000000000000 ) ) ;
#1516 = ORIENTED_EDGE ( 'NONE', *, *, #2799, .T. ) ;
#1517 = DIRECTION ( 'NONE',  ( 0.000000000000000000, 1.000000000000000000, 0.000000000000000000 ) ) ;
#1518 = EDGE_CURVE ( 'NONE', #2789, #2785, #757, .T. ) ;
#1519 = DIRECTION ( 'NONE',  ( 0.000000000000000000, 0.000000000000000000, 1.000000000000000000 ) ) ;
#1520 = ORIENTED_EDGE ( 'NONE', *, *, #749, .T. ) ;
#1521 = CARTESIAN_POINT ( 'NONE',  ( -34.77200000000011926, 35.00040022628292746, 1.800000000000000044 ) ) ;
#1522 = EDGE_LOOP ( 'NONE', ( #2936, #1507 ) ) ;
#1523 = VERTEX_POINT ( 'NONE', #2190 ) ;
#1524 = EDGE_CURVE ( 'NONE', #1723, #1734, #2461, .T. ) ;
#1525 = CIRCLE ( 'NONE', #1368, 1.000000000000000888 ) ;
#1526 = VECTOR ( 'NONE', #1763, 1000.000000000000000 ) ;
#1527 = CIRCLE ( 'NONE', #1724, 85.80000000000001137 ) ;
#1528 = LINE ( 'NONE', #365, #3053 ) ;
#1529 = EDGE_CURVE ( 'NONE', #2559, #1028, #2979, .T. ) ;
#1530 = VECTOR ( 'NONE', #2856, 1000.000000000000000 ) ;
#1531 = CYLINDRICAL_SURFACE ( 'NONE', #266, 20.40000000000000213 ) ;
#1532 = VECTOR ( 'NONE', #955, 1000.000000000000341 ) ;
#1533 = ORIENTED_EDGE ( 'NONE', *, *, #2621, .T. ) ;
#1534 = DIRECTION ( 'NONE',  ( 0.000000000000000000, 0.000000000000000000, -1.000000000000000000 ) ) ;
#1535 = DIRECTION ( 'NONE',  ( 1.000000000000000000, -1.497210463742060797E-16, 0.000000000000000000 ) ) ;
#1536 = ORIENTED_EDGE ( 'NONE', *, *, #332, .F. ) ;
#1537 = CARTESIAN_POINT ( 'NONE',  ( -74.70000000000013074, -4.700000000000000178, 7.200000000000000178 ) ) ;
#1538 = CARTESIAN_POINT ( 'NONE',  ( -76.50000000000012790, -4.700000000000000178, 7.200000000000000178 ) ) ;
#1539 = ORIENTED_EDGE ( 'NONE', *, *, #1529, .T. ) ;
#1540 = EDGE_LOOP ( 'NONE', ( #3047, #1208, #1600, #1467 ) ) ;
#1541 = FACE_OUTER_BOUND ( 'NONE', #1275, .T. ) ;
#1542 = DIRECTION ( 'NONE',  ( -1.000000000000000000, 0.000000000000000000, 0.000000000000000000 ) ) ;
#1543 = AXIS2_PLACEMENT_3D ( 'NONE', #2309, #2574, #2529 ) ;
#1544 = ORIENTED_EDGE ( 'NONE', *, *, #1682, .T. ) ;
#1545 = ORIENTED_EDGE ( 'NONE', *, *, #369, .T. ) ;
#1546 = CARTESIAN_POINT ( 'NONE',  ( -11.49999999999988454, -72.50000000000005684, 2.000000000000000000 ) ) ;
#1547 = CARTESIAN_POINT ( 'NONE',  ( -27.99999999999998224, 29.59999999999999076, 1.600000000000000089 ) ) ;
#1548 = ORIENTED_EDGE ( 'NONE', *, *, #431, .F. ) ;
#1549 = DIRECTION ( 'NONE',  ( -9.592177553795387355E-15, 1.000000000000000000, -0.000000000000000000 ) ) ;
#1550 = ADVANCED_FACE ( 'NONE', ( #47 ), #1022, .F. ) ;
#1551 = DIRECTION ( 'NONE',  ( -0.000000000000000000, -0.000000000000000000, 1.000000000000000000 ) ) ;
#1552 = DIRECTION ( 'NONE',  ( -0.000000000000000000, -0.000000000000000000, 1.000000000000000000 ) ) ;
#1553 = DIRECTION ( 'NONE',  ( 1.133806193448893442E-16, -1.000000000000000000, -0.000000000000000000 ) ) ;
#1554 = EDGE_LOOP ( 'NONE', ( #1328, #1007 ) ) ;
#1555 = AXIS2_PLACEMENT_3D ( 'NONE', #741, #84, #1243 ) ;
#1556 = ORIENTED_EDGE ( 'NONE', *, *, #1079, .F. ) ;
#1557 = EDGE_CURVE ( 'NONE', #312, #257, #2513, .T. ) ;
#1558 = ORIENTED_EDGE ( 'NONE', *, *, #834, .T. ) ;
#1559 = ORIENTED_EDGE ( 'NONE', *, *, #1365, .F. ) ;
#1560 = VECTOR ( 'NONE', #845, 1000.000000000000000 ) ;
#1561 = FACE_OUTER_BOUND ( 'NONE', #755, .T. ) ;
#1562 = FACE_OUTER_BOUND ( 'NONE', #198, .T. ) ;
#1563 = EDGE_CURVE ( 'NONE', #324, #3050, #2711, .T. ) ;
#1564 = DIRECTION ( 'NONE',  ( 1.000000000000000000, 0.000000000000000000, -0.000000000000000000 ) ) ;
#1565 = ORIENTED_EDGE ( 'NONE', *, *, #1563, .F. ) ;
#1566 = CARTESIAN_POINT ( 'NONE',  ( -16.27256024000000068, -79.50000000000000000, 2.000000000000000000 ) ) ;
#1567 = FACE_OUTER_BOUND ( 'NONE', #1416, .T. ) ;
#1568 = CARTESIAN_POINT ( 'NONE',  ( -54.77200000000012636, 35.00040022628292746, 1.800000000000000044 ) ) ;
#1569 = EDGE_CURVE ( 'NONE', #3025, #1992, #1469, .T. ) ;
#1570 = ORIENTED_EDGE ( 'NONE', *, *, #2962, .F. ) ;
#1571 = EDGE_LOOP ( 'NONE', ( #2027, #903, #2268, #3075 ) ) ;
#1572 = VECTOR ( 'NONE', #1549, 1000.000000000000000 ) ;
#1573 = ORIENTED_EDGE ( 'NONE', *, *, #1485, .T. ) ;
#1574 = AXIS2_PLACEMENT_3D ( 'NONE', #3063, #2129, #2593 ) ;
#1575 = VECTOR ( 'NONE', #2651, 1000.000000000000000 ) ;
#1576 = DIRECTION ( 'NONE',  ( -0.000000000000000000, 0.000000000000000000, 1.000000000000000000 ) ) ;
#1577 = DIRECTION ( 'NONE',  ( -0.000000000000000000, -0.000000000000000000, -1.000000000000000000 ) ) ;
#1578 = VERTEX_POINT ( 'NONE', #2476 ) ;
#1579 = LINE ( 'NONE', #1085, #2583 ) ;
#1580 = CARTESIAN_POINT ( 'NONE',  ( 35.00000000000019895, -54.77225575051652129, 2.000000000000000000 ) ) ;
#1581 = EDGE_CURVE ( 'NONE', #3073, #1513, #2813, .T. ) ;
#1582 = PLANE ( 'NONE',  #2627 ) ;
#1583 = EDGE_LOOP ( 'NONE', ( #492, #912, #1179, #1539 ) ) ;
#1584 = ADVANCED_FACE ( 'NONE', ( #16, #67 ), #1728, .T. ) ;
#1585 = ORIENTED_EDGE ( 'NONE', *, *, #920, .T. ) ;
#1586 = EDGE_CURVE ( 'NONE', #2097, #1987, #2007, .T. ) ;
#1587 = ORIENTED_EDGE ( 'NONE', *, *, #1509, .F. ) ;
#1588 = DIRECTION ( 'NONE',  ( 1.000000000000000000, -0.000000000000000000, -0.000000000000000000 ) ) ;
#1589 =( LENGTH_UNIT ( ) NAMED_UNIT ( * ) SI_UNIT ( .MILLI., .METRE. ) );
#1590 = CARTESIAN_POINT ( 'NONE',  ( -11.49999999999988631, -61.90000000000004832, -8.000000000000000000 ) ) ;
#1591 = EDGE_LOOP ( 'NONE', ( #2623, #1714, #1317, #1657 ) ) ;
#1592 = CARTESIAN_POINT ( 'NONE',  ( 55.60000000000000853, 65.34737944248414010, 2.000000000000000000 ) ) ;
#1593 = AXIS2_PLACEMENT_3D ( 'NONE', #840, #2325, #3045 ) ;
#1594 = DIRECTION ( 'NONE',  ( 1.000000000000000000, 0.000000000000000000, 0.000000000000000000 ) ) ;
#1595 = CARTESIAN_POINT ( 'NONE',  ( -0.09999999999988490318, -68.70000000000005969, 2.000000000000000000 ) ) ;
#1596 = AXIS2_PLACEMENT_3D ( 'NONE', #1271, #2218, #2473 ) ;
#1597 = VERTEX_POINT ( 'NONE', #989 ) ;
#1598 = FACE_OUTER_BOUND ( 'NONE', #748, .T. ) ;
#1599 = LINE ( 'NONE', #2975, #766 ) ;
#1600 = ORIENTED_EDGE ( 'NONE', *, *, #2772, .F. ) ;
#1601 = CIRCLE ( 'NONE', #2412, 85.80000000000001137 ) ;
#1602 = EDGE_LOOP ( 'NONE', ( #1533, #1295, #2288, #444 ) ) ;
#1603 = ADVANCED_FACE ( 'NONE', ( #2430 ), #1334, .F. ) ;
#1604 = DIRECTION ( 'NONE',  ( -0.000000000000000000, -0.000000000000000000, 1.000000000000000000 ) ) ;
#1605 = PLANE ( 'NONE',  #625 ) ;
#1606 = DIRECTION ( 'NONE',  ( -0.000000000000000000, -0.000000000000000000, -1.000000000000000000 ) ) ;
#1607 = DIRECTION ( 'NONE',  ( -0.000000000000000000, 0.000000000000000000, 1.000000000000000000 ) ) ;
#1608 = ORIENTED_EDGE ( 'NONE', *, *, #3128, .F. ) ;
#1609 = CARTESIAN_POINT ( 'NONE',  ( -67.90000000000007674, -6.700000000000430944, 1.000000000000000888 ) ) ;
#1610 = FACE_OUTER_BOUND ( 'NONE', #561, .T. ) ;
#1611 = ORIENTED_EDGE ( 'NONE', *, *, #1345, .F. ) ;
#1612 = DIRECTION ( 'NONE',  ( -1.172110456741085828E-16, 1.000000000000000000, 0.000000000000000000 ) ) ;
#1613 = DIRECTION ( 'NONE',  ( 1.000000000000000000, 0.000000000000000000, 0.000000000000000000 ) ) ;
#1614 = ORIENTED_EDGE ( 'NONE', *, *, #65, .F. ) ;
#1615 = EDGE_LOOP ( 'NONE', ( #562, #3066, #979, #909 ) ) ;
#1616 = EDGE_CURVE ( 'NONE', #1072, #2995, #626, .T. ) ;
#1617 = CARTESIAN_POINT ( 'NONE',  ( 34.99999999999983658, 54.77225575051674156, 2.000000000000000000 ) ) ;
#1618 = ADVANCED_FACE ( 'NONE', ( #1070 ), #1306, .T. ) ;
#1619 = FACE_BOUND ( 'NONE', #2578, .T. ) ;
#1620 = AXIS2_PLACEMENT_3D ( 'NONE', #1568, #363, #2064 ) ;
#1621 = DIRECTION ( 'NONE',  ( -1.000000000000000000, 0.000000000000000000, -0.000000000000000000 ) ) ;
#1622 = ORIENTED_EDGE ( 'NONE', *, *, #470, .F. ) ;
#1623 = CYLINDRICAL_SURFACE ( 'NONE', #552, 1.600000000000004086 ) ;
#1624 = VECTOR ( 'NONE', #486, 1000.000000000000000 ) ;
#1625 = AXIS2_PLACEMENT_3D ( 'NONE', #2046, #98, #2515 ) ;
#1626 = CARTESIAN_POINT ( 'NONE',  ( -17.87256024000000565, 79.50000000000000000, 2.000000000000000000 ) ) ;
#1627 = LINE ( 'NONE', #1312, #446 ) ;
#1628 = VECTOR ( 'NONE', #1552, 1000.000000000000000 ) ;
#1629 = VERTEX_POINT ( 'NONE', #833 ) ;
#1630 = LINE ( 'NONE', #2098, #805 ) ;
#1631 = CARTESIAN_POINT ( 'NONE',  ( -77.90000000000001990, 6.099999999999956124, 2.000000000000000000 ) ) ;
#1632 = VERTEX_POINT ( 'NONE', #2033 ) ;
#1633 = ORIENTED_EDGE ( 'NONE', *, *, #1581, .T. ) ;
#1634 = DIRECTION ( 'NONE',  ( 0.000000000000000000, 0.000000000000000000, 1.000000000000000000 ) ) ;
#1635 = CARTESIAN_POINT ( 'NONE',  ( -16.27256024000000068, 79.50000000000000000, 0.000000000000000000 ) ) ;
#1636 = CARTESIAN_POINT ( 'NONE',  ( -10.89999999999988667, 0.000000000000000000, 0.000000000000000000 ) ) ;
#1637 = CYLINDRICAL_SURFACE ( 'NONE', #1372, 1.000000000000000000 ) ;
#1638 = VERTEX_POINT ( 'NONE', #1546 ) ;
#1639 = DIRECTION ( 'NONE',  ( 0.000000000000000000, 1.000000000000000000, 0.000000000000000000 ) ) ;
#1640 = CARTESIAN_POINT ( 'NONE',  ( -77.90000000000001990, 5.099999999999953459, 2.000000000000000000 ) ) ;
#1641 = VECTOR ( 'NONE', #2718, 1000.000000000000000 ) ;
#1642 = EDGE_LOOP ( 'NONE', ( #1435, #605, #2481, #3007 ) ) ;
#1643 = EDGE_CURVE ( 'NONE', #2699, #2785, #2101, .T. ) ;
#1644 = DIRECTION ( 'NONE',  ( 0.000000000000000000, 0.000000000000000000, 1.000000000000000000 ) ) ;
#1645 = LINE ( 'NONE', #1894, #1346 ) ;
#1646 = VERTEX_POINT ( 'NONE', #2996 ) ;
#1647 = EDGE_LOOP ( 'NONE', ( #410, #1981, #1753, #3003 ) ) ;
#1648 = EDGE_CURVE ( 'NONE', #1231, #2175, #822, .T. ) ;
#1649 = DIRECTION ( 'NONE',  ( 1.000000000000000000, 0.000000000000000000, 0.000000000000000000 ) ) ;
#1650 = VECTOR ( 'NONE', #708, 1000.000000000000000 ) ;
#1651 = FACE_OUTER_BOUND ( 'NONE', #1126, .T. ) ;
#1652 =( NAMED_UNIT ( * ) SI_UNIT ( $, .STERADIAN. ) SOLID_ANGLE_UNIT ( ) );
#1653 = VERTEX_POINT ( 'NONE', #97 ) ;
#1654 = LINE ( 'NONE', #3140, #906 ) ;
#1655 = ADVANCED_FACE ( 'NONE', ( #2056 ), #1605, .F. ) ;
#1656 = CARTESIAN_POINT ( 'NONE',  ( -11.49999999999988454, -72.50000000000005684, -8.000000000000000000 ) ) ;
#1657 = ORIENTED_EDGE ( 'NONE', *, *, #871, .F. ) ;
#1658 = DIRECTION ( 'NONE',  ( -1.000000000000000000, -0.000000000000000000, -0.000000000000000000 ) ) ;
#1659 = CARTESIAN_POINT ( 'NONE',  ( -11.49999999999988631, -61.90000000000004832, 2.000000000000000000 ) ) ;
#1660 = ORIENTED_EDGE ( 'NONE', *, *, #2419, .F. ) ;
#1661 = EDGE_CURVE ( 'NONE', #2596, #1977, #1851, .T. ) ;
#1662 = ORIENTED_EDGE ( 'NONE', *, *, #749, .F. ) ;
#1663 = DIRECTION ( 'NONE',  ( 1.000000000000000000, 0.000000000000000000, -0.000000000000000000 ) ) ;
#1664 = CARTESIAN_POINT ( 'NONE',  ( 1.300000000000471001, 70.90000000000004832, 0.000000000000000000 ) ) ;
#1665 = DIRECTION ( 'NONE',  ( -0.000000000000000000, -0.000000000000000000, -1.000000000000000000 ) ) ;
#1666 = VERTEX_POINT ( 'NONE', #2567 ) ;
#1667 = PLANE ( 'NONE',  #48 ) ;
#1668 = CARTESIAN_POINT ( 'NONE',  ( -77.90000000000001990, -6.100000000000407319, 2.000000000000000000 ) ) ;
#1669 = AXIS2_PLACEMENT_3D ( 'NONE', #280, #2021, #2004 ) ;
#1670 = CIRCLE ( 'NONE', #296, 20.40000000000000213 ) ;
#1671 = PLANE ( 'NONE',  #2988 ) ;
#1672 = ORIENTED_EDGE ( 'NONE', *, *, #2600, .F. ) ;
#1673 = CIRCLE ( 'NONE', #1625, 19.99999999999998934 ) ;
#1674 = ADVANCED_FACE ( 'NONE', ( #1562, #2774 ), #2336, .F. ) ;
#1675 = CARTESIAN_POINT ( 'NONE',  ( 7.199999999999998401, 79.50000000000000000, 2.000000000000000000 ) ) ;
#1676 = LINE ( 'NONE', #462, #6 ) ;
#1677 = ORIENTED_EDGE ( 'NONE', *, *, #3008, .T. ) ;
#1678 = VECTOR ( 'NONE', #2632, 1000.000000000000000 ) ;
#1679 = CARTESIAN_POINT ( 'NONE',  ( 0.000000000000000000, 0.000000000000000000, 7.200000000000000178 ) ) ;
#1680 = EDGE_CURVE ( 'NONE', #522, #732, #156, .T. ) ;
#1681 = EDGE_LOOP ( 'NONE', ( #1895, #1749 ) ) ;
#1682 = EDGE_CURVE ( 'NONE', #2963, #1653, #2302, .T. ) ;
#1683 = LINE ( 'NONE', #2597, #3018 ) ;
#1684 = DIRECTION ( 'NONE',  ( -1.000000000000000000, 0.000000000000000000, 0.000000000000000000 ) ) ;
#1685 =( LENGTH_UNIT ( ) NAMED_UNIT ( * ) SI_UNIT ( .MILLI., .METRE. ) );
#1686 = ORIENTED_EDGE ( 'NONE', *, *, #2605, .T. ) ;
#1687 = DIRECTION ( 'NONE',  ( -1.000000000000000000, 0.000000000000000000, 0.000000000000000000 ) ) ;
#1688 = CARTESIAN_POINT ( 'NONE',  ( -27.99999999999997513, -29.60000000000001208, 1.400000000000000133 ) ) ;
#1689 = ORIENTED_EDGE ( 'NONE', *, *, #607, .T. ) ;
#1690 = CYLINDRICAL_SURFACE ( 'NONE', #2438, 2.199999999999997957 ) ;
#1691 = PLANE ( 'NONE',  #1449 ) ;
#1692 = VERTEX_POINT ( 'NONE', #2790 ) ;
#1693 = AXIS2_PLACEMENT_3D ( 'NONE', #1580, #1356, #2542 ) ;
#1694 = LINE ( 'NONE', #2622, #448 ) ;
#1695 = VERTEX_POINT ( 'NONE', #140 ) ;
#1696 = EDGE_CURVE ( 'NONE', #1020, #1597, #1601, .T. ) ;
#1697 = CARTESIAN_POINT ( 'NONE',  ( -0.09999999999988490318, -70.50000000000004263, 7.200000000000000178 ) ) ;
#1698 = CARTESIAN_POINT ( 'NONE',  ( -0.09999999999988490318, -68.70000000000005969, 4.599999999999999645 ) ) ;
#1699 = CARTESIAN_POINT ( 'NONE',  ( 2.800000000000002043, -79.50000000000000000, 2.000000000000000000 ) ) ;
#1700 = EDGE_CURVE ( 'NONE', #1459, #257, #113, .T. ) ;
#1701 = VERTEX_POINT ( 'NONE', #1082 ) ;
#1702 = DIRECTION ( 'NONE',  ( 1.000000000000000000, 1.230300337572203632E-16, -0.000000000000000000 ) ) ;
#1703 = CARTESIAN_POINT ( 'NONE',  ( -11.89999999999988667, 62.81651513899121397, -8.000000000000000000 ) ) ;
#1704 = CARTESIAN_POINT ( 'NONE',  ( 34.99999999999983658, 54.77225575051674156, 2.000000000000000000 ) ) ;
#1705 = EDGE_LOOP ( 'NONE', ( #472, #2606, #2746, #1782 ) ) ;
#1706 = LINE ( 'NONE', #212, #228 ) ;
#1707 = ORIENTED_EDGE ( 'NONE', *, *, #1315, .T. ) ;
#1708 = VECTOR ( 'NONE', #330, 1000.000000000000000 ) ;
#1709 = ORIENTED_EDGE ( 'NONE', *, *, #349, .T. ) ;
#1710 = CARTESIAN_POINT ( 'NONE',  ( -78.50000000000001421, 0.000000000000000000, 1.000000000000000000 ) ) ;
#1711 = EDGE_CURVE ( 'NONE', #116, #2789, #2806, .T. ) ;
#1712 = FACE_OUTER_BOUND ( 'NONE', #1153, .T. ) ;
#1713 = LINE ( 'NONE', #1466, #565 ) ;
#1714 = ORIENTED_EDGE ( 'NONE', *, *, #586, .T. ) ;
#1715 = ADVANCED_FACE ( 'NONE', ( #2075, #3010, #3039, #2552, #372, #1350, #3054, #1780, #2629, #403, #218, #1143, #1619, #2368, #3102 ), #3070, .T. ) ;
#1716 = LINE ( 'NONE', #1760, #1066 ) ;
#1717 = DIRECTION ( 'NONE',  ( -1.000000000000000000, 0.000000000000000000, 0.000000000000000000 ) ) ;
#1718 = EDGE_LOOP ( 'NONE', ( #2322, #2168, #1109, #2756 ) ) ;
#1719 = DIRECTION ( 'NONE',  ( -0.000000000000000000, -0.000000000000000000, 1.000000000000000000 ) ) ;
#1720 = ORIENTED_EDGE ( 'NONE', *, *, #1586, .F. ) ;
#1721 = DIRECTION ( 'NONE',  ( 0.000000000000000000, -0.3589790793088692977, 0.9333456062030593969 ) ) ;
#1722 = CIRCLE ( 'NONE', #151, 20.40000000000041780 ) ;
#1723 = VERTEX_POINT ( 'NONE', #454 ) ;
#1724 = AXIS2_PLACEMENT_3D ( 'NONE', #823, #2022, #1797 ) ;
#1725 = DIRECTION ( 'NONE',  ( -0.000000000000000000, 0.000000000000000000, -1.000000000000000000 ) ) ;
#1726 = DIRECTION ( 'NONE',  ( -0.000000000000000000, 0.000000000000000000, 1.000000000000000000 ) ) ;
#1727 = EDGE_LOOP ( 'NONE', ( #2411, #884, #949, #1233 ) ) ;
#1728 = PLANE ( 'NONE',  #275 ) ;
#1729 = PLANE ( 'NONE',  #2391 ) ;
#1730 = ORIENTED_EDGE ( 'NONE', *, *, #1391, .T. ) ;
#1731 = FACE_OUTER_BOUND ( 'NONE', #799, .T. ) ;
#1732 = EDGE_CURVE ( 'NONE', #1850, #1646, #831, .T. ) ;
#1733 = CARTESIAN_POINT ( 'NONE',  ( 5.000000000000000000, 79.50000000000000000, 2.000000000000000000 ) ) ;
#1734 = VERTEX_POINT ( 'NONE', #3087 ) ;
#1735 = CARTESIAN_POINT ( 'NONE',  ( -73.70000000000013074, 4.700000000000000178, 4.599999999999999645 ) ) ;
#1736 = EDGE_CURVE ( 'NONE', #2797, #1084, #1803, .T. ) ;
#1737 = ORIENTED_EDGE ( 'NONE', *, *, #2634, .T. ) ;
#1738 = FACE_OUTER_BOUND ( 'NONE', #1471, .T. ) ;
#1739 = VECTOR ( 'NONE', #814, 1000.000000000000000 ) ;
#1740 = CARTESIAN_POINT ( 'NONE',  ( -28.99999999999998934, 30.59999999999999076, 2.000000000000000000 ) ) ;
#1741 = DIRECTION ( 'NONE',  ( 1.000000000000000000, 0.000000000000000000, 0.000000000000000000 ) ) ;
#1742 = EDGE_CURVE ( 'NONE', #841, #1057, #997, .T. ) ;
#1743 = ORIENTED_EDGE ( 'NONE', *, *, #2765, .F. ) ;
#1744 = DIRECTION ( 'NONE',  ( 1.000000000000000000, 0.000000000000000000, 0.000000000000000000 ) ) ;
#1745 = CARTESIAN_POINT ( 'NONE',  ( -83.43644287719845920, -20.00000000000000355, 0.000000000000000000 ) ) ;
#1746 = ORIENTED_EDGE ( 'NONE', *, *, #514, .T. ) ;
#1747 = DIRECTION ( 'NONE',  ( -1.636531581110194670E-16, -1.000000000000000000, 0.000000000000000000 ) ) ;
#1748 = DIRECTION ( 'NONE',  ( 1.000000000000000000, 0.000000000000000000, 0.000000000000000000 ) ) ;
#1749 = ORIENTED_EDGE ( 'NONE', *, *, #1732, .T. ) ;
#1750 = EDGE_CURVE ( 'NONE', #2592, #1723, #898, .T. ) ;
#1751 = DIRECTION ( 'NONE',  ( -1.000000000000000000, -0.000000000000000000, 0.000000000000000000 ) ) ;
#1752 = DIRECTION ( 'NONE',  ( -1.000000000000000000, -6.938893903907222067E-15, 0.000000000000000000 ) ) ;
#1753 = ORIENTED_EDGE ( 'NONE', *, *, #1990, .F. ) ;
#1754 = EDGE_CURVE ( 'NONE', #1834, #2592, #2205, .T. ) ;
#1755 = ORIENTED_EDGE ( 'NONE', *, *, #2537, .F. ) ;
#1756 = LINE ( 'NONE', #248, #2148 ) ;
#1757 = AXIS2_PLACEMENT_3D ( 'NONE', #821, #2760, #1319 ) ;
#1758 = DIRECTION ( 'NONE',  ( -0.000000000000000000, -0.000000000000000000, 1.000000000000000000 ) ) ;
#1759 = ORIENTED_EDGE ( 'NONE', *, *, #1988, .F. ) ;
#1760 = CARTESIAN_POINT ( 'NONE',  ( -9.499999999999904077, 70.50000000000004263, 7.200000000000000178 ) ) ;
#1761 = DIRECTION ( 'NONE',  ( 1.000000000000000000, 0.000000000000000000, 0.000000000000000000 ) ) ;
#1762 = EDGE_LOOP ( 'NONE', ( #2974, #2100 ) ) ;
#1763 = DIRECTION ( 'NONE',  ( -0.000000000000000000, -0.000000000000000000, -1.000000000000000000 ) ) ;
#1764 = FACE_OUTER_BOUND ( 'NONE', #2425, .T. ) ;
#1765 = PLANE ( 'NONE',  #934 ) ;
#1766 = ORIENTED_EDGE ( 'NONE', *, *, #2765, .T. ) ;
#1767 = DIRECTION ( 'NONE',  ( 1.000000000000000000, 0.000000000000000000, -0.000000000000000000 ) ) ;
#1768 = ORIENTED_EDGE ( 'NONE', *, *, #2419, .T. ) ;
#1769 = ORIENTED_EDGE ( 'NONE', *, *, #2160, .T. ) ;
#1770 = VECTOR ( 'NONE', #224, 1000.000000000000000 ) ;
#1771 = DIRECTION ( 'NONE',  ( 0.000000000000000000, 0.000000000000000000, 1.000000000000000000 ) ) ;
#1772 = CIRCLE ( 'NONE', #45, 1.000000000000000888 ) ;
#1773 = AXIS2_PLACEMENT_3D ( 'NONE', #900, #3024, #1871 ) ;
#1774 = CARTESIAN_POINT ( 'NONE',  ( -0.09999999999988490318, 67.70000000000004547, 4.599999999999999645 ) ) ;
#1775 = AXIS2_PLACEMENT_3D ( 'NONE', #265, #1242, #1483 ) ;
#1776 = AXIS2_PLACEMENT_3D ( 'NONE', #3083, #1915, #980 ) ;
#1777 = EDGE_CURVE ( 'NONE', #360, #282, #1172, .T. ) ;
#1778 = ORIENTED_EDGE ( 'NONE', *, *, #2531, .F. ) ;
#1779 = ORIENTED_EDGE ( 'NONE', *, *, #659, .F. ) ;
#1780 = FACE_BOUND ( 'NONE', #482, .T. ) ;
#1781 = DIRECTION ( 'NONE',  ( 1.000000000000000000, 0.000000000000000000, 0.000000000000000000 ) ) ;
#1782 = ORIENTED_EDGE ( 'NONE', *, *, #27, .T. ) ;
#1783 = DIRECTION ( 'NONE',  ( 1.000000000000000000, 0.000000000000000000, 0.000000000000000000 ) ) ;
#1784 = CARTESIAN_POINT ( 'NONE',  ( -73.70000000000013074, 4.700000000000000178, 4.599999999999999645 ) ) ;
#1785 = DIRECTION ( 'NONE',  ( -1.000000000000000000, 0.000000000000000000, 0.000000000000000000 ) ) ;
#1786 = CARTESIAN_POINT ( 'NONE',  ( -68.81651513899119266, 6.099999999999931255, 2.000000000000000000 ) ) ;
#1787 = VECTOR ( 'NONE', #1488, 1000.000000000000000 ) ;
#1788 = EDGE_CURVE ( 'NONE', #2739, #1666, #2154, .T. ) ;
#1789 = VERTEX_POINT ( 'NONE', #1887 ) ;
#1790 = DIRECTION ( 'NONE',  ( -0.000000000000000000, -0.000000000000000000, -1.000000000000000000 ) ) ;
#1791 = EDGE_LOOP ( 'NONE', ( #2689, #1861, #2092, #1759 ) ) ;
#1792 = ADVANCED_FACE ( 'NONE', ( #2104, #1434 ), #1867, .T. ) ;
#1793 = VECTOR ( 'NONE', #3058, 1000.000000000000000 ) ;
#1794 = ORIENTED_EDGE ( 'NONE', *, *, #879, .T. ) ;
#1795 = ORIENTED_EDGE ( 'NONE', *, *, #2969, .T. ) ;
#1796 = CARTESIAN_POINT ( 'NONE',  ( 1.300000000000471001, 71.90000000000004832, -8.000000000000000000 ) ) ;
#1797 = DIRECTION ( 'NONE',  ( -1.000000000000000000, 0.000000000000000000, 0.000000000000000000 ) ) ;
#1798 = VERTEX_POINT ( 'NONE', #2868 ) ;
#1799 = DIRECTION ( 'NONE',  ( -1.000000000000000000, 0.000000000000000000, 0.000000000000000000 ) ) ;
#1800 = LINE ( 'NONE', #350, #548 ) ;
#1801 = VECTOR ( 'NONE', #1075, 1000.000000000000000 ) ;
#1802 = ORIENTED_EDGE ( 'NONE', *, *, #1586, .T. ) ;
#1803 = CIRCLE ( 'NONE', #2960, 1.600000000000004086 ) ;
#1804 = ORIENTED_EDGE ( 'NONE', *, *, #1038, .T. ) ;
#1805 = EDGE_CURVE ( 'NONE', #2955, #678, #2400, .T. ) ;
#1806 = CLOSED_SHELL ( 'NONE', ( #255, #68, #2364, #465, #2111, #1197, #937, #798, #643, #2209, #685, #2533, #844, #2563, #542, #1930, #1252, #1411, #1715, #2948, #290, #3019, #2497, #1890, #2068, #238, #783, #1080, #1847, #1005, #1792, #1257, #1674, #819, #2280, #193, #1447, #2624, #676, #4, #2444, #447, #2821, #1094, #1429, #1618, #2300, #1234, #2722, #8, #2120, #442, #720, #1021, #699, #609, #2569, #2318, #2925, #2409, #3006, #2548, #1550, #2565, #982, #1059, #3100, #2456, #2795, #1584, #96, #2721, #386, #3051, #944, #848, #1135, #740, #2219, #452, #3123, #1655, #2171, #484, #1982, #1276, #3117, #165, #704, #523, #1154, #886, #1291, #3088, #2644, #186, #2893, #3067, #1603, #1837 ) ) ;
#1807 = CARTESIAN_POINT ( 'NONE',  ( 1.900000000000470646, 72.50000000000005684, 2.000000000000000000 ) ) ;
#1808 = CARTESIAN_POINT ( 'NONE',  ( 0.000000000000000000, 0.000000000000000000, 7.200000000000000178 ) ) ;
#1809 = EDGE_CURVE ( 'NONE', #2267, #1865, #468, .T. ) ;
#1810 = CARTESIAN_POINT ( 'NONE',  ( 1.300000000000471001, -62.81651513899121397, 0.000000000000000000 ) ) ;
#1811 = ORIENTED_EDGE ( 'NONE', *, *, #418, .F. ) ;
#1812 = CARTESIAN_POINT ( 'NONE',  ( -16.27256024000000068, -79.50000000000000000, 2.000000000000000000 ) ) ;
#1813 = DIRECTION ( 'NONE',  ( -0.000000000000000000, 0.000000000000000000, 1.000000000000000000 ) ) ;
#1814 = CARTESIAN_POINT ( 'NONE',  ( -27.99999999999997513, -29.60000000000001208, 1.400000000000000133 ) ) ;
#1815 = ORIENTED_EDGE ( 'NONE', *, *, #1524, .F. ) ;
#1816 = EDGE_CURVE ( 'NONE', #961, #3113, #660, .T. ) ;
#1817 = ORIENTED_EDGE ( 'NONE', *, *, #654, .T. ) ;
#1818 = ORIENTED_EDGE ( 'NONE', *, *, #1971, .F. ) ;
#1819 = CIRCLE ( 'NONE', #2882, 1.000000000000000000 ) ;
#1820 = VERTEX_POINT ( 'NONE', #1448 ) ;
#1821 = VECTOR ( 'NONE', #2323, 1000.000000000000000 ) ;
#1822 = AXIS2_PLACEMENT_3D ( 'NONE', #774, #1324, #1761 ) ;
#1823 = CARTESIAN_POINT ( 'NONE',  ( -54.77199999999989188, -35.00040022628333247, 1.800000000000000044 ) ) ;
#1824 = DIRECTION ( 'NONE',  ( 0.000000000000000000, 1.000000000000000000, -0.000000000000000000 ) ) ;
#1825 = CARTESIAN_POINT ( 'NONE',  ( -9.899999999999888445, -71.90000000000004832, -8.000000000000000000 ) ) ;
#1826 = ORIENTED_EDGE ( 'NONE', *, *, #2133, .F. ) ;
#1827 = LINE ( 'NONE', #2528, #182 ) ;
#1828 = CARTESIAN_POINT ( 'NONE',  ( -77.90000000000001990, -5.100000000000408207, -8.000000000000000000 ) ) ;
#1829 = VERTEX_POINT ( 'NONE', #235 ) ;
#1830 = DIRECTION ( 'NONE',  ( 0.000000000000000000, -0.000000000000000000, 1.000000000000000000 ) ) ;
#1831 = ORIENTED_EDGE ( 'NONE', *, *, #1882, .F. ) ;
#1832 = AXIS2_PLACEMENT_3D ( 'NONE', #2210, #2010, #1785 ) ;
#1833 = EDGE_CURVE ( 'NONE', #220, #2261, #1399, .T. ) ;
#1834 = VERTEX_POINT ( 'NONE', #882 ) ;
#1835 = AXIS2_PLACEMENT_3D ( 'NONE', #636, #2800, #1613 ) ;
#1836 = CARTESIAN_POINT ( 'NONE',  ( -10.89999999999988667, 70.90000000000004832, -8.000000000000000000 ) ) ;
#1837 = ADVANCED_FACE ( 'NONE', ( #2853 ), #2122, .T. ) ;
#1838 = CARTESIAN_POINT ( 'NONE',  ( -9.899999999999888445, -70.90000000000004832, 2.000000000000000000 ) ) ;
#1839 = CARTESIAN_POINT ( 'NONE',  ( -9.499999999999884537, -67.70000000000004547, 4.599999999999999645 ) ) ;
#1840 = DIRECTION ( 'NONE',  ( -0.000000000000000000, -0.000000000000000000, -1.000000000000000000 ) ) ;
#1841 = ORIENTED_EDGE ( 'NONE', *, *, #818, .F. ) ;
#1842 = DIRECTION ( 'NONE',  ( 0.000000000000000000, 0.000000000000000000, 1.000000000000000000 ) ) ;
#1843 = CARTESIAN_POINT ( 'NONE',  ( -1.084202172485504434E-16, 0.000000000000000000, 2.000000000000000000 ) ) ;
#1844 = CYLINDRICAL_SURFACE ( 'NONE', #3132, 20.00000000000000355 ) ;
#1845 = AXIS2_PLACEMENT_3D ( 'NONE', #2691, #1002, #512 ) ;
#1846 = ORIENTED_EDGE ( 'NONE', *, *, #2839, .F. ) ;
#1847 = ADVANCED_FACE ( 'NONE', ( #1651 ), #2612, .T. ) ;
#1848 = DIRECTION ( 'NONE',  ( 0.000000000000000000, -0.3589790793088692977, -0.9333456062030595080 ) ) ;
#1849 = CARTESIAN_POINT ( 'NONE',  ( 5.000000000000000000, 79.50000000000000000, 0.000000000000000000 ) ) ;
#1850 = VERTEX_POINT ( 'NONE', #2589 ) ;
#1851 = CIRCLE ( 'NONE', #1049, 19.99999999999998934 ) ;
#1852 = EDGE_CURVE ( 'NONE', #2614, #672, #885, .T. ) ;
#1853 = AXIS2_PLACEMENT_3D ( 'NONE', #2025, #285, #1027 ) ;
#1854 = DIRECTION ( 'NONE',  ( 0.000000000000000000, 1.000000000000000000, 0.000000000000000000 ) ) ;
#1855 = DIRECTION ( 'NONE',  ( 1.000000000000000000, 0.000000000000000000, -0.000000000000000000 ) ) ;
#1856 = LINE ( 'NONE', #2353, #752 ) ;
#1857 = CARTESIAN_POINT ( 'NONE',  ( 5.000000000000000000, -79.50000000000000000, 2.000000000000000000 ) ) ;
#1858 = ORIENTED_EDGE ( 'NONE', *, *, #1816, .F. ) ;
#1859 = CARTESIAN_POINT ( 'NONE',  ( -83.43644287719845920, 20.00000000000002487, 0.000000000000000000 ) ) ;
#1860 = CARTESIAN_POINT ( 'NONE',  ( -68.81651513899119266, 7.099999999999931255, 2.000000000000000000 ) ) ;
#1861 = ORIENTED_EDGE ( 'NONE', *, *, #2866, .T. ) ;
#1862 = CARTESIAN_POINT ( 'NONE',  ( -9.499999999999886313, -68.70000000000005969, 2.000000000000000000 ) ) ;
#1863 = LINE ( 'NONE', #2832, #1438 ) ;
#1864 = ORIENTED_EDGE ( 'NONE', *, *, #2179, .F. ) ;
#1865 = VERTEX_POINT ( 'NONE', #175 ) ;
#1866 = CARTESIAN_POINT ( 'NONE',  ( 34.99999999999983658, 54.77225575051674156, 1.800000000000000044 ) ) ;
#1867 = PLANE ( 'NONE',  #1196 ) ;
#1868 = LINE ( 'NONE', #2842, #1979 ) ;
#1869 = EDGE_CURVE ( 'NONE', #2764, #1632, #2306, .T. ) ;
#1870 = CIRCLE ( 'NONE', #1318, 1.000000000000000888 ) ;
#1871 = DIRECTION ( 'NONE',  ( 1.000000000000000000, 0.000000000000000000, 0.000000000000000000 ) ) ;
#1872 = ORIENTED_EDGE ( 'NONE', *, *, #354, .T. ) ;
#1873 = DIRECTION ( 'NONE',  ( 1.000000000000000000, 1.245016848787182505E-16, 0.000000000000000000 ) ) ;
#1874 = VECTOR ( 'NONE', #2807, 1000.000000000000000 ) ;
#1875 = CIRCLE ( 'NONE', #655, 20.40000000000041780 ) ;
#1876 = ORIENTED_EDGE ( 'NONE', *, *, #1315, .F. ) ;
#1877 = CARTESIAN_POINT ( 'NONE',  ( -77.90000000000001990, 5.099999999999953459, -8.000000000000000000 ) ) ;
#1878 = VECTOR ( 'NONE', #2264, 1000.000000000000000 ) ;
#1879 = ORIENTED_EDGE ( 'NONE', *, *, #1788, .T. ) ;
#1880 = FACE_OUTER_BOUND ( 'NONE', #2015, .T. ) ;
#1881 = ORIENTED_EDGE ( 'NONE', *, *, #2042, .T. ) ;
#1882 = EDGE_CURVE ( 'NONE', #130, #2559, #1579, .T. ) ;
#1883 = ORIENTED_EDGE ( 'NONE', *, *, #2277, .F. ) ;
#1884 = CARTESIAN_POINT ( 'NONE',  ( -76.90000000000001990, 6.099999999999953459, -8.000000000000000000 ) ) ;
#1885 = EDGE_CURVE ( 'NONE', #2224, #3113, #646, .T. ) ;
#1886 = AXIS2_PLACEMENT_3D ( 'NONE', #1380, #168, #2492 ) ;
#1887 = CARTESIAN_POINT ( 'NONE',  ( 55.60000000000000853, 20.00000000000000355, 1.000000000000000000 ) ) ;
#1888 =( NAMED_UNIT ( * ) PLANE_ANGLE_UNIT ( ) SI_UNIT ( $, .RADIAN. ) );
#1889 = ORIENTED_EDGE ( 'NONE', *, *, #2537, .T. ) ;
#1890 = ADVANCED_FACE ( 'NONE', ( #2110 ), #1623, .F. ) ;
#1891 = CARTESIAN_POINT ( 'NONE',  ( -54.77200000000012636, 35.00040022628292746, 2.000000000000000000 ) ) ;
#1892 = VECTOR ( 'NONE', #3000, 1000.000000000000000 ) ;
#1893 = ORIENTED_EDGE ( 'NONE', *, *, #3096, .T. ) ;
#1894 = CARTESIAN_POINT ( 'NONE',  ( -9.499999999999884537, -68.70000000000005969, 4.599999999999999645 ) ) ;
#1895 = ORIENTED_EDGE ( 'NONE', *, *, #470, .T. ) ;
#1896 = ORIENTED_EDGE ( 'NONE', *, *, #1000, .T. ) ;
#1897 = CARTESIAN_POINT ( 'NONE',  ( 0.000000000000000000, 0.000000000000000000, 1.400000000000000133 ) ) ;
#1898 = DIRECTION ( 'NONE',  ( 1.000000000000000000, 0.000000000000000000, 0.000000000000000000 ) ) ;
#1899 = DIRECTION ( 'NONE',  ( -0.000000000000000000, 0.000000000000000000, 1.000000000000000000 ) ) ;
#1900 = CARTESIAN_POINT ( 'NONE',  ( 54.99999999999981526, 54.77225575051674156, 1.800000000000000044 ) ) ;
#1901 = EDGE_CURVE ( 'NONE', #765, #2562, #3043, .T. ) ;
#1902 = CARTESIAN_POINT ( 'NONE',  ( 1.900000000000472422, 61.90000000000004832, -8.000000000000000000 ) ) ;
#1903 = ORIENTED_EDGE ( 'NONE', *, *, #2745, .F. ) ;
#1904 = LINE ( 'NONE', #711, #2786 ) ;
#1905 = DIRECTION ( 'NONE',  ( 0.000000000000000000, -1.000000000000000000, 0.000000000000000000 ) ) ;
#1906 = EDGE_CURVE ( 'NONE', #13, #2676, #131, .T. ) ;
#1907 = PLANE ( 'NONE',  #105 ) ;
#1908 = ORIENTED_EDGE ( 'NONE', *, *, #1409, .F. ) ;
#1909 = AXIS2_PLACEMENT_3D ( 'NONE', #419, #2367, #2383 ) ;
#1910 = DIRECTION ( 'NONE',  ( 1.000000000000000000, 0.000000000000000000, -0.000000000000000000 ) ) ;
#1911 = ORIENTED_EDGE ( 'NONE', *, *, #2953, .T. ) ;
#1912 = EDGE_CURVE ( 'NONE', #2764, #957, #1102, .T. ) ;
#1913 = PLANE ( 'NONE',  #701 ) ;
#1914 = ORIENTED_EDGE ( 'NONE', *, *, #432, .T. ) ;
#1915 = DIRECTION ( 'NONE',  ( 0.000000000000000000, 0.000000000000000000, 1.000000000000000000 ) ) ;
#1916 = DIRECTION ( 'NONE',  ( 1.000000000000000000, 0.000000000000000000, 0.000000000000000000 ) ) ;
#1917 = DIRECTION ( 'NONE',  ( 0.000000000000000000, 0.000000000000000000, 1.000000000000000000 ) ) ;
#1918 = DIRECTION ( 'NONE',  ( 1.000000000000000000, 1.636531581110194670E-16, 0.000000000000000000 ) ) ;
#1919 = ORIENTED_EDGE ( 'NONE', *, *, #411, .F. ) ;
#1920 = DIRECTION ( 'NONE',  ( 0.000000000000000000, -0.000000000000000000, -1.000000000000000000 ) ) ;
#1921 = LINE ( 'NONE', #2420, #1113 ) ;
#1922 = VECTOR ( 'NONE', #425, 1000.000000000000000 ) ;
#1923 = MECHANICAL_DESIGN_GEOMETRIC_PRESENTATION_REPRESENTATION (  '', ( #1218 ), #104 ) ;
#1924 = DIRECTION ( 'NONE',  ( 1.000000000000000000, 0.000000000000000000, 0.000000000000000000 ) ) ;
#1925 = ORIENTED_EDGE ( 'NONE', *, *, #2673, .T. ) ;
#1926 = AXIS2_PLACEMENT_3D ( 'NONE', #2554, #1621, #1145 ) ;
#1927 = DIRECTION ( 'NONE',  ( -0.000000000000000000, -0.000000000000000000, 1.000000000000000000 ) ) ;
#1928 = LINE ( 'NONE', #1659, #2348 ) ;
#1929 = EDGE_LOOP ( 'NONE', ( #2728, #2374, #763, #1998 ) ) ;
#1930 = ADVANCED_FACE ( 'NONE', ( #1355 ), #2603, .F. ) ;
#1931 = AXIS2_PLACEMENT_3D ( 'NONE', #852, #161, #1873 ) ;
#1932 = AXIS2_PLACEMENT_3D ( 'NONE', #1897, #2865, #1663 ) ;
#1933 = EDGE_CURVE ( 'NONE', #2051, #1290, #2738, .T. ) ;
#1934 = CARTESIAN_POINT ( 'NONE',  ( -77.90000000000001990, -5.100000000000408207, 2.000000000000000000 ) ) ;
#1935 = ORIENTED_EDGE ( 'NONE', *, *, #2133, .T. ) ;
#1936 = EDGE_CURVE ( 'NONE', #1974, #57, #1132, .T. ) ;
#1937 = CARTESIAN_POINT ( 'NONE',  ( 54.99999999999981526, 54.77225575051674156, 1.800000000000000044 ) ) ;
#1938 = DIRECTION ( 'NONE',  ( 1.000000000000000000, 0.000000000000000000, 0.000000000000000000 ) ) ;
#1939 = ORIENTED_EDGE ( 'NONE', *, *, #2082, .F. ) ;
#1940 = DIRECTION ( 'NONE',  ( -1.636531581110194670E-16, 1.000000000000000000, 0.000000000000000000 ) ) ;
#1941 = DIRECTION ( 'NONE',  ( 0.000000000000000000, 0.000000000000000000, 1.000000000000000000 ) ) ;
#1942 = CARTESIAN_POINT ( 'NONE',  ( -9.499999999999904077, 70.50000000000004263, 2.000000000000000000 ) ) ;
#1943 = ORIENTED_EDGE ( 'NONE', *, *, #377, .F. ) ;
#1944 = CARTESIAN_POINT ( 'NONE',  ( -34.37200000000012778, 35.00040022628292746, 1.800000000000000044 ) ) ;
#1945 = ORIENTED_EDGE ( 'NONE', *, *, #1191, .F. ) ;
#1946 = AXIS2_PLACEMENT_3D ( 'NONE', #2428, #1481, #311 ) ;
#1947 = EDGE_CURVE ( 'NONE', #732, #1062, #2356, .T. ) ;
#1948 = VERTEX_POINT ( 'NONE', #3137 ) ;
#1949 = EDGE_CURVE ( 'NONE', #2783, #732, #252, .T. ) ;
#1950 = FACE_OUTER_BOUND ( 'NONE', #691, .T. ) ;
#1951 = DIRECTION ( 'NONE',  ( -1.000000000000000000, -0.000000000000000000, -0.000000000000000000 ) ) ;
#1952 = CARTESIAN_POINT ( 'NONE',  ( -75.17199999999955651, -35.00040022628333247, 1.800000000000000044 ) ) ;
#1953 = CIRCLE ( 'NONE', #3009, 20.40000000000000213 ) ;
#1954 = ORIENTED_EDGE ( 'NONE', *, *, #1869, .T. ) ;
#1955 = DIRECTION ( 'NONE',  ( 1.000000000000000000, 0.000000000000000000, 0.000000000000000000 ) ) ;
#1956 = VECTOR ( 'NONE', #2045, 1000.000000000000000 ) ;
#1957 = DIRECTION ( 'NONE',  ( 1.000000000000000000, 0.000000000000000000, 0.000000000000000000 ) ) ;
#1958 = AXIS2_PLACEMENT_3D ( 'NONE', #1088, #2780, #826 ) ;
#1959 = CARTESIAN_POINT ( 'NONE',  ( -9.499999999999886313, 68.70000000000005969, 7.200000000000000178 ) ) ;
#1960 = ORIENTED_EDGE ( 'NONE', *, *, #2993, .T. ) ;
#1961 = CARTESIAN_POINT ( 'NONE',  ( 55.00000000000018474, -54.77225575051652129, 1.800000000000000044 ) ) ;
#1962 = CARTESIAN_POINT ( 'NONE',  ( 0.000000000000000000, 0.000000000000000000, 7.200000000000000178 ) ) ;
#1963 = EDGE_LOOP ( 'NONE', ( #251, #2966, #3077, #1137 ) ) ;
#1964 = LINE ( 'NONE', #747, #2143 ) ;
#1965 = VECTOR ( 'NONE', #2134, 1000.000000000000000 ) ;
#1966 = ORIENTED_EDGE ( 'NONE', *, *, #144, .T. ) ;
#1967 = DIRECTION ( 'NONE',  ( -0.000000000000000000, 0.000000000000000000, 1.000000000000000000 ) ) ;
#1968 = DIRECTION ( 'NONE',  ( 1.000000000000000000, 0.000000000000000000, 0.000000000000000000 ) ) ;
#1969 = EDGE_CURVE ( 'NONE', #1820, #2371, #438, .T. ) ;
#1970 = ORIENTED_EDGE ( 'NONE', *, *, #1885, .F. ) ;
#1971 = EDGE_CURVE ( 'NONE', #1057, #2931, #1417, .T. ) ;
#1972 = CARTESIAN_POINT ( 'NONE',  ( 55.60000000000000853, -30.60000000000000142, 1.400000000000000133 ) ) ;
#1973 = DIRECTION ( 'NONE',  ( -1.000000000000000000, -3.469446951953611033E-15, 0.000000000000000000 ) ) ;
#1974 = VERTEX_POINT ( 'NONE', #2418 ) ;
#1975 = DIRECTION ( 'NONE',  ( 0.000000000000000000, 0.000000000000000000, 1.000000000000000000 ) ) ;
#1976 = DIRECTION ( 'NONE',  ( -1.000000000000000000, 0.000000000000000000, 0.000000000000000000 ) ) ;
#1977 = VERTEX_POINT ( 'NONE', #3105 ) ;
#1978 = DIRECTION ( 'NONE',  ( 0.9333456062030595080, 0.000000000000000000, 0.3589790793088692977 ) ) ;
#1979 = VECTOR ( 'NONE', #1606, 1000.000000000000000 ) ;
#1980 = VECTOR ( 'NONE', #1388, 1000.000000000000000 ) ;
#1981 = ORIENTED_EDGE ( 'NONE', *, *, #2705, .T. ) ;
#1982 = ADVANCED_FACE ( 'NONE', ( #221 ), #1667, .F. ) ;
#1983 = VECTOR ( 'NONE', #2945, 1000.000000000000000 ) ;
#1984 = CARTESIAN_POINT ( 'NONE',  ( -83.43644287719845920, -20.00000000000000355, 1.000000000000000000 ) ) ;
#1985 = DIRECTION ( 'NONE',  ( 1.000000000000000000, 0.000000000000000000, 0.000000000000000000 ) ) ;
#1986 = DIRECTION ( 'NONE',  ( -1.000000000000000000, 0.000000000000000000, 0.000000000000000000 ) ) ;
#1987 = VERTEX_POINT ( 'NONE', #2140 ) ;
#1988 = EDGE_CURVE ( 'NONE', #638, #364, #2073, .T. ) ;
#1989 = DIRECTION ( 'NONE',  ( -1.230300337572203632E-16, 1.000000000000000000, 0.000000000000000000 ) ) ;
#1990 = EDGE_CURVE ( 'NONE', #3079, #2039, #2488, .T. ) ;
#1991 = FACE_BOUND ( 'NONE', #1554, .T. ) ;
#1992 = VERTEX_POINT ( 'NONE', #1436 ) ;
#1993 = CARTESIAN_POINT ( 'NONE',  ( 55.60000000000000142, 30.60000000000000142, 2.000000000000000000 ) ) ;
#1994 = DIRECTION ( 'NONE',  ( 1.000000000000000000, 0.000000000000000000, 0.000000000000000000 ) ) ;
#1995 = ORIENTED_EDGE ( 'NONE', *, *, #2359, .F. ) ;
#1996 = CARTESIAN_POINT ( 'NONE',  ( -68.81651513899124950, -7.100000000000425970, 1.000000000000000888 ) ) ;
#1997 = ORIENTED_EDGE ( 'NONE', *, *, #2137, .T. ) ;
#1998 = ORIENTED_EDGE ( 'NONE', *, *, #874, .F. ) ;
#1999 = LINE ( 'NONE', #1033, #1074 ) ;
#2000 = CARTESIAN_POINT ( 'NONE',  ( 35.00000000000019895, -54.77225575051652129, 1.800000000000000044 ) ) ;
#2001 = CARTESIAN_POINT ( 'NONE',  ( -16.27256024000000068, 79.50000000000000000, 0.000000000000000000 ) ) ;
#2002 = VECTOR ( 'NONE', #61, 1000.000000000000000 ) ;
#2003 = ORIENTED_EDGE ( 'NONE', *, *, #2028, .T. ) ;
#2004 = DIRECTION ( 'NONE',  ( 1.000000000000000000, 0.000000000000000000, 0.000000000000000000 ) ) ;
#2005 = EDGE_CURVE ( 'NONE', #1057, #841, #153, .T. ) ;
#2006 = VECTOR ( 'NONE', #443, 1000.000000000000000 ) ;
#2007 = CIRCLE ( 'NONE', #80, 1.000000000000000888 ) ;
#2008 = LINE ( 'NONE', #2223, #604 ) ;
#2009 = ORIENTED_EDGE ( 'NONE', *, *, #1852, .F. ) ;
#2010 = DIRECTION ( 'NONE',  ( -0.000000000000000000, -0.000000000000000000, -1.000000000000000000 ) ) ;
#2011 = EDGE_CURVE ( 'NONE', #2123, #515, #1904, .T. ) ;
#2012 = CARTESIAN_POINT ( 'NONE',  ( -0.09999999999990216715, 70.50000000000004263, 2.000000000000000000 ) ) ;
#2013 = CARTESIAN_POINT ( 'NONE',  ( -17.87256024000000565, 79.50000000000000000, 0.000000000000000000 ) ) ;
#2014 = ORIENTED_EDGE ( 'NONE', *, *, #1468, .T. ) ;
#2015 = EDGE_LOOP ( 'NONE', ( #2833, #2292, #1622, #1036 ) ) ;
#2016 = EDGE_CURVE ( 'NONE', #1948, #2147, #1427, .T. ) ;
#2017 = CARTESIAN_POINT ( 'NONE',  ( -67.90000000000007674, -6.700000000000430944, -8.000000000000000000 ) ) ;
#2018 = DIRECTION ( 'NONE',  ( 0.000000000000000000, 1.000000000000000000, 0.000000000000000000 ) ) ;
#2019 = ORIENTED_EDGE ( 'NONE', *, *, #93, .F. ) ;
#2020 = DIRECTION ( 'NONE',  ( 1.000000000000000000, 0.000000000000000000, 0.000000000000000000 ) ) ;
#2021 = DIRECTION ( 'NONE',  ( 0.000000000000000000, 0.000000000000000000, 1.000000000000000000 ) ) ;
#2022 = DIRECTION ( 'NONE',  ( 0.000000000000000000, 0.000000000000000000, -1.000000000000000000 ) ) ;
#2023 = EDGE_LOOP ( 'NONE', ( #1284, #2942, #2914, #2183, #2150, #620, #423 ) ) ;
#2024 = CARTESIAN_POINT ( 'NONE',  ( 55.60000000000000853, 65.34737944248414010, 2.000000000000000000 ) ) ;
#2025 = CARTESIAN_POINT ( 'NONE',  ( -76.50000000000012790, -4.700000000000000178, 7.200000000000000178 ) ) ;
#2026 = CARTESIAN_POINT ( 'NONE',  ( 55.60000000000000142, 30.60000000000000142, 1.400000000000000133 ) ) ;
#2027 = ORIENTED_EDGE ( 'NONE', *, *, #489, .F. ) ;
#2028 = EDGE_CURVE ( 'NONE', #1106, #794, #192, .T. ) ;
#2029 = ORIENTED_EDGE ( 'NONE', *, *, #2678, .T. ) ;
#2030 = VECTOR ( 'NONE', #807, 1000.000000000000000 ) ;
#2031 = ORIENTED_EDGE ( 'NONE', *, *, #879, .F. ) ;
#2032 = EDGE_LOOP ( 'NONE', ( #1440, #2509, #1919, #1818 ) ) ;
#2033 = CARTESIAN_POINT ( 'NONE',  ( -10.89999999999988667, 62.81651513899121397, 2.000000000000000000 ) ) ;
#2034 = CARTESIAN_POINT ( 'NONE',  ( 2.800000000000002043, 79.50000000000000000, 0.000000000000000000 ) ) ;
#2035 = ORIENTED_EDGE ( 'NONE', *, *, #758, .T. ) ;
#2036 = CARTESIAN_POINT ( 'NONE',  ( -28.99999999999998934, 30.59999999999999076, 1.400000000000000133 ) ) ;
#2037 = LINE ( 'NONE', #744, #1502 ) ;
#2038 = FACE_OUTER_BOUND ( 'NONE', #273, .T. ) ;
#2039 = VERTEX_POINT ( 'NONE', #2124 ) ;
#2040 = ORIENTED_EDGE ( 'NONE', *, *, #349, .F. ) ;
#2041 = EDGE_CURVE ( 'NONE', #1578, #1183, #2871, .T. ) ;
#2042 = EDGE_CURVE ( 'NONE', #2789, #2204, #705, .T. ) ;
#2043 = AXIS2_PLACEMENT_3D ( 'NONE', #1240, #1006, #2724 ) ;
#2044 = ORIENTED_EDGE ( 'NONE', *, *, #539, .F. ) ;
#2045 = DIRECTION ( 'NONE',  ( 0.000000000000000000, 0.000000000000000000, 1.000000000000000000 ) ) ;
#2046 = CARTESIAN_POINT ( 'NONE',  ( 35.00000000000019895, -54.77225575051652129, 1.800000000000000044 ) ) ;
#2047 = ORIENTED_EDGE ( 'NONE', *, *, #3128, .T. ) ;
#2048 = DIRECTION ( 'NONE',  ( -0.000000000000000000, 1.000000000000000000, -0.000000000000000000 ) ) ;
#2049 = CARTESIAN_POINT ( 'NONE',  ( 35.00000000000019895, -54.77225575051652129, 1.800000000000000044 ) ) ;
#2050 = LINE ( 'NONE', #602, #2732 ) ;
#2051 = VERTEX_POINT ( 'NONE', #3121 ) ;
#2052 = VECTOR ( 'NONE', #2646, 1000.000000000000000 ) ;
#2053 = ORIENTED_EDGE ( 'NONE', *, *, #110, .F. ) ;
#2054 = AXIS2_PLACEMENT_3D ( 'NONE', #1058, #2502, #2968 ) ;
#2055 = CARTESIAN_POINT ( 'NONE',  ( -68.81651513899124950, -6.100000000000425970, 1.000000000000000000 ) ) ;
#2056 = FACE_OUTER_BOUND ( 'NONE', #2083, .T. ) ;
#2057 = CARTESIAN_POINT ( 'NONE',  ( -9.899999999999888445, -71.90000000000004832, 0.000000000000000000 ) ) ;
#2058 = CARTESIAN_POINT ( 'NONE',  ( -76.90000000000001990, -6.100000000000409095, 1.000000000000000000 ) ) ;
#2059 = VERTEX_POINT ( 'NONE', #1451 ) ;
#2060 = CARTESIAN_POINT ( 'NONE',  ( -10.89999999999988667, 0.000000000000000000, 0.000000000000000000 ) ) ;
#2061 = PRODUCT ( 'blob-cover', 'blob-cover', '', ( #2869 ) ) ;
#2062 = EDGE_CURVE ( 'NONE', #2592, #35, #950, .T. ) ;
#2063 = DIRECTION ( 'NONE',  ( -2.775557561562889379E-15, -1.000000000000000000, 0.000000000000000000 ) ) ;
#2064 = DIRECTION ( 'NONE',  ( 1.000000000000000000, 0.000000000000000000, 0.000000000000000000 ) ) ;
#2065 = ORIENTED_EDGE ( 'NONE', *, *, #2820, .T. ) ;
#2066 = PLANE ( 'NONE',  #2546 ) ;
#2067 = ORIENTED_EDGE ( 'NONE', *, *, #1026, .T. ) ;
#2068 = ADVANCED_FACE ( 'NONE', ( #726 ), #2447, .F. ) ;
#2069 = AXIS2_PLACEMENT_3D ( 'NONE', #1891, #1941, #1437 ) ;
#2070 = AXIS2_PLACEMENT_3D ( 'NONE', #1025, #1975, #1073 ) ;
#2071 = VECTOR ( 'NONE', #1260, 1000.000000000000000 ) ;
#2072 = EDGE_LOOP ( 'NONE', ( #2643, #1911, #2737, #667, #2918 ) ) ;
#2073 = CIRCLE ( 'NONE', #1272, 20.40000000000041780 ) ;
#2074 = VECTOR ( 'NONE', #1044, 1000.000000000000000 ) ;
#2075 = FACE_BOUND ( 'NONE', #25, .T. ) ;
#2076 = EDGE_CURVE ( 'NONE', #682, #2406, #2677, .T. ) ;
#2077 = DIRECTION ( 'NONE',  ( -1.000000000000000000, 0.000000000000000000, 0.000000000000000000 ) ) ;
#2078 = EDGE_LOOP ( 'NONE', ( #1960, #1423, #665, #1709 ) ) ;
#2079 = DIRECTION ( 'NONE',  ( -0.000000000000000000, -0.000000000000000000, -1.000000000000000000 ) ) ;
#2080 = LINE ( 'NONE', #1147, #1793 ) ;
#2081 = FACE_OUTER_BOUND ( 'NONE', #1030, .T. ) ;
#2082 = EDGE_CURVE ( 'NONE', #3073, #50, #1694, .T. ) ;
#2083 = EDGE_LOOP ( 'NONE', ( #487, #441, #2609, #828 ) ) ;
#2084 = DIRECTION ( 'NONE',  ( 0.000000000000000000, 0.000000000000000000, 1.000000000000000000 ) ) ;
#2085 = DIRECTION ( 'NONE',  ( -0.000000000000000000, -0.000000000000000000, 1.000000000000000000 ) ) ;
#2086 = ORIENTED_EDGE ( 'NONE', *, *, #3062, .T. ) ;
#2087 = VERTEX_POINT ( 'NONE', #1934 ) ;
#2088 = CARTESIAN_POINT ( 'NONE',  ( -28.99999999999998579, -30.60000000000001208, 1.400000000000000133 ) ) ;
#2089 = CARTESIAN_POINT ( 'NONE',  ( 0.3000000000004717782, -71.90000000000004832, -8.000000000000000000 ) ) ;
#2090 = FACE_OUTER_BOUND ( 'NONE', #2847, .T. ) ;
#2091 = CARTESIAN_POINT ( 'NONE',  ( -78.50000000000001421, 6.699999999999980638, 2.000000000000000000 ) ) ;
#2092 = ORIENTED_EDGE ( 'NONE', *, *, #871, .T. ) ;
#2093 = CARTESIAN_POINT ( 'NONE',  ( 55.60000000000000853, -65.34737944248414010, 2.000000000000000000 ) ) ;
#2094 = DIRECTION ( 'NONE',  ( 1.000000000000000000, -2.775557561562889379E-15, 0.000000000000000000 ) ) ;
#2095 = CARTESIAN_POINT ( 'NONE',  ( 55.40000000000025437, 54.77225575051674156, 1.800000000000000044 ) ) ;
#2096 = VECTOR ( 'NONE', #1206, 1000.000000000000000 ) ;
#2097 = VERTEX_POINT ( 'NONE', #481 ) ;
#2098 = CARTESIAN_POINT ( 'NONE',  ( -11.49999999999988454, -72.50000000000005684, 2.000000000000000000 ) ) ;
#2099 = DIRECTION ( 'NONE',  ( -0.000000000000000000, -0.3589790793088692977, -0.9333456062030593969 ) ) ;
#2100 = ORIENTED_EDGE ( 'NONE', *, *, #2102, .F. ) ;
#2101 = CIRCLE ( 'NONE', #179, 1.000000000000000888 ) ;
#2102 = EDGE_CURVE ( 'NONE', #2147, #1948, #2682, .T. ) ;
#2103 = DIRECTION ( 'NONE',  ( 1.000000000000000000, 0.000000000000000000, 0.000000000000000000 ) ) ;
#2104 = FACE_BOUND ( 'NONE', #2757, .T. ) ;
#2105 = FACE_OUTER_BOUND ( 'NONE', #2460, .T. ) ;
#2106 = APPLICATION_CONTEXT ( 'automotive_design' ) ;
#2107 = CIRCLE ( 'NONE', #187, 19.99999999999997513 ) ;
#2108 = DIRECTION ( 'NONE',  ( 1.000000000000000000, 0.000000000000000000, 0.000000000000000000 ) ) ;
#2109 = EDGE_LOOP ( 'NONE', ( #2343, #598, #2717, #729 ) ) ;
#2110 = FACE_OUTER_BOUND ( 'NONE', #147, .T. ) ;
#2111 = ADVANCED_FACE ( 'NONE', ( #445 ), #2182, .T. ) ;
#2112 = ORIENTED_EDGE ( 'NONE', *, *, #426, .T. ) ;
#2113 = CYLINDRICAL_SURFACE ( 'NONE', #394, 1.000000000000000888 ) ;
#2114 = ORIENTED_EDGE ( 'NONE', *, *, #432, .F. ) ;
#2115 = DIRECTION ( 'NONE',  ( 1.000000000000000000, 0.000000000000000000, 0.000000000000000000 ) ) ;
#2116 = FACE_OUTER_BOUND ( 'NONE', #684, .T. ) ;
#2117 = ORIENTED_EDGE ( 'NONE', *, *, #2835, .F. ) ;
#2118 = EDGE_CURVE ( 'NONE', #1798, #2814, #1819, .T. ) ;
#2119 = ORIENTED_EDGE ( 'NONE', *, *, #1971, .T. ) ;
#2120 = ADVANCED_FACE ( 'NONE', ( #2198 ), #1913, .T. ) ;
#2121 = CARTESIAN_POINT ( 'NONE',  ( -0.09999999999988490318, 68.70000000000005969, 4.599999999999999645 ) ) ;
#2122 = CYLINDRICAL_SURFACE ( 'NONE', #1377, 1.000000000000000888 ) ;
#2123 = VERTEX_POINT ( 'NONE', #1329 ) ;
#2124 = CARTESIAN_POINT ( 'NONE',  ( 7.199999999999998401, -79.50000000000000000, 0.000000000000000000 ) ) ;
#2125 = AXIS2_PLACEMENT_3D ( 'NONE', #100, #335, #589 ) ;
#2126 = VECTOR ( 'NONE', #742, 1000.000000000000000 ) ;
#2127 = DIRECTION ( 'NONE',  ( -0.000000000000000000, -0.000000000000000000, -1.000000000000000000 ) ) ;
#2128 = ORIENTED_EDGE ( 'NONE', *, *, #2782, .F. ) ;
#2129 = DIRECTION ( 'NONE',  ( -0.000000000000000000, -0.000000000000000000, 1.000000000000000000 ) ) ;
#2130 = DIRECTION ( 'NONE',  ( -1.000000000000000000, 0.000000000000000000, 0.000000000000000000 ) ) ;
#2131 = ORIENTED_EDGE ( 'NONE', *, *, #818, .T. ) ;
#2132 = ORIENTED_EDGE ( 'NONE', *, *, #242, .T. ) ;
#2133 = EDGE_CURVE ( 'NONE', #3061, #714, #2293, .T. ) ;
#2134 = DIRECTION ( 'NONE',  ( -0.000000000000000000, -1.000000000000000000, -0.000000000000000000 ) ) ;
#2135 = CIRCLE ( 'NONE', #3097, 2.199999999999997957 ) ;
#2136 = EDGE_CURVE ( 'NONE', #594, #2844, #1670, .T. ) ;
#2137 = EDGE_CURVE ( 'NONE', #449, #353, #2967, .T. ) ;
#2138 = CARTESIAN_POINT ( 'NONE',  ( 34.99999999999983658, 54.77225575051674156, 1.800000000000000044 ) ) ;
#2139 = VERTEX_POINT ( 'NONE', #2274 ) ;
#2140 = CARTESIAN_POINT ( 'NONE',  ( -10.89999999999988667, -62.81651513899121397, 2.000000000000000000 ) ) ;
#2141 = EDGE_CURVE ( 'NONE', #2396, #406, #1772, .T. ) ;
#2142 = DIRECTION ( 'NONE',  ( 0.000000000000000000, -1.000000000000000000, 0.000000000000000000 ) ) ;
#2143 = VECTOR ( 'NONE', #1721, 1000.000000000000341 ) ;
#2144 = CARTESIAN_POINT ( 'NONE',  ( -76.50000000000012790, -4.700000000000000178, 2.000000000000000000 ) ) ;
#2145 = ORIENTED_EDGE ( 'NONE', *, *, #292, .F. ) ;
#2146 = LINE ( 'NONE', #1213, #2959 ) ;
#2147 = VERTEX_POINT ( 'NONE', #1309 ) ;
#2148 = VECTOR ( 'NONE', #1951, 1000.000000000000000 ) ;
#2149 = CARTESIAN_POINT ( 'NONE',  ( -9.499999999999884537, 68.70000000000005969, 4.599999999999999645 ) ) ;
#2150 = ORIENTED_EDGE ( 'NONE', *, *, #1509, .T. ) ;
#2151 = CIRCLE ( 'NONE', #623, 19.99999999999998934 ) ;
#2152 = DIRECTION ( 'NONE',  ( 1.000000000000000000, -0.000000000000000000, 0.000000000000000000 ) ) ;
#2153 = CIRCLE ( 'NONE', #83, 1.600000000000004086 ) ;
#2154 = LINE ( 'NONE', #946, #1650 ) ;
#2155 = EDGE_LOOP ( 'NONE', ( #378, #2954, #1545, #2858 ) ) ;
#2156 = DIRECTION ( 'NONE',  ( 0.000000000000000000, 0.000000000000000000, 1.000000000000000000 ) ) ;
#2157 = DIRECTION ( 'NONE',  ( -1.000000000000000000, 0.000000000000000000, 0.000000000000000000 ) ) ;
#2158 = CARTESIAN_POINT ( 'NONE',  ( 55.60000000000000853, -20.00000000000000355, 0.000000000000000000 ) ) ;
#2159 = EDGE_LOOP ( 'NONE', ( #1925, #1347, #987, #645, #1067, #1040 ) ) ;
#2160 = EDGE_CURVE ( 'NONE', #1106, #702, #2714, .T. ) ;
#2161 = CARTESIAN_POINT ( 'NONE',  ( -73.70000000000013074, -4.700000000000000178, 4.599999999999999645 ) ) ;
#2162 = AXIS2_PLACEMENT_3D ( 'NONE', #2000, #2924, #1985 ) ;
#2163 = FACE_OUTER_BOUND ( 'NONE', #195, .T. ) ;
#2164 = ORIENTED_EDGE ( 'NONE', *, *, #617, .T. ) ;
#2165 = EDGE_LOOP ( 'NONE', ( #1939, #1633, #745, #1707, #1165, #2378, #1194, #1536, #1043, #1804 ) ) ;
#2166 = CYLINDRICAL_SURFACE ( 'NONE', #2162, 19.99999999999998934 ) ;
#2167 = DIRECTION ( 'NONE',  ( 1.000000000000000000, 0.000000000000000000, 0.000000000000000000 ) ) ;
#2168 = ORIENTED_EDGE ( 'NONE', *, *, #857, .T. ) ;
#2169 = CARTESIAN_POINT ( 'NONE',  ( 55.60000000000000853, -30.60000000000000142, 1.400000000000000133 ) ) ;
#2170 = CARTESIAN_POINT ( 'NONE',  ( -14.67256023999999748, 79.50000000000000000, 2.000000000000000000 ) ) ;
#2171 = ADVANCED_FACE ( 'NONE', ( #535 ), #792, .F. ) ;
#2172 = CIRCLE ( 'NONE', #2331, 20.00000000000000355 ) ;
#2173 = VECTOR ( 'NONE', #2115, 1000.000000000000000 ) ;
#2174 = DIRECTION ( 'NONE',  ( -0.000000000000000000, 0.000000000000000000, 1.000000000000000000 ) ) ;
#2175 = VERTEX_POINT ( 'NONE', #520 ) ;
#2176 = VECTOR ( 'NONE', #1577, 1000.000000000000000 ) ;
#2177 = CARTESIAN_POINT ( 'NONE',  ( -54.77199999999989188, -35.00040022628333247, 1.800000000000000044 ) ) ;
#2178 = ORIENTED_EDGE ( 'NONE', *, *, #1643, .T. ) ;
#2179 = EDGE_CURVE ( 'NONE', #1523, #714, #2332, .T. ) ;
#2180 = VECTOR ( 'NONE', #869, 1000.000000000000000 ) ;
#2181 = CIRCLE ( 'NONE', #3139, 20.40000000000000213 ) ;
#2182 = CYLINDRICAL_SURFACE ( 'NONE', #3034, 20.00000000000000355 ) ;
#2183 = ORIENTED_EDGE ( 'NONE', *, *, #122, .T. ) ;
#2184 = DIRECTION ( 'NONE',  ( -1.000000000000000000, 0.000000000000000000, 0.000000000000000000 ) ) ;
#2185 = LINE ( 'NONE', #1698, #2656 ) ;
#2186 = PLANE ( 'NONE',  #1392 ) ;
#2187 = LINE ( 'NONE', #1415, #653 ) ;
#2188 = DIRECTION ( 'NONE',  ( 1.636531581110194670E-16, -1.000000000000000000, 0.000000000000000000 ) ) ;
#2189 = VERTEX_POINT ( 'NONE', #2225 ) ;
#2190 = CARTESIAN_POINT ( 'NONE',  ( -17.87256024000000565, -79.50000000000000000, 0.000000000000000000 ) ) ;
#2191 = CARTESIAN_POINT ( 'NONE',  ( -9.499999999999904077, 70.50000000000004263, 7.200000000000000178 ) ) ;
#2192 = ORIENTED_EDGE ( 'NONE', *, *, #756, .F. ) ;
#2193 = CARTESIAN_POINT ( 'NONE',  ( -83.43644287719845920, -20.00000000000000355, 1.000000000000000000 ) ) ;
#2194 = DIRECTION ( 'NONE',  ( 1.636531581110194670E-16, -1.000000000000000000, 0.000000000000000000 ) ) ;
#2195 = EDGE_LOOP ( 'NONE', ( #893, #954 ) ) ;
#2196 = DIRECTION ( 'NONE',  ( 0.000000000000000000, -1.000000000000000000, 0.000000000000000000 ) ) ;
#2197 = VECTOR ( 'NONE', #1758, 1000.000000000000000 ) ;
#2198 = FACE_OUTER_BOUND ( 'NONE', #1583, .T. ) ;
#2199 = ORIENTED_EDGE ( 'NONE', *, *, #489, .T. ) ;
#2200 = CARTESIAN_POINT ( 'NONE',  ( -54.77200000000012636, 35.00040022628292746, 1.800000000000000044 ) ) ;
#2201 = EDGE_CURVE ( 'NONE', #2175, #2676, #51, .T. ) ;
#2202 = CARTESIAN_POINT ( 'NONE',  ( -83.43644287719845920, 20.00000000000002487, 1.000000000000000000 ) ) ;
#2203 = LINE ( 'NONE', #2941, #1136 ) ;
#2204 = VERTEX_POINT ( 'NONE', #555 ) ;
#2205 = CIRCLE ( 'NONE', #2762, 1.000000000000000000 ) ;
#2206 = CARTESIAN_POINT ( 'NONE',  ( 1.693090112553290202E-14, 6.099999999999740297, 1.000000000000000000 ) ) ;
#2207 = DIRECTION ( 'NONE',  ( 0.000000000000000000, 0.000000000000000000, 1.000000000000000000 ) ) ;
#2208 = ORIENTED_EDGE ( 'NONE', *, *, #144, .F. ) ;
#2209 = ADVANCED_FACE ( 'NONE', ( #2947 ), #2999, .F. ) ;
#2210 = CARTESIAN_POINT ( 'NONE',  ( -16.27256024000000068, 79.50000000000000000, 2.000000000000000000 ) ) ;
#2211 = ORIENTED_EDGE ( 'NONE', *, *, #158, .T. ) ;
#2212 = CARTESIAN_POINT ( 'NONE',  ( -77.90000000000001990, 0.000000000000000000, 1.000000000000000000 ) ) ;
#2213 = DIRECTION ( 'NONE',  ( -0.000000000000000000, 1.000000000000000000, -0.000000000000000000 ) ) ;
#2214 = CIRCLE ( 'NONE', #2369, 20.00000000000000355 ) ;
#2215 = VERTEX_POINT ( 'NONE', #1993 ) ;
#2216 = EDGE_CURVE ( 'NONE', #974, #1393, #2283, .T. ) ;
#2217 = CARTESIAN_POINT ( 'NONE',  ( 3.070133246162553409E-14, 6.699999999999620037, 1.000000000000000000 ) ) ;
#2218 = DIRECTION ( 'NONE',  ( -0.000000000000000000, -0.000000000000000000, -1.000000000000000000 ) ) ;
#2219 = ADVANCED_FACE ( 'NONE', ( #1731 ), #1501, .F. ) ;
#2220 = LINE ( 'NONE', #1512, #367 ) ;
#2221 = VERTEX_POINT ( 'NONE', #1262 ) ;
#2222 = CARTESIAN_POINT ( 'NONE',  ( -77.90000000000001990, -5.100000000000408207, 1.000000000000000000 ) ) ;
#2223 = CARTESIAN_POINT ( 'NONE',  ( 55.60000000000000142, 29.60000000000000142, 1.400000000000000133 ) ) ;
#2224 = VERTEX_POINT ( 'NONE', #2024 ) ;
#2225 = CARTESIAN_POINT ( 'NONE',  ( -74.70000000000013074, 4.700000000000000178, 7.200000000000000178 ) ) ;
#2226 = CARTESIAN_POINT ( 'NONE',  ( -9.499999999999884537, 67.70000000000004547, 4.599999999999999645 ) ) ;
#2227 = ORIENTED_EDGE ( 'NONE', *, *, #1805, .T. ) ;
#2228 = CIRCLE ( 'NONE', #849, 2.199999999999997957 ) ;
#2229 = LINE ( 'NONE', #2483, #812 ) ;
#2230 = LINE ( 'NONE', #2688, #318 ) ;
#2231 = AXIS2_PLACEMENT_3D ( 'NONE', #907, #1394, #379 ) ;
#2232 = VECTOR ( 'NONE', #1200, 1000.000000000000000 ) ;
#2233 = ORIENTED_EDGE ( 'NONE', *, *, #356, .F. ) ;
#2234 = VECTOR ( 'NONE', #2572, 1000.000000000000000 ) ;
#2235 = ORIENTED_EDGE ( 'NONE', *, *, #202, .F. ) ;
#2236 = CIRCLE ( 'NONE', #2486, 19.99999999999997513 ) ;
#2237 = EDGE_CURVE ( 'NONE', #1987, #1695, #2262, .T. ) ;
#2238 = LINE ( 'NONE', #2202, #1445 ) ;
#2239 = DIRECTION ( 'NONE',  ( 1.000000000000000000, 1.245016848787182505E-16, -0.000000000000000000 ) ) ;
#2240 = ORIENTED_EDGE ( 'NONE', *, *, #2510, .F. ) ;
#2241 = EDGE_CURVE ( 'NONE', #765, #257, #968, .T. ) ;
#2242 = AXIS2_PLACEMENT_3D ( 'NONE', #1246, #2935, #1748 ) ;
#2243 = DIRECTION ( 'NONE',  ( 0.000000000000000000, 0.000000000000000000, 1.000000000000000000 ) ) ;
#2244 = FACE_BOUND ( 'NONE', #3089, .T. ) ;
#2245 = EDGE_LOOP ( 'NONE', ( #2044, #695, #1012, #1879 ) ) ;
#2246 = LINE ( 'NONE', #2275, #297 ) ;
#2247 = EDGE_CURVE ( 'NONE', #678, #2614, #2187, .T. ) ;
#2248 = DIRECTION ( 'NONE',  ( 1.000000000000000000, 0.000000000000000000, 0.000000000000000000 ) ) ;
#2249 = LINE ( 'NONE', #73, #2074 ) ;
#2250 = DIRECTION ( 'NONE',  ( 1.000000000000000000, 0.000000000000000000, 0.000000000000000000 ) ) ;
#2251 = ORIENTED_EDGE ( 'NONE', *, *, #2136, .T. ) ;
#2252 = EDGE_LOOP ( 'NONE', ( #738, #2703, #1370, #455, #3029, #1430, #1544, #2029, #1261, #2402 ) ) ;
#2253 = FACE_OUTER_BOUND ( 'NONE', #760, .T. ) ;
#2254 = CARTESIAN_POINT ( 'NONE',  ( -9.499999999999904077, 70.50000000000004263, 7.200000000000000178 ) ) ;
#2255 = VECTOR ( 'NONE', #234, 1000.000000000000341 ) ;
#2256 = ORIENTED_EDGE ( 'NONE', *, *, #1079, .T. ) ;
#2257 = CARTESIAN_POINT ( 'NONE',  ( -0.09999999999988490318, -70.50000000000004263, 7.200000000000000178 ) ) ;
#2258 = EDGE_CURVE ( 'NONE', #2562, #1459, #690, .T. ) ;
#2259 = AXIS2_PLACEMENT_3D ( 'NONE', #641, #1384, #1855 ) ;
#2260 = DIRECTION ( 'NONE',  ( 0.000000000000000000, 0.000000000000000000, 1.000000000000000000 ) ) ;
#2261 = VERTEX_POINT ( 'NONE', #1900 ) ;
#2262 = LINE ( 'NONE', #2982, #960 ) ;
#2263 = FACE_OUTER_BOUND ( 'NONE', #2408, .T. ) ;
#2264 = DIRECTION ( 'NONE',  ( -0.000000000000000000, 1.000000000000000000, -0.000000000000000000 ) ) ;
#2265 = CARTESIAN_POINT ( 'NONE',  ( -27.99999999999998224, 29.59999999999999076, 1.400000000000000133 ) ) ;
#2266 = EDGE_CURVE ( 'NONE', #2189, #2267, #985, .T. ) ;
#2267 = VERTEX_POINT ( 'NONE', #947 ) ;
#2268 = ORIENTED_EDGE ( 'NONE', *, *, #2472, .T. ) ;
#2269 = ORIENTED_EDGE ( 'NONE', *, *, #2338, .F. ) ;
#2270 = DIRECTION ( 'NONE',  ( 1.000000000000000000, -1.497210463742060797E-16, 0.000000000000000000 ) ) ;
#2271 = DIRECTION ( 'NONE',  ( 0.000000000000000000, -0.000000000000000000, -1.000000000000000000 ) ) ;
#2272 = PLANE ( 'NONE',  #2284 ) ;
#2273 = VERTEX_POINT ( 'NONE', #2884 ) ;
#2274 = CARTESIAN_POINT ( 'NONE',  ( -34.77200000000011926, 35.00040022628292746, 2.000000000000000000 ) ) ;
#2275 = CARTESIAN_POINT ( 'NONE',  ( -83.43644287719845920, -20.00000000000000355, 0.000000000000000000 ) ) ;
#2276 = LINE ( 'NONE', #1263, #1787 ) ;
#2277 = EDGE_CURVE ( 'NONE', #37, #2614, #709, .T. ) ;
#2278 = DIRECTION ( 'NONE',  ( 0.000000000000000000, -0.000000000000000000, -1.000000000000000000 ) ) ;
#2279 = EDGE_LOOP ( 'NONE', ( #927, #92, #815, #414 ) ) ;
#2280 = ADVANCED_FACE ( 'NONE', ( #421 ), #1351, .T. ) ;
#2281 = ORIENTED_EDGE ( 'NONE', *, *, #2349, .T. ) ;
#2282 = VECTOR ( 'NONE', #3091, 1000.000000000000000 ) ;
#2283 = CIRCLE ( 'NONE', #2987, 20.39999999999966818 ) ;
#2284 = AXIS2_PLACEMENT_3D ( 'NONE', #1307, #1515, #1278 ) ;
#2285 = CARTESIAN_POINT ( 'NONE',  ( 34.99999999999983658, 54.77225575051674156, 1.800000000000000044 ) ) ;
#2286 = DIRECTION ( 'NONE',  ( -1.000000000000000000, 0.000000000000000000, 0.000000000000000000 ) ) ;
#2287 = DIRECTION ( 'NONE',  ( 0.000000000000000000, 1.000000000000000000, 0.000000000000000000 ) ) ;
#2288 = ORIENTED_EDGE ( 'NONE', *, *, #834, .F. ) ;
#2289 = DIRECTION ( 'NONE',  ( 0.000000000000000000, 0.000000000000000000, 1.000000000000000000 ) ) ;
#2290 = DIRECTION ( 'NONE',  ( -0.000000000000000000, 0.000000000000000000, 1.000000000000000000 ) ) ;
#2291 = DIRECTION ( 'NONE',  ( 1.000000000000000000, 0.000000000000000000, 0.000000000000000000 ) ) ;
#2292 = ORIENTED_EDGE ( 'NONE', *, *, #2681, .T. ) ;
#2293 = LINE ( 'NONE', #816, #2580 ) ;
#2294 =( GEOMETRIC_REPRESENTATION_CONTEXT ( 3 ) GLOBAL_UNCERTAINTY_ASSIGNED_CONTEXT ( ( #2379 ) ) GLOBAL_UNIT_ASSIGNED_CONTEXT ( ( #1685, #3135, #12 ) ) REPRESENTATION_CONTEXT ( 'NONE', 'WORKASPACE' ) );
#2295 = VECTOR ( 'NONE', #619, 1000.000000000000000 ) ;
#2296 = VERTEX_POINT ( 'NONE', #2599 ) ;
#2297 = MANIFOLD_SOLID_BREP ( 'Fillet10', #1806 ) ;
#2298 = EDGE_CURVE ( 'NONE', #582, #2123, #1856, .T. ) ;
#2299 = VECTOR ( 'NONE', #2504, 1000.000000000000000 ) ;
#2300 = ADVANCED_FACE ( 'NONE', ( #918 ), #1335, .F. ) ;
#2301 = CARTESIAN_POINT ( 'NONE',  ( -68.81651513899124950, -6.100000000000425970, -8.000000000000000000 ) ) ;
#2302 = LINE ( 'NONE', #865, #3011 ) ;
#2303 = FILL_AREA_STYLE_COLOUR ( '', #1320 ) ;
#2304 = DIRECTION ( 'NONE',  ( 0.000000000000000000, 0.000000000000000000, 1.000000000000000000 ) ) ;
#2305 = ORIENTED_EDGE ( 'NONE', *, *, #2382, .F. ) ;
#2306 = LINE ( 'NONE', #2778, #1821 ) ;
#2307 = DIRECTION ( 'NONE',  ( 1.000000000000000000, 0.000000000000000000, 0.000000000000000000 ) ) ;
#2308 = AXIS2_PLACEMENT_3D ( 'NONE', #1458, #2654, #2436 ) ;
#2309 = CARTESIAN_POINT ( 'NONE',  ( 0.3000000000004717782, -70.90000000000004832, -8.000000000000000000 ) ) ;
#2310 = EDGE_CURVE ( 'NONE', #1789, #961, #404, .T. ) ;
#2311 = VERTEX_POINT ( 'NONE', #2057 ) ;
#2312 = CARTESIAN_POINT ( 'NONE',  ( 55.60000000000000853, -30.60000000000000142, 1.400000000000000133 ) ) ;
#2313 = DIRECTION ( 'NONE',  ( 0.000000000000000000, -0.000000000000000000, -1.000000000000000000 ) ) ;
#2314 = ORIENTED_EDGE ( 'NONE', *, *, #2298, .T. ) ;
#2315 = EDGE_CURVE ( 'NONE', #2875, #1695, #3022, .T. ) ;
#2316 = CIRCLE ( 'NONE', #789, 20.40000000000000213 ) ;
#2317 = LINE ( 'NONE', #139, #591 ) ;
#2318 = ADVANCED_FACE ( 'NONE', ( #2105 ), #899, .T. ) ;
#2319 = DIRECTION ( 'NONE',  ( -1.636531581110194670E-16, -1.000000000000000000, 0.000000000000000000 ) ) ;
#2320 = LINE ( 'NONE', #1839, #203 ) ;
#2321 = DIRECTION ( 'NONE',  ( 1.000000000000000000, 0.000000000000000000, 0.000000000000000000 ) ) ;
#2322 = ORIENTED_EDGE ( 'NONE', *, *, #617, .F. ) ;
#2323 = DIRECTION ( 'NONE',  ( -0.000000000000000000, -0.000000000000000000, 1.000000000000000000 ) ) ;
#2324 = DIRECTION ( 'NONE',  ( -0.000000000000000000, -0.000000000000000000, -1.000000000000000000 ) ) ;
#2325 = DIRECTION ( 'NONE',  ( -0.000000000000000000, 0.000000000000000000, 1.000000000000000000 ) ) ;
#2326 = EDGE_LOOP ( 'NONE', ( #1794, #1308, #2777, #977, #568, #3136, #1817, #2360, #1139, #1379 ) ) ;
#2327 = CARTESIAN_POINT ( 'NONE',  ( -9.499999999999886313, 68.70000000000005969, 2.000000000000000000 ) ) ;
#2328 = LINE ( 'NONE', #2577, #622 ) ;
#2329 = ORIENTED_EDGE ( 'NONE', *, *, #2510, .T. ) ;
#2330 = ORIENTED_EDGE ( 'NONE', *, *, #1114, .F. ) ;
#2331 = AXIS2_PLACEMENT_3D ( 'NONE', #1404, #971, #693 ) ;
#2332 = CIRCLE ( 'NONE', #2070, 1.600000000000004086 ) ;
#2333 = CIRCLE ( 'NONE', #2736, 1.000000000000000888 ) ;
#2334 = LINE ( 'NONE', #1305, #33 ) ;
#2335 = AXIS2_PLACEMENT_3D ( 'NONE', #215, #1189, #2742 ) ;
#2336 = PLANE ( 'NONE',  #480 ) ;
#2337 = CARTESIAN_POINT ( 'NONE',  ( -54.77199999999989188, -35.00040022628333247, 1.800000000000000044 ) ) ;
#2338 = EDGE_CURVE ( 'NONE', #794, #3017, #2320, .T. ) ;
#2339 = LINE ( 'NONE', #3056, #550 ) ;
#2340 = ORIENTED_EDGE ( 'NONE', *, *, #1809, .T. ) ;
#2341 = DIRECTION ( 'NONE',  ( 1.000000000000000000, 0.000000000000000000, 0.000000000000000000 ) ) ;
#2342 = CARTESIAN_POINT ( 'NONE',  ( -0.09999999999988490318, 68.70000000000005969, 4.599999999999999645 ) ) ;
#2343 = ORIENTED_EDGE ( 'NONE', *, *, #370, .T. ) ;
#2344 = EDGE_CURVE ( 'NONE', #2204, #1629, #1868, .T. ) ;
#2345 = CARTESIAN_POINT ( 'NONE',  ( -9.499999999999886313, 68.70000000000005969, 7.200000000000000178 ) ) ;
#2346 = CARTESIAN_POINT ( 'NONE',  ( 1.900000000000470646, -72.50000000000005684, 2.000000000000000000 ) ) ;
#2347 = ORIENTED_EDGE ( 'NONE', *, *, #1661, .F. ) ;
#2348 = VECTOR ( 'NONE', #2194, 1000.000000000000000 ) ;
#2349 = EDGE_CURVE ( 'NONE', #364, #638, #1722, .T. ) ;
#2350 = CARTESIAN_POINT ( 'NONE',  ( 55.60000000000000853, 65.34737944248414010, 2.000000000000000000 ) ) ;
#2351 = AXIS2_PLACEMENT_3D ( 'NONE', #1996, #2468, #1752 ) ;
#2352 = DIRECTION ( 'NONE',  ( -1.000000000000000000, 0.000000000000000000, 0.000000000000000000 ) ) ;
#2353 = CARTESIAN_POINT ( 'NONE',  ( -67.90000000000001990, 6.699999999999931788, -8.000000000000000000 ) ) ;
#2354 = DIRECTION ( 'NONE',  ( -1.000000000000000000, 0.000000000000000000, 0.000000000000000000 ) ) ;
#2355 = ORIENTED_EDGE ( 'NONE', *, *, #896, .F. ) ;
#2356 = LINE ( 'NONE', #902, #2390 ) ;
#2357 = LINE ( 'NONE', #177, #1892 ) ;
#2358 = CARTESIAN_POINT ( 'NONE',  ( -9.499999999999904077, 70.50000000000004263, 7.200000000000000178 ) ) ;
#2359 = EDGE_CURVE ( 'NONE', #2273, #1174, #1367, .T. ) ;
#2360 = ORIENTED_EDGE ( 'NONE', *, *, #1777, .T. ) ;
#2361 = CARTESIAN_POINT ( 'NONE',  ( -1.084202172485504434E-16, 0.000000000000000000, 2.000000000000000000 ) ) ;
#2362 = CARTESIAN_POINT ( 'NONE',  ( -76.50000000000012790, 4.700000000000000178, 7.200000000000000178 ) ) ;
#2363 = EDGE_LOOP ( 'NONE', ( #504, #2610, #608, #1945 ) ) ;
#2364 = ADVANCED_FACE ( 'NONE', ( #2090 ), #642, .T. ) ;
#2365 = VECTOR ( 'NONE', #1588, 1000.000000000000000 ) ;
#2366 = ORIENTED_EDGE ( 'NONE', *, *, #1226, .F. ) ;
#2367 = DIRECTION ( 'NONE',  ( -0.000000000000000000, 0.000000000000000000, 1.000000000000000000 ) ) ;
#2368 = FACE_BOUND ( 'NONE', #264, .T. ) ;
#2369 = AXIS2_PLACEMENT_3D ( 'NONE', #3052, #1634, #1649 ) ;
#2370 = CYLINDRICAL_SURFACE ( 'NONE', #1270, 2.199999999999997957 ) ;
#2371 = VERTEX_POINT ( 'NONE', #2312 ) ;
#2372 = CARTESIAN_POINT ( 'NONE',  ( -16.27256024000000068, 79.50000000000000000, 2.000000000000000000 ) ) ;
#2373 = CARTESIAN_POINT ( 'NONE',  ( -76.90000000000001990, 5.099999999999953459, 1.000000000000000888 ) ) ;
#2374 = ORIENTED_EDGE ( 'NONE', *, *, #1348, .T. ) ;
#2375 = EDGE_CURVE ( 'NONE', #328, #2995, #2929, .T. ) ;
#2376 = FACE_OUTER_BOUND ( 'NONE', #2602, .T. ) ;
#2377 = DIRECTION ( 'NONE',  ( 0.000000000000000000, 0.000000000000000000, 1.000000000000000000 ) ) ;
#2378 = ORIENTED_EDGE ( 'NONE', *, *, #2745, .T. ) ;
#2379 = UNCERTAINTY_MEASURE_WITH_UNIT (LENGTH_MEASURE( 1.000000000000000082E-05 ), #1685, 'distance_accuracy_value', 'NONE');
#2380 = EDGE_CURVE ( 'NONE', #2878, #1163, #3093, .T. ) ;
#2381 = ORIENTED_EDGE ( 'NONE', *, *, #2605, .F. ) ;
#2382 = EDGE_CURVE ( 'NONE', #2487, #1829, #167, .T. ) ;
#2383 = DIRECTION ( 'NONE',  ( 1.000000000000000000, 0.000000000000000000, 0.000000000000000000 ) ) ;
#2384 = VECTOR ( 'NONE', #1612, 1000.000000000000000 ) ;
#2385 = CARTESIAN_POINT ( 'NONE',  ( -1.084202172485504434E-16, -72.50000000000005684, 0.000000000000000000 ) ) ;
#2386 = CARTESIAN_POINT ( 'NONE',  ( -76.50000000000012790, 4.700000000000000178, 7.200000000000000178 ) ) ;
#2387 = SHAPE_DEFINITION_REPRESENTATION ( #639, #2744 ) ;
#2388 = ORIENTED_EDGE ( 'NONE', *, *, #284, .F. ) ;
#2389 = DIRECTION ( 'NONE',  ( 0.000000000000000000, 0.000000000000000000, 1.000000000000000000 ) ) ;
#2390 = VECTOR ( 'NONE', #1639, 1000.000000000000000 ) ;
#2391 = AXIS2_PLACEMENT_3D ( 'NONE', #2695, #1159, #835 ) ;
#2392 = DIRECTION ( 'NONE',  ( -0.000000000000000000, -0.000000000000000000, 1.000000000000000000 ) ) ;
#2393 = CARTESIAN_POINT ( 'NONE',  ( 34.99999999999983658, 54.77225575051674156, 1.800000000000000044 ) ) ;
#2394 = ORIENTED_EDGE ( 'NONE', *, *, #1788, .F. ) ;
#2395 = DIRECTION ( 'NONE',  ( 1.000000000000000000, 0.000000000000000000, 0.000000000000000000 ) ) ;
#2396 = VERTEX_POINT ( 'NONE', #668 ) ;
#2397 = VERTEX_POINT ( 'NONE', #618 ) ;
#2398 = PLANE ( 'NONE',  #2335 ) ;
#2399 = DIRECTION ( 'NONE',  ( -0.000000000000000000, -1.000000000000000000, -0.000000000000000000 ) ) ;
#2400 = LINE ( 'NONE', #2883, #881 ) ;
#2401 = EDGE_CURVE ( 'NONE', #1638, #397, #1630, .T. ) ;
#2402 = ORIENTED_EDGE ( 'NONE', *, *, #2600, .T. ) ;
#2403 = DIRECTION ( 'NONE',  ( -0.000000000000000000, 0.000000000000000000, 1.000000000000000000 ) ) ;
#2404 = DIRECTION ( 'NONE',  ( 0.000000000000000000, -0.000000000000000000, -1.000000000000000000 ) ) ;
#2405 = LINE ( 'NONE', #459, #854 ) ;
#2406 = VERTEX_POINT ( 'NONE', #412 ) ;
#2407 = LINE ( 'NONE', #270, #60 ) ;
#2408 = EDGE_LOOP ( 'NONE', ( #2989, #1482, #2128, #2340 ) ) ;
#2409 = ADVANCED_FACE ( 'NONE', ( #2376 ), #3048, .T. ) ;
#2410 = DIRECTION ( 'NONE',  ( -0.000000000000000000, -0.000000000000000000, 1.000000000000000000 ) ) ;
#2411 = ORIENTED_EDGE ( 'NONE', *, *, #1901, .T. ) ;
#2412 = AXIS2_PLACEMENT_3D ( 'NONE', #610, #1323, #2286 ) ;
#2413 = DIRECTION ( 'NONE',  ( 1.000000000000000000, 0.000000000000000000, 0.000000000000000000 ) ) ;
#2414 = EDGE_CURVE ( 'NONE', #663, #1354, #1016, .T. ) ;
#2415 = DIRECTION ( 'NONE',  ( -0.000000000000000000, -0.000000000000000000, 1.000000000000000000 ) ) ;
#2416 = FACE_OUTER_BOUND ( 'NONE', #355, .T. ) ;
#2417 = ORIENTED_EDGE ( 'NONE', *, *, #3, .T. ) ;
#2418 = CARTESIAN_POINT ( 'NONE',  ( 55.60000000000000853, -65.34737944248414010, 2.000000000000000000 ) ) ;
#2419 = EDGE_CURVE ( 'NONE', #1183, #702, #196, .T. ) ;
#2420 = CARTESIAN_POINT ( 'NONE',  ( -9.499999999999886313, -70.50000000000004263, 7.200000000000000178 ) ) ;
#2421 = CARTESIAN_POINT ( 'NONE',  ( -10.89999999999988667, -70.90000000000004832, 0.000000000000000000 ) ) ;
#2422 = ORIENTED_EDGE ( 'NONE', *, *, #426, .F. ) ;
#2423 = CARTESIAN_POINT ( 'NONE',  ( -9.499999999999884537, 68.70000000000005969, 7.200000000000000178 ) ) ;
#2424 = DIRECTION ( 'NONE',  ( 0.000000000000000000, 0.000000000000000000, 1.000000000000000000 ) ) ;
#2425 = EDGE_LOOP ( 'NONE', ( #43, #3127, #1831, #2467 ) ) ;
#2426 = ORIENTED_EDGE ( 'NONE', *, *, #2216, .F. ) ;
#2427 = LINE ( 'NONE', #1710, #877 ) ;
#2428 = CARTESIAN_POINT ( 'NONE',  ( -54.77199999999989188, -35.00040022628333247, 2.000000000000000000 ) ) ;
#2429 = ORIENTED_EDGE ( 'NONE', *, *, #1809, .F. ) ;
#2430 = FACE_OUTER_BOUND ( 'NONE', #1116, .T. ) ;
#2431 = CIRCLE ( 'NONE', #1268, 20.40000000000000213 ) ;
#2432 = VECTOR ( 'NONE', #3116, 1000.000000000000000 ) ;
#2433 = DIRECTION ( 'NONE',  ( -0.000000000000000000, -0.000000000000000000, 1.000000000000000000 ) ) ;
#2434 = ORIENTED_EDGE ( 'NONE', *, *, #1557, .T. ) ;
#2435 = VECTOR ( 'NONE', #129, 1000.000000000000000 ) ;
#2436 = DIRECTION ( 'NONE',  ( -1.000000000000000000, 0.000000000000000000, 0.000000000000000000 ) ) ;
#2437 = ORIENTED_EDGE ( 'NONE', *, *, #1038, .F. ) ;
#2438 = AXIS2_PLACEMENT_3D ( 'NONE', #2653, #233, #2184 ) ;
#2439 = EDGE_CURVE ( 'NONE', #594, #1692, #2831, .T. ) ;
#2440 = CARTESIAN_POINT ( 'NONE',  ( 2.300000000000471001, -62.81651513899121397, 2.000000000000000000 ) ) ;
#2441 = ORIENTED_EDGE ( 'NONE', *, *, #1418, .T. ) ;
#2442 = DIRECTION ( 'NONE',  ( -1.000000000000000000, -0.000000000000000000, -0.000000000000000000 ) ) ;
#2443 = DIRECTION ( 'NONE',  ( 0.000000000000000000, 1.000000000000000000, 0.000000000000000000 ) ) ;
#2444 = ADVANCED_FACE ( 'NONE', ( #1598 ), #2576, .T. ) ;
#2445 = PRODUCT_DEFINITION_FORMATION_WITH_SPECIFIED_SOURCE ( 'ANY', '', #2061, .NOT_KNOWN. ) ;
#2446 = ORIENTED_EDGE ( 'NONE', *, *, #2344, .T. ) ;
#2447 = CYLINDRICAL_SURFACE ( 'NONE', #1775, 1.600000000000004086 ) ;
#2448 = CARTESIAN_POINT ( 'NONE',  ( -74.77200000000013347, 35.00040022628292746, 1.800000000000000044 ) ) ;
#2449 = DIRECTION ( 'NONE',  ( -1.000000000000000000, -0.000000000000000000, -0.000000000000000000 ) ) ;
#2450 = ORIENTED_EDGE ( 'NONE', *, *, #1431, .F. ) ;
#2451 = CYLINDRICAL_SURFACE ( 'NONE', #1199, 2.199999999999997957 ) ;
#2452 = EDGE_LOOP ( 'NONE', ( #2067, #1266, #2540, #1155 ) ) ;
#2453 = EDGE_CURVE ( 'NONE', #2903, #2175, #181, .T. ) ;
#2454 = DIRECTION ( 'NONE',  ( -0.000000000000000000, -0.000000000000000000, 1.000000000000000000 ) ) ;
#2455 = VECTOR ( 'NONE', #2454, 1000.000000000000000 ) ;
#2456 = ADVANCED_FACE ( 'NONE', ( #395 ), #1424, .F. ) ;
#2457 = ORIENTED_EDGE ( 'NONE', *, *, #1524, .T. ) ;
#2458 = DIRECTION ( 'NONE',  ( 1.000000000000000000, 0.000000000000000000, 0.000000000000000000 ) ) ;
#2459 = CARTESIAN_POINT ( 'NONE',  ( 34.99999999999983658, 54.77225575051674156, 1.800000000000000044 ) ) ;
#2460 = EDGE_LOOP ( 'NONE', ( #134, #346, #2003, #802 ) ) ;
#2461 = CIRCLE ( 'NONE', #1555, 1.000000000000000000 ) ;
#2462 = CARTESIAN_POINT ( 'NONE',  ( -78.50000000000001421, 6.699999999999980638, -8.000000000000000000 ) ) ;
#2463 = LINE ( 'NONE', #49, #1220 ) ;
#2464 = ORIENTED_EDGE ( 'NONE', *, *, #756, .T. ) ;
#2465 = CARTESIAN_POINT ( 'NONE',  ( -11.49999999999988631, 61.90000000000004832, -8.000000000000000000 ) ) ;
#2466 = DIRECTION ( 'NONE',  ( -1.000000000000000000, 0.000000000000000000, 0.000000000000000000 ) ) ;
#2467 = ORIENTED_EDGE ( 'NONE', *, *, #2835, .T. ) ;
#2468 = DIRECTION ( 'NONE',  ( -0.000000000000000000, -0.000000000000000000, 1.000000000000000000 ) ) ;
#2469 = VERTEX_POINT ( 'NONE', #730 ) ;
#2470 = AXIS2_PLACEMENT_3D ( 'NONE', #595, #2822, #2413 ) ;
#2471 = ORIENTED_EDGE ( 'NONE', *, *, #2673, .F. ) ;
#2472 = EDGE_CURVE ( 'NONE', #1508, #1977, #227, .T. ) ;
#2473 = DIRECTION ( 'NONE',  ( 1.000000000000000000, 0.000000000000000000, 0.000000000000000000 ) ) ;
#2474 = EDGE_CURVE ( 'NONE', #1734, #1834, #2920, .T. ) ;
#2475 = ORIENTED_EDGE ( 'NONE', *, *, #800, .F. ) ;
#2476 = CARTESIAN_POINT ( 'NONE',  ( -0.09999999999988490318, -68.70000000000005969, 4.599999999999999645 ) ) ;
#2477 = LINE ( 'NONE', #2763, #352 ) ;
#2478 = ORIENTED_EDGE ( 'NONE', *, *, #2137, .F. ) ;
#2479 = DIRECTION ( 'NONE',  ( 0.000000000000000000, -0.000000000000000000, 1.000000000000000000 ) ) ;
#2480 = CARTESIAN_POINT ( 'NONE',  ( -9.899999999999888445, -70.90000000000004832, -8.000000000000000000 ) ) ;
#2481 = ORIENTED_EDGE ( 'NONE', *, *, #874, .T. ) ;
#2482 = CIRCLE ( 'NONE', #249, 20.00000000000000355 ) ;
#2483 = CARTESIAN_POINT ( 'NONE',  ( -1.084202172485504434E-16, -71.90000000000004832, 0.000000000000000000 ) ) ;
#2484 = CARTESIAN_POINT ( 'NONE',  ( -74.77199999999992031, -35.00040022628333247, 1.800000000000000044 ) ) ;
#2485 = VECTOR ( 'NONE', #141, 1000.000000000000000 ) ;
#2486 = AXIS2_PLACEMENT_3D ( 'NONE', #1704, #2174, #2683 ) ;
#2487 = VERTEX_POINT ( 'NONE', #2423 ) ;
#2488 = CIRCLE ( 'NONE', #1018, 2.199999999999997957 ) ;
#2489 = ORIENTED_EDGE ( 'NONE', *, *, #1285, .T. ) ;
#2490 = AXIS2_PLACEMENT_3D ( 'NONE', #2779, #1517, #2479 ) ;
#2491 = LINE ( 'NONE', #308, #109 ) ;
#2492 = DIRECTION ( 'NONE',  ( -1.000000000000000000, 0.000000000000000000, 0.000000000000000000 ) ) ;
#2493 = EDGE_CURVE ( 'NONE', #1695, #2725, #965, .T. ) ;
#2494 = CARTESIAN_POINT ( 'NONE',  ( -54.77200000000012636, 35.00040022628292746, 1.800000000000000044 ) ) ;
#2495 = ORIENTED_EDGE ( 'NONE', *, *, #2359, .T. ) ;
#2496 = VECTOR ( 'NONE', #1232, 1000.000000000000000 ) ;
#2497 = ADVANCED_FACE ( 'NONE', ( #1457 ), #477, .F. ) ;
#2498 = CARTESIAN_POINT ( 'NONE',  ( -11.89999999999988667, -62.81651513899121397, 2.000000000000000000 ) ) ;
#2499 = DIRECTION ( 'NONE',  ( -0.000000000000000000, -1.000000000000000000, -0.000000000000000000 ) ) ;
#2500 = ORIENTED_EDGE ( 'NONE', *, *, #2414, .T. ) ;
#2501 = DIRECTION ( 'NONE',  ( 2.081668171172178374E-15, 1.000000000000000000, 0.000000000000000000 ) ) ;
#2502 = DIRECTION ( 'NONE',  ( 0.000000000000000000, 0.000000000000000000, 1.000000000000000000 ) ) ;
#2503 = CARTESIAN_POINT ( 'NONE',  ( -75.17199999999955651, -35.00040022628333247, 1.800000000000000044 ) ) ;
#2504 = DIRECTION ( 'NONE',  ( -0.000000000000000000, -0.000000000000000000, -1.000000000000000000 ) ) ;
#2505 = ORIENTED_EDGE ( 'NONE', *, *, #1949, .F. ) ;
#2506 = ORIENTED_EDGE ( 'NONE', *, *, #2277, .T. ) ;
#2507 = AXIS2_PLACEMENT_3D ( 'NONE', #1735, #1978, #796 ) ;
#2508 = CARTESIAN_POINT ( 'NONE',  ( -9.499999999999904077, 70.50000000000004263, 7.200000000000000178 ) ) ;
#2509 = ORIENTED_EDGE ( 'NONE', *, *, #2514, .T. ) ;
#2510 = EDGE_CURVE ( 'NONE', #2963, #2296, #938, .T. ) ;
#2511 = LINE ( 'NONE', #371, #1708 ) ;
#2512 = CARTESIAN_POINT ( 'NONE',  ( -74.77199999999992031, -35.00040022628333247, 1.800000000000000044 ) ) ;
#2513 = CIRCLE ( 'NONE', #231, 1.000000000000000888 ) ;
#2514 = EDGE_CURVE ( 'NONE', #841, #185, #696, .T. ) ;
#2515 = DIRECTION ( 'NONE',  ( 1.000000000000000000, 0.000000000000000000, 0.000000000000000000 ) ) ;
#2516 = ORIENTED_EDGE ( 'NONE', *, *, #1373, .T. ) ;
#2517 = CARTESIAN_POINT ( 'NONE',  ( -9.499999999999886313, -68.70000000000005969, 2.000000000000000000 ) ) ;
#2518 = LINE ( 'NONE', #337, #3037 ) ;
#2519 = FACE_OUTER_BOUND ( 'NONE', #1615, .T. ) ;
#2520 = ORIENTED_EDGE ( 'NONE', *, *, #127, .F. ) ;
#2521 = EDGE_LOOP ( 'NONE', ( #246, #191, #306, #1054, #2131, #160 ) ) ;
#2522 = CIRCLE ( 'NONE', #138, 1.000000000000000000 ) ;
#2523 = ORIENTED_EDGE ( 'NONE', *, *, #505, .T. ) ;
#2524 = CYLINDRICAL_SURFACE ( 'NONE', #1151, 20.40000000000041780 ) ;
#2525 = DIRECTION ( 'NONE',  ( 1.000000000000000000, 0.000000000000000000, 0.000000000000000000 ) ) ;
#2526 = CARTESIAN_POINT ( 'NONE',  ( -0.09999999999988490318, -67.70000000000004547, 4.599999999999999645 ) ) ;
#2527 = ORIENTED_EDGE ( 'NONE', *, *, #3106, .F. ) ;
#2528 = CARTESIAN_POINT ( 'NONE',  ( -68.81651513899119266, 6.099999999999931255, -8.000000000000000000 ) ) ;
#2529 = DIRECTION ( 'NONE',  ( 1.000000000000000000, 0.000000000000000000, 0.000000000000000000 ) ) ;
#2530 = ORIENTED_EDGE ( 'NONE', *, *, #3030, .F. ) ;
#2531 = EDGE_CURVE ( 'NONE', #1666, #1065, #1202, .T. ) ;
#2532 = ORIENTED_EDGE ( 'NONE', *, *, #1933, .T. ) ;
#2533 = ADVANCED_FACE ( 'NONE', ( #715 ), #1690, .F. ) ;
#2534 = AXIS2_PLACEMENT_3D ( 'NONE', #126, #1144, #1099 ) ;
#2535 = AXIS2_PLACEMENT_3D ( 'NONE', #1455, #2207, #1924 ) ;
#2536 = PLANE ( 'NONE',  #1757 ) ;
#2537 = EDGE_CURVE ( 'NONE', #2261, #2221, #964, .T. ) ;
#2538 = DIRECTION ( 'NONE',  ( -1.000000000000000000, 0.000000000000000000, 0.000000000000000000 ) ) ;
#2539 = DIRECTION ( 'NONE',  ( -1.000000000000000000, 0.000000000000000000, 0.000000000000000000 ) ) ;
#2540 = ORIENTED_EDGE ( 'NONE', *, *, #1250, .T. ) ;
#2541 = CARTESIAN_POINT ( 'NONE',  ( 0.000000000000000000, -6.700000000000430944, 1.000000000000000000 ) ) ;
#2542 = DIRECTION ( 'NONE',  ( 1.000000000000000000, 0.000000000000000000, 0.000000000000000000 ) ) ;
#2543 = CARTESIAN_POINT ( 'NONE',  ( -11.49999999999988454, -72.50000000000005684, -8.000000000000000000 ) ) ;
#2544 = ORIENTED_EDGE ( 'NONE', *, *, #1063, .F. ) ;
#2545 = EDGE_CURVE ( 'NONE', #13, #1014, #466, .T. ) ;
#2546 = AXIS2_PLACEMENT_3D ( 'NONE', #2362, #1287, #2313 ) ;
#2547 = ORIENTED_EDGE ( 'NONE', *, *, #1173, .F. ) ;
#2548 = ADVANCED_FACE ( 'NONE', ( #2895 ), #914, .F. ) ;
#2549 = CIRCLE ( 'NONE', #1593, 20.40000000000000213 ) ;
#2550 = LINE ( 'NONE', #1433, #2916 ) ;
#2551 = VECTOR ( 'NONE', #785, 1000.000000000000000 ) ;
#2552 = FACE_OUTER_BOUND ( 'NONE', #2023, .T. ) ;
#2553 = CARTESIAN_POINT ( 'NONE',  ( 55.60000000000000853, 20.00000000000000355, 1.000000000000000000 ) ) ;
#2554 = CARTESIAN_POINT ( 'NONE',  ( -78.50000000000001421, 6.699999999999980638, -8.000000000000000000 ) ) ;
#2555 = ORIENTED_EDGE ( 'NONE', *, *, #2514, .F. ) ;
#2556 = DIRECTION ( 'NONE',  ( -0.000000000000000000, -0.000000000000000000, 1.000000000000000000 ) ) ;
#2557 = VECTOR ( 'NONE', #244, 1000.000000000000000 ) ;
#2558 = CARTESIAN_POINT ( 'NONE',  ( -27.99999999999998224, 29.59999999999999076, 1.400000000000000133 ) ) ;
#2559 = VERTEX_POINT ( 'NONE', #1697 ) ;
#2560 = DIRECTION ( 'NONE',  ( 1.000000000000000000, 0.000000000000000000, -0.000000000000000000 ) ) ;
#2561 = DIRECTION ( 'NONE',  ( -0.000000000000000000, -0.000000000000000000, 1.000000000000000000 ) ) ;
#2562 = VERTEX_POINT ( 'NONE', #247 ) ;
#2563 = ADVANCED_FACE ( 'NONE', ( #1463, #1432, #1237, #1222 ), #9, .F. ) ;
#2564 = ORIENTED_EDGE ( 'NONE', *, *, #1949, .T. ) ;
#2565 = ADVANCED_FACE ( 'NONE', ( #1950 ), #928, .T. ) ;
#2566 = DIRECTION ( 'NONE',  ( -0.000000000000000000, -0.000000000000000000, 1.000000000000000000 ) ) ;
#2567 = CARTESIAN_POINT ( 'NONE',  ( -73.70000000000013074, -4.700000000000000178, 4.599999999999999645 ) ) ;
#2568 = CARTESIAN_POINT ( 'NONE',  ( 34.99999999999983658, 54.77225575051674156, 2.000000000000000000 ) ) ;
#2569 = ADVANCED_FACE ( 'NONE', ( #2625 ), #2398, .T. ) ;
#2570 = DIRECTION ( 'NONE',  ( 1.000000000000000000, 0.000000000000000000, 0.000000000000000000 ) ) ;
#2571 = ORIENTED_EDGE ( 'NONE', *, *, #2266, .F. ) ;
#2572 = DIRECTION ( 'NONE',  ( -0.000000000000000000, -0.000000000000000000, -1.000000000000000000 ) ) ;
#2573 = DIRECTION ( 'NONE',  ( -0.000000000000000000, -0.000000000000000000, 1.000000000000000000 ) ) ;
#2574 = DIRECTION ( 'NONE',  ( 0.000000000000000000, 0.000000000000000000, 1.000000000000000000 ) ) ;
#2575 = ORIENTED_EDGE ( 'NONE', *, *, #2545, .F. ) ;
#2576 = PLANE ( 'NONE',  #398 ) ;
#2577 = CARTESIAN_POINT ( 'NONE',  ( -34.37200000000022015, -35.00040022628333247, 1.800000000000000044 ) ) ;
#2578 = EDGE_LOOP ( 'NONE', ( #39, #2471, #1743, #1325 ) ) ;
#2579 = AXIS2_PLACEMENT_3D ( 'NONE', #2358, #1905, #2404 ) ;
#2580 = VECTOR ( 'NONE', #1790, 1000.000000000000000 ) ;
#2581 = FACE_OUTER_BOUND ( 'NONE', #606, .T. ) ;
#2582 = EDGE_CURVE ( 'NONE', #1723, #18, #1999, .T. ) ;
#2583 = VECTOR ( 'NONE', #837, 1000.000000000000000 ) ;
#2584 = CIRCLE ( 'NONE', #2887, 1.000000000000000888 ) ;
#2585 = DIRECTION ( 'NONE',  ( -0.000000000000000000, 1.000000000000000000, -0.000000000000000000 ) ) ;
#2586 = DIRECTION ( 'NONE',  ( -0.000000000000000000, -0.000000000000000000, 1.000000000000000000 ) ) ;
#2587 = CYLINDRICAL_SURFACE ( 'NONE', #1069, 1.000000000000000888 ) ;
#2588 = EDGE_LOOP ( 'NONE', ( #1841, #91, #2864 ) ) ;
#2589 = CARTESIAN_POINT ( 'NONE',  ( -75.17199999999955651, -35.00040022628333247, 2.000000000000000000 ) ) ;
#2590 = DIRECTION ( 'NONE',  ( -0.000000000000000000, -0.000000000000000000, -1.000000000000000000 ) ) ;
#2591 = DIRECTION ( 'NONE',  ( 0.000000000000000000, -1.000000000000000000, 0.000000000000000000 ) ) ;
#2592 = VERTEX_POINT ( 'NONE', #28 ) ;
#2593 = DIRECTION ( 'NONE',  ( 1.000000000000000000, 0.000000000000000000, 0.000000000000000000 ) ) ;
#2594 = LINE ( 'NONE', #413, #2943 ) ;
#2595 = ORIENTED_EDGE ( 'NONE', *, *, #1352, .F. ) ;
#2596 = VERTEX_POINT ( 'NONE', #77 ) ;
#2597 = CARTESIAN_POINT ( 'NONE',  ( -0.09999999999988490318, -70.50000000000004263, 2.000000000000000000 ) ) ;
#2598 = CARTESIAN_POINT ( 'NONE',  ( 2.300000000000471001, 62.81651513899121397, 0.000000000000000000 ) ) ;
#2599 = CARTESIAN_POINT ( 'NONE',  ( -11.49999999999988454, 72.50000000000005684, 2.000000000000000000 ) ) ;
#2600 = EDGE_CURVE ( 'NONE', #957, #925, #2840, .T. ) ;
#2601 = CARTESIAN_POINT ( 'NONE',  ( 2.800000000000002043, -79.50000000000000000, 0.000000000000000000 ) ) ;
#2602 = EDGE_LOOP ( 'NONE', ( #1943, #2305, #3095, #236 ) ) ;
#2603 = PLANE ( 'NONE',  #1931 ) ;
#2604 = CARTESIAN_POINT ( 'NONE',  ( -0.09999999999990216715, 70.50000000000004263, 7.200000000000000178 ) ) ;
#2605 = EDGE_CURVE ( 'NONE', #2844, #594, #2181, .T. ) ;
#2606 = ORIENTED_EDGE ( 'NONE', *, *, #260, .T. ) ;
#2607 = DIRECTION ( 'NONE',  ( 1.000000000000000000, 0.000000000000000000, 0.000000000000000000 ) ) ;
#2608 = DIRECTION ( 'NONE',  ( 0.000000000000000000, 0.000000000000000000, 1.000000000000000000 ) ) ;
#2609 = ORIENTED_EDGE ( 'NONE', *, *, #2859, .F. ) ;
#2610 = ORIENTED_EDGE ( 'NONE', *, *, #260, .F. ) ;
#2611 = CARTESIAN_POINT ( 'NONE',  ( 0.3000000000004717782, -70.90000000000004832, 0.000000000000000000 ) ) ;
#2612 = PLANE ( 'NONE',  #808 ) ;
#2613 = VECTOR ( 'NONE', #1604, 1000.000000000000000 ) ;
#2614 = VERTEX_POINT ( 'NONE', #1269 ) ;
#2615 = CARTESIAN_POINT ( 'NONE',  ( -34.37200000000022015, -35.00040022628333247, 1.800000000000000044 ) ) ;
#2616 = DIRECTION ( 'NONE',  ( 0.000000000000000000, 1.000000000000000000, 0.000000000000000000 ) ) ;
#2617 = ORIENTED_EDGE ( 'NONE', *, *, #1750, .F. ) ;
#2618 = CARTESIAN_POINT ( 'NONE',  ( -34.37200000000012778, 35.00040022628292746, 1.800000000000000044 ) ) ;
#2619 = LINE ( 'NONE', #1182, #2496 ) ;
#2620 = ORIENTED_EDGE ( 'NONE', *, *, #2927, .T. ) ;
#2621 = EDGE_CURVE ( 'NONE', #282, #397, #2491, .T. ) ;
#2622 = CARTESIAN_POINT ( 'NONE',  ( -1.269817584415147275E-14, -6.100000000000568967, 1.000000000000000000 ) ) ;
#2623 = ORIENTED_EDGE ( 'NONE', *, *, #659, .T. ) ;
#2624 = ADVANCED_FACE ( 'NONE', ( #1541, #750 ), #2939, .T. ) ;
#2625 = FACE_OUTER_BOUND ( 'NONE', #2849, .T. ) ;
#2626 = LINE ( 'NONE', #435, #3118 ) ;
#2627 = AXIS2_PLACEMENT_3D ( 'NONE', #164, #2291, #1358 ) ;
#2628 = VECTOR ( 'NONE', #1107, 1000.000000000000000 ) ;
#2629 = FACE_BOUND ( 'NONE', #1227, .T. ) ;
#2630 = VECTOR ( 'NONE', #2499, 1000.000000000000000 ) ;
#2631 = ORIENTED_EDGE ( 'NONE', *, *, #2011, .F. ) ;
#2632 = DIRECTION ( 'NONE',  ( -0.000000000000000000, -0.000000000000000000, -1.000000000000000000 ) ) ;
#2633 = VECTOR ( 'NONE', #1175, 1000.000000000000000 ) ;
#2634 = EDGE_CURVE ( 'NONE', #1405, #582, #1253, .T. ) ;
#2635 = AXIS2_PLACEMENT_3D ( 'NONE', #1412, #943, #1170 ) ;
#2636 = DIRECTION ( 'NONE',  ( -0.000000000000000000, -0.000000000000000000, -1.000000000000000000 ) ) ;
#2637 = LINE ( 'NONE', #1942, #2885 ) ;
#2638 = ORIENTED_EDGE ( 'NONE', *, *, #952, .T. ) ;
#2639 = DIRECTION ( 'NONE',  ( 0.000000000000000000, 0.000000000000000000, 1.000000000000000000 ) ) ;
#2640 = CARTESIAN_POINT ( 'NONE',  ( 1.300000000000471001, -71.90000000000004832, -8.000000000000000000 ) ) ;
#2641 = ORIENTED_EDGE ( 'NONE', *, *, #1250, .F. ) ;
#2642 = EDGE_CURVE ( 'NONE', #1020, #2886, #1015, .T. ) ;
#2643 = ORIENTED_EDGE ( 'NONE', *, *, #1696, .T. ) ;
#2644 = ADVANCED_FACE ( 'NONE', ( #1738 ), #59, .T. ) ;
#2645 = DIRECTION ( 'NONE',  ( -0.000000000000000000, 1.000000000000000000, -0.000000000000000000 ) ) ;
#2646 = DIRECTION ( 'NONE',  ( 1.000000000000000000, 0.000000000000000000, -0.000000000000000000 ) ) ;
#2647 = DIRECTION ( 'NONE',  ( 0.000000000000000000, 0.000000000000000000, 1.000000000000000000 ) ) ;
#2648 = ORIENTED_EDGE ( 'NONE', *, *, #384, .F. ) ;
#2649 = DIRECTION ( 'NONE',  ( 1.000000000000000000, 0.000000000000000000, 0.000000000000000000 ) ) ;
#2650 = PLANE ( 'NONE',  #2680 ) ;
#2651 = DIRECTION ( 'NONE',  ( -1.000000000000000000, -1.245016848787182505E-16, 0.000000000000000000 ) ) ;
#2652 = ORIENTED_EDGE ( 'NONE', *, *, #1468, .F. ) ;
#2653 = CARTESIAN_POINT ( 'NONE',  ( 5.000000000000000000, -79.50000000000000000, 2.000000000000000000 ) ) ;
#2654 = DIRECTION ( 'NONE',  ( 0.000000000000000000, 0.000000000000000000, -1.000000000000000000 ) ) ;
#2655 = ORIENTED_EDGE ( 'NONE', *, *, #778, .F. ) ;
#2656 = VECTOR ( 'NONE', #2707, 1000.000000000000000 ) ;
#2657 = CARTESIAN_POINT ( 'NONE',  ( -16.27256024000000068, 79.50000000000000000, 2.000000000000000000 ) ) ;
#2658 = EDGE_LOOP ( 'NONE', ( #1737, #2314, #1149, #383 ) ) ;
#2659 = VECTOR ( 'NONE', #1665, 1000.000000000000000 ) ;
#2660 = LINE ( 'NONE', #722, #1188 ) ;
#2661 = DIRECTION ( 'NONE',  ( -0.000000000000000000, 0.000000000000000000, 1.000000000000000000 ) ) ;
#2662 = CARTESIAN_POINT ( 'NONE',  ( -67.90000000000007674, -6.700000000000430944, -8.000000000000000000 ) ) ;
#2663 = EDGE_LOOP ( 'NONE', ( #476, #1303 ) ) ;
#2664 = EDGE_CURVE ( 'NONE', #116, #2311, #2229, .T. ) ;
#2665 = CARTESIAN_POINT ( 'NONE',  ( -76.90000000000001990, -5.100000000000408207, 1.000000000000000888 ) ) ;
#2666 = CARTESIAN_POINT ( 'NONE',  ( -10.89999999999988667, 62.81651513899121397, 0.000000000000000000 ) ) ;
#2667 = ORIENTED_EDGE ( 'NONE', *, *, #2160, .F. ) ;
#2668 = CARTESIAN_POINT ( 'NONE',  ( 1.300000000000471001, 62.81651513899121397, -8.000000000000000000 ) ) ;
#2669 = CARTESIAN_POINT ( 'NONE',  ( 55.60000000000000853, 65.34737944248414010, 2.000000000000000000 ) ) ;
#2670 = ORIENTED_EDGE ( 'NONE', *, *, #319, .F. ) ;
#2671 = PLANE ( 'NONE',  #302 ) ;
#2672 = VERTEX_POINT ( 'NONE', #2767 ) ;
#2673 = EDGE_CURVE ( 'NONE', #2938, #2903, #2249, .T. ) ;
#2674 = DIRECTION ( 'NONE',  ( 1.000000000000000000, 0.000000000000000000, 0.000000000000000000 ) ) ;
#2675 = DIRECTION ( 'NONE',  ( 1.000000000000000000, 0.000000000000000000, 0.000000000000000000 ) ) ;
#2676 = VERTEX_POINT ( 'NONE', #2012 ) ;
#2677 = LINE ( 'NONE', #2149, #963 ) ;
#2678 = EDGE_CURVE ( 'NONE', #1653, #2764, #2584, .T. ) ;
#2679 = LINE ( 'NONE', #2462, #2030 ) ;
#2680 = AXIS2_PLACEMENT_3D ( 'NONE', #209, #239, #1454 ) ;
#2681 = EDGE_CURVE ( 'NONE', #974, #1850, #2733, .T. ) ;
#2682 = CIRCLE ( 'NONE', #1068, 1.600000000000004086 ) ;
#2683 = DIRECTION ( 'NONE',  ( 1.000000000000000000, 0.000000000000000000, 0.000000000000000000 ) ) ;
#2684 = ORIENTED_EDGE ( 'NONE', *, *, #274, .T. ) ;
#2685 = CIRCLE ( 'NONE', #1322, 2.199999999999997957 ) ;
#2686 = DIRECTION ( 'NONE',  ( 1.000000000000000000, 0.000000000000000000, 0.000000000000000000 ) ) ;
#2687 = ORIENTED_EDGE ( 'NONE', *, *, #1616, .F. ) ;
#2688 = CARTESIAN_POINT ( 'NONE',  ( -28.99999999999998579, -30.60000000000001208, 1.400000000000000133 ) ) ;
#2689 = ORIENTED_EDGE ( 'NONE', *, *, #586, .F. ) ;
#2690 = CARTESIAN_POINT ( 'NONE',  ( 0.000000000000000000, 0.000000000000000000, 1.800000000000000044 ) ) ;
#2691 = CARTESIAN_POINT ( 'NONE',  ( -1.084202172485504434E-16, 0.000000000000000000, 2.000000000000000000 ) ) ;
#2692 = CARTESIAN_POINT ( 'NONE',  ( -16.27256024000000068, -79.50000000000000000, 2.000000000000000000 ) ) ;
#2693 = ORIENTED_EDGE ( 'NONE', *, *, #1385, .F. ) ;
#2694 = DIRECTION ( 'NONE',  ( 0.000000000000000000, 1.000000000000000000, 0.000000000000000000 ) ) ;
#2695 = CARTESIAN_POINT ( 'NONE',  ( 55.60000000000000853, -30.60000000000000142, 1.400000000000000133 ) ) ;
#2696 = ORIENTED_EDGE ( 'NONE', *, *, #2041, .F. ) ;
#2697 = DIRECTION ( 'NONE',  ( -0.000000000000000000, -0.000000000000000000, 1.000000000000000000 ) ) ;
#2698 = DIRECTION ( 'NONE',  ( -0.000000000000000000, -0.000000000000000000, -1.000000000000000000 ) ) ;
#2699 = VERTEX_POINT ( 'NONE', #1060 ) ;
#2700 = EDGE_CURVE ( 'NONE', #1974, #567, #321, .T. ) ;
#2701 = CARTESIAN_POINT ( 'NONE',  ( -74.70000000000013074, 4.700000000000000178, 2.000000000000000000 ) ) ;
#2702 = AXIS2_PLACEMENT_3D ( 'NONE', #1053, #2018, #1491 ) ;
#2703 = ORIENTED_EDGE ( 'NONE', *, *, #326, .T. ) ;
#2704 = ORIENTED_EDGE ( 'NONE', *, *, #1700, .F. ) ;
#2705 = EDGE_CURVE ( 'NONE', #1701, #2039, #2518, .T. ) ;
#2706 = DIRECTION ( 'NONE',  ( -0.000000000000000000, -0.000000000000000000, -1.000000000000000000 ) ) ;
#2707 = DIRECTION ( 'NONE',  ( 0.000000000000000000, 1.000000000000000000, 0.000000000000000000 ) ) ;
#2708 = AXIS2_PLACEMENT_3D ( 'NONE', #2640, #2130, #683 ) ;
#2709 = DIRECTION ( 'NONE',  ( 0.000000000000000000, 0.000000000000000000, 1.000000000000000000 ) ) ;
#2710 = ORIENTED_EDGE ( 'NONE', *, *, #202, .T. ) ;
#2711 = LINE ( 'NONE', #2448, #680 ) ;
#2712 = CARTESIAN_POINT ( 'NONE',  ( -75.17200000000012494, 35.00040022628292746, 2.000000000000000000 ) ) ;
#2713 = ORIENTED_EDGE ( 'NONE', *, *, #2873, .F. ) ;
#2714 = LINE ( 'NONE', #2752, #1526 ) ;
#2715 = PLANE ( 'NONE',  #2490 ) ;
#2716 = CARTESIAN_POINT ( 'NONE',  ( 55.60000000000000853, 29.59999999999999076, 1.600000000000000089 ) ) ;
#2717 = ORIENTED_EDGE ( 'NONE', *, *, #1569, .T. ) ;
#2718 = DIRECTION ( 'NONE',  ( 0.000000000000000000, -1.000000000000000000, 0.000000000000000000 ) ) ;
#2719 = EDGE_LOOP ( 'NONE', ( #527, #94, #316, #108 ) ) ;
#2720 = ORIENTED_EDGE ( 'NONE', *, *, #773, .T. ) ;
#2721 = ADVANCED_FACE ( 'NONE', ( #978 ), #2671, .F. ) ;
#2722 = ADVANCED_FACE ( 'NONE', ( #1764 ), #2715, .F. ) ;
#2723 = CARTESIAN_POINT ( 'NONE',  ( -10.89999999999988667, -71.90000000000004832, 2.000000000000000000 ) ) ;
#2724 = DIRECTION ( 'NONE',  ( -1.000000000000000000, 4.582288427108547935E-15, 0.000000000000000000 ) ) ;
#2725 = VERTEX_POINT ( 'NONE', #811 ) ;
#2726 = CARTESIAN_POINT ( 'NONE',  ( -34.77199999999985636, -35.00040022628333247, 1.800000000000000044 ) ) ;
#2727 = CARTESIAN_POINT ( 'NONE',  ( 1.900000000000482414, -3.109410004110159547E-16, 0.000000000000000000 ) ) ;
#2728 = ORIENTED_EDGE ( 'NONE', *, *, #2016, .T. ) ;
#2729 = CARTESIAN_POINT ( 'NONE',  ( -0.09999999999990216715, 70.50000000000004263, 2.000000000000000000 ) ) ;
#2730 = DIRECTION ( 'NONE',  ( 0.000000000000000000, 0.000000000000000000, 1.000000000000000000 ) ) ;
#2731 = ORIENTED_EDGE ( 'NONE', *, *, #1150, .T. ) ;
#2732 = VECTOR ( 'NONE', #1089, 1000.000000000000000 ) ;
#2733 = LINE ( 'NONE', #2503, #1628 ) ;
#2734 = FACE_OUTER_BOUND ( 'NONE', #2994, .T. ) ;
#2735 = AXIS2_PLACEMENT_3D ( 'NONE', #635, #148, #1848 ) ;
#2736 = AXIS2_PLACEMENT_3D ( 'NONE', #3072, #142, #2108 ) ;
#2737 = ORIENTED_EDGE ( 'NONE', *, *, #58, .T. ) ;
#2738 = CIRCLE ( 'NONE', #299, 1.000000000000000000 ) ;
#2739 = VERTEX_POINT ( 'NONE', #1784 ) ;
#2740 = AXIS2_PLACEMENT_3D ( 'NONE', #243, #493, #1441 ) ;
#2741 = EDGE_CURVE ( 'NONE', #2816, #2886, #2246, .T. ) ;
#2742 = DIRECTION ( 'NONE',  ( 0.000000000000000000, -0.3589790793088692977, 0.9333456062030595080 ) ) ;
#2743 = CARTESIAN_POINT ( 'NONE',  ( -54.77199999999989188, -35.00040022628333247, 1.800000000000000044 ) ) ;
#2744 = ADVANCED_BREP_SHAPE_REPRESENTATION ( 'blob-cover', ( #2297, #62 ), #2294 ) ;
#2745 = EDGE_CURVE ( 'NONE', #3025, #582, #911, .T. ) ;
#2746 = ORIENTED_EDGE ( 'NONE', *, *, #2082, .T. ) ;
#2747 = FACE_OUTER_BOUND ( 'NONE', #1591, .T. ) ;
#2748 = AXIS2_PLACEMENT_3D ( 'NONE', #939, #2608, #429 ) ;
#2749 = DIRECTION ( 'NONE',  ( 1.000000000000000000, 0.000000000000000000, 0.000000000000000000 ) ) ;
#2750 = CYLINDRICAL_SURFACE ( 'NONE', #499, 1.000000000000000888 ) ;
#2751 = VERTEX_POINT ( 'NONE', #1211 ) ;
#2752 = CARTESIAN_POINT ( 'NONE',  ( -9.499999999999886313, -68.70000000000005969, 7.200000000000000178 ) ) ;
#2753 = CARTESIAN_POINT ( 'NONE',  ( -10.89999999999988667, 71.90000000000004832, -8.000000000000000000 ) ) ;
#2754 = DIRECTION ( 'NONE',  ( 0.000000000000000000, 0.000000000000000000, 1.000000000000000000 ) ) ;
#2755 = DIRECTION ( 'NONE',  ( -1.000000000000000000, -9.592177553795387355E-15, 0.000000000000000000 ) ) ;
#2756 = ORIENTED_EDGE ( 'NONE', *, *, #1947, .T. ) ;
#2757 = EDGE_LOOP ( 'NONE', ( #2530, #791 ) ) ;
#2758 = AXIS2_PLACEMENT_3D ( 'NONE', #132, #2063, #2094 ) ;
#2759 = ORIENTED_EDGE ( 'NONE', *, *, #1988, .T. ) ;
#2760 = DIRECTION ( 'NONE',  ( -1.000000000000000000, 0.000000000000000000, 0.000000000000000000 ) ) ;
#2761 = DIRECTION ( 'NONE',  ( -0.000000000000000000, 0.000000000000000000, 1.000000000000000000 ) ) ;
#2762 = AXIS2_PLACEMENT_3D ( 'NONE', #2598, #2823, #2841 ) ;
#2763 = CARTESIAN_POINT ( 'NONE',  ( -74.70000000000013074, -4.700000000000000178, 7.200000000000000178 ) ) ;
#2764 = VERTEX_POINT ( 'NONE', #2666 ) ;
#2765 = EDGE_CURVE ( 'NONE', #2676, #2938, #2637, .T. ) ;
#2766 = DIRECTION ( 'NONE',  ( -0.000000000000000000, -0.000000000000000000, 1.000000000000000000 ) ) ;
#2767 = CARTESIAN_POINT ( 'NONE',  ( -76.90000000000001990, -6.100000000000409095, 2.000000000000000000 ) ) ;
#2768 = DIRECTION ( 'NONE',  ( -0.000000000000000000, -0.000000000000000000, -1.000000000000000000 ) ) ;
#2769 = ORIENTED_EDGE ( 'NONE', *, *, #2247, .T. ) ;
#2770 = ORIENTED_EDGE ( 'NONE', *, *, #569, .F. ) ;
#2771 = VECTOR ( 'NONE', #707, 1000.000000000000000 ) ;
#2772 = EDGE_CURVE ( 'NONE', #360, #1638, #2917, .T. ) ;
#2773 = DIRECTION ( 'NONE',  ( 1.000000000000000000, 0.000000000000000000, -0.000000000000000000 ) ) ;
#2774 = FACE_BOUND ( 'NONE', #2663, .T. ) ;
#2775 = EDGE_CURVE ( 'NONE', #1078, #1065, #2405, .T. ) ;
#2776 = LINE ( 'NONE', #867, #152 ) ;
#2777 = ORIENTED_EDGE ( 'NONE', *, *, #2664, .T. ) ;
#2778 = CARTESIAN_POINT ( 'NONE',  ( -10.89999999999988667, 62.81651513899121397, -8.000000000000000000 ) ) ;
#2779 = CARTESIAN_POINT ( 'NONE',  ( -9.499999999999886313, -70.50000000000004263, 7.200000000000000178 ) ) ;
#2780 = DIRECTION ( 'NONE',  ( 0.000000000000000000, 0.000000000000000000, 1.000000000000000000 ) ) ;
#2781 = FACE_OUTER_BOUND ( 'NONE', #1359, .T. ) ;
#2782 = EDGE_CURVE ( 'NONE', #2267, #1078, #2874, .T. ) ;
#2783 = VERTEX_POINT ( 'NONE', #2144 ) ;
#2784 = AXIS2_PLACEMENT_3D ( 'NONE', #1814, #633, #592 ) ;
#2785 = VERTEX_POINT ( 'NONE', #1244 ) ;
#2786 = VECTOR ( 'NONE', #1403, 1000.000000000000000 ) ;
#2787 = VECTOR ( 'NONE', #1717, 1000.000000000000000 ) ;
#2788 = ORIENTED_EDGE ( 'NONE', *, *, #539, .T. ) ;
#2789 = VERTEX_POINT ( 'NONE', #1486 ) ;
#2790 = CARTESIAN_POINT ( 'NONE',  ( -34.37200000000012778, 35.00040022628292746, 2.000000000000000000 ) ) ;
#2791 = DIRECTION ( 'NONE',  ( 0.000000000000000000, 0.000000000000000000, -1.000000000000000000 ) ) ;
#2792 = PLANE ( 'NONE',  #806 ) ;
#2793 = ORIENTED_EDGE ( 'NONE', *, *, #1990, .T. ) ;
#2794 = FACE_OUTER_BOUND ( 'NONE', #2109, .T. ) ;
#2795 = ADVANCED_FACE ( 'NONE', ( #225 ), #1671, .F. ) ;
#2796 = CARTESIAN_POINT ( 'NONE',  ( 55.60000000000000142, 30.60000000000000142, 1.400000000000000133 ) ) ;
#2797 = VERTEX_POINT ( 'NONE', #34 ) ;
#2798 = AXIS2_PLACEMENT_3D ( 'NONE', #2743, #3065, #310 ) ;
#2799 = EDGE_CURVE ( 'NONE', #18, #2296, #2902, .T. ) ;
#2800 = DIRECTION ( 'NONE',  ( -0.000000000000000000, -0.000000000000000000, 1.000000000000000000 ) ) ;
#2801 = ORIENTED_EDGE ( 'NONE', *, *, #1906, .F. ) ;
#2802 = EDGE_LOOP ( 'NONE', ( #1614, #289 ) ) ;
#2803 = EDGE_CURVE ( 'NONE', #1014, #2938, #728, .T. ) ;
#2804 = ORIENTED_EDGE ( 'NONE', *, *, #1833, .T. ) ;
#2805 = CIRCLE ( 'NONE', #222, 1.000000000000000888 ) ;
#2806 = LINE ( 'NONE', #2089, #1956 ) ;
#2807 = DIRECTION ( 'NONE',  ( -0.000000000000000000, -0.000000000000000000, -1.000000000000000000 ) ) ;
#2808 = DIRECTION ( 'NONE',  ( 0.000000000000000000, 0.000000000000000000, -1.000000000000000000 ) ) ;
#2809 = ORIENTED_EDGE ( 'NONE', *, *, #1123, .T. ) ;
#2810 = CARTESIAN_POINT ( 'NONE',  ( 55.40000000000025437, 54.77225575051674156, 1.800000000000000044 ) ) ;
#2811 = VECTOR ( 'NONE', #2395, 1000.000000000000000 ) ;
#2812 = DIRECTION ( 'NONE',  ( 1.000000000000000000, 0.000000000000000000, 0.000000000000000000 ) ) ;
#2813 = CIRCLE ( 'NONE', #1452, 1.000000000000000888 ) ;
#2814 = VERTEX_POINT ( 'NONE', #3108 ) ;
#2815 = DIRECTION ( 'NONE',  ( 1.000000000000000000, 9.637352644315615655E-15, -0.000000000000000000 ) ) ;
#2816 = VERTEX_POINT ( 'NONE', #2158 ) ;
#2817 = UNCERTAINTY_MEASURE_WITH_UNIT (LENGTH_MEASURE( 1.000000000000000082E-05 ), #1589, 'distance_accuracy_value', 'NONE');
#2818 = EDGE_CURVE ( 'NONE', #851, #2221, #2236, .T. ) ;
#2819 = ORIENTED_EDGE ( 'NONE', *, *, #2582, .T. ) ;
#2820 = EDGE_CURVE ( 'NONE', #37, #2878, #935, .T. ) ;
#2821 = ADVANCED_FACE ( 'NONE', ( #17 ), #1907, .F. ) ;
#2822 = DIRECTION ( 'NONE',  ( -0.000000000000000000, 0.000000000000000000, 1.000000000000000000 ) ) ;
#2823 = DIRECTION ( 'NONE',  ( 0.000000000000000000, 0.000000000000000000, 1.000000000000000000 ) ) ;
#2824 = DIRECTION ( 'NONE',  ( 1.000000000000000000, 0.000000000000000000, 0.000000000000000000 ) ) ;
#2825 = CARTESIAN_POINT ( 'NONE',  ( -0.09999999999988490318, -67.70000000000004547, 4.599999999999999645 ) ) ;
#2826 = EDGE_LOOP ( 'NONE', ( #1662, #1251, #1122, #634 ) ) ;
#2827 = DIRECTION ( 'NONE',  ( 1.000000000000000000, 0.000000000000000000, -0.000000000000000000 ) ) ;
#2828 = CYLINDRICAL_SURFACE ( 'NONE', #575, 20.39999999999966818 ) ;
#2829 = CARTESIAN_POINT ( 'NONE',  ( -17.87256024000000565, -79.50000000000000000, 2.000000000000000000 ) ) ;
#2830 = ORIENTED_EDGE ( 'NONE', *, *, #718, .F. ) ;
#2831 = LINE ( 'NONE', #2618, #2628 ) ;
#2832 = CARTESIAN_POINT ( 'NONE',  ( -10.89999999999988667, 71.90000000000004832, 2.000000000000000000 ) ) ;
#2833 = ORIENTED_EDGE ( 'NONE', *, *, #418, .T. ) ;
#2834 = ORIENTED_EDGE ( 'NONE', *, *, #46, .F. ) ;
#2835 = EDGE_CURVE ( 'NONE', #130, #2845, #3124, .T. ) ;
#2836 = VECTOR ( 'NONE', #3122, 1000.000000000000000 ) ;
#2837 = PRESENTATION_LAYER_ASSIGNMENT (  '', '', ( #1218 ) ) ;
#2838 = LINE ( 'NONE', #1190, #1965 ) ;
#2839 = EDGE_CURVE ( 'NONE', #1131, #3098, #2933, .T. ) ;
#2840 = CIRCLE ( 'NONE', #1479, 1.000000000000000888 ) ;
#2841 = DIRECTION ( 'NONE',  ( 1.000000000000000000, 0.000000000000000000, 0.000000000000000000 ) ) ;
#2842 = CARTESIAN_POINT ( 'NONE',  ( 1.300000000000471001, -70.90000000000004832, -8.000000000000000000 ) ) ;
#2843 = FACE_OUTER_BOUND ( 'NONE', #2245, .T. ) ;
#2844 = VERTEX_POINT ( 'NONE', #240 ) ;
#2845 = VERTEX_POINT ( 'NONE', #3141 ) ;
#2846 = LINE ( 'NONE', #2857, #3081 ) ;
#2847 = EDGE_LOOP ( 'NONE', ( #1402, #734, #1585, #1241 ) ) ;
#2848 = CYLINDRICAL_SURFACE ( 'NONE', #1835, 20.39999999999966818 ) ;
#2849 = EDGE_LOOP ( 'NONE', ( #876, #2269, #1024, #1396 ) ) ;
#2850 = ORIENTED_EDGE ( 'NONE', *, *, #2141, .F. ) ;
#2851 = DIRECTION ( 'NONE',  ( 0.000000000000000000, 0.000000000000000000, 1.000000000000000000 ) ) ;
#2852 = VECTOR ( 'NONE', #1767, 1000.000000000000000 ) ;
#2853 = FACE_OUTER_BOUND ( 'NONE', #578, .T. ) ;
#2854 = DIRECTION ( 'NONE',  ( -0.000000000000000000, -0.000000000000000000, 1.000000000000000000 ) ) ;
#2855 = EDGE_LOOP ( 'NONE', ( #2381, #2710, #2516, #1010 ) ) ;
#2856 = DIRECTION ( 'NONE',  ( 1.000000000000000000, 0.000000000000000000, 0.000000000000000000 ) ) ;
#2857 = CARTESIAN_POINT ( 'NONE',  ( 1.300000000000471001, 71.90000000000004832, 2.000000000000000000 ) ) ;
#2858 = ORIENTED_EDGE ( 'NONE', *, *, #1732, .F. ) ;
#2859 = EDGE_CURVE ( 'NONE', #214, #1834, #1009, .T. ) ;
#2860 = CARTESIAN_POINT ( 'NONE',  ( 55.60000000000000853, -30.60000000000000142, 2.000000000000000000 ) ) ;
#2861 = EDGE_LOOP ( 'NONE', ( #340, #1344 ) ) ;
#2862 = VECTOR ( 'NONE', #32, 1000.000000000000000 ) ;
#2863 = VECTOR ( 'NONE', #1551, 1000.000000000000000 ) ;
#2864 = ORIENTED_EDGE ( 'NONE', *, *, #1285, .F. ) ;
#2865 = DIRECTION ( 'NONE',  ( 0.000000000000000000, -0.000000000000000000, 1.000000000000000000 ) ) ;
#2866 = EDGE_CURVE ( 'NONE', #1219, #1187, #1875, .T. ) ;
#2867 = DIRECTION ( 'NONE',  ( -0.000000000000000000, 1.000000000000000000, -0.000000000000000000 ) ) ;
#2868 = CARTESIAN_POINT ( 'NONE',  ( 1.300000000000471001, -62.81651513899121397, 2.000000000000000000 ) ) ;
#2869 = PRODUCT_CONTEXT ( 'NONE', #1302, 'mechanical' ) ;
#2870 = ORIENTED_EDGE ( 'NONE', *, *, #2908, .T. ) ;
#2871 = LINE ( 'NONE', #692, #1678 ) ;
#2872 = DIRECTION ( 'NONE',  ( -0.000000000000000000, -0.000000000000000000, -1.000000000000000000 ) ) ;
#2873 = EDGE_CURVE ( 'NONE', #185, #2931, #2685, .T. ) ;
#2874 = LINE ( 'NONE', #256, #2126 ) ;
#2875 = VERTEX_POINT ( 'NONE', #2421 ) ;
#2876 = DIRECTION ( 'NONE',  ( -0.000000000000000000, -0.000000000000000000, 1.000000000000000000 ) ) ;
#2877 = CARTESIAN_POINT ( 'NONE',  ( 15.00000000000021139, -54.77225575051652129, 1.800000000000000044 ) ) ;
#2878 = VERTEX_POINT ( 'NONE', #1688 ) ;
#2879 = EDGE_CURVE ( 'NONE', #702, #2845, #973, .T. ) ;
#2880 = ORIENTED_EDGE ( 'NONE', *, *, #93, .T. ) ;
#2881 = PLANE ( 'NONE',  #1357 ) ;
#2882 = AXIS2_PLACEMENT_3D ( 'NONE', #2440, #1235, #1185 ) ;
#2883 = CARTESIAN_POINT ( 'NONE',  ( -27.99999999999998224, 29.59999999999999076, 1.600000000000000089 ) ) ;
#2884 = CARTESIAN_POINT ( 'NONE',  ( 55.60000000000000853, 29.60000000000000142, 1.400000000000000133 ) ) ;
#2885 = VECTOR ( 'NONE', #2449, 1000.000000000000000 ) ;
#2886 = VERTEX_POINT ( 'NONE', #1745 ) ;
#2887 = AXIS2_PLACEMENT_3D ( 'NONE', #2970, #2985, #795 ) ;
#2888 = DIRECTION ( 'NONE',  ( 0.000000000000000000, 0.000000000000000000, -1.000000000000000000 ) ) ;
#2889 = DIRECTION ( 'NONE',  ( -0.000000000000000000, 0.000000000000000000, 1.000000000000000000 ) ) ;
#2890 = ORIENTED_EDGE ( 'NONE', *, *, #2973, .T. ) ;
#2891 = CARTESIAN_POINT ( 'NONE',  ( -74.70000000000013074, -4.700000000000000178, 4.599999999999999645 ) ) ;
#2892 = EDGE_LOOP ( 'NONE', ( #1160, #3109, #2648, #2086 ) ) ;
#2893 = ADVANCED_FACE ( 'NONE', ( #281 ), #2750, .T. ) ;
#2894 = ORIENTED_EDGE ( 'NONE', *, *, #1215, .T. ) ;
#2895 = FACE_OUTER_BOUND ( 'NONE', #991, .T. ) ;
#2896 = EDGE_CURVE ( 'NONE', #919, #1701, #1118, .T. ) ;
#2897 = FACE_OUTER_BOUND ( 'NONE', #1571, .T. ) ;
#2898 = CARTESIAN_POINT ( 'NONE',  ( -10.89999999999988667, 70.90000000000004832, 0.000000000000000000 ) ) ;
#2899 = ORIENTED_EDGE ( 'NONE', *, *, #2241, .T. ) ;
#2900 = VECTOR ( 'NONE', #392, 1000.000000000000000 ) ;
#2901 = LINE ( 'NONE', #1419, #700 ) ;
#2902 = LINE ( 'NONE', #475, #2787 ) ;
#2903 = VERTEX_POINT ( 'NONE', #1023 ) ;
#2904 = EDGE_CURVE ( 'NONE', #1508, #271, #1673, .T. ) ;
#2905 = LINE ( 'NONE', #1, #2557 ) ;
#2906 = VERTEX_POINT ( 'NONE', #518 ) ;
#2907 = ORIENTED_EDGE ( 'NONE', *, *, #199, .F. ) ;
#2908 = EDGE_CURVE ( 'NONE', #3113, #873, #859, .T. ) ;
#2909 = VECTOR ( 'NONE', #2694, 1000.000000000000000 ) ;
#2910 = DIRECTION ( 'NONE',  ( -0.000000000000000000, -0.000000000000000000, -1.000000000000000000 ) ) ;
#2911 = AXIS2_PLACEMENT_3D ( 'NONE', #855, #2573, #2307 ) ;
#2912 = CARTESIAN_POINT ( 'NONE',  ( 0.000000000000000000, 0.000000000000000000, 1.600000000000000089 ) ) ;
#2913 = CARTESIAN_POINT ( 'NONE',  ( 0.000000000000000000, 0.000000000000000000, 0.000000000000000000 ) ) ;
#2914 = ORIENTED_EDGE ( 'NONE', *, *, #505, .F. ) ;
#2915 = CARTESIAN_POINT ( 'NONE',  ( 55.00000000000018474, -54.77225575051652129, 1.800000000000000044 ) ) ;
#2916 = VECTOR ( 'NONE', #2399, 1000.000000000000000 ) ;
#2917 = LINE ( 'NONE', #1656, #754 ) ;
#2918 = ORIENTED_EDGE ( 'NONE', *, *, #384, .T. ) ;
#2919 = DIRECTION ( 'NONE',  ( 0.000000000000000000, 0.000000000000000000, 1.000000000000000000 ) ) ;
#2920 = LINE ( 'NONE', #2668, #1223 ) ;
#2921 = DIRECTION ( 'NONE',  ( -1.000000000000000000, -1.230300337572203632E-16, 0.000000000000000000 ) ) ;
#2922 = PLANE ( 'NONE',  #721 ) ;
#2923 = ORIENTED_EDGE ( 'NONE', *, *, #2380, .T. ) ;
#2924 = DIRECTION ( 'NONE',  ( -0.000000000000000000, -0.000000000000000000, 1.000000000000000000 ) ) ;
#2925 = ADVANCED_FACE ( 'NONE', ( #345 ), #2272, .T. ) ;
#2926 = CARTESIAN_POINT ( 'NONE',  ( 1.300000000000471001, 70.90000000000004832, -8.000000000000000000 ) ) ;
#2927 = EDGE_CURVE ( 'NONE', #353, #936, #2980, .T. ) ;
#2928 = DIRECTION ( 'NONE',  ( -1.000000000000000000, 0.000000000000000000, 0.000000000000000000 ) ) ;
#2929 = CIRCLE ( 'NONE', #2231, 20.00000000000003197 ) ;
#2930 = CARTESIAN_POINT ( 'NONE',  ( 1.300000000000471001, 0.000000000000000000, 0.000000000000000000 ) ) ;
#2931 = VERTEX_POINT ( 'NONE', #2034 ) ;
#2932 = DIRECTION ( 'NONE',  ( -1.000000000000000000, 0.000000000000000000, 0.000000000000000000 ) ) ;
#2933 = CIRCLE ( 'NONE', #2535, 1.000000000000000000 ) ;
#2934 = EDGE_CURVE ( 'NONE', #282, #1131, #1499, .T. ) ;
#2935 = DIRECTION ( 'NONE',  ( 0.000000000000000000, -0.000000000000000000, -1.000000000000000000 ) ) ;
#2936 = ORIENTED_EDGE ( 'NONE', *, *, #2375, .F. ) ;
#2937 = CARTESIAN_POINT ( 'NONE',  ( 55.40000000000019753, -54.77225575051652129, 2.000000000000000000 ) ) ;
#2938 = VERTEX_POINT ( 'NONE', #2965 ) ;
#2939 = PLANE ( 'NONE',  #401 ) ;
#2940 = CARTESIAN_POINT ( 'NONE',  ( -9.899999999999888445, -70.90000000000004832, 0.000000000000000000 ) ) ;
#2941 = CARTESIAN_POINT ( 'NONE',  ( -9.499999999999886313, -68.70000000000005969, 7.200000000000000178 ) ) ;
#2942 = ORIENTED_EDGE ( 'NONE', *, *, #2927, .F. ) ;
#2943 = VECTOR ( 'NONE', #1108, 1000.000000000000000 ) ;
#2944 = DIRECTION ( 'NONE',  ( -1.000000000000000000, -1.230300337572203632E-16, 0.000000000000000000 ) ) ;
#2945 = DIRECTION ( 'NONE',  ( -0.000000000000000000, -0.000000000000000000, -1.000000000000000000 ) ) ;
#2946 = VERTEX_POINT ( 'NONE', #2712 ) ;
#2947 = FACE_OUTER_BOUND ( 'NONE', #996, .T. ) ;
#2948 = ADVANCED_FACE ( 'NONE', ( #587, #790, #1991, #2244 ), #1071, .F. ) ;
#2949 = FACE_OUTER_BOUND ( 'NONE', #1929, .T. ) ;
#2950 = EDGE_LOOP ( 'NONE', ( #2670, #2527, #3112, #2145 ) ) ;
#2951 = FACE_BOUND ( 'NONE', #810, .T. ) ;
#2952 = VECTOR ( 'NONE', #90, 1000.000000000000000 ) ;
#2953 = EDGE_CURVE ( 'NONE', #1597, #1077, #1527, .T. ) ;
#2954 = ORIENTED_EDGE ( 'NONE', *, *, #2216, .T. ) ;
#2955 = VERTEX_POINT ( 'NONE', #1547 ) ;
#2956 = CIRCLE ( 'NONE', #1596, 1.000000000000000000 ) ;
#2957 = DIRECTION ( 'NONE',  ( -1.636531581110194670E-16, 1.000000000000000000, 0.000000000000000000 ) ) ;
#2958 = CARTESIAN_POINT ( 'NONE',  ( 15.00000000000021139, -54.77225575051652129, 1.800000000000000044 ) ) ;
#2959 = VECTOR ( 'NONE', #924, 1000.000000000000341 ) ;
#2960 = AXIS2_PLACEMENT_3D ( 'NONE', #1635, #1192, #2352 ) ;
#2961 = CARTESIAN_POINT ( 'NONE',  ( -11.49999999999988631, -61.90000000000004832, -8.000000000000000000 ) ) ;
#2962 = EDGE_CURVE ( 'NONE', #1065, #2189, #2477, .T. ) ;
#2963 = VERTEX_POINT ( 'NONE', #1294 ) ;
#2964 = CARTESIAN_POINT ( 'NONE',  ( 5.000000000000000000, -79.50000000000000000, 0.000000000000000000 ) ) ;
#2965 = CARTESIAN_POINT ( 'NONE',  ( -9.499999999999904077, 70.50000000000004263, 2.000000000000000000 ) ) ;
#2966 = ORIENTED_EDGE ( 'NONE', *, *, #2382, .T. ) ;
#2967 = LINE ( 'NONE', #2036, #1117 ) ;
#2968 = DIRECTION ( 'NONE',  ( 1.000000000000000000, 0.000000000000000000, -0.000000000000000000 ) ) ;
#2969 = EDGE_CURVE ( 'NONE', #919, #3079, #115, .T. ) ;
#2970 = CARTESIAN_POINT ( 'NONE',  ( -11.89999999999988667, 62.81651513899121397, 0.000000000000000000 ) ) ;
#2971 = CARTESIAN_POINT ( 'NONE',  ( -1.084202172485504434E-16, 71.90000000000004832, 0.000000000000000000 ) ) ;
#2972 = ORIENTED_EDGE ( 'NONE', *, *, #3085, .T. ) ;
#2973 = EDGE_CURVE ( 'NONE', #2273, #672, #2008, .T. ) ;
#2974 = ORIENTED_EDGE ( 'NONE', *, *, #2016, .F. ) ;
#2975 = CARTESIAN_POINT ( 'NONE',  ( 55.60000000000000142, 30.60000000000000142, 1.400000000000000133 ) ) ;
#2976 = CARTESIAN_POINT ( 'NONE',  ( -83.43644287719845920, -20.00000000000000355, 1.000000000000000000 ) ) ;
#2977 = ORIENTED_EDGE ( 'NONE', *, *, #2772, .T. ) ;
#2978 = CARTESIAN_POINT ( 'NONE',  ( 34.99999999999983658, 54.77225575051674156, 1.800000000000000044 ) ) ;
#2979 = LINE ( 'NONE', #2257, #2909 ) ;
#2980 = LINE ( 'NONE', #69, #1428 ) ;
#2981 = ORIENTED_EDGE ( 'NONE', *, *, #1648, .T. ) ;
#2982 = CARTESIAN_POINT ( 'NONE',  ( -10.89999999999988667, -62.81651513899121397, -8.000000000000000000 ) ) ;
#2983 = CARTESIAN_POINT ( 'NONE',  ( -74.70000000000013074, -4.700000000000000178, 2.000000000000000000 ) ) ;
#2984 = VECTOR ( 'NONE', #1484, 1000.000000000000000 ) ;
#2985 = DIRECTION ( 'NONE',  ( 0.000000000000000000, 0.000000000000000000, 1.000000000000000000 ) ) ;
#2986 = CARTESIAN_POINT ( 'NONE',  ( -74.70000000000013074, -4.700000000000000178, 7.200000000000000178 ) ) ;
#2987 = AXIS2_PLACEMENT_3D ( 'NONE', #761, #317, #1296 ) ;
#2988 = AXIS2_PLACEMENT_3D ( 'NONE', #1230, #990, #268 ) ;
#2989 = ORIENTED_EDGE ( 'NONE', *, *, #217, .T. ) ;
#2990 = VECTOR ( 'NONE', #407, 1000.000000000000000 ) ;
#2991 = ORIENTED_EDGE ( 'NONE', *, *, #1518, .F. ) ;
#2992 = VECTOR ( 'NONE', #2442, 1000.000000000000000 ) ;
#2993 = EDGE_CURVE ( 'NONE', #873, #961, #2463, .T. ) ;
#2994 = EDGE_LOOP ( 'NONE', ( #279, #2801, #1456, #416, #294, #2981 ) ) ;
#2995 = VERTEX_POINT ( 'NONE', #1083 ) ;
#2996 = CARTESIAN_POINT ( 'NONE',  ( -34.37200000000022015, -35.00040022628333247, 2.000000000000000000 ) ) ;
#2997 = DIRECTION ( 'NONE',  ( 1.133806193448893442E-16, -1.000000000000000000, -0.000000000000000000 ) ) ;
#2998 = EDGE_LOOP ( 'NONE', ( #698, #923, #530, #2505 ) ) ;
#2999 = CYLINDRICAL_SURFACE ( 'NONE', #200, 1.600000000000004086 ) ;
#3000 = DIRECTION ( 'NONE',  ( 0.000000000000000000, -1.000000000000000000, 0.000000000000000000 ) ) ;
#3001 = CYLINDRICAL_SURFACE ( 'NONE', #1543, 1.000000000000000000 ) ;
#3002 = EDGE_CURVE ( 'NONE', #3017, #1028, #1056, .T. ) ;
#3003 = ORIENTED_EDGE ( 'NONE', *, *, #2969, .F. ) ;
#3004 = ORIENTED_EDGE ( 'NONE', *, *, #326, .F. ) ;
#3005 = AXIS2_PLACEMENT_3D ( 'NONE', #2692, #2709, #1256 ) ;
#3006 = ADVANCED_FACE ( 'NONE', ( #809 ), #1729, .F. ) ;
#3007 = ORIENTED_EDGE ( 'NONE', *, *, #1736, .F. ) ;
#3008 = EDGE_CURVE ( 'NONE', #515, #1459, #1369, .T. ) ;
#3009 = AXIS2_PLACEMENT_3D ( 'NONE', #362, #2290, #348 ) ;
#3010 = FACE_BOUND ( 'NONE', #3016, .T. ) ;
#3011 = VECTOR ( 'NONE', #2319, 1000.000000000000000 ) ;
#3012 = FACE_OUTER_BOUND ( 'NONE', #3042, .T. ) ;
#3013 = ORIENTED_EDGE ( 'NONE', *, *, #1184, .T. ) ;
#3014 = DIRECTION ( 'NONE',  ( -0.000000000000000000, -0.000000000000000000, -1.000000000000000000 ) ) ;
#3015 = FACE_OUTER_BOUND ( 'NONE', #940, .T. ) ;
#3016 = EDGE_LOOP ( 'NONE', ( #1559, #2532, #2547, #1331, #1548, #2035, #207, #1450, #341, #2457 ) ) ;
#3017 = VERTEX_POINT ( 'NONE', #2825 ) ;
#3018 = VECTOR ( 'NONE', #1854, 1000.000000000000000 ) ;
#3019 = ADVANCED_FACE ( 'NONE', ( #1130 ), #2370, .F. ) ;
#3020 = ORIENTED_EDGE ( 'NONE', *, *, #1150, .F. ) ;
#3021 = DIRECTION ( 'NONE',  ( 0.000000000000000000, 0.000000000000000000, 1.000000000000000000 ) ) ;
#3022 = LINE ( 'NONE', #1636, #3082 ) ;
#3023 = EDGE_CURVE ( 'NONE', #2406, #2903, #389, .T. ) ;
#3024 = DIRECTION ( 'NONE',  ( 0.000000000000000000, 0.000000000000000000, 1.000000000000000000 ) ) ;
#3025 = VERTEX_POINT ( 'NONE', #159 ) ;
#3026 = DIRECTION ( 'NONE',  ( 0.000000000000000000, 1.000000000000000000, 0.000000000000000000 ) ) ;
#3027 = CYLINDRICAL_SURFACE ( 'NONE', #3064, 20.40000000000000213 ) ;
#3028 = FACE_OUTER_BOUND ( 'NONE', #166, .T. ) ;
#3029 = ORIENTED_EDGE ( 'NONE', *, *, #2062, .T. ) ;
#3030 = EDGE_CURVE ( 'NONE', #99, #324, #451, .T. ) ;
#3031 = CIRCLE ( 'NONE', #1669, 85.79999999999999716 ) ;
#3032 = CARTESIAN_POINT ( 'NONE',  ( 1.900000000000470646, 72.50000000000005684, -8.000000000000000000 ) ) ;
#3033 = ORIENTED_EDGE ( 'NONE', *, *, #2705, .F. ) ;
#3034 = AXIS2_PLACEMENT_3D ( 'NONE', #5, #2410, #1475 ) ;
#3035 = AXIS2_PLACEMENT_3D ( 'NONE', #1100, #2304, #2321 ) ;
#3036 = AXIS2_PLACEMENT_3D ( 'NONE', #3090, #424, #237 ) ;
#3037 = VECTOR ( 'NONE', #746, 1000.000000000000000 ) ;
#3038 = ORIENTED_EDGE ( 'NONE', *, *, #993, .F. ) ;
#3039 = FACE_BOUND ( 'NONE', #304, .T. ) ;
#3040 = CARTESIAN_POINT ( 'NONE',  ( -9.499999999999884537, -68.70000000000005969, 4.599999999999999645 ) ) ;
#3041 = CARTESIAN_POINT ( 'NONE',  ( -74.77200000000013347, 35.00040022628292746, 2.000000000000000000 ) ) ;
#3042 = EDGE_LOOP ( 'NONE', ( #836, #301, #1815, #2617 ) ) ;
#3043 = LINE ( 'NONE', #2541, #2990 ) ;
#3044 = DIRECTION ( 'NONE',  ( -0.000000000000000000, -0.000000000000000000, -1.000000000000000000 ) ) ;
#3045 = DIRECTION ( 'NONE',  ( 1.000000000000000000, 0.000000000000000000, 0.000000000000000000 ) ) ;
#3046 = EDGE_CURVE ( 'NONE', #35, #2963, #2776, .T. ) ;
#3047 = ORIENTED_EDGE ( 'NONE', *, *, #993, .T. ) ;
#3048 = PLANE ( 'NONE',  #2735 ) ;
#3049 = CARTESIAN_POINT ( 'NONE',  ( -83.43644287719845920, -20.00000000000000355, 1.000000000000000000 ) ) ;
#3050 = VERTEX_POINT ( 'NONE', #3041 ) ;
#3051 = ADVANCED_FACE ( 'NONE', ( #644 ), #405, .F. ) ;
#3052 = CARTESIAN_POINT ( 'NONE',  ( -54.77200000000012636, 35.00040022628292746, 2.000000000000000000 ) ) ;
#3053 = VECTOR ( 'NONE', #875, 1000.000000000000000 ) ;
#3054 = FACE_BOUND ( 'NONE', #269, .T. ) ;
#3055 = FILL_AREA_STYLE ('',( #2303 ) ) ;
#3056 = CARTESIAN_POINT ( 'NONE',  ( 55.60000000000000853, -20.00000000000000355, 1.000000000000000000 ) ) ;
#3057 = ORIENTED_EDGE ( 'NONE', *, *, #1936, .T. ) ;
#3058 = DIRECTION ( 'NONE',  ( 0.000000000000000000, -1.000000000000000000, 0.000000000000000000 ) ) ;
#3059 = CARTESIAN_POINT ( 'NONE',  ( -54.77200000000012636, 35.00040022628292746, 1.800000000000000044 ) ) ;
#3060 = AXIS2_PLACEMENT_3D ( 'NONE', #2138, #1207, #2167 ) ;
#3061 = VERTEX_POINT ( 'NONE', #1353 ) ;
#3062 = EDGE_CURVE ( 'NONE', #174, #2816, #2339, .T. ) ;
#3063 = CARTESIAN_POINT ( 'NONE',  ( -54.77199999999989188, -35.00040022628333247, 1.800000000000000044 ) ) ;
#3064 = AXIS2_PLACEMENT_3D ( 'NONE', #2049, #2766, #117 ) ;
#3065 = DIRECTION ( 'NONE',  ( -0.000000000000000000, -0.000000000000000000, -1.000000000000000000 ) ) ;
#3066 = ORIENTED_EDGE ( 'NONE', *, *, #356, .T. ) ;
#3067 = ADVANCED_FACE ( 'NONE', ( #883 ), #2587, .F. ) ;
#3068 = ORIENTED_EDGE ( 'NONE', *, *, #292, .T. ) ;
#3069 = CYLINDRICAL_SURFACE ( 'NONE', #1909, 1.000000000000000888 ) ;
#3070 = PLANE ( 'NONE',  #2259 ) ;
#3071 = CARTESIAN_POINT ( 'NONE',  ( 55.60000000000000853, -29.60000000000000142, 1.400000000000000133 ) ) ;
#3072 = CARTESIAN_POINT ( 'NONE',  ( -76.90000000000001990, -5.100000000000408207, 2.000000000000000000 ) ) ;
#3073 = VERTEX_POINT ( 'NONE', #2058 ) ;
#3074 = CARTESIAN_POINT ( 'NONE',  ( -0.09999999999990216715, 70.50000000000004263, 7.200000000000000178 ) ) ;
#3075 = ORIENTED_EDGE ( 'NONE', *, *, #838, .T. ) ;
#3076 = LINE ( 'NONE', #2604, #1770 ) ;
#3077 = ORIENTED_EDGE ( 'NONE', *, *, #1293, .T. ) ;
#3078 = PLANE ( 'NONE',  #1177 ) ;
#3079 = VERTEX_POINT ( 'NONE', #2601 ) ;
#3080 = VERTEX_POINT ( 'NONE', #173 ) ;
#3081 = VECTOR ( 'NONE', #2142, 1000.000000000000000 ) ;
#3082 = VECTOR ( 'NONE', #1824, 1000.000000000000000 ) ;
#3083 = CARTESIAN_POINT ( 'NONE',  ( -1.084202172485504434E-16, 0.000000000000000000, 0.000000000000000000 ) ) ;
#3084 = AXIS2_PLACEMENT_3D ( 'NONE', #333, #553, #85 ) ;
#3085 = EDGE_CURVE ( 'NONE', #2087, #2672, #2333, .T. ) ;
#3086 = DIRECTION ( 'NONE',  ( -0.000000000000000000, 0.000000000000000000, 1.000000000000000000 ) ) ;
#3087 = CARTESIAN_POINT ( 'NONE',  ( 1.300000000000471001, 62.81651513899121397, 2.000000000000000000 ) ) ;
#3088 = ADVANCED_FACE ( 'NONE', ( #3012 ), #1637, .F. ) ;
#3089 = EDGE_LOOP ( 'NONE', ( #3129, #1101 ) ) ;
#3090 = CARTESIAN_POINT ( 'NONE',  ( 5.000000000000000000, 79.50000000000000000, 2.000000000000000000 ) ) ;
#3091 = DIRECTION ( 'NONE',  ( -1.000000000000000000, 2.081668171172178374E-15, -0.000000000000000000 ) ) ;
#3092 = ORIENTED_EDGE ( 'NONE', *, *, #309, .F. ) ;
#3093 = LINE ( 'NONE', #1406, #2384 ) ;
#3094 = LINE ( 'NONE', #2877, #2006 ) ;
#3095 = ORIENTED_EDGE ( 'NONE', *, *, #526, .T. ) ;
#3096 = EDGE_CURVE ( 'NONE', #1169, #3061, #3134, .T. ) ;
#3097 = AXIS2_PLACEMENT_3D ( 'NONE', #1849, #1343, #1542 ) ;
#3098 = VERTEX_POINT ( 'NONE', #1810 ) ;
#3099 = CARTESIAN_POINT ( 'NONE',  ( -77.90000000000001990, 6.099999999999956124, -8.000000000000000000 ) ) ;
#3100 = ADVANCED_FACE ( 'NONE', ( #2843 ), #422, .T. ) ;
#3101 = CIRCLE ( 'NONE', #3005, 1.600000000000004086 ) ;
#3102 = FACE_BOUND ( 'NONE', #2998, .T. ) ;
#3103 = DIRECTION ( 'NONE',  ( -0.000000000000000000, -0.000000000000000000, 1.000000000000000000 ) ) ;
#3104 = ORIENTED_EDGE ( 'NONE', *, *, #2136, .F. ) ;
#3105 = CARTESIAN_POINT ( 'NONE',  ( 55.00000000000018474, -54.77225575051652129, 2.000000000000000000 ) ) ;
#3106 = EDGE_CURVE ( 'NONE', #2785, #2311, #597, .T. ) ;
#3107 = DIRECTION ( 'NONE',  ( -1.636531581110194670E-16, -1.000000000000000000, -0.000000000000000000 ) ) ;
#3108 = CARTESIAN_POINT ( 'NONE',  ( 1.900000000000472422, -61.90000000000004832, 2.000000000000000000 ) ) ;
#3109 = ORIENTED_EDGE ( 'NONE', *, *, #2642, .F. ) ;
#3110 = DIRECTION ( 'NONE',  ( -0.000000000000000000, -0.000000000000000000, -1.000000000000000000 ) ) ;
#3111 = DIRECTION ( 'NONE',  ( 1.000000000000000000, 0.000000000000000000, 0.000000000000000000 ) ) ;
#3112 = ORIENTED_EDGE ( 'NONE', *, *, #1643, .F. ) ;
#3113 = VERTEX_POINT ( 'NONE', #373 ) ;
#3114 = LINE ( 'NONE', #945, #2771 ) ;
#3115 = CARTESIAN_POINT ( 'NONE',  ( 1.900000000000472422, 61.90000000000004832, -8.000000000000000000 ) ) ;
#3116 = DIRECTION ( 'NONE',  ( -1.000000000000000000, -0.000000000000000000, -0.000000000000000000 ) ) ;
#3117 = ADVANCED_FACE ( 'NONE', ( #359 ), #2792, .F. ) ;
#3118 = VECTOR ( 'NONE', #1127, 1000.000000000000000 ) ;
#3119 = DIRECTION ( 'NONE',  ( -1.636531581110194670E-16, 1.000000000000000000, 0.000000000000000000 ) ) ;
#3120 = EDGE_LOOP ( 'NONE', ( #1281, #1954, #612, #2417 ) ) ;
#3121 = CARTESIAN_POINT ( 'NONE',  ( 1.300000000000471001, 70.90000000000004832, 2.000000000000000000 ) ) ;
#3122 = DIRECTION ( 'NONE',  ( -0.000000000000000000, -0.000000000000000000, -1.000000000000000000 ) ) ;
#3123 = ADVANCED_FACE ( 'NONE', ( #2416 ), #986, .F. ) ;
#3124 = LINE ( 'NONE', #440, #204 ) ;
#3125 = ORIENTED_EDGE ( 'NONE', *, *, #1226, .T. ) ;
#3126 = CYLINDRICAL_SURFACE ( 'NONE', #2308, 1.000000000000000000 ) ;
#3127 = ORIENTED_EDGE ( 'NONE', *, *, #509, .F. ) ;
#3128 = EDGE_CURVE ( 'NONE', #1798, #2204, #1713, .T. ) ;
#3129 = ORIENTED_EDGE ( 'NONE', *, *, #894, .T. ) ;
#3130 = CARTESIAN_POINT ( 'NONE',  ( -9.499999999999904077, 70.50000000000004263, 7.200000000000000178 ) ) ;
#3131 = DIRECTION ( 'NONE',  ( 1.000000000000000000, 0.000000000000000000, 0.000000000000000000 ) ) ;
#3132 = AXIS2_PLACEMENT_3D ( 'NONE', #3059, #1341, #2812 ) ;
#3133 = DIRECTION ( 'NONE',  ( -0.000000000000000000, -0.000000000000000000, 1.000000000000000000 ) ) ;
#3134 = CIRCLE ( 'NONE', #1773, 1.600000000000004086 ) ;
#3135 =( NAMED_UNIT ( * ) PLANE_ANGLE_UNIT ( ) SI_UNIT ( $, .RADIAN. ) );
#3136 = ORIENTED_EDGE ( 'NONE', *, *, #2493, .T. ) ;
#3137 = CARTESIAN_POINT ( 'NONE',  ( -17.87256024000000565, 79.50000000000000000, 2.000000000000000000 ) ) ;
#3138 = VECTOR ( 'NONE', #1702, 1000.000000000000000 ) ;
#3139 = AXIS2_PLACEMENT_3D ( 'NONE', #2200, #1771, #1001 ) ;
#3140 = CARTESIAN_POINT ( 'NONE',  ( -11.49999999999988631, 61.90000000000004832, 2.000000000000000000 ) ) ;
#3141 = CARTESIAN_POINT ( 'NONE',  ( -9.499999999999886313, -70.50000000000004263, 2.000000000000000000 ) ) ;
#3142 = ORIENTED_EDGE ( 'NONE', *, *, #2820, .F. ) ;
ENDSEC;
END-ISO-10303-21;
