ISO-10303-21;
HEADER;
FILE_DESCRIPTION (( 'STEP AP214' ),
    '1' );
FILE_NAME ('main board holder.STEP',
    '2026-03-31T17:13:57',
    ( '' ),
    ( '' ),
    'SwSTEP 2.0',
    'SolidWorks 2026',
    '' );
FILE_SCHEMA (( 'AUTOMOTIVE_DESIGN' ));
ENDSEC;

DATA;
#1 = ORIENTED_EDGE ( 'NONE', *, *, #1851, .T. ) ;
#2 = CARTESIAN_POINT ( 'NONE',  ( -0.005000000000005000445, -38.86000000000001364, 0.000000000000000000 ) ) ;
#3 = VERTEX_POINT ( 'NONE', #1409 ) ;
#4 = CARTESIAN_POINT ( 'NONE',  ( 0.000000000000000000, 32.14526759496442310, 3.000000000000000000 ) ) ;
#5 = VECTOR ( 'NONE', #1326, 1000.000000000000000 ) ;
#6 = EDGE_CURVE ( 'NONE', #1121, #2376, #743, .T. ) ;
#7 = CARTESIAN_POINT ( 'NONE',  ( 14.25499999999999723, 34.79203768307637290, 5.000000000000000000 ) ) ;
#8 = VERTEX_POINT ( 'NONE', #3532 ) ;
#9 = EDGE_CURVE ( 'NONE', #4286, #1437, #3301, .T. ) ;
#10 = AXIS2_PLACEMENT_3D ( 'NONE', #3390, #612, #260 ) ;
#11 = DIRECTION ( 'NONE',  ( 6.033820786006289662E-16, -1.000000000000000000, -0.000000000000000000 ) ) ;
#12 = PRODUCT_DEFINITION_SHAPE ( 'NONE', 'NONE',  #2303 ) ;
#13 = CARTESIAN_POINT ( 'NONE',  ( -97.74500000000001876, 45.00000000000000711, 0.000000000000000000 ) ) ;
#14 = ORIENTED_EDGE ( 'NONE', *, *, #435, .F. ) ;
#15 = FACE_OUTER_BOUND ( 'NONE', #3758, .T. ) ;
#16 = DIRECTION ( 'NONE',  ( 1.000000000000000000, 0.000000000000000000, 0.000000000000000000 ) ) ;
#17 = ORIENTED_EDGE ( 'NONE', *, *, #2052, .F. ) ;
#18 = CIRCLE ( 'NONE', #226, 2.250000000000001776 ) ;
#19 = CARTESIAN_POINT ( 'NONE',  ( -65.74500000000000455, 75.26667162653228615, 0.000000000000000000 ) ) ;
#20 = DIRECTION ( 'NONE',  ( 0.000000000000000000, 0.000000000000000000, 1.000000000000000000 ) ) ;
#21 = CIRCLE ( 'NONE', #1149, 3.000000000000002665 ) ;
#22 = ORIENTED_EDGE ( 'NONE', *, *, #1893, .F. ) ;
#23 = DIRECTION ( 'NONE',  ( 0.000000000000000000, -0.000000000000000000, 1.000000000000000000 ) ) ;
#24 = CIRCLE ( 'NONE', #4133, 2.999999999999999112 ) ;
#25 = EDGE_CURVE ( 'NONE', #3577, #3350, #3208, .T. ) ;
#26 = EDGE_CURVE ( 'NONE', #4405, #4085, #3915, .T. ) ;
#27 = ORIENTED_EDGE ( 'NONE', *, *, #3826, .T. ) ;
#28 = EDGE_CURVE ( 'NONE', #1204, #3475, #40, .T. ) ;
#29 = DIRECTION ( 'NONE',  ( -1.000000000000000000, 0.000000000000000000, 0.000000000000000000 ) ) ;
#30 = DIRECTION ( 'NONE',  ( 0.000000000000000000, 0.000000000000000000, -1.000000000000000000 ) ) ;
#31 = ORIENTED_EDGE ( 'NONE', *, *, #837, .T. ) ;
#32 = VECTOR ( 'NONE', #1709, 1000.000000000000000 ) ;
#33 = CARTESIAN_POINT ( 'NONE',  ( 0.000000000000000000, 0.000000000000000000, 0.000000000000000000 ) ) ;
#34 = AXIS2_PLACEMENT_3D ( 'NONE', #1454, #4190, #127 ) ;
#35 = CARTESIAN_POINT ( 'NONE',  ( -62.74499999999999744, 75.26667162653228615, 10.00000000000000000 ) ) ;
#36 = ORIENTED_EDGE ( 'NONE', *, *, #1771, .F. ) ;
#37 = LINE ( 'NONE', #2387, #2901 ) ;
#38 = ADVANCED_FACE ( 'NONE', ( #1772 ), #3126, .F. ) ;
#39 = CARTESIAN_POINT ( 'NONE',  ( -10.61499092853945925, -39.38838713590120477, 2.000000000000000000 ) ) ;
#40 = CIRCLE ( 'NONE', #2397, 2.250000000000001776 ) ;
#41 = EDGE_LOOP ( 'NONE', ( #4344, #1708, #526, #667 ) ) ;
#42 = VECTOR ( 'NONE', #1235, 1000.000000000000000 ) ;
#43 = DIRECTION ( 'NONE',  ( 2.388407501162106152E-16, -1.000000000000000000, 0.000000000000000000 ) ) ;
#44 = CARTESIAN_POINT ( 'NONE',  ( -15.93726924517893728, 42.26507572786680811, 0.000000000000000000 ) ) ;
#45 = VERTEX_POINT ( 'NONE', #3144 ) ;
#46 = DIRECTION ( 'NONE',  ( -0.000000000000000000, -0.000000000000000000, 1.000000000000000000 ) ) ;
#47 = AXIS2_PLACEMENT_3D ( 'NONE', #371, #2712, #1765 ) ;
#48 = EDGE_LOOP ( 'NONE', ( #3005, #710 ) ) ;
#49 = EDGE_CURVE ( 'NONE', #976, #3533, #2761, .T. ) ;
#50 = CARTESIAN_POINT ( 'NONE',  ( 0.004999999999994592104, 38.85999999999998522, 5.000000000000000000 ) ) ;
#51 = CARTESIAN_POINT ( 'NONE',  ( -48.74500000000000455, -30.94761299932681808, 0.000000000000000000 ) ) ;
#52 = VECTOR ( 'NONE', #2408, 1000.000000000000000 ) ;
#53 = CARTESIAN_POINT ( 'NONE',  ( -53.52934526994632591, 8.598901098682526722, 2.000000000000000000 ) ) ;
#54 = ORIENTED_EDGE ( 'NONE', *, *, #4282, .F. ) ;
#55 = CARTESIAN_POINT ( 'NONE',  ( -2.255000000000007443, -38.86000000000001364, 5.000000000000000000 ) ) ;
#56 = CARTESIAN_POINT ( 'NONE',  ( -55.53828962499061817, -25.15438010052512041, 3.000000000000000000 ) ) ;
#57 = VERTEX_POINT ( 'NONE', #3847 ) ;
#58 = CARTESIAN_POINT ( 'NONE',  ( 2.244999999999997442, -38.86000000000001364, 5.000000000000000000 ) ) ;
#59 = ADVANCED_FACE ( 'NONE', ( #1128 ), #4172, .T. ) ;
#60 = ORIENTED_EDGE ( 'NONE', *, *, #4149, .F. ) ;
#61 = FACE_OUTER_BOUND ( 'NONE', #4084, .T. ) ;
#62 = DIRECTION ( 'NONE',  ( 1.000000000000000000, 0.000000000000000000, 0.000000000000000000 ) ) ;
#63 = VERTEX_POINT ( 'NONE', #3511 ) ;
#64 = CARTESIAN_POINT ( 'NONE',  ( -65.74500000000000455, -75.26667162653230037, 0.000000000000000000 ) ) ;
#65 = EDGE_CURVE ( 'NONE', #1614, #335, #813, .T. ) ;
#66 = ORIENTED_EDGE ( 'NONE', *, *, #3826, .F. ) ;
#67 = DIRECTION ( 'NONE',  ( 0.000000000000000000, 0.000000000000000000, 1.000000000000000000 ) ) ;
#68 = ORIENTED_EDGE ( 'NONE', *, *, #361, .F. ) ;
#69 = CARTESIAN_POINT ( 'NONE',  ( 6.994999999999993001, 44.99999999999995737, 2.000000000000000000 ) ) ;
#70 = ORIENTED_EDGE ( 'NONE', *, *, #2504, .F. ) ;
#71 = DIRECTION ( 'NONE',  ( -1.982541115402063631E-16, 1.000000000000000000, 0.000000000000000000 ) ) ;
#72 = DIRECTION ( 'NONE',  ( 0.000000000000000000, 0.000000000000000000, 1.000000000000000000 ) ) ;
#73 = VERTEX_POINT ( 'NONE', #2440 ) ;
#74 = FACE_OUTER_BOUND ( 'NONE', #295, .T. ) ;
#75 = AXIS2_PLACEMENT_3D ( 'NONE', #3634, #3245, #1263 ) ;
#76 = LINE ( 'NONE', #3588, #3528 ) ;
#77 = ORIENTED_EDGE ( 'NONE', *, *, #2708, .T. ) ;
#78 = DIRECTION ( 'NONE',  ( 1.000000000000000000, 0.000000000000000000, 0.000000000000000000 ) ) ;
#79 = DIRECTION ( 'NONE',  ( -0.000000000000000000, -0.000000000000000000, -1.000000000000000000 ) ) ;
#80 = AXIS2_PLACEMENT_3D ( 'NONE', #266, #1631, #3003 ) ;
#81 = DIRECTION ( 'NONE',  ( 1.000000000000000000, 0.000000000000000000, 0.000000000000000000 ) ) ;
#82 = CIRCLE ( 'NONE', #1376, 3.000000000000009770 ) ;
#83 = EDGE_CURVE ( 'NONE', #1150, #1721, #1435, .T. ) ;
#84 = CARTESIAN_POINT ( 'NONE',  ( -2.245000000000007656, 38.85999999999998522, 0.000000000000000000 ) ) ;
#85 = VECTOR ( 'NONE', #4136, 1000.000000000000000 ) ;
#86 = ORIENTED_EDGE ( 'NONE', *, *, #3229, .F. ) ;
#87 = CARTESIAN_POINT ( 'NONE',  ( -97.74500000000001876, -55.00000000000003553, 0.000000000000000000 ) ) ;
#88 = LINE ( 'NONE', #2150, #1066 ) ;
#89 = ORIENTED_EDGE ( 'NONE', *, *, #207, .F. ) ;
#90 = DIRECTION ( 'NONE',  ( -1.000000000000000000, 0.000000000000000000, 0.000000000000000000 ) ) ;
#91 = CARTESIAN_POINT ( 'NONE',  ( -65.74499999999999034, -55.00000000000002842, 5.000000000000000000 ) ) ;
#92 = CARTESIAN_POINT ( 'NONE',  ( -16.80526902665150146, 38.17829041169851934, 3.000000000000000000 ) ) ;
#93 = ORIENTED_EDGE ( 'NONE', *, *, #2752, .F. ) ;
#94 = AXIS2_PLACEMENT_3D ( 'NONE', #2649, #4336, #225 ) ;
#95 = CIRCLE ( 'NONE', #2239, 3.000000000000002665 ) ;
#96 = CARTESIAN_POINT ( 'NONE',  ( -63.98149343014691937, 77.99999999999997158, 10.00000000000000000 ) ) ;
#97 = ORIENTED_EDGE ( 'NONE', *, *, #83, .T. ) ;
#98 = AXIS2_PLACEMENT_3D ( 'NONE', #1613, #2912, #1590 ) ;
#99 = CARTESIAN_POINT ( 'NONE',  ( -68.74499999999999034, 44.99999999999998579, 5.000000000000000000 ) ) ;
#100 = DIRECTION ( 'NONE',  ( -1.000000000000000000, 0.000000000000000000, 0.000000000000000000 ) ) ;
#101 = LINE ( 'NONE', #2545, #1325 ) ;
#102 = CIRCLE ( 'NONE', #1170, 3.000000000000001776 ) ;
#103 = ADVANCED_FACE ( 'NONE', ( #2503 ), #2090, .F. ) ;
#104 = CARTESIAN_POINT ( 'NONE',  ( -19.21026901722418856, 38.17829041169851934, 3.000000000000000000 ) ) ;
#105 = ORIENTED_EDGE ( 'NONE', *, *, #2548, .F. ) ;
#106 = LINE ( 'NONE', #2419, #2892 ) ;
#107 = AXIS2_PLACEMENT_3D ( 'NONE', #3135, #3070, #684 ) ;
#108 = EDGE_CURVE ( 'NONE', #399, #1437, #3164, .T. ) ;
#109 = ORIENTED_EDGE ( 'NONE', *, *, #2605, .F. ) ;
#110 = DIRECTION ( 'NONE',  ( -0.000000000000000000, -1.000000000000000000, -0.000000000000000000 ) ) ;
#111 = CIRCLE ( 'NONE', #3782, 3.000000000000002665 ) ;
#112 = VERTEX_POINT ( 'NONE', #87 ) ;
#113 = EDGE_LOOP ( 'NONE', ( #1794, #3620, #4166, #3755 ) ) ;
#114 = ADVANCED_FACE ( 'NONE', ( #4214 ), #1109, .T. ) ;
#115 = LINE ( 'NONE', #2828, #1318 ) ;
#116 = DIRECTION ( 'NONE',  ( -0.000000000000000000, -0.000000000000000000, -1.000000000000000000 ) ) ;
#117 = VERTEX_POINT ( 'NONE', #3465 ) ;
#118 = ADVANCED_FACE ( 'NONE', ( #774 ), #437, .F. ) ;
#119 = CIRCLE ( 'NONE', #896, 1.599999999999997202 ) ;
#120 = FACE_OUTER_BOUND ( 'NONE', #1717, .T. ) ;
#121 = ORIENTED_EDGE ( 'NONE', *, *, #1408, .T. ) ;
#122 = DIRECTION ( 'NONE',  ( 1.000000000000000000, 0.000000000000000000, 0.000000000000000000 ) ) ;
#123 = CARTESIAN_POINT ( 'NONE',  ( 11.25499999999999723, -30.94761299932681808, 5.000000000000000000 ) ) ;
#124 = EDGE_CURVE ( 'NONE', #4013, #459, #106, .T. ) ;
#125 = CARTESIAN_POINT ( 'NONE',  ( -100.7450000000000188, -55.00000000000003553, 0.000000000000000000 ) ) ;
#126 = ADVANCED_FACE ( 'NONE', ( #3891, #2168 ), #461, .F. ) ;
#127 = DIRECTION ( 'NONE',  ( 1.000000000000000000, 0.000000000000000000, 0.000000000000000000 ) ) ;
#128 = ORIENTED_EDGE ( 'NONE', *, *, #946, .T. ) ;
#129 = CARTESIAN_POINT ( 'NONE',  ( -96.74500000000000455, -50.00000000000000711, 5.000000000000000000 ) ) ;
#130 = FACE_OUTER_BOUND ( 'NONE', #2176, .T. ) ;
#131 = CIRCLE ( 'NONE', #3732, 3.000000000000002665 ) ;
#132 = ORIENTED_EDGE ( 'NONE', *, *, #2827, .F. ) ;
#133 = CARTESIAN_POINT ( 'NONE',  ( -68.74499999999999034, -55.00000000000002842, 5.000000000000000000 ) ) ;
#134 = ORIENTED_EDGE ( 'NONE', *, *, #2068, .F. ) ;
#135 = ORIENTED_EDGE ( 'NONE', *, *, #940, .T. ) ;
#136 = CARTESIAN_POINT ( 'NONE',  ( -57.54723398003460488, 8.598901098682526722, 2.000000000000000000 ) ) ;
#137 = ADVANCED_FACE ( 'NONE', ( #3937 ), #569, .F. ) ;
#138 = CYLINDRICAL_SURFACE ( 'NONE', #2945, 1.000000000000000000 ) ;
#139 = ORIENTED_EDGE ( 'NONE', *, *, #3943, .T. ) ;
#140 = ORIENTED_EDGE ( 'NONE', *, *, #644, .F. ) ;
#141 = FACE_OUTER_BOUND ( 'NONE', #4378, .T. ) ;
#142 = DIRECTION ( 'NONE',  ( 0.000000000000000000, -0.000000000000000000, 1.000000000000000000 ) ) ;
#143 = FACE_OUTER_BOUND ( 'NONE', #369, .T. ) ;
#144 = CARTESIAN_POINT ( 'NONE',  ( 1.004999999999994564, -45.34761299932682022, 5.000000000000000000 ) ) ;
#145 = EDGE_CURVE ( 'NONE', #3324, #3595, #2966, .T. ) ;
#146 = CARTESIAN_POINT ( 'NONE',  ( -60.00500000000000966, 72.49999999999995737, 5.000000000000000000 ) ) ;
#147 = EDGE_LOOP ( 'NONE', ( #2950, #3356, #436, #3457 ) ) ;
#148 = DIRECTION ( 'NONE',  ( 0.000000000000000000, 0.000000000000000000, -1.000000000000000000 ) ) ;
#149 = EDGE_CURVE ( 'NONE', #3153, #3393, #3322, .T. ) ;
#150 = CARTESIAN_POINT ( 'NONE',  ( 11.25499999999999723, -30.94761299932681808, 0.000000000000000000 ) ) ;
#151 = AXIS2_PLACEMENT_3D ( 'NONE', #4232, #872, #1578 ) ;
#152 = ORIENTED_EDGE ( 'NONE', *, *, #2269, .F. ) ;
#153 = DIRECTION ( 'NONE',  ( -0.000000000000000000, -0.000000000000000000, -1.000000000000000000 ) ) ;
#154 = ORIENTED_EDGE ( 'NONE', *, *, #1807, .F. ) ;
#155 = ORIENTED_EDGE ( 'NONE', *, *, #3022, .F. ) ;
#156 = EDGE_CURVE ( 'NONE', #1290, #3197, #4437, .T. ) ;
#157 = PLANE ( 'NONE',  #913 ) ;
#158 = CARTESIAN_POINT ( 'NONE',  ( -97.74500000000001876, 55.00000000000000711, 0.000000000000000000 ) ) ;
#159 = ORIENTED_EDGE ( 'NONE', *, *, #4238, .F. ) ;
#160 = ORIENTED_EDGE ( 'NONE', *, *, #3784, .F. ) ;
#161 = LINE ( 'NONE', #1531, #2140 ) ;
#162 = DIRECTION ( 'NONE',  ( -1.000000000000000000, 0.000000000000000000, 0.000000000000000000 ) ) ;
#163 = ADVANCED_FACE ( 'NONE', ( #1195 ), #1586, .T. ) ;
#164 = LINE ( 'NONE', #1850, #2158 ) ;
#165 = CARTESIAN_POINT ( 'NONE',  ( -100.7450000000000188, 45.00000000000000711, 0.000000000000000000 ) ) ;
#166 = EDGE_CURVE ( 'NONE', #1767, #2133, #1778, .T. ) ;
#167 = DIRECTION ( 'NONE',  ( -1.000000000000000000, 0.000000000000000000, 0.000000000000000000 ) ) ;
#168 = CIRCLE ( 'NONE', #2107, 1.999999999999932498 ) ;
#169 = VERTEX_POINT ( 'NONE', #2550 ) ;
#170 = LINE ( 'NONE', #4305, #3612 ) ;
#171 = DIRECTION ( 'NONE',  ( -1.000000000000000000, 0.000000000000000000, 0.000000000000000000 ) ) ;
#172 = AXIS2_PLACEMENT_3D ( 'NONE', #3075, #20, #62 ) ;
#173 = EDGE_LOOP ( 'NONE', ( #1483, #559, #1002, #3823 ) ) ;
#174 = ORIENTED_EDGE ( 'NONE', *, *, #3235, .F. ) ;
#175 = DIRECTION ( 'NONE',  ( 0.000000000000000000, 0.000000000000000000, -1.000000000000000000 ) ) ;
#176 = EDGE_CURVE ( 'NONE', #3876, #2955, #170, .T. ) ;
#177 = VERTEX_POINT ( 'NONE', #522 ) ;
#178 = CARTESIAN_POINT ( 'NONE',  ( -10.90068441568816127, 43.09659840102123951, 5.000000000000000000 ) ) ;
#179 = AXIS2_PLACEMENT_3D ( 'NONE', #2806, #2824, #90 ) ;
#180 = AXIS2_PLACEMENT_3D ( 'NONE', #2323, #1264, #237 ) ;
#181 = DIRECTION ( 'NONE',  ( 0.000000000000000000, 0.000000000000000000, -1.000000000000000000 ) ) ;
#182 = ORIENTED_EDGE ( 'NONE', *, *, #3483, .T. ) ;
#183 = ORIENTED_EDGE ( 'NONE', *, *, #426, .T. ) ;
#184 = CARTESIAN_POINT ( 'NONE',  ( -60.00500000000000966, 72.49999999999995737, 0.000000000000000000 ) ) ;
#185 = CARTESIAN_POINT ( 'NONE',  ( -0.005000000000005000445, -38.86000000000001364, 5.000000000000000000 ) ) ;
#186 = DIRECTION ( 'NONE',  ( 1.000000000000000000, 0.000000000000000000, 0.000000000000000000 ) ) ;
#187 = VECTOR ( 'NONE', #208, 1000.000000000000000 ) ;
#188 = EDGE_CURVE ( 'NONE', #521, #4116, #1857, .T. ) ;
#189 = CARTESIAN_POINT ( 'NONE',  ( 11.25499999999999368, -48.94761299932681453, 0.000000000000000000 ) ) ;
#190 = CIRCLE ( 'NONE', #179, 1.599999999999997202 ) ;
#191 = LINE ( 'NONE', #1171, #1206 ) ;
#192 = LINE ( 'NONE', #1942, #3926 ) ;
#193 = ADVANCED_FACE ( 'NONE', ( #3956 ), #1522, .F. ) ;
#194 = DIRECTION ( 'NONE',  ( 0.000000000000000000, 0.000000000000000000, 1.000000000000000000 ) ) ;
#195 = VERTEX_POINT ( 'NONE', #2190 ) ;
#196 = CARTESIAN_POINT ( 'NONE',  ( -68.74499999999999034, 44.99999999999998579, 0.000000000000000000 ) ) ;
#197 = CARTESIAN_POINT ( 'NONE',  ( 0.000000000000000000, 0.000000000000000000, 5.000000000000000000 ) ) ;
#198 = ORIENTED_EDGE ( 'NONE', *, *, #565, .F. ) ;
#199 = DIRECTION ( 'NONE',  ( -1.000000000000000000, 0.000000000000000000, 0.000000000000000000 ) ) ;
#200 = ORIENTED_EDGE ( 'NONE', *, *, #4304, .F. ) ;
#201 = LINE ( 'NONE', #178, #2317 ) ;
#202 = VECTOR ( 'NONE', #2630, 1000.000000000000000 ) ;
#203 = DIRECTION ( 'NONE',  ( -0.000000000000000000, -0.000000000000000000, 1.000000000000000000 ) ) ;
#204 = ORIENTED_EDGE ( 'NONE', *, *, #3885, .T. ) ;
#205 = VERTEX_POINT ( 'NONE', #2951 ) ;
#206 = CARTESIAN_POINT ( 'NONE',  ( -36.74521744568226467, 32.14526759496442310, 3.000000000000000000 ) ) ;
#207 = EDGE_CURVE ( 'NONE', #2963, #8, #3272, .T. ) ;
#208 = DIRECTION ( 'NONE',  ( -0.000000000000000000, 0.000000000000000000, 1.000000000000000000 ) ) ;
#209 = CARTESIAN_POINT ( 'NONE',  ( -51.74500000000000455, -28.01341378296227802, 2.294576242078955275 ) ) ;
#210 = CARTESIAN_POINT ( 'NONE',  ( -96.74500000000000455, 50.00000000000000711, 0.000000000000000000 ) ) ;
#211 = VECTOR ( 'NONE', #3127, 1000.000000000000000 ) ;
#212 = DIRECTION ( 'NONE',  ( -1.000000000000000000, 0.000000000000000000, 0.000000000000000000 ) ) ;
#213 = CARTESIAN_POINT ( 'NONE',  ( -62.74499999999999744, 75.26667162653228615, 0.000000000000000000 ) ) ;
#214 = CARTESIAN_POINT ( 'NONE',  ( -51.74500000000001876, 25.53522373901876108, 2.628255851477440341 ) ) ;
#215 = AXIS2_PLACEMENT_3D ( 'NONE', #3594, #2546, #1536 ) ;
#216 = VERTEX_POINT ( 'NONE', #196 ) ;
#217 = EDGE_CURVE ( 'NONE', #3368, #4006, #1151, .T. ) ;
#218 = PLANE ( 'NONE',  #788 ) ;
#219 = DIRECTION ( 'NONE',  ( -1.000000000000000000, 0.000000000000000000, -0.000000000000000000 ) ) ;
#220 = ORIENTED_EDGE ( 'NONE', *, *, #4127, .F. ) ;
#221 = PLANE ( 'NONE',  #3478 ) ;
#222 = ADVANCED_FACE ( 'NONE', ( #2525, #3573 ), #4329, .F. ) ;
#223 = AXIS2_PLACEMENT_3D ( 'NONE', #2736, #643, #954 ) ;
#224 = ORIENTED_EDGE ( 'NONE', *, *, #722, .F. ) ;
#225 = DIRECTION ( 'NONE',  ( -1.000000000000000000, 0.000000000000000000, 0.000000000000000000 ) ) ;
#226 = AXIS2_PLACEMENT_3D ( 'NONE', #2838, #1872, #3241 ) ;
#227 = DIRECTION ( 'NONE',  ( 0.000000000000000000, 0.000000000000000000, 1.000000000000000000 ) ) ;
#228 = EDGE_LOOP ( 'NONE', ( #910, #1370 ) ) ;
#229 = CIRCLE ( 'NONE', #793, 3.000000000000002665 ) ;
#230 = ORIENTED_EDGE ( 'NONE', *, *, #2191, .F. ) ;
#231 = DIRECTION ( 'NONE',  ( -1.000000000000000000, 5.947623346206190399E-16, 0.000000000000000000 ) ) ;
#232 = CARTESIAN_POINT ( 'NONE',  ( -52.53828962499068922, -25.15438010052512041, 3.000000000000000000 ) ) ;
#233 = ORIENTED_EDGE ( 'NONE', *, *, #1178, .F. ) ;
#234 = CARTESIAN_POINT ( 'NONE',  ( -52.53828962499068922, -25.15438010052512041, 0.000000000000000000 ) ) ;
#235 = CARTESIAN_POINT ( 'NONE',  ( -54.52934526994632591, 0.000000000000000000, 2.000000000000000000 ) ) ;
#236 = DIRECTION ( 'NONE',  ( -0.000000000000000000, -0.000000000000000000, 1.000000000000000000 ) ) ;
#237 = DIRECTION ( 'NONE',  ( -1.000000000000000000, 0.000000000000000000, 0.000000000000000000 ) ) ;
#238 = CARTESIAN_POINT ( 'NONE',  ( -48.74500000000000455, -48.94761299932681453, 0.000000000000000000 ) ) ;
#239 = EDGE_CURVE ( 'NONE', #1227, #1518, #2439, .T. ) ;
#240 = ORIENTED_EDGE ( 'NONE', *, *, #633, .T. ) ;
#241 = VECTOR ( 'NONE', #271, 1000.000000000000000 ) ;
#242 = CIRCLE ( 'NONE', #4429, 3.000000000000002665 ) ;
#243 = DIRECTION ( 'NONE',  ( -1.000000000000000000, 0.000000000000000000, -0.000000000000000000 ) ) ;
#244 = VERTEX_POINT ( 'NONE', #2618 ) ;
#245 = FACE_OUTER_BOUND ( 'NONE', #3254, .T. ) ;
#246 = EDGE_LOOP ( 'NONE', ( #3540, #823, #2683, #1113 ) ) ;
#247 = ADVANCED_FACE ( 'NONE', ( #2592 ), #218, .F. ) ;
#248 = CARTESIAN_POINT ( 'NONE',  ( -60.93356069705333766, -75.35267857142861203, 5.000000000000000000 ) ) ;
#249 = DIRECTION ( 'NONE',  ( -1.000000000000000000, 0.000000000000000000, 0.000000000000000000 ) ) ;
#250 = ORIENTED_EDGE ( 'NONE', *, *, #2605, .T. ) ;
#251 = ADVANCED_FACE ( 'NONE', ( #905 ), #2328, .F. ) ;
#252 = ORIENTED_EDGE ( 'NONE', *, *, #962, .T. ) ;
#253 = PLANE ( 'NONE',  #3872 ) ;
#254 = AXIS2_PLACEMENT_3D ( 'NONE', #702, #2707, #2079 ) ;
#255 = LINE ( 'NONE', #2941, #3136 ) ;
#256 = ORIENTED_EDGE ( 'NONE', *, *, #2273, .T. ) ;
#257 = EDGE_CURVE ( 'NONE', #4453, #4293, #2801, .T. ) ;
#258 = CARTESIAN_POINT ( 'NONE',  ( -65.74500000000000455, 66.99999999999997158, 10.00000000000000000 ) ) ;
#259 = DIRECTION ( 'NONE',  ( -1.000000000000000000, 0.000000000000000000, 0.000000000000000000 ) ) ;
#260 = DIRECTION ( 'NONE',  ( -1.000000000000000000, 0.000000000000000000, 0.000000000000000000 ) ) ;
#261 = EDGE_CURVE ( 'NONE', #1655, #956, #4451, .T. ) ;
#262 = CARTESIAN_POINT ( 'NONE',  ( -48.74500000000001876, 31.79203768307636935, 0.000000000000000000 ) ) ;
#263 = ORIENTED_EDGE ( 'NONE', *, *, #426, .F. ) ;
#264 = DIRECTION ( 'NONE',  ( -1.000000000000000000, 0.000000000000000000, 0.000000000000000000 ) ) ;
#265 = VERTEX_POINT ( 'NONE', #3029 ) ;
#266 = CARTESIAN_POINT ( 'NONE',  ( 9.994999999999995666, 44.99999999999995737, 2.000000000000000000 ) ) ;
#267 = CARTESIAN_POINT ( 'NONE',  ( -37.74521744568226467, 31.79203768307636935, 5.000000000000000000 ) ) ;
#268 = ORIENTED_EDGE ( 'NONE', *, *, #1714, .F. ) ;
#269 = FACE_OUTER_BOUND ( 'NONE', #1836, .T. ) ;
#270 = ORIENTED_EDGE ( 'NONE', *, *, #3349, .T. ) ;
#271 = DIRECTION ( 'NONE',  ( -1.000000000000000000, -0.000000000000000000, -0.000000000000000000 ) ) ;
#272 = LINE ( 'NONE', #2766, #4217 ) ;
#273 = EDGE_LOOP ( 'NONE', ( #1177, #2556, #2572, #2148 ) ) ;
#274 = ORIENTED_EDGE ( 'NONE', *, *, #1231, .T. ) ;
#275 = FACE_BOUND ( 'NONE', #4456, .T. ) ;
#276 = ADVANCED_FACE ( 'NONE', ( #4049 ), #4425, .F. ) ;
#277 = DIRECTION ( 'NONE',  ( -0.000000000000000000, -0.000000000000000000, 1.000000000000000000 ) ) ;
#278 = CARTESIAN_POINT ( 'NONE',  ( -65.74500000000000455, -78.00000000000000000, 5.000000000000000000 ) ) ;
#279 = FACE_OUTER_BOUND ( 'NONE', #1529, .T. ) ;
#280 = DIRECTION ( 'NONE',  ( -0.000000000000000000, -0.000000000000000000, -1.000000000000000000 ) ) ;
#281 = CARTESIAN_POINT ( 'NONE',  ( -59.07643930294695167, 75.35267857142862624, 0.000000000000000000 ) ) ;
#282 = ORIENTED_EDGE ( 'NONE', *, *, #3100, .F. ) ;
#283 = EDGE_CURVE ( 'NONE', #2376, #1362, #3077, .T. ) ;
#284 = CARTESIAN_POINT ( 'NONE',  ( 14.25499999999999723, -48.94761299932681453, 5.000000000000000000 ) ) ;
#285 = ORIENTED_EDGE ( 'NONE', *, *, #4349, .T. ) ;
#286 = AXIS2_PLACEMENT_3D ( 'NONE', #4130, #2401, #1664 ) ;
#287 = DIRECTION ( 'NONE',  ( 1.000000000000000000, 0.000000000000000000, 0.000000000000000000 ) ) ;
#288 = DIRECTION ( 'NONE',  ( -1.000000000000000000, 0.000000000000000000, -0.000000000000000000 ) ) ;
#289 = ORIENTED_EDGE ( 'NONE', *, *, #2962, .T. ) ;
#290 = CARTESIAN_POINT ( 'NONE',  ( -65.74500000000000455, -66.99999999999997158, 10.00000000000000000 ) ) ;
#291 = ORIENTED_EDGE ( 'NONE', *, *, #3570, .T. ) ;
#292 = CARTESIAN_POINT ( 'NONE',  ( -57.54723398003460488, 13.65589906941674947, 3.000000000000000000 ) ) ;
#293 = VECTOR ( 'NONE', #311, 1000.000000000000000 ) ;
#294 = CARTESIAN_POINT ( 'NONE',  ( -60.00500000000022993, 79.50000000000009948, 5.000000000000000000 ) ) ;
#295 = EDGE_LOOP ( 'NONE', ( #3863, #2160, #3580, #3102, #655 ) ) ;
#296 = ORIENTED_EDGE ( 'NONE', *, *, #539, .T. ) ;
#297 = EDGE_CURVE ( 'NONE', #4160, #1204, #2016, .T. ) ;
#298 = CIRCLE ( 'NONE', #857, 3.000000000000009770 ) ;
#299 = DIRECTION ( 'NONE',  ( -0.000000000000000000, 0.000000000000000000, 1.000000000000000000 ) ) ;
#300 = AXIS2_PLACEMENT_3D ( 'NONE', #1224, #1569, #3305 ) ;
#301 = CARTESIAN_POINT ( 'NONE',  ( -60.00500000000000966, 72.49999999999995737, 0.000000000000000000 ) ) ;
#302 = VERTEX_POINT ( 'NONE', #668 ) ;
#303 = CARTESIAN_POINT ( 'NONE',  ( -68.74499999999999034, -42.00000000000000711, 5.000000000000000000 ) ) ;
#304 = DIRECTION ( 'NONE',  ( 0.000000000000000000, 0.000000000000000000, 1.000000000000000000 ) ) ;
#305 = EDGE_CURVE ( 'NONE', #4116, #624, #2665, .T. ) ;
#306 = LINE ( 'NONE', #3817, #3491 ) ;
#307 = EDGE_LOOP ( 'NONE', ( #391, #1024, #4034, #97 ) ) ;
#308 = DIRECTION ( 'NONE',  ( -0.000000000000000000, -0.000000000000000000, -1.000000000000000000 ) ) ;
#309 = ORIENTED_EDGE ( 'NONE', *, *, #1829, .F. ) ;
#310 = EDGE_CURVE ( 'NONE', #1220, #4213, #4476, .T. ) ;
#311 = DIRECTION ( 'NONE',  ( -0.000000000000000000, -0.000000000000000000, -1.000000000000000000 ) ) ;
#312 = DIRECTION ( 'NONE',  ( -0.000000000000000000, 0.000000000000000000, 1.000000000000000000 ) ) ;
#313 = ORIENTED_EDGE ( 'NONE', *, *, #2724, .T. ) ;
#314 = CYLINDRICAL_SURFACE ( 'NONE', #4357, 1.000000000000000000 ) ;
#315 = CIRCLE ( 'NONE', #2820, 1.599999999999997202 ) ;
#316 = ORIENTED_EDGE ( 'NONE', *, *, #124, .F. ) ;
#317 = FACE_OUTER_BOUND ( 'NONE', #4129, .T. ) ;
#318 = AXIS2_PLACEMENT_3D ( 'NONE', #340, #2046, #2719 ) ;
#319 = EDGE_CURVE ( 'NONE', #3083, #2357, #2738, .T. ) ;
#320 = EDGE_CURVE ( 'NONE', #580, #2368, #2511, .T. ) ;
#321 = DIRECTION ( 'NONE',  ( -0.000000000000000000, -0.000000000000000000, -1.000000000000000000 ) ) ;
#322 = EDGE_LOOP ( 'NONE', ( #2695, #4430, #4389, #3276 ) ) ;
#323 = ORIENTED_EDGE ( 'NONE', *, *, #2569, .F. ) ;
#324 = DIRECTION ( 'NONE',  ( -1.000000000000000000, 0.000000000000000000, 0.000000000000000000 ) ) ;
#325 = CIRCLE ( 'NONE', #881, 1.000000000000000000 ) ;
#326 = CARTESIAN_POINT ( 'NONE',  ( -51.74499999999999744, -78.00000000000000000, 5.000000000000000000 ) ) ;
#327 = ORIENTED_EDGE ( 'NONE', *, *, #691, .F. ) ;
#328 = CARTESIAN_POINT ( 'NONE',  ( -51.74500000000001165, -22.26116535376300831, 2.136270881226837837 ) ) ;
#329 = DIRECTION ( 'NONE',  ( -0.000000000000000000, -0.000000000000000000, 1.000000000000000000 ) ) ;
#330 = ORIENTED_EDGE ( 'NONE', *, *, #2074, .F. ) ;
#331 = CARTESIAN_POINT ( 'NONE',  ( -48.74500000000001876, 42.26507572786680811, 5.000000000000000000 ) ) ;
#332 = CIRCLE ( 'NONE', #2256, 1.999999999999932498 ) ;
#333 = ORIENTED_EDGE ( 'NONE', *, *, #393, .T. ) ;
#334 = DIRECTION ( 'NONE',  ( -0.000000000000000000, -0.000000000000000000, 1.000000000000000000 ) ) ;
#335 = VERTEX_POINT ( 'NONE', #3397 ) ;
#336 = CARTESIAN_POINT ( 'NONE',  ( 11.25499999999999723, -45.94761299932681453, 0.000000000000000000 ) ) ;
#337 = LINE ( 'NONE', #1390, #3911 ) ;
#338 = EDGE_CURVE ( 'NONE', #2930, #491, #2688, .T. ) ;
#339 = EDGE_LOOP ( 'NONE', ( #2435, #3667, #3644, #4192 ) ) ;
#340 = CARTESIAN_POINT ( 'NONE',  ( -60.00500000000000966, 72.49999999999995737, 5.000000000000000000 ) ) ;
#341 = CIRCLE ( 'NONE', #4379, 3.000000000000002665 ) ;
#342 = ORIENTED_EDGE ( 'NONE', *, *, #176, .F. ) ;
#343 = AXIS2_PLACEMENT_3D ( 'NONE', #1327, #362, #1396 ) ;
#344 = CARTESIAN_POINT ( 'NONE',  ( -68.74499999999999034, -58.00000000000002842, 0.000000000000000000 ) ) ;
#345 = DIRECTION ( 'NONE',  ( -0.000000000000000000, -0.000000000000000000, 1.000000000000000000 ) ) ;
#346 = ORIENTED_EDGE ( 'NONE', *, *, #4244, .F. ) ;
#347 = CARTESIAN_POINT ( 'NONE',  ( -60.93356069705324529, 75.35267857142858361, 5.000000000000000000 ) ) ;
#348 = LINE ( 'NONE', #1716, #3681 ) ;
#349 = ORIENTED_EDGE ( 'NONE', *, *, #2416, .T. ) ;
#350 = FACE_OUTER_BOUND ( 'NONE', #4315, .T. ) ;
#351 = ORIENTED_EDGE ( 'NONE', *, *, #516, .T. ) ;
#352 = ADVANCED_FACE ( 'NONE', ( #3499 ), #3714, .F. ) ;
#353 = CIRCLE ( 'NONE', #2854, 3.000000000000002665 ) ;
#354 = LINE ( 'NONE', #1674, #4369 ) ;
#355 = CARTESIAN_POINT ( 'NONE',  ( -59.07643930294683798, -75.35267857142865466, 5.000000000000000000 ) ) ;
#356 = EDGE_LOOP ( 'NONE', ( #467, #3713, #741, #2026 ) ) ;
#357 = DIRECTION ( 'NONE',  ( 0.000000000000000000, -1.000000000000000000, 0.000000000000000000 ) ) ;
#358 = ORIENTED_EDGE ( 'NONE', *, *, #2404, .T. ) ;
#359 = VERTEX_POINT ( 'NONE', #3687 ) ;
#360 = CARTESIAN_POINT ( 'NONE',  ( -51.74500000000001876, 21.02520534502064109, 3.000000000000000000 ) ) ;
#361 = EDGE_CURVE ( 'NONE', #2961, #2701, #3019, .T. ) ;
#362 = DIRECTION ( 'NONE',  ( -0.000000000000000000, -0.000000000000000000, -1.000000000000000000 ) ) ;
#363 = EDGE_LOOP ( 'NONE', ( #3965, #2073, #3723, #695 ) ) ;
#364 = AXIS2_PLACEMENT_3D ( 'NONE', #1517, #2904, #1855 ) ;
#365 = DIRECTION ( 'NONE',  ( 0.000000000000000000, -1.000000000000000000, 0.000000000000000000 ) ) ;
#366 = LINE ( 'NONE', #968, #2626 ) ;
#367 = ORIENTED_EDGE ( 'NONE', *, *, #3161, .T. ) ;
#368 = PLANE ( 'NONE',  #1175 ) ;
#369 = EDGE_LOOP ( 'NONE', ( #224, #3799, #1889, #2713 ) ) ;
#370 = AXIS2_PLACEMENT_3D ( 'NONE', #2410, #1357, #3043 ) ;
#371 = CARTESIAN_POINT ( 'NONE',  ( 9.994999999999995666, -45.00000000000000000, 0.000000000000000000 ) ) ;
#372 = ADVANCED_FACE ( 'NONE', ( #4380 ), #619, .T. ) ;
#373 = CARTESIAN_POINT ( 'NONE',  ( -60.00500000000000966, -72.50000000000001421, 0.000000000000000000 ) ) ;
#374 = ORIENTED_EDGE ( 'NONE', *, *, #2956, .F. ) ;
#375 = DIRECTION ( 'NONE',  ( 0.000000000000000000, 0.000000000000000000, -1.000000000000000000 ) ) ;
#376 = EDGE_CURVE ( 'NONE', #3197, #1352, #2121, .T. ) ;
#377 = VERTEX_POINT ( 'NONE', #594 ) ;
#378 = DIRECTION ( 'NONE',  ( -0.000000000000000000, -0.000000000000000000, 1.000000000000000000 ) ) ;
#379 = CYLINDRICAL_SURFACE ( 'NONE', #3593, 2.250000000000001776 ) ;
#380 = LINE ( 'NONE', #3191, #1688 ) ;
#381 = ORIENTED_EDGE ( 'NONE', *, *, #3107, .T. ) ;
#382 = EDGE_CURVE ( 'NONE', #682, #1666, #2939, .T. ) ;
#383 = AXIS2_PLACEMENT_3D ( 'NONE', #934, #2307, #2091 ) ;
#384 = FACE_BOUND ( 'NONE', #3851, .T. ) ;
#385 = AXIS2_PLACEMENT_3D ( 'NONE', #2787, #1180, #908 ) ;
#386 = FACE_OUTER_BOUND ( 'NONE', #3137, .T. ) ;
#387 = ORIENTED_EDGE ( 'NONE', *, *, #149, .T. ) ;
#388 = DIRECTION ( 'NONE',  ( -1.000000000000000000, 0.000000000000000000, 0.000000000000000000 ) ) ;
#389 = LINE ( 'NONE', #1737, #1473 ) ;
#390 = AXIS2_PLACEMENT_3D ( 'NONE', #1811, #3187, #4259 ) ;
#391 = ORIENTED_EDGE ( 'NONE', *, *, #3857, .F. ) ;
#392 = AXIS2_PLACEMENT_3D ( 'NONE', #235, #1988, #3362 ) ;
#393 = EDGE_CURVE ( 'NONE', #3599, #3673, #856, .T. ) ;
#394 = LINE ( 'NONE', #2084, #1037 ) ;
#395 = FACE_OUTER_BOUND ( 'NONE', #4027, .T. ) ;
#396 = ORIENTED_EDGE ( 'NONE', *, *, #2676, .F. ) ;
#397 = DIRECTION ( 'NONE',  ( 1.000000000000000000, 0.000000000000000000, 0.000000000000000000 ) ) ;
#398 = CIRCLE ( 'NONE', #685, 3.000000000000009770 ) ;
#399 = VERTEX_POINT ( 'NONE', #4271 ) ;
#400 = CARTESIAN_POINT ( 'NONE',  ( -53.52934526994632591, 13.65589906941674769, 2.585786437626905077 ) ) ;
#401 = DIRECTION ( 'NONE',  ( 0.000000000000000000, -1.000000000000000000, 0.000000000000000000 ) ) ;
#402 = AXIS2_PLACEMENT_3D ( 'NONE', #2426, #3811, #3433 ) ;
#403 = DIRECTION ( 'NONE',  ( 0.000000000000000000, 1.000000000000000000, 0.000000000000000000 ) ) ;
#404 = ORIENTED_EDGE ( 'NONE', *, *, #3591, .F. ) ;
#405 = CARTESIAN_POINT ( 'NONE',  ( -54.74500000000000455, -78.00000000000000000, 5.000000000000000000 ) ) ;
#406 = CARTESIAN_POINT ( 'NONE',  ( -65.74499999999999034, -42.00000000000000711, 0.000000000000000000 ) ) ;
#407 = ORIENTED_EDGE ( 'NONE', *, *, #3780, .F. ) ;
#408 = FACE_OUTER_BOUND ( 'NONE', #1297, .T. ) ;
#409 = DIRECTION ( 'NONE',  ( -0.000000000000000000, -0.000000000000000000, 1.000000000000000000 ) ) ;
#410 = ORIENTED_EDGE ( 'NONE', *, *, #3173, .F. ) ;
#411 = CARTESIAN_POINT ( 'NONE',  ( -65.74499999999999034, -42.00000000000000711, 5.000000000000000000 ) ) ;
#412 = CARTESIAN_POINT ( 'NONE',  ( -51.74500000000001876, 19.96793492499667622, 3.000000000000000000 ) ) ;
#413 = DIRECTION ( 'NONE',  ( 1.000000000000000000, 0.000000000000000000, 0.000000000000000000 ) ) ;
#414 = ORIENTED_EDGE ( 'NONE', *, *, #6, .F. ) ;
#415 = CIRCLE ( 'NONE', #1060, 0.9999999999998170352 ) ;
#416 = CARTESIAN_POINT ( 'NONE',  ( -22.14407308639565386, 39.80894216826094123, 3.000000000000000000 ) ) ;
#417 = EDGE_LOOP ( 'NONE', ( #3894, #2167, #1712, #3056 ) ) ;
#418 = CARTESIAN_POINT ( 'NONE',  ( -37.74521744568226467, 30.43880777118787506, 0.000000000000000000 ) ) ;
#419 = ORIENTED_EDGE ( 'NONE', *, *, #3784, .T. ) ;
#420 = CARTESIAN_POINT ( 'NONE',  ( 11.25499999999999723, -33.94761299932681453, 0.000000000000000000 ) ) ;
#421 = ORIENTED_EDGE ( 'NONE', *, *, #2351, .T. ) ;
#422 = CIRCLE ( 'NONE', #2727, 3.000000000000002665 ) ;
#423 = DIRECTION ( 'NONE',  ( -1.000000000000000000, 5.947623346206190399E-16, 0.000000000000000000 ) ) ;
#424 = FACE_OUTER_BOUND ( 'NONE', #674, .T. ) ;
#425 = ORIENTED_EDGE ( 'NONE', *, *, #1053, .F. ) ;
#426 = EDGE_CURVE ( 'NONE', #1634, #3968, #2834, .T. ) ;
#427 = DIRECTION ( 'NONE',  ( -0.000000000000000000, -0.000000000000000000, -1.000000000000000000 ) ) ;
#428 = ORIENTED_EDGE ( 'NONE', *, *, #1458, .F. ) ;
#429 = CARTESIAN_POINT ( 'NONE',  ( -51.74500000000001876, 31.79203768307636935, 0.000000000000000000 ) ) ;
#430 = DIRECTION ( 'NONE',  ( -0.000000000000000000, -0.000000000000000000, -1.000000000000000000 ) ) ;
#431 = VECTOR ( 'NONE', #4075, 1000.000000000000000 ) ;
#432 = CARTESIAN_POINT ( 'NONE',  ( 9.994999999999995666, -45.00000000000000000, 0.000000000000000000 ) ) ;
#433 = AXIS2_PLACEMENT_3D ( 'NONE', #4273, #1166, #4298 ) ;
#434 = LINE ( 'NONE', #3822, #3696 ) ;
#435 = EDGE_CURVE ( 'NONE', #1824, #580, #76, .T. ) ;
#436 = ORIENTED_EDGE ( 'NONE', *, *, #4169, .T. ) ;
#437 = PLANE ( 'NONE',  #390 ) ;
#438 = CARTESIAN_POINT ( 'NONE',  ( -17.39105546427840565, 0.000000000000000000, 2.000000000000000000 ) ) ;
#439 = ADVANCED_FACE ( 'NONE', ( #120 ), #1164, .F. ) ;
#440 = EDGE_LOOP ( 'NONE', ( #358, #414, #2508, #342 ) ) ;
#441 = DIRECTION ( 'NONE',  ( -1.000000000000000000, 0.000000000000000000, 0.000000000000000000 ) ) ;
#442 = VERTEX_POINT ( 'NONE', #96 ) ;
#443 = CARTESIAN_POINT ( 'NONE',  ( -19.62448257959728437, 37.76407684932541997, 3.000000000000000000 ) ) ;
#444 = EDGE_CURVE ( 'NONE', #1280, #468, #1847, .T. ) ;
#445 = ADVANCED_FACE ( 'NONE', ( #2562 ), #3862, .F. ) ;
#446 = ADVANCED_FACE ( 'NONE', ( #141 ), #1802, .F. ) ;
#447 = CARTESIAN_POINT ( 'NONE',  ( 9.994999999999995666, -45.00000000000000000, 5.000000000000000000 ) ) ;
#448 = ORIENTED_EDGE ( 'NONE', *, *, #500, .T. ) ;
#449 = AXIS2_PLACEMENT_3D ( 'NONE', #2154, #4243, #1776 ) ;
#450 = AXIS2_PLACEMENT_3D ( 'NONE', #3422, #357, #3054 ) ;
#451 = CYLINDRICAL_SURFACE ( 'NONE', #1353, 3.000000000000002665 ) ;
#452 = VERTEX_POINT ( 'NONE', #830 ) ;
#453 = CIRCLE ( 'NONE', #2964, 4.250000000000010658 ) ;
#454 = DIRECTION ( 'NONE',  ( -1.000000000000000000, 0.000000000000000000, -0.000000000000000000 ) ) ;
#455 = DIRECTION ( 'NONE',  ( 0.000000000000000000, 0.000000000000000000, -1.000000000000000000 ) ) ;
#456 = DIRECTION ( 'NONE',  ( 0.000000000000000000, 1.000000000000000000, 0.000000000000000000 ) ) ;
#457 = VECTOR ( 'NONE', #1603, 1000.000000000000000 ) ;
#458 = DIRECTION ( 'NONE',  ( 1.261617073437678443E-15, 1.000000000000000000, -0.000000000000000000 ) ) ;
#459 = VERTEX_POINT ( 'NONE', #495 ) ;
#460 = ADVANCED_FACE ( 'NONE', ( #4228 ), #3751, .F. ) ;
#461 = PLANE ( 'NONE',  #3256 ) ;
#462 = AXIS2_PLACEMENT_3D ( 'NONE', #3069, #761, #3151 ) ;
#463 = CYLINDRICAL_SURFACE ( 'NONE', #1571, 3.000000000000002665 ) ;
#464 = EDGE_CURVE ( 'NONE', #3475, #1204, #4115, .T. ) ;
#465 = DIRECTION ( 'NONE',  ( -0.000000000000000000, -1.000000000000000000, -0.000000000000000000 ) ) ;
#466 = VECTOR ( 'NONE', #617, 1000.000000000000000 ) ;
#467 = ORIENTED_EDGE ( 'NONE', *, *, #3072, .F. ) ;
#468 = VERTEX_POINT ( 'NONE', #3177 ) ;
#469 = CARTESIAN_POINT ( 'NONE',  ( 2.244999999999997442, -38.86000000000001364, 5.000000000000000000 ) ) ;
#470 = ADVANCED_FACE ( 'NONE', ( #2159 ), #1468, .F. ) ;
#471 = DIRECTION ( 'NONE',  ( -0.000000000000000000, -0.000000000000000000, -1.000000000000000000 ) ) ;
#472 = ORIENTED_EDGE ( 'NONE', *, *, #3142, .F. ) ;
#473 = VECTOR ( 'NONE', #78, 1000.000000000000000 ) ;
#474 = DIRECTION ( 'NONE',  ( 1.000000000000000000, -6.033820786006292620E-16, 0.000000000000000000 ) ) ;
#475 = ORIENTED_EDGE ( 'NONE', *, *, #4250, .T. ) ;
#476 = CARTESIAN_POINT ( 'NONE',  ( -52.53828962499051869, 22.86114967175884161, 2.000000000000000000 ) ) ;
#477 = FACE_OUTER_BOUND ( 'NONE', #2673, .T. ) ;
#478 = ADVANCED_FACE ( 'NONE', ( #1823 ), #2472, .F. ) ;
#479 = PLANE ( 'NONE',  #2115 ) ;
#480 = FACE_OUTER_BOUND ( 'NONE', #1021, .T. ) ;
#481 = EDGE_CURVE ( 'NONE', #1412, #915, #762, .T. ) ;
#482 = ORIENTED_EDGE ( 'NONE', *, *, #2178, .F. ) ;
#483 = CYLINDRICAL_SURFACE ( 'NONE', #3951, 3.000000000000000888 ) ;
#484 = ORIENTED_EDGE ( 'NONE', *, *, #481, .F. ) ;
#485 = VECTOR ( 'NONE', #1622, 1000.000000000000000 ) ;
#486 = CARTESIAN_POINT ( 'NONE',  ( 8.394999999999997797, -45.00000000000000000, 5.000000000000000000 ) ) ;
#487 = ORIENTED_EDGE ( 'NONE', *, *, #2178, .T. ) ;
#488 = DIRECTION ( 'NONE',  ( -1.000000000000000000, -0.000000000000000000, -0.000000000000000000 ) ) ;
#489 = ADVANCED_FACE ( 'NONE', ( #2141 ), #451, .F. ) ;
#490 = CARTESIAN_POINT ( 'NONE',  ( -16.39105546427840565, 37.76407684932541997, 2.000000000000000000 ) ) ;
#491 = VERTEX_POINT ( 'NONE', #1492 ) ;
#492 = AXIS2_PLACEMENT_3D ( 'NONE', #2908, #4330, #2234 ) ;
#493 = EDGE_CURVE ( 'NONE', #4405, #1699, #161, .T. ) ;
#494 = ORIENTED_EDGE ( 'NONE', *, *, #2103, .F. ) ;
#495 = CARTESIAN_POINT ( 'NONE',  ( -15.93726924517893728, 42.26507572786680811, 3.000000000000000000 ) ) ;
#496 = CARTESIAN_POINT ( 'NONE',  ( -22.14407308639565386, 39.80894216826094123, 0.000000000000000000 ) ) ;
#497 = DIRECTION ( 'NONE',  ( 0.000000000000000000, 0.000000000000000000, 1.000000000000000000 ) ) ;
#498 = CYLINDRICAL_SURFACE ( 'NONE', #2967, 2.250000000000002665 ) ;
#499 = PLANE ( 'NONE',  #215 ) ;
#500 = EDGE_CURVE ( 'NONE', #2357, #3083, #415, .T. ) ;
#501 = AXIS2_PLACEMENT_3D ( 'NONE', #336, #979, #2301 ) ;
#502 = ORIENTED_EDGE ( 'NONE', *, *, #572, .T. ) ;
#503 = DIRECTION ( 'NONE',  ( 1.000000000000000000, 0.000000000000000000, 0.000000000000000000 ) ) ;
#504 = CARTESIAN_POINT ( 'NONE',  ( -98.99500000000001876, 50.00000000000000711, 0.000000000000000000 ) ) ;
#505 = ORIENTED_EDGE ( 'NONE', *, *, #217, .F. ) ;
#506 = ORIENTED_EDGE ( 'NONE', *, *, #2068, .T. ) ;
#507 = CARTESIAN_POINT ( 'NONE',  ( -22.14407308639565386, 40.80894216826094123, 2.000000000000000000 ) ) ;
#508 = ORIENTED_EDGE ( 'NONE', *, *, #2407, .F. ) ;
#509 = EDGE_LOOP ( 'NONE', ( #2055, #4408, #989, #4180 ) ) ;
#510 = LINE ( 'NONE', #885, #2520 ) ;
#511 = EDGE_CURVE ( 'NONE', #1469, #1642, #1172, .T. ) ;
#512 = CARTESIAN_POINT ( 'NONE',  ( -97.74500000000001876, -52.00000000000003553, 0.000000000000000000 ) ) ;
#513 = ORIENTED_EDGE ( 'NONE', *, *, #4459, .F. ) ;
#514 = EDGE_LOOP ( 'NONE', ( #1, #1445, #346, #2554 ) ) ;
#515 = DIRECTION ( 'NONE',  ( -1.000000000000000000, 0.000000000000000000, 0.000000000000000000 ) ) ;
#516 = EDGE_CURVE ( 'NONE', #2208, #2022, #131, .T. ) ;
#517 = CYLINDRICAL_SURFACE ( 'NONE', #2128, 2.250000000000002220 ) ;
#518 = DIRECTION ( 'NONE',  ( 1.000000000000000000, 0.000000000000000000, 0.000000000000000000 ) ) ;
#519 = AXIS2_PLACEMENT_3D ( 'NONE', #548, #1196, #1879 ) ;
#520 = CARTESIAN_POINT ( 'NONE',  ( 9.994999999999995666, -45.00000000000000000, 2.000000000000000000 ) ) ;
#521 = VERTEX_POINT ( 'NONE', #536 ) ;
#522 = CARTESIAN_POINT ( 'NONE',  ( -94.49500000000000455, 50.00000000000000711, 5.000000000000000000 ) ) ;
#523 = DIRECTION ( 'NONE',  ( 0.000000000000000000, 0.000000000000000000, -1.000000000000000000 ) ) ;
#524 = AXIS2_PLACEMENT_3D ( 'NONE', #1520, #1877, #836 ) ;
#525 = AXIS2_PLACEMENT_3D ( 'NONE', #4209, #3157, #81 ) ;
#526 = ORIENTED_EDGE ( 'NONE', *, *, #848, .T. ) ;
#527 = CARTESIAN_POINT ( 'NONE',  ( -18.62448257959728437, 38.76407684932542708, 3.000000000000000000 ) ) ;
#528 = ORIENTED_EDGE ( 'NONE', *, *, #1519, .T. ) ;
#529 = EDGE_CURVE ( 'NONE', #335, #2648, #3969, .T. ) ;
#530 = LINE ( 'NONE', #3670, #1392 ) ;
#531 = AXIS2_PLACEMENT_3D ( 'NONE', #731, #2442, #2484 ) ;
#532 = VECTOR ( 'NONE', #2924, 1000.000000000000000 ) ;
#533 = CARTESIAN_POINT ( 'NONE',  ( -51.74500000000000455, -48.94761299932681453, 5.000000000000000000 ) ) ;
#534 = ORIENTED_EDGE ( 'NONE', *, *, #1010, .F. ) ;
#535 = ORIENTED_EDGE ( 'NONE', *, *, #1782, .F. ) ;
#536 = CARTESIAN_POINT ( 'NONE',  ( -53.52934526994632591, 13.65589906941674947, 0.000000000000000000 ) ) ;
#537 =( BOUNDED_CURVE ( )  B_SPLINE_CURVE ( 3, ( #874, #2100, #2342, #1383 ),
 .UNSPECIFIED., .F., .T. ) 
 B_SPLINE_CURVE_WITH_KNOTS ( ( 4, 4 ),
 ( 0.000000000000000000, 1.570796326794896558 ),
 .UNSPECIFIED. ) 
 CURVE ( )  GEOMETRIC_REPRESENTATION_ITEM ( )  RATIONAL_B_SPLINE_CURVE ( ( 1.000000000000000000, 0.8047378541243649375, 0.8047378541243649375, 1.000000000000000000 ) ) 
 REPRESENTATION_ITEM ( '' )  );
#538 = CARTESIAN_POINT ( 'NONE',  ( -60.00499999999998124, -72.49999999999995737, 0.000000000000000000 ) ) ;
#539 = EDGE_CURVE ( 'NONE', #1127, #1800, #1228, .T. ) ;
#540 = DIRECTION ( 'NONE',  ( 1.000000000000000000, 0.000000000000000000, 0.000000000000000000 ) ) ;
#541 = CARTESIAN_POINT ( 'NONE',  ( -56.02850656985351208, -78.00000000000000000, 0.000000000000000000 ) ) ;
#542 = CIRCLE ( 'NONE', #2056, 2.250000000000002665 ) ;
#543 = DIRECTION ( 'NONE',  ( 0.000000000000000000, 0.000000000000000000, -1.000000000000000000 ) ) ;
#544 = DIRECTION ( 'NONE',  ( 0.000000000000000000, 0.000000000000000000, -1.000000000000000000 ) ) ;
#545 = DIRECTION ( 'NONE',  ( 0.000000000000000000, 0.000000000000000000, 1.000000000000000000 ) ) ;
#546 = ORIENTED_EDGE ( 'NONE', *, *, #4195, .T. ) ;
#547 = CARTESIAN_POINT ( 'NONE',  ( 0.000000000000000000, 0.000000000000000000, 5.000000000000000000 ) ) ;
#548 = CARTESIAN_POINT ( 'NONE',  ( 11.25499999999999723, 45.88661684659245310, 5.000000000000000000 ) ) ;
#549 = ORIENTED_EDGE ( 'NONE', *, *, #2561, .T. ) ;
#550 = CARTESIAN_POINT ( 'NONE',  ( -52.53828962499051869, 22.86114967175884161, 0.000000000000000000 ) ) ;
#551 = ORIENTED_EDGE ( 'NONE', *, *, #2647, .T. ) ;
#552 = DIRECTION ( 'NONE',  ( 0.000000000000000000, 0.000000000000000000, -1.000000000000000000 ) ) ;
#553 = CARTESIAN_POINT ( 'NONE',  ( 14.25499999999999723, -30.94761299932681808, 5.000000000000000000 ) ) ;
#554 = ORIENTED_EDGE ( 'NONE', *, *, #2288, .F. ) ;
#555 = EDGE_LOOP ( 'NONE', ( #86, #1346 ) ) ;
#556 = DIRECTION ( 'NONE',  ( -1.000000000000000000, 0.000000000000000000, 0.000000000000000000 ) ) ;
#557 = EDGE_CURVE ( 'NONE', #2133, #4286, #2938, .T. ) ;
#558 = DIRECTION ( 'NONE',  ( -1.000000000000000000, 0.000000000000000000, 0.000000000000000000 ) ) ;
#559 = ORIENTED_EDGE ( 'NONE', *, *, #962, .F. ) ;
#560 = CARTESIAN_POINT ( 'NONE',  ( -65.74500000000000455, -75.26667162653230037, 10.00000000000000000 ) ) ;
#561 = LINE ( 'NONE', #1625, #2465 ) ;
#562 = AXIS2_PLACEMENT_3D ( 'NONE', #4082, #3060, #961 ) ;
#563 = LINE ( 'NONE', #3289, #3303 ) ;
#564 = CARTESIAN_POINT ( 'NONE',  ( -17.39105546427840565, 0.000000000000000000, 3.000000000000000000 ) ) ;
#565 = EDGE_CURVE ( 'NONE', #3464, #1595, #2641, .T. ) ;
#566 = DIRECTION ( 'NONE',  ( -1.000000000000000000, 0.000000000000000000, -0.000000000000000000 ) ) ;
#567 = CIRCLE ( 'NONE', #4327, 1.599999999999997202 ) ;
#568 = ORIENTED_EDGE ( 'NONE', *, *, #3661, .F. ) ;
#569 = PLANE ( 'NONE',  #1896 ) ;
#570 = DIRECTION ( 'NONE',  ( -0.000000000000000000, -1.000000000000000000, -0.000000000000000000 ) ) ;
#571 = ORIENTED_EDGE ( 'NONE', *, *, #557, .T. ) ;
#572 = EDGE_CURVE ( 'NONE', #3984, #1419, #3443, .T. ) ;
#573 = DIRECTION ( 'NONE',  ( 0.000000000000000000, 0.000000000000000000, -1.000000000000000000 ) ) ;
#574 = AXIS2_PLACEMENT_3D ( 'NONE', #3219, #474, #2897 ) ;
#575 = EDGE_LOOP ( 'NONE', ( #2135, #3495, #3062, #204, #827, #3724, #4235, #3170 ) ) ;
#576 = CARTESIAN_POINT ( 'NONE',  ( -97.74500000000001876, 52.00000000000000711, 0.000000000000000000 ) ) ;
#577 = AXIS2_PLACEMENT_3D ( 'NONE', #1915, #1624, #2994 ) ;
#578 = EDGE_CURVE ( 'NONE', #723, #3090, #1854, .T. ) ;
#579 = FACE_OUTER_BOUND ( 'NONE', #3741, .T. ) ;
#580 = VERTEX_POINT ( 'NONE', #2244 ) ;
#581 = ORIENTED_EDGE ( 'NONE', *, *, #1348, .T. ) ;
#582 = LINE ( 'NONE', #3334, #485 ) ;
#583 = EDGE_CURVE ( 'NONE', #1800, #3607, #2353, .T. ) ;
#584 = CARTESIAN_POINT ( 'NONE',  ( -54.53828962499045474, 22.86114967175884161, 2.000000000000000000 ) ) ;
#585 = LINE ( 'NONE', #3704, #4038 ) ;
#586 = DIRECTION ( 'NONE',  ( 1.000000000000000000, 0.000000000000000000, 0.000000000000000000 ) ) ;
#587 = CARTESIAN_POINT ( 'NONE',  ( -5.714039969255037654, 48.05509417343802880, 5.000000000000000000 ) ) ;
#588 = DIRECTION ( 'NONE',  ( 0.000000000000000000, -0.000000000000000000, 1.000000000000000000 ) ) ;
#589 = EDGE_LOOP ( 'NONE', ( #2652, #4188, #1119, #1272 ) ) ;
#590 = CARTESIAN_POINT ( 'NONE',  ( -68.74499999999999034, 54.99999999999998579, 0.000000000000000000 ) ) ;
#591 = VERTEX_POINT ( 'NONE', #2267 ) ;
#592 = VECTOR ( 'NONE', #1201, 1000.000000000000000 ) ;
#593 = VECTOR ( 'NONE', #2952, 1000.000000000000000 ) ;
#594 = CARTESIAN_POINT ( 'NONE',  ( -31.52412065912967876, 31.79203768307636935, 3.000000000000000000 ) ) ;
#595 = DIRECTION ( 'NONE',  ( 1.000000000000000000, 0.000000000000000000, 0.000000000000000000 ) ) ;
#596 = ORIENTED_EDGE ( 'NONE', *, *, #3967, .F. ) ;
#597 = DIRECTION ( 'NONE',  ( 0.000000000000000000, 0.000000000000000000, 1.000000000000000000 ) ) ;
#598 = ORIENTED_EDGE ( 'NONE', *, *, #1391, .F. ) ;
#599 = EDGE_CURVE ( 'NONE', #1735, #3278, #2675, .T. ) ;
#600 = VECTOR ( 'NONE', #1105, 1000.000000000000000 ) ;
#601 = DIRECTION ( 'NONE',  ( -0.000000000000000000, -0.000000000000000000, 1.000000000000000000 ) ) ;
#602 = DIRECTION ( 'NONE',  ( 0.000000000000000000, 0.000000000000000000, -1.000000000000000000 ) ) ;
#603 = ORIENTED_EDGE ( 'NONE', *, *, #803, .F. ) ;
#604 = ORIENTED_EDGE ( 'NONE', *, *, #1314, .T. ) ;
#605 = CARTESIAN_POINT ( 'NONE',  ( -10.61499092853945925, -39.38838713590120477, 2.000000000000000000 ) ) ;
#606 = CIRCLE ( 'NONE', #2696, 4.250000000000010658 ) ;
#607 = EDGE_CURVE ( 'NONE', #3355, #3324, #2920, .T. ) ;
#608 = DIRECTION ( 'NONE',  ( 1.000000000000000000, 0.000000000000000000, 0.000000000000000000 ) ) ;
#609 = VERTEX_POINT ( 'NONE', #1205 ) ;
#610 = CARTESIAN_POINT ( 'NONE',  ( -63.00500000000001677, -72.50000000000001421, 0.000000000000000000 ) ) ;
#611 = CYLINDRICAL_SURFACE ( 'NONE', #392, 1.000000000000000000 ) ;
#612 = DIRECTION ( 'NONE',  ( 0.000000000000000000, 0.000000000000000000, -1.000000000000000000 ) ) ;
#613 = CIRCLE ( 'NONE', #974, 1.000000000000000000 ) ;
#614 = FACE_OUTER_BOUND ( 'NONE', #4339, .T. ) ;
#615 = ADVANCED_FACE ( 'NONE', ( #2581 ), #3627, .F. ) ;
#616 = ORIENTED_EDGE ( 'NONE', *, *, #4463, .F. ) ;
#617 = DIRECTION ( 'NONE',  ( 0.000000000000000000, 0.000000000000000000, -1.000000000000000000 ) ) ;
#618 = ORIENTED_EDGE ( 'NONE', *, *, #2889, .F. ) ;
#619 = CYLINDRICAL_SURFACE ( 'NONE', #1581, 3.000000000000002665 ) ;
#620 = DIRECTION ( 'NONE',  ( -0.000000000000000000, -0.000000000000000000, 1.000000000000000000 ) ) ;
#621 = ADVANCED_FACE ( 'NONE', ( #1597 ), #253, .F. ) ;
#622 = ORIENTED_EDGE ( 'NONE', *, *, #3927, .T. ) ;
#623 = FACE_OUTER_BOUND ( 'NONE', #993, .T. ) ;
#624 = VERTEX_POINT ( 'NONE', #3700 ) ;
#625 = DIRECTION ( 'NONE',  ( 1.000000000000000000, 0.000000000000000000, 0.000000000000000000 ) ) ;
#626 = DIRECTION ( 'NONE',  ( 0.000000000000000000, 0.000000000000000000, -1.000000000000000000 ) ) ;
#627 = ORIENTED_EDGE ( 'NONE', *, *, #3586, .T. ) ;
#628 = VERTEX_POINT ( 'NONE', #1958 ) ;
#629 = EDGE_CURVE ( 'NONE', #1227, #2443, #582, .T. ) ;
#630 = DIRECTION ( 'NONE',  ( -1.000000000000000000, 0.000000000000000000, 0.000000000000000000 ) ) ;
#631 = CYLINDRICAL_SURFACE ( 'NONE', #1663, 3.000000000000002665 ) ;
#632 = ORIENTED_EDGE ( 'NONE', *, *, #754, .T. ) ;
#633 = EDGE_CURVE ( 'NONE', #4205, #2015, #3286, .T. ) ;
#634 = CARTESIAN_POINT ( 'NONE',  ( -57.00500000000000256, 72.49999999999995737, 0.000000000000000000 ) ) ;
#635 =( NAMED_UNIT ( * ) PLANE_ANGLE_UNIT ( ) SI_UNIT ( $, .RADIAN. ) );
#636 = EDGE_LOOP ( 'NONE', ( #4226, #1809 ) ) ;
#637 = CARTESIAN_POINT ( 'NONE',  ( -58.73499999999999943, -60.99000000000001620, 5.000000000000000000 ) ) ;
#638 = CYLINDRICAL_SURFACE ( 'NONE', #2058, 3.000000000000002665 ) ;
#639 = ORIENTED_EDGE ( 'NONE', *, *, #572, .F. ) ;
#640 = CARTESIAN_POINT ( 'NONE',  ( -97.74500000000001876, 55.00000000000000711, 5.000000000000000000 ) ) ;
#641 = VERTEX_POINT ( 'NONE', #2653 ) ;
#642 = AXIS2_PLACEMENT_3D ( 'NONE', #730, #3165, #1069 ) ;
#643 = DIRECTION ( 'NONE',  ( -0.000000000000000000, -0.000000000000000000, 1.000000000000000000 ) ) ;
#644 = EDGE_CURVE ( 'NONE', #244, #2847, #3002, .T. ) ;
#645 = CARTESIAN_POINT ( 'NONE',  ( -36.74521744568226467, 32.14526759496442310, 3.000000000000000000 ) ) ;
#646 = ADVANCED_FACE ( 'NONE', ( #1984, #3358, #275, #1643, #3015, #718, #1689, #4157, #2004, #4086, #657, #2725, #384, #3431 ), #1715, .T. ) ;
#647 = ORIENTED_EDGE ( 'NONE', *, *, #2670, .F. ) ;
#648 = VECTOR ( 'NONE', #3571, 1000.000000000000000 ) ;
#649 = CARTESIAN_POINT ( 'NONE',  ( -19.62448257959728437, 37.76407684932541997, 3.000000000000000000 ) ) ;
#650 = EDGE_LOOP ( 'NONE', ( #1608, #3352, #2060 ) ) ;
#651 = CARTESIAN_POINT ( 'NONE',  ( -96.74500000000000455, -50.00000000000000711, -5.000000000000000000 ) ) ;
#652 = VECTOR ( 'NONE', #3881, 1000.000000000000000 ) ;
#653 = CARTESIAN_POINT ( 'NONE',  ( -52.53828962499068922, -25.15438010052512041, 3.000000000000000000 ) ) ;
#654 = ORIENTED_EDGE ( 'NONE', *, *, #1799, .T. ) ;
#655 = ORIENTED_EDGE ( 'NONE', *, *, #3152, .F. ) ;
#656 = VECTOR ( 'NONE', #3315, 1000.000000000000000 ) ;
#657 = FACE_BOUND ( 'NONE', #48, .T. ) ;
#658 = CIRCLE ( 'NONE', #2380, 2.250000000000001776 ) ;
#659 = LINE ( 'NONE', #2726, #52 ) ;
#660 = ORIENTED_EDGE ( 'NONE', *, *, #4275, .T. ) ;
#661 = DIRECTION ( 'NONE',  ( 1.000000000000000000, 1.982541115402063384E-16, -0.000000000000000000 ) ) ;
#662 = EDGE_LOOP ( 'NONE', ( #220, #4120, #3535, #3929 ) ) ;
#663 = ADVANCED_FACE ( 'NONE', ( #1331 ), #2748, .F. ) ;
#664 = DIRECTION ( 'NONE',  ( -1.000000000000000000, 0.000000000000000000, 0.000000000000000000 ) ) ;
#665 = EDGE_LOOP ( 'NONE', ( #1449, #3626, #2844, #3176 ) ) ;
#666 = CARTESIAN_POINT ( 'NONE',  ( -51.74500000000001165, 19.96793492499667622, 2.136122890267318386 ) ) ;
#667 = ORIENTED_EDGE ( 'NONE', *, *, #1575, .T. ) ;
#668 = CARTESIAN_POINT ( 'NONE',  ( -11.61499092853933668, -46.98838713590125593, 0.000000000000000000 ) ) ;
#669 = DIRECTION ( 'NONE',  ( -0.000000000000000000, -0.000000000000000000, 1.000000000000000000 ) ) ;
#670 = ORIENTED_EDGE ( 'NONE', *, *, #1475, .T. ) ;
#671 = DIRECTION ( 'NONE',  ( 0.000000000000000000, 0.000000000000000000, 1.000000000000000000 ) ) ;
#672 = VECTOR ( 'NONE', #3493, 1000.000000000000000 ) ;
#673 = VECTOR ( 'NONE', #669, 1000.000000000000000 ) ;
#674 = EDGE_LOOP ( 'NONE', ( #4171, #3566, #2640, #309 ) ) ;
#675 = DIRECTION ( 'NONE',  ( 1.000000000000000000, 0.000000000000000000, 0.000000000000000000 ) ) ;
#676 = VECTOR ( 'NONE', #1661, 1000.000000000000000 ) ;
#677 = CARTESIAN_POINT ( 'NONE',  ( -68.74499999999999034, 41.99999999999999289, 0.000000000000000000 ) ) ;
#678 = ORIENTED_EDGE ( 'NONE', *, *, #1001, .F. ) ;
#679 = EDGE_CURVE ( 'NONE', #2316, #1290, #1011, .T. ) ;
#680 = LINE ( 'NONE', #2424, #4471 ) ;
#681 = DIRECTION ( 'NONE',  ( 0.000000000000000000, 0.000000000000000000, -1.000000000000000000 ) ) ;
#682 = VERTEX_POINT ( 'NONE', #2702 ) ;
#683 = CARTESIAN_POINT ( 'NONE',  ( 3.254999999999997673, -45.34761299932682022, 5.000000000000000000 ) ) ;
#684 = DIRECTION ( 'NONE',  ( 1.000000000000000000, 0.000000000000000000, 0.000000000000000000 ) ) ;
#685 = AXIS2_PLACEMENT_3D ( 'NONE', #3047, #4472, #2392 ) ;
#686 = EDGE_CURVE ( 'NONE', #976, #2691, #2384, .T. ) ;
#687 = DIRECTION ( 'NONE',  ( -0.000000000000000000, -0.000000000000000000, 1.000000000000000000 ) ) ;
#688 = CIRCLE ( 'NONE', #888, 1.999999999999932498 ) ;
#689 = DIRECTION ( 'NONE',  ( -0.000000000000000000, -0.000000000000000000, -1.000000000000000000 ) ) ;
#690 = ORIENTED_EDGE ( 'NONE', *, *, #3370, .T. ) ;
#691 = EDGE_CURVE ( 'NONE', #1518, #1227, #4239, .T. ) ;
#692 = DIRECTION ( 'NONE',  ( -0.000000000000000000, -0.000000000000000000, 1.000000000000000000 ) ) ;
#693 = ORIENTED_EDGE ( 'NONE', *, *, #1442, .F. ) ;
#694 = AXIS2_PLACEMENT_3D ( 'NONE', #232, #4370, #4039 ) ;
#695 = ORIENTED_EDGE ( 'NONE', *, *, #679, .T. ) ;
#696 = CARTESIAN_POINT ( 'NONE',  ( -19.62448257959728437, 37.76407684932541997, 2.000000000000000000 ) ) ;
#697 = CARTESIAN_POINT ( 'NONE',  ( -68.74499999999999034, 44.99999999999998579, 5.000000000000000000 ) ) ;
#698 = ORIENTED_EDGE ( 'NONE', *, *, #493, .F. ) ;
#699 = LINE ( 'NONE', #3810, #1125 ) ;
#700 = DIRECTION ( 'NONE',  ( -2.388407501162106152E-16, 1.000000000000000000, 0.000000000000000000 ) ) ;
#701 = ORIENTED_EDGE ( 'NONE', *, *, #1090, .F. ) ;
#702 = CARTESIAN_POINT ( 'NONE',  ( -48.74500000000000455, -51.94761299932682164, 5.000000000000000000 ) ) ;
#703 = ADVANCED_FACE ( 'NONE', ( #1354 ), #3747, .F. ) ;
#704 = AXIS2_PLACEMENT_3D ( 'NONE', #2338, #966, #3725 ) ;
#705 = DIRECTION ( 'NONE',  ( 0.000000000000000000, -0.000000000000000000, -1.000000000000000000 ) ) ;
#706 = CYLINDRICAL_SURFACE ( 'NONE', #4438, 2.250000000000001776 ) ;
#707 = ORIENTED_EDGE ( 'NONE', *, *, #2081, .T. ) ;
#708 = CARTESIAN_POINT ( 'NONE',  ( 12.99499999999999567, -45.00000000000000000, 0.000000000000000000 ) ) ;
#709 = ADVANCED_FACE ( 'NONE', ( #1054, #2789 ), #3769, .T. ) ;
#710 = ORIENTED_EDGE ( 'NONE', *, *, #1853, .T. ) ;
#711 = DIRECTION ( 'NONE',  ( -1.000000000000000000, 0.000000000000000000, 0.000000000000000000 ) ) ;
#712 = CARTESIAN_POINT ( 'NONE',  ( -51.74500000000000455, -30.94761299932681808, 3.000000000000000000 ) ) ;
#713 = CARTESIAN_POINT ( 'NONE',  ( -19.62448257959728437, 37.76407684932541997, 2.000000000000000000 ) ) ;
#714 = CARTESIAN_POINT ( 'NONE',  ( -2.255000000000007443, -38.86000000000001364, 0.000000000000000000 ) ) ;
#715 = EDGE_LOOP ( 'NONE', ( #154, #1628, #1989, #3007 ) ) ;
#716 = CIRCLE ( 'NONE', #4031, 1.000000000000000000 ) ;
#717 = EDGE_CURVE ( 'NONE', #3071, #1775, #680, .T. ) ;
#718 = FACE_BOUND ( 'NONE', #3500, .T. ) ;
#719 = DIRECTION ( 'NONE',  ( -0.000000000000000000, -0.000000000000000000, 1.000000000000000000 ) ) ;
#720 = ORIENTED_EDGE ( 'NONE', *, *, #3389, .F. ) ;
#721 = CARTESIAN_POINT ( 'NONE',  ( -65.74499999999999034, -55.00000000000002842, 5.000000000000000000 ) ) ;
#722 = EDGE_CURVE ( 'NONE', #3613, #452, #4177, .T. ) ;
#723 = VERTEX_POINT ( 'NONE', #347 ) ;
#724 = DIRECTION ( 'NONE',  ( 0.000000000000000000, -1.000000000000000000, 0.000000000000000000 ) ) ;
#725 = CARTESIAN_POINT ( 'NONE',  ( -51.74500000000001876, 20.38431397264027467, 2.810215166487358474 ) ) ;
#726 = EDGE_LOOP ( 'NONE', ( #174, #4328, #407, #1315 ) ) ;
#727 = CARTESIAN_POINT ( 'NONE',  ( -51.74500000000000455, -30.94761299932681808, 3.000000000000000000 ) ) ;
#728 = ORIENTED_EDGE ( 'NONE', *, *, #2970, .T. ) ;
#729 = DIRECTION ( 'NONE',  ( 0.000000000000000000, 0.000000000000000000, -1.000000000000000000 ) ) ;
#730 = CARTESIAN_POINT ( 'NONE',  ( 3.254999999999986127, 45.34761299932682022, 5.000000000000000000 ) ) ;
#731 = CARTESIAN_POINT ( 'NONE',  ( -96.74500000000000455, -50.00000000000000711, 0.000000000000000000 ) ) ;
#732 = VERTEX_POINT ( 'NONE', #1668 ) ;
#733 = VECTOR ( 'NONE', #1842, 1000.000000000000000 ) ;
#734 = CARTESIAN_POINT ( 'NONE',  ( 11.25499999999999723, 45.88661684659245310, 0.000000000000000000 ) ) ;
#735 = VECTOR ( 'NONE', #597, 1000.000000000000000 ) ;
#736 = CARTESIAN_POINT ( 'NONE',  ( -51.74500000000001876, 19.96793492499667622, 0.000000000000000000 ) ) ;
#737 = ORIENTED_EDGE ( 'NONE', *, *, #3405, .F. ) ;
#738 = CARTESIAN_POINT ( 'NONE',  ( -51.74500000000000455, -23.04918317931775462, 2.976937770701491015 ) ) ;
#739 = DIRECTION ( 'NONE',  ( -0.000000000000000000, -0.000000000000000000, -1.000000000000000000 ) ) ;
#740 = AXIS2_PLACEMENT_3D ( 'NONE', #1833, #1416, #3869 ) ;
#741 = ORIENTED_EDGE ( 'NONE', *, *, #2739, .F. ) ;
#742 = AXIS2_PLACEMENT_3D ( 'NONE', #1428, #1766, #3419 ) ;
#743 = LINE ( 'NONE', #713, #1819 ) ;
#744 = LINE ( 'NONE', #496, #2412 ) ;
#745 = FACE_OUTER_BOUND ( 'NONE', #3218, .T. ) ;
#746 = CARTESIAN_POINT ( 'NONE',  ( -65.74500000000000455, 66.99999999999997158, 5.000000000000000000 ) ) ;
#747 = ORIENTED_EDGE ( 'NONE', *, *, #2207, .F. ) ;
#748 = AXIS2_PLACEMENT_3D ( 'NONE', #653, #4083, #1051 ) ;
#749 = CARTESIAN_POINT ( 'NONE',  ( -55.53828962499061817, -25.15438010052512041, 0.000000000000000000 ) ) ;
#750 = AXIS2_PLACEMENT_3D ( 'NONE', #3365, #588, #3733 ) ;
#751 = EDGE_LOOP ( 'NONE', ( #2468, #2109, #3686, #654, #2297, #2399, #4132, #77 ) ) ;
#752 = DIRECTION ( 'NONE',  ( -1.000000000000000000, 0.000000000000000000, 0.000000000000000000 ) ) ;
#753 = CYLINDRICAL_SURFACE ( 'NONE', #4323, 3.000000000000009770 ) ;
#754 = EDGE_CURVE ( 'NONE', #846, #2208, #3088, .T. ) ;
#755 = VERTEX_POINT ( 'NONE', #3450 ) ;
#756 = DIRECTION ( 'NONE',  ( 0.000000000000000000, 0.000000000000000000, -1.000000000000000000 ) ) ;
#757 = VECTOR ( 'NONE', #3377, 1000.000000000000000 ) ;
#758 = CARTESIAN_POINT ( 'NONE',  ( -65.74500000000000455, 66.99999999999997158, 5.000000000000000000 ) ) ;
#759 = CARTESIAN_POINT ( 'NONE',  ( -60.00500000000020151, -79.50000000000009948, 0.000000000000000000 ) ) ;
#760 = EDGE_LOOP ( 'NONE', ( #3281, #3031, #4107, #1467 ) ) ;
#761 = DIRECTION ( 'NONE',  ( 0.000000000000000000, 0.000000000000000000, -1.000000000000000000 ) ) ;
#762 = LINE ( 'NONE', #1869, #3818 ) ;
#763 = ORIENTED_EDGE ( 'NONE', *, *, #361, .T. ) ;
#764 = EDGE_CURVE ( 'NONE', #2118, #580, #699, .T. ) ;
#765 = PLANE ( 'NONE',  #3498 ) ;
#766 = DIRECTION ( 'NONE',  ( -2.211964468540914624E-16, 1.000000000000000000, 0.000000000000000000 ) ) ;
#767 = CARTESIAN_POINT ( 'NONE',  ( -68.74499999999999034, -55.00000000000002842, 0.000000000000000000 ) ) ;
#768 = VECTOR ( 'NONE', #2057, 1000.000000000000000 ) ;
#769 = EDGE_CURVE ( 'NONE', #3233, #4382, #2096, .T. ) ;
#770 = CARTESIAN_POINT ( 'NONE',  ( -51.74499999999999744, 74.99999999999997158, 0.000000000000000000 ) ) ;
#771 = ORIENTED_EDGE ( 'NONE', *, *, #686, .T. ) ;
#772 = EDGE_CURVE ( 'NONE', #442, #4442, #3470, .T. ) ;
#773 = EDGE_CURVE ( 'NONE', #3393, #4461, #353, .T. ) ;
#774 = FACE_OUTER_BOUND ( 'NONE', #1860, .T. ) ;
#775 = DIRECTION ( 'NONE',  ( -0.000000000000000000, -0.000000000000000000, -1.000000000000000000 ) ) ;
#776 = EDGE_LOOP ( 'NONE', ( #3306, #1182, #3420, #109 ) ) ;
#777 = LINE ( 'NONE', #69, #2831 ) ;
#778 = ORIENTED_EDGE ( 'NONE', *, *, #2818, .T. ) ;
#779 = VECTOR ( 'NONE', #3742, 1000.000000000000000 ) ;
#780 = DIRECTION ( 'NONE',  ( 0.000000000000000000, 0.000000000000000000, -1.000000000000000000 ) ) ;
#781 = CARTESIAN_POINT ( 'NONE',  ( -48.74500000000001876, 45.26507572786680811, 5.000000000000000000 ) ) ;
#782 = ORIENTED_EDGE ( 'NONE', *, *, #933, .T. ) ;
#783 = AXIS2_PLACEMENT_3D ( 'NONE', #146, #834, #2566 ) ;
#784 = CARTESIAN_POINT ( 'NONE',  ( -60.00500000000000966, -72.50000000000001421, 5.000000000000000000 ) ) ;
#785 = EDGE_LOOP ( 'NONE', ( #2321, #2098, #3982, #2524, #1908, #1541 ) ) ;
#786 = DIRECTION ( 'NONE',  ( 0.000000000000000000, 0.000000000000000000, -1.000000000000000000 ) ) ;
#787 = DIRECTION ( 'NONE',  ( 0.000000000000000000, 0.000000000000000000, 1.000000000000000000 ) ) ;
#788 = AXIS2_PLACEMENT_3D ( 'NONE', #4280, #4003, #1174 ) ;
#789 = DIRECTION ( 'NONE',  ( 0.000000000000000000, 0.000000000000000000, -1.000000000000000000 ) ) ;
#790 = ADVANCED_FACE ( 'NONE', ( #4436 ), #157, .F. ) ;
#791 = VECTOR ( 'NONE', #3657, 1000.000000000000000 ) ;
#792 = DIRECTION ( 'NONE',  ( -1.000000000000000000, 0.000000000000000000, 0.000000000000000000 ) ) ;
#793 = AXIS2_PLACEMENT_3D ( 'NONE', #512, #181, #249 ) ;
#794 = ORIENTED_EDGE ( 'NONE', *, *, #1885, .F. ) ;
#795 = CARTESIAN_POINT ( 'NONE',  ( 11.25499999999999723, 34.79203768307637290, 5.000000000000000000 ) ) ;
#796 = DIRECTION ( 'NONE',  ( -1.000000000000000000, 0.000000000000000000, 0.000000000000000000 ) ) ;
#797 = DIRECTION ( 'NONE',  ( -0.000000000000000000, 0.000000000000000000, 1.000000000000000000 ) ) ;
#798 = ORIENTED_EDGE ( 'NONE', *, *, #2839, .T. ) ;
#799 = VERTEX_POINT ( 'NONE', #3515 ) ;
#800 = CARTESIAN_POINT ( 'NONE',  ( 11.25499999999999723, 48.88661684659246021, 0.000000000000000000 ) ) ;
#801 = ADVANCED_FACE ( 'NONE', ( #3538 ), #2116, .F. ) ;
#802 = CARTESIAN_POINT ( 'NONE',  ( -59.07643930294683798, -75.35267857142865466, 5.000000000000000000 ) ) ;
#803 = EDGE_CURVE ( 'NONE', #4154, #2706, #4016, .T. ) ;
#804 = VERTEX_POINT ( 'NONE', #2891 ) ;
#805 = CIRCLE ( 'NONE', #1600, 3.000000000000002665 ) ;
#806 = CIRCLE ( 'NONE', #4353, 3.000000000000009770 ) ;
#807 = DIRECTION ( 'NONE',  ( 0.000000000000000000, 0.000000000000000000, 1.000000000000000000 ) ) ;
#808 = ORIENTED_EDGE ( 'NONE', *, *, #1799, .F. ) ;
#809 = EDGE_CURVE ( 'NONE', #4442, #932, #1161, .T. ) ;
#810 = FACE_OUTER_BOUND ( 'NONE', #1570, .T. ) ;
#811 = CARTESIAN_POINT ( 'NONE',  ( -61.60500000000000398, 72.49999999999995737, 0.000000000000000000 ) ) ;
#812 = CARTESIAN_POINT ( 'NONE',  ( 3.254999999999997673, -45.34761299932682022, -5.000000000000000000 ) ) ;
#813 = CIRCLE ( 'NONE', #1754, 2.999999999999999112 ) ;
#814 = CIRCLE ( 'NONE', #2762, 2.250000000000002220 ) ;
#815 = CARTESIAN_POINT ( 'NONE',  ( -65.74500000000000455, 66.99999999999997158, 10.00000000000000000 ) ) ;
#816 = ORIENTED_EDGE ( 'NONE', *, *, #9, .T. ) ;
#817 = EDGE_CURVE ( 'NONE', #2022, #4111, #3194, .T. ) ;
#818 = DIRECTION ( 'NONE',  ( -0.000000000000000000, -1.000000000000000000, -0.000000000000000000 ) ) ;
#819 = DIRECTION ( 'NONE',  ( 0.000000000000000000, 0.000000000000000000, 1.000000000000000000 ) ) ;
#820 = ORIENTED_EDGE ( 'NONE', *, *, #924, .T. ) ;
#821 = VERTEX_POINT ( 'NONE', #3560 ) ;
#822 = LINE ( 'NONE', #2931, #4206 ) ;
#823 = ORIENTED_EDGE ( 'NONE', *, *, #1031, .T. ) ;
#824 = ORIENTED_EDGE ( 'NONE', *, *, #3791, .F. ) ;
#825 = DIRECTION ( 'NONE',  ( 0.000000000000000000, -0.000000000000000000, -1.000000000000000000 ) ) ;
#826 = FACE_OUTER_BOUND ( 'NONE', #2580, .T. ) ;
#827 = ORIENTED_EDGE ( 'NONE', *, *, #2865, .T. ) ;
#828 = ORIENTED_EDGE ( 'NONE', *, *, #2416, .F. ) ;
#829 = EDGE_CURVE ( 'NONE', #641, #521, #2534, .T. ) ;
#830 = CARTESIAN_POINT ( 'NONE',  ( -9.614990928539691950, -46.98838713590125593, 0.000000000000000000 ) ) ;
#831 = DIRECTION ( 'NONE',  ( 1.000000000000000000, 0.000000000000000000, -0.000000000000000000 ) ) ;
#832 = DIRECTION ( 'NONE',  ( 0.000000000000000000, 1.000000000000000000, 0.000000000000000000 ) ) ;
#833 = DIRECTION ( 'NONE',  ( 0.000000000000000000, 0.000000000000000000, -1.000000000000000000 ) ) ;
#834 = DIRECTION ( 'NONE',  ( -0.000000000000000000, -0.000000000000000000, -1.000000000000000000 ) ) ;
#835 = ORIENTED_EDGE ( 'NONE', *, *, #4125, .T. ) ;
#836 = DIRECTION ( 'NONE',  ( -1.000000000000000000, 0.000000000000000000, 0.000000000000000000 ) ) ;
#837 = EDGE_CURVE ( 'NONE', #3533, #2094, #2136, .T. ) ;
#838 = FACE_BOUND ( 'NONE', #2800, .T. ) ;
#839 = UNCERTAINTY_MEASURE_WITH_UNIT (LENGTH_MEASURE( 1.000000000000000082E-05 ), #2062, 'distance_accuracy_value', 'NONE');
#840 = EDGE_LOOP ( 'NONE', ( #1675, #2232, #1159, #3020 ) ) ;
#841 = ORIENTED_EDGE ( 'NONE', *, *, #2589, .F. ) ;
#842 = CYLINDRICAL_SURFACE ( 'NONE', #1746, 3.000000000000002665 ) ;
#843 = ORIENTED_EDGE ( 'NONE', *, *, #3871, .F. ) ;
#844 = LINE ( 'NONE', #3942, #2034 ) ;
#845 = CARTESIAN_POINT ( 'NONE',  ( -51.74499999999999744, 77.99999999999997158, 0.000000000000000000 ) ) ;
#846 = VERTEX_POINT ( 'NONE', #758 ) ;
#847 = MECHANICAL_DESIGN_GEOMETRIC_PRESENTATION_REPRESENTATION (  '', ( #4401 ), #3154 ) ;
#848 = EDGE_CURVE ( 'NONE', #1775, #591, #1183, .T. ) ;
#849 = EDGE_LOOP ( 'NONE', ( #472, #627, #2530, #670 ) ) ;
#850 = DIRECTION ( 'NONE',  ( -0.000000000000000000, -0.000000000000000000, 1.000000000000000000 ) ) ;
#851 =( BOUNDED_CURVE ( )  B_SPLINE_CURVE ( 3, ( #1768, #3205, #104, #3462 ),
 .UNSPECIFIED., .F., .F. ) 
 B_SPLINE_CURVE_WITH_KNOTS ( ( 4, 4 ),
 ( 0.000000000000000000, 1.570796326794896558 ),
 .UNSPECIFIED. ) 
 CURVE ( )  GEOMETRIC_REPRESENTATION_ITEM ( )  RATIONAL_B_SPLINE_CURVE ( ( 1.000000000000000000, 0.8047378541243649375, 0.8047378541243649375, 1.000000000000000000 ) ) 
 REPRESENTATION_ITEM ( '' )  );
#852 = CARTESIAN_POINT ( 'NONE',  ( -48.74500000000000455, -27.94761299932681808, 5.000000000000000000 ) ) ;
#853 = DIRECTION ( 'NONE',  ( -1.000000000000000000, 0.000000000000000000, 0.000000000000000000 ) ) ;
#854 = DIRECTION ( 'NONE',  ( -0.000000000000000000, -0.000000000000000000, -1.000000000000000000 ) ) ;
#855 = CARTESIAN_POINT ( 'NONE',  ( -68.74499999999999034, 57.99999999999998579, 0.000000000000000000 ) ) ;
#856 = CIRCLE ( 'NONE', #80, 1.599999999999997202 ) ;
#857 = AXIS2_PLACEMENT_3D ( 'NONE', #3017, #3971, #1938 ) ;
#858 = ORIENTED_EDGE ( 'NONE', *, *, #607, .T. ) ;
#859 = DIRECTION ( 'NONE',  ( 0.000000000000000000, 0.000000000000000000, -1.000000000000000000 ) ) ;
#860 = CARTESIAN_POINT ( 'NONE',  ( -31.52412065912967876, 0.000000000000000000, 3.000000000000000000 ) ) ;
#861 = VECTOR ( 'NONE', #2512, 1000.000000000000000 ) ;
#862 = ORIENTED_EDGE ( 'NONE', *, *, #2501, .F. ) ;
#863 = CARTESIAN_POINT ( 'NONE',  ( -15.93726924517893728, 39.80894216826094123, 0.000000000000000000 ) ) ;
#864 = ORIENTED_EDGE ( 'NONE', *, *, #1104, .T. ) ;
#865 = DIRECTION ( 'NONE',  ( -0.000000000000000000, -1.000000000000000000, -0.000000000000000000 ) ) ;
#866 = EDGE_CURVE ( 'NONE', #927, #1763, #24, .T. ) ;
#867 = LINE ( 'NONE', #845, #4340 ) ;
#868 = ORIENTED_EDGE ( 'NONE', *, *, #2179, .F. ) ;
#869 = ORIENTED_EDGE ( 'NONE', *, *, #500, .F. ) ;
#870 = CARTESIAN_POINT ( 'NONE',  ( -97.74500000000001876, -52.00000000000003553, 5.000000000000000000 ) ) ;
#871 = DIRECTION ( 'NONE',  ( -1.000000000000000000, 0.000000000000000000, 0.000000000000000000 ) ) ;
#872 = DIRECTION ( 'NONE',  ( -1.224646799147353207E-16, 1.000000000000000000, 0.000000000000000000 ) ) ;
#873 = AXIS2_PLACEMENT_3D ( 'NONE', #197, #3295, #219 ) ;
#874 = CARTESIAN_POINT ( 'NONE',  ( -57.54723398003460488, 8.598901098682526722, 2.000000000000000000 ) ) ;
#875 = CARTESIAN_POINT ( 'NONE',  ( 5.505000000000000782, -45.34761299932682022, 0.000000000000000000 ) ) ;
#876 = CYLINDRICAL_SURFACE ( 'NONE', #4447, 2.999999999999933387 ) ;
#877 = LINE ( 'NONE', #1291, #3564 ) ;
#878 = ORIENTED_EDGE ( 'NONE', *, *, #2179, .T. ) ;
#879 = DIRECTION ( 'NONE',  ( -1.000000000000000000, 0.000000000000000000, 0.000000000000000000 ) ) ;
#880 = FACE_BOUND ( 'NONE', #4427, .T. ) ;
#881 = AXIS2_PLACEMENT_3D ( 'NONE', #2145, #456, #3523 ) ;
#882 = EDGE_LOOP ( 'NONE', ( #3854, #864, #2830, #1641 ) ) ;
#883 = FACE_OUTER_BOUND ( 'NONE', #2602, .T. ) ;
#884 = ORIENTED_EDGE ( 'NONE', *, *, #940, .F. ) ;
#885 = CARTESIAN_POINT ( 'NONE',  ( -65.74500000000000455, 66.99999999999997158, 10.00000000000000000 ) ) ;
#886 = VECTOR ( 'NONE', #465, 1000.000000000000000 ) ;
#887 = EDGE_CURVE ( 'NONE', #4103, #1815, #115, .T. ) ;
#888 = AXIS2_PLACEMENT_3D ( 'NONE', #1212, #544, #2588 ) ;
#889 = CARTESIAN_POINT ( 'NONE',  ( -68.74499999999999034, -55.00000000000002842, 5.000000000000000000 ) ) ;
#890 = ORIENTED_EDGE ( 'NONE', *, *, #4291, .F. ) ;
#891 = ORIENTED_EDGE ( 'NONE', *, *, #1160, .F. ) ;
#892 = DIRECTION ( 'NONE',  ( -1.000000000000000000, 0.000000000000000000, 0.000000000000000000 ) ) ;
#893 = EDGE_CURVE ( 'NONE', #57, #1360, #3250, .T. ) ;
#894 = CARTESIAN_POINT ( 'NONE',  ( -51.74500000000001876, 19.96793492499667622, 2.000000000000000000 ) ) ;
#895 = CARTESIAN_POINT ( 'NONE',  ( -11.61499092853927451, -39.38838713590120477, 3.000000000000000000 ) ) ;
#896 = AXIS2_PLACEMENT_3D ( 'NONE', #1055, #2077, #4465 ) ;
#897 = CYLINDRICAL_SURFACE ( 'NONE', #2537, 1.000000000000000000 ) ;
#898 = CIRCLE ( 'NONE', #2704, 3.000000000000002665 ) ;
#899 = EDGE_CURVE ( 'NONE', #3684, #4453, #3924, .T. ) ;
#900 = DIRECTION ( 'NONE',  ( 1.000000000000000000, 0.000000000000000000, 0.000000000000000000 ) ) ;
#901 = FACE_OUTER_BOUND ( 'NONE', #3052, .T. ) ;
#902 = CARTESIAN_POINT ( 'NONE',  ( 0.000000000000000000, 0.000000000000000000, 3.000000000000000000 ) ) ;
#903 = ORIENTED_EDGE ( 'NONE', *, *, #4037, .F. ) ;
#904 = EDGE_CURVE ( 'NONE', #4365, #2133, #3234, .T. ) ;
#905 = FACE_OUTER_BOUND ( 'NONE', #4219, .T. ) ;
#906 = DIRECTION ( 'NONE',  ( -0.000000000000000000, -0.000000000000000000, 1.000000000000000000 ) ) ;
#907 = ORIENTED_EDGE ( 'NONE', *, *, #65, .F. ) ;
#908 = DIRECTION ( 'NONE',  ( -1.000000000000000000, 0.000000000000000000, 0.000000000000000000 ) ) ;
#909 = ADVANCED_FACE ( 'NONE', ( #1094 ), #3899, .T. ) ;
#910 = ORIENTED_EDGE ( 'NONE', *, *, #1516, .T. ) ;
#911 = EDGE_CURVE ( 'NONE', #1702, #755, #3856, .T. ) ;
#912 = DIRECTION ( 'NONE',  ( -1.000000000000000000, 0.000000000000000000, 0.000000000000000000 ) ) ;
#913 = AXIS2_PLACEMENT_3D ( 'NONE', #91, #71, #2510 ) ;
#914 = DIRECTION ( 'NONE',  ( -1.000000000000000000, 0.000000000000000000, 0.000000000000000000 ) ) ;
#915 = VERTEX_POINT ( 'NONE', #2486 ) ;
#916 = ORIENTED_EDGE ( 'NONE', *, *, #1653, .F. ) ;
#917 = CARTESIAN_POINT ( 'NONE',  ( -4.844257548789735246, 48.88661684659246021, 0.000000000000000000 ) ) ;
#918 = DIRECTION ( 'NONE',  ( -0.000000000000000000, -0.000000000000000000, 1.000000000000000000 ) ) ;
#919 = FACE_OUTER_BOUND ( 'NONE', #4334, .T. ) ;
#920 = DIRECTION ( 'NONE',  ( 0.000000000000000000, -0.000000000000000000, 1.000000000000000000 ) ) ;
#921 = CARTESIAN_POINT ( 'NONE',  ( -11.77046683615346545, 42.26507572786680811, 5.000000000000000000 ) ) ;
#922 = DIRECTION ( 'NONE',  ( -1.000000000000000000, 0.000000000000000000, 0.000000000000000000 ) ) ;
#923 = ORIENTED_EDGE ( 'NONE', *, *, #4317, .F. ) ;
#924 = EDGE_CURVE ( 'NONE', #1595, #1220, #4277, .T. ) ;
#925 = CARTESIAN_POINT ( 'NONE',  ( -51.74500000000001876, 25.75436441852100344, 2.000000000000000000 ) ) ;
#926 = AXIS2_PLACEMENT_3D ( 'NONE', #1148, #1808, #792 ) ;
#927 = VERTEX_POINT ( 'NONE', #800 ) ;
#928 = DIRECTION ( 'NONE',  ( -1.000000000000000000, 0.000000000000000000, 0.000000000000000000 ) ) ;
#929 = DIRECTION ( 'NONE',  ( 0.000000000000000000, -1.000000000000000000, 0.000000000000000000 ) ) ;
#930 = ORIENTED_EDGE ( 'NONE', *, *, #108, .T. ) ;
#931 = CARTESIAN_POINT ( 'NONE',  ( -30.52412065912967876, 31.79203768307636935, 2.000000000000000000 ) ) ;
#932 = VERTEX_POINT ( 'NONE', #2177 ) ;
#933 = EDGE_CURVE ( 'NONE', #359, #399, #3148, .T. ) ;
#934 = CARTESIAN_POINT ( 'NONE',  ( -100.7450000000000188, -45.00000000000003553, 5.000000000000000000 ) ) ;
#935 = CIRCLE ( 'NONE', #151, 1.000000000000000888 ) ;
#936 = DIRECTION ( 'NONE',  ( -0.000000000000000000, -0.000000000000000000, 1.000000000000000000 ) ) ;
#937 = ORIENTED_EDGE ( 'NONE', *, *, #2837, .T. ) ;
#938 = ORIENTED_EDGE ( 'NONE', *, *, #156, .F. ) ;
#939 = DIRECTION ( 'NONE',  ( -1.000000000000000000, 0.000000000000000000, 0.000000000000000000 ) ) ;
#940 = EDGE_CURVE ( 'NONE', #3922, #3475, #2871, .T. ) ;
#941 = EDGE_CURVE ( 'NONE', #4286, #73, #844, .T. ) ;
#942 = CARTESIAN_POINT ( 'NONE',  ( 3.254999999999997673, -45.34761299932682022, 0.000000000000000000 ) ) ;
#943 = VERTEX_POINT ( 'NONE', #2576 ) ;
#944 = CARTESIAN_POINT ( 'NONE',  ( -51.74500000000000455, -27.94761299931796117, 2.428171754288506179 ) ) ;
#945 = CARTESIAN_POINT ( 'NONE',  ( -97.74500000000001876, -55.00000000000003553, 5.000000000000000000 ) ) ;
#946 = EDGE_CURVE ( 'NONE', #2221, #1572, #2216, .T. ) ;
#947 = DIRECTION ( 'NONE',  ( -1.000000000000000000, 0.000000000000000000, 0.000000000000000000 ) ) ;
#948 = DIRECTION ( 'NONE',  ( -0.000000000000000000, -1.000000000000000000, -0.000000000000000000 ) ) ;
#949 = VERTEX_POINT ( 'NONE', #2933 ) ;
#950 = DIRECTION ( 'NONE',  ( -0.000000000000000000, -0.000000000000000000, -1.000000000000000000 ) ) ;
#951 = ORIENTED_EDGE ( 'NONE', *, *, #3327, .F. ) ;
#952 = VECTOR ( 'NONE', #2000, 1000.000000000000000 ) ;
#953 = CIRCLE ( 'NONE', #3983, 1.000000000000000000 ) ;
#954 = DIRECTION ( 'NONE',  ( -1.000000000000000000, 4.625929269271486111E-15, 0.000000000000000000 ) ) ;
#955 = CARTESIAN_POINT ( 'NONE',  ( -48.74500000000001876, 45.26507572786680811, 0.000000000000000000 ) ) ;
#956 = VERTEX_POINT ( 'NONE', #3962 ) ;
#957 = DIRECTION ( 'NONE',  ( -0.000000000000000000, -0.000000000000000000, -1.000000000000000000 ) ) ;
#958 = EDGE_CURVE ( 'NONE', #45, #1634, #1954, .T. ) ;
#959 = ORIENTED_EDGE ( 'NONE', *, *, #3446, .F. ) ;
#960 = VECTOR ( 'NONE', #2995, 1000.000000000000000 ) ;
#961 = DIRECTION ( 'NONE',  ( 0.000000000000000000, -0.000000000000000000, 1.000000000000000000 ) ) ;
#962 = EDGE_CURVE ( 'NONE', #3785, #4382, #4010, .T. ) ;
#963 = CARTESIAN_POINT ( 'NONE',  ( 9.994999999999995666, -45.00000000000000000, 2.000000000000000000 ) ) ;
#964 = EDGE_LOOP ( 'NONE', ( #728, #1949, #616, #4270 ) ) ;
#965 = EDGE_LOOP ( 'NONE', ( #3901, #1096, #3896, #4398 ) ) ;
#966 = DIRECTION ( 'NONE',  ( -0.000000000000000000, -0.000000000000000000, 1.000000000000000000 ) ) ;
#967 = AXIS2_PLACEMENT_3D ( 'NONE', #1340, #4094, #664 ) ;
#968 = CARTESIAN_POINT ( 'NONE',  ( 6.994999999999993001, -45.00000000000000000, 2.000000000000000000 ) ) ;
#969 = ORIENTED_EDGE ( 'NONE', *, *, #941, .T. ) ;
#970 = CARTESIAN_POINT ( 'NONE',  ( -51.74334855732300298, -28.04714153191467929, 2.000000000000000000 ) ) ;
#971 = EDGE_CURVE ( 'NONE', #2811, #2574, #805, .T. ) ;
#972 = VERTEX_POINT ( 'NONE', #2597 ) ;
#973 = LINE ( 'NONE', #921, #1368 ) ;
#974 = AXIS2_PLACEMENT_3D ( 'NONE', #584, #1283, #1207 ) ;
#975 = LINE ( 'NONE', #564, #2471 ) ;
#976 = VERTEX_POINT ( 'NONE', #1637 ) ;
#977 = LINE ( 'NONE', #1629, #3129 ) ;
#978 = ORIENTED_EDGE ( 'NONE', *, *, #2962, .F. ) ;
#979 = DIRECTION ( 'NONE',  ( 0.000000000000000000, 0.000000000000000000, -1.000000000000000000 ) ) ;
#980 = PLANE ( 'NONE',  #450 ) ;
#981 = ORIENTED_EDGE ( 'NONE', *, *, #1104, .F. ) ;
#982 = DIRECTION ( 'NONE',  ( -1.000000000000000000, 0.000000000000000000, 0.000000000000000000 ) ) ;
#983 = ORIENTED_EDGE ( 'NONE', *, *, #145, .T. ) ;
#984 = EDGE_CURVE ( 'NONE', #3350, #846, #510, .T. ) ;
#985 = CYLINDRICAL_SURFACE ( 'NONE', #3548, 3.000000000000002665 ) ;
#986 = DIRECTION ( 'NONE',  ( 0.000000000000000000, 0.000000000000000000, -1.000000000000000000 ) ) ;
#987 = ORIENTED_EDGE ( 'NONE', *, *, #3343, .F. ) ;
#988 = EDGE_CURVE ( 'NONE', #2847, #244, #2958, .T. ) ;
#989 = ORIENTED_EDGE ( 'NONE', *, *, #4141, .T. ) ;
#990 = VECTOR ( 'NONE', #4318, 1000.000000000000000 ) ;
#991 = CARTESIAN_POINT ( 'NONE',  ( 3.254999999999986127, 45.34761299932682022, 0.000000000000000000 ) ) ;
#992 = DIRECTION ( 'NONE',  ( 0.000000000000000000, 0.000000000000000000, -1.000000000000000000 ) ) ;
#993 = EDGE_LOOP ( 'NONE', ( #1156, #3096, #1866, #596 ) ) ;
#994 = CARTESIAN_POINT ( 'NONE',  ( -51.74500000000000455, -22.26116535376300476, 2.000000000000000000 ) ) ;
#995 = CARTESIAN_POINT ( 'NONE',  ( -4.844257548789735246, 48.88661684659246021, 5.000000000000000000 ) ) ;
#996 = ORIENTED_EDGE ( 'NONE', *, *, #4445, .T. ) ;
#997 = CARTESIAN_POINT ( 'NONE',  ( -53.52934526994632591, 8.598901098682526722, 0.000000000000000000 ) ) ;
#998 = ORIENTED_EDGE ( 'NONE', *, *, #2977, .F. ) ;
#999 = DIRECTION ( 'NONE',  ( -1.000000000000000000, 0.000000000000000000, 0.000000000000000000 ) ) ;
#1000 = DIRECTION ( 'NONE',  ( -1.000000000000000000, 0.000000000000000000, 0.000000000000000000 ) ) ;
#1001 = EDGE_CURVE ( 'NONE', #2221, #2354, #3329, .T. ) ;
#1002 = ORIENTED_EDGE ( 'NONE', *, *, #1502, .F. ) ;
#1003 = CARTESIAN_POINT ( 'NONE',  ( -51.74500000000000455, -48.94761299932681453, 5.000000000000000000 ) ) ;
#1004 = ORIENTED_EDGE ( 'NONE', *, *, #887, .T. ) ;
#1005 = CARTESIAN_POINT ( 'NONE',  ( -48.74500000000001876, 28.79203768307636935, 5.000000000000000000 ) ) ;
#1006 = AXIS2_PLACEMENT_3D ( 'NONE', #2451, #3835, #287 ) ;
#1007 = LINE ( 'NONE', #697, #757 ) ;
#1008 = VERTEX_POINT ( 'NONE', #248 ) ;
#1009 = VECTOR ( 'NONE', #766, 1000.000000000000000 ) ;
#1010 = EDGE_CURVE ( 'NONE', #3745, #1927, #530, .T. ) ;
#1011 = LINE ( 'NONE', #3131, #4393 ) ;
#1012 = CYLINDRICAL_SURFACE ( 'NONE', #1484, 1.599999999999997202 ) ;
#1013 = ORIENTED_EDGE ( 'NONE', *, *, #3791, .T. ) ;
#1014 = CYLINDRICAL_SURFACE ( 'NONE', #2874, 3.000000000000002665 ) ;
#1015 = ADVANCED_FACE ( 'NONE', ( #3986 ), #4409, .T. ) ;
#1016 = ORIENTED_EDGE ( 'NONE', *, *, #4258, .F. ) ;
#1017 = CARTESIAN_POINT ( 'NONE',  ( -16.39105546427840565, 39.80894216826094123, 3.000000000000000000 ) ) ;
#1018 = DIRECTION ( 'NONE',  ( 1.000000000000000000, 0.000000000000000000, 0.000000000000000000 ) ) ;
#1019 = ORIENTED_EDGE ( 'NONE', *, *, #2977, .T. ) ;
#1020 = CARTESIAN_POINT ( 'NONE',  ( -65.74499999999999034, -45.00000000000001421, 5.000000000000000000 ) ) ;
#1021 = EDGE_LOOP ( 'NONE', ( #3517, #1187, #1757, #160 ) ) ;
#1022 = CIRCLE ( 'NONE', #2529, 3.000000000000002665 ) ;
#1023 = VECTOR ( 'NONE', #458, 1000.000000000000000 ) ;
#1024 = ORIENTED_EDGE ( 'NONE', *, *, #2769, .T. ) ;
#1025 = CARTESIAN_POINT ( 'NONE',  ( -60.93356069705333766, -75.35267857142861203, 5.000000000000000000 ) ) ;
#1026 = AXIS2_PLACEMENT_3D ( 'NONE', #550, #2954, #2984 ) ;
#1027 = LINE ( 'NONE', #7, #3066 ) ;
#1028 = ORIENTED_EDGE ( 'NONE', *, *, #4032, .T. ) ;
#1029 = AXIS2_PLACEMENT_3D ( 'NONE', #3596, #3615, #2883 ) ;
#1030 = CIRCLE ( 'NONE', #525, 3.000000000000009770 ) ;
#1031 = EDGE_CURVE ( 'NONE', #3278, #2215, #201, .T. ) ;
#1032 = CARTESIAN_POINT ( 'NONE',  ( 9.994999999999995666, -45.00000000000000000, 2.000000000000000000 ) ) ;
#1033 = LINE ( 'NONE', #3451, #2587 ) ;
#1034 = ORIENTED_EDGE ( 'NONE', *, *, #2598, .T. ) ;
#1035 = CARTESIAN_POINT ( 'NONE',  ( 0.004999999999994592104, 38.85999999999998522, 5.000000000000000000 ) ) ;
#1036 = CARTESIAN_POINT ( 'NONE',  ( 14.25499999999999723, -45.94761299932681453, 0.000000000000000000 ) ) ;
#1037 = VECTOR ( 'NONE', #3459, 1000.000000000000000 ) ;
#1038 = EDGE_CURVE ( 'NONE', #3812, #3231, #1616, .T. ) ;
#1039 = ORIENTED_EDGE ( 'NONE', *, *, #1430, .F. ) ;
#1040 = B_SPLINE_CURVE_WITH_KNOTS ( 'NONE', 3,
 ( #3104, #1395, #2071, #2765, #1350, #3787 ),
 .UNSPECIFIED., .F., .F.,
 ( 4, 2, 4 ),
 ( 0.0004412119804056864863, 0.001025622694503076481, 0.001610033408600466259 ),
 .UNSPECIFIED. ) ;
#1041 = DIRECTION ( 'NONE',  ( 1.000000000000000000, 0.000000000000000000, 0.000000000000000000 ) ) ;
#1042 = AXIS2_PLACEMENT_3D ( 'NONE', #3269, #194, #3636 ) ;
#1043 = DIRECTION ( 'NONE',  ( 1.000000000000000000, 0.000000000000000000, 0.000000000000000000 ) ) ;
#1044 = ORIENTED_EDGE ( 'NONE', *, *, #772, .T. ) ;
#1045 = EDGE_CURVE ( 'NONE', #1655, #195, #3910, .T. ) ;
#1046 = CARTESIAN_POINT ( 'NONE',  ( -60.99499999999999034, 60.97999999999998266, 0.000000000000000000 ) ) ;
#1047 = ADVANCED_FACE ( 'NONE', ( #3693 ), #2261, .F. ) ;
#1048 = ORIENTED_EDGE ( 'NONE', *, *, #444, .F. ) ;
#1049 = LINE ( 'NONE', #712, #1931 ) ;
#1050 = EDGE_CURVE ( 'NONE', #2780, #1595, #3768, .T. ) ;
#1051 = DIRECTION ( 'NONE',  ( -1.000000000000000000, 0.000000000000000000, 0.000000000000000000 ) ) ;
#1052 = EDGE_LOOP ( 'NONE', ( #3730, #869 ) ) ;
#1053 = EDGE_CURVE ( 'NONE', #2772, #2651, #168, .T. ) ;
#1054 = FACE_OUTER_BOUND ( 'NONE', #3558, .T. ) ;
#1055 = CARTESIAN_POINT ( 'NONE',  ( 9.994999999999995666, 44.99999999999995737, 5.000000000000000000 ) ) ;
#1056 = ORIENTED_EDGE ( 'NONE', *, *, #4125, .F. ) ;
#1057 = DIRECTION ( 'NONE',  ( 1.000000000000000000, 0.000000000000000000, 0.000000000000000000 ) ) ;
#1058 = FACE_OUTER_BOUND ( 'NONE', #3099, .T. ) ;
#1059 = EDGE_LOOP ( 'NONE', ( #816, #3868, #618, #1138 ) ) ;
#1060 = AXIS2_PLACEMENT_3D ( 'NONE', #4247, #1140, #3903 ) ;
#1061 = FACE_OUTER_BOUND ( 'NONE', #4201, .T. ) ;
#1062 = CARTESIAN_POINT ( 'NONE',  ( -51.74500000000003297, 19.99677529373666118, 2.269888732757966210 ) ) ;
#1063 = ORIENTED_EDGE ( 'NONE', *, *, #3902, .T. ) ;
#1064 = DIRECTION ( 'NONE',  ( 2.211964468540914624E-16, -1.000000000000000000, 0.000000000000000000 ) ) ;
#1065 = ADVANCED_FACE ( 'NONE', ( #4385 ), #1275, .F. ) ;
#1066 = VECTOR ( 'NONE', #1835, 1000.000000000000000 ) ;
#1067 = ORIENTED_EDGE ( 'NONE', *, *, #893, .T. ) ;
#1068 = CARTESIAN_POINT ( 'NONE',  ( 11.25499999999999723, 34.79203768307637290, 5.000000000000000000 ) ) ;
#1069 = DIRECTION ( 'NONE',  ( -1.000000000000000000, 0.000000000000000000, 0.000000000000000000 ) ) ;
#1070 = DIRECTION ( 'NONE',  ( -1.000000000000000000, 0.000000000000000000, 0.000000000000000000 ) ) ;
#1071 = ORIENTED_EDGE ( 'NONE', *, *, #2769, .F. ) ;
#1072 = EDGE_CURVE ( 'NONE', #609, #1748, #2381, .T. ) ;
#1073 = CARTESIAN_POINT ( 'NONE',  ( -100.7450000000000188, 55.00000000000000711, 5.000000000000000000 ) ) ;
#1074 = VECTOR ( 'NONE', #3947, 1000.000000000000000 ) ;
#1075 = CARTESIAN_POINT ( 'NONE',  ( -57.54723398003460488, 13.65589906941674947, 2.000000000000000000 ) ) ;
#1076 = ORIENTED_EDGE ( 'NONE', *, *, #1611, .T. ) ;
#1077 = CYLINDRICAL_SURFACE ( 'NONE', #254, 3.000000000000002665 ) ;
#1078 = CARTESIAN_POINT ( 'NONE',  ( -10.61499092853945925, -39.38838713590120477, 2.000000000000000000 ) ) ;
#1079 = ORIENTED_EDGE ( 'NONE', *, *, #3284, .F. ) ;
#1080 = AXIS2_PLACEMENT_3D ( 'NONE', #2155, #116, #1507 ) ;
#1081 = PLANE ( 'NONE',  #1251 ) ;
#1082 = DIRECTION ( 'NONE',  ( -0.000000000000000000, -0.000000000000000000, 1.000000000000000000 ) ) ;
#1083 = LINE ( 'NONE', #2104, #3985 ) ;
#1084 = ORIENTED_EDGE ( 'NONE', *, *, #4275, .F. ) ;
#1085 = ADVANCED_FACE ( 'NONE', ( #317 ), #985, .F. ) ;
#1086 = DIRECTION ( 'NONE',  ( 0.000000000000000000, 0.000000000000000000, -1.000000000000000000 ) ) ;
#1087 = EDGE_LOOP ( 'NONE', ( #3711, #937, #3557 ) ) ;
#1088 = CARTESIAN_POINT ( 'NONE',  ( -57.54723398003460488, 8.598901098682526722, 3.000000000000000000 ) ) ;
#1089 = DIRECTION ( 'NONE',  ( -1.000000000000000000, 0.000000000000000000, 0.000000000000000000 ) ) ;
#1090 = EDGE_CURVE ( 'NONE', #3734, #4006, #1022, .T. ) ;
#1091 = CIRCLE ( 'NONE', #34, 2.250000000000002220 ) ;
#1092 = DIRECTION ( 'NONE',  ( -1.224646799147353207E-16, 1.000000000000000000, 0.000000000000000000 ) ) ;
#1093 = EDGE_CURVE ( 'NONE', #4182, #1008, #2697, .T. ) ;
#1094 = FACE_OUTER_BOUND ( 'NONE', #2291, .T. ) ;
#1095 = CARTESIAN_POINT ( 'NONE',  ( 1.004999999999984128, 45.34761299932682022, 5.000000000000000000 ) ) ;
#1096 = ORIENTED_EDGE ( 'NONE', *, *, #2709, .T. ) ;
#1097 = CARTESIAN_POINT ( 'NONE',  ( -60.00500000000000966, 72.49999999999995737, 5.000000000000000000 ) ) ;
#1098 = DIRECTION ( 'NONE',  ( 0.000000000000000000, 0.000000000000000000, 1.000000000000000000 ) ) ;
#1099 = ORIENTED_EDGE ( 'NONE', *, *, #1482, .T. ) ;
#1100 = CIRCLE ( 'NONE', #4212, 3.000000000000000888 ) ;
#1101 = DIRECTION ( 'NONE',  ( 0.000000000000000000, -0.000000000000000000, 1.000000000000000000 ) ) ;
#1102 = ADVANCED_FACE ( 'NONE', ( #4458 ), #2744, .F. ) ;
#1103 = CARTESIAN_POINT ( 'NONE',  ( -94.49500000000000455, 50.00000000000000711, -5.000000000000000000 ) ) ;
#1104 = EDGE_CURVE ( 'NONE', #1267, #2066, #3428, .T. ) ;
#1105 = DIRECTION ( 'NONE',  ( -0.000000000000000000, -1.000000000000000000, -0.000000000000000000 ) ) ;
#1106 = CIRCLE ( 'NONE', #4005, 1.000000000000000888 ) ;
#1107 = CIRCLE ( 'NONE', #4221, 1.599999999999997202 ) ;
#1108 = ORIENTED_EDGE ( 'NONE', *, *, #2047, .F. ) ;
#1109 = CYLINDRICAL_SURFACE ( 'NONE', #740, 2.999999999999999556 ) ;
#1110 = DIRECTION ( 'NONE',  ( -0.000000000000000000, -0.000000000000000000, 1.000000000000000000 ) ) ;
#1111 = ORIENTED_EDGE ( 'NONE', *, *, #2739, .T. ) ;
#1112 = CIRCLE ( 'NONE', #3639, 2.250000000000002665 ) ;
#1113 = ORIENTED_EDGE ( 'NONE', *, *, #1898, .T. ) ;
#1114 = AXIS2_PLACEMENT_3D ( 'NONE', #1774, #403, #3874 ) ;
#1115 = ORIENTED_EDGE ( 'NONE', *, *, #984, .T. ) ;
#1116 = DIRECTION ( 'NONE',  ( -0.000000000000000000, -0.000000000000000000, 1.000000000000000000 ) ) ;
#1117 = EDGE_CURVE ( 'NONE', #4077, #3379, #1040, .T. ) ;
#1118 = FACE_OUTER_BOUND ( 'NONE', #273, .T. ) ;
#1119 = ORIENTED_EDGE ( 'NONE', *, *, #1851, .F. ) ;
#1120 = CARTESIAN_POINT ( 'NONE',  ( -56.54723398003460488, 0.000000000000000000, 2.000000000000000000 ) ) ;
#1121 = VERTEX_POINT ( 'NONE', #696 ) ;
#1122 = DIRECTION ( 'NONE',  ( 1.000000000000000000, 1.982541115402063384E-16, -0.000000000000000000 ) ) ;
#1123 = CARTESIAN_POINT ( 'NONE',  ( -61.60500000000000398, 72.49999999999995737, 10.00000000000000000 ) ) ;
#1124 = DIRECTION ( 'NONE',  ( 0.000000000000000000, 0.000000000000000000, -1.000000000000000000 ) ) ;
#1125 = VECTOR ( 'NONE', #2076, 1000.000000000000000 ) ;
#1126 = DIRECTION ( 'NONE',  ( -0.000000000000000000, -0.000000000000000000, -1.000000000000000000 ) ) ;
#1127 = VERTEX_POINT ( 'NONE', #3466 ) ;
#1128 = FACE_OUTER_BOUND ( 'NONE', #3059, .T. ) ;
#1129 = CARTESIAN_POINT ( 'NONE',  ( -60.00500000000000966, -72.50000000000001421, 5.000000000000000000 ) ) ;
#1130 = EDGE_CURVE ( 'NONE', #3745, #4442, #4105, .T. ) ;
#1131 = EDGE_LOOP ( 'NONE', ( #2669, #1956, #3989, #2814 ) ) ;
#1132 = CARTESIAN_POINT ( 'NONE',  ( -53.94355883231942528, 9.013114661055622534, 3.000000000000000000 ) ) ;
#1133 = ORIENTED_EDGE ( 'NONE', *, *, #4149, .T. ) ;
#1134 = ORIENTED_EDGE ( 'NONE', *, *, #764, .F. ) ;
#1135 = AXIS2_PLACEMENT_3D ( 'NONE', #1792, #3870, #1089 ) ;
#1136 = CARTESIAN_POINT ( 'NONE',  ( -54.74500000000000455, 74.99999999999997158, 5.000000000000000000 ) ) ;
#1137 = FACE_OUTER_BOUND ( 'NONE', #1692, .T. ) ;
#1138 = ORIENTED_EDGE ( 'NONE', *, *, #941, .F. ) ;
#1139 = TOROIDAL_SURFACE ( 'NONE', #3671, 1.999999999999935829, 1.000000000000000000 ) ;
#1140 = DIRECTION ( 'NONE',  ( 0.000000000000000000, 0.000000000000000000, -1.000000000000000000 ) ) ;
#1141 = EDGE_LOOP ( 'NONE', ( #2039, #3033, #3783, #333 ) ) ;
#1142 = FACE_OUTER_BOUND ( 'NONE', #1687, .T. ) ;
#1143 = ADVANCED_FACE ( 'NONE', ( #2355 ), #379, .F. ) ;
#1144 = LINE ( 'NONE', #1103, #4189 ) ;
#1145 = AXIS2_PLACEMENT_3D ( 'NONE', #1344, #3737, #999 ) ;
#1146 = CARTESIAN_POINT ( 'NONE',  ( -57.54723398003460488, 8.598901098682526722, 3.000000000000000000 ) ) ;
#1147 = VECTOR ( 'NONE', #2585, 1000.000000000000000 ) ;
#1148 = CARTESIAN_POINT ( 'NONE',  ( -60.00499999999998124, -72.49999999999995737, 10.00000000000000000 ) ) ;
#1149 = AXIS2_PLACEMENT_3D ( 'NONE', #35, #3726, #1333 ) ;
#1150 = VERTEX_POINT ( 'NONE', #3402 ) ;
#1151 = LINE ( 'NONE', #3640, #3311 ) ;
#1152 =( NAMED_UNIT ( * ) PLANE_ANGLE_UNIT ( ) SI_UNIT ( $, .RADIAN. ) );
#1153 = EDGE_LOOP ( 'NONE', ( #938, #3468, #3572, #1636 ) ) ;
#1154 = DIRECTION ( 'NONE',  ( -0.000000000000000000, -0.000000000000000000, 1.000000000000000000 ) ) ;
#1155 = EDGE_CURVE ( 'NONE', #2400, #3772, #3883, .T. ) ;
#1156 = ORIENTED_EDGE ( 'NONE', *, *, #3902, .F. ) ;
#1157 = CARTESIAN_POINT ( 'NONE',  ( -65.74499999999999034, 54.99999999999998579, 5.000000000000000000 ) ) ;
#1158 = CARTESIAN_POINT ( 'NONE',  ( -16.39105546427840565, 37.76407684932541997, 2.000000000000000000 ) ) ;
#1159 = ORIENTED_EDGE ( 'NONE', *, *, #3993, .T. ) ;
#1160 = EDGE_CURVE ( 'NONE', #63, #3379, #1049, .T. ) ;
#1161 = CIRCLE ( 'NONE', #2599, 4.250000000000010658 ) ;
#1162 = ORIENTED_EDGE ( 'NONE', *, *, #3308, .T. ) ;
#1163 = VECTOR ( 'NONE', #1413, 1000.000000000000000 ) ;
#1164 = CYLINDRICAL_SURFACE ( 'NONE', #3387, 2.250000000000002665 ) ;
#1165 = CARTESIAN_POINT ( 'NONE',  ( -0.005000000000005000445, -38.86000000000001364, 5.000000000000000000 ) ) ;
#1166 = DIRECTION ( 'NONE',  ( 0.000000000000000000, 0.000000000000000000, 1.000000000000000000 ) ) ;
#1167 = EDGE_CURVE ( 'NONE', #4042, #2793, #1284, .T. ) ;
#1168 = DIRECTION ( 'NONE',  ( 1.000000000000000000, -5.947623346206190399E-16, 0.000000000000000000 ) ) ;
#1169 = AXIS2_PLACEMENT_3D ( 'NONE', #1068, #729, #2481 ) ;
#1170 = AXIS2_PLACEMENT_3D ( 'NONE', #432, #1124, #2204 ) ;
#1171 = CARTESIAN_POINT ( 'NONE',  ( -16.39105546427840565, 39.80894216826094123, 3.000000000000000000 ) ) ;
#1172 =( BOUNDED_CURVE ( )  B_SPLINE_CURVE ( 3, ( #206, #4414, #1552, #1913 ),
 .UNSPECIFIED., .F., .F. ) 
 B_SPLINE_CURVE_WITH_KNOTS ( ( 4, 4 ),
 ( 4.712388980384689674, 6.283185307179586232 ),
 .UNSPECIFIED. ) 
 CURVE ( )  GEOMETRIC_REPRESENTATION_ITEM ( )  RATIONAL_B_SPLINE_CURVE ( ( 1.000000000000000000, 0.8047378541243649375, 0.8047378541243649375, 1.000000000000000000 ) ) 
 REPRESENTATION_ITEM ( '' )  );
#1173 = VERTEX_POINT ( 'NONE', #360 ) ;
#1174 = DIRECTION ( 'NONE',  ( 0.000000000000000000, 0.000000000000000000, -1.000000000000000000 ) ) ;
#1175 = AXIS2_PLACEMENT_3D ( 'NONE', #2364, #1425, #2729 ) ;
#1176 = FACE_BOUND ( 'NONE', #4088, .T. ) ;
#1177 = ORIENTED_EDGE ( 'NONE', *, *, #261, .F. ) ;
#1178 = EDGE_CURVE ( 'NONE', #1394, #4240, #4176, .T. ) ;
#1179 = ORIENTED_EDGE ( 'NONE', *, *, #3975, .F. ) ;
#1180 = DIRECTION ( 'NONE',  ( -0.000000000000000000, -0.000000000000000000, -1.000000000000000000 ) ) ;
#1181 = VERTEX_POINT ( 'NONE', #1371 ) ;
#1182 = ORIENTED_EDGE ( 'NONE', *, *, #2314, .T. ) ;
#1183 = LINE ( 'NONE', #3213, #3477 ) ;
#1184 = CIRCLE ( 'NONE', #402, 0.9999999999998222533 ) ;
#1185 = CARTESIAN_POINT ( 'NONE',  ( -58.74500000000000455, 60.97999999999998266, 5.000000000000000000 ) ) ;
#1186 = VERTEX_POINT ( 'NONE', #3375 ) ;
#1187 = ORIENTED_EDGE ( 'NONE', *, *, #3072, .T. ) ;
#1188 = DIRECTION ( 'NONE',  ( 1.000000000000000000, 0.000000000000000000, 0.000000000000000000 ) ) ;
#1189 = CARTESIAN_POINT ( 'NONE',  ( -60.00500000000000966, 72.49999999999995737, 10.00000000000000000 ) ) ;
#1190 = DIRECTION ( 'NONE',  ( 0.000000000000000000, 0.000000000000000000, 1.000000000000000000 ) ) ;
#1191 = CARTESIAN_POINT ( 'NONE',  ( -19.62448257959728437, 39.80894216826094123, 2.000000000000000000 ) ) ;
#1192 = CYLINDRICAL_SURFACE ( 'NONE', #1436, 0.9999999999998170352 ) ;
#1193 = ORIENTED_EDGE ( 'NONE', *, *, #1433, .T. ) ;
#1194 = AXIS2_PLACEMENT_3D ( 'NONE', #3381, #299, #3407 ) ;
#1195 = FACE_OUTER_BOUND ( 'NONE', #3527, .T. ) ;
#1196 = DIRECTION ( 'NONE',  ( -0.000000000000000000, -0.000000000000000000, 1.000000000000000000 ) ) ;
#1197 = ORIENTED_EDGE ( 'NONE', *, *, #4255, .F. ) ;
#1198 = ORIENTED_EDGE ( 'NONE', *, *, #1375, .F. ) ;
#1199 = CARTESIAN_POINT ( 'NONE',  ( -54.74500000000000455, -75.00000000000000000, 5.000000000000000000 ) ) ;
#1200 = ORIENTED_EDGE ( 'NONE', *, *, #305, .T. ) ;
#1201 = DIRECTION ( 'NONE',  ( -0.000000000000000000, -0.000000000000000000, 1.000000000000000000 ) ) ;
#1202 = CARTESIAN_POINT ( 'NONE',  ( -51.74500000000001876, 66.99999999999997158, 10.00000000000000000 ) ) ;
#1203 = ORIENTED_EDGE ( 'NONE', *, *, #320, .T. ) ;
#1204 = VERTEX_POINT ( 'NONE', #3084 ) ;
#1205 = CARTESIAN_POINT ( 'NONE',  ( -18.62448257959728437, 40.80894216826094123, 3.000000000000000000 ) ) ;
#1206 = VECTOR ( 'NONE', #4276, 1000.000000000000000 ) ;
#1207 = DIRECTION ( 'NONE',  ( 0.000000000000000000, 0.000000000000000000, -1.000000000000000000 ) ) ;
#1208 = DIRECTION ( 'NONE',  ( 1.000000000000000000, 0.000000000000000000, 0.000000000000000000 ) ) ;
#1209 = CARTESIAN_POINT ( 'NONE',  ( -48.74500000000001876, 28.79203768307636935, 5.000000000000000000 ) ) ;
#1210 = DIRECTION ( 'NONE',  ( -0.000000000000000000, -0.000000000000000000, -1.000000000000000000 ) ) ;
#1211 = AXIS2_PLACEMENT_3D ( 'NONE', #2222, #2491, #2540 ) ;
#1212 = CARTESIAN_POINT ( 'NONE',  ( -52.53828962499068922, -25.15438010052512041, 3.000000000000000000 ) ) ;
#1213 = CARTESIAN_POINT ( 'NONE',  ( 0.004999999999994592104, 38.85999999999998522, 0.000000000000000000 ) ) ;
#1214 = EDGE_CURVE ( 'NONE', #1469, #3795, #1751, .T. ) ;
#1215 = AXIS2_PLACEMENT_3D ( 'NONE', #2495, #2202, #787 ) ;
#1216 = ORIENTED_EDGE ( 'NONE', *, *, #3720, .T. ) ;
#1217 = DIRECTION ( 'NONE',  ( -1.000000000000000000, 0.000000000000000000, 0.000000000000000000 ) ) ;
#1218 = CARTESIAN_POINT ( 'NONE',  ( -54.74500000000000455, 74.99999999999997158, 10.00000000000000000 ) ) ;
#1219 = AXIS2_PLACEMENT_3D ( 'NONE', #533, #3257, #1594 ) ;
#1220 = VERTEX_POINT ( 'NONE', #1301 ) ;
#1221 = CARTESIAN_POINT ( 'NONE',  ( -51.74500000000000455, -27.94761299932681808, 0.000000000000000000 ) ) ;
#1222 = ORIENTED_EDGE ( 'NONE', *, *, #1878, .T. ) ;
#1223 = DIRECTION ( 'NONE',  ( 6.033820786006289662E-16, -1.000000000000000000, -0.000000000000000000 ) ) ;
#1224 = CARTESIAN_POINT ( 'NONE',  ( -100.7450000000000188, 55.00000000000000711, 5.000000000000000000 ) ) ;
#1225 = VERTEX_POINT ( 'NONE', #2671 ) ;
#1226 = EDGE_CURVE ( 'NONE', #1767, #641, #3034, .T. ) ;
#1227 = VERTEX_POINT ( 'NONE', #2785 ) ;
#1228 = LINE ( 'NONE', #3991, #1781 ) ;
#1229 = CARTESIAN_POINT ( 'NONE',  ( -54.74500000000000455, -75.00000000000000000, 0.000000000000000000 ) ) ;
#1230 = ORIENTED_EDGE ( 'NONE', *, *, #1241, .F. ) ;
#1231 = EDGE_CURVE ( 'NONE', #4111, #3233, #2499, .T. ) ;
#1232 = AXIS2_PLACEMENT_3D ( 'NONE', #1252, #3621, #2238 ) ;
#1233 = CARTESIAN_POINT ( 'NONE',  ( -63.00500000000001677, 72.49999999999995737, 0.000000000000000000 ) ) ;
#1234 = VECTOR ( 'NONE', #2017, 1000.000000000000000 ) ;
#1235 = DIRECTION ( 'NONE',  ( 0.000000000000000000, 0.000000000000000000, -1.000000000000000000 ) ) ;
#1236 = CARTESIAN_POINT ( 'NONE',  ( -30.52412065912967876, 33.14526759496442310, 2.000000000000000000 ) ) ;
#1237 = VECTOR ( 'NONE', #1369, 1000.000000000000000 ) ;
#1238 = EDGE_CURVE ( 'NONE', #1767, #359, #88, .T. ) ;
#1239 = EDGE_CURVE ( 'NONE', #1525, #3368, #2132, .T. ) ;
#1240 = DIRECTION ( 'NONE',  ( 0.000000000000000000, 0.000000000000000000, -1.000000000000000000 ) ) ;
#1241 = EDGE_CURVE ( 'NONE', #821, #2740, #3530, .T. ) ;
#1242 = AXIS2_PLACEMENT_3D ( 'NONE', #1500, #67, #3804 ) ;
#1243 = CIRCLE ( 'NONE', #2398, 1.999999999999932498 ) ;
#1244 = DIRECTION ( 'NONE',  ( 0.000000000000000000, 0.000000000000000000, 1.000000000000000000 ) ) ;
#1245 = ORIENTED_EDGE ( 'NONE', *, *, #1632, .F. ) ;
#1246 = CARTESIAN_POINT ( 'NONE',  ( -57.54723398003460488, 13.65589906941674947, 2.000000000000000000 ) ) ;
#1247 = FACE_BOUND ( 'NONE', #3270, .T. ) ;
#1248 = ORIENTED_EDGE ( 'NONE', *, *, #1853, .F. ) ;
#1249 = FACE_OUTER_BOUND ( 'NONE', #1087, .T. ) ;
#1250 = ORIENTED_EDGE ( 'NONE', *, *, #1945, .F. ) ;
#1251 = AXIS2_PLACEMENT_3D ( 'NONE', #1017, #724, #705 ) ;
#1252 = CARTESIAN_POINT ( 'NONE',  ( -65.74499999999999034, 54.99999999999998579, 5.000000000000000000 ) ) ;
#1253 = CARTESIAN_POINT ( 'NONE',  ( -58.73499999999999943, -60.99000000000001620, 5.000000000000000000 ) ) ;
#1254 = ORIENTED_EDGE ( 'NONE', *, *, #166, .T. ) ;
#1255 = ORIENTED_EDGE ( 'NONE', *, *, #2314, .F. ) ;
#1256 = DIRECTION ( 'NONE',  ( -1.000000000000000000, -5.947623346206190399E-16, -0.000000000000000000 ) ) ;
#1257 = EDGE_CURVE ( 'NONE', #2873, #2078, #422, .T. ) ;
#1258 = LINE ( 'NONE', #1936, #3065 ) ;
#1259 = EDGE_LOOP ( 'NONE', ( #2070, #3150, #1677, #1930, #1067, #2853, #2856, #1523, #506, #2300 ) ) ;
#1260 = CARTESIAN_POINT ( 'NONE',  ( -51.74500000000000455, -22.26116535376300476, 0.000000000000000000 ) ) ;
#1261 = CIRCLE ( 'NONE', #1697, 1.599999999999997202 ) ;
#1262 = CARTESIAN_POINT ( 'NONE',  ( 0.000000000000000000, 9.598901098682526722, 2.000000000000000000 ) ) ;
#1263 = DIRECTION ( 'NONE',  ( 1.000000000000000000, 0.000000000000000000, 0.000000000000000000 ) ) ;
#1264 = DIRECTION ( 'NONE',  ( 0.000000000000000000, 0.000000000000000000, -1.000000000000000000 ) ) ;
#1265 = ADVANCED_FACE ( 'NONE', ( #3575 ), #463, .T. ) ;
#1266 = CARTESIAN_POINT ( 'NONE',  ( -65.74500000000000455, -75.26667162653230037, 5.000000000000000000 ) ) ;
#1267 = VERTEX_POINT ( 'NONE', #3145 ) ;
#1268 = CARTESIAN_POINT ( 'NONE',  ( 11.25499999999999723, -30.94761299932681808, 5.000000000000000000 ) ) ;
#1269 = CARTESIAN_POINT ( 'NONE',  ( -51.74500000000001876, 66.99999999999997158, 10.00000000000000000 ) ) ;
#1270 = ORIENTED_EDGE ( 'NONE', *, *, #3524, .T. ) ;
#1271 = DIRECTION ( 'NONE',  ( 0.000000000000000000, 0.000000000000000000, -1.000000000000000000 ) ) ;
#1272 = ORIENTED_EDGE ( 'NONE', *, *, #1214, .F. ) ;
#1273 = ADVANCED_FACE ( 'NONE', ( #2462 ), #483, .F. ) ;
#1274 = ADVANCED_FACE ( 'NONE', ( #2505 ), #3825, .F. ) ;
#1275 = PLANE ( 'NONE',  #383 ) ;
#1276 = AXIS2_PLACEMENT_3D ( 'NONE', #184, #2918, #556 ) ;
#1277 = DIRECTION ( 'NONE',  ( -1.000000000000000000, 0.000000000000000000, 0.000000000000000000 ) ) ;
#1278 = EDGE_CURVE ( 'NONE', #2443, #2579, #2006, .T. ) ;
#1279 = ORIENTED_EDGE ( 'NONE', *, *, #4156, .F. ) ;
#1280 = VERTEX_POINT ( 'NONE', #51 ) ;
#1281 = MANIFOLD_SOLID_BREP ( 'Cut-Extrude5', #2607 ) ;
#1282 = DIRECTION ( 'NONE',  ( 1.000000000000000000, 0.000000000000000000, 0.000000000000000000 ) ) ;
#1283 = DIRECTION ( 'NONE',  ( -0.000000000000000000, -1.000000000000000000, -0.000000000000000000 ) ) ;
#1284 = CIRCLE ( 'NONE', #1432, 1.599999999999997202 ) ;
#1285 = LINE ( 'NONE', #1555, #2583 ) ;
#1286 = DIRECTION ( 'NONE',  ( 1.000000000000000000, 0.000000000000000000, 0.000000000000000000 ) ) ;
#1287 = FACE_OUTER_BOUND ( 'NONE', #589, .T. ) ;
#1288 = ADVANCED_FACE ( 'NONE', ( #2846 ), #753, .F. ) ;
#1289 = DIRECTION ( 'NONE',  ( 1.000000000000000000, 0.000000000000000000, 0.000000000000000000 ) ) ;
#1290 = VERTEX_POINT ( 'NONE', #2169 ) ;
#1291 = CARTESIAN_POINT ( 'NONE',  ( 2.254999999999997229, 38.85999999999998522, 5.000000000000000000 ) ) ;
#1292 = AXIS2_PLACEMENT_3D ( 'NONE', #2343, #304, #4043 ) ;
#1293 = EDGE_LOOP ( 'NONE', ( #4307, #2306, #890, #1994, #534, #3063, #3110, #528, #858, #983, #2105, #2156, #3049, #2194, #3452, #1880, #17, #4035, #263, #1544, #4359, #2763, #1329, #1957, #1487, #2533, #3563, #4097, #2013, #2730, #3637, #134, #3939, #978, #2388, #1245, #3430, #505, #1334, #2735, #868, #1198, #3027, #313, #1545, #2882, #3766, #1695, #3879, #3587, #4137, #487, #923, #763, #2473, #2687, #3930, #2485, #4046, #987, #1486, #2383, #4001, #1322, #2567, #89, #778, #36, #551, #1876, #3333 ) ) ;
#1294 = CARTESIAN_POINT ( 'NONE',  ( 12.99499999999999567, 44.99999999999995737, 2.000000000000000000 ) ) ;
#1295 = LINE ( 'NONE', #4050, #4203 ) ;
#1296 = AXIS2_PLACEMENT_3D ( 'NONE', #1120, #2855, #1098 ) ;
#1297 = EDGE_LOOP ( 'NONE', ( #1397, #1162, #1004, #1013 ) ) ;
#1298 = LINE ( 'NONE', #3400, #3412 ) ;
#1299 = EDGE_LOOP ( 'NONE', ( #2596, #323, #3186, #568 ) ) ;
#1300 = CIRCLE ( 'NONE', #1733, 1.599999999999997202 ) ;
#1301 = CARTESIAN_POINT ( 'NONE',  ( -51.74334855732300298, -28.04714153191467929, 2.000000000000000000 ) ) ;
#1302 = ADVANCED_FACE ( 'NONE', ( #130 ), #1501, .F. ) ;
#1303 = CARTESIAN_POINT ( 'NONE',  ( -58.73499999999999943, -60.99000000000001620, 5.000000000000000000 ) ) ;
#1304 = ORIENTED_EDGE ( 'NONE', *, *, #583, .F. ) ;
#1305 = ORIENTED_EDGE ( 'NONE', *, *, #809, .F. ) ;
#1306 = DIRECTION ( 'NONE',  ( 0.000000000000000000, 0.000000000000000000, -1.000000000000000000 ) ) ;
#1307 = DIRECTION ( 'NONE',  ( -2.211964468540914624E-16, 1.000000000000000000, 0.000000000000000000 ) ) ;
#1308 = FACE_OUTER_BOUND ( 'NONE', #2045, .T. ) ;
#1309 =( NAMED_UNIT ( * ) SI_UNIT ( $, .STERADIAN. ) SOLID_ANGLE_UNIT ( ) );
#1310 = AXIS2_PLACEMENT_3D ( 'NONE', #3247, #2907, #243 ) ;
#1311 = DIRECTION ( 'NONE',  ( 1.000000000000000000, -0.000000000000000000, 0.000000000000000000 ) ) ;
#1312 = AXIS2_PLACEMENT_3D ( 'NONE', #2067, #3738, #2717 ) ;
#1313 = CARTESIAN_POINT ( 'NONE',  ( -60.00500000000020151, -79.50000000000009948, 10.00000000000000000 ) ) ;
#1314 = EDGE_CURVE ( 'NONE', #205, #2715, #2362, .T. ) ;
#1315 = ORIENTED_EDGE ( 'NONE', *, *, #3291, .F. ) ;
#1316 = DIRECTION ( 'NONE',  ( -1.000000000000000000, 0.000000000000000000, 0.000000000000000000 ) ) ;
#1317 = ORIENTED_EDGE ( 'NONE', *, *, #2359, .T. ) ;
#1318 = VECTOR ( 'NONE', #488, 1000.000000000000000 ) ;
#1319 = VECTOR ( 'NONE', #3690, 1000.000000000000000 ) ;
#1320 = CARTESIAN_POINT ( 'NONE',  ( -57.54723398003460488, 8.598901098682526722, 0.000000000000000000 ) ) ;
#1321 = DIRECTION ( 'NONE',  ( 0.000000000000000000, 0.000000000000000000, -1.000000000000000000 ) ) ;
#1322 = ORIENTED_EDGE ( 'NONE', *, *, #4141, .F. ) ;
#1323 = DIRECTION ( 'NONE',  ( -0.000000000000000000, -0.000000000000000000, -1.000000000000000000 ) ) ;
#1324 = ORIENTED_EDGE ( 'NONE', *, *, #338, .T. ) ;
#1325 = VECTOR ( 'NONE', #2164, 1000.000000000000000 ) ;
#1326 = DIRECTION ( 'NONE',  ( -0.000000000000000000, -0.000000000000000000, -1.000000000000000000 ) ) ;
#1327 = CARTESIAN_POINT ( 'NONE',  ( -60.00500000000000966, 72.49999999999995737, 5.000000000000000000 ) ) ;
#1328 = ORIENTED_EDGE ( 'NONE', *, *, #3974, .F. ) ;
#1329 = ORIENTED_EDGE ( 'NONE', *, *, #2839, .F. ) ;
#1330 = CIRCLE ( 'NONE', #3628, 3.000000000000002665 ) ;
#1331 = FACE_OUTER_BOUND ( 'NONE', #1982, .T. ) ;
#1332 = AXIS2_PLACEMENT_3D ( 'NONE', #1035, #3796, #2031 ) ;
#1333 = DIRECTION ( 'NONE',  ( 1.000000000000000000, 0.000000000000000000, 0.000000000000000000 ) ) ;
#1334 = ORIENTED_EDGE ( 'NONE', *, *, #2927, .F. ) ;
#1335 = FACE_OUTER_BOUND ( 'NONE', #2312, .T. ) ;
#1336 = APPLICATION_PROTOCOL_DEFINITION ( 'draft international standard', 'automotive_design', 1998, #3220 ) ;
#1337 = ORIENTED_EDGE ( 'NONE', *, *, #2647, .F. ) ;
#1338 = DIRECTION ( 'NONE',  ( -0.000000000000000000, -0.000000000000000000, -1.000000000000000000 ) ) ;
#1339 = CIRCLE ( 'NONE', #3861, 1.599999999999997202 ) ;
#1340 = CARTESIAN_POINT ( 'NONE',  ( -10.61499092853951431, -46.98838713590125593, 3.000000000000000000 ) ) ;
#1341 = ORIENTED_EDGE ( 'NONE', *, *, #3036, .F. ) ;
#1342 = CARTESIAN_POINT ( 'NONE',  ( -58.74500000000000455, 60.97999999999998266, 5.000000000000000000 ) ) ;
#1343 = ORIENTED_EDGE ( 'NONE', *, *, #1714, .T. ) ;
#1344 = CARTESIAN_POINT ( 'NONE',  ( 9.994999999999995666, 44.99999999999995737, 5.000000000000000000 ) ) ;
#1345 = CARTESIAN_POINT ( 'NONE',  ( -37.74521744568226467, 33.14526759496442310, 2.000000000000000000 ) ) ;
#1346 = ORIENTED_EDGE ( 'NONE', *, *, #4308, .F. ) ;
#1347 = FACE_OUTER_BOUND ( 'NONE', #776, .T. ) ;
#1348 = EDGE_CURVE ( 'NONE', #4462, #1121, #2929, .T. ) ;
#1349 = VERTEX_POINT ( 'NONE', #4281 ) ;
#1350 = CARTESIAN_POINT ( 'NONE',  ( -51.74500000000001165, -27.18764755072939465, 3.000000000000000000 ) ) ;
#1351 = DIRECTION ( 'NONE',  ( 0.000000000000000000, 0.000000000000000000, -1.000000000000000000 ) ) ;
#1352 = VERTEX_POINT ( 'NONE', #150 ) ;
#1353 = AXIS2_PLACEMENT_3D ( 'NONE', #3199, #807, #2183 ) ;
#1354 = FACE_OUTER_BOUND ( 'NONE', #4341, .T. ) ;
#1355 = DIRECTION ( 'NONE',  ( -0.000000000000000000, -0.000000000000000000, -1.000000000000000000 ) ) ;
#1356 = ORIENTED_EDGE ( 'NONE', *, *, #539, .F. ) ;
#1357 = DIRECTION ( 'NONE',  ( 0.000000000000000000, 0.000000000000000000, -1.000000000000000000 ) ) ;
#1358 = CARTESIAN_POINT ( 'NONE',  ( -58.74500000000000455, 60.97999999999998266, 0.000000000000000000 ) ) ;
#1359 = CARTESIAN_POINT ( 'NONE',  ( -31.52412065912967876, 32.14526759496442310, 3.000000000000000000 ) ) ;
#1360 = VERTEX_POINT ( 'NONE', #3957 ) ;
#1361 = CARTESIAN_POINT ( 'NONE',  ( -51.74500000000001876, 20.75404460684976726, 2.976346406513748821 ) ) ;
#1362 = VERTEX_POINT ( 'NONE', #3273 ) ;
#1363 = VECTOR ( 'NONE', #570, 1000.000000000000000 ) ;
#1364 = CARTESIAN_POINT ( 'NONE',  ( -51.74334855732300298, -28.04714153191467929, 2.000000000000000000 ) ) ;
#1365 = LINE ( 'NONE', #267, #2391 ) ;
#1366 = ORIENTED_EDGE ( 'NONE', *, *, #1278, .F. ) ;
#1367 = EDGE_CURVE ( 'NONE', #3795, #377, #2302, .T. ) ;
#1368 = VECTOR ( 'NONE', #947, 1000.000000000000000 ) ;
#1369 = DIRECTION ( 'NONE',  ( -0.000000000000000000, -0.000000000000000000, -1.000000000000000000 ) ) ;
#1370 = ORIENTED_EDGE ( 'NONE', *, *, #1045, .T. ) ;
#1371 = CARTESIAN_POINT ( 'NONE',  ( -60.98500000000000654, -60.99000000000001620, 5.000000000000000000 ) ) ;
#1372 = AXIS2_PLACEMENT_3D ( 'NONE', #3664, #859, #879 ) ;
#1373 = CARTESIAN_POINT ( 'NONE',  ( 8.394999999999997797, -45.00000000000000000, 2.000000000000000000 ) ) ;
#1374 = ORIENTED_EDGE ( 'NONE', *, *, #1764, .T. ) ;
#1375 = EDGE_CURVE ( 'NONE', #1730, #3423, #2432, .T. ) ;
#1376 = AXIS2_PLACEMENT_3D ( 'NONE', #2475, #2185, #3568 ) ;
#1377 = DIRECTION ( 'NONE',  ( -0.000000000000000000, 1.000000000000000000, -0.000000000000000000 ) ) ;
#1378 = VECTOR ( 'NONE', #2915, 1000.000000000000000 ) ;
#1379 = LINE ( 'NONE', #2340, #85 ) ;
#1380 = EDGE_LOOP ( 'NONE', ( #4061, #1816, #198, #3689 ) ) ;
#1381 = EDGE_CURVE ( 'NONE', #3231, #3842, #4004, .T. ) ;
#1382 = DIRECTION ( 'NONE',  ( 0.000000000000000000, -0.000000000000000000, -1.000000000000000000 ) ) ;
#1383 = CARTESIAN_POINT ( 'NONE',  ( -56.54723398003460488, 9.598901098682526722, 3.000000000000000000 ) ) ;
#1384 = VERTEX_POINT ( 'NONE', #504 ) ;
#1385 = EDGE_CURVE ( 'NONE', #2648, #2118, #3376, .T. ) ;
#1386 = CARTESIAN_POINT ( 'NONE',  ( -56.02850656985354760, 77.99999999999997158, 0.000000000000000000 ) ) ;
#1387 = CARTESIAN_POINT ( 'NONE',  ( -58.40500000000001535, 72.49999999999995737, 0.000000000000000000 ) ) ;
#1388 = ORIENTED_EDGE ( 'NONE', *, *, #320, .F. ) ;
#1389 = B_SPLINE_CURVE_WITH_KNOTS ( 'NONE', 3,
 ( #2450, #3833, #738, #4467, #2119, #3749, #4089, #3411, #328, #1693 ),
 .UNSPECIFIED., .F., .F.,
 ( 4, 2, 2, 2, 4 ),
 ( 0.000000000000000000, 0.0004025057433829212967, 0.0008050114867658425934, 0.001207517230148763944, 0.001610022973531685187 ),
 .UNSPECIFIED. ) ;
#1390 = CARTESIAN_POINT ( 'NONE',  ( -30.52412065912967876, 30.43880777118787506, 0.000000000000000000 ) ) ;
#1391 = EDGE_CURVE ( 'NONE', #3922, #4160, #3408, .T. ) ;
#1392 = VECTOR ( 'NONE', #1223, 1000.000000000000000 ) ;
#1393 = VECTOR ( 'NONE', #2146, 1000.000000000000000 ) ;
#1394 = VERTEX_POINT ( 'NONE', #1562 ) ;
#1395 = CARTESIAN_POINT ( 'NONE',  ( -51.74500000000001165, -27.86141027319222729, 2.603189386515338821 ) ) ;
#1396 = DIRECTION ( 'NONE',  ( -1.000000000000000000, 0.000000000000000000, 0.000000000000000000 ) ) ;
#1397 = ORIENTED_EDGE ( 'NONE', *, *, #1433, .F. ) ;
#1398 = VECTOR ( 'NONE', #2862, 1000.000000000000000 ) ;
#1399 = AXIS2_PLACEMENT_3D ( 'NONE', #1342, #308, #2734 ) ;
#1400 = DIRECTION ( 'NONE',  ( -0.000000000000000000, -0.000000000000000000, 1.000000000000000000 ) ) ;
#1401 = AXIS2_PLACEMENT_3D ( 'NONE', #39, #3474, #1694 ) ;
#1402 = FACE_OUTER_BOUND ( 'NONE', #1131, .T. ) ;
#1403 = ORIENTED_EDGE ( 'NONE', *, *, #1489, .T. ) ;
#1404 = DIRECTION ( 'NONE',  ( 0.000000000000000000, 0.000000000000000000, 1.000000000000000000 ) ) ;
#1405 = DIRECTION ( 'NONE',  ( 1.000000000000000000, 0.000000000000000000, 0.000000000000000000 ) ) ;
#1406 = AXIS2_PLACEMENT_3D ( 'NONE', #995, #1427, #3479 ) ;
#1407 = ORIENTED_EDGE ( 'NONE', *, *, #848, .F. ) ;
#1408 = EDGE_CURVE ( 'NONE', #4246, #2998, #315, .T. ) ;
#1409 = CARTESIAN_POINT ( 'NONE',  ( -10.61499092853951431, -46.98838713590125593, 3.000000000000000000 ) ) ;
#1410 = CARTESIAN_POINT ( 'NONE',  ( -55.53828962499045474, 22.86114967175884161, 0.000000000000000000 ) ) ;
#1411 = LINE ( 'NONE', #2414, #1683 ) ;
#1412 = VERTEX_POINT ( 'NONE', #3228 ) ;
#1413 = DIRECTION ( 'NONE',  ( -0.000000000000000000, -0.000000000000000000, -1.000000000000000000 ) ) ;
#1414 = EDGE_CURVE ( 'NONE', #3842, #972, #242, .T. ) ;
#1415 = ORIENTED_EDGE ( 'NONE', *, *, #3829, .T. ) ;
#1416 = DIRECTION ( 'NONE',  ( 0.000000000000000000, 0.000000000000000000, -1.000000000000000000 ) ) ;
#1417 = CARTESIAN_POINT ( 'NONE',  ( -65.74500000000000455, -66.99999999999997158, 5.000000000000000000 ) ) ;
#1418 = CYLINDRICAL_SURFACE ( 'NONE', #385, 2.999999999999933387 ) ;
#1419 = VERTEX_POINT ( 'NONE', #2644 ) ;
#1420 = ADVANCED_FACE ( 'NONE', ( #4381 ), #2600, .F. ) ;
#1421 = DIRECTION ( 'NONE',  ( -0.000000000000000000, -0.000000000000000000, -1.000000000000000000 ) ) ;
#1422 = ADVANCED_FACE ( 'NONE', ( #3981, #1176, #2982, #880, #2570, #838, #1903, #3641, #1247, #1924, #2551 ), #2210, .F. ) ;
#1423 = DIRECTION ( 'NONE',  ( -1.000000000000000000, 0.000000000000000000, 0.000000000000000000 ) ) ;
#1424 = EDGE_LOOP ( 'NONE', ( #1407, #2219, #3492, #289 ) ) ;
#1425 = DIRECTION ( 'NONE',  ( 0.000000000000000000, 0.000000000000000000, -1.000000000000000000 ) ) ;
#1426 = ORIENTED_EDGE ( 'NONE', *, *, #1656, .T. ) ;
#1427 = DIRECTION ( 'NONE',  ( 0.6910303163438613616, -0.7228257756151913460, 0.000000000000000000 ) ) ;
#1428 = CARTESIAN_POINT ( 'NONE',  ( 14.25499999999999723, 48.88661684659246021, 5.000000000000000000 ) ) ;
#1429 = ORIENTED_EDGE ( 'NONE', *, *, #3081, .T. ) ;
#1430 = EDGE_CURVE ( 'NONE', #2623, #1904, #1587, .T. ) ;
#1431 = DIRECTION ( 'NONE',  ( -1.000000000000000000, 0.000000000000000000, 0.000000000000000000 ) ) ;
#1432 = AXIS2_PLACEMENT_3D ( 'NONE', #2420, #3805, #675 ) ;
#1433 = EDGE_CURVE ( 'NONE', #2715, #799, #4355, .T. ) ;
#1434 = ORIENTED_EDGE ( 'NONE', *, *, #3174, .F. ) ;
#1435 = LINE ( 'NONE', #418, #3844 ) ;
#1436 = AXIS2_PLACEMENT_3D ( 'NONE', #4324, #1210, #3952 ) ;
#1437 = VERTEX_POINT ( 'NONE', #3665 ) ;
#1438 = CARTESIAN_POINT ( 'NONE',  ( -15.93726924517893728, 39.80894216826094123, 0.000000000000000000 ) ) ;
#1439 = ORIENTED_EDGE ( 'NONE', *, *, #4386, .T. ) ;
#1440 =( BOUNDED_CURVE ( )  B_SPLINE_CURVE ( 3, ( #4241, #1132, #1838, #53 ),
 .UNSPECIFIED., .F., .F. ) 
 B_SPLINE_CURVE_WITH_KNOTS ( ( 4, 4 ),
 ( 1.570796326794896558, 3.141592653589793116 ),
 .UNSPECIFIED. ) 
 CURVE ( )  GEOMETRIC_REPRESENTATION_ITEM ( )  RATIONAL_B_SPLINE_CURVE ( ( 1.000000000000000000, 0.8047378541243649375, 0.8047378541243649375, 1.000000000000000000 ) ) 
 REPRESENTATION_ITEM ( '' )  );
#1441 = DIRECTION ( 'NONE',  ( -1.000000000000000000, 0.000000000000000000, 0.000000000000000000 ) ) ;
#1442 = EDGE_CURVE ( 'NONE', #1927, #2208, #3323, .T. ) ;
#1443 = EDGE_CURVE ( 'NONE', #1775, #1642, #4404, .T. ) ;
#1444 = DIRECTION ( 'NONE',  ( 0.000000000000000000, 0.000000000000000000, 1.000000000000000000 ) ) ;
#1445 = ORIENTED_EDGE ( 'NONE', *, *, #717, .F. ) ;
#1446 = DIRECTION ( 'NONE',  ( -1.000000000000000000, 0.000000000000000000, 0.000000000000000000 ) ) ;
#1447 = VECTOR ( 'NONE', #832, 1000.000000000000000 ) ;
#1448 = CARTESIAN_POINT ( 'NONE',  ( -68.74499999999999034, 57.99999999999998579, 5.000000000000000000 ) ) ;
#1449 = ORIENTED_EDGE ( 'NONE', *, *, #2220, .F. ) ;
#1450 = AXIS2_PLACEMENT_3D ( 'NONE', #4245, #3858, #2197 ) ;
#1451 = CARTESIAN_POINT ( 'NONE',  ( -3.640949020223453569, 45.88661684659245310, 0.000000000000000000 ) ) ;
#1452 = DIRECTION ( 'NONE',  ( -1.000000000000000000, 0.000000000000000000, 0.000000000000000000 ) ) ;
#1453 = PLANE ( 'NONE',  #3258 ) ;
#1454 = CARTESIAN_POINT ( 'NONE',  ( 0.004999999999994592104, 38.85999999999998522, 5.000000000000000000 ) ) ;
#1455 = ORIENTED_EDGE ( 'NONE', *, *, #2231, .T. ) ;
#1456 = CARTESIAN_POINT ( 'NONE',  ( -65.74500000000000455, 77.99999999999997158, 10.00000000000000000 ) ) ;
#1457 = SURFACE_STYLE_USAGE ( .BOTH. , #1812 ) ;
#1458 = EDGE_CURVE ( 'NONE', #3410, #4182, #3614, .T. ) ;
#1459 = EDGE_LOOP ( 'NONE', ( #1856, #996, #771, #1248 ) ) ;
#1460 = AXIS2_PLACEMENT_3D ( 'NONE', #2884, #3248, #171 ) ;
#1461 = DIRECTION ( 'NONE',  ( -1.000000000000000000, 0.000000000000000000, 0.000000000000000000 ) ) ;
#1462 = ORIENTED_EDGE ( 'NONE', *, *, #239, .T. ) ;
#1463 = DIRECTION ( 'NONE',  ( 0.000000000000000000, 0.000000000000000000, -1.000000000000000000 ) ) ;
#1464 = AXIS2_PLACEMENT_3D ( 'NONE', #1861, #175, #199 ) ;
#1465 = DIRECTION ( 'NONE',  ( 2.211964468540914624E-16, -1.000000000000000000, 0.000000000000000000 ) ) ;
#1466 = VECTOR ( 'NONE', #1286, 1000.000000000000000 ) ;
#1467 = ORIENTED_EDGE ( 'NONE', *, *, #3993, .F. ) ;
#1468 = CYLINDRICAL_SURFACE ( 'NONE', #1296, 1.000000000000000000 ) ;
#1469 = VERTEX_POINT ( 'NONE', #645 ) ;
#1470 = CIRCLE ( 'NONE', #1821, 3.000000000000002665 ) ;
#1471 = LINE ( 'NONE', #2836, #4079 ) ;
#1472 = LINE ( 'NONE', #3933, #1447 ) ;
#1473 = VECTOR ( 'NONE', #329, 1000.000000000000000 ) ;
#1474 = LINE ( 'NONE', #165, #2249 ) ;
#1475 = EDGE_CURVE ( 'NONE', #4293, #2913, #4076, .T. ) ;
#1476 = AXIS2_PLACEMENT_3D ( 'NONE', #2464, #2868, #4174 ) ;
#1477 = CARTESIAN_POINT ( 'NONE',  ( -51.74500000000000455, 77.99999999999997158, 10.00000000000000000 ) ) ;
#1478 = VECTOR ( 'NONE', #4376, 1000.000000000000000 ) ;
#1479 = EDGE_LOOP ( 'NONE', ( #3601, #2489 ) ) ;
#1480 = DIRECTION ( 'NONE',  ( 0.000000000000000000, 0.000000000000000000, 1.000000000000000000 ) ) ;
#1481 =( NAMED_UNIT ( * ) SI_UNIT ( $, .STERADIAN. ) SOLID_ANGLE_UNIT ( ) );
#1482 = EDGE_CURVE ( 'NONE', #3684, #1290, #1295, .T. ) ;
#1483 = ORIENTED_EDGE ( 'NONE', *, *, #1644, .F. ) ;
#1484 = AXIS2_PLACEMENT_3D ( 'NONE', #301, #719, #4159 ) ;
#1485 = DIRECTION ( 'NONE',  ( -0.000000000000000000, -0.000000000000000000, -1.000000000000000000 ) ) ;
#1486 = ORIENTED_EDGE ( 'NONE', *, *, #1178, .T. ) ;
#1487 = ORIENTED_EDGE ( 'NONE', *, *, #1506, .T. ) ;
#1488 = CARTESIAN_POINT ( 'NONE',  ( -57.54723398003460488, 13.65589906941674947, 0.000000000000000000 ) ) ;
#1489 = EDGE_CURVE ( 'NONE', #3153, #2740, #2760, .T. ) ;
#1490 = CARTESIAN_POINT ( 'NONE',  ( -48.74500000000000455, -51.94761299932682164, 0.000000000000000000 ) ) ;
#1491 = ORIENTED_EDGE ( 'NONE', *, *, #2207, .T. ) ;
#1492 = CARTESIAN_POINT ( 'NONE',  ( -16.39105546427840565, 39.80894216826094123, 0.000000000000000000 ) ) ;
#1493 = ORIENTED_EDGE ( 'NONE', *, *, #3173, .T. ) ;
#1494 = DIRECTION ( 'NONE',  ( 0.000000000000000000, 0.000000000000000000, -1.000000000000000000 ) ) ;
#1495 = DIRECTION ( 'NONE',  ( -0.000000000000000000, -0.000000000000000000, 1.000000000000000000 ) ) ;
#1496 = DIRECTION ( 'NONE',  ( 0.000000000000000000, 0.000000000000000000, -1.000000000000000000 ) ) ;
#1497 = AXIS2_PLACEMENT_3D ( 'NONE', #443, #2195, #825 ) ;
#1498 = DIRECTION ( 'NONE',  ( 1.000000000000000000, 0.000000000000000000, 0.000000000000000000 ) ) ;
#1499 = ORIENTED_EDGE ( 'NONE', *, *, #2661, .T. ) ;
#1500 = CARTESIAN_POINT ( 'NONE',  ( -0.005000000000005000445, -38.86000000000001364, 5.000000000000000000 ) ) ;
#1501 = CYLINDRICAL_SURFACE ( 'NONE', #3809, 2.250000000000001776 ) ;
#1502 = EDGE_CURVE ( 'NONE', #2237, #3785, #95, .T. ) ;
#1503 = CARTESIAN_POINT ( 'NONE',  ( -16.39105546427840565, 37.76407684932541997, 0.000000000000000000 ) ) ;
#1504 = ORIENTED_EDGE ( 'NONE', *, *, #1442, .T. ) ;
#1505 = DIRECTION ( 'NONE',  ( 1.000000000000000000, -0.000000000000000000, -0.000000000000000000 ) ) ;
#1506 = EDGE_CURVE ( 'NONE', #4257, #3278, #4278, .T. ) ;
#1507 = DIRECTION ( 'NONE',  ( -1.000000000000000000, 0.000000000000000000, 0.000000000000000000 ) ) ;
#1508 = ORIENTED_EDGE ( 'NONE', *, *, #2437, .T. ) ;
#1509 = AXIS2_PLACEMENT_3D ( 'NONE', #3998, #3973, #900 ) ;
#1510 = ORIENTED_EDGE ( 'NONE', *, *, #1644, .T. ) ;
#1511 = CARTESIAN_POINT ( 'NONE',  ( 3.254999999999997673, -45.34761299932682022, -5.000000000000000000 ) ) ;
#1512 = DIRECTION ( 'NONE',  ( -1.000000000000000000, 0.000000000000000000, 0.000000000000000000 ) ) ;
#1513 = CARTESIAN_POINT ( 'NONE',  ( -97.74500000000001876, 45.00000000000000711, 5.000000000000000000 ) ) ;
#1514 = LINE ( 'NONE', #746, #4283 ) ;
#1515 = VECTOR ( 'NONE', #3180, 1000.000000000000000 ) ;
#1516 = EDGE_CURVE ( 'NONE', #195, #1655, #3770, .T. ) ;
#1517 = CARTESIAN_POINT ( 'NONE',  ( -17.39105546427840565, 39.80894216826094123, 2.000000000000000000 ) ) ;
#1518 = VERTEX_POINT ( 'NONE', #2373 ) ;
#1519 = EDGE_CURVE ( 'NONE', #932, #3355, #806, .T. ) ;
#1520 = CARTESIAN_POINT ( 'NONE',  ( 11.25499999999999723, -33.94761299932681453, 5.000000000000000000 ) ) ;
#1521 = CARTESIAN_POINT ( 'NONE',  ( -48.74500000000001876, 45.26507572786680811, 5.000000000000000000 ) ) ;
#1522 = TOROIDAL_SURFACE ( 'NONE', #1372, 1.999999999999935829, 1.000000000000000000 ) ;
#1523 = ORIENTED_EDGE ( 'NONE', *, *, #2535, .T. ) ;
#1524 = DIRECTION ( 'NONE',  ( -0.000000000000000000, -0.000000000000000000, -1.000000000000000000 ) ) ;
#1525 = VERTEX_POINT ( 'NONE', #3781 ) ;
#1526 = CARTESIAN_POINT ( 'NONE',  ( 11.25499999999999723, 34.79203768307637290, 0.000000000000000000 ) ) ;
#1527 = CYLINDRICAL_SURFACE ( 'NONE', #2743, 3.000000000000001776 ) ;
#1528 = EDGE_LOOP ( 'NONE', ( #4384, #535 ) ) ;
#1529 = EDGE_LOOP ( 'NONE', ( #1084, #581, #3378, #183 ) ) ;
#1530 = AXIS2_PLACEMENT_3D ( 'NONE', #4332, #2193, #1905 ) ;
#1531 = CARTESIAN_POINT ( 'NONE',  ( -2.245000000000007656, 38.85999999999998522, 5.000000000000000000 ) ) ;
#1532 = DIRECTION ( 'NONE',  ( 0.000000000000000000, 0.000000000000000000, -1.000000000000000000 ) ) ;
#1533 = LINE ( 'NONE', #3222, #2224 ) ;
#1534 = AXIS2_PLACEMENT_3D ( 'NONE', #1088, #711, #2461 ) ;
#1535 = CIRCLE ( 'NONE', #2690, 2.999999999999933387 ) ;
#1536 = DIRECTION ( 'NONE',  ( -6.033820786006289662E-16, 1.000000000000000000, 0.000000000000000000 ) ) ;
#1537 = ORIENTED_EDGE ( 'NONE', *, *, #1764, .F. ) ;
#1538 = CARTESIAN_POINT ( 'NONE',  ( -57.13302041766150552, 13.24168550704365188, 3.000000000000000000 ) ) ;
#1539 = AXIS2_PLACEMENT_3D ( 'NONE', #1900, #3735, #3977 ) ;
#1540 = DIRECTION ( 'NONE',  ( 1.000000000000000000, 0.000000000000000000, 0.000000000000000000 ) ) ;
#1541 = ORIENTED_EDGE ( 'NONE', *, *, #1430, .T. ) ;
#1542 = EDGE_LOOP ( 'NONE', ( #3162, #1911, #159, #3663 ) ) ;
#1543 = CYLINDRICAL_SURFACE ( 'NONE', #2319, 3.000000000000002665 ) ;
#1544 = ORIENTED_EDGE ( 'NONE', *, *, #958, .F. ) ;
#1545 = ORIENTED_EDGE ( 'NONE', *, *, #3808, .F. ) ;
#1546 = DIRECTION ( 'NONE',  ( -0.000000000000000000, -0.000000000000000000, 1.000000000000000000 ) ) ;
#1547 = CIRCLE ( 'NONE', #3206, 4.250000000000010658 ) ;
#1548 = CYLINDRICAL_SURFACE ( 'NONE', #2692, 1.000000000000000000 ) ;
#1549 = AXIS2_PLACEMENT_3D ( 'NONE', #420, #1752, #441 ) ;
#1550 = VERTEX_POINT ( 'NONE', #1046 ) ;
#1551 = EDGE_LOOP ( 'NONE', ( #3919, #4128, #1270 ) ) ;
#1552 = CARTESIAN_POINT ( 'NONE',  ( -37.74521744568226467, 33.14526759496442310, 2.585786437626905077 ) ) ;
#1553 = EDGE_CURVE ( 'NONE', #1150, #57, #1365, .T. ) ;
#1554 = DIRECTION ( 'NONE',  ( 0.000000000000000000, 0.000000000000000000, -1.000000000000000000 ) ) ;
#1555 = CARTESIAN_POINT ( 'NONE',  ( -65.74499999999999034, -55.00000000000002842, 0.000000000000000000 ) ) ;
#1556 = FACE_OUTER_BOUND ( 'NONE', #2776, .T. ) ;
#1557 = LINE ( 'NONE', #2206, #3954 ) ;
#1558 = CARTESIAN_POINT ( 'NONE',  ( -22.14407308639565386, 39.80894216826094123, 0.000000000000000000 ) ) ;
#1559 = CARTESIAN_POINT ( 'NONE',  ( -51.74500000000001876, 25.33652987667863243, 2.811374832303749294 ) ) ;
#1560 = VERTEX_POINT ( 'NONE', #1704 ) ;
#1561 = DIRECTION ( 'NONE',  ( -2.211964468540914624E-16, 1.000000000000000000, 0.000000000000000000 ) ) ;
#1562 = CARTESIAN_POINT ( 'NONE',  ( -65.74499999999999034, -58.00000000000002842, 0.000000000000000000 ) ) ;
#1563 = ORIENTED_EDGE ( 'NONE', *, *, #2910, .T. ) ;
#1564 = EDGE_CURVE ( 'NONE', #1660, #205, #3760, .T. ) ;
#1565 = CARTESIAN_POINT ( 'NONE',  ( -37.74521744568226467, 33.14526759496442310, 0.000000000000000000 ) ) ;
#1566 = ORIENTED_EDGE ( 'NONE', *, *, #4402, .F. ) ;
#1567 = DIRECTION ( 'NONE',  ( 1.000000000000000000, 0.000000000000000000, 0.000000000000000000 ) ) ;
#1568 = ADVANCED_FACE ( 'NONE', ( #2043 ), #980, .F. ) ;
#1569 = DIRECTION ( 'NONE',  ( 1.000000000000000000, 0.000000000000000000, -0.000000000000000000 ) ) ;
#1570 = EDGE_LOOP ( 'NONE', ( #798, #3399, #2718, #316 ) ) ;
#1571 = AXIS2_PLACEMENT_3D ( 'NONE', #2441, #1110, #2803 ) ;
#1572 = VERTEX_POINT ( 'NONE', #3004 ) ;
#1573 = EDGE_CURVE ( 'NONE', #1267, #2069, #2737, .T. ) ;
#1574 = DIRECTION ( 'NONE',  ( -1.000000000000000000, 0.000000000000000000, 0.000000000000000000 ) ) ;
#1575 = EDGE_CURVE ( 'NONE', #591, #3821, #337, .T. ) ;
#1576 = AXIS2_PLACEMENT_3D ( 'NONE', #637, #1849, #122 ) ;
#1577 = CYLINDRICAL_SURFACE ( 'NONE', #4455, 1.599999999999997202 ) ;
#1578 = DIRECTION ( 'NONE',  ( -1.000000000000000000, 0.000000000000000000, 0.000000000000000000 ) ) ;
#1579 = DIRECTION ( 'NONE',  ( -1.000000000000000000, 0.000000000000000000, 0.000000000000000000 ) ) ;
#1580 = CARTESIAN_POINT ( 'NONE',  ( -30.52412065912967876, 33.14526759496442310, 2.000000000000000000 ) ) ;
#1581 = AXIS2_PLACEMENT_3D ( 'NONE', #2348, #2042, #928 ) ;
#1582 = CARTESIAN_POINT ( 'NONE',  ( 11.59499999999999176, 44.99999999999995737, 2.000000000000000000 ) ) ;
#1583 = PLANE ( 'NONE',  #1831 ) ;
#1584 = AXIS2_PLACEMENT_3D ( 'NONE', #3906, #1190, #853 ) ;
#1585 = ORIENTED_EDGE ( 'NONE', *, *, #25, .F. ) ;
#1586 = PLANE ( 'NONE',  #1310 ) ;
#1587 = LINE ( 'NONE', #1269, #593 ) ;
#1588 = VECTOR ( 'NONE', #1277, 1000.000000000000000 ) ;
#1589 = ORIENTED_EDGE ( 'NONE', *, *, #3925, .T. ) ;
#1590 = DIRECTION ( 'NONE',  ( 1.000000000000000000, 0.000000000000000000, 0.000000000000000000 ) ) ;
#1591 = VERTEX_POINT ( 'NONE', #3078 ) ;
#1592 = EDGE_CURVE ( 'NONE', #1225, #3231, #1886, .T. ) ;
#1593 = DIRECTION ( 'NONE',  ( -1.000000000000000000, 0.000000000000000000, 0.000000000000000000 ) ) ;
#1594 = DIRECTION ( 'NONE',  ( 0.000000000000000000, -0.000000000000000000, 1.000000000000000000 ) ) ;
#1595 = VERTEX_POINT ( 'NONE', #1996 ) ;
#1596 = ORIENTED_EDGE ( 'NONE', *, *, #3705, .F. ) ;
#1597 = FACE_OUTER_BOUND ( 'NONE', #1424, .T. ) ;
#1598 = DIRECTION ( 'NONE',  ( -1.000000000000000000, 0.000000000000000000, 0.000000000000000000 ) ) ;
#1599 = ORIENTED_EDGE ( 'NONE', *, *, #3967, .T. ) ;
#1600 = AXIS2_PLACEMENT_3D ( 'NONE', #576, #3302, #1593 ) ;
#1601 = DIRECTION ( 'NONE',  ( -0.000000000000000000, -0.000000000000000000, 1.000000000000000000 ) ) ;
#1602 = VECTOR ( 'NONE', #397, 1000.000000000000000 ) ;
#1603 = DIRECTION ( 'NONE',  ( 0.000000000000000000, 0.000000000000000000, -1.000000000000000000 ) ) ;
#1604 = CARTESIAN_POINT ( 'NONE',  ( -31.52412065912967876, 32.14526759496442310, 3.000000000000000000 ) ) ;
#1605 = DIRECTION ( 'NONE',  ( 0.000000000000000000, 0.000000000000000000, -1.000000000000000000 ) ) ;
#1606 = EDGE_CURVE ( 'NONE', #2078, #2740, #3371, .T. ) ;
#1607 = FACE_OUTER_BOUND ( 'NONE', #3674, .T. ) ;
#1608 = ORIENTED_EDGE ( 'NONE', *, *, #2837, .F. ) ;
#1609 = CARTESIAN_POINT ( 'NONE',  ( -56.54723398003460488, 12.65589906941674769, 3.000000000000000000 ) ) ;
#1610 = DIRECTION ( 'NONE',  ( 1.000000000000000000, 0.000000000000000000, 0.000000000000000000 ) ) ;
#1611 = EDGE_CURVE ( 'NONE', #2998, #2759, #4426, .T. ) ;
#1612 = ORIENTED_EDGE ( 'NONE', *, *, #239, .F. ) ;
#1613 = CARTESIAN_POINT ( 'NONE',  ( -58.73499999999999943, -60.99000000000001620, 0.000000000000000000 ) ) ;
#1614 = VERTEX_POINT ( 'NONE', #4126 ) ;
#1615 = VECTOR ( 'NONE', #2295, 1000.000000000000000 ) ;
#1616 = LINE ( 'NONE', #2914, #1745 ) ;
#1617 = AXIS2_PLACEMENT_3D ( 'NONE', #2639, #2298, #1993 ) ;
#1618 = DIRECTION ( 'NONE',  ( -0.000000000000000000, -0.000000000000000000, -1.000000000000000000 ) ) ;
#1619 = EDGE_LOOP ( 'NONE', ( #4366, #2386 ) ) ;
#1620 = ORIENTED_EDGE ( 'NONE', *, *, #1414, .T. ) ;
#1621 = EDGE_CURVE ( 'NONE', #2623, #205, #3867, .T. ) ;
#1622 = DIRECTION ( 'NONE',  ( -0.000000000000000000, -0.000000000000000000, 1.000000000000000000 ) ) ;
#1623 = CARTESIAN_POINT ( 'NONE',  ( 2.254999999999997229, 38.85999999999998522, 0.000000000000000000 ) ) ;
#1624 = DIRECTION ( 'NONE',  ( 0.000000000000000000, 0.000000000000000000, 1.000000000000000000 ) ) ;
#1625 = CARTESIAN_POINT ( 'NONE',  ( -65.74499999999999034, 54.99999999999998579, 0.000000000000000000 ) ) ;
#1626 = CARTESIAN_POINT ( 'NONE',  ( -56.49500000000001876, 60.97999999999998266, 5.000000000000000000 ) ) ;
#1627 = CARTESIAN_POINT ( 'NONE',  ( -100.7450000000000188, -55.00000000000003553, 5.000000000000000000 ) ) ;
#1628 = ORIENTED_EDGE ( 'NONE', *, *, #283, .F. ) ;
#1629 = CARTESIAN_POINT ( 'NONE',  ( -37.74521744568226467, 33.14526759496442310, 3.000000000000000000 ) ) ;
#1630 = VERTEX_POINT ( 'NONE', #708 ) ;
#1631 = DIRECTION ( 'NONE',  ( 0.000000000000000000, 0.000000000000000000, -1.000000000000000000 ) ) ;
#1632 = EDGE_CURVE ( 'NONE', #3734, #1150, #4211, .T. ) ;
#1633 = CARTESIAN_POINT ( 'NONE',  ( 11.25499999999999368, -48.94761299932681453, 5.000000000000000000 ) ) ;
#1634 = VERTEX_POINT ( 'NONE', #2106 ) ;
#1635 = CARTESIAN_POINT ( 'NONE',  ( -68.74499999999999034, -45.00000000000001421, 0.000000000000000000 ) ) ;
#1636 = ORIENTED_EDGE ( 'NONE', *, *, #376, .F. ) ;
#1637 = CARTESIAN_POINT ( 'NONE',  ( -2.255000000000007443, -38.86000000000001364, 5.000000000000000000 ) ) ;
#1638 = EDGE_CURVE ( 'NONE', #3550, #1550, #1742, .T. ) ;
#1639 = AXIS2_PLACEMENT_3D ( 'NONE', #1032, #1421, #4109 ) ;
#1640 = FACE_OUTER_BOUND ( 'NONE', #3406, .T. ) ;
#1641 = ORIENTED_EDGE ( 'NONE', *, *, #2157, .T. ) ;
#1642 = VERTEX_POINT ( 'NONE', #3526 ) ;
#1643 = FACE_BOUND ( 'NONE', #555, .T. ) ;
#1644 = EDGE_CURVE ( 'NONE', #4382, #3210, #3041, .T. ) ;
#1645 = CARTESIAN_POINT ( 'NONE',  ( 11.25499999999999723, 48.88661684659246021, 5.000000000000000000 ) ) ;
#1646 = VECTOR ( 'NONE', #775, 1000.000000000000000 ) ;
#1647 = CARTESIAN_POINT ( 'NONE',  ( -51.74334855732300298, -28.04714153191467929, 2.148905745410884194 ) ) ;
#1648 = DIRECTION ( 'NONE',  ( -1.000000000000000000, 0.000000000000000000, 0.000000000000000000 ) ) ;
#1649 = DIRECTION ( 'NONE',  ( 0.000000000000000000, 0.000000000000000000, 1.000000000000000000 ) ) ;
#1650 = CARTESIAN_POINT ( 'NONE',  ( -100.7450000000000188, -48.00000000000003553, 5.000000000000000000 ) ) ;
#1651 = ORIENTED_EDGE ( 'NONE', *, *, #1696, .F. ) ;
#1652 = PRODUCT ( 'main board holder', 'main board holder', '', ( #4441 ) ) ;
#1653 = EDGE_CURVE ( 'NONE', #1121, #2955, #851, .T. ) ;
#1654 = CARTESIAN_POINT ( 'NONE',  ( -51.74500000000001165, 25.22021138580929289, 2.881996638709734437 ) ) ;
#1655 = VERTEX_POINT ( 'NONE', #2841 ) ;
#1656 = EDGE_CURVE ( 'NONE', #4412, #1614, #3507, .T. ) ;
#1657 = DIRECTION ( 'NONE',  ( -0.000000000000000000, 1.000000000000000000, -0.000000000000000000 ) ) ;
#1658 = CARTESIAN_POINT ( 'NONE',  ( -65.74499999999999034, -55.00000000000002842, 5.000000000000000000 ) ) ;
#1659 = VECTOR ( 'NONE', #4025, 1000.000000000000000 ) ;
#1660 = VERTEX_POINT ( 'NONE', #770 ) ;
#1661 = DIRECTION ( 'NONE',  ( 0.000000000000000000, 0.000000000000000000, -1.000000000000000000 ) ) ;
#1662 = ORIENTED_EDGE ( 'NONE', *, *, #2220, .T. ) ;
#1663 = AXIS2_PLACEMENT_3D ( 'NONE', #4087, #992, #1756 ) ;
#1664 = DIRECTION ( 'NONE',  ( -1.000000000000000000, 0.000000000000000000, 0.000000000000000000 ) ) ;
#1665 = DIRECTION ( 'NONE',  ( -1.000000000000000000, 0.000000000000000000, 0.000000000000000000 ) ) ;
#1666 = VERTEX_POINT ( 'NONE', #64 ) ;
#1667 = EDGE_LOOP ( 'NONE', ( #2212, #1063, #1179, #698 ) ) ;
#1668 = CARTESIAN_POINT ( 'NONE',  ( -51.74500000000000455, -51.94761299932682874, 5.000000000000000000 ) ) ;
#1669 = CARTESIAN_POINT ( 'NONE',  ( -52.53828962499068922, -25.15438010052512041, 3.000000000000000000 ) ) ;
#1670 = FACE_OUTER_BOUND ( 'NONE', #339, .T. ) ;
#1671 = CARTESIAN_POINT ( 'NONE',  ( 0.000000000000000000, 0.000000000000000000, 0.000000000000000000 ) ) ;
#1672 = CARTESIAN_POINT ( 'NONE',  ( 0.000000000000000000, 9.598901098682526722, 3.000000000000000000 ) ) ;
#1673 = VECTOR ( 'NONE', #4099, 1000.000000000000000 ) ;
#1674 = CARTESIAN_POINT ( 'NONE',  ( -51.74500000000000455, -48.94761299932681453, 0.000000000000000000 ) ) ;
#1675 = ORIENTED_EDGE ( 'NONE', *, *, #3243, .F. ) ;
#1676 = FACE_OUTER_BOUND ( 'NONE', #509, .T. ) ;
#1677 = ORIENTED_EDGE ( 'NONE', *, *, #1632, .T. ) ;
#1678 = CIRCLE ( 'NONE', #98, 2.250000000000001776 ) ;
#1679 = DIRECTION ( 'NONE',  ( -1.000000000000000000, 0.000000000000000000, 0.000000000000000000 ) ) ;
#1680 = EDGE_LOOP ( 'NONE', ( #2710, #2260 ) ) ;
#1681 = CARTESIAN_POINT ( 'NONE',  ( -10.61499092853945925, -39.38838713590120477, 3.000000000000000000 ) ) ;
#1682 = EDGE_LOOP ( 'NONE', ( #969, #4419, #4024, #571 ) ) ;
#1683 = VECTOR ( 'NONE', #689, 1000.000000000000000 ) ;
#1684 = CARTESIAN_POINT ( 'NONE',  ( 0.000000000000000000, 40.80894216826094123, 3.000000000000000000 ) ) ;
#1685 = DIRECTION ( 'NONE',  ( -1.000000000000000000, 0.000000000000000000, 0.000000000000000000 ) ) ;
#1686 = VERTEX_POINT ( 'NONE', #3482 ) ;
#1687 = EDGE_LOOP ( 'NONE', ( #1374, #3961, #4223, #4279, #387, #4052, #4123 ) ) ;
#1688 = VECTOR ( 'NONE', #3514, 1000.000000000000000 ) ;
#1689 = FACE_BOUND ( 'NONE', #1052, .T. ) ;
#1690 = CIRCLE ( 'NONE', #180, 0.9999999999998222533 ) ;
#1691 = DIRECTION ( 'NONE',  ( -0.000000000000000000, -0.000000000000000000, -1.000000000000000000 ) ) ;
#1692 = EDGE_LOOP ( 'NONE', ( #410, #1019, #4054, #891, #2082, #622, #878, #2480, #3282, #2953, #139, #3193, #4475, #1967 ) ) ;
#1693 = CARTESIAN_POINT ( 'NONE',  ( -51.74500000000000455, -22.26116535376300476, 2.000000000000000000 ) ) ;
#1694 = DIRECTION ( 'NONE',  ( 0.000000000000000000, 0.000000000000000000, -1.000000000000000000 ) ) ;
#1695 = ORIENTED_EDGE ( 'NONE', *, *, #257, .T. ) ;
#1696 = EDGE_CURVE ( 'NONE', #4085, #4405, #1091, .T. ) ;
#1697 = AXIS2_PLACEMENT_3D ( 'NONE', #3589, #142, #2877 ) ;
#1698 = DIRECTION ( 'NONE',  ( 0.000000000000000000, 0.000000000000000000, -1.000000000000000000 ) ) ;
#1699 = VERTEX_POINT ( 'NONE', #84 ) ;
#1700 = AXIS2_PLACEMENT_3D ( 'NONE', #1303, #321, #1685 ) ;
#1701 = LINE ( 'NONE', #1387, #4361 ) ;
#1702 = VERTEX_POINT ( 'NONE', #2477 ) ;
#1703 = DIRECTION ( 'NONE',  ( 0.000000000000000000, 1.000000000000000000, 0.000000000000000000 ) ) ;
#1704 = CARTESIAN_POINT ( 'NONE',  ( -56.02850656985351918, -77.99999999999997158, 10.00000000000000000 ) ) ;
#1705 = EDGE_CURVE ( 'NONE', #1748, #943, #4168, .T. ) ;
#1706 = ORIENTED_EDGE ( 'NONE', *, *, #3871, .T. ) ;
#1707 = CARTESIAN_POINT ( 'NONE',  ( -22.14407308639565386, 42.26507572786680811, 5.000000000000000000 ) ) ;
#1708 = ORIENTED_EDGE ( 'NONE', *, *, #717, .T. ) ;
#1709 = DIRECTION ( 'NONE',  ( -1.000000000000000000, 0.000000000000000000, 0.000000000000000000 ) ) ;
#1710 = EDGE_CURVE ( 'NONE', #2509, #3519, #3117, .T. ) ;
#1711 = LINE ( 'NONE', #3806, #3274 ) ;
#1712 = ORIENTED_EDGE ( 'NONE', *, *, #4045, .T. ) ;
#1713 = AXIS2_PLACEMENT_3D ( 'NONE', #605, #4036, #939 ) ;
#1714 = EDGE_CURVE ( 'NONE', #915, #821, #4234, .T. ) ;
#1715 = PLANE ( 'NONE',  #3802 ) ;
#1716 = CARTESIAN_POINT ( 'NONE',  ( -56.48499999999999943, -60.99000000000001620, 5.000000000000000000 ) ) ;
#1717 = EDGE_LOOP ( 'NONE', ( #4175, #3226, #240, #3815 ) ) ;
#1718 = PLANE ( 'NONE',  #370 ) ;
#1719 = SHAPE_DEFINITION_REPRESENTATION ( #12, #2777 ) ;
#1720 = EDGE_CURVE ( 'NONE', #2172, #3772, #434, .T. ) ;
#1721 = VERTEX_POINT ( 'NONE', #3843 ) ;
#1722 = PLANE ( 'NONE',  #3190 ) ;
#1723 = EDGE_LOOP ( 'NONE', ( #1846, #3945, #690, #3506 ) ) ;
#1724 = DIRECTION ( 'NONE',  ( -1.000000000000000000, 0.000000000000000000, 0.000000000000000000 ) ) ;
#1725 = ORIENTED_EDGE ( 'NONE', *, *, #3310, .T. ) ;
#1726 = AXIS2_PLACEMENT_3D ( 'NONE', #4256, #3160, #2165 ) ;
#1727 = ORIENTED_EDGE ( 'NONE', *, *, #644, .T. ) ;
#1728 = CARTESIAN_POINT ( 'NONE',  ( -48.74500000000001876, 28.79203768307636935, 0.000000000000000000 ) ) ;
#1729 = DIRECTION ( 'NONE',  ( -1.000000000000000000, 0.000000000000000000, 0.000000000000000000 ) ) ;
#1730 = VERTEX_POINT ( 'NONE', #749 ) ;
#1731 = EDGE_CURVE ( 'NONE', #2651, #1173, #2781, .T. ) ;
#1732 = DIRECTION ( 'NONE',  ( 0.000000000000000000, 0.000000000000000000, -1.000000000000000000 ) ) ;
#1733 = AXIS2_PLACEMENT_3D ( 'NONE', #447, #1444, #2810 ) ;
#1734 = DIRECTION ( 'NONE',  ( -0.000000000000000000, -0.000000000000000000, 1.000000000000000000 ) ) ;
#1735 = VERTEX_POINT ( 'NONE', #2498 ) ;
#1736 = DIRECTION ( 'NONE',  ( 0.000000000000000000, 0.000000000000000000, -1.000000000000000000 ) ) ;
#1737 = CARTESIAN_POINT ( 'NONE',  ( -98.99500000000001876, 50.00000000000000711, -5.000000000000000000 ) ) ;
#1738 = ADVANCED_FACE ( 'NONE', ( #2860 ), #2127, .F. ) ;
#1739 = DIRECTION ( 'NONE',  ( -1.000000000000000000, -2.388407501162106152E-16, 0.000000000000000000 ) ) ;
#1740 = DIRECTION ( 'NONE',  ( 0.000000000000000000, 0.000000000000000000, 1.000000000000000000 ) ) ;
#1741 = EDGE_LOOP ( 'NONE', ( #425, #3001, #747, #4316 ) ) ;
#1742 = LINE ( 'NONE', #2799, #2458 ) ;
#1743 = EDGE_CURVE ( 'NONE', #1572, #3692, #2934, .T. ) ;
#1744 = EDGE_CURVE ( 'NONE', #3, #117, #716, .T. ) ;
#1745 = VECTOR ( 'NONE', #3353, 1000.000000000000000 ) ;
#1746 = AXIS2_PLACEMENT_3D ( 'NONE', #1199, #2214, #3600 ) ;
#1747 = VECTOR ( 'NONE', #1064, 1000.000000000000000 ) ;
#1748 = VERTEX_POINT ( 'NONE', #3121 ) ;
#1749 = DIRECTION ( 'NONE',  ( -0.000000000000000000, 0.000000000000000000, 1.000000000000000000 ) ) ;
#1750 = ADVANCED_FACE ( 'NONE', ( #2436 ), #499, .F. ) ;
#1751 = LINE ( 'NONE', #4, #211 ) ;
#1752 = DIRECTION ( 'NONE',  ( 0.000000000000000000, 0.000000000000000000, -1.000000000000000000 ) ) ;
#1753 = ORIENTED_EDGE ( 'NONE', *, *, #2437, .F. ) ;
#1754 = AXIS2_PLACEMENT_3D ( 'NONE', #795, #378, #752 ) ;
#1755 = CARTESIAN_POINT ( 'NONE',  ( 0.000000000000000000, 40.80894216826094123, 2.000000000000000000 ) ) ;
#1756 = DIRECTION ( 'NONE',  ( -1.000000000000000000, 0.000000000000000000, 0.000000000000000000 ) ) ;
#1757 = ORIENTED_EDGE ( 'NONE', *, *, #607, .F. ) ;
#1758 = DIRECTION ( 'NONE',  ( -1.000000000000000000, 0.000000000000000000, 0.000000000000000000 ) ) ;
#1759 = B_SPLINE_CURVE_WITH_KNOTS ( 'NONE', 3,
 ( #944, #209, #1647, #970 ),
 .UNSPECIFIED., .F., .F.,
 ( 4, 4 ),
 ( 2.520555337211566944E-15, 0.0004403818377697136252 ),
 .UNSPECIFIED. ) ;
#1760 = ADVANCED_FACE ( 'NONE', ( #480 ), #3611, .F. ) ;
#1761 = CARTESIAN_POINT ( 'NONE',  ( -60.93356069705324529, 75.35267857142858361, 5.000000000000000000 ) ) ;
#1762 = VECTOR ( 'NONE', #687, 1000.000000000000000 ) ;
#1763 = VERTEX_POINT ( 'NONE', #2613 ) ;
#1764 = EDGE_CURVE ( 'NONE', #1560, #755, #1557, .T. ) ;
#1765 = DIRECTION ( 'NONE',  ( -1.000000000000000000, 0.000000000000000000, 0.000000000000000000 ) ) ;
#1766 = DIRECTION ( 'NONE',  ( 0.000000000000000000, -1.000000000000000000, 0.000000000000000000 ) ) ;
#1767 = VERTEX_POINT ( 'NONE', #3909 ) ;
#1768 = CARTESIAN_POINT ( 'NONE',  ( -19.62448257959728437, 37.76407684932541997, 2.000000000000000000 ) ) ;
#1769 = AXIS2_PLACEMENT_3D ( 'NONE', #2632, #1914, #608 ) ;
#1770 = ORIENTED_EDGE ( 'NONE', *, *, #3415, .T. ) ;
#1771 = EDGE_CURVE ( 'NONE', #2066, #2379, #2272, .T. ) ;
#1772 = FACE_OUTER_BOUND ( 'NONE', #2916, .T. ) ;
#1773 = EDGE_LOOP ( 'NONE', ( #2258, #4311, #2427, #428 ) ) ;
#1774 = CARTESIAN_POINT ( 'NONE',  ( -51.74500000000001876, 31.79203768307636935, 5.000000000000000000 ) ) ;
#1775 = VERTEX_POINT ( 'NONE', #1580 ) ;
#1776 = DIRECTION ( 'NONE',  ( -1.000000000000000000, 0.000000000000000000, 0.000000000000000000 ) ) ;
#1777 = DIRECTION ( 'NONE',  ( 0.000000000000000000, 1.000000000000000000, 0.000000000000000000 ) ) ;
#1778 =( BOUNDED_CURVE ( )  B_SPLINE_CURVE ( 3, ( #1246, #2255, #1538, #1609 ),
 .UNSPECIFIED., .F., .T. ) 
 B_SPLINE_CURVE_WITH_KNOTS ( ( 4, 4 ),
 ( 3.141592653589793116, 4.712388980384689674 ),
 .UNSPECIFIED. ) 
 CURVE ( )  GEOMETRIC_REPRESENTATION_ITEM ( )  RATIONAL_B_SPLINE_CURVE ( ( 1.000000000000000000, 0.8047378541243649375, 0.8047378541243649375, 1.000000000000000000 ) ) 
 REPRESENTATION_ITEM ( '' )  );
#1779 = VERTEX_POINT ( 'NONE', #875 ) ;
#1780 = CARTESIAN_POINT ( 'NONE',  ( -22.14407308639565386, 39.80894216826094123, 3.000000000000000000 ) ) ;
#1781 = VECTOR ( 'NONE', #1256, 1000.000000000000000 ) ;
#1782 = EDGE_CURVE ( 'NONE', #3673, #3599, #567, .T. ) ;
#1783 = CARTESIAN_POINT ( 'NONE',  ( -16.39105546427840565, 37.76407684932541997, 2.000000000000000000 ) ) ;
#1784 = ORIENTED_EDGE ( 'NONE', *, *, #4391, .T. ) ;
#1785 = CARTESIAN_POINT ( 'NONE',  ( -51.74500000000001876, 28.79203768307636935, 5.000000000000000000 ) ) ;
#1786 = CARTESIAN_POINT ( 'NONE',  ( -58.73499999999999943, -60.99000000000001620, 5.000000000000000000 ) ) ;
#1787 = CARTESIAN_POINT ( 'NONE',  ( -51.74334855732300298, -28.04714153191467929, 0.000000000000000000 ) ) ;
#1788 = ADVANCED_FACE ( 'NONE', ( #2250 ), #2973, .F. ) ;
#1789 = CARTESIAN_POINT ( 'NONE',  ( -51.74500000000001876, 31.79203768307636935, 0.000000000000000000 ) ) ;
#1790 = EDGE_LOOP ( 'NONE', ( #132, #598 ) ) ;
#1791 = DIRECTION ( 'NONE',  ( 0.000000000000000000, 0.000000000000000000, 1.000000000000000000 ) ) ;
#1792 = CARTESIAN_POINT ( 'NONE',  ( -97.74500000000001876, 52.00000000000000711, 5.000000000000000000 ) ) ;
#1793 = VECTOR ( 'NONE', #1338, 1000.000000000000000 ) ;
#1794 = ORIENTED_EDGE ( 'NONE', *, *, #3808, .T. ) ;
#1795 = LINE ( 'NONE', #1503, #2395 ) ;
#1796 = DIRECTION ( 'NONE',  ( -0.000000000000000000, -0.000000000000000000, -1.000000000000000000 ) ) ;
#1797 = AXIS2_PLACEMENT_3D ( 'NONE', #2200, #4204, #515 ) ;
#1798 = DIRECTION ( 'NONE',  ( -1.000000000000000000, 0.000000000000000000, -0.000000000000000000 ) ) ;
#1799 = EDGE_CURVE ( 'NONE', #2955, #609, #1940, .T. ) ;
#1800 = VERTEX_POINT ( 'NONE', #3224 ) ;
#1801 = AXIS2_PLACEMENT_3D ( 'NONE', #2318, #3996, #540 ) ;
#1802 = CYLINDRICAL_SURFACE ( 'NONE', #1211, 1.599999999999997202 ) ;
#1803 = ORIENTED_EDGE ( 'NONE', *, *, #2363, .F. ) ;
#1804 = DIRECTION ( 'NONE',  ( 1.000000000000000000, 0.000000000000000000, 0.000000000000000000 ) ) ;
#1805 = CYLINDRICAL_SURFACE ( 'NONE', #1215, 1.000000000000000000 ) ;
#1806 = CARTESIAN_POINT ( 'NONE',  ( -53.52934526994632591, 8.598901098682526722, 3.000000000000000000 ) ) ;
#1807 = EDGE_CURVE ( 'NONE', #1362, #265, #3230, .T. ) ;
#1808 = DIRECTION ( 'NONE',  ( 0.000000000000000000, 0.000000000000000000, 1.000000000000000000 ) ) ;
#1809 = ORIENTED_EDGE ( 'NONE', *, *, #1743, .F. ) ;
#1810 = EDGE_CURVE ( 'NONE', #3875, #2759, #3380, .T. ) ;
#1811 = CARTESIAN_POINT ( 'NONE',  ( -65.74500000000000455, -66.99999999999997158, 10.00000000000000000 ) ) ;
#1812 = SURFACE_SIDE_STYLE ('',( #3849 ) ) ;
#1813 = VECTOR ( 'NONE', #3097, 1000.000000000000000 ) ;
#1814 = CARTESIAN_POINT ( 'NONE',  ( -100.7450000000000188, 52.00000000000000711, 0.000000000000000000 ) ) ;
#1815 = VERTEX_POINT ( 'NONE', #2923 ) ;
#1816 = ORIENTED_EDGE ( 'NONE', *, *, #1050, .T. ) ;
#1817 = DIRECTION ( 'NONE',  ( -0.000000000000000000, -0.000000000000000000, -1.000000000000000000 ) ) ;
#1818 = CIRCLE ( 'NONE', #1530, 2.249999999999988010 ) ;
#1819 = VECTOR ( 'NONE', #3576, 1000.000000000000000 ) ;
#1820 = PLANE ( 'NONE',  #2808 ) ;
#1821 = AXIS2_PLACEMENT_3D ( 'NONE', #2293, #4395, #1895 ) ;
#1822 = ORIENTED_EDGE ( 'NONE', *, *, #4445, .F. ) ;
#1823 = FACE_OUTER_BOUND ( 'NONE', #2807, .T. ) ;
#1824 = VERTEX_POINT ( 'NONE', #1899 ) ;
#1825 = LINE ( 'NONE', #429, #473 ) ;
#1826 = CARTESIAN_POINT ( 'NONE',  ( -48.74500000000001876, 42.26507572786680811, 0.000000000000000000 ) ) ;
#1827 = VECTOR ( 'NONE', #2102, 1000.000000000000000 ) ;
#1828 = CARTESIAN_POINT ( 'NONE',  ( 11.25499999999999723, 45.88661684659245310, 5.000000000000000000 ) ) ;
#1829 = EDGE_CURVE ( 'NONE', #972, #1225, #563, .T. ) ;
#1830 = CARTESIAN_POINT ( 'NONE',  ( -10.61499092853951431, -46.98838713590125593, 2.000000000000000000 ) ) ;
#1831 = AXIS2_PLACEMENT_3D ( 'NONE', #902, #2590, #566 ) ;
#1832 = ORIENTED_EDGE ( 'NONE', *, *, #1834, .T. ) ;
#1833 = CARTESIAN_POINT ( 'NONE',  ( -3.640949020223453569, 45.88661684659245310, 5.000000000000000000 ) ) ;
#1834 = EDGE_CURVE ( 'NONE', #1362, #491, #191, .T. ) ;
#1835 = DIRECTION ( 'NONE',  ( -0.000000000000000000, -1.000000000000000000, -0.000000000000000000 ) ) ;
#1836 = EDGE_LOOP ( 'NONE', ( #2199, #135, #3752, #2089 ) ) ;
#1837 = AXIS2_PLACEMENT_3D ( 'NONE', #2993, #4392, #2655 ) ;
#1838 = CARTESIAN_POINT ( 'NONE',  ( -53.52934526994632591, 8.598901098682528499, 2.585786437626905077 ) ) ;
#1839 = ORIENTED_EDGE ( 'NONE', *, *, #1573, .T. ) ;
#1840 = ORIENTED_EDGE ( 'NONE', *, *, #3389, .T. ) ;
#1841 = ADVANCED_FACE ( 'NONE', ( #3935 ), #1192, .F. ) ;
#1842 = DIRECTION ( 'NONE',  ( 1.000000000000000000, 0.000000000000000000, 0.000000000000000000 ) ) ;
#1843 = LINE ( 'NONE', #2117, #3757 ) ;
#1844 = ORIENTED_EDGE ( 'NONE', *, *, #3174, .T. ) ;
#1845 = EDGE_CURVE ( 'NONE', #3941, #1927, #2654, .T. ) ;
#1846 = ORIENTED_EDGE ( 'NONE', *, *, #2974, .F. ) ;
#1847 = LINE ( 'NONE', #3931, #652 ) ;
#1848 = ORIENTED_EDGE ( 'NONE', *, *, #565, .T. ) ;
#1849 = DIRECTION ( 'NONE',  ( 0.000000000000000000, 0.000000000000000000, 1.000000000000000000 ) ) ;
#1850 = CARTESIAN_POINT ( 'NONE',  ( 11.59499999999999176, 44.99999999999995737, 5.000000000000000000 ) ) ;
#1851 = EDGE_CURVE ( 'NONE', #3795, #1775, #3275, .T. ) ;
#1852 = CARTESIAN_POINT ( 'NONE',  ( -60.93356069705333766, -75.35267857142861203, 0.000000000000000000 ) ) ;
#1853 = EDGE_CURVE ( 'NONE', #2094, #2691, #4254, .T. ) ;
#1854 = CIRCLE ( 'NONE', #3585, 3.000000000000009770 ) ;
#1855 = DIRECTION ( 'NONE',  ( 0.000000000000000000, 0.000000000000000000, -1.000000000000000000 ) ) ;
#1856 = ORIENTED_EDGE ( 'NONE', *, *, #837, .F. ) ;
#1857 = LINE ( 'NONE', #3980, #2308 ) ;
#1858 = CARTESIAN_POINT ( 'NONE',  ( -12.97377536471974580, 45.26507572786680811, 5.000000000000000000 ) ) ;
#1859 = VECTOR ( 'NONE', #929, 1000.000000000000000 ) ;
#1860 = EDGE_LOOP ( 'NONE', ( #3087, #2337, #70, #1343 ) ) ;
#1861 = CARTESIAN_POINT ( 'NONE',  ( 9.994999999999995666, -45.00000000000000000, 2.000000000000000000 ) ) ;
#1862 = EDGE_LOOP ( 'NONE', ( #707, #3366, #3414, #285 ) ) ;
#1863 = DIRECTION ( 'NONE',  ( 0.000000000000000000, 0.000000000000000000, -1.000000000000000000 ) ) ;
#1864 = EDGE_CURVE ( 'NONE', #3350, #2623, #4375, .T. ) ;
#1865 = DIRECTION ( 'NONE',  ( -1.000000000000000000, -2.211964468540914624E-16, 0.000000000000000000 ) ) ;
#1866 = ORIENTED_EDGE ( 'NONE', *, *, #493, .T. ) ;
#1867 = CIRCLE ( 'NONE', #1292, 2.250000000000001776 ) ;
#1868 = VERTEX_POINT ( 'NONE', #2996 ) ;
#1869 = CARTESIAN_POINT ( 'NONE',  ( -51.74500000000000455, -77.99999999999997158, 10.00000000000000000 ) ) ;
#1870 = AXIS2_PLACEMENT_3D ( 'NONE', #784, #427, #3541 ) ;
#1871 = DIRECTION ( 'NONE',  ( 0.000000000000000000, 1.000000000000000000, 0.000000000000000000 ) ) ;
#1872 = DIRECTION ( 'NONE',  ( 0.000000000000000000, 0.000000000000000000, -1.000000000000000000 ) ) ;
#1873 = CARTESIAN_POINT ( 'NONE',  ( -12.97377536471974580, 45.26507572786680811, 5.000000000000000000 ) ) ;
#1874 = EDGE_CURVE ( 'NONE', #177, #2791, #1867, .T. ) ;
#1875 = CARTESIAN_POINT ( 'NONE',  ( 9.994999999999995666, 44.99999999999995737, 2.000000000000000000 ) ) ;
#1876 = ORIENTED_EDGE ( 'NONE', *, *, #4169, .F. ) ;
#1877 = DIRECTION ( 'NONE',  ( -0.000000000000000000, -0.000000000000000000, 1.000000000000000000 ) ) ;
#1878 = EDGE_CURVE ( 'NONE', #2909, #3842, #973, .T. ) ;
#1879 = DIRECTION ( 'NONE',  ( -1.000000000000000000, 0.000000000000000000, 0.000000000000000000 ) ) ;
#1880 = ORIENTED_EDGE ( 'NONE', *, *, #1038, .F. ) ;
#1881 = ORIENTED_EDGE ( 'NONE', *, *, #166, .F. ) ;
#1882 = CYLINDRICAL_SURFACE ( 'NONE', #2108, 1.599999999999997202 ) ;
#1883 = ORIENTED_EDGE ( 'NONE', *, *, #1874, .T. ) ;
#1884 = DIRECTION ( 'NONE',  ( 0.000000000000000000, 0.000000000000000000, -1.000000000000000000 ) ) ;
#1885 = EDGE_CURVE ( 'NONE', #73, #4365, #3731, .T. ) ;
#1886 = CIRCLE ( 'NONE', #2959, 3.000000000000002665 ) ;
#1887 = DIRECTION ( 'NONE',  ( 1.000000000000000000, 0.000000000000000000, 0.000000000000000000 ) ) ;
#1888 = VERTEX_POINT ( 'NONE', #2637 ) ;
#1889 = ORIENTED_EDGE ( 'NONE', *, *, #3159, .T. ) ;
#1890 = VECTOR ( 'NONE', #1271, 1000.000000000000000 ) ;
#1891 = DIRECTION ( 'NONE',  ( -0.000000000000000000, 0.000000000000000000, 1.000000000000000000 ) ) ;
#1892 = LINE ( 'NONE', #4015, #2262 ) ;
#1893 = EDGE_CURVE ( 'NONE', #1437, #521, #3046, .T. ) ;
#1894 = LINE ( 'NONE', #2879, #2804 ) ;
#1895 = DIRECTION ( 'NONE',  ( -1.000000000000000000, 0.000000000000000000, 0.000000000000000000 ) ) ;
#1896 = AXIS2_PLACEMENT_3D ( 'NONE', #1946, #2278, #4354 ) ;
#1897 = AXIS2_PLACEMENT_3D ( 'NONE', #4073, #4377, #4326 ) ;
#1898 = EDGE_CURVE ( 'NONE', #2368, #1735, #4092, .T. ) ;
#1899 = CARTESIAN_POINT ( 'NONE',  ( -3.640949020223452237, 48.88661684659246021, 0.000000000000000000 ) ) ;
#1900 = CARTESIAN_POINT ( 'NONE',  ( -11.77046683615346545, 42.26507572786680811, 5.000000000000000000 ) ) ;
#1901 = AXIS2_PLACEMENT_3D ( 'NONE', #3765, #3429, #1665 ) ;
#1902 = ORIENTED_EDGE ( 'NONE', *, *, #2196, .T. ) ;
#1903 = FACE_BOUND ( 'NONE', #1619, .T. ) ;
#1904 = VERTEX_POINT ( 'NONE', #2681 ) ;
#1905 = DIRECTION ( 'NONE',  ( 1.000000000000000000, 0.000000000000000000, 0.000000000000000000 ) ) ;
#1906 = ADVANCED_FACE ( 'NONE', ( #1287 ), #3021, .F. ) ;
#1907 = EDGE_CURVE ( 'NONE', #2376, #45, #4019, .T. ) ;
#1908 = ORIENTED_EDGE ( 'NONE', *, *, #1621, .F. ) ;
#1909 = CARTESIAN_POINT ( 'NONE',  ( -19.62448257959728437, 37.76407684932541997, 0.000000000000000000 ) ) ;
#1910 = DIRECTION ( 'NONE',  ( 0.000000000000000000, 0.000000000000000000, 1.000000000000000000 ) ) ;
#1911 = ORIENTED_EDGE ( 'NONE', *, *, #829, .F. ) ;
#1912 = ORIENTED_EDGE ( 'NONE', *, *, #4156, .T. ) ;
#1913 = CARTESIAN_POINT ( 'NONE',  ( -37.74521744568226467, 33.14526759496442310, 2.000000000000000000 ) ) ;
#1914 = DIRECTION ( 'NONE',  ( 0.000000000000000000, 0.000000000000000000, 1.000000000000000000 ) ) ;
#1915 = CARTESIAN_POINT ( 'NONE',  ( -68.74499999999999034, -58.00000000000002842, 5.000000000000000000 ) ) ;
#1916 = CARTESIAN_POINT ( 'NONE',  ( -48.74500000000001876, 31.79203768307636935, 0.000000000000000000 ) ) ;
#1917 = DIRECTION ( 'NONE',  ( -0.000000000000000000, -1.000000000000000000, -0.000000000000000000 ) ) ;
#1918 = FACE_OUTER_BOUND ( 'NONE', #3207, .T. ) ;
#1919 = ADVANCED_FACE ( 'NONE', ( #2294 ), #1965, .T. ) ;
#1920 = CARTESIAN_POINT ( 'NONE',  ( -12.97377536471974580, 42.26507572786680811, 1.734723475976807094E-15 ) ) ;
#1921 = EDGE_LOOP ( 'NONE', ( #1388, #14, #2875, #3978 ) ) ;
#1922 = AXIS2_PLACEMENT_3D ( 'NONE', #2991, #4390, #1282 ) ;
#1923 = DIRECTION ( 'NONE',  ( 0.000000000000000000, -0.000000000000000000, 1.000000000000000000 ) ) ;
#1924 = FACE_BOUND ( 'NONE', #3076, .T. ) ;
#1925 = VERTEX_POINT ( 'NONE', #2658 ) ;
#1926 = DIRECTION ( 'NONE',  ( 1.000000000000000000, 0.000000000000000000, 0.000000000000000000 ) ) ;
#1927 = VERTEX_POINT ( 'NONE', #4069 ) ;
#1928 = CARTESIAN_POINT ( 'NONE',  ( -98.99500000000001876, -50.00000000000000711, -5.000000000000000000 ) ) ;
#1929 = PLANE ( 'NONE',  #300 ) ;
#1930 = ORIENTED_EDGE ( 'NONE', *, *, #1553, .T. ) ;
#1931 = VECTOR ( 'NONE', #4104, 1000.000000000000000 ) ;
#1932 = VERTEX_POINT ( 'NONE', #1626 ) ;
#1933 = CARTESIAN_POINT ( 'NONE',  ( 0.000000000000000000, 12.65589906941674769, 3.000000000000000000 ) ) ;
#1934 = ADVANCED_FACE ( 'NONE', ( #1990 ), #3708, .F. ) ;
#1935 = AXIS2_PLACEMENT_3D ( 'NONE', #2494, #4231, #2123 ) ;
#1936 = CARTESIAN_POINT ( 'NONE',  ( -51.74500000000001876, 28.79203768307636935, 5.000000000000000000 ) ) ;
#1937 = ORIENTED_EDGE ( 'NONE', *, *, #1606, .T. ) ;
#1938 = DIRECTION ( 'NONE',  ( -1.000000000000000000, 0.000000000000000000, 0.000000000000000000 ) ) ;
#1939 = DIRECTION ( 'NONE',  ( -1.000000000000000000, 0.000000000000000000, 0.000000000000000000 ) ) ;
#1940 = LINE ( 'NONE', #3267, #2011 ) ;
#1941 = AXIS2_PLACEMENT_3D ( 'NONE', #2371, #3759, #4124 ) ;
#1942 = CARTESIAN_POINT ( 'NONE',  ( -16.39105546427840565, 39.80894216826094123, 3.000000000000000000 ) ) ;
#1943 = DIRECTION ( 'NONE',  ( -0.000000000000000000, -0.000000000000000000, -1.000000000000000000 ) ) ;
#1944 = VERTEX_POINT ( 'NONE', #4420 ) ;
#1945 = EDGE_CURVE ( 'NONE', #1181, #2189, #3525, .T. ) ;
#1946 = CARTESIAN_POINT ( 'NONE',  ( -51.74499999999999744, 77.99999999999997158, 5.000000000000000000 ) ) ;
#1947 = CARTESIAN_POINT ( 'NONE',  ( -52.53828962499068922, -25.15438010052512041, 2.000000000000000000 ) ) ;
#1948 = CIRCLE ( 'NONE', #2479, 0.9999999999998222533 ) ;
#1949 = ORIENTED_EDGE ( 'NONE', *, *, #3327, .T. ) ;
#1950 = LINE ( 'NONE', #1565, #2887 ) ;
#1951 = EDGE_CURVE ( 'NONE', #1735, #1824, #4108, .T. ) ;
#1952 = ORIENTED_EDGE ( 'NONE', *, *, #773, .F. ) ;
#1953 = VECTOR ( 'NONE', #601, 1000.000000000000000 ) ;
#1954 = LINE ( 'NONE', #1909, #241 ) ;
#1955 = LINE ( 'NONE', #3944, #3994 ) ;
#1956 = ORIENTED_EDGE ( 'NONE', *, *, #3449, .F. ) ;
#1957 = ORIENTED_EDGE ( 'NONE', *, *, #2865, .F. ) ;
#1958 = CARTESIAN_POINT ( 'NONE',  ( -63.00500000000001677, -72.50000000000001421, 5.000000000000000000 ) ) ;
#1959 = CARTESIAN_POINT ( 'NONE',  ( -60.00500000000000966, -72.50000000000001421, 5.000000000000000000 ) ) ;
#1960 = AXIS2_PLACEMENT_3D ( 'NONE', #4362, #4030, #4312 ) ;
#1961 = CARTESIAN_POINT ( 'NONE',  ( -56.49500000000001876, 60.97999999999998266, 5.000000000000000000 ) ) ;
#1962 = VECTOR ( 'NONE', #4477, 1000.000000000000000 ) ;
#1963 = ADVANCED_FACE ( 'NONE', ( #4251 ), #3503, .T. ) ;
#1964 = CARTESIAN_POINT ( 'NONE',  ( -100.7450000000000188, -48.00000000000003553, 5.000000000000000000 ) ) ;
#1965 = CYLINDRICAL_SURFACE ( 'NONE', #10, 2.999999999999999112 ) ;
#1966 = LINE ( 'NONE', #1558, #532 ) ;
#1967 = ORIENTED_EDGE ( 'NONE', *, *, #2114, .T. ) ;
#1968 = CIRCLE ( 'NONE', #3418, 3.000000000000002665 ) ;
#1969 = FACE_OUTER_BOUND ( 'NONE', #575, .T. ) ;
#1970 = ADVANCED_FACE ( 'NONE', ( #2857, #2815 ), #4297, .T. ) ;
#1971 = ORIENTED_EDGE ( 'NONE', *, *, #1239, .F. ) ;
#1972 = DIRECTION ( 'NONE',  ( 0.000000000000000000, 0.000000000000000000, -1.000000000000000000 ) ) ;
#1973 = B_SPLINE_CURVE_WITH_KNOTS ( 'NONE', 3,
 ( #4474, #666, #1062, #2086, #2434, #725, #2393, #1361, #3460, #2714 ),
 .UNSPECIFIED., .F., .F.,
 ( 4, 2, 2, 2, 4 ),
 ( 0.000000000000000000, 0.0004025083521501106017, 0.0008050167043002212034, 0.001207525056450331914, 0.001610033408600442407 ),
 .UNSPECIFIED. ) ;
#1974 = CARTESIAN_POINT ( 'NONE',  ( -65.74499999999999034, 57.99999999999998579, 5.000000000000000000 ) ) ;
#1975 = ORIENTED_EDGE ( 'NONE', *, *, #2670, .T. ) ;
#1976 = FACE_OUTER_BOUND ( 'NONE', #440, .T. ) ;
#1977 = ORIENTED_EDGE ( 'NONE', *, *, #4402, .T. ) ;
#1978 = CIRCLE ( 'NONE', #47, 3.000000000000001776 ) ;
#1979 = ADVANCED_FACE ( 'NONE', ( #1142, #3240 ), #2474, .T. ) ;
#1980 = CARTESIAN_POINT ( 'NONE',  ( -60.00499999999998124, -72.49999999999995737, 5.000000000000000000 ) ) ;
#1981 = FACE_OUTER_BOUND ( 'NONE', #514, .T. ) ;
#1982 = EDGE_LOOP ( 'NONE', ( #155, #3297, #3699, #2394 ) ) ;
#1983 = ORIENTED_EDGE ( 'NONE', *, *, #1621, .T. ) ;
#1984 = FACE_BOUND ( 'NONE', #1790, .T. ) ;
#1985 = DIRECTION ( 'NONE',  ( -0.000000000000000000, -0.000000000000000000, 1.000000000000000000 ) ) ;
#1986 = ADVANCED_FACE ( 'NONE', ( #3884 ), #1139, .F. ) ;
#1987 = DIRECTION ( 'NONE',  ( 0.000000000000000000, 0.000000000000000000, -1.000000000000000000 ) ) ;
#1988 = DIRECTION ( 'NONE',  ( 0.000000000000000000, -1.000000000000000000, 0.000000000000000000 ) ) ;
#1989 = ORIENTED_EDGE ( 'NONE', *, *, #2404, .F. ) ;
#1990 = FACE_OUTER_BOUND ( 'NONE', #322, .T. ) ;
#1991 = DIRECTION ( 'NONE',  ( 0.000000000000000000, -1.000000000000000000, 0.000000000000000000 ) ) ;
#1992 = ORIENTED_EDGE ( 'NONE', *, *, #933, .F. ) ;
#1993 = DIRECTION ( 'NONE',  ( 1.000000000000000000, 0.000000000000000000, 0.000000000000000000 ) ) ;
#1994 = ORIENTED_EDGE ( 'NONE', *, *, #1845, .T. ) ;
#1995 = DIRECTION ( 'NONE',  ( -1.000000000000000000, 0.000000000000000000, 0.000000000000000000 ) ) ;
#1996 = CARTESIAN_POINT ( 'NONE',  ( -55.53828962499061817, -25.15438010052512041, 2.000000000000000000 ) ) ;
#1997 = ORIENTED_EDGE ( 'NONE', *, *, #1130, .F. ) ;
#1998 = CARTESIAN_POINT ( 'NONE',  ( -63.00500000000001677, 72.49999999999995737, 5.000000000000000000 ) ) ;
#1999 = ORIENTED_EDGE ( 'NONE', *, *, #829, .T. ) ;
#2000 = DIRECTION ( 'NONE',  ( -0.000000000000000000, -0.000000000000000000, 1.000000000000000000 ) ) ;
#2001 = CARTESIAN_POINT ( 'NONE',  ( -51.74499999999999744, -75.00000000000000000, 5.000000000000000000 ) ) ;
#2002 = EDGE_LOOP ( 'NONE', ( #4008, #60 ) ) ;
#2003 = VERTEX_POINT ( 'NONE', #1785 ) ;
#2004 = FACE_BOUND ( 'NONE', #1542, .T. ) ;
#2005 = CARTESIAN_POINT ( 'NONE',  ( -9.614990928539642212, -39.38838713590120477, 0.000000000000000000 ) ) ;
#2006 = CIRCLE ( 'NONE', #642, 2.250000000000001776 ) ;
#2007 = DIRECTION ( 'NONE',  ( -0.000000000000000000, -0.000000000000000000, 1.000000000000000000 ) ) ;
#2008 = APPLICATION_PROTOCOL_DEFINITION ( 'draft international standard', 'automotive_design', 1998, #4302 ) ;
#2009 = ORIENTED_EDGE ( 'NONE', *, *, #2359, .F. ) ;
#2010 = CARTESIAN_POINT ( 'NONE',  ( -16.39105546427840565, 37.76407684932541997, 3.000000000000000000 ) ) ;
#2011 = VECTOR ( 'NONE', #2188, 1000.000000000000000 ) ;
#2012 = DIRECTION ( 'NONE',  ( -1.000000000000000000, 0.000000000000000000, 0.000000000000000000 ) ) ;
#2013 = ORIENTED_EDGE ( 'NONE', *, *, #866, .T. ) ;
#2014 = DIRECTION ( 'NONE',  ( 1.000000000000000000, 0.000000000000000000, 0.000000000000000000 ) ) ;
#2015 = VERTEX_POINT ( 'NONE', #3201 ) ;
#2016 = LINE ( 'NONE', #3421, #2223 ) ;
#2017 = DIRECTION ( 'NONE',  ( -0.000000000000000000, -0.000000000000000000, 1.000000000000000000 ) ) ;
#2018 = AXIS2_PLACEMENT_3D ( 'NONE', #2643, #1972, #3347 ) ;
#2019 = PRODUCT_DEFINITION_CONTEXT ( 'detailed design', #3220, 'design' ) ;
#2020 = ORIENTED_EDGE ( 'NONE', *, *, #1408, .F. ) ;
#2021 = CARTESIAN_POINT ( 'NONE',  ( -96.74500000000000455, -50.00000000000000711, -5.000000000000000000 ) ) ;
#2022 = VERTEX_POINT ( 'NONE', #2518 ) ;
#2023 = AXIS2_PLACEMENT_3D ( 'NONE', #1185, #3964, #3650 ) ;
#2024 = DIRECTION ( 'NONE',  ( 0.000000000000000000, 0.000000000000000000, 1.000000000000000000 ) ) ;
#2025 = CARTESIAN_POINT ( 'NONE',  ( -59.07643930294695167, 75.35267857142862624, 5.000000000000000000 ) ) ;
#2026 = ORIENTED_EDGE ( 'NONE', *, *, #145, .F. ) ;
#2027 = ORIENTED_EDGE ( 'NONE', *, *, #911, .F. ) ;
#2028 = EDGE_CURVE ( 'NONE', #4182, #682, #1547, .T. ) ;
#2029 = DIRECTION ( 'NONE',  ( 0.000000000000000000, 0.000000000000000000, -1.000000000000000000 ) ) ;
#2030 = FACE_OUTER_BOUND ( 'NONE', #3372, .T. ) ;
#2031 = DIRECTION ( 'NONE',  ( -1.000000000000000000, 0.000000000000000000, 0.000000000000000000 ) ) ;
#2032 = LINE ( 'NONE', #1761, #2049 ) ;
#2033 = ORIENTED_EDGE ( 'NONE', *, *, #2363, .T. ) ;
#2034 = VECTOR ( 'NONE', #2283, 1000.000000000000000 ) ;
#2035 = VECTOR ( 'NONE', #2279, 1000.000000000000000 ) ;
#2036 = SPHERICAL_SURFACE ( 'NONE', #3195, 1.000000000000000000 ) ;
#2037 = EDGE_LOOP ( 'NONE', ( #1324, #3739, #3889, #1596, #475 ) ) ;
#2038 = CARTESIAN_POINT ( 'NONE',  ( 2.254999999999997229, 38.85999999999998522, 5.000000000000000000 ) ) ;
#2039 = ORIENTED_EDGE ( 'NONE', *, *, #3298, .F. ) ;
#2040 = ADVANCED_FACE ( 'NONE', ( #810 ), #765, .F. ) ;
#2041 = VECTOR ( 'NONE', #3717, 1000.000000000000000 ) ;
#2042 = DIRECTION ( 'NONE',  ( 0.000000000000000000, 0.000000000000000000, -1.000000000000000000 ) ) ;
#2043 = FACE_OUTER_BOUND ( 'NONE', #113, .T. ) ;
#2044 = CIRCLE ( 'NONE', #172, 2.250000000000002220 ) ;
#2045 = EDGE_LOOP ( 'NONE', ( #2867, #2311, #1537, #2849 ) ) ;
#2046 = DIRECTION ( 'NONE',  ( -0.000000000000000000, -0.000000000000000000, -1.000000000000000000 ) ) ;
#2047 = EDGE_CURVE ( 'NONE', #2354, #2221, #1261, .T. ) ;
#2048 = VERTEX_POINT ( 'NONE', #99 ) ;
#2049 = VECTOR ( 'NONE', #3454, 1000.000000000000000 ) ;
#2050 = DIRECTION ( 'NONE',  ( -0.000000000000000000, -0.000000000000000000, 1.000000000000000000 ) ) ;
#2051 = ADVANCED_FACE ( 'NONE', ( #4272 ), #3521, .F. ) ;
#2052 = EDGE_CURVE ( 'NONE', #3744, #3812, #744, .T. ) ;
#2053 = CARTESIAN_POINT ( 'NONE',  ( -54.74500000000000455, 77.99999999999997158, 10.00000000000000000 ) ) ;
#2054 = CIRCLE ( 'NONE', #3992, 2.249999999999988010 ) ;
#2055 = ORIENTED_EDGE ( 'NONE', *, *, #3583, .F. ) ;
#2056 = AXIS2_PLACEMENT_3D ( 'NONE', #4131, #986, #2421 ) ;
#2057 = DIRECTION ( 'NONE',  ( -0.000000000000000000, -0.000000000000000000, -1.000000000000000000 ) ) ;
#2058 = AXIS2_PLACEMENT_3D ( 'NONE', #213, #3683, #1289 ) ;
#2059 = LINE ( 'NONE', #326, #2703 ) ;
#2060 = ORIENTED_EDGE ( 'NONE', *, *, #3963, .F. ) ;
#2061 = FACE_OUTER_BOUND ( 'NONE', #1667, .T. ) ;
#2062 =( LENGTH_UNIT ( ) NAMED_UNIT ( * ) SI_UNIT ( .MILLI., .METRE. ) );
#2063 = LINE ( 'NONE', #2453, #1827 ) ;
#2064 = AXIS2_PLACEMENT_3D ( 'NONE', #2093, #797, #1070 ) ;
#2065 = CARTESIAN_POINT ( 'NONE',  ( 9.994999999999995666, 44.99999999999995737, 0.000000000000000000 ) ) ;
#2066 = VERTEX_POINT ( 'NONE', #2899 ) ;
#2067 = CARTESIAN_POINT ( 'NONE',  ( -60.00500000000000966, -72.50000000000001421, 0.000000000000000000 ) ) ;
#2068 = EDGE_CURVE ( 'NONE', #3821, #2706, #1825, .T. ) ;
#2069 = VERTEX_POINT ( 'NONE', #411 ) ;
#2070 = ORIENTED_EDGE ( 'NONE', *, *, #1656, .F. ) ;
#2071 = CARTESIAN_POINT ( 'NONE',  ( -51.74500000000000455, -27.72121142095734569, 2.751653889971441558 ) ) ;
#2072 = DIRECTION ( 'NONE',  ( -0.000000000000000000, -1.000000000000000000, -0.000000000000000000 ) ) ;
#2073 = ORIENTED_EDGE ( 'NONE', *, *, #899, .T. ) ;
#2074 = EDGE_CURVE ( 'NONE', #3216, #2126, #1339, .T. ) ;
#2075 = AXIS2_PLACEMENT_3D ( 'NONE', #1526, #1463, #1441 ) ;
#2076 = DIRECTION ( 'NONE',  ( -1.000000000000000000, 0.000000000000000000, 0.000000000000000000 ) ) ;
#2077 = DIRECTION ( 'NONE',  ( -0.000000000000000000, 0.000000000000000000, 1.000000000000000000 ) ) ;
#2078 = VERTEX_POINT ( 'NONE', #2563 ) ;
#2079 = DIRECTION ( 'NONE',  ( 1.000000000000000000, 0.000000000000000000, 0.000000000000000000 ) ) ;
#2080 = DIRECTION ( 'NONE',  ( 0.000000000000000000, 0.000000000000000000, 1.000000000000000000 ) ) ;
#2081 = EDGE_CURVE ( 'NONE', #112, #4240, #1471, .T. ) ;
#2082 = ORIENTED_EDGE ( 'NONE', *, *, #3539, .T. ) ;
#2083 = ADVANCED_FACE ( 'NONE', ( #2161 ), #3543, .F. ) ;
#2084 = CARTESIAN_POINT ( 'NONE',  ( -36.74521744568226467, 0.000000000000000000, 3.000000000000000000 ) ) ;
#2085 = ADVANCED_FACE ( 'NONE', ( #2968 ), #1577, .F. ) ;
#2086 = CARTESIAN_POINT ( 'NONE',  ( -51.74500000000001165, 20.10615306683461867, 2.516162472167133402 ) ) ;
#2087 = VERTEX_POINT ( 'NONE', #3995 ) ;
#2088 = DIRECTION ( 'NONE',  ( -1.000000000000000000, 0.000000000000000000, 0.000000000000000000 ) ) ;
#2089 = ORIENTED_EDGE ( 'NONE', *, *, #297, .F. ) ;
#2090 = CYLINDRICAL_SURFACE ( 'NONE', #4063, 3.000000000000002665 ) ;
#2091 = DIRECTION ( 'NONE',  ( 1.000000000000000000, 5.947623346206190399E-16, 0.000000000000000000 ) ) ;
#2092 = ADVANCED_FACE ( 'NONE', ( #4343 ), #2315, .T. ) ;
#2093 = CARTESIAN_POINT ( 'NONE',  ( -60.00500000000000966, 72.49999999999995737, 5.000000000000000000 ) ) ;
#2094 = VERTEX_POINT ( 'NONE', #2919 ) ;
#2095 = CIRCLE ( 'NONE', #1584, 2.250000000000001776 ) ;
#2096 = LINE ( 'NONE', #1073, #3656 ) ;
#2097 = DIRECTION ( 'NONE',  ( -0.000000000000000000, -0.000000000000000000, 1.000000000000000000 ) ) ;
#2098 = ORIENTED_EDGE ( 'NONE', *, *, #1829, .T. ) ;
#2099 = CARTESIAN_POINT ( 'NONE',  ( -22.14407308639565386, 39.80894216826094123, 3.000000000000000000 ) ) ;
#2100 = CARTESIAN_POINT ( 'NONE',  ( -57.54723398003460488, 8.598901098682528499, 2.585786437626905077 ) ) ;
#2101 = ORIENTED_EDGE ( 'NONE', *, *, #1257, .F. ) ;
#2102 = DIRECTION ( 'NONE',  ( -1.000000000000000000, 0.000000000000000000, 0.000000000000000000 ) ) ;
#2103 = EDGE_CURVE ( 'NONE', #2772, #2172, #613, .T. ) ;
#2104 = CARTESIAN_POINT ( 'NONE',  ( 1.004999999999994564, -45.34761299932682022, -5.000000000000000000 ) ) ;
#2105 = ORIENTED_EDGE ( 'NONE', *, *, #3405, .T. ) ;
#2106 = CARTESIAN_POINT ( 'NONE',  ( -19.62448257959728437, 37.76407684932541997, 0.000000000000000000 ) ) ;
#2107 = AXIS2_PLACEMENT_3D ( 'NONE', #3279, #2624, #2987 ) ;
#2108 = AXIS2_PLACEMENT_3D ( 'NONE', #3232, #1524, #3277 ) ;
#2109 = ORIENTED_EDGE ( 'NONE', *, *, #3680, .T. ) ;
#2110 = DIRECTION ( 'NONE',  ( 1.000000000000000000, 0.000000000000000000, 0.000000000000000000 ) ) ;
#2111 = PRESENTATION_STYLE_ASSIGNMENT (( #1457 ) ) ;
#2112 = LINE ( 'NONE', #1438, #886 ) ;
#2113 = ORIENTED_EDGE ( 'NONE', *, *, #3583, .T. ) ;
#2114 = EDGE_CURVE ( 'NONE', #4006, #2003, #1258, .T. ) ;
#2115 = AXIS2_PLACEMENT_3D ( 'NONE', #1806, #3242, #789 ) ;
#2116 = PLANE ( 'NONE',  #1497 ) ;
#2117 = CARTESIAN_POINT ( 'NONE',  ( -68.74499999999999034, 54.99999999999998579, 0.000000000000000000 ) ) ;
#2118 = VERTEX_POINT ( 'NONE', #1645 ) ;
#2119 = CARTESIAN_POINT ( 'NONE',  ( -51.74500000000001165, -22.67899989560540064, 2.811374832303755067 ) ) ;
#2120 = CIRCLE ( 'NONE', #1617, 1.599999999999997202 ) ;
#2121 = LINE ( 'NONE', #1268, #3960 ) ;
#2122 = ORIENTED_EDGE ( 'NONE', *, *, #772, .F. ) ;
#2123 = DIRECTION ( 'NONE',  ( -1.000000000000000000, 0.000000000000000000, 0.000000000000000000 ) ) ;
#2124 = DIRECTION ( 'NONE',  ( -0.000000000000000000, -0.000000000000000000, -1.000000000000000000 ) ) ;
#2125 = CARTESIAN_POINT ( 'NONE',  ( -19.62448257959728437, 39.80894216826092702, 2.585786437626905077 ) ) ;
#2126 = VERTEX_POINT ( 'NONE', #3337 ) ;
#2127 = SPHERICAL_SURFACE ( 'NONE', #1726, 1.000000000000000000 ) ;
#2128 = AXIS2_PLACEMENT_3D ( 'NONE', #185, #4320, #871 ) ;
#2129 = AXIS2_PLACEMENT_3D ( 'NONE', #3490, #1154, #1461 ) ;
#2130 = ORIENTED_EDGE ( 'NONE', *, *, #4407, .T. ) ;
#2131 = CARTESIAN_POINT ( 'NONE',  ( -54.52934526994632591, 12.65589906941674769, 3.000000000000000000 ) ) ;
#2132 = LINE ( 'NONE', #4173, #1646 ) ;
#2133 = VERTEX_POINT ( 'NONE', #2290 ) ;
#2134 = PLANE ( 'NONE',  #2264 ) ;
#2135 = ORIENTED_EDGE ( 'NONE', *, *, #1038, .T. ) ;
#2136 = LINE ( 'NONE', #469, #2755 ) ;
#2137 = DIRECTION ( 'NONE',  ( -0.000000000000000000, -0.000000000000000000, 1.000000000000000000 ) ) ;
#2138 = EDGE_LOOP ( 'NONE', ( #2280, #274, #2825, #1510, #1784, #3321, #1839, #3648, #296, #3472, #2113, #502, #2890, #2917, #1937, #1230, #3374, #3293, #2728, #1028, #1099, #2788, #549, #3442, #1493, #4029, #1426, #2242, #3698, #2990, #3120, #1203, #1499, #4263, #1222, #1620, #1770, #4434, #632, #351 ) ) ;
#2139 = EDGE_CURVE ( 'NONE', #1779, #2015, #3608, .T. ) ;
#2140 = VECTOR ( 'NONE', #4295, 1000.000000000000000 ) ;
#2141 = FACE_OUTER_BOUND ( 'NONE', #2942, .T. ) ;
#2142 = ORIENTED_EDGE ( 'NONE', *, *, #2273, .F. ) ;
#2143 = CARTESIAN_POINT ( 'NONE',  ( 9.994999999999995666, 44.99999999999995737, 2.000000000000000000 ) ) ;
#2144 = CARTESIAN_POINT ( 'NONE',  ( -10.61499092853951431, -46.98838713590125593, 3.000000000000000000 ) ) ;
#2145 = CARTESIAN_POINT ( 'NONE',  ( -31.52412065912967876, 31.79203768307636935, 2.000000000000000000 ) ) ;
#2146 = DIRECTION ( 'NONE',  ( 0.000000000000000000, 1.000000000000000000, 0.000000000000000000 ) ) ;
#2147 = AXIS2_PLACEMENT_3D ( 'NONE', #344, #2050, #29 ) ;
#2148 = ORIENTED_EDGE ( 'NONE', *, *, #3727, .T. ) ;
#2149 = DIRECTION ( 'NONE',  ( 0.000000000000000000, 1.000000000000000000, 0.000000000000000000 ) ) ;
#2150 = CARTESIAN_POINT ( 'NONE',  ( -57.54723398003460488, 8.598901098682526722, 2.000000000000000000 ) ) ;
#2151 = ORIENTED_EDGE ( 'NONE', *, *, #1367, .T. ) ;
#2152 = DIRECTION ( 'NONE',  ( -1.000000000000000000, 0.000000000000000000, 0.000000000000000000 ) ) ;
#2153 = ORIENTED_EDGE ( 'NONE', *, *, #1050, .F. ) ;
#2154 = CARTESIAN_POINT ( 'NONE',  ( -52.53828962499068922, -25.15438010052512041, 2.000000000000000000 ) ) ;
#2155 = CARTESIAN_POINT ( 'NONE',  ( 9.994999999999995666, 44.99999999999995737, 2.000000000000000000 ) ) ;
#2156 = ORIENTED_EDGE ( 'NONE', *, *, #887, .F. ) ;
#2157 = EDGE_CURVE ( 'NONE', #2379, #2069, #3314, .T. ) ;
#2158 = VECTOR ( 'NONE', #430, 1000.000000000000000 ) ;
#2159 = FACE_OUTER_BOUND ( 'NONE', #2895, .T. ) ;
#2160 = ORIENTED_EDGE ( 'NONE', *, *, #3022, .T. ) ;
#2161 = FACE_OUTER_BOUND ( 'NONE', #1773, .T. ) ;
#2162 = FACE_OUTER_BOUND ( 'NONE', #2460, .T. ) ;
#2163 = EDGE_CURVE ( 'NONE', #3210, #2237, #255, .T. ) ;
#2164 = DIRECTION ( 'NONE',  ( -0.000000000000000000, -0.000000000000000000, -1.000000000000000000 ) ) ;
#2165 = DIRECTION ( 'NONE',  ( -1.000000000000000000, 0.000000000000000000, 0.000000000000000000 ) ) ;
#2166 = EDGE_CURVE ( 'NONE', #3212, #1550, #2478, .T. ) ;
#2167 = ORIENTED_EDGE ( 'NONE', *, *, #261, .T. ) ;
#2168 = FACE_OUTER_BOUND ( 'NONE', #965, .T. ) ;
#2169 = CARTESIAN_POINT ( 'NONE',  ( 14.25499999999999723, -33.94761299932681453, 5.000000000000000000 ) ) ;
#2170 = EDGE_CURVE ( 'NONE', #1591, #3984, #1892, .T. ) ;
#2171 = VECTOR ( 'NONE', #1505, 1000.000000000000000 ) ;
#2172 = VERTEX_POINT ( 'NONE', #4416 ) ;
#2173 = AXIS2_PLACEMENT_3D ( 'NONE', #3182, #46, #1431 ) ;
#2174 = CARTESIAN_POINT ( 'NONE',  ( -37.74521744568226467, 30.43880777118787506, 2.000000000000000000 ) ) ;
#2175 = VERTEX_POINT ( 'NONE', #894 ) ;
#2176 = EDGE_LOOP ( 'NONE', ( #3168, #4140, #349, #4095 ) ) ;
#2177 = CARTESIAN_POINT ( 'NONE',  ( -60.93356069705324529, 75.35267857142858361, 0.000000000000000000 ) ) ;
#2178 = EDGE_CURVE ( 'NONE', #2213, #1702, #3432, .T. ) ;
#2179 = EDGE_CURVE ( 'NONE', #3423, #2400, #3016, .T. ) ;
#2180 = DIRECTION ( 'NONE',  ( 0.000000000000000000, 0.000000000000000000, -1.000000000000000000 ) ) ;
#2181 = AXIS2_PLACEMENT_3D ( 'NONE', #2065, #3139, #3438 ) ;
#2182 = ORIENTED_EDGE ( 'NONE', *, *, #2863, .F. ) ;
#2183 = DIRECTION ( 'NONE',  ( 1.000000000000000000, 0.000000000000000000, 0.000000000000000000 ) ) ;
#2184 = VERTEX_POINT ( 'NONE', #1623 ) ;
#2185 = DIRECTION ( 'NONE',  ( 0.000000000000000000, 0.000000000000000000, 1.000000000000000000 ) ) ;
#2186 = CIRCLE ( 'NONE', #3631, 2.250000000000002665 ) ;
#2187 = LINE ( 'NONE', #125, #600 ) ;
#2188 = DIRECTION ( 'NONE',  ( 0.000000000000000000, 1.000000000000000000, 0.000000000000000000 ) ) ;
#2189 = VERTEX_POINT ( 'NONE', #3948 ) ;
#2190 = CARTESIAN_POINT ( 'NONE',  ( 6.994999999999993001, 44.99999999999995737, 2.000000000000000000 ) ) ;
#2191 = EDGE_CURVE ( 'NONE', #2983, #8, #4299, .T. ) ;
#2192 = ORIENTED_EDGE ( 'NONE', *, *, #2407, .T. ) ;
#2193 = DIRECTION ( 'NONE',  ( 0.000000000000000000, 0.000000000000000000, 1.000000000000000000 ) ) ;
#2194 = ORIENTED_EDGE ( 'NONE', *, *, #2527, .F. ) ;
#2195 = DIRECTION ( 'NONE',  ( 0.000000000000000000, -1.000000000000000000, 0.000000000000000000 ) ) ;
#2196 = EDGE_CURVE ( 'NONE', #949, #1779, #1112, .T. ) ;
#2197 = DIRECTION ( 'NONE',  ( 0.000000000000000000, -0.000000000000000000, -1.000000000000000000 ) ) ;
#2198 = ORIENTED_EDGE ( 'NONE', *, *, #3676, .T. ) ;
#2199 = ORIENTED_EDGE ( 'NONE', *, *, #2827, .T. ) ;
#2200 = CARTESIAN_POINT ( 'NONE',  ( -52.53828962499051869, 22.86114967175884161, 2.000000000000000000 ) ) ;
#2201 = DIRECTION ( 'NONE',  ( -0.000000000000000000, -0.000000000000000000, -1.000000000000000000 ) ) ;
#2202 = DIRECTION ( 'NONE',  ( 0.000000000000000000, 1.000000000000000000, 0.000000000000000000 ) ) ;
#2203 = EDGE_CURVE ( 'NONE', #468, #2430, #341, .T. ) ;
#2204 = DIRECTION ( 'NONE',  ( -1.000000000000000000, 0.000000000000000000, 0.000000000000000000 ) ) ;
#2205 = ADVANCED_FACE ( 'NONE', ( #2225 ), #517, .F. ) ;
#2206 = CARTESIAN_POINT ( 'NONE',  ( -65.74500000000000455, -77.99999999999997158, 10.00000000000000000 ) ) ;
#2207 = EDGE_CURVE ( 'NONE', #1525, #2172, #4002, .T. ) ;
#2208 = VERTEX_POINT ( 'NONE', #2677 ) ;
#2209 = DIRECTION ( 'NONE',  ( -0.000000000000000000, 0.000000000000000000, 1.000000000000000000 ) ) ;
#2210 = PLANE ( 'NONE',  #873 ) ;
#2211 = AXIS2_PLACEMENT_3D ( 'NONE', #438, #401, #3488 ) ;
#2212 = ORIENTED_EDGE ( 'NONE', *, *, #26, .T. ) ;
#2213 = VERTEX_POINT ( 'NONE', #3067 ) ;
#2214 = DIRECTION ( 'NONE',  ( 0.000000000000000000, 0.000000000000000000, -1.000000000000000000 ) ) ;
#2215 = VERTEX_POINT ( 'NONE', #3109 ) ;
#2216 = LINE ( 'NONE', #3603, #592 ) ;
#2217 = EDGE_CURVE ( 'NONE', #1595, #1730, #2361, .T. ) ;
#2218 = DIRECTION ( 'NONE',  ( 1.000000000000000000, 0.000000000000000000, 0.000000000000000000 ) ) ;
#2219 = ORIENTED_EDGE ( 'NONE', *, *, #1443, .T. ) ;
#2220 = EDGE_CURVE ( 'NONE', #4422, #1925, #659, .T. ) ;
#2221 = VERTEX_POINT ( 'NONE', #4065 ) ;
#2222 = CARTESIAN_POINT ( 'NONE',  ( -60.00499999999998124, -72.49999999999995737, 0.000000000000000000 ) ) ;
#2223 = VECTOR ( 'NONE', #409, 1000.000000000000000 ) ;
#2224 = VECTOR ( 'NONE', #2900, 1000.000000000000000 ) ;
#2225 = FACE_OUTER_BOUND ( 'NONE', #2723, .T. ) ;
#2226 = CYLINDRICAL_SURFACE ( 'NONE', #4262, 0.9999999999998222533 ) ;
#2227 = DIRECTION ( 'NONE',  ( 0.000000000000000000, 0.000000000000000000, -1.000000000000000000 ) ) ;
#2228 = AXIS2_PLACEMENT_3D ( 'NONE', #1253, #227, #2218 ) ;
#2229 = DIRECTION ( 'NONE',  ( 1.000000000000000000, 0.000000000000000000, 0.000000000000000000 ) ) ;
#2230 = EDGE_CURVE ( 'NONE', #821, #732, #2059, .T. ) ;
#2231 = EDGE_CURVE ( 'NONE', #2509, #1630, #3794, .T. ) ;
#2232 = ORIENTED_EDGE ( 'NONE', *, *, #3570, .F. ) ;
#2233 = DIRECTION ( 'NONE',  ( -1.000000000000000000, -5.947623346206190399E-16, -0.000000000000000000 ) ) ;
#2234 = DIRECTION ( 'NONE',  ( -1.000000000000000000, 0.000000000000000000, 0.000000000000000000 ) ) ;
#2235 = ORIENTED_EDGE ( 'NONE', *, *, #3776, .F. ) ;
#2236 = DIRECTION ( 'NONE',  ( -1.000000000000000000, 0.000000000000000000, 0.000000000000000000 ) ) ;
#2237 = VERTEX_POINT ( 'NONE', #13 ) ;
#2238 = DIRECTION ( 'NONE',  ( 1.000000000000000000, -5.947623346206190399E-16, 0.000000000000000000 ) ) ;
#2239 = AXIS2_PLACEMENT_3D ( 'NONE', #2396, #2666, #1679 ) ;
#2240 = CARTESIAN_POINT ( 'NONE',  ( -31.52412065912967876, 0.000000000000000000, 2.000000000000000000 ) ) ;
#2241 = ORIENTED_EDGE ( 'NONE', *, *, #2709, .F. ) ;
#2242 = ORIENTED_EDGE ( 'NONE', *, *, #65, .T. ) ;
#2243 = AXIS2_PLACEMENT_3D ( 'NONE', #2, #3006, #4028 ) ;
#2244 = CARTESIAN_POINT ( 'NONE',  ( -3.640949020223452237, 48.88661684659246021, 5.000000000000000000 ) ) ;
#2245 = ADVANCED_FACE ( 'NONE', ( #4110 ), #1012, .F. ) ;
#2246 = CARTESIAN_POINT ( 'NONE',  ( -52.53828962499051869, 22.86114967175884161, 2.000000000000000000 ) ) ;
#2247 = CARTESIAN_POINT ( 'NONE',  ( -100.7450000000000188, 55.00000000000000711, 0.000000000000000000 ) ) ;
#2248 = DIRECTION ( 'NONE',  ( 0.000000000000000000, 0.000000000000000000, -1.000000000000000000 ) ) ;
#2249 = VECTOR ( 'NONE', #1168, 1000.000000000000000 ) ;
#2250 = FACE_OUTER_BOUND ( 'NONE', #2438, .T. ) ;
#2251 = DIRECTION ( 'NONE',  ( 0.000000000000000000, 0.000000000000000000, -1.000000000000000000 ) ) ;
#2252 = FACE_OUTER_BOUND ( 'NONE', #363, .T. ) ;
#2253 = VECTOR ( 'NONE', #345, 1000.000000000000000 ) ;
#2254 = ORIENTED_EDGE ( 'NONE', *, *, #1893, .T. ) ;
#2255 = CARTESIAN_POINT ( 'NONE',  ( -57.54723398003460488, 13.65589906941674769, 2.585786437626905077 ) ) ;
#2256 = AXIS2_PLACEMENT_3D ( 'NONE', #3453, #1736, #388 ) ;
#2257 = CARTESIAN_POINT ( 'NONE',  ( 9.994999999999995666, -45.00000000000000000, 5.000000000000000000 ) ) ;
#2258 = ORIENTED_EDGE ( 'NONE', *, *, #4178, .F. ) ;
#2259 = CARTESIAN_POINT ( 'NONE',  ( -10.61499092853951431, -46.98838713590125593, 2.000000000000000000 ) ) ;
#2260 = ORIENTED_EDGE ( 'NONE', *, *, #2166, .T. ) ;
#2261 = PLANE ( 'NONE',  #1232 ) ;
#2262 = VECTOR ( 'NONE', #1985, 1000.000000000000000 ) ;
#2263 = CYLINDRICAL_SURFACE ( 'NONE', #2023, 2.249999999999988010 ) ;
#2264 = AXIS2_PLACEMENT_3D ( 'NONE', #3920, #3128, #3827 ) ;
#2265 = ORIENTED_EDGE ( 'NONE', *, *, #1720, .F. ) ;
#2266 = EDGE_LOOP ( 'NONE', ( #513, #2969, #2720, #1883 ) ) ;
#2267 = CARTESIAN_POINT ( 'NONE',  ( -30.52412065912967876, 33.14526759496442310, 0.000000000000000000 ) ) ;
#2268 = CARTESIAN_POINT ( 'NONE',  ( 5.505000000000000782, -45.34761299932682022, -5.000000000000000000 ) ) ;
#2269 = EDGE_CURVE ( 'NONE', #1944, #1868, #119, .T. ) ;
#2270 = LINE ( 'NONE', #2247, #656 ) ;
#2271 = DIRECTION ( 'NONE',  ( 0.000000000000000000, 0.000000000000000000, -1.000000000000000000 ) ) ;
#2272 = LINE ( 'NONE', #3318, #2577 ) ;
#2273 = EDGE_CURVE ( 'NONE', #3519, #2087, #366, .T. ) ;
#2274 = LINE ( 'NONE', #4021, #1478 ) ;
#2275 = CARTESIAN_POINT ( 'NONE',  ( -51.74500000000003297, 24.96634659296628556, 2.976937770701489683 ) ) ;
#2276 = ORIENTED_EDGE ( 'NONE', *, *, #516, .F. ) ;
#2277 = AXIS2_PLACEMENT_3D ( 'NONE', #3261, #4342, #892 ) ;
#2278 = DIRECTION ( 'NONE',  ( -1.000000000000000000, 5.825304554501312687E-16, 0.000000000000000000 ) ) ;
#2279 = DIRECTION ( 'NONE',  ( -1.000000000000000000, -0.000000000000000000, -0.000000000000000000 ) ) ;
#2280 = ORIENTED_EDGE ( 'NONE', *, *, #817, .T. ) ;
#2281 = CARTESIAN_POINT ( 'NONE',  ( -68.74499999999999034, 41.99999999999999289, 5.000000000000000000 ) ) ;
#2282 = ORIENTED_EDGE ( 'NONE', *, *, #464, .F. ) ;
#2283 = DIRECTION ( 'NONE',  ( 0.000000000000000000, -1.000000000000000000, 0.000000000000000000 ) ) ;
#2284 = CARTESIAN_POINT ( 'NONE',  ( -10.61499092853951431, -46.98838713590125593, 2.000000000000000000 ) ) ;
#2285 = ORIENTED_EDGE ( 'NONE', *, *, #149, .F. ) ;
#2286 = ORIENTED_EDGE ( 'NONE', *, *, #899, .F. ) ;
#2287 = DIRECTION ( 'NONE',  ( 0.000000000000000000, -0.000000000000000000, 1.000000000000000000 ) ) ;
#2288 = EDGE_CURVE ( 'NONE', #452, #302, #1184, .T. ) ;
#2289 = VECTOR ( 'NONE', #4396, 1000.000000000000000 ) ;
#2290 = CARTESIAN_POINT ( 'NONE',  ( -56.54723398003460488, 12.65589906941674769, 3.000000000000000000 ) ) ;
#2291 = EDGE_LOOP ( 'NONE', ( #3958, #2422, #2182, #2937 ) ) ;
#2292 = CYLINDRICAL_SURFACE ( 'NONE', #577, 3.000000000000002665 ) ;
#2293 = CARTESIAN_POINT ( 'NONE',  ( -48.74500000000000455, -51.94761299932682164, 5.000000000000000000 ) ) ;
#2294 = FACE_OUTER_BOUND ( 'NONE', #1153, .T. ) ;
#2295 = DIRECTION ( 'NONE',  ( 0.000000000000000000, 0.000000000000000000, -1.000000000000000000 ) ) ;
#2296 = ADVANCED_FACE ( 'NONE', ( #2030 ), #2385, .F. ) ;
#2297 = ORIENTED_EDGE ( 'NONE', *, *, #1072, .T. ) ;
#2298 = DIRECTION ( 'NONE',  ( 0.000000000000000000, 0.000000000000000000, 1.000000000000000000 ) ) ;
#2299 = VECTOR ( 'NONE', #4113, 1000.000000000000000 ) ;
#2300 = ORIENTED_EDGE ( 'NONE', *, *, #3776, .T. ) ;
#2301 = DIRECTION ( 'NONE',  ( -1.000000000000000000, 0.000000000000000000, 0.000000000000000000 ) ) ;
#2302 = LINE ( 'NONE', #860, #1859 ) ;
#2303 = PRODUCT_DEFINITION ( 'UNKNOWN', '', #4144, #2019 ) ;
#2304 = ORIENTED_EDGE ( 'NONE', *, *, #1519, .F. ) ;
#2305 = LINE ( 'NONE', #3740, #1319 ) ;
#2306 = ORIENTED_EDGE ( 'NONE', *, *, #971, .T. ) ;
#2307 = DIRECTION ( 'NONE',  ( 5.947623346206190399E-16, -1.000000000000000000, 0.000000000000000000 ) ) ;
#2308 = VECTOR ( 'NONE', #3913, 1000.000000000000000 ) ;
#2309 = ADVANCED_FACE ( 'NONE', ( #386 ), #4439, .F. ) ;
#2310 = LINE ( 'NONE', #889, #2517 ) ;
#2311 = ORIENTED_EDGE ( 'NONE', *, *, #911, .T. ) ;
#2312 = EDGE_LOOP ( 'NONE', ( #2370, #4356, #660, #1216 ) ) ;
#2313 = DIRECTION ( 'NONE',  ( -1.000000000000000000, 0.000000000000000000, 0.000000000000000000 ) ) ;
#2314 = EDGE_CURVE ( 'NONE', #2189, #2645, #348, .T. ) ;
#2315 = PLANE ( 'NONE',  #694 ) ;
#2316 = VERTEX_POINT ( 'NONE', #3409 ) ;
#2317 = VECTOR ( 'NONE', #3255, 1000.000000000000000 ) ;
#2318 = CARTESIAN_POINT ( 'NONE',  ( -58.74500000000000455, 60.97999999999998266, 5.000000000000000000 ) ) ;
#2319 = AXIS2_PLACEMENT_3D ( 'NONE', #2281, #3668, #4310 ) ;
#2320 = CARTESIAN_POINT ( 'NONE',  ( -19.62448257959728437, 37.76407684932541997, 3.000000000000000000 ) ) ;
#2321 = ORIENTED_EDGE ( 'NONE', *, *, #3415, .F. ) ;
#2322 = DIRECTION ( 'NONE',  ( 0.000000000000000000, 0.000000000000000000, -1.000000000000000000 ) ) ;
#2323 = CARTESIAN_POINT ( 'NONE',  ( -10.61499092853951431, -46.98838713590125593, 0.000000000000000000 ) ) ;
#2324 = ORIENTED_EDGE ( 'NONE', *, *, #2724, .F. ) ;
#2325 = CIRCLE ( 'NONE', #3336, 3.000000000000009770 ) ;
#2326 = CARTESIAN_POINT ( 'NONE',  ( -51.74500000000001876, 31.79203768307636935, 3.000000000000000000 ) ) ;
#2327 = ORIENTED_EDGE ( 'NONE', *, *, #1167, .T. ) ;
#2328 = CYLINDRICAL_SURFACE ( 'NONE', #1145, 1.599999999999997202 ) ;
#2329 = DIRECTION ( 'NONE',  ( 0.000000000000000000, 1.000000000000000000, 0.000000000000000000 ) ) ;
#2330 = ORIENTED_EDGE ( 'NONE', *, *, #3298, .T. ) ;
#2331 = DIRECTION ( 'NONE',  ( -1.000000000000000000, 0.000000000000000000, 0.000000000000000000 ) ) ;
#2332 = ORIENTED_EDGE ( 'NONE', *, *, #3923, .T. ) ;
#2333 = VECTOR ( 'NONE', #948, 1000.000000000000000 ) ;
#2334 = DIRECTION ( 'NONE',  ( 1.000000000000000000, 0.000000000000000000, 0.000000000000000000 ) ) ;
#2335 = CARTESIAN_POINT ( 'NONE',  ( -51.74500000000001876, 24.69709399849703857, 3.000000000000000000 ) ) ;
#2336 = ORIENTED_EDGE ( 'NONE', *, *, #3382, .T. ) ;
#2337 = ORIENTED_EDGE ( 'NONE', *, *, #1489, .F. ) ;
#2338 = CARTESIAN_POINT ( 'NONE',  ( -52.53828962499068922, -25.15438010052512041, 2.000000000000000000 ) ) ;
#2339 = VECTOR ( 'NONE', #1691, 1000.000000000000000 ) ;
#2340 = CARTESIAN_POINT ( 'NONE',  ( 5.504999999999988347, 45.34761299932682022, -5.000000000000000000 ) ) ;
#2341 = LINE ( 'NONE', #4394, #2514 ) ;
#2342 = CARTESIAN_POINT ( 'NONE',  ( -57.13302041766150552, 9.013114661055622534, 3.000000000000000000 ) ) ;
#2343 = CARTESIAN_POINT ( 'NONE',  ( -96.74500000000000455, 50.00000000000000711, 5.000000000000000000 ) ) ;
#2344 = LINE ( 'NONE', #4325, #2767 ) ;
#2345 = ORIENTED_EDGE ( 'NONE', *, *, #2431, .F. ) ;
#2346 = PLANE ( 'NONE',  #1539 ) ;
#2347 = ORIENTED_EDGE ( 'NONE', *, *, #3727, .F. ) ;
#2348 = CARTESIAN_POINT ( 'NONE',  ( -97.74500000000001876, -48.00000000000003553, 5.000000000000000000 ) ) ;
#2349 = CARTESIAN_POINT ( 'NONE',  ( 8.394999999999997797, -45.00000000000000000, 5.000000000000000000 ) ) ;
#2350 = EDGE_LOOP ( 'NONE', ( #2276, #693, #2822, #3238 ) ) ;
#2351 = EDGE_CURVE ( 'NONE', #1518, #2579, #1379, .T. ) ;
#2352 = CARTESIAN_POINT ( 'NONE',  ( 0.000000000000000000, 38.76407684932542708, 2.000000000000000000 ) ) ;
#2353 = CIRCLE ( 'NONE', #2277, 3.000000000000002665 ) ;
#2354 = VERTEX_POINT ( 'NONE', #2705 ) ;
#2355 = FACE_OUTER_BOUND ( 'NONE', #3652, .T. ) ;
#2356 = DIRECTION ( 'NONE',  ( 1.000000000000000000, 0.000000000000000000, 0.000000000000000000 ) ) ;
#2357 = VERTEX_POINT ( 'NONE', #2005 ) ;
#2358 = ORIENTED_EDGE ( 'NONE', *, *, #2889, .T. ) ;
#2359 = EDGE_CURVE ( 'NONE', #3332, #732, #1033, .T. ) ;
#2360 = DIRECTION ( 'NONE',  ( 0.000000000000000000, 0.000000000000000000, -1.000000000000000000 ) ) ;
#2361 = LINE ( 'NONE', #56, #2549 ) ;
#2362 = CIRCLE ( 'NONE', #3296, 3.000000000000002665 ) ;
#2363 = EDGE_CURVE ( 'NONE', #442, #3577, #21, .T. ) ;
#2364 = CARTESIAN_POINT ( 'NONE',  ( -52.53828962499051869, 22.86114967175884161, 3.000000000000000000 ) ) ;
#2365 = AXIS2_PLACEMENT_3D ( 'NONE', #3340, #1311, #2322 ) ;
#2366 = ADVANCED_FACE ( 'NONE', ( #1402 ), #631, .T. ) ;
#2367 = CARTESIAN_POINT ( 'NONE',  ( -10.61499092853945925, -39.38838713590120477, 2.000000000000000000 ) ) ;
#2368 = VERTEX_POINT ( 'NONE', #3132 ) ;
#2369 = CARTESIAN_POINT ( 'NONE',  ( -51.74500000000000455, -27.94761299931796117, 2.428171754288506179 ) ) ;
#2370 = ORIENTED_EDGE ( 'NONE', *, *, #3123, .F. ) ;
#2371 = CARTESIAN_POINT ( 'NONE',  ( -60.00500000000020151, -79.50000000000009948, 0.000000000000000000 ) ) ;
#2372 = EDGE_CURVE ( 'NONE', #2998, #4246, #1300, .T. ) ;
#2373 = CARTESIAN_POINT ( 'NONE',  ( 5.504999999999988347, 45.34761299932682022, 0.000000000000000000 ) ) ;
#2374 = ADVANCED_FACE ( 'NONE', ( #3582 ), #1820, .T. ) ;
#2375 = AXIS2_PLACEMENT_3D ( 'NONE', #3227, #148, #1217 ) ;
#2376 = VERTEX_POINT ( 'NONE', #490 ) ;
#2377 = AXIS2_PLACEMENT_3D ( 'NONE', #278, #4017, #2634 ) ;
#2378 = LINE ( 'NONE', #1707, #676 ) ;
#2379 = VERTEX_POINT ( 'NONE', #406 ) ;
#2380 = AXIS2_PLACEMENT_3D ( 'NONE', #2790, #3196, #1423 ) ;
#2381 = LINE ( 'NONE', #1684, #32 ) ;
#2382 = CARTESIAN_POINT ( 'NONE',  ( -59.07643930294683798, -75.35267857142865466, 0.000000000000000000 ) ) ;
#2383 = ORIENTED_EDGE ( 'NONE', *, *, #2081, .F. ) ;
#2384 = LINE ( 'NONE', #55, #2423 ) ;
#2385 = CYLINDRICAL_SURFACE ( 'NONE', #3898, 1.000000000000000000 ) ;
#2386 = ORIENTED_EDGE ( 'NONE', *, *, #3357, .F. ) ;
#2387 = CARTESIAN_POINT ( 'NONE',  ( -65.74500000000000455, 75.26667162653228615, 5.000000000000000000 ) ) ;
#2388 = ORIENTED_EDGE ( 'NONE', *, *, #83, .F. ) ;
#2389 = ADVANCED_FACE ( 'NONE', ( #3831 ), #138, .F. ) ;
#2390 = VECTOR ( 'NONE', #1116, 1000.000000000000000 ) ;
#2391 = VECTOR ( 'NONE', #23, 1000.000000000000000 ) ;
#2392 = DIRECTION ( 'NONE',  ( 1.000000000000000000, 0.000000000000000000, 0.000000000000000000 ) ) ;
#2393 = CARTESIAN_POINT ( 'NONE',  ( -51.74500000000001876, 20.50226399989849924, 2.881939382530260829 ) ) ;
#2394 = ORIENTED_EDGE ( 'NONE', *, *, #2522, .F. ) ;
#2395 = VECTOR ( 'NONE', #3169, 1000.000000000000000 ) ;
#2396 = CARTESIAN_POINT ( 'NONE',  ( -97.74500000000001876, 48.00000000000000711, 0.000000000000000000 ) ) ;
#2397 = AXIS2_PLACEMENT_3D ( 'NONE', #129, #2784, #4236 ) ;
#2398 = AXIS2_PLACEMENT_3D ( 'NONE', #2903, #1496, #3223 ) ;
#2399 = ORIENTED_EDGE ( 'NONE', *, *, #1705, .T. ) ;
#2400 = VERTEX_POINT ( 'NONE', #736 ) ;
#2401 = DIRECTION ( 'NONE',  ( 0.000000000000000000, 0.000000000000000000, -1.000000000000000000 ) ) ;
#2402 = PLANE ( 'NONE',  #1114 ) ;
#2403 = ORIENTED_EDGE ( 'NONE', *, *, #3638, .T. ) ;
#2404 = EDGE_CURVE ( 'NONE', #3876, #2376, #2986, .T. ) ;
#2405 = CARTESIAN_POINT ( 'NONE',  ( -9.614990928539691950, -46.98838713590125593, 3.000000000000000000 ) ) ;
#2406 = AXIS2_PLACEMENT_3D ( 'NONE', #2978, #4423, #1316 ) ;
#2407 = EDGE_CURVE ( 'NONE', #1437, #1767, #4179, .T. ) ;
#2408 = DIRECTION ( 'NONE',  ( -0.000000000000000000, -0.000000000000000000, -1.000000000000000000 ) ) ;
#2409 = ORIENTED_EDGE ( 'NONE', *, *, #3343, .T. ) ;
#2410 = CARTESIAN_POINT ( 'NONE',  ( 9.994999999999995666, -45.00000000000000000, 2.000000000000000000 ) ) ;
#2411 = ORIENTED_EDGE ( 'NONE', *, *, #1226, .F. ) ;
#2412 = VECTOR ( 'NONE', #1871, 1000.000000000000000 ) ;
#2413 = FACE_OUTER_BOUND ( 'NONE', #246, .T. ) ;
#2414 = CARTESIAN_POINT ( 'NONE',  ( 11.59499999999999176, -45.00000000000000000, 5.000000000000000000 ) ) ;
#2415 = EDGE_LOOP ( 'NONE', ( #22, #2192, #3832, #1999 ) ) ;
#2416 = EDGE_CURVE ( 'NONE', #2791, #177, #658, .T. ) ;
#2417 = DIRECTION ( 'NONE',  ( -0.000000000000000000, -1.000000000000000000, -0.000000000000000000 ) ) ;
#2418 = EDGE_LOOP ( 'NONE', ( #1952, #843, #3779, #3038 ) ) ;
#2419 = CARTESIAN_POINT ( 'NONE',  ( -15.93726924517893728, 42.26507572786680811, 5.000000000000000000 ) ) ;
#2420 = CARTESIAN_POINT ( 'NONE',  ( -60.00500000000000966, 72.49999999999995737, 5.000000000000000000 ) ) ;
#2421 = DIRECTION ( 'NONE',  ( -1.000000000000000000, 0.000000000000000000, 0.000000000000000000 ) ) ;
#2422 = ORIENTED_EDGE ( 'NONE', *, *, #1564, .F. ) ;
#2423 = VECTOR ( 'NONE', #4464, 1000.000000000000000 ) ;
#2424 = CARTESIAN_POINT ( 'NONE',  ( -30.52412065912967876, 30.43880777118787506, 2.000000000000000000 ) ) ;
#2425 = ADVANCED_FACE ( 'NONE', ( #1137 ), #3900, .F. ) ;
#2426 = CARTESIAN_POINT ( 'NONE',  ( -10.61499092853951431, -46.98838713590125593, 0.000000000000000000 ) ) ;
#2427 = ORIENTED_EDGE ( 'NONE', *, *, #1093, .F. ) ;
#2428 = CARTESIAN_POINT ( 'NONE',  ( -98.99500000000001876, -50.00000000000000711, 5.000000000000000000 ) ) ;
#2429 = CYLINDRICAL_SURFACE ( 'NONE', #107, 4.250000000000010658 ) ;
#2430 = VERTEX_POINT ( 'NONE', #3928 ) ;
#2431 = EDGE_CURVE ( 'NONE', #3946, #3332, #4266, .T. ) ;
#2432 = CIRCLE ( 'NONE', #492, 2.999999999999933387 ) ;
#2433 = PLANE ( 'NONE',  #4148 ) ;
#2434 = CARTESIAN_POINT ( 'NONE',  ( -51.74500000000001876, 20.18704162673644120, 2.628041422852472664 ) ) ;
#2435 = ORIENTED_EDGE ( 'NONE', *, *, #3546, .F. ) ;
#2436 = FACE_OUTER_BOUND ( 'NONE', #3716, .T. ) ;
#2437 = EDGE_CURVE ( 'NONE', #4080, #2701, #3236, .T. ) ;
#2438 = EDGE_LOOP ( 'NONE', ( #2869, #1462, #421, #2936 ) ) ;
#2439 = CIRCLE ( 'NONE', #2375, 2.250000000000001776 ) ;
#2440 = CARTESIAN_POINT ( 'NONE',  ( -54.52934526994632591, 9.598901098682526722, 3.000000000000000000 ) ) ;
#2441 = CARTESIAN_POINT ( 'NONE',  ( -62.74499999999999744, -75.26667162653230037, 0.000000000000000000 ) ) ;
#2442 = DIRECTION ( 'NONE',  ( 0.000000000000000000, 0.000000000000000000, -1.000000000000000000 ) ) ;
#2443 = VERTEX_POINT ( 'NONE', #1095 ) ;
#2444 = EDGE_CURVE ( 'NONE', #1868, #3599, #2829, .T. ) ;
#2445 = AXIS2_PLACEMENT_3D ( 'NONE', #1490, #2448, #3494 ) ;
#2446 = ADVANCED_FACE ( 'NONE', ( #1118 ), #2536, .F. ) ;
#2447 = CARTESIAN_POINT ( 'NONE',  ( -63.98149343014691937, 77.99999999999997158, 0.000000000000000000 ) ) ;
#2448 = DIRECTION ( 'NONE',  ( -0.000000000000000000, -0.000000000000000000, 1.000000000000000000 ) ) ;
#2449 = ORIENTED_EDGE ( 'NONE', *, *, #1810, .F. ) ;
#2450 = CARTESIAN_POINT ( 'NONE',  ( -51.74500000000000455, -23.31843577378699806, 3.000000000000000000 ) ) ;
#2451 = CARTESIAN_POINT ( 'NONE',  ( -60.00500000000000966, 72.49999999999995737, 0.000000000000000000 ) ) ;
#2452 = EDGE_LOOP ( 'NONE', ( #1491, #3846, #4072, #1971 ) ) ;
#2453 = CARTESIAN_POINT ( 'NONE',  ( 14.25499999999999723, -30.94761299932681808, 0.000000000000000000 ) ) ;
#2454 = LINE ( 'NONE', #412, #735 ) ;
#2455 = CARTESIAN_POINT ( 'NONE',  ( -100.7450000000000188, -52.00000000000003553, 5.000000000000000000 ) ) ;
#2456 = ORIENTED_EDGE ( 'NONE', *, *, #3449, .T. ) ;
#2457 = CARTESIAN_POINT ( 'NONE',  ( 9.994999999999995666, -45.00000000000000000, 2.000000000000000000 ) ) ;
#2458 = VECTOR ( 'NONE', #2819, 1000.000000000000000 ) ;
#2459 = VECTOR ( 'NONE', #79, 1000.000000000000000 ) ;
#2460 = EDGE_LOOP ( 'NONE', ( #3461, #121, #1076, #3598 ) ) ;
#2461 = DIRECTION ( 'NONE',  ( 0.000000000000000000, 0.000000000000000000, 1.000000000000000000 ) ) ;
#2462 = FACE_OUTER_BOUND ( 'NONE', #662, .T. ) ;
#2463 = EDGE_LOOP ( 'NONE', ( #951, #2539, #2483, #2932 ) ) ;
#2464 = CARTESIAN_POINT ( 'NONE',  ( 3.254999999999986127, 45.34761299932682022, -5.000000000000000000 ) ) ;
#2465 = VECTOR ( 'NONE', #2922, 1000.000000000000000 ) ;
#2466 = DIRECTION ( 'NONE',  ( -1.000000000000000000, 0.000000000000000000, 0.000000000000000000 ) ) ;
#2467 = CARTESIAN_POINT ( 'NONE',  ( -17.39105546427840565, 38.76407684932542708, 3.000000000000000000 ) ) ;
#2468 = ORIENTED_EDGE ( 'NONE', *, *, #3705, .T. ) ;
#2469 = DIRECTION ( 'NONE',  ( -0.000000000000000000, 0.000000000000000000, 1.000000000000000000 ) ) ;
#2470 = VECTOR ( 'NONE', #626, 1000.000000000000000 ) ;
#2471 = VECTOR ( 'NONE', #1991, 1000.000000000000000 ) ;
#2472 = CYLINDRICAL_SURFACE ( 'NONE', #1870, 3.000000000000009770 ) ;
#2473 = ORIENTED_EDGE ( 'NONE', *, *, #3974, .T. ) ;
#2474 = PLANE ( 'NONE',  #3458 ) ;
#2475 = CARTESIAN_POINT ( 'NONE',  ( -60.00500000000000966, -72.50000000000001421, 5.000000000000000000 ) ) ;
#2476 = LINE ( 'NONE', #3545, #3916 ) ;
#2477 = CARTESIAN_POINT ( 'NONE',  ( -54.74500000000000455, -78.00000000000000000, 0.000000000000000000 ) ) ;
#2478 = CIRCLE ( 'NONE', #1769, 2.249999999999988010 ) ;
#2479 = AXIS2_PLACEMENT_3D ( 'NONE', #2284, #3280, #3672 ) ;
#2480 = ORIENTED_EDGE ( 'NONE', *, *, #3036, .T. ) ;
#2481 = DIRECTION ( 'NONE',  ( -1.000000000000000000, 0.000000000000000000, 0.000000000000000000 ) ) ;
#2482 = ADVANCED_FACE ( 'NONE', ( #826 ), #4225, .F. ) ;
#2483 = ORIENTED_EDGE ( 'NONE', *, *, #1638, .T. ) ;
#2484 = DIRECTION ( 'NONE',  ( -1.000000000000000000, 0.000000000000000000, 0.000000000000000000 ) ) ;
#2485 = ORIENTED_EDGE ( 'NONE', *, *, #2028, .T. ) ;
#2486 = CARTESIAN_POINT ( 'NONE',  ( -51.74500000000001876, -66.99999999999997158, 10.00000000000000000 ) ) ;
#2487 = EDGE_CURVE ( 'NONE', #2022, #3941, #1843, .T. ) ;
#2488 = DIRECTION ( 'NONE',  ( 0.000000000000000000, 0.000000000000000000, -1.000000000000000000 ) ) ;
#2489 = ORIENTED_EDGE ( 'NONE', *, *, #633, .F. ) ;
#2490 = AXIS2_PLACEMENT_3D ( 'NONE', #1755, #324, #4134 ) ;
#2491 = DIRECTION ( 'NONE',  ( -0.000000000000000000, -0.000000000000000000, 1.000000000000000000 ) ) ;
#2492 = ORIENTED_EDGE ( 'NONE', *, *, #4386, .F. ) ;
#2493 = ADVANCED_FACE ( 'NONE', ( #4200 ), #2872, .F. ) ;
#2494 = CARTESIAN_POINT ( 'NONE',  ( -97.74500000000001876, -52.00000000000003553, 5.000000000000000000 ) ) ;
#2495 = CARTESIAN_POINT ( 'NONE',  ( -18.62448257959728437, 0.000000000000000000, 2.000000000000000000 ) ) ;
#2496 = DIRECTION ( 'NONE',  ( 0.000000000000000000, 1.000000000000000000, 0.000000000000000000 ) ) ;
#2497 = ADVANCED_FACE ( 'NONE', ( #424 ), #3878, .F. ) ;
#2498 = CARTESIAN_POINT ( 'NONE',  ( -5.714039969255037654, 48.05509417343802880, 0.000000000000000000 ) ) ;
#2499 = CIRCLE ( 'NONE', #1135, 3.000000000000002665 ) ;
#2500 = ORIENTED_EDGE ( 'NONE', *, *, #3189, .F. ) ;
#2501 = EDGE_CURVE ( 'NONE', #4240, #2873, #2310, .T. ) ;
#2502 = ADVANCED_FACE ( 'NONE', ( #4338 ), #1929, .F. ) ;
#2503 = FACE_OUTER_BOUND ( 'NONE', #2350, .T. ) ;
#2504 = EDGE_CURVE ( 'NONE', #915, #3153, #2650, .T. ) ;
#2505 = FACE_OUTER_BOUND ( 'NONE', #715, .T. ) ;
#2506 = AXIS2_PLACEMENT_3D ( 'NONE', #2143, #1494, #454 ) ;
#2507 = LINE ( 'NONE', #2174, #4444 ) ;
#2508 = ORIENTED_EDGE ( 'NONE', *, *, #1653, .T. ) ;
#2509 = VERTEX_POINT ( 'NONE', #4033 ) ;
#2510 = DIRECTION ( 'NONE',  ( -1.000000000000000000, -1.982541115402063631E-16, 0.000000000000000000 ) ) ;
#2511 = CIRCLE ( 'NONE', #223, 2.999999999999999556 ) ;
#2512 = DIRECTION ( 'NONE',  ( -1.000000000000000000, 0.000000000000000000, -0.000000000000000000 ) ) ;
#2513 = EDGE_LOOP ( 'NONE', ( #3955, #2403, #270, #252 ) ) ;
#2514 = VECTOR ( 'NONE', #2007, 1000.000000000000000 ) ;
#2515 = DIRECTION ( 'NONE',  ( 0.000000000000000000, 0.000000000000000000, 1.000000000000000000 ) ) ;
#2516 = EDGE_LOOP ( 'NONE', ( #3200, #396, #1337, #981 ) ) ;
#2517 = VECTOR ( 'NONE', #203, 1000.000000000000000 ) ;
#2518 = CARTESIAN_POINT ( 'NONE',  ( -68.74499999999999034, 54.99999999999998579, 5.000000000000000000 ) ) ;
#2519 = CARTESIAN_POINT ( 'NONE',  ( -10.90068441568816127, 43.09659840102123951, 0.000000000000000000 ) ) ;
#2520 = VECTOR ( 'NONE', #3009, 1000.000000000000000 ) ;
#2521 = CARTESIAN_POINT ( 'NONE',  ( -57.54723398003460488, 13.65589906941674947, 3.000000000000000000 ) ) ;
#2522 = EDGE_CURVE ( 'NONE', #1888, #4462, #2601, .T. ) ;
#2523 = DIRECTION ( 'NONE',  ( -0.000000000000000000, -1.000000000000000000, -0.000000000000000000 ) ) ;
#2524 = ORIENTED_EDGE ( 'NONE', *, *, #1564, .T. ) ;
#2525 = FACE_BOUND ( 'NONE', #3237, .T. ) ;
#2526 = FILL_AREA_STYLE ('',( #4261 ) ) ;
#2527 = EDGE_CURVE ( 'NONE', #1225, #1660, #867, .T. ) ;
#2528 = ORIENTED_EDGE ( 'NONE', *, *, #4367, .F. ) ;
#2529 = AXIS2_PLACEMENT_3D ( 'NONE', #1728, #4055, #3764 ) ;
#2530 = ORIENTED_EDGE ( 'NONE', *, *, #3819, .T. ) ;
#2531 = AXIS2_PLACEMENT_3D ( 'NONE', #2457, #1086, #2088 ) ;
#2532 = FACE_OUTER_BOUND ( 'NONE', #307, .T. ) ;
#2533 = ORIENTED_EDGE ( 'NONE', *, *, #599, .F. ) ;
#2534 = LINE ( 'NONE', #1488, #733 ) ;
#2535 = EDGE_CURVE ( 'NONE', #3071, #3821, #2627, .T. ) ;
#2536 = CYLINDRICAL_SURFACE ( 'NONE', #1080, 3.000000000000001776 ) ;
#2537 = AXIS2_PLACEMENT_3D ( 'NONE', #1262, #4374, #3706 ) ;
#2538 = ORIENTED_EDGE ( 'NONE', *, *, #2114, .F. ) ;
#2539 = ORIENTED_EDGE ( 'NONE', *, *, #3357, .T. ) ;
#2540 = DIRECTION ( 'NONE',  ( 1.000000000000000000, 0.000000000000000000, 0.000000000000000000 ) ) ;
#2541 =( GEOMETRIC_REPRESENTATION_CONTEXT ( 3 ) GLOBAL_UNCERTAINTY_ASSIGNED_CONTEXT ( ( #839 ) ) GLOBAL_UNIT_ASSIGNED_CONTEXT ( ( #2062, #635, #1309 ) ) REPRESENTATION_CONTEXT ( 'NONE', 'WORKASPACE' ) );
#2542 = ADVANCED_FACE ( 'NONE', ( #2988 ), #2263, .F. ) ;
#2543 = DIRECTION ( 'NONE',  ( 1.000000000000000000, 0.000000000000000000, 0.000000000000000000 ) ) ;
#2544 = CARTESIAN_POINT ( 'NONE',  ( -58.73499999999999943, -60.99000000000001620, 0.000000000000000000 ) ) ;
#2545 = CARTESIAN_POINT ( 'NONE',  ( -63.00500000000001677, -72.50000000000001421, 5.000000000000000000 ) ) ;
#2546 = DIRECTION ( 'NONE',  ( 1.000000000000000000, 6.033820786006289662E-16, -0.000000000000000000 ) ) ;
#2547 = ORIENTED_EDGE ( 'NONE', *, *, #49, .T. ) ;
#2548 = EDGE_CURVE ( 'NONE', #2189, #1181, #3537, .T. ) ;
#2549 = VECTOR ( 'NONE', #3748, 1000.000000000000000 ) ;
#2550 = CARTESIAN_POINT ( 'NONE',  ( -60.98500000000000654, -60.99000000000001620, 0.000000000000000000 ) ) ;
#2551 = FACE_OUTER_BOUND ( 'NONE', #2138, .T. ) ;
#2552 = EDGE_LOOP ( 'NONE', ( #2153, #404, #2733, #3836, #3300 ) ) ;
#2553 = ADVANCED_FACE ( 'NONE', ( #3623 ), #4387, .F. ) ;
#2554 = ORIENTED_EDGE ( 'NONE', *, *, #1367, .F. ) ;
#2555 = CARTESIAN_POINT ( 'NONE',  ( -100.7450000000000188, -48.00000000000003553, 0.000000000000000000 ) ) ;
#2556 = ORIENTED_EDGE ( 'NONE', *, *, #1516, .F. ) ;
#2557 = CARTESIAN_POINT ( 'NONE',  ( -97.74500000000001876, 48.00000000000000711, 5.000000000000000000 ) ) ;
#2558 = CARTESIAN_POINT ( 'NONE',  ( 5.504999999999988347, 45.34761299932682022, 5.000000000000000000 ) ) ;
#2559 = EDGE_LOOP ( 'NONE', ( #2746, #3039, #3904, #4265 ) ) ;
#2560 = ORIENTED_EDGE ( 'NONE', *, *, #4296, .F. ) ;
#2561 = EDGE_CURVE ( 'NONE', #3197, #468, #2960, .T. ) ;
#2562 = FACE_OUTER_BOUND ( 'NONE', #3448, .T. ) ;
#2563 = CARTESIAN_POINT ( 'NONE',  ( -65.74499999999999034, -58.00000000000002842, 5.000000000000000000 ) ) ;
#2564 = LINE ( 'NONE', #3949, #1515 ) ;
#2565 = CARTESIAN_POINT ( 'NONE',  ( -56.54723398003460488, 9.598901098682526722, 3.000000000000000000 ) ) ;
#2566 = DIRECTION ( 'NONE',  ( -1.000000000000000000, 0.000000000000000000, 0.000000000000000000 ) ) ;
#2567 = ORIENTED_EDGE ( 'NONE', *, *, #2191, .T. ) ;
#2568 = DIRECTION ( 'NONE',  ( -1.000000000000000000, 0.000000000000000000, 0.000000000000000000 ) ) ;
#2569 = EDGE_CURVE ( 'NONE', #1763, #2648, #4364, .T. ) ;
#2570 = FACE_BOUND ( 'NONE', #2571, .T. ) ;
#2571 = EDGE_LOOP ( 'NONE', ( #4269, #1822 ) ) ;
#2572 = ORIENTED_EDGE ( 'NONE', *, *, #2782, .T. ) ;
#2573 = DIRECTION ( 'NONE',  ( 0.000000000000000000, 0.000000000000000000, 1.000000000000000000 ) ) ;
#2574 = VERTEX_POINT ( 'NONE', #158 ) ;
#2575 = ADVANCED_FACE ( 'NONE', ( #579 ), #1527, .F. ) ;
#2576 = CARTESIAN_POINT ( 'NONE',  ( -22.14407308639565386, 42.26507572786680811, 3.000000000000000000 ) ) ;
#2577 = VECTOR ( 'NONE', #1917, 1000.000000000000000 ) ;
#2578 = CARTESIAN_POINT ( 'NONE',  ( 14.25499999999999723, 45.88661684659245310, 5.000000000000000000 ) ) ;
#2579 = VERTEX_POINT ( 'NONE', #2558 ) ;
#2580 = EDGE_LOOP ( 'NONE', ( #1279, #782, #381, #1200 ) ) ;
#2581 = FACE_OUTER_BOUND ( 'NONE', #147, .T. ) ;
#2582 = AXIS2_PLACEMENT_3D ( 'NONE', #547, #1923, #3294 ) ;
#2583 = VECTOR ( 'NONE', #3728, 1000.000000000000000 ) ;
#2584 = DIRECTION ( 'NONE',  ( 1.000000000000000000, 0.000000000000000000, 0.000000000000000000 ) ) ;
#2585 = DIRECTION ( 'NONE',  ( 5.825304554501312687E-16, 1.000000000000000000, -0.000000000000000000 ) ) ;
#2586 = FACE_OUTER_BOUND ( 'NONE', #1059, .T. ) ;
#2587 = VECTOR ( 'NONE', #1734, 1000.000000000000000 ) ;
#2588 = DIRECTION ( 'NONE',  ( -1.000000000000000000, 0.000000000000000000, 0.000000000000000000 ) ) ;
#2589 = EDGE_CURVE ( 'NONE', #112, #1591, #229, .T. ) ;
#2590 = DIRECTION ( 'NONE',  ( 0.000000000000000000, 0.000000000000000000, -1.000000000000000000 ) ) ;
#2591 = ORIENTED_EDGE ( 'NONE', *, *, #207, .T. ) ;
#2592 = FACE_OUTER_BOUND ( 'NONE', #882, .T. ) ;
#2593 = DIRECTION ( 'NONE',  ( -1.000000000000000000, 0.000000000000000000, 0.000000000000000000 ) ) ;
#2594 = EDGE_LOOP ( 'NONE', ( #374, #2449 ) ) ;
#2595 = CARTESIAN_POINT ( 'NONE',  ( -68.74499999999999034, -45.00000000000001421, 0.000000000000000000 ) ) ;
#2596 = ORIENTED_EDGE ( 'NONE', *, *, #1385, .F. ) ;
#2597 = CARTESIAN_POINT ( 'NONE',  ( -51.74500000000001876, 45.26507572786680811, 5.000000000000000000 ) ) ;
#2598 = EDGE_CURVE ( 'NONE', #117, #3613, #1948, .T. ) ;
#2599 = AXIS2_PLACEMENT_3D ( 'NONE', #3877, #3581, #2809 ) ;
#2600 = TOROIDAL_SURFACE ( 'NONE', #3979, 1.999999999999935829, 1.000000000000000000 ) ;
#2601 = LINE ( 'NONE', #3604, #3966 ) ;
#2602 = EDGE_LOOP ( 'NONE', ( #1197, #2027, #482, #647 ) ) ;
#2603 = ORIENTED_EDGE ( 'NONE', *, *, #1606, .F. ) ;
#2604 = VECTOR ( 'NONE', #3373, 1000.000000000000000 ) ;
#2605 = EDGE_CURVE ( 'NONE', #1181, #169, #1955, .T. ) ;
#2606 = DIRECTION ( 'NONE',  ( -1.000000000000000000, 0.000000000000000000, 0.000000000000000000 ) ) ;
#2607 = CLOSED_SHELL ( 'NONE', ( #3122, #2775, #439, #1302, #703, #2631, #1420, #1986, #276, #2992, #2085, #352, #3035, #3839, #2694, #2902, #1760, #3055, #478, #1288, #3113, #4112, #3476, #2205, #251, #3953, #3204, #2999, #646, #3574, #1422, #3767, #2553, #3918, #1568, #2425, #2764, #1934, #4101, #3814, #3855, #137, #1750, #1047, #2502, #615, #247, #1065, #4118, #790, #445, #3436, #2051, #3085, #2542, #2747, #2083, #2636, #2040, #3551, #2374, #4260, #801, #3028, #3801, #3509, #2786, #3746, #163, #621, #3622, #3485, #2309, #2092, #4155, #4158, #38, #2482, #3907, #3225, #1841, #1979, #118, #222, #709, #1102, #126, #2245, #446, #1738, #3788, #663, #1274, #3167, #3048, #2389, #1906, #2625, #460, #193, #2296, #4363, #470, #4319, #4468, #2493, #2446, #1970, #2575, #3469, #3441, #103, #2366, #1015, #3008, #3456, #372, #1963, #2497, #909, #3646, #3510, #3012, #1265, #489, #3633, #1919, #1085, #1273, #114, #59, #4191, #4020, #4210, #1788, #1143 ) ) ;
#2608 = VECTOR ( 'NONE', #854, 1000.000000000000000 ) ;
#2609 = DIRECTION ( 'NONE',  ( -1.000000000000000000, 0.000000000000000000, 0.000000000000000000 ) ) ;
#2610 = DIRECTION ( 'NONE',  ( -0.000000000000000000, -0.000000000000000000, -1.000000000000000000 ) ) ;
#2611 = LINE ( 'NONE', #541, #3701 ) ;
#2612 = AXIS2_PLACEMENT_3D ( 'NONE', #1671, #3045, #4114 ) ;
#2613 = CARTESIAN_POINT ( 'NONE',  ( 14.25499999999999723, 45.88661684659245310, 0.000000000000000000 ) ) ;
#2614 = DIRECTION ( 'NONE',  ( 0.000000000000000000, -0.000000000000000000, -1.000000000000000000 ) ) ;
#2615 = AXIS2_PLACEMENT_3D ( 'NONE', #3341, #1605, #2975 ) ;
#2616 = CARTESIAN_POINT ( 'NONE',  ( -98.99500000000001876, -50.00000000000000711, 0.000000000000000000 ) ) ;
#2617 = ORIENTED_EDGE ( 'NONE', *, *, #2851, .F. ) ;
#2618 = CARTESIAN_POINT ( 'NONE',  ( -11.61499092853927451, -39.38838713590120477, 2.000000000000000000 ) ) ;
#2619 = CIRCLE ( 'NONE', #750, 4.250000000000010658 ) ;
#2620 = CARTESIAN_POINT ( 'NONE',  ( -65.74500000000000455, 77.99999999999997158, 10.00000000000000000 ) ) ;
#2621 = ORIENTED_EDGE ( 'NONE', *, *, #2139, .T. ) ;
#2622 = CARTESIAN_POINT ( 'NONE',  ( 11.25499999999999368, -48.94761299932681453, 5.000000000000000000 ) ) ;
#2623 = VERTEX_POINT ( 'NONE', #1202 ) ;
#2624 = DIRECTION ( 'NONE',  ( 0.000000000000000000, 0.000000000000000000, -1.000000000000000000 ) ) ;
#2625 = ADVANCED_FACE ( 'NONE', ( #1981 ), #1548, .F. ) ;
#2626 = VECTOR ( 'NONE', #1355, 1000.000000000000000 ) ;
#2627 = LINE ( 'NONE', #4314, #1378 ) ;
#2628 = ORIENTED_EDGE ( 'NONE', *, *, #3691, .F. ) ;
#2629 = ORIENTED_EDGE ( 'NONE', *, *, #1874, .F. ) ;
#2630 = DIRECTION ( 'NONE',  ( 0.000000000000000000, 1.000000000000000000, 0.000000000000000000 ) ) ;
#2631 = ADVANCED_FACE ( 'NONE', ( #2672 ), #3061, .F. ) ;
#2632 = CARTESIAN_POINT ( 'NONE',  ( -58.74500000000000455, 60.97999999999998266, 0.000000000000000000 ) ) ;
#2633 = EDGE_LOOP ( 'NONE', ( #2979, #3246, #2628, #1508, #68, #2560, #2198, #3326 ) ) ;
#2634 = DIRECTION ( 'NONE',  ( 0.000000000000000000, -0.000000000000000000, 1.000000000000000000 ) ) ;
#2635 = PLANE ( 'NONE',  #3988 ) ;
#2636 = ADVANCED_FACE ( 'NONE', ( #3789 ), #4153, .F. ) ;
#2637 = CARTESIAN_POINT ( 'NONE',  ( -22.14407308639565386, 39.80894216826094123, 2.000000000000000000 ) ) ;
#2638 = LINE ( 'NONE', #1627, #2333 ) ;
#2639 = CARTESIAN_POINT ( 'NONE',  ( -60.00500000000000966, 72.49999999999995737, 10.00000000000000000 ) ) ;
#2640 = ORIENTED_EDGE ( 'NONE', *, *, #1592, .F. ) ;
#2641 = CIRCLE ( 'NONE', #704, 2.999999999999933387 ) ;
#2642 = EDGE_CURVE ( 'NONE', #3519, #2509, #3262, .T. ) ;
#2643 = CARTESIAN_POINT ( 'NONE',  ( -62.74499999999999744, -75.26667162653230037, 0.000000000000000000 ) ) ;
#2644 = CARTESIAN_POINT ( 'NONE',  ( -97.74500000000001876, -55.00000000000003553, 5.000000000000000000 ) ) ;
#2645 = VERTEX_POINT ( 'NONE', #4106 ) ;
#2646 = FACE_OUTER_BOUND ( 'NONE', #1141, .T. ) ;
#2647 = EDGE_CURVE ( 'NONE', #2066, #216, #898, .T. ) ;
#2648 = VERTEX_POINT ( 'NONE', #3354 ) ;
#2649 = CARTESIAN_POINT ( 'NONE',  ( -10.61499092853945925, -39.38838713590120477, 2.000000000000000000 ) ) ;
#2650 = LINE ( 'NONE', #3987, #3395 ) ;
#2651 = VERTEX_POINT ( 'NONE', #2335 ) ;
#2652 = ORIENTED_EDGE ( 'NONE', *, *, #511, .T. ) ;
#2653 = CARTESIAN_POINT ( 'NONE',  ( -57.54723398003460488, 13.65589906941674947, 0.000000000000000000 ) ) ;
#2654 = CIRCLE ( 'NONE', #3158, 3.000000000000002665 ) ;
#2655 = DIRECTION ( 'NONE',  ( -1.000000000000000000, 0.000000000000000000, 0.000000000000000000 ) ) ;
#2656 = LINE ( 'NONE', #895, #791 ) ;
#2657 = LINE ( 'NONE', #945, #3484 ) ;
#2658 = CARTESIAN_POINT ( 'NONE',  ( -57.00500000000000256, -72.50000000000001421, 0.000000000000000000 ) ) ;
#2659 = LINE ( 'NONE', #3709, #1615 ) ;
#2660 = ORIENTED_EDGE ( 'NONE', *, *, #2372, .F. ) ;
#2661 = EDGE_CURVE ( 'NONE', #2368, #2215, #272, .T. ) ;
#2662 = DIRECTION ( 'NONE',  ( -0.000000000000000000, 0.000000000000000000, 1.000000000000000000 ) ) ;
#2663 = AXIS2_PLACEMENT_3D ( 'NONE', #2544, #497, #518 ) ;
#2664 = ORIENTED_EDGE ( 'NONE', *, *, #4032, .F. ) ;
#2665 = LINE ( 'NONE', #1320, #1659 ) ;
#2666 = DIRECTION ( 'NONE',  ( 0.000000000000000000, 0.000000000000000000, -1.000000000000000000 ) ) ;
#2667 = ORIENTED_EDGE ( 'NONE', *, *, #3586, .F. ) ;
#2668 = CYLINDRICAL_SURFACE ( 'NONE', #318, 3.000000000000009770 ) ;
#2669 = ORIENTED_EDGE ( 'NONE', *, *, #1231, .F. ) ;
#2670 = EDGE_CURVE ( 'NONE', #1412, #2213, #2722, .T. ) ;
#2671 = CARTESIAN_POINT ( 'NONE',  ( -51.74500000000001876, 45.26507572786680811, 0.000000000000000000 ) ) ;
#2672 = FACE_OUTER_BOUND ( 'NONE', #417, .T. ) ;
#2673 = EDGE_LOOP ( 'NONE', ( #546, #808, #916, #3882 ) ) ;
#2674 = ORIENTED_EDGE ( 'NONE', *, *, #1391, .T. ) ;
#2675 = LINE ( 'NONE', #917, #3217 ) ;
#2676 = EDGE_CURVE ( 'NONE', #216, #2048, #1007, .T. ) ;
#2677 = CARTESIAN_POINT ( 'NONE',  ( -65.74499999999999034, 57.99999999999998579, 5.000000000000000000 ) ) ;
#2678 = VECTOR ( 'NONE', #423, 1000.000000000000000 ) ;
#2679 = CARTESIAN_POINT ( 'NONE',  ( 14.25499999999999723, 48.88661684659246021, 0.000000000000000000 ) ) ;
#2680 = CIRCLE ( 'NONE', #1026, 2.999999999999933387 ) ;
#2681 = CARTESIAN_POINT ( 'NONE',  ( -51.74500000000001876, 66.99999999999997158, 5.000000000000000000 ) ) ;
#2682 = DIRECTION ( 'NONE',  ( 0.000000000000000000, 0.000000000000000000, 1.000000000000000000 ) ) ;
#2683 = ORIENTED_EDGE ( 'NONE', *, *, #2661, .F. ) ;
#2684 = VECTOR ( 'NONE', #2802, 1000.000000000000000 ) ;
#2685 = CIRCLE ( 'NONE', #2894, 2.999999999999999112 ) ;
#2686 = PLANE ( 'NONE',  #2981 ) ;
#2687 = ORIENTED_EDGE ( 'NONE', *, *, #4218, .T. ) ;
#2688 = LINE ( 'NONE', #3053, #431 ) ;
#2689 = CARTESIAN_POINT ( 'NONE',  ( 9.994999999999995666, 44.99999999999995737, 2.000000000000000000 ) ) ;
#2690 = AXIS2_PLACEMENT_3D ( 'NONE', #3658, #3950, #1939 ) ;
#2691 = VERTEX_POINT ( 'NONE', #714 ) ;
#2692 = AXIS2_PLACEMENT_3D ( 'NONE', #2240, #3697, #602 ) ;
#2693 = CYLINDRICAL_SURFACE ( 'NONE', #3774, 2.250000000000001776 ) ;
#2694 = ADVANCED_FACE ( 'NONE', ( #1640 ), #2745, .F. ) ;
#2695 = ORIENTED_EDGE ( 'NONE', *, *, #529, .F. ) ;
#2696 = AXIS2_PLACEMENT_3D ( 'NONE', #1313, #2682, #922 ) ;
#2697 = LINE ( 'NONE', #1025, #952 ) ;
#2698 = EDGE_CURVE ( 'NONE', #1779, #949, #542, .T. ) ;
#2699 = DIRECTION ( 'NONE',  ( -0.000000000000000000, -0.000000000000000000, 1.000000000000000000 ) ) ;
#2700 = ORIENTED_EDGE ( 'NONE', *, *, #4167, .T. ) ;
#2701 = VERTEX_POINT ( 'NONE', #2382 ) ;
#2702 = CARTESIAN_POINT ( 'NONE',  ( -63.98149343014689094, -78.00000000000000000, 0.000000000000000000 ) ) ;
#2703 = VECTOR ( 'NONE', #700, 1000.000000000000000 ) ;
#2704 = AXIS2_PLACEMENT_3D ( 'NONE', #677, #2699, #3105 ) ;
#2705 = CARTESIAN_POINT ( 'NONE',  ( -58.40499999999998693, -72.49999999999995737, 5.000000000000000000 ) ) ;
#2706 = VERTEX_POINT ( 'NONE', #3447 ) ;
#2707 = DIRECTION ( 'NONE',  ( 0.000000000000000000, 0.000000000000000000, 1.000000000000000000 ) ) ;
#2708 = EDGE_CURVE ( 'NONE', #459, #1186, #1711, .T. ) ;
#2709 = EDGE_CURVE ( 'NONE', #723, #4351, #3850, .T. ) ;
#2710 = ORIENTED_EDGE ( 'NONE', *, *, #4463, .T. ) ;
#2711 = CARTESIAN_POINT ( 'NONE',  ( 14.25499999999999723, 31.79203768307636935, 5.000000000000000000 ) ) ;
#2712 = DIRECTION ( 'NONE',  ( 0.000000000000000000, 0.000000000000000000, -1.000000000000000000 ) ) ;
#2713 = ORIENTED_EDGE ( 'NONE', *, *, #3647, .T. ) ;
#2714 = CARTESIAN_POINT ( 'NONE',  ( -51.74500000000001876, 21.02520534502064109, 3.000000000000000000 ) ) ;
#2715 = VERTEX_POINT ( 'NONE', #2053 ) ;
#2716 = DIRECTION ( 'NONE',  ( 0.000000000000000000, 0.000000000000000000, -1.000000000000000000 ) ) ;
#2717 = DIRECTION ( 'NONE',  ( 1.000000000000000000, 0.000000000000000000, 0.000000000000000000 ) ) ;
#2718 = ORIENTED_EDGE ( 'NONE', *, *, #2708, .F. ) ;
#2719 = DIRECTION ( 'NONE',  ( -1.000000000000000000, 0.000000000000000000, 0.000000000000000000 ) ) ;
#2720 = ORIENTED_EDGE ( 'NONE', *, *, #3244, .T. ) ;
#2721 = DIRECTION ( 'NONE',  ( -1.000000000000000000, 0.000000000000000000, 0.000000000000000000 ) ) ;
#2722 = LINE ( 'NONE', #2001, #2470 ) ;
#2723 = EDGE_LOOP ( 'NONE', ( #2547, #31, #2861, #3404 ) ) ;
#2724 = EDGE_CURVE ( 'NONE', #4213, #1280, #4457, .T. ) ;
#2725 = FACE_BOUND ( 'NONE', #4287, .T. ) ;
#2726 = CARTESIAN_POINT ( 'NONE',  ( -57.00500000000000256, -72.50000000000001421, 5.000000000000000000 ) ) ;
#2727 = AXIS2_PLACEMENT_3D ( 'NONE', #3553, #4194, #4216 ) ;
#2728 = ORIENTED_EDGE ( 'NONE', *, *, #3142, .T. ) ;
#2729 = DIRECTION ( 'NONE',  ( -1.000000000000000000, 0.000000000000000000, -0.000000000000000000 ) ) ;
#2730 = ORIENTED_EDGE ( 'NONE', *, *, #3214, .F. ) ;
#2731 = AXIS2_PLACEMENT_3D ( 'NONE', #520, #2881, #167 ) ;
#2732 = DIRECTION ( 'NONE',  ( 1.000000000000000000, 0.000000000000000000, 0.000000000000000000 ) ) ;
#2733 = ORIENTED_EDGE ( 'NONE', *, *, #1117, .F. ) ;
#2734 = DIRECTION ( 'NONE',  ( -1.000000000000000000, 0.000000000000000000, 0.000000000000000000 ) ) ;
#2735 = ORIENTED_EDGE ( 'NONE', *, *, #1155, .F. ) ;
#2736 = CARTESIAN_POINT ( 'NONE',  ( -3.640949020223453569, 45.88661684659245310, 5.000000000000000000 ) ) ;
#2737 = LINE ( 'NONE', #1020, #3184 ) ;
#2738 = CIRCLE ( 'NONE', #3890, 0.9999999999998170352 ) ;
#2739 = EDGE_CURVE ( 'NONE', #3595, #4351, #3403, .T. ) ;
#2740 = VERTEX_POINT ( 'NONE', #3743 ) ;
#2741 = VECTOR ( 'NONE', #3287, 1000.000000000000000 ) ;
#2742 = ORIENTED_EDGE ( 'NONE', *, *, #1810, .T. ) ;
#2743 = AXIS2_PLACEMENT_3D ( 'NONE', #4011, #4292, #914 ) ;
#2744 = PLANE ( 'NONE',  #562 ) ;
#2745 = CYLINDRICAL_SURFACE ( 'NONE', #748, 2.999999999999933387 ) ;
#2746 = ORIENTED_EDGE ( 'NONE', *, *, #691, .T. ) ;
#2747 = ADVANCED_FACE ( 'NONE', ( #4460 ), #3037, .F. ) ;
#2748 = CYLINDRICAL_SURFACE ( 'NONE', #2490, 1.000000000000000000 ) ;
#2749 = CARTESIAN_POINT ( 'NONE',  ( 12.99499999999999567, -45.00000000000000000, 2.000000000000000000 ) ) ;
#2750 = ORIENTED_EDGE ( 'NONE', *, *, #3360, .T. ) ;
#2751 = LINE ( 'NONE', #721, #3265 ) ;
#2752 = EDGE_CURVE ( 'NONE', #335, #4154, #1027, .T. ) ;
#2753 = CARTESIAN_POINT ( 'NONE',  ( -2.245000000000007656, 38.85999999999998522, 5.000000000000000000 ) ) ;
#2754 = ORIENTED_EDGE ( 'NONE', *, *, #1475, .F. ) ;
#2755 = VECTOR ( 'NONE', #1817, 1000.000000000000000 ) ;
#2756 = AXIS2_PLACEMENT_3D ( 'NONE', #4147, #692, #1000 ) ;
#2757 = FACE_OUTER_BOUND ( 'NONE', #2037, .T. ) ;
#2758 = DIRECTION ( 'NONE',  ( -0.000000000000000000, -0.000000000000000000, 1.000000000000000000 ) ) ;
#2759 = VERTEX_POINT ( 'NONE', #1373 ) ;
#2760 = LINE ( 'NONE', #3030, #1813 ) ;
#2761 = CIRCLE ( 'NONE', #1242, 2.250000000000002220 ) ;
#2762 = AXIS2_PLACEMENT_3D ( 'NONE', #1213, #545, #2014 ) ;
#2763 = ORIENTED_EDGE ( 'NONE', *, *, #338, .F. ) ;
#2764 = ADVANCED_FACE ( 'NONE', ( #4411 ), #2402, .F. ) ;
#2765 = CARTESIAN_POINT ( 'NONE',  ( -51.74499999999999034, -27.38247314717967384, 2.950181956267634131 ) ) ;
#2766 = CARTESIAN_POINT ( 'NONE',  ( -4.844257548789735246, 48.88661684659246021, 5.000000000000000000 ) ) ;
#2767 = VECTOR ( 'NONE', #1240, 1000.000000000000000 ) ;
#2768 = ORIENTED_EDGE ( 'NONE', *, *, #188, .T. ) ;
#2769 = EDGE_CURVE ( 'NONE', #1642, #57, #2507, .T. ) ;
#2770 = DIRECTION ( 'NONE',  ( 1.000000000000000000, 0.000000000000000000, 0.000000000000000000 ) ) ;
#2771 = DIRECTION ( 'NONE',  ( -1.000000000000000000, 0.000000000000000000, 0.000000000000000000 ) ) ;
#2772 = VERTEX_POINT ( 'NONE', #3467 ) ;
#2773 = CYLINDRICAL_SURFACE ( 'NONE', #1332, 2.250000000000002220 ) ;
#2774 = DIRECTION ( 'NONE',  ( 1.000000000000000000, -5.947623346206190399E-16, 0.000000000000000000 ) ) ;
#2775 = ADVANCED_FACE ( 'NONE', ( #4220 ), #3895, .F. ) ;
#2776 = EDGE_LOOP ( 'NONE', ( #2358, #1992, #1439, #794 ) ) ;
#2777 = ADVANCED_BREP_SHAPE_REPRESENTATION ( 'main board holder', ( #1281, #2612 ), #2541 ) ;
#2778 = FACE_OUTER_BOUND ( 'NONE', #3024, .T. ) ;
#2779 = CARTESIAN_POINT ( 'NONE',  ( -96.74500000000000455, 50.00000000000000711, -5.000000000000000000 ) ) ;
#2780 = VERTEX_POINT ( 'NONE', #3146 ) ;
#2781 = LINE ( 'NONE', #727, #1747 ) ;
#2782 = EDGE_CURVE ( 'NONE', #195, #3736, #777, .T. ) ;
#2783 = ORIENTED_EDGE ( 'NONE', *, *, #2444, .F. ) ;
#2784 = DIRECTION ( 'NONE',  ( 0.000000000000000000, 0.000000000000000000, 1.000000000000000000 ) ) ;
#2785 = CARTESIAN_POINT ( 'NONE',  ( 1.004999999999984128, 45.34761299932682022, 0.000000000000000000 ) ) ;
#2786 = ADVANCED_FACE ( 'NONE', ( #2532 ), #2134, .F. ) ;
#2787 = CARTESIAN_POINT ( 'NONE',  ( -52.53828962499051869, 22.86114967175884161, 3.000000000000000000 ) ) ;
#2788 = ORIENTED_EDGE ( 'NONE', *, *, #156, .T. ) ;
#2789 = FACE_BOUND ( 'NONE', #3253, .T. ) ;
#2790 = CARTESIAN_POINT ( 'NONE',  ( -96.74500000000000455, 50.00000000000000711, 5.000000000000000000 ) ) ;
#2791 = VERTEX_POINT ( 'NONE', #4197 ) ;
#2792 = FACE_BOUND ( 'NONE', #2594, .T. ) ;
#2793 = VERTEX_POINT ( 'NONE', #4264 ) ;
#2794 = VECTOR ( 'NONE', #4237, 1000.000000000000000 ) ;
#2795 = CARTESIAN_POINT ( 'NONE',  ( -22.14407308639565386, 39.80894216826094123, 0.000000000000000000 ) ) ;
#2796 = CYLINDRICAL_SURFACE ( 'NONE', #3618, 2.250000000000001776 ) ;
#2797 = CARTESIAN_POINT ( 'NONE',  ( -61.60500000000000398, 72.49999999999995737, 5.000000000000000000 ) ) ;
#2798 = ORIENTED_EDGE ( 'NONE', *, *, #2698, .F. ) ;
#2799 = CARTESIAN_POINT ( 'NONE',  ( -60.99499999999999034, 60.97999999999998266, 5.000000000000000000 ) ) ;
#2800 = EDGE_LOOP ( 'NONE', ( #4400, #1651 ) ) ;
#2801 = CIRCLE ( 'NONE', #501, 2.999999999999999112 ) ;
#2802 = DIRECTION ( 'NONE',  ( 0.000000000000000000, -1.000000000000000000, 0.000000000000000000 ) ) ;
#2803 = DIRECTION ( 'NONE',  ( 1.000000000000000000, 0.000000000000000000, 0.000000000000000000 ) ) ;
#2804 = VECTOR ( 'NONE', #455, 1000.000000000000000 ) ;
#2805 = ORIENTED_EDGE ( 'NONE', *, *, #1907, .T. ) ;
#2806 = CARTESIAN_POINT ( 'NONE',  ( 9.994999999999995666, 44.99999999999995737, 5.000000000000000000 ) ) ;
#2807 = EDGE_LOOP ( 'NONE', ( #3542, #1662, #1328, #1753 ) ) ;
#2808 = AXIS2_PLACEMENT_3D ( 'NONE', #3175, #3215, #1798 ) ;
#2809 = DIRECTION ( 'NONE',  ( 1.000000000000000000, 0.000000000000000000, 0.000000000000000000 ) ) ;
#2810 = DIRECTION ( 'NONE',  ( 1.000000000000000000, 0.000000000000000000, 0.000000000000000000 ) ) ;
#2811 = VERTEX_POINT ( 'NONE', #1814 ) ;
#2812 = PLANE ( 'NONE',  #3710 ) ;
#2813 = CARTESIAN_POINT ( 'NONE',  ( -96.74500000000000455, -50.00000000000000711, 5.000000000000000000 ) ) ;
#2814 = ORIENTED_EDGE ( 'NONE', *, *, #3638, .F. ) ;
#2815 = FACE_OUTER_BOUND ( 'NONE', #228, .T. ) ;
#2816 = CARTESIAN_POINT ( 'NONE',  ( 9.994999999999995666, -45.00000000000000000, 5.000000000000000000 ) ) ;
#2817 = CARTESIAN_POINT ( 'NONE',  ( -18.62448257959728437, 40.80894216826094123, 3.000000000000000000 ) ) ;
#2818 = EDGE_CURVE ( 'NONE', #2963, #2379, #4081, .T. ) ;
#2819 = DIRECTION ( 'NONE',  ( -0.000000000000000000, -0.000000000000000000, -1.000000000000000000 ) ) ;
#2820 = AXIS2_PLACEMENT_3D ( 'NONE', #2257, #3688, #595 ) ;
#2821 = AXIS2_PLACEMENT_3D ( 'NONE', #4053, #2124, #2331 ) ;
#2822 = ORIENTED_EDGE ( 'NONE', *, *, #1845, .F. ) ;
#2823 = DIRECTION ( 'NONE',  ( 1.000000000000000000, 0.000000000000000000, 0.000000000000000000 ) ) ;
#2824 = DIRECTION ( 'NONE',  ( -0.000000000000000000, 0.000000000000000000, 1.000000000000000000 ) ) ;
#2825 = ORIENTED_EDGE ( 'NONE', *, *, #769, .T. ) ;
#2826 = ORIENTED_EDGE ( 'NONE', *, *, #1864, .T. ) ;
#2827 = EDGE_CURVE ( 'NONE', #4160, #3922, #3501, .T. ) ;
#2828 = CARTESIAN_POINT ( 'NONE',  ( -65.74500000000000455, 77.99999999999997158, 0.000000000000000000 ) ) ;
#2829 = LINE ( 'NONE', #2852, #3171 ) ;
#2830 = ORIENTED_EDGE ( 'NONE', *, *, #1771, .T. ) ;
#2831 = VECTOR ( 'NONE', #1485, 1000.000000000000000 ) ;
#2832 = EDGE_CURVE ( 'NONE', #1686, #4351, #3057, .T. ) ;
#2833 = CIRCLE ( 'NONE', #462, 3.000000000000002665 ) ;
#2834 = LINE ( 'NONE', #3565, #1074 ) ;
#2835 = ORIENTED_EDGE ( 'NONE', *, *, #1710, .F. ) ;
#2836 = CARTESIAN_POINT ( 'NONE',  ( -65.74499999999999034, -55.00000000000002842, 0.000000000000000000 ) ) ;
#2837 = EDGE_CURVE ( 'NONE', #3, #3613, #1106, .T. ) ;
#2838 = CARTESIAN_POINT ( 'NONE',  ( -96.74500000000000455, 50.00000000000000711, 0.000000000000000000 ) ) ;
#2839 = EDGE_CURVE ( 'NONE', #4013, #2930, #2112, .T. ) ;
#2840 = CYLINDRICAL_SURFACE ( 'NONE', #3845, 2.999999999999999112 ) ;
#2841 = CARTESIAN_POINT ( 'NONE',  ( 12.99499999999999567, 44.99999999999995737, 2.000000000000000000 ) ) ;
#2842 = AXIS2_PLACEMENT_3D ( 'NONE', #2246, #2097, #3383 ) ;
#2843 = AXIS2_PLACEMENT_3D ( 'NONE', #963, #30, #4433 ) ;
#2844 = ORIENTED_EDGE ( 'NONE', *, *, #4178, .T. ) ;
#2845 = CARTESIAN_POINT ( 'NONE',  ( -53.94355883231942528, 13.24168550704365188, 3.000000000000000000 ) ) ;
#2846 = FACE_OUTER_BOUND ( 'NONE', #665, .T. ) ;
#2847 = VERTEX_POINT ( 'NONE', #3534 ) ;
#2848 = FACE_OUTER_BOUND ( 'NONE', #2452, .T. ) ;
#2849 = ORIENTED_EDGE ( 'NONE', *, *, #4296, .T. ) ;
#2850 = CARTESIAN_POINT ( 'NONE',  ( -56.54723398003460488, 0.000000000000000000, 3.000000000000000000 ) ) ;
#2851 = EDGE_CURVE ( 'NONE', #1868, #1944, #190, .T. ) ;
#2852 = CARTESIAN_POINT ( 'NONE',  ( 8.394999999999997797, 44.99999999999995737, 5.000000000000000000 ) ) ;
#2853 = ORIENTED_EDGE ( 'NONE', *, *, #3923, .F. ) ;
#2854 = AXIS2_PLACEMENT_3D ( 'NONE', #3040, #3108, #2770 ) ;
#2855 = DIRECTION ( 'NONE',  ( 0.000000000000000000, 1.000000000000000000, 0.000000000000000000 ) ) ;
#2856 = ORIENTED_EDGE ( 'NONE', *, *, #4244, .T. ) ;
#2857 = FACE_BOUND ( 'NONE', #1528, .T. ) ;
#2858 = CYLINDRICAL_SURFACE ( 'NONE', #3391, 1.599999999999997202 ) ;
#2859 = FACE_OUTER_BOUND ( 'NONE', #3092, .T. ) ;
#2860 = FACE_OUTER_BOUND ( 'NONE', #650, .T. ) ;
#2861 = ORIENTED_EDGE ( 'NONE', *, *, #3114, .F. ) ;
#2862 = DIRECTION ( 'NONE',  ( -0.000000000000000000, 1.000000000000000000, -0.000000000000000000 ) ) ;
#2863 = EDGE_CURVE ( 'NONE', #4103, #1660, #1330, .T. ) ;
#2864 = CARTESIAN_POINT ( 'NONE',  ( -96.74500000000000455, 50.00000000000000711, -5.000000000000000000 ) ) ;
#2865 = EDGE_CURVE ( 'NONE', #4257, #4013, #380, .T. ) ;
#2866 = AXIS2_PLACEMENT_3D ( 'NONE', #1451, #1532, #3179 ) ;
#2867 = ORIENTED_EDGE ( 'NONE', *, *, #4317, .T. ) ;
#2868 = DIRECTION ( 'NONE',  ( -0.000000000000000000, -0.000000000000000000, 1.000000000000000000 ) ) ;
#2869 = ORIENTED_EDGE ( 'NONE', *, *, #629, .F. ) ;
#2870 = EDGE_CURVE ( 'NONE', #1352, #2316, #3424, .T. ) ;
#2871 = LINE ( 'NONE', #1928, #4352 ) ;
#2872 = CYLINDRICAL_SURFACE ( 'NONE', #3103, 4.250000000000010658 ) ;
#2873 = VERTEX_POINT ( 'NONE', #133 ) ;
#2874 = AXIS2_PLACEMENT_3D ( 'NONE', #303, #3813, #1057 ) ;
#2875 = ORIENTED_EDGE ( 'NONE', *, *, #1951, .F. ) ;
#2876 = DIRECTION ( 'NONE',  ( -0.000000000000000000, -0.000000000000000000, 1.000000000000000000 ) ) ;
#2877 = DIRECTION ( 'NONE',  ( 1.000000000000000000, 0.000000000000000000, 0.000000000000000000 ) ) ;
#2878 = EDGE_CURVE ( 'NONE', #491, #45, #1795, .T. ) ;
#2879 = CARTESIAN_POINT ( 'NONE',  ( -65.74499999999999034, -58.00000000000002842, 0.000000000000000000 ) ) ;
#2880 = DIRECTION ( 'NONE',  ( 1.000000000000000000, 0.000000000000000000, 0.000000000000000000 ) ) ;
#2881 = DIRECTION ( 'NONE',  ( 0.000000000000000000, 0.000000000000000000, -1.000000000000000000 ) ) ;
#2882 = ORIENTED_EDGE ( 'NONE', *, *, #2870, .T. ) ;
#2883 = DIRECTION ( 'NONE',  ( -1.000000000000000000, 0.000000000000000000, 0.000000000000000000 ) ) ;
#2884 = CARTESIAN_POINT ( 'NONE',  ( -96.74500000000000455, -50.00000000000000711, 0.000000000000000000 ) ) ;
#2885 = ORIENTED_EDGE ( 'NONE', *, *, #2949, .T. ) ;
#2886 = AXIS2_PLACEMENT_3D ( 'NONE', #4267, #3172, #4199 ) ;
#2887 = VECTOR ( 'NONE', #1926, 1000.000000000000000 ) ;
#2888 = DIRECTION ( 'NONE',  ( -0.000000000000000000, -0.000000000000000000, 1.000000000000000000 ) ) ;
#2889 = EDGE_CURVE ( 'NONE', #73, #399, #1440, .T. ) ;
#2890 = ORIENTED_EDGE ( 'NONE', *, *, #3487, .T. ) ;
#2891 = CARTESIAN_POINT ( 'NONE',  ( -10.61499092853945925, -39.38838713590120477, 3.000000000000000000 ) ) ;
#2892 = VECTOR ( 'NONE', #1749, 1000.000000000000000 ) ;
#2893 = DIRECTION ( 'NONE',  ( -1.000000000000000000, -0.000000000000000000, -0.000000000000000000 ) ) ;
#2894 = AXIS2_PLACEMENT_3D ( 'NONE', #4187, #334, #3119 ) ;
#2895 = EDGE_LOOP ( 'NONE', ( #1254, #2911, #2492, #3439 ) ) ;
#2896 = ORIENTED_EDGE ( 'NONE', *, *, #4367, .T. ) ;
#2897 = DIRECTION ( 'NONE',  ( 6.033820786006292620E-16, 1.000000000000000000, 0.000000000000000000 ) ) ;
#2898 = AXIS2_PLACEMENT_3D ( 'NONE', #3413, #4068, #3750 ) ;
#2899 = CARTESIAN_POINT ( 'NONE',  ( -65.74499999999999034, 41.99999999999996447, 0.000000000000000000 ) ) ;
#2900 = DIRECTION ( 'NONE',  ( 0.000000000000000000, 1.000000000000000000, 0.000000000000000000 ) ) ;
#2901 = VECTOR ( 'NONE', #3111, 1000.000000000000000 ) ;
#2902 = ADVANCED_FACE ( 'NONE', ( #2848 ), #1418, .F. ) ;
#2903 = CARTESIAN_POINT ( 'NONE',  ( -52.53828962499051869, 22.86114967175884161, 3.000000000000000000 ) ) ;
#2904 = DIRECTION ( 'NONE',  ( 0.000000000000000000, -1.000000000000000000, 0.000000000000000000 ) ) ;
#2905 = EDGE_LOOP ( 'NONE', ( #327, #1612 ) ) ;
#2906 = VECTOR ( 'NONE', #1307, 1000.000000000000000 ) ;
#2907 = DIRECTION ( 'NONE',  ( 0.000000000000000000, 0.000000000000000000, -1.000000000000000000 ) ) ;
#2908 = CARTESIAN_POINT ( 'NONE',  ( -52.53828962499068922, -25.15438010052512041, 0.000000000000000000 ) ) ;
#2909 = VERTEX_POINT ( 'NONE', #3645 ) ;
#2910 = EDGE_CURVE ( 'NONE', #169, #2645, #1678, .T. ) ;
#2911 = ORIENTED_EDGE ( 'NONE', *, *, #904, .F. ) ;
#2912 = DIRECTION ( 'NONE',  ( 0.000000000000000000, 0.000000000000000000, 1.000000000000000000 ) ) ;
#2913 = VERTEX_POINT ( 'NONE', #2622 ) ;
#2914 = CARTESIAN_POINT ( 'NONE',  ( -11.77046683615346545, 42.26507572786680811, 0.000000000000000000 ) ) ;
#2915 = DIRECTION ( 'NONE',  ( 0.000000000000000000, 0.000000000000000000, -1.000000000000000000 ) ) ;
#2916 = EDGE_LOOP ( 'NONE', ( #2411, #3803, #1912, #3513 ) ) ;
#2917 = ORIENTED_EDGE ( 'NONE', *, *, #1257, .T. ) ;
#2918 = DIRECTION ( 'NONE',  ( -0.000000000000000000, 0.000000000000000000, 1.000000000000000000 ) ) ;
#2919 = CARTESIAN_POINT ( 'NONE',  ( 2.244999999999997442, -38.86000000000001364, 0.000000000000000000 ) ) ;
#2920 = CIRCLE ( 'NONE', #1276, 3.000000000000009770 ) ;
#2921 = CARTESIAN_POINT ( 'NONE',  ( -51.74500000000000455, -26.99032442726324277, 3.000000000000000000 ) ) ;
#2922 = DIRECTION ( 'NONE',  ( -1.000000000000000000, 5.947623346206190399E-16, 0.000000000000000000 ) ) ;
#2923 = CARTESIAN_POINT ( 'NONE',  ( -56.02850656985354760, 77.99999999999997158, 0.000000000000000000 ) ) ;
#2924 = DIRECTION ( 'NONE',  ( -1.000000000000000000, -0.000000000000000000, -0.000000000000000000 ) ) ;
#2925 = CARTESIAN_POINT ( 'NONE',  ( -51.74500000000001876, 25.72517907242450974, 2.270978562477063534 ) ) ;
#2926 = EDGE_LOOP ( 'NONE', ( #4100, #1071, #3014, #66 ) ) ;
#2927 = EDGE_CURVE ( 'NONE', #3772, #3368, #2680, .T. ) ;
#2928 = CARTESIAN_POINT ( 'NONE',  ( -65.74500000000000455, -77.99999999999997158, 10.00000000000000000 ) ) ;
#2929 = LINE ( 'NONE', #3597, #1363 ) ;
#2930 = VERTEX_POINT ( 'NONE', #863 ) ;
#2931 = CARTESIAN_POINT ( 'NONE',  ( -58.40499999999998693, -72.49999999999995737, 0.000000000000000000 ) ) ;
#2932 = ORIENTED_EDGE ( 'NONE', *, *, #2166, .F. ) ;
#2933 = CARTESIAN_POINT ( 'NONE',  ( 1.004999999999994564, -45.34761299932682022, 0.000000000000000000 ) ) ;
#2934 = CIRCLE ( 'NONE', #926, 1.599999999999997202 ) ;
#2935 = DIRECTION ( 'NONE',  ( 1.000000000000000000, -0.000000000000000000, -0.000000000000000000 ) ) ;
#2936 = ORIENTED_EDGE ( 'NONE', *, *, #3284, .T. ) ;
#2937 = ORIENTED_EDGE ( 'NONE', *, *, #3308, .F. ) ;
#2938 = LINE ( 'NONE', #1933, #990 ) ;
#2939 = CIRCLE ( 'NONE', #2018, 3.000000000000002665 ) ;
#2940 = CIRCLE ( 'NONE', #3753, 4.250000000000010658 ) ;
#2941 = CARTESIAN_POINT ( 'NONE',  ( -97.74500000000001876, 45.00000000000000711, 5.000000000000000000 ) ) ;
#2942 = EDGE_LOOP ( 'NONE', ( #4450, #1048, #2324, #4022, #959, #998 ) ) ;
#2943 = LINE ( 'NONE', #3678, #3463 ) ;
#2944 = DIRECTION ( 'NONE',  ( 0.000000000000000000, 0.000000000000000000, 1.000000000000000000 ) ) ;
#2945 = AXIS2_PLACEMENT_3D ( 'NONE', #3149, #1777, #72 ) ;
#2946 = CARTESIAN_POINT ( 'NONE',  ( -30.93833422150277102, 32.73105403259133084, 3.000000000000000000 ) ) ;
#2947 = CARTESIAN_POINT ( 'NONE',  ( 14.25499999999999723, -45.94761299932681453, 5.000000000000000000 ) ) ;
#2948 = FACE_OUTER_BOUND ( 'NONE', #1682, .T. ) ;
#2949 = EDGE_CURVE ( 'NONE', #2354, #3692, #822, .T. ) ;
#2950 = ORIENTED_EDGE ( 'NONE', *, *, #4391, .F. ) ;
#2951 = CARTESIAN_POINT ( 'NONE',  ( -51.74500000000001165, 74.99999999999997158, 10.00000000000000000 ) ) ;
#2952 = DIRECTION ( 'NONE',  ( -0.000000000000000000, -0.000000000000000000, -1.000000000000000000 ) ) ;
#2953 = ORIENTED_EDGE ( 'NONE', *, *, #1731, .F. ) ;
#2954 = DIRECTION ( 'NONE',  ( 0.000000000000000000, 0.000000000000000000, -1.000000000000000000 ) ) ;
#2955 = VERTEX_POINT ( 'NONE', #527 ) ;
#2956 = EDGE_CURVE ( 'NONE', #2759, #3875, #3044, .T. ) ;
#2957 = DIRECTION ( 'NONE',  ( 0.000000000000000000, -0.000000000000000000, 1.000000000000000000 ) ) ;
#2958 = CIRCLE ( 'NONE', #94, 0.9999999999998170352 ) ;
#2959 = AXIS2_PLACEMENT_3D ( 'NONE', #955, #620, #3348 ) ;
#2960 = LINE ( 'NONE', #553, #1588 ) ;
#2961 = VERTEX_POINT ( 'NONE', #4383 ) ;
#2962 = EDGE_CURVE ( 'NONE', #1721, #591, #1950, .T. ) ;
#2963 = VERTEX_POINT ( 'NONE', #2595 ) ;
#2964 = AXIS2_PLACEMENT_3D ( 'NONE', #3032, #3886, #186 ) ;
#2965 = CARTESIAN_POINT ( 'NONE',  ( -37.74521744568226467, 33.14526759496442310, 3.000000000000000000 ) ) ;
#2966 = CIRCLE ( 'NONE', #1029, 3.000000000000009770 ) ;
#2967 = AXIS2_PLACEMENT_3D ( 'NONE', #812, #4300, #413 ) ;
#2968 = FACE_OUTER_BOUND ( 'NONE', #4424, .T. ) ;
#2969 = ORIENTED_EDGE ( 'NONE', *, *, #4308, .T. ) ;
#2970 = EDGE_CURVE ( 'NONE', #3550, #1932, #1818, .T. ) ;
#2971 = DIRECTION ( 'NONE',  ( 0.000000000000000000, 0.000000000000000000, 1.000000000000000000 ) ) ;
#2972 = CARTESIAN_POINT ( 'NONE',  ( -54.74500000000000455, -75.00000000000000000, 10.00000000000000000 ) ) ;
#2973 = CYLINDRICAL_SURFACE ( 'NONE', #75, 2.250000000000001776 ) ;
#2974 = EDGE_CURVE ( 'NONE', #2847, #2357, #3578, .T. ) ;
#2975 = DIRECTION ( 'NONE',  ( -1.000000000000000000, 0.000000000000000000, 0.000000000000000000 ) ) ;
#2976 = AXIS2_PLACEMENT_3D ( 'NONE', #2997, #3319, #2614 ) ;
#2977 = EDGE_CURVE ( 'NONE', #2430, #4077, #4358, .T. ) ;
#2978 = CARTESIAN_POINT ( 'NONE',  ( 9.994999999999995666, -45.00000000000000000, 5.000000000000000000 ) ) ;
#2979 = ORIENTED_EDGE ( 'NONE', *, *, #2028, .F. ) ;
#2980 = CARTESIAN_POINT ( 'NONE',  ( -100.7450000000000188, -45.00000000000003553, 0.000000000000000000 ) ) ;
#2981 = AXIS2_PLACEMENT_3D ( 'NONE', #284, #264, #1244 ) ;
#2982 = FACE_BOUND ( 'NONE', #1479, .T. ) ;
#2983 = VERTEX_POINT ( 'NONE', #2555 ) ;
#2984 = DIRECTION ( 'NONE',  ( -1.000000000000000000, 0.000000000000000000, 0.000000000000000000 ) ) ;
#2985 = ORIENTED_EDGE ( 'NONE', *, *, #3497, .T. ) ;
#2986 =( BOUNDED_CURVE ( )  B_SPLINE_CURVE ( 3, ( #2467, #92, #4268, #1158 ),
 .UNSPECIFIED., .F., .T. ) 
 B_SPLINE_CURVE_WITH_KNOTS ( ( 4, 4 ),
 ( 1.570796326794896558, 3.141592653589793116 ),
 .UNSPECIFIED. ) 
 CURVE ( )  GEOMETRIC_REPRESENTATION_ITEM ( )  RATIONAL_B_SPLINE_CURVE ( ( 1.000000000000000000, 0.8047378541243649375, 0.8047378541243649375, 1.000000000000000000 ) ) 
 REPRESENTATION_ITEM ( '' )  );
#2987 = DIRECTION ( 'NONE',  ( -1.000000000000000000, 0.000000000000000000, 0.000000000000000000 ) ) ;
#2988 = FACE_OUTER_BOUND ( 'NONE', #2463, .T. ) ;
#2989 = ORIENTED_EDGE ( 'NONE', *, *, #2642, .F. ) ;
#2990 = ORIENTED_EDGE ( 'NONE', *, *, #1385, .T. ) ;
#2991 = CARTESIAN_POINT ( 'NONE',  ( 3.254999999999997673, -45.34761299932682022, 5.000000000000000000 ) ) ;
#2992 = ADVANCED_FACE ( 'NONE', ( #1249 ), #3940, .F. ) ;
#2993 = CARTESIAN_POINT ( 'NONE',  ( -97.74500000000001876, -48.00000000000003553, 0.000000000000000000 ) ) ;
#2994 = DIRECTION ( 'NONE',  ( 1.000000000000000000, 0.000000000000000000, 0.000000000000000000 ) ) ;
#2995 = DIRECTION ( 'NONE',  ( -0.000000000000000000, -0.000000000000000000, -1.000000000000000000 ) ) ;
#2996 = CARTESIAN_POINT ( 'NONE',  ( 8.394999999999997797, 44.99999999999995737, 5.000000000000000000 ) ) ;
#2997 = CARTESIAN_POINT ( 'NONE',  ( -65.74500000000000455, 77.99999999999997158, 5.000000000000000000 ) ) ;
#2998 = VERTEX_POINT ( 'NONE', #486 ) ;
#2999 = ADVANCED_FACE ( 'NONE', ( #2646 ), #1882, .F. ) ;
#3000 = DIRECTION ( 'NONE',  ( -0.000000000000000000, -0.000000000000000000, -1.000000000000000000 ) ) ;
#3001 = ORIENTED_EDGE ( 'NONE', *, *, #2103, .T. ) ;
#3002 = CIRCLE ( 'NONE', #1713, 0.9999999999998170352 ) ;
#3003 = DIRECTION ( 'NONE',  ( -1.000000000000000000, 0.000000000000000000, 0.000000000000000000 ) ) ;
#3004 = CARTESIAN_POINT ( 'NONE',  ( -61.60499999999998266, -72.49999999999995737, 10.00000000000000000 ) ) ;
#3005 = ORIENTED_EDGE ( 'NONE', *, *, #3114, .T. ) ;
#3006 = DIRECTION ( 'NONE',  ( 0.000000000000000000, 0.000000000000000000, 1.000000000000000000 ) ) ;
#3007 = ORIENTED_EDGE ( 'NONE', *, *, #3680, .F. ) ;
#3008 = ADVANCED_FACE ( 'NONE', ( #4285 ), #1543, .F. ) ;
#3009 = DIRECTION ( 'NONE',  ( -0.000000000000000000, -0.000000000000000000, -1.000000000000000000 ) ) ;
#3010 = VECTOR ( 'NONE', #906, 1000.000000000000000 ) ;
#3011 = DIRECTION ( 'NONE',  ( -0.000000000000000000, 0.000000000000000000, 1.000000000000000000 ) ) ;
#3012 = ADVANCED_FACE ( 'NONE', ( #883 ), #842, .T. ) ;
#3013 = ORIENTED_EDGE ( 'NONE', *, *, #2196, .F. ) ;
#3014 = ORIENTED_EDGE ( 'NONE', *, *, #511, .F. ) ;
#3015 = FACE_BOUND ( 'NONE', #2002, .T. ) ;
#3016 = LINE ( 'NONE', #3263, #2906 ) ;
#3017 = CARTESIAN_POINT ( 'NONE',  ( -60.00500000000000966, 72.49999999999995737, 5.000000000000000000 ) ) ;
#3018 = LINE ( 'NONE', #3997, #1466 ) ;
#3019 = CIRCLE ( 'NONE', #1941, 4.250000000000010658 ) ;
#3020 = ORIENTED_EDGE ( 'NONE', *, *, #3880, .T. ) ;
#3021 = CYLINDRICAL_SURFACE ( 'NONE', #2365, 1.000000000000000000 ) ;
#3022 = EDGE_CURVE ( 'NONE', #1748, #1888, #953, .T. ) ;
#3023 = CARTESIAN_POINT ( 'NONE',  ( -9.614990928539691950, -46.98838713590125593, 2.000000000000000000 ) ) ;
#3024 = EDGE_LOOP ( 'NONE', ( #3426, #1317, #3249, #268, #484, #1975 ) ) ;
#3025 = CYLINDRICAL_SURFACE ( 'NONE', #2406, 1.599999999999997202 ) ;
#3026 = VECTOR ( 'NONE', #2180, 1000.000000000000000 ) ;
#3027 = ORIENTED_EDGE ( 'NONE', *, *, #3382, .F. ) ;
#3028 = ADVANCED_FACE ( 'NONE', ( #3299 ), #221, .F. ) ;
#3029 = CARTESIAN_POINT ( 'NONE',  ( -17.39105546427840565, 39.80894216826094123, 3.000000000000000000 ) ) ;
#3030 = CARTESIAN_POINT ( 'NONE',  ( -65.74500000000000455, -66.99999999999997158, 10.00000000000000000 ) ) ;
#3031 = ORIENTED_EDGE ( 'NONE', *, *, #3243, .T. ) ;
#3032 = CARTESIAN_POINT ( 'NONE',  ( -60.00500000000022993, 79.50000000000009948, 10.00000000000000000 ) ) ;
#3033 = ORIENTED_EDGE ( 'NONE', *, *, #2269, .T. ) ;
#3034 = LINE ( 'NONE', #292, #5 ) ;
#3035 = ADVANCED_FACE ( 'NONE', ( #245 ), #4078, .F. ) ;
#3036 = EDGE_CURVE ( 'NONE', #2400, #2175, #2454, .T. ) ;
#3037 = CYLINDRICAL_SURFACE ( 'NONE', #1700, 2.250000000000001776 ) ;
#3038 = ORIENTED_EDGE ( 'NONE', *, *, #3335, .T. ) ;
#3039 = ORIENTED_EDGE ( 'NONE', *, *, #629, .T. ) ;
#3040 = CARTESIAN_POINT ( 'NONE',  ( -62.74499999999999744, -75.26667162653230037, 10.00000000000000000 ) ) ;
#3041 = CIRCLE ( 'NONE', #2173, 3.000000000000002665 ) ;
#3042 = DIRECTION ( 'NONE',  ( -0.000000000000000000, -0.000000000000000000, -1.000000000000000000 ) ) ;
#3043 = DIRECTION ( 'NONE',  ( -1.000000000000000000, 0.000000000000000000, -0.000000000000000000 ) ) ;
#3044 = CIRCLE ( 'NONE', #1464, 1.599999999999997202 ) ;
#3045 = DIRECTION ( 'NONE',  ( 0.000000000000000000, 0.000000000000000000, 1.000000000000000000 ) ) ;
#3046 = LINE ( 'NONE', #4443, #3888 ) ;
#3047 = CARTESIAN_POINT ( 'NONE',  ( -60.00500000000000966, -72.50000000000001421, 5.000000000000000000 ) ) ;
#3048 = ADVANCED_FACE ( 'NONE', ( #1976 ), #314, .F. ) ;
#3049 = ORIENTED_EDGE ( 'NONE', *, *, #2863, .T. ) ;
#3050 = AXIS2_PLACEMENT_3D ( 'NONE', #210, #3339, #1579 ) ;
#3051 = FACE_OUTER_BOUND ( 'NONE', #964, .T. ) ;
#3052 = EDGE_LOOP ( 'NONE', ( #2664, #2754, #3707, #2286 ) ) ;
#3053 = CARTESIAN_POINT ( 'NONE',  ( -16.39105546427840565, 39.80894216826094123, 0.000000000000000000 ) ) ;
#3054 = DIRECTION ( 'NONE',  ( 0.000000000000000000, -0.000000000000000000, -1.000000000000000000 ) ) ;
#3055 = ADVANCED_FACE ( 'NONE', ( #745 ), #2668, .F. ) ;
#3056 = ORIENTED_EDGE ( 'NONE', *, *, #2782, .F. ) ;
#3057 = CIRCLE ( 'NONE', #2064, 3.000000000000009770 ) ;
#3058 = CARTESIAN_POINT ( 'NONE',  ( -53.52934526994632591, 8.598901098682526722, 3.000000000000000000 ) ) ;
#3059 = EDGE_LOOP ( 'NONE', ( #907, #2235, #603, #93 ) ) ;
#3060 = DIRECTION ( 'NONE',  ( 0.000000000000000000, 1.000000000000000000, 0.000000000000000000 ) ) ;
#3061 = CYLINDRICAL_SURFACE ( 'NONE', #3642, 3.000000000000001776 ) ;
#3062 = ORIENTED_EDGE ( 'NONE', *, *, #1878, .F. ) ;
#3063 = ORIENTED_EDGE ( 'NONE', *, *, #1130, .T. ) ;
#3064 = DIRECTION ( 'NONE',  ( -1.000000000000000000, 0.000000000000000000, -0.000000000000000000 ) ) ;
#3065 = VECTOR ( 'NONE', #277, 1000.000000000000000 ) ;
#3066 = VECTOR ( 'NONE', #1351, 1000.000000000000000 ) ;
#3067 = CARTESIAN_POINT ( 'NONE',  ( -51.74499999999999744, -75.00000000000000000, 0.000000000000000000 ) ) ;
#3068 = ORIENTED_EDGE ( 'NONE', *, *, #4045, .F. ) ;
#3069 = CARTESIAN_POINT ( 'NONE',  ( -68.74499999999999034, -42.00000000000000711, 5.000000000000000000 ) ) ;
#3070 = DIRECTION ( 'NONE',  ( -0.000000000000000000, -0.000000000000000000, 1.000000000000000000 ) ) ;
#3071 = VERTEX_POINT ( 'NONE', #931 ) ;
#3072 = EDGE_CURVE ( 'NONE', #1686, #3324, #2305, .T. ) ;
#3073 = PLANE ( 'NONE',  #3561 ) ;
#3074 = ORIENTED_EDGE ( 'NONE', *, *, #3661, .T. ) ;
#3075 = CARTESIAN_POINT ( 'NONE',  ( 0.004999999999994592104, 38.85999999999998522, 0.000000000000000000 ) ) ;
#3076 = EDGE_LOOP ( 'NONE', ( #2617, #152 ) ) ;
#3077 = LINE ( 'NONE', #1783, #4186 ) ;
#3078 = CARTESIAN_POINT ( 'NONE',  ( -100.7450000000000188, -52.00000000000003553, 0.000000000000000000 ) ) ;
#3079 = ORIENTED_EDGE ( 'NONE', *, *, #2170, .F. ) ;
#3080 = CARTESIAN_POINT ( 'NONE',  ( -11.61499092853933668, -46.98838713590125593, 3.000000000000000000 ) ) ;
#3081 = EDGE_CURVE ( 'NONE', #1127, #2963, #4185, .T. ) ;
#3082 = VECTOR ( 'NONE', #11, 1000.000000000000000 ) ;
#3083 = VERTEX_POINT ( 'NONE', #3156 ) ;
#3084 = CARTESIAN_POINT ( 'NONE',  ( -94.49500000000000455, -50.00000000000000711, 5.000000000000000000 ) ) ;
#3085 = ADVANCED_FACE ( 'NONE', ( #623 ), #4428, .F. ) ;
#3086 = DIRECTION ( 'NONE',  ( -0.000000000000000000, -0.000000000000000000, -1.000000000000000000 ) ) ;
#3087 = ORIENTED_EDGE ( 'NONE', *, *, #1241, .T. ) ;
#3088 = LINE ( 'NONE', #3792, #3082 ) ;
#3089 = DIRECTION ( 'NONE',  ( -0.000000000000000000, -0.000000000000000000, -1.000000000000000000 ) ) ;
#3090 = VERTEX_POINT ( 'NONE', #1998 ) ;
#3091 = CARTESIAN_POINT ( 'NONE',  ( -68.74499999999999034, 41.99999999999999289, 5.000000000000000000 ) ) ;
#3092 = EDGE_LOOP ( 'NONE', ( #3584, #930, #2254, #2768 ) ) ;
#3093 = AXIS2_PLACEMENT_3D ( 'NONE', #2711, #3364, #1649 ) ;
#3094 = FACE_OUTER_BOUND ( 'NONE', #41, .T. ) ;
#3095 = CARTESIAN_POINT ( 'NONE',  ( -100.7450000000000188, -55.00000000000003553, 5.000000000000000000 ) ) ;
#3096 = ORIENTED_EDGE ( 'NONE', *, *, #1696, .T. ) ;
#3097 = DIRECTION ( 'NONE',  ( -0.000000000000000000, -0.000000000000000000, -1.000000000000000000 ) ) ;
#3098 = AXIS2_PLACEMENT_3D ( 'NONE', #2813, #2515, #1188 ) ;
#3099 = EDGE_LOOP ( 'NONE', ( #737, #1111, #2241, #2130, #1305, #2122, #367, #824 ) ) ;
#3100 = EDGE_CURVE ( 'NONE', #1121, #1634, #4454, .T. ) ;
#3101 = AXIS2_PLACEMENT_3D ( 'NONE', #234, #1987, #3361 ) ;
#3102 = ORIENTED_EDGE ( 'NONE', *, *, #2052, .T. ) ;
#3103 = AXIS2_PLACEMENT_3D ( 'NONE', #759, #2137, #3516 ) ;
#3104 = CARTESIAN_POINT ( 'NONE',  ( -51.74500000000000455, -27.94761299931796117, 2.428171754288506179 ) ) ;
#3105 = DIRECTION ( 'NONE',  ( -1.000000000000000000, 0.000000000000000000, 0.000000000000000000 ) ) ;
#3106 = EDGE_LOOP ( 'NONE', ( #494, #1056, #903, #2528 ) ) ;
#3107 = EDGE_CURVE ( 'NONE', #399, #4116, #3351, .T. ) ;
#3108 = DIRECTION ( 'NONE',  ( 0.000000000000000000, -0.000000000000000000, 1.000000000000000000 ) ) ;
#3109 = CARTESIAN_POINT ( 'NONE',  ( -10.90068441568816127, 43.09659840102123951, 5.000000000000000000 ) ) ;
#3110 = ORIENTED_EDGE ( 'NONE', *, *, #809, .T. ) ;
#3111 = DIRECTION ( 'NONE',  ( -0.000000000000000000, -0.000000000000000000, -1.000000000000000000 ) ) ;
#3112 = CARTESIAN_POINT ( 'NONE',  ( -19.62448257959728437, 39.80894216826094123, 2.000000000000000000 ) ) ;
#3113 = ADVANCED_FACE ( 'NONE', ( #1347 ), #2796, .F. ) ;
#3114 = EDGE_CURVE ( 'NONE', #2691, #2094, #3695, .T. ) ;
#3115 = AXIS2_PLACEMENT_3D ( 'NONE', #3649, #865, #552 ) ;
#3116 = AXIS2_PLACEMENT_3D ( 'NONE', #1681, #3762, #982 ) ;
#3117 = CIRCLE ( 'NONE', #2531, 3.000000000000001776 ) ;
#3118 = CARTESIAN_POINT ( 'NONE',  ( -30.52412065912967876, 30.43880777118787506, 3.000000000000000000 ) ) ;
#3119 = DIRECTION ( 'NONE',  ( -1.000000000000000000, 0.000000000000000000, 0.000000000000000000 ) ) ;
#3120 = ORIENTED_EDGE ( 'NONE', *, *, #764, .T. ) ;
#3121 = CARTESIAN_POINT ( 'NONE',  ( -22.14407308639565386, 40.80894216826094123, 3.000000000000000000 ) ) ;
#3122 = ADVANCED_FACE ( 'NONE', ( #269 ), #2693, .F. ) ;
#3123 = EDGE_CURVE ( 'NONE', #1888, #3744, #1298, .T. ) ;
#3124 = AXIS2_PLACEMENT_3D ( 'NONE', #1209, #2271, #259 ) ;
#3125 = ORIENTED_EDGE ( 'NONE', *, *, #2974, .T. ) ;
#3126 = PLANE ( 'NONE',  #1534 ) ;
#3127 = DIRECTION ( 'NONE',  ( 1.000000000000000000, -0.000000000000000000, 0.000000000000000000 ) ) ;
#3128 = DIRECTION ( 'NONE',  ( -1.000000000000000000, 0.000000000000000000, 0.000000000000000000 ) ) ;
#3129 = VECTOR ( 'NONE', #3000, 1000.000000000000000 ) ;
#3130 = ORIENTED_EDGE ( 'NONE', *, *, #283, .T. ) ;
#3131 = CARTESIAN_POINT ( 'NONE',  ( 14.25499999999999723, -33.94761299932681453, 5.000000000000000000 ) ) ;
#3132 = CARTESIAN_POINT ( 'NONE',  ( -5.714039969255037654, 48.05509417343802880, 5.000000000000000000 ) ) ;
#3133 = ORIENTED_EDGE ( 'NONE', *, *, #6, .T. ) ;
#3134 = PLANE ( 'NONE',  #3853 ) ;
#3135 = CARTESIAN_POINT ( 'NONE',  ( -60.00500000000022993, 79.50000000000009948, 0.000000000000000000 ) ) ;
#3136 = VECTOR ( 'NONE', #3970, 1000.000000000000000 ) ;
#3137 = EDGE_LOOP ( 'NONE', ( #3763, #820, #3396, #2336 ) ) ;
#3138 = CARTESIAN_POINT ( 'NONE',  ( -63.00500000000001677, 72.49999999999995737, 5.000000000000000000 ) ) ;
#3139 = DIRECTION ( 'NONE',  ( 0.000000000000000000, 0.000000000000000000, -1.000000000000000000 ) ) ;
#3140 = EDGE_LOOP ( 'NONE', ( #1304, #720, #230, #54 ) ) ;
#3141 = CARTESIAN_POINT ( 'NONE',  ( -51.74500000000001876, 31.79203768307636935, 5.000000000000000000 ) ) ;
#3142 = EDGE_CURVE ( 'NONE', #3990, #2913, #4102, .T. ) ;
#3143 = EDGE_LOOP ( 'NONE', ( #1250, #105 ) ) ;
#3144 = CARTESIAN_POINT ( 'NONE',  ( -16.39105546427840565, 37.76407684932541997, 0.000000000000000000 ) ) ;
#3145 = CARTESIAN_POINT ( 'NONE',  ( -65.74499999999999034, 41.99999999999996447, 5.000000000000000000 ) ) ;
#3146 = CARTESIAN_POINT ( 'NONE',  ( -54.53828962499061817, -25.15438010052512041, 3.000000000000000000 ) ) ;
#3147 = ORIENTED_EDGE ( 'NONE', *, *, #3497, .F. ) ;
#3148 = LINE ( 'NONE', #136, #2171 ) ;
#3149 = CARTESIAN_POINT ( 'NONE',  ( -36.74521744568226467, 0.000000000000000000, 2.000000000000000000 ) ) ;
#3150 = ORIENTED_EDGE ( 'NONE', *, *, #4304, .T. ) ;
#3151 = DIRECTION ( 'NONE',  ( -1.000000000000000000, 0.000000000000000000, 0.000000000000000000 ) ) ;
#3152 = EDGE_CURVE ( 'NONE', #943, #3812, #2378, .T. ) ;
#3153 = VERTEX_POINT ( 'NONE', #290 ) ;
#3154 =( GEOMETRIC_REPRESENTATION_CONTEXT ( 3 ) GLOBAL_UNCERTAINTY_ASSIGNED_CONTEXT ( ( #3643 ) ) GLOBAL_UNIT_ASSIGNED_CONTEXT ( ( #3188, #1152, #1481 ) ) REPRESENTATION_CONTEXT ( 'NONE', 'WORKASPACE' ) );
#3155 = DIRECTION ( 'NONE',  ( 0.000000000000000000, 0.000000000000000000, 1.000000000000000000 ) ) ;
#3156 = CARTESIAN_POINT ( 'NONE',  ( -11.61499092853927451, -39.38838713590120477, 0.000000000000000000 ) ) ;
#3157 = DIRECTION ( 'NONE',  ( 0.000000000000000000, 0.000000000000000000, 1.000000000000000000 ) ) ;
#3158 = AXIS2_PLACEMENT_3D ( 'NONE', #855, #236, #212 ) ;
#3159 = EDGE_CURVE ( 'NONE', #117, #302, #3840, .T. ) ;
#3160 = DIRECTION ( 'NONE',  ( 0.000000000000000000, 1.000000000000000000, 0.000000000000000000 ) ) ;
#3161 = EDGE_CURVE ( 'NONE', #442, #799, #453, .T. ) ;
#3162 = ORIENTED_EDGE ( 'NONE', *, *, #188, .F. ) ;
#3163 = AXIS2_PLACEMENT_3D ( 'NONE', #1078, #1703, #1995 ) ;
#3164 = LINE ( 'NONE', #3529, #1398 ) ;
#3165 = DIRECTION ( 'NONE',  ( 0.000000000000000000, 0.000000000000000000, 1.000000000000000000 ) ) ;
#3166 = CIRCLE ( 'NONE', #3101, 2.999999999999933387 ) ;
#3167 = ADVANCED_FACE ( 'NONE', ( #477 ), #1805, .F. ) ;
#3168 = ORIENTED_EDGE ( 'NONE', *, *, #3229, .T. ) ;
#3169 = DIRECTION ( 'NONE',  ( -0.000000000000000000, -1.000000000000000000, -0.000000000000000000 ) ) ;
#3170 = ORIENTED_EDGE ( 'NONE', *, *, #3152, .T. ) ;
#3171 = VECTOR ( 'NONE', #471, 1000.000000000000000 ) ;
#3172 = DIRECTION ( 'NONE',  ( 0.000000000000000000, 1.000000000000000000, 0.000000000000000000 ) ) ;
#3173 = EDGE_CURVE ( 'NONE', #2430, #2003, #3609, .T. ) ;
#3174 = EDGE_CURVE ( 'NONE', #2645, #169, #4337, .T. ) ;
#3175 = CARTESIAN_POINT ( 'NONE',  ( 0.000000000000000000, 0.000000000000000000, 3.000000000000000000 ) ) ;
#3176 = ORIENTED_EDGE ( 'NONE', *, *, #4218, .F. ) ;
#3177 = CARTESIAN_POINT ( 'NONE',  ( -48.74500000000000455, -30.94761299932681808, 5.000000000000000000 ) ) ;
#3178 = EDGE_LOOP ( 'NONE', ( #1356, #1429, #2591, #1840 ) ) ;
#3179 = DIRECTION ( 'NONE',  ( -1.000000000000000000, 0.000000000000000000, 0.000000000000000000 ) ) ;
#3180 = DIRECTION ( 'NONE',  ( 0.000000000000000000, 0.000000000000000000, -1.000000000000000000 ) ) ;
#3181 = CARTESIAN_POINT ( 'NONE',  ( 14.25499999999999723, 34.79203768307637290, 0.000000000000000000 ) ) ;
#3182 = CARTESIAN_POINT ( 'NONE',  ( -97.74500000000001876, 48.00000000000000711, 5.000000000000000000 ) ) ;
#3183 = AXIS2_PLACEMENT_3D ( 'NONE', #1980, #2957, #1567 ) ;
#3184 = VECTOR ( 'NONE', #2417, 1000.000000000000000 ) ;
#3185 = VECTOR ( 'NONE', #153, 1000.000000000000000 ) ;
#3186 = ORIENTED_EDGE ( 'NONE', *, *, #866, .F. ) ;
#3187 = DIRECTION ( 'NONE',  ( 0.000000000000000000, -1.000000000000000000, 0.000000000000000000 ) ) ;
#3188 =( LENGTH_UNIT ( ) NAMED_UNIT ( * ) SI_UNIT ( .MILLI., .METRE. ) );
#3189 = EDGE_CURVE ( 'NONE', #2078, #1394, #1894, .T. ) ;
#3190 = AXIS2_PLACEMENT_3D ( 'NONE', #3095, #1043, #3798 ) ;
#3191 = CARTESIAN_POINT ( 'NONE',  ( -11.77046683615346545, 42.26507572786680811, 0.000000000000000000 ) ) ;
#3192 = ORIENTED_EDGE ( 'NONE', *, *, #3975, .T. ) ;
#3193 = ORIENTED_EDGE ( 'NONE', *, *, #1239, .T. ) ;
#3194 = LINE ( 'NONE', #1157, #2678 ) ;
#3195 = AXIS2_PLACEMENT_3D ( 'NONE', #2367, #4164, #2012 ) ;
#3196 = DIRECTION ( 'NONE',  ( 0.000000000000000000, 0.000000000000000000, 1.000000000000000000 ) ) ;
#3197 = VERTEX_POINT ( 'NONE', #123 ) ;
#3198 = VECTOR ( 'NONE', #1943, 1000.000000000000000 ) ;
#3199 = CARTESIAN_POINT ( 'NONE',  ( -48.74500000000000455, -27.94761299932681808, 5.000000000000000000 ) ) ;
#3200 = ORIENTED_EDGE ( 'NONE', *, *, #3502, .F. ) ;
#3201 = CARTESIAN_POINT ( 'NONE',  ( 5.505000000000000782, -45.34761299932682022, 5.000000000000000000 ) ) ;
#3202 = LINE ( 'NONE', #811, #4117 ) ;
#3203 = DIRECTION ( 'NONE',  ( 0.000000000000000000, 0.000000000000000000, -1.000000000000000000 ) ) ;
#3204 = ADVANCED_FACE ( 'NONE', ( #2162 ), #2858, .F. ) ;
#3205 = CARTESIAN_POINT ( 'NONE',  ( -19.62448257959728437, 37.76407684932541997, 2.585786437626905077 ) ) ;
#3206 = AXIS2_PLACEMENT_3D ( 'NONE', #3221, #3905, #3932 ) ;
#3207 = EDGE_LOOP ( 'NONE', ( #1803, #1044, #1997, #3147 ) ) ;
#3208 = LINE ( 'NONE', #1456, #2684 ) ;
#3209 = DIRECTION ( 'NONE',  ( 1.000000000000000000, 0.000000000000000000, 0.000000000000000000 ) ) ;
#3210 = VERTEX_POINT ( 'NONE', #1513 ) ;
#3211 = DIRECTION ( 'NONE',  ( -1.000000000000000000, 0.000000000000000000, 0.000000000000000000 ) ) ;
#3212 = VERTEX_POINT ( 'NONE', #3544 ) ;
#3213 = CARTESIAN_POINT ( 'NONE',  ( -30.52412065912967876, 33.14526759496442310, 3.000000000000000000 ) ) ;
#3214 = EDGE_CURVE ( 'NONE', #4154, #1763, #1472, .T. ) ;
#3215 = DIRECTION ( 'NONE',  ( 0.000000000000000000, 0.000000000000000000, -1.000000000000000000 ) ) ;
#3216 = VERTEX_POINT ( 'NONE', #1123 ) ;
#3217 = VECTOR ( 'NONE', #3653, 1000.000000000000000 ) ;
#3218 = EDGE_LOOP ( 'NONE', ( #4242, #419, #2304, #3761 ) ) ;
#3219 = CARTESIAN_POINT ( 'NONE',  ( -65.74499999999999034, -55.00000000000002842, 5.000000000000000000 ) ) ;
#3220 = APPLICATION_CONTEXT ( 'automotive_design' ) ;
#3221 = CARTESIAN_POINT ( 'NONE',  ( -60.00500000000020151, -79.50000000000009948, 0.000000000000000000 ) ) ;
#3222 = CARTESIAN_POINT ( 'NONE',  ( 14.25499999999999723, -48.94761299932681453, 0.000000000000000000 ) ) ;
#3223 = DIRECTION ( 'NONE',  ( -1.000000000000000000, 0.000000000000000000, 0.000000000000000000 ) ) ;
#3224 = CARTESIAN_POINT ( 'NONE',  ( -97.74500000000001876, -45.00000000000003553, 5.000000000000000000 ) ) ;
#3225 = ADVANCED_FACE ( 'NONE', ( #143 ), #2226, .F. ) ;
#3226 = ORIENTED_EDGE ( 'NONE', *, *, #4056, .T. ) ;
#3227 = CARTESIAN_POINT ( 'NONE',  ( 3.254999999999986127, 45.34761299932682022, 0.000000000000000000 ) ) ;
#3228 = CARTESIAN_POINT ( 'NONE',  ( -51.74500000000001165, -75.00000000000000000, 10.00000000000000000 ) ) ;
#3229 = EDGE_CURVE ( 'NONE', #1349, #1384, #18, .T. ) ;
#3230 = CIRCLE ( 'NONE', #364, 1.000000000000000000 ) ;
#3231 = VERTEX_POINT ( 'NONE', #1826 ) ;
#3232 = CARTESIAN_POINT ( 'NONE',  ( 9.994999999999995666, 44.99999999999995737, 5.000000000000000000 ) ) ;
#3233 = VERTEX_POINT ( 'NONE', #4208 ) ;
#3234 = LINE ( 'NONE', #2850, #672 ) ;
#3235 = EDGE_CURVE ( 'NONE', #4080, #4422, #3531, .T. ) ;
#3236 = LINE ( 'NONE', #802, #3026 ) ;
#3237 = EDGE_LOOP ( 'NONE', ( #3719, #3651 ) ) ;
#3238 = ORIENTED_EDGE ( 'NONE', *, *, #2487, .F. ) ;
#3239 = DIRECTION ( 'NONE',  ( -1.261617073437678443E-15, 1.000000000000000000, 0.000000000000000000 ) ) ;
#3240 = FACE_BOUND ( 'NONE', #636, .T. ) ;
#3241 = DIRECTION ( 'NONE',  ( -1.000000000000000000, 0.000000000000000000, 0.000000000000000000 ) ) ;
#3242 = DIRECTION ( 'NONE',  ( 1.000000000000000000, 0.000000000000000000, 0.000000000000000000 ) ) ;
#3243 = EDGE_CURVE ( 'NONE', #4042, #3216, #3202, .T. ) ;
#3244 = EDGE_CURVE ( 'NONE', #1349, #177, #1144, .T. ) ;
#3245 = DIRECTION ( 'NONE',  ( -0.000000000000000000, -0.000000000000000000, 1.000000000000000000 ) ) ;
#3246 = ORIENTED_EDGE ( 'NONE', *, *, #1093, .T. ) ;
#3247 = CARTESIAN_POINT ( 'NONE',  ( 0.000000000000000000, 0.000000000000000000, 3.000000000000000000 ) ) ;
#3248 = DIRECTION ( 'NONE',  ( 0.000000000000000000, 0.000000000000000000, -1.000000000000000000 ) ) ;
#3249 = ORIENTED_EDGE ( 'NONE', *, *, #2230, .F. ) ;
#3250 = CIRCLE ( 'NONE', #2886, 1.000000000000000000 ) ;
#3251 = EDGE_LOOP ( 'NONE', ( #1255, #3912, #250, #1434 ) ) ;
#3252 = DIRECTION ( 'NONE',  ( 1.000000000000000000, -0.000000000000000000, -0.000000000000000000 ) ) ;
#3253 = EDGE_LOOP ( 'NONE', ( #3617, #330 ) ) ;
#3254 = EDGE_LOOP ( 'NONE', ( #1727, #3125, #448, #4303 ) ) ;
#3255 = DIRECTION ( 'NONE',  ( -0.000000000000000000, -0.000000000000000000, 1.000000000000000000 ) ) ;
#3256 = AXIS2_PLACEMENT_3D ( 'NONE', #3552, #2209, #503 ) ;
#3257 = DIRECTION ( 'NONE',  ( 0.000000000000000000, 1.000000000000000000, 0.000000000000000000 ) ) ;
#3258 = AXIS2_PLACEMENT_3D ( 'NONE', #2521, #2496, #3887 ) ;
#3259 = ORIENTED_EDGE ( 'NONE', *, *, #3161, .F. ) ;
#3260 = ORIENTED_EDGE ( 'NONE', *, *, #958, .T. ) ;
#3261 = CARTESIAN_POINT ( 'NONE',  ( -97.74500000000001876, -48.00000000000003553, 5.000000000000000000 ) ) ;
#3262 = CIRCLE ( 'NONE', #2843, 3.000000000000001776 ) ;
#3263 = CARTESIAN_POINT ( 'NONE',  ( -51.74500000000000455, -30.94761299932681808, 0.000000000000000000 ) ) ;
#3264 = CARTESIAN_POINT ( 'NONE',  ( -51.74500000000000455, -30.94761299932681808, 5.000000000000000000 ) ) ;
#3265 = VECTOR ( 'NONE', #661, 1000.000000000000000 ) ;
#3266 = LINE ( 'NONE', #4018, #2608 ) ;
#3267 = CARTESIAN_POINT ( 'NONE',  ( -18.62448257959728437, 0.000000000000000000, 3.000000000000000000 ) ) ;
#3268 = CARTESIAN_POINT ( 'NONE',  ( -58.40499999999998693, -72.49999999999995737, 10.00000000000000000 ) ) ;
#3269 = CARTESIAN_POINT ( 'NONE',  ( -60.00499999999998124, -72.49999999999995737, 10.00000000000000000 ) ) ;
#3270 = EDGE_LOOP ( 'NONE', ( #2660, #2020 ) ) ;
#3271 = AXIS2_PLACEMENT_3D ( 'NONE', #1165, #2201, #162 ) ;
#3272 = LINE ( 'NONE', #2980, #4410 ) ;
#3273 = CARTESIAN_POINT ( 'NONE',  ( -16.39105546427840565, 39.80894216826094123, 2.000000000000000000 ) ) ;
#3274 = VECTOR ( 'NONE', #2072, 1000.000000000000000 ) ;
#3275 =( BOUNDED_CURVE ( )  B_SPLINE_CURVE ( 3, ( #1604, #2946, #4347, #1236 ),
 .UNSPECIFIED., .F., .F. ) 
 B_SPLINE_CURVE_WITH_KNOTS ( ( 4, 4 ),
 ( 1.570796326794896558, 3.141592653589793116 ),
 .UNSPECIFIED. ) 
 CURVE ( )  GEOMETRIC_REPRESENTATION_ITEM ( )  RATIONAL_B_SPLINE_CURVE ( ( 1.000000000000000000, 0.8047378541243649375, 0.8047378541243649375, 1.000000000000000000 ) ) 
 REPRESENTATION_ITEM ( '' )  );
#3276 = ORIENTED_EDGE ( 'NONE', *, *, #2569, .T. ) ;
#3277 = DIRECTION ( 'NONE',  ( -1.000000000000000000, 0.000000000000000000, 0.000000000000000000 ) ) ;
#3278 = VERTEX_POINT ( 'NONE', #2519 ) ;
#3279 = CARTESIAN_POINT ( 'NONE',  ( -52.53828962499051869, 22.86114967175884161, 3.000000000000000000 ) ) ;
#3280 = DIRECTION ( 'NONE',  ( 0.000000000000000000, 0.000000000000000000, 1.000000000000000000 ) ) ;
#3281 = ORIENTED_EDGE ( 'NONE', *, *, #1167, .F. ) ;
#3282 = ORIENTED_EDGE ( 'NONE', *, *, #4037, .T. ) ;
#3283 = CARTESIAN_POINT ( 'NONE',  ( 14.25499999999999723, 31.79203768307636935, 5.000000000000000000 ) ) ;
#3284 = EDGE_CURVE ( 'NONE', #2579, #2443, #2095, .T. ) ;
#3285 = DIRECTION ( 'NONE',  ( 0.000000000000000000, 0.000000000000000000, -1.000000000000000000 ) ) ;
#3286 = CIRCLE ( 'NONE', #1922, 2.250000000000002665 ) ;
#3287 = DIRECTION ( 'NONE',  ( -1.000000000000000000, 0.000000000000000000, 0.000000000000000000 ) ) ;
#3288 = CARTESIAN_POINT ( 'NONE',  ( -54.52934526994632591, 12.65589906941674769, 3.000000000000000000 ) ) ;
#3289 = CARTESIAN_POINT ( 'NONE',  ( -51.74500000000001876, 45.26507572786680811, 0.000000000000000000 ) ) ;
#3290 = DIRECTION ( 'NONE',  ( -1.000000000000000000, 0.000000000000000000, 0.000000000000000000 ) ) ;
#3291 = EDGE_CURVE ( 'NONE', #4422, #628, #82, .T. ) ;
#3292 = CARTESIAN_POINT ( 'NONE',  ( -51.74500000000001165, 24.83308146576365871, 3.000000000000000000 ) ) ;
#3293 = ORIENTED_EDGE ( 'NONE', *, *, #4258, .T. ) ;
#3294 = DIRECTION ( 'NONE',  ( 1.000000000000000000, 0.000000000000000000, -0.000000000000000000 ) ) ;
#3295 = DIRECTION ( 'NONE',  ( 0.000000000000000000, 0.000000000000000000, -1.000000000000000000 ) ) ;
#3296 = AXIS2_PLACEMENT_3D ( 'NONE', #1218, #4026, #1540 ) ;
#3297 = ORIENTED_EDGE ( 'NONE', *, *, #1072, .F. ) ;
#3298 = EDGE_CURVE ( 'NONE', #1944, #3673, #164, .T. ) ;
#3299 = FACE_OUTER_BOUND ( 'NONE', #4284, .T. ) ;
#3300 = ORIENTED_EDGE ( 'NONE', *, *, #924, .F. ) ;
#3301 =( BOUNDED_CURVE ( )  B_SPLINE_CURVE ( 3, ( #2131, #2845, #400, #4193 ),
 .UNSPECIFIED., .F., .T. ) 
 B_SPLINE_CURVE_WITH_KNOTS ( ( 4, 4 ),
 ( 1.570796326794896558, 3.141592653589793116 ),
 .UNSPECIFIED. ) 
 CURVE ( )  GEOMETRIC_REPRESENTATION_ITEM ( )  RATIONAL_B_SPLINE_CURVE ( ( 1.000000000000000000, 0.8047378541243649375, 0.8047378541243649375, 1.000000000000000000 ) ) 
 REPRESENTATION_ITEM ( '' )  );
#3302 = DIRECTION ( 'NONE',  ( 0.000000000000000000, 0.000000000000000000, -1.000000000000000000 ) ) ;
#3303 = VECTOR ( 'NONE', #543, 1000.000000000000000 ) ;
#3304 = EDGE_CURVE ( 'NONE', #4453, #2316, #1533, .T. ) ;
#3305 = DIRECTION ( 'NONE',  ( -0.000000000000000000, 0.000000000000000000, -1.000000000000000000 ) ) ;
#3306 = ORIENTED_EDGE ( 'NONE', *, *, #1945, .T. ) ;
#3307 = ORIENTED_EDGE ( 'NONE', *, *, #2851, .T. ) ;
#3308 = EDGE_CURVE ( 'NONE', #2715, #4103, #2564, .T. ) ;
#3309 = DIRECTION ( 'NONE',  ( 5.947623346206190399E-16, 1.000000000000000000, -0.000000000000000000 ) ) ;
#3310 = EDGE_CURVE ( 'NONE', #804, #2847, #935, .T. ) ;
#3311 = VECTOR ( 'NONE', #1561, 1000.000000000000000 ) ;
#3312 = EDGE_CURVE ( 'NONE', #3090, #1686, #298, .T. ) ;
#3313 = VECTOR ( 'NONE', #2610, 1000.000000000000000 ) ;
#3314 = LINE ( 'NONE', #3702, #187 ) ;
#3315 = DIRECTION ( 'NONE',  ( 0.000000000000000000, -1.000000000000000000, 0.000000000000000000 ) ) ;
#3316 = CARTESIAN_POINT ( 'NONE',  ( -15.93726924517893728, 39.80894216826094123, 3.000000000000000000 ) ) ;
#3317 = AXIS2_PLACEMENT_3D ( 'NONE', #781, #1910, #1887 ) ;
#3318 = CARTESIAN_POINT ( 'NONE',  ( -65.74499999999999034, -45.00000000000001421, 0.000000000000000000 ) ) ;
#3319 = DIRECTION ( 'NONE',  ( 0.000000000000000000, -1.000000000000000000, 0.000000000000000000 ) ) ;
#3320 = CARTESIAN_POINT ( 'NONE',  ( -51.74500000000001876, 25.75436441852100700, 2.136270881226836060 ) ) ;
#3321 = ORIENTED_EDGE ( 'NONE', *, *, #3502, .T. ) ;
#3322 = LINE ( 'NONE', #2928, #3554 ) ;
#3323 = LINE ( 'NONE', #1974, #1234 ) ;
#3324 = VERTEX_POINT ( 'NONE', #634 ) ;
#3325 = CARTESIAN_POINT ( 'NONE',  ( -9.614990928539642212, -39.38838713590120477, 3.000000000000000000 ) ) ;
#3326 = ORIENTED_EDGE ( 'NONE', *, *, #3335, .F. ) ;
#3327 = EDGE_CURVE ( 'NONE', #1932, #3212, #4345, .T. ) ;
#3328 = CARTESIAN_POINT ( 'NONE',  ( -100.7450000000000188, 48.00000000000000711, 5.000000000000000000 ) ) ;
#3329 = CIRCLE ( 'NONE', #3183, 1.599999999999997202 ) ;
#3330 = VECTOR ( 'NONE', #4452, 1000.000000000000000 ) ;
#3331 = DIRECTION ( 'NONE',  ( 5.825304554501312687E-16, 1.000000000000000000, -0.000000000000000000 ) ) ;
#3332 = VERTEX_POINT ( 'NONE', #3338 ) ;
#3333 = ORIENTED_EDGE ( 'NONE', *, *, #1502, .T. ) ;
#3334 = CARTESIAN_POINT ( 'NONE',  ( 1.004999999999984128, 45.34761299932682022, -5.000000000000000000 ) ) ;
#3335 = EDGE_CURVE ( 'NONE', #682, #4461, #2943, .T. ) ;
#3336 = AXIS2_PLACEMENT_3D ( 'NONE', #373, #1740, #4121 ) ;
#3337 = CARTESIAN_POINT ( 'NONE',  ( -58.40500000000001535, 72.49999999999995737, 10.00000000000000000 ) ) ;
#3338 = CARTESIAN_POINT ( 'NONE',  ( -51.74500000000000455, -51.94761299932682874, 0.000000000000000000 ) ) ;
#3339 = DIRECTION ( 'NONE',  ( 0.000000000000000000, 0.000000000000000000, -1.000000000000000000 ) ) ;
#3340 = CARTESIAN_POINT ( 'NONE',  ( 0.000000000000000000, 32.14526759496442310, 2.000000000000000000 ) ) ;
#3341 = CARTESIAN_POINT ( 'NONE',  ( 9.994999999999995666, 44.99999999999995737, 0.000000000000000000 ) ) ;
#3342 = VECTOR ( 'NONE', #3754, 1000.000000000000000 ) ;
#3343 = EDGE_CURVE ( 'NONE', #1394, #1666, #1285, .T. ) ;
#3344 = ORIENTED_EDGE ( 'NONE', *, *, #3647, .F. ) ;
#3345 = LINE ( 'NONE', #2326, #3786 ) ;
#3346 = ORIENTED_EDGE ( 'NONE', *, *, #2949, .F. ) ;
#3347 = DIRECTION ( 'NONE',  ( -1.000000000000000000, 0.000000000000000000, 0.000000000000000000 ) ) ;
#3348 = DIRECTION ( 'NONE',  ( -1.000000000000000000, 0.000000000000000000, 0.000000000000000000 ) ) ;
#3349 = EDGE_CURVE ( 'NONE', #2811, #3785, #2270, .T. ) ;
#3350 = VERTEX_POINT ( 'NONE', #258 ) ;
#3351 = LINE ( 'NONE', #3058, #2459 ) ;
#3352 = ORIENTED_EDGE ( 'NONE', *, *, #1744, .T. ) ;
#3353 = DIRECTION ( 'NONE',  ( -1.000000000000000000, 0.000000000000000000, 0.000000000000000000 ) ) ;
#3354 = CARTESIAN_POINT ( 'NONE',  ( 14.25499999999999723, 45.88661684659245310, 5.000000000000000000 ) ) ;
#3355 = VERTEX_POINT ( 'NONE', #1233 ) ;
#3356 = ORIENTED_EDGE ( 'NONE', *, *, #2163, .T. ) ;
#3357 = EDGE_CURVE ( 'NONE', #1932, #3550, #3893, .T. ) ;
#3358 = FACE_BOUND ( 'NONE', #2905, .T. ) ;
#3359 = DIRECTION ( 'NONE',  ( 0.000000000000000000, 0.000000000000000000, -1.000000000000000000 ) ) ;
#3360 = EDGE_CURVE ( 'NONE', #927, #1824, #3385, .T. ) ;
#3361 = DIRECTION ( 'NONE',  ( -1.000000000000000000, 0.000000000000000000, 0.000000000000000000 ) ) ;
#3362 = DIRECTION ( 'NONE',  ( 0.000000000000000000, 0.000000000000000000, -1.000000000000000000 ) ) ;
#3363 = ORIENTED_EDGE ( 'NONE', *, *, #4056, .F. ) ;
#3364 = DIRECTION ( 'NONE',  ( -1.000000000000000000, 0.000000000000000000, 0.000000000000000000 ) ) ;
#3365 = CARTESIAN_POINT ( 'NONE',  ( -60.00500000000020151, -79.50000000000009948, 5.000000000000000000 ) ) ;
#3366 = ORIENTED_EDGE ( 'NONE', *, *, #2501, .T. ) ;
#3367 = DIRECTION ( 'NONE',  ( -1.000000000000000000, 0.000000000000000000, 0.000000000000000000 ) ) ;
#3368 = VERTEX_POINT ( 'NONE', #4417 ) ;
#3369 = CARTESIAN_POINT ( 'NONE',  ( -10.61499092853945925, -39.38838713590120477, 0.000000000000000000 ) ) ;
#3370 = EDGE_CURVE ( 'NONE', #244, #3083, #2656, .T. ) ;
#3371 = LINE ( 'NONE', #1658, #1962 ) ;
#3372 = EDGE_LOOP ( 'NONE', ( #1881, #508, #3536, #3790 ) ) ;
#3373 = DIRECTION ( 'NONE',  ( 1.000000000000000000, 0.000000000000000000, 0.000000000000000000 ) ) ;
#3374 = ORIENTED_EDGE ( 'NONE', *, *, #2230, .T. ) ;
#3375 = CARTESIAN_POINT ( 'NONE',  ( -15.93726924517893728, 39.80894216826094123, 3.000000000000000000 ) ) ;
#3376 = CIRCLE ( 'NONE', #519, 2.999999999999999112 ) ;
#3377 = DIRECTION ( 'NONE',  ( -0.000000000000000000, 0.000000000000000000, 1.000000000000000000 ) ) ;
#3378 = ORIENTED_EDGE ( 'NONE', *, *, #3100, .T. ) ;
#3379 = VERTEX_POINT ( 'NONE', #2921 ) ;
#3380 = CIRCLE ( 'NONE', #2731, 1.599999999999997202 ) ;
#3381 = CARTESIAN_POINT ( 'NONE',  ( 0.000000000000000000, 0.000000000000000000, 10.00000000000000000 ) ) ;
#3382 = EDGE_CURVE ( 'NONE', #4213, #1730, #3166, .T. ) ;
#3383 = DIRECTION ( 'NONE',  ( -1.000000000000000000, 0.000000000000000000, 0.000000000000000000 ) ) ;
#3384 = EDGE_LOOP ( 'NONE', ( #1016, #2009, #2345, #2667 ) ) ;
#3385 = LINE ( 'NONE', #2679, #2741 ) ;
#3386 = CARTESIAN_POINT ( 'NONE',  ( -63.98149343014689094, -77.99999999999997158, 10.00000000000000000 ) ) ;
#3387 = AXIS2_PLACEMENT_3D ( 'NONE', #1511, #2876, #3518 ) ;
#3388 = ORIENTED_EDGE ( 'NONE', *, *, #1010, .T. ) ;
#3389 = EDGE_CURVE ( 'NONE', #8, #1800, #585, .T. ) ;
#3390 = CARTESIAN_POINT ( 'NONE',  ( 11.25499999999999723, -33.94761299932681453, 5.000000000000000000 ) ) ;
#3391 = AXIS2_PLACEMENT_3D ( 'NONE', #2816, #3865, #100 ) ;
#3392 = LINE ( 'NONE', #1386, #1762 ) ;
#3393 = VERTEX_POINT ( 'NONE', #560 ) ;
#3394 = CARTESIAN_POINT ( 'NONE',  ( -48.74500000000000455, -48.94761299932681453, 5.000000000000000000 ) ) ;
#3395 = VECTOR ( 'NONE', #2893, 1000.000000000000000 ) ;
#3396 = ORIENTED_EDGE ( 'NONE', *, *, #310, .T. ) ;
#3397 = CARTESIAN_POINT ( 'NONE',  ( 14.25499999999999723, 34.79203768307637290, 5.000000000000000000 ) ) ;
#3398 = CARTESIAN_POINT ( 'NONE',  ( -51.74499999999999744, 74.99999999999997158, 5.000000000000000000 ) ) ;
#3399 = ORIENTED_EDGE ( 'NONE', *, *, #4250, .F. ) ;
#3400 = CARTESIAN_POINT ( 'NONE',  ( -22.14407308639565386, 39.80894216826094123, 3.000000000000000000 ) ) ;
#3401 = ORIENTED_EDGE ( 'NONE', *, *, #722, .T. ) ;
#3402 = CARTESIAN_POINT ( 'NONE',  ( -37.74521744568226467, 31.79203768307636935, 0.000000000000000000 ) ) ;
#3403 = LINE ( 'NONE', #2025, #2253 ) ;
#3404 = ORIENTED_EDGE ( 'NONE', *, *, #686, .F. ) ;
#3405 = EDGE_CURVE ( 'NONE', #3595, #1815, #2940, .T. ) ;
#3406 = EDGE_LOOP ( 'NONE', ( #1848, #4150, #3873, #3828 ) ) ;
#3407 = DIRECTION ( 'NONE',  ( 1.000000000000000000, 0.000000000000000000, 0.000000000000000000 ) ) ;
#3408 = CIRCLE ( 'NONE', #1460, 2.250000000000001776 ) ;
#3409 = CARTESIAN_POINT ( 'NONE',  ( 14.25499999999999723, -33.94761299932681453, 0.000000000000000000 ) ) ;
#3410 = VERTEX_POINT ( 'NONE', #610 ) ;
#3411 = CARTESIAN_POINT ( 'NONE',  ( -51.74500000000001165, -22.29035069985950912, 2.270978562477066198 ) ) ;
#3412 = VECTOR ( 'NONE', #957, 1000.000000000000000 ) ;
#3413 = CARTESIAN_POINT ( 'NONE',  ( -0.005000000000005000445, -38.86000000000001364, 5.000000000000000000 ) ) ;
#3414 = ORIENTED_EDGE ( 'NONE', *, *, #3487, .F. ) ;
#3415 = EDGE_CURVE ( 'NONE', #972, #1904, #4067, .T. ) ;
#3416 = PLANE ( 'NONE',  #1406 ) ;
#3417 = ORIENTED_EDGE ( 'NONE', *, *, #2878, .T. ) ;
#3418 = AXIS2_PLACEMENT_3D ( 'NONE', #2972, #920, #586 ) ;
#3419 = DIRECTION ( 'NONE',  ( 0.000000000000000000, -0.000000000000000000, -1.000000000000000000 ) ) ;
#3420 = ORIENTED_EDGE ( 'NONE', *, *, #2910, .F. ) ;
#3421 = CARTESIAN_POINT ( 'NONE',  ( -94.49500000000000455, -50.00000000000000711, -5.000000000000000000 ) ) ;
#3422 = CARTESIAN_POINT ( 'NONE',  ( 14.25499999999999723, -30.94761299932681808, 5.000000000000000000 ) ) ;
#3423 = VERTEX_POINT ( 'NONE', #1260 ) ;
#3424 = CIRCLE ( 'NONE', #1549, 2.999999999999999112 ) ;
#3425 = DIRECTION ( 'NONE',  ( -0.000000000000000000, -0.000000000000000000, -1.000000000000000000 ) ) ;
#3426 = ORIENTED_EDGE ( 'NONE', *, *, #3455, .T. ) ;
#3427 = AXIS2_PLACEMENT_3D ( 'NONE', #3635, #2251, #3290 ) ;
#3428 = LINE ( 'NONE', #3721, #779 ) ;
#3429 = DIRECTION ( 'NONE',  ( -0.000000000000000000, -0.000000000000000000, 1.000000000000000000 ) ) ;
#3430 = ORIENTED_EDGE ( 'NONE', *, *, #1090, .T. ) ;
#3431 = FACE_OUTER_BOUND ( 'NONE', #1293, .T. ) ;
#3432 = CIRCLE ( 'NONE', #4227, 3.000000000000002665 ) ;
#3433 = DIRECTION ( 'NONE',  ( -1.000000000000000000, 0.000000000000000000, 0.000000000000000000 ) ) ;
#3434 = ORIENTED_EDGE ( 'NONE', *, *, #3159, .F. ) ;
#3435 = DIRECTION ( 'NONE',  ( 0.000000000000000000, -1.000000000000000000, 0.000000000000000000 ) ) ;
#3436 = ADVANCED_FACE ( 'NONE', ( #1308 ), #3630, .F. ) ;
#3437 = CARTESIAN_POINT ( 'NONE',  ( -22.14407308639565386, 42.26507572786680811, 0.000000000000000000 ) ) ;
#3438 = DIRECTION ( 'NONE',  ( -1.000000000000000000, 0.000000000000000000, 0.000000000000000000 ) ) ;
#3439 = ORIENTED_EDGE ( 'NONE', *, *, #1238, .F. ) ;
#3440 = DIRECTION ( 'NONE',  ( -1.000000000000000000, 0.000000000000000000, 0.000000000000000000 ) ) ;
#3441 = ADVANCED_FACE ( 'NONE', ( #919 ), #2292, .F. ) ;
#3442 = ORIENTED_EDGE ( 'NONE', *, *, #2203, .T. ) ;
#3443 = CIRCLE ( 'NONE', #4313, 3.000000000000002665 ) ;
#3444 = ORIENTED_EDGE ( 'NONE', *, *, #946, .F. ) ;
#3445 = CARTESIAN_POINT ( 'NONE',  ( -52.53828962499051869, 22.86114967175884161, 0.000000000000000000 ) ) ;
#3446 = EDGE_CURVE ( 'NONE', #4077, #1220, #1759, .T. ) ;
#3447 = CARTESIAN_POINT ( 'NONE',  ( 11.25499999999999368, 31.79203768307636935, 0.000000000000000000 ) ) ;
#3448 = EDGE_LOOP ( 'NONE', ( #2603, #4198, #2409, #1706, #2285, #1403 ) ) ;
#3449 = EDGE_CURVE ( 'NONE', #2574, #4111, #2341, .T. ) ;
#3450 = CARTESIAN_POINT ( 'NONE',  ( -54.74500000000000455, -77.99999999999997158, 10.00000000000000000 ) ) ;
#3451 = CARTESIAN_POINT ( 'NONE',  ( -51.74500000000000455, -51.94761299932682164, 5.000000000000000000 ) ) ;
#3452 = ORIENTED_EDGE ( 'NONE', *, *, #1592, .T. ) ;
#3453 = CARTESIAN_POINT ( 'NONE',  ( -52.53828962499068922, -25.15438010052512041, 3.000000000000000000 ) ) ;
#3454 = DIRECTION ( 'NONE',  ( 0.000000000000000000, 0.000000000000000000, -1.000000000000000000 ) ) ;
#3455 = EDGE_CURVE ( 'NONE', #2213, #3332, #4138, .T. ) ;
#3456 = ADVANCED_FACE ( 'NONE', ( #1670 ), #1014, .F. ) ;
#3457 = ORIENTED_EDGE ( 'NONE', *, *, #2676, .T. ) ;
#3458 = AXIS2_PLACEMENT_3D ( 'NONE', #4207, #1101, #831 ) ;
#3459 = DIRECTION ( 'NONE',  ( 0.000000000000000000, 1.000000000000000000, 0.000000000000000000 ) ) ;
#3460 = CARTESIAN_POINT ( 'NONE',  ( -51.74500000000001876, 20.88930057231273096, 3.000000000000000444 ) ) ;
#3461 = ORIENTED_EDGE ( 'NONE', *, *, #4009, .F. ) ;
#3462 = CARTESIAN_POINT ( 'NONE',  ( -18.62448257959728437, 38.76407684932542708, 3.000000000000000000 ) ) ;
#3463 = VECTOR ( 'NONE', #4321, 1000.000000000000000 ) ;
#3464 = VERTEX_POINT ( 'NONE', #994 ) ;
#3465 = CARTESIAN_POINT ( 'NONE',  ( -11.61499092853933668, -46.98838713590125593, 2.000000000000000000 ) ) ;
#3466 = CARTESIAN_POINT ( 'NONE',  ( -68.74499999999999034, -45.00000000000001421, 5.000000000000000000 ) ) ;
#3467 = CARTESIAN_POINT ( 'NONE',  ( -54.53828962499045474, 22.86114967175884161, 3.000000000000000000 ) ) ;
#3468 = ORIENTED_EDGE ( 'NONE', *, *, #679, .F. ) ;
#3469 = ADVANCED_FACE ( 'NONE', ( #2792, #350 ), #1718, .T. ) ;
#3470 = LINE ( 'NONE', #2447, #4170 ) ;
#3471 = CARTESIAN_POINT ( 'NONE',  ( 0.000000000000000000, 12.65589906941674769, 2.000000000000000000 ) ) ;
#3472 = ORIENTED_EDGE ( 'NONE', *, *, #583, .T. ) ;
#3473 = CARTESIAN_POINT ( 'NONE',  ( 6.994999999999993001, -45.00000000000000000, 2.000000000000000000 ) ) ;
#3474 = DIRECTION ( 'NONE',  ( -0.000000000000000000, -1.000000000000000000, -0.000000000000000000 ) ) ;
#3475 = VERTEX_POINT ( 'NONE', #2428 ) ;
#3476 = ADVANCED_FACE ( 'NONE', ( #2061 ), #2773, .F. ) ;
#3477 = VECTOR ( 'NONE', #1796, 1000.000000000000000 ) ;
#3478 = AXIS2_PLACEMENT_3D ( 'NONE', #3959, #3619, #573 ) ;
#3479 = DIRECTION ( 'NONE',  ( 0.7228257756151913460, 0.6910303163438613616, 0.000000000000000000 ) ) ;
#3480 = DIRECTION ( 'NONE',  ( -0.000000000000000000, -0.000000000000000000, 1.000000000000000000 ) ) ;
#3481 = EDGE_LOOP ( 'NONE', ( #291, #2327 ) ) ;
#3482 = CARTESIAN_POINT ( 'NONE',  ( -57.00500000000000256, 72.49999999999995737, 5.000000000000000000 ) ) ;
#3483 = EDGE_CURVE ( 'NONE', #2015, #4205, #2186, .T. ) ;
#3484 = VECTOR ( 'NONE', #2248, 1000.000000000000000 ) ;
#3485 = ADVANCED_FACE ( 'NONE', ( #15 ), #368, .T. ) ;
#3486 = EDGE_LOOP ( 'NONE', ( #282, #3133, #2805, #3260 ) ) ;
#3487 = EDGE_CURVE ( 'NONE', #1419, #2873, #2751, .T. ) ;
#3488 = DIRECTION ( 'NONE',  ( 0.000000000000000000, 0.000000000000000000, -1.000000000000000000 ) ) ;
#3489 = ORIENTED_EDGE ( 'NONE', *, *, #1731, .T. ) ;
#3490 = CARTESIAN_POINT ( 'NONE',  ( -68.74499999999999034, -42.00000000000000711, 0.000000000000000000 ) ) ;
#3491 = VECTOR ( 'NONE', #4119, 1000.000000000000000 ) ;
#3492 = ORIENTED_EDGE ( 'NONE', *, *, #3857, .T. ) ;
#3493 = DIRECTION ( 'NONE',  ( 0.000000000000000000, 1.000000000000000000, 0.000000000000000000 ) ) ;
#3494 = DIRECTION ( 'NONE',  ( -1.000000000000000000, 6.938893903907222067E-15, 0.000000000000000000 ) ) ;
#3495 = ORIENTED_EDGE ( 'NONE', *, *, #1381, .T. ) ;
#3496 = CARTESIAN_POINT ( 'NONE',  ( -60.99499999999999034, 60.97999999999998266, 5.000000000000000000 ) ) ;
#3497 = EDGE_CURVE ( 'NONE', #3577, #3745, #37, .T. ) ;
#3498 = AXIS2_PLACEMENT_3D ( 'NONE', #3567, #2543, #786 ) ;
#3499 = FACE_OUTER_BOUND ( 'NONE', #760, .T. ) ;
#3500 = EDGE_LOOP ( 'NONE', ( #2347, #3068 ) ) ;
#3501 = CIRCLE ( 'NONE', #531, 2.250000000000001776 ) ;
#3502 = EDGE_CURVE ( 'NONE', #2048, #1267, #111, .T. ) ;
#3503 = CYLINDRICAL_SURFACE ( 'NONE', #1935, 3.000000000000002665 ) ;
#3504 = DIRECTION ( 'NONE',  ( -1.000000000000000000, 0.000000000000000000, 0.000000000000000000 ) ) ;
#3505 = CARTESIAN_POINT ( 'NONE',  ( -19.21026901722418856, 40.22315573063403349, 3.000000000000000000 ) ) ;
#3506 = ORIENTED_EDGE ( 'NONE', *, *, #319, .T. ) ;
#3507 = LINE ( 'NONE', #3141, #1602 ) ;
#3508 = EDGE_LOOP ( 'NONE', ( #2700, #1039, #3579, #1115 ) ) ;
#3509 = ADVANCED_FACE ( 'NONE', ( #1335 ), #3134, .F. ) ;
#3510 = ADVANCED_FACE ( 'NONE', ( #4181 ), #1077, .F. ) ;
#3511 = CARTESIAN_POINT ( 'NONE',  ( -51.74500000000000455, -23.31843577378699806, 3.000000000000000000 ) ) ;
#3512 = AXIS2_PLACEMENT_3D ( 'NONE', #4014, #3309, #231 ) ;
#3513 = ORIENTED_EDGE ( 'NONE', *, *, #4238, .T. ) ;
#3514 = DIRECTION ( 'NONE',  ( -1.000000000000000000, 0.000000000000000000, 0.000000000000000000 ) ) ;
#3515 = CARTESIAN_POINT ( 'NONE',  ( -56.02850656985354760, 77.99999999999997158, 10.00000000000000000 ) ) ;
#3516 = DIRECTION ( 'NONE',  ( 1.000000000000000000, 0.000000000000000000, 0.000000000000000000 ) ) ;
#3517 = ORIENTED_EDGE ( 'NONE', *, *, #3312, .T. ) ;
#3518 = DIRECTION ( 'NONE',  ( 1.000000000000000000, 0.000000000000000000, 0.000000000000000000 ) ) ;
#3519 = VERTEX_POINT ( 'NONE', #3473 ) ;
#3520 = AXIS2_PLACEMENT_3D ( 'NONE', #3445, #4152, #2721 ) ;
#3521 = CYLINDRICAL_SURFACE ( 'NONE', #3271, 2.250000000000002220 ) ;
#3522 = DIRECTION ( 'NONE',  ( -0.000000000000000000, -0.000000000000000000, 1.000000000000000000 ) ) ;
#3523 = DIRECTION ( 'NONE',  ( 0.000000000000000000, 0.000000000000000000, 1.000000000000000000 ) ) ;
#3524 = EDGE_CURVE ( 'NONE', #2780, #63, #332, .T. ) ;
#3525 = CIRCLE ( 'NONE', #1576, 2.250000000000001776 ) ;
#3526 = CARTESIAN_POINT ( 'NONE',  ( -37.74521744568226467, 33.14526759496442310, 2.000000000000000000 ) ) ;
#3527 = EDGE_LOOP ( 'NONE', ( #4163, #2151, #2332, #27 ) ) ;
#3528 = VECTOR ( 'NONE', #850, 1000.000000000000000 ) ;
#3529 = CARTESIAN_POINT ( 'NONE',  ( -53.52934526994632591, 8.598901098682526722, 2.000000000000000000 ) ) ;
#3530 = LINE ( 'NONE', #1417, #2794 ) ;
#3531 = CIRCLE ( 'NONE', #433, 3.000000000000009770 ) ;
#3532 = CARTESIAN_POINT ( 'NONE',  ( -97.74500000000001876, -45.00000000000003553, 0.000000000000000000 ) ) ;
#3533 = VERTEX_POINT ( 'NONE', #58 ) ;
#3534 = CARTESIAN_POINT ( 'NONE',  ( -9.614990928539642212, -39.38838713590120477, 2.000000000000000000 ) ) ;
#3535 = ORIENTED_EDGE ( 'NONE', *, *, #1506, .F. ) ;
#3536 = ORIENTED_EDGE ( 'NONE', *, *, #9, .F. ) ;
#3537 = CIRCLE ( 'NONE', #2228, 2.250000000000001776 ) ;
#3538 = FACE_OUTER_BOUND ( 'NONE', #3486, .T. ) ;
#3539 = EDGE_CURVE ( 'NONE', #63, #3464, #1389, .T. ) ;
#3540 = ORIENTED_EDGE ( 'NONE', *, *, #599, .T. ) ;
#3541 = DIRECTION ( 'NONE',  ( -1.000000000000000000, 0.000000000000000000, 0.000000000000000000 ) ) ;
#3542 = ORIENTED_EDGE ( 'NONE', *, *, #3235, .T. ) ;
#3543 = CYLINDRICAL_SURFACE ( 'NONE', #3793, 3.000000000000009770 ) ;
#3544 = CARTESIAN_POINT ( 'NONE',  ( -56.49500000000001876, 60.97999999999998266, 0.000000000000000000 ) ) ;
#3545 = CARTESIAN_POINT ( 'NONE',  ( -57.54723398003460488, 8.598901098682526722, 0.000000000000000000 ) ) ;
#3546 = EDGE_CURVE ( 'NONE', #2069, #1127, #2833, .T. ) ;
#3547 = CARTESIAN_POINT ( 'NONE',  ( -51.74500000000001876, -66.99999999999997158, 10.00000000000000000 ) ) ;
#3548 = AXIS2_PLACEMENT_3D ( 'NONE', #1005, #2024, #2334 ) ;
#3549 = VECTOR ( 'NONE', #1498, 1000.000000000000000 ) ;
#3550 = VERTEX_POINT ( 'NONE', #3496 ) ;
#3551 = ADVANCED_FACE ( 'NONE', ( #74 ), #2812, .F. ) ;
#3552 = CARTESIAN_POINT ( 'NONE',  ( 0.000000000000000000, 0.000000000000000000, 5.000000000000000000 ) ) ;
#3553 = CARTESIAN_POINT ( 'NONE',  ( -68.74499999999999034, -58.00000000000002842, 5.000000000000000000 ) ) ;
#3554 = VECTOR ( 'NONE', #818, 1000.000000000000000 ) ;
#3555 = CIRCLE ( 'NONE', #3050, 2.250000000000001776 ) ;
#3556 = CARTESIAN_POINT ( 'NONE',  ( -10.61499092853951431, -46.98838713590125593, 2.000000000000000000 ) ) ;
#3557 = ORIENTED_EDGE ( 'NONE', *, *, #2598, .F. ) ;
#3558 = EDGE_LOOP ( 'NONE', ( #1983, #604, #1193, #3259, #2033, #4371, #2826 ) ) ;
#3559 = CIRCLE ( 'NONE', #2898, 2.250000000000002220 ) ;
#3560 = CARTESIAN_POINT ( 'NONE',  ( -51.74499999999999744, -66.99999999999997158, 5.000000000000000000 ) ) ;
#3561 = AXIS2_PLACEMENT_3D ( 'NONE', #3118, #2732, #1698 ) ;
#3562 = CARTESIAN_POINT ( 'NONE',  ( -51.74500000000000455, -30.94761299932681808, 5.000000000000000000 ) ) ;
#3563 = ORIENTED_EDGE ( 'NONE', *, *, #1951, .T. ) ;
#3564 = VECTOR ( 'NONE', #950, 1000.000000000000000 ) ;
#3565 = CARTESIAN_POINT ( 'NONE',  ( -19.62448257959728437, 37.76407684932541997, 0.000000000000000000 ) ) ;
#3566 = ORIENTED_EDGE ( 'NONE', *, *, #1381, .F. ) ;
#3567 = CARTESIAN_POINT ( 'NONE',  ( -15.93726924517893728, 39.80894216826094123, 3.000000000000000000 ) ) ;
#3568 = DIRECTION ( 'NONE',  ( 1.000000000000000000, 0.000000000000000000, 0.000000000000000000 ) ) ;
#3569 = CARTESIAN_POINT ( 'NONE',  ( -94.49500000000000455, -50.00000000000000711, 0.000000000000000000 ) ) ;
#3570 = EDGE_CURVE ( 'NONE', #2793, #4042, #1107, .T. ) ;
#3571 = DIRECTION ( 'NONE',  ( 1.000000000000000000, 0.000000000000000000, 0.000000000000000000 ) ) ;
#3572 = ORIENTED_EDGE ( 'NONE', *, *, #2870, .F. ) ;
#3573 = FACE_OUTER_BOUND ( 'NONE', #726, .T. ) ;
#3574 = ADVANCED_FACE ( 'NONE', ( #408 ), #3660, .F. ) ;
#3575 = FACE_OUTER_BOUND ( 'NONE', #2418, .T. ) ;
#3576 = DIRECTION ( 'NONE',  ( 1.000000000000000000, -0.000000000000000000, -0.000000000000000000 ) ) ;
#3577 = VERTEX_POINT ( 'NONE', #4397 ) ;
#3578 = LINE ( 'NONE', #3325, #3185 ) ;
#3579 = ORIENTED_EDGE ( 'NONE', *, *, #1864, .F. ) ;
#3580 = ORIENTED_EDGE ( 'NONE', *, *, #3123, .T. ) ;
#3581 = DIRECTION ( 'NONE',  ( 0.000000000000000000, 0.000000000000000000, 1.000000000000000000 ) ) ;
#3582 = FACE_OUTER_BOUND ( 'NONE', #751, .T. ) ;
#3583 = EDGE_CURVE ( 'NONE', #3607, #3984, #2638, .T. ) ;
#3584 = ORIENTED_EDGE ( 'NONE', *, *, #3107, .F. ) ;
#3585 = AXIS2_PLACEMENT_3D ( 'NONE', #3675, #1891, #2606 ) ;
#3586 = EDGE_CURVE ( 'NONE', #3990, #3946, #2344, .T. ) ;
#3587 = ORIENTED_EDGE ( 'NONE', *, *, #2431, .T. ) ;
#3588 = CARTESIAN_POINT ( 'NONE',  ( -3.640949020223452237, 48.88661684659246021, 5.000000000000000000 ) ) ;
#3589 = CARTESIAN_POINT ( 'NONE',  ( -60.00499999999998124, -72.49999999999995737, 5.000000000000000000 ) ) ;
#3590 = DIRECTION ( 'NONE',  ( -0.000000000000000000, -0.000000000000000000, -1.000000000000000000 ) ) ;
#3591 = EDGE_CURVE ( 'NONE', #3379, #2780, #688, .T. ) ;
#3592 = LINE ( 'NONE', #1146, #3624 ) ;
#3593 = AXIS2_PLACEMENT_3D ( 'NONE', #651, #4431, #625 ) ;
#3594 = CARTESIAN_POINT ( 'NONE',  ( -65.74499999999999034, 54.99999999999998579, 5.000000000000000000 ) ) ;
#3595 = VERTEX_POINT ( 'NONE', #281 ) ;
#3596 = CARTESIAN_POINT ( 'NONE',  ( -60.00500000000000966, 72.49999999999995737, 0.000000000000000000 ) ) ;
#3597 = CARTESIAN_POINT ( 'NONE',  ( -19.62448257959728437, 37.76407684932541997, 2.000000000000000000 ) ) ;
#3598 = ORIENTED_EDGE ( 'NONE', *, *, #2956, .T. ) ;
#3599 = VERTEX_POINT ( 'NONE', #3976 ) ;
#3600 = DIRECTION ( 'NONE',  ( -1.000000000000000000, 0.000000000000000000, 0.000000000000000000 ) ) ;
#3601 = ORIENTED_EDGE ( 'NONE', *, *, #3483, .F. ) ;
#3602 = ORIENTED_EDGE ( 'NONE', *, *, #28, .T. ) ;
#3603 = CARTESIAN_POINT ( 'NONE',  ( -61.60499999999998266, -72.49999999999995737, 0.000000000000000000 ) ) ;
#3604 = CARTESIAN_POINT ( 'NONE',  ( -22.14407308639565386, 39.80894216826094123, 2.000000000000000000 ) ) ;
#3605 = ORIENTED_EDGE ( 'NONE', *, *, #4291, .T. ) ;
#3606 = AXIS2_PLACEMENT_3D ( 'NONE', #1669, #3042, #2771 ) ;
#3607 = VERTEX_POINT ( 'NONE', #1650 ) ;
#3608 = LINE ( 'NONE', #2268, #3718 ) ;
#3609 = LINE ( 'NONE', #3264, #1009 ) ;
#3610 = CARTESIAN_POINT ( 'NONE',  ( -100.7450000000000188, 48.00000000000000711, 5.000000000000000000 ) ) ;
#3611 = CYLINDRICAL_SURFACE ( 'NONE', #783, 3.000000000000009770 ) ;
#3612 = VECTOR ( 'NONE', #2568, 1000.000000000000000 ) ;
#3613 = VERTEX_POINT ( 'NONE', #3023 ) ;
#3614 = CIRCLE ( 'NONE', #1312, 3.000000000000009770 ) ;
#3615 = DIRECTION ( 'NONE',  ( -0.000000000000000000, 0.000000000000000000, 1.000000000000000000 ) ) ;
#3616 = DIRECTION ( 'NONE',  ( -1.000000000000000000, 0.000000000000000000, 0.000000000000000000 ) ) ;
#3617 = ORIENTED_EDGE ( 'NONE', *, *, #3880, .F. ) ;
#3618 = AXIS2_PLACEMENT_3D ( 'NONE', #1786, #1323, #1452 ) ;
#3619 = DIRECTION ( 'NONE',  ( 1.000000000000000000, 0.000000000000000000, 0.000000000000000000 ) ) ;
#3620 = ORIENTED_EDGE ( 'NONE', *, *, #444, .T. ) ;
#3621 = DIRECTION ( 'NONE',  ( -5.947623346206190399E-16, -1.000000000000000000, 0.000000000000000000 ) ) ;
#3622 = ADVANCED_FACE ( 'NONE', ( #614 ), #876, .F. ) ;
#3623 = FACE_OUTER_BOUND ( 'NONE', #849, .T. ) ;
#3624 = VECTOR ( 'NONE', #4253, 1000.000000000000000 ) ;
#3625 = ORIENTED_EDGE ( 'NONE', *, *, #1053, .T. ) ;
#3626 = ORIENTED_EDGE ( 'NONE', *, *, #3291, .T. ) ;
#3627 = PLANE ( 'NONE',  #3512 ) ;
#3628 = AXIS2_PLACEMENT_3D ( 'NONE', #3852, #756, #3211 ) ;
#3629 = DIRECTION ( 'NONE',  ( -0.000000000000000000, -0.000000000000000000, -1.000000000000000000 ) ) ;
#3630 = PLANE ( 'NONE',  #2377 ) ;
#3631 = AXIS2_PLACEMENT_3D ( 'NONE', #683, #1404, #4440 ) ;
#3632 = LINE ( 'NONE', #1964, #42 ) ;
#3633 = ADVANCED_FACE ( 'NONE', ( #901 ), #4044, .T. ) ;
#3634 = CARTESIAN_POINT ( 'NONE',  ( 3.254999999999986127, 45.34761299932682022, -5.000000000000000000 ) ) ;
#3635 = CARTESIAN_POINT ( 'NONE',  ( 11.25499999999999723, -45.94761299932681453, 5.000000000000000000 ) ) ;
#3636 = DIRECTION ( 'NONE',  ( -1.000000000000000000, 0.000000000000000000, 0.000000000000000000 ) ) ;
#3637 = ORIENTED_EDGE ( 'NONE', *, *, #803, .T. ) ;
#3638 = EDGE_CURVE ( 'NONE', #3233, #2811, #2274, .T. ) ;
#3639 = AXIS2_PLACEMENT_3D ( 'NONE', #942, #1554, #3654 ) ;
#3640 = CARTESIAN_POINT ( 'NONE',  ( -51.74500000000000455, -30.94761299932681808, 0.000000000000000000 ) ) ;
#3641 = FACE_BOUND ( 'NONE', #3143, .T. ) ;
#3642 = AXIS2_PLACEMENT_3D ( 'NONE', #4059, #3086, #1729 ) ;
#3643 = UNCERTAINTY_MEASURE_WITH_UNIT (LENGTH_MEASURE( 1.000000000000000082E-05 ), #3188, 'distance_accuracy_value', 'NONE');
#3644 = ORIENTED_EDGE ( 'NONE', *, *, #2818, .F. ) ;
#3645 = CARTESIAN_POINT ( 'NONE',  ( -12.97377536471974580, 42.26507572786680811, 5.000000000000000000 ) ) ;
#3646 = ADVANCED_FACE ( 'NONE', ( #1918 ), #638, .T. ) ;
#3647 = EDGE_CURVE ( 'NONE', #302, #452, #1690, .T. ) ;
#3648 = ORIENTED_EDGE ( 'NONE', *, *, #3546, .T. ) ;
#3649 = CARTESIAN_POINT ( 'NONE',  ( -54.53828962499061817, -25.15438010052512041, 2.000000000000000000 ) ) ;
#3650 = DIRECTION ( 'NONE',  ( -1.000000000000000000, 0.000000000000000000, 0.000000000000000000 ) ) ;
#3651 = ORIENTED_EDGE ( 'NONE', *, *, #1001, .T. ) ;
#3652 = EDGE_LOOP ( 'NONE', ( #884, #2674, #3859, #3602 ) ) ;
#3653 = DIRECTION ( 'NONE',  ( -0.7228257756151913460, -0.6910303163438613616, 0.000000000000000000 ) ) ;
#3654 = DIRECTION ( 'NONE',  ( -1.000000000000000000, 0.000000000000000000, 0.000000000000000000 ) ) ;
#3655 = ORIENTED_EDGE ( 'NONE', *, *, #1155, .T. ) ;
#3656 = VECTOR ( 'NONE', #365, 1000.000000000000000 ) ;
#3657 = DIRECTION ( 'NONE',  ( -0.000000000000000000, -0.000000000000000000, -1.000000000000000000 ) ) ;
#3658 = CARTESIAN_POINT ( 'NONE',  ( -52.53828962499051869, 22.86114967175884161, 2.000000000000000000 ) ) ;
#3659 = DIRECTION ( 'NONE',  ( 0.000000000000000000, 0.000000000000000000, -1.000000000000000000 ) ) ;
#3660 = PLANE ( 'NONE',  #2976 ) ;
#3661 = EDGE_CURVE ( 'NONE', #2118, #927, #2659, .T. ) ;
#3662 = CARTESIAN_POINT ( 'NONE',  ( -51.74500000000001876, 25.61573905626033110, 2.516764120726387777 ) ) ;
#3663 = ORIENTED_EDGE ( 'NONE', *, *, #305, .F. ) ;
#3664 = CARTESIAN_POINT ( 'NONE',  ( -52.53828962499068922, -25.15438010052512041, 2.000000000000000000 ) ) ;
#3665 = CARTESIAN_POINT ( 'NONE',  ( -53.52934526994632591, 13.65589906941674947, 2.000000000000000000 ) ) ;
#3666 = PRESENTATION_LAYER_ASSIGNMENT (  '', '', ( #4401 ) ) ;
#3667 = ORIENTED_EDGE ( 'NONE', *, *, #2157, .F. ) ;
#3668 = DIRECTION ( 'NONE',  ( -0.000000000000000000, 0.000000000000000000, 1.000000000000000000 ) ) ;
#3669 = EDGE_LOOP ( 'NONE', ( #4473, #2282 ) ) ;
#3670 = CARTESIAN_POINT ( 'NONE',  ( -65.74499999999999034, 54.99999999999998579, 0.000000000000000000 ) ) ;
#3671 = AXIS2_PLACEMENT_3D ( 'NONE', #476, #3864, #1512 ) ;
#3672 = DIRECTION ( 'NONE',  ( -1.000000000000000000, 0.000000000000000000, 0.000000000000000000 ) ) ;
#3673 = VERTEX_POINT ( 'NONE', #1582 ) ;
#3674 = EDGE_LOOP ( 'NONE', ( #4248, #3703, #2742, #4060 ) ) ;
#3675 = CARTESIAN_POINT ( 'NONE',  ( -60.00500000000000966, 72.49999999999995737, 5.000000000000000000 ) ) ;
#3676 = EDGE_CURVE ( 'NONE', #1560, #4461, #606, .T. ) ;
#3677 = DIRECTION ( 'NONE',  ( -0.000000000000000000, -0.000000000000000000, 1.000000000000000000 ) ) ;
#3678 = CARTESIAN_POINT ( 'NONE',  ( -63.98149343014689094, -78.00000000000000000, 0.000000000000000000 ) ) ;
#3679 = CARTESIAN_POINT ( 'NONE',  ( 11.59499999999999176, -45.00000000000000000, 5.000000000000000000 ) ) ;
#3680 = EDGE_CURVE ( 'NONE', #265, #3876, #975, .T. ) ;
#3681 = VECTOR ( 'NONE', #3089, 1000.000000000000000 ) ;
#3682 = DIRECTION ( 'NONE',  ( -1.000000000000000000, 0.000000000000000000, 0.000000000000000000 ) ) ;
#3683 = DIRECTION ( 'NONE',  ( -0.000000000000000000, -0.000000000000000000, 1.000000000000000000 ) ) ;
#3684 = VERTEX_POINT ( 'NONE', #2947 ) ;
#3685 = CARTESIAN_POINT ( 'NONE',  ( -51.74500000000000455, -22.26116535376300476, 3.000000000000000000 ) ) ;
#3686 = ORIENTED_EDGE ( 'NONE', *, *, #176, .T. ) ;
#3687 = CARTESIAN_POINT ( 'NONE',  ( -57.54723398003460488, 8.598901098682526722, 2.000000000000000000 ) ) ;
#3688 = DIRECTION ( 'NONE',  ( 0.000000000000000000, 0.000000000000000000, 1.000000000000000000 ) ) ;
#3689 = ORIENTED_EDGE ( 'NONE', *, *, #3539, .F. ) ;
#3690 = DIRECTION ( 'NONE',  ( -0.000000000000000000, -0.000000000000000000, -1.000000000000000000 ) ) ;
#3691 = EDGE_CURVE ( 'NONE', #4080, #1008, #2619, .T. ) ;
#3692 = VERTEX_POINT ( 'NONE', #3268 ) ;
#3693 = FACE_OUTER_BOUND ( 'NONE', #4331, .T. ) ;
#3694 = AXIS2_PLACEMENT_3D ( 'NONE', #2557, #1884, #912 ) ;
#3695 = CIRCLE ( 'NONE', #2243, 2.250000000000002220 ) ;
#3696 = VECTOR ( 'NONE', #1126, 1000.000000000000000 ) ;
#3697 = DIRECTION ( 'NONE',  ( 0.000000000000000000, -1.000000000000000000, 0.000000000000000000 ) ) ;
#3698 = ORIENTED_EDGE ( 'NONE', *, *, #529, .T. ) ;
#3699 = ORIENTED_EDGE ( 'NONE', *, *, #4195, .F. ) ;
#3700 = CARTESIAN_POINT ( 'NONE',  ( -57.54723398003460488, 8.598901098682526722, 0.000000000000000000 ) ) ;
#3701 = VECTOR ( 'NONE', #2227, 1000.000000000000000 ) ;
#3702 = CARTESIAN_POINT ( 'NONE',  ( -65.74499999999999034, -42.00000000000000711, 5.000000000000000000 ) ) ;
#3703 = ORIENTED_EDGE ( 'NONE', *, *, #4009, .T. ) ;
#3704 = CARTESIAN_POINT ( 'NONE',  ( -97.74500000000001876, -45.00000000000003553, 5.000000000000000000 ) ) ;
#3705 = EDGE_CURVE ( 'NONE', #1186, #265, #192, .T. ) ;
#3706 = DIRECTION ( 'NONE',  ( 0.000000000000000000, 0.000000000000000000, 1.000000000000000000 ) ) ;
#3707 = ORIENTED_EDGE ( 'NONE', *, *, #257, .F. ) ;
#3708 = PLANE ( 'NONE',  #3093 ) ;
#3709 = CARTESIAN_POINT ( 'NONE',  ( 11.25499999999999723, 48.88661684659246021, 5.000000000000000000 ) ) ;
#3710 = AXIS2_PLACEMENT_3D ( 'NONE', #1780, #1446, #4202 ) ;
#3711 = ORIENTED_EDGE ( 'NONE', *, *, #1744, .F. ) ;
#3712 = LINE ( 'NONE', #3685, #3198 ) ;
#3713 = ORIENTED_EDGE ( 'NONE', *, *, #2832, .T. ) ;
#3714 = CYLINDRICAL_SURFACE ( 'NONE', #1006, 1.599999999999997202 ) ;
#3715 = CARTESIAN_POINT ( 'NONE',  ( -60.00500000000000966, 72.49999999999995737, 0.000000000000000000 ) ) ;
#3716 = EDGE_LOOP ( 'NONE', ( #3388, #1504, #4448, #4146, #1585, #2985 ) ) ;
#3717 = DIRECTION ( 'NONE',  ( 0.000000000000000000, 0.000000000000000000, -1.000000000000000000 ) ) ;
#3718 = VECTOR ( 'NONE', #918, 1000.000000000000000 ) ;
#3719 = ORIENTED_EDGE ( 'NONE', *, *, #2047, .T. ) ;
#3720 = EDGE_CURVE ( 'NONE', #3968, #3744, #1966, .T. ) ;
#3721 = CARTESIAN_POINT ( 'NONE',  ( -65.74499999999999034, 41.99999999999999289, 0.000000000000000000 ) ) ;
#3722 = DIRECTION ( 'NONE',  ( -0.7228257756151913460, -0.6910303163438613616, 0.000000000000000000 ) ) ;
#3723 = ORIENTED_EDGE ( 'NONE', *, *, #3304, .T. ) ;
#3724 = ORIENTED_EDGE ( 'NONE', *, *, #124, .T. ) ;
#3725 = DIRECTION ( 'NONE',  ( -1.000000000000000000, 1.156482317317897166E-15, 0.000000000000000000 ) ) ;
#3726 = DIRECTION ( 'NONE',  ( -0.000000000000000000, 0.000000000000000000, 1.000000000000000000 ) ) ;
#3727 = EDGE_CURVE ( 'NONE', #3736, #956, #4290, .T. ) ;
#3728 = DIRECTION ( 'NONE',  ( -6.033820786006292620E-16, -1.000000000000000000, 0.000000000000000000 ) ) ;
#3729 = LINE ( 'NONE', #4090, #4288 ) ;
#3730 = ORIENTED_EDGE ( 'NONE', *, *, #319, .F. ) ;
#3731 = LINE ( 'NONE', #1672, #3816 ) ;
#3732 = AXIS2_PLACEMENT_3D ( 'NONE', #1448, #1306, #2313 ) ;
#3733 = DIRECTION ( 'NONE',  ( 1.000000000000000000, 0.000000000000000000, 0.000000000000000000 ) ) ;
#3734 = VERTEX_POINT ( 'NONE', #262 ) ;
#3735 = DIRECTION ( 'NONE',  ( 0.000000000000000000, -1.000000000000000000, 0.000000000000000000 ) ) ;
#3736 = VERTEX_POINT ( 'NONE', #3777 ) ;
#3737 = DIRECTION ( 'NONE',  ( -0.000000000000000000, -0.000000000000000000, -1.000000000000000000 ) ) ;
#3738 = DIRECTION ( 'NONE',  ( 0.000000000000000000, 0.000000000000000000, 1.000000000000000000 ) ) ;
#3739 = ORIENTED_EDGE ( 'NONE', *, *, #1834, .F. ) ;
#3740 = CARTESIAN_POINT ( 'NONE',  ( -57.00500000000000256, 72.49999999999995737, 5.000000000000000000 ) ) ;
#3741 = EDGE_LOOP ( 'NONE', ( #3807, #2989, #256, #1415 ) ) ;
#3742 = DIRECTION ( 'NONE',  ( 0.000000000000000000, -0.000000000000000000, -1.000000000000000000 ) ) ;
#3743 = CARTESIAN_POINT ( 'NONE',  ( -65.74500000000000455, -66.99999999999997158, 5.000000000000000000 ) ) ;
#3744 = VERTEX_POINT ( 'NONE', #2795 ) ;
#3745 = VERTEX_POINT ( 'NONE', #19 ) ;
#3746 = ADVANCED_FACE ( 'NONE', ( #3094 ), #3073, .F. ) ;
#3747 = CYLINDRICAL_SURFACE ( 'NONE', #1639, 3.000000000000001776 ) ;
#3748 = DIRECTION ( 'NONE',  ( -0.000000000000000000, -0.000000000000000000, -1.000000000000000000 ) ) ;
#3749 = CARTESIAN_POINT ( 'NONE',  ( -51.74500000000001165, -22.48030603326525778, 2.628255851477447003 ) ) ;
#3750 = DIRECTION ( 'NONE',  ( 1.000000000000000000, 0.000000000000000000, 0.000000000000000000 ) ) ;
#3751 = TOROIDAL_SURFACE ( 'NONE', #1797, 1.999999999999935829, 1.000000000000000000 ) ;
#3752 = ORIENTED_EDGE ( 'NONE', *, *, #464, .T. ) ;
#3753 = AXIS2_PLACEMENT_3D ( 'NONE', #4040, #2971, #1208 ) ;
#3754 = DIRECTION ( 'NONE',  ( -0.000000000000000000, -0.000000000000000000, -1.000000000000000000 ) ) ;
#3755 = ORIENTED_EDGE ( 'NONE', *, *, #376, .T. ) ;
#3756 = CYLINDRICAL_SURFACE ( 'NONE', #1399, 2.249999999999988010 ) ;
#3757 = VECTOR ( 'NONE', #2488, 1000.000000000000000 ) ;
#3758 = EDGE_LOOP ( 'NONE', ( #3489, #835, #3625 ) ) ;
#3759 = DIRECTION ( 'NONE',  ( 0.000000000000000000, 0.000000000000000000, 1.000000000000000000 ) ) ;
#3760 = LINE ( 'NONE', #3398, #673 ) ;
#3761 = ORIENTED_EDGE ( 'NONE', *, *, #4407, .F. ) ;
#3762 = DIRECTION ( 'NONE',  ( -0.000000000000000000, -0.000000000000000000, -1.000000000000000000 ) ) ;
#3763 = ORIENTED_EDGE ( 'NONE', *, *, #2217, .F. ) ;
#3764 = DIRECTION ( 'NONE',  ( -1.000000000000000000, 0.000000000000000000, 0.000000000000000000 ) ) ;
#3765 = CARTESIAN_POINT ( 'NONE',  ( -48.74500000000000455, -27.94761299932681808, 0.000000000000000000 ) ) ;
#3766 = ORIENTED_EDGE ( 'NONE', *, *, #3304, .F. ) ;
#3767 = ADVANCED_FACE ( 'NONE', ( #2778 ), #2433, .F. ) ;
#3768 = CIRCLE ( 'NONE', #3115, 1.000000000000000000 ) ;
#3769 = PLANE ( 'NONE',  #1194 ) ;
#3770 = CIRCLE ( 'NONE', #3834, 3.000000000000001776 ) ;
#3771 = DIRECTION ( 'NONE',  ( 1.000000000000000000, -0.000000000000000000, 0.000000000000000000 ) ) ;
#3772 = VERTEX_POINT ( 'NONE', #1410 ) ;
#3773 = DIRECTION ( 'NONE',  ( 0.000000000000000000, 0.000000000000000000, -1.000000000000000000 ) ) ;
#3774 = AXIS2_PLACEMENT_3D ( 'NONE', #2021, #1082, #4406 ) ;
#3775 = CARTESIAN_POINT ( 'NONE',  ( -48.74500000000001876, 31.79203768307636935, 5.000000000000000000 ) ) ;
#3776 = EDGE_CURVE ( 'NONE', #2706, #1614, #306, .T. ) ;
#3777 = CARTESIAN_POINT ( 'NONE',  ( 6.994999999999993001, 44.99999999999995737, 0.000000000000000000 ) ) ;
#3778 = CARTESIAN_POINT ( 'NONE',  ( -51.74500000000001876, 28.79203768307636935, 0.000000000000000000 ) ) ;
#3779 = ORIENTED_EDGE ( 'NONE', *, *, #382, .F. ) ;
#3780 = EDGE_CURVE ( 'NONE', #628, #1008, #398, .T. ) ;
#3781 = CARTESIAN_POINT ( 'NONE',  ( -51.74500000000001876, 25.75436441852100344, 2.000000000000000000 ) ) ;
#3782 = AXIS2_PLACEMENT_3D ( 'NONE', #3091, #3773, #1758 ) ;
#3783 = ORIENTED_EDGE ( 'NONE', *, *, #2444, .T. ) ;
#3784 = EDGE_CURVE ( 'NONE', #3090, #3355, #3838, .T. ) ;
#3785 = VERTEX_POINT ( 'NONE', #4183 ) ;
#3786 = VECTOR ( 'NONE', #3367, 1000.000000000000000 ) ;
#3787 = CARTESIAN_POINT ( 'NONE',  ( -51.74500000000000455, -26.99032442726324277, 3.000000000000000000 ) ) ;
#3788 = ADVANCED_FACE ( 'NONE', ( #1061 ), #2036, .F. ) ;
#3789 = FACE_OUTER_BOUND ( 'NONE', #356, .T. ) ;
#3790 = ORIENTED_EDGE ( 'NONE', *, *, #557, .F. ) ;
#3791 = EDGE_CURVE ( 'NONE', #1815, #799, #3392, .T. ) ;
#3792 = CARTESIAN_POINT ( 'NONE',  ( -65.74499999999999034, 54.99999999999998579, 5.000000000000000000 ) ) ;
#3793 = AXIS2_PLACEMENT_3D ( 'NONE', #1959, #3629, #558 ) ;
#3794 = LINE ( 'NONE', #2749, #2339 ) ;
#3795 = VERTEX_POINT ( 'NONE', #1359 ) ;
#3796 = DIRECTION ( 'NONE',  ( -0.000000000000000000, -0.000000000000000000, -1.000000000000000000 ) ) ;
#3797 = CARTESIAN_POINT ( 'NONE',  ( -30.52412065912967876, 31.79203768307636935, 0.000000000000000000 ) ) ;
#3798 = DIRECTION ( 'NONE',  ( 0.000000000000000000, 0.000000000000000000, -1.000000000000000000 ) ) ;
#3799 = ORIENTED_EDGE ( 'NONE', *, *, #3963, .T. ) ;
#3800 = DIRECTION ( 'NONE',  ( -0.000000000000000000, -1.000000000000000000, -0.000000000000000000 ) ) ;
#3801 = ADVANCED_FACE ( 'NONE', ( #2757 ), #1081, .F. ) ;
#3802 = AXIS2_PLACEMENT_3D ( 'NONE', #33, #2029, #3064 ) ;
#3803 = ORIENTED_EDGE ( 'NONE', *, *, #1238, .T. ) ;
#3804 = DIRECTION ( 'NONE',  ( 1.000000000000000000, 0.000000000000000000, 0.000000000000000000 ) ) ;
#3805 = DIRECTION ( 'NONE',  ( -0.000000000000000000, 0.000000000000000000, 1.000000000000000000 ) ) ;
#3806 = CARTESIAN_POINT ( 'NONE',  ( -15.93726924517893728, 39.80894216826094123, 3.000000000000000000 ) ) ;
#3807 = ORIENTED_EDGE ( 'NONE', *, *, #2231, .F. ) ;
#3808 = EDGE_CURVE ( 'NONE', #1352, #1280, #2063, .T. ) ;
#3809 = AXIS2_PLACEMENT_3D ( 'NONE', #2864, #3914, #1610 ) ;
#3810 = CARTESIAN_POINT ( 'NONE',  ( 14.25499999999999723, 48.88661684659246021, 5.000000000000000000 ) ) ;
#3811 = DIRECTION ( 'NONE',  ( 0.000000000000000000, 0.000000000000000000, -1.000000000000000000 ) ) ;
#3812 = VERTEX_POINT ( 'NONE', #3437 ) ;
#3813 = DIRECTION ( 'NONE',  ( -0.000000000000000000, 0.000000000000000000, 1.000000000000000000 ) ) ;
#3814 = ADVANCED_FACE ( 'NONE', ( #2413 ), #3416, .F. ) ;
#3815 = ORIENTED_EDGE ( 'NONE', *, *, #2139, .F. ) ;
#3816 = VECTOR ( 'NONE', #3682, 1000.000000000000000 ) ;
#3817 = CARTESIAN_POINT ( 'NONE',  ( 11.25499999999999368, 31.79203768307636935, 5.000000000000000000 ) ) ;
#3818 = VECTOR ( 'NONE', #3239, 1000.000000000000000 ) ;
#3819 = EDGE_CURVE ( 'NONE', #3946, #4293, #354, .T. ) ;
#3820 = DIRECTION ( 'NONE',  ( -0.000000000000000000, -0.000000000000000000, 1.000000000000000000 ) ) ;
#3821 = VERTEX_POINT ( 'NONE', #3797 ) ;
#3822 = CARTESIAN_POINT ( 'NONE',  ( -55.53828962499045474, 22.86114967175884161, 3.000000000000000000 ) ) ;
#3823 = ORIENTED_EDGE ( 'NONE', *, *, #2163, .F. ) ;
#3824 = CARTESIAN_POINT ( 'NONE',  ( -68.74499999999999034, 57.99999999999998579, 5.000000000000000000 ) ) ;
#3825 = CYLINDRICAL_SURFACE ( 'NONE', #2211, 1.000000000000000000 ) ;
#3826 = EDGE_CURVE ( 'NONE', #1360, #1469, #394, .T. ) ;
#3827 = DIRECTION ( 'NONE',  ( 0.000000000000000000, 0.000000000000000000, 1.000000000000000000 ) ) ;
#3828 = ORIENTED_EDGE ( 'NONE', *, *, #3927, .F. ) ;
#3829 = EDGE_CURVE ( 'NONE', #2087, #1630, #1978, .T. ) ;
#3830 = CARTESIAN_POINT ( 'NONE',  ( 14.25499999999999723, -45.94761299932681453, 5.000000000000000000 ) ) ;
#3831 = FACE_OUTER_BOUND ( 'NONE', #2926, .T. ) ;
#3832 = ORIENTED_EDGE ( 'NONE', *, *, #1226, .T. ) ;
#3833 = CARTESIAN_POINT ( 'NONE',  ( -51.74500000000001165, -23.18244830652037081, 2.999999999999999556 ) ) ;
#3834 = AXIS2_PLACEMENT_3D ( 'NONE', #2689, #1321, #1724 ) ;
#3835 = DIRECTION ( 'NONE',  ( -0.000000000000000000, -0.000000000000000000, 1.000000000000000000 ) ) ;
#3836 = ORIENTED_EDGE ( 'NONE', *, *, #3446, .T. ) ;
#3837 = VECTOR ( 'NONE', #1863, 1000.000000000000000 ) ;
#3838 = LINE ( 'NONE', #3138, #3342 ) ;
#3839 = ADVANCED_FACE ( 'NONE', ( #61 ), #4446, .F. ) ;
#3840 = LINE ( 'NONE', #3080, #1237 ) ;
#3841 = DIRECTION ( 'NONE',  ( -1.000000000000000000, 0.000000000000000000, 0.000000000000000000 ) ) ;
#3842 = VERTEX_POINT ( 'NONE', #331 ) ;
#3843 = CARTESIAN_POINT ( 'NONE',  ( -37.74521744568226467, 33.14526759496442310, 0.000000000000000000 ) ) ;
#3844 = VECTOR ( 'NONE', #2149, 1000.000000000000000 ) ;
#3845 = AXIS2_PLACEMENT_3D ( 'NONE', #1828, #833, #3908 ) ;
#3846 = ORIENTED_EDGE ( 'NONE', *, *, #1720, .T. ) ;
#3847 = CARTESIAN_POINT ( 'NONE',  ( -37.74521744568226467, 31.79203768307636935, 2.000000000000000000 ) ) ;
#3848 = CIRCLE ( 'NONE', #1401, 1.000000000000000000 ) ;
#3849 = SURFACE_STYLE_FILL_AREA ( #2526 ) ;
#3850 = CIRCLE ( 'NONE', #4230, 4.250000000000010658 ) ;
#3851 = EDGE_LOOP ( 'NONE', ( #1563, #1844 ) ) ;
#3852 = CARTESIAN_POINT ( 'NONE',  ( -54.74500000000000455, 74.99999999999997158, 0.000000000000000000 ) ) ;
#3853 = AXIS2_PLACEMENT_3D ( 'NONE', #2099, #3435, #1382 ) ;
#3854 = ORIENTED_EDGE ( 'NONE', *, *, #1573, .F. ) ;
#3855 = ADVANCED_FACE ( 'NONE', ( #1969 ), #2346, .F. ) ;
#3856 = LINE ( 'NONE', #405, #2390 ) ;
#3857 = EDGE_CURVE ( 'NONE', #1642, #1721, #977, .T. ) ;
#3858 = DIRECTION ( 'NONE',  ( 0.000000000000000000, -1.000000000000000000, 0.000000000000000000 ) ) ;
#3859 = ORIENTED_EDGE ( 'NONE', *, *, #297, .T. ) ;
#3860 = DIRECTION ( 'NONE',  ( 1.000000000000000000, 0.000000000000000000, 0.000000000000000000 ) ) ;
#3861 = AXIS2_PLACEMENT_3D ( 'NONE', #1189, #3155, #1804 ) ;
#3862 = PLANE ( 'NONE',  #574 ) ;
#3863 = ORIENTED_EDGE ( 'NONE', *, *, #1705, .F. ) ;
#3864 = DIRECTION ( 'NONE',  ( 0.000000000000000000, 0.000000000000000000, -1.000000000000000000 ) ) ;
#3865 = DIRECTION ( 'NONE',  ( -0.000000000000000000, -0.000000000000000000, -1.000000000000000000 ) ) ;
#3866 = DIRECTION ( 'NONE',  ( 0.000000000000000000, 1.000000000000000000, 0.000000000000000000 ) ) ;
#3867 = LINE ( 'NONE', #1477, #1023 ) ;
#3868 = ORIENTED_EDGE ( 'NONE', *, *, #108, .F. ) ;
#3869 = DIRECTION ( 'NONE',  ( -1.000000000000000000, 0.000000000000000000, 0.000000000000000000 ) ) ;
#3870 = DIRECTION ( 'NONE',  ( -0.000000000000000000, -0.000000000000000000, 1.000000000000000000 ) ) ;
#3871 = EDGE_CURVE ( 'NONE', #1666, #3393, #4399, .T. ) ;
#3872 = AXIS2_PLACEMENT_3D ( 'NONE', #2965, #4368, #2287 ) ;
#3873 = ORIENTED_EDGE ( 'NONE', *, *, #1375, .T. ) ;
#3874 = DIRECTION ( 'NONE',  ( 0.000000000000000000, -0.000000000000000000, 1.000000000000000000 ) ) ;
#3875 = VERTEX_POINT ( 'NONE', #4047 ) ;
#3876 = VERTEX_POINT ( 'NONE', #4350 ) ;
#3877 = CARTESIAN_POINT ( 'NONE',  ( -60.00500000000022993, 79.50000000000009948, 0.000000000000000000 ) ) ;
#3878 = CYLINDRICAL_SURFACE ( 'NONE', #3317, 3.000000000000002665 ) ;
#3879 = ORIENTED_EDGE ( 'NONE', *, *, #3819, .F. ) ;
#3880 = EDGE_CURVE ( 'NONE', #2126, #3216, #2120, .T. ) ;
#3881 = DIRECTION ( 'NONE',  ( -0.000000000000000000, -0.000000000000000000, 1.000000000000000000 ) ) ;
#3882 = ORIENTED_EDGE ( 'NONE', *, *, #1348, .F. ) ;
#3883 = CIRCLE ( 'NONE', #3520, 2.999999999999933387 ) ;
#3884 = FACE_OUTER_BOUND ( 'NONE', #1741, .T. ) ;
#3885 = EDGE_CURVE ( 'NONE', #2909, #4257, #4023, .T. ) ;
#3886 = DIRECTION ( 'NONE',  ( 0.000000000000000000, 0.000000000000000000, 1.000000000000000000 ) ) ;
#3887 = DIRECTION ( 'NONE',  ( 0.000000000000000000, -0.000000000000000000, 1.000000000000000000 ) ) ;
#3888 = VECTOR ( 'NONE', #280, 1000.000000000000000 ) ;
#3889 = ORIENTED_EDGE ( 'NONE', *, *, #1807, .T. ) ;
#3890 = AXIS2_PLACEMENT_3D ( 'NONE', #3369, #2716, #4098 ) ;
#3891 = FACE_BOUND ( 'NONE', #3481, .T. ) ;
#3892 = DIRECTION ( 'NONE',  ( -0.000000000000000000, -0.000000000000000000, -1.000000000000000000 ) ) ;
#3893 = CIRCLE ( 'NONE', #1801, 2.249999999999988010 ) ;
#3894 = ORIENTED_EDGE ( 'NONE', *, *, #1045, .F. ) ;
#3895 = CYLINDRICAL_SURFACE ( 'NONE', #1476, 2.250000000000001776 ) ;
#3896 = ORIENTED_EDGE ( 'NONE', *, *, #2832, .F. ) ;
#3897 = EDGE_LOOP ( 'NONE', ( #1566, #1725, #140 ) ) ;
#3898 = AXIS2_PLACEMENT_3D ( 'NONE', #3471, #3771, #681 ) ;
#3899 = CYLINDRICAL_SURFACE ( 'NONE', #4057, 3.000000000000002665 ) ;
#3900 = PLANE ( 'NONE',  #4415 ) ;
#3901 = ORIENTED_EDGE ( 'NONE', *, *, #578, .F. ) ;
#3902 = EDGE_CURVE ( 'NONE', #4085, #2184, #877, .T. ) ;
#3903 = DIRECTION ( 'NONE',  ( -1.000000000000000000, 0.000000000000000000, 0.000000000000000000 ) ) ;
#3904 = ORIENTED_EDGE ( 'NONE', *, *, #1278, .T. ) ;
#3905 = DIRECTION ( 'NONE',  ( 0.000000000000000000, 0.000000000000000000, 1.000000000000000000 ) ) ;
#3906 = CARTESIAN_POINT ( 'NONE',  ( 3.254999999999986127, 45.34761299932682022, 5.000000000000000000 ) ) ;
#3907 = ADVANCED_FACE ( 'NONE', ( #2948 ), #1583, .T. ) ;
#3908 = DIRECTION ( 'NONE',  ( -1.000000000000000000, 0.000000000000000000, 0.000000000000000000 ) ) ;
#3909 = CARTESIAN_POINT ( 'NONE',  ( -57.54723398003460488, 13.65589906941674947, 2.000000000000000000 ) ) ;
#3910 = CIRCLE ( 'NONE', #1960, 3.000000000000001776 ) ;
#3911 = VECTOR ( 'NONE', #3800, 1000.000000000000000 ) ;
#3912 = ORIENTED_EDGE ( 'NONE', *, *, #2548, .T. ) ;
#3913 = DIRECTION ( 'NONE',  ( -0.000000000000000000, -1.000000000000000000, -0.000000000000000000 ) ) ;
#3914 = DIRECTION ( 'NONE',  ( -0.000000000000000000, -0.000000000000000000, 1.000000000000000000 ) ) ;
#3915 = CIRCLE ( 'NONE', #4360, 2.250000000000002220 ) ;
#3916 = VECTOR ( 'NONE', #3866, 1000.000000000000000 ) ;
#3917 = ORIENTED_EDGE ( 'NONE', *, *, #435, .T. ) ;
#3918 = ADVANCED_FACE ( 'NONE', ( #2252 ), #2686, .F. ) ;
#3919 = ORIENTED_EDGE ( 'NONE', *, *, #1160, .T. ) ;
#3920 = CARTESIAN_POINT ( 'NONE',  ( -37.74521744568226467, 30.43880777118787506, 3.000000000000000000 ) ) ;
#3921 = ORIENTED_EDGE ( 'NONE', *, *, #988, .F. ) ;
#3922 = VERTEX_POINT ( 'NONE', #2616 ) ;
#3923 = EDGE_CURVE ( 'NONE', #377, #1360, #3345, .T. ) ;
#3924 = LINE ( 'NONE', #3830, #3837 ) ;
#3925 = EDGE_CURVE ( 'NONE', #3692, #1572, #4151, .T. ) ;
#3926 = VECTOR ( 'NONE', #4348, 1000.000000000000000 ) ;
#3927 = EDGE_CURVE ( 'NONE', #3464, #3423, #3712, .T. ) ;
#3928 = CARTESIAN_POINT ( 'NONE',  ( -51.74500000000000455, -27.94761299932681808, 5.000000000000000000 ) ) ;
#3929 = ORIENTED_EDGE ( 'NONE', *, *, #3885, .F. ) ;
#3930 = ORIENTED_EDGE ( 'NONE', *, *, #1458, .T. ) ;
#3931 = CARTESIAN_POINT ( 'NONE',  ( -48.74500000000000455, -30.94761299932681808, 5.000000000000000000 ) ) ;
#3932 = DIRECTION ( 'NONE',  ( -1.000000000000000000, 0.000000000000000000, 0.000000000000000000 ) ) ;
#3933 = CARTESIAN_POINT ( 'NONE',  ( 14.25499999999999723, 31.79203768307636935, 0.000000000000000000 ) ) ;
#3934 = FACE_OUTER_BOUND ( 'NONE', #1299, .T. ) ;
#3935 = FACE_OUTER_BOUND ( 'NONE', #1723, .T. ) ;
#3936 = ORIENTED_EDGE ( 'NONE', *, *, #2487, .T. ) ;
#3937 = FACE_OUTER_BOUND ( 'NONE', #785, .T. ) ;
#3938 = CARTESIAN_POINT ( 'NONE',  ( -48.74500000000001876, 42.26507572786680811, 5.000000000000000000 ) ) ;
#3939 = ORIENTED_EDGE ( 'NONE', *, *, #1575, .F. ) ;
#3940 = SPHERICAL_SURFACE ( 'NONE', #4058, 1.000000000000000000 ) ;
#3941 = VERTEX_POINT ( 'NONE', #590 ) ;
#3942 = CARTESIAN_POINT ( 'NONE',  ( -54.52934526994632591, 0.000000000000000000, 3.000000000000000000 ) ) ;
#3943 = EDGE_CURVE ( 'NONE', #2651, #1525, #4184, .T. ) ;
#3944 = CARTESIAN_POINT ( 'NONE',  ( -60.98500000000000654, -60.99000000000001620, 5.000000000000000000 ) ) ;
#3945 = ORIENTED_EDGE ( 'NONE', *, *, #988, .T. ) ;
#3946 = VERTEX_POINT ( 'NONE', #238 ) ;
#3947 = DIRECTION ( 'NONE',  ( 0.000000000000000000, 1.000000000000000000, 0.000000000000000000 ) ) ;
#3948 = CARTESIAN_POINT ( 'NONE',  ( -56.48499999999999943, -60.99000000000001620, 5.000000000000000000 ) ) ;
#3949 = CARTESIAN_POINT ( 'NONE',  ( -54.74500000000000455, 77.99999999999997158, 5.000000000000000000 ) ) ;
#3950 = DIRECTION ( 'NONE',  ( -0.000000000000000000, -0.000000000000000000, 1.000000000000000000 ) ) ;
#3951 = AXIS2_PLACEMENT_3D ( 'NONE', #1858, #819, #3209 ) ;
#3952 = DIRECTION ( 'NONE',  ( -1.000000000000000000, 0.000000000000000000, 0.000000000000000000 ) ) ;
#3953 = ADVANCED_FACE ( 'NONE', ( #1607 ), #3025, .F. ) ;
#3954 = VECTOR ( 'NONE', #2229, 1000.000000000000000 ) ;
#3955 = ORIENTED_EDGE ( 'NONE', *, *, #769, .F. ) ;
#3956 = FACE_OUTER_BOUND ( 'NONE', #2552, .T. ) ;
#3957 = CARTESIAN_POINT ( 'NONE',  ( -36.74521744568226467, 31.79203768307636935, 3.000000000000000000 ) ) ;
#3958 = ORIENTED_EDGE ( 'NONE', *, *, #1314, .F. ) ;
#3959 = CARTESIAN_POINT ( 'NONE',  ( -16.39105546427840565, 37.76407684932541997, 3.000000000000000000 ) ) ;
#3960 = VECTOR ( 'NONE', #4403, 1000.000000000000000 ) ;
#3961 = ORIENTED_EDGE ( 'NONE', *, *, #4255, .T. ) ;
#3962 = CARTESIAN_POINT ( 'NONE',  ( 12.99499999999999567, 44.99999999999995737, 0.000000000000000000 ) ) ;
#3963 = EDGE_CURVE ( 'NONE', #3613, #117, #4373, .T. ) ;
#3964 = DIRECTION ( 'NONE',  ( -0.000000000000000000, -0.000000000000000000, -1.000000000000000000 ) ) ;
#3965 = ORIENTED_EDGE ( 'NONE', *, *, #1482, .F. ) ;
#3966 = VECTOR ( 'NONE', #2935, 1000.000000000000000 ) ;
#3967 = EDGE_CURVE ( 'NONE', #2184, #1699, #814, .T. ) ;
#3968 = VERTEX_POINT ( 'NONE', #4449 ) ;
#3969 = LINE ( 'NONE', #3283, #202 ) ;
#3970 = DIRECTION ( 'NONE',  ( 0.000000000000000000, 0.000000000000000000, -1.000000000000000000 ) ) ;
#3971 = DIRECTION ( 'NONE',  ( -0.000000000000000000, 0.000000000000000000, 1.000000000000000000 ) ) ;
#3972 = LINE ( 'NONE', #4162, #4215 ) ;
#3973 = DIRECTION ( 'NONE',  ( 0.000000000000000000, 0.000000000000000000, 1.000000000000000000 ) ) ;
#3974 = EDGE_CURVE ( 'NONE', #2701, #1925, #2325, .T. ) ;
#3975 = EDGE_CURVE ( 'NONE', #1699, #2184, #2044, .T. ) ;
#3976 = CARTESIAN_POINT ( 'NONE',  ( 8.394999999999997797, 44.99999999999995737, 2.000000000000000000 ) ) ;
#3977 = DIRECTION ( 'NONE',  ( 0.000000000000000000, -0.000000000000000000, -1.000000000000000000 ) ) ;
#3978 = ORIENTED_EDGE ( 'NONE', *, *, #1898, .F. ) ;
#3979 = AXIS2_PLACEMENT_3D ( 'NONE', #1947, #4306, #2593 ) ;
#3980 = CARTESIAN_POINT ( 'NONE',  ( -53.52934526994632591, 8.598901098682526722, 0.000000000000000000 ) ) ;
#3981 = FACE_BOUND ( 'NONE', #3669, .T. ) ;
#3982 = ORIENTED_EDGE ( 'NONE', *, *, #2527, .T. ) ;
#3983 = AXIS2_PLACEMENT_3D ( 'NONE', #507, #3252, #2573 ) ;
#3984 = VERTEX_POINT ( 'NONE', #2455 ) ;
#3985 = VECTOR ( 'NONE', #3480, 1000.000000000000000 ) ;
#3986 = FACE_OUTER_BOUND ( 'NONE', #173, .T. ) ;
#3987 = CARTESIAN_POINT ( 'NONE',  ( -65.74500000000000455, -66.99999999999997158, 10.00000000000000000 ) ) ;
#3988 = AXIS2_PLACEMENT_3D ( 'NONE', #2320, #1648, #2944 ) ;
#3989 = ORIENTED_EDGE ( 'NONE', *, *, #971, .F. ) ;
#3990 = VERTEX_POINT ( 'NONE', #3394 ) ;
#3991 = CARTESIAN_POINT ( 'NONE',  ( -100.7450000000000188, -45.00000000000003553, 5.000000000000000000 ) ) ;
#3992 = AXIS2_PLACEMENT_3D ( 'NONE', #1358, #2080, #1405 ) ;
#3993 = EDGE_CURVE ( 'NONE', #2793, #2126, #1701, .T. ) ;
#3994 = VECTOR ( 'NONE', #1618, 1000.000000000000000 ) ;
#3995 = CARTESIAN_POINT ( 'NONE',  ( 6.994999999999993001, -45.00000000000000000, 0.000000000000000000 ) ) ;
#3996 = DIRECTION ( 'NONE',  ( 0.000000000000000000, 0.000000000000000000, 1.000000000000000000 ) ) ;
#3997 = CARTESIAN_POINT ( 'NONE',  ( -65.74500000000000455, -78.00000000000000000, 0.000000000000000000 ) ) ;
#3998 = CARTESIAN_POINT ( 'NONE',  ( -0.005000000000005000445, -38.86000000000001364, 0.000000000000000000 ) ) ;
#3999 = DIRECTION ( 'NONE',  ( -0.000000000000000000, -0.000000000000000000, -1.000000000000000000 ) ) ;
#4000 = CARTESIAN_POINT ( 'NONE',  ( -51.74500000000001876, 24.69709399849703857, 3.000000000000000000 ) ) ;
#4001 = ORIENTED_EDGE ( 'NONE', *, *, #2589, .T. ) ;
#4002 = CIRCLE ( 'NONE', #2842, 2.999999999999933387 ) ;
#4003 = DIRECTION ( 'NONE',  ( 1.000000000000000000, 0.000000000000000000, 0.000000000000000000 ) ) ;
#4004 = LINE ( 'NONE', #3938, #3010 ) ;
#4005 = AXIS2_PLACEMENT_3D ( 'NONE', #3556, #1092, #2152 ) ;
#4006 = VERTEX_POINT ( 'NONE', #3778 ) ;
#4007 = DIRECTION ( 'NONE',  ( 0.000000000000000000, 1.000000000000000000, 0.000000000000000000 ) ) ;
#4008 = ORIENTED_EDGE ( 'NONE', *, *, #3829, .F. ) ;
#4009 = EDGE_CURVE ( 'NONE', #4246, #3875, #1411, .T. ) ;
#4010 = LINE ( 'NONE', #3328, #1953 ) ;
#4011 = CARTESIAN_POINT ( 'NONE',  ( 9.994999999999995666, -45.00000000000000000, 2.000000000000000000 ) ) ;
#4012 = ORIENTED_EDGE ( 'NONE', *, *, #1782, .T. ) ;
#4013 = VERTEX_POINT ( 'NONE', #44 ) ;
#4014 = CARTESIAN_POINT ( 'NONE',  ( -100.7450000000000188, 45.00000000000000711, 5.000000000000000000 ) ) ;
#4015 = CARTESIAN_POINT ( 'NONE',  ( -100.7450000000000188, -52.00000000000003553, 5.000000000000000000 ) ) ;
#4016 = CIRCLE ( 'NONE', #2075, 2.999999999999999112 ) ;
#4017 = DIRECTION ( 'NONE',  ( 0.000000000000000000, 1.000000000000000000, 0.000000000000000000 ) ) ;
#4018 = CARTESIAN_POINT ( 'NONE',  ( -19.62448257959728437, 39.80894216826094123, 3.000000000000000000 ) ) ;
#4019 = LINE ( 'NONE', #2010, #1793 ) ;
#4020 = ADVANCED_FACE ( 'NONE', ( #4165 ), #706, .F. ) ;
#4021 = CARTESIAN_POINT ( 'NONE',  ( -100.7450000000000188, 52.00000000000000711, 5.000000000000000000 ) ) ;
#4022 = ORIENTED_EDGE ( 'NONE', *, *, #310, .F. ) ;
#4023 = LINE ( 'NONE', #1920, #466 ) ;
#4024 = ORIENTED_EDGE ( 'NONE', *, *, #904, .T. ) ;
#4025 = DIRECTION ( 'NONE',  ( -1.000000000000000000, -0.000000000000000000, -0.000000000000000000 ) ) ;
#4026 = DIRECTION ( 'NONE',  ( -0.000000000000000000, 0.000000000000000000, 1.000000000000000000 ) ) ;
#4027 = EDGE_LOOP ( 'NONE', ( #2750, #3917, #1134, #3074 ) ) ;
#4028 = DIRECTION ( 'NONE',  ( 1.000000000000000000, 0.000000000000000000, 0.000000000000000000 ) ) ;
#4029 = ORIENTED_EDGE ( 'NONE', *, *, #4335, .T. ) ;
#4030 = DIRECTION ( 'NONE',  ( 0.000000000000000000, 0.000000000000000000, -1.000000000000000000 ) ) ;
#4031 = AXIS2_PLACEMENT_3D ( 'NONE', #1830, #2523, #375 ) ;
#4032 = EDGE_CURVE ( 'NONE', #2913, #3684, #2685, .T. ) ;
#4033 = CARTESIAN_POINT ( 'NONE',  ( 12.99499999999999567, -45.00000000000000000, 2.000000000000000000 ) ) ;
#4034 = ORIENTED_EDGE ( 'NONE', *, *, #1553, .F. ) ;
#4035 = ORIENTED_EDGE ( 'NONE', *, *, #3720, .F. ) ;
#4036 = DIRECTION ( 'NONE',  ( 0.000000000000000000, 0.000000000000000000, 1.000000000000000000 ) ) ;
#4037 = EDGE_CURVE ( 'NONE', #2175, #1173, #1973, .T. ) ;
#4038 = VECTOR ( 'NONE', #1601, 1000.000000000000000 ) ;
#4039 = DIRECTION ( 'NONE',  ( -1.000000000000000000, 0.000000000000000000, -0.000000000000000000 ) ) ;
#4040 = CARTESIAN_POINT ( 'NONE',  ( -60.00500000000022993, 79.50000000000009948, 0.000000000000000000 ) ) ;
#4041 = LINE ( 'NONE', #3316, #960 ) ;
#4042 = VERTEX_POINT ( 'NONE', #2797 ) ;
#4043 = DIRECTION ( 'NONE',  ( -1.000000000000000000, 0.000000000000000000, 0.000000000000000000 ) ) ;
#4044 = CYLINDRICAL_SURFACE ( 'NONE', #3427, 2.999999999999999112 ) ;
#4045 = EDGE_CURVE ( 'NONE', #956, #3736, #4064, .T. ) ;
#4046 = ORIENTED_EDGE ( 'NONE', *, *, #382, .T. ) ;
#4047 = CARTESIAN_POINT ( 'NONE',  ( 11.59499999999999176, -45.00000000000000000, 2.000000000000000000 ) ) ;
#4048 = ORIENTED_EDGE ( 'NONE', *, *, #1743, .T. ) ;
#4049 = FACE_OUTER_BOUND ( 'NONE', #3897, .T. ) ;
#4050 = CARTESIAN_POINT ( 'NONE',  ( 14.25499999999999723, -48.94761299932681453, 5.000000000000000000 ) ) ;
#4051 = PRODUCT_RELATED_PRODUCT_CATEGORY ( 'part', '', ( #1652 ) ) ;
#4052 = ORIENTED_EDGE ( 'NONE', *, *, #773, .T. ) ;
#4053 = CARTESIAN_POINT ( 'NONE',  ( 0.004999999999994592104, 38.85999999999998522, 5.000000000000000000 ) ) ;
#4054 = ORIENTED_EDGE ( 'NONE', *, *, #1117, .T. ) ;
#4055 = DIRECTION ( 'NONE',  ( -0.000000000000000000, -0.000000000000000000, 1.000000000000000000 ) ) ;
#4056 = EDGE_CURVE ( 'NONE', #949, #4205, #1083, .T. ) ;
#4057 = AXIS2_PLACEMENT_3D ( 'NONE', #1136, #4289, #4224 ) ;
#4058 = AXIS2_PLACEMENT_3D ( 'NONE', #2259, #4007, #2236 ) ;
#4059 = CARTESIAN_POINT ( 'NONE',  ( 9.994999999999995666, 44.99999999999995737, 2.000000000000000000 ) ) ;
#4060 = ORIENTED_EDGE ( 'NONE', *, *, #1611, .F. ) ;
#4061 = ORIENTED_EDGE ( 'NONE', *, *, #3524, .F. ) ;
#4062 = DIRECTION ( 'NONE',  ( -0.000000000000000000, -0.000000000000000000, 1.000000000000000000 ) ) ;
#4063 = AXIS2_PLACEMENT_3D ( 'NONE', #3824, #1791, #2823 ) ;
#4064 = CIRCLE ( 'NONE', #2181, 3.000000000000001776 ) ;
#4065 = CARTESIAN_POINT ( 'NONE',  ( -61.60499999999998266, -72.49999999999995737, 5.000000000000000000 ) ) ;
#4066 = ORIENTED_EDGE ( 'NONE', *, *, #2642, .T. ) ;
#4067 = LINE ( 'NONE', #4372, #1147 ) ;
#4068 = DIRECTION ( 'NONE',  ( 0.000000000000000000, 0.000000000000000000, 1.000000000000000000 ) ) ;
#4069 = CARTESIAN_POINT ( 'NONE',  ( -65.74499999999999034, 57.99999999999998579, 0.000000000000000000 ) ) ;
#4070 = CARTESIAN_POINT ( 'NONE',  ( -52.53828962499051869, 22.86114967175884161, 3.000000000000000000 ) ) ;
#4071 = VECTOR ( 'NONE', #2662, 1000.000000000000000 ) ;
#4072 = ORIENTED_EDGE ( 'NONE', *, *, #2927, .T. ) ;
#4073 = CARTESIAN_POINT ( 'NONE',  ( -10.61499092853951431, -46.98838713590125593, 2.000000000000000000 ) ) ;
#4074 = ORIENTED_EDGE ( 'NONE', *, *, #817, .F. ) ;
#4075 = DIRECTION ( 'NONE',  ( -1.000000000000000000, -0.000000000000000000, -0.000000000000000000 ) ) ;
#4076 = LINE ( 'NONE', #1633, #1673 ) ;
#4077 = VERTEX_POINT ( 'NONE', #2369 ) ;
#4078 = CYLINDRICAL_SURFACE ( 'NONE', #3116, 0.9999999999998170352 ) ;
#4079 = VECTOR ( 'NONE', #1122, 1000.000000000000000 ) ;
#4080 = VERTEX_POINT ( 'NONE', #355 ) ;
#4081 = CIRCLE ( 'NONE', #2129, 3.000000000000002665 ) ;
#4082 = CARTESIAN_POINT ( 'NONE',  ( -65.74500000000000455, 66.99999999999997158, 10.00000000000000000 ) ) ;
#4083 = DIRECTION ( 'NONE',  ( -0.000000000000000000, -0.000000000000000000, -1.000000000000000000 ) ) ;
#4084 = EDGE_LOOP ( 'NONE', ( #1034, #3401, #4222, #3434 ) ) ;
#4085 = VERTEX_POINT ( 'NONE', #2038 ) ;
#4086 = FACE_BOUND ( 'NONE', #1680, .T. ) ;
#4087 = CARTESIAN_POINT ( 'NONE',  ( -97.74500000000001876, 52.00000000000000711, 5.000000000000000000 ) ) ;
#4088 = EDGE_LOOP ( 'NONE', ( #1079, #1366 ) ) ;
#4089 = CARTESIAN_POINT ( 'NONE',  ( -51.74500000000001165, -22.39979071602368421, 2.516764120726393106 ) ) ;
#4090 = CARTESIAN_POINT ( 'NONE',  ( -11.77046683615346545, 42.26507572786680811, 3.000000000000000000 ) ) ;
#4091 =( BOUNDED_CURVE ( )  B_SPLINE_CURVE ( 3, ( #1191, #2125, #3505, #2817 ),
 .UNSPECIFIED., .F., .T. ) 
 B_SPLINE_CURVE_WITH_KNOTS ( ( 4, 4 ),
 ( 0.000000000000000000, 1.570796326794896558 ),
 .UNSPECIFIED. ) 
 CURVE ( )  GEOMETRIC_REPRESENTATION_ITEM ( )  RATIONAL_B_SPLINE_CURVE ( ( 1.000000000000000000, 0.8047378541243649375, 0.8047378541243649375, 1.000000000000000000 ) ) 
 REPRESENTATION_ITEM ( '' )  );
#4092 = LINE ( 'NONE', #587, #2289 ) ;
#4093 = AXIS2_PLACEMENT_3D ( 'NONE', #991, #2360, #630 ) ;
#4094 = DIRECTION ( 'NONE',  ( -0.000000000000000000, -0.000000000000000000, -1.000000000000000000 ) ) ;
#4095 = ORIENTED_EDGE ( 'NONE', *, *, #3244, .F. ) ;
#4096 = PLANE ( 'NONE',  #742 ) ;
#4097 = ORIENTED_EDGE ( 'NONE', *, *, #3360, .F. ) ;
#4098 = DIRECTION ( 'NONE',  ( -1.000000000000000000, 0.000000000000000000, 0.000000000000000000 ) ) ;
#4099 = DIRECTION ( 'NONE',  ( -0.000000000000000000, -0.000000000000000000, 1.000000000000000000 ) ) ;
#4100 = ORIENTED_EDGE ( 'NONE', *, *, #893, .F. ) ;
#4101 = ADVANCED_FACE ( 'NONE', ( #395 ), #4096, .F. ) ;
#4102 = LINE ( 'NONE', #1003, #2604 ) ;
#4103 = VERTEX_POINT ( 'NONE', #4145 ) ;
#4104 = DIRECTION ( 'NONE',  ( 2.211964468540914624E-16, -1.000000000000000000, 0.000000000000000000 ) ) ;
#4105 = CIRCLE ( 'NONE', #286, 3.000000000000002665 ) ;
#4106 = CARTESIAN_POINT ( 'NONE',  ( -56.48499999999999943, -60.99000000000001620, 0.000000000000000000 ) ) ;
#4107 = ORIENTED_EDGE ( 'NONE', *, *, #2074, .T. ) ;
#4108 = CIRCLE ( 'NONE', #2866, 2.999999999999999556 ) ;
#4109 = DIRECTION ( 'NONE',  ( -1.000000000000000000, 0.000000000000000000, 0.000000000000000000 ) ) ;
#4110 = FACE_OUTER_BOUND ( 'NONE', #840, .T. ) ;
#4111 = VERTEX_POINT ( 'NONE', #640 ) ;
#4112 = ADVANCED_FACE ( 'NONE', ( #3051 ), #3756, .F. ) ;
#4113 = DIRECTION ( 'NONE',  ( -2.388407501162106152E-16, 1.000000000000000000, 0.000000000000000000 ) ) ;
#4114 = DIRECTION ( 'NONE',  ( 1.000000000000000000, 0.000000000000000000, 0.000000000000000000 ) ) ;
#4115 = CIRCLE ( 'NONE', #3098, 2.250000000000001776 ) ;
#4116 = VERTEX_POINT ( 'NONE', #997 ) ;
#4117 = VECTOR ( 'NONE', #3522, 1000.000000000000000 ) ;
#4118 = ADVANCED_FACE ( 'NONE', ( #1676 ), #1722, .F. ) ;
#4119 = DIRECTION ( 'NONE',  ( -0.000000000000000000, -0.000000000000000000, 1.000000000000000000 ) ) ;
#4120 = ORIENTED_EDGE ( 'NONE', *, *, #1031, .F. ) ;
#4121 = DIRECTION ( 'NONE',  ( 1.000000000000000000, 0.000000000000000000, 0.000000000000000000 ) ) ;
#4122 = VECTOR ( 'NONE', #936, 1000.000000000000000 ) ;
#4123 = ORIENTED_EDGE ( 'NONE', *, *, #3676, .F. ) ;
#4124 = DIRECTION ( 'NONE',  ( -1.000000000000000000, 0.000000000000000000, 0.000000000000000000 ) ) ;
#4125 = EDGE_CURVE ( 'NONE', #1173, #2772, #1243, .T. ) ;
#4126 = CARTESIAN_POINT ( 'NONE',  ( 11.25499999999999368, 31.79203768307636935, 5.000000000000000000 ) ) ;
#4127 = EDGE_CURVE ( 'NONE', #2215, #2909, #1100, .T. ) ;
#4128 = ORIENTED_EDGE ( 'NONE', *, *, #3591, .T. ) ;
#4129 = EDGE_LOOP ( 'NONE', ( #4466, #2538, #701, #200 ) ) ;
#4130 = CARTESIAN_POINT ( 'NONE',  ( -62.74499999999999744, 75.26667162653228615, 0.000000000000000000 ) ) ;
#4131 = CARTESIAN_POINT ( 'NONE',  ( 3.254999999999997673, -45.34761299932682022, 0.000000000000000000 ) ) ;
#4132 = ORIENTED_EDGE ( 'NONE', *, *, #4470, .T. ) ;
#4133 = AXIS2_PLACEMENT_3D ( 'NONE', #734, #780, #2466 ) ;
#4134 = DIRECTION ( 'NONE',  ( 0.000000000000000000, 0.000000000000000000, 1.000000000000000000 ) ) ;
#4135 = VECTOR ( 'NONE', #288, 1000.000000000000000 ) ;
#4136 = DIRECTION ( 'NONE',  ( -0.000000000000000000, -0.000000000000000000, 1.000000000000000000 ) ) ;
#4137 = ORIENTED_EDGE ( 'NONE', *, *, #3455, .F. ) ;
#4138 = LINE ( 'NONE', #4161, #2299 ) ;
#4139 = CARTESIAN_POINT ( 'NONE',  ( -57.00500000000000256, -72.50000000000001421, 5.000000000000000000 ) ) ;
#4140 = ORIENTED_EDGE ( 'NONE', *, *, #4459, .T. ) ;
#4141 = EDGE_CURVE ( 'NONE', #2983, #1591, #2187, .T. ) ;
#4142 = CIRCLE ( 'NONE', #3124, 3.000000000000002665 ) ;
#4143 = CARTESIAN_POINT ( 'NONE',  ( -51.74499999999999744, -78.00000000000000000, 5.000000000000000000 ) ) ;
#4144 = PRODUCT_DEFINITION_FORMATION_WITH_SPECIFIED_SOURCE ( 'ANY', '', #1652, .NOT_KNOWN. ) ;
#4145 = CARTESIAN_POINT ( 'NONE',  ( -54.74500000000000455, 77.99999999999997158, 0.000000000000000000 ) ) ;
#4146 = ORIENTED_EDGE ( 'NONE', *, *, #984, .F. ) ;
#4147 = CARTESIAN_POINT ( 'NONE',  ( -12.97377536471974580, 45.26507572786680811, 0.000000000000000000 ) ) ;
#4148 = AXIS2_PLACEMENT_3D ( 'NONE', #4143, #1739, #43 ) ;
#4149 = EDGE_CURVE ( 'NONE', #1630, #2087, #102, .T. ) ;
#4150 = ORIENTED_EDGE ( 'NONE', *, *, #2217, .T. ) ;
#4151 = CIRCLE ( 'NONE', #1042, 1.599999999999997202 ) ;
#4152 = DIRECTION ( 'NONE',  ( 0.000000000000000000, 0.000000000000000000, -1.000000000000000000 ) ) ;
#4153 = CYLINDRICAL_SURFACE ( 'NONE', #343, 3.000000000000009770 ) ;
#4154 = VERTEX_POINT ( 'NONE', #3181 ) ;
#4155 = ADVANCED_FACE ( 'NONE', ( #2859 ), #479, .F. ) ;
#4156 = EDGE_CURVE ( 'NONE', #359, #624, #3592, .T. ) ;
#4157 = FACE_BOUND ( 'NONE', #4413, .T. ) ;
#4158 = ADVANCED_FACE ( 'NONE', ( #4274 ), #1453, .F. ) ;
#4159 = DIRECTION ( 'NONE',  ( 1.000000000000000000, 0.000000000000000000, 0.000000000000000000 ) ) ;
#4160 = VERTEX_POINT ( 'NONE', #3569 ) ;
#4161 = CARTESIAN_POINT ( 'NONE',  ( -51.74499999999999744, -78.00000000000000000, 0.000000000000000000 ) ) ;
#4162 = CARTESIAN_POINT ( 'NONE',  ( -100.7450000000000188, 45.00000000000000711, 5.000000000000000000 ) ) ;
#4163 = ORIENTED_EDGE ( 'NONE', *, *, #1214, .T. ) ;
#4164 = DIRECTION ( 'NONE',  ( 0.000000000000000000, 1.000000000000000000, 0.000000000000000000 ) ) ;
#4165 = FACE_OUTER_BOUND ( 'NONE', #2266, .T. ) ;
#4166 = ORIENTED_EDGE ( 'NONE', *, *, #2561, .F. ) ;
#4167 = EDGE_CURVE ( 'NONE', #846, #1904, #1514, .T. ) ;
#4168 = LINE ( 'NONE', #416, #1393 ) ;
#4169 = EDGE_CURVE ( 'NONE', #2237, #216, #1474, .T. ) ;
#4170 = VECTOR ( 'NONE', #1732, 1000.000000000000000 ) ;
#4171 = ORIENTED_EDGE ( 'NONE', *, *, #1414, .F. ) ;
#4172 = CYLINDRICAL_SURFACE ( 'NONE', #1169, 2.999999999999999112 ) ;
#4173 = CARTESIAN_POINT ( 'NONE',  ( -51.74500000000001876, 25.75436441852100344, 3.000000000000000000 ) ) ;
#4174 = DIRECTION ( 'NONE',  ( 1.000000000000000000, 0.000000000000000000, 0.000000000000000000 ) ) ;
#4175 = ORIENTED_EDGE ( 'NONE', *, *, #2698, .T. ) ;
#4176 = CIRCLE ( 'NONE', #2147, 3.000000000000002665 ) ;
#4177 = LINE ( 'NONE', #2405, #768 ) ;
#4178 = EDGE_CURVE ( 'NONE', #628, #3410, #101, .T. ) ;
#4179 = LINE ( 'NONE', #1075, #861 ) ;
#4180 = ORIENTED_EDGE ( 'NONE', *, *, #2170, .T. ) ;
#4181 = FACE_OUTER_BOUND ( 'NONE', #3384, .T. ) ;
#4182 = VERTEX_POINT ( 'NONE', #1852 ) ;
#4183 = CARTESIAN_POINT ( 'NONE',  ( -100.7450000000000188, 48.00000000000000711, 0.000000000000000000 ) ) ;
#4184 = B_SPLINE_CURVE_WITH_KNOTS ( 'NONE', 3,
 ( #4000, #3292, #2275, #1654, #1559, #214, #3662, #2925, #3320, #925 ),
 .UNSPECIFIED., .F., .F.,
 ( 4, 2, 2, 2, 4 ),
 ( 0.000000000000000000, 0.0004025057433829154962, 0.0008050114867658309924, 0.001207517230148746380, 0.001610022973531661985 ),
 .UNSPECIFIED. ) ;
#4185 = LINE ( 'NONE', #1635, #2041 ) ;
#4186 = VECTOR ( 'NONE', #1657, 1000.000000000000000 ) ;
#4187 = CARTESIAN_POINT ( 'NONE',  ( 11.25499999999999723, -45.94761299932681453, 5.000000000000000000 ) ) ;
#4188 = ORIENTED_EDGE ( 'NONE', *, *, #1443, .F. ) ;
#4189 = VECTOR ( 'NONE', #1495, 1000.000000000000000 ) ;
#4190 = DIRECTION ( 'NONE',  ( 0.000000000000000000, 0.000000000000000000, 1.000000000000000000 ) ) ;
#4191 = ADVANCED_FACE ( 'NONE', ( #3934 ), #2840, .T. ) ;
#4192 = ORIENTED_EDGE ( 'NONE', *, *, #3081, .F. ) ;
#4193 = CARTESIAN_POINT ( 'NONE',  ( -53.52934526994632591, 13.65589906941674947, 2.000000000000000000 ) ) ;
#4194 = DIRECTION ( 'NONE',  ( 0.000000000000000000, 0.000000000000000000, -1.000000000000000000 ) ) ;
#4195 = EDGE_CURVE ( 'NONE', #4462, #609, #4091, .T. ) ;
#4196 = ORIENTED_EDGE ( 'NONE', *, *, #1710, .T. ) ;
#4197 = CARTESIAN_POINT ( 'NONE',  ( -98.99500000000001876, 50.00000000000000711, 5.000000000000000000 ) ) ;
#4198 = ORIENTED_EDGE ( 'NONE', *, *, #3189, .T. ) ;
#4199 = DIRECTION ( 'NONE',  ( 0.000000000000000000, 0.000000000000000000, 1.000000000000000000 ) ) ;
#4200 = FACE_OUTER_BOUND ( 'NONE', #2633, .T. ) ;
#4201 = EDGE_LOOP ( 'NONE', ( #4435, #1977, #3921 ) ) ;
#4202 = DIRECTION ( 'NONE',  ( 0.000000000000000000, 0.000000000000000000, 1.000000000000000000 ) ) ;
#4203 = VECTOR ( 'NONE', #2329, 1000.000000000000000 ) ;
#4204 = DIRECTION ( 'NONE',  ( 0.000000000000000000, 0.000000000000000000, -1.000000000000000000 ) ) ;
#4205 = VERTEX_POINT ( 'NONE', #144 ) ;
#4206 = VECTOR ( 'NONE', #2888, 1000.000000000000000 ) ;
#4207 = CARTESIAN_POINT ( 'NONE',  ( 0.000000000000000000, 0.000000000000000000, 10.00000000000000000 ) ) ;
#4208 = CARTESIAN_POINT ( 'NONE',  ( -100.7450000000000188, 52.00000000000000711, 5.000000000000000000 ) ) ;
#4209 = CARTESIAN_POINT ( 'NONE',  ( -60.00500000000000966, -72.50000000000001421, 0.000000000000000000 ) ) ;
#4210 = ADVANCED_FACE ( 'NONE', ( #4233 ), #498, .F. ) ;
#4211 = LINE ( 'NONE', #1789, #3549 ) ;
#4212 = AXIS2_PLACEMENT_3D ( 'NONE', #1873, #3203, #3841 ) ;
#4213 = VERTEX_POINT ( 'NONE', #1787 ) ;
#4214 = FACE_OUTER_BOUND ( 'NONE', #1921, .T. ) ;
#4215 = VECTOR ( 'NONE', #2774, 1000.000000000000000 ) ;
#4216 = DIRECTION ( 'NONE',  ( -1.000000000000000000, 0.000000000000000000, 0.000000000000000000 ) ) ;
#4217 = VECTOR ( 'NONE', #3722, 1000.000000000000000 ) ;
#4218 = EDGE_CURVE ( 'NONE', #1925, #3410, #1030, .T. ) ;
#4219 = EDGE_LOOP ( 'NONE', ( #3307, #2330, #4012, #2783 ) ) ;
#4220 = FACE_OUTER_BOUND ( 'NONE', #2559, .T. ) ;
#4221 = AXIS2_PLACEMENT_3D ( 'NONE', #1097, #2469, #3860 ) ;
#4222 = ORIENTED_EDGE ( 'NONE', *, *, #2288, .T. ) ;
#4223 = ORIENTED_EDGE ( 'NONE', *, *, #481, .T. ) ;
#4224 = DIRECTION ( 'NONE',  ( -1.000000000000000000, 0.000000000000000000, 0.000000000000000000 ) ) ;
#4225 = PLANE ( 'NONE',  #1450 ) ;
#4226 = ORIENTED_EDGE ( 'NONE', *, *, #3925, .F. ) ;
#4227 = AXIS2_PLACEMENT_3D ( 'NONE', #1229, #3359, #2609 ) ;
#4228 = FACE_OUTER_BOUND ( 'NONE', #3106, .T. ) ;
#4229 = EDGE_LOOP ( 'NONE', ( #639, #3079, #841, #4388 ) ) ;
#4230 = AXIS2_PLACEMENT_3D ( 'NONE', #294, #3011, #2356 ) ;
#4231 = DIRECTION ( 'NONE',  ( 0.000000000000000000, 0.000000000000000000, -1.000000000000000000 ) ) ;
#4232 = CARTESIAN_POINT ( 'NONE',  ( -10.61499092853945925, -39.38838713590120477, 2.000000000000000000 ) ) ;
#4233 = FACE_OUTER_BOUND ( 'NONE', #4294, .T. ) ;
#4234 = LINE ( 'NONE', #3547, #1163 ) ;
#4235 = ORIENTED_EDGE ( 'NONE', *, *, #4470, .F. ) ;
#4236 = DIRECTION ( 'NONE',  ( 1.000000000000000000, 0.000000000000000000, 0.000000000000000000 ) ) ;
#4237 = DIRECTION ( 'NONE',  ( -1.000000000000000000, -0.000000000000000000, -0.000000000000000000 ) ) ;
#4238 = EDGE_CURVE ( 'NONE', #624, #641, #2476, .T. ) ;
#4239 = CIRCLE ( 'NONE', #4093, 2.250000000000001776 ) ;
#4240 = VERTEX_POINT ( 'NONE', #767 ) ;
#4241 = CARTESIAN_POINT ( 'NONE',  ( -54.52934526994632591, 9.598901098682526722, 3.000000000000000000 ) ) ;
#4242 = ORIENTED_EDGE ( 'NONE', *, *, #578, .T. ) ;
#4243 = DIRECTION ( 'NONE',  ( -0.000000000000000000, -0.000000000000000000, 1.000000000000000000 ) ) ;
#4244 = EDGE_CURVE ( 'NONE', #377, #3071, #325, .T. ) ;
#4245 = CARTESIAN_POINT ( 'NONE',  ( -57.54723398003460488, 8.598901098682526722, 3.000000000000000000 ) ) ;
#4246 = VERTEX_POINT ( 'NONE', #3679 ) ;
#4247 = CARTESIAN_POINT ( 'NONE',  ( -10.61499092853945925, -39.38838713590120477, 0.000000000000000000 ) ) ;
#4248 = ORIENTED_EDGE ( 'NONE', *, *, #2372, .T. ) ;
#4249 = COLOUR_RGB ( '',0.7921568627450980005, 0.8196078431372548767, 0.9333333333333333481 ) ;
#4250 = EDGE_CURVE ( 'NONE', #1186, #2930, #4041, .T. ) ;
#4251 = FACE_OUTER_BOUND ( 'NONE', #4229, .T. ) ;
#4252 = DIRECTION ( 'NONE',  ( -1.000000000000000000, 0.000000000000000000, 0.000000000000000000 ) ) ;
#4253 = DIRECTION ( 'NONE',  ( -0.000000000000000000, -0.000000000000000000, -1.000000000000000000 ) ) ;
#4254 = CIRCLE ( 'NONE', #1509, 2.250000000000002220 ) ;
#4255 = EDGE_CURVE ( 'NONE', #755, #1412, #1968, .T. ) ;
#4256 = CARTESIAN_POINT ( 'NONE',  ( -10.61499092853951431, -46.98838713590125593, 2.000000000000000000 ) ) ;
#4257 = VERTEX_POINT ( 'NONE', #4346 ) ;
#4258 = EDGE_CURVE ( 'NONE', #732, #3990, #1470, .T. ) ;
#4259 = DIRECTION ( 'NONE',  ( 0.000000000000000000, -0.000000000000000000, -1.000000000000000000 ) ) ;
#4260 = ADVANCED_FACE ( 'NONE', ( #279 ), #2635, .F. ) ;
#4261 = FILL_AREA_STYLE_COLOUR ( '', #4249 ) ;
#4262 = AXIS2_PLACEMENT_3D ( 'NONE', #2144, #3590, #4252 ) ;
#4263 = ORIENTED_EDGE ( 'NONE', *, *, #4127, .T. ) ;
#4264 = CARTESIAN_POINT ( 'NONE',  ( -58.40500000000001535, 72.49999999999995737, 5.000000000000000000 ) ) ;
#4265 = ORIENTED_EDGE ( 'NONE', *, *, #2351, .F. ) ;
#4266 = CIRCLE ( 'NONE', #2445, 3.000000000000002665 ) ;
#4267 = CARTESIAN_POINT ( 'NONE',  ( -36.74521744568226467, 31.79203768307636935, 2.000000000000000000 ) ) ;
#4268 = CARTESIAN_POINT ( 'NONE',  ( -16.39105546427840565, 37.76407684932541997, 2.585786437626905077 ) ) ;
#4269 = ORIENTED_EDGE ( 'NONE', *, *, #49, .F. ) ;
#4270 = ORIENTED_EDGE ( 'NONE', *, *, #1638, .F. ) ;
#4271 = CARTESIAN_POINT ( 'NONE',  ( -53.52934526994632591, 8.598901098682526722, 2.000000000000000000 ) ) ;
#4272 = FACE_OUTER_BOUND ( 'NONE', #1459, .T. ) ;
#4273 = CARTESIAN_POINT ( 'NONE',  ( -60.00500000000000966, -72.50000000000001421, 5.000000000000000000 ) ) ;
#4274 = FACE_OUTER_BOUND ( 'NONE', #2415, .T. ) ;
#4275 = EDGE_CURVE ( 'NONE', #4462, #3968, #3266, .T. ) ;
#4276 = DIRECTION ( 'NONE',  ( -0.000000000000000000, -0.000000000000000000, -1.000000000000000000 ) ) ;
#4277 = CIRCLE ( 'NONE', #449, 2.999999999999933387 ) ;
#4278 = CIRCLE ( 'NONE', #2756, 3.000000000000000888 ) ;
#4279 = ORIENTED_EDGE ( 'NONE', *, *, #2504, .T. ) ;
#4280 = CARTESIAN_POINT ( 'NONE',  ( -65.74499999999999034, -45.00000000000001421, 5.000000000000000000 ) ) ;
#4281 = CARTESIAN_POINT ( 'NONE',  ( -94.49500000000000455, 50.00000000000000711, 0.000000000000000000 ) ) ;
#4282 = EDGE_CURVE ( 'NONE', #3607, #2983, #3632, .T. ) ;
#4283 = VECTOR ( 'NONE', #2880, 1000.000000000000000 ) ;
#4284 = EDGE_LOOP ( 'NONE', ( #4309, #3130, #1832, #3417 ) ) ;
#4285 = FACE_OUTER_BOUND ( 'NONE', #2516, .T. ) ;
#4286 = VERTEX_POINT ( 'NONE', #3288 ) ;
#4287 = EDGE_LOOP ( 'NONE', ( #3192, #1599 ) ) ;
#4288 = VECTOR ( 'NONE', #16, 1000.000000000000000 ) ;
#4289 = DIRECTION ( 'NONE',  ( 0.000000000000000000, 0.000000000000000000, -1.000000000000000000 ) ) ;
#4290 = CIRCLE ( 'NONE', #2615, 3.000000000000001776 ) ;
#4291 = EDGE_CURVE ( 'NONE', #3941, #2574, #561, .T. ) ;
#4292 = DIRECTION ( 'NONE',  ( -0.000000000000000000, -0.000000000000000000, -1.000000000000000000 ) ) ;
#4293 = VERTEX_POINT ( 'NONE', #189 ) ;
#4294 = EDGE_LOOP ( 'NONE', ( #3363, #1902, #2621, #182 ) ) ;
#4295 = DIRECTION ( 'NONE',  ( -0.000000000000000000, -0.000000000000000000, -1.000000000000000000 ) ) ;
#4296 = EDGE_CURVE ( 'NONE', #1560, #2961, #2611, .T. ) ;
#4297 = PLANE ( 'NONE',  #2506 ) ;
#4298 = DIRECTION ( 'NONE',  ( 1.000000000000000000, 0.000000000000000000, 0.000000000000000000 ) ) ;
#4299 = CIRCLE ( 'NONE', #1837, 3.000000000000002665 ) ;
#4300 = DIRECTION ( 'NONE',  ( -0.000000000000000000, -0.000000000000000000, 1.000000000000000000 ) ) ;
#4301 = DIRECTION ( 'NONE',  ( -1.000000000000000000, 0.000000000000000000, 0.000000000000000000 ) ) ;
#4302 = APPLICATION_CONTEXT ( 'automotive_design' ) ;
#4303 = ORIENTED_EDGE ( 'NONE', *, *, #3370, .F. ) ;
#4304 = EDGE_CURVE ( 'NONE', #4412, #3734, #4322, .T. ) ;
#4305 = CARTESIAN_POINT ( 'NONE',  ( 0.000000000000000000, 38.76407684932542708, 3.000000000000000000 ) ) ;
#4306 = DIRECTION ( 'NONE',  ( 0.000000000000000000, 0.000000000000000000, -1.000000000000000000 ) ) ;
#4307 = ORIENTED_EDGE ( 'NONE', *, *, #3349, .F. ) ;
#4308 = EDGE_CURVE ( 'NONE', #1384, #1349, #3555, .T. ) ;
#4309 = ORIENTED_EDGE ( 'NONE', *, *, #1907, .F. ) ;
#4310 = DIRECTION ( 'NONE',  ( 1.000000000000000000, 0.000000000000000000, 0.000000000000000000 ) ) ;
#4311 = ORIENTED_EDGE ( 'NONE', *, *, #3780, .T. ) ;
#4312 = DIRECTION ( 'NONE',  ( -1.000000000000000000, 0.000000000000000000, 0.000000000000000000 ) ) ;
#4313 = AXIS2_PLACEMENT_3D ( 'NONE', #870, #4062, #1574 ) ;
#4314 = CARTESIAN_POINT ( 'NONE',  ( -30.52412065912967876, 31.79203768307636935, 5.000000000000000000 ) ) ;
#4315 = EDGE_LOOP ( 'NONE', ( #4066, #4196 ) ) ;
#4316 = ORIENTED_EDGE ( 'NONE', *, *, #3943, .F. ) ;
#4317 = EDGE_CURVE ( 'NONE', #2961, #1702, #3018, .T. ) ;
#4318 = DIRECTION ( 'NONE',  ( 1.000000000000000000, -0.000000000000000000, 0.000000000000000000 ) ) ;
#4319 = ADVANCED_FACE ( 'NONE', ( #1556 ), #897, .F. ) ;
#4320 = DIRECTION ( 'NONE',  ( -0.000000000000000000, -0.000000000000000000, -1.000000000000000000 ) ) ;
#4321 = DIRECTION ( 'NONE',  ( -0.000000000000000000, -0.000000000000000000, 1.000000000000000000 ) ) ;
#4322 = LINE ( 'NONE', #1916, #457 ) ;
#4323 = AXIS2_PLACEMENT_3D ( 'NONE', #1129, #3892, #796 ) ;
#4324 = CARTESIAN_POINT ( 'NONE',  ( -10.61499092853945925, -39.38838713590120477, 3.000000000000000000 ) ) ;
#4325 = CARTESIAN_POINT ( 'NONE',  ( -48.74500000000000455, -48.94761299932681453, 0.000000000000000000 ) ) ;
#4326 = DIRECTION ( 'NONE',  ( -1.000000000000000000, 0.000000000000000000, 0.000000000000000000 ) ) ;
#4327 = AXIS2_PLACEMENT_3D ( 'NONE', #1875, #3659, #4301 ) ;
#4328 = ORIENTED_EDGE ( 'NONE', *, *, #3691, .T. ) ;
#4329 = PLANE ( 'NONE',  #2582 ) ;
#4330 = DIRECTION ( 'NONE',  ( 0.000000000000000000, 0.000000000000000000, -1.000000000000000000 ) ) ;
#4331 = EDGE_LOOP ( 'NONE', ( #4074, #3936, #3605, #2456 ) ) ;
#4332 = CARTESIAN_POINT ( 'NONE',  ( -58.74500000000000455, 60.97999999999998266, 5.000000000000000000 ) ) ;
#4333 = VECTOR ( 'NONE', #739, 1000.000000000000000 ) ;
#4334 = EDGE_LOOP ( 'NONE', ( #2101, #862, #233, #2500 ) ) ;
#4335 = EDGE_CURVE ( 'NONE', #2003, #4412, #4142, .T. ) ;
#4336 = DIRECTION ( 'NONE',  ( 0.000000000000000000, 0.000000000000000000, 1.000000000000000000 ) ) ;
#4337 = CIRCLE ( 'NONE', #2663, 2.250000000000001776 ) ;
#4338 = FACE_OUTER_BOUND ( 'NONE', #2513, .T. ) ;
#4339 = EDGE_LOOP ( 'NONE', ( #2265, #2896, #1341, #3655 ) ) ;
#4340 = VECTOR ( 'NONE', #3331, 1000.000000000000000 ) ;
#4341 = EDGE_LOOP ( 'NONE', ( #2835, #1455, #1133, #2142 ) ) ;
#4342 = DIRECTION ( 'NONE',  ( -0.000000000000000000, -0.000000000000000000, 1.000000000000000000 ) ) ;
#4343 = FACE_OUTER_BOUND ( 'NONE', #1551, .T. ) ;
#4344 = ORIENTED_EDGE ( 'NONE', *, *, #2535, .F. ) ;
#4345 = LINE ( 'NONE', #1961, #3313 ) ;
#4346 = CARTESIAN_POINT ( 'NONE',  ( -12.97377536471974580, 42.26507572786680811, 0.000000000000000000 ) ) ;
#4347 = CARTESIAN_POINT ( 'NONE',  ( -30.52412065912967165, 33.14526759496442310, 2.585786437626905077 ) ) ;
#4348 = DIRECTION ( 'NONE',  ( -1.000000000000000000, -0.000000000000000000, -0.000000000000000000 ) ) ;
#4349 = EDGE_CURVE ( 'NONE', #1419, #112, #2657, .T. ) ;
#4350 = CARTESIAN_POINT ( 'NONE',  ( -17.39105546427840565, 38.76407684932542708, 3.000000000000000000 ) ) ;
#4351 = VERTEX_POINT ( 'NONE', #4418 ) ;
#4352 = VECTOR ( 'NONE', #1546, 1000.000000000000000 ) ;
#4353 = AXIS2_PLACEMENT_3D ( 'NONE', #3715, #312, #3440 ) ;
#4354 = DIRECTION ( 'NONE',  ( -5.825304554501312687E-16, -1.000000000000000000, 0.000000000000000000 ) ) ;
#4355 = LINE ( 'NONE', #2620, #2035 ) ;
#4356 = ORIENTED_EDGE ( 'NONE', *, *, #2522, .T. ) ;
#4357 = AXIS2_PLACEMENT_3D ( 'NONE', #2352, #3504, #671 ) ;
#4358 = LINE ( 'NONE', #1221, #1890 ) ;
#4359 = ORIENTED_EDGE ( 'NONE', *, *, #2878, .F. ) ;
#4360 = AXIS2_PLACEMENT_3D ( 'NONE', #50, #1480, #2110 ) ;
#4361 = VECTOR ( 'NONE', #2758, 1000.000000000000000 ) ;
#4362 = CARTESIAN_POINT ( 'NONE',  ( 9.994999999999995666, 44.99999999999995737, 2.000000000000000000 ) ) ;
#4363 = ADVANCED_FACE ( 'NONE', ( #2586 ), #611, .F. ) ;
#4364 = LINE ( 'NONE', #2578, #4122 ) ;
#4365 = VERTEX_POINT ( 'NONE', #2565 ) ;
#4366 = ORIENTED_EDGE ( 'NONE', *, *, #2970, .F. ) ;
#4367 = EDGE_CURVE ( 'NONE', #2172, #2175, #1535, .T. ) ;
#4368 = DIRECTION ( 'NONE',  ( 0.000000000000000000, 1.000000000000000000, 0.000000000000000000 ) ) ;
#4369 = VECTOR ( 'NONE', #1041, 1000.000000000000000 ) ;
#4370 = DIRECTION ( 'NONE',  ( 0.000000000000000000, 0.000000000000000000, -1.000000000000000000 ) ) ;
#4371 = ORIENTED_EDGE ( 'NONE', *, *, #25, .T. ) ;
#4372 = CARTESIAN_POINT ( 'NONE',  ( -51.74499999999999744, 77.99999999999997158, 5.000000000000000000 ) ) ;
#4373 = CIRCLE ( 'NONE', #1897, 0.9999999999998222533 ) ;
#4374 = DIRECTION ( 'NONE',  ( -1.000000000000000000, 0.000000000000000000, 0.000000000000000000 ) ) ;
#4375 = LINE ( 'NONE', #815, #648 ) ;
#4376 = DIRECTION ( 'NONE',  ( 0.000000000000000000, 0.000000000000000000, -1.000000000000000000 ) ) ;
#4377 = DIRECTION ( 'NONE',  ( 0.000000000000000000, 0.000000000000000000, 1.000000000000000000 ) ) ;
#4378 = EDGE_LOOP ( 'NONE', ( #3444, #1108, #2885, #1589 ) ) ;
#4379 = AXIS2_PLACEMENT_3D ( 'NONE', #852, #3285, #1598 ) ;
#4380 = FACE_OUTER_BOUND ( 'NONE', #3140, .T. ) ;
#4381 = FACE_OUTER_BOUND ( 'NONE', #1380, .T. ) ;
#4382 = VERTEX_POINT ( 'NONE', #3610 ) ;
#4383 = CARTESIAN_POINT ( 'NONE',  ( -56.02850656985351208, -78.00000000000000000, 0.000000000000000000 ) ) ;
#4384 = ORIENTED_EDGE ( 'NONE', *, *, #393, .F. ) ;
#4385 = FACE_OUTER_BOUND ( 'NONE', #3178, .T. ) ;
#4386 = EDGE_CURVE ( 'NONE', #359, #4365, #537, .T. ) ;
#4387 = PLANE ( 'NONE',  #1219 ) ;
#4388 = ORIENTED_EDGE ( 'NONE', *, *, #4349, .F. ) ;
#4389 = ORIENTED_EDGE ( 'NONE', *, *, #3214, .T. ) ;
#4390 = DIRECTION ( 'NONE',  ( 0.000000000000000000, 0.000000000000000000, 1.000000000000000000 ) ) ;
#4391 = EDGE_CURVE ( 'NONE', #3210, #2048, #3972, .T. ) ;
#4392 = DIRECTION ( 'NONE',  ( 0.000000000000000000, 0.000000000000000000, -1.000000000000000000 ) ) ;
#4393 = VECTOR ( 'NONE', #1400, 1000.000000000000000 ) ;
#4394 = CARTESIAN_POINT ( 'NONE',  ( -97.74500000000001876, 55.00000000000000711, 5.000000000000000000 ) ) ;
#4395 = DIRECTION ( 'NONE',  ( 0.000000000000000000, 0.000000000000000000, -1.000000000000000000 ) ) ;
#4396 = DIRECTION ( 'NONE',  ( 0.000000000000000000, 0.000000000000000000, -1.000000000000000000 ) ) ;
#4397 = CARTESIAN_POINT ( 'NONE',  ( -65.74500000000000455, 75.26667162653228615, 10.00000000000000000 ) ) ;
#4398 = ORIENTED_EDGE ( 'NONE', *, *, #3312, .F. ) ;
#4399 = LINE ( 'NONE', #1266, #4071 ) ;
#4400 = ORIENTED_EDGE ( 'NONE', *, *, #26, .F. ) ;
#4401 = STYLED_ITEM ( 'NONE', ( #2111 ), #1281 ) ;
#4402 = EDGE_CURVE ( 'NONE', #804, #244, #3848, .T. ) ;
#4403 = DIRECTION ( 'NONE',  ( 0.000000000000000000, 0.000000000000000000, -1.000000000000000000 ) ) ;
#4404 = LINE ( 'NONE', #1345, #4135 ) ;
#4405 = VERTEX_POINT ( 'NONE', #2753 ) ;
#4406 = DIRECTION ( 'NONE',  ( 1.000000000000000000, 0.000000000000000000, 0.000000000000000000 ) ) ;
#4407 = EDGE_CURVE ( 'NONE', #723, #932, #2032, .T. ) ;
#4408 = ORIENTED_EDGE ( 'NONE', *, *, #4282, .T. ) ;
#4409 = CYLINDRICAL_SURFACE ( 'NONE', #3694, 3.000000000000002665 ) ;
#4410 = VECTOR ( 'NONE', #2233, 1000.000000000000000 ) ;
#4411 = FACE_OUTER_BOUND ( 'NONE', #1259, .T. ) ;
#4412 = VERTEX_POINT ( 'NONE', #3775 ) ;
#4413 = EDGE_LOOP ( 'NONE', ( #3344, #554 ) ) ;
#4414 = CARTESIAN_POINT ( 'NONE',  ( -37.33100388330917241, 32.73105403259133084, 3.000000000000000000 ) ) ;
#4415 = AXIS2_PLACEMENT_3D ( 'NONE', #3562, #1865, #1465 ) ;
#4416 = CARTESIAN_POINT ( 'NONE',  ( -55.53828962499045474, 22.86114967175884161, 2.000000000000000000 ) ) ;
#4417 = CARTESIAN_POINT ( 'NONE',  ( -51.74500000000001876, 25.75436441852100344, 0.000000000000000000 ) ) ;
#4418 = CARTESIAN_POINT ( 'NONE',  ( -59.07643930294695167, 75.35267857142862624, 5.000000000000000000 ) ) ;
#4419 = ORIENTED_EDGE ( 'NONE', *, *, #1885, .T. ) ;
#4420 = CARTESIAN_POINT ( 'NONE',  ( 11.59499999999999176, 44.99999999999995737, 5.000000000000000000 ) ) ;
#4421 = DIRECTION ( 'NONE',  ( -1.000000000000000000, 0.000000000000000000, 0.000000000000000000 ) ) ;
#4422 = VERTEX_POINT ( 'NONE', #4139 ) ;
#4423 = DIRECTION ( 'NONE',  ( -0.000000000000000000, -0.000000000000000000, -1.000000000000000000 ) ) ;
#4424 = EDGE_LOOP ( 'NONE', ( #678, #128, #4048, #3346 ) ) ;
#4425 = SPHERICAL_SURFACE ( 'NONE', #3163, 1.000000000000000000 ) ;
#4426 = LINE ( 'NONE', #2349, #3330 ) ;
#4427 = EDGE_LOOP ( 'NONE', ( #2629, #828 ) ) ;
#4428 = CYLINDRICAL_SURFACE ( 'NONE', #2821, 2.250000000000002220 ) ;
#4429 = AXIS2_PLACEMENT_3D ( 'NONE', #1521, #523, #3616 ) ;
#4430 = ORIENTED_EDGE ( 'NONE', *, *, #2752, .T. ) ;
#4431 = DIRECTION ( 'NONE',  ( -0.000000000000000000, -0.000000000000000000, 1.000000000000000000 ) ) ;
#4432 = VECTOR ( 'NONE', #3425, 1000.000000000000000 ) ;
#4433 = DIRECTION ( 'NONE',  ( -1.000000000000000000, 0.000000000000000000, 0.000000000000000000 ) ) ;
#4434 = ORIENTED_EDGE ( 'NONE', *, *, #4167, .F. ) ;
#4435 = ORIENTED_EDGE ( 'NONE', *, *, #3310, .F. ) ;
#4436 = FACE_OUTER_BOUND ( 'NONE', #1862, .T. ) ;
#4437 = CIRCLE ( 'NONE', #524, 2.999999999999999112 ) ;
#4438 = AXIS2_PLACEMENT_3D ( 'NONE', #2779, #3820, #1018 ) ;
#4439 = CYLINDRICAL_SURFACE ( 'NONE', #3606, 2.999999999999933387 ) ;
#4440 = DIRECTION ( 'NONE',  ( 1.000000000000000000, 0.000000000000000000, 0.000000000000000000 ) ) ;
#4441 = PRODUCT_CONTEXT ( 'NONE', #4302, 'mechanical' ) ;
#4442 = VERTEX_POINT ( 'NONE', #4469 ) ;
#4443 = CARTESIAN_POINT ( 'NONE',  ( -53.52934526994632591, 13.65589906941674947, 3.000000000000000000 ) ) ;
#4444 = VECTOR ( 'NONE', #110, 1000.000000000000000 ) ;
#4445 = EDGE_CURVE ( 'NONE', #3533, #976, #3559, .T. ) ;
#4446 = CYLINDRICAL_SURFACE ( 'NONE', #967, 0.9999999999998222533 ) ;
#4447 = AXIS2_PLACEMENT_3D ( 'NONE', #4070, #3999, #4421 ) ;
#4448 = ORIENTED_EDGE ( 'NONE', *, *, #754, .F. ) ;
#4449 = CARTESIAN_POINT ( 'NONE',  ( -19.62448257959728437, 39.80894216826094123, 0.000000000000000000 ) ) ;
#4450 = ORIENTED_EDGE ( 'NONE', *, *, #2203, .F. ) ;
#4451 = LINE ( 'NONE', #1294, #293 ) ;
#4452 = DIRECTION ( 'NONE',  ( -0.000000000000000000, -0.000000000000000000, -1.000000000000000000 ) ) ;
#4453 = VERTEX_POINT ( 'NONE', #1036 ) ;
#4454 = LINE ( 'NONE', #649, #4432 ) ;
#4455 = AXIS2_PLACEMENT_3D ( 'NONE', #538, #3677, #2584 ) ;
#4456 = EDGE_LOOP ( 'NONE', ( #2798, #3013 ) ) ;
#4457 = CIRCLE ( 'NONE', #1901, 3.000000000000002665 ) ;
#4458 = FACE_OUTER_BOUND ( 'NONE', #3508, .T. ) ;
#4459 = EDGE_CURVE ( 'NONE', #1384, #2791, #389, .T. ) ;
#4460 = FACE_OUTER_BOUND ( 'NONE', #3251, .T. ) ;
#4461 = VERTEX_POINT ( 'NONE', #3386 ) ;
#4462 = VERTEX_POINT ( 'NONE', #3112 ) ;
#4463 = EDGE_CURVE ( 'NONE', #1550, #3212, #2054, .T. ) ;
#4464 = DIRECTION ( 'NONE',  ( -0.000000000000000000, -0.000000000000000000, -1.000000000000000000 ) ) ;
#4465 = DIRECTION ( 'NONE',  ( -1.000000000000000000, 0.000000000000000000, 0.000000000000000000 ) ) ;
#4466 = ORIENTED_EDGE ( 'NONE', *, *, #4335, .F. ) ;
#4467 = CARTESIAN_POINT ( 'NONE',  ( -51.74499999999998323, -22.79531838647473307, 2.881996638709737990 ) ) ;
#4468 = ADVANCED_FACE ( 'NONE', ( #1058 ), #2429, .F. ) ;
#4469 = CARTESIAN_POINT ( 'NONE',  ( -63.98149343014691937, 77.99999999999997158, 0.000000000000000000 ) ) ;
#4470 = EDGE_CURVE ( 'NONE', #943, #459, #3729, .T. ) ;
#4471 = VECTOR ( 'NONE', #1377, 1000.000000000000000 ) ;
#4472 = DIRECTION ( 'NONE',  ( 0.000000000000000000, 0.000000000000000000, 1.000000000000000000 ) ) ;
#4473 = ORIENTED_EDGE ( 'NONE', *, *, #28, .F. ) ;
#4474 = CARTESIAN_POINT ( 'NONE',  ( -51.74500000000001876, 19.96793492499667622, 2.000000000000000000 ) ) ;
#4475 = ORIENTED_EDGE ( 'NONE', *, *, #217, .T. ) ;
#4476 = LINE ( 'NONE', #1364, #4333 ) ;
#4477 = DIRECTION ( 'NONE',  ( -6.033820786006292620E-16, -1.000000000000000000, 0.000000000000000000 ) ) ;
ENDSEC;
END-ISO-10303-21;
