ISO-10303-21;
HEADER;
FILE_DESCRIPTION (( 'STEP AP214' ),
    '1' );
FILE_NAME ('second floor-flat.STEP',
    '2026-04-11T19:27:56',
    ( '' ),
    ( '' ),
    'SwSTEP 2.0',
    'SolidWorks 2026',
    '' );
FILE_SCHEMA (( 'AUTOMOTIVE_DESIGN' ));
ENDSEC;

DATA;
#1 = LINE ( 'NONE', #4605, #4913 ) ;
#2 = CARTESIAN_POINT ( 'NONE',  ( 24.99999999999998579, 69.00000000000000000, 5.000000000000000000 ) ) ;
#3 = LINE ( 'NONE', #5039, #2414 ) ;
#4 = ORIENTED_EDGE ( 'NONE', *, *, #2053, .T. ) ;
#5 = CARTESIAN_POINT ( 'NONE',  ( -21.41141100645622330, 79.67309130887670676, 5.000000000000000000 ) ) ;
#6 = CARTESIAN_POINT ( 'NONE',  ( 15.00000000000000000, 1.699999999999999956, 10.00000000000000000 ) ) ;
#7 = EDGE_LOOP ( 'NONE', ( #4496, #3339, #343, #1766 ) ) ;
#8 = EDGE_LOOP ( 'NONE', ( #4887, #3320, #3847, #2367, #2313 ) ) ;
#9 = CARTESIAN_POINT ( 'NONE',  ( 10.32988139361452262, -108.3000000000000398, 8.689198102782436095 ) ) ;
#10 = CIRCLE ( 'NONE', #3935, 2.250000000000001332 ) ;
#11 = CARTESIAN_POINT ( 'NONE',  ( 63.91467591287926098, -39.24197431759574783, 5.021896208859719657 ) ) ;
#12 = AXIS2_PLACEMENT_3D ( 'NONE', #4280, #686, #5014 ) ;
#13 = ORIENTED_EDGE ( 'NONE', *, *, #3537, .T. ) ;
#14 = AXIS2_PLACEMENT_3D ( 'NONE', #3758, #3730, #1039 ) ;
#15 = ORIENTED_EDGE ( 'NONE', *, *, #3004, .T. ) ;
#16 = VECTOR ( 'NONE', #656, 1000.000000000000000 ) ;
#17 = EDGE_LOOP ( 'NONE', ( #626, #665, #1545, #4827 ) ) ;
#18 = CARTESIAN_POINT ( 'NONE',  ( 8.000000000000000000, 3.999999999999991562, -57.50000000000000000 ) ) ;
#19 = ADVANCED_FACE ( 'NONE', ( #2169 ), #3404, .F. ) ;
#20 = LINE ( 'NONE', #2372, #583 ) ;
#21 = CIRCLE ( 'NONE', #4594, 1.600000000000004086 ) ;
#22 = CARTESIAN_POINT ( 'NONE',  ( 15.00000000000000000, 1.699999999999999956, 10.00000000000000000 ) ) ;
#23 = EDGE_LOOP ( 'NONE', ( #1427, #1049, #3535, #1228 ) ) ;
#24 = CARTESIAN_POINT ( 'NONE',  ( -21.38875556251408128, -79.67917629774431987, 5.000000000000000000 ) ) ;
#25 = EDGE_CURVE ( 'NONE', #1518, #1498, #4075, .T. ) ;
#26 = LINE ( 'NONE', #4400, #3684 ) ;
#27 = CARTESIAN_POINT ( 'NONE',  ( 21.50000000000000000, -5.500000000000000000, 5.000000000000000000 ) ) ;
#28 = ORIENTED_EDGE ( 'NONE', *, *, #882, .T. ) ;
#29 = LINE ( 'NONE', #1922, #3906 ) ;
#30 = DIRECTION ( 'NONE',  ( 0.000000000000000000, -1.000000000000000000, 0.000000000000000000 ) ) ;
#31 = ORIENTED_EDGE ( 'NONE', *, *, #276, .F. ) ;
#32 = EDGE_CURVE ( 'NONE', #3967, #4529, #3737, .T. ) ;
#33 = CARTESIAN_POINT ( 'NONE',  ( 0.4872221150258267963, 62.83066692393781949, 1.928452876415045258 ) ) ;
#34 = DIRECTION ( 'NONE',  ( 1.000000000000000000, 0.000000000000000000, -0.000000000000000000 ) ) ;
#35 = ORIENTED_EDGE ( 'NONE', *, *, #3774, .T. ) ;
#36 = VERTEX_POINT ( 'NONE', #558 ) ;
#37 = VERTEX_POINT ( 'NONE', #2889 ) ;
#38 = EDGE_CURVE ( 'NONE', #2568, #3820, #1034, .T. ) ;
#39 = LINE ( 'NONE', #1596, #1214 ) ;
#40 = CARTESIAN_POINT ( 'NONE',  ( 64.99999999999998579, -45.00000000000000000, -5.000000000000000000 ) ) ;
#41 = CARTESIAN_POINT ( 'NONE',  ( -32.41141100645621975, -6.700000000000000178, 5.000000000000000000 ) ) ;
#42 = EDGE_LOOP ( 'NONE', ( #4191, #1737, #4779, #1000 ) ) ;
#43 = CIRCLE ( 'NONE', #201, 9.999999999999994671 ) ;
#44 = ADVANCED_FACE ( 'NONE', ( #3680 ), #3269, .T. ) ;
#45 = DIRECTION ( 'NONE',  ( -0.4606500287015032891, -0.8875818559757201465, 0.000000000000000000 ) ) ;
#46 = VECTOR ( 'NONE', #3962, 1000.000000000000227 ) ;
#47 = CARTESIAN_POINT ( 'NONE',  ( 0.000000000000000000, 0.000000000000000000, 5.000000000000000000 ) ) ;
#48 = VERTEX_POINT ( 'NONE', #4123 ) ;
#49 = AXIS2_PLACEMENT_3D ( 'NONE', #4158, #4129, #2999 ) ;
#50 = CARTESIAN_POINT ( 'NONE',  ( 69.73799092751333717, -4.000000000000008882, 0.000000000000000000 ) ) ;
#51 = CARTESIAN_POINT ( 'NONE',  ( 0.000000000000000000, 0.000000000000000000, 5.000000000000000000 ) ) ;
#52 = EDGE_CURVE ( 'NONE', #3203, #2317, #4062, .T. ) ;
#53 = ORIENTED_EDGE ( 'NONE', *, *, #1800, .T. ) ;
#54 = VERTEX_POINT ( 'NONE', #174 ) ;
#55 = DIRECTION ( 'NONE',  ( -1.000000000000000000, -1.541976423090494844E-15, 7.709882115452474222E-16 ) ) ;
#56 = LINE ( 'NONE', #2796, #2759 ) ;
#57 = DIRECTION ( 'NONE',  ( -0.000000000000000000, -0.000000000000000000, 1.000000000000000000 ) ) ;
#58 = ORIENTED_EDGE ( 'NONE', *, *, #25, .F. ) ;
#59 = VECTOR ( 'NONE', #4969, 1000.000000000000000 ) ;
#60 = AXIS2_PLACEMENT_3D ( 'NONE', #3251, #3662, #1715 ) ;
#61 = VERTEX_POINT ( 'NONE', #1402 ) ;
#62 = EDGE_LOOP ( 'NONE', ( #1636, #2003, #2286, #4725, #2898, #2049 ) ) ;
#63 = CARTESIAN_POINT ( 'NONE',  ( 63.39999999999998437, 45.00000000000000000, -5.000000000000000000 ) ) ;
#64 = LINE ( 'NONE', #2828, #1774 ) ;
#65 = VECTOR ( 'NONE', #243, 999.9999999999998863 ) ;
#66 = ORIENTED_EDGE ( 'NONE', *, *, #964, .F. ) ;
#67 = VECTOR ( 'NONE', #4875, 1000.000000000000000 ) ;
#68 = CARTESIAN_POINT ( 'NONE',  ( 11.57131844404793419, -56.00641010163671751, 4.555419049871720638 ) ) ;
#69 = CARTESIAN_POINT ( 'NONE',  ( 4.146862743635832516, 58.64006586735675342, 5.000000000000000000 ) ) ;
#70 = PLANE ( 'NONE',  #283 ) ;
#71 = EDGE_CURVE ( 'NONE', #4654, #3882, #638, .T. ) ;
#72 = ORIENTED_EDGE ( 'NONE', *, *, #3111, .F. ) ;
#73 = CARTESIAN_POINT ( 'NONE',  ( 12.05939254447404707, -84.64526597192711677, 5.000000000000000000 ) ) ;
#74 = EDGE_CURVE ( 'NONE', #2484, #1012, #1302, .T. ) ;
#75 = CARTESIAN_POINT ( 'NONE',  ( 11.99999999999997513, -69.00000000000000000, 5.000000000000000000 ) ) ;
#76 = ORIENTED_EDGE ( 'NONE', *, *, #658, .T. ) ;
#77 = ORIENTED_EDGE ( 'NONE', *, *, #503, .T. ) ;
#78 = CARTESIAN_POINT ( 'NONE',  ( -5.000000000000009770, -72.50000000000000000, 0.000000000000000000 ) ) ;
#79 = CARTESIAN_POINT ( 'NONE',  ( 11.99999999999995204, 69.00000000000000000, 5.000000000000000000 ) ) ;
#80 = DIRECTION ( 'NONE',  ( -0.000000000000000000, 1.000000000000000000, -0.000000000000000000 ) ) ;
#81 = DIRECTION ( 'NONE',  ( 0.000000000000000000, 1.000000000000000000, 0.000000000000000000 ) ) ;
#82 = PLANE ( 'NONE',  #166 ) ;
#83 = EDGE_CURVE ( 'NONE', #136, #1012, #460, .T. ) ;
#84 = ORIENTED_EDGE ( 'NONE', *, *, #3636, .T. ) ;
#85 = DIRECTION ( 'NONE',  ( -0.000000000000000000, -0.000000000000000000, -1.000000000000000000 ) ) ;
#86 = ORIENTED_EDGE ( 'NONE', *, *, #4612, .T. ) ;
#87 = ORIENTED_EDGE ( 'NONE', *, *, #2962, .F. ) ;
#88 = CIRCLE ( 'NONE', #3678, 1.600000000000000755 ) ;
#89 = DIRECTION ( 'NONE',  ( -0.000000000000000000, -0.000000000000000000, -1.000000000000000000 ) ) ;
#90 = DIRECTION ( 'NONE',  ( 0.7071067811865462405, 8.659560562354915602E-17, -0.7071067811865489050 ) ) ;
#91 = AXIS2_PLACEMENT_3D ( 'NONE', #1494, #706, #295 ) ;
#92 = CARTESIAN_POINT ( 'NONE',  ( 21.50000000000000000, -8.500000000000000000, 0.000000000000000000 ) ) ;
#93 = EDGE_CURVE ( 'NONE', #4390, #4789, #1377, .T. ) ;
#94 = ORIENTED_EDGE ( 'NONE', *, *, #1300, .F. ) ;
#95 = LINE ( 'NONE', #3626, #1452 ) ;
#96 = AXIS2_PLACEMENT_3D ( 'NONE', #960, #2555, #2191 ) ;
#97 = DIRECTION ( 'NONE',  ( 0.000000000000000000, 0.000000000000000000, 1.000000000000000000 ) ) ;
#98 = AXIS2_PLACEMENT_3D ( 'NONE', #624, #3005, #2571 ) ;
#99 = DIRECTION ( 'NONE',  ( -0.000000000000000000, -0.000000000000000000, -1.000000000000000000 ) ) ;
#100 = ORIENTED_EDGE ( 'NONE', *, *, #2463, .T. ) ;
#101 = EDGE_CURVE ( 'NONE', #386, #330, #3630, .T. ) ;
#102 = DIRECTION ( 'NONE',  ( -1.000000000000000000, 0.000000000000000000, 0.000000000000000000 ) ) ;
#103 = CARTESIAN_POINT ( 'NONE',  ( -27.66829088000282511, 4.299999999999999822, 8.039198102782437516 ) ) ;
#104 = VERTEX_POINT ( 'NONE', #2939 ) ;
#105 = ORIENTED_EDGE ( 'NONE', *, *, #2488, .F. ) ;
#106 = CARTESIAN_POINT ( 'NONE',  ( -24.83140145212533412, -6.699999999999997513, 7.415599282705910511 ) ) ;
#107 = CYLINDRICAL_SURFACE ( 'NONE', #1531, 3.000216807192278345 ) ;
#108 = DIRECTION ( 'NONE',  ( 0.000000000000000000, -0.000000000000000000, 1.000000000000000000 ) ) ;
#109 = ORIENTED_EDGE ( 'NONE', *, *, #4523, .T. ) ;
#110 = LINE ( 'NONE', #134, #4060 ) ;
#111 = CARTESIAN_POINT ( 'NONE',  ( 0.000000000000000000, 0.000000000000000000, 5.000000000000000000 ) ) ;
#112 = ORIENTED_EDGE ( 'NONE', *, *, #4635, .F. ) ;
#113 = ORIENTED_EDGE ( 'NONE', *, *, #995, .T. ) ;
#114 = LINE ( 'NONE', #184, #4481 ) ;
#115 = CARTESIAN_POINT ( 'NONE',  ( 64.06246951218787444, 39.00000000000000711, 5.000000000000000000 ) ) ;
#116 = CARTESIAN_POINT ( 'NONE',  ( -25.93877972914330243, 11.99999999999999645, 5.000000000000000000 ) ) ;
#117 = EDGE_CURVE ( 'NONE', #1173, #938, #2102, .T. ) ;
#118 = ORIENTED_EDGE ( 'NONE', *, *, #3932, .F. ) ;
#119 = DIRECTION ( 'NONE',  ( 0.000000000000000000, 0.000000000000000000, -1.000000000000000000 ) ) ;
#120 = DIRECTION ( 'NONE',  ( -0.000000000000000000, -0.000000000000000000, 1.000000000000000000 ) ) ;
#121 = EDGE_LOOP ( 'NONE', ( #2748, #2864, #2986, #3978, #4110, #4019, #880 ) ) ;
#122 = ADVANCED_FACE ( 'NONE', ( #2912 ), #3709, .F. ) ;
#123 = CARTESIAN_POINT ( 'NONE',  ( 24.00000000000000000, 39.00000000000000711, 6.000000000000000000 ) ) ;
#124 = AXIS2_PLACEMENT_3D ( 'NONE', #4044, #3632, #1997 ) ;
#125 = ORIENTED_EDGE ( 'NONE', *, *, #3546, .T. ) ;
#126 = AXIS2_PLACEMENT_3D ( 'NONE', #3138, #2540, #815 ) ;
#127 = ORIENTED_EDGE ( 'NONE', *, *, #745, .F. ) ;
#128 = EDGE_CURVE ( 'NONE', #4130, #3439, #4429, .T. ) ;
#129 = CARTESIAN_POINT ( 'NONE',  ( 66.59999999999999432, -45.00000000000000000, 1.500000000000018652 ) ) ;
#130 = VECTOR ( 'NONE', #2469, 1000.000000000000000 ) ;
#131 = LINE ( 'NONE', #4046, #1209 ) ;
#132 = CARTESIAN_POINT ( 'NONE',  ( 29.80000000000000426, -69.50000000000000000, 0.000000000000000000 ) ) ;
#133 = ORIENTED_EDGE ( 'NONE', *, *, #1860, .T. ) ;
#134 = CARTESIAN_POINT ( 'NONE',  ( -29.41141100645621975, -40.00000000000000000, 5.000000000000000000 ) ) ;
#135 = LINE ( 'NONE', #4053, #2743 ) ;
#136 = VERTEX_POINT ( 'NONE', #4453 ) ;
#137 = EDGE_CURVE ( 'NONE', #3922, #1515, #4641, .T. ) ;
#138 = ORIENTED_EDGE ( 'NONE', *, *, #1191, .F. ) ;
#139 = DIRECTION ( 'NONE',  ( -0.000000000000000000, -0.000000000000000000, 1.000000000000000000 ) ) ;
#140 = CARTESIAN_POINT ( 'NONE',  ( -26.00000000000000000, -1.700000000000003064, 9.439414909974706447 ) ) ;
#141 = EDGE_CURVE ( 'NONE', #4879, #4390, #3084, .T. ) ;
#142 = VECTOR ( 'NONE', #154, 1000.000000000000000 ) ;
#143 = CARTESIAN_POINT ( 'NONE',  ( 66.59999999999999432, -45.00000000000000000, 5.000000000000000000 ) ) ;
#144 = EDGE_CURVE ( 'NONE', #3744, #402, #4224, .T. ) ;
#145 = CIRCLE ( 'NONE', #4236, 1.600000000000004086 ) ;
#146 = CIRCLE ( 'NONE', #5045, 13.00000000000003197 ) ;
#147 = EDGE_CURVE ( 'NONE', #148, #3665, #3791, .T. ) ;
#148 = VERTEX_POINT ( 'NONE', #4172 ) ;
#149 = CIRCLE ( 'NONE', #3007, 17.79999999999999716 ) ;
#150 = CARTESIAN_POINT ( 'NONE',  ( 3.031150718847852149E-14, -29.48635277547910860, 0.000000000000000000 ) ) ;
#151 = DIRECTION ( 'NONE',  ( -1.031172697806177805E-16, -1.000000000000000000, -0.000000000000000000 ) ) ;
#152 = ORIENTED_EDGE ( 'NONE', *, *, #4815, .F. ) ;
#153 = CARTESIAN_POINT ( 'NONE',  ( -9.000000000000000000, 64.00000000000000000, 17.00000000000000000 ) ) ;
#154 = DIRECTION ( 'NONE',  ( 1.000000000000000000, 0.000000000000000000, 0.000000000000000000 ) ) ;
#155 = ORIENTED_EDGE ( 'NONE', *, *, #1031, .T. ) ;
#156 = FACE_OUTER_BOUND ( 'NONE', #1005, .T. ) ;
#157 = DIRECTION ( 'NONE',  ( -1.000000000000000000, -0.000000000000000000, -0.000000000000000000 ) ) ;
#158 = FACE_BOUND ( 'NONE', #3336, .T. ) ;
#159 = ORIENTED_EDGE ( 'NONE', *, *, #137, .F. ) ;
#160 = DIRECTION ( 'NONE',  ( 1.000000000000000000, 0.000000000000000000, 0.000000000000000000 ) ) ;
#161 = DIRECTION ( 'NONE',  ( 0.000000000000000000, 1.000000000000000000, 0.000000000000000000 ) ) ;
#162 = EDGE_LOOP ( 'NONE', ( #2310, #2121, #4121, #685 ) ) ;
#163 = CARTESIAN_POINT ( 'NONE',  ( 15.00000000000000000, 1.699999999999999956, -57.50000000000000000 ) ) ;
#164 = FACE_OUTER_BOUND ( 'NONE', #3032, .T. ) ;
#165 = ORIENTED_EDGE ( 'NONE', *, *, #1989, .T. ) ;
#166 = AXIS2_PLACEMENT_3D ( 'NONE', #4650, #1137, #3132 ) ;
#167 = EDGE_LOOP ( 'NONE', ( #3015, #3123, #2662, #1465, #808, #3104, #918, #470, #782, #1084, #886, #291 ) ) ;
#168 = DIRECTION ( 'NONE',  ( 1.000000000000000000, 9.745637505487682477E-16, 3.508429501975565455E-15 ) ) ;
#169 = CARTESIAN_POINT ( 'NONE',  ( -32.41141100645621975, -37.00000000000000000, 5.000000000000000000 ) ) ;
#170 = ORIENTED_EDGE ( 'NONE', *, *, #4103, .F. ) ;
#171 = VECTOR ( 'NONE', #30, 1000.000000000000000 ) ;
#172 = AXIS2_PLACEMENT_3D ( 'NONE', #2951, #2474, #2882 ) ;
#173 = DIRECTION ( 'NONE',  ( -0.000000000000000000, -0.000000000000000000, 1.000000000000000000 ) ) ;
#174 = CARTESIAN_POINT ( 'NONE',  ( -29.39780203086234778, 11.99999999999999645, 5.000000000000000000 ) ) ;
#175 = ORIENTED_EDGE ( 'NONE', *, *, #2820, .T. ) ;
#176 = CIRCLE ( 'NONE', #3043, 2.999999999999999112 ) ;
#177 = CARTESIAN_POINT ( 'NONE',  ( 19.94041122946007505, -28.42569260369927520, 5.000000000000000000 ) ) ;
#178 = DIRECTION ( 'NONE',  ( -0.000000000000000000, -0.000000000000000000, -1.000000000000000000 ) ) ;
#179 = CARTESIAN_POINT ( 'NONE',  ( 73.39999999999993463, 19.99999999999998579, 3.499999999999977796 ) ) ;
#180 = EDGE_LOOP ( 'NONE', ( #312, #431, #3595, #1413, #1898, #2158 ) ) ;
#181 = DIRECTION ( 'NONE',  ( -1.000000000000000000, 0.000000000000000000, 0.000000000000000000 ) ) ;
#182 = DIRECTION ( 'NONE',  ( 0.4606500287015032891, -0.8875818559757201465, 0.000000000000000000 ) ) ;
#183 = ORIENTED_EDGE ( 'NONE', *, *, #2487, .F. ) ;
#184 = CARTESIAN_POINT ( 'NONE',  ( 21.50000000000000000, -5.500000000000000000, 0.000000000000000000 ) ) ;
#185 = CARTESIAN_POINT ( 'NONE',  ( 69.73799092751333717, 3.999999999999991562, 0.000000000000000000 ) ) ;
#186 = DIRECTION ( 'NONE',  ( -1.000000000000000000, 0.000000000000000000, 0.000000000000000000 ) ) ;
#187 = ORIENTED_EDGE ( 'NONE', *, *, #1876, .F. ) ;
#188 = EDGE_CURVE ( 'NONE', #1669, #2385, #3869, .T. ) ;
#189 = ORIENTED_EDGE ( 'NONE', *, *, #2657, .F. ) ;
#190 = CARTESIAN_POINT ( 'NONE',  ( -24.00000000000000000, -1.700000000000002620, 5.000000000000000000 ) ) ;
#191 = CARTESIAN_POINT ( 'NONE',  ( -9.000000000000000000, 11.99999999999998934, 17.00000000000000000 ) ) ;
#192 = CARTESIAN_POINT ( 'NONE',  ( -14.60000000000003340, -78.00000000000001421, 3.499999999999994671 ) ) ;
#193 = ORIENTED_EDGE ( 'NONE', *, *, #741, .T. ) ;
#194 = EDGE_CURVE ( 'NONE', #938, #1173, #4321, .T. ) ;
#195 = FACE_OUTER_BOUND ( 'NONE', #1449, .T. ) ;
#196 = DIRECTION ( 'NONE',  ( -1.000000000000000000, 0.000000000000000000, 0.000000000000000000 ) ) ;
#197 = EDGE_CURVE ( 'NONE', #281, #4440, #216, .T. ) ;
#198 = ORIENTED_EDGE ( 'NONE', *, *, #1637, .T. ) ;
#199 = CARTESIAN_POINT ( 'NONE',  ( -24.38875556251408483, -40.00000000000000000, 5.000000000000000000 ) ) ;
#200 = EDGE_CURVE ( 'NONE', #5055, #275, #5038, .T. ) ;
#201 = AXIS2_PLACEMENT_3D ( 'NONE', #2051, #3611, #850 ) ;
#202 = DIRECTION ( 'NONE',  ( 0.000000000000000000, 0.000000000000000000, -1.000000000000000000 ) ) ;
#203 = DIRECTION ( 'NONE',  ( 1.000000000000000000, 0.000000000000000000, 0.000000000000000000 ) ) ;
#204 = ORIENTED_EDGE ( 'NONE', *, *, #1422, .F. ) ;
#205 = CIRCLE ( 'NONE', #1516, 17.79999999999999716 ) ;
#206 = AXIS2_PLACEMENT_3D ( 'NONE', #2043, #3600, #1656 ) ;
#207 = CARTESIAN_POINT ( 'NONE',  ( -24.38875556251408483, -40.00000000000000000, 5.000000000000000000 ) ) ;
#208 = ORIENTED_EDGE ( 'NONE', *, *, #3506, .T. ) ;
#209 = CARTESIAN_POINT ( 'NONE',  ( 59.64747327684327871, -45.46652498060907988, 11.95784028381091701 ) ) ;
#210 = DIRECTION ( 'NONE',  ( 0.000000000000000000, 0.000000000000000000, 1.000000000000000000 ) ) ;
#211 = AXIS2_PLACEMENT_3D ( 'NONE', #2921, #4489, #1384 ) ;
#212 = DIRECTION ( 'NONE',  ( 1.000000000000000000, 0.000000000000000000, 0.000000000000000000 ) ) ;
#213 = EDGE_LOOP ( 'NONE', ( #1416, #1660, #1776, #1705 ) ) ;
#214 = VERTEX_POINT ( 'NONE', #3098 ) ;
#215 = ORIENTED_EDGE ( 'NONE', *, *, #2117, .F. ) ;
#216 = CIRCLE ( 'NONE', #4471, 3.100000000000019185 ) ;
#217 = DIRECTION ( 'NONE',  ( 0.7071067811865479058, 0.7071067811865471286, -0.000000000000000000 ) ) ;
#218 = DIRECTION ( 'NONE',  ( -0.000000000000000000, -1.000000000000000000, -0.000000000000000000 ) ) ;
#219 = DIRECTION ( 'NONE',  ( -0.000000000000000000, 0.000000000000000000, 1.000000000000000000 ) ) ;
#220 = CIRCLE ( 'NONE', #1854, 1.600000000000004086 ) ;
#221 = LINE ( 'NONE', #1397, #3481 ) ;
#222 = VECTOR ( 'NONE', #4946, 1000.000000000000000 ) ;
#223 = ORIENTED_EDGE ( 'NONE', *, *, #144, .T. ) ;
#224 = DIRECTION ( 'NONE',  ( 1.000000000000000000, -0.000000000000000000, -0.000000000000000000 ) ) ;
#225 = DIRECTION ( 'NONE',  ( -0.000000000000000000, -0.000000000000000000, -1.000000000000000000 ) ) ;
#226 = AXIS2_PLACEMENT_3D ( 'NONE', #1035, #3340, #1419 ) ;
#227 = ORIENTED_EDGE ( 'NONE', *, *, #3004, .F. ) ;
#228 = ADVANCED_FACE ( 'NONE', ( #687 ), #251, .F. ) ;
#229 = DIRECTION ( 'NONE',  ( -0.7071067811865479058, 0.7071067811865471286, 0.000000000000000000 ) ) ;
#230 = EDGE_CURVE ( 'NONE', #3056, #2317, #303, .T. ) ;
#231 = VECTOR ( 'NONE', #5024, 1000.000000000000000 ) ;
#232 = CARTESIAN_POINT ( 'NONE',  ( 63.44288770224761009, -40.00000000000000711, 6.000000000000000000 ) ) ;
#233 = CARTESIAN_POINT ( 'NONE',  ( 0.000000000000000000, 0.000000000000000000, 5.000000000000000000 ) ) ;
#234 = ORIENTED_EDGE ( 'NONE', *, *, #4990, .T. ) ;
#235 = DIRECTION ( 'NONE',  ( 1.000000000000000000, 0.000000000000000000, 0.000000000000000000 ) ) ;
#236 = EDGE_CURVE ( 'NONE', #214, #1699, #1530, .T. ) ;
#237 = EDGE_CURVE ( 'NONE', #357, #4343, #3427, .T. ) ;
#238 = DIRECTION ( 'NONE',  ( -1.000000000000000000, -0.000000000000000000, -0.000000000000000000 ) ) ;
#239 = CARTESIAN_POINT ( 'NONE',  ( 59.08389067365519765, 46.19671870678264014, 10.24196700005041905 ) ) ;
#240 = CARTESIAN_POINT ( 'NONE',  ( 60.00000000000001421, 55.00000000000000711, 15.00000000000000000 ) ) ;
#241 = ORIENTED_EDGE ( 'NONE', *, *, #818, .F. ) ;
#242 = ORIENTED_EDGE ( 'NONE', *, *, #3023, .T. ) ;
#243 = DIRECTION ( 'NONE',  ( 0.7071067811865479058, -0.7071067811865472397, 0.000000000000000000 ) ) ;
#244 = CARTESIAN_POINT ( 'NONE',  ( -1.000000000000080602, 69.00000000000000000, 0.000000000000000000 ) ) ;
#245 = CARTESIAN_POINT ( 'NONE',  ( 12.05939254447404707, -81.99986432720210416, 5.000000000000000000 ) ) ;
#246 = EDGE_CURVE ( 'NONE', #4361, #993, #1813, .T. ) ;
#247 = CYLINDRICAL_SURFACE ( 'NONE', #3072, 1.600000000000004086 ) ;
#248 = VERTEX_POINT ( 'NONE', #1474 ) ;
#249 = AXIS2_PLACEMENT_3D ( 'NONE', #585, #2559, #2278 ) ;
#250 = CARTESIAN_POINT ( 'NONE',  ( 11.99999999999997513, -69.00000000000000000, 5.000000000000000000 ) ) ;
#251 = PLANE ( 'NONE',  #4230 ) ;
#252 = VERTEX_POINT ( 'NONE', #4941 ) ;
#253 = DIRECTION ( 'NONE',  ( -0.000000000000000000, 0.000000000000000000, 1.000000000000000000 ) ) ;
#254 = VECTOR ( 'NONE', #3421, 1000.000000000000000 ) ;
#255 = DIRECTION ( 'NONE',  ( -1.000000000000000000, 0.000000000000000000, 0.000000000000000000 ) ) ;
#256 = LINE ( 'NONE', #1535, #4234 ) ;
#257 = CIRCLE ( 'NONE', #2955, 13.00000000000003020 ) ;
#258 = ORIENTED_EDGE ( 'NONE', *, *, #4959, .T. ) ;
#259 = LINE ( 'NONE', #1845, #3561 ) ;
#260 = CARTESIAN_POINT ( 'NONE',  ( 59.93172056082863008, -45.09143832287011122, 13.44787132205850710 ) ) ;
#261 = CARTESIAN_POINT ( 'NONE',  ( 59.86177843965471368, 45.18384482760806264, 13.05342183916665277 ) ) ;
#262 = DIRECTION ( 'NONE',  ( -1.000000000000000000, 0.000000000000000000, 0.000000000000000000 ) ) ;
#263 = ORIENTED_EDGE ( 'NONE', *, *, #1910, .F. ) ;
#264 = ORIENTED_EDGE ( 'NONE', *, *, #3369, .T. ) ;
#265 = VERTEX_POINT ( 'NONE', #1092 ) ;
#266 = DIRECTION ( 'NONE',  ( -1.000000000000000000, 2.891205793294679312E-16, 0.000000000000000000 ) ) ;
#267 = LINE ( 'NONE', #3392, #2058 ) ;
#268 = ADVANCED_FACE ( 'NONE', ( #3045 ), #329, .F. ) ;
#269 = DIRECTION ( 'NONE',  ( -1.684197549492045345E-16, 1.000000000000000000, -0.000000000000000000 ) ) ;
#270 = DIRECTION ( 'NONE',  ( -0.000000000000000000, -0.000000000000000000, -1.000000000000000000 ) ) ;
#271 = EDGE_LOOP ( 'NONE', ( #3960, #1235, #3416, #4853 ) ) ;
#272 = ADVANCED_FACE ( 'NONE', ( #2658 ), #2279, .F. ) ;
#273 = CARTESIAN_POINT ( 'NONE',  ( -31.00000000000000000, 11.99999999999999645, 5.000000000000000000 ) ) ;
#274 = DIRECTION ( 'NONE',  ( -0.000000000000000000, -0.000000000000000000, 1.000000000000000000 ) ) ;
#275 = VERTEX_POINT ( 'NONE', #3453 ) ;
#276 = EDGE_CURVE ( 'NONE', #4096, #382, #5016, .T. ) ;
#277 = FACE_OUTER_BOUND ( 'NONE', #167, .T. ) ;
#278 = EDGE_CURVE ( 'NONE', #1988, #1837, #3400, .T. ) ;
#279 = CARTESIAN_POINT ( 'NONE',  ( -6.600000000000022737, -72.50000000000000000, 1.500000000000001332 ) ) ;
#280 = DIRECTION ( 'NONE',  ( 0.2997639500929226708, 0.9540134035875427188, 0.000000000000000000 ) ) ;
#281 = VERTEX_POINT ( 'NONE', #2687 ) ;
#282 = LINE ( 'NONE', #207, #292 ) ;
#283 = AXIS2_PLACEMENT_3D ( 'NONE', #843, #3191, #4014 ) ;
#284 = LINE ( 'NONE', #2644, #961 ) ;
#285 = CARTESIAN_POINT ( 'NONE',  ( 56.24878310477019738, 49.61442938646642631, 6.551947902568744375 ) ) ;
#286 = CYLINDRICAL_SURFACE ( 'NONE', #1727, 10.00000000000000178 ) ;
#287 = ORIENTED_EDGE ( 'NONE', *, *, #349, .F. ) ;
#288 = VECTOR ( 'NONE', #3651, 1000.000000000000000 ) ;
#289 = EDGE_CURVE ( 'NONE', #3682, #582, #4256, .T. ) ;
#290 = VERTEX_POINT ( 'NONE', #3119 ) ;
#291 = ORIENTED_EDGE ( 'NONE', *, *, #3826, .T. ) ;
#292 = VECTOR ( 'NONE', #1767, 1000.000000000000000 ) ;
#293 = DIRECTION ( 'NONE',  ( 0.000000000000000000, -0.000000000000000000, 1.000000000000000000 ) ) ;
#294 = EDGE_CURVE ( 'NONE', #2034, #1354, #2731, .T. ) ;
#295 = DIRECTION ( 'NONE',  ( 1.000000000000000000, 0.000000000000000000, 0.000000000000000000 ) ) ;
#296 = CARTESIAN_POINT ( 'NONE',  ( 8.000000000000000000, 3.999999999999991562, 3.000000000000000000 ) ) ;
#297 = CIRCLE ( 'NONE', #49, 1.600000000000019851 ) ;
#298 = EDGE_CURVE ( 'NONE', #4150, #2786, #3507, .T. ) ;
#299 = DIRECTION ( 'NONE',  ( 1.000000000000000000, 0.000000000000000000, 0.000000000000000000 ) ) ;
#300 = ORIENTED_EDGE ( 'NONE', *, *, #2111, .F. ) ;
#301 = DIRECTION ( 'NONE',  ( 0.000000000000000000, 0.000000000000000000, 1.000000000000000000 ) ) ;
#302 = CIRCLE ( 'NONE', #4646, 1.600000000000004086 ) ;
#303 = LINE ( 'NONE', #1866, #2263 ) ;
#304 = ORIENTED_EDGE ( 'NONE', *, *, #986, .F. ) ;
#305 = CIRCLE ( 'NONE', #2354, 1.600000000000004086 ) ;
#306 = DIRECTION ( 'NONE',  ( -1.000000000000000000, 0.000000000000000000, 0.000000000000000000 ) ) ;
#307 = ORIENTED_EDGE ( 'NONE', *, *, #652, .T. ) ;
#308 = AXIS2_PLACEMENT_3D ( 'NONE', #3603, #2018, #3194 ) ;
#309 = DIRECTION ( 'NONE',  ( -1.000000000000000000, 0.000000000000000000, 0.000000000000000000 ) ) ;
#310 = CARTESIAN_POINT ( 'NONE',  ( -31.00000000000000000, 11.99999999999999645, -57.50000000000000000 ) ) ;
#311 = VECTOR ( 'NONE', #4246, 1000.000000000000000 ) ;
#312 = ORIENTED_EDGE ( 'NONE', *, *, #1372, .T. ) ;
#313 = CARTESIAN_POINT ( 'NONE',  ( 25.00000000000000711, -69.00000000000000000, 5.000000000000000000 ) ) ;
#314 = DIRECTION ( 'NONE',  ( 1.000000000000000000, 0.000000000000000000, 0.000000000000000000 ) ) ;
#315 = VECTOR ( 'NONE', #391, 1000.000000000000000 ) ;
#316 = DIRECTION ( 'NONE',  ( 0.000000000000000000, 0.000000000000000000, 1.000000000000000000 ) ) ;
#317 = DIRECTION ( 'NONE',  ( 1.000000000000000000, 2.113684723242344441E-16, 0.000000000000000000 ) ) ;
#318 = FACE_OUTER_BOUND ( 'NONE', #593, .T. ) ;
#319 = VERTEX_POINT ( 'NONE', #1176 ) ;
#320 = EDGE_LOOP ( 'NONE', ( #3440, #175, #1327, #363, #4324, #1709 ) ) ;
#321 = VERTEX_POINT ( 'NONE', #3892 ) ;
#322 = CARTESIAN_POINT ( 'NONE',  ( -9.000000000000000000, -64.00000000000000000, 17.00000000000000000 ) ) ;
#323 = FACE_OUTER_BOUND ( 'NONE', #4874, .T. ) ;
#324 = LINE ( 'NONE', #1232, #1731 ) ;
#325 = CARTESIAN_POINT ( 'NONE',  ( 11.99999999999997513, -69.00000000000000000, 0.000000000000000000 ) ) ;
#326 = LINE ( 'NONE', #3014, #3726 ) ;
#327 = ORIENTED_EDGE ( 'NONE', *, *, #5007, .F. ) ;
#328 = CYLINDRICAL_SURFACE ( 'NONE', #3113, 2.250000000000001332 ) ;
#329 = CYLINDRICAL_SURFACE ( 'NONE', #4808, 2.250000000000001332 ) ;
#330 = VERTEX_POINT ( 'NONE', #379 ) ;
#331 = LINE ( 'NONE', #3069, #4217 ) ;
#332 = ORIENTED_EDGE ( 'NONE', *, *, #74, .T. ) ;
#333 = CIRCLE ( 'NONE', #981, 1.600000000000019851 ) ;
#334 = DIRECTION ( 'NONE',  ( 1.000000000000000000, 0.000000000000000000, 0.000000000000000000 ) ) ;
#335 = CARTESIAN_POINT ( 'NONE',  ( 63.70397608264481448, 39.58302765627852438, 5.177227939069534379 ) ) ;
#336 = ORIENTED_EDGE ( 'NONE', *, *, #821, .F. ) ;
#337 = VECTOR ( 'NONE', #4286, 1000.000000000000000 ) ;
#338 = VECTOR ( 'NONE', #2977, 1000.000000000000000 ) ;
#339 = CARTESIAN_POINT ( 'NONE',  ( 63.44288770224761009, 40.00000000000000711, 15.00000000000000000 ) ) ;
#340 = DIRECTION ( 'NONE',  ( -0.000000000000000000, -0.000000000000000000, -1.000000000000000000 ) ) ;
#341 = AXIS2_PLACEMENT_3D ( 'NONE', #4903, #4807, #3643 ) ;
#342 = CARTESIAN_POINT ( 'NONE',  ( 11.95235023888958992, -55.99964662808675087, 4.871365268781193691 ) ) ;
#343 = ORIENTED_EDGE ( 'NONE', *, *, #4554, .T. ) ;
#344 = ORIENTED_EDGE ( 'NONE', *, *, #2732, .T. ) ;
#345 = ORIENTED_EDGE ( 'NONE', *, *, #4112, .T. ) ;
#346 = CARTESIAN_POINT ( 'NONE',  ( 3.879751057680255411, -19.48635277547910150, -5.000000000000000000 ) ) ;
#347 = CARTESIAN_POINT ( 'NONE',  ( -8.153200337090993344E-14, 64.00000000000000000, 5.000000000000000000 ) ) ;
#348 = CARTESIAN_POINT ( 'NONE',  ( -24.00000000000000000, -1.699999999999999956, 5.000000000000000000 ) ) ;
#349 = EDGE_CURVE ( 'NONE', #1061, #3654, #2078, .T. ) ;
#350 = CARTESIAN_POINT ( 'NONE',  ( -5.000000000000009770, -72.50000000000000000, -5.000000000000000000 ) ) ;
#351 = ORIENTED_EDGE ( 'NONE', *, *, #1446, .F. ) ;
#352 = CARTESIAN_POINT ( 'NONE',  ( -5.199109507237718475, -75.25355559116543702, 0.3409115170975139941 ) ) ;
#353 = DIRECTION ( 'NONE',  ( -0.000000000000000000, 0.000000000000000000, 1.000000000000000000 ) ) ;
#354 = EDGE_CURVE ( 'NONE', #3881, #775, #302, .T. ) ;
#355 = CARTESIAN_POINT ( 'NONE',  ( -5.485118298388011127, 75.27672911831338354, 0.2826079645192694501 ) ) ;
#356 = EDGE_CURVE ( 'NONE', #2146, #402, #220, .T. ) ;
#357 = VERTEX_POINT ( 'NONE', #615 ) ;
#358 = PLANE ( 'NONE',  #4316 ) ;
#359 = EDGE_CURVE ( 'NONE', #1607, #4495, #4081, .T. ) ;
#360 = FACE_OUTER_BOUND ( 'NONE', #4818, .T. ) ;
#361 = ADVANCED_FACE ( 'NONE', ( #3299 ), #3686, .F. ) ;
#362 = CARTESIAN_POINT ( 'NONE',  ( -5.551115123125782702E-14, -64.00000000000000000, 1.642916943637998894 ) ) ;
#363 = ORIENTED_EDGE ( 'NONE', *, *, #1031, .F. ) ;
#364 = LINE ( 'NONE', #828, #4142 ) ;
#365 = EDGE_CURVE ( 'NONE', #5017, #3192, #3740, .T. ) ;
#366 = CARTESIAN_POINT ( 'NONE',  ( 26.50000000000000000, 5.500000000000000000, 5.000000000000000000 ) ) ;
#367 = ORIENTED_EDGE ( 'NONE', *, *, #359, .F. ) ;
#368 = ORIENTED_EDGE ( 'NONE', *, *, #446, .T. ) ;
#369 = ORIENTED_EDGE ( 'NONE', *, *, #2954, .F. ) ;
#370 = LINE ( 'NONE', #1934, #3831 ) ;
#371 = CARTESIAN_POINT ( 'NONE',  ( -13.00000000000001243, -78.00000000000001421, 5.000000000000000000 ) ) ;
#372 = VECTOR ( 'NONE', #3582, 1000.000000000000000 ) ;
#373 = LINE ( 'NONE', #1964, #3607 ) ;
#374 = CARTESIAN_POINT ( 'NONE',  ( -26.83114101601096735, -40.04908412553269415, 4.345843596030026568 ) ) ;
#375 = ORIENTED_EDGE ( 'NONE', *, *, #1902, .F. ) ;
#376 = CARTESIAN_POINT ( 'NONE',  ( 69.73799092751333717, 3.999999999999991562, 3.000000000000000000 ) ) ;
#377 = CARTESIAN_POINT ( 'NONE',  ( -5.940142870226345906, -75.35176003978210701, 0.1004612004919997470 ) ) ;
#378 = AXIS2_PLACEMENT_3D ( 'NONE', #78, #4770, #1254 ) ;
#379 = CARTESIAN_POINT ( 'NONE',  ( 3.879751057680255411, -29.48635277547910505, 0.000000000000000000 ) ) ;
#380 = CARTESIAN_POINT ( 'NONE',  ( -6.105321644364239297, 75.39625000000000909, 0.000000000000000000 ) ) ;
#381 = DIRECTION ( 'NONE',  ( -8.270871484903184443E-17, 1.000000000000000000, 0.000000000000000000 ) ) ;
#382 = VERTEX_POINT ( 'NONE', #3634 ) ;
#383 = DIRECTION ( 'NONE',  ( 1.000000000000000000, 0.000000000000000000, -0.000000000000000000 ) ) ;
#384 = LINE ( 'NONE', #3512, #1158 ) ;
#385 = AXIS2_PLACEMENT_3D ( 'NONE', #3073, #3848, #1130 ) ;
#386 = VERTEX_POINT ( 'NONE', #1382 ) ;
#387 = ORIENTED_EDGE ( 'NONE', *, *, #670, .T. ) ;
#388 = CARTESIAN_POINT ( 'NONE',  ( 4.146862743635832516, 58.64006586735675342, 5.000000000000000000 ) ) ;
#389 = EDGE_CURVE ( 'NONE', #978, #2635, #3984, .T. ) ;
#390 = VECTOR ( 'NONE', #4041, 1000.000000000000000 ) ;
#391 = DIRECTION ( 'NONE',  ( -0.000000000000000000, -0.000000000000000000, -1.000000000000000000 ) ) ;
#392 = VERTEX_POINT ( 'NONE', #922 ) ;
#393 = CIRCLE ( 'NONE', #4816, 1.600000000000012967 ) ;
#394 = EDGE_CURVE ( 'NONE', #1339, #36, #1716, .T. ) ;
#395 = ORIENTED_EDGE ( 'NONE', *, *, #2096, .F. ) ;
#396 = EDGE_CURVE ( 'NONE', #4922, #732, #997, .T. ) ;
#397 = VERTEX_POINT ( 'NONE', #179 ) ;
#398 = DIRECTION ( 'NONE',  ( 0.000000000000000000, 0.000000000000000000, -1.000000000000000000 ) ) ;
#399 = DIRECTION ( 'NONE',  ( -0.000000000000000000, -0.000000000000000000, -1.000000000000000000 ) ) ;
#400 = FACE_OUTER_BOUND ( 'NONE', #4986, .T. ) ;
#401 = CARTESIAN_POINT ( 'NONE',  ( 17.37975105768025230, -29.48635277547909084, 5.000000000000000000 ) ) ;
#402 = VERTEX_POINT ( 'NONE', #132 ) ;
#403 = PLANE ( 'NONE',  #3155 ) ;
#404 = CARTESIAN_POINT ( 'NONE',  ( 10.32988139361452262, 1.699999999999993072, 4.189198102782433430 ) ) ;
#405 = ADVANCED_FACE ( 'NONE', ( #3353, #1353, #3714, #1693, #2105, #4487, #1765, #3252, #158, #970, #2535, #4047, #4105, #2490, #2565, #4895 ), #2175, .T. ) ;
#406 = DIRECTION ( 'NONE',  ( 0.000000000000000000, 0.000000000000000000, 1.000000000000000000 ) ) ;
#407 = ORIENTED_EDGE ( 'NONE', *, *, #1947, .F. ) ;
#408 = CARTESIAN_POINT ( 'NONE',  ( -31.00000000000000000, 11.99999999999999645, -57.50000000000000000 ) ) ;
#409 = FACE_OUTER_BOUND ( 'NONE', #23, .T. ) ;
#410 = ORIENTED_EDGE ( 'NONE', *, *, #446, .F. ) ;
#411 = EDGE_LOOP ( 'NONE', ( #4971, #2491, #771, #3205 ) ) ;
#412 = FACE_OUTER_BOUND ( 'NONE', #3877, .T. ) ;
#413 = AXIS2_PLACEMENT_3D ( 'NONE', #2240, #1857, #4118 ) ;
#414 = CARTESIAN_POINT ( 'NONE',  ( 63.44288770224762430, -40.00000000000001421, 5.855345536299211062 ) ) ;
#415 = CONICAL_SURFACE ( 'NONE', #3034, 3.100000000000019185, 0.7853981633974465026 ) ;
#416 = VERTEX_POINT ( 'NONE', #4852 ) ;
#417 = ORIENTED_EDGE ( 'NONE', *, *, #2431, .T. ) ;
#418 = EDGE_CURVE ( 'NONE', #4374, #36, #1331, .T. ) ;
#419 = VECTOR ( 'NONE', #3751, 1000.000000000000000 ) ;
#420 = ORIENTED_EDGE ( 'NONE', *, *, #4683, .F. ) ;
#421 = DIRECTION ( 'NONE',  ( -0.000000000000000000, -1.000000000000000000, 0.000000000000000000 ) ) ;
#422 = DIRECTION ( 'NONE',  ( -1.000000000000000000, -0.000000000000000000, -0.000000000000000000 ) ) ;
#423 = CARTESIAN_POINT ( 'NONE',  ( -21.41141100645622330, 79.67309130887670676, 5.000000000000000000 ) ) ;
#424 = AXIS2_PLACEMENT_3D ( 'NONE', #425, #3594, #814 ) ;
#425 = CARTESIAN_POINT ( 'NONE',  ( 26.50000000000000000, -5.500000000000000000, 5.000000000000000000 ) ) ;
#426 = ORIENTED_EDGE ( 'NONE', *, *, #739, .T. ) ;
#427 = EDGE_CURVE ( 'NONE', #4522, #416, #4127, .T. ) ;
#428 = LINE ( 'NONE', #2403, #2129 ) ;
#429 = EDGE_CURVE ( 'NONE', #463, #392, #3821, .T. ) ;
#430 = LINE ( 'NONE', #2093, #288 ) ;
#431 = ORIENTED_EDGE ( 'NONE', *, *, #2929, .T. ) ;
#432 = CARTESIAN_POINT ( 'NONE',  ( 63.44288770224761009, -40.00000000000000711, 6.000000000000000000 ) ) ;
#433 = CARTESIAN_POINT ( 'NONE',  ( -5.000000000000026645, 79.50000000000001421, 5.000000000000000000 ) ) ;
#434 = ORIENTED_EDGE ( 'NONE', *, *, #737, .T. ) ;
#435 = ADVANCED_FACE ( 'NONE', ( #1505 ), #3103, .F. ) ;
#436 = DIRECTION ( 'NONE',  ( 0.7071067811865470176, 0.000000000000000000, 0.7071067811865480168 ) ) ;
#437 = CARTESIAN_POINT ( 'NONE',  ( 74.99999999999994316, 19.99999999999998579, 3.499999999999977796 ) ) ;
#438 = LINE ( 'NONE', #347, #4022 ) ;
#439 = ORIENTED_EDGE ( 'NONE', *, *, #4018, .T. ) ;
#440 = ORIENTED_EDGE ( 'NONE', *, *, #3527, .T. ) ;
#441 = ORIENTED_EDGE ( 'NONE', *, *, #276, .T. ) ;
#442 = LINE ( 'NONE', #18, #1704 ) ;
#443 = FACE_OUTER_BOUND ( 'NONE', #2690, .T. ) ;
#444 = CARTESIAN_POINT ( 'NONE',  ( -26.00000000000000000, -12.00000000000000178, -57.50000000000000000 ) ) ;
#445 = EDGE_CURVE ( 'NONE', #1908, #2413, #4583, .T. ) ;
#446 = EDGE_CURVE ( 'NONE', #919, #4397, #4669, .T. ) ;
#447 = EDGE_LOOP ( 'NONE', ( #4698, #3616, #1278, #395 ) ) ;
#448 = CIRCLE ( 'NONE', #2983, 2.999999999999999112 ) ;
#449 = DIRECTION ( 'NONE',  ( -0.000000000000000000, -0.000000000000000000, -1.000000000000000000 ) ) ;
#450 = AXIS2_PLACEMENT_3D ( 'NONE', #710, #3865, #2273 ) ;
#451 = CARTESIAN_POINT ( 'NONE',  ( -32.41141100645621975, 37.00000000000000000, 5.000000000000000000 ) ) ;
#452 = EDGE_LOOP ( 'NONE', ( #809, #4694, #2393, #799 ) ) ;
#453 = EDGE_CURVE ( 'NONE', #3967, #1924, #5048, .T. ) ;
#454 = VECTOR ( 'NONE', #999, 1000.000000000000114 ) ;
#455 = DIRECTION ( 'NONE',  ( 1.000000000000000000, 1.387778780781446662E-15, -0.000000000000000000 ) ) ;
#456 = CARTESIAN_POINT ( 'NONE',  ( 1.118256109268197518, -61.79189191227991529, 2.326514154338113816 ) ) ;
#457 = VERTEX_POINT ( 'NONE', #3795 ) ;
#458 = ORIENTED_EDGE ( 'NONE', *, *, #3321, .F. ) ;
#459 = LINE ( 'NONE', #4746, #372 ) ;
#460 = CIRCLE ( 'NONE', #5042, 13.00000000000003020 ) ;
#461 = CARTESIAN_POINT ( 'NONE',  ( 28.19999999999999929, -69.50000000000000000, 3.499999999999980016 ) ) ;
#462 = LINE ( 'NONE', #3445, #2471 ) ;
#463 = VERTEX_POINT ( 'NONE', #691 ) ;
#464 = EDGE_CURVE ( 'NONE', #1750, #2186, #4260, .T. ) ;
#465 = CIRCLE ( 'NONE', #3323, 1.600000000000004086 ) ;
#466 = CARTESIAN_POINT ( 'NONE',  ( -5.000000000000011546, -79.50000000000001421, 5.000000000000000000 ) ) ;
#467 = VECTOR ( 'NONE', #2479, 999.9999999999998863 ) ;
#468 = VECTOR ( 'NONE', #80, 1000.000000000000000 ) ;
#469 = VERTEX_POINT ( 'NONE', #1481 ) ;
#470 = ORIENTED_EDGE ( 'NONE', *, *, #954, .T. ) ;
#471 = FACE_OUTER_BOUND ( 'NONE', #8, .T. ) ;
#472 = CARTESIAN_POINT ( 'NONE',  ( 69.73799092751333717, 3.999999999999991562, 3.000000000000000000 ) ) ;
#473 = AXIS2_PLACEMENT_3D ( 'NONE', #2084, #4419, #4756 ) ;
#474 = ADVANCED_FACE ( 'NONE', ( #2312 ), #2228, .F. ) ;
#475 = CARTESIAN_POINT ( 'NONE',  ( 11.99999999999997513, -69.00000000000000000, 5.000000000000000000 ) ) ;
#476 = ORIENTED_EDGE ( 'NONE', *, *, #4371, .T. ) ;
#477 = VECTOR ( 'NONE', #2418, 1000.000000000000000 ) ;
#478 = DIRECTION ( 'NONE',  ( -1.000000000000000000, 0.000000000000000000, 0.000000000000000000 ) ) ;
#479 = DIRECTION ( 'NONE',  ( 1.000000000000000000, 0.000000000000000000, 0.000000000000000000 ) ) ;
#480 = CARTESIAN_POINT ( 'NONE',  ( -29.41141100645622330, 39.99999999999999289, 5.000000000000000000 ) ) ;
#481 = VERTEX_POINT ( 'NONE', #5044 ) ;
#482 = CARTESIAN_POINT ( 'NONE',  ( 8.600370242754996397, -81.54761003194055036, 5.000000000000000000 ) ) ;
#483 = DIRECTION ( 'NONE',  ( -1.000000000000000000, 0.000000000000000000, 0.000000000000000000 ) ) ;
#484 = VERTEX_POINT ( 'NONE', #751 ) ;
#485 = ORIENTED_EDGE ( 'NONE', *, *, #1300, .T. ) ;
#486 = CARTESIAN_POINT ( 'NONE',  ( 10.32988139361452262, -19.48635277547909439, 6.439198102782434319 ) ) ;
#487 = EDGE_CURVE ( 'NONE', #2801, #700, #4559, .T. ) ;
#488 = CARTESIAN_POINT ( 'NONE',  ( 26.59999999999996589, 69.50000000000000000, 0.000000000000000000 ) ) ;
#489 = DIRECTION ( 'NONE',  ( -0.000000000000000000, -0.000000000000000000, -1.000000000000000000 ) ) ;
#490 = VERTEX_POINT ( 'NONE', #669 ) ;
#491 = CARTESIAN_POINT ( 'NONE',  ( 66.59999999999999432, 45.00000000000000000, 5.000000000000000000 ) ) ;
#492 = CARTESIAN_POINT ( 'NONE',  ( -31.00000000000000000, -1.700000000000003730, 5.000000000000000000 ) ) ;
#493 = VERTEX_POINT ( 'NONE', #4996 ) ;
#494 = ORIENTED_EDGE ( 'NONE', *, *, #3228, .F. ) ;
#495 = VECTOR ( 'NONE', #45, 1000.000000000000114 ) ;
#496 = DIRECTION ( 'NONE',  ( -0.000000000000000000, 0.000000000000000000, 1.000000000000000000 ) ) ;
#497 = DIRECTION ( 'NONE',  ( 0.000000000000000000, 1.000000000000000000, 0.000000000000000000 ) ) ;
#498 = VECTOR ( 'NONE', #2766, 1000.000000000000000 ) ;
#499 = CIRCLE ( 'NONE', #172, 3.100000000000017852 ) ;
#500 = ORIENTED_EDGE ( 'NONE', *, *, #3675, .F. ) ;
#501 = DIRECTION ( 'NONE',  ( -1.000000000000000000, 0.000000000000000000, 0.000000000000000000 ) ) ;
#502 = CIRCLE ( 'NONE', #2060, 2.249999999999998668 ) ;
#503 = EDGE_CURVE ( 'NONE', #397, #938, #3875, .T. ) ;
#504 = CARTESIAN_POINT ( 'NONE',  ( -11.40000000000000746, 78.00000000000001421, 3.499999999999994671 ) ) ;
#505 = VERTEX_POINT ( 'NONE', #2255 ) ;
#506 = DIRECTION ( 'NONE',  ( -1.000000000000000000, 0.000000000000000000, 0.000000000000000000 ) ) ;
#507 = EDGE_CURVE ( 'NONE', #700, #484, #1053, .T. ) ;
#508 = VERTEX_POINT ( 'NONE', #362 ) ;
#509 = ORIENTED_EDGE ( 'NONE', *, *, #52, .F. ) ;
#510 = EDGE_CURVE ( 'NONE', #61, #4954, #256, .T. ) ;
#511 = DIRECTION ( 'NONE',  ( 1.000000000000000000, 0.000000000000000000, 0.000000000000000000 ) ) ;
#512 = EDGE_CURVE ( 'NONE', #1111, #4010, #2017, .T. ) ;
#513 = EDGE_CURVE ( 'NONE', #2031, #2466, #465, .T. ) ;
#514 = CARTESIAN_POINT ( 'NONE',  ( -27.66829088000282511, -2.700000000000000178, 4.189198102782436983 ) ) ;
#515 = DIRECTION ( 'NONE',  ( 1.000000000000000000, 0.000000000000000000, 0.000000000000000000 ) ) ;
#516 = EDGE_LOOP ( 'NONE', ( #4939, #3541, #853, #105 ) ) ;
#517 = EDGE_CURVE ( 'NONE', #37, #2249, #1123, .T. ) ;
#518 = DIRECTION ( 'NONE',  ( -0.000000000000000000, -0.000000000000000000, -1.000000000000000000 ) ) ;
#519 = LINE ( 'NONE', #4830, #4139 ) ;
#520 = ORIENTED_EDGE ( 'NONE', *, *, #2492, .T. ) ;
#521 = VERTEX_POINT ( 'NONE', #2285 ) ;
#522 = CARTESIAN_POINT ( 'NONE',  ( -32.41141100645621975, -1.700000000000003508, 9.439414909974711776 ) ) ;
#523 = PLANE ( 'NONE',  #1396 ) ;
#524 = DIRECTION ( 'NONE',  ( -0.000000000000000000, -0.000000000000000000, 1.000000000000000000 ) ) ;
#525 = ORIENTED_EDGE ( 'NONE', *, *, #2250, .T. ) ;
#526 = FACE_OUTER_BOUND ( 'NONE', #2923, .T. ) ;
#527 = CARTESIAN_POINT ( 'NONE',  ( 14.23761543394930484, 19.48635277547909084, 5.000000000000000000 ) ) ;
#528 = DIRECTION ( 'NONE',  ( -0.000000000000000000, -0.000000000000000000, 1.000000000000000000 ) ) ;
#529 = EDGE_LOOP ( 'NONE', ( #3590, #4805, #4288, #1808 ) ) ;
#530 = FACE_OUTER_BOUND ( 'NONE', #4437, .T. ) ;
#531 = CIRCLE ( 'NONE', #3395, 17.79999999999999716 ) ;
#532 = APPLICATION_CONTEXT ( 'automotive_design' ) ;
#533 = DIRECTION ( 'NONE',  ( 0.000000000000000000, -1.000000000000000000, 0.000000000000000000 ) ) ;
#534 = ORIENTED_EDGE ( 'NONE', *, *, #3731, .T. ) ;
#535 = CARTESIAN_POINT ( 'NONE',  ( -22.16652849206005271, -82.57660089038958517, 5.000000000000000000 ) ) ;
#536 = VECTOR ( 'NONE', #3241, 1000.000000000000000 ) ;
#537 = DIRECTION ( 'NONE',  ( 0.000000000000000000, 0.000000000000000000, 1.000000000000000000 ) ) ;
#538 = DIRECTION ( 'NONE',  ( 1.000000000000000000, 0.000000000000000000, -0.000000000000000000 ) ) ;
#539 = ORIENTED_EDGE ( 'NONE', *, *, #2394, .F. ) ;
#540 = VECTOR ( 'NONE', #3301, 1000.000000000000000 ) ;
#541 = EDGE_CURVE ( 'NONE', #382, #3203, #4621, .T. ) ;
#542 = DIRECTION ( 'NONE',  ( -0.2769703097043765827, 0.000000000000000000, -0.9608784769898125466 ) ) ;
#543 = DIRECTION ( 'NONE',  ( -0.000000000000000000, -1.000000000000000000, -0.000000000000000000 ) ) ;
#544 = VERTEX_POINT ( 'NONE', #3216 ) ;
#545 = DIRECTION ( 'NONE',  ( 1.000000000000000000, 0.000000000000000000, 0.000000000000000000 ) ) ;
#546 = LINE ( 'NONE', #906, #1160 ) ;
#547 = CARTESIAN_POINT ( 'NONE',  ( -27.66829088000282511, -46.69999999999999574, 6.439198102782435207 ) ) ;
#548 = VECTOR ( 'NONE', #2857, 1000.000000000000000 ) ;
#549 = VECTOR ( 'NONE', #3378, 1000.000000000000000 ) ;
#550 = EDGE_CURVE ( 'NONE', #2483, #508, #3768, .T. ) ;
#551 = ORIENTED_EDGE ( 'NONE', *, *, #3493, .F. ) ;
#552 = AXIS2_PLACEMENT_3D ( 'NONE', #123, #455, #4336 ) ;
#553 = DIRECTION ( 'NONE',  ( 0.7071067811865475727, -0.7071067811865475727, 0.000000000000000000 ) ) ;
#554 = VECTOR ( 'NONE', #2575, 1000.000000000000000 ) ;
#555 = LINE ( 'NONE', #3759, #3896 ) ;
#556 = ORIENTED_EDGE ( 'NONE', *, *, #2616, .T. ) ;
#557 = CARTESIAN_POINT ( 'NONE',  ( 15.00000000000000000, 6.700000000000001066, 10.00000000000000000 ) ) ;
#558 = CARTESIAN_POINT ( 'NONE',  ( 29.48635277547846556, -18.87975105768089179, 5.000000000000000000 ) ) ;
#559 = ORIENTED_EDGE ( 'NONE', *, *, #4683, .T. ) ;
#560 = FACE_OUTER_BOUND ( 'NONE', #3479, .T. ) ;
#561 = CARTESIAN_POINT ( 'NONE',  ( 9.079359757606349390, -81.66835649881373627, 4.561694810626349295 ) ) ;
#562 = DIRECTION ( 'NONE',  ( -1.000000000000000000, 9.745637505487682477E-16, -4.794853652699939731E-14 ) ) ;
#563 = EDGE_LOOP ( 'NONE', ( #893, #1826, #3108, #2815, #4301, #3850 ) ) ;
#564 = EDGE_CURVE ( 'NONE', #2477, #4173, #3775, .T. ) ;
#565 = CARTESIAN_POINT ( 'NONE',  ( -31.00000000000000000, -1.700000000000003730, 0.000000000000000000 ) ) ;
#566 = CARTESIAN_POINT ( 'NONE',  ( -26.00000000000000000, -46.69999999999999574, 4.929461192026329819 ) ) ;
#567 = ORIENTED_EDGE ( 'NONE', *, *, #5052, .F. ) ;
#568 = DIRECTION ( 'NONE',  ( 0.000000000000000000, 0.000000000000000000, 1.000000000000000000 ) ) ;
#569 = DIRECTION ( 'NONE',  ( 0.000000000000000000, -0.000000000000000000, -1.000000000000000000 ) ) ;
#570 = DIRECTION ( 'NONE',  ( 0.000000000000000000, 1.000000000000000000, 0.000000000000000000 ) ) ;
#571 = VERTEX_POINT ( 'NONE', #4376 ) ;
#572 = EDGE_CURVE ( 'NONE', #3840, #4021, #1559, .T. ) ;
#573 = VECTOR ( 'NONE', #3699, 1000.000000000000000 ) ;
#574 = ORIENTED_EDGE ( 'NONE', *, *, #4457, .F. ) ;
#575 = DIRECTION ( 'NONE',  ( -1.000000000000000000, 0.000000000000000000, 0.000000000000000000 ) ) ;
#576 = CARTESIAN_POINT ( 'NONE',  ( 10.32988139361452262, -108.3000000000000398, 6.439198102782434319 ) ) ;
#577 = CARTESIAN_POINT ( 'NONE',  ( -27.66829088000282511, -6.699999999999997513, 6.439198102782435207 ) ) ;
#578 = CONICAL_SURFACE ( 'NONE', #1234, 3.100000000000019185, 0.7853981633974501664 ) ;
#579 = ADVANCED_FACE ( 'NONE', ( #3604 ), #4354, .T. ) ;
#580 = EDGE_CURVE ( 'NONE', #700, #1837, #797, .T. ) ;
#581 = DIRECTION ( 'NONE',  ( -0.000000000000000000, 1.000000000000000000, 0.000000000000000000 ) ) ;
#582 = VERTEX_POINT ( 'NONE', #3966 ) ;
#583 = VECTOR ( 'NONE', #2322, 1000.000000000000000 ) ;
#584 = AXIS2_PLACEMENT_3D ( 'NONE', #676, #4516, #1435 ) ;
#585 = CARTESIAN_POINT ( 'NONE',  ( 15.10847152011856842, 19.11549668930982904, -5.000000000000000000 ) ) ;
#586 = DIRECTION ( 'NONE',  ( -0.000000000000000000, -0.000000000000000000, -1.000000000000000000 ) ) ;
#587 = ORIENTED_EDGE ( 'NONE', *, *, #3237, .T. ) ;
#588 = LINE ( 'NONE', #1502, #4867 ) ;
#589 = FACE_OUTER_BOUND ( 'NONE', #1197, .T. ) ;
#590 = DIRECTION ( 'NONE',  ( 0.7071067811865479058, 0.7071067811865471286, 0.000000000000000000 ) ) ;
#591 = ORIENTED_EDGE ( 'NONE', *, *, #1259, .F. ) ;
#592 = LINE ( 'NONE', #2178, #941 ) ;
#593 = EDGE_LOOP ( 'NONE', ( #2094, #3461, #2810, #3964 ) ) ;
#594 = CARTESIAN_POINT ( 'NONE',  ( 60.00000000000001421, -45.00000000000000711, 15.00000000000000000 ) ) ;
#595 = CARTESIAN_POINT ( 'NONE',  ( 29.80000000000000426, -69.50000000000000000, 3.499999999999980016 ) ) ;
#596 = CARTESIAN_POINT ( 'NONE',  ( -27.66829088000282511, -46.69999999999999574, 4.189198102782436983 ) ) ;
#597 = ORIENTED_EDGE ( 'NONE', *, *, #1796, .T. ) ;
#598 = ORIENTED_EDGE ( 'NONE', *, *, #3391, .F. ) ;
#599 = ORIENTED_EDGE ( 'NONE', *, *, #4059, .F. ) ;
#600 = CARTESIAN_POINT ( 'NONE',  ( -27.66829088000282511, 4.299999999999999822, 4.839198102782433786 ) ) ;
#601 = CARTESIAN_POINT ( 'NONE',  ( 26.50000000000000000, -5.500000000000000000, 5.000000000000000000 ) ) ;
#602 = EDGE_CURVE ( 'NONE', #4624, #2441, #1561, .T. ) ;
#603 = FACE_OUTER_BOUND ( 'NONE', #3811, .T. ) ;
#604 = ADVANCED_FACE ( 'NONE', ( #3578 ), #3996, .F. ) ;
#605 = LINE ( 'NONE', #1782, #2989 ) ;
#606 = ORIENTED_EDGE ( 'NONE', *, *, #2970, .T. ) ;
#607 = DIRECTION ( 'NONE',  ( -0.000000000000000000, 0.000000000000000000, 1.000000000000000000 ) ) ;
#608 = CARTESIAN_POINT ( 'NONE',  ( -32.41141100645621975, -6.700000000000000178, 5.000000000000000000 ) ) ;
#609 = ADVANCED_FACE ( 'NONE', ( #2019 ), #847, .F. ) ;
#610 = ORIENTED_EDGE ( 'NONE', *, *, #4312, .F. ) ;
#611 = ADVANCED_FACE ( 'NONE', ( #409 ), #1610, .F. ) ;
#612 = CARTESIAN_POINT ( 'NONE',  ( 15.10847152011856842, -19.11549668930982904, 5.000000000000000000 ) ) ;
#613 = CIRCLE ( 'NONE', #2579, 1.600000000000019851 ) ;
#614 = CARTESIAN_POINT ( 'NONE',  ( 11.12523513799833985, -81.97141098533126069, 4.327937992237267828 ) ) ;
#615 = CARTESIAN_POINT ( 'NONE',  ( -3.723637616690846919, -64.00000000000000000, 0.000000000000000000 ) ) ;
#616 = EDGE_LOOP ( 'NONE', ( #2124, #2383, #3375, #3425, #4942 ) ) ;
#617 = VECTOR ( 'NONE', #4803, 1000.000000000000000 ) ;
#618 = DIRECTION ( 'NONE',  ( 0.2997639500929226708, 0.9540134035875427188, -0.000000000000000000 ) ) ;
#619 = ORIENTED_EDGE ( 'NONE', *, *, #3332, .T. ) ;
#620 = DIRECTION ( 'NONE',  ( 1.387778780781446464E-15, -1.000000000000000000, 0.000000000000000000 ) ) ;
#621 = CARTESIAN_POINT ( 'NONE',  ( 58.12417153191461239, 47.39892200998853156, 8.492817616790672375 ) ) ;
#622 = ADVANCED_FACE ( 'NONE', ( #4792 ), #3125, .F. ) ;
#623 = VECTOR ( 'NONE', #5023, 1000.000000000000000 ) ;
#624 = CARTESIAN_POINT ( 'NONE',  ( 64.99999999999998579, -45.00000000000000000, 0.000000000000000000 ) ) ;
#625 = ORIENTED_EDGE ( 'NONE', *, *, #4153, .F. ) ;
#626 = ORIENTED_EDGE ( 'NONE', *, *, #4990, .F. ) ;
#627 = ORIENTED_EDGE ( 'NONE', *, *, #3172, .F. ) ;
#628 = VECTOR ( 'NONE', #2712, 1000.000000000000000 ) ;
#629 = DIRECTION ( 'NONE',  ( -0.000000000000000000, -0.000000000000000000, 1.000000000000000000 ) ) ;
#630 = VECTOR ( 'NONE', #3558, 1000.000000000000000 ) ;
#631 = CARTESIAN_POINT ( 'NONE',  ( 25.09999999999994813, 69.50000000000000000, 5.000000000000000000 ) ) ;
#632 = EDGE_CURVE ( 'NONE', #4021, #826, #869, .T. ) ;
#633 = VECTOR ( 'NONE', #3050, 1000.000000000000000 ) ;
#634 = DIRECTION ( 'NONE',  ( 0.7071067811865489050, 8.659560562354951347E-17, -0.7071067811865462405 ) ) ;
#635 = AXIS2_PLACEMENT_3D ( 'NONE', #1948, #4311, #1974 ) ;
#636 = ORIENTED_EDGE ( 'NONE', *, *, #3377, .F. ) ;
#637 = DIRECTION ( 'NONE',  ( -0.000000000000000000, -0.000000000000000000, 1.000000000000000000 ) ) ;
#638 = LINE ( 'NONE', #2967, #2177 ) ;
#639 = VECTOR ( 'NONE', #139, 1000.000000000000000 ) ;
#640 = ORIENTED_EDGE ( 'NONE', *, *, #3157, .T. ) ;
#641 = FACE_BOUND ( 'NONE', #2408, .T. ) ;
#642 = VECTOR ( 'NONE', #620, 1000.000000000000000 ) ;
#643 = CARTESIAN_POINT ( 'NONE',  ( 64.99999999999998579, 45.00000000000000000, 1.500000000000018652 ) ) ;
#644 = DIRECTION ( 'NONE',  ( 0.000000000000000000, 0.000000000000000000, 1.000000000000000000 ) ) ;
#645 = EDGE_LOOP ( 'NONE', ( #2302, #4667, #823, #4592 ) ) ;
#646 = CARTESIAN_POINT ( 'NONE',  ( 10.32988139361452262, 5.700000000000000178, 4.189198102782433430 ) ) ;
#647 = EDGE_CURVE ( 'NONE', #1687, #1491, #2789, .T. ) ;
#648 = DIRECTION ( 'NONE',  ( 0.000000000000000000, -1.000000000000000000, 0.000000000000000000 ) ) ;
#649 = DIRECTION ( 'NONE',  ( 1.000000000000000000, 0.000000000000000000, 0.000000000000000000 ) ) ;
#650 = LINE ( 'NONE', #4952, #4102 ) ;
#651 = ORIENTED_EDGE ( 'NONE', *, *, #917, .F. ) ;
#652 = EDGE_CURVE ( 'NONE', #1924, #3967, #753, .T. ) ;
#653 = ORIENTED_EDGE ( 'NONE', *, *, #1730, .F. ) ;
#654 = ORIENTED_EDGE ( 'NONE', *, *, #1637, .F. ) ;
#655 = FACE_OUTER_BOUND ( 'NONE', #1453, .T. ) ;
#656 = DIRECTION ( 'NONE',  ( -0.7071067811865470176, 8.659560562354926695E-17, 0.7071067811865480168 ) ) ;
#657 = CARTESIAN_POINT ( 'NONE',  ( 15.00000000000000000, -11.99999999999999645, 0.000000000000000000 ) ) ;
#658 = EDGE_CURVE ( 'NONE', #2947, #903, #1395, .T. ) ;
#659 = AXIS2_PLACEMENT_3D ( 'NONE', #1009, #218, #4909 ) ;
#660 = FACE_OUTER_BOUND ( 'NONE', #3042, .T. ) ;
#661 = ORIENTED_EDGE ( 'NONE', *, *, #2011, .F. ) ;
#662 = AXIS2_PLACEMENT_3D ( 'NONE', #2966, #2582, #4551 ) ;
#663 = DIRECTION ( 'NONE',  ( -0.000000000000000000, 0.000000000000000000, 1.000000000000000000 ) ) ;
#664 = DIRECTION ( 'NONE',  ( 0.000000000000000000, 0.000000000000000000, 1.000000000000000000 ) ) ;
#665 = ORIENTED_EDGE ( 'NONE', *, *, #4396, .F. ) ;
#666 = FACE_BOUND ( 'NONE', #3635, .T. ) ;
#667 = AXIS2_PLACEMENT_3D ( 'NONE', #4273, #735, #3090 ) ;
#668 = DIRECTION ( 'NONE',  ( 0.000000000000000000, 0.000000000000000000, -1.000000000000000000 ) ) ;
#669 = CARTESIAN_POINT ( 'NONE',  ( 22.41528496361299005, -11.80868324581541451, 0.000000000000000000 ) ) ;
#670 = EDGE_CURVE ( 'NONE', #4624, #5017, #384, .T. ) ;
#671 = ORIENTED_EDGE ( 'NONE', *, *, #298, .F. ) ;
#672 = VECTOR ( 'NONE', #1955, 999.9999999999998863 ) ;
#673 = FACE_OUTER_BOUND ( 'NONE', #3491, .T. ) ;
#674 = EDGE_CURVE ( 'NONE', #2504, #1988, #1975, .T. ) ;
#675 = CARTESIAN_POINT ( 'NONE',  ( 57.34189232484991550, -48.34268406086842873, 7.530985776880338989 ) ) ;
#676 = CARTESIAN_POINT ( 'NONE',  ( -27.66829088000282511, -2.700000000000000178, 6.439198102782435207 ) ) ;
#677 = CARTESIAN_POINT ( 'NONE',  ( 63.44288770224761009, -39.00000000000000711, 6.000000000000000000 ) ) ;
#678 = ADVANCED_FACE ( 'NONE', ( #4141 ), #4546, .F. ) ;
#679 = ORIENTED_EDGE ( 'NONE', *, *, #4745, .F. ) ;
#680 = ORIENTED_EDGE ( 'NONE', *, *, #737, .F. ) ;
#681 = ORIENTED_EDGE ( 'NONE', *, *, #769, .F. ) ;
#682 = FACE_OUTER_BOUND ( 'NONE', #2532, .T. ) ;
#683 = LINE ( 'NONE', #3787, #4921 ) ;
#684 = DIRECTION ( 'NONE',  ( 1.000000000000000000, -1.828673351853228406E-16, -0.000000000000000000 ) ) ;
#685 = ORIENTED_EDGE ( 'NONE', *, *, #2087, .F. ) ;
#686 = DIRECTION ( 'NONE',  ( 0.000000000000000000, 0.000000000000000000, 1.000000000000000000 ) ) ;
#687 = FACE_OUTER_BOUND ( 'NONE', #931, .T. ) ;
#688 = ORIENTED_EDGE ( 'NONE', *, *, #979, .F. ) ;
#689 = CARTESIAN_POINT ( 'NONE',  ( -5.000000000000011546, -79.50000000000001421, 0.000000000000000000 ) ) ;
#690 = DIRECTION ( 'NONE',  ( 1.000000000000000000, 1.301042606982605074E-16, 0.000000000000000000 ) ) ;
#691 = CARTESIAN_POINT ( 'NONE',  ( -27.41141100645621265, 40.00000000000000000, 4.203910038445610731 ) ) ;
#692 = VERTEX_POINT ( 'NONE', #296 ) ;
#693 = B_SPLINE_CURVE_WITH_KNOTS ( 'NONE', 3,
 ( #594, #3825, #260, #4950, #209, #3776, #1797, #1745, #3382, #1434, #3002, #4588, #4563, #2617, #675, #1080, #2975, #3304, #4926, #2232, #3799, #2949, #1410, #3413 ),
 .UNSPECIFIED., .F., .F.,
 ( 4, 2, 2, 2, 2, 2, 2, 2, 2, 2, 2, 4 ),
 ( 0.000000000000000000, 0.002321983152907958550, 0.003482974729361937825, 0.004643966305815917101, 0.005804957882269896376, 0.006965949458723875651, 0.008126941035177854059, 0.009287932611631832466, 0.01160991576453979969, 0.01277090734099377810, 0.01393189891744775477, 0.01857586522326365105 ),
 .UNSPECIFIED. ) ;
#694 = DIRECTION ( 'NONE',  ( -0.000000000000000000, -0.000000000000000000, -1.000000000000000000 ) ) ;
#695 = DIRECTION ( 'NONE',  ( 1.000000000000000000, 0.000000000000000000, 0.000000000000000000 ) ) ;
#696 = AXIS2_PLACEMENT_3D ( 'NONE', #2226, #4078, #2125 ) ;
#697 = DIRECTION ( 'NONE',  ( -0.2997639500929226153, 0.9540134035875427188, 0.000000000000000000 ) ) ;
#698 = SURFACE_SIDE_STYLE ('',( #3800 ) ) ;
#699 = FACE_OUTER_BOUND ( 'NONE', #3227, .T. ) ;
#700 = VERTEX_POINT ( 'NONE', #657 ) ;
#701 = AXIS2_PLACEMENT_3D ( 'NONE', #2936, #270, #4474 ) ;
#702 = ORIENTED_EDGE ( 'NONE', *, *, #2264, .F. ) ;
#703 = ORIENTED_EDGE ( 'NONE', *, *, #512, .T. ) ;
#704 = VECTOR ( 'NONE', #1459, 1000.000000000000000 ) ;
#705 = DIRECTION ( 'NONE',  ( 2.891205793294679312E-16, 1.000000000000000000, 0.000000000000000000 ) ) ;
#706 = DIRECTION ( 'NONE',  ( 0.000000000000000000, 0.000000000000000000, 1.000000000000000000 ) ) ;
#707 = LINE ( 'NONE', #3061, #1309 ) ;
#708 = CARTESIAN_POINT ( 'NONE',  ( 7.999999999999998224, 12.00000000000000178, 5.000000000000000000 ) ) ;
#709 = AXIS2_PLACEMENT_3D ( 'NONE', #3052, #4317, #1590 ) ;
#710 = CARTESIAN_POINT ( 'NONE',  ( 28.19999999999999929, -69.50000000000000000, 3.499999999999980016 ) ) ;
#711 = ORIENTED_EDGE ( 'NONE', *, *, #4059, .T. ) ;
#712 = CARTESIAN_POINT ( 'NONE',  ( -5.551115123125782702E-14, -64.00000000000000000, 5.000000000000000000 ) ) ;
#713 = VECTOR ( 'NONE', #768, 1000.000000000000000 ) ;
#714 = CARTESIAN_POINT ( 'NONE',  ( 0.000000000000000000, -64.00000000000000000, 0.000000000000000000 ) ) ;
#715 = ORIENTED_EDGE ( 'NONE', *, *, #1329, .T. ) ;
#716 = CONICAL_SURFACE ( 'NONE', #3571, 3.100000000000019185, 0.7853981633974465026 ) ;
#717 = CIRCLE ( 'NONE', #3986, 17.79999999999999716 ) ;
#718 = CARTESIAN_POINT ( 'NONE',  ( 8.600370242754996397, -56.45238996805944964, 5.000000000000000000 ) ) ;
#719 = EDGE_LOOP ( 'NONE', ( #3387, #2614, #4514, #4912 ) ) ;
#720 = CARTESIAN_POINT ( 'NONE',  ( 12.05939254447404707, -29.48635277547910150, 5.000000000000000000 ) ) ;
#721 = CARTESIAN_POINT ( 'NONE',  ( -5.000000000000026645, 79.50000000000001421, 0.000000000000000000 ) ) ;
#722 = CIRCLE ( 'NONE', #4653, 17.79999999999999716 ) ;
#723 = ORIENTED_EDGE ( 'NONE', *, *, #541, .T. ) ;
#724 = FACE_OUTER_BOUND ( 'NONE', #837, .T. ) ;
#725 = AXIS2_PLACEMENT_3D ( 'NONE', #5001, #4649, #3853 ) ;
#726 = CARTESIAN_POINT ( 'NONE',  ( -14.27636238330915219, 64.00000000000000000, 0.000000000000000000 ) ) ;
#727 = ADVANCED_FACE ( 'NONE', ( #3704 ), #1445, .T. ) ;
#728 = DIRECTION ( 'NONE',  ( -1.000000000000000000, 0.000000000000000000, 0.000000000000000000 ) ) ;
#729 = CARTESIAN_POINT ( 'NONE',  ( 12.05939254447404707, -56.00013567279791005, 5.000000000000000000 ) ) ;
#730 = ORIENTED_EDGE ( 'NONE', *, *, #2537, .F. ) ;
#731 = CIRCLE ( 'NONE', #4411, 3.100000000000022737 ) ;
#732 = VERTEX_POINT ( 'NONE', #1806 ) ;
#733 = ORIENTED_EDGE ( 'NONE', *, *, #1789, .F. ) ;
#734 = CARTESIAN_POINT ( 'NONE',  ( 17.37975105768025230, -29.48635277547909084, 5.000000000000000000 ) ) ;
#735 = DIRECTION ( 'NONE',  ( -0.000000000000000000, -0.000000000000000000, -1.000000000000000000 ) ) ;
#736 = CARTESIAN_POINT ( 'NONE',  ( 75.00000000000000000, -19.99999999999998579, 3.499999999999977796 ) ) ;
#737 = EDGE_CURVE ( 'NONE', #2647, #2551, #683, .T. ) ;
#738 = CARTESIAN_POINT ( 'NONE',  ( -14.60000000000004761, 78.00000000000001421, 0.000000000000000000 ) ) ;
#739 = EDGE_CURVE ( 'NONE', #3173, #2466, #4910, .T. ) ;
#740 = CYLINDRICAL_SURFACE ( 'NONE', #4462, 1.600000000000012967 ) ;
#741 = EDGE_CURVE ( 'NONE', #1718, #1750, #2935, .T. ) ;
#742 = ORIENTED_EDGE ( 'NONE', *, *, #3152, .T. ) ;
#743 = DIRECTION ( 'NONE',  ( 0.000000000000000000, -1.000000000000000000, 0.000000000000000000 ) ) ;
#744 = DIRECTION ( 'NONE',  ( -1.000000000000000000, 0.000000000000000000, 0.000000000000000000 ) ) ;
#745 = EDGE_CURVE ( 'NONE', #48, #2457, #3863, .T. ) ;
#746 = CARTESIAN_POINT ( 'NONE',  ( -5.764822085764977011, 75.31514946607920535, 0.1882044326705165915 ) ) ;
#747 = VERTEX_POINT ( 'NONE', #245 ) ;
#748 = CIRCLE ( 'NONE', #4097, 1.600000000000004086 ) ;
#749 = CARTESIAN_POINT ( 'NONE',  ( 29.80000000000000426, -69.50000000000000000, 3.499999999999980016 ) ) ;
#750 = DIRECTION ( 'NONE',  ( 1.000000000000000000, 0.000000000000000000, 0.000000000000000000 ) ) ;
#751 = CARTESIAN_POINT ( 'NONE',  ( 15.00000000000000000, -11.99999999999999645, 5.000000000000000000 ) ) ;
#752 = ORIENTED_EDGE ( 'NONE', *, *, #1554, .T. ) ;
#753 = CIRCLE ( 'NONE', #1072, 4.250000000000006217 ) ;
#754 = VECTOR ( 'NONE', #1489, 1000.000000000000000 ) ;
#755 = CARTESIAN_POINT ( 'NONE',  ( -8.153200337090993344E-14, 64.00000000000000000, 1.642916943637984906 ) ) ;
#756 = VECTOR ( 'NONE', #4298, 1000.000000000000000 ) ;
#757 = CARTESIAN_POINT ( 'NONE',  ( -14.60000000000003340, -78.00000000000001421, 5.000000000000000000 ) ) ;
#758 = VECTOR ( 'NONE', #3827, 1000.000000000000000 ) ;
#759 = EDGE_LOOP ( 'NONE', ( #300, #3621, #3265, #2332, #4335, #3133, #3717 ) ) ;
#760 = ORIENTED_EDGE ( 'NONE', *, *, #1918, .F. ) ;
#761 = VERTEX_POINT ( 'NONE', #3342 ) ;
#762 = CARTESIAN_POINT ( 'NONE',  ( 4.146862743635832516, 11.99999999999998579, 5.000000000000000888 ) ) ;
#763 = DIRECTION ( 'NONE',  ( 0.000000000000000000, 0.000000000000000000, 1.000000000000000000 ) ) ;
#764 = LINE ( 'NONE', #3521, #2307 ) ;
#765 = CARTESIAN_POINT ( 'NONE',  ( -27.10292187456342816, -40.01049542842170581, 4.256697043582081896 ) ) ;
#766 = EDGE_LOOP ( 'NONE', ( #1391, #3746, #13, #3659, #2560 ) ) ;
#767 = CARTESIAN_POINT ( 'NONE',  ( -3.894678355635792677, -75.39625000000000909, 0.000000000000000000 ) ) ;
#768 = DIRECTION ( 'NONE',  ( -0.000000000000000000, -0.000000000000000000, 1.000000000000000000 ) ) ;
#769 = EDGE_CURVE ( 'NONE', #1498, #4397, #4276, .T. ) ;
#770 = CARTESIAN_POINT ( 'NONE',  ( -4.898753821126812902, 75.25005502424001236, 0.3498599383809786190 ) ) ;
#771 = ORIENTED_EDGE ( 'NONE', *, *, #1829, .F. ) ;
#772 = FACE_OUTER_BOUND ( 'NONE', #3154, .T. ) ;
#773 = CARTESIAN_POINT ( 'NONE',  ( -5.000000000000026645, 79.50000000000001421, 5.000000000000000000 ) ) ;
#774 = EDGE_CURVE ( 'NONE', #4448, #3178, #3197, .T. ) ;
#775 = VERTEX_POINT ( 'NONE', #1753 ) ;
#776 = EDGE_CURVE ( 'NONE', #2979, #939, #1277, .T. ) ;
#777 = ORIENTED_EDGE ( 'NONE', *, *, #1161, .F. ) ;
#778 = CYLINDRICAL_SURFACE ( 'NONE', #709, 1.600000000000012967 ) ;
#779 = CARTESIAN_POINT ( 'NONE',  ( 28.19999999999999929, -69.50000000000000000, 5.000000000000000000 ) ) ;
#780 = CARTESIAN_POINT ( 'NONE',  ( -11.39999999999999325, -78.00000000000001421, 0.000000000000000000 ) ) ;
#781 = VERTEX_POINT ( 'NONE', #3370 ) ;
#782 = ORIENTED_EDGE ( 'NONE', *, *, #1298, .F. ) ;
#783 = ORIENTED_EDGE ( 'NONE', *, *, #147, .T. ) ;
#784 = ADVANCED_FACE ( 'NONE', ( #603 ), #4526, .F. ) ;
#785 = DIRECTION ( 'NONE',  ( -8.272201806716024773E-17, 1.000000000000000000, 0.000000000000000000 ) ) ;
#786 = DIRECTION ( 'NONE',  ( -0.000000000000000000, -0.000000000000000000, -1.000000000000000000 ) ) ;
#787 = VECTOR ( 'NONE', #2636, 1000.000000000000000 ) ;
#788 = DIRECTION ( 'NONE',  ( -0.000000000000000000, -0.000000000000000000, -1.000000000000000000 ) ) ;
#789 = VECTOR ( 'NONE', #3095, 1000.000000000000000 ) ;
#790 = DIRECTION ( 'NONE',  ( 1.000000000000000000, 0.000000000000000000, 0.000000000000000000 ) ) ;
#791 = VERTEX_POINT ( 'NONE', #3312 ) ;
#792 = DIRECTION ( 'NONE',  ( -0.7071067811865462405, 8.659560562354916834E-17, 0.7071067811865489050 ) ) ;
#793 = CIRCLE ( 'NONE', #1028, 2.999999999999999112 ) ;
#794 = DIRECTION ( 'NONE',  ( -1.000000000000000000, 0.000000000000000000, 0.000000000000000000 ) ) ;
#795 = ORIENTED_EDGE ( 'NONE', *, *, #4195, .F. ) ;
#796 = PLANE ( 'NONE',  #2274 ) ;
#797 = LINE ( 'NONE', #1949, #1977 ) ;
#798 = VECTOR ( 'NONE', #524, 1000.000000000000000 ) ;
#799 = ORIENTED_EDGE ( 'NONE', *, *, #818, .T. ) ;
#800 = VERTEX_POINT ( 'NONE', #631 ) ;
#801 = DIRECTION ( 'NONE',  ( -2.891205793294679312E-16, -1.000000000000000000, -0.000000000000000000 ) ) ;
#802 = VECTOR ( 'NONE', #2144, 1000.000000000000227 ) ;
#803 = PLANE ( 'NONE',  #3325 ) ;
#804 = CARTESIAN_POINT ( 'NONE',  ( -27.66829088000282511, -2.700000000000000178, 6.439198102782435207 ) ) ;
#805 = EDGE_LOOP ( 'NONE', ( #4409, #2529 ) ) ;
#806 = ADVANCED_FACE ( 'NONE', ( #4958 ), #4935, .F. ) ;
#807 = CIRCLE ( 'NONE', #4076, 2.250000000000001332 ) ;
#808 = ORIENTED_EDGE ( 'NONE', *, *, #2761, .F. ) ;
#809 = ORIENTED_EDGE ( 'NONE', *, *, #2578, .T. ) ;
#810 = LINE ( 'NONE', #63, #3331 ) ;
#811 = LINE ( 'NONE', #1597, #1897 ) ;
#812 = DIRECTION ( 'NONE',  ( -1.387778780781446464E-15, -1.000000000000000000, -0.000000000000000000 ) ) ;
#813 = ADVANCED_FACE ( 'NONE', ( #4407 ), #2841, .F. ) ;
#814 = DIRECTION ( 'NONE',  ( -1.156482317317871133E-15, 1.000000000000000000, 0.000000000000000000 ) ) ;
#815 = DIRECTION ( 'NONE',  ( -1.000000000000000000, 0.000000000000000000, 0.000000000000000000 ) ) ;
#816 = ORIENTED_EDGE ( 'NONE', *, *, #1831, .T. ) ;
#817 = DIRECTION ( 'NONE',  ( -0.000000000000000000, -1.000000000000000000, -0.000000000000000000 ) ) ;
#818 = EDGE_CURVE ( 'NONE', #4021, #104, #1830, .T. ) ;
#819 = CARTESIAN_POINT ( 'NONE',  ( 4.086827247947534048, -2.121040528702082817, 0.000000000000000000 ) ) ;
#820 = EDGE_CURVE ( 'NONE', #747, #4084, #257, .T. ) ;
#821 = EDGE_CURVE ( 'NONE', #252, #3439, #502, .T. ) ;
#822 = CARTESIAN_POINT ( 'NONE',  ( -11.39999999999999325, -78.00000000000001421, 3.499999999999994671 ) ) ;
#823 = ORIENTED_EDGE ( 'NONE', *, *, #1116, .T. ) ;
#824 = CARTESIAN_POINT ( 'NONE',  ( 50.99019513592785557, 55.00000000000000711, 5.000000000000000000 ) ) ;
#825 = DIRECTION ( 'NONE',  ( 1.000000000000000000, 0.000000000000000000, 0.000000000000000000 ) ) ;
#826 = VERTEX_POINT ( 'NONE', #1914 ) ;
#827 = ORIENTED_EDGE ( 'NONE', *, *, #1747, .F. ) ;
#828 = CARTESIAN_POINT ( 'NONE',  ( 15.00000000000000000, 1.699999999999999956, 5.000000000000000000 ) ) ;
#829 = VECTOR ( 'NONE', #728, 1000.000000000000000 ) ;
#830 = EDGE_CURVE ( 'NONE', #54, #392, #2753, .T. ) ;
#831 = DIRECTION ( 'NONE',  ( -0.000000000000000000, 1.000000000000000000, -0.000000000000000000 ) ) ;
#832 = VECTOR ( 'NONE', #889, 1000.000000000000000 ) ;
#833 = ORIENTED_EDGE ( 'NONE', *, *, #4018, .F. ) ;
#834 = EDGE_CURVE ( 'NONE', #4778, #1367, #3472, .T. ) ;
#835 = ORIENTED_EDGE ( 'NONE', *, *, #4663, .T. ) ;
#836 = VECTOR ( 'NONE', #4240, 1000.000000000000114 ) ;
#837 = EDGE_LOOP ( 'NONE', ( #2235, #440, #1222, #1140 ) ) ;
#838 = CARTESIAN_POINT ( 'NONE',  ( -32.41141100645621975, 0.3000000000000033751, 9.439414909974711776 ) ) ;
#839 = CARTESIAN_POINT ( 'NONE',  ( -27.66829088000282511, -1.700000000000003508, 6.439198102782435207 ) ) ;
#840 = CIRCLE ( 'NONE', #2211, 3.100000000000019185 ) ;
#841 = ORIENTED_EDGE ( 'NONE', *, *, #3175, .T. ) ;
#842 = CARTESIAN_POINT ( 'NONE',  ( 15.10847152011856842, -19.11549668930982904, -5.000000000000000000 ) ) ;
#843 = CARTESIAN_POINT ( 'NONE',  ( 17.37975105768025230, -29.48635277547909084, -5.000000000000000000 ) ) ;
#844 = ORIENTED_EDGE ( 'NONE', *, *, #4565, .T. ) ;
#845 = EDGE_CURVE ( 'NONE', #1894, #3388, #4629, .T. ) ;
#846 = CARTESIAN_POINT ( 'NONE',  ( 24.00000000000000000, -40.00000000000000711, 6.000000000000000000 ) ) ;
#847 = CYLINDRICAL_SURFACE ( 'NONE', #2627, 13.00000000000003020 ) ;
#848 = VERTEX_POINT ( 'NONE', #4327 ) ;
#849 = ORIENTED_EDGE ( 'NONE', *, *, #930, .F. ) ;
#850 = DIRECTION ( 'NONE',  ( -1.387778780781446464E-15, 1.000000000000000000, 0.000000000000000000 ) ) ;
#851 = CARTESIAN_POINT ( 'NONE',  ( 11.99999999999995204, 69.00000000000000000, 5.000000000000000000 ) ) ;
#852 = DIRECTION ( 'NONE',  ( 0.000000000000000000, 0.000000000000000000, 1.000000000000000000 ) ) ;
#853 = ORIENTED_EDGE ( 'NONE', *, *, #2954, .T. ) ;
#854 = ADVANCED_FACE ( 'NONE', ( #4706 ), #1987, .F. ) ;
#855 = CARTESIAN_POINT ( 'NONE',  ( -5.000000000000011546, -79.50000000000001421, 5.000000000000000000 ) ) ;
#856 = ORIENTED_EDGE ( 'NONE', *, *, #2860, .T. ) ;
#857 = VERTEX_POINT ( 'NONE', #3094 ) ;
#858 = DIRECTION ( 'NONE',  ( 1.000000000000000000, 0.000000000000000000, 0.000000000000000000 ) ) ;
#859 = LINE ( 'NONE', #1963, #3199 ) ;
#860 = CARTESIAN_POINT ( 'NONE',  ( -27.66829088000282511, -46.69999999999999574, 8.689198102782434319 ) ) ;
#861 = ORIENTED_EDGE ( 'NONE', *, *, #4565, .F. ) ;
#862 = AXIS2_PLACEMENT_3D ( 'NONE', #4505, #1350, #4967 ) ;
#863 = FACE_OUTER_BOUND ( 'NONE', #3346, .T. ) ;
#864 = CIRCLE ( 'NONE', #4715, 3.100000000000019185 ) ;
#865 = LINE ( 'NONE', #480, #3224 ) ;
#866 = ORIENTED_EDGE ( 'NONE', *, *, #197, .T. ) ;
#867 = VECTOR ( 'NONE', #4972, 1000.000000000000000 ) ;
#868 = CARTESIAN_POINT ( 'NONE',  ( -24.38875556251408483, -43.00000000000000000, 0.000000000000000000 ) ) ;
#869 = LINE ( 'NONE', #3947, #2303 ) ;
#870 = ORIENTED_EDGE ( 'NONE', *, *, #3459, .F. ) ;
#871 = VERTEX_POINT ( 'NONE', #4984 ) ;
#872 = CARTESIAN_POINT ( 'NONE',  ( 15.00000000000000000, 6.700000000000001066, 10.00000000000000000 ) ) ;
#873 = LINE ( 'NONE', #2437, #2341 ) ;
#874 = DIRECTION ( 'NONE',  ( 1.000000000000000000, 9.745637505487682231E-17, 0.000000000000000000 ) ) ;
#875 = DIRECTION ( 'NONE',  ( -0.7071067811865489050, 0.000000000000000000, -0.7071067811865462405 ) ) ;
#876 = ORIENTED_EDGE ( 'NONE', *, *, #2799, .F. ) ;
#877 = AXIS2_PLACEMENT_3D ( 'NONE', #1306, #2943, #562 ) ;
#878 = DIRECTION ( 'NONE',  ( -0.000000000000000000, -1.000000000000000000, -0.000000000000000000 ) ) ;
#879 = CONICAL_SURFACE ( 'NONE', #4323, 1.600000000000004086, 0.7853981633974463916 ) ;
#880 = ORIENTED_EDGE ( 'NONE', *, *, #830, .T. ) ;
#881 = ORIENTED_EDGE ( 'NONE', *, *, #3001, .T. ) ;
#882 = EDGE_CURVE ( 'NONE', #4422, #2186, #373, .T. ) ;
#883 = DIRECTION ( 'NONE',  ( 0.000000000000000000, 0.000000000000000000, 1.000000000000000000 ) ) ;
#884 = CARTESIAN_POINT ( 'NONE',  ( 21.50000000000000000, -8.500000000000000000, 5.000000000000000000 ) ) ;
#885 = CIRCLE ( 'NONE', #959, 1.600000000000012967 ) ;
#886 = ORIENTED_EDGE ( 'NONE', *, *, #147, .F. ) ;
#887 = FACE_OUTER_BOUND ( 'NONE', #320, .T. ) ;
#888 = EDGE_CURVE ( 'NONE', #3956, #934, #764, .T. ) ;
#889 = DIRECTION ( 'NONE',  ( 1.000000000000000000, -1.004873251643209398E-15, 0.000000000000000000 ) ) ;
#890 = EDGE_CURVE ( 'NONE', #1012, #136, #1566, .T. ) ;
#891 = EDGE_CURVE ( 'NONE', #3203, #3608, #20, .T. ) ;
#892 = LINE ( 'NONE', #1991, #2006 ) ;
#893 = ORIENTED_EDGE ( 'NONE', *, *, #674, .T. ) ;
#894 = DIRECTION ( 'NONE',  ( -0.000000000000000000, -0.000000000000000000, 1.000000000000000000 ) ) ;
#895 = EDGE_LOOP ( 'NONE', ( #420, #1657, #5028, #159 ) ) ;
#896 = ORIENTED_EDGE ( 'NONE', *, *, #2117, .T. ) ;
#897 = DIRECTION ( 'NONE',  ( -1.000000000000000000, 0.000000000000000000, 0.000000000000000000 ) ) ;
#898 = DIRECTION ( 'NONE',  ( 1.000000000000000000, 0.000000000000000000, 0.000000000000000000 ) ) ;
#899 = ORIENTED_EDGE ( 'NONE', *, *, #3613, .F. ) ;
#900 = CARTESIAN_POINT ( 'NONE',  ( 75.00000000000000000, -19.99999999999998579, 5.000000000000000000 ) ) ;
#901 = CARTESIAN_POINT ( 'NONE',  ( 10.32988139361452262, -108.3000000000000398, 6.439198102782434319 ) ) ;
#902 = ORIENTED_EDGE ( 'NONE', *, *, #888, .F. ) ;
#903 = VERTEX_POINT ( 'NONE', #1936 ) ;
#904 = AXIS2_PLACEMENT_3D ( 'NONE', #4098, #4452, #3347 ) ;
#905 = FACE_OUTER_BOUND ( 'NONE', #4233, .T. ) ;
#906 = CARTESIAN_POINT ( 'NONE',  ( 4.146862743635832516, 64.00000000000000000, 5.000000000000000888 ) ) ;
#907 = ADVANCED_FACE ( 'NONE', ( #3938 ), #1574, .T. ) ;
#908 = LINE ( 'NONE', #444, #798 ) ;
#909 = VECTOR ( 'NONE', #2497, 1000.000000000000000 ) ;
#910 = ORIENTED_EDGE ( 'NONE', *, *, #2087, .T. ) ;
#911 = CARTESIAN_POINT ( 'NONE',  ( 21.50000000000000000, -5.500000000000000000, 0.000000000000000000 ) ) ;
#912 = VECTOR ( 'NONE', #3112, 1000.000000000000000 ) ;
#913 = AXIS2_PLACEMENT_3D ( 'NONE', #3559, #489, #3222 ) ;
#914 = CARTESIAN_POINT ( 'NONE',  ( 24.18305191657966446, 24.18305191657968933, 0.000000000000000000 ) ) ;
#915 = ORIENTED_EDGE ( 'NONE', *, *, #3705, .T. ) ;
#916 = DIRECTION ( 'NONE',  ( 0.000000000000000000, 0.000000000000000000, 1.000000000000000000 ) ) ;
#917 = EDGE_CURVE ( 'NONE', #481, #1520, #2548, .T. ) ;
#918 = ORIENTED_EDGE ( 'NONE', *, *, #3655, .F. ) ;
#919 = VERTEX_POINT ( 'NONE', #1145 ) ;
#920 = DIRECTION ( 'NONE',  ( 0.000000000000000000, 1.000000000000000000, 0.000000000000000000 ) ) ;
#921 = DIRECTION ( 'NONE',  ( -0.000000000000000000, -1.000000000000000000, -0.000000000000000000 ) ) ;
#922 = CARTESIAN_POINT ( 'NONE',  ( -29.39780203086235133, 39.99999999999999289, 5.000000000000000000 ) ) ;
#923 = ADVANCED_FACE ( 'NONE', ( #400 ), #3038, .F. ) ;
#924 = ORIENTED_EDGE ( 'NONE', *, *, #1794, .T. ) ;
#925 = FACE_OUTER_BOUND ( 'NONE', #4862, .T. ) ;
#926 = DIRECTION ( 'NONE',  ( -0.4606500287015032891, -0.8875818559757201465, -0.000000000000000000 ) ) ;
#927 = ORIENTED_EDGE ( 'NONE', *, *, #394, .F. ) ;
#928 = FACE_OUTER_BOUND ( 'NONE', #4470, .T. ) ;
#929 = CYLINDRICAL_SURFACE ( 'NONE', #1208, 1.600000000000004086 ) ;
#930 = EDGE_CURVE ( 'NONE', #4741, #2844, #2727, .T. ) ;
#931 = EDGE_LOOP ( 'NONE', ( #833, #1814, #3589, #1983, #3764, #1251, #4454 ) ) ;
#932 = DIRECTION ( 'NONE',  ( 0.000000000000000000, -1.000000000000000000, 0.000000000000000000 ) ) ;
#933 = DIRECTION ( 'NONE',  ( -1.000000000000000000, 0.000000000000000000, 0.000000000000000000 ) ) ;
#934 = VERTEX_POINT ( 'NONE', #3886 ) ;
#935 = ADVANCED_FACE ( 'NONE', ( #2653 ), #3501, .F. ) ;
#936 = CARTESIAN_POINT ( 'NONE',  ( -25.93877972914330243, -12.00000000000000355, 5.000000000000000000 ) ) ;
#937 = AXIS2_PLACEMENT_3D ( 'NONE', #2120, #2193, #2220 ) ;
#938 = VERTEX_POINT ( 'NONE', #5063 ) ;
#939 = VERTEX_POINT ( 'NONE', #708 ) ;
#940 = DIRECTION ( 'NONE',  ( 1.000000000000000000, -0.000000000000000000, -0.000000000000000000 ) ) ;
#941 = VECTOR ( 'NONE', #618, 1000.000000000000114 ) ;
#942 = CARTESIAN_POINT ( 'NONE',  ( -5.000000000000009770, -72.50000000000000000, 1.500000000000001332 ) ) ;
#943 = DIRECTION ( 'NONE',  ( 0.000000000000000000, 0.000000000000000000, 1.000000000000000000 ) ) ;
#944 = EDGE_CURVE ( 'NONE', #2457, #48, #145, .T. ) ;
#945 = VERTEX_POINT ( 'NONE', #3837 ) ;
#946 = VECTOR ( 'NONE', #3105, 1000.000000000000000 ) ;
#947 = CARTESIAN_POINT ( 'NONE',  ( 11.99999999999997513, -69.00000000000000000, 5.000000000000000000 ) ) ;
#948 =( NAMED_UNIT ( * ) PLANE_ANGLE_UNIT ( ) SI_UNIT ( $, .RADIAN. ) );
#949 = ORIENTED_EDGE ( 'NONE', *, *, #2784, .F. ) ;
#950 = DIRECTION ( 'NONE',  ( 1.000000000000000000, -9.745637505487682477E-16, 3.508429501975565455E-15 ) ) ;
#951 = CARTESIAN_POINT ( 'NONE',  ( 23.99999999999999289, 45.00000000000000711, 15.00000000000000000 ) ) ;
#952 = VECTOR ( 'NONE', #4508, 1000.000000000000000 ) ;
#953 = EDGE_LOOP ( 'NONE', ( #4678, #4015, #2176, #3485 ) ) ;
#954 = EDGE_CURVE ( 'NONE', #3467, #2602, #1126, .T. ) ;
#955 = AXIS2_PLACEMENT_3D ( 'NONE', #4558, #4894, #996 ) ;
#956 = ORIENTED_EDGE ( 'NONE', *, *, #359, .T. ) ;
#957 = VECTOR ( 'NONE', #102, 1000.000000000000000 ) ;
#958 = CARTESIAN_POINT ( 'NONE',  ( -32.41141100645621975, -6.699999999999996625, 9.439414909974711776 ) ) ;
#959 = AXIS2_PLACEMENT_3D ( 'NONE', #1911, #3469, #5029 ) ;
#960 = CARTESIAN_POINT ( 'NONE',  ( 60.00000000000001421, -55.00000000000000711, 15.00000000000000000 ) ) ;
#961 = VECTOR ( 'NONE', #697, 1000.000000000000227 ) ;
#962 = DIRECTION ( 'NONE',  ( 0.000000000000000000, 0.000000000000000000, 1.000000000000000000 ) ) ;
#963 = VERTEX_POINT ( 'NONE', #738 ) ;
#964 = EDGE_CURVE ( 'NONE', #3820, #848, #1673, .T. ) ;
#965 = CARTESIAN_POINT ( 'NONE',  ( 4.146862743635832516, -58.64006586735677473, 5.000000000000000000 ) ) ;
#966 = DIRECTION ( 'NONE',  ( -1.000000000000000000, 0.000000000000000000, 0.000000000000000000 ) ) ;
#967 = ORIENTED_EDGE ( 'NONE', *, *, #3705, .F. ) ;
#968 = FACE_BOUND ( 'NONE', #805, .T. ) ;
#969 = DIRECTION ( 'NONE',  ( -0.000000000000000000, 0.000000000000000000, 1.000000000000000000 ) ) ;
#970 = FACE_BOUND ( 'NONE', #3139, .T. ) ;
#971 = EDGE_LOOP ( 'NONE', ( #4948, #598, #1464, #2734 ) ) ;
#972 = DIRECTION ( 'NONE',  ( -0.7071067811865474617, 0.7071067811865474617, 0.000000000000000000 ) ) ;
#973 = DIRECTION ( 'NONE',  ( 0.000000000000000000, -1.000000000000000000, 0.000000000000000000 ) ) ;
#974 = EDGE_LOOP ( 'NONE', ( #1972, #2435, #4929, #4284 ) ) ;
#975 = EDGE_CURVE ( 'NONE', #1341, #544, #2270, .T. ) ;
#976 = DIRECTION ( 'NONE',  ( -0.000000000000000000, -1.000000000000000000, -0.000000000000000000 ) ) ;
#977 = CARTESIAN_POINT ( 'NONE',  ( 3.879751057680255411, 29.48635277547910505, 0.000000000000000000 ) ) ;
#978 = VERTEX_POINT ( 'NONE', #4445 ) ;
#979 = EDGE_CURVE ( 'NONE', #4522, #781, #3823, .T. ) ;
#980 = ORIENTED_EDGE ( 'NONE', *, *, #38, .F. ) ;
#981 = AXIS2_PLACEMENT_3D ( 'NONE', #1388, #4540, #262 ) ;
#982 = ORIENTED_EDGE ( 'NONE', *, *, #294, .F. ) ;
#983 = CARTESIAN_POINT ( 'NONE',  ( -5.000000000000009770, -72.50000000000000000, -5.000000000000000000 ) ) ;
#984 = CARTESIAN_POINT ( 'NONE',  ( 10.15460128375669946, -56.13058686647085693, 4.190062320060747858 ) ) ;
#985 = CARTESIAN_POINT ( 'NONE',  ( 7.999999999999998224, 12.00000000000000178, 5.000000000000000000 ) ) ;
#986 = EDGE_CURVE ( 'NONE', #4361, #3165, #64, .T. ) ;
#987 = DIRECTION ( 'NONE',  ( 0.000000000000000000, 0.000000000000000000, -1.000000000000000000 ) ) ;
#988 = ORIENTED_EDGE ( 'NONE', *, *, #3449, .F. ) ;
#989 = VECTOR ( 'NONE', #2703, 1000.000000000000000 ) ;
#990 = AXIS2_PLACEMENT_3D ( 'NONE', #5025, #1906, #2673 ) ;
#991 = FACE_OUTER_BOUND ( 'NONE', #2159, .T. ) ;
#992 = EDGE_LOOP ( 'NONE', ( #5027, #3580, #2368, #2660, #4370, #3020, #4607, #1178 ) ) ;
#993 = VERTEX_POINT ( 'NONE', #143 ) ;
#994 = FACE_OUTER_BOUND ( 'NONE', #2171, .T. ) ;
#995 = EDGE_CURVE ( 'NONE', #2697, #4604, #3959, .T. ) ;
#996 = DIRECTION ( 'NONE',  ( 1.000000000000000000, 0.000000000000000000, -0.000000000000000000 ) ) ;
#997 = LINE ( 'NONE', #3664, #952 ) ;
#998 = ORIENTED_EDGE ( 'NONE', *, *, #4512, .F. ) ;
#999 = DIRECTION ( 'NONE',  ( 0.7071067811865457964, 0.000000000000000000, 0.7071067811865492381 ) ) ;
#1000 = ORIENTED_EDGE ( 'NONE', *, *, #2991, .F. ) ;
#1001 = DIRECTION ( 'NONE',  ( -0.000000000000000000, -0.000000000000000000, -1.000000000000000000 ) ) ;
#1002 = EDGE_CURVE ( 'NONE', #457, #4173, #908, .T. ) ;
#1003 = CARTESIAN_POINT ( 'NONE',  ( 58.47359291087011712, 46.96718062726621667, 9.033960936800756514 ) ) ;
#1004 = DIRECTION ( 'NONE',  ( 1.000000000000000000, 0.000000000000000000, 0.000000000000000000 ) ) ;
#1005 = EDGE_LOOP ( 'NONE', ( #1252, #223, #4315, #2621 ) ) ;
#1006 = ORIENTED_EDGE ( 'NONE', *, *, #975, .T. ) ;
#1007 = ORIENTED_EDGE ( 'NONE', *, *, #3672, .F. ) ;
#1008 = CARTESIAN_POINT ( 'NONE',  ( 76.59999999999995168, 19.99999999999998579, 5.000000000000000000 ) ) ;
#1009 = CARTESIAN_POINT ( 'NONE',  ( -27.66829088000282511, -6.699999999999997513, 6.439198102782435207 ) ) ;
#1010 = CARTESIAN_POINT ( 'NONE',  ( 26.50000000000000000, 5.500000000000000000, 5.000000000000000000 ) ) ;
#1011 = CARTESIAN_POINT ( 'NONE',  ( -27.66829088000282511, -6.699999999999997513, 9.439414909974711776 ) ) ;
#1012 = VERTEX_POINT ( 'NONE', #4809 ) ;
#1013 = LINE ( 'NONE', #557, #1639 ) ;
#1014 = DIRECTION ( 'NONE',  ( -0.000000000000000000, -0.000000000000000000, -1.000000000000000000 ) ) ;
#1015 = EDGE_CURVE ( 'NONE', #2786, #1750, #3983, .T. ) ;
#1016 = EDGE_LOOP ( 'NONE', ( #1649, #1403, #2318, #439, #417, #410, #3182, #3217, #4426, #242, #2648, #3127, #1490, #3149, #2928, #4157, #4532, #2374 ) ) ;
#1017 = FACE_BOUND ( 'NONE', #4320, .T. ) ;
#1018 = AXIS2_PLACEMENT_3D ( 'NONE', #4381, #1638, #3999 ) ;
#1019 = CARTESIAN_POINT ( 'NONE',  ( 8.822930554378455525, -81.60649140499545240, 4.760531327538700452 ) ) ;
#1020 = CARTESIAN_POINT ( 'NONE',  ( 21.50000000000000000, -8.500000000000000000, 5.000000000000000000 ) ) ;
#1021 = VERTEX_POINT ( 'NONE', #116 ) ;
#1022 = VECTOR ( 'NONE', #2070, 1000.000000000000000 ) ;
#1023 = VECTOR ( 'NONE', #4574, 1000.000000000000000 ) ;
#1024 = DIRECTION ( 'NONE',  ( 0.000000000000000000, 0.000000000000000000, 1.000000000000000000 ) ) ;
#1025 = CARTESIAN_POINT ( 'NONE',  ( 23.99999999999999289, 45.00000000000000711, 5.000000000000000000 ) ) ;
#1026 =( NAMED_UNIT ( * ) PLANE_ANGLE_UNIT ( ) SI_UNIT ( $, .RADIAN. ) );
#1027 = EDGE_CURVE ( 'NONE', #1556, #2802, #2778, .T. ) ;
#1028 = AXIS2_PLACEMENT_3D ( 'NONE', #4003, #2800, #3638 ) ;
#1029 = DIRECTION ( 'NONE',  ( -1.000000000000000000, 0.000000000000000000, 0.000000000000000000 ) ) ;
#1030 = EDGE_LOOP ( 'NONE', ( #4720, #1749, #1190, #3934 ) ) ;
#1031 = EDGE_CURVE ( 'NONE', #3303, #2292, #3021, .T. ) ;
#1032 = ORIENTED_EDGE ( 'NONE', *, *, #2657, .T. ) ;
#1033 = ORIENTED_EDGE ( 'NONE', *, *, #141, .F. ) ;
#1034 = CIRCLE ( 'NONE', #3982, 2.999999999999999112 ) ;
#1035 = CARTESIAN_POINT ( 'NONE',  ( 0.000000000000000000, 0.000000000000000000, 15.00000000000000000 ) ) ;
#1036 = DIRECTION ( 'NONE',  ( 1.000000000000000000, 0.000000000000000000, 0.000000000000000000 ) ) ;
#1037 = CIRCLE ( 'NONE', #4476, 10.00000000000000178 ) ;
#1038 = AXIS2_PLACEMENT_3D ( 'NONE', #4851, #2872, #874 ) ;
#1039 = DIRECTION ( 'NONE',  ( 1.000000000000000000, 0.000000000000000000, -0.000000000000000000 ) ) ;
#1040 = LINE ( 'NONE', #4143, #2583 ) ;
#1041 = CIRCLE ( 'NONE', #1697, 85.49999999999998579 ) ;
#1042 = ORIENTED_EDGE ( 'NONE', *, *, #4888, .T. ) ;
#1043 = ADVANCED_FACE ( 'NONE', ( #3645 ), #1611, .F. ) ;
#1044 = CARTESIAN_POINT ( 'NONE',  ( 3.879751057680255411, -19.48635277547910150, -5.000000000000000000 ) ) ;
#1045 = ADVANCED_FACE ( 'NONE', ( #1243 ), #929, .F. ) ;
#1046 = DIRECTION ( 'NONE',  ( -1.684197549492045345E-16, 1.000000000000000000, 0.000000000000000000 ) ) ;
#1047 = EDGE_CURVE ( 'NONE', #252, #1083, #4733, .T. ) ;
#1048 = AXIS2_PLACEMENT_3D ( 'NONE', #5008, #2959, #2981 ) ;
#1049 = ORIENTED_EDGE ( 'NONE', *, *, #3711, .F. ) ;
#1050 = DIRECTION ( 'NONE',  ( 0.000000000000000000, -1.000000000000000000, 0.000000000000000000 ) ) ;
#1051 = ADVANCED_FACE ( 'NONE', ( #4393 ), #4058, .F. ) ;
#1052 = CARTESIAN_POINT ( 'NONE',  ( 10.15265604638385710, -81.86913058402886634, 4.190234453908698420 ) ) ;
#1053 = LINE ( 'NONE', #3819, #633 ) ;
#1054 = EDGE_LOOP ( 'NONE', ( #3270, #1106, #2500, #2824, #4006, #711, #3466, #332, #3710 ) ) ;
#1055 = CARTESIAN_POINT ( 'NONE',  ( 74.99999999999994316, 19.99999999999998579, 3.499999999999977796 ) ) ;
#1056 = LINE ( 'NONE', #3718, #3337 ) ;
#1057 = CARTESIAN_POINT ( 'NONE',  ( 54.77521879087281320, 51.23292741118268623, 5.731905520077830829 ) ) ;
#1058 = LINE ( 'NONE', #596, #2950 ) ;
#1059 = ORIENTED_EDGE ( 'NONE', *, *, #1953, .T. ) ;
#1060 = ORIENTED_EDGE ( 'NONE', *, *, #1446, .T. ) ;
#1061 = VERTEX_POINT ( 'NONE', #884 ) ;
#1062 = PLANE ( 'NONE',  #1370 ) ;
#1063 = CARTESIAN_POINT ( 'NONE',  ( -27.66829088000282511, -40.00000000000000000, 6.439198102782435207 ) ) ;
#1064 = CARTESIAN_POINT ( 'NONE',  ( -27.66829088000282511, 4.299999999999999822, 6.439198102782435207 ) ) ;
#1065 = CIRCLE ( 'NONE', #4684, 3.100000000000019185 ) ;
#1066 = CARTESIAN_POINT ( 'NONE',  ( -27.66829088000282511, -1.700000000000003508, 4.839198102782432898 ) ) ;
#1067 = ORIENTED_EDGE ( 'NONE', *, *, #1486, .F. ) ;
#1068 = VECTOR ( 'NONE', #743, 1000.000000000000000 ) ;
#1069 = CARTESIAN_POINT ( 'NONE',  ( -5.101246178873215520, -75.25005502424001236, 0.3498599383809776753 ) ) ;
#1070 = DIRECTION ( 'NONE',  ( 1.000000000000000000, 0.000000000000000000, 0.000000000000000000 ) ) ;
#1071 = ORIENTED_EDGE ( 'NONE', *, *, #4270, .T. ) ;
#1072 = AXIS2_PLACEMENT_3D ( 'NONE', #773, #4696, #2336 ) ;
#1073 = CARTESIAN_POINT ( 'NONE',  ( -3.894678355635797118, 75.39625000000000909, 0.000000000000000000 ) ) ;
#1074 = AXIS2_PLACEMENT_3D ( 'NONE', #3011, #1087, #2651 ) ;
#1075 = CARTESIAN_POINT ( 'NONE',  ( 28.19999999999999929, -69.50000000000000000, 3.499999999999980016 ) ) ;
#1076 = DIRECTION ( 'NONE',  ( -0.7071067811865479058, 0.7071067811865471286, -0.000000000000000000 ) ) ;
#1077 = ORIENTED_EDGE ( 'NONE', *, *, #2908, .T. ) ;
#1078 = VECTOR ( 'NONE', #2373, 1000.000000000000000 ) ;
#1079 = FACE_OUTER_BOUND ( 'NONE', #1284, .T. ) ;
#1080 = CARTESIAN_POINT ( 'NONE',  ( 56.70396056508993610, -49.09268506251422792, 6.905078990893436242 ) ) ;
#1081 = PLANE ( 'NONE',  #3031 ) ;
#1082 = CARTESIAN_POINT ( 'NONE',  ( -5.000000000000009770, 72.50000000000000000, 0.000000000000000000 ) ) ;
#1083 = VERTEX_POINT ( 'NONE', #2450 ) ;
#1084 = ORIENTED_EDGE ( 'NONE', *, *, #2004, .T. ) ;
#1085 = ORIENTED_EDGE ( 'NONE', *, *, #4035, .T. ) ;
#1086 = LINE ( 'NONE', #3727, #4332 ) ;
#1087 = DIRECTION ( 'NONE',  ( 0.000000000000000000, 0.000000000000000000, 1.000000000000000000 ) ) ;
#1088 = CARTESIAN_POINT ( 'NONE',  ( 6.792893912220831609, 1.699999999999998845, 5.000000000000000000 ) ) ;
#1089 = DIRECTION ( 'NONE',  ( -1.000000000000000000, 0.000000000000000000, 0.000000000000000000 ) ) ;
#1090 = EDGE_LOOP ( 'NONE', ( #2768, #4070, #4379, #1383 ) ) ;
#1091 = CARTESIAN_POINT ( 'NONE',  ( -31.00000000000000000, -1.700000000000003730, 5.000000000000000000 ) ) ;
#1092 = CARTESIAN_POINT ( 'NONE',  ( 63.39999999999998437, -45.00000000000000000, 5.000000000000000000 ) ) ;
#1093 = ORIENTED_EDGE ( 'NONE', *, *, #3838, .F. ) ;
#1094 = CARTESIAN_POINT ( 'NONE',  ( 64.99999999999998579, 45.00000000000000000, -5.000000000000000000 ) ) ;
#1095 = ORIENTED_EDGE ( 'NONE', *, *, #564, .T. ) ;
#1096 = ADVANCED_FACE ( 'NONE', ( #2067 ), #716, .F. ) ;
#1097 = FACE_OUTER_BOUND ( 'NONE', #3606, .T. ) ;
#1098 = CARTESIAN_POINT ( 'NONE',  ( 28.19999999999997087, 69.50000000000000000, 0.000000000000000000 ) ) ;
#1099 = ORIENTED_EDGE ( 'NONE', *, *, #1308, .F. ) ;
#1100 = CARTESIAN_POINT ( 'NONE',  ( -3.723637616690846919, 64.00000000000000000, 0.000000000000000000 ) ) ;
#1101 = AXIS2_PLACEMENT_3D ( 'NONE', #4796, #2845, #897 ) ;
#1102 = EDGE_CURVE ( 'NONE', #934, #4638, #1037, .T. ) ;
#1103 = CYLINDRICAL_SURFACE ( 'NONE', #4485, 1.600000000000004086 ) ;
#1104 = CARTESIAN_POINT ( 'NONE',  ( 56.70225853588004838, 49.09463923474300628, 6.903739959263213599 ) ) ;
#1105 = DIRECTION ( 'NONE',  ( 0.000000000000000000, 0.000000000000000000, 1.000000000000000000 ) ) ;
#1106 = ORIENTED_EDGE ( 'NONE', *, *, #4036, .T. ) ;
#1107 = AXIS2_PLACEMENT_3D ( 'NONE', #2859, #119, #4038 ) ;
#1108 = AXIS2_PLACEMENT_3D ( 'NONE', #5012, #1497, #3063 ) ;
#1109 = ADVANCED_FACE ( 'NONE', ( #526 ), #4885, .F. ) ;
#1110 = VERTEX_POINT ( 'NONE', #958 ) ;
#1111 = VERTEX_POINT ( 'NONE', #3702 ) ;
#1112 = AXIS2_PLACEMENT_3D ( 'NONE', #2822, #3692, #542 ) ;
#1113 = FACE_OUTER_BOUND ( 'NONE', #2572, .T. ) ;
#1114 = CARTESIAN_POINT ( 'NONE',  ( 23.99999999999997868, 55.00000000000000711, 5.000000000000000000 ) ) ;
#1115 = FACE_OUTER_BOUND ( 'NONE', #1537, .T. ) ;
#1116 = EDGE_CURVE ( 'NONE', #330, #61, #4498, .T. ) ;
#1117 = EDGE_CURVE ( 'NONE', #1168, #2275, #4399, .T. ) ;
#1118 = DIRECTION ( 'NONE',  ( 1.000000000000000000, 0.000000000000000000, 0.000000000000000000 ) ) ;
#1119 = VECTOR ( 'NONE', #586, 1000.000000000000000 ) ;
#1120 = FACE_OUTER_BOUND ( 'NONE', #2417, .T. ) ;
#1121 = EDGE_LOOP ( 'NONE', ( #2869, #1588, #2203, #4451, #556, #1978 ) ) ;
#1122 = DIRECTION ( 'NONE',  ( -0.000000000000000000, -0.000000000000000000, -1.000000000000000000 ) ) ;
#1123 = CIRCLE ( 'NONE', #1772, 4.250000000000006217 ) ;
#1124 = DIRECTION ( 'NONE',  ( 0.000000000000000000, 0.000000000000000000, -1.000000000000000000 ) ) ;
#1125 = ORIENTED_EDGE ( 'NONE', *, *, #3527, .F. ) ;
#1126 = CIRCLE ( 'NONE', #1940, 2.999999999999999112 ) ;
#1127 = AXIS2_PLACEMENT_3D ( 'NONE', #3201, #4359, #1256 ) ;
#1128 = CARTESIAN_POINT ( 'NONE',  ( -3.399999999999996803, -72.50000000000000000, 1.500000000000001332 ) ) ;
#1129 = ORIENTED_EDGE ( 'NONE', *, *, #2200, .T. ) ;
#1130 = DIRECTION ( 'NONE',  ( 1.000000000000000000, 0.000000000000000000, 0.000000000000000000 ) ) ;
#1131 = DIRECTION ( 'NONE',  ( 0.000000000000000000, 0.000000000000000000, 1.000000000000000000 ) ) ;
#1132 = CIRCLE ( 'NONE', #4401, 17.79999999999999716 ) ;
#1133 = ORIENTED_EDGE ( 'NONE', *, *, #4071, .T. ) ;
#1134 = DIRECTION ( 'NONE',  ( 0.000000000000000000, -1.000000000000000000, 0.000000000000000000 ) ) ;
#1135 = CONICAL_SURFACE ( 'NONE', #1781, 1.600000000000004086, 0.7853981633974463916 ) ;
#1136 = FACE_OUTER_BOUND ( 'NONE', #3184, .T. ) ;
#1137 = DIRECTION ( 'NONE',  ( 0.000000000000000000, -1.000000000000000000, 0.000000000000000000 ) ) ;
#1138 = ORIENTED_EDGE ( 'NONE', *, *, #2476, .T. ) ;
#1139 = EDGE_CURVE ( 'NONE', #1354, #3755, #1751, .T. ) ;
#1140 = ORIENTED_EDGE ( 'NONE', *, *, #4616, .F. ) ;
#1141 = ORIENTED_EDGE ( 'NONE', *, *, #2861, .F. ) ;
#1142 = LINE ( 'NONE', #346, #5058 ) ;
#1143 = ADVANCED_FACE ( 'NONE', ( #1729 ), #3895, .F. ) ;
#1144 = CARTESIAN_POINT ( 'NONE',  ( 69.73799092751333717, -4.000000000000008882, 0.000000000000000000 ) ) ;
#1145 = CARTESIAN_POINT ( 'NONE',  ( -3.723637616690846919, 64.00000000000000000, 0.000000000000000000 ) ) ;
#1146 = FACE_OUTER_BOUND ( 'NONE', #516, .T. ) ;
#1147 = ORIENTED_EDGE ( 'NONE', *, *, #2770, .T. ) ;
#1148 = ADVANCED_FACE ( 'NONE', ( #3288 ), #1296, .F. ) ;
#1149 = EDGE_CURVE ( 'NONE', #2179, #1801, #3970, .T. ) ;
#1150 = CARTESIAN_POINT ( 'NONE',  ( 10.32988139361452262, -108.3000000000000398, 6.439198102782434319 ) ) ;
#1151 = DIRECTION ( 'NONE',  ( -0.7071067811865462405, 8.659560562354916834E-17, 0.7071067811865489050 ) ) ;
#1152 = DIRECTION ( 'NONE',  ( 1.000000000000000000, 0.000000000000000000, 0.000000000000000000 ) ) ;
#1153 = ORIENTED_EDGE ( 'NONE', *, *, #2860, .F. ) ;
#1154 = VECTOR ( 'NONE', #4198, 1000.000000000000000 ) ;
#1155 = LINE ( 'NONE', #4610, #4732 ) ;
#1156 = CARTESIAN_POINT ( 'NONE',  ( -5.000000000000009770, -72.50000000000000000, 5.000000000000000000 ) ) ;
#1157 = VERTEX_POINT ( 'NONE', #1368 ) ;
#1158 = VECTOR ( 'NONE', #2361, 1000.000000000000000 ) ;
#1159 = EDGE_LOOP ( 'NONE', ( #3008, #3328, #3380, #5047 ) ) ;
#1160 = VECTOR ( 'NONE', #1672, 1000.000000000000000 ) ;
#1161 = EDGE_CURVE ( 'NONE', #4991, #2852, #205, .T. ) ;
#1162 = CARTESIAN_POINT ( 'NONE',  ( 15.00000000000000000, 1.699999999999999956, 10.00000000000000000 ) ) ;
#1163 = AXIS2_PLACEMENT_3D ( 'NONE', #1859, #4119, #4499 ) ;
#1164 = DIRECTION ( 'NONE',  ( 0.000000000000000000, -1.000000000000000000, 0.000000000000000000 ) ) ;
#1165 = AXIS2_PLACEMENT_3D ( 'NONE', #736, #2298, #5030 ) ;
#1166 = EDGE_LOOP ( 'NONE', ( #1099, #3866 ) ) ;
#1167 = ORIENTED_EDGE ( 'NONE', *, *, #4944, .F. ) ;
#1168 = VERTEX_POINT ( 'NONE', #2832 ) ;
#1169 = DIRECTION ( 'NONE',  ( -1.031172697806177805E-16, -1.000000000000000000, -0.000000000000000000 ) ) ;
#1170 = DIRECTION ( 'NONE',  ( -0.7071067811865462405, 0.000000000000000000, -0.7071067811865489050 ) ) ;
#1171 = DIRECTION ( 'NONE',  ( -0.000000000000000000, 0.000000000000000000, 1.000000000000000000 ) ) ;
#1172 = LINE ( 'NONE', #4278, #1272 ) ;
#1173 = VERTEX_POINT ( 'NONE', #2139 ) ;
#1174 = FACE_OUTER_BOUND ( 'NONE', #1210, .T. ) ;
#1175 = CARTESIAN_POINT ( 'NONE',  ( 4.146862743635832516, 29.48635277547910505, 5.000000000000000888 ) ) ;
#1176 = CARTESIAN_POINT ( 'NONE',  ( 76.59999999999999432, -19.99999999999998579, 0.000000000000000000 ) ) ;
#1177 = CARTESIAN_POINT ( 'NONE',  ( -5.390214731795754055, 75.26683810023727972, 0.3074171349558688648 ) ) ;
#1178 = ORIENTED_EDGE ( 'NONE', *, *, #2096, .T. ) ;
#1179 = CYLINDRICAL_SURFACE ( 'NONE', #635, 75.00000000000001421 ) ;
#1180 = DIRECTION ( 'NONE',  ( -0.000000000000000000, -0.000000000000000000, -1.000000000000000000 ) ) ;
#1181 = EDGE_CURVE ( 'NONE', #2106, #800, #731, .T. ) ;
#1182 = ORIENTED_EDGE ( 'NONE', *, *, #774, .F. ) ;
#1183 = ORIENTED_EDGE ( 'NONE', *, *, #71, .T. ) ;
#1184 = CARTESIAN_POINT ( 'NONE',  ( -27.66829088000282511, 11.99999999999999645, 6.439198102782435207 ) ) ;
#1185 = ADVANCED_FACE ( 'NONE', ( #887 ), #4860, .T. ) ;
#1186 = CARTESIAN_POINT ( 'NONE',  ( 3.879751057680255411, -29.48635277547910505, 4.713747003574108696 ) ) ;
#1187 = ORIENTED_EDGE ( 'NONE', *, *, #1712, .F. ) ;
#1188 = ORIENTED_EDGE ( 'NONE', *, *, #3324, .T. ) ;
#1189 = ADVANCED_FACE ( 'NONE', ( #1269 ), #3263, .F. ) ;
#1190 = ORIENTED_EDGE ( 'NONE', *, *, #1259, .T. ) ;
#1191 = EDGE_CURVE ( 'NONE', #1995, #248, #4159, .T. ) ;
#1192 = CARTESIAN_POINT ( 'NONE',  ( 8.600370242754996397, -108.3000000000000398, 5.000000000000000000 ) ) ;
#1193 = VECTOR ( 'NONE', #1152, 1000.000000000000000 ) ;
#1194 = CARTESIAN_POINT ( 'NONE',  ( -29.39780203086235133, 43.29999999999999716, 5.000000000000000000 ) ) ;
#1195 = VECTOR ( 'NONE', #2379, 1000.000000000000000 ) ;
#1196 = CARTESIAN_POINT ( 'NONE',  ( -25.93877972914330243, -2.700000000000000178, 5.000000000000000000 ) ) ;
#1197 = EDGE_LOOP ( 'NONE', ( #4342, #100, #4163, #2698 ) ) ;
#1198 = CARTESIAN_POINT ( 'NONE',  ( -32.41141100645621975, -40.00000000000000000, 5.000000000000000000 ) ) ;
#1199 = CARTESIAN_POINT ( 'NONE',  ( 10.32988139361452262, -108.3000000000000398, 6.439198102782434319 ) ) ;
#1200 = AXIS2_PLACEMENT_3D ( 'NONE', #4603, #3888, #1688 ) ;
#1201 = AXIS2_PLACEMENT_3D ( 'NONE', #2099, #3348, #966 ) ;
#1202 = LINE ( 'NONE', #3627, #536 ) ;
#1203 = EDGE_CURVE ( 'NONE', #692, #2697, #95, .T. ) ;
#1204 = EDGE_LOOP ( 'NONE', ( #2940, #3229 ) ) ;
#1205 = DIRECTION ( 'NONE',  ( -0.000000000000000000, -0.000000000000000000, -1.000000000000000000 ) ) ;
#1206 = ADVANCED_FACE ( 'NONE', ( #3239 ), #4063, .F. ) ;
#1207 = CARTESIAN_POINT ( 'NONE',  ( 21.50000000000000000, 5.500000000000000000, 5.000000000000000000 ) ) ;
#1208 = AXIS2_PLACEMENT_3D ( 'NONE', #40, #4368, #3163 ) ;
#1209 = VECTOR ( 'NONE', #4025, 1000.000000000000000 ) ;
#1210 = EDGE_LOOP ( 'NONE', ( #2666, #760, #3442, #4916 ) ) ;
#1211 = ORIENTED_EDGE ( 'NONE', *, *, #4692, .T. ) ;
#1212 = DIRECTION ( 'NONE',  ( 1.000000000000000000, 0.000000000000000000, -0.000000000000000000 ) ) ;
#1213 = EDGE_CURVE ( 'NONE', #3899, #2786, #3674, .T. ) ;
#1214 = VECTOR ( 'NONE', #3565, 1000.000000000000000 ) ;
#1215 = DIRECTION ( 'NONE',  ( 1.156482317317871133E-15, -1.000000000000000000, 0.000000000000000000 ) ) ;
#1216 = EDGE_LOOP ( 'NONE', ( #183, #2887, #3419, #2874 ) ) ;
#1217 = AXIS2_PLACEMENT_3D ( 'NONE', #4730, #421, #3543 ) ;
#1218 = ORIENTED_EDGE ( 'NONE', *, *, #3691, .T. ) ;
#1219 = ORIENTED_EDGE ( 'NONE', *, *, #4357, .T. ) ;
#1220 = DIRECTION ( 'NONE',  ( -0.000000000000000000, -0.000000000000000000, 1.000000000000000000 ) ) ;
#1221 = DIRECTION ( 'NONE',  ( 0.000000000000000000, 0.000000000000000000, 1.000000000000000000 ) ) ;
#1222 = ORIENTED_EDGE ( 'NONE', *, *, #845, .T. ) ;
#1223 = FACE_OUTER_BOUND ( 'NONE', #974, .T. ) ;
#1224 = DIRECTION ( 'NONE',  ( 1.000000000000000000, 0.000000000000000000, 0.000000000000000000 ) ) ;
#1225 = ORIENTED_EDGE ( 'NONE', *, *, #3780, .T. ) ;
#1226 = CARTESIAN_POINT ( 'NONE',  ( 64.99999999999998579, -45.00000000000000000, 1.500000000000018652 ) ) ;
#1227 = DIRECTION ( 'NONE',  ( 0.000000000000000000, -0.000000000000000000, 1.000000000000000000 ) ) ;
#1228 = ORIENTED_EDGE ( 'NONE', *, *, #4195, .T. ) ;
#1229 = DIRECTION ( 'NONE',  ( 1.000000000000000000, 0.000000000000000000, 0.000000000000000000 ) ) ;
#1230 = AXIS2_PLACEMENT_3D ( 'NONE', #2428, #479, #2927 ) ;
#1231 = CARTESIAN_POINT ( 'NONE',  ( 64.99999999999998579, -45.00000000000000000, 0.000000000000000000 ) ) ;
#1232 = CARTESIAN_POINT ( 'NONE',  ( 3.879751057680255411, -29.48635277547910505, -5.000000000000000000 ) ) ;
#1233 = AXIS2_PLACEMENT_3D ( 'NONE', #3145, #2813, #1227 ) ;
#1234 = AXIS2_PLACEMENT_3D ( 'NONE', #1082, #2210, #1029 ) ;
#1235 = ORIENTED_EDGE ( 'NONE', *, *, #236, .T. ) ;
#1236 = CARTESIAN_POINT ( 'NONE',  ( 15.10847152011856842, 19.11549668930982904, -5.000000000000000000 ) ) ;
#1237 = AXIS2_PLACEMENT_3D ( 'NONE', #423, #3137, #2299 ) ;
#1238 = ORIENTED_EDGE ( 'NONE', *, *, #2578, .F. ) ;
#1239 = AXIS2_PLACEMENT_3D ( 'NONE', #371, #399, #4680 ) ;
#1240 = ORIENTED_EDGE ( 'NONE', *, *, #1812, .F. ) ;
#1241 = DIRECTION ( 'NONE',  ( 0.000000000000000000, 0.000000000000000000, 1.000000000000000000 ) ) ;
#1242 = LINE ( 'NONE', #2752, #3359 ) ;
#1243 = FACE_OUTER_BOUND ( 'NONE', #2958, .T. ) ;
#1244 = CARTESIAN_POINT ( 'NONE',  ( 15.00000000000000000, 1.699999999999999956, 5.000000000000000000 ) ) ;
#1245 = ORIENTED_EDGE ( 'NONE', *, *, #445, .F. ) ;
#1246 = CARTESIAN_POINT ( 'NONE',  ( 1.958131467616236861E-14, 19.48635277547910505, 0.000000000000000000 ) ) ;
#1247 = FACE_OUTER_BOUND ( 'NONE', #1440, .T. ) ;
#1248 = EDGE_LOOP ( 'NONE', ( #3781, #4609, #4633, #4179 ) ) ;
#1249 = DIRECTION ( 'NONE',  ( 1.000000000000000000, 0.000000000000000000, -0.000000000000000000 ) ) ;
#1250 = DIRECTION ( 'NONE',  ( -1.000000000000000000, 0.000000000000000000, 0.000000000000000000 ) ) ;
#1251 = ORIENTED_EDGE ( 'NONE', *, *, #776, .T. ) ;
#1252 = ORIENTED_EDGE ( 'NONE', *, *, #2640, .T. ) ;
#1253 = EDGE_CURVE ( 'NONE', #416, #4308, #3748, .T. ) ;
#1254 = DIRECTION ( 'NONE',  ( 1.000000000000000000, 0.000000000000000000, 0.000000000000000000 ) ) ;
#1255 = FACE_OUTER_BOUND ( 'NONE', #3640, .T. ) ;
#1256 = DIRECTION ( 'NONE',  ( 1.000000000000000000, 0.000000000000000000, 0.000000000000000000 ) ) ;
#1257 = CARTESIAN_POINT ( 'NONE',  ( 64.99999999999998579, 45.00000000000000000, 1.500000000000018652 ) ) ;
#1258 = ORIENTED_EDGE ( 'NONE', *, *, #4573, .F. ) ;
#1259 = EDGE_CURVE ( 'NONE', #2343, #963, #2160, .T. ) ;
#1260 = DIRECTION ( 'NONE',  ( -0.000000000000000000, 0.000000000000000000, 1.000000000000000000 ) ) ;
#1261 = ORIENTED_EDGE ( 'NONE', *, *, #1181, .F. ) ;
#1262 = EDGE_CURVE ( 'NONE', #2214, #3954, #722, .T. ) ;
#1263 = EDGE_LOOP ( 'NONE', ( #3185, #2798, #4831, #4245 ) ) ;
#1264 = CARTESIAN_POINT ( 'NONE',  ( 24.00000000000000000, -40.00000000000000711, 15.00000000000000000 ) ) ;
#1265 = CARTESIAN_POINT ( 'NONE',  ( 9.674460083948700273, -84.95142306432458668, 4.261903129130805823 ) ) ;
#1266 = ADVANCED_FACE ( 'NONE', ( #682 ), #1883, .T. ) ;
#1267 = ORIENTED_EDGE ( 'NONE', *, *, #4484, .T. ) ;
#1268 = ADVANCED_FACE ( 'NONE', ( #4117 ), #3834, .F. ) ;
#1269 = FACE_OUTER_BOUND ( 'NONE', #3033, .T. ) ;
#1270 = CARTESIAN_POINT ( 'NONE',  ( 10.97782710711695309, -56.03677888582923572, 4.259370370433238406 ) ) ;
#1271 = DIRECTION ( 'NONE',  ( 0.7071067811865479058, -0.7071067811865472397, 0.000000000000000000 ) ) ;
#1272 = VECTOR ( 'NONE', #5034, 1000.000000000000000 ) ;
#1273 = FACE_OUTER_BOUND ( 'NONE', #759, .T. ) ;
#1274 = VERTEX_POINT ( 'NONE', #2553 ) ;
#1275 = AXIS2_PLACEMENT_3D ( 'NONE', #1184, #801, #3077 ) ;
#1276 = LINE ( 'NONE', #2840, #2356 ) ;
#1277 = LINE ( 'NONE', #985, #3363 ) ;
#1278 = ORIENTED_EDGE ( 'NONE', *, *, #2004, .F. ) ;
#1279 = EDGE_LOOP ( 'NONE', ( #3135, #2416, #3300, #636 ) ) ;
#1280 = CARTESIAN_POINT ( 'NONE',  ( 29.79999999999997584, 69.50000000000000000, 3.499999999999980016 ) ) ;
#1281 = VECTOR ( 'NONE', #1014, 1000.000000000000000 ) ;
#1282 = CARTESIAN_POINT ( 'NONE',  ( -24.00000000000000000, -6.699999999999997513, 5.000000000000000000 ) ) ;
#1283 = DIRECTION ( 'NONE',  ( 0.000000000000000000, 0.000000000000000000, -1.000000000000000000 ) ) ;
#1284 = EDGE_LOOP ( 'NONE', ( #2719, #2359 ) ) ;
#1285 = CARTESIAN_POINT ( 'NONE',  ( -32.41141100645621975, -40.00000000000000000, 5.000000000000000000 ) ) ;
#1286 = CIRCLE ( 'NONE', #4154, 1.600000000000004086 ) ;
#1287 = CARTESIAN_POINT ( 'NONE',  ( -6.105321644364227751, -75.39625000000000909, 0.000000000000000000 ) ) ;
#1288 = ORIENTED_EDGE ( 'NONE', *, *, #1329, .F. ) ;
#1289 = EDGE_LOOP ( 'NONE', ( #1843, #3570 ) ) ;
#1290 = LINE ( 'NONE', #2803, #1617 ) ;
#1291 = LINE ( 'NONE', #185, #4269 ) ;
#1292 = CARTESIAN_POINT ( 'NONE',  ( 9.228522122178738130, -85.00062790405078772, 4.470332851150003783 ) ) ;
#1293 = VECTOR ( 'NONE', #3258, 1000.000000000000000 ) ;
#1294 = EDGE_CURVE ( 'NONE', #4837, #4671, #3366, .T. ) ;
#1295 = ORIENTED_EDGE ( 'NONE', *, *, #3389, .T. ) ;
#1296 = PLANE ( 'NONE',  #1107 ) ;
#1297 = LINE ( 'NONE', #914, #4712 ) ;
#1298 = EDGE_CURVE ( 'NONE', #871, #2602, #1086, .T. ) ;
#1299 = EDGE_LOOP ( 'NONE', ( #28, #1492, #1570, #2293 ) ) ;
#1300 = EDGE_CURVE ( 'NONE', #321, #1339, #3443, .T. ) ;
#1301 = LINE ( 'NONE', #3551, #4479 ) ;
#1302 = LINE ( 'NONE', #2531, #1281 ) ;
#1303 = EDGE_LOOP ( 'NONE', ( #2079, #3519, #1909, #4002, #2674 ) ) ;
#1304 = LINE ( 'NONE', #1280, #3308 ) ;
#1305 = CARTESIAN_POINT ( 'NONE',  ( 0.000000000000000000, 0.000000000000000000, 5.000000000000000000 ) ) ;
#1306 = CARTESIAN_POINT ( 'NONE',  ( -9.000000000000000000, 29.48635277547911926, 17.00000000000000000 ) ) ;
#1307 = ORIENTED_EDGE ( 'NONE', *, *, #144, .F. ) ;
#1308 = EDGE_CURVE ( 'NONE', #3694, #2709, #807, .T. ) ;
#1309 = VECTOR ( 'NONE', #1999, 1000.000000000000000 ) ;
#1310 = DIRECTION ( 'NONE',  ( -0.000000000000000000, -0.000000000000000000, -1.000000000000000000 ) ) ;
#1311 = CARTESIAN_POINT ( 'NONE',  ( 26.50000000000000000, -5.500000000000000000, 0.000000000000000000 ) ) ;
#1312 = VERTEX_POINT ( 'NONE', #3036 ) ;
#1313 = VERTEX_POINT ( 'NONE', #1778 ) ;
#1314 = VECTOR ( 'NONE', #3708, 1000.000000000000000 ) ;
#1315 = LINE ( 'NONE', #163, #2604 ) ;
#1316 = CARTESIAN_POINT ( 'NONE',  ( 3.879751057680255411, 29.48635277547910505, -5.000000000000000000 ) ) ;
#1317 = DIRECTION ( 'NONE',  ( 1.000000000000000000, 0.000000000000000000, 0.000000000000000000 ) ) ;
#1318 = AXIS2_PLACEMENT_3D ( 'NONE', #2952, #1105, #1004 ) ;
#1319 = ORIENTED_EDGE ( 'NONE', *, *, #1784, .F. ) ;
#1320 = DIRECTION ( 'NONE',  ( 1.000000000000000000, 8.673617379884035472E-16, 0.000000000000000000 ) ) ;
#1321 = VECTOR ( 'NONE', #4798, 1000.000000000000000 ) ;
#1322 = CARTESIAN_POINT ( 'NONE',  ( 0.000000000000000000, -2.700000000000000178, 5.000000000000000000 ) ) ;
#1323 = ORIENTED_EDGE ( 'NONE', *, *, #4554, .F. ) ;
#1324 = EDGE_CURVE ( 'NONE', #4775, #4804, #3574, .T. ) ;
#1325 = CARTESIAN_POINT ( 'NONE',  ( -22.14686274363582896, 11.99999999999999289, 5.000000000000000888 ) ) ;
#1326 = CARTESIAN_POINT ( 'NONE',  ( -9.250000000000017764, -79.50000000000001421, 5.000000000000000000 ) ) ;
#1327 = ORIENTED_EDGE ( 'NONE', *, *, #3116, .F. ) ;
#1328 = CARTESIAN_POINT ( 'NONE',  ( -27.38875556251408483, -43.00000000000000000, 0.000000000000000000 ) ) ;
#1329 = EDGE_CURVE ( 'NONE', #2249, #4529, #2190, .T. ) ;
#1330 = LINE ( 'NONE', #4384, #4727 ) ;
#1331 = LINE ( 'NONE', #2513, #3569 ) ;
#1332 = ORIENTED_EDGE ( 'NONE', *, *, #4216, .F. ) ;
#1333 = PLANE ( 'NONE',  #1112 ) ;
#1334 =( LENGTH_UNIT ( ) NAMED_UNIT ( * ) SI_UNIT ( .MILLI., .METRE. ) );
#1335 = ORIENTED_EDGE ( 'NONE', *, *, #2387, .F. ) ;
#1336 = ADVANCED_FACE ( 'NONE', ( #4597 ), #1062, .F. ) ;
#1337 = CARTESIAN_POINT ( 'NONE',  ( -26.00000000000000000, -1.700000000000003064, -57.50000000000000000 ) ) ;
#1338 = CARTESIAN_POINT ( 'NONE',  ( -27.26335323545367118, 40.00000000000000000, 4.220924875190603665 ) ) ;
#1339 = VERTEX_POINT ( 'NONE', #1827 ) ;
#1340 = ADVANCED_FACE ( 'NONE', ( #655 ), #2215, .F. ) ;
#1341 = VERTEX_POINT ( 'NONE', #4908 ) ;
#1342 = CARTESIAN_POINT ( 'NONE',  ( 15.10847152011856842, 19.11549668930982904, 5.000000000000000000 ) ) ;
#1343 = AXIS2_PLACEMENT_3D ( 'NONE', #2914, #253, #4533 ) ;
#1344 = DIRECTION ( 'NONE',  ( 1.000000000000000000, 0.000000000000000000, 0.000000000000000000 ) ) ;
#1345 = ORIENTED_EDGE ( 'NONE', *, *, #2597, .T. ) ;
#1346 = DIRECTION ( 'NONE',  ( -0.000000000000000000, -0.000000000000000000, -1.000000000000000000 ) ) ;
#1347 = CARTESIAN_POINT ( 'NONE',  ( 0.000000000000000000, 0.000000000000000000, 5.000000000000000000 ) ) ;
#1348 = ORIENTED_EDGE ( 'NONE', *, *, #117, .T. ) ;
#1349 = EDGE_CURVE ( 'NONE', #4708, #1173, #1392, .T. ) ;
#1350 = DIRECTION ( 'NONE',  ( 1.084202172485504434E-16, -1.000000000000000000, 0.000000000000000000 ) ) ;
#1351 = ADVANCED_FACE ( 'NONE', ( #4140 ), #2188, .F. ) ;
#1352 = CARTESIAN_POINT ( 'NONE',  ( 10.47973602539093463, -81.91185498366731110, 4.188244991988772092 ) ) ;
#1353 = FACE_BOUND ( 'NONE', #2184, .T. ) ;
#1354 = VERTEX_POINT ( 'NONE', #3805 ) ;
#1355 = AXIS2_PLACEMENT_3D ( 'NONE', #3462, #4235, #4263 ) ;
#1356 = AXIS2_PLACEMENT_3D ( 'NONE', #2197, #3813, #744 ) ;
#1357 = PLANE ( 'NONE',  #4223 ) ;
#1358 = LINE ( 'NONE', #4873, #5033 ) ;
#1359 = ORIENTED_EDGE ( 'NONE', *, *, #4065, .F. ) ;
#1360 = EDGE_CURVE ( 'NONE', #248, #2953, #3756, .T. ) ;
#1361 = FACE_OUTER_BOUND ( 'NONE', #3253, .T. ) ;
#1362 = LINE ( 'NONE', #3698, #3777 ) ;
#1363 = DIRECTION ( 'NONE',  ( 0.000000000000000000, -1.000000000000000000, 0.000000000000000000 ) ) ;
#1364 = AXIS2_PLACEMENT_3D ( 'NONE', #1406, #4825, #3767 ) ;
#1365 = ORIENTED_EDGE ( 'NONE', *, *, #1486, .T. ) ;
#1366 = AXIS2_PLACEMENT_3D ( 'NONE', #1231, #2439, #4797 ) ;
#1367 = VERTEX_POINT ( 'NONE', #2726 ) ;
#1368 = CARTESIAN_POINT ( 'NONE',  ( -1.899999999999990141, 72.50000000000000000, 0.000000000000000000 ) ) ;
#1369 = CARTESIAN_POINT ( 'NONE',  ( 78.09999999999996589, 19.99999999999998579, 5.000000000000000000 ) ) ;
#1370 = AXIS2_PLACEMENT_3D ( 'NONE', #4524, #4214, #1442 ) ;
#1371 = DIRECTION ( 'NONE',  ( 0.000000000000000000, -1.000000000000000000, 0.000000000000000000 ) ) ;
#1372 = EDGE_CURVE ( 'NONE', #1741, #791, #1950, .T. ) ;
#1373 = VECTOR ( 'NONE', #1512, 1000.000000000000000 ) ;
#1374 = PLANE ( 'NONE',  #1929 ) ;
#1375 = EDGE_LOOP ( 'NONE', ( #3542, #3294, #2965, #204 ) ) ;
#1376 = LINE ( 'NONE', #4863, #4585 ) ;
#1377 = LINE ( 'NONE', #1326, #1119 ) ;
#1378 = ORIENTED_EDGE ( 'NONE', *, *, #487, .F. ) ;
#1379 = PLANE ( 'NONE',  #2089 ) ;
#1380 = EDGE_CURVE ( 'NONE', #386, #2214, #1142, .T. ) ;
#1381 = LINE ( 'NONE', #1841, #4237 ) ;
#1382 = CARTESIAN_POINT ( 'NONE',  ( 3.879751057680255411, -19.48635277547910150, 0.000000000000000000 ) ) ;
#1383 = ORIENTED_EDGE ( 'NONE', *, *, #1015, .F. ) ;
#1384 = DIRECTION ( 'NONE',  ( -1.000000000000000000, 0.000000000000000000, 0.000000000000000000 ) ) ;
#1385 = APPLICATION_PROTOCOL_DEFINITION ( 'draft international standard', 'automotive_design', 1998, #2794 ) ;
#1386 = ORIENTED_EDGE ( 'NONE', *, *, #4147, .F. ) ;
#1387 = CARTESIAN_POINT ( 'NONE',  ( -13.00000000000002665, 78.00000000000001421, 5.000000000000000000 ) ) ;
#1388 = CARTESIAN_POINT ( 'NONE',  ( -13.00000000000001243, -78.00000000000001421, 0.000000000000000000 ) ) ;
#1389 = ORIENTED_EDGE ( 'NONE', *, *, #3536, .T. ) ;
#1390 = CIRCLE ( 'NONE', #12, 1.600000000000004086 ) ;
#1391 = ORIENTED_EDGE ( 'NONE', *, *, #1360, .T. ) ;
#1392 = LINE ( 'NONE', #1008, #3422 ) ;
#1393 = EDGE_CURVE ( 'NONE', #1313, #2400, #2700, .T. ) ;
#1394 = DIRECTION ( 'NONE',  ( -0.000000000000000000, -0.000000000000000000, 1.000000000000000000 ) ) ;
#1395 = CIRCLE ( 'NONE', #2384, 3.100000000000019185 ) ;
#1396 = AXIS2_PLACEMENT_3D ( 'NONE', #2856, #2545, #569 ) ;
#1397 = CARTESIAN_POINT ( 'NONE',  ( -1.899999999999990141, 72.50000000000000000, 0.000000000000000000 ) ) ;
#1398 = ORIENTED_EDGE ( 'NONE', *, *, #2170, .T. ) ;
#1399 = AXIS2_PLACEMENT_3D ( 'NONE', #325, #1171, #1496 ) ;
#1400 = VECTOR ( 'NONE', #3778, 1000.000000000000000 ) ;
#1401 = DIRECTION ( 'NONE',  ( -1.000000000000000000, 0.000000000000000000, -0.000000000000000000 ) ) ;
#1402 = CARTESIAN_POINT ( 'NONE',  ( 17.37975105768025230, -29.48635277547909084, 0.000000000000000000 ) ) ;
#1403 = ORIENTED_EDGE ( 'NONE', *, *, #1957, .F. ) ;
#1404 = FACE_BOUND ( 'NONE', #1204, .T. ) ;
#1405 = CARTESIAN_POINT ( 'NONE',  ( 8.600370242754996397, -81.54761003194055036, 5.000000000000000000 ) ) ;
#1406 = CARTESIAN_POINT ( 'NONE',  ( -27.66829088000282866, 40.00000000000000000, 6.439198102782435207 ) ) ;
#1407 = ORIENTED_EDGE ( 'NONE', *, *, #3146, .T. ) ;
#1408 = ADVANCED_FACE ( 'NONE', ( #5061 ), #1546, .F. ) ;
#1409 = CARTESIAN_POINT ( 'NONE',  ( 2.211772431870428059E-16, -1.699999999999999734, 0.000000000000000000 ) ) ;
#1410 = CARTESIAN_POINT ( 'NONE',  ( 52.13435301906726238, -53.93925756858932630, 5.000000000000000000 ) ) ;
#1411 = CARTESIAN_POINT ( 'NONE',  ( 60.00000000000000711, 45.00000000000000000, 14.60614315680120257 ) ) ;
#1412 = CARTESIAN_POINT ( 'NONE',  ( 6.792893912220831609, 1.699999999999999956, 5.000000000000000000 ) ) ;
#1413 = ORIENTED_EDGE ( 'NONE', *, *, #1047, .F. ) ;
#1414 = EDGE_CURVE ( 'NONE', #1543, #1110, #3520, .T. ) ;
#1415 = EDGE_CURVE ( 'NONE', #48, #3760, #1962, .T. ) ;
#1416 = ORIENTED_EDGE ( 'NONE', *, *, #3843, .T. ) ;
#1417 = ORIENTED_EDGE ( 'NONE', *, *, #1644, .F. ) ;
#1418 = ADVANCED_FACE ( 'NONE', ( #1113 ), #3859, .T. ) ;
#1419 = DIRECTION ( 'NONE',  ( 1.000000000000000000, 0.000000000000000000, 0.000000000000000000 ) ) ;
#1420 = ADVANCED_FACE ( 'NONE', ( #4297 ), #2678, .F. ) ;
#1421 = DIRECTION ( 'NONE',  ( 1.000000000000000000, -1.156482317317871133E-15, 0.000000000000000000 ) ) ;
#1422 = EDGE_CURVE ( 'NONE', #1550, #692, #442, .T. ) ;
#1423 = DIRECTION ( 'NONE',  ( 1.000000000000000000, 0.000000000000000000, 0.000000000000000000 ) ) ;
#1424 = ORIENTED_EDGE ( 'NONE', *, *, #3675, .T. ) ;
#1425 = DIRECTION ( 'NONE',  ( 1.000000000000000000, 0.000000000000000000, 0.000000000000000000 ) ) ;
#1426 = CARTESIAN_POINT ( 'NONE',  ( 10.32988139361452262, -108.3000000000000398, 6.439198102782434319 ) ) ;
#1427 = ORIENTED_EDGE ( 'NONE', *, *, #5007, .T. ) ;
#1428 = DIRECTION ( 'NONE',  ( -0.7071067811865479058, -0.7071067811865472397, -0.000000000000000000 ) ) ;
#1429 = LINE ( 'NONE', #4486, #549 ) ;
#1430 = DIRECTION ( 'NONE',  ( 0.9540134035875428298, -0.2997639500929227263, 0.000000000000000000 ) ) ;
#1431 = ORIENTED_EDGE ( 'NONE', *, *, #1002, .T. ) ;
#1432 = AXIS2_PLACEMENT_3D ( 'NONE', #4861, #2963, #1344 ) ;
#1433 = CYLINDRICAL_SURFACE ( 'NONE', #4467, 1.600000000000012967 ) ;
#1434 = CARTESIAN_POINT ( 'NONE',  ( 58.63961874376312977, -46.75955656306144448, 9.323294579584411323 ) ) ;
#1435 = DIRECTION ( 'NONE',  ( 0.000000000000000000, 0.000000000000000000, -1.000000000000000000 ) ) ;
#1436 = VECTOR ( 'NONE', #4938, 1000.000000000000000 ) ;
#1437 = CYLINDRICAL_SURFACE ( 'NONE', #2787, 1.000000000000000000 ) ;
#1438 = EDGE_LOOP ( 'NONE', ( #4061, #2426, #4613, #688 ) ) ;
#1439 = VERTEX_POINT ( 'NONE', #4272 ) ;
#1440 = EDGE_LOOP ( 'NONE', ( #1777, #679, #3276, #1818, #3495, #4859 ) ) ;
#1441 = VECTOR ( 'NONE', #4577, 1000.000000000000000 ) ;
#1442 = DIRECTION ( 'NONE',  ( 1.000000000000000000, 1.269309860470834724E-16, 0.000000000000000000 ) ) ;
#1443 = FACE_OUTER_BOUND ( 'NONE', #1263, .T. ) ;
#1444 = AXIS2_PLACEMENT_3D ( 'NONE', #4695, #2691, #2717 ) ;
#1445 = PLANE ( 'NONE',  #14 ) ;
#1446 = EDGE_CURVE ( 'NONE', #1556, #4905, #1573, .T. ) ;
#1447 = LINE ( 'NONE', #4602, #1023 ) ;
#1448 = AXIS2_PLACEMENT_3D ( 'NONE', #3874, #3897, #383 ) ;
#1449 = EDGE_LOOP ( 'NONE', ( #215, #551, #2723, #2586 ) ) ;
#1450 = CARTESIAN_POINT ( 'NONE',  ( -4.803509734410832621, -75.25343447218324400, 0.3412197866844832173 ) ) ;
#1451 = DIRECTION ( 'NONE',  ( 1.000000000000000000, -0.000000000000000000, -0.000000000000000000 ) ) ;
#1452 = VECTOR ( 'NONE', #2502, 1000.000000000000000 ) ;
#1453 = EDGE_LOOP ( 'NONE', ( #3722, #2265, #1245, #2858, #2756, #1042 ) ) ;
#1454 = EDGE_CURVE ( 'NONE', #3303, #2363, #3136, .T. ) ;
#1455 = CARTESIAN_POINT ( 'NONE',  ( 19.94041122946007505, 28.42569260369927520, 0.000000000000000000 ) ) ;
#1456 = PLANE ( 'NONE',  #955 ) ;
#1457 = DIRECTION ( 'NONE',  ( -0.000000000000000000, -0.000000000000000000, 1.000000000000000000 ) ) ;
#1458 = EDGE_LOOP ( 'NONE', ( #4962, #2773 ) ) ;
#1459 = DIRECTION ( 'NONE',  ( -1.684197549492045345E-16, 1.000000000000000000, 0.000000000000000000 ) ) ;
#1460 = CARTESIAN_POINT ( 'NONE',  ( 21.50000000000000000, -8.500000000000000000, 0.000000000000000000 ) ) ;
#1461 = CARTESIAN_POINT ( 'NONE',  ( 54.51976593173041152, 51.50471610431252856, 5.626358561457842633 ) ) ;
#1462 = CYLINDRICAL_SURFACE ( 'NONE', #3355, 2.999999999999999112 ) ;
#1463 = ORIENTED_EDGE ( 'NONE', *, *, #2252, .T. ) ;
#1464 = ORIENTED_EDGE ( 'NONE', *, *, #4065, .T. ) ;
#1465 = ORIENTED_EDGE ( 'NONE', *, *, #38, .T. ) ;
#1466 = DIRECTION ( 'NONE',  ( 0.000000000000000000, -1.000000000000000000, -0.000000000000000000 ) ) ;
#1467 = DIRECTION ( 'NONE',  ( 0.000000000000000000, 0.000000000000000000, 1.000000000000000000 ) ) ;
#1468 = EDGE_CURVE ( 'NONE', #1823, #775, #810, .T. ) ;
#1469 = VECTOR ( 'NONE', #1990, 1000.000000000000000 ) ;
#1470 = DIRECTION ( 'NONE',  ( 1.000000000000000000, 0.000000000000000000, -0.000000000000000000 ) ) ;
#1471 = ORIENTED_EDGE ( 'NONE', *, *, #4405, .T. ) ;
#1472 = AXIS2_PLACEMENT_3D ( 'NONE', #4940, #1346, #1425 ) ;
#1473 = LINE ( 'NONE', #4303, #2462 ) ;
#1474 = CARTESIAN_POINT ( 'NONE',  ( -26.00000000000000000, -2.700000000000000178, 4.929461192026329819 ) ) ;
#1475 = ORIENTED_EDGE ( 'NONE', *, *, #3990, .T. ) ;
#1476 = DIRECTION ( 'NONE',  ( 0.7071067811865474617, 0.7071067811865474617, -0.000000000000000000 ) ) ;
#1477 = EDGE_CURVE ( 'NONE', #2179, #3641, #3937, .T. ) ;
#1478 = VECTOR ( 'NONE', #4444, 1000.000000000000000 ) ;
#1479 = EDGE_LOOP ( 'NONE', ( #1389, #1580, #606, #4794 ) ) ;
#1480 = LINE ( 'NONE', #2735, #1691 ) ;
#1481 = CARTESIAN_POINT ( 'NONE',  ( 4.146862743635832516, -11.99999999999999467, 5.000000000000000888 ) ) ;
#1482 = ORIENTED_EDGE ( 'NONE', *, *, #3928, .T. ) ;
#1483 = AXIS2_PLACEMENT_3D ( 'NONE', #4292, #2030, #4265 ) ;
#1484 = CYLINDRICAL_SURFACE ( 'NONE', #4636, 1.600000000000019851 ) ;
#1485 = DIRECTION ( 'NONE',  ( -1.000000000000000000, -0.000000000000000000, -0.000000000000000000 ) ) ;
#1486 = EDGE_CURVE ( 'NONE', #4832, #3178, #39, .T. ) ;
#1487 = CARTESIAN_POINT ( 'NONE',  ( 63.46271207802715963, -39.96859748489472963, 5.714922069843867192 ) ) ;
#1488 = PRESENTATION_STYLE_ASSIGNMENT (( #2976 ) ) ;
#1489 = DIRECTION ( 'NONE',  ( -0.000000000000000000, -0.000000000000000000, 1.000000000000000000 ) ) ;
#1490 = ORIENTED_EDGE ( 'NONE', *, *, #1747, .T. ) ;
#1491 = VERTEX_POINT ( 'NONE', #3161 ) ;
#1492 = ORIENTED_EDGE ( 'NONE', *, *, #5056, .T. ) ;
#1493 = DIRECTION ( 'NONE',  ( 1.004873251643209398E-15, -1.000000000000000000, -0.000000000000000000 ) ) ;
#1494 = CARTESIAN_POINT ( 'NONE',  ( 28.19999999999997087, 69.50000000000000000, 3.499999999999980016 ) ) ;
#1495 = CYLINDRICAL_SURFACE ( 'NONE', #913, 1.600000000000004086 ) ;
#1496 = DIRECTION ( 'NONE',  ( -1.000000000000000000, 0.000000000000000000, 0.000000000000000000 ) ) ;
#1497 = DIRECTION ( 'NONE',  ( 1.301042606982605074E-16, -1.000000000000000000, 0.000000000000000000 ) ) ;
#1498 = VERTEX_POINT ( 'NONE', #762 ) ;
#1499 = CARTESIAN_POINT ( 'NONE',  ( -14.60000000000004761, 78.00000000000001421, 3.499999999999994671 ) ) ;
#1500 = CARTESIAN_POINT ( 'NONE',  ( 29.80000000000000426, -69.50000000000000000, 5.000000000000000000 ) ) ;
#1501 = VERTEX_POINT ( 'NONE', #2296 ) ;
#1502 = CARTESIAN_POINT ( 'NONE',  ( 15.00000000000000000, -11.99999999999999645, 5.000000000000000000 ) ) ;
#1503 = ORIENTED_EDGE ( 'NONE', *, *, #2056, .F. ) ;
#1504 = CYLINDRICAL_SURFACE ( 'NONE', #385, 2.999999999999999112 ) ;
#1505 = FACE_OUTER_BOUND ( 'NONE', #213, .T. ) ;
#1506 = EDGE_CURVE ( 'NONE', #3192, #5017, #885, .T. ) ;
#1507 = ORIENTED_EDGE ( 'NONE', *, *, #3463, .F. ) ;
#1508 = CARTESIAN_POINT ( 'NONE',  ( -13.00000000000001243, -78.00000000000001421, 5.000000000000000000 ) ) ;
#1509 = FACE_BOUND ( 'NONE', #3330, .T. ) ;
#1510 = EDGE_CURVE ( 'NONE', #290, #2541, #1132, .T. ) ;
#1511 = CIRCLE ( 'NONE', #4709, 1.600000000000019851 ) ;
#1512 = DIRECTION ( 'NONE',  ( -0.000000000000000000, -0.000000000000000000, -1.000000000000000000 ) ) ;
#1513 = CARTESIAN_POINT ( 'NONE',  ( 15.00000000000000000, 6.700000000000001066, 10.00000000000000000 ) ) ;
#1514 = CARTESIAN_POINT ( 'NONE',  ( 7.385561428641676862, 2.320643566618823428, 0.000000000000000000 ) ) ;
#1515 = VERTEX_POINT ( 'NONE', #2319 ) ;
#1516 = AXIS2_PLACEMENT_3D ( 'NONE', #3311, #4881, #2427 ) ;
#1517 = CIRCLE ( 'NONE', #4382, 75.00000000000001421 ) ;
#1518 = VERTEX_POINT ( 'NONE', #3885 ) ;
#1519 = EDGE_CURVE ( 'NONE', #2566, #2740, #370, .T. ) ;
#1520 = VERTEX_POINT ( 'NONE', #3186 ) ;
#1521 = AXIS2_PLACEMENT_3D ( 'NONE', #2314, #5000, #3851 ) ;
#1522 = CARTESIAN_POINT ( 'NONE',  ( -9.000000000000000000, 11.99999999999998934, 17.00000000000000000 ) ) ;
#1523 = CARTESIAN_POINT ( 'NONE',  ( 24.00000000000000000, 39.00000000000000711, 5.000000000000000000 ) ) ;
#1524 = DIRECTION ( 'NONE',  ( 0.000000000000000000, 1.000000000000000000, 0.000000000000000000 ) ) ;
#1525 = CARTESIAN_POINT ( 'NONE',  ( -26.32965648517674140, -40.18156154753607012, 4.608974917403770633 ) ) ;
#1526 = ORIENTED_EDGE ( 'NONE', *, *, #3237, .F. ) ;
#1527 = DIRECTION ( 'NONE',  ( 1.000000000000000000, 0.000000000000000000, 0.000000000000000000 ) ) ;
#1528 = EDGE_CURVE ( 'NONE', #490, #4261, #1290, .T. ) ;
#1529 = VECTOR ( 'NONE', #2639, 1000.000000000000000 ) ;
#1530 = LINE ( 'NONE', #4665, #3736 ) ;
#1531 = AXIS2_PLACEMENT_3D ( 'NONE', #1663, #3221, #4534 ) ;
#1532 = DIRECTION ( 'NONE',  ( 0.000000000000000000, 0.000000000000000000, -1.000000000000000000 ) ) ;
#1533 = EDGE_LOOP ( 'NONE', ( #2968, #2790, #1332, #4049 ) ) ;
#1534 = CARTESIAN_POINT ( 'NONE',  ( 11.99999999999995204, 69.00000000000000000, 0.000000000000000000 ) ) ;
#1535 = CARTESIAN_POINT ( 'NONE',  ( 17.37975105768025230, -29.48635277547909084, -5.000000000000000000 ) ) ;
#1536 = AXIS2_PLACEMENT_3D ( 'NONE', #4679, #3957, #3909 ) ;
#1537 = EDGE_LOOP ( 'NONE', ( #3433, #534, #4268, #336, #988, #1711, #1125, #4227 ) ) ;
#1538 = ORIENTED_EDGE ( 'NONE', *, *, #128, .F. ) ;
#1539 = EDGE_CURVE ( 'NONE', #3654, #1354, #114, .T. ) ;
#1540 = DIRECTION ( 'NONE',  ( 0.7071067811865462405, 0.000000000000000000, 0.7071067811865489050 ) ) ;
#1541 = CIRCLE ( 'NONE', #725, 1.600000000000012967 ) ;
#1542 = CARTESIAN_POINT ( 'NONE',  ( 64.99999999999998579, 45.00000000000000000, 0.000000000000000000 ) ) ;
#1543 = VERTEX_POINT ( 'NONE', #522 ) ;
#1544 = ORIENTED_EDGE ( 'NONE', *, *, #2667, .F. ) ;
#1545 = ORIENTED_EDGE ( 'NONE', *, *, #4484, .F. ) ;
#1546 = PLANE ( 'NONE',  #3661 ) ;
#1547 = DIRECTION ( 'NONE',  ( 0.000000000000000000, 1.000000000000000000, 0.000000000000000000 ) ) ;
#1548 = DIRECTION ( 'NONE',  ( 1.269309860470834724E-16, -1.000000000000000000, 0.000000000000000000 ) ) ;
#1549 = LINE ( 'NONE', #2630, #789 ) ;
#1550 = VERTEX_POINT ( 'NONE', #1671 ) ;
#1551 = EDGE_CURVE ( 'NONE', #3316, #2275, #2846, .T. ) ;
#1552 = CARTESIAN_POINT ( 'NONE',  ( -26.00000000000000000, -1.700000000000003064, 5.000000000000000000 ) ) ;
#1553 = DIRECTION ( 'NONE',  ( -0.000000000000000000, -0.000000000000000000, -1.000000000000000000 ) ) ;
#1554 = EDGE_CURVE ( 'NONE', #2075, #1111, #2881, .T. ) ;
#1555 = CARTESIAN_POINT ( 'NONE',  ( 21.50000000000000000, -5.500000000000000000, 5.000000000000000000 ) ) ;
#1556 = VERTEX_POINT ( 'NONE', #1724 ) ;
#1557 = VECTOR ( 'NONE', #2760, 1000.000000000000000 ) ;
#1558 = DIRECTION ( 'NONE',  ( 1.000000000000000000, 0.000000000000000000, 0.000000000000000000 ) ) ;
#1559 = LINE ( 'NONE', #1207, #498 ) ;
#1560 = ORIENTED_EDGE ( 'NONE', *, *, #3079, .T. ) ;
#1561 = CIRCLE ( 'NONE', #4844, 1.600000000000012967 ) ;
#1562 = ORIENTED_EDGE ( 'NONE', *, *, #3537, .F. ) ;
#1563 = CIRCLE ( 'NONE', #91, 1.600000000000004086 ) ;
#1564 = ADVANCED_FACE ( 'NONE', ( #905 ), #3696, .F. ) ;
#1565 = DIRECTION ( 'NONE',  ( 1.000000000000000000, 0.000000000000000000, 0.000000000000000000 ) ) ;
#1566 = CIRCLE ( 'NONE', #1399, 13.00000000000003020 ) ;
#1567 = CARTESIAN_POINT ( 'NONE',  ( 63.53496838771602029, -39.85363723902788990, 5.460783922577091332 ) ) ;
#1568 = VECTOR ( 'NONE', #2893, 1000.000000000000000 ) ;
#1569 = LINE ( 'NONE', #3953, #672 ) ;
#1570 = ORIENTED_EDGE ( 'NONE', *, *, #2323, .F. ) ;
#1571 = ORIENTED_EDGE ( 'NONE', *, *, #820, .F. ) ;
#1572 = ORIENTED_EDGE ( 'NONE', *, *, #365, .F. ) ;
#1573 = LINE ( 'NONE', #4704, #311 ) ;
#1574 = CYLINDRICAL_SURFACE ( 'NONE', #1237, 2.999999999999999112 ) ;
#1575 = ADVANCED_FACE ( 'NONE', ( #471 ), #1650, .F. ) ;
#1576 = PLANE ( 'NONE',  #424 ) ;
#1577 = ADVANCED_FACE ( 'NONE', ( #2520 ), #3207, .F. ) ;
#1578 = DIRECTION ( 'NONE',  ( 1.156482317317871133E-15, -1.000000000000000000, 0.000000000000000000 ) ) ;
#1579 = EDGE_CURVE ( 'NONE', #4832, #3954, #1701, .T. ) ;
#1580 = ORIENTED_EDGE ( 'NONE', *, *, #1468, .T. ) ;
#1581 = DIRECTION ( 'NONE',  ( 0.000000000000000000, 0.000000000000000000, 1.000000000000000000 ) ) ;
#1582 = DIRECTION ( 'NONE',  ( -0.7071067811865479058, -0.7071067811865472397, 0.000000000000000000 ) ) ;
#1583 = EDGE_CURVE ( 'NONE', #4010, #1111, #393, .T. ) ;
#1584 = CARTESIAN_POINT ( 'NONE',  ( 3.879751057680255411, 19.48635277547910150, -5.000000000000000000 ) ) ;
#1585 = ORIENTED_EDGE ( 'NONE', *, *, #453, .T. ) ;
#1586 = CARTESIAN_POINT ( 'NONE',  ( -24.41141100645622330, 79.67309130887670676, 0.000000000000000000 ) ) ;
#1587 = CARTESIAN_POINT ( 'NONE',  ( -5.000000000000009770, 72.50000000000000000, 1.500000000000001332 ) ) ;
#1588 = ORIENTED_EDGE ( 'NONE', *, *, #141, .T. ) ;
#1589 = ORIENTED_EDGE ( 'NONE', *, *, #4977, .F. ) ;
#1590 = DIRECTION ( 'NONE',  ( 1.000000000000000000, 0.000000000000000000, 0.000000000000000000 ) ) ;
#1591 = DIRECTION ( 'NONE',  ( 0.000000000000000000, -0.000000000000000000, 1.000000000000000000 ) ) ;
#1592 = ORIENTED_EDGE ( 'NONE', *, *, #3988, .F. ) ;
#1593 = VECTOR ( 'NONE', #3478, 1000.000000000000000 ) ;
#1594 = ORIENTED_EDGE ( 'NONE', *, *, #289, .T. ) ;
#1595 = ORIENTED_EDGE ( 'NONE', *, *, #2854, .F. ) ;
#1596 = CARTESIAN_POINT ( 'NONE',  ( 8.600370242754996397, -108.3000000000000398, 5.000000000000000000 ) ) ;
#1597 = CARTESIAN_POINT ( 'NONE',  ( 61.89999999999997016, -45.00000000000000000, 0.000000000000000000 ) ) ;
#1598 = CIRCLE ( 'NONE', #1108, 1.600000000000000755 ) ;
#1599 = DIRECTION ( 'NONE',  ( -1.000000000000000000, 1.027984282060330356E-15, 0.000000000000000000 ) ) ;
#1600 = LINE ( 'NONE', #41, #2632 ) ;
#1601 = AXIS2_PLACEMENT_3D ( 'NONE', #4415, #1310, #2130 ) ;
#1602 = ORIENTED_EDGE ( 'NONE', *, *, #4751, .T. ) ;
#1603 = DIRECTION ( 'NONE',  ( -1.000000000000000000, -1.004873251643209398E-15, 0.000000000000000000 ) ) ;
#1604 = AXIS2_PLACEMENT_3D ( 'NONE', #3538, #1980, #2388 ) ;
#1605 = AXIS2_PLACEMENT_3D ( 'NONE', #4820, #2868, #1736 ) ;
#1606 = CARTESIAN_POINT ( 'NONE',  ( -27.38875556251408483, -43.00000000000000000, 5.000000000000000000 ) ) ;
#1607 = VERTEX_POINT ( 'NONE', #4833 ) ;
#1608 = VECTOR ( 'NONE', #1791, 1000.000000000000000 ) ;
#1609 = DIRECTION ( 'NONE',  ( 0.000000000000000000, 0.000000000000000000, 1.000000000000000000 ) ) ;
#1610 = PLANE ( 'NONE',  #3357 ) ;
#1611 = CONICAL_SURFACE ( 'NONE', #3652, 1.600000000000004086, 0.7853981633974463916 ) ;
#1612 = AXIS2_PLACEMENT_3D ( 'NONE', #461, #2817, #4000 ) ;
#1613 = ORIENTED_EDGE ( 'NONE', *, *, #3172, .T. ) ;
#1614 = EDGE_LOOP ( 'NONE', ( #4744, #426, #4144, #369 ) ) ;
#1615 = FACE_OUTER_BOUND ( 'NONE', #719, .T. ) ;
#1616 = CIRCLE ( 'NONE', #3830, 1.600000000000004086 ) ;
#1617 = VECTOR ( 'NONE', #4032, 1000.000000000000000 ) ;
#1618 = LINE ( 'NONE', #2847, #2916 ) ;
#1619 = CARTESIAN_POINT ( 'NONE',  ( 21.50000000000000000, 8.500000000000000000, 5.000000000000000000 ) ) ;
#1620 = FACE_OUTER_BOUND ( 'NONE', #4703, .T. ) ;
#1621 = ORIENTED_EDGE ( 'NONE', *, *, #4446, .F. ) ;
#1622 = AXIS2_PLACEMENT_3D ( 'NONE', #1542, #316, #1927 ) ;
#1623 = ORIENTED_EDGE ( 'NONE', *, *, #4645, .T. ) ;
#1624 = ORIENTED_EDGE ( 'NONE', *, *, #2667, .T. ) ;
#1625 = DIRECTION ( 'NONE',  ( -0.000000000000000000, -0.000000000000000000, 1.000000000000000000 ) ) ;
#1626 = CYLINDRICAL_SURFACE ( 'NONE', #4918, 2.249999999999998668 ) ;
#1627 = CARTESIAN_POINT ( 'NONE',  ( 11.84677783331284218, -84.67555714336100436, 4.744496943763918395 ) ) ;
#1628 = VERTEX_POINT ( 'NONE', #4055 ) ;
#1629 = LINE ( 'NONE', #1246, #832 ) ;
#1630 = EDGE_CURVE ( 'NONE', #2504, #3628, #1315, .T. ) ;
#1631 = DIRECTION ( 'NONE',  ( -1.000000000000000000, 0.000000000000000000, 0.000000000000000000 ) ) ;
#1632 = EDGE_LOOP ( 'NONE', ( #3525, #3814, #434, #4031, #587, #2978, #3518, #2838, #651, #1386, #4736, #1665, #2624, #2370, #4253, #1882, #4431, #4675, #730, #327, #1592, #2684, #841, #1932, #2775, #2878, #3468, #1803, #1571, #4 ) ) ;
#1633 = DIRECTION ( 'NONE',  ( 0.000000000000000000, -0.000000000000000000, 1.000000000000000000 ) ) ;
#1634 = CARTESIAN_POINT ( 'NONE',  ( 0.4872190505104145308, -62.83067427877482913, 1.928451080459455902 ) ) ;
#1635 = ADVANCED_FACE ( 'NONE', ( #928 ), #2849, .F. ) ;
#1636 = ORIENTED_EDGE ( 'NONE', *, *, #4959, .F. ) ;
#1637 = EDGE_CURVE ( 'NONE', #826, #4880, #3669, .T. ) ;
#1638 = DIRECTION ( 'NONE',  ( 1.027984282060330356E-15, 1.000000000000000000, 0.000000000000000000 ) ) ;
#1639 = VECTOR ( 'NONE', #4478, 1000.000000000000000 ) ;
#1640 = EDGE_CURVE ( 'NONE', #1518, #1367, #3099, .T. ) ;
#1641 = DIRECTION ( 'NONE',  ( -0.000000000000000000, -0.000000000000000000, -1.000000000000000000 ) ) ;
#1642 = CARTESIAN_POINT ( 'NONE',  ( -5.000000000000026645, 79.50000000000001421, 0.000000000000000000 ) ) ;
#1643 = ORIENTED_EDGE ( 'NONE', *, *, #3001, .F. ) ;
#1644 = EDGE_CURVE ( 'NONE', #493, #2514, #4780, .T. ) ;
#1645 = DIRECTION ( 'NONE',  ( -0.8875818559757202575, 0.4606500287015033446, 0.000000000000000000 ) ) ;
#1646 = AXIS2_PLACEMENT_3D ( 'NONE', #4275, #788, #3911 ) ;
#1647 = ORIENTED_EDGE ( 'NONE', *, *, #4307, .T. ) ;
#1648 = AXIS2_PLACEMENT_3D ( 'NONE', #2701, #1884, #1036 ) ;
#1649 = ORIENTED_EDGE ( 'NONE', *, *, #3609, .F. ) ;
#1650 = PLANE ( 'NONE',  #473 ) ;
#1651 = CARTESIAN_POINT ( 'NONE',  ( -26.02813002224691985, 40.33597079950683195, 4.892626089517133181 ) ) ;
#1652 = CARTESIAN_POINT ( 'NONE',  ( 22.41528496361299005, 11.80868324581541451, 5.000000000000000000 ) ) ;
#1653 = VERTEX_POINT ( 'NONE', #2825 ) ;
#1654 = DIRECTION ( 'NONE',  ( 1.000000000000000000, -1.387778780781446662E-15, 0.000000000000000000 ) ) ;
#1655 = DIRECTION ( 'NONE',  ( 0.000000000000000000, 0.000000000000000000, 1.000000000000000000 ) ) ;
#1656 = DIRECTION ( 'NONE',  ( 0.000000000000000000, 0.000000000000000000, -1.000000000000000000 ) ) ;
#1657 = ORIENTED_EDGE ( 'NONE', *, *, #4739, .T. ) ;
#1658 = CARTESIAN_POINT ( 'NONE',  ( 0.000000000000000000, 0.000000000000000000, 0.000000000000000000 ) ) ;
#1659 = DIRECTION ( 'NONE',  ( 0.000000000000000000, 1.000000000000000000, -0.000000000000000000 ) ) ;
#1660 = ORIENTED_EDGE ( 'NONE', *, *, #632, .F. ) ;
#1661 = EDGE_LOOP ( 'NONE', ( #3858, #234, #4386, #4442 ) ) ;
#1662 = CARTESIAN_POINT ( 'NONE',  ( 11.99999999999997513, -69.00000000000000000, 5.000000000000000000 ) ) ;
#1663 = CARTESIAN_POINT ( 'NONE',  ( -27.66829088000282511, 0.3000000000000025424, 6.439198102782435207 ) ) ;
#1664 = DIRECTION ( 'NONE',  ( 0.000000000000000000, 0.000000000000000000, -1.000000000000000000 ) ) ;
#1665 = ORIENTED_EDGE ( 'NONE', *, *, #4987, .T. ) ;
#1666 = ADVANCED_FACE ( 'NONE', ( #4465 ), #1135, .F. ) ;
#1667 = CARTESIAN_POINT ( 'NONE',  ( -25.93877972914330599, 40.38631349984743935, 5.000000000000000000 ) ) ;
#1668 = CARTESIAN_POINT ( 'NONE',  ( -14.27636238330915219, 64.00000000000000000, 0.000000000000000000 ) ) ;
#1669 = VERTEX_POINT ( 'NONE', #1264 ) ;
#1670 = EDGE_LOOP ( 'NONE', ( #1307, #1398, #1147, #625 ) ) ;
#1671 = CARTESIAN_POINT ( 'NONE',  ( 8.000000000000000000, 3.999999999999991562, 0.000000000000000000 ) ) ;
#1672 = DIRECTION ( 'NONE',  ( 0.000000000000000000, -1.000000000000000000, 0.000000000000000000 ) ) ;
#1673 = LINE ( 'NONE', #2398, #4068 ) ;
#1674 = EDGE_CURVE ( 'NONE', #2256, #3309, #2448, .T. ) ;
#1675 = EDGE_CURVE ( 'NONE', #3056, #3608, #3358, .T. ) ;
#1676 = ORIENTED_EDGE ( 'NONE', *, *, #1789, .T. ) ;
#1677 = CIRCLE ( 'NONE', #3553, 3.100000000000019185 ) ;
#1678 = CARTESIAN_POINT ( 'NONE',  ( 68.10000000000000853, 45.00000000000000000, 0.000000000000000000 ) ) ;
#1679 = CONICAL_SURFACE ( 'NONE', #450, 1.600000000000004086, 0.7853981633974463916 ) ;
#1680 = PLANE ( 'NONE',  #206 ) ;
#1681 = ORIENTED_EDGE ( 'NONE', *, *, #418, .T. ) ;
#1682 = ADVANCED_FACE ( 'NONE', ( #4515 ), #4975, .F. ) ;
#1683 = AXIS2_PLACEMENT_3D ( 'NONE', #855, #2897, #4463 ) ;
#1684 = PLANE ( 'NONE',  #2505 ) ;
#1685 = CARTESIAN_POINT ( 'NONE',  ( 0.000000000000000000, 0.000000000000000000, 3.000000000000000000 ) ) ;
#1686 = CARTESIAN_POINT ( 'NONE',  ( -9.250000000000031974, 79.50000000000001421, 5.000000000000000000 ) ) ;
#1687 = VERTEX_POINT ( 'NONE', #2180 ) ;
#1688 = DIRECTION ( 'NONE',  ( 0.000000000000000000, 0.000000000000000000, -1.000000000000000000 ) ) ;
#1689 = FACE_OUTER_BOUND ( 'NONE', #4541, .T. ) ;
#1690 = VECTOR ( 'NONE', #1124, 1000.000000000000000 ) ;
#1691 = VECTOR ( 'NONE', #2664, 999.9999999999998863 ) ;
#1692 = CARTESIAN_POINT ( 'NONE',  ( -14.27636238330915219, 64.00000000000000000, 0.000000000000000000 ) ) ;
#1693 = FACE_BOUND ( 'NONE', #2244, .T. ) ;
#1694 = ORIENTED_EDGE ( 'NONE', *, *, #670, .F. ) ;
#1695 = B_SPLINE_CURVE_WITH_KNOTS ( 'NONE', 3,
 ( #1073, #4257, #3815, #2282, #3121, #4693, #770, #2330, #3893, #1177, #355, #746, #3871, #380 ),
 .UNSPECIFIED., .F., .F.,
 ( 4, 2, 2, 2, 2, 2, 4 ),
 ( 9.214092860720703147E-19, 0.0005892147576963044754, 0.0008838221365444536232, 0.001178429515392602879, 0.001473036894240752244, 0.001767644273088901175, 0.002356859030785197085 ),
 .UNSPECIFIED. ) ;
#1696 = CARTESIAN_POINT ( 'NONE',  ( 21.50000000000000000, 5.500000000000000000, 5.000000000000000000 ) ) ;
#1697 = AXIS2_PLACEMENT_3D ( 'NONE', #1658, #916, #2482 ) ;
#1698 = CARTESIAN_POINT ( 'NONE',  ( -22.14686274363582896, 64.00000000000000000, 5.000000000000000888 ) ) ;
#1699 = VERTEX_POINT ( 'NONE', #4160 ) ;
#1700 = ORIENTED_EDGE ( 'NONE', *, *, #4987, .F. ) ;
#1701 = LINE ( 'NONE', #4367, #1293 ) ;
#1702 = DIRECTION ( 'NONE',  ( 1.000000000000000000, 1.301042606982605074E-16, 0.000000000000000000 ) ) ;
#1703 = CARTESIAN_POINT ( 'NONE',  ( 11.58213164311566779, -84.71242443846188053, 4.541060016008682254 ) ) ;
#1704 = VECTOR ( 'NONE', #2751, 1000.000000000000000 ) ;
#1705 = ORIENTED_EDGE ( 'NONE', *, *, #2044, .T. ) ;
#1706 = CARTESIAN_POINT ( 'NONE',  ( 0.000000000000000000, 0.000000000000000000, 5.000000000000000000 ) ) ;
#1707 = EDGE_CURVE ( 'NONE', #2802, #4778, #1056, .T. ) ;
#1708 = DIRECTION ( 'NONE',  ( -0.000000000000000000, 0.000000000000000000, 1.000000000000000000 ) ) ;
#1709 = ORIENTED_EDGE ( 'NONE', *, *, #5052, .T. ) ;
#1710 = CARTESIAN_POINT ( 'NONE',  ( 68.10000000000000853, 45.00000000000000000, 0.000000000000000000 ) ) ;
#1711 = ORIENTED_EDGE ( 'NONE', *, *, #3646, .T. ) ;
#1712 = EDGE_CURVE ( 'NONE', #4495, #3654, #3749, .T. ) ;
#1713 = ORIENTED_EDGE ( 'NONE', *, *, #3235, .F. ) ;
#1714 = DIRECTION ( 'NONE',  ( -0.000000000000000000, -0.000000000000000000, -1.000000000000000000 ) ) ;
#1715 = DIRECTION ( 'NONE',  ( 1.000000000000000000, 0.000000000000000000, 0.000000000000000000 ) ) ;
#1716 = LINE ( 'NONE', #3327, #4726 ) ;
#1717 = ADVANCED_FACE ( 'NONE', ( #1361 ), #3028, .F. ) ;
#1718 = VERTEX_POINT ( 'NONE', #2925 ) ;
#1719 = EDGE_CURVE ( 'NONE', #4775, #1793, #693, .T. ) ;
#1720 = PRESENTATION_LAYER_ASSIGNMENT (  '', '', ( #3610 ) ) ;
#1721 = DIRECTION ( 'NONE',  ( 0.9540134035875428298, 0.2997639500929227263, 0.000000000000000000 ) ) ;
#1722 = ORIENTED_EDGE ( 'NONE', *, *, #2431, .F. ) ;
#1723 = AXIS2_PLACEMENT_3D ( 'NONE', #3373, #4146, #3762 ) ;
#1724 = CARTESIAN_POINT ( 'NONE',  ( 17.37975105768025230, 29.48635277547909084, 0.000000000000000000 ) ) ;
#1725 = CARTESIAN_POINT ( 'NONE',  ( -3.399999999999996803, 72.50000000000000000, 5.000000000000000000 ) ) ;
#1726 = ORIENTED_EDGE ( 'NONE', *, *, #4776, .T. ) ;
#1727 = AXIS2_PLACEMENT_3D ( 'NONE', #240, #1798, #3361 ) ;
#1728 = ORIENTED_EDGE ( 'NONE', *, *, #4685, .F. ) ;
#1729 = FACE_OUTER_BOUND ( 'NONE', #2843, .T. ) ;
#1730 = EDGE_CURVE ( 'NONE', #3581, #5046, #1846, .T. ) ;
#1731 = VECTOR ( 'NONE', #57, 1000.000000000000000 ) ;
#1732 = EDGE_CURVE ( 'NONE', #4954, #3407, #284, .T. ) ;
#1733 = PLANE ( 'NONE',  #2420 ) ;
#1734 = ORIENTED_EDGE ( 'NONE', *, *, #4512, .T. ) ;
#1735 = CARTESIAN_POINT ( 'NONE',  ( -24.41141100645621975, 43.00000000000000000, 5.000000000000000000 ) ) ;
#1736 = DIRECTION ( 'NONE',  ( 0.000000000000000000, 0.000000000000000000, 1.000000000000000000 ) ) ;
#1737 = ORIENTED_EDGE ( 'NONE', *, *, #2111, .T. ) ;
#1738 = DIRECTION ( 'NONE',  ( -0.7071067811865474617, 0.7071067811865474617, 0.000000000000000000 ) ) ;
#1739 = CARTESIAN_POINT ( 'NONE',  ( 31.29999999999999361, 69.50000000000000000, 5.000000000000000000 ) ) ;
#1740 = DIRECTION ( 'NONE',  ( 0.000000000000000000, 0.000000000000000000, 1.000000000000000000 ) ) ;
#1741 = VERTEX_POINT ( 'NONE', #2544 ) ;
#1742 = LINE ( 'NONE', #3356, #4877 ) ;
#1743 = LINE ( 'NONE', #566, #130 ) ;
#1744 = ORIENTED_EDGE ( 'NONE', *, *, #3463, .T. ) ;
#1745 = CARTESIAN_POINT ( 'NONE',  ( 59.08694903148346356, -46.19279933482275169, 10.24942562538857871 ) ) ;
#1746 = FACE_OUTER_BOUND ( 'NONE', #2508, .T. ) ;
#1747 = EDGE_CURVE ( 'NONE', #457, #2138, #2258, .T. ) ;
#1748 = CARTESIAN_POINT ( 'NONE',  ( 64.99999999999998579, -45.00000000000000000, 0.000000000000000000 ) ) ;
#1749 = ORIENTED_EDGE ( 'NONE', *, *, #4548, .T. ) ;
#1750 = VERTEX_POINT ( 'NONE', #1769 ) ;
#1751 = LINE ( 'NONE', #911, #1022 ) ;
#1752 = DIRECTION ( 'NONE',  ( 0.000000000000000000, 0.000000000000000000, 1.000000000000000000 ) ) ;
#1753 = CARTESIAN_POINT ( 'NONE',  ( 63.39999999999998437, 45.00000000000000000, 5.000000000000000000 ) ) ;
#1754 = ADVANCED_FACE ( 'NONE', ( #3333 ), #4902, .F. ) ;
#1755 = AXIS2_PLACEMENT_3D ( 'NONE', #1662, #3660, #4456 ) ;
#1756 = CYLINDRICAL_SURFACE ( 'NONE', #4310, 2.999999999999999112 ) ;
#1757 = ORIENTED_EDGE ( 'NONE', *, *, #1958, .F. ) ;
#1758 = LINE ( 'NONE', #2166, #1314 ) ;
#1759 = AXIS2_PLACEMENT_3D ( 'NONE', #901, #3619, #4416 ) ;
#1760 = CARTESIAN_POINT ( 'NONE',  ( 11.99999999999997513, -69.00000000000000000, 0.000000000000000000 ) ) ;
#1761 = ORIENTED_EDGE ( 'NONE', *, *, #2095, .F. ) ;
#1762 = DIRECTION ( 'NONE',  ( 0.7071067811865471286, 0.7071067811865479058, 0.000000000000000000 ) ) ;
#1763 = AXIS2_PLACEMENT_3D ( 'NONE', #4302, #5066, #2326 ) ;
#1764 = DIRECTION ( 'NONE',  ( 0.000000000000000000, 0.000000000000000000, -1.000000000000000000 ) ) ;
#1765 = FACE_BOUND ( 'NONE', #3560, .T. ) ;
#1766 = ORIENTED_EDGE ( 'NONE', *, *, #4635, .T. ) ;
#1767 = DIRECTION ( 'NONE',  ( 1.000000000000000000, -0.000000000000000000, -0.000000000000000000 ) ) ;
#1768 = ORIENTED_EDGE ( 'NONE', *, *, #2784, .T. ) ;
#1769 = CARTESIAN_POINT ( 'NONE',  ( 29.48635277547846556, 18.87975105768089179, 5.000000000000000000 ) ) ;
#1770 = CYLINDRICAL_SURFACE ( 'NONE', #341, 1.600000000000004086 ) ;
#1771 = DIRECTION ( 'NONE',  ( 0.000000000000000000, 0.000000000000000000, 1.000000000000000000 ) ) ;
#1772 = AXIS2_PLACEMENT_3D ( 'NONE', #721, #644, #2202 ) ;
#1773 = ORIENTED_EDGE ( 'NONE', *, *, #4974, .F. ) ;
#1774 = VECTOR ( 'NONE', #90, 999.9999999999998863 ) ;
#1775 = VECTOR ( 'NONE', #1215, 1000.000000000000000 ) ;
#1776 = ORIENTED_EDGE ( 'NONE', *, *, #572, .F. ) ;
#1777 = ORIENTED_EDGE ( 'NONE', *, *, #200, .F. ) ;
#1778 = CARTESIAN_POINT ( 'NONE',  ( 14.23761543394930484, 19.48635277547909084, 0.000000000000000000 ) ) ;
#1779 = AXIS2_PLACEMENT_3D ( 'NONE', #4814, #553, #2119 ) ;
#1780 = DIRECTION ( 'NONE',  ( -0.000000000000000000, -1.000000000000000000, -0.000000000000000000 ) ) ;
#1781 = AXIS2_PLACEMENT_3D ( 'NONE', #2035, #568, #2133 ) ;
#1782 = CARTESIAN_POINT ( 'NONE',  ( 8.000000000000000000, 1.699999999999999956, 3.000000000000002665 ) ) ;
#1783 = EDGE_LOOP ( 'NONE', ( #3026, #3894, #1187, #4555 ) ) ;
#1784 = EDGE_CURVE ( 'NONE', #1869, #3086, #2523, .T. ) ;
#1785 = CARTESIAN_POINT ( 'NONE',  ( 29.79999999999997584, 69.50000000000000000, 0.000000000000000000 ) ) ;
#1786 = DIRECTION ( 'NONE',  ( 1.000000000000000000, 0.000000000000000000, 0.000000000000000000 ) ) ;
#1787 = EDGE_LOOP ( 'NONE', ( #1881, #2901 ) ) ;
#1788 = FACE_BOUND ( 'NONE', #2536, .T. ) ;
#1789 = EDGE_CURVE ( 'NONE', #4768, #2143, #4800, .T. ) ;
#1790 = CARTESIAN_POINT ( 'NONE',  ( 26.59999999999999432, -69.50000000000000000, 0.000000000000000000 ) ) ;
#1791 = DIRECTION ( 'NONE',  ( -1.031172697806177805E-16, -1.000000000000000000, -0.000000000000000000 ) ) ;
#1792 = EDGE_CURVE ( 'NONE', #2807, #4922, #4291, .T. ) ;
#1793 = VERTEX_POINT ( 'NONE', #1981 ) ;
#1794 = EDGE_CURVE ( 'NONE', #2275, #3316, #2443, .T. ) ;
#1795 = DIRECTION ( 'NONE',  ( 0.000000000000000000, 1.000000000000000000, 0.000000000000000000 ) ) ;
#1796 = EDGE_CURVE ( 'NONE', #4343, #2138, #3131, .T. ) ;
#1797 = CARTESIAN_POINT ( 'NONE',  ( 59.33927379964835325, -45.86821166305363562, 10.90791224255593761 ) ) ;
#1798 = DIRECTION ( 'NONE',  ( -1.000000000000000000, 0.000000000000000000, 0.000000000000000000 ) ) ;
#1799 = ORIENTED_EDGE ( 'NONE', *, *, #4783, .T. ) ;
#1800 = EDGE_CURVE ( 'NONE', #508, #357, #3753, .T. ) ;
#1801 = VERTEX_POINT ( 'NONE', #1186 ) ;
#1802 = VECTOR ( 'NONE', #173, 1000.000000000000000 ) ;
#1803 = ORIENTED_EDGE ( 'NONE', *, *, #4036, .F. ) ;
#1804 = CARTESIAN_POINT ( 'NONE',  ( -26.00000000000000000, -2.700000000000000178, -57.50000000000000000 ) ) ;
#1805 = CARTESIAN_POINT ( 'NONE',  ( 8.824715116110420254, -56.39305877938948441, 4.758940461482669804 ) ) ;
#1806 = CARTESIAN_POINT ( 'NONE',  ( 21.50000000000000000, 5.500000000000000000, 0.000000000000000000 ) ) ;
#1807 = DIRECTION ( 'NONE',  ( 0.000000000000000000, -0.000000000000000000, 1.000000000000000000 ) ) ;
#1808 = ORIENTED_EDGE ( 'NONE', *, *, #2960, .F. ) ;
#1809 = VECTOR ( 'NONE', #2141, 1000.000000000000000 ) ;
#1810 =( GEOMETRIC_REPRESENTATION_CONTEXT ( 3 ) GLOBAL_UNCERTAINTY_ASSIGNED_CONTEXT ( ( #3314 ) ) GLOBAL_UNIT_ASSIGNED_CONTEXT ( ( #2259, #1026, #5054 ) ) REPRESENTATION_CONTEXT ( 'NONE', 'WORKASPACE' ) );
#1811 = DIRECTION ( 'NONE',  ( -1.000000000000000000, 0.000000000000000000, 0.000000000000000000 ) ) ;
#1812 = EDGE_CURVE ( 'NONE', #4482, #2075, #1541, .T. ) ;
#1813 = LINE ( 'NONE', #3374, #3492 ) ;
#1814 = ORIENTED_EDGE ( 'NONE', *, *, #1422, .T. ) ;
#1815 = FACE_BOUND ( 'NONE', #4200, .T. ) ;
#1816 = DIRECTION ( 'NONE',  ( 1.269309860470834724E-16, -1.000000000000000000, 0.000000000000000000 ) ) ;
#1817 = CARTESIAN_POINT ( 'NONE',  ( 63.44288770224761009, 40.00000000000000711, 6.000000000000000000 ) ) ;
#1818 = ORIENTED_EDGE ( 'NONE', *, *, #4112, .F. ) ;
#1819 = CARTESIAN_POINT ( 'NONE',  ( 10.32988139361452262, 5.700000000000000178, 6.439198102782434319 ) ) ;
#1820 = DIRECTION ( 'NONE',  ( 0.000000000000000000, 0.000000000000000000, -1.000000000000000000 ) ) ;
#1821 = LINE ( 'NONE', #3383, #829 ) ;
#1822 = CARTESIAN_POINT ( 'NONE',  ( 60.00000000000001421, 45.00000000000000711, 15.00000000000000000 ) ) ;
#1823 = VERTEX_POINT ( 'NONE', #2315 ) ;
#1824 = ADVANCED_FACE ( 'NONE', ( #4617 ), #1103, .F. ) ;
#1825 = ORIENTED_EDGE ( 'NONE', *, *, #1630, .T. ) ;
#1826 = ORIENTED_EDGE ( 'NONE', *, *, #278, .T. ) ;
#1827 = CARTESIAN_POINT ( 'NONE',  ( 29.48635277547846556, -18.87975105768088824, 0.000000000000000000 ) ) ;
#1828 = LINE ( 'NONE', #3757, #2875 ) ;
#1829 = EDGE_CURVE ( 'NONE', #2807, #3840, #3153, .T. ) ;
#1830 = LINE ( 'NONE', #2527, #4682 ) ;
#1831 = EDGE_CURVE ( 'NONE', #544, #1439, #1954, .T. ) ;
#1832 = CARTESIAN_POINT ( 'NONE',  ( -27.38875556251408483, -40.00000000000000000, 4.206630073297899841 ) ) ;
#1833 = EDGE_LOOP ( 'NONE', ( #1182, #3792, #2599, #1378, #4244, #3940 ) ) ;
#1834 = LINE ( 'NONE', #1499, #3272 ) ;
#1835 = DIRECTION ( 'NONE',  ( 0.000000000000000000, 1.000000000000000000, 0.000000000000000000 ) ) ;
#1836 = VECTOR ( 'NONE', #4892, 1000.000000000000000 ) ;
#1837 = VERTEX_POINT ( 'NONE', #2671 ) ;
#1838 = CARTESIAN_POINT ( 'NONE',  ( -9.000000000000000000, 64.00000000000000000, 17.00000000000000000 ) ) ;
#1839 = ADVANCED_FACE ( 'NONE', ( #1136 ), #803, .F. ) ;
#1840 = AXIS2_PLACEMENT_3D ( 'NONE', #27, #794, #4226 ) ;
#1841 = CARTESIAN_POINT ( 'NONE',  ( -24.41141100645622330, 79.67309130887670676, 5.000000000000000000 ) ) ;
#1842 = CARTESIAN_POINT ( 'NONE',  ( 21.50000000000000000, 5.500000000000000000, 5.000000000000000000 ) ) ;
#1843 = ORIENTED_EDGE ( 'NONE', *, *, #513, .T. ) ;
#1844 = AXIS2_PLACEMENT_3D ( 'NONE', #4961, #4686, #790 ) ;
#1845 = CARTESIAN_POINT ( 'NONE',  ( 15.00000000000000000, -11.99999999999999645, 5.000000000000000000 ) ) ;
#1846 = LINE ( 'NONE', #4538, #67 ) ;
#1847 = ADVANCED_FACE ( 'NONE', ( #3436 ), #2290, .T. ) ;
#1848 = FACE_OUTER_BOUND ( 'NONE', #2409, .T. ) ;
#1849 = VECTOR ( 'NONE', #2151, 1000.000000000000000 ) ;
#1850 = LINE ( 'NONE', #4928, #754 ) ;
#1851 = EDGE_LOOP ( 'NONE', ( #1219, #1183, #2745, #591 ) ) ;
#1852 = EDGE_LOOP ( 'NONE', ( #4356, #3563, #351, #118 ) ) ;
#1853 = EDGE_LOOP ( 'NONE', ( #4567, #2069 ) ) ;
#1854 = AXIS2_PLACEMENT_3D ( 'NONE', #4920, #1740, #515 ) ;
#1855 = CARTESIAN_POINT ( 'NONE',  ( 10.32988139361452262, 1.699999999999993072, 6.439198102782434319 ) ) ;
#1856 = CARTESIAN_POINT ( 'NONE',  ( -32.41141100645621975, -1.700000000000000178, 5.000000000000000000 ) ) ;
#1857 = DIRECTION ( 'NONE',  ( 0.000000000000000000, 0.000000000000000000, 1.000000000000000000 ) ) ;
#1858 = AXIS2_PLACEMENT_3D ( 'NONE', #643, #178, #2612 ) ;
#1859 = CARTESIAN_POINT ( 'NONE',  ( 75.00000000000000000, -19.99999999999998579, 3.499999999999977796 ) ) ;
#1860 = EDGE_CURVE ( 'NONE', #3428, #1607, #3080, .T. ) ;
#1861 = CARTESIAN_POINT ( 'NONE',  ( 17.37975105768025230, 29.48635277547909084, 5.000000000000000000 ) ) ;
#1862 = AXIS2_PLACEMENT_3D ( 'NONE', #5043, #4259, #750 ) ;
#1863 = ORIENTED_EDGE ( 'NONE', *, *, #349, .T. ) ;
#1864 = AXIS2_PLACEMENT_3D ( 'NONE', #2041, #932, #2453 ) ;
#1865 = DIRECTION ( 'NONE',  ( 1.000000000000000000, 0.000000000000000000, 0.000000000000000000 ) ) ;
#1866 = CARTESIAN_POINT ( 'NONE',  ( 0.000000000000000000, 55.00000000000000711, 5.000000000000000000 ) ) ;
#1867 = ADVANCED_FACE ( 'NONE', ( #2695 ), #4264, .F. ) ;
#1868 = AXIS2_PLACEMENT_3D ( 'NONE', #1387, #1001, #2569 ) ;
#1869 = VERTEX_POINT ( 'NONE', #2342 ) ;
#1870 = CARTESIAN_POINT ( 'NONE',  ( -27.41141100645621265, 40.00000000000000000, 0.000000000000000000 ) ) ;
#1871 = ORIENTED_EDGE ( 'NONE', *, *, #2115, .T. ) ;
#1872 = CARTESIAN_POINT ( 'NONE',  ( -0.7500000000000206501, 79.50000000000001421, 0.000000000000000000 ) ) ;
#1873 = DIRECTION ( 'NONE',  ( 0.000000000000000000, -1.000000000000000000, 0.000000000000000000 ) ) ;
#1874 = ORIENTED_EDGE ( 'NONE', *, *, #602, .F. ) ;
#1875 = CARTESIAN_POINT ( 'NONE',  ( 1.119472792958979612, 61.79007681729230939, 2.327344283898804989 ) ) ;
#1876 = EDGE_CURVE ( 'NONE', #1061, #2034, #2772, .T. ) ;
#1877 = DIRECTION ( 'NONE',  ( 1.000000000000000000, 0.000000000000000000, 0.000000000000000000 ) ) ;
#1878 = CARTESIAN_POINT ( 'NONE',  ( 8.600370242754996397, -85.06634840927129915, 5.000000000000000000 ) ) ;
#1879 = LINE ( 'NONE', #4978, #3277 ) ;
#1880 = ORIENTED_EDGE ( 'NONE', *, *, #200, .T. ) ;
#1881 = ORIENTED_EDGE ( 'NONE', *, *, #3838, .T. ) ;
#1882 = ORIENTED_EDGE ( 'NONE', *, *, #25, .T. ) ;
#1883 = PLANE ( 'NONE',  #3012 ) ;
#1884 = DIRECTION ( 'NONE',  ( 0.000000000000000000, 0.000000000000000000, 1.000000000000000000 ) ) ;
#1885 = DIRECTION ( 'NONE',  ( 1.000000000000000000, 0.000000000000000000, 0.000000000000000000 ) ) ;
#1886 = DIRECTION ( 'NONE',  ( 1.000000000000000000, 0.000000000000000000, 0.000000000000000000 ) ) ;
#1887 = CIRCLE ( 'NONE', #4266, 1.600000000000004086 ) ;
#1888 = CARTESIAN_POINT ( 'NONE',  ( 78.10000000000002274, -19.99999999999998579, 5.000000000000000000 ) ) ;
#1889 = ORIENTED_EDGE ( 'NONE', *, *, #3612, .T. ) ;
#1890 = EDGE_CURVE ( 'NONE', #4279, #3303, #4886, .T. ) ;
#1891 = CARTESIAN_POINT ( 'NONE',  ( -4.235177914235055852, -75.31514946607923378, 0.1882044326705177018 ) ) ;
#1892 = DIRECTION ( 'NONE',  ( 0.000000000000000000, 0.000000000000000000, -1.000000000000000000 ) ) ;
#1893 = ADVANCED_FACE ( 'NONE', ( #4412 ), #879, .F. ) ;
#1894 = VERTEX_POINT ( 'NONE', #1282 ) ;
#1895 = AXIS2_PLACEMENT_3D ( 'NONE', #4194, #2626, #3423 ) ;
#1896 = LINE ( 'NONE', #5018, #4377 ) ;
#1897 = VECTOR ( 'NONE', #1170, 999.9999999999998863 ) ;
#1898 = ORIENTED_EDGE ( 'NONE', *, *, #821, .T. ) ;
#1899 = DIRECTION ( 'NONE',  ( 0.000000000000000000, 0.000000000000000000, 1.000000000000000000 ) ) ;
#1900 = CARTESIAN_POINT ( 'NONE',  ( 63.77141004759641163, 39.47436988165095784, 5.110927884924659992 ) ) ;
#1901 = ORIENTED_EDGE ( 'NONE', *, *, #4403, .T. ) ;
#1902 = EDGE_CURVE ( 'NONE', #1793, #934, #1618, .T. ) ;
#1903 = LINE ( 'NONE', #1162, #946 ) ;
#1904 = CARTESIAN_POINT ( 'NONE',  ( 63.58624869985479933, -39.77186856613715094, 5.351232755178237710 ) ) ;
#1905 = CARTESIAN_POINT ( 'NONE',  ( 50.99019513592785557, 55.00000000000000711, 5.000000000000000000 ) ) ;
#1906 = DIRECTION ( 'NONE',  ( 0.000000000000000000, -1.000000000000000000, 0.000000000000000000 ) ) ;
#1907 = ORIENTED_EDGE ( 'NONE', *, *, #2091, .F. ) ;
#1908 = VERTEX_POINT ( 'NONE', #2077 ) ;
#1909 = ORIENTED_EDGE ( 'NONE', *, *, #4371, .F. ) ;
#1910 = EDGE_CURVE ( 'NONE', #2002, #2138, #2681, .T. ) ;
#1911 = CARTESIAN_POINT ( 'NONE',  ( -5.000000000000009770, 72.50000000000000000, 5.000000000000000000 ) ) ;
#1912 = CARTESIAN_POINT ( 'NONE',  ( -31.00000000000000000, 11.99999999999999645, 5.000000000000000000 ) ) ;
#1913 = LINE ( 'NONE', #3835, #2391 ) ;
#1914 = CARTESIAN_POINT ( 'NONE',  ( 21.50000000000000000, 8.500000000000000000, 0.000000000000000000 ) ) ;
#1915 = CARTESIAN_POINT ( 'NONE',  ( -26.11507022029218561, -40.27634861054705340, 4.788148435129921943 ) ) ;
#1916 = VERTEX_POINT ( 'NONE', #4773 ) ;
#1917 = CARTESIAN_POINT ( 'NONE',  ( -4.903427243817026771, -75.24994626051771718, 0.3501367913276199895 ) ) ;
#1918 = EDGE_CURVE ( 'NONE', #2075, #4482, #3494, .T. ) ;
#1919 = DIRECTION ( 'NONE',  ( 0.000000000000000000, -1.000000000000000000, 0.000000000000000000 ) ) ;
#1920 = DIRECTION ( 'NONE',  ( -0.000000000000000000, 1.000000000000000000, -0.000000000000000000 ) ) ;
#1921 = ORIENTED_EDGE ( 'NONE', *, *, #3691, .F. ) ;
#1922 = CARTESIAN_POINT ( 'NONE',  ( -8.100000000000029843, 72.50000000000000000, 0.000000000000000000 ) ) ;
#1923 = CARTESIAN_POINT ( 'NONE',  ( 19.94041122946007505, 28.42569260369927520, 5.000000000000000000 ) ) ;
#1924 = VERTEX_POINT ( 'NONE', #2489 ) ;
#1925 = CARTESIAN_POINT ( 'NONE',  ( -32.41141100645621975, -6.699999999999997513, 5.000000000000000000 ) ) ;
#1926 = AXIS2_PLACEMENT_3D ( 'NONE', #689, #4608, #3047 ) ;
#1927 = DIRECTION ( 'NONE',  ( 1.000000000000000000, 0.000000000000000000, 0.000000000000000000 ) ) ;
#1928 = ORIENTED_EDGE ( 'NONE', *, *, #237, .T. ) ;
#1929 = AXIS2_PLACEMENT_3D ( 'NONE', #4937, #581, #4168 ) ;
#1930 = EDGE_CURVE ( 'NONE', #3547, #857, #4435, .T. ) ;
#1931 = EDGE_LOOP ( 'NONE', ( #3872, #525 ) ) ;
#1932 = ORIENTED_EDGE ( 'NONE', *, *, #2732, .F. ) ;
#1933 = VECTOR ( 'NONE', #1024, 1000.000000000000000 ) ;
#1934 = CARTESIAN_POINT ( 'NONE',  ( 0.000000000000000000, -64.00000000000000000, 5.000000000000000000 ) ) ;
#1935 = LINE ( 'NONE', #5062, #4589 ) ;
#1936 = CARTESIAN_POINT ( 'NONE',  ( -8.100000000000029843, 72.50000000000000000, 0.000000000000000000 ) ) ;
#1937 = VECTOR ( 'NONE', #533, 1000.000000000000000 ) ;
#1938 = CARTESIAN_POINT ( 'NONE',  ( 74.99999999999994316, 19.99999999999998579, 5.000000000000000000 ) ) ;
#1939 = ORIENTED_EDGE ( 'NONE', *, *, #1349, .T. ) ;
#1940 = AXIS2_PLACEMENT_3D ( 'NONE', #3446, #5011, #2682 ) ;
#1941 = CIRCLE ( 'NONE', #2511, 13.00000000000003197 ) ;
#1942 = CARTESIAN_POINT ( 'NONE',  ( -24.38875556251408483, -43.00000000000000000, 0.000000000000000000 ) ) ;
#1943 = DIRECTION ( 'NONE',  ( -0.000000000000000000, -0.000000000000000000, -1.000000000000000000 ) ) ;
#1944 = AXIS2_PLACEMENT_3D ( 'NONE', #2433, #506, #1609 ) ;
#1945 = LINE ( 'NONE', #1870, #2659 ) ;
#1946 = EDGE_LOOP ( 'NONE', ( #2607, #1218, #3975, #5006 ) ) ;
#1947 = EDGE_CURVE ( 'NONE', #2477, #3783, #131, .T. ) ;
#1948 = CARTESIAN_POINT ( 'NONE',  ( 0.000000000000000000, 0.000000000000000000, 15.00000000000000000 ) ) ;
#1949 = CARTESIAN_POINT ( 'NONE',  ( 15.00000000000000000, 0.000000000000000000, 0.000000000000000000 ) ) ;
#1950 = CIRCLE ( 'NONE', #1217, 2.249999999999998668 ) ;
#1951 = ORIENTED_EDGE ( 'NONE', *, *, #1947, .T. ) ;
#1952 = CARTESIAN_POINT ( 'NONE',  ( 2.581658769835686762, 59.96320227758236143, 3.451725736841528391 ) ) ;
#1953 = EDGE_CURVE ( 'NONE', #2776, #3682, #146, .T. ) ;
#1954 = LINE ( 'NONE', #757, #1373 ) ;
#1955 = DIRECTION ( 'NONE',  ( -0.7071067811865462405, 0.000000000000000000, -0.7071067811865489050 ) ) ;
#1956 = ORIENTED_EDGE ( 'NONE', *, *, #4663, .F. ) ;
#1957 = EDGE_CURVE ( 'NONE', #4604, #2295, #4747, .T. ) ;
#1958 = EDGE_CURVE ( 'NONE', #2697, #2574, #56, .T. ) ;
#1959 = ORIENTED_EDGE ( 'NONE', *, *, #4089, .T. ) ;
#1960 = EDGE_LOOP ( 'NONE', ( #4993, #982, #187, #1863 ) ) ;
#1961 = EDGE_CURVE ( 'NONE', #290, #4991, #2028, .T. ) ;
#1962 = LINE ( 'NONE', #2396, #2519 ) ;
#1963 = CARTESIAN_POINT ( 'NONE',  ( 19.94041122946007505, -28.42569260369927520, -5.000000000000000000 ) ) ;
#1964 = CARTESIAN_POINT ( 'NONE',  ( 19.94041122946007505, 28.42569260369927520, -5.000000000000000000 ) ) ;
#1965 = DIRECTION ( 'NONE',  ( 1.000000000000000000, -1.004873251643209398E-15, -0.000000000000000000 ) ) ;
#1966 = CARTESIAN_POINT ( 'NONE',  ( 12.05939254447404707, -19.48635277547909439, 5.000000000000000000 ) ) ;
#1967 = ORIENTED_EDGE ( 'NONE', *, *, #429, .F. ) ;
#1968 = DIRECTION ( 'NONE',  ( 1.000000000000000000, 0.000000000000000000, 0.000000000000000000 ) ) ;
#1969 = DIRECTION ( 'NONE',  ( -0.000000000000000000, -0.000000000000000000, -1.000000000000000000 ) ) ;
#1970 = CIRCLE ( 'NONE', #2620, 2.249999999999998668 ) ;
#1971 = FACE_OUTER_BOUND ( 'NONE', #1479, .T. ) ;
#1972 = ORIENTED_EDGE ( 'NONE', *, *, #1528, .T. ) ;
#1973 = AXIS2_PLACEMENT_3D ( 'NONE', #250, #663, #2938 ) ;
#1974 = DIRECTION ( 'NONE',  ( -1.000000000000000000, 0.000000000000000000, 0.000000000000000000 ) ) ;
#1975 = LINE ( 'NONE', #3534, #171 ) ;
#1976 = ORIENTED_EDGE ( 'NONE', *, *, #464, .T. ) ;
#1977 = VECTOR ( 'NONE', #1659, 1000.000000000000000 ) ;
#1978 = ORIENTED_EDGE ( 'NONE', *, *, #2115, .F. ) ;
#1979 = CIRCLE ( 'NONE', #2309, 85.49999999999998579 ) ;
#1980 = DIRECTION ( 'NONE',  ( 0.000000000000000000, 0.000000000000000000, 1.000000000000000000 ) ) ;
#1981 = CARTESIAN_POINT ( 'NONE',  ( 50.99019513592785557, -55.00000000000000711, 5.000000000000000000 ) ) ;
#1982 = AXIS2_PLACEMENT_3D ( 'NONE', #475, #2039, #4328 ) ;
#1983 = ORIENTED_EDGE ( 'NONE', *, *, #3456, .T. ) ;
#1984 = ORIENTED_EDGE ( 'NONE', *, *, #365, .T. ) ;
#1985 = ORIENTED_EDGE ( 'NONE', *, *, #890, .F. ) ;
#1986 = DIRECTION ( 'NONE',  ( 1.000000000000000000, 1.027984282060330356E-15, -0.000000000000000000 ) ) ;
#1987 = CYLINDRICAL_SURFACE ( 'NONE', #4760, 2.249999999999998668 ) ;
#1988 = VERTEX_POINT ( 'NONE', #2411 ) ;
#1989 = EDGE_CURVE ( 'NONE', #5013, #3165, #4648, .T. ) ;
#1990 = DIRECTION ( 'NONE',  ( 0.7071067811865462405, 0.000000000000000000, 0.7071067811865489050 ) ) ;
#1991 = CARTESIAN_POINT ( 'NONE',  ( -0.7500000000000206501, 79.50000000000001421, 5.000000000000000000 ) ) ;
#1992 = ORIENTED_EDGE ( 'NONE', *, *, #4841, .T. ) ;
#1993 = DIRECTION ( 'NONE',  ( 0.000000000000000000, 0.000000000000000000, 1.000000000000000000 ) ) ;
#1994 = DIRECTION ( 'NONE',  ( 0.000000000000000000, 0.000000000000000000, 1.000000000000000000 ) ) ;
#1995 = VERTEX_POINT ( 'NONE', #514 ) ;
#1996 = EDGE_LOOP ( 'NONE', ( #3451, #1874, #1129, #4077, #3372, #500 ) ) ;
#1997 = DIRECTION ( 'NONE',  ( 1.387778780781446662E-15, 1.000000000000000000, 0.000000000000000000 ) ) ;
#1998 = DIRECTION ( 'NONE',  ( 1.000000000000000000, 0.000000000000000000, 0.000000000000000000 ) ) ;
#1999 = DIRECTION ( 'NONE',  ( 1.387778780781446464E-15, -1.000000000000000000, 0.000000000000000000 ) ) ;
#2000 = ORIENTED_EDGE ( 'NONE', *, *, #2323, .T. ) ;
#2001 = VECTOR ( 'NONE', #3556, 1000.000000000000000 ) ;
#2002 = VERTEX_POINT ( 'NONE', #3633 ) ;
#2003 = ORIENTED_EDGE ( 'NONE', *, *, #1002, .F. ) ;
#2004 = EDGE_CURVE ( 'NONE', #871, #3665, #4069, .T. ) ;
#2005 = DIRECTION ( 'NONE',  ( 0.000000000000000000, 1.000000000000000000, 0.000000000000000000 ) ) ;
#2006 = VECTOR ( 'NONE', #2456, 1000.000000000000000 ) ;
#2007 = CARTESIAN_POINT ( 'NONE',  ( 8.825406353074132682, -85.04339645516853352, 4.758126484218208496 ) ) ;
#2008 = VECTOR ( 'NONE', #1578, 1000.000000000000000 ) ;
#2009 = VECTOR ( 'NONE', #4206, 1000.000000000000000 ) ;
#2010 = ORIENTED_EDGE ( 'NONE', *, *, #1583, .T. ) ;
#2011 = EDGE_CURVE ( 'NONE', #2395, #2979, #1330, .T. ) ;
#2012 = DIRECTION ( 'NONE',  ( -0.000000000000000000, -0.000000000000000000, -1.000000000000000000 ) ) ;
#2013 = AXIS2_PLACEMENT_3D ( 'NONE', #2288, #5049, #1565 ) ;
#2014 = AXIS2_PLACEMENT_3D ( 'NONE', #4553, #2609, #1892 ) ;
#2015 = DIRECTION ( 'NONE',  ( -0.7071067811865479058, 0.7071067811865471286, 0.000000000000000000 ) ) ;
#2016 = ORIENTED_EDGE ( 'NONE', *, *, #4674, .T. ) ;
#2017 = CIRCLE ( 'NONE', #2677, 1.600000000000012967 ) ;
#2018 = DIRECTION ( 'NONE',  ( 0.000000000000000000, -0.000000000000000000, -1.000000000000000000 ) ) ;
#2019 = FACE_OUTER_BOUND ( 'NONE', #1054, .T. ) ;
#2020 = ADVANCED_FACE ( 'NONE', ( #2892 ), #2595, .F. ) ;
#2021 = ADVANCED_FACE ( 'NONE', ( #4459 ), #3741, .F. ) ;
#2022 = VECTOR ( 'NONE', #3211, 1000.000000000000000 ) ;
#2023 = VECTOR ( 'NONE', #1764, 1000.000000000000000 ) ;
#2024 = ORIENTED_EDGE ( 'NONE', *, *, #820, .T. ) ;
#2025 = ORIENTED_EDGE ( 'NONE', *, *, #4176, .T. ) ;
#2026 = DIRECTION ( 'NONE',  ( 1.000000000000000000, 1.269309860470834724E-16, -0.000000000000000000 ) ) ;
#2027 = AXIS2_PLACEMENT_3D ( 'NONE', #3230, #3622, #4806 ) ;
#2028 = LINE ( 'NONE', #1692, #468 ) ;
#2029 = DIRECTION ( 'NONE',  ( 0.000000000000000000, 0.000000000000000000, 1.000000000000000000 ) ) ;
#2030 = DIRECTION ( 'NONE',  ( 0.7071067811865471286, -0.7071067811865479058, 0.000000000000000000 ) ) ;
#2031 = VERTEX_POINT ( 'NONE', #488 ) ;
#2032 = DIRECTION ( 'NONE',  ( -1.000000000000000000, 0.000000000000000000, 0.000000000000000000 ) ) ;
#2033 = ORIENTED_EDGE ( 'NONE', *, *, #3484, .F. ) ;
#2034 = VERTEX_POINT ( 'NONE', #2054 ) ;
#2035 = CARTESIAN_POINT ( 'NONE',  ( 75.00000000000000000, -19.99999999999998579, 3.499999999999977796 ) ) ;
#2036 = DIRECTION ( 'NONE',  ( -0.000000000000000000, -0.000000000000000000, 1.000000000000000000 ) ) ;
#2037 = ADVANCED_FACE ( 'NONE', ( #3614 ), #107, .T. ) ;
#2038 = DIRECTION ( 'NONE',  ( 1.000000000000000000, 1.445498431828523527E-16, -1.734598118194228133E-15 ) ) ;
#2039 = DIRECTION ( 'NONE',  ( -0.000000000000000000, 0.000000000000000000, 1.000000000000000000 ) ) ;
#2040 = EDGE_LOOP ( 'NONE', ( #2380, #1602, #476, #2225 ) ) ;
#2041 = CARTESIAN_POINT ( 'NONE',  ( -27.66829088000282511, -2.700000000000000178, 6.439198102782435207 ) ) ;
#2042 = CARTESIAN_POINT ( 'NONE',  ( 64.99999999999998579, -45.00000000000000000, 5.000000000000000000 ) ) ;
#2043 = CARTESIAN_POINT ( 'NONE',  ( 15.00000000000000000, -11.99999999999999645, -57.50000000000000000 ) ) ;
#2044 = EDGE_CURVE ( 'NONE', #3840, #732, #2148, .T. ) ;
#2045 = ORIENTED_EDGE ( 'NONE', *, *, #3636, .F. ) ;
#2046 = PLANE ( 'NONE',  #1944 ) ;
#2047 = ADVANCED_FACE ( 'NONE', ( #589 ), #1456, .T. ) ;
#2048 = DIRECTION ( 'NONE',  ( -1.000000000000000000, 0.000000000000000000, 0.000000000000000000 ) ) ;
#2049 = ORIENTED_EDGE ( 'NONE', *, *, #1360, .F. ) ;
#2050 = ORIENTED_EDGE ( 'NONE', *, *, #1957, .T. ) ;
#2051 = CARTESIAN_POINT ( 'NONE',  ( 23.99999999999997868, 55.00000000000000711, 15.00000000000000000 ) ) ;
#2052 = AXIS2_PLACEMENT_3D ( 'NONE', #3790, #637, #2608 ) ;
#2053 = EDGE_CURVE ( 'NONE', #747, #2292, #1429, .T. ) ;
#2054 = CARTESIAN_POINT ( 'NONE',  ( 21.50000000000000000, -5.500000000000000000, 5.000000000000000000 ) ) ;
#2055 = PLANE ( 'NONE',  #2865 ) ;
#2056 = EDGE_CURVE ( 'NONE', #2801, #469, #717, .T. ) ;
#2057 = ORIENTED_EDGE ( 'NONE', *, *, #3489, .F. ) ;
#2058 = VECTOR ( 'NONE', #3367, 999.9999999999998863 ) ;
#2059 = FACE_OUTER_BOUND ( 'NONE', #1299, .T. ) ;
#2060 = AXIS2_PLACEMENT_3D ( 'NONE', #577, #1780, #2577 ) ;
#2061 = FACE_OUTER_BOUND ( 'NONE', #42, .T. ) ;
#2062 = ORIENTED_EDGE ( 'NONE', *, *, #4977, .T. ) ;
#2063 = AXIS2_PLACEMENT_3D ( 'NONE', #3181, #852, #4385 ) ;
#2064 = EDGE_LOOP ( 'NONE', ( #681, #58, #2088, #1085, #4510, #1700, #3349, #2337, #368 ) ) ;
#2065 = DIRECTION ( 'NONE',  ( -0.000000000000000000, 1.000000000000000000, -0.000000000000000000 ) ) ;
#2066 = DIRECTION ( 'NONE',  ( 1.000000000000000000, 1.387778780781446662E-15, -0.000000000000000000 ) ) ;
#2067 = FACE_OUTER_BOUND ( 'NONE', #1279, .T. ) ;
#2068 = ADVANCED_FACE ( 'NONE', ( #3352 ), #2942, .F. ) ;
#2069 = ORIENTED_EDGE ( 'NONE', *, *, #652, .F. ) ;
#2070 = DIRECTION ( 'NONE',  ( 1.000000000000000000, 0.000000000000000000, 0.000000000000000000 ) ) ;
#2071 = CARTESIAN_POINT ( 'NONE',  ( -3.399999999999996803, -72.50000000000000000, -5.000000000000000000 ) ) ;
#2072 = ORIENTED_EDGE ( 'NONE', *, *, #3157, .F. ) ;
#2073 = DIRECTION ( 'NONE',  ( -0.000000000000000000, -0.000000000000000000, 1.000000000000000000 ) ) ;
#2074 = VERTEX_POINT ( 'NONE', #2590 ) ;
#2075 = VERTEX_POINT ( 'NONE', #279 ) ;
#2076 = CYLINDRICAL_SURFACE ( 'NONE', #1101, 1.600000000000004086 ) ;
#2077 = CARTESIAN_POINT ( 'NONE',  ( -31.00000000000000000, 11.99999999999999645, 0.000000000000000000 ) ) ;
#2078 = LINE ( 'NONE', #1020, #2432 ) ;
#2079 = ORIENTED_EDGE ( 'NONE', *, *, #888, .T. ) ;
#2080 = CARTESIAN_POINT ( 'NONE',  ( -11.40000000000000746, 78.00000000000001421, 0.000000000000000000 ) ) ;
#2081 = FACE_OUTER_BOUND ( 'NONE', #1121, .T. ) ;
#2082 = ORIENTED_EDGE ( 'NONE', *, *, #3980, .T. ) ;
#2083 = VERTEX_POINT ( 'NONE', #4868 ) ;
#2084 = CARTESIAN_POINT ( 'NONE',  ( 14.23761543394930484, 19.48635277547909084, -5.000000000000000000 ) ) ;
#2085 = DIRECTION ( 'NONE',  ( 1.000000000000000000, -0.000000000000000000, -0.000000000000000000 ) ) ;
#2086 = CARTESIAN_POINT ( 'NONE',  ( 10.00397467135780083, -84.91336107961770097, 4.189064479088505877 ) ) ;
#2087 = EDGE_CURVE ( 'NONE', #2647, #2164, #1381, .T. ) ;
#2088 = ORIENTED_EDGE ( 'NONE', *, *, #1640, .T. ) ;
#2089 = AXIS2_PLACEMENT_3D ( 'NONE', #199, #2562, #2611 ) ;
#2090 = CARTESIAN_POINT ( 'NONE',  ( -9.000000000000000000, -29.48635277547911926, 17.00000000000000000 ) ) ;
#2091 = EDGE_CURVE ( 'NONE', #2363, #747, #4190, .T. ) ;
#2092 = VECTOR ( 'NONE', #684, 1000.000000000000000 ) ;
#2093 = CARTESIAN_POINT ( 'NONE',  ( 10.32988139361452262, -108.3000000000000398, 4.189198102782433430 ) ) ;
#2094 = ORIENTED_EDGE ( 'NONE', *, *, #3332, .F. ) ;
#2095 = EDGE_CURVE ( 'NONE', #1823, #1168, #4398, .T. ) ;
#2096 = EDGE_CURVE ( 'NONE', #4622, #871, #4177, .T. ) ;
#2097 = VECTOR ( 'NONE', #3667, 1000.000000000000000 ) ;
#2098 = PLANE ( 'NONE',  #3417 ) ;
#2099 = CARTESIAN_POINT ( 'NONE',  ( -21.38875556251408128, -79.67917629774431987, 5.000000000000000000 ) ) ;
#2100 = ORIENTED_EDGE ( 'NONE', *, *, #1213, .T. ) ;
#2101 = CARTESIAN_POINT ( 'NONE',  ( -9.000000000000000000, -64.00000000000000000, 17.00000000000000000 ) ) ;
#2102 = CIRCLE ( 'NONE', #3904, 1.600000000000004086 ) ;
#2103 = AXIS2_PLACEMENT_3D ( 'NONE', #4218, #1548, #2350 ) ;
#2104 = CARTESIAN_POINT ( 'NONE',  ( 69.73799092751333717, -4.000000000000008882, 0.000000000000000000 ) ) ;
#2105 = FACE_BOUND ( 'NONE', #2495, .T. ) ;
#2106 = VERTEX_POINT ( 'NONE', #1739 ) ;
#2107 = CARTESIAN_POINT ( 'NONE',  ( -25.93877972914330243, -40.37367746028011339, 5.000000000000000000 ) ) ;
#2108 = CIRCLE ( 'NONE', #552, 1.000000000000000888 ) ;
#2109 = CARTESIAN_POINT ( 'NONE',  ( 61.89999999999997016, -45.00000000000000000, 0.000000000000000000 ) ) ;
#2110 = ORIENTED_EDGE ( 'NONE', *, *, #4974, .T. ) ;
#2111 = EDGE_CURVE ( 'NONE', #2256, #3641, #2271, .T. ) ;
#2112 = CARTESIAN_POINT ( 'NONE',  ( -5.000000000000009770, -72.50000000000000000, 5.000000000000000000 ) ) ;
#2113 = DIRECTION ( 'NONE',  ( 1.000000000000000000, 0.000000000000000000, 0.000000000000000000 ) ) ;
#2114 = ORIENTED_EDGE ( 'NONE', *, *, #4048, .F. ) ;
#2115 = EDGE_CURVE ( 'NONE', #2135, #281, #2842, .T. ) ;
#2116 = VECTOR ( 'NONE', #217, 1000.000000000000000 ) ;
#2117 = EDGE_CURVE ( 'NONE', #1801, #2214, #3024, .T. ) ;
#2118 = ORIENTED_EDGE ( 'NONE', *, *, #741, .F. ) ;
#2119 = DIRECTION ( 'NONE',  ( 0.7071067811865474617, 0.7071067811865474617, 0.000000000000000000 ) ) ;
#2120 = CARTESIAN_POINT ( 'NONE',  ( 10.32988139361452262, 1.699999999999993072, 6.439198102782434319 ) ) ;
#2121 = ORIENTED_EDGE ( 'NONE', *, *, #2820, .F. ) ;
#2122 = LINE ( 'NONE', #3679, #1802 ) ;
#2123 = CARTESIAN_POINT ( 'NONE',  ( -5.000000000000009770, 72.50000000000000000, 0.000000000000000000 ) ) ;
#2124 = ORIENTED_EDGE ( 'NONE', *, *, #1675, .T. ) ;
#2125 = DIRECTION ( 'NONE',  ( 1.000000000000000000, 0.000000000000000000, -0.000000000000000000 ) ) ;
#2126 = CARTESIAN_POINT ( 'NONE',  ( 11.83165832699888043, -81.99956915746760444, 4.755628411688603840 ) ) ;
#2127 = CARTESIAN_POINT ( 'NONE',  ( 64.99999999999998579, 45.00000000000000000, 5.000000000000000000 ) ) ;
#2128 = ORIENTED_EDGE ( 'NONE', *, *, #1876, .T. ) ;
#2129 = VECTOR ( 'NONE', #2012, 1000.000000000000000 ) ;
#2130 = DIRECTION ( 'NONE',  ( 1.000000000000000000, 0.000000000000000000, 0.000000000000000000 ) ) ;
#2131 = DIRECTION ( 'NONE',  ( 1.000000000000000000, -1.387778780781446662E-15, 0.000000000000000000 ) ) ;
#2132 = ORIENTED_EDGE ( 'NONE', *, *, #2781, .F. ) ;
#2133 = DIRECTION ( 'NONE',  ( 1.000000000000000000, 0.000000000000000000, 0.000000000000000000 ) ) ;
#2134 = DIRECTION ( 'NONE',  ( 1.000000000000000000, 1.355252715606879803E-16, 0.000000000000000000 ) ) ;
#2135 = VERTEX_POINT ( 'NONE', #4104 ) ;
#2136 = AXIS2_PLACEMENT_3D ( 'NONE', #51, #1994, #2434 ) ;
#2137 = CIRCLE ( 'NONE', #584, 2.249999999999998668 ) ;
#2138 = VERTEX_POINT ( 'NONE', #3326 ) ;
#2139 = CARTESIAN_POINT ( 'NONE',  ( 76.59999999999995168, 19.99999999999998579, 0.000000000000000000 ) ) ;
#2140 = DIRECTION ( 'NONE',  ( 0.000000000000000000, 1.000000000000000000, 0.000000000000000000 ) ) ;
#2141 = DIRECTION ( 'NONE',  ( -0.000000000000000000, -0.000000000000000000, -1.000000000000000000 ) ) ;
#2142 = CARTESIAN_POINT ( 'NONE',  ( -9.250000000000017764, -79.50000000000001421, 0.000000000000000000 ) ) ;
#2143 = VERTEX_POINT ( 'NONE', #232 ) ;
#2144 = DIRECTION ( 'NONE',  ( 0.2997639500929226153, 0.9540134035875427188, -0.000000000000000000 ) ) ;
#2145 = DIRECTION ( 'NONE',  ( -1.000000000000000000, 0.000000000000000000, 0.000000000000000000 ) ) ;
#2146 = VERTEX_POINT ( 'NONE', #1790 ) ;
#2147 = DIRECTION ( 'NONE',  ( 0.000000000000000000, 0.000000000000000000, -1.000000000000000000 ) ) ;
#2148 = LINE ( 'NONE', #2563, #222 ) ;
#2149 = DIRECTION ( 'NONE',  ( -1.000000000000000000, 0.000000000000000000, 0.000000000000000000 ) ) ;
#2150 = VERTEX_POINT ( 'NONE', #3144 ) ;
#2151 = DIRECTION ( 'NONE',  ( 1.000000000000000000, 1.301042606982605074E-16, -0.000000000000000000 ) ) ;
#2152 = ORIENTED_EDGE ( 'NONE', *, *, #2616, .F. ) ;
#2153 = DIRECTION ( 'NONE',  ( 1.000000000000000000, 1.269309860470834724E-16, -0.000000000000000000 ) ) ;
#2154 = CARTESIAN_POINT ( 'NONE',  ( 29.79999999999997584, 69.50000000000000000, 3.499999999999980016 ) ) ;
#2155 = CARTESIAN_POINT ( 'NONE',  ( 21.50000000000000000, -8.500000000000000000, 5.000000000000000000 ) ) ;
#2156 = ORIENTED_EDGE ( 'NONE', *, *, #1203, .T. ) ;
#2157 = EDGE_CURVE ( 'NONE', #582, #3430, #1941, .T. ) ;
#2158 = ORIENTED_EDGE ( 'NONE', *, *, #3152, .F. ) ;
#2159 = EDGE_LOOP ( 'NONE', ( #2000, #2100, #671, #4652 ) ) ;
#2160 = LINE ( 'NONE', #3059, #554 ) ;
#2161 = CARTESIAN_POINT ( 'NONE',  ( 11.99999999999997513, -69.00000000000000000, 5.000000000000000000 ) ) ;
#2162 = CIRCLE ( 'NONE', #4304, 2.999999999999999112 ) ;
#2163 = CARTESIAN_POINT ( 'NONE',  ( 60.00000000000001421, -45.00000000000000711, 15.00000000000000000 ) ) ;
#2164 = VERTEX_POINT ( 'NONE', #1586 ) ;
#2165 = ADVANCED_FACE ( 'NONE', ( #5020 ), #1504, .F. ) ;
#2166 = CARTESIAN_POINT ( 'NONE',  ( 3.469446951953611822E-15, 11.99999999999998757, 0.000000000000000000 ) ) ;
#2167 = AXIS2_PLACEMENT_3D ( 'NONE', #3596, #2525, #501 ) ;
#2168 = VECTOR ( 'NONE', #973, 1000.000000000000000 ) ;
#2169 = FACE_OUTER_BOUND ( 'NONE', #1996, .T. ) ;
#2170 = EDGE_CURVE ( 'NONE', #3744, #214, #305, .T. ) ;
#2171 = EDGE_LOOP ( 'NONE', ( #2823, #3829, #1643, #4030, #4676, #3006 ) ) ;
#2172 = PLANE ( 'NONE',  #4135 ) ;
#2173 = EDGE_CURVE ( 'NONE', #2913, #2647, #4811, .T. ) ;
#2174 = CARTESIAN_POINT ( 'NONE',  ( 12.05939254447404707, -81.99986432720210416, 5.000000000000000000 ) ) ;
#2175 = PLANE ( 'NONE',  #2183 ) ;
#2176 = ORIENTED_EDGE ( 'NONE', *, *, #188, .F. ) ;
#2177 = VECTOR ( 'NONE', #4531, 1000.000000000000000 ) ;
#2178 = CARTESIAN_POINT ( 'NONE',  ( 7.385561428641676862, -2.320643566618823428, 0.000000000000000000 ) ) ;
#2179 = VERTEX_POINT ( 'NONE', #3431 ) ;
#2180 = CARTESIAN_POINT ( 'NONE',  ( -27.66829088000282511, -1.700000000000003508, 8.039198102782437516 ) ) ;
#2181 = CARTESIAN_POINT ( 'NONE',  ( 58.63732797195815039, 46.76242042632747342, 9.319322070189024032 ) ) ;
#2182 = CARTESIAN_POINT ( 'NONE',  ( 63.44288770224761009, 40.00000000000000711, 6.000000000000000000 ) ) ;
#2183 = AXIS2_PLACEMENT_3D ( 'NONE', #233, #943, #538 ) ;
#2184 = EDGE_LOOP ( 'NONE', ( #2128, #1734, #133, #2481 ) ) ;
#2185 = AXIS2_PLACEMENT_3D ( 'NONE', #1305, #3273, #4824 ) ;
#2186 = VERTEX_POINT ( 'NONE', #4995 ) ;
#2187 = ORIENTED_EDGE ( 'NONE', *, *, #32, .T. ) ;
#2188 = PLANE ( 'NONE',  #4242 ) ;
#2189 = FACE_OUTER_BOUND ( 'NONE', #3948, .T. ) ;
#2190 = CIRCLE ( 'NONE', #4973, 4.250000000000006217 ) ;
#2191 = DIRECTION ( 'NONE',  ( 0.000000000000000000, 0.000000000000000000, -1.000000000000000000 ) ) ;
#2192 = VECTOR ( 'NONE', #2722, 1000.000000000000000 ) ;
#2193 = DIRECTION ( 'NONE',  ( 0.000000000000000000, -1.000000000000000000, -0.000000000000000000 ) ) ;
#2194 = CARTESIAN_POINT ( 'NONE',  ( 6.792893912220831609, 1.699999999999999956, 5.000000000000000000 ) ) ;
#2195 = ORIENTED_EDGE ( 'NONE', *, *, #1149, .T. ) ;
#2196 = FACE_OUTER_BOUND ( 'NONE', #1159, .T. ) ;
#2197 = CARTESIAN_POINT ( 'NONE',  ( -5.000000000000011546, -79.50000000000001421, 5.000000000000000000 ) ) ;
#2198 = ORIENTED_EDGE ( 'NONE', *, *, #3019, .T. ) ;
#2199 = FACE_BOUND ( 'NONE', #1931, .T. ) ;
#2200 = EDGE_CURVE ( 'NONE', #4624, #903, #29, .T. ) ;
#2201 = CARTESIAN_POINT ( 'NONE',  ( -9.000000000000000000, -11.99999999999999645, 17.00000000000000000 ) ) ;
#2202 = DIRECTION ( 'NONE',  ( 1.000000000000000000, 0.000000000000000000, 0.000000000000000000 ) ) ;
#2203 = ORIENTED_EDGE ( 'NONE', *, *, #93, .T. ) ;
#2204 = B_SPLINE_CURVE_WITH_KNOTS ( 'NONE', 3,
 ( #729, #342, #3465, #68, #2402, #1270, #3917, #984, #3341, #4064, #3728, #2526, #2297, #1805, #4598, #3860 ),
 .UNSPECIFIED., .F., .F.,
 ( 4, 2, 2, 2, 2, 2, 2, 4 ),
 ( 0.000000000000000000, 0.0004949564466758539201, 0.0009899128933517078403, 0.001979825786703414379, 0.002474782233379271661, 0.002969738680055128508, 0.003464695126730985789, 0.003959651573406843504 ),
 .UNSPECIFIED. ) ;
#2205 = DIRECTION ( 'NONE',  ( -0.000000000000000000, -0.000000000000000000, 1.000000000000000000 ) ) ;
#2206 = EDGE_CURVE ( 'NONE', #4482, #4440, #1480, .T. ) ;
#2207 = ADVANCED_FACE ( 'NONE', ( #772 ), #3511, .F. ) ;
#2208 = DIRECTION ( 'NONE',  ( -0.000000000000000000, -0.000000000000000000, -1.000000000000000000 ) ) ;
#2209 = LINE ( 'NONE', #4976, #1400 ) ;
#2210 = DIRECTION ( 'NONE',  ( -0.000000000000000000, -0.000000000000000000, -1.000000000000000000 ) ) ;
#2211 = AXIS2_PLACEMENT_3D ( 'NONE', #2375, #1581, #4331 ) ;
#2212 = ORIENTED_EDGE ( 'NONE', *, *, #1027, .F. ) ;
#2213 = CIRCLE ( 'NONE', #1973, 13.00000000000003020 ) ;
#2214 = VERTEX_POINT ( 'NONE', #4203 ) ;
#2215 = PLANE ( 'NONE',  #2767 ) ;
#2216 = LINE ( 'NONE', #4248, #254 ) ;
#2217 = CARTESIAN_POINT ( 'NONE',  ( 29.79999999999997584, 69.50000000000000000, 5.000000000000000000 ) ) ;
#2218 = EDGE_CURVE ( 'NONE', #5040, #1699, #3653, .T. ) ;
#2219 = ADVANCED_FACE ( 'NONE', ( #2311 ), #3102, .F. ) ;
#2220 = DIRECTION ( 'NONE',  ( 0.000000000000000000, 0.000000000000000000, 1.000000000000000000 ) ) ;
#2221 = EDGE_LOOP ( 'NONE', ( #3287, #3134, #2944, #2281 ) ) ;
#2222 = AXIS2_PLACEMENT_3D ( 'NONE', #191, #3013, #2961 ) ;
#2223 = CARTESIAN_POINT ( 'NONE',  ( -26.00000000000000000, -1.700000000000003064, 5.000000000000000000 ) ) ;
#2224 = CARTESIAN_POINT ( 'NONE',  ( 63.44288770224761009, 40.00000000000000711, 15.00000000000000000 ) ) ;
#2225 = ORIENTED_EDGE ( 'NONE', *, *, #4207, .T. ) ;
#2226 = CARTESIAN_POINT ( 'NONE',  ( 0.000000000000000000, 0.000000000000000000, 0.000000000000000000 ) ) ;
#2227 = DIRECTION ( 'NONE',  ( -1.027984282060330356E-15, 1.000000000000000000, -0.000000000000000000 ) ) ;
#2228 = PLANE ( 'NONE',  #2266 ) ;
#2229 = EDGE_LOOP ( 'NONE', ( #2920, #2459, #77, #4389 ) ) ;
#2230 = CARTESIAN_POINT ( 'NONE',  ( 4.146862743635832516, -19.48635277547909439, 5.000000000000000888 ) ) ;
#2231 = ADVANCED_FACE ( 'NONE', ( #3049 ), #2360, .T. ) ;
#2232 = CARTESIAN_POINT ( 'NONE',  ( 54.78536756999945823, -51.22207445850121132, 5.736318559511764725 ) ) ;
#2233 = FILL_AREA_STYLE_COLOUR ( '', #3695 ) ;
#2234 = DIRECTION ( 'NONE',  ( -1.000000000000000000, 0.000000000000000000, 0.000000000000000000 ) ) ;
#2235 = ORIENTED_EDGE ( 'NONE', *, *, #4587, .T. ) ;
#2236 = ORIENTED_EDGE ( 'NONE', *, *, #1800, .F. ) ;
#2237 = ORIENTED_EDGE ( 'NONE', *, *, #3905, .F. ) ;
#2238 = DIRECTION ( 'NONE',  ( 0.000000000000000000, 0.000000000000000000, 1.000000000000000000 ) ) ;
#2239 = LINE ( 'NONE', #4626, #16 ) ;
#2240 = CARTESIAN_POINT ( 'NONE',  ( 74.99999999999994316, 19.99999999999998579, 3.499999999999977796 ) ) ;
#2241 = ADVANCED_FACE ( 'NONE', ( #1097 ), #1179, .T. ) ;
#2242 = DIRECTION ( 'NONE',  ( 0.000000000000000000, 0.000000000000000000, -1.000000000000000000 ) ) ;
#2243 = DIRECTION ( 'NONE',  ( -0.000000000000000000, -0.000000000000000000, -1.000000000000000000 ) ) ;
#2244 = EDGE_LOOP ( 'NONE', ( #902, #4082, #1589, #2720 ) ) ;
#2245 = ADVANCED_FACE ( 'NONE', ( #360, #4668 ), #796, .F. ) ;
#2246 = CARTESIAN_POINT ( 'NONE',  ( -13.00000000000001243, -78.00000000000001421, 5.000000000000000000 ) ) ;
#2247 = CARTESIAN_POINT ( 'NONE',  ( 7.999999999999998224, 12.00000000000000178, -57.50000000000000000 ) ) ;
#2248 = VECTOR ( 'NONE', #99, 1000.000000000000000 ) ;
#2249 = VERTEX_POINT ( 'NONE', #1872 ) ;
#2250 = EDGE_CURVE ( 'NONE', #3362, #1439, #3246, .T. ) ;
#2251 = DIRECTION ( 'NONE',  ( -0.000000000000000000, -0.000000000000000000, -1.000000000000000000 ) ) ;
#2252 = EDGE_CURVE ( 'NONE', #3547, #321, #1155, .T. ) ;
#2253 = CIRCLE ( 'NONE', #2827, 1.000000000000000888 ) ;
#2254 = CARTESIAN_POINT ( 'NONE',  ( -13.00000000000001243, -78.00000000000001421, 0.000000000000000000 ) ) ;
#2255 = CARTESIAN_POINT ( 'NONE',  ( -29.41141100645622330, 39.99999999999999289, 5.000000000000000000 ) ) ;
#2256 = VERTEX_POINT ( 'NONE', #720 ) ;
#2257 = CARTESIAN_POINT ( 'NONE',  ( 71.89999999999997726, -19.99999999999998579, 5.000000000000000000 ) ) ;
#2258 = LINE ( 'NONE', #4111, #4737 ) ;
#2259 =( LENGTH_UNIT ( ) NAMED_UNIT ( * ) SI_UNIT ( .MILLI., .METRE. ) );
#2260 = VECTOR ( 'NONE', #1485, 1000.000000000000000 ) ;
#2261 = CARTESIAN_POINT ( 'NONE',  ( -22.19000777032735883, 82.57029462919949481, 5.000000000000000000 ) ) ;
#2262 = ORIENTED_EDGE ( 'NONE', *, *, #4403, .F. ) ;
#2263 = VECTOR ( 'NONE', #1451, 1000.000000000000000 ) ;
#2264 = EDGE_CURVE ( 'NONE', #319, #3760, #1616, .T. ) ;
#2265 = ORIENTED_EDGE ( 'NONE', *, *, #4593, .T. ) ;
#2266 = AXIS2_PLACEMENT_3D ( 'NONE', #3025, #1430, #280 ) ;
#2267 = DIRECTION ( 'NONE',  ( 0.000000000000000000, 0.000000000000000000, 1.000000000000000000 ) ) ;
#2268 = EDGE_CURVE ( 'NONE', #3608, #2547, #2108, .T. ) ;
#2269 = LINE ( 'NONE', #4215, #4923 ) ;
#2270 = CIRCLE ( 'NONE', #3166, 1.600000000000019851 ) ;
#2271 = CIRCLE ( 'NONE', #5051, 2.250000000000000444 ) ;
#2272 = DIRECTION ( 'NONE',  ( 0.000000000000000000, 0.000000000000000000, 1.000000000000000000 ) ) ;
#2273 = DIRECTION ( 'NONE',  ( 1.000000000000000000, 0.000000000000000000, 0.000000000000000000 ) ) ;
#2274 = AXIS2_PLACEMENT_3D ( 'NONE', #3533, #2638, #690 ) ;
#2275 = VERTEX_POINT ( 'NONE', #1710 ) ;
#2276 = AXIS2_PLACEMENT_3D ( 'NONE', #1706, #4786, #478 ) ;
#2277 = ADVANCED_FACE ( 'NONE', ( #4017 ), #2866, .T. ) ;
#2278 = DIRECTION ( 'NONE',  ( 0.7071067811865479058, -0.7071067811865472397, 0.000000000000000000 ) ) ;
#2279 = PLANE ( 'NONE',  #2014 ) ;
#2280 = VECTOR ( 'NONE', #858, 1000.000000000000000 ) ;
#2281 = ORIENTED_EDGE ( 'NONE', *, *, #2331, .F. ) ;
#2282 = CARTESIAN_POINT ( 'NONE',  ( -4.510573678962890298, 75.27723983094418259, 0.2813395689090152918 ) ) ;
#2283 = ORIENTED_EDGE ( 'NONE', *, *, #2287, .F. ) ;
#2284 = CARTESIAN_POINT ( 'NONE',  ( 75.00000000000000000, -19.99999999999998579, 0.000000000000000000 ) ) ;
#2285 = CARTESIAN_POINT ( 'NONE',  ( 63.39999999999998437, -45.00000000000000000, 1.500000000000018652 ) ) ;
#2286 = ORIENTED_EDGE ( 'NONE', *, *, #2774, .F. ) ;
#2287 = EDGE_CURVE ( 'NONE', #2574, #2295, #3577, .T. ) ;
#2288 = CARTESIAN_POINT ( 'NONE',  ( -27.41141100645621620, 43.00000000000000000, 5.000000000000000000 ) ) ;
#2289 = CARTESIAN_POINT ( 'NONE',  ( -32.41141100645621975, -6.700000000000000178, 10.00000000000000000 ) ) ;
#2290 = PLANE ( 'NONE',  #3167 ) ;
#2291 = CARTESIAN_POINT ( 'NONE',  ( 64.99999999999998579, 45.00000000000000000, 5.000000000000000000 ) ) ;
#2292 = VERTEX_POINT ( 'NONE', #73 ) ;
#2293 = ORIENTED_EDGE ( 'NONE', *, *, #2779, .F. ) ;
#2294 = ADVANCED_FACE ( 'NONE', ( #2788 ), #3656, .F. ) ;
#2295 = VERTEX_POINT ( 'NONE', #50 ) ;
#2296 = CARTESIAN_POINT ( 'NONE',  ( 7.999999999999998224, 12.00000000000000178, 0.000000000000000000 ) ) ;
#2297 = CARTESIAN_POINT ( 'NONE',  ( 9.081191694239389989, -56.33122108851807752, 4.560484367601832290 ) ) ;
#2298 = DIRECTION ( 'NONE',  ( 0.000000000000000000, 0.000000000000000000, 1.000000000000000000 ) ) ;
#2299 = DIRECTION ( 'NONE',  ( -1.000000000000000000, 0.000000000000000000, 0.000000000000000000 ) ) ;
#2300 = CIRCLE ( 'NONE', #4840, 1.600000000000004086 ) ;
#2301 = DIRECTION ( 'NONE',  ( 0.000000000000000000, 0.000000000000000000, 1.000000000000000000 ) ) ;
#2302 = ORIENTED_EDGE ( 'NONE', *, *, #4202, .T. ) ;
#2303 = VECTOR ( 'NONE', #1180, 1000.000000000000000 ) ;
#2304 = CARTESIAN_POINT ( 'NONE',  ( -22.16652849206005271, -82.57660089038958517, 0.000000000000000000 ) ) ;
#2305 = CIRCLE ( 'NONE', #4845, 1.600000000000004086 ) ;
#2306 = CARTESIAN_POINT ( 'NONE',  ( 10.32988139361452262, 5.700000000000000178, 6.439198102782434319 ) ) ;
#2307 = VECTOR ( 'NONE', #812, 1000.000000000000000 ) ;
#2308 = CARTESIAN_POINT ( 'NONE',  ( -27.66829088000282511, -1.700000000000003508, 9.439414909974713552 ) ) ;
#2309 = AXIS2_PLACEMENT_3D ( 'NONE', #2419, #4731, #4705 ) ;
#2310 = ORIENTED_EDGE ( 'NONE', *, *, #2173, .F. ) ;
#2311 = FACE_OUTER_BOUND ( 'NONE', #4753, .T. ) ;
#2312 = FACE_OUTER_BOUND ( 'NONE', #1852, .T. ) ;
#2313 = ORIENTED_EDGE ( 'NONE', *, *, #834, .T. ) ;
#2314 = CARTESIAN_POINT ( 'NONE',  ( -24.00000000000000000, 0.3000000000000025424, 5.000000000000000000 ) ) ;
#2315 = CARTESIAN_POINT ( 'NONE',  ( 63.39999999999998437, 45.00000000000000000, 1.500000000000018652 ) ) ;
#2316 = ORIENTED_EDGE ( 'NONE', *, *, #2696, .T. ) ;
#2317 = VERTEX_POINT ( 'NONE', #824 ) ;
#2318 = ORIENTED_EDGE ( 'NONE', *, *, #3261, .F. ) ;
#2319 = CARTESIAN_POINT ( 'NONE',  ( 10.32988139361452262, 5.700000000000000178, 8.689198102782436095 ) ) ;
#2320 = LINE ( 'NONE', #2349, #2792 ) ;
#2321 = DIRECTION ( 'NONE',  ( -0.000000000000000000, -0.000000000000000000, -1.000000000000000000 ) ) ;
#2322 = DIRECTION ( 'NONE',  ( -1.000000000000000000, -0.000000000000000000, -0.000000000000000000 ) ) ;
#2323 = EDGE_CURVE ( 'NONE', #4338, #3899, #4353, .T. ) ;
#2324 = CARTESIAN_POINT ( 'NONE',  ( -25.93877972914330243, -40.37367746028011339, 5.000000000000000000 ) ) ;
#2325 = ORIENTED_EDGE ( 'NONE', *, *, #517, .F. ) ;
#2326 = DIRECTION ( 'NONE',  ( -1.000000000000000000, 0.000000000000000000, 0.000000000000000000 ) ) ;
#2327 = DIRECTION ( 'NONE',  ( -0.000000000000000000, -0.000000000000000000, -1.000000000000000000 ) ) ;
#2328 = CARTESIAN_POINT ( 'NONE',  ( 21.50000000000000000, -5.500000000000000000, 5.000000000000000000 ) ) ;
#2329 = EDGE_CURVE ( 'NONE', #290, #1908, #1301, .T. ) ;
#2330 = CARTESIAN_POINT ( 'NONE',  ( -5.096572756183006980, 75.24994626051773139, 0.3501367913276208776 ) ) ;
#2331 = EDGE_CURVE ( 'NONE', #1699, #5040, #3500, .T. ) ;
#2332 = ORIENTED_EDGE ( 'NONE', *, *, #1116, .F. ) ;
#2333 = EDGE_CURVE ( 'NONE', #2143, #2385, #4742, .T. ) ;
#2334 = DIRECTION ( 'NONE',  ( 2.891205793294679312E-16, 1.000000000000000000, 0.000000000000000000 ) ) ;
#2335 = EDGE_CURVE ( 'NONE', #4361, #521, #1286, .T. ) ;
#2336 = DIRECTION ( 'NONE',  ( 1.000000000000000000, 0.000000000000000000, 0.000000000000000000 ) ) ;
#2337 = ORIENTED_EDGE ( 'NONE', *, *, #2394, .T. ) ;
#2338 = ORIENTED_EDGE ( 'NONE', *, *, #2463, .F. ) ;
#2339 = DIRECTION ( 'NONE',  ( 0.000000000000000000, 1.000000000000000000, 0.000000000000000000 ) ) ;
#2340 = EDGE_CURVE ( 'NONE', #1916, #2573, #2381, .T. ) ;
#2341 = VECTOR ( 'NONE', #2026, 1000.000000000000000 ) ;
#2342 = CARTESIAN_POINT ( 'NONE',  ( -9.900000000000009237, 78.00000000000001421, 5.000000000000000000 ) ) ;
#2343 = VERTEX_POINT ( 'NONE', #4406 ) ;
#2344 = AXIS2_PLACEMENT_3D ( 'NONE', #2906, #962, #4067 ) ;
#2345 = ORIENTED_EDGE ( 'NONE', *, *, #294, .T. ) ;
#2346 = EDGE_LOOP ( 'NONE', ( #2973, #949, #654, #3009 ) ) ;
#2347 = AXIS2_PLACEMENT_3D ( 'NONE', #947, #85, #181 ) ;
#2348 = DIRECTION ( 'NONE',  ( 0.000000000000000000, -1.000000000000000000, 0.000000000000000000 ) ) ;
#2349 = CARTESIAN_POINT ( 'NONE',  ( -32.41141100645621975, -1.699999999999999956, 5.000000000000000000 ) ) ;
#2350 = DIRECTION ( 'NONE',  ( 1.000000000000000000, 1.269309860470834724E-16, 0.000000000000000000 ) ) ;
#2351 = VECTOR ( 'NONE', #1943, 1000.000000000000000 ) ;
#2352 = PLANE ( 'NONE',  #4955 ) ;
#2353 = ORIENTED_EDGE ( 'NONE', *, *, #1324, .F. ) ;
#2354 = AXIS2_PLACEMENT_3D ( 'NONE', #1075, #4642, #1558 ) ;
#2355 = DIRECTION ( 'NONE',  ( -0.7071067811865462405, 8.659560562354916834E-17, 0.7071067811865489050 ) ) ;
#2356 = VECTOR ( 'NONE', #894, 1000.000000000000000 ) ;
#2357 = LINE ( 'NONE', #3142, #1593 ) ;
#2358 = DIRECTION ( 'NONE',  ( 1.000000000000000000, 8.270871484903184443E-17, -0.000000000000000000 ) ) ;
#2359 = ORIENTED_EDGE ( 'NONE', *, *, #137, .T. ) ;
#2360 = PLANE ( 'NONE',  #1448 ) ;
#2361 = DIRECTION ( 'NONE',  ( -0.000000000000000000, -0.000000000000000000, 1.000000000000000000 ) ) ;
#2362 = EDGE_LOOP ( 'NONE', ( #2316, #3931 ) ) ;
#2363 = VERTEX_POINT ( 'NONE', #482 ) ;
#2364 = PLANE ( 'NONE',  #1521 ) ;
#2365 = ADVANCED_FACE ( 'NONE', ( #4819 ), #2046, .F. ) ;
#2366 = CARTESIAN_POINT ( 'NONE',  ( 0.000000000000000000, 0.000000000000000000, 5.000000000000000000 ) ) ;
#2367 = ORIENTED_EDGE ( 'NONE', *, *, #2713, .F. ) ;
#2368 = ORIENTED_EDGE ( 'NONE', *, *, #3884, .F. ) ;
#2369 = EDGE_CURVE ( 'NONE', #2568, #2150, #1041, .T. ) ;
#2370 = ORIENTED_EDGE ( 'NONE', *, *, #2401, .F. ) ;
#2371 = DIRECTION ( 'NONE',  ( -0.000000000000000000, -0.000000000000000000, 1.000000000000000000 ) ) ;
#2372 = CARTESIAN_POINT ( 'NONE',  ( 0.000000000000000000, 39.00000000000000711, 5.000000000000000000 ) ) ;
#2373 = DIRECTION ( 'NONE',  ( 1.000000000000000000, -0.000000000000000000, -0.000000000000000000 ) ) ;
#2374 = ORIENTED_EDGE ( 'NONE', *, *, #580, .T. ) ;
#2375 = CARTESIAN_POINT ( 'NONE',  ( -5.000000000000009770, 72.50000000000000000, 0.000000000000000000 ) ) ;
#2376 = CARTESIAN_POINT ( 'NONE',  ( 17.11198410471419251, 17.11198410471420672, 0.000000000000000000 ) ) ;
#2377 = ADVANCED_FACE ( 'NONE', ( #530 ), #2098, .T. ) ;
#2378 = CONICAL_SURFACE ( 'NONE', #1165, 1.600000000000004086, 0.7853981633974463916 ) ;
#2379 = DIRECTION ( 'NONE',  ( 0.7071067811865462405, 0.000000000000000000, 0.7071067811865489050 ) ) ;
#2380 = ORIENTED_EDGE ( 'NONE', *, *, #1324, .T. ) ;
#2381 = LINE ( 'NONE', #868, #390 ) ;
#2382 = DIRECTION ( 'NONE',  ( 0.000000000000000000, 0.000000000000000000, 1.000000000000000000 ) ) ;
#2383 = ORIENTED_EDGE ( 'NONE', *, *, #2268, .T. ) ;
#2384 = AXIS2_PLACEMENT_3D ( 'NONE', #2736, #4313, #3898 ) ;
#2385 = VERTEX_POINT ( 'NONE', #846 ) ;
#2386 = CIRCLE ( 'NONE', #2550, 1.600000000000004086 ) ;
#2387 = EDGE_CURVE ( 'NONE', #521, #265, #1276, .T. ) ;
#2388 = DIRECTION ( 'NONE',  ( 1.000000000000000000, 0.000000000000000000, 0.000000000000000000 ) ) ;
#2389 = DIRECTION ( 'NONE',  ( -1.000000000000000000, 0.000000000000000000, 0.000000000000000000 ) ) ;
#2390 = DIRECTION ( 'NONE',  ( -1.000000000000000000, 0.000000000000000000, 0.000000000000000000 ) ) ;
#2391 = VECTOR ( 'NONE', #3202, 1000.000000000000227 ) ;
#2392 = ORIENTED_EDGE ( 'NONE', *, *, #1454, .T. ) ;
#2393 = ORIENTED_EDGE ( 'NONE', *, *, #572, .T. ) ;
#2394 = EDGE_CURVE ( 'NONE', #2074, #919, #149, .T. ) ;
#2395 = VERTEX_POINT ( 'NONE', #3946 ) ;
#2396 = CARTESIAN_POINT ( 'NONE',  ( 73.39999999999999147, -19.99999999999998579, 5.000000000000000000 ) ) ;
#2397 = DIRECTION ( 'NONE',  ( 0.000000000000000000, 1.000000000000000000, 0.000000000000000000 ) ) ;
#2398 = CARTESIAN_POINT ( 'NONE',  ( -24.38875556251408128, -79.67917629774431987, 5.000000000000000000 ) ) ;
#2399 = LINE ( 'NONE', #1198, #3944 ) ;
#2400 = VERTEX_POINT ( 'NONE', #2458 ) ;
#2401 = EDGE_CURVE ( 'NONE', #2400, #4905, #2406, .T. ) ;
#2402 = CARTESIAN_POINT ( 'NONE',  ( 11.42697903609048815, -56.01176949140577221, 4.467873063509371967 ) ) ;
#2403 = CARTESIAN_POINT ( 'NONE',  ( -1.000000000000080602, 69.00000000000000000, 5.000000000000000000 ) ) ;
#2404 = CARTESIAN_POINT ( 'NONE',  ( -24.83140145212533412, 0.3000000000000025424, 7.415599282705910511 ) ) ;
#2405 = ORIENTED_EDGE ( 'NONE', *, *, #3459, .T. ) ;
#2406 = LINE ( 'NONE', #4122, #802 ) ;
#2407 = CARTESIAN_POINT ( 'NONE',  ( -27.66829088000282511, -12.00000000000000355, 6.439198102782435207 ) ) ;
#2408 = EDGE_LOOP ( 'NONE', ( #3064, #715, #1744, #76, #3586, #1424 ) ) ;
#2409 = EDGE_LOOP ( 'NONE', ( #1225, #3770, #4088, #4295, #4702 ) ) ;
#2410 = FACE_OUTER_BOUND ( 'NONE', #1303, .T. ) ;
#2411 = CARTESIAN_POINT ( 'NONE',  ( 15.00000000000000000, -4.000000000000008882, 3.000000000000000000 ) ) ;
#2412 = DIRECTION ( 'NONE',  ( 0.000000000000000000, -1.000000000000000000, 0.000000000000000000 ) ) ;
#2413 = VERTEX_POINT ( 'NONE', #273 ) ;
#2414 = VECTOR ( 'NONE', #2251, 1000.000000000000000 ) ;
#2415 = CARTESIAN_POINT ( 'NONE',  ( -24.38875556251408128, -79.67917629774431987, 0.000000000000000000 ) ) ;
#2416 = ORIENTED_EDGE ( 'NONE', *, *, #1117, .T. ) ;
#2417 = EDGE_LOOP ( 'NONE', ( #3290, #752, #703, #1956 ) ) ;
#2418 = DIRECTION ( 'NONE',  ( -0.000000000000000000, -0.000000000000000000, 1.000000000000000000 ) ) ;
#2419 = CARTESIAN_POINT ( 'NONE',  ( 0.000000000000000000, 0.000000000000000000, 5.000000000000000000 ) ) ;
#2420 = AXIS2_PLACEMENT_3D ( 'NONE', #2503, #2984, #3371 ) ;
#2421 = CARTESIAN_POINT ( 'NONE',  ( 9.085333810762914908, -85.01602076946946340, 4.557563640840003316 ) ) ;
#2422 = ADVANCED_FACE ( 'NONE', ( #195 ), #3735, .F. ) ;
#2423 = FACE_OUTER_BOUND ( 'NONE', #3510, .T. ) ;
#2424 = CIRCLE ( 'NONE', #3076, 4.250000000000005329 ) ;
#2425 = ADVANCED_FACE ( 'NONE', ( #2196 ), #4074, .F. ) ;
#2426 = ORIENTED_EDGE ( 'NONE', *, *, #1253, .T. ) ;
#2427 = DIRECTION ( 'NONE',  ( 0.000000000000000000, 0.000000000000000000, 1.000000000000000000 ) ) ;
#2428 = CARTESIAN_POINT ( 'NONE',  ( 69.73799092751333717, -4.000000000000008882, 3.000000000000000000 ) ) ;
#2429 = LINE ( 'NONE', #2785, #5031 ) ;
#2430 = ORIENTED_EDGE ( 'NONE', *, *, #1831, .F. ) ;
#2431 = EDGE_CURVE ( 'NONE', #1501, #4397, #1758, .T. ) ;
#2432 = VECTOR ( 'NONE', #4535, 1000.000000000000000 ) ;
#2433 = CARTESIAN_POINT ( 'NONE',  ( -31.00000000000000000, -1.700000000000003730, -57.50000000000000000 ) ) ;
#2434 = DIRECTION ( 'NONE',  ( 1.000000000000000000, 0.000000000000000000, -0.000000000000000000 ) ) ;
#2435 = ORIENTED_EDGE ( 'NONE', *, *, #4396, .T. ) ;
#2436 = ORIENTED_EDGE ( 'NONE', *, *, #4307, .F. ) ;
#2437 = CARTESIAN_POINT ( 'NONE',  ( 15.00000000000000000, -11.99999999999999645, 5.000000000000000000 ) ) ;
#2438 = AXIS2_PLACEMENT_3D ( 'NONE', #983, #629, #3785 ) ;
#2439 = DIRECTION ( 'NONE',  ( 0.000000000000000000, 0.000000000000000000, 1.000000000000000000 ) ) ;
#2440 = DIRECTION ( 'NONE',  ( 1.000000000000000000, 0.000000000000000000, 0.000000000000000000 ) ) ;
#2441 = VERTEX_POINT ( 'NONE', #2888 ) ;
#2442 = ADVANCED_FACE ( 'NONE', ( #3317 ), #2910, .F. ) ;
#2443 = CIRCLE ( 'NONE', #1622, 3.100000000000019185 ) ;
#2444 = CARTESIAN_POINT ( 'NONE',  ( 15.10847152011856842, 19.11549668930982904, 5.000000000000000000 ) ) ;
#2445 = DIRECTION ( 'NONE',  ( -0.000000000000000000, 1.000000000000000000, -0.000000000000000000 ) ) ;
#2446 = ORIENTED_EDGE ( 'NONE', *, *, #2628, .F. ) ;
#2447 = ORIENTED_EDGE ( 'NONE', *, *, #1262, .F. ) ;
#2448 = LINE ( 'NONE', #4007, #4893 ) ;
#2449 = CARTESIAN_POINT ( 'NONE',  ( 68.10000000000000853, -45.00000000000000000, 0.000000000000000000 ) ) ;
#2450 = CARTESIAN_POINT ( 'NONE',  ( -27.66829088000282511, -2.700000000000000178, 8.689198102782434319 ) ) ;
#2451 = EDGE_CURVE ( 'NONE', #4640, #1274, #1013, .T. ) ;
#2452 = ORIENTED_EDGE ( 'NONE', *, *, #4556, .T. ) ;
#2453 = DIRECTION ( 'NONE',  ( 0.000000000000000000, 0.000000000000000000, -1.000000000000000000 ) ) ;
#2454 = CARTESIAN_POINT ( 'NONE',  ( 76.59999999999999432, -19.99999999999998579, 3.499999999999977796 ) ) ;
#2455 = B_SPLINE_CURVE_WITH_KNOTS ( 'NONE', 3,
 ( #1905, #4239, #4539, #1461, #1057, #4618, #4132, #285, #1104, #3029, #3750, #4590, #621, #1003, #2181, #3003, #239, #5002, #2672, #261, #3360, #3414, #1411, #4927 ),
 .UNSPECIFIED., .F., .F.,
 ( 4, 2, 2, 2, 2, 2, 2, 2, 2, 2, 2, 4 ),
 ( 0.000000000000000000, 0.004618715458107349597, 0.005773394322634197405, 0.006928073187161044345, 0.009237430916214728685, 0.01039210978074158083, 0.01154678864526843818, 0.01270146750979529379, 0.01385614637432214941, 0.01616550410337584676, 0.01732018296790269890, 0.01847486183242955105 ),
 .UNSPECIFIED. ) ;
#2456 = DIRECTION ( 'NONE',  ( -0.000000000000000000, -0.000000000000000000, -1.000000000000000000 ) ) ;
#2457 = VERTEX_POINT ( 'NONE', #4889 ) ;
#2458 = CARTESIAN_POINT ( 'NONE',  ( 14.23761543394930484, 19.48635277547909084, 5.000000000000000000 ) ) ;
#2459 = ORIENTED_EDGE ( 'NONE', *, *, #3391, .T. ) ;
#2460 = ORIENTED_EDGE ( 'NONE', *, *, #3188, .T. ) ;
#2461 = CARTESIAN_POINT ( 'NONE',  ( -14.27636238330915219, -64.00000000000000000, 0.000000000000000000 ) ) ;
#2462 = VECTOR ( 'NONE', #792, 1000.000000000000000 ) ;
#2463 = EDGE_CURVE ( 'NONE', #2083, #4096, #1376, .T. ) ;
#2464 = CARTESIAN_POINT ( 'NONE',  ( 15.10847152011856842, -19.11549668930982904, -5.000000000000000000 ) ) ;
#2465 = AXIS2_PLACEMENT_3D ( 'NONE', #4572, #1371, #2605 ) ;
#2466 = VERTEX_POINT ( 'NONE', #1785 ) ;
#2467 = CIRCLE ( 'NONE', #667, 3.100000000000019185 ) ;
#2468 = DIRECTION ( 'NONE',  ( 1.000000000000000000, 0.000000000000000000, 0.000000000000000000 ) ) ;
#2469 = DIRECTION ( 'NONE',  ( 0.000000000000000000, 1.000000000000000000, 0.000000000000000000 ) ) ;
#2470 = ORIENTED_EDGE ( 'NONE', *, *, #1468, .F. ) ;
#2471 = VECTOR ( 'NONE', #3952, 1000.000000000000000 ) ;
#2472 = EDGE_LOOP ( 'NONE', ( #189, #2747, #4213, #4701 ) ) ;
#2473 = DIRECTION ( 'NONE',  ( -1.000000000000000000, 0.000000000000000000, 0.000000000000000000 ) ) ;
#2474 = DIRECTION ( 'NONE',  ( -0.000000000000000000, -0.000000000000000000, -1.000000000000000000 ) ) ;
#2475 = CARTESIAN_POINT ( 'NONE',  ( 11.13451499873368000, -84.77201916111893354, 4.331544316585055121 ) ) ;
#2476 = EDGE_CURVE ( 'NONE', #521, #4361, #4180, .T. ) ;
#2477 = VERTEX_POINT ( 'NONE', #936 ) ;
#2478 = PRODUCT_RELATED_PRODUCT_CATEGORY ( 'part', '', ( #3555 ) ) ;
#2479 = DIRECTION ( 'NONE',  ( 0.7071067811865462405, 8.659560562354915602E-17, -0.7071067811865489050 ) ) ;
#2480 = PLANE ( 'NONE',  #3147 ) ;
#2481 = ORIENTED_EDGE ( 'NONE', *, *, #2919, .T. ) ;
#2482 = DIRECTION ( 'NONE',  ( 1.000000000000000000, 0.000000000000000000, 0.000000000000000000 ) ) ;
#2483 = VERTEX_POINT ( 'NONE', #965 ) ;
#2484 = VERTEX_POINT ( 'NONE', #4171 ) ;
#2485 = ADVANCED_FACE ( 'NONE', ( #4846 ), #4914, .F. ) ;
#2486 = DIRECTION ( 'NONE',  ( 0.000000000000000000, 0.000000000000000000, 1.000000000000000000 ) ) ;
#2487 = EDGE_CURVE ( 'NONE', #4550, #2483, #2213, .T. ) ;
#2488 = EDGE_CURVE ( 'NONE', #2466, #2031, #1887, .T. ) ;
#2489 = CARTESIAN_POINT ( 'NONE',  ( -0.7500000000000206501, 79.50000000000001421, 5.000000000000000000 ) ) ;
#2490 = FACE_BOUND ( 'NONE', #1090, .T. ) ;
#2491 = ORIENTED_EDGE ( 'NONE', *, *, #2044, .F. ) ;
#2492 = EDGE_CURVE ( 'NONE', #1653, #4729, #4994, .T. ) ;
#2493 = DIRECTION ( 'NONE',  ( 0.000000000000000000, -0.000000000000000000, -1.000000000000000000 ) ) ;
#2494 = LINE ( 'NONE', #492, #4052 ) ;
#2495 = EDGE_LOOP ( 'NONE', ( #509, #2998, #2552, #3532 ) ) ;
#2496 = CARTESIAN_POINT ( 'NONE',  ( -13.00000000000002665, 78.00000000000001421, 3.499999999999994671 ) ) ;
#2497 = DIRECTION ( 'NONE',  ( 0.7071067811865462405, 0.000000000000000000, 0.7071067811865489050 ) ) ;
#2498 = DIRECTION ( 'NONE',  ( 0.000000000000000000, 1.000000000000000000, 0.000000000000000000 ) ) ;
#2499 = VECTOR ( 'NONE', #1428, 999.9999999999998863 ) ;
#2500 = ORIENTED_EDGE ( 'NONE', *, *, #2991, .T. ) ;
#2501 = AXIS2_PLACEMENT_3D ( 'NONE', #4740, #2606, #1807 ) ;
#2502 = DIRECTION ( 'NONE',  ( 1.000000000000000000, -0.000000000000000000, -0.000000000000000000 ) ) ;
#2503 = CARTESIAN_POINT ( 'NONE',  ( 14.23761543394930484, -19.48635277547909084, -5.000000000000000000 ) ) ;
#2504 = VERTEX_POINT ( 'NONE', #2988 ) ;
#2505 = AXIS2_PLACEMENT_3D ( 'NONE', #2987, #1721, #4829 ) ;
#2506 = CARTESIAN_POINT ( 'NONE',  ( 28.19999999999997087, 69.50000000000000000, 0.000000000000000000 ) ) ;
#2507 = CARTESIAN_POINT ( 'NONE',  ( 74.99999999999994316, 19.99999999999998579, 0.000000000000000000 ) ) ;
#2508 = EDGE_LOOP ( 'NONE', ( #2470, #4856, #2561, #5035 ) ) ;
#2509 = PLANE ( 'NONE',  #696 ) ;
#2510 = AXIS2_PLACEMENT_3D ( 'NONE', #1842, #4178, #2996 ) ;
#2511 = AXIS2_PLACEMENT_3D ( 'NONE', #1534, #3923, #4285 ) ;
#2512 = CARTESIAN_POINT ( 'NONE',  ( 9.514626814399031574, -81.76109187634627062, 4.335790982745858280 ) ) ;
#2513 = CARTESIAN_POINT ( 'NONE',  ( 19.94041122946007505, -28.42569260369927520, 5.000000000000000000 ) ) ;
#2514 = VERTEX_POINT ( 'NONE', #2223 ) ;
#2515 = FACE_OUTER_BOUND ( 'NONE', #4417, .T. ) ;
#2516 = AXIS2_PLACEMENT_3D ( 'NONE', #408, #2334, #3482 ) ;
#2517 = CARTESIAN_POINT ( 'NONE',  ( 31.30000000000001492, -69.50000000000000000, 5.000000000000000000 ) ) ;
#2518 = ORIENTED_EDGE ( 'NONE', *, *, #354, .F. ) ;
#2519 = VECTOR ( 'NONE', #4326, 1000.000000000000000 ) ;
#2520 = FACE_OUTER_BOUND ( 'NONE', #62, .T. ) ;
#2521 = DIRECTION ( 'NONE',  ( -1.000000000000000000, 1.027984282060330356E-15, 0.000000000000000000 ) ) ;
#2522 = ORIENTED_EDGE ( 'NONE', *, *, #632, .T. ) ;
#2523 = CIRCLE ( 'NONE', #2688, 3.100000000000017852 ) ;
#2524 = ORIENTED_EDGE ( 'NONE', *, *, #647, .F. ) ;
#2525 = DIRECTION ( 'NONE',  ( -0.000000000000000000, -0.000000000000000000, -1.000000000000000000 ) ) ;
#2526 = CARTESIAN_POINT ( 'NONE',  ( 9.220136157374255959, -56.29979116329617028, 4.475047374552430846 ) ) ;
#2527 = CARTESIAN_POINT ( 'NONE',  ( 21.50000000000000000, 8.500000000000000000, 5.000000000000000000 ) ) ;
#2528 = FACE_OUTER_BOUND ( 'NONE', #447, .T. ) ;
#2529 = ORIENTED_EDGE ( 'NONE', *, *, #2264, .T. ) ;
#2530 = DIRECTION ( 'NONE',  ( -1.000000000000000000, -2.113684723242344441E-16, 0.000000000000000000 ) ) ;
#2531 = CARTESIAN_POINT ( 'NONE',  ( -1.000000000000054623, -69.00000000000000000, 5.000000000000000000 ) ) ;
#2532 = EDGE_LOOP ( 'NONE', ( #1928, #1647, #2907, #599, #53 ) ) ;
#2533 = FACE_BOUND ( 'NONE', #7, .T. ) ;
#2534 = CARTESIAN_POINT ( 'NONE',  ( 3.879751057680255411, 64.00000000000000000, 4.713747003574108696 ) ) ;
#2535 = FACE_BOUND ( 'NONE', #4294, .T. ) ;
#2536 = EDGE_LOOP ( 'NONE', ( #1475, #1799 ) ) ;
#2537 = EDGE_CURVE ( 'NONE', #1628, #2979, #4502, .T. ) ;
#2538 = CIRCLE ( 'NONE', #3939, 13.00000000000003197 ) ;
#2539 = CARTESIAN_POINT ( 'NONE',  ( 21.50000000000000000, 8.500000000000000000, 5.000000000000000000 ) ) ;
#2540 = DIRECTION ( 'NONE',  ( -0.000000000000000000, -0.000000000000000000, -1.000000000000000000 ) ) ;
#2541 = VERTEX_POINT ( 'NONE', #1325 ) ;
#2542 = AXIS2_PLACEMENT_3D ( 'NONE', #433, #3552, #1250 ) ;
#2543 = AXIS2_PLACEMENT_3D ( 'NONE', #2646, #4517, #212 ) ;
#2544 = CARTESIAN_POINT ( 'NONE',  ( -29.39780203086234778, -40.00000000000000000, 5.000000000000000000 ) ) ;
#2545 = DIRECTION ( 'NONE',  ( 0.000000000000000000, -1.000000000000000000, 0.000000000000000000 ) ) ;
#2546 = PLANE ( 'NONE',  #1230 ) ;
#2547 = VERTEX_POINT ( 'NONE', #4073 ) ;
#2548 = CIRCLE ( 'NONE', #4430, 13.00000000000003197 ) ;
#2549 = EDGE_CURVE ( 'NONE', #1501, #939, #2122, .T. ) ;
#2550 = AXIS2_PLACEMENT_3D ( 'NONE', #3719, #210, #2113 ) ;
#2551 = VERTEX_POINT ( 'NONE', #1735 ) ;
#2552 = ORIENTED_EDGE ( 'NONE', *, *, #1675, .F. ) ;
#2553 = CARTESIAN_POINT ( 'NONE',  ( 8.234128763125465156, 6.699999999999999289, 10.00000000000000000 ) ) ;
#2554 = ADVANCED_FACE ( 'NONE', ( #991 ), #3292, .F. ) ;
#2555 = DIRECTION ( 'NONE',  ( 1.000000000000000000, -0.000000000000000000, 0.000000000000000000 ) ) ;
#2556 = EDGE_CURVE ( 'NONE', #397, #2724, #1, .T. ) ;
#2557 = DIRECTION ( 'NONE',  ( -1.000000000000000000, 0.000000000000000000, 0.000000000000000000 ) ) ;
#2558 = ORIENTED_EDGE ( 'NONE', *, *, #3449, .T. ) ;
#2559 = DIRECTION ( 'NONE',  ( -0.7071067811865472397, -0.7071067811865479058, 0.000000000000000000 ) ) ;
#2560 = ORIENTED_EDGE ( 'NONE', *, *, #1191, .T. ) ;
#2561 = ORIENTED_EDGE ( 'NONE', *, *, #2948, .T. ) ;
#2562 = DIRECTION ( 'NONE',  ( 0.000000000000000000, 1.000000000000000000, -0.000000000000000000 ) ) ;
#2563 = CARTESIAN_POINT ( 'NONE',  ( 21.50000000000000000, 5.500000000000000000, 5.000000000000000000 ) ) ;
#2564 = LINE ( 'NONE', #3274, #1568 ) ;
#2565 = FACE_BOUND ( 'NONE', #17, .T. ) ;
#2566 = VERTEX_POINT ( 'NONE', #712 ) ;
#2567 = LINE ( 'NONE', #4537, #1933 ) ;
#2568 = VERTEX_POINT ( 'NONE', #2304 ) ;
#2569 = DIRECTION ( 'NONE',  ( -1.000000000000000000, 0.000000000000000000, 0.000000000000000000 ) ) ;
#2570 = CARTESIAN_POINT ( 'NONE',  ( 61.89999999999997016, 45.00000000000000000, 0.000000000000000000 ) ) ;
#2571 = DIRECTION ( 'NONE',  ( 1.000000000000000000, 0.000000000000000000, 0.000000000000000000 ) ) ;
#2572 = EDGE_LOOP ( 'NONE', ( #2062, #1676, #5004, #2353, #4518 ) ) ;
#2573 = VERTEX_POINT ( 'NONE', #1942 ) ;
#2574 = VERTEX_POINT ( 'NONE', #3452 ) ;
#2575 = DIRECTION ( 'NONE',  ( -0.000000000000000000, -0.000000000000000000, -1.000000000000000000 ) ) ;
#2576 = LINE ( 'NONE', #3368, #1321 ) ;
#2577 = DIRECTION ( 'NONE',  ( 0.000000000000000000, 0.000000000000000000, 1.000000000000000000 ) ) ;
#2578 = EDGE_CURVE ( 'NONE', #104, #2807, #3065, .T. ) ;
#2579 = AXIS2_PLACEMENT_3D ( 'NONE', #4023, #2486, #511 ) ;
#2580 = CARTESIAN_POINT ( 'NONE',  ( 6.792893912220831609, 6.699999999999999289, 5.000000000000000000 ) ) ;
#2581 = VERTEX_POINT ( 'NONE', #1091 ) ;
#2582 = DIRECTION ( 'NONE',  ( -0.000000000000000000, -0.000000000000000000, -1.000000000000000000 ) ) ;
#2583 = VECTOR ( 'NONE', #3788, 1000.000000000000000 ) ;
#2584 = DIRECTION ( 'NONE',  ( 0.000000000000000000, 0.000000000000000000, 1.000000000000000000 ) ) ;
#2585 = ADVANCED_FACE ( 'NONE', ( #3398 ), #328, .F. ) ;
#2586 = ORIENTED_EDGE ( 'NONE', *, *, #1380, .T. ) ;
#2587 = EDGE_CURVE ( 'NONE', #265, #993, #1390, .T. ) ;
#2588 = CARTESIAN_POINT ( 'NONE',  ( 19.94041122946007505, 28.42569260369927520, -5.000000000000000000 ) ) ;
#2589 = CIRCLE ( 'NONE', #378, 3.100000000000019185 ) ;
#2590 = CARTESIAN_POINT ( 'NONE',  ( -8.153200337090993344E-14, 64.00000000000000000, 1.642916943637984906 ) ) ;
#2591 = DIRECTION ( 'NONE',  ( 0.000000000000000000, 0.000000000000000000, 1.000000000000000000 ) ) ;
#2592 = EDGE_LOOP ( 'NONE', ( #4865, #4124, #3562, #5026 ) ) ;
#2593 = VECTOR ( 'NONE', #3018, 1000.000000000000000 ) ;
#2594 = LINE ( 'NONE', #2615, #704 ) ;
#2595 = CONICAL_SURFACE ( 'NONE', #1127, 1.600000000000004086, 0.7853981633974476129 ) ;
#2596 = CARTESIAN_POINT ( 'NONE',  ( -27.66829088000282511, 4.299999999999999822, 6.439198102782435207 ) ) ;
#2597 = EDGE_CURVE ( 'NONE', #2343, #3086, #1834, .T. ) ;
#2598 = DIRECTION ( 'NONE',  ( 1.000000000000000000, -0.000000000000000000, 0.000000000000000000 ) ) ;
#2599 = ORIENTED_EDGE ( 'NONE', *, *, #507, .F. ) ;
#2600 = AXIS2_PLACEMENT_3D ( 'NONE', #4375, #3965, #3174 ) ;
#2601 = ORIENTED_EDGE ( 'NONE', *, *, #550, .F. ) ;
#2602 = VERTEX_POINT ( 'NONE', #3868 ) ;
#2603 = CARTESIAN_POINT ( 'NONE',  ( -5.000000000000026645, 79.50000000000001421, 0.000000000000000000 ) ) ;
#2604 = VECTOR ( 'NONE', #4443, 1000.000000000000000 ) ;
#2605 = DIRECTION ( 'NONE',  ( 0.000000000000000000, -0.000000000000000000, -1.000000000000000000 ) ) ;
#2606 = DIRECTION ( 'NONE',  ( 0.000000000000000000, 1.000000000000000000, 0.000000000000000000 ) ) ;
#2607 = ORIENTED_EDGE ( 'NONE', *, *, #930, .T. ) ;
#2608 = DIRECTION ( 'NONE',  ( 1.000000000000000000, 0.000000000000000000, 0.000000000000000000 ) ) ;
#2609 = DIRECTION ( 'NONE',  ( 1.000000000000000000, 0.000000000000000000, 0.000000000000000000 ) ) ;
#2610 = ORIENTED_EDGE ( 'NONE', *, *, #2549, .T. ) ;
#2611 = DIRECTION ( 'NONE',  ( 0.000000000000000000, 0.000000000000000000, 1.000000000000000000 ) ) ;
#2612 = DIRECTION ( 'NONE',  ( 1.000000000000000000, 0.000000000000000000, 0.000000000000000000 ) ) ;
#2613 = DIRECTION ( 'NONE',  ( -0.000000000000000000, -0.000000000000000000, 1.000000000000000000 ) ) ;
#2614 = ORIENTED_EDGE ( 'NONE', *, *, #4147, .T. ) ;
#2615 = CARTESIAN_POINT ( 'NONE',  ( 8.000000000000000000, 1.347358039593636276E-15, 0.000000000000000000 ) ) ;
#2616 = EDGE_CURVE ( 'NONE', #5022, #281, #3697, .T. ) ;
#2617 = CARTESIAN_POINT ( 'NONE',  ( 57.54857509844375585, -48.09631523984868551, 7.757566529648532772 ) ) ;
#2618 = DIRECTION ( 'NONE',  ( 0.000000000000000000, 0.000000000000000000, 1.000000000000000000 ) ) ;
#2619 = CARTESIAN_POINT ( 'NONE',  ( -22.19000777032735527, 82.57029462919948060, 5.000000000000000000 ) ) ;
#2620 = AXIS2_PLACEMENT_3D ( 'NONE', #2797, #4360, #1664 ) ;
#2621 = ORIENTED_EDGE ( 'NONE', *, *, #2770, .F. ) ;
#2622 = EDGE_CURVE ( 'NONE', #2602, #4765, #3118, .T. ) ;
#2623 = CIRCLE ( 'NONE', #4755, 3.100000000000019185 ) ;
#2624 = ORIENTED_EDGE ( 'NONE', *, *, #3188, .F. ) ;
#2625 = CARTESIAN_POINT ( 'NONE',  ( 15.10847152011856842, -19.11549668930982904, -5.000000000000000000 ) ) ;
#2626 = DIRECTION ( 'NONE',  ( -1.269309860470834724E-16, 1.000000000000000000, -0.000000000000000000 ) ) ;
#2627 = AXIS2_PLACEMENT_3D ( 'NONE', #75, #3176, #483 ) ;
#2628 = EDGE_CURVE ( 'NONE', #4729, #1653, #3522, .T. ) ;
#2629 = EDGE_CURVE ( 'NONE', #2514, #2953, #3475, .T. ) ;
#2630 = CARTESIAN_POINT ( 'NONE',  ( -31.00000000000000000, 11.99999999999999645, 5.000000000000000000 ) ) ;
#2631 = ORIENTED_EDGE ( 'NONE', *, *, #3128, .T. ) ;
#2632 = VECTOR ( 'NONE', #3209, 1000.000000000000000 ) ;
#2633 = CARTESIAN_POINT ( 'NONE',  ( -4.060219093942696311, -75.35166254679877795, 0.1006813459383186088 ) ) ;
#2634 = DIRECTION ( 'NONE',  ( 0.000000000000000000, 0.000000000000000000, -1.000000000000000000 ) ) ;
#2635 = VERTEX_POINT ( 'NONE', #1175 ) ;
#2636 = DIRECTION ( 'NONE',  ( -1.000000000000000000, -8.673617379884035472E-16, 0.000000000000000000 ) ) ;
#2637 = CARTESIAN_POINT ( 'NONE',  ( 73.39999999999999147, -19.99999999999998579, 0.000000000000000000 ) ) ;
#2638 = DIRECTION ( 'NONE',  ( 1.301042606982605074E-16, -1.000000000000000000, 0.000000000000000000 ) ) ;
#2639 = DIRECTION ( 'NONE',  ( 1.000000000000000000, 1.269309860470834724E-16, -0.000000000000000000 ) ) ;
#2640 = EDGE_CURVE ( 'NONE', #214, #3744, #2300, .T. ) ;
#2641 = ORIENTED_EDGE ( 'NONE', *, *, #2628, .T. ) ;
#2642 = DIRECTION ( 'NONE',  ( 0.000000000000000000, -1.000000000000000000, 0.000000000000000000 ) ) ;
#2643 = EDGE_CURVE ( 'NONE', #4027, #4843, #2623, .T. ) ;
#2644 = CARTESIAN_POINT ( 'NONE',  ( 17.37975105768025230, -29.48635277547909084, 5.000000000000000000 ) ) ;
#2645 = LINE ( 'NONE', #4951, #758 ) ;
#2646 = CARTESIAN_POINT ( 'NONE',  ( -29.41141100645621975, -37.00000000000000000, 5.000000000000000000 ) ) ;
#2647 = VERTEX_POINT ( 'NONE', #3891 ) ;
#2648 = ORIENTED_EDGE ( 'NONE', *, *, #3936, .T. ) ;
#2649 = ORIENTED_EDGE ( 'NONE', *, *, #1139, .T. ) ;
#2650 = CARTESIAN_POINT ( 'NONE',  ( -31.00000000000000000, 11.99999999999999645, -57.50000000000000000 ) ) ;
#2651 = DIRECTION ( 'NONE',  ( 1.000000000000000000, 0.000000000000000000, 0.000000000000000000 ) ) ;
#2652 = CYLINDRICAL_SURFACE ( 'NONE', #4175, 2.250000000000001332 ) ;
#2653 = FACE_OUTER_BOUND ( 'NONE', #5060, .T. ) ;
#2654 = FACE_OUTER_BOUND ( 'NONE', #2221, .T. ) ;
#2655 = VERTEX_POINT ( 'NONE', #3426 ) ;
#2656 = CARTESIAN_POINT ( 'NONE',  ( -27.66829088000282511, -1.700000000000003508, 6.439198102782435207 ) ) ;
#2657 = EDGE_CURVE ( 'NONE', #48, #4027, #1473, .T. ) ;
#2658 = FACE_OUTER_BOUND ( 'NONE', #992, .T. ) ;
#2659 = VECTOR ( 'NONE', #1532, 1000.000000000000000 ) ;
#2660 = ORIENTED_EDGE ( 'NONE', *, *, #3731, .F. ) ;
#2661 = DIRECTION ( 'NONE',  ( 1.000000000000000000, 0.000000000000000000, 0.000000000000000000 ) ) ;
#2662 = ORIENTED_EDGE ( 'NONE', *, *, #2369, .F. ) ;
#2663 = AXIS2_PLACEMENT_3D ( 'NONE', #3450, #2243, #1089 ) ;
#2664 = DIRECTION ( 'NONE',  ( 0.7071067811865489050, 8.659560562354951347E-17, -0.7071067811865462405 ) ) ;
#2665 = DIRECTION ( 'NONE',  ( -1.000000000000000000, 0.000000000000000000, 0.000000000000000000 ) ) ;
#2666 = ORIENTED_EDGE ( 'NONE', *, *, #2206, .F. ) ;
#2667 = EDGE_CURVE ( 'NONE', #3430, #582, #2538, .T. ) ;
#2668 = CIRCLE ( 'NONE', #211, 13.00000000000003020 ) ;
#2669 = LINE ( 'NONE', #9, #4469 ) ;
#2670 = LINE ( 'NONE', #2289, #4801 ) ;
#2671 = CARTESIAN_POINT ( 'NONE',  ( 15.00000000000000000, -4.000000000000008882, 0.000000000000000000 ) ) ;
#2672 = CARTESIAN_POINT ( 'NONE',  ( 59.66052123178665312, 45.44966019461781315, 11.93809124555049195 ) ) ;
#2673 = DIRECTION ( 'NONE',  ( 0.000000000000000000, 0.000000000000000000, -1.000000000000000000 ) ) ;
#2674 = ORIENTED_EDGE ( 'NONE', *, *, #4965, .T. ) ;
#2675 = ORIENTED_EDGE ( 'NONE', *, *, #2287, .T. ) ;
#2676 = ORIENTED_EDGE ( 'NONE', *, *, #1579, .T. ) ;
#2677 = AXIS2_PLACEMENT_3D ( 'NONE', #1156, #4611, #4156 ) ;
#2678 = CYLINDRICAL_SURFACE ( 'NONE', #3916, 17.79999999999999716 ) ;
#2679 = DIRECTION ( 'NONE',  ( 0.000000000000000000, 1.000000000000000000, 0.000000000000000000 ) ) ;
#2680 = AXIS2_PLACEMENT_3D ( 'NONE', #4091, #4423, #575 ) ;
#2681 = CIRCLE ( 'NONE', #1038, 17.79999999999999716 ) ;
#2682 = DIRECTION ( 'NONE',  ( 1.000000000000000000, 0.000000000000000000, 0.000000000000000000 ) ) ;
#2683 = FACE_OUTER_BOUND ( 'NONE', #4543, .T. ) ;
#2684 = ORIENTED_EDGE ( 'NONE', *, *, #4441, .F. ) ;
#2685 = AXIS2_PLACEMENT_3D ( 'NONE', #2855, #89, #3981 ) ;
#2686 = CARTESIAN_POINT ( 'NONE',  ( -5.489426321037138123, -75.27723983094421101, 0.2813395689090143481 ) ) ;
#2687 = CARTESIAN_POINT ( 'NONE',  ( -3.894678355635792677, -75.39625000000000909, 0.000000000000000000 ) ) ;
#2688 = AXIS2_PLACEMENT_3D ( 'NONE', #4131, #340, #1877 ) ;
#2689 = CARTESIAN_POINT ( 'NONE',  ( 26.50000000000000355, -8.500000000000000000, 0.000000000000000000 ) ) ;
#2690 = EDGE_LOOP ( 'NONE', ( #1153, #1006, #816, #2932 ) ) ;
#2691 = DIRECTION ( 'NONE',  ( 0.000000000000000000, -1.000000000000000000, 0.000000000000000000 ) ) ;
#2692 = CARTESIAN_POINT ( 'NONE',  ( -3.723637616690846919, 64.00000000000000000, 0.000000000000000000 ) ) ;
#2693 = ORIENTED_EDGE ( 'NONE', *, *, #830, .F. ) ;
#2694 = CARTESIAN_POINT ( 'NONE',  ( -32.41141100645621975, -1.699999999999999956, 5.000000000000000000 ) ) ;
#2695 = FACE_OUTER_BOUND ( 'NONE', #411, .T. ) ;
#2696 = EDGE_CURVE ( 'NONE', #4837, #1687, #88, .T. ) ;
#2697 = VERTEX_POINT ( 'NONE', #2833 ) ;
#2698 = ORIENTED_EDGE ( 'NONE', *, *, #3343, .T. ) ;
#2699 = ORIENTED_EDGE ( 'NONE', *, *, #3228, .T. ) ;
#2700 = LINE ( 'NONE', #4625, #4734 ) ;
#2701 = CARTESIAN_POINT ( 'NONE',  ( -13.00000000000002665, 78.00000000000001421, 3.499999999999994671 ) ) ;
#2702 = DIRECTION ( 'NONE',  ( -1.000000000000000000, 0.000000000000000000, 0.000000000000000000 ) ) ;
#2703 = DIRECTION ( 'NONE',  ( -0.000000000000000000, -1.000000000000000000, -0.000000000000000000 ) ) ;
#2704 = ADVANCED_FACE ( 'NONE', ( #4348 ), #4710, .F. ) ;
#2705 = VECTOR ( 'NONE', #1271, 999.9999999999998863 ) ;
#2706 = EDGE_CURVE ( 'NONE', #481, #3430, #428, .T. ) ;
#2707 = DIRECTION ( 'NONE',  ( -0.000000000000000000, -0.000000000000000000, 1.000000000000000000 ) ) ;
#2708 = ADVANCED_FACE ( 'NONE', ( #2782 ), #415, .F. ) ;
#2709 = VERTEX_POINT ( 'NONE', #404 ) ;
#2710 = DIRECTION ( 'NONE',  ( 0.000000000000000000, 0.000000000000000000, 1.000000000000000000 ) ) ;
#2711 = VECTOR ( 'NONE', #2521, 1000.000000000000000 ) ;
#2712 = DIRECTION ( 'NONE',  ( -0.000000000000000000, -1.000000000000000000, -0.000000000000000000 ) ) ;
#2713 = EDGE_CURVE ( 'NONE', #4778, #1313, #1629, .T. ) ;
#2714 = CARTESIAN_POINT ( 'NONE',  ( -24.41141100645621975, 40.00000000000000000, 5.000000000000000000 ) ) ;
#2715 = CIRCLE ( 'NONE', #413, 1.600000000000004086 ) ;
#2716 = ORIENTED_EDGE ( 'NONE', *, *, #1784, .T. ) ;
#2717 = DIRECTION ( 'NONE',  ( 0.000000000000000000, 0.000000000000000000, -1.000000000000000000 ) ) ;
#2718 = CARTESIAN_POINT ( 'NONE',  ( 4.146862743635832516, -58.64006586735677473, 5.000000000000000000 ) ) ;
#2719 = ORIENTED_EDGE ( 'NONE', *, *, #3484, .T. ) ;
#2720 = ORIENTED_EDGE ( 'NONE', *, *, #1902, .T. ) ;
#2721 = DIRECTION ( 'NONE',  ( 0.000000000000000000, 0.000000000000000000, 1.000000000000000000 ) ) ;
#2722 = DIRECTION ( 'NONE',  ( -1.000000000000000000, -0.000000000000000000, -0.000000000000000000 ) ) ;
#2723 = ORIENTED_EDGE ( 'NONE', *, *, #101, .F. ) ;
#2724 = VERTEX_POINT ( 'NONE', #3941 ) ;
#2725 = ORIENTED_EDGE ( 'NONE', *, *, #3016, .F. ) ;
#2726 = CARTESIAN_POINT ( 'NONE',  ( 3.879751057680255411, 19.48635277547910150, 4.713747003574107808 ) ) ;
#2727 = LINE ( 'NONE', #1088, #989 ) ;
#2728 = PLANE ( 'NONE',  #4057 ) ;
#2729 = ORIENTED_EDGE ( 'NONE', *, *, #1015, .T. ) ;
#2730 = CARTESIAN_POINT ( 'NONE',  ( 75.00000000000000000, -19.99999999999998579, 5.000000000000000000 ) ) ;
#2731 = LINE ( 'NONE', #2328, #2351 ) ;
#2732 = EDGE_CURVE ( 'NONE', #3407, #4979, #26, .T. ) ;
#2733 = PLANE ( 'NONE',  #3723 ) ;
#2734 = ORIENTED_EDGE ( 'NONE', *, *, #3071, .F. ) ;
#2735 = CARTESIAN_POINT ( 'NONE',  ( -1.899999999999990141, -72.50000000000000000, 0.000000000000000000 ) ) ;
#2736 = CARTESIAN_POINT ( 'NONE',  ( -5.000000000000009770, 72.50000000000000000, 0.000000000000000000 ) ) ;
#2737 = EDGE_CURVE ( 'NONE', #2457, #4843, #4738, .T. ) ;
#2738 = ORIENTED_EDGE ( 'NONE', *, *, #4719, .T. ) ;
#2739 = ADVANCED_FACE ( 'NONE', ( #1223 ), #4372, .F. ) ;
#2740 = VERTEX_POINT ( 'NONE', #4333 ) ;
#2741 = FACE_OUTER_BOUND ( 'NONE', #4670, .T. ) ;
#2742 = AXIS2_PLACEMENT_3D ( 'NONE', #1094, #4666, #2661 ) ;
#2743 = VECTOR ( 'NONE', #3255, 1000.000000000000000 ) ;
#2744 = CARTESIAN_POINT ( 'NONE',  ( 0.000000000000000000, 0.000000000000000000, 5.000000000000000000 ) ) ;
#2745 = ORIENTED_EDGE ( 'NONE', *, *, #3990, .F. ) ;
#2746 = CIRCLE ( 'NONE', #1844, 2.999999999999999112 ) ;
#2747 = ORIENTED_EDGE ( 'NONE', *, *, #944, .F. ) ;
#2748 = ORIENTED_EDGE ( 'NONE', *, *, #4457, .T. ) ;
#2749 = EDGE_CURVE ( 'NONE', #4338, #4150, #4012, .T. ) ;
#2750 = AXIS2_PLACEMENT_3D ( 'NONE', #3225, #2850, #2468 ) ;
#2751 = DIRECTION ( 'NONE',  ( -0.000000000000000000, 0.000000000000000000, 1.000000000000000000 ) ) ;
#2752 = CARTESIAN_POINT ( 'NONE',  ( -32.41141100645621975, -1.699999999999999956, 10.00000000000000000 ) ) ;
#2753 = LINE ( 'NONE', #1194, #756 ) ;
#2754 = CLOSED_SHELL ( 'NONE', ( #784, #854, #3130, #2585, #1096, #2425, #1143, #2835, #2997, #2020, #1043, #3605, #2021, #3286, #4945, #2442, #3912, #4455, #1682, #1754, #604, #3867, #3720, #4262, #923, #3568, #361, #3870, #4434, #727, #405, #272, #4085, #1847, #1577, #4601, #4711, #2231, #579, #2377, #609, #1185, #1420, #2068, #4287, #2422, #4525, #4369, #3747, #1408, #1189, #4784, #4318, #1824, #3140, #5041, #1564, #2485, #4906, #1418, #678, #4254, #4934, #3193, #122, #2241, #2047, #2930, #813, #2867, #3703, #3266, #4136, #1045, #1268, #3092, #4936, #1666, #1893, #2895, #1635, #19, #3681, #2708, #1109, #4772, #3761, #4580, #2554, #3876, #4414, #1206, #1351, #2739, #3920, #3351, #4243, #474, #1575, #622, #1266, #2207, #4362, #2219, #1336, #4623, #228, #2245, #2365, #1340, #935, #611, #3296, #1839, #4024, #268, #2704, #4970, #3394, #3772, #3599, #1051, #3386, #4072, #1148, #2037, #1717, #4394, #3219, #3688, #2294, #2795, #4519, #4847, #3647, #4687, #806, #3496, #435, #1867, #907, #44, #2165, #2277, #2806, #4790 ) ) ;
#2755 = CARTESIAN_POINT ( 'NONE',  ( 15.10847152011856842, 19.11549668930982904, 5.000000000000000000 ) ) ;
#2756 = ORIENTED_EDGE ( 'NONE', *, *, #1510, .T. ) ;
#2757 = DIRECTION ( 'NONE',  ( 0.000000000000000000, 0.000000000000000000, 1.000000000000000000 ) ) ;
#2758 = VECTOR ( 'NONE', #3593, 1000.000000000000000 ) ;
#2759 = VECTOR ( 'NONE', #3951, 1000.000000000000000 ) ;
#2760 = DIRECTION ( 'NONE',  ( 8.270871484903184443E-17, -1.000000000000000000, -0.000000000000000000 ) ) ;
#2761 = EDGE_CURVE ( 'NONE', #2573, #3820, #3141, .T. ) ;
#2762 = AXIS2_PLACEMENT_3D ( 'NONE', #1685, #1633, #1249 ) ;
#2763 = CARTESIAN_POINT ( 'NONE',  ( 26.50000000000000355, 8.500000000000000000, 5.000000000000000000 ) ) ;
#2764 = ORIENTED_EDGE ( 'NONE', *, *, #1294, .T. ) ;
#2765 = DIRECTION ( 'NONE',  ( 0.000000000000000000, 0.000000000000000000, 1.000000000000000000 ) ) ;
#2766 = DIRECTION ( 'NONE',  ( 0.000000000000000000, 1.000000000000000000, 0.000000000000000000 ) ) ;
#2767 = AXIS2_PLACEMENT_3D ( 'NONE', #2650, #705, #266 ) ;
#2768 = ORIENTED_EDGE ( 'NONE', *, *, #1213, .F. ) ;
#2769 = EDGE_LOOP ( 'NONE', ( #1526, #640, #4212, #2693, #1133 ) ) ;
#2770 = EDGE_CURVE ( 'NONE', #214, #2146, #3548, .T. ) ;
#2771 = LINE ( 'NONE', #4339, #623 ) ;
#2772 = LINE ( 'NONE', #4340, #3093 ) ;
#2773 = ORIENTED_EDGE ( 'NONE', *, *, #83, .T. ) ;
#2774 = EDGE_CURVE ( 'NONE', #493, #457, #3190, .T. ) ;
#2775 = ORIENTED_EDGE ( 'NONE', *, *, #1732, .F. ) ;
#2776 = VERTEX_POINT ( 'NONE', #69 ) ;
#2777 = CARTESIAN_POINT ( 'NONE',  ( -24.41141100645622330, 81.94103375399816969, 5.000000000000000000 ) ) ;
#2778 = LINE ( 'NONE', #4757, #4810 ) ;
#2779 = EDGE_CURVE ( 'NONE', #4422, #4338, #3598, .T. ) ;
#2780 = EDGE_LOOP ( 'NONE', ( #1768, #3218, #1238, #86 ) ) ;
#2781 = EDGE_CURVE ( 'NONE', #919, #4991, #4761, .T. ) ;
#2782 = FACE_OUTER_BOUND ( 'NONE', #3715, .T. ) ;
#2783 = VECTOR ( 'NONE', #449, 1000.000000000000000 ) ;
#2784 = EDGE_CURVE ( 'NONE', #4880, #4922, #3306, .T. ) ;
#2785 = CARTESIAN_POINT ( 'NONE',  ( 69.73799092751333717, -4.000000000000008882, 3.000000000000000000 ) ) ;
#2786 = VERTEX_POINT ( 'NONE', #2808 ) ;
#2787 = AXIS2_PLACEMENT_3D ( 'NONE', #677, #2234, #4186 ) ;
#2788 = FACE_OUTER_BOUND ( 'NONE', #3752, .T. ) ;
#2789 = LINE ( 'NONE', #103, #337 ) ;
#2790 = ORIENTED_EDGE ( 'NONE', *, *, #964, .T. ) ;
#2791 = ORIENTED_EDGE ( 'NONE', *, *, #1918, .T. ) ;
#2792 = VECTOR ( 'NONE', #422, 1000.000000000000000 ) ;
#2793 = CARTESIAN_POINT ( 'NONE',  ( 28.19999999999999929, -69.50000000000000000, 5.000000000000000000 ) ) ;
#2794 = APPLICATION_CONTEXT ( 'automotive_design' ) ;
#2795 = ADVANCED_FACE ( 'NONE', ( #863 ), #2546, .F. ) ;
#2796 = CARTESIAN_POINT ( 'NONE',  ( 69.73799092751333717, -4.000000000000008882, 3.000000000000000000 ) ) ;
#2797 = CARTESIAN_POINT ( 'NONE',  ( -27.66829088000282511, -2.700000000000000178, 6.439198102782435207 ) ) ;
#2798 = ORIENTED_EDGE ( 'NONE', *, *, #975, .F. ) ;
#2799 = EDGE_CURVE ( 'NONE', #993, #265, #748, .T. ) ;
#2800 = DIRECTION ( 'NONE',  ( 0.000000000000000000, 0.000000000000000000, 1.000000000000000000 ) ) ;
#2801 = VERTEX_POINT ( 'NONE', #4494 ) ;
#2802 = VERTEX_POINT ( 'NONE', #977 ) ;
#2803 = CARTESIAN_POINT ( 'NONE',  ( 22.41528496361299005, -11.80868324581541451, -5.000000000000000000 ) ) ;
#2804 = CARTESIAN_POINT ( 'NONE',  ( -27.66829088000282511, -46.69999999999999574, 6.439198102782435207 ) ) ;
#2805 = CARTESIAN_POINT ( 'NONE',  ( 10.49421657176493738, -84.85368889041050977, 4.189265197506193417 ) ) ;
#2806 = ADVANCED_FACE ( 'NONE', ( #4162 ), #1462, .F. ) ;
#2807 = VERTEX_POINT ( 'NONE', #4904 ) ;
#2808 = CARTESIAN_POINT ( 'NONE',  ( 22.41528496361298650, 11.80868324581541273, 5.000000000000000000 ) ) ;
#2809 = LINE ( 'NONE', #3213, #46 ) ;
#2810 = ORIENTED_EDGE ( 'NONE', *, *, #4309, .F. ) ;
#2811 = EDGE_CURVE ( 'NONE', #1439, #3362, #333, .T. ) ;
#2812 = CARTESIAN_POINT ( 'NONE',  ( 15.10847152011856842, 19.11549668930982904, -5.000000000000000000 ) ) ;
#2813 = DIRECTION ( 'NONE',  ( 0.000000000000000000, 1.000000000000000000, 0.000000000000000000 ) ) ;
#2814 = ORIENTED_EDGE ( 'NONE', *, *, #2333, .F. ) ;
#2815 = ORIENTED_EDGE ( 'NONE', *, *, #507, .T. ) ;
#2816 = PLANE ( 'NONE',  #1018 ) ;
#2817 = DIRECTION ( 'NONE',  ( 0.000000000000000000, 0.000000000000000000, 1.000000000000000000 ) ) ;
#2818 = CARTESIAN_POINT ( 'NONE',  ( 15.10847152011856842, -19.11549668930982904, 0.000000000000000000 ) ) ;
#2819 = VERTEX_POINT ( 'NONE', #1822 ) ;
#2820 = EDGE_CURVE ( 'NONE', #2150, #2913, #3335, .T. ) ;
#2821 = VECTOR ( 'NONE', #151, 1000.000000000000000 ) ;
#2822 = CARTESIAN_POINT ( 'NONE',  ( 6.792893912220831609, 16.70000000000000639, 5.000000000000000000 ) ) ;
#2823 = ORIENTED_EDGE ( 'NONE', *, *, #3655, .T. ) ;
#2824 = ORIENTED_EDGE ( 'NONE', *, *, #2487, .T. ) ;
#2825 = CARTESIAN_POINT ( 'NONE',  ( -16.10000000000002984, -78.00000000000001421, 5.000000000000000000 ) ) ;
#2826 = CARTESIAN_POINT ( 'NONE',  ( -26.34091582925885788, 40.19506466776536513, 4.617113303815894909 ) ) ;
#2827 = AXIS2_PLACEMENT_3D ( 'NONE', #4707, #2131, #161 ) ;
#2828 = CARTESIAN_POINT ( 'NONE',  ( 68.10000000000000853, -45.00000000000000000, 0.000000000000000000 ) ) ;
#2829 = LINE ( 'NONE', #3164, #1078 ) ;
#2830 = AXIS2_PLACEMENT_3D ( 'NONE', #4615, #2721, #1212 ) ;
#2831 = ORIENTED_EDGE ( 'NONE', *, *, #197, .F. ) ;
#2832 = CARTESIAN_POINT ( 'NONE',  ( 66.59999999999999432, 45.00000000000000000, 1.500000000000018652 ) ) ;
#2833 = CARTESIAN_POINT ( 'NONE',  ( 69.73799092751333717, 3.999999999999991562, 3.000000000000000000 ) ) ;
#2834 = VECTOR ( 'NONE', #3476, 1000.000000000000000 ) ;
#2835 = ADVANCED_FACE ( 'NONE', ( #3721 ), #578, .F. ) ;
#2836 = CARTESIAN_POINT ( 'NONE',  ( 15.00000000000000000, 6.700000000000001066, 10.00000000000000000 ) ) ;
#2837 = AXIS2_PLACEMENT_3D ( 'NONE', #3405, #969, #255 ) ;
#2838 = ORIENTED_EDGE ( 'NONE', *, *, #5015, .F. ) ;
#2839 = VECTOR ( 'NONE', #1076, 1000.000000000000000 ) ;
#2840 = CARTESIAN_POINT ( 'NONE',  ( 63.39999999999998437, -45.00000000000000000, -5.000000000000000000 ) ) ;
#2841 = CYLINDRICAL_SURFACE ( 'NONE', #96, 10.00000000000000000 ) ;
#2842 = CIRCLE ( 'NONE', #2837, 4.250000000000005329 ) ;
#2843 = EDGE_LOOP ( 'NONE', ( #1240, #3048, #2831, #2152, #967, #2057 ) ) ;
#2844 = VERTEX_POINT ( 'NONE', #1412 ) ;
#2845 = DIRECTION ( 'NONE',  ( -0.000000000000000000, -0.000000000000000000, -1.000000000000000000 ) ) ;
#2846 = CIRCLE ( 'NONE', #2027, 3.100000000000019185 ) ;
#2847 = CARTESIAN_POINT ( 'NONE',  ( 0.000000000000000000, -55.00000000000000711, 5.000000000000000000 ) ) ;
#2848 = ORIENTED_EDGE ( 'NONE', *, *, #2597, .F. ) ;
#2849 = CONICAL_SURFACE ( 'NONE', #3579, 1.600000000000019851, 0.7853981633974458365 ) ;
#2850 = DIRECTION ( 'NONE',  ( 0.000000000000000000, 0.000000000000000000, 1.000000000000000000 ) ) ;
#2851 = DIRECTION ( 'NONE',  ( 1.000000000000000000, 0.000000000000000000, 0.000000000000000000 ) ) ;
#2852 = VERTEX_POINT ( 'NONE', #5003 ) ;
#2853 = ORIENTED_EDGE ( 'NONE', *, *, #1958, .T. ) ;
#2854 = EDGE_CURVE ( 'NONE', #2547, #382, #3384, .T. ) ;
#2855 = CARTESIAN_POINT ( 'NONE',  ( -5.000000000000026645, 79.50000000000001421, 5.000000000000000000 ) ) ;
#2856 = CARTESIAN_POINT ( 'NONE',  ( 69.73799092751333717, -4.000000000000008882, 3.000000000000000000 ) ) ;
#2857 = DIRECTION ( 'NONE',  ( 0.7071067811865475727, 0.7071067811865474617, 0.000000000000000000 ) ) ;
#2858 = ORIENTED_EDGE ( 'NONE', *, *, #2329, .F. ) ;
#2859 = CARTESIAN_POINT ( 'NONE',  ( -27.66829088000282511, 0.3000000000000025424, 9.439414909974711776 ) ) ;
#2860 = EDGE_CURVE ( 'NONE', #1341, #3362, #650, .T. ) ;
#2861 = EDGE_CURVE ( 'NONE', #4765, #761, #4758, .T. ) ;
#2862 = EDGE_CURVE ( 'NONE', #5046, #4640, #4210, .T. ) ;
#2863 = LINE ( 'NONE', #2404, #2821 ) ;
#2864 = ORIENTED_EDGE ( 'NONE', *, *, #4896, .T. ) ;
#2865 = AXIS2_PLACEMENT_3D ( 'NONE', #3471, #2679, #108 ) ;
#2866 = CYLINDRICAL_SURFACE ( 'NONE', #308, 2.999999999999999112 ) ;
#2867 = ADVANCED_FACE ( 'NONE', ( #3415 ), #1437, .F. ) ;
#2868 = DIRECTION ( 'NONE',  ( 0.000000000000000000, 1.000000000000000000, -0.000000000000000000 ) ) ;
#2869 = ORIENTED_EDGE ( 'NONE', *, *, #3389, .F. ) ;
#2870 = DIRECTION ( 'NONE',  ( -0.000000000000000000, -0.000000000000000000, -1.000000000000000000 ) ) ;
#2871 = AXIS2_PLACEMENT_3D ( 'NONE', #2246, #1122, #4255 ) ;
#2872 = DIRECTION ( 'NONE',  ( 1.269309860470834724E-16, -1.000000000000000000, 0.000000000000000000 ) ) ;
#2873 = CARTESIAN_POINT ( 'NONE',  ( 26.50000000000000355, -8.500000000000000000, 5.000000000000000000 ) ) ;
#2874 = ORIENTED_EDGE ( 'NONE', *, *, #3613, .T. ) ;
#2875 = VECTOR ( 'NONE', #3786, 1000.000000000000000 ) ;
#2876 = CYLINDRICAL_SURFACE ( 'NONE', #1683, 4.250000000000005329 ) ;
#2877 = CYLINDRICAL_SURFACE ( 'NONE', #126, 4.250000000000005329 ) ;
#2878 = ORIENTED_EDGE ( 'NONE', *, *, #3918, .F. ) ;
#2879 = CIRCLE ( 'NONE', #4836, 1.600000000000001643 ) ;
#2880 = ORIENTED_EDGE ( 'NONE', *, *, #2387, .T. ) ;
#2881 = LINE ( 'NONE', #4391, #639 ) ;
#2882 = DIRECTION ( 'NONE',  ( 1.000000000000000000, 0.000000000000000000, 0.000000000000000000 ) ) ;
#2883 = CARTESIAN_POINT ( 'NONE',  ( 8.600370242754996397, -85.06634840927129915, 5.000000000000000000 ) ) ;
#2884 = ORIENTED_EDGE ( 'NONE', *, *, #3609, .T. ) ;
#2885 = DIRECTION ( 'NONE',  ( 1.387778780781445478E-15, 1.000000000000000000, 0.000000000000000000 ) ) ;
#2886 = FACE_OUTER_BOUND ( 'NONE', #3725, .T. ) ;
#2887 = ORIENTED_EDGE ( 'NONE', *, *, #4026, .T. ) ;
#2888 = CARTESIAN_POINT ( 'NONE',  ( -3.399999999999996803, 72.50000000000000000, 1.500000000000001332 ) ) ;
#2889 = CARTESIAN_POINT ( 'NONE',  ( -3.894678355635797118, 75.39625000000000909, 0.000000000000000000 ) ) ;
#2890 = ORIENTED_EDGE ( 'NONE', *, *, #1551, .T. ) ;
#2891 = CARTESIAN_POINT ( 'NONE',  ( 22.41528496361299005, -11.80868324581541451, 5.000000000000000000 ) ) ;
#2892 = FACE_OUTER_BOUND ( 'NONE', #4408, .T. ) ;
#2893 = DIRECTION ( 'NONE',  ( 0.000000000000000000, -1.000000000000000000, 0.000000000000000000 ) ) ;
#2894 = DIRECTION ( 'NONE',  ( 0.000000000000000000, 0.000000000000000000, 1.000000000000000000 ) ) ;
#2895 = ADVANCED_FACE ( 'NONE', ( #699 ), #3942, .F. ) ;
#2896 = ORIENTED_EDGE ( 'NONE', *, *, #4776, .F. ) ;
#2897 = DIRECTION ( 'NONE',  ( -0.000000000000000000, -0.000000000000000000, -1.000000000000000000 ) ) ;
#2898 = ORIENTED_EDGE ( 'NONE', *, *, #2629, .T. ) ;
#2899 = CARTESIAN_POINT ( 'NONE',  ( -26.00000000000000000, -1.700000000000003064, -57.50000000000000000 ) ) ;
#2900 = CARTESIAN_POINT ( 'NONE',  ( 8.600370242754996397, -11.99999999999999645, 5.000000000000000000 ) ) ;
#2901 = ORIENTED_EDGE ( 'NONE', *, *, #2643, .T. ) ;
#2902 = CIRCLE ( 'NONE', #1755, 13.00000000000003020 ) ;
#2903 = ORIENTED_EDGE ( 'NONE', *, *, #3844, .T. ) ;
#2904 = DIRECTION ( 'NONE',  ( -1.027984282060330356E-15, 1.000000000000000000, -0.000000000000000000 ) ) ;
#2905 = CIRCLE ( 'NONE', #2750, 1.600000000000004086 ) ;
#2906 = CARTESIAN_POINT ( 'NONE',  ( -13.00000000000002665, 78.00000000000001421, 0.000000000000000000 ) ) ;
#2907 = ORIENTED_EDGE ( 'NONE', *, *, #1519, .F. ) ;
#2908 = EDGE_CURVE ( 'NONE', #3165, #5013, #4999, .T. ) ;
#2909 = VECTOR ( 'NONE', #1134, 1000.000000000000000 ) ;
#2910 = CYLINDRICAL_SURFACE ( 'NONE', #2052, 1.600000000000004086 ) ;
#2911 = VECTOR ( 'NONE', #4281, 1000.000000000000000 ) ;
#2912 = FACE_OUTER_BOUND ( 'NONE', #4785, .T. ) ;
#2913 = VERTEX_POINT ( 'NONE', #2619 ) ;
#2914 = CARTESIAN_POINT ( 'NONE',  ( -5.000000000000011546, -79.50000000000001421, 0.000000000000000000 ) ) ;
#2915 = VECTOR ( 'NONE', #1873, 1000.000000000000000 ) ;
#2916 = VECTOR ( 'NONE', #157, 1000.000000000000000 ) ;
#2917 = DIRECTION ( 'NONE',  ( 1.000000000000000000, 1.541976423090494844E-15, 7.709882115452474222E-16 ) ) ;
#2918 = CARTESIAN_POINT ( 'NONE',  ( -5.000000000000009770, 72.50000000000000000, 5.000000000000000000 ) ) ;
#2919 = EDGE_CURVE ( 'NONE', #1607, #1061, #4133, .T. ) ;
#2920 = ORIENTED_EDGE ( 'NONE', *, *, #1349, .F. ) ;
#2921 = CARTESIAN_POINT ( 'NONE',  ( 11.99999999999997513, -69.00000000000000000, 5.000000000000000000 ) ) ;
#2922 = CARTESIAN_POINT ( 'NONE',  ( 26.59999999999996589, 69.50000000000000000, 3.499999999999980016 ) ) ;
#2923 = EDGE_LOOP ( 'NONE', ( #4848, #1761, #4644, #5019 ) ) ;
#2924 = VECTOR ( 'NONE', #3010, 1000.000000000000000 ) ;
#2925 = CARTESIAN_POINT ( 'NONE',  ( 29.48635277547846201, 18.87975105768089179, 0.000000000000000000 ) ) ;
#2926 = LINE ( 'NONE', #3334, #2711 ) ;
#2927 = DIRECTION ( 'NONE',  ( 0.000000000000000000, 0.000000000000000000, -1.000000000000000000 ) ) ;
#2928 = ORIENTED_EDGE ( 'NONE', *, *, #237, .F. ) ;
#2929 = EDGE_CURVE ( 'NONE', #791, #1995, #1058, .T. ) ;
#2930 = ADVANCED_FACE ( 'NONE', ( #318 ), #286, .F. ) ;
#2931 = AXIS2_PLACEMENT_3D ( 'NONE', #4700, #4724, #3106 ) ;
#2932 = ORIENTED_EDGE ( 'NONE', *, *, #2250, .F. ) ;
#2933 = CARTESIAN_POINT ( 'NONE',  ( 28.19999999999997087, 69.50000000000000000, 5.000000000000000000 ) ) ;
#2934 = CARTESIAN_POINT ( 'NONE',  ( 14.23761543394930484, -19.48635277547909084, 5.000000000000000000 ) ) ;
#2935 = LINE ( 'NONE', #3393, #4020 ) ;
#2936 = CARTESIAN_POINT ( 'NONE',  ( -21.41141100645622330, 79.67309130887670676, 0.000000000000000000 ) ) ;
#2937 = ORIENTED_EDGE ( 'NONE', *, *, #2335, .T. ) ;
#2938 = DIRECTION ( 'NONE',  ( -1.000000000000000000, 0.000000000000000000, 0.000000000000000000 ) ) ;
#2939 = CARTESIAN_POINT ( 'NONE',  ( 26.50000000000000355, 8.500000000000000000, 5.000000000000000000 ) ) ;
#2940 = ORIENTED_EDGE ( 'NONE', *, *, #356, .T. ) ;
#2941 = LINE ( 'NONE', #3739, #1836 ) ;
#2942 = CYLINDRICAL_SURFACE ( 'NONE', #3412, 17.79999999999999716 ) ;
#2943 = DIRECTION ( 'NONE',  ( -1.027984282060330356E-15, -1.000000000000000000, -0.000000000000000000 ) ) ;
#2944 = ORIENTED_EDGE ( 'NONE', *, *, #3159, .T. ) ;
#2945 = VECTOR ( 'NONE', #3841, 1000.000000000000000 ) ;
#2946 = LINE ( 'NONE', #1409, #1849 ) ;
#2947 = VERTEX_POINT ( 'NONE', #4114 ) ;
#2948 = EDGE_CURVE ( 'NONE', #1168, #3881, #1850, .T. ) ;
#2949 = CARTESIAN_POINT ( 'NONE',  ( 53.22712816806904357, -52.85966931552524528, 5.163993554029087996 ) ) ;
#2950 = VECTOR ( 'NONE', #3437, 1000.000000000000000 ) ;
#2951 = CARTESIAN_POINT ( 'NONE',  ( -13.00000000000002665, 78.00000000000001421, 5.000000000000000000 ) ) ;
#2952 = CARTESIAN_POINT ( 'NONE',  ( 28.19999999999997087, 69.50000000000000000, 3.499999999999980016 ) ) ;
#2953 = VERTEX_POINT ( 'NONE', #3828 ) ;
#2954 = EDGE_CURVE ( 'NONE', #5005, #2031, #1879, .T. ) ;
#2955 = AXIS2_PLACEMENT_3D ( 'NONE', #2161, #219, #4092 ) ;
#2956 = MECHANICAL_DESIGN_GEOMETRIC_PRESENTATION_REPRESENTATION (  '', ( #3610 ), #1810 ) ;
#2957 = ORIENTED_EDGE ( 'NONE', *, *, #4035, .F. ) ;
#2958 = EDGE_LOOP ( 'NONE', ( #1335, #1138, #3057, #2980 ) ) ;
#2959 = DIRECTION ( 'NONE',  ( 1.031172697806177805E-16, 1.000000000000000000, -0.000000000000000000 ) ) ;
#2960 = EDGE_CURVE ( 'NONE', #61, #3968, #4619, .T. ) ;
#2961 = DIRECTION ( 'NONE',  ( -1.000000000000000000, 2.923691251646304546E-16, 0.000000000000000000 ) ) ;
#2962 = EDGE_CURVE ( 'NONE', #4671, #1491, #4762, .T. ) ;
#2963 = DIRECTION ( 'NONE',  ( -0.000000000000000000, -0.000000000000000000, -1.000000000000000000 ) ) ;
#2964 = LINE ( 'NONE', #2194, #1436 ) ;
#2965 = ORIENTED_EDGE ( 'NONE', *, *, #1203, .F. ) ;
#2966 = CARTESIAN_POINT ( 'NONE',  ( 64.99999999999998579, -45.00000000000000000, 0.000000000000000000 ) ) ;
#2967 = CARTESIAN_POINT ( 'NONE',  ( -11.40000000000000746, 78.00000000000001421, 5.000000000000000000 ) ) ;
#2968 = ORIENTED_EDGE ( 'NONE', *, *, #2761, .T. ) ;
#2969 = CARTESIAN_POINT ( 'NONE',  ( -5.000000000000009770, 72.50000000000000000, 0.000000000000000000 ) ) ;
#2970 = EDGE_CURVE ( 'NONE', #775, #3881, #2305, .T. ) ;
#2971 = CARTESIAN_POINT ( 'NONE',  ( 9.220543211486310398, -81.70028211139582197, 4.474934795782869124 ) ) ;
#2972 = DIRECTION ( 'NONE',  ( 1.000000000000000000, 0.000000000000000000, 0.000000000000000000 ) ) ;
#2973 = ORIENTED_EDGE ( 'NONE', *, *, #396, .F. ) ;
#2974 = CARTESIAN_POINT ( 'NONE',  ( -5.000000000000009770, 72.50000000000000000, -5.000000000000000000 ) ) ;
#2975 = CARTESIAN_POINT ( 'NONE',  ( 56.25148190433451845, -49.61130913341323634, 6.554172877521253326 ) ) ;
#2976 = SURFACE_STYLE_USAGE ( .BOTH. , #698 ) ;
#2977 = DIRECTION ( 'NONE',  ( 0.000000000000000000, 1.000000000000000000, 0.000000000000000000 ) ) ;
#2978 = ORIENTED_EDGE ( 'NONE', *, *, #4888, .F. ) ;
#2979 = VERTEX_POINT ( 'NONE', #3082 ) ;
#2980 = ORIENTED_EDGE ( 'NONE', *, *, #2799, .T. ) ;
#2981 = DIRECTION ( 'NONE',  ( 1.000000000000000000, 0.000000000000000000, 0.000000000000000000 ) ) ;
#2982 = DIRECTION ( 'NONE',  ( -0.000000000000000000, -1.000000000000000000, -0.000000000000000000 ) ) ;
#2983 = AXIS2_PLACEMENT_3D ( 'NONE', #1606, #4402, #1224 ) ;
#2984 = DIRECTION ( 'NONE',  ( -1.004873251643209398E-15, 1.000000000000000000, 0.000000000000000000 ) ) ;
#2985 = PRODUCT_DEFINITION_FORMATION_WITH_SPECIFIED_SOURCE ( 'ANY', '', #3555, .NOT_KNOWN. ) ;
#2986 = ORIENTED_EDGE ( 'NONE', *, *, #3666, .T. ) ;
#2987 = CARTESIAN_POINT ( 'NONE',  ( 17.37975105768025230, -29.48635277547909084, -5.000000000000000000 ) ) ;
#2988 = CARTESIAN_POINT ( 'NONE',  ( 15.00000000000000000, 1.699999999999999956, 3.000000000000002665 ) ) ;
#2989 = VECTOR ( 'NONE', #3345, 1000.000000000000000 ) ;
#2990 = CARTESIAN_POINT ( 'NONE',  ( -24.41141100645621975, 40.00000000000000000, 0.000000000000000000 ) ) ;
#2991 = EDGE_CURVE ( 'NONE', #3309, #4550, #2204, .T. ) ;
#2992 = ORIENTED_EDGE ( 'NONE', *, *, #4520, .T. ) ;
#2993 = FACE_BOUND ( 'NONE', #4688, .T. ) ;
#2994 = CIRCLE ( 'NONE', #4721, 1.600000000000004086 ) ;
#2995 = DIRECTION ( 'NONE',  ( 0.000000000000000000, -1.000000000000000000, 0.000000000000000000 ) ) ;
#2996 = DIRECTION ( 'NONE',  ( 0.000000000000000000, 0.000000000000000000, 1.000000000000000000 ) ) ;
#2997 = ADVANCED_FACE ( 'NONE', ( #323 ), #3864, .F. ) ;
#2998 = ORIENTED_EDGE ( 'NONE', *, *, #891, .T. ) ;
#2999 = DIRECTION ( 'NONE',  ( 1.000000000000000000, 0.000000000000000000, 0.000000000000000000 ) ) ;
#3000 = AXIS2_PLACEMENT_3D ( 'NONE', #942, #1641, #3180 ) ;
#3001 = EDGE_CURVE ( 'NONE', #791, #945, #3448, .T. ) ;
#3002 = CARTESIAN_POINT ( 'NONE',  ( 58.47518571861954939, -46.96519951972067730, 9.036597520631620029 ) ) ;
#3003 = CARTESIAN_POINT ( 'NONE',  ( 58.94201858801207550, 46.37778175581530604, 9.922089846750248299 ) ) ;
#3004 = EDGE_CURVE ( 'NONE', #5005, #800, #2239, .T. ) ;
#3005 = DIRECTION ( 'NONE',  ( 0.000000000000000000, 0.000000000000000000, 1.000000000000000000 ) ) ;
#3006 = ORIENTED_EDGE ( 'NONE', *, *, #3769, .T. ) ;
#3007 = AXIS2_PLACEMENT_3D ( 'NONE', #153, #4716, #2765 ) ;
#3008 = ORIENTED_EDGE ( 'NONE', *, *, #2335, .F. ) ;
#3009 = ORIENTED_EDGE ( 'NONE', *, *, #3843, .F. ) ;
#3010 = DIRECTION ( 'NONE',  ( -0.000000000000000000, -1.000000000000000000, -0.000000000000000000 ) ) ;
#3011 = CARTESIAN_POINT ( 'NONE',  ( -13.00000000000001243, -78.00000000000001421, 3.499999999999994671 ) ) ;
#3012 = AXIS2_PLACEMENT_3D ( 'NONE', #322, #4166, #293 ) ;
#3013 = DIRECTION ( 'NONE',  ( 2.891205793294679312E-16, 1.000000000000000000, 0.000000000000000000 ) ) ;
#3014 = CARTESIAN_POINT ( 'NONE',  ( 8.234128763125463379, 16.70000000000000639, 10.00000000000000000 ) ) ;
#3015 = ORIENTED_EDGE ( 'NONE', *, *, #4674, .F. ) ;
#3016 = EDGE_CURVE ( 'NONE', #5005, #3173, #1563, .T. ) ;
#3017 = CARTESIAN_POINT ( 'NONE',  ( -4.609785268204271702, -75.26683810023732235, 0.3074171349558682542 ) ) ;
#3018 = DIRECTION ( 'NONE',  ( -0.000000000000000000, -0.000000000000000000, -1.000000000000000000 ) ) ;
#3019 = EDGE_CURVE ( 'NONE', #4907, #2551, #2216, .T. ) ;
#3020 = ORIENTED_EDGE ( 'NONE', *, *, #3111, .T. ) ;
#3021 = B_SPLINE_CURVE_WITH_KNOTS ( 'NONE', 3,
 ( #2883, #3208, #2007, #2421, #1292, #1265, #2086, #2805, #3187, #4421, #2475, #1703, #1627, #4034 ),
 .UNSPECIFIED., .F., .F.,
 ( 4, 2, 2, 2, 2, 2, 4 ),
 ( 0.000000000000000000, 0.0004935409401362055330, 0.0009870818802724110660, 0.001974163760544826469, 0.002467704700681036013, 0.002961245640817245992, 0.003948327521089666815 ),
 .UNSPECIFIED. ) ;
#3022 = FACE_BOUND ( 'NONE', #1289, .T. ) ;
#3023 = EDGE_CURVE ( 'NONE', #1908, #3796, #3037, .T. ) ;
#3024 = LINE ( 'NONE', #2534, #4151 ) ;
#3025 = CARTESIAN_POINT ( 'NONE',  ( 17.37975105768025230, 29.48635277547909084, -5.000000000000000000 ) ) ;
#3026 = ORIENTED_EDGE ( 'NONE', *, *, #1139, .F. ) ;
#3027 = CARTESIAN_POINT ( 'NONE',  ( 24.00000000000000000, -39.00000000000000711, 5.000000000000000000 ) ) ;
#3028 = CYLINDRICAL_SURFACE ( 'NONE', #4250, 1.600000000000001643 ) ;
#3029 = CARTESIAN_POINT ( 'NONE',  ( 57.33937614784725412, 48.34566551554050307, 7.528352880876919784 ) ) ;
#3030 = DIRECTION ( 'NONE',  ( 1.000000000000000000, 0.000000000000000000, 0.000000000000000000 ) ) ;
#3031 = AXIS2_PLACEMENT_3D ( 'NONE', #1513, #4185, #317 ) ;
#3032 = EDGE_LOOP ( 'NONE', ( #870, #1211, #2446, #1728 ) ) ;
#3033 = EDGE_LOOP ( 'NONE', ( #1967, #3206, #783, #2452, #574 ) ) ;
#3034 = AXIS2_PLACEMENT_3D ( 'NONE', #1748, #1969, #186 ) ;
#3035 = VERTEX_POINT ( 'NONE', #1856 ) ;
#3036 = CARTESIAN_POINT ( 'NONE',  ( 8.000000000000000000, 1.699999999999999956, 3.000000000000002665 ) ) ;
#3037 = LINE ( 'NONE', #4657, #4184 ) ;
#3038 = CYLINDRICAL_SURFACE ( 'NONE', #1646, 1.600000000000004086 ) ;
#3039 = VECTOR ( 'NONE', #3623, 1000.000000000000000 ) ;
#3040 = CARTESIAN_POINT ( 'NONE',  ( -27.24334669537473985, -40.00000000000000711, 4.224836422804241209 ) ) ;
#3041 = ADVANCED_BREP_SHAPE_REPRESENTATION ( 'second floor-flat', ( #3344, #4383 ), #4305 ) ;
#3042 = EDGE_LOOP ( 'NONE', ( #3979, #4037, #1825, #795, #653, #1921, #4170 ) ) ;
#3043 = AXIS2_PLACEMENT_3D ( 'NONE', #24, #2757, #1968 ) ;
#3044 = DIRECTION ( 'NONE',  ( 0.000000000000000000, 0.000000000000000000, 1.000000000000000000 ) ) ;
#3045 = FACE_OUTER_BOUND ( 'NONE', #895, .T. ) ;
#3046 = ORIENTED_EDGE ( 'NONE', *, *, #1719, .F. ) ;
#3047 = DIRECTION ( 'NONE',  ( -1.000000000000000000, 0.000000000000000000, 0.000000000000000000 ) ) ;
#3048 = ORIENTED_EDGE ( 'NONE', *, *, #2206, .T. ) ;
#3049 = FACE_OUTER_BOUND ( 'NONE', #1248, .T. ) ;
#3050 = DIRECTION ( 'NONE',  ( -0.000000000000000000, -0.000000000000000000, 1.000000000000000000 ) ) ;
#3051 = ORIENTED_EDGE ( 'NONE', *, *, #1027, .T. ) ;
#3052 = CARTESIAN_POINT ( 'NONE',  ( -5.000000000000009770, 72.50000000000000000, -5.000000000000000000 ) ) ;
#3053 = DIRECTION ( 'NONE',  ( -0.000000000000000000, -0.000000000000000000, -1.000000000000000000 ) ) ;
#3054 = CARTESIAN_POINT ( 'NONE',  ( 12.05939254447404707, -56.00013567279791005, 5.000000000000000000 ) ) ;
#3055 = DIRECTION ( 'NONE',  ( -0.000000000000000000, -0.000000000000000000, -1.000000000000000000 ) ) ;
#3056 = VERTEX_POINT ( 'NONE', #1114 ) ;
#3057 = ORIENTED_EDGE ( 'NONE', *, *, #246, .T. ) ;
#3058 = ORIENTED_EDGE ( 'NONE', *, *, #3369, .F. ) ;
#3059 = CARTESIAN_POINT ( 'NONE',  ( -14.60000000000004761, 78.00000000000001421, 5.000000000000000000 ) ) ;
#3060 = LINE ( 'NONE', #1912, #3690 ) ;
#3061 = CARTESIAN_POINT ( 'NONE',  ( 23.99999999999999289, 45.00000000000000711, 15.00000000000000000 ) ) ;
#3062 = CARTESIAN_POINT ( 'NONE',  ( 75.00000000000000000, -19.99999999999998579, 3.499999999999977796 ) ) ;
#3063 = DIRECTION ( 'NONE',  ( 1.000000000000000000, 1.355252715606879803E-16, 0.000000000000000000 ) ) ;
#3064 = ORIENTED_EDGE ( 'NONE', *, *, #517, .T. ) ;
#3065 = LINE ( 'NONE', #4988, #2945 ) ;
#3066 = DIRECTION ( 'NONE',  ( 1.000000000000000000, 1.684197549492045345E-16, 0.000000000000000000 ) ) ;
#3067 = AXIS2_PLACEMENT_3D ( 'NONE', #79, #1714, #3200 ) ;
#3068 = ORIENTED_EDGE ( 'NONE', *, *, #3506, .F. ) ;
#3069 = CARTESIAN_POINT ( 'NONE',  ( -22.14686274363582896, 64.00000000000000000, 5.000000000000000888 ) ) ;
#3070 = ORIENTED_EDGE ( 'NONE', *, *, #944, .T. ) ;
#3071 = EDGE_CURVE ( 'NONE', #2724, #3401, #2467, .T. ) ;
#3072 = AXIS2_PLACEMENT_3D ( 'NONE', #4549, #4450, #933 ) ;
#3073 = CARTESIAN_POINT ( 'NONE',  ( -27.38875556251408483, -43.00000000000000000, 5.000000000000000000 ) ) ;
#3074 = CARTESIAN_POINT ( 'NONE',  ( 63.53401267773696759, 39.85515897001883445, 5.463659133712481797 ) ) ;
#3075 = ORIENTED_EDGE ( 'NONE', *, *, #1415, .F. ) ;
#3076 = AXIS2_PLACEMENT_3D ( 'NONE', #466, #1260, #2032 ) ;
#3077 = DIRECTION ( 'NONE',  ( -1.000000000000000000, 0.000000000000000000, 7.709882115452480139E-16 ) ) ;
#3078 = EDGE_CURVE ( 'NONE', #2655, #945, #1828, .T. ) ;
#3079 = EDGE_CURVE ( 'NONE', #939, #1498, #3060, .T. ) ;
#3080 = LINE ( 'NONE', #5053, #1775 ) ;
#3081 = DIRECTION ( 'NONE',  ( 0.000000000000000000, -1.000000000000000000, 0.000000000000000000 ) ) ;
#3082 = CARTESIAN_POINT ( 'NONE',  ( 8.000000000000000000, 6.699999999999999289, 5.000000000000000000 ) ) ;
#3083 = ORIENTED_EDGE ( 'NONE', *, *, #1707, .T. ) ;
#3084 = CIRCLE ( 'NONE', #1356, 4.250000000000005329 ) ;
#3085 = EDGE_CURVE ( 'NONE', #490, #3547, #267, .T. ) ;
#3086 = VERTEX_POINT ( 'NONE', #4957 ) ;
#3087 = ORIENTED_EDGE ( 'NONE', *, *, #32, .F. ) ;
#3088 = AXIS2_PLACEMENT_3D ( 'NONE', #2918, #2894, #203 ) ;
#3089 = DIRECTION ( 'NONE',  ( 2.891205793294679312E-16, 1.000000000000000000, 0.000000000000000000 ) ) ;
#3090 = DIRECTION ( 'NONE',  ( 1.000000000000000000, 0.000000000000000000, 0.000000000000000000 ) ) ;
#3091 = LINE ( 'NONE', #1144, #3122 ) ;
#3092 = ADVANCED_FACE ( 'NONE', ( #1443 ), #4107, .F. ) ;
#3093 = VECTOR ( 'NONE', #831, 1000.000000000000000 ) ;
#3094 = CARTESIAN_POINT ( 'NONE',  ( 15.10847152011856842, -19.11549668930982904, 5.000000000000000000 ) ) ;
#3095 = DIRECTION ( 'NONE',  ( -1.000000000000000000, 2.891205793294679312E-16, -0.000000000000000000 ) ) ;
#3096 = ORIENTED_EDGE ( 'NONE', *, *, #2218, .T. ) ;
#3097 = CARTESIAN_POINT ( 'NONE',  ( 11.99999999999995204, 69.00000000000000000, 0.000000000000000000 ) ) ;
#3098 = CARTESIAN_POINT ( 'NONE',  ( 26.59999999999999432, -69.50000000000000000, 3.499999999999980016 ) ) ;
#3099 = CIRCLE ( 'NONE', #3836, 17.79999999999999716 ) ;
#3100 = FACE_OUTER_BOUND ( 'NONE', #4714, .T. ) ;
#3101 = ORIENTED_EDGE ( 'NONE', *, *, #3844, .F. ) ;
#3102 = PLANE ( 'NONE',  #2516 ) ;
#3103 = PLANE ( 'NONE',  #2510 ) ;
#3104 = ORIENTED_EDGE ( 'NONE', *, *, #4296, .T. ) ;
#3105 = DIRECTION ( 'NONE',  ( -0.000000000000000000, -0.000000000000000000, -1.000000000000000000 ) ) ;
#3106 = DIRECTION ( 'NONE',  ( 0.000000000000000000, 0.000000000000000000, 1.000000000000000000 ) ) ;
#3107 = ORIENTED_EDGE ( 'NONE', *, *, #1414, .T. ) ;
#3108 = ORIENTED_EDGE ( 'NONE', *, *, #580, .F. ) ;
#3109 = ORIENTED_EDGE ( 'NONE', *, *, #3232, .F. ) ;
#3110 = DIRECTION ( 'NONE',  ( 1.000000000000000000, 8.272201806716024773E-17, -0.000000000000000000 ) ) ;
#3111 = EDGE_CURVE ( 'NONE', #1543, #3035, #1242, .T. ) ;
#3112 = DIRECTION ( 'NONE',  ( -0.000000000000000000, 1.000000000000000000, -0.000000000000000000 ) ) ;
#3113 = AXIS2_PLACEMENT_3D ( 'NONE', #1150, #3919, #2710 ) ;
#3114 = DIRECTION ( 'NONE',  ( 0.000000000000000000, -1.000000000000000000, 0.000000000000000000 ) ) ;
#3115 = ORIENTED_EDGE ( 'NONE', *, *, #93, .F. ) ;
#3116 = EDGE_CURVE ( 'NONE', #2292, #2913, #1979, .T. ) ;
#3117 = EDGE_CURVE ( 'NONE', #521, #5013, #811, .T. ) ;
#3118 = LINE ( 'NONE', #4690, #1154 ) ;
#3119 = CARTESIAN_POINT ( 'NONE',  ( -14.27636238330915219, 11.99999999999999112, 0.000000000000000000 ) ) ;
#3120 = VECTOR ( 'NONE', #4251, 1000.000000000000000 ) ;
#3121 = CARTESIAN_POINT ( 'NONE',  ( -4.607097342934336481, 75.26708584834685212, 0.3067952353926973186 ) ) ;
#3122 = VECTOR ( 'NONE', #2702, 1000.000000000000000 ) ;
#3123 = ORIENTED_EDGE ( 'NONE', *, *, #4750, .T. ) ;
#3124 = DIRECTION ( 'NONE',  ( 0.000000000000000000, 0.000000000000000000, 1.000000000000000000 ) ) ;
#3125 = PLANE ( 'NONE',  #1233 ) ;
#3126 = ORIENTED_EDGE ( 'NONE', *, *, #4899, .F. ) ;
#3127 = ORIENTED_EDGE ( 'NONE', *, *, #2774, .T. ) ;
#3128 = EDGE_CURVE ( 'NONE', #2581, #3035, #2320, .T. ) ;
#3129 = CARTESIAN_POINT ( 'NONE',  ( 1.958131467616236861E-14, -19.48635277547910505, 0.000000000000000000 ) ) ;
#3130 = ADVANCED_FACE ( 'NONE', ( #3499 ), #1626, .F. ) ;
#3131 = LINE ( 'NONE', #726, #231 ) ;
#3132 = DIRECTION ( 'NONE',  ( 0.000000000000000000, -0.000000000000000000, -1.000000000000000000 ) ) ;
#3133 = ORIENTED_EDGE ( 'NONE', *, *, #1149, .F. ) ;
#3134 = ORIENTED_EDGE ( 'NONE', *, *, #2170, .F. ) ;
#3135 = ORIENTED_EDGE ( 'NONE', *, *, #3536, .F. ) ;
#3136 = LINE ( 'NONE', #1192, #3992 ) ;
#3137 = DIRECTION ( 'NONE',  ( -0.000000000000000000, -0.000000000000000000, -1.000000000000000000 ) ) ;
#3138 = CARTESIAN_POINT ( 'NONE',  ( -5.000000000000011546, -79.50000000000001421, 5.000000000000000000 ) ) ;
#3139 = EDGE_LOOP ( 'NONE', ( #4497, #1726 ) ) ;
#3140 = ADVANCED_FACE ( 'NONE', ( #443 ), #3566, .F. ) ;
#3141 = LINE ( 'NONE', #3168, #1557 ) ;
#3142 = CARTESIAN_POINT ( 'NONE',  ( 22.41528496361299005, -11.80868324581541451, 5.000000000000000000 ) ) ;
#3143 = ORIENTED_EDGE ( 'NONE', *, *, #3232, .T. ) ;
#3144 = CARTESIAN_POINT ( 'NONE',  ( -22.19000777032735527, 82.57029462919948060, 0.000000000000000000 ) ) ;
#3145 = CARTESIAN_POINT ( 'NONE',  ( -9.000000000000000000, 64.00000000000000000, 17.00000000000000000 ) ) ;
#3146 = EDGE_CURVE ( 'NONE', #321, #4374, #859, .T. ) ;
#3147 = AXIS2_PLACEMENT_3D ( 'NONE', #47, #1708, #4350 ) ;
#3148 = ORIENTED_EDGE ( 'NONE', *, *, #3019, .F. ) ;
#3149 = ORIENTED_EDGE ( 'NONE', *, *, #1796, .F. ) ;
#3150 = LINE ( 'NONE', #1100, #2909 ) ;
#3151 = VECTOR ( 'NONE', #4884, 1000.000000000000000 ) ;
#3152 = EDGE_CURVE ( 'NONE', #1741, #3439, #1935, .T. ) ;
#3153 = LINE ( 'NONE', #3490, #2192 ) ;
#3154 = EDGE_LOOP ( 'NONE', ( #263, #1773, #2436, #597 ) ) ;
#3155 = AXIS2_PLACEMENT_3D ( 'NONE', #376, #4689, #3526 ) ;
#3156 = ORIENTED_EDGE ( 'NONE', *, *, #3808, .F. ) ;
#3157 = EDGE_CURVE ( 'NONE', #3900, #463, #4221, .T. ) ;
#3158 = ORIENTED_EDGE ( 'NONE', *, *, #389, .F. ) ;
#3159 = EDGE_CURVE ( 'NONE', #3744, #5040, #4834, .T. ) ;
#3160 = AXIS2_PLACEMENT_3D ( 'NONE', #900, #518, #160 ) ;
#3161 = CARTESIAN_POINT ( 'NONE',  ( -27.66829088000282511, -2.700000000000000178, 8.039198102782437516 ) ) ;
#3162 = AXIS2_PLACEMENT_3D ( 'NONE', #2306, #1919, #2634 ) ;
#3163 = DIRECTION ( 'NONE',  ( 1.000000000000000000, 0.000000000000000000, 0.000000000000000000 ) ) ;
#3164 = CARTESIAN_POINT ( 'NONE',  ( -24.38875556251408483, -40.00000000000000000, 0.000000000000000000 ) ) ;
#3165 = VERTEX_POINT ( 'NONE', #2449 ) ;
#3166 = AXIS2_PLACEMENT_3D ( 'NONE', #3234, #4009, #1317 ) ;
#3167 = AXIS2_PLACEMENT_3D ( 'NONE', #2366, #3929, #34 ) ;
#3168 = CARTESIAN_POINT ( 'NONE',  ( -24.38875556251408128, -81.94777972655472809, 0.000000000000000000 ) ) ;
#3169 = VECTOR ( 'NONE', #2073, 1000.000000000000000 ) ;
#3170 = AXIS2_PLACEMENT_3D ( 'NONE', #4838, #4472, #1320 ) ;
#3171 = PLANE ( 'NONE',  #2501 ) ;
#3172 = EDGE_CURVE ( 'NONE', #2802, #978, #4876, .T. ) ;
#3173 = VERTEX_POINT ( 'NONE', #2154 ) ;
#3174 = DIRECTION ( 'NONE',  ( 1.000000000000000000, 0.000000000000000000, 0.000000000000000000 ) ) ;
#3175 = EDGE_CURVE ( 'NONE', #4448, #4979, #1362, .T. ) ;
#3176 = DIRECTION ( 'NONE',  ( -0.000000000000000000, -0.000000000000000000, -1.000000000000000000 ) ) ;
#3177 = ORIENTED_EDGE ( 'NONE', *, *, #3936, .F. ) ;
#3178 = VERTEX_POINT ( 'NONE', #2900 ) ;
#3179 = PLANE ( 'NONE',  #124 ) ;
#3180 = DIRECTION ( 'NONE',  ( 1.000000000000000000, 0.000000000000000000, 0.000000000000000000 ) ) ;
#3181 = CARTESIAN_POINT ( 'NONE',  ( -13.00000000000001243, -78.00000000000001421, 3.499999999999994671 ) ) ;
#3182 = ORIENTED_EDGE ( 'NONE', *, *, #2781, .T. ) ;
#3183 = CARTESIAN_POINT ( 'NONE',  ( 21.50000000000000000, 5.500000000000000000, 0.000000000000000000 ) ) ;
#3184 = EDGE_LOOP ( 'NONE', ( #661, #170, #849, #3513 ) ) ;
#3185 = ORIENTED_EDGE ( 'NONE', *, *, #4692, .F. ) ;
#3186 = CARTESIAN_POINT ( 'NONE',  ( -8.153200337090993344E-14, 64.00000000000000000, 5.000000000000000000 ) ) ;
#3187 = CARTESIAN_POINT ( 'NONE',  ( 10.66009898524381683, -84.83300228688617040, 4.207539215924955833 ) ) ;
#3188 = EDGE_CURVE ( 'NONE', #4905, #2635, #2926, .T. ) ;
#3189 = EDGE_LOOP ( 'NONE', ( #35, #1295, #1621, #3115 ) ) ;
#3190 = LINE ( 'NONE', #3573, #4013 ) ;
#3191 = DIRECTION ( 'NONE',  ( 1.027984282060330356E-15, -1.000000000000000000, 0.000000000000000000 ) ) ;
#3192 = VERTEX_POINT ( 'NONE', #1725 ) ;
#3193 = ADVANCED_FACE ( 'NONE', ( #4493 ), #4008, .F. ) ;
#3194 = DIRECTION ( 'NONE',  ( -1.000000000000000000, 0.000000000000000000, 0.000000000000000000 ) ) ;
#3195 = CARTESIAN_POINT ( 'NONE',  ( 2.580318861060745927, -59.96458193836905792, 3.450590100238914992 ) ) ;
#3196 = EDGE_LOOP ( 'NONE', ( #2890, #924 ) ) ;
#3197 = CIRCLE ( 'NONE', #1895, 2.250000000000000444 ) ;
#3198 = EDGE_LOOP ( 'NONE', ( #4211, #375, #3046, #4966 ) ) ;
#3199 = VECTOR ( 'NONE', #2036, 1000.000000000000000 ) ;
#3200 = DIRECTION ( 'NONE',  ( -1.000000000000000000, 0.000000000000000000, 0.000000000000000000 ) ) ;
#3201 = CARTESIAN_POINT ( 'NONE',  ( 28.19999999999997087, 69.50000000000000000, 3.499999999999980016 ) ) ;
#3202 = DIRECTION ( 'NONE',  ( 0.3254435404744063232, -0.000000000000000000, -0.9455614744496960711 ) ) ;
#3203 = VERTEX_POINT ( 'NONE', #115 ) ;
#3204 = CARTESIAN_POINT ( 'NONE',  ( 8.753156015306505111, 6.699999999999999289, 11.80063385178084623 ) ) ;
#3205 = ORIENTED_EDGE ( 'NONE', *, *, #1792, .T. ) ;
#3206 = ORIENTED_EDGE ( 'NONE', *, *, #4527, .T. ) ;
#3207 = PLANE ( 'NONE',  #3504 ) ;
#3208 = CARTESIAN_POINT ( 'NONE',  ( 8.706900606489000438, -85.05557798609761733, 4.871980478832712791 ) ) ;
#3209 = DIRECTION ( 'NONE',  ( 1.000000000000000000, 0.000000000000000000, 0.000000000000000000 ) ) ;
#3210 = ORIENTED_EDGE ( 'NONE', *, *, #1308, .T. ) ;
#3211 = DIRECTION ( 'NONE',  ( 1.000000000000000000, 1.027984282060330356E-15, -0.000000000000000000 ) ) ;
#3212 = CARTESIAN_POINT ( 'NONE',  ( 26.59999999999999432, -69.50000000000000000, 5.000000000000000000 ) ) ;
#3213 = CARTESIAN_POINT ( 'NONE',  ( -4.978897372253716647, -1.700000000000000400, -50.26495262475550163 ) ) ;
#3214 = ORIENTED_EDGE ( 'NONE', *, *, #3278, .F. ) ;
#3215 = DIRECTION ( 'NONE',  ( 1.000000000000000000, 0.000000000000000000, 0.000000000000000000 ) ) ;
#3216 = CARTESIAN_POINT ( 'NONE',  ( -14.60000000000003340, -78.00000000000001421, 3.499999999999994671 ) ) ;
#3217 = ORIENTED_EDGE ( 'NONE', *, *, #1961, .F. ) ;
#3218 = ORIENTED_EDGE ( 'NONE', *, *, #1792, .F. ) ;
#3219 = ADVANCED_FACE ( 'NONE', ( #4087 ), #523, .F. ) ;
#3220 = FACE_OUTER_BOUND ( 'NONE', #2229, .T. ) ;
#3221 = DIRECTION ( 'NONE',  ( -1.031172697806177805E-16, -1.000000000000000000, -0.000000000000000000 ) ) ;
#3222 = DIRECTION ( 'NONE',  ( -1.000000000000000000, 0.000000000000000000, 0.000000000000000000 ) ) ;
#3223 = ORIENTED_EDGE ( 'NONE', *, *, #2706, .F. ) ;
#3224 = VECTOR ( 'NONE', #120, 1000.000000000000000 ) ;
#3225 = CARTESIAN_POINT ( 'NONE',  ( 75.00000000000000000, -19.99999999999998579, 0.000000000000000000 ) ) ;
#3226 = LINE ( 'NONE', #3280, #617 ) ;
#3227 = EDGE_LOOP ( 'NONE', ( #227, #1713, #3457, #2896 ) ) ;
#3228 = EDGE_CURVE ( 'NONE', #3086, #1869, #499, .T. ) ;
#3229 = ORIENTED_EDGE ( 'NONE', *, *, #4153, .T. ) ;
#3230 = CARTESIAN_POINT ( 'NONE',  ( 64.99999999999998579, 45.00000000000000000, 0.000000000000000000 ) ) ;
#3231 = CARTESIAN_POINT ( 'NONE',  ( -25.93877972914330599, 43.29999999999999716, 5.000000000000000000 ) ) ;
#3232 = EDGE_CURVE ( 'NONE', #469, #3954, #546, .T. ) ;
#3233 = CIRCLE ( 'NONE', #2344, 1.600000000000019851 ) ;
#3234 = CARTESIAN_POINT ( 'NONE',  ( -13.00000000000001243, -78.00000000000001421, 3.499999999999994671 ) ) ;
#3235 = EDGE_CURVE ( 'NONE', #3173, #5005, #2386, .T. ) ;
#3236 = VECTOR ( 'NONE', #3588, 1000.000000000000000 ) ;
#3237 = EDGE_CURVE ( 'NONE', #3900, #1021, #4033, .T. ) ;
#3238 = EDGE_LOOP ( 'NONE', ( #3107, #4100, #3856, #3214 ) ) ;
#3239 = FACE_OUTER_BOUND ( 'NONE', #4366, .T. ) ;
#3240 = AXIS2_PLACEMENT_3D ( 'NONE', #2123, #225, #4042 ) ;
#3241 = DIRECTION ( 'NONE',  ( 8.272201806716024773E-17, -1.000000000000000000, 0.000000000000000000 ) ) ;
#3242 = AXIS2_PLACEMENT_3D ( 'NONE', #547, #497, #1221 ) ;
#3243 = AXIS2_PLACEMENT_3D ( 'NONE', #5, #3124, #334 ) ;
#3244 = EDGE_LOOP ( 'NONE', ( #2649, #3908, #998, #2345 ) ) ;
#3245 = DIRECTION ( 'NONE',  ( -1.000000000000000000, 2.891205793294679312E-16, 0.000000000000000000 ) ) ;
#3246 = CIRCLE ( 'NONE', #4813, 1.600000000000019851 ) ;
#3247 = CARTESIAN_POINT ( 'NONE',  ( 3.879751057680255411, 0.000000000000000000, 0.000000000000000000 ) ) ;
#3248 = ORIENTED_EDGE ( 'NONE', *, *, #647, .T. ) ;
#3249 = LINE ( 'NONE', #4358, #4050 ) ;
#3250 = VECTOR ( 'NONE', #3498, 1000.000000000000000 ) ;
#3251 = CARTESIAN_POINT ( 'NONE',  ( -29.41141100645621975, 37.00000000000000000, 0.000000000000000000 ) ) ;
#3252 = FACE_BOUND ( 'NONE', #4330, .T. ) ;
#3253 = EDGE_LOOP ( 'NONE', ( #2524, #3803, #2764, #3789 ) ) ;
#3254 = LINE ( 'NONE', #3183, #3487 ) ;
#3255 = DIRECTION ( 'NONE',  ( -0.000000000000000000, -0.000000000000000000, -1.000000000000000000 ) ) ;
#3256 = EDGE_LOOP ( 'NONE', ( #1471, #3804, #1871, #866, #125, #915 ) ) ;
#3257 = ORIENTED_EDGE ( 'NONE', *, *, #4826, .F. ) ;
#3258 = DIRECTION ( 'NONE',  ( -1.000000000000000000, -1.004873251643209398E-15, 0.000000000000000000 ) ) ;
#3259 = CARTESIAN_POINT ( 'NONE',  ( -27.41141100645621265, 40.00000000000000000, 4.203910038445610731 ) ) ;
#3260 = CARTESIAN_POINT ( 'NONE',  ( 74.99999999999994316, 19.99999999999998579, 3.499999999999977796 ) ) ;
#3261 = EDGE_CURVE ( 'NONE', #1550, #4604, #1291, .T. ) ;
#3262 = EDGE_LOOP ( 'NONE', ( #1585, #1623, #2325, #109, #1507, #3087 ) ) ;
#3263 = PLANE ( 'NONE',  #3170 ) ;
#3264 = FACE_BOUND ( 'NONE', #1166, .T. ) ;
#3265 = ORIENTED_EDGE ( 'NONE', *, *, #510, .F. ) ;
#3266 = ADVANCED_FACE ( 'NONE', ( #1746 ), #1770, .F. ) ;
#3267 = CIRCLE ( 'NONE', #4581, 4.250000000000006217 ) ;
#3268 = CARTESIAN_POINT ( 'NONE',  ( 15.00000000000000000, 6.700000000000001066, 5.000000000000000000 ) ) ;
#3269 = CYLINDRICAL_SURFACE ( 'NONE', #1201, 2.999999999999999112 ) ;
#3270 = ORIENTED_EDGE ( 'NONE', *, *, #3324, .F. ) ;
#3271 = DIRECTION ( 'NONE',  ( 1.004873251643209398E-15, -1.000000000000000000, -0.000000000000000000 ) ) ;
#3272 = VECTOR ( 'NONE', #5036, 1000.000000000000114 ) ;
#3273 = DIRECTION ( 'NONE',  ( 0.000000000000000000, 0.000000000000000000, 1.000000000000000000 ) ) ;
#3274 = CARTESIAN_POINT ( 'NONE',  ( 4.146862743635832516, 64.00000000000000000, 5.000000000000000888 ) ) ;
#3275 = DIRECTION ( 'NONE',  ( -0.000000000000000000, -0.000000000000000000, 1.000000000000000000 ) ) ;
#3276 = ORIENTED_EDGE ( 'NONE', *, *, #2629, .F. ) ;
#3277 = VECTOR ( 'NONE', #3055, 1000.000000000000000 ) ;
#3278 = EDGE_CURVE ( 'NONE', #1543, #4522, #3670, .T. ) ;
#3279 = DIRECTION ( 'NONE',  ( 0.000000000000000000, 1.000000000000000000, 0.000000000000000000 ) ) ;
#3280 = CARTESIAN_POINT ( 'NONE',  ( 15.00000000000000000, 1.699999999999999956, 5.000000000000000000 ) ) ;
#3281 = ORIENTED_EDGE ( 'NONE', *, *, #2713, .T. ) ;
#3282 = VECTOR ( 'NONE', #4599, 1000.000000000000000 ) ;
#3283 = CARTESIAN_POINT ( 'NONE',  ( 21.50000000000000000, 8.500000000000000000, 0.000000000000000000 ) ) ;
#3284 = DIRECTION ( 'NONE',  ( -1.387778780781446662E-15, 1.000000000000000000, 0.000000000000000000 ) ) ;
#3285 = ORIENTED_EDGE ( 'NONE', *, *, #2737, .F. ) ;
#3286 = ADVANCED_FACE ( 'NONE', ( #164 ), #4677, .F. ) ;
#3287 = ORIENTED_EDGE ( 'NONE', *, *, #236, .F. ) ;
#3288 = FACE_OUTER_BOUND ( 'NONE', #3238, .T. ) ;
#3289 = LINE ( 'NONE', #192, #3151 ) ;
#3290 = ORIENTED_EDGE ( 'NONE', *, *, #1812, .T. ) ;
#3291 = EDGE_CURVE ( 'NONE', #1083, #1995, #2137, .T. ) ;
#3292 = PLANE ( 'NONE',  #249 ) ;
#3293 = ORIENTED_EDGE ( 'NONE', *, *, #4216, .T. ) ;
#3294 = ORIENTED_EDGE ( 'NONE', *, *, #995, .F. ) ;
#3295 = DIRECTION ( 'NONE',  ( 0.000000000000000000, 0.000000000000000000, 1.000000000000000000 ) ) ;
#3296 = ADVANCED_FACE ( 'NONE', ( #1848 ), #1081, .F. ) ;
#3297 = CARTESIAN_POINT ( 'NONE',  ( 10.96917039134148020, -81.96008136255855447, 4.275604128038114737 ) ) ;
#3298 = LINE ( 'NONE', #527, #4432 ) ;
#3299 = FACE_OUTER_BOUND ( 'NONE', #4461, .T. ) ;
#3300 = ORIENTED_EDGE ( 'NONE', *, *, #1551, .F. ) ;
#3301 = DIRECTION ( 'NONE',  ( 1.000000000000000000, 1.027984282060330356E-15, -0.000000000000000000 ) ) ;
#3302 = LINE ( 'NONE', #4855, #2168 ) ;
#3303 = VERTEX_POINT ( 'NONE', #1878 ) ;
#3304 = CARTESIAN_POINT ( 'NONE',  ( 55.53444714662240500, -50.40885817701283855, 6.111022948571281255 ) ) ;
#3305 = CARTESIAN_POINT ( 'NONE',  ( -26.45894223891683339, 40.15222934917707676, 4.536456610058282379 ) ) ;
#3306 = LINE ( 'NONE', #3528, #3438 ) ;
#3307 = ORIENTED_EDGE ( 'NONE', *, *, #4365, .F. ) ;
#3308 = VECTOR ( 'NONE', #436, 1000.000000000000000 ) ;
#3309 = VERTEX_POINT ( 'NONE', #3054 ) ;
#3310 = VECTOR ( 'NONE', #528, 1000.000000000000000 ) ;
#3311 = CARTESIAN_POINT ( 'NONE',  ( -9.000000000000000000, 64.00000000000000000, 17.00000000000000000 ) ) ;
#3312 = CARTESIAN_POINT ( 'NONE',  ( -27.66829088000282511, -40.00000000000000000, 4.189198102782436983 ) ) ;
#3313 = AXIS2_PLACEMENT_3D ( 'NONE', #1236, #1645, #3618 ) ;
#3314 = UNCERTAINTY_MEASURE_WITH_UNIT (LENGTH_MEASURE( 1.000000000000000082E-05 ), #2259, 'distance_accuracy_value', 'NONE');
#3315 = CARTESIAN_POINT ( 'NONE',  ( -29.41141100645621975, 37.00000000000000000, 5.000000000000000000 ) ) ;
#3316 = VERTEX_POINT ( 'NONE', #2570 ) ;
#3317 = FACE_OUTER_BOUND ( 'NONE', #3701, .T. ) ;
#3318 = AXIS2_PLACEMENT_3D ( 'NONE', #4199, #353, #3842 ) ;
#3319 = CARTESIAN_POINT ( 'NONE',  ( 4.146862743635832516, 64.00000000000000000, 5.000000000000000888 ) ) ;
#3320 = ORIENTED_EDGE ( 'NONE', *, *, #3617, .T. ) ;
#3321 = EDGE_CURVE ( 'NONE', #3956, #4768, #2209, .T. ) ;
#3322 = FACE_BOUND ( 'NONE', #2346, .T. ) ;
#3323 = AXIS2_PLACEMENT_3D ( 'NONE', #1098, #4232, #2665 ) ;
#3324 = EDGE_CURVE ( 'NONE', #4084, #136, #2645, .T. ) ;
#3325 = AXIS2_PLACEMENT_3D ( 'NONE', #2744, #1591, #3880 ) ;
#3326 = CARTESIAN_POINT ( 'NONE',  ( -14.27636238330915219, -11.99999999999999645, 0.000000000000000000 ) ) ;
#3327 = CARTESIAN_POINT ( 'NONE',  ( 29.48635277547846556, -18.87975105768089179, -5.000000000000000000 ) ) ;
#3328 = ORIENTED_EDGE ( 'NONE', *, *, #986, .T. ) ;
#3329 = PLANE ( 'NONE',  #4387 ) ;
#3330 = EDGE_LOOP ( 'NONE', ( #3517, #4932 ) ) ;
#3331 = VECTOR ( 'NONE', #2371, 1000.000000000000000 ) ;
#3332 = EDGE_CURVE ( 'NONE', #2317, #2819, #2455, .T. ) ;
#3333 = FACE_OUTER_BOUND ( 'NONE', #1851, .T. ) ;
#3334 = CARTESIAN_POINT ( 'NONE',  ( 17.37975105768025230, 29.48635277547909084, 5.000000000000000000 ) ) ;
#3335 = LINE ( 'NONE', #2261, #3855 ) ;
#3336 = EDGE_LOOP ( 'NONE', ( #2716, #2699 ) ) ;
#3337 = VECTOR ( 'NONE', #648, 1000.000000000000000 ) ;
#3338 = ORIENTED_EDGE ( 'NONE', *, *, #298, .T. ) ;
#3339 = ORIENTED_EDGE ( 'NONE', *, *, #2749, .T. ) ;
#3340 = DIRECTION ( 'NONE',  ( 0.000000000000000000, 0.000000000000000000, 1.000000000000000000 ) ) ;
#3341 = CARTESIAN_POINT ( 'NONE',  ( 9.988765243240367298, -56.15550799733787812, 4.209227187174128026 ) ) ;
#3342 = CARTESIAN_POINT ( 'NONE',  ( -29.41141100645621975, -40.00000000000000000, 5.000000000000000000 ) ) ;
#3343 = EDGE_CURVE ( 'NONE', #2819, #571, #1821, .T. ) ;
#3344 = MANIFOLD_SOLID_BREP ( 'Fillet3', #2754 ) ;
#3345 = DIRECTION ( 'NONE',  ( 1.000000000000000000, 0.000000000000000000, 0.000000000000000000 ) ) ;
#3346 = EDGE_LOOP ( 'NONE', ( #2050, #2283, #1757, #113 ) ) ;
#3347 = DIRECTION ( 'NONE',  ( 1.000000000000000000, 0.000000000000000000, 0.000000000000000000 ) ) ;
#3348 = DIRECTION ( 'NONE',  ( -0.000000000000000000, -0.000000000000000000, -1.000000000000000000 ) ) ;
#3349 = ORIENTED_EDGE ( 'NONE', *, *, #4176, .F. ) ;
#3350 = FACE_BOUND ( 'NONE', #3883, .T. ) ;
#3351 = ADVANCED_FACE ( 'NONE', ( #1620 ), #4564, .F. ) ;
#3352 = FACE_OUTER_BOUND ( 'NONE', #2064, .T. ) ;
#3353 = FACE_BOUND ( 'NONE', #452, .T. ) ;
#3354 = EDGE_LOOP ( 'NONE', ( #1258, #2675, #2884, #4980 ) ) ;
#3355 = AXIS2_PLACEMENT_3D ( 'NONE', #4566, #1771, #3030 ) ;
#3356 = CARTESIAN_POINT ( 'NONE',  ( 3.879751057680255411, 64.00000000000000000, 4.713747003574108696 ) ) ;
#3357 = AXIS2_PLACEMENT_3D ( 'NONE', #6, #2048, #2382 ) ;
#3358 = LINE ( 'NONE', #1025, #642 ) ;
#3359 = VECTOR ( 'NONE', #786, 1000.000000000000000 ) ;
#3360 = CARTESIAN_POINT ( 'NONE',  ( 59.91367620069848954, 45.11490547327655065, 13.43867721622465083 ) ) ;
#3361 = DIRECTION ( 'NONE',  ( 0.000000000000000000, 0.000000000000000000, 1.000000000000000000 ) ) ;
#3362 = VERTEX_POINT ( 'NONE', #780 ) ;
#3363 = VECTOR ( 'NONE', #269, 1000.000000000000000 ) ;
#3364 = EDGE_LOOP ( 'NONE', ( #2405, #856, #3668, #2430 ) ) ;
#3365 = ORIENTED_EDGE ( 'NONE', *, *, #4828, .F. ) ;
#3366 = LINE ( 'NONE', #600, #2924 ) ;
#3367 = DIRECTION ( 'NONE',  ( -0.7071067811865479058, -0.7071067811865472397, 0.000000000000000000 ) ) ;
#3368 = CARTESIAN_POINT ( 'NONE',  ( 8.000000000000000000, 1.699999999999999956, -57.50000000000000000 ) ) ;
#3369 = EDGE_CURVE ( 'NONE', #1491, #4671, #2879, .T. ) ;
#3370 = CARTESIAN_POINT ( 'NONE',  ( -24.83140145212533412, -1.700000000000003064, 7.415599282705910511 ) ) ;
#3371 = DIRECTION ( 'NONE',  ( -1.000000000000000000, -1.004873251643209398E-15, 0.000000000000000000 ) ) ;
#3372 = ORIENTED_EDGE ( 'NONE', *, *, #4523, .F. ) ;
#3373 = CARTESIAN_POINT ( 'NONE',  ( -13.00000000000002665, 78.00000000000001421, 5.000000000000000000 ) ) ;
#3374 = CARTESIAN_POINT ( 'NONE',  ( 66.59999999999999432, -45.00000000000000000, -5.000000000000000000 ) ) ;
#3375 = ORIENTED_EDGE ( 'NONE', *, *, #3612, .F. ) ;
#3376 = LINE ( 'NONE', #4483, #3806 ) ;
#3377 = EDGE_CURVE ( 'NONE', #1823, #3316, #1569, .T. ) ;
#3378 = DIRECTION ( 'NONE',  ( -0.000000000000000000, -1.000000000000000000, -0.000000000000000000 ) ) ;
#3379 = CARTESIAN_POINT ( 'NONE',  ( 63.44288770224761009, 40.00000000000000000, 5.855869341875739487 ) ) ;
#3380 = ORIENTED_EDGE ( 'NONE', *, *, #1989, .F. ) ;
#3381 = CARTESIAN_POINT ( 'NONE',  ( 17.37975105768025230, -29.48635277547909084, 5.000000000000000000 ) ) ;
#3382 = CARTESIAN_POINT ( 'NONE',  ( 58.94635150703679471, -46.37228332093322081, 9.931233150626059825 ) ) ;
#3383 = CARTESIAN_POINT ( 'NONE',  ( 60.00000000000001421, 45.00000000000000711, 15.00000000000000000 ) ) ;
#3384 = LINE ( 'NONE', #2182, #3441 ) ;
#3385 = ORIENTED_EDGE ( 'NONE', *, *, #2200, .F. ) ;
#3386 = ADVANCED_FACE ( 'NONE', ( #3585, #3516 ), #82, .T. ) ;
#3387 = ORIENTED_EDGE ( 'NONE', *, *, #289, .F. ) ;
#3388 = VERTEX_POINT ( 'NONE', #190 ) ;
#3389 = EDGE_CURVE ( 'NONE', #4879, #2135, #4571, .T. ) ;
#3390 = DIRECTION ( 'NONE',  ( -0.000000000000000000, -0.000000000000000000, -1.000000000000000000 ) ) ;
#3391 = EDGE_CURVE ( 'NONE', #4708, #397, #2715, .T. ) ;
#3392 = CARTESIAN_POINT ( 'NONE',  ( 17.11198410471419251, -17.11198410471420672, 0.000000000000000000 ) ) ;
#3393 = CARTESIAN_POINT ( 'NONE',  ( 29.48635277547846556, 18.87975105768089179, -5.000000000000000000 ) ) ;
#3394 = ADVANCED_FACE ( 'NONE', ( #2189 ), #2652, .F. ) ;
#3395 = AXIS2_PLACEMENT_3D ( 'NONE', #2101, #920, #4771 ) ;
#3396 = DIRECTION ( 'NONE',  ( 0.000000000000000000, -0.000000000000000000, -1.000000000000000000 ) ) ;
#3397 = ORIENTED_EDGE ( 'NONE', *, *, #3884, .T. ) ;
#3398 = FACE_OUTER_BOUND ( 'NONE', #4134, .T. ) ;
#3399 = AXIS2_PLACEMENT_3D ( 'NONE', #3839, #3810, #299 ) ;
#3400 = LINE ( 'NONE', #4964, #1690 ) ;
#3401 = VERTEX_POINT ( 'NONE', #1369 ) ;
#3402 = FACE_OUTER_BOUND ( 'NONE', #2769, .T. ) ;
#3403 = CIRCLE ( 'NONE', #3160, 3.100000000000019185 ) ;
#3404 = CONICAL_SURFACE ( 'NONE', #3240, 3.100000000000019185, 0.7853981633974501664 ) ;
#3405 = CARTESIAN_POINT ( 'NONE',  ( -5.000000000000011546, -79.50000000000001421, 0.000000000000000000 ) ) ;
#3406 = DIRECTION ( 'NONE',  ( 1.000000000000000000, 0.000000000000000000, 0.000000000000000000 ) ) ;
#3407 = VERTEX_POINT ( 'NONE', #2934 ) ;
#3408 = AXIS2_PLACEMENT_3D ( 'NONE', #1347, #2584, #3658 ) ;
#3409 = LINE ( 'NONE', #4872, #867 ) ;
#3410 = DIRECTION ( 'NONE',  ( 0.000000000000000000, 0.000000000000000000, 1.000000000000000000 ) ) ;
#3411 = AXIS2_PLACEMENT_3D ( 'NONE', #839, #4835, #2038 ) ;
#3412 = AXIS2_PLACEMENT_3D ( 'NONE', #4582, #2995, #668 ) ;
#3413 = CARTESIAN_POINT ( 'NONE',  ( 50.99019513592785557, -55.00000000000000711, 5.000000000000000000 ) ) ;
#3414 = CARTESIAN_POINT ( 'NONE',  ( 59.98263031419568136, 45.02318683006967603, 14.21512955865408045 ) ) ;
#3415 = FACE_OUTER_BOUND ( 'NONE', #3832, .T. ) ;
#3416 = ORIENTED_EDGE ( 'NONE', *, *, #2218, .F. ) ;
#3417 = AXIS2_PLACEMENT_3D ( 'NONE', #3995, #1993, #4791 ) ;
#3418 = ORIENTED_EDGE ( 'NONE', *, *, #4182, .F. ) ;
#3419 = ORIENTED_EDGE ( 'NONE', *, *, #1477, .F. ) ;
#3420 = DIRECTION ( 'NONE',  ( 0.4606500287015032891, -0.8875818559757201465, 0.000000000000000000 ) ) ;
#3421 = DIRECTION ( 'NONE',  ( -0.000000000000000000, -0.000000000000000000, 1.000000000000000000 ) ) ;
#3422 = VECTOR ( 'NONE', #3390, 1000.000000000000000 ) ;
#3423 = DIRECTION ( 'NONE',  ( 1.000000000000000000, 0.000000000000000000, 7.709882115452474222E-16 ) ) ;
#3424 = CARTESIAN_POINT ( 'NONE',  ( 8.600370242754996397, -19.48635277547909439, 5.000000000000000000 ) ) ;
#3425 = ORIENTED_EDGE ( 'NONE', *, *, #3529, .F. ) ;
#3426 = CARTESIAN_POINT ( 'NONE',  ( -27.38875556251408483, -40.00000000000000000, 0.000000000000000000 ) ) ;
#3427 = LINE ( 'NONE', #714, #2911 ) ;
#3428 = VERTEX_POINT ( 'NONE', #601 ) ;
#3429 = DIRECTION ( 'NONE',  ( 0.000000000000000000, 0.000000000000000000, 1.000000000000000000 ) ) ;
#3430 = VERTEX_POINT ( 'NONE', #244 ) ;
#3431 = CARTESIAN_POINT ( 'NONE',  ( 4.146862743635832516, -29.48635277547910505, 5.000000000000000888 ) ) ;
#3432 = CARTESIAN_POINT ( 'NONE',  ( -5.000000000000026645, 79.50000000000001421, 5.000000000000000000 ) ) ;
#3433 = ORIENTED_EDGE ( 'NONE', *, *, #4821, .F. ) ;
#3434 = CARTESIAN_POINT ( 'NONE',  ( 76.59999999999995168, 19.99999999999998579, 3.499999999999977796 ) ) ;
#3435 = APPLICATION_PROTOCOL_DEFINITION ( 'draft international standard', 'automotive_design', 1998, #532 ) ;
#3436 = FACE_OUTER_BOUND ( 'NONE', #4464, .T. ) ;
#3437 = DIRECTION ( 'NONE',  ( 0.000000000000000000, 1.000000000000000000, 0.000000000000000000 ) ) ;
#3438 = VECTOR ( 'NONE', #4878, 1000.000000000000000 ) ;
#3439 = VERTEX_POINT ( 'NONE', #3729 ) ;
#3440 = ORIENTED_EDGE ( 'NONE', *, *, #2369, .T. ) ;
#3441 = VECTOR ( 'NONE', #2598, 1000.000000000000000 ) ;
#3442 = ORIENTED_EDGE ( 'NONE', *, *, #3489, .T. ) ;
#3443 = LINE ( 'NONE', #4956, #2116 ) ;
#3444 = DIRECTION ( 'NONE',  ( -0.000000000000000000, -1.000000000000000000, 0.000000000000000000 ) ) ;
#3445 = CARTESIAN_POINT ( 'NONE',  ( 63.44288770224761009, -40.00000000000000711, 15.00000000000000000 ) ) ;
#3446 = CARTESIAN_POINT ( 'NONE',  ( -29.41141100645621975, -37.00000000000000000, 0.000000000000000000 ) ) ;
#3447 = AXIS2_PLACEMENT_3D ( 'NONE', #1010, #1421, #3807 ) ;
#3448 = CIRCLE ( 'NONE', #4511, 2.249999999999998668 ) ;
#3449 = EDGE_CURVE ( 'NONE', #275, #252, #4277, .T. ) ;
#3450 = CARTESIAN_POINT ( 'NONE',  ( 28.19999999999997087, 69.50000000000000000, 5.000000000000000000 ) ) ;
#3451 = ORIENTED_EDGE ( 'NONE', *, *, #4719, .F. ) ;
#3452 = CARTESIAN_POINT ( 'NONE',  ( 69.73799092751333717, -4.000000000000008882, 3.000000000000000000 ) ) ;
#3453 = CARTESIAN_POINT ( 'NONE',  ( -25.93877972914330243, -6.699999999999997513, 5.000000000000000000 ) ) ;
#3454 = ORIENTED_EDGE ( 'NONE', *, *, #503, .F. ) ;
#3455 = CARTESIAN_POINT ( 'NONE',  ( 12.05939254447404707, -11.99999999999999645, 5.000000000000000000 ) ) ;
#3456 = EDGE_CURVE ( 'NONE', #1312, #2395, #2576, .T. ) ;
#3457 = ORIENTED_EDGE ( 'NONE', *, *, #4299, .T. ) ;
#3458 = DIRECTION ( 'NONE',  ( -0.7071067811865489050, 0.000000000000000000, -0.7071067811865462405 ) ) ;
#3459 = EDGE_CURVE ( 'NONE', #544, #1341, #4351, .T. ) ;
#3460 = CARTESIAN_POINT ( 'NONE',  ( 63.91461538532383457, 39.24207636145418832, 5.021800099342075718 ) ) ;
#3461 = ORIENTED_EDGE ( 'NONE', *, *, #230, .F. ) ;
#3462 = CARTESIAN_POINT ( 'NONE',  ( 28.19999999999999929, -69.50000000000000000, 0.000000000000000000 ) ) ;
#3463 = EDGE_CURVE ( 'NONE', #4529, #2947, #3267, .T. ) ;
#3464 = CARTESIAN_POINT ( 'NONE',  ( 63.44288770224761009, -40.00000000000000711, 6.000000000000000000 ) ) ;
#3465 = CARTESIAN_POINT ( 'NONE',  ( 11.83313767337321387, -56.00041141854042337, 4.756934738222634351 ) ) ;
#3466 = ORIENTED_EDGE ( 'NONE', *, *, #4312, .T. ) ;
#3467 = VERTEX_POINT ( 'NONE', #4774 ) ;
#3468 = ORIENTED_EDGE ( 'NONE', *, *, #1674, .T. ) ;
#3469 = DIRECTION ( 'NONE',  ( 0.000000000000000000, 0.000000000000000000, 1.000000000000000000 ) ) ;
#3470 = DIRECTION ( 'NONE',  ( -1.000000000000000000, 2.891205793294679312E-16, -0.000000000000000000 ) ) ;
#3471 = CARTESIAN_POINT ( 'NONE',  ( -32.41141100645621975, -6.700000000000000178, 10.00000000000000000 ) ) ;
#3472 = LINE ( 'NONE', #4600, #3120 ) ;
#3473 = CARTESIAN_POINT ( 'NONE',  ( -26.69857624750248348, -40.07767659992668285, 4.404021631480261156 ) ) ;
#3474 = ORIENTED_EDGE ( 'NONE', *, *, #1579, .F. ) ;
#3475 = LINE ( 'NONE', #1552, #1068 ) ;
#3476 = DIRECTION ( 'NONE',  ( -1.000000000000000000, -8.673617379884035472E-16, 0.000000000000000000 ) ) ;
#3477 = CIRCLE ( 'NONE', #1343, 4.250000000000005329 ) ;
#3478 = DIRECTION ( 'NONE',  ( -0.7071067811865475727, 0.7071067811865474617, -0.000000000000000000 ) ) ;
#3479 = EDGE_LOOP ( 'NONE', ( #193, #1976, #4521, #112 ) ) ;
#3480 = CARTESIAN_POINT ( 'NONE',  ( -24.38875556251408128, -81.94777972655472809, 5.000000000000000000 ) ) ;
#3481 = VECTOR ( 'NONE', #634, 999.9999999999998863 ) ;
#3482 = DIRECTION ( 'NONE',  ( -1.000000000000000000, 2.891205793294679312E-16, 0.000000000000000000 ) ) ;
#3483 = CARTESIAN_POINT ( 'NONE',  ( 1.523171832565001471E-15, -11.99999999999999822, 0.000000000000000000 ) ) ;
#3484 = EDGE_CURVE ( 'NONE', #1515, #3922, #10, .T. ) ;
#3485 = ORIENTED_EDGE ( 'NONE', *, *, #4751, .F. ) ;
#3486 = ORIENTED_EDGE ( 'NONE', *, *, #4645, .F. ) ;
#3487 = VECTOR ( 'NONE', #3279, 1000.000000000000000 ) ;
#3488 = CARTESIAN_POINT ( 'NONE',  ( -26.00000000000000000, -12.00000000000000355, 4.929461192026329819 ) ) ;
#3489 = EDGE_CURVE ( 'NONE', #2075, #4378, #2269, .T. ) ;
#3490 = CARTESIAN_POINT ( 'NONE',  ( 21.50000000000000000, 5.500000000000000000, 5.000000000000000000 ) ) ;
#3491 = EDGE_LOOP ( 'NONE', ( #3889, #1267, #4488, #2262 ) ) ;
#3492 = VECTOR ( 'NONE', #274, 1000.000000000000000 ) ;
#3493 = EDGE_CURVE ( 'NONE', #330, #1801, #324, .T. ) ;
#3494 = CIRCLE ( 'NONE', #3000, 1.600000000000012967 ) ;
#3495 = ORIENTED_EDGE ( 'NONE', *, *, #845, .F. ) ;
#3496 = ADVANCED_FACE ( 'NONE', ( #3861 ), #3974, .F. ) ;
#3497 = ORIENTED_EDGE ( 'NONE', *, *, #445, .T. ) ;
#3498 = DIRECTION ( 'NONE',  ( 0.000000000000000000, 0.000000000000000000, 1.000000000000000000 ) ) ;
#3499 = FACE_OUTER_BOUND ( 'NONE', #4931, .T. ) ;
#3500 = CIRCLE ( 'NONE', #2600, 3.100000000000022737 ) ;
#3501 = PLANE ( 'NONE',  #2103 ) ;
#3502 = CARTESIAN_POINT ( 'NONE',  ( -0.7500000000000058842, -79.50000000000001421, 5.000000000000000000 ) ) ;
#3503 = ORIENTED_EDGE ( 'NONE', *, *, #3672, .T. ) ;
#3504 = AXIS2_PLACEMENT_3D ( 'NONE', #1337, #3642, #496 ) ;
#3505 = CARTESIAN_POINT ( 'NONE',  ( -5.392902657065692829, -75.26708584834685212, 0.3067952353926959863 ) ) ;
#3506 = EDGE_CURVE ( 'NONE', #2074, #1520, #438, .T. ) ;
#3507 = LINE ( 'NONE', #4691, #713 ) ;
#3508 = AXIS2_PLACEMENT_3D ( 'NONE', #4183, #2208, #4492 ) ;
#3509 = LINE ( 'NONE', #2714, #787 ) ;
#3510 = EDGE_LOOP ( 'NONE', ( #4341, #367, #4187, #3985 ) ) ;
#3511 = CYLINDRICAL_SURFACE ( 'NONE', #1444, 17.79999999999999716 ) ;
#3512 = CARTESIAN_POINT ( 'NONE',  ( -6.600000000000022737, 72.50000000000000000, -5.000000000000000000 ) ) ;
#3513 = ORIENTED_EDGE ( 'NONE', *, *, #3780, .F. ) ;
#3514 = CARTESIAN_POINT ( 'NONE',  ( 3.367779569044642152, 59.23063401439839737, 4.146458369814453704 ) ) ;
#3515 = CARTESIAN_POINT ( 'NONE',  ( 63.77252252761118712, -39.47256915703049174, 5.110102821421262931 ) ) ;
#3516 = FACE_OUTER_BOUND ( 'NONE', #766, .T. ) ;
#3517 = ORIENTED_EDGE ( 'NONE', *, *, #1583, .F. ) ;
#3518 = ORIENTED_EDGE ( 'NONE', *, *, #4447, .T. ) ;
#3519 = ORIENTED_EDGE ( 'NONE', *, *, #1102, .T. ) ;
#3520 = LINE ( 'NONE', #838, #4079 ) ;
#3521 = CARTESIAN_POINT ( 'NONE',  ( 23.99999999999999289, -45.00000000000000711, 5.000000000000000000 ) ) ;
#3522 = CIRCLE ( 'NONE', #2871, 3.100000000000020961 ) ;
#3523 = CARTESIAN_POINT ( 'NONE',  ( 8.600370242754996397, -29.48635277547910860, 5.000000000000000000 ) ) ;
#3524 = CYLINDRICAL_SURFACE ( 'NONE', #1759, 2.250000000000001332 ) ;
#3525 = ORIENTED_EDGE ( 'NONE', *, *, #3116, .T. ) ;
#3526 = DIRECTION ( 'NONE',  ( 0.000000000000000000, 0.000000000000000000, 1.000000000000000000 ) ) ;
#3527 = EDGE_CURVE ( 'NONE', #4308, #1894, #1913, .T. ) ;
#3528 = CARTESIAN_POINT ( 'NONE',  ( 26.50000000000000000, 5.500000000000000000, 0.000000000000000000 ) ) ;
#3529 = EDGE_CURVE ( 'NONE', #571, #2083, #707, .T. ) ;
#3530 = PLANE ( 'NONE',  #1840 ) ;
#3531 = AXIS2_PLACEMENT_3D ( 'NONE', #1619, #81, #3615 ) ;
#3532 = ORIENTED_EDGE ( 'NONE', *, *, #230, .T. ) ;
#3533 = CARTESIAN_POINT ( 'NONE',  ( -26.00000000000000000, -1.700000000000003064, -57.50000000000000000 ) ) ;
#3534 = CARTESIAN_POINT ( 'NONE',  ( 15.00000000000000000, -11.99999999999999645, 3.000000000000002665 ) ) ;
#3535 = ORIENTED_EDGE ( 'NONE', *, *, #2862, .F. ) ;
#3536 = EDGE_CURVE ( 'NONE', #1168, #1823, #21, .T. ) ;
#3537 = EDGE_CURVE ( 'NONE', #5055, #1083, #1970, .T. ) ;
#3538 = CARTESIAN_POINT ( 'NONE',  ( 11.99999999999995204, 69.00000000000000000, 5.000000000000000000 ) ) ;
#3539 = CARTESIAN_POINT ( 'NONE',  ( 63.70479237111076287, -39.58171272084552328, 5.176416165924348611 ) ) ;
#3540 = ORIENTED_EDGE ( 'NONE', *, *, #891, .F. ) ;
#3541 = ORIENTED_EDGE ( 'NONE', *, *, #3235, .T. ) ;
#3542 = ORIENTED_EDGE ( 'NONE', *, *, #3261, .T. ) ;
#3543 = DIRECTION ( 'NONE',  ( 3.083952846180992055E-15, 0.000000000000000000, 1.000000000000000000 ) ) ;
#3544 = DIRECTION ( 'NONE',  ( 0.000000000000000000, 0.000000000000000000, 1.000000000000000000 ) ) ;
#3545 = EDGE_CURVE ( 'NONE', #4804, #2143, #462, .T. ) ;
#3546 = EDGE_CURVE ( 'NONE', #4440, #4378, #1065, .T. ) ;
#3547 = VERTEX_POINT ( 'NONE', #2818 ) ;
#3548 = LINE ( 'NONE', #3212, #2783 ) ;
#3549 = FACE_OUTER_BOUND ( 'NONE', #3244, .T. ) ;
#3550 = EDGE_LOOP ( 'NONE', ( #3096, #3631 ) ) ;
#3551 = CARTESIAN_POINT ( 'NONE',  ( 3.469446951953611822E-15, 11.99999999999998757, 0.000000000000000000 ) ) ;
#3552 = DIRECTION ( 'NONE',  ( -0.000000000000000000, -0.000000000000000000, -1.000000000000000000 ) ) ;
#3553 = AXIS2_PLACEMENT_3D ( 'NONE', #2969, #3295, #3765 ) ;
#3554 = ORIENTED_EDGE ( 'NONE', *, *, #2919, .F. ) ;
#3555 = PRODUCT ( 'second floor-flat', 'second floor-flat', '', ( #4925 ) ) ;
#3556 = DIRECTION ( 'NONE',  ( -1.000000000000000000, -1.004873251643209398E-15, 0.000000000000000000 ) ) ;
#3557 = CIRCLE ( 'NONE', #1432, 3.100000000000022737 ) ;
#3558 = DIRECTION ( 'NONE',  ( -0.000000000000000000, -0.000000000000000000, 1.000000000000000000 ) ) ;
#3559 = CARTESIAN_POINT ( 'NONE',  ( 75.00000000000000000, -19.99999999999998579, 5.000000000000000000 ) ) ;
#3560 = EDGE_LOOP ( 'NONE', ( #5059, #1572 ) ) ;
#3561 = VECTOR ( 'NONE', #1795, 1000.000000000000000 ) ;
#3562 = ORIENTED_EDGE ( 'NONE', *, *, #1161, .T. ) ;
#3563 = ORIENTED_EDGE ( 'NONE', *, *, #2401, .T. ) ;
#3564 = CIRCLE ( 'NONE', #1355, 1.600000000000004086 ) ;
#3565 = DIRECTION ( 'NONE',  ( 0.000000000000000000, 1.000000000000000000, 0.000000000000000000 ) ) ;
#3566 = CYLINDRICAL_SURFACE ( 'NONE', #1239, 1.600000000000019851 ) ;
#3567 = DIRECTION ( 'NONE',  ( -0.000000000000000000, -0.000000000000000000, 1.000000000000000000 ) ) ;
#3568 = ADVANCED_FACE ( 'NONE', ( #4001 ), #1495, .F. ) ;
#3569 = VECTOR ( 'NONE', #590, 1000.000000000000000 ) ;
#3570 = ORIENTED_EDGE ( 'NONE', *, *, #2488, .T. ) ;
#3571 = AXIS2_PLACEMENT_3D ( 'NONE', #4346, #3624, #4011 ) ;
#3572 = AXIS2_PLACEMENT_3D ( 'NONE', #4673, #1164, #3903 ) ;
#3573 = CARTESIAN_POINT ( 'NONE',  ( -26.00000000000000000, 0.000000000000000000, 0.000000000000000000 ) ) ;
#3574 = CIRCLE ( 'NONE', #226, 75.00000000000001421 ) ;
#3575 = CARTESIAN_POINT ( 'NONE',  ( -31.00000000000000000, 11.99999999999999645, 5.000000000000000000 ) ) ;
#3576 = ORIENTED_EDGE ( 'NONE', *, *, #3071, .T. ) ;
#3577 = LINE ( 'NONE', #4428, #3910 ) ;
#3578 = FACE_OUTER_BOUND ( 'NONE', #3262, .T. ) ;
#3579 = AXIS2_PLACEMENT_3D ( 'NONE', #2496, #1241, #545 ) ;
#3580 = ORIENTED_EDGE ( 'NONE', *, *, #2622, .T. ) ;
#3581 = VERTEX_POINT ( 'NONE', #4627 ) ;
#3582 = DIRECTION ( 'NONE',  ( 8.270871484903184443E-17, -1.000000000000000000, -0.000000000000000000 ) ) ;
#3583 = DIRECTION ( 'NONE',  ( -1.684197549492045345E-16, 1.000000000000000000, -0.000000000000000000 ) ) ;
#3584 = CARTESIAN_POINT ( 'NONE',  ( 10.32988139361452262, 5.700000000000000178, 6.439198102782434319 ) ) ;
#3585 = FACE_BOUND ( 'NONE', #3601, .T. ) ;
#3586 = ORIENTED_EDGE ( 'NONE', *, *, #4365, .T. ) ;
#3587 = B_SPLINE_CURVE_WITH_KNOTS ( 'NONE', 3,
 ( #1832, #3040, #765, #374, #3473, #1525, #1915, #2324 ),
 .UNSPECIFIED., .F., .F.,
 ( 4, 2, 2, 4 ),
 ( 0.000000000000000000, 0.0004323489965442078192, 0.0008646979930884156383, 0.001729395986176832795 ),
 .UNSPECIFIED. ) ;
#3588 = DIRECTION ( 'NONE',  ( -1.000000000000000000, -2.113684723242344441E-16, 0.000000000000000000 ) ) ;
#3589 = ORIENTED_EDGE ( 'NONE', *, *, #4899, .T. ) ;
#3590 = ORIENTED_EDGE ( 'NONE', *, *, #510, .T. ) ;
#3591 = DIRECTION ( 'NONE',  ( -1.000000000000000000, 0.000000000000000000, 0.000000000000000000 ) ) ;
#3592 = CARTESIAN_POINT ( 'NONE',  ( -25.93877972914330599, 40.38631349984743935, 5.000000000000000000 ) ) ;
#3593 = DIRECTION ( 'NONE',  ( -0.000000000000000000, -0.000000000000000000, -1.000000000000000000 ) ) ;
#3594 = DIRECTION ( 'NONE',  ( 1.000000000000000000, 1.156482317317871133E-15, -0.000000000000000000 ) ) ;
#3595 = ORIENTED_EDGE ( 'NONE', *, *, #3291, .F. ) ;
#3596 = CARTESIAN_POINT ( 'NONE',  ( -5.000000000000009770, -72.50000000000000000, 0.000000000000000000 ) ) ;
#3597 = PRODUCT_DEFINITION_SHAPE ( 'NONE', 'NONE',  #4229 ) ;
#3598 = LINE ( 'NONE', #819, #495 ) ;
#3599 = ADVANCED_FACE ( 'NONE', ( #1115 ), #2055, .F. ) ;
#3600 = DIRECTION ( 'NONE',  ( 1.000000000000000000, -0.000000000000000000, 0.000000000000000000 ) ) ;
#3601 = EDGE_LOOP ( 'NONE', ( #87, #3058 ) ) ;
#3602 = AXIS2_PLACEMENT_3D ( 'NONE', #951, #2066, #3284 ) ;
#3603 = CARTESIAN_POINT ( 'NONE',  ( -29.41141100645621975, -37.00000000000000000, 5.000000000000000000 ) ) ;
#3604 = FACE_OUTER_BOUND ( 'NONE', #1216, .T. ) ;
#3605 = ADVANCED_FACE ( 'NONE', ( #4249 ), #2378, .F. ) ;
#3606 = EDGE_LOOP ( 'NONE', ( #3700, #619, #4560, #441, #723 ) ) ;
#3607 = VECTOR ( 'NONE', #4681, 1000.000000000000000 ) ;
#3608 = VERTEX_POINT ( 'NONE', #1523 ) ;
#3609 = EDGE_CURVE ( 'NONE', #2295, #1837, #3091, .T. ) ;
#3610 = STYLED_ITEM ( 'NONE', ( #1488 ), #3344 ) ;
#3611 = DIRECTION ( 'NONE',  ( 1.000000000000000000, 1.387778780781446662E-15, -0.000000000000000000 ) ) ;
#3612 = EDGE_CURVE ( 'NONE', #2083, #2547, #4274, .T. ) ;
#3613 = EDGE_CURVE ( 'NONE', #2179, #2483, #2564, .T. ) ;
#3614 = FACE_OUTER_BOUND ( 'NONE', #1438, .T. ) ;
#3615 = DIRECTION ( 'NONE',  ( 0.000000000000000000, -0.000000000000000000, 1.000000000000000000 ) ) ;
#3616 = ORIENTED_EDGE ( 'NONE', *, *, #4556, .F. ) ;
#3617 = EDGE_CURVE ( 'NONE', #1518, #2400, #3298, .T. ) ;
#3618 = DIRECTION ( 'NONE',  ( -0.4606500287015032891, -0.8875818559757201465, 0.000000000000000000 ) ) ;
#3619 = DIRECTION ( 'NONE',  ( 0.000000000000000000, 1.000000000000000000, 0.000000000000000000 ) ) ;
#3620 = ORIENTED_EDGE ( 'NONE', *, *, #3278, .T. ) ;
#3621 = ORIENTED_EDGE ( 'NONE', *, *, #3918, .T. ) ;
#3622 = DIRECTION ( 'NONE',  ( 0.000000000000000000, 0.000000000000000000, 1.000000000000000000 ) ) ;
#3623 = DIRECTION ( 'NONE',  ( -0.000000000000000000, -0.000000000000000000, 1.000000000000000000 ) ) ;
#3624 = DIRECTION ( 'NONE',  ( -0.000000000000000000, -0.000000000000000000, -1.000000000000000000 ) ) ;
#3625 = ORIENTED_EDGE ( 'NONE', *, *, #4612, .F. ) ;
#3626 = CARTESIAN_POINT ( 'NONE',  ( 69.73799092751333717, 3.999999999999991562, 3.000000000000000000 ) ) ;
#3627 = CARTESIAN_POINT ( 'NONE',  ( -24.41141100645622330, 81.94103375399816969, 0.000000000000000000 ) ) ;
#3628 = VERTEX_POINT ( 'NONE', #1244 ) ;
#3629 = DIRECTION ( 'NONE',  ( 1.000000000000000000, 0.000000000000000000, 0.000000000000000000 ) ) ;
#3630 = LINE ( 'NONE', #3247, #4723 ) ;
#3631 = ORIENTED_EDGE ( 'NONE', *, *, #2331, .T. ) ;
#3632 = DIRECTION ( 'NONE',  ( 1.000000000000000000, -1.387778780781446662E-15, 0.000000000000000000 ) ) ;
#3633 = CARTESIAN_POINT ( 'NONE',  ( -22.14686274363582896, -11.99999999999999645, 5.000000000000000888 ) ) ;
#3634 = CARTESIAN_POINT ( 'NONE',  ( 63.44288770224761009, 40.00000000000000711, 6.000000000000000000 ) ) ;
#3635 = EDGE_LOOP ( 'NONE', ( #3802, #3051, #3083, #3281 ) ) ;
#3636 = EDGE_CURVE ( 'NONE', #2484, #2363, #4188, .T. ) ;
#3637 = CIRCLE ( 'NONE', #4793, 2.250000000000000444 ) ;
#3638 = DIRECTION ( 'NONE',  ( 1.000000000000000000, 0.000000000000000000, 0.000000000000000000 ) ) ;
#3639 = DIRECTION ( 'NONE',  ( -1.000000000000000000, 0.000000000000000000, 0.000000000000000000 ) ) ;
#3640 = EDGE_LOOP ( 'NONE', ( #3158, #627, #2212, #1060, #2460 ) ) ;
#3641 = VERTEX_POINT ( 'NONE', #3523 ) ;
#3642 = DIRECTION ( 'NONE',  ( -1.000000000000000000, 0.000000000000000000, -0.000000000000000000 ) ) ;
#3643 = DIRECTION ( 'NONE',  ( 1.000000000000000000, 0.000000000000000000, 0.000000000000000000 ) ) ;
#3644 = CIRCLE ( 'NONE', #937, 2.250000000000001332 ) ;
#3645 = FACE_OUTER_BOUND ( 'NONE', #4477, .T. ) ;
#3646 = EDGE_CURVE ( 'NONE', #275, #1894, #1600, .T. ) ;
#3647 = ADVANCED_FACE ( 'NONE', ( #2423 ), #1576, .F. ) ;
#3648 = CONICAL_SURFACE ( 'NONE', #1763, 3.100000000000019185, 0.7853981633974501664 ) ;
#3649 = ORIENTED_EDGE ( 'NONE', *, *, #4048, .T. ) ;
#3650 = DIRECTION ( 'NONE',  ( -0.000000000000000000, -0.000000000000000000, -1.000000000000000000 ) ) ;
#3651 = DIRECTION ( 'NONE',  ( 0.000000000000000000, 1.000000000000000000, 0.000000000000000000 ) ) ;
#3652 = AXIS2_PLACEMENT_3D ( 'NONE', #3260, #3544, #4782 ) ;
#3653 = CIRCLE ( 'NONE', #1862, 3.100000000000022737 ) ;
#3654 = VERTEX_POINT ( 'NONE', #92 ) ;
#3655 = EDGE_CURVE ( 'NONE', #3467, #2655, #2829, .T. ) ;
#3656 = PLANE ( 'NONE',  #2762 ) ;
#3657 = AXIS2_PLACEMENT_3D ( 'NONE', #1044, #1401, #607 ) ;
#3658 = DIRECTION ( 'NONE',  ( 1.000000000000000000, 0.000000000000000000, 0.000000000000000000 ) ) ;
#3659 = ORIENTED_EDGE ( 'NONE', *, *, #3291, .T. ) ;
#3660 = DIRECTION ( 'NONE',  ( -0.000000000000000000, 0.000000000000000000, 1.000000000000000000 ) ) ;
#3661 = AXIS2_PLACEMENT_3D ( 'NONE', #2777, #3110, #785 ) ;
#3662 = DIRECTION ( 'NONE',  ( -0.000000000000000000, -0.000000000000000000, -1.000000000000000000 ) ) ;
#3663 = DIRECTION ( 'NONE',  ( -0.000000000000000000, -0.000000000000000000, -1.000000000000000000 ) ) ;
#3664 = CARTESIAN_POINT ( 'NONE',  ( 21.50000000000000000, 5.500000000000000000, 0.000000000000000000 ) ) ;
#3665 = VERTEX_POINT ( 'NONE', #4735 ) ;
#3666 = EDGE_CURVE ( 'NONE', #4622, #3035, #2399, .T. ) ;
#3667 = DIRECTION ( 'NONE',  ( -0.000000000000000000, -0.000000000000000000, 1.000000000000000000 ) ) ;
#3668 = ORIENTED_EDGE ( 'NONE', *, *, #2811, .F. ) ;
#3669 = LINE ( 'NONE', #3283, #2280 ) ;
#3670 = LINE ( 'NONE', #140, #4349 ) ;
#3671 = ORIENTED_EDGE ( 'NONE', *, *, #2587, .F. ) ;
#3672 = EDGE_CURVE ( 'NONE', #848, #4279, #176, .T. ) ;
#3673 = EDGE_LOOP ( 'NONE', ( #4325, #2992, #2237, #3075 ) ) ;
#3674 = LINE ( 'NONE', #1342, #65 ) ;
#3675 = EDGE_CURVE ( 'NONE', #1157, #37, #840, .T. ) ;
#3676 = DIRECTION ( 'NONE',  ( -0.000000000000000000, -0.000000000000000000, -1.000000000000000000 ) ) ;
#3677 = ORIENTED_EDGE ( 'NONE', *, *, #1554, .F. ) ;
#3678 = AXIS2_PLACEMENT_3D ( 'NONE', #2656, #4222, #2134 ) ;
#3679 = CARTESIAN_POINT ( 'NONE',  ( 7.999999999999998224, 12.00000000000000178, -57.50000000000000000 ) ) ;
#3680 = FACE_OUTER_BOUND ( 'NONE', #4953, .T. ) ;
#3681 = ADVANCED_FACE ( 'NONE', ( #1174 ), #3648, .F. ) ;
#3682 = VERTEX_POINT ( 'NONE', #3890 ) ;
#3683 = CARTESIAN_POINT ( 'NONE',  ( -1.899999999999990141, -72.50000000000000000, 0.000000000000000000 ) ) ;
#3684 = VECTOR ( 'NONE', #1603, 1000.000000000000000 ) ;
#3685 = CARTESIAN_POINT ( 'NONE',  ( 11.95229787438440461, -82.00035361115124033, 4.871302341380538081 ) ) ;
#3686 = CYLINDRICAL_SURFACE ( 'NONE', #4883, 13.00000000000003197 ) ;
#3687 = AXIS2_PLACEMENT_3D ( 'NONE', #2407, #4743, #4337 ) ;
#3688 = ADVANCED_FACE ( 'NONE', ( #3915 ), #403, .F. ) ;
#3689 = EDGE_LOOP ( 'NONE', ( #3418, #3148, #4754, #4981, #2072 ) ) ;
#3690 = VECTOR ( 'NONE', #3470, 1000.000000000000000 ) ;
#3691 = EDGE_CURVE ( 'NONE', #2844, #3581, #2964, .T. ) ;
#3692 = DIRECTION ( 'NONE',  ( 0.9608784769898125466, 0.000000000000000000, -0.2769703097043765827 ) ) ;
#3693 = LINE ( 'NONE', #1698, #3971 ) ;
#3694 = VERTEX_POINT ( 'NONE', #4475 ) ;
#3695 = COLOUR_RGB ( '',0.7921568627450980005, 0.8196078431372548767, 0.9333333333333333481 ) ;
#3696 = CYLINDRICAL_SURFACE ( 'NONE', #2685, 4.250000000000005329 ) ;
#3697 = B_SPLINE_CURVE_WITH_KNOTS ( 'NONE', 3,
 ( #4634, #377, #4963, #2686, #3505, #352, #1069, #1917, #1450, #3017, #4576, #1891, #2633, #767 ),
 .UNSPECIFIED., .F., .F.,
 ( 4, 2, 2, 2, 2, 2, 4 ),
 ( 0.000000000000000000, 0.0005892147576963011144, 0.0008838221365444490695, 0.001178429515392597025, 0.001473036894240744871, 0.001767644273088892935, 0.002356859030785188845 ),
 .UNSPECIFIED. ) ;
#3698 = CARTESIAN_POINT ( 'NONE',  ( 12.05939254447404707, -108.3000000000000398, 5.000000000000000000 ) ) ;
#3699 = DIRECTION ( 'NONE',  ( -1.000000000000000000, 0.000000000000000000, 0.000000000000000000 ) ) ;
#3700 = ORIENTED_EDGE ( 'NONE', *, *, #52, .T. ) ;
#3701 = EDGE_LOOP ( 'NONE', ( #2937, #2880, #4897, #4138 ) ) ;
#3702 = CARTESIAN_POINT ( 'NONE',  ( -6.600000000000022737, -72.50000000000000000, 5.000000000000000000 ) ) ;
#3703 = ADVANCED_FACE ( 'NONE', ( #4169 ), #4095, .F. ) ;
#3704 = FACE_OUTER_BOUND ( 'NONE', #121, .T. ) ;
#3705 = EDGE_CURVE ( 'NONE', #4378, #5022, #2589, .T. ) ;
#3706 = CARTESIAN_POINT ( 'NONE',  ( -9.899999999999993250, -78.00000000000001421, 5.000000000000000000 ) ) ;
#3707 = ORIENTED_EDGE ( 'NONE', *, *, #4299, .F. ) ;
#3708 = DIRECTION ( 'NONE',  ( -1.000000000000000000, 2.891205793294679312E-16, 0.000000000000000000 ) ) ;
#3709 = PLANE ( 'NONE',  #1605 ) ;
#3710 = ORIENTED_EDGE ( 'NONE', *, *, #83, .F. ) ;
#3711 = EDGE_CURVE ( 'NONE', #4640, #1628, #4380, .T. ) ;
#3712 = CYLINDRICAL_SURFACE ( 'NONE', #862, 2.249999999999998668 ) ;
#3713 = DIRECTION ( 'NONE',  ( -0.000000000000000000, 1.000000000000000000, -0.000000000000000000 ) ) ;
#3714 = FACE_BOUND ( 'NONE', #1853, .T. ) ;
#3715 = EDGE_LOOP ( 'NONE', ( #304, #4491, #4568, #4795 ) ) ;
#3716 = DIRECTION ( 'NONE',  ( 0.7071067811865475727, 0.7071067811865475727, 0.000000000000000000 ) ) ;
#3717 = ORIENTED_EDGE ( 'NONE', *, *, #1477, .T. ) ;
#3718 = CARTESIAN_POINT ( 'NONE',  ( 3.879751057680255411, 0.000000000000000000, 0.000000000000000000 ) ) ;
#3719 = CARTESIAN_POINT ( 'NONE',  ( 28.19999999999997087, 69.50000000000000000, 3.499999999999980016 ) ) ;
#3720 = ADVANCED_FACE ( 'NONE', ( #4998 ), #1484, .F. ) ;
#3721 = FACE_OUTER_BOUND ( 'NONE', #4364, .T. ) ;
#3722 = ORIENTED_EDGE ( 'NONE', *, *, #4071, .F. ) ;
#3723 = AXIS2_PLACEMENT_3D ( 'NONE', #1584, #306, #406 ) ;
#3724 = ORIENTED_EDGE ( 'NONE', *, *, #4357, .F. ) ;
#3725 = EDGE_LOOP ( 'NONE', ( #3998, #3070, #4504, #702 ) ) ;
#3726 = VECTOR ( 'NONE', #3913, 1000.000000000000000 ) ;
#3727 = CARTESIAN_POINT ( 'NONE',  ( -32.41141100645621975, -40.00000000000000000, 0.000000000000000000 ) ) ;
#3728 = CARTESIAN_POINT ( 'NONE',  ( 9.516832587739461502, -56.23846298120341913, 4.334827837874292378 ) ) ;
#3729 = CARTESIAN_POINT ( 'NONE',  ( -29.39780203086234778, -6.699999999999997513, 5.000000000000000000 ) ) ;
#3730 = DIRECTION ( 'NONE',  ( 0.000000000000000000, 0.000000000000000000, 1.000000000000000000 ) ) ;
#3731 = EDGE_CURVE ( 'NONE', #1110, #4130, #2670, .T. ) ;
#3732 = VECTOR ( 'NONE', #1540, 1000.000000000000000 ) ;
#3733 = CARTESIAN_POINT ( 'NONE',  ( 76.59999999999995168, 19.99999999999998579, 3.499999999999977796 ) ) ;
#3734 = EDGE_LOOP ( 'NONE', ( #1141, #3925, #3926, #4536 ) ) ;
#3735 = PLANE ( 'NONE',  #3657 ) ;
#3736 = VECTOR ( 'NONE', #1151, 1000.000000000000000 ) ;
#3737 = LINE ( 'NONE', #1686, #4392 ) ;
#3738 = ORIENTED_EDGE ( 'NONE', *, *, #1454, .F. ) ;
#3739 = CARTESIAN_POINT ( 'NONE',  ( 23.99999999999999289, -45.00000000000000711, 15.00000000000000000 ) ) ;
#3740 = CIRCLE ( 'NONE', #3088, 1.600000000000012967 ) ;
#3741 = CONICAL_SURFACE ( 'NONE', #1612, 1.600000000000004086, 0.7853981633974463916 ) ;
#3742 = CARTESIAN_POINT ( 'NONE',  ( 10.32988139361452262, -29.48635277547910505, 6.439198102782434319 ) ) ;
#3743 = CARTESIAN_POINT ( 'NONE',  ( -27.66829088000282511, 0.3000000000000025424, 9.439414909974713552 ) ) ;
#3744 = VERTEX_POINT ( 'NONE', #749 ) ;
#3745 = CARTESIAN_POINT ( 'NONE',  ( 22.41528496361299005, -11.80868324581541451, -5.000000000000000000 ) ) ;
#3746 = ORIENTED_EDGE ( 'NONE', *, *, #4745, .T. ) ;
#3747 = ADVANCED_FACE ( 'NONE', ( #3873 ), #358, .F. ) ;
#3748 = CIRCLE ( 'NONE', #1048, 3.000216807192278345 ) ;
#3749 = LINE ( 'NONE', #1460, #4659 ) ;
#3750 = CARTESIAN_POINT ( 'NONE',  ( 57.54524016223554383, 48.10031452814064323, 7.753689691212944268 ) ) ;
#3751 = DIRECTION ( 'NONE',  ( -1.000000000000000000, -0.000000000000000000, -0.000000000000000000 ) ) ;
#3752 = EDGE_LOOP ( 'NONE', ( #152, #3126, #2156, #2853, #4267, #4870 ) ) ;
#3753 = CIRCLE ( 'NONE', #2931, 17.79999999999999716 ) ;
#3754 = EDGE_LOOP ( 'NONE', ( #4584, #3540, #4355, #1595 ) ) ;
#3755 = VERTEX_POINT ( 'NONE', #4283 ) ;
#3756 = LINE ( 'NONE', #1804, #3250 ) ;
#3757 = CARTESIAN_POINT ( 'NONE',  ( -27.38875556251408483, -40.00000000000000000, 5.000000000000000000 ) ) ;
#3758 = CARTESIAN_POINT ( 'NONE',  ( 0.000000000000000000, 0.000000000000000000, 5.000000000000000000 ) ) ;
#3759 = CARTESIAN_POINT ( 'NONE',  ( 26.50000000000000000, -5.500000000000000000, 5.000000000000000000 ) ) ;
#3760 = VERTEX_POINT ( 'NONE', #2637 ) ;
#3761 = ADVANCED_FACE ( 'NONE', ( #4016 ), #1684, .F. ) ;
#3762 = DIRECTION ( 'NONE',  ( -1.000000000000000000, 0.000000000000000000, 0.000000000000000000 ) ) ;
#3763 = CARTESIAN_POINT ( 'NONE',  ( -25.93877972914330243, -46.69999999999999574, 5.000000000000000000 ) ) ;
#3764 = ORIENTED_EDGE ( 'NONE', *, *, #2011, .T. ) ;
#3765 = DIRECTION ( 'NONE',  ( 1.000000000000000000, 0.000000000000000000, 0.000000000000000000 ) ) ;
#3766 = CARTESIAN_POINT ( 'NONE',  ( -32.41141100645621975, 37.00000000000000000, 5.000000000000000000 ) ) ;
#3767 = DIRECTION ( 'NONE',  ( 1.000000000000000000, 0.000000000000000000, 7.709882115452480139E-16 ) ) ;
#3768 = B_SPLINE_CURVE_WITH_KNOTS ( 'NONE', 3,
 ( #2718, #4717, #3195, #456, #1634, #3924 ),
 .UNSPECIFIED., .F., .F.,
 ( 4, 2, 4 ),
 ( 1.226634733346699349E-18, 0.003840129494366422216, 0.007680258988732842698 ),
 .UNSPECIFIED. ) ;
#3769 = EDGE_CURVE ( 'NONE', #761, #3467, #110, .T. ) ;
#3770 = ORIENTED_EDGE ( 'NONE', *, *, #3878, .T. ) ;
#3771 = AXIS2_PLACEMENT_3D ( 'NONE', #1199, #570, #97 ) ;
#3772 = ADVANCED_FACE ( 'NONE', ( #4363 ), #1333, .F. ) ;
#3773 = CARTESIAN_POINT ( 'NONE',  ( 14.23761543394930484, -19.48635277547909084, 0.000000000000000000 ) ) ;
#3774 = EDGE_CURVE ( 'NONE', #4390, #4879, #2424, .T. ) ;
#3775 = CIRCLE ( 'NONE', #3687, 2.249999999999998668 ) ;
#3776 = CARTESIAN_POINT ( 'NONE',  ( 59.45156584438922920, -45.72239364659655081, 11.24927979776649067 ) ) ;
#3777 = VECTOR ( 'NONE', #4056, 1000.000000000000000 ) ;
#3778 = DIRECTION ( 'NONE',  ( 1.000000000000000000, -0.000000000000000000, -0.000000000000000000 ) ) ;
#3779 = DIRECTION ( 'NONE',  ( -0.000000000000000000, -0.000000000000000000, -1.000000000000000000 ) ) ;
#3780 = EDGE_CURVE ( 'NONE', #2979, #4741, #4752, .T. ) ;
#3781 = ORIENTED_EDGE ( 'NONE', *, *, #2451, .T. ) ;
#3782 = VECTOR ( 'NONE', #3663, 1000.000000000000000 ) ;
#3783 = VERTEX_POINT ( 'NONE', #2107 ) ;
#3784 = ORIENTED_EDGE ( 'NONE', *, *, #3023, .F. ) ;
#3785 = DIRECTION ( 'NONE',  ( 1.000000000000000000, 0.000000000000000000, 0.000000000000000000 ) ) ;
#3786 = DIRECTION ( 'NONE',  ( -0.000000000000000000, -0.000000000000000000, 1.000000000000000000 ) ) ;
#3787 = CARTESIAN_POINT ( 'NONE',  ( -24.41141100645622330, 81.94103375399816969, 5.000000000000000000 ) ) ;
#3788 = DIRECTION ( 'NONE',  ( -1.000000000000000000, 0.000000000000000000, 0.000000000000000000 ) ) ;
#3789 = ORIENTED_EDGE ( 'NONE', *, *, #2962, .T. ) ;
#3790 = CARTESIAN_POINT ( 'NONE',  ( 64.99999999999998579, -45.00000000000000000, -5.000000000000000000 ) ) ;
#3791 = LINE ( 'NONE', #2990, #2834 ) ;
#3792 = ORIENTED_EDGE ( 'NONE', *, *, #4441, .T. ) ;
#3793 = CARTESIAN_POINT ( 'NONE',  ( -3.723637616690846919, 11.99999999999998757, 0.000000000000000000 ) ) ;
#3794 = DIRECTION ( 'NONE',  ( 1.000000000000000000, 9.745637505487682231E-17, 0.000000000000000000 ) ) ;
#3795 = CARTESIAN_POINT ( 'NONE',  ( -26.00000000000000000, -12.00000000000000178, 0.000000000000000000 ) ) ;
#3796 = VERTEX_POINT ( 'NONE', #565 ) ;
#3797 = CARTESIAN_POINT ( 'NONE',  ( -9.250000000000031974, 79.50000000000001421, 5.000000000000000000 ) ) ;
#3798 = CARTESIAN_POINT ( 'NONE',  ( 0.000000000000000000, 0.000000000000000000, 0.000000000000000000 ) ) ;
#3799 = CARTESIAN_POINT ( 'NONE',  ( 54.52761339717851286, -51.49642090020198282, 5.629411124069424233 ) ) ;
#3800 = SURFACE_STYLE_FILL_AREA ( #4209 ) ;
#3801 = DIRECTION ( 'NONE',  ( 0.000000000000000000, 0.000000000000000000, 1.000000000000000000 ) ) ;
#3802 = ORIENTED_EDGE ( 'NONE', *, *, #3932, .T. ) ;
#3803 = ORIENTED_EDGE ( 'NONE', *, *, #2696, .F. ) ;
#3804 = ORIENTED_EDGE ( 'NONE', *, *, #4446, .T. ) ;
#3805 = CARTESIAN_POINT ( 'NONE',  ( 21.50000000000000000, -5.500000000000000000, 0.000000000000000000 ) ) ;
#3806 = VECTOR ( 'NONE', #1738, 1000.000000000000114 ) ;
#3807 = DIRECTION ( 'NONE',  ( 1.156482317317871133E-15, 1.000000000000000000, 0.000000000000000000 ) ) ;
#3808 = EDGE_CURVE ( 'NONE', #3796, #2581, #4028, .T. ) ;
#3809 = CIRCLE ( 'NONE', #701, 2.999999999999999112 ) ;
#3810 = DIRECTION ( 'NONE',  ( 0.000000000000000000, 0.000000000000000000, 1.000000000000000000 ) ) ;
#3811 = EDGE_LOOP ( 'NONE', ( #1167, #3248, #264, #4043 ) ) ;
#3812 = CARTESIAN_POINT ( 'NONE',  ( 28.19999999999999929, -69.50000000000000000, 3.499999999999980016 ) ) ;
#3813 = DIRECTION ( 'NONE',  ( -0.000000000000000000, 0.000000000000000000, 1.000000000000000000 ) ) ;
#3814 = ORIENTED_EDGE ( 'NONE', *, *, #2173, .T. ) ;
#3815 = CARTESIAN_POINT ( 'NONE',  ( -4.232727420501607440, 75.31565308977576478, 0.1869948116800380089 ) ) ;
#3816 = CIRCLE ( 'NONE', #1604, 13.00000000000003197 ) ;
#3817 = VECTOR ( 'NONE', #4989, 1000.000000000000000 ) ;
#3818 = DIRECTION ( 'NONE',  ( -0.000000000000000000, 0.000000000000000000, 1.000000000000000000 ) ) ;
#3819 = CARTESIAN_POINT ( 'NONE',  ( 15.00000000000000000, -11.99999999999999645, -57.50000000000000000 ) ) ;
#3820 = VERTEX_POINT ( 'NONE', #2415 ) ;
#3821 = CIRCLE ( 'NONE', #1364, 2.249999999999998668 ) ;
#3822 = LINE ( 'NONE', #4924, #2009 ) ;
#3823 = CIRCLE ( 'NONE', #3411, 3.000216807192278345 ) ;
#3824 = VECTOR ( 'NONE', #921, 1000.000000000000000 ) ;
#3825 = CARTESIAN_POINT ( 'NONE',  ( 60.00000000000002132, -45.00000000000000711, 14.21373559069956372 ) ) ;
#3826 = EDGE_CURVE ( 'NONE', #148, #4907, #793, .T. ) ;
#3827 = DIRECTION ( 'NONE',  ( -0.000000000000000000, -0.000000000000000000, -1.000000000000000000 ) ) ;
#3828 = CARTESIAN_POINT ( 'NONE',  ( -26.00000000000000000, -2.700000000000000178, 5.000000000000000000 ) ) ;
#3829 = ORIENTED_EDGE ( 'NONE', *, *, #3078, .T. ) ;
#3830 = AXIS2_PLACEMENT_3D ( 'NONE', #2284, #1899, #3629 ) ;
#3831 = VECTOR ( 'NONE', #3591, 1000.000000000000000 ) ;
#3832 = EDGE_LOOP ( 'NONE', ( #733, #458, #3833, #2814 ) ) ;
#3833 = ORIENTED_EDGE ( 'NONE', *, *, #4965, .F. ) ;
#3834 = CYLINDRICAL_SURFACE ( 'NONE', #2438, 1.600000000000012967 ) ;
#3835 = CARTESIAN_POINT ( 'NONE',  ( -24.00000000000000000, -6.699999999999997513, 5.000000000000000000 ) ) ;
#3836 = AXIS2_PLACEMENT_3D ( 'NONE', #4086, #4857, #950 ) ;
#3837 = CARTESIAN_POINT ( 'NONE',  ( -27.38875556251408483, -40.00000000000000000, 4.206630073297899841 ) ) ;
#3838 = EDGE_CURVE ( 'NONE', #4843, #4027, #3403, .T. ) ;
#3839 = CARTESIAN_POINT ( 'NONE',  ( 0.000000000000000000, 0.000000000000000000, 15.00000000000000000 ) ) ;
#3840 = VERTEX_POINT ( 'NONE', #1696 ) ;
#3841 = DIRECTION ( 'NONE',  ( -1.156482317317871133E-15, -1.000000000000000000, -0.000000000000000000 ) ) ;
#3842 = DIRECTION ( 'NONE',  ( -1.000000000000000000, 0.000000000000000000, 0.000000000000000000 ) ) ;
#3843 = EDGE_CURVE ( 'NONE', #732, #826, #3254, .T. ) ;
#3844 = EDGE_CURVE ( 'NONE', #2441, #4624, #3901, .T. ) ;
#3845 = ORIENTED_EDGE ( 'NONE', *, *, #3078, .F. ) ;
#3846 = CARTESIAN_POINT ( 'NONE',  ( -13.00000000000002665, 78.00000000000001421, 3.499999999999994671 ) ) ;
#3847 = ORIENTED_EDGE ( 'NONE', *, *, #1393, .F. ) ;
#3848 = DIRECTION ( 'NONE',  ( 0.000000000000000000, 0.000000000000000000, 1.000000000000000000 ) ) ;
#3849 = CARTESIAN_POINT ( 'NONE',  ( 63.46290687492893312, 39.96828635861702850, 5.714728346010446991 ) ) ;
#3850 = ORIENTED_EDGE ( 'NONE', *, *, #1630, .F. ) ;
#3851 = DIRECTION ( 'NONE',  ( -0.3254435404744063232, 0.000000000000000000, 0.9455614744496960711 ) ) ;
#3852 = DIRECTION ( 'NONE',  ( -0.000000000000000000, -0.000000000000000000, -1.000000000000000000 ) ) ;
#3853 = DIRECTION ( 'NONE',  ( 1.000000000000000000, 0.000000000000000000, 0.000000000000000000 ) ) ;
#3854 = DIRECTION ( 'NONE',  ( 0.000000000000000000, 0.000000000000000000, 1.000000000000000000 ) ) ;
#3855 = VECTOR ( 'NONE', #3801, 1000.000000000000000 ) ;
#3856 = ORIENTED_EDGE ( 'NONE', *, *, #427, .F. ) ;
#3857 = ORIENTED_EDGE ( 'NONE', *, *, #4247, .F. ) ;
#3858 = ORIENTED_EDGE ( 'NONE', *, *, #1930, .T. ) ;
#3859 = CYLINDRICAL_SURFACE ( 'NONE', #1536, 75.00000000000001421 ) ;
#3860 = CARTESIAN_POINT ( 'NONE',  ( 8.600370242754996397, -56.45238996805944964, 5.000000000000000000 ) ) ;
#3861 = FACE_OUTER_BOUND ( 'NONE', #4165, .T. ) ;
#3862 = DIRECTION ( 'NONE',  ( 0.000000000000000000, 0.000000000000000000, 1.000000000000000000 ) ) ;
#3863 = CIRCLE ( 'NONE', #1163, 1.600000000000004086 ) ;
#3864 = CONICAL_SURFACE ( 'NONE', #1648, 1.600000000000019851, 0.7853981633974458365 ) ;
#3865 = DIRECTION ( 'NONE',  ( 0.000000000000000000, 0.000000000000000000, 1.000000000000000000 ) ) ;
#3866 = ORIENTED_EDGE ( 'NONE', *, *, #4739, .F. ) ;
#3867 = ADVANCED_FACE ( 'NONE', ( #4854 ), #2876, .F. ) ;
#3868 = CARTESIAN_POINT ( 'NONE',  ( -32.41141100645621975, -37.00000000000000000, 0.000000000000000000 ) ) ;
#3869 = LINE ( 'NONE', #4637, #1441 ) ;
#3870 = ADVANCED_FACE ( 'NONE', ( #2515 ), #4438, .F. ) ;
#3871 = CARTESIAN_POINT ( 'NONE',  ( -5.939780906057338328, 75.35166254679877795, 0.1006813459383172071 ) ) ;
#3872 = ORIENTED_EDGE ( 'NONE', *, *, #2811, .T. ) ;
#3873 = FACE_OUTER_BOUND ( 'NONE', #1533, .T. ) ;
#3874 = CARTESIAN_POINT ( 'NONE',  ( 0.000000000000000000, 0.000000000000000000, 10.00000000000000000 ) ) ;
#3875 = LINE ( 'NONE', #4204, #59 ) ;
#3876 = ADVANCED_FACE ( 'NONE', ( #2059 ), #3977, .F. ) ;
#3877 = EDGE_LOOP ( 'NONE', ( #1694, #3933, #4544, #4347 ) ) ;
#3878 = EDGE_CURVE ( 'NONE', #4741, #1274, #4388, .T. ) ;
#3879 = FACE_BOUND ( 'NONE', #3907, .T. ) ;
#3880 = DIRECTION ( 'NONE',  ( 1.000000000000000000, 0.000000000000000000, -0.000000000000000000 ) ) ;
#3881 = VERTEX_POINT ( 'NONE', #491 ) ;
#3882 = VERTEX_POINT ( 'NONE', #2080 ) ;
#3883 = EDGE_LOOP ( 'NONE', ( #1624, #4728 ) ) ;
#3884 = EDGE_CURVE ( 'NONE', #4130, #4765, #4777, .T. ) ;
#3885 = CARTESIAN_POINT ( 'NONE',  ( 4.146862743635832516, 19.48635277547910150, 5.000000000000000888 ) ) ;
#3886 = CARTESIAN_POINT ( 'NONE',  ( 23.99999999999997868, -55.00000000000000711, 5.000000000000000000 ) ) ;
#3887 = CARTESIAN_POINT ( 'NONE',  ( 21.50000000000000000, -8.500000000000000000, 5.000000000000000000 ) ) ;
#3888 = DIRECTION ( 'NONE',  ( 1.000000000000000000, -0.000000000000000000, 0.000000000000000000 ) ) ;
#3889 = ORIENTED_EDGE ( 'NONE', *, *, #394, .T. ) ;
#3890 = CARTESIAN_POINT ( 'NONE',  ( 24.99999999999998579, 69.00000000000000000, 5.000000000000000000 ) ) ;
#3891 = CARTESIAN_POINT ( 'NONE',  ( -24.41141100645622330, 79.67309130887670676, 5.000000000000000000 ) ) ;
#3892 = CARTESIAN_POINT ( 'NONE',  ( 19.94041122946007505, -28.42569260369927520, 0.000000000000000000 ) ) ;
#3893 = CARTESIAN_POINT ( 'NONE',  ( -5.196490265589197577, 75.25343447218324400, 0.3412197866844841609 ) ) ;
#3894 = ORIENTED_EDGE ( 'NONE', *, *, #1539, .F. ) ;
#3895 = CONICAL_SURFACE ( 'NONE', #2167, 3.100000000000019185, 0.7853981633974501664 ) ;
#3896 = VECTOR ( 'NONE', #3676, 1000.000000000000000 ) ;
#3897 = DIRECTION ( 'NONE',  ( 0.000000000000000000, -0.000000000000000000, 1.000000000000000000 ) ) ;
#3898 = DIRECTION ( 'NONE',  ( 1.000000000000000000, 0.000000000000000000, 0.000000000000000000 ) ) ;
#3899 = VERTEX_POINT ( 'NONE', #2444 ) ;
#3900 = VERTEX_POINT ( 'NONE', #1667 ) ;
#3901 = CIRCLE ( 'NONE', #1601, 1.600000000000012967 ) ;
#3902 = CARTESIAN_POINT ( 'NONE',  ( 22.41528496361299005, 11.80868324581541451, 0.000000000000000000 ) ) ;
#3903 = DIRECTION ( 'NONE',  ( 0.000000000000000000, -0.000000000000000000, -1.000000000000000000 ) ) ;
#3904 = AXIS2_PLACEMENT_3D ( 'NONE', #2507, #4503, #2145 ) ;
#3905 = EDGE_CURVE ( 'NONE', #3760, #319, #2905, .T. ) ;
#3906 = VECTOR ( 'NONE', #3458, 999.9999999999998863 ) ;
#3907 = EDGE_LOOP ( 'NONE', ( #2641, #520 ) ) ;
#3908 = ORIENTED_EDGE ( 'NONE', *, *, #4763, .F. ) ;
#3909 = DIRECTION ( 'NONE',  ( -1.000000000000000000, 0.000000000000000000, 0.000000000000000000 ) ) ;
#3910 = VECTOR ( 'NONE', #4766, 1000.000000000000000 ) ;
#3911 = DIRECTION ( 'NONE',  ( -1.000000000000000000, 0.000000000000000000, 0.000000000000000000 ) ) ;
#3912 = ADVANCED_FACE ( 'NONE', ( #925 ), #1433, .F. ) ;
#3913 = DIRECTION ( 'NONE',  ( -0.000000000000000000, -1.000000000000000000, -0.000000000000000000 ) ) ;
#3914 = ORIENTED_EDGE ( 'NONE', *, *, #194, .T. ) ;
#3915 = FACE_OUTER_BOUND ( 'NONE', #1375, .T. ) ;
#3916 = AXIS2_PLACEMENT_3D ( 'NONE', #4345, #2348, #398 ) ;
#3917 = CARTESIAN_POINT ( 'NONE',  ( 10.64603561246317298, -56.06647983993757123, 4.187557355676528204 ) ) ;
#3918 = EDGE_CURVE ( 'NONE', #2256, #4954, #4181, .T. ) ;
#3919 = DIRECTION ( 'NONE',  ( 0.000000000000000000, 1.000000000000000000, 0.000000000000000000 ) ) ;
#3920 = ADVANCED_FACE ( 'NONE', ( #673 ), #3329, .F. ) ;
#3921 = FACE_OUTER_BOUND ( 'NONE', #1960, .T. ) ;
#3922 = VERTEX_POINT ( 'NONE', #646 ) ;
#3923 = DIRECTION ( 'NONE',  ( 0.000000000000000000, 0.000000000000000000, 1.000000000000000000 ) ) ;
#3924 = CARTESIAN_POINT ( 'NONE',  ( -5.551115123125782702E-14, -64.00000000000000000, 1.642916943637998894 ) ) ;
#3925 = ORIENTED_EDGE ( 'NONE', *, *, #2622, .F. ) ;
#3926 = ORIENTED_EDGE ( 'NONE', *, *, #954, .F. ) ;
#3927 = LINE ( 'NONE', #2694, #2260 ) ;
#3928 = EDGE_CURVE ( 'NONE', #761, #1741, #282, .T. ) ;
#3929 = DIRECTION ( 'NONE',  ( 0.000000000000000000, 0.000000000000000000, 1.000000000000000000 ) ) ;
#3930 = DIRECTION ( 'NONE',  ( 0.000000000000000000, 0.000000000000000000, -1.000000000000000000 ) ) ;
#3931 = ORIENTED_EDGE ( 'NONE', *, *, #4944, .T. ) ;
#3932 = EDGE_CURVE ( 'NONE', #1313, #1556, #592, .T. ) ;
#3933 = ORIENTED_EDGE ( 'NONE', *, *, #602, .T. ) ;
#3934 = ORIENTED_EDGE ( 'NONE', *, *, #4783, .F. ) ;
#3935 = AXIS2_PLACEMENT_3D ( 'NONE', #3584, #2412, #1283 ) ;
#3936 = EDGE_CURVE ( 'NONE', #3796, #493, #2946, .T. ) ;
#3937 = LINE ( 'NONE', #734, #4562 ) ;
#3938 = FACE_OUTER_BOUND ( 'NONE', #162, .T. ) ;
#3939 = AXIS2_PLACEMENT_3D ( 'NONE', #3097, #3044, #4664 ) ;
#3940 = ORIENTED_EDGE ( 'NONE', *, *, #4247, .T. ) ;
#3941 = CARTESIAN_POINT ( 'NONE',  ( 71.89999999999992042, 19.99999999999998579, 5.000000000000000000 ) ) ;
#3942 = CONICAL_SURFACE ( 'NONE', #1318, 1.600000000000004086, 0.7853981633974476129 ) ;
#3943 = LINE ( 'NONE', #2071, #3310 ) ;
#3944 = VECTOR ( 'NONE', #817, 1000.000000000000000 ) ;
#3945 = ORIENTED_EDGE ( 'NONE', *, *, #917, .T. ) ;
#3946 = CARTESIAN_POINT ( 'NONE',  ( 8.000000000000000000, 1.699999999999999956, 5.000000000000000000 ) ) ;
#3947 = CARTESIAN_POINT ( 'NONE',  ( 21.50000000000000000, 8.500000000000000000, 5.000000000000000000 ) ) ;
#3948 = EDGE_LOOP ( 'NONE', ( #3738, #155, #4575, #1907 ) ) ;
#3949 = ORIENTED_EDGE ( 'NONE', *, *, #1262, .T. ) ;
#3950 = DIRECTION ( 'NONE',  ( 0.000000000000000000, 0.000000000000000000, 1.000000000000000000 ) ) ;
#3951 = DIRECTION ( 'NONE',  ( -0.000000000000000000, -1.000000000000000000, -0.000000000000000000 ) ) ;
#3952 = DIRECTION ( 'NONE',  ( -0.000000000000000000, -0.000000000000000000, -1.000000000000000000 ) ) ;
#3953 = CARTESIAN_POINT ( 'NONE',  ( 61.89999999999997016, 45.00000000000000000, 0.000000000000000000 ) ) ;
#3954 = VERTEX_POINT ( 'NONE', #2230 ) ;
#3955 = ORIENTED_EDGE ( 'NONE', *, *, #194, .F. ) ;
#3956 = VERTEX_POINT ( 'NONE', #3027 ) ;
#3957 = DIRECTION ( 'NONE',  ( -0.000000000000000000, -0.000000000000000000, -1.000000000000000000 ) ) ;
#3958 = DIRECTION ( 'NONE',  ( 0.000000000000000000, 0.000000000000000000, 1.000000000000000000 ) ) ;
#3959 = LINE ( 'NONE', #472, #2758 ) ;
#3960 = ORIENTED_EDGE ( 'NONE', *, *, #2640, .F. ) ;
#3961 = DIRECTION ( 'NONE',  ( -0.7071067811865472397, 0.7071067811865479058, 0.000000000000000000 ) ) ;
#3962 = DIRECTION ( 'NONE',  ( 0.3254435404744063232, 4.234159123244705420E-17, -0.9455614744496960711 ) ) ;
#3963 = B_SPLINE_CURVE_WITH_KNOTS ( 'NONE', 3,
 ( #755, #33, #1875, #1952, #3514, #388 ),
 .UNSPECIFIED., .F., .F.,
 ( 4, 2, 4 ),
 ( 7.996083616288474460E-19, 0.003838511645268820761, 0.007677023290537640654 ),
 .UNSPECIFIED. ) ;
#3964 = ORIENTED_EDGE ( 'NONE', *, *, #3343, .F. ) ;
#3965 = DIRECTION ( 'NONE',  ( -0.000000000000000000, -0.000000000000000000, -1.000000000000000000 ) ) ;
#3966 = CARTESIAN_POINT ( 'NONE',  ( 24.99999999999998579, 69.00000000000000000, 0.000000000000000000 ) ) ;
#3967 = VERTEX_POINT ( 'NONE', #3797 ) ;
#3968 = VERTEX_POINT ( 'NONE', #3773 ) ;
#3969 = CYLINDRICAL_SURFACE ( 'NONE', #3067, 13.00000000000003197 ) ;
#3970 = CIRCLE ( 'NONE', #4630, 17.79999999999999716 ) ;
#3971 = VECTOR ( 'NONE', #2445, 1000.000000000000000 ) ;
#3972 = VECTOR ( 'NONE', #926, 1000.000000000000114 ) ;
#3973 = DIRECTION ( 'NONE',  ( 0.000000000000000000, 0.000000000000000000, 1.000000000000000000 ) ) ;
#3974 = PLANE ( 'NONE',  #3531 ) ;
#3975 = ORIENTED_EDGE ( 'NONE', *, *, #4839, .F. ) ;
#3976 = VECTOR ( 'NONE', #694, 1000.000000000000000 ) ;
#3977 = PLANE ( 'NONE',  #3313 ) ;
#3978 = ORIENTED_EDGE ( 'NONE', *, *, #3128, .F. ) ;
#3979 = ORIENTED_EDGE ( 'NONE', *, *, #3456, .F. ) ;
#3980 = EDGE_CURVE ( 'NONE', #397, #4708, #2994, .T. ) ;
#3981 = DIRECTION ( 'NONE',  ( -1.000000000000000000, 0.000000000000000000, 0.000000000000000000 ) ) ;
#3982 = AXIS2_PLACEMENT_3D ( 'NONE', #4890, #4864, #1786 ) ;
#3983 = LINE ( 'NONE', #1652, #548 ) ;
#3984 = CIRCLE ( 'NONE', #877, 17.79999999999999716 ) ;
#3985 = ORIENTED_EDGE ( 'NONE', *, *, #4763, .T. ) ;
#3986 = AXIS2_PLACEMENT_3D ( 'NONE', #2201, #1816, #3794 ) ;
#3987 = DIRECTION ( 'NONE',  ( 1.000000000000000000, 0.000000000000000000, 0.000000000000000000 ) ) ;
#3988 = EDGE_CURVE ( 'NONE', #484, #3628, #259, .T. ) ;
#3989 = CARTESIAN_POINT ( 'NONE',  ( 0.000000000000000000, 64.00000000000000000, 0.000000000000000000 ) ) ;
#3990 = EDGE_CURVE ( 'NONE', #963, #3882, #297, .T. ) ;
#3991 = PRODUCT_DEFINITION_CONTEXT ( 'detailed design', #2794, 'design' ) ;
#3992 = VECTOR ( 'NONE', #2005, 1000.000000000000000 ) ;
#3993 = FACE_OUTER_BOUND ( 'NONE', #563, .T. ) ;
#3994 = ORIENTED_EDGE ( 'NONE', *, *, #2854, .T. ) ;
#3995 = CARTESIAN_POINT ( 'NONE',  ( 0.000000000000000000, 0.000000000000000000, 5.000000000000000000 ) ) ;
#3996 = CYLINDRICAL_SURFACE ( 'NONE', #2542, 4.250000000000005329 ) ;
#3997 = EDGE_CURVE ( 'NONE', #3968, #3407, #3409, .T. ) ;
#3998 = ORIENTED_EDGE ( 'NONE', *, *, #4520, .F. ) ;
#3999 = DIRECTION ( 'NONE',  ( -1.000000000000000000, 1.027984282060330356E-15, 0.000000000000000000 ) ) ;
#4000 = DIRECTION ( 'NONE',  ( 1.000000000000000000, 0.000000000000000000, 0.000000000000000000 ) ) ;
#4001 = FACE_OUTER_BOUND ( 'NONE', #3673, .T. ) ;
#4002 = ORIENTED_EDGE ( 'NONE', *, *, #188, .T. ) ;
#4003 = CARTESIAN_POINT ( 'NONE',  ( -27.41141100645621620, 43.00000000000000000, 0.000000000000000000 ) ) ;
#4004 = DIRECTION ( 'NONE',  ( 1.000000000000000000, 0.000000000000000000, 0.000000000000000000 ) ) ;
#4005 = ORIENTED_EDGE ( 'NONE', *, *, #4145, .T. ) ;
#4006 = ORIENTED_EDGE ( 'NONE', *, *, #550, .T. ) ;
#4007 = CARTESIAN_POINT ( 'NONE',  ( 12.05939254447404707, -108.3000000000000398, 5.000000000000000000 ) ) ;
#4008 = PLANE ( 'NONE',  #3602 ) ;
#4009 = DIRECTION ( 'NONE',  ( 0.000000000000000000, 0.000000000000000000, 1.000000000000000000 ) ) ;
#4010 = VERTEX_POINT ( 'NONE', #4949 ) ;
#4011 = DIRECTION ( 'NONE',  ( -1.000000000000000000, 0.000000000000000000, 0.000000000000000000 ) ) ;
#4012 = LINE ( 'NONE', #2376, #2705 ) ;
#4013 = VECTOR ( 'NONE', #1363, 1000.000000000000000 ) ;
#4014 = DIRECTION ( 'NONE',  ( 1.000000000000000000, 1.027984282060330356E-15, 0.000000000000000000 ) ) ;
#4015 = ORIENTED_EDGE ( 'NONE', *, *, #2333, .T. ) ;
#4016 = FACE_OUTER_BOUND ( 'NONE', #529, .T. ) ;
#4017 = FACE_OUTER_BOUND ( 'NONE', #3734, .T. ) ;
#4018 = EDGE_CURVE ( 'NONE', #1550, #1501, #2594, .T. ) ;
#4019 = ORIENTED_EDGE ( 'NONE', *, *, #4593, .F. ) ;
#4020 = VECTOR ( 'NONE', #1394, 1000.000000000000000 ) ;
#4021 = VERTEX_POINT ( 'NONE', #2539 ) ;
#4022 = VECTOR ( 'NONE', #763, 1000.000000000000000 ) ;
#4023 = CARTESIAN_POINT ( 'NONE',  ( -13.00000000000002665, 78.00000000000001421, 3.499999999999994671 ) ) ;
#4024 = ADVANCED_FACE ( 'NONE', ( #1079 ), #1357, .T. ) ;
#4025 = DIRECTION ( 'NONE',  ( -0.000000000000000000, -1.000000000000000000, -0.000000000000000000 ) ) ;
#4026 = EDGE_CURVE ( 'NONE', #4550, #3641, #3822, .T. ) ;
#4027 = VERTEX_POINT ( 'NONE', #2257 ) ;
#4028 = LINE ( 'NONE', #4051, #2097 ) ;
#4029 = DIRECTION ( 'NONE',  ( 0.000000000000000000, 0.000000000000000000, 1.000000000000000000 ) ) ;
#4030 = ORIENTED_EDGE ( 'NONE', *, *, #1372, .F. ) ;
#4031 = ORIENTED_EDGE ( 'NONE', *, *, #4182, .T. ) ;
#4032 = DIRECTION ( 'NONE',  ( -0.000000000000000000, -0.000000000000000000, 1.000000000000000000 ) ) ;
#4033 = LINE ( 'NONE', #3231, #1478 ) ;
#4034 = CARTESIAN_POINT ( 'NONE',  ( 12.05939254447404707, -84.64526597192711677, 5.000000000000000000 ) ) ;
#4035 = EDGE_CURVE ( 'NONE', #1367, #978, #1742, .T. ) ;
#4036 = EDGE_CURVE ( 'NONE', #4084, #3309, #2668, .T. ) ;
#4037 = ORIENTED_EDGE ( 'NONE', *, *, #4815, .T. ) ;
#4038 = DIRECTION ( 'NONE',  ( -1.000000000000000000, 0.000000000000000000, -0.000000000000000000 ) ) ;
#4039 = CARTESIAN_POINT ( 'NONE',  ( -27.66829088000282511, -2.700000000000000178, 4.839198102782433786 ) ) ;
#4040 = ORIENTED_EDGE ( 'NONE', *, *, #2091, .T. ) ;
#4041 = DIRECTION ( 'NONE',  ( 0.000000000000000000, 0.000000000000000000, -1.000000000000000000 ) ) ;
#4042 = DIRECTION ( 'NONE',  ( -1.000000000000000000, 0.000000000000000000, 0.000000000000000000 ) ) ;
#4043 = ORIENTED_EDGE ( 'NONE', *, *, #1294, .F. ) ;
#4044 = CARTESIAN_POINT ( 'NONE',  ( 23.99999999999999289, -45.00000000000000711, 15.00000000000000000 ) ) ;
#4045 = AXIS2_PLACEMENT_3D ( 'NONE', #2793, #2870, #4850 ) ;
#4046 = CARTESIAN_POINT ( 'NONE',  ( -25.93877972914330243, -46.69999999999999574, 5.000000000000000000 ) ) ;
#4047 = FACE_BOUND ( 'NONE', #1787, .T. ) ;
#4048 = EDGE_CURVE ( 'NONE', #4654, #1869, #4108, .T. ) ;
#4049 = ORIENTED_EDGE ( 'NONE', *, *, #2340, .T. ) ;
#4050 = VECTOR ( 'NONE', #940, 1000.000000000000000 ) ;
#4051 = CARTESIAN_POINT ( 'NONE',  ( -31.00000000000000000, -1.700000000000003730, -57.50000000000000000 ) ) ;
#4052 = VECTOR ( 'NONE', #543, 1000.000000000000000 ) ;
#4053 = CARTESIAN_POINT ( 'NONE',  ( -22.16652849206005271, -82.57660089038958517, 5.000000000000000000 ) ) ;
#4054 = ORIENTED_EDGE ( 'NONE', *, *, #5057, .T. ) ;
#4055 = CARTESIAN_POINT ( 'NONE',  ( 15.00000000000000000, 6.700000000000001066, 5.000000000000000000 ) ) ;
#4056 = DIRECTION ( 'NONE',  ( -0.000000000000000000, -1.000000000000000000, -0.000000000000000000 ) ) ;
#4057 = AXIS2_PLACEMENT_3D ( 'NONE', #4300, #2301, #1470 ) ;
#4058 = CYLINDRICAL_SURFACE ( 'NONE', #3242, 2.249999999999998668 ) ;
#4059 = EDGE_CURVE ( 'NONE', #508, #2566, #2567, .T. ) ;
#4060 = VECTOR ( 'NONE', #2493, 1000.000000000000000 ) ;
#4061 = ORIENTED_EDGE ( 'NONE', *, *, #427, .T. ) ;
#4062 = CIRCLE ( 'NONE', #3408, 75.00000000000001421 ) ;
#4063 = PLANE ( 'NONE',  #1779 ) ;
#4064 = CARTESIAN_POINT ( 'NONE',  ( 9.670556103546919857, -56.20938894397428243, 4.281787461670660377 ) ) ;
#4065 = EDGE_CURVE ( 'NONE', #4708, #3401, #4699, .T. ) ;
#4066 = VECTOR ( 'NONE', #1457, 1000.000000000000000 ) ;
#4067 = DIRECTION ( 'NONE',  ( 1.000000000000000000, 0.000000000000000000, 0.000000000000000000 ) ) ;
#4068 = VECTOR ( 'NONE', #3567, 1000.000000000000000 ) ;
#4069 = CIRCLE ( 'NONE', #60, 2.999999999999999112 ) ;
#4070 = ORIENTED_EDGE ( 'NONE', *, *, #5056, .F. ) ;
#4071 = EDGE_CURVE ( 'NONE', #54, #1021, #5037, .T. ) ;
#4072 = ADVANCED_FACE ( 'NONE', ( #724 ), #2364, .F. ) ;
#4073 = CARTESIAN_POINT ( 'NONE',  ( 24.00000000000000000, 40.00000000000000711, 6.000000000000000000 ) ) ;
#4074 = CONICAL_SURFACE ( 'NONE', #662, 3.100000000000019185, 0.7853981633974465026 ) ;
#4075 = LINE ( 'NONE', #3319, #1937 ) ;
#4076 = AXIS2_PLACEMENT_3D ( 'NONE', #1855, #1466, #2267 ) ;
#4077 = ORIENTED_EDGE ( 'NONE', *, *, #658, .F. ) ;
#4078 = DIRECTION ( 'NONE',  ( 0.000000000000000000, 0.000000000000000000, 1.000000000000000000 ) ) ;
#4079 = VECTOR ( 'NONE', #1169, 1000.000000000000000 ) ;
#4080 = CARTESIAN_POINT ( 'NONE',  ( 11.42620690784918835, -81.98820534183093400, 4.467377319870700525 ) ) ;
#4081 = LINE ( 'NONE', #2873, #4395 ) ;
#4082 = ORIENTED_EDGE ( 'NONE', *, *, #3321, .T. ) ;
#4083 = DIRECTION ( 'NONE',  ( 0.2769703097043765827, 5.854279124138416082E-17, 0.9608784769898125466 ) ) ;
#4084 = VERTEX_POINT ( 'NONE', #313 ) ;
#4085 = ADVANCED_FACE ( 'NONE', ( #3879, #1509, #4722, #2741 ), #4647, .T. ) ;
#4086 = CARTESIAN_POINT ( 'NONE',  ( -9.000000000000000000, 19.48635277547911571, 17.00000000000000000 ) ) ;
#4087 = FACE_OUTER_BOUND ( 'NONE', #3354, .T. ) ;
#4088 = ORIENTED_EDGE ( 'NONE', *, *, #2451, .F. ) ;
#4089 = EDGE_CURVE ( 'NONE', #2477, #2002, #2771, .T. ) ;
#4090 = ORIENTED_EDGE ( 'NONE', *, *, #4270, .F. ) ;
#4091 = CARTESIAN_POINT ( 'NONE',  ( 64.99999999999998579, 45.00000000000000000, 0.000000000000000000 ) ) ;
#4092 = DIRECTION ( 'NONE',  ( -1.000000000000000000, 0.000000000000000000, 0.000000000000000000 ) ) ;
#4093 = UNCERTAINTY_MEASURE_WITH_UNIT (LENGTH_MEASURE( 1.000000000000000082E-05 ), #1334, 'distance_accuracy_value', 'NONE');
#4094 = LINE ( 'NONE', #1322, #4631 ) ;
#4095 = CYLINDRICAL_SURFACE ( 'NONE', #1200, 1.000000000000000000 ) ;
#4096 = VERTEX_POINT ( 'NONE', #339 ) ;
#4097 = AXIS2_PLACEMENT_3D ( 'NONE', #2042, #1655, #4787 ) ;
#4098 = CARTESIAN_POINT ( 'NONE',  ( 64.99999999999998579, -45.00000000000000000, 1.500000000000018652 ) ) ;
#4099 = DIRECTION ( 'NONE',  ( -0.000000000000000000, 0.000000000000000000, 1.000000000000000000 ) ) ;
#4100 = ORIENTED_EDGE ( 'NONE', *, *, #4821, .T. ) ;
#4101 = FACE_BOUND ( 'NONE', #645, .T. ) ;
#4102 = VECTOR ( 'NONE', #3779, 1000.000000000000000 ) ;
#4103 = EDGE_CURVE ( 'NONE', #2844, #2395, #364, .T. ) ;
#4104 = CARTESIAN_POINT ( 'NONE',  ( -0.7500000000000058842, -79.50000000000001421, 0.000000000000000000 ) ) ;
#4105 = FACE_BOUND ( 'NONE', #3550, .T. ) ;
#4106 = EDGE_LOOP ( 'NONE', ( #2518, #4812 ) ) ;
#4107 = CONICAL_SURFACE ( 'NONE', #1074, 1.600000000000019851, 0.7853981633974463916 ) ;
#4108 = LINE ( 'NONE', #4513, #454 ) ;
#4109 = SHAPE_DEFINITION_REPRESENTATION ( #3597, #3041 ) ;
#4110 = ORIENTED_EDGE ( 'NONE', *, *, #5057, .F. ) ;
#4111 = CARTESIAN_POINT ( 'NONE',  ( 1.523171832565001471E-15, -11.99999999999999822, 0.000000000000000000 ) ) ;
#4112 = EDGE_CURVE ( 'NONE', #3388, #2514, #3927, .T. ) ;
#4113 = CARTESIAN_POINT ( 'NONE',  ( -27.11718134288450344, 40.01120397172027765, 4.252917917965540973 ) ) ;
#4114 = CARTESIAN_POINT ( 'NONE',  ( -6.105321644364239297, 75.39625000000000909, 0.000000000000000000 ) ) ;
#4115 = EDGE_LOOP ( 'NONE', ( #127, #1032, #1093, #3285 ) ) ;
#4116 = ORIENTED_EDGE ( 'NONE', *, *, #2340, .F. ) ;
#4117 = FACE_OUTER_BOUND ( 'NONE', #4501, .T. ) ;
#4118 = DIRECTION ( 'NONE',  ( 1.000000000000000000, 0.000000000000000000, 0.000000000000000000 ) ) ;
#4119 = DIRECTION ( 'NONE',  ( 0.000000000000000000, 0.000000000000000000, 1.000000000000000000 ) ) ;
#4120 = CARTESIAN_POINT ( 'NONE',  ( 63.44288770224761009, -40.00000000000000711, 15.00000000000000000 ) ) ;
#4121 = ORIENTED_EDGE ( 'NONE', *, *, #4750, .F. ) ;
#4122 = CARTESIAN_POINT ( 'NONE',  ( 17.37975105768025230, 29.48635277547909084, 5.000000000000000000 ) ) ;
#4123 = CARTESIAN_POINT ( 'NONE',  ( 73.39999999999999147, -19.99999999999998579, 3.499999999999977796 ) ) ;
#4124 = ORIENTED_EDGE ( 'NONE', *, *, #1961, .T. ) ;
#4125 = CARTESIAN_POINT ( 'NONE',  ( -9.250000000000017764, -79.50000000000001421, 5.000000000000000000 ) ) ;
#4126 = CARTESIAN_POINT ( 'NONE',  ( 10.64607787505815928, -81.93032147650700381, 4.205401089782524693 ) ) ;
#4127 = LINE ( 'NONE', #3743, #1608 ) ;
#4128 = ORIENTED_EDGE ( 'NONE', *, *, #769, .T. ) ;
#4129 = DIRECTION ( 'NONE',  ( 0.000000000000000000, 0.000000000000000000, 1.000000000000000000 ) ) ;
#4130 = VERTEX_POINT ( 'NONE', #1925 ) ;
#4131 = CARTESIAN_POINT ( 'NONE',  ( -13.00000000000002665, 78.00000000000001421, 5.000000000000000000 ) ) ;
#4132 = CARTESIAN_POINT ( 'NONE',  ( 55.52746830010951840, 50.41656042619698042, 6.106993172055722674 ) ) ;
#4133 = LINE ( 'NONE', #2155, #419 ) ;
#4134 = EDGE_LOOP ( 'NONE', ( #3210, #559, #2033, #4293 ) ) ;
#4135 = AXIS2_PLACEMENT_3D ( 'NONE', #2588, #1762, #229 ) ;
#4136 = ADVANCED_FACE ( 'NONE', ( #412 ), #778, .F. ) ;
#4137 = ORIENTED_EDGE ( 'NONE', *, *, #3980, .F. ) ;
#4138 = ORIENTED_EDGE ( 'NONE', *, *, #246, .F. ) ;
#4139 = VECTOR ( 'NONE', #3639, 1000.000000000000000 ) ;
#4140 = FACE_OUTER_BOUND ( 'NONE', #1661, .T. ) ;
#4141 = FACE_OUTER_BOUND ( 'NONE', #953, .T. ) ;
#4142 = VECTOR ( 'NONE', #4290, 1000.000000000000000 ) ;
#4143 = CARTESIAN_POINT ( 'NONE',  ( 63.44288770224761009, -40.00000000000000711, 15.00000000000000000 ) ) ;
#4144 = ORIENTED_EDGE ( 'NONE', *, *, #513, .F. ) ;
#4145 = EDGE_CURVE ( 'NONE', #2801, #357, #3150, .T. ) ;
#4146 = DIRECTION ( 'NONE',  ( -0.000000000000000000, -0.000000000000000000, -1.000000000000000000 ) ) ;
#4147 = EDGE_CURVE ( 'NONE', #3682, #481, #3816, .T. ) ;
#4148 = DIRECTION ( 'NONE',  ( -0.000000000000000000, -0.000000000000000000, -1.000000000000000000 ) ) ;
#4149 = EDGE_CURVE ( 'NONE', #3694, #1515, #2669, .T. ) ;
#4150 = VERTEX_POINT ( 'NONE', #3902 ) ;
#4151 = VECTOR ( 'NONE', #3713, 1000.000000000000000 ) ;
#4152 = FACE_BOUND ( 'NONE', #1458, .T. ) ;
#4153 = EDGE_CURVE ( 'NONE', #402, #2146, #3564, .T. ) ;
#4154 = AXIS2_PLACEMENT_3D ( 'NONE', #1226, #1205, #3215 ) ;
#4155 = CARTESIAN_POINT ( 'NONE',  ( 8.705865307676749154, -81.57619269916064297, 4.873224616687530819 ) ) ;
#4156 = DIRECTION ( 'NONE',  ( -1.000000000000000000, 0.000000000000000000, 0.000000000000000000 ) ) ;
#4157 = ORIENTED_EDGE ( 'NONE', *, *, #4145, .F. ) ;
#4158 = CARTESIAN_POINT ( 'NONE',  ( -13.00000000000002665, 78.00000000000001421, 0.000000000000000000 ) ) ;
#4159 = CIRCLE ( 'NONE', #1864, 2.249999999999998668 ) ;
#4160 = CARTESIAN_POINT ( 'NONE',  ( 25.09999999999998010, -69.50000000000000000, 5.000000000000000000 ) ) ;
#4161 = CARTESIAN_POINT ( 'NONE',  ( -13.00000000000001243, -78.00000000000001421, 3.499999999999994671 ) ) ;
#4162 = FACE_OUTER_BOUND ( 'NONE', #3689, .T. ) ;
#4163 = ORIENTED_EDGE ( 'NONE', *, *, #4930, .T. ) ;
#4164 = ORIENTED_EDGE ( 'NONE', *, *, #3997, .T. ) ;
#4165 = EDGE_LOOP ( 'NONE', ( #198, #3625, #241, #2522 ) ) ;
#4166 = DIRECTION ( 'NONE',  ( 0.000000000000000000, 1.000000000000000000, 0.000000000000000000 ) ) ;
#4167 = DIRECTION ( 'NONE',  ( 8.272201806716024773E-17, -1.000000000000000000, 0.000000000000000000 ) ) ;
#4168 = DIRECTION ( 'NONE',  ( 0.000000000000000000, -0.000000000000000000, 1.000000000000000000 ) ) ;
#4169 = FACE_OUTER_BOUND ( 'NONE', #3754, .T. ) ;
#4170 = ORIENTED_EDGE ( 'NONE', *, *, #4103, .T. ) ;
#4171 = CARTESIAN_POINT ( 'NONE',  ( -1.000000000000054623, -69.00000000000000000, 5.000000000000000000 ) ) ;
#4172 = CARTESIAN_POINT ( 'NONE',  ( -27.41141100645621265, 40.00000000000000000, 0.000000000000000000 ) ) ;
#4173 = VERTEX_POINT ( 'NONE', #3488 ) ;
#4174 = FACE_BOUND ( 'NONE', #3196, .T. ) ;
#4175 = AXIS2_PLACEMENT_3D ( 'NONE', #576, #2140, #1752 ) ;
#4176 = EDGE_CURVE ( 'NONE', #2074, #2776, #3963, .T. ) ;
#4177 = LINE ( 'NONE', #3766, #2023 ) ;
#4178 = DIRECTION ( 'NONE',  ( -1.000000000000000000, 0.000000000000000000, 0.000000000000000000 ) ) ;
#4179 = ORIENTED_EDGE ( 'NONE', *, *, #2862, .T. ) ;
#4180 = CIRCLE ( 'NONE', #904, 1.600000000000004086 ) ;
#4181 = LINE ( 'NONE', #3381, #540 ) ;
#4182 = EDGE_CURVE ( 'NONE', #2551, #3900, #4228, .T. ) ;
#4183 = CARTESIAN_POINT ( 'NONE',  ( 28.19999999999997087, 69.50000000000000000, 5.000000000000000000 ) ) ;
#4184 = VECTOR ( 'NONE', #4983, 1000.000000000000000 ) ;
#4185 = DIRECTION ( 'NONE',  ( 2.113684723242344441E-16, -1.000000000000000000, 0.000000000000000000 ) ) ;
#4186 = DIRECTION ( 'NONE',  ( 0.000000000000000000, 0.000000000000000000, 1.000000000000000000 ) ) ;
#4187 = ORIENTED_EDGE ( 'NONE', *, *, #1860, .F. ) ;
#4188 = CIRCLE ( 'NONE', #1982, 13.00000000000003020 ) ;
#4189 = ORIENTED_EDGE ( 'NONE', *, *, #4296, .F. ) ;
#4190 = B_SPLINE_CURVE_WITH_KNOTS ( 'NONE', 3,
 ( #1405, #4155, #1019, #561, #2971, #2512, #4919, #4506, #1052, #1352, #4126, #3297, #614, #4080, #4968, #2126, #3685, #2174 ),
 .UNSPECIFIED., .F., .F.,
 ( 4, 2, 2, 2, 2, 2, 2, 2, 4 ),
 ( 0.000000000000000000, 0.0004949922061131639510, 0.0009899844122263279020, 0.001484976618339491853, 0.001979968824452655804, 0.002474961030565819755, 0.002969953236678983706, 0.003464945442792147657, 0.003959937648905311608 ),
 .UNSPECIFIED. ) ;
#4191 = ORIENTED_EDGE ( 'NONE', *, *, #1674, .F. ) ;
#4192 = DIRECTION ( 'NONE',  ( -0.8875818559757202575, -0.4606500287015033446, 0.000000000000000000 ) ) ;
#4193 = CARTESIAN_POINT ( 'NONE',  ( -0.7500000000000058842, -79.50000000000001421, 5.000000000000000000 ) ) ;
#4194 = CARTESIAN_POINT ( 'NONE',  ( 10.32988139361452262, -11.99999999999999645, 6.439198102782434319 ) ) ;
#4195 = EDGE_CURVE ( 'NONE', #5046, #3628, #1903, .T. ) ;
#4196 = CYLINDRICAL_SURFACE ( 'NONE', #2663, 1.600000000000004086 ) ;
#4197 = ORIENTED_EDGE ( 'NONE', *, *, #2556, .T. ) ;
#4198 = DIRECTION ( 'NONE',  ( -0.000000000000000000, -0.000000000000000000, 1.000000000000000000 ) ) ;
#4199 = CARTESIAN_POINT ( 'NONE',  ( 74.99999999999994316, 19.99999999999998579, 0.000000000000000000 ) ) ;
#4200 = EDGE_LOOP ( 'NONE', ( #165, #1077 ) ) ;
#4201 = DIRECTION ( 'NONE',  ( 1.000000000000000000, 1.269309860470834724E-16, -0.000000000000000000 ) ) ;
#4202 = EDGE_CURVE ( 'NONE', #3968, #386, #4672, .T. ) ;
#4203 = CARTESIAN_POINT ( 'NONE',  ( 3.879751057680255411, -19.48635277547910860, 4.713747003574108696 ) ) ;
#4204 = CARTESIAN_POINT ( 'NONE',  ( 73.39999999999993463, 19.99999999999998579, 5.000000000000000000 ) ) ;
#4205 = EDGE_LOOP ( 'NONE', ( #5065, #1033 ) ) ;
#4206 = DIRECTION ( 'NONE',  ( 0.000000000000000000, 1.000000000000000000, 0.000000000000000000 ) ) ;
#4207 = EDGE_CURVE ( 'NONE', #4638, #4775, #3249, .T. ) ;
#4208 = DIRECTION ( 'NONE',  ( -0.000000000000000000, -1.000000000000000000, -0.000000000000000000 ) ) ;
#4209 = FILL_AREA_STYLE ('',( #2233 ) ) ;
#4210 = LINE ( 'NONE', #4591, #338 ) ;
#4211 = ORIENTED_EDGE ( 'NONE', *, *, #1102, .F. ) ;
#4212 = ORIENTED_EDGE ( 'NONE', *, *, #429, .T. ) ;
#4213 = ORIENTED_EDGE ( 'NONE', *, *, #2737, .T. ) ;
#4214 = DIRECTION ( 'NONE',  ( 1.269309860470834724E-16, -1.000000000000000000, 0.000000000000000000 ) ) ;
#4215 = CARTESIAN_POINT ( 'NONE',  ( -8.100000000000029843, -72.50000000000000000, 0.000000000000000000 ) ) ;
#4216 = EDGE_CURVE ( 'NONE', #1916, #848, #459, .T. ) ;
#4217 = VECTOR ( 'NONE', #1920, 1000.000000000000000 ) ;
#4218 = CARTESIAN_POINT ( 'NONE',  ( 15.00000000000000000, -11.99999999999999645, -57.50000000000000000 ) ) ;
#4219 = DIRECTION ( 'NONE',  ( 1.000000000000000000, 0.000000000000000000, 0.000000000000000000 ) ) ;
#4220 = ORIENTED_EDGE ( 'NONE', *, *, #4548, .F. ) ;
#4221 = B_SPLINE_CURVE_WITH_KNOTS ( 'NONE', 3,
 ( #3592, #1651, #4781, #2826, #3305, #4466, #4420, #4113, #1338, #3259 ),
 .UNSPECIFIED., .F., .F.,
 ( 4, 2, 2, 2, 4 ),
 ( 0.000000000000000000, 0.0004399701750756402144, 0.0008799403501512804288, 0.001319910525226920643, 0.001759880700302560858 ),
 .UNSPECIFIED. ) ;
#4222 = DIRECTION ( 'NONE',  ( 1.301042606982605074E-16, -1.000000000000000000, 0.000000000000000000 ) ) ;
#4223 = AXIS2_PLACEMENT_3D ( 'NONE', #1819, #2642, #4561 ) ;
#4224 = LINE ( 'NONE', #1500, #3817 ) ;
#4225 = EDGE_LOOP ( 'NONE', ( #1071, #4418, #4901, #1067 ) ) ;
#4226 = DIRECTION ( 'NONE',  ( 0.000000000000000000, 0.000000000000000000, 1.000000000000000000 ) ) ;
#4227 = ORIENTED_EDGE ( 'NONE', *, *, #1253, .F. ) ;
#4228 = CIRCLE ( 'NONE', #2013, 2.999999999999999112 ) ;
#4229 = PRODUCT_DEFINITION ( 'UNKNOWN', '', #2985, #3991 ) ;
#4230 = AXIS2_PLACEMENT_3D ( 'NONE', #2247, #3066, #1046 ) ;
#4231 = DIRECTION ( 'NONE',  ( 0.4606500287015032891, -0.8875818559757201465, 0.000000000000000000 ) ) ;
#4232 = DIRECTION ( 'NONE',  ( -0.000000000000000000, 0.000000000000000000, 1.000000000000000000 ) ) ;
#4233 = EDGE_LOOP ( 'NONE', ( #3486, #307, #2187, #1288 ) ) ;
#4234 = VECTOR ( 'NONE', #2613, 1000.000000000000000 ) ;
#4235 = DIRECTION ( 'NONE',  ( 0.000000000000000000, 0.000000000000000000, 1.000000000000000000 ) ) ;
#4236 = AXIS2_PLACEMENT_3D ( 'NONE', #3062, #2272, #1118 ) ;
#4237 = VECTOR ( 'NONE', #202, 1000.000000000000000 ) ;
#4238 = CARTESIAN_POINT ( 'NONE',  ( 64.06246951218787444, -39.00000000000000711, 5.000000000000000000 ) ) ;
#4239 = CARTESIAN_POINT ( 'NONE',  ( 52.13473568282184090, 53.93890280314354868, 4.999999999999998224 ) ) ;
#4240 = DIRECTION ( 'NONE',  ( -0.2997639500929226708, 0.9540134035875427188, 0.000000000000000000 ) ) ;
#4241 = ORIENTED_EDGE ( 'NONE', *, *, #4202, .F. ) ;
#4242 = AXIS2_PLACEMENT_3D ( 'NONE', #2625, #4192, #3420 ) ;
#4243 = ADVANCED_FACE ( 'NONE', ( #1255 ), #2816, .F. ) ;
#4244 = ORIENTED_EDGE ( 'NONE', *, *, #2056, .T. ) ;
#4245 = ORIENTED_EDGE ( 'NONE', *, *, #2492, .F. ) ;
#4246 = DIRECTION ( 'NONE',  ( -0.000000000000000000, -0.000000000000000000, 1.000000000000000000 ) ) ;
#4247 = EDGE_CURVE ( 'NONE', #469, #3178, #873, .T. ) ;
#4248 = CARTESIAN_POINT ( 'NONE',  ( -24.41141100645621975, 43.00000000000000000, 5.000000000000000000 ) ) ;
#4249 = FACE_OUTER_BOUND ( 'NONE', #4115, .T. ) ;
#4250 = AXIS2_PLACEMENT_3D ( 'NONE', #2596, #4208, #1820 ) ;
#4251 = DIRECTION ( 'NONE',  ( -0.000000000000000000, -0.000000000000000000, 1.000000000000000000 ) ) ;
#4252 = DIRECTION ( 'NONE',  ( -0.000000000000000000, -0.000000000000000000, -1.000000000000000000 ) ) ;
#4253 = ORIENTED_EDGE ( 'NONE', *, *, #3617, .F. ) ;
#4254 = ADVANCED_FACE ( 'NONE', ( #2410 ), #3179, .F. ) ;
#4255 = DIRECTION ( 'NONE',  ( 1.000000000000000000, 0.000000000000000000, 0.000000000000000000 ) ) ;
#4256 = LINE ( 'NONE', #2, #4552 ) ;
#4257 = CARTESIAN_POINT ( 'NONE',  ( -4.059857129773678963, 75.35176003978212123, 0.1004612004920002466 ) ) ;
#4258 = ORIENTED_EDGE ( 'NONE', *, *, #834, .F. ) ;
#4259 = DIRECTION ( 'NONE',  ( -0.000000000000000000, -0.000000000000000000, -1.000000000000000000 ) ) ;
#4260 = LINE ( 'NONE', #1923, #2839 ) ;
#4261 = VERTEX_POINT ( 'NONE', #2891 ) ;
#4262 = ADVANCED_FACE ( 'NONE', ( #156 ), #4410, .F. ) ;
#4263 = DIRECTION ( 'NONE',  ( 1.000000000000000000, 0.000000000000000000, 0.000000000000000000 ) ) ;
#4264 = PLANE ( 'NONE',  #3572 ) ;
#4265 = DIRECTION ( 'NONE',  ( 0.7071067811865479058, 0.7071067811865471286, 0.000000000000000000 ) ) ;
#4266 = AXIS2_PLACEMENT_3D ( 'NONE', #2506, #4530, #1811 ) ;
#4267 = ORIENTED_EDGE ( 'NONE', *, *, #4573, .T. ) ;
#4268 = ORIENTED_EDGE ( 'NONE', *, *, #128, .T. ) ;
#4270 = EDGE_CURVE ( 'NONE', #4832, #4979, #3637, .T. ) ;
#4269 = VECTOR ( 'NONE', #2085, 1000.000000000000000 ) ;
#4271 = EDGE_LOOP ( 'NONE', ( #4596, #881, #1992, #407, #1095, #258, #138 ) ) ;
#4272 = CARTESIAN_POINT ( 'NONE',  ( -14.60000000000003340, -78.00000000000001421, 0.000000000000000000 ) ) ;
#4273 = CARTESIAN_POINT ( 'NONE',  ( 74.99999999999994316, 19.99999999999998579, 5.000000000000000000 ) ) ;
#4274 = LINE ( 'NONE', #4507, #3782 ) ;
#4275 = CARTESIAN_POINT ( 'NONE',  ( 74.99999999999994316, 19.99999999999998579, 5.000000000000000000 ) ) ;
#4276 = CIRCLE ( 'NONE', #2222, 17.79999999999999716 ) ;
#4277 = CIRCLE ( 'NONE', #659, 2.249999999999998668 ) ;
#4278 = CARTESIAN_POINT ( 'NONE',  ( -3.399999999999996803, 72.50000000000000000, -5.000000000000000000 ) ) ;
#4279 = VERTEX_POINT ( 'NONE', #535 ) ;
#4280 = CARTESIAN_POINT ( 'NONE',  ( 64.99999999999998579, -45.00000000000000000, 5.000000000000000000 ) ) ;
#4281 = DIRECTION ( 'NONE',  ( -1.000000000000000000, 0.000000000000000000, 0.000000000000000000 ) ) ;
#4282 = LINE ( 'NONE', #1555, #1193 ) ;
#4283 = CARTESIAN_POINT ( 'NONE',  ( 26.50000000000000000, -5.500000000000000000, 0.000000000000000000 ) ) ;
#4284 = ORIENTED_EDGE ( 'NONE', *, *, #3085, .F. ) ;
#4285 = DIRECTION ( 'NONE',  ( 1.000000000000000000, 0.000000000000000000, 0.000000000000000000 ) ) ;
#4286 = DIRECTION ( 'NONE',  ( -0.000000000000000000, -1.000000000000000000, -0.000000000000000000 ) ) ;
#4287 = ADVANCED_FACE ( 'NONE', ( #1615 ), #3969, .F. ) ;
#4288 = ORIENTED_EDGE ( 'NONE', *, *, #3997, .F. ) ;
#4289 = ORIENTED_EDGE ( 'NONE', *, *, #1712, .T. ) ;
#4290 = DIRECTION ( 'NONE',  ( 1.000000000000000000, 1.321052952026465337E-16, -0.000000000000000000 ) ) ;
#4291 = LINE ( 'NONE', #366, #315 ) ;
#4292 = CARTESIAN_POINT ( 'NONE',  ( 19.94041122946007505, -28.42569260369927520, -5.000000000000000000 ) ) ;
#4293 = ORIENTED_EDGE ( 'NONE', *, *, #4149, .F. ) ;
#4294 = EDGE_LOOP ( 'NONE', ( #4662, #3576 ) ) ;
#4295 = ORIENTED_EDGE ( 'NONE', *, *, #3711, .T. ) ;
#4296 = EDGE_CURVE ( 'NONE', #2573, #2655, #2162, .T. ) ;
#4297 = FACE_OUTER_BOUND ( 'NONE', #2592, .T. ) ;
#4298 = DIRECTION ( 'NONE',  ( -1.084202172485504434E-16, 1.000000000000000000, -0.000000000000000000 ) ) ;
#4299 = EDGE_CURVE ( 'NONE', #3173, #2106, #1304, .T. ) ;
#4300 = CARTESIAN_POINT ( 'NONE',  ( 0.000000000000000000, 0.000000000000000000, 15.00000000000000000 ) ) ;
#4301 = ORIENTED_EDGE ( 'NONE', *, *, #3988, .T. ) ;
#4302 = CARTESIAN_POINT ( 'NONE',  ( -5.000000000000009770, -72.50000000000000000, 0.000000000000000000 ) ) ;
#4303 = CARTESIAN_POINT ( 'NONE',  ( 73.39999999999999147, -19.99999999999998579, 3.499999999999977796 ) ) ;
#4304 = AXIS2_PLACEMENT_3D ( 'NONE', #1328, #3950, #1229 ) ;
#4305 =( GEOMETRIC_REPRESENTATION_CONTEXT ( 3 ) GLOBAL_UNCERTAINTY_ASSIGNED_CONTEXT ( ( #4093 ) ) GLOBAL_UNIT_ASSIGNED_CONTEXT ( ( #1334, #948, #4900 ) ) REPRESENTATION_CONTEXT ( 'NONE', 'WORKASPACE' ) );
#4306 = CARTESIAN_POINT ( 'NONE',  ( -9.250000000000031974, 79.50000000000001421, 0.000000000000000000 ) ) ;
#4307 = EDGE_CURVE ( 'NONE', #4343, #2740, #531, .T. ) ;
#4308 = VERTEX_POINT ( 'NONE', #106 ) ;
#4309 = EDGE_CURVE ( 'NONE', #571, #3056, #43, .T. ) ;
#4310 = AXIS2_PLACEMENT_3D ( 'NONE', #3315, #987, #2557 ) ;
#4311 = DIRECTION ( 'NONE',  ( -0.000000000000000000, -0.000000000000000000, -1.000000000000000000 ) ) ;
#4312 = EDGE_CURVE ( 'NONE', #2566, #2484, #2902, .T. ) ;
#4313 = DIRECTION ( 'NONE',  ( 0.000000000000000000, 0.000000000000000000, 1.000000000000000000 ) ) ;
#4314 = EDGE_LOOP ( 'NONE', ( #4090, #2676, #2447, #4569, #4241, #4164, #344 ) ) ;
#4315 = ORIENTED_EDGE ( 'NONE', *, *, #356, .F. ) ;
#4316 = AXIS2_PLACEMENT_3D ( 'NONE', #3480, #2358, #381 ) ;
#4317 = DIRECTION ( 'NONE',  ( -0.000000000000000000, -0.000000000000000000, 1.000000000000000000 ) ) ;
#4318 = ADVANCED_FACE ( 'NONE', ( #3220 ), #2076, .F. ) ;
#4319 = CARTESIAN_POINT ( 'NONE',  ( 63.98766303596759286, -39.12287916928657694, 4.999999999999999112 ) ) ;
#4320 = EDGE_LOOP ( 'NONE', ( #3914, #1348 ) ) ;
#4321 = CIRCLE ( 'NONE', #3318, 1.600000000000004086 ) ;
#4322 = VECTOR ( 'NONE', #2498, 1000.000000000000000 ) ;
#4323 = AXIS2_PLACEMENT_3D ( 'NONE', #437, #3973, #1998 ) ;
#4324 = ORIENTED_EDGE ( 'NONE', *, *, #1890, .F. ) ;
#4325 = ORIENTED_EDGE ( 'NONE', *, *, #745, .T. ) ;
#4326 = DIRECTION ( 'NONE',  ( -0.000000000000000000, -0.000000000000000000, -1.000000000000000000 ) ) ;
#4327 = CARTESIAN_POINT ( 'NONE',  ( -24.38875556251408128, -79.67917629774431987, 5.000000000000000000 ) ) ;
#4328 = DIRECTION ( 'NONE',  ( -1.000000000000000000, 0.000000000000000000, 0.000000000000000000 ) ) ;
#4329 = LINE ( 'NONE', #1311, #2008 ) ;
#4330 = EDGE_LOOP ( 'NONE', ( #876, #3671 ) ) ;
#4331 = DIRECTION ( 'NONE',  ( 1.000000000000000000, 0.000000000000000000, 0.000000000000000000 ) ) ;
#4332 = VECTOR ( 'NONE', #4982, 1000.000000000000000 ) ;
#4333 = CARTESIAN_POINT ( 'NONE',  ( -22.14686274363582896, -64.00000000000000000, 5.000000000000000888 ) ) ;
#4334 = LINE ( 'NONE', #822, #1195 ) ;
#4335 = ORIENTED_EDGE ( 'NONE', *, *, #3493, .T. ) ;
#4336 = DIRECTION ( 'NONE',  ( 0.000000000000000000, 1.000000000000000000, 0.000000000000000000 ) ) ;
#4337 = DIRECTION ( 'NONE',  ( 1.000000000000000000, 0.000000000000000000, 1.580525833667758557E-14 ) ) ;
#4338 = VERTEX_POINT ( 'NONE', #4433 ) ;
#4339 = CARTESIAN_POINT ( 'NONE',  ( 15.00000000000000000, -11.99999999999999645, 5.000000000000000000 ) ) ;
#4340 = CARTESIAN_POINT ( 'NONE',  ( 21.50000000000000000, -5.500000000000000000, 5.000000000000000000 ) ) ;
#4341 = ORIENTED_EDGE ( 'NONE', *, *, #5050, .T. ) ;
#4342 = ORIENTED_EDGE ( 'NONE', *, *, #3529, .T. ) ;
#4343 = VERTEX_POINT ( 'NONE', #2461 ) ;
#4344 = AXIS2_PLACEMENT_3D ( 'NONE', #842, #3961, #1582 ) ;
#4345 = CARTESIAN_POINT ( 'NONE',  ( -9.000000000000000000, 64.00000000000000000, 17.00000000000000000 ) ) ;
#4346 = CARTESIAN_POINT ( 'NONE',  ( 64.99999999999998579, 45.00000000000000000, 0.000000000000000000 ) ) ;
#4347 = ORIENTED_EDGE ( 'NONE', *, *, #1506, .T. ) ;
#4348 = FACE_OUTER_BOUND ( 'NONE', #4225, .T. ) ;
#4349 = VECTOR ( 'NONE', #1702, 1000.000000000000000 ) ;
#4350 = DIRECTION ( 'NONE',  ( 1.000000000000000000, 0.000000000000000000, 0.000000000000000000 ) ) ;
#4351 = CIRCLE ( 'NONE', #2063, 1.600000000000019851 ) ;
#4352 = ORIENTED_EDGE ( 'NONE', *, *, #3808, .T. ) ;
#4353 = LINE ( 'NONE', #2812, #3169 ) ;
#4354 = PLANE ( 'NONE',  #2136 ) ;
#4355 = ORIENTED_EDGE ( 'NONE', *, *, #541, .F. ) ;
#4356 = ORIENTED_EDGE ( 'NONE', *, *, #1393, .T. ) ;
#4357 = EDGE_CURVE ( 'NONE', #2343, #4654, #613, .T. ) ;
#4358 = CARTESIAN_POINT ( 'NONE',  ( 60.00000000000001421, -45.00000000000000711, 15.00000000000000000 ) ) ;
#4359 = DIRECTION ( 'NONE',  ( 0.000000000000000000, 0.000000000000000000, 1.000000000000000000 ) ) ;
#4360 = DIRECTION ( 'NONE',  ( 0.000000000000000000, -1.000000000000000000, 0.000000000000000000 ) ) ;
#4361 = VERTEX_POINT ( 'NONE', #129 ) ;
#4362 = ADVANCED_FACE ( 'NONE', ( #1689 ), #4823, .F. ) ;
#4363 = FACE_OUTER_BOUND ( 'NONE', #1946, .T. ) ;
#4364 = EDGE_LOOP ( 'NONE', ( #3101, #2738, #3307, #3385 ) ) ;
#4365 = EDGE_CURVE ( 'NONE', #903, #1157, #1677, .T. ) ;
#4366 = EDGE_LOOP ( 'NONE', ( #3338, #2729, #2118, #1323 ) ) ;
#4367 = CARTESIAN_POINT ( 'NONE',  ( 14.23761543394930484, -19.48635277547909084, 5.000000000000000000 ) ) ;
#4368 = DIRECTION ( 'NONE',  ( -0.000000000000000000, -0.000000000000000000, 1.000000000000000000 ) ) ;
#4369 = ADVANCED_FACE ( 'NONE', ( #994 ), #1379, .F. ) ;
#4370 = ORIENTED_EDGE ( 'NONE', *, *, #1414, .F. ) ;
#4371 = EDGE_CURVE ( 'NONE', #1669, #4638, #2941, .T. ) ;
#4372 = PLANE ( 'NONE',  #4344 ) ;
#4373 = LINE ( 'NONE', #3575, #4458 ) ;
#4374 = VERTEX_POINT ( 'NONE', #177 ) ;
#4375 = CARTESIAN_POINT ( 'NONE',  ( 28.19999999999999929, -69.50000000000000000, 5.000000000000000000 ) ) ;
#4376 = CARTESIAN_POINT ( 'NONE',  ( 23.99999999999999289, 45.00000000000000711, 15.00000000000000000 ) ) ;
#4377 = VECTOR ( 'NONE', #1476, 1000.000000000000114 ) ;
#4378 = VERTEX_POINT ( 'NONE', #4866 ) ;
#4379 = ORIENTED_EDGE ( 'NONE', *, *, #464, .F. ) ;
#4380 = LINE ( 'NONE', #872, #3976 ) ;
#4381 = CARTESIAN_POINT ( 'NONE',  ( 17.37975105768025230, 29.48635277547909084, -5.000000000000000000 ) ) ;
#4382 = AXIS2_PLACEMENT_3D ( 'NONE', #111, #4029, #4004 ) ;
#4383 = AXIS2_PLACEMENT_3D ( 'NONE', #3798, #3410, #314 ) ;
#4384 = CARTESIAN_POINT ( 'NONE',  ( 7.999999999999998224, 12.00000000000000178, 5.000000000000000000 ) ) ;
#4385 = DIRECTION ( 'NONE',  ( 1.000000000000000000, 0.000000000000000000, 0.000000000000000000 ) ) ;
#4386 = ORIENTED_EDGE ( 'NONE', *, *, #3146, .F. ) ;
#4387 = AXIS2_PLACEMENT_3D ( 'NONE', #3745, #3716, #972 ) ;
#4388 = LINE ( 'NONE', #3204, #4547 ) ;
#4389 = ORIENTED_EDGE ( 'NONE', *, *, #117, .F. ) ;
#4390 = VERTEX_POINT ( 'NONE', #4125 ) ;
#4391 = CARTESIAN_POINT ( 'NONE',  ( -6.600000000000022737, -72.50000000000000000, -5.000000000000000000 ) ) ;
#4392 = VECTOR ( 'NONE', #4148, 1000.000000000000000 ) ;
#4393 = FACE_OUTER_BOUND ( 'NONE', #4271, .T. ) ;
#4394 = ADVANCED_FACE ( 'NONE', ( #3402 ), #3712, .F. ) ;
#4395 = VECTOR ( 'NONE', #4869, 1000.000000000000000 ) ;
#4396 = EDGE_CURVE ( 'NONE', #4261, #857, #4579, .T. ) ;
#4397 = VERTEX_POINT ( 'NONE', #3793 ) ;
#4398 = CIRCLE ( 'NONE', #1858, 1.600000000000004086 ) ;
#4399 = LINE ( 'NONE', #1678, #467 ) ;
#4400 = CARTESIAN_POINT ( 'NONE',  ( 14.23761543394930484, -19.48635277547909084, 5.000000000000000000 ) ) ;
#4401 = AXIS2_PLACEMENT_3D ( 'NONE', #1522, #3089, #4656 ) ;
#4402 = DIRECTION ( 'NONE',  ( -0.000000000000000000, -0.000000000000000000, -1.000000000000000000 ) ) ;
#4403 = EDGE_CURVE ( 'NONE', #1339, #490, #3376, .T. ) ;
#4404 = EDGE_LOOP ( 'NONE', ( #4413, #3845, #4189, #4116, #861 ) ) ;
#4405 = EDGE_CURVE ( 'NONE', #5022, #4789, #3477, .T. ) ;
#4406 = CARTESIAN_POINT ( 'NONE',  ( -14.60000000000004761, 78.00000000000001421, 3.499999999999994671 ) ) ;
#4407 = FACE_OUTER_BOUND ( 'NONE', #3198, .T. ) ;
#4408 = EDGE_LOOP ( 'NONE', ( #2725, #15, #1261, #3707 ) ) ;
#4409 = ORIENTED_EDGE ( 'NONE', *, *, #3905, .T. ) ;
#4410 = CYLINDRICAL_SURFACE ( 'NONE', #4045, 1.600000000000004086 ) ;
#4411 = AXIS2_PLACEMENT_3D ( 'NONE', #2933, #3650, #3987 ) ;
#4412 = FACE_OUTER_BOUND ( 'NONE', #971, .T. ) ;
#4413 = ORIENTED_EDGE ( 'NONE', *, *, #4841, .F. ) ;
#4414 = ADVANCED_FACE ( 'NONE', ( #560 ), #2172, .F. ) ;
#4415 = CARTESIAN_POINT ( 'NONE',  ( -5.000000000000009770, 72.50000000000000000, 1.500000000000001332 ) ) ;
#4416 = DIRECTION ( 'NONE',  ( 0.000000000000000000, 0.000000000000000000, 1.000000000000000000 ) ) ;
#4417 = EDGE_LOOP ( 'NONE', ( #2024, #1188, #1985, #4697, #84, #4040 ) ) ;
#4418 = ORIENTED_EDGE ( 'NONE', *, *, #3175, .F. ) ;
#4419 = DIRECTION ( 'NONE',  ( -1.004873251643209398E-15, -1.000000000000000000, 0.000000000000000000 ) ) ;
#4420 = CARTESIAN_POINT ( 'NONE',  ( -26.84100450892838907, 40.05142250887580957, 4.341785404084287592 ) ) ;
#4421 = CARTESIAN_POINT ( 'NONE',  ( 10.97991892131176073, -84.79220110283401368, 4.278921209026294470 ) ) ;
#4422 = VERTEX_POINT ( 'NONE', #1455 ) ;
#4423 = DIRECTION ( 'NONE',  ( -0.000000000000000000, -0.000000000000000000, -1.000000000000000000 ) ) ;
#4424 = VECTOR ( 'NONE', #2530, 1000.000000000000000 ) ;
#4425 = DIRECTION ( 'NONE',  ( -1.000000000000000000, 2.891205793294679312E-16, -0.000000000000000000 ) ) ;
#4426 = ORIENTED_EDGE ( 'NONE', *, *, #2329, .T. ) ;
#4427 = AXIS2_PLACEMENT_3D ( 'NONE', #4161, #2618, #649 ) ;
#4428 = CARTESIAN_POINT ( 'NONE',  ( 69.73799092751333717, -4.000000000000008882, 3.000000000000000000 ) ) ;
#4429 = LINE ( 'NONE', #608, #142 ) ;
#4430 = AXIS2_PLACEMENT_3D ( 'NONE', #4660, #1467, #1886 ) ;
#4431 = ORIENTED_EDGE ( 'NONE', *, *, #3079, .F. ) ;
#4432 = VECTOR ( 'NONE', #1965, 1000.000000000000000 ) ;
#4433 = CARTESIAN_POINT ( 'NONE',  ( 15.10847152011856842, 19.11549668930982904, 0.000000000000000000 ) ) ;
#4434 = ADVANCED_FACE ( 'NONE', ( #3322, #4943, #4152, #3022, #1788, #641, #3350, #4917, #2199, #1404, #1017, #968, #277, #4174, #1815, #4101, #2533, #2993, #666, #4557 ), #2509, .F. ) ;
#4435 = LINE ( 'NONE', #2464, #630 ) ;
#4436 = CARTESIAN_POINT ( 'NONE',  ( 11.99999999999995204, 69.00000000000000000, 5.000000000000000000 ) ) ;
#4437 = EDGE_LOOP ( 'NONE', ( #3474, #1365, #3857, #3143 ) ) ;
#4438 = CYLINDRICAL_SURFACE ( 'NONE', #2347, 13.00000000000003020 ) ;
#4439 = LINE ( 'NONE', #2755, #3972 ) ;
#4440 = VERTEX_POINT ( 'NONE', #3683 ) ;
#4441 = EDGE_CURVE ( 'NONE', #4448, #484, #588, .T. ) ;
#4442 = ORIENTED_EDGE ( 'NONE', *, *, #2252, .F. ) ;
#4443 = DIRECTION ( 'NONE',  ( -0.000000000000000000, -0.000000000000000000, 1.000000000000000000 ) ) ;
#4444 = DIRECTION ( 'NONE',  ( 1.084202172485504434E-16, -1.000000000000000000, 0.000000000000000000 ) ) ;
#4445 = CARTESIAN_POINT ( 'NONE',  ( 3.879751057680255411, 29.48635277547910505, 4.713747003574108696 ) ) ;
#4446 = EDGE_CURVE ( 'NONE', #4789, #2135, #4628, .T. ) ;
#4447 = EDGE_CURVE ( 'NONE', #2541, #2852, #331, .T. ) ;
#4448 = VERTEX_POINT ( 'NONE', #3455 ) ;
#4449 = CARTESIAN_POINT ( 'NONE',  ( 23.99999999999997868, -55.00000000000000711, 15.00000000000000000 ) ) ;
#4450 = DIRECTION ( 'NONE',  ( -0.000000000000000000, -0.000000000000000000, -1.000000000000000000 ) ) ;
#4451 = ORIENTED_EDGE ( 'NONE', *, *, #4405, .F. ) ;
#4452 = DIRECTION ( 'NONE',  ( -0.000000000000000000, -0.000000000000000000, -1.000000000000000000 ) ) ;
#4453 = CARTESIAN_POINT ( 'NONE',  ( 25.00000000000000711, -69.00000000000000000, 0.000000000000000000 ) ) ;
#4454 = ORIENTED_EDGE ( 'NONE', *, *, #2549, .F. ) ;
#4455 = ADVANCED_FACE ( 'NONE', ( #1971 ), #4639, .F. ) ;
#4456 = DIRECTION ( 'NONE',  ( -1.000000000000000000, 0.000000000000000000, 0.000000000000000000 ) ) ;
#4457 = EDGE_CURVE ( 'NONE', #392, #505, #3509, .T. ) ;
#4458 = VECTOR ( 'NONE', #4425, 1000.000000000000000 ) ;
#4459 = FACE_OUTER_BOUND ( 'NONE', #271, .T. ) ;
#4460 = DIRECTION ( 'NONE',  ( -0.000000000000000000, -0.000000000000000000, -1.000000000000000000 ) ) ;
#4461 = EDGE_LOOP ( 'NONE', ( #1059, #1594, #1544, #3223, #3945, #3068, #2025 ) ) ;
#4462 = AXIS2_PLACEMENT_3D ( 'NONE', #350, #2707, #2851 ) ;
#4463 = DIRECTION ( 'NONE',  ( -1.000000000000000000, 0.000000000000000000, 0.000000000000000000 ) ) ;
#4464 = EDGE_LOOP ( 'NONE', ( #3397, #4849, #1482, #742, #1538 ) ) ;
#4465 = FACE_OUTER_BOUND ( 'NONE', #2472, .T. ) ;
#4466 = CARTESIAN_POINT ( 'NONE',  ( -26.70956141456714761, 40.08034221471221059, 4.398662110466669439 ) ) ;
#4467 = AXIS2_PLACEMENT_3D ( 'NONE', #2974, #2205, #695 ) ;
#4468 = ORIENTED_EDGE ( 'NONE', *, *, #1707, .F. ) ;
#4469 = VECTOR ( 'NONE', #2339, 1000.000000000000000 ) ;
#4470 = EDGE_LOOP ( 'NONE', ( #2848, #4220, #3649, #494 ) ) ;
#4471 = AXIS2_PLACEMENT_3D ( 'NONE', #4915, #4606, #1070 ) ;
#4472 = DIRECTION ( 'NONE',  ( 8.673617379884035472E-16, -1.000000000000000000, 0.000000000000000000 ) ) ;
#4473 = AXIS2_PLACEMENT_3D ( 'NONE', #3432, #1131, #3406 ) ;
#4474 = DIRECTION ( 'NONE',  ( 1.000000000000000000, 0.000000000000000000, 0.000000000000000000 ) ) ;
#4475 = CARTESIAN_POINT ( 'NONE',  ( 10.32988139361452262, 1.699999999999993072, 8.689198102782436095 ) ) ;
#4476 = AXIS2_PLACEMENT_3D ( 'NONE', #4449, #1654, #2885 ) ;
#4477 = EDGE_LOOP ( 'NONE', ( #4137, #4197, #3257, #1359 ) ) ;
#4478 = DIRECTION ( 'NONE',  ( -1.000000000000000000, -2.113684723242344441E-16, 0.000000000000000000 ) ) ;
#4479 = VECTOR ( 'NONE', #3245, 1000.000000000000000 ) ;
#4480 = DIRECTION ( 'NONE',  ( 0.000000000000000000, -1.000000000000000000, 0.000000000000000000 ) ) ;
#4481 = VECTOR ( 'NONE', #2065, 1000.000000000000000 ) ;
#4482 = VERTEX_POINT ( 'NONE', #1128 ) ;
#4483 = CARTESIAN_POINT ( 'NONE',  ( 5.303300858898786885, 5.303300858898786885, 0.000000000000000000 ) ) ;
#4484 = EDGE_CURVE ( 'NONE', #36, #4261, #2357, .T. ) ;
#4485 = AXIS2_PLACEMENT_3D ( 'NONE', #779, #3053, #2390 ) ;
#4486 = CARTESIAN_POINT ( 'NONE',  ( 12.05939254447404707, -108.3000000000000398, 5.000000000000000000 ) ) ;
#4487 = FACE_BOUND ( 'NONE', #4106, .T. ) ;
#4488 = ORIENTED_EDGE ( 'NONE', *, *, #1528, .F. ) ;
#4489 = DIRECTION ( 'NONE',  ( -0.000000000000000000, 0.000000000000000000, 1.000000000000000000 ) ) ;
#4490 = CARTESIAN_POINT ( 'NONE',  ( -6.600000000000022737, 72.50000000000000000, 5.000000000000000000 ) ) ;
#4491 = ORIENTED_EDGE ( 'NONE', *, *, #2476, .F. ) ;
#4492 = DIRECTION ( 'NONE',  ( -1.000000000000000000, 0.000000000000000000, 0.000000000000000000 ) ) ;
#4493 = FACE_OUTER_BOUND ( 'NONE', #616, .T. ) ;
#4494 = CARTESIAN_POINT ( 'NONE',  ( -3.723637616690846919, -11.99999999999999645, 0.000000000000000000 ) ) ;
#4495 = VERTEX_POINT ( 'NONE', #2689 ) ;
#4496 = ORIENTED_EDGE ( 'NONE', *, *, #2779, .T. ) ;
#4497 = ORIENTED_EDGE ( 'NONE', *, *, #1181, .T. ) ;
#4498 = LINE ( 'NONE', #150, #2022 ) ;
#4499 = DIRECTION ( 'NONE',  ( 1.000000000000000000, 0.000000000000000000, 0.000000000000000000 ) ) ;
#4500 = CARTESIAN_POINT ( 'NONE',  ( 3.879751057680255411, 19.48635277547910150, 0.000000000000000000 ) ) ;
#4501 = EDGE_LOOP ( 'NONE', ( #3677, #2791, #835, #2010 ) ) ;
#4502 = LINE ( 'NONE', #3268, #4424 ) ;
#4503 = DIRECTION ( 'NONE',  ( -0.000000000000000000, 0.000000000000000000, 1.000000000000000000 ) ) ;
#4504 = ORIENTED_EDGE ( 'NONE', *, *, #1415, .T. ) ;
#4505 = CARTESIAN_POINT ( 'NONE',  ( -27.66829088000282866, 43.29999999999999716, 6.439198102782435207 ) ) ;
#4506 = CARTESIAN_POINT ( 'NONE',  ( 9.988417322084004013, -81.84445113558753349, 4.209198676402903239 ) ) ;
#4507 = CARTESIAN_POINT ( 'NONE',  ( 24.00000000000000000, 40.00000000000000711, 15.00000000000000000 ) ) ;
#4508 = DIRECTION ( 'NONE',  ( -1.000000000000000000, -0.000000000000000000, -0.000000000000000000 ) ) ;
#4509 = AXIS2_PLACEMENT_3D ( 'NONE', #1064, #2982, #2242 ) ;
#4510 = ORIENTED_EDGE ( 'NONE', *, *, #389, .T. ) ;
#4511 = AXIS2_PLACEMENT_3D ( 'NONE', #1063, #3444, #5009 ) ;
#4512 = EDGE_CURVE ( 'NONE', #2034, #3428, #4282, .T. ) ;
#4513 = CARTESIAN_POINT ( 'NONE',  ( -11.40000000000000746, 78.00000000000001421, 3.499999999999994671 ) ) ;
#4514 = ORIENTED_EDGE ( 'NONE', *, *, #2706, .T. ) ;
#4515 = FACE_OUTER_BOUND ( 'NONE', #1614, .T. ) ;
#4516 = DIRECTION ( 'NONE',  ( 0.000000000000000000, -1.000000000000000000, 0.000000000000000000 ) ) ;
#4517 = DIRECTION ( 'NONE',  ( 0.000000000000000000, 0.000000000000000000, 1.000000000000000000 ) ) ;
#4518 = ORIENTED_EDGE ( 'NONE', *, *, #1719, .T. ) ;
#4519 = ADVANCED_FACE ( 'NONE', ( #3921 ), #3530, .F. ) ;
#4520 = EDGE_CURVE ( 'NONE', #2457, #319, #3, .T. ) ;
#4521 = ORIENTED_EDGE ( 'NONE', *, *, #882, .F. ) ;
#4522 = VERTEX_POINT ( 'NONE', #2308 ) ;
#4523 = EDGE_CURVE ( 'NONE', #37, #2947, #1695, .T. ) ;
#4524 = CARTESIAN_POINT ( 'NONE',  ( 15.00000000000000000, -11.99999999999999645, -57.50000000000000000 ) ) ;
#4525 = ADVANCED_FACE ( 'NONE', ( #3100 ), #2733, .F. ) ;
#4526 = CYLINDRICAL_SURFACE ( 'NONE', #4509, 1.600000000000001643 ) ;
#4527 = EDGE_CURVE ( 'NONE', #463, #148, #1945, .T. ) ;
#4528 = LINE ( 'NONE', #1011, #2092 ) ;
#4529 = VERTEX_POINT ( 'NONE', #4306 ) ;
#4530 = DIRECTION ( 'NONE',  ( -0.000000000000000000, 0.000000000000000000, 1.000000000000000000 ) ) ;
#4531 = DIRECTION ( 'NONE',  ( -0.000000000000000000, -0.000000000000000000, -1.000000000000000000 ) ) ;
#4532 = ORIENTED_EDGE ( 'NONE', *, *, #487, .T. ) ;
#4533 = DIRECTION ( 'NONE',  ( -1.000000000000000000, 0.000000000000000000, 0.000000000000000000 ) ) ;
#4534 = DIRECTION ( 'NONE',  ( 1.000000000000000000, -1.084123823871392583E-16, 0.000000000000000000 ) ) ;
#4535 = DIRECTION ( 'NONE',  ( -0.000000000000000000, -0.000000000000000000, -1.000000000000000000 ) ) ;
#4536 = ORIENTED_EDGE ( 'NONE', *, *, #3769, .F. ) ;
#4537 = CARTESIAN_POINT ( 'NONE',  ( -5.551115123125782702E-14, -64.00000000000000000, 5.000000000000000000 ) ) ;
#4538 = CARTESIAN_POINT ( 'NONE',  ( 15.00000000000000000, 1.699999999999999956, 10.00000000000000000 ) ) ;
#4539 = CARTESIAN_POINT ( 'NONE',  ( 53.22521166491402056, 52.86139777767081682, 5.164300034488744195 ) ) ;
#4540 = DIRECTION ( 'NONE',  ( -0.000000000000000000, 0.000000000000000000, 1.000000000000000000 ) ) ;
#4541 = EDGE_LOOP ( 'NONE', ( #1503, #4005, #2236, #2601, #899, #2195, #896, #3949, #3109 ) ) ;
#4542 = AXIS2_PLACEMENT_3D ( 'NONE', #1838, #1050, #2147 ) ;
#4543 = EDGE_LOOP ( 'NONE', ( #4289, #287, #3554, #956 ) ) ;
#4544 = ORIENTED_EDGE ( 'NONE', *, *, #4828, .T. ) ;
#4545 = CARTESIAN_POINT ( 'NONE',  ( -9.000000000000000000, -19.48635277547912281, 17.00000000000000000 ) ) ;
#4546 = PLANE ( 'NONE',  #2465 ) ;
#4547 = VECTOR ( 'NONE', #4083, 1000.000000000000114 ) ;
#4548 = EDGE_CURVE ( 'NONE', #4654, #2343, #1511, .T. ) ;
#4549 = CARTESIAN_POINT ( 'NONE',  ( 75.00000000000000000, -19.99999999999998579, 5.000000000000000000 ) ) ;
#4550 = VERTEX_POINT ( 'NONE', #718 ) ;
#4551 = DIRECTION ( 'NONE',  ( -1.000000000000000000, 0.000000000000000000, 0.000000000000000000 ) ) ;
#4552 = VECTOR ( 'NONE', #1553, 1000.000000000000000 ) ;
#4553 = CARTESIAN_POINT ( 'NONE',  ( -32.41141100645621975, -40.00000000000000000, 5.000000000000000000 ) ) ;
#4554 = EDGE_CURVE ( 'NONE', #4150, #1718, #1896, .T. ) ;
#4555 = ORIENTED_EDGE ( 'NONE', *, *, #5050, .F. ) ;
#4556 = EDGE_CURVE ( 'NONE', #3665, #505, #865, .T. ) ;
#4557 = FACE_BOUND ( 'NONE', #1016, .T. ) ;
#4558 = CARTESIAN_POINT ( 'NONE',  ( 0.000000000000000000, 0.000000000000000000, 15.00000000000000000 ) ) ;
#4559 = LINE ( 'NONE', #3483, #1529 ) ;
#4560 = ORIENTED_EDGE ( 'NONE', *, *, #4930, .F. ) ;
#4561 = DIRECTION ( 'NONE',  ( 0.000000000000000000, -0.000000000000000000, -1.000000000000000000 ) ) ;
#4562 = VECTOR ( 'NONE', #1986, 1000.000000000000000 ) ;
#4563 = CARTESIAN_POINT ( 'NONE',  ( 57.93994672654500988, -47.62411793238004520, 8.239077757836923865 ) ) ;
#4564 = PLANE ( 'NONE',  #1483 ) ;
#4565 = EDGE_CURVE ( 'NONE', #3783, #1916, #448, .T. ) ;
#4566 = CARTESIAN_POINT ( 'NONE',  ( -27.41141100645621620, 43.00000000000000000, 5.000000000000000000 ) ) ;
#4567 = ORIENTED_EDGE ( 'NONE', *, *, #453, .F. ) ;
#4568 = ORIENTED_EDGE ( 'NONE', *, *, #3117, .T. ) ;
#4569 = ORIENTED_EDGE ( 'NONE', *, *, #1380, .F. ) ;
#4570 = DIRECTION ( 'NONE',  ( 1.000000000000000000, 0.000000000000000000, 0.000000000000000000 ) ) ;
#4571 = LINE ( 'NONE', #4193, #3282 ) ;
#4572 = CARTESIAN_POINT ( 'NONE',  ( 63.44288770224761009, -40.00000000000000711, 15.00000000000000000 ) ) ;
#4573 = EDGE_CURVE ( 'NONE', #2574, #1988, #2429, .T. ) ;
#4574 = DIRECTION ( 'NONE',  ( 1.684197549492045345E-16, -1.000000000000000000, -0.000000000000000000 ) ) ;
#4575 = ORIENTED_EDGE ( 'NONE', *, *, #2053, .F. ) ;
#4576 = CARTESIAN_POINT ( 'NONE',  ( -4.514881701612018183, -75.27672911831339775, 0.2826079645192691170 ) ) ;
#4577 = DIRECTION ( 'NONE',  ( -0.000000000000000000, -0.000000000000000000, -1.000000000000000000 ) ) ;
#4578 = ORIENTED_EDGE ( 'NONE', *, *, #4089, .F. ) ;
#4579 = LINE ( 'NONE', #612, #2499 ) ;
#4580 = ADVANCED_FACE ( 'NONE', ( #1273 ), #70, .F. ) ;
#4581 = AXIS2_PLACEMENT_3D ( 'NONE', #1642, #4748, #1885 ) ;
#4582 = CARTESIAN_POINT ( 'NONE',  ( -9.000000000000000000, 64.00000000000000000, 17.00000000000000000 ) ) ;
#4583 = LINE ( 'NONE', #310, #4066 ) ;
#4584 = ORIENTED_EDGE ( 'NONE', *, *, #2268, .F. ) ;
#4585 = VECTOR ( 'NONE', #224, 1000.000000000000000 ) ;
#4586 = DIRECTION ( 'NONE',  ( 0.000000000000000000, 0.000000000000000000, 1.000000000000000000 ) ) ;
#4587 = EDGE_CURVE ( 'NONE', #781, #4308, #2863, .T. ) ;
#4588 = CARTESIAN_POINT ( 'NONE',  ( 58.12535420666586106, -47.39747365739916773, 8.494480720273401175 ) ) ;
#4589 = VECTOR ( 'NONE', #1547, 1000.000000000000000 ) ;
#4590 = CARTESIAN_POINT ( 'NONE',  ( 57.93847817557404056, 47.62591384670690076, 8.237047530432286990 ) ) ;
#4591 = CARTESIAN_POINT ( 'NONE',  ( 15.00000000000000000, 1.699999999999999956, 10.00000000000000000 ) ) ;
#4592 = ORIENTED_EDGE ( 'NONE', *, *, #2960, .T. ) ;
#4593 = EDGE_CURVE ( 'NONE', #54, #2413, #4373, .T. ) ;
#4594 = AXIS2_PLACEMENT_3D ( 'NONE', #1257, #2321, #4658 ) ;
#4595 = EDGE_LOOP ( 'NONE', ( #680, #910, #2016, #2198 ) ) ;
#4596 = ORIENTED_EDGE ( 'NONE', *, *, #2929, .F. ) ;
#4597 = FACE_OUTER_BOUND ( 'NONE', #1833, .T. ) ;
#4598 = CARTESIAN_POINT ( 'NONE',  ( 8.705810853249813519, -56.42382205463628964, 4.873290055586047664 ) ) ;
#4599 = DIRECTION ( 'NONE',  ( -0.000000000000000000, -0.000000000000000000, -1.000000000000000000 ) ) ;
#4600 = CARTESIAN_POINT ( 'NONE',  ( 3.879751057680255411, 19.48635277547910150, -5.000000000000000000 ) ) ;
#4601 = ADVANCED_FACE ( 'NONE', ( #1247 ), #2480, .F. ) ;
#4602 = CARTESIAN_POINT ( 'NONE',  ( 7.999999999999998224, 12.00000000000000178, 3.000000000000002665 ) ) ;
#4603 = CARTESIAN_POINT ( 'NONE',  ( 63.44288770224761009, 39.00000000000000711, 6.000000000000000000 ) ) ;
#4604 = VERTEX_POINT ( 'NONE', #4817 ) ;
#4605 = CARTESIAN_POINT ( 'NONE',  ( 73.39999999999993463, 19.99999999999998579, 3.499999999999977796 ) ) ;
#4606 = DIRECTION ( 'NONE',  ( 0.000000000000000000, 0.000000000000000000, 1.000000000000000000 ) ) ;
#4607 = ORIENTED_EDGE ( 'NONE', *, *, #3666, .F. ) ;
#4608 = DIRECTION ( 'NONE',  ( -0.000000000000000000, 0.000000000000000000, 1.000000000000000000 ) ) ;
#4609 = ORIENTED_EDGE ( 'NONE', *, *, #4839, .T. ) ;
#4610 = CARTESIAN_POINT ( 'NONE',  ( 4.086827247947534048, 2.121040528702082817, 0.000000000000000000 ) ) ;
#4611 = DIRECTION ( 'NONE',  ( 0.000000000000000000, 0.000000000000000000, 1.000000000000000000 ) ) ;
#4612 = EDGE_CURVE ( 'NONE', #104, #4880, #4764, .T. ) ;
#4613 = ORIENTED_EDGE ( 'NONE', *, *, #4587, .F. ) ;
#4614 = DIRECTION ( 'NONE',  ( -0.000000000000000000, -0.000000000000000000, -1.000000000000000000 ) ) ;
#4615 = CARTESIAN_POINT ( 'NONE',  ( 0.000000000000000000, 0.000000000000000000, 5.000000000000000000 ) ) ;
#4616 = EDGE_CURVE ( 'NONE', #781, #3388, #2809, .T. ) ;
#4617 = FACE_OUTER_BOUND ( 'NONE', #1670, .T. ) ;
#4618 = CARTESIAN_POINT ( 'NONE',  ( 55.27903253262358163, 50.68891404404565293, 5.972101625596602403 ) ) ;
#4619 = LINE ( 'NONE', #1514, #836 ) ;
#4620 = ORIENTED_EDGE ( 'NONE', *, *, #564, .F. ) ;
#4621 = B_SPLINE_CURVE_WITH_KNOTS ( 'NONE', 3,
 ( #1817, #3379, #3849, #3074, #4947, #335, #1900, #3460, #5021, #4643 ),
 .UNSPECIFIED., .F., .F.,
 ( 4, 2, 2, 2, 4 ),
 ( 0.000000000000000000, 0.0004257321173146997391, 0.0008514642346293994782, 0.001277196351944099272, 0.001702928469258798956 ),
 .UNSPECIFIED. ) ;
#4622 = VERTEX_POINT ( 'NONE', #451 ) ;
#4623 = ADVANCED_FACE ( 'NONE', ( #3993 ), #1680, .F. ) ;
#4624 = VERTEX_POINT ( 'NONE', #4713 ) ;
#4625 = CARTESIAN_POINT ( 'NONE',  ( 14.23761543394930484, 19.48635277547909084, -5.000000000000000000 ) ) ;
#4626 = CARTESIAN_POINT ( 'NONE',  ( 26.59999999999996589, 69.50000000000000000, 3.499999999999980016 ) ) ;
#4627 = CARTESIAN_POINT ( 'NONE',  ( 8.234128763125463379, 1.699999999999999956, 10.00000000000000000 ) ) ;
#4628 = CIRCLE ( 'NONE', #1926, 4.250000000000005329 ) ;
#4629 = LINE ( 'NONE', #348, #912 ) ;
#4630 = AXIS2_PLACEMENT_3D ( 'NONE', #2090, #2904, #168 ) ;
#4631 = VECTOR ( 'NONE', #1423, 1000.000000000000000 ) ;
#4632 = CARTESIAN_POINT ( 'NONE',  ( 26.50000000000000000, 5.500000000000000000, 0.000000000000000000 ) ) ;
#4633 = ORIENTED_EDGE ( 'NONE', *, *, #1730, .T. ) ;
#4634 = CARTESIAN_POINT ( 'NONE',  ( -6.105321644364227751, -75.39625000000000909, 0.000000000000000000 ) ) ;
#4635 = EDGE_CURVE ( 'NONE', #1718, #4422, #1297, .T. ) ;
#4636 = AXIS2_PLACEMENT_3D ( 'NONE', #1508, #4614, #2389 ) ;
#4637 = CARTESIAN_POINT ( 'NONE',  ( 24.00000000000000000, -40.00000000000000711, 15.00000000000000000 ) ) ;
#4638 = VERTEX_POINT ( 'NONE', #4788 ) ;
#4639 = CYLINDRICAL_SURFACE ( 'NONE', #2742, 1.600000000000004086 ) ;
#4640 = VERTEX_POINT ( 'NONE', #2836 ) ;
#4641 = CIRCLE ( 'NONE', #3162, 2.250000000000001332 ) ;
#4642 = DIRECTION ( 'NONE',  ( 0.000000000000000000, 0.000000000000000000, 1.000000000000000000 ) ) ;
#4643 = CARTESIAN_POINT ( 'NONE',  ( 64.06246951218787444, 39.00000000000000711, 5.000000000000000000 ) ) ;
#4644 = ORIENTED_EDGE ( 'NONE', *, *, #3377, .T. ) ;
#4645 = EDGE_CURVE ( 'NONE', #1924, #2249, #892, .T. ) ;
#4646 = AXIS2_PLACEMENT_3D ( 'NONE', #2127, #2591, #2972 ) ;
#4647 = PLANE ( 'NONE',  #2830 ) ;
#4648 = CIRCLE ( 'NONE', #1366, 3.100000000000019185 ) ;
#4649 = DIRECTION ( 'NONE',  ( -0.000000000000000000, -0.000000000000000000, -1.000000000000000000 ) ) ;
#4650 = CARTESIAN_POINT ( 'NONE',  ( -27.66829088000282511, -2.700000000000000178, 6.439198102782435207 ) ) ;
#4651 = DIRECTION ( 'NONE',  ( 1.000000000000000000, 0.000000000000000000, 0.000000000000000000 ) ) ;
#4652 = ORIENTED_EDGE ( 'NONE', *, *, #2749, .F. ) ;
#4653 = AXIS2_PLACEMENT_3D ( 'NONE', #4545, #1493, #4933 ) ;
#4654 = VERTEX_POINT ( 'NONE', #504 ) ;
#4655 = ORIENTED_EDGE ( 'NONE', *, *, #3085, .T. ) ;
#4656 = DIRECTION ( 'NONE',  ( -1.000000000000000000, 2.923691251646304546E-16, 0.000000000000000000 ) ) ;
#4657 = CARTESIAN_POINT ( 'NONE',  ( -31.00000000000000000, 0.000000000000000000, 0.000000000000000000 ) ) ;
#4658 = DIRECTION ( 'NONE',  ( 1.000000000000000000, 0.000000000000000000, 0.000000000000000000 ) ) ;
#4659 = VECTOR ( 'NONE', #238, 1000.000000000000000 ) ;
#4660 = CARTESIAN_POINT ( 'NONE',  ( 11.99999999999995204, 69.00000000000000000, 5.000000000000000000 ) ) ;
#4661 = CARTESIAN_POINT ( 'NONE',  ( -24.41141100645621975, 43.00000000000000000, 0.000000000000000000 ) ) ;
#4662 = ORIENTED_EDGE ( 'NONE', *, *, #4826, .T. ) ;
#4663 = EDGE_CURVE ( 'NONE', #4482, #4010, #3943, .T. ) ;
#4664 = DIRECTION ( 'NONE',  ( 1.000000000000000000, 0.000000000000000000, 0.000000000000000000 ) ) ;
#4665 = CARTESIAN_POINT ( 'NONE',  ( 26.59999999999999432, -69.50000000000000000, 3.499999999999980016 ) ) ;
#4666 = DIRECTION ( 'NONE',  ( -0.000000000000000000, -0.000000000000000000, 1.000000000000000000 ) ) ;
#4667 = ORIENTED_EDGE ( 'NONE', *, *, #101, .T. ) ;
#4668 = FACE_BOUND ( 'NONE', #2362, .T. ) ;
#4669 = LINE ( 'NONE', #2692, #2915 ) ;
#4670 = EDGE_LOOP ( 'NONE', ( #3293, #3503, #4997, #2392, #2045, #610, #4769, #2110, #4578, #1951, #844 ) ) ;
#4671 = VERTEX_POINT ( 'NONE', #4039 ) ;
#4672 = LINE ( 'NONE', #3129, #2001 ) ;
#4673 = CARTESIAN_POINT ( 'NONE',  ( 21.50000000000000000, 5.500000000000000000, 5.000000000000000000 ) ) ;
#4674 = EDGE_CURVE ( 'NONE', #2164, #4907, #1202, .T. ) ;
#4675 = ORIENTED_EDGE ( 'NONE', *, *, #776, .F. ) ;
#4676 = ORIENTED_EDGE ( 'NONE', *, *, #3928, .F. ) ;
#4677 = CONICAL_SURFACE ( 'NONE', #4427, 1.600000000000019851, 0.7853981633974463916 ) ;
#4678 = ORIENTED_EDGE ( 'NONE', *, *, #3545, .T. ) ;
#4679 = CARTESIAN_POINT ( 'NONE',  ( 0.000000000000000000, 0.000000000000000000, 15.00000000000000000 ) ) ;
#4680 = DIRECTION ( 'NONE',  ( -1.000000000000000000, 0.000000000000000000, 0.000000000000000000 ) ) ;
#4681 = DIRECTION ( 'NONE',  ( -0.000000000000000000, -0.000000000000000000, 1.000000000000000000 ) ) ;
#4682 = VECTOR ( 'NONE', #4882, 1000.000000000000000 ) ;
#4683 = EDGE_CURVE ( 'NONE', #2709, #3922, #430, .T. ) ;
#4684 = AXIS2_PLACEMENT_3D ( 'NONE', #5010, #2029, #2440 ) ;
#4685 = EDGE_CURVE ( 'NONE', #1341, #4729, #4334, .T. ) ;
#4686 = DIRECTION ( 'NONE',  ( 0.000000000000000000, 0.000000000000000000, 1.000000000000000000 ) ) ;
#4687 = ADVANCED_FACE ( 'NONE', ( #3549 ), #3171, .F. ) ;
#4688 = EDGE_LOOP ( 'NONE', ( #4655, #1463, #485, #1901 ) ) ;
#4689 = DIRECTION ( 'NONE',  ( 0.000000000000000000, 1.000000000000000000, -0.000000000000000000 ) ) ;
#4690 = CARTESIAN_POINT ( 'NONE',  ( -32.41141100645621975, -37.00000000000000000, 5.000000000000000000 ) ) ;
#4691 = CARTESIAN_POINT ( 'NONE',  ( 22.41528496361299005, 11.80868324581541451, -5.000000000000000000 ) ) ;
#4692 = EDGE_CURVE ( 'NONE', #544, #1653, #3289, .T. ) ;
#4693 = CARTESIAN_POINT ( 'NONE',  ( -4.800890492762312611, 75.25355559116542281, 0.3409115170975154374 ) ) ;
#4694 = ORIENTED_EDGE ( 'NONE', *, *, #1829, .T. ) ;
#4695 = CARTESIAN_POINT ( 'NONE',  ( -9.000000000000000000, 64.00000000000000000, 17.00000000000000000 ) ) ;
#4696 = DIRECTION ( 'NONE',  ( 0.000000000000000000, 0.000000000000000000, 1.000000000000000000 ) ) ;
#4697 = ORIENTED_EDGE ( 'NONE', *, *, #74, .F. ) ;
#4698 = ORIENTED_EDGE ( 'NONE', *, *, #4896, .F. ) ;
#4699 = LINE ( 'NONE', #3434, #3732 ) ;
#4700 = CARTESIAN_POINT ( 'NONE',  ( -9.000000000000000000, -64.00000000000000000, 17.00000000000000000 ) ) ;
#4701 = ORIENTED_EDGE ( 'NONE', *, *, #2643, .F. ) ;
#4702 = ORIENTED_EDGE ( 'NONE', *, *, #2537, .T. ) ;
#4703 = EDGE_LOOP ( 'NONE', ( #1407, #1681, #927, #94 ) ) ;
#4704 = CARTESIAN_POINT ( 'NONE',  ( 17.37975105768025230, 29.48635277547909084, -5.000000000000000000 ) ) ;
#4705 = DIRECTION ( 'NONE',  ( 1.000000000000000000, 0.000000000000000000, 0.000000000000000000 ) ) ;
#4706 = FACE_OUTER_BOUND ( 'NONE', #180, .T. ) ;
#4707 = CARTESIAN_POINT ( 'NONE',  ( 24.00000000000000000, -39.00000000000000711, 6.000000000000000000 ) ) ;
#4708 = VERTEX_POINT ( 'NONE', #3733 ) ;
#4709 = AXIS2_PLACEMENT_3D ( 'NONE', #3846, #3429, #4992 ) ;
#4710 = CYLINDRICAL_SURFACE ( 'NONE', #3771, 2.250000000000001332 ) ;
#4711 = ADVANCED_FACE ( 'NONE', ( #3264, #660 ), #1374, .F. ) ;
#4712 = VECTOR ( 'NONE', #2015, 1000.000000000000000 ) ;
#4713 = CARTESIAN_POINT ( 'NONE',  ( -6.600000000000022737, 72.50000000000000000, 1.500000000000001332 ) ) ;
#4714 = EDGE_LOOP ( 'NONE', ( #2957, #4258, #4468, #1613 ) ) ;
#4715 = AXIS2_PLACEMENT_3D ( 'NONE', #1938, #4252, #4219 ) ;
#4716 = DIRECTION ( 'NONE',  ( 0.000000000000000000, 1.000000000000000000, 0.000000000000000000 ) ) ;
#4717 = CARTESIAN_POINT ( 'NONE',  ( 3.367752467212620004, -59.23065455839070381, 4.146428677808987828 ) ) ;
#4718 = ORIENTED_EDGE ( 'NONE', *, *, #1047, .T. ) ;
#4719 = EDGE_CURVE ( 'NONE', #2441, #1157, #221, .T. ) ;
#4720 = ORIENTED_EDGE ( 'NONE', *, *, #71, .F. ) ;
#4721 = AXIS2_PLACEMENT_3D ( 'NONE', #1055, #4586, #235 ) ;
#4722 = FACE_BOUND ( 'NONE', #4205, .T. ) ;
#4723 = VECTOR ( 'NONE', #4480, 1000.000000000000000 ) ;
#4724 = DIRECTION ( 'NONE',  ( 0.000000000000000000, 1.000000000000000000, 0.000000000000000000 ) ) ;
#4725 = ORIENTED_EDGE ( 'NONE', *, *, #1644, .T. ) ;
#4726 = VECTOR ( 'NONE', #3275, 1000.000000000000000 ) ;
#4727 = VECTOR ( 'NONE', #3583, 1000.000000000000000 ) ;
#4728 = ORIENTED_EDGE ( 'NONE', *, *, #2157, .T. ) ;
#4729 = VERTEX_POINT ( 'NONE', #3706 ) ;
#4730 = CARTESIAN_POINT ( 'NONE',  ( -27.66829088000282511, -40.00000000000000000, 6.439198102782435207 ) ) ;
#4731 = DIRECTION ( 'NONE',  ( 0.000000000000000000, 0.000000000000000000, 1.000000000000000000 ) ) ;
#4732 = VECTOR ( 'NONE', #4231, 1000.000000000000114 ) ;
#4733 = LINE ( 'NONE', #860, #4322 ) ;
#4734 = VECTOR ( 'NONE', #1220, 1000.000000000000000 ) ;
#4735 = CARTESIAN_POINT ( 'NONE',  ( -29.41141100645622330, 39.99999999999999289, 0.000000000000000000 ) ) ;
#4736 = ORIENTED_EDGE ( 'NONE', *, *, #1953, .F. ) ;
#4737 = VECTOR ( 'NONE', #2153, 1000.000000000000000 ) ;
#4738 = LINE ( 'NONE', #2454, #1469 ) ;
#4739 = EDGE_CURVE ( 'NONE', #2709, #3694, #3644, .T. ) ;
#4740 = CARTESIAN_POINT ( 'NONE',  ( 21.50000000000000000, -5.500000000000000000, 5.000000000000000000 ) ) ;
#4741 = VERTEX_POINT ( 'NONE', #2580 ) ;
#4742 = LINE ( 'NONE', #432, #957 ) ;
#4743 = DIRECTION ( 'NONE',  ( -1.269309860470834724E-16, 1.000000000000000000, -0.000000000000000000 ) ) ;
#4744 = ORIENTED_EDGE ( 'NONE', *, *, #3016, .T. ) ;
#4745 = EDGE_CURVE ( 'NONE', #2953, #5055, #4094, .T. ) ;
#4746 = CARTESIAN_POINT ( 'NONE',  ( -24.38875556251408128, -81.94777972655472809, 5.000000000000000000 ) ) ;
#4747 = LINE ( 'NONE', #2104, #3824 ) ;
#4748 = DIRECTION ( 'NONE',  ( 0.000000000000000000, 0.000000000000000000, 1.000000000000000000 ) ) ;
#4749 = ORIENTED_EDGE ( 'NONE', *, *, #979, .T. ) ;
#4750 = EDGE_CURVE ( 'NONE', #2164, #2150, #3809, .T. ) ;
#4751 = EDGE_CURVE ( 'NONE', #4804, #1669, #1040, .T. ) ;
#4752 = LINE ( 'NONE', #4802, #3236 ) ;
#4753 = EDGE_LOOP ( 'NONE', ( #2610, #1560, #4128, #1722 ) ) ;
#4754 = ORIENTED_EDGE ( 'NONE', *, *, #3826, .F. ) ;
#4755 = AXIS2_PLACEMENT_3D ( 'NONE', #2730, #2327, #1527 ) ;
#4756 = DIRECTION ( 'NONE',  ( 1.000000000000000000, -1.004873251643209398E-15, 0.000000000000000000 ) ) ;
#4757 = CARTESIAN_POINT ( 'NONE',  ( 3.031150718847852149E-14, 29.48635277547910860, 0.000000000000000000 ) ) ;
#4758 = CIRCLE ( 'NONE', #2543, 2.999999999999999112 ) ;
#4759 = ORIENTED_EDGE ( 'NONE', *, *, #1910, .T. ) ;
#4760 = AXIS2_PLACEMENT_3D ( 'NONE', #5032, #1524, #3862 ) ;
#4761 = LINE ( 'NONE', #3989, #573 ) ;
#4762 = CIRCLE ( 'NONE', #990, 1.600000000000001643 ) ;
#4763 = EDGE_CURVE ( 'NONE', #3428, #3755, #555, .T. ) ;
#4764 = LINE ( 'NONE', #2763, #2248 ) ;
#4765 = VERTEX_POINT ( 'NONE', #169 ) ;
#4766 = DIRECTION ( 'NONE',  ( -0.000000000000000000, -0.000000000000000000, -1.000000000000000000 ) ) ;
#4767 = DIRECTION ( 'NONE',  ( -0.000000000000000000, -0.000000000000000000, -1.000000000000000000 ) ) ;
#4768 = VERTEX_POINT ( 'NONE', #4842 ) ;
#4769 = ORIENTED_EDGE ( 'NONE', *, *, #1519, .T. ) ;
#4770 = DIRECTION ( 'NONE',  ( 0.000000000000000000, 0.000000000000000000, 1.000000000000000000 ) ) ;
#4771 = DIRECTION ( 'NONE',  ( 0.000000000000000000, 0.000000000000000000, 1.000000000000000000 ) ) ;
#4772 = ADVANCED_FACE ( 'NONE', ( #4911 ), #1733, .F. ) ;
#4773 = CARTESIAN_POINT ( 'NONE',  ( -24.38875556251408483, -43.00000000000000000, 5.000000000000000000 ) ) ;
#4774 = CARTESIAN_POINT ( 'NONE',  ( -29.41141100645621975, -40.00000000000000000, 0.000000000000000000 ) ) ;
#4775 = VERTEX_POINT ( 'NONE', #2163 ) ;
#4776 = EDGE_CURVE ( 'NONE', #800, #2106, #3557, .T. ) ;
#4777 = LINE ( 'NONE', #1285, #4960 ) ;
#4778 = VERTEX_POINT ( 'NONE', #4500 ) ;
#4779 = ORIENTED_EDGE ( 'NONE', *, *, #4026, .F. ) ;
#4780 = LINE ( 'NONE', #2899, #477 ) ;
#4781 = CARTESIAN_POINT ( 'NONE',  ( -26.12623128628653291, 40.28671136270288855, 4.794822917677159957 ) ) ;
#4782 = DIRECTION ( 'NONE',  ( 1.000000000000000000, 0.000000000000000000, 0.000000000000000000 ) ) ;
#4783 = EDGE_CURVE ( 'NONE', #3882, #963, #3233, .T. ) ;
#4784 = ADVANCED_FACE ( 'NONE', ( #2886 ), #247, .F. ) ;
#4785 = EDGE_LOOP ( 'NONE', ( #1889, #3994, #31, #2338 ) ) ;
#4786 = DIRECTION ( 'NONE',  ( -0.000000000000000000, -0.000000000000000000, -1.000000000000000000 ) ) ;
#4787 = DIRECTION ( 'NONE',  ( -1.000000000000000000, 0.000000000000000000, 0.000000000000000000 ) ) ;
#4788 = CARTESIAN_POINT ( 'NONE',  ( 23.99999999999999289, -45.00000000000000711, 15.00000000000000000 ) ) ;
#4789 = VERTEX_POINT ( 'NONE', #2142 ) ;
#4790 = ADVANCED_FACE ( 'NONE', ( #2528 ), #1756, .T. ) ;
#4791 = DIRECTION ( 'NONE',  ( 1.000000000000000000, 0.000000000000000000, -0.000000000000000000 ) ) ;
#4792 = FACE_OUTER_BOUND ( 'NONE', #4891, .T. ) ;
#4793 = AXIS2_PLACEMENT_3D ( 'NONE', #486, #3271, #55 ) ;
#4794 = ORIENTED_EDGE ( 'NONE', *, *, #2948, .F. ) ;
#4795 = ORIENTED_EDGE ( 'NONE', *, *, #2908, .F. ) ;
#4796 = CARTESIAN_POINT ( 'NONE',  ( 74.99999999999994316, 19.99999999999998579, 5.000000000000000000 ) ) ;
#4797 = DIRECTION ( 'NONE',  ( 1.000000000000000000, 0.000000000000000000, 0.000000000000000000 ) ) ;
#4798 = DIRECTION ( 'NONE',  ( -0.000000000000000000, -0.000000000000000000, 1.000000000000000000 ) ) ;
#4799 = ORIENTED_EDGE ( 'NONE', *, *, #4616, .T. ) ;
#4800 = B_SPLINE_CURVE_WITH_KNOTS ( 'NONE', 3,
 ( #4238, #4319, #11, #3515, #3539, #1904, #1567, #1487, #414, #3464 ),
 .UNSPECIFIED., .F., .F.,
 ( 4, 2, 2, 2, 4 ),
 ( 0.000000000000000000, 0.0004239293621548421119, 0.0008478587243096842238, 0.001271788086464526336, 0.001695717448619368448 ),
 .UNSPECIFIED. ) ;
#4801 = VECTOR ( 'NONE', #3852, 1000.000000000000000 ) ;
#4802 = CARTESIAN_POINT ( 'NONE',  ( 15.00000000000000000, 6.700000000000001066, 5.000000000000000000 ) ) ;
#4803 = DIRECTION ( 'NONE',  ( 0.000000000000000000, 1.000000000000000000, 0.000000000000000000 ) ) ;
#4804 = VERTEX_POINT ( 'NONE', #4120 ) ;
#4805 = ORIENTED_EDGE ( 'NONE', *, *, #1732, .T. ) ;
#4806 = DIRECTION ( 'NONE',  ( 1.000000000000000000, 0.000000000000000000, 0.000000000000000000 ) ) ;
#4807 = DIRECTION ( 'NONE',  ( -0.000000000000000000, -0.000000000000000000, 1.000000000000000000 ) ) ;
#4808 = AXIS2_PLACEMENT_3D ( 'NONE', #1426, #1835, #664 ) ;
#4809 = CARTESIAN_POINT ( 'NONE',  ( -1.000000000000054623, -69.00000000000000000, 0.000000000000000000 ) ) ;
#4810 = VECTOR ( 'NONE', #1599, 1000.000000000000000 ) ;
#4811 = CIRCLE ( 'NONE', #3243, 2.999999999999999112 ) ;
#4812 = ORIENTED_EDGE ( 'NONE', *, *, #2970, .F. ) ;
#4813 = AXIS2_PLACEMENT_3D ( 'NONE', #2254, #3818, #309 ) ;
#4814 = CARTESIAN_POINT ( 'NONE',  ( 22.41528496361299005, 11.80868324581541451, -5.000000000000000000 ) ) ;
#4815 = EDGE_CURVE ( 'NONE', #1312, #2504, #605, .T. ) ;
#4816 = AXIS2_PLACEMENT_3D ( 'NONE', #2112, #883, #2473 ) ;
#4817 = CARTESIAN_POINT ( 'NONE',  ( 69.73799092751333717, 3.999999999999991562, 0.000000000000000000 ) ) ;
#4818 = EDGE_LOOP ( 'NONE', ( #345, #1417, #3177, #4352, #2631, #72, #3620, #4749, #4799 ) ) ;
#4819 = FACE_OUTER_BOUND ( 'NONE', #4858, .T. ) ;
#4820 = CARTESIAN_POINT ( 'NONE',  ( 63.44288770224761009, 40.00000000000000711, 15.00000000000000000 ) ) ;
#4821 = EDGE_CURVE ( 'NONE', #1110, #416, #4528, .T. ) ;
#4822 = ORIENTED_EDGE ( 'NONE', *, *, #5015, .T. ) ;
#4823 = CYLINDRICAL_SURFACE ( 'NONE', #4542, 17.79999999999999716 ) ;
#4824 = DIRECTION ( 'NONE',  ( 1.000000000000000000, 0.000000000000000000, 0.000000000000000000 ) ) ;
#4825 = DIRECTION ( 'NONE',  ( -8.673617379884035472E-16, 1.000000000000000000, -0.000000000000000000 ) ) ;
#4826 = EDGE_CURVE ( 'NONE', #3401, #2724, #864, .T. ) ;
#4827 = ORIENTED_EDGE ( 'NONE', *, *, #418, .F. ) ;
#4828 = EDGE_CURVE ( 'NONE', #2441, #3192, #1172, .T. ) ;
#4829 = DIRECTION ( 'NONE',  ( -0.2997639500929226708, 0.9540134035875427188, 0.000000000000000000 ) ) ;
#4830 = CARTESIAN_POINT ( 'NONE',  ( 0.000000000000000000, 64.00000000000000000, 5.000000000000000000 ) ) ;
#4831 = ORIENTED_EDGE ( 'NONE', *, *, #4685, .T. ) ;
#4832 = VERTEX_POINT ( 'NONE', #3424 ) ;
#4833 = CARTESIAN_POINT ( 'NONE',  ( 26.50000000000000355, -8.500000000000000000, 5.000000000000000000 ) ) ;
#4834 = LINE ( 'NONE', #595, #909 ) ;
#4835 = DIRECTION ( 'NONE',  ( -1.301042606982605074E-16, 1.000000000000000000, -0.000000000000000000 ) ) ;
#4836 = AXIS2_PLACEMENT_3D ( 'NONE', #804, #3081, #3930 ) ;
#4837 = VERTEX_POINT ( 'NONE', #1066 ) ;
#4838 = CARTESIAN_POINT ( 'NONE',  ( -24.41141100645621975, 40.00000000000000000, 5.000000000000000000 ) ) ;
#4839 = EDGE_CURVE ( 'NONE', #1274, #3581, #326, .T. ) ;
#4840 = AXIS2_PLACEMENT_3D ( 'NONE', #3812, #301, #1865 ) ;
#4841 = EDGE_CURVE ( 'NONE', #945, #3783, #3587, .T. ) ;
#4842 = CARTESIAN_POINT ( 'NONE',  ( 64.06246951218787444, -39.00000000000000711, 5.000000000000000000 ) ) ;
#4843 = VERTEX_POINT ( 'NONE', #1888 ) ;
#4844 = AXIS2_PLACEMENT_3D ( 'NONE', #1587, #4767, #825 ) ;
#4845 = AXIS2_PLACEMENT_3D ( 'NONE', #2291, #3854, #4651 ) ;
#4846 = FACE_OUTER_BOUND ( 'NONE', #1030, .T. ) ;
#4847 = ADVANCED_FACE ( 'NONE', ( #2683 ), #2352, .F. ) ;
#4848 = ORIENTED_EDGE ( 'NONE', *, *, #1117, .F. ) ;
#4849 = ORIENTED_EDGE ( 'NONE', *, *, #2861, .T. ) ;
#4850 = DIRECTION ( 'NONE',  ( -1.000000000000000000, 0.000000000000000000, 0.000000000000000000 ) ) ;
#4851 = CARTESIAN_POINT ( 'NONE',  ( -9.000000000000000000, -11.99999999999999645, 17.00000000000000000 ) ) ;
#4852 = CARTESIAN_POINT ( 'NONE',  ( -27.66829088000282511, -6.700000000000000178, 9.439414909974713552 ) ) ;
#4853 = ORIENTED_EDGE ( 'NONE', *, *, #3159, .F. ) ;
#4854 = FACE_OUTER_BOUND ( 'NONE', #3189, .T. ) ;
#4855 = CARTESIAN_POINT ( 'NONE',  ( 4.146862743635832516, 64.00000000000000000, 5.000000000000000888 ) ) ;
#4856 = ORIENTED_EDGE ( 'NONE', *, *, #2095, .T. ) ;
#4857 = DIRECTION ( 'NONE',  ( 1.004873251643209398E-15, 1.000000000000000000, 0.000000000000000000 ) ) ;
#4858 = EDGE_LOOP ( 'NONE', ( #3497, #4054, #3156, #3784 ) ) ;
#4859 = ORIENTED_EDGE ( 'NONE', *, *, #3646, .F. ) ;
#4860 = CYLINDRICAL_SURFACE ( 'NONE', #2276, 85.49999999999998579 ) ;
#4861 = CARTESIAN_POINT ( 'NONE',  ( 28.19999999999997087, 69.50000000000000000, 5.000000000000000000 ) ) ;
#4862 = EDGE_LOOP ( 'NONE', ( #2903, #387, #1984, #3365 ) ) ;
#4863 = CARTESIAN_POINT ( 'NONE',  ( 63.44288770224761009, 40.00000000000000711, 15.00000000000000000 ) ) ;
#4864 = DIRECTION ( 'NONE',  ( -0.000000000000000000, -0.000000000000000000, -1.000000000000000000 ) ) ;
#4865 = ORIENTED_EDGE ( 'NONE', *, *, #1510, .F. ) ;
#4866 = CARTESIAN_POINT ( 'NONE',  ( -8.100000000000029843, -72.50000000000000000, 0.000000000000000000 ) ) ;
#4867 = VECTOR ( 'NONE', #4201, 1000.000000000000000 ) ;
#4868 = CARTESIAN_POINT ( 'NONE',  ( 24.00000000000000000, 40.00000000000000711, 15.00000000000000000 ) ) ;
#4869 = DIRECTION ( 'NONE',  ( -0.000000000000000000, -0.000000000000000000, -1.000000000000000000 ) ) ;
#4870 = ORIENTED_EDGE ( 'NONE', *, *, #674, .F. ) ;
#4871 = CIRCLE ( 'NONE', #3399, 75.00000000000001421 ) ;
#4872 = CARTESIAN_POINT ( 'NONE',  ( 14.23761543394930484, -19.48635277547909084, -5.000000000000000000 ) ) ;
#4873 = CARTESIAN_POINT ( 'NONE',  ( 15.10847152011856842, -19.11549668930982904, 5.000000000000000000 ) ) ;
#4874 = EDGE_LOOP ( 'NONE', ( #3724, #1345, #1319, #2114 ) ) ;
#4875 = DIRECTION ( 'NONE',  ( 1.000000000000000000, 1.321052952026465337E-16, -0.000000000000000000 ) ) ;
#4876 = LINE ( 'NONE', #1316, #3039 ) ;
#4877 = VECTOR ( 'NONE', #4898, 1000.000000000000000 ) ;
#4878 = DIRECTION ( 'NONE',  ( -1.156482317317871133E-15, -1.000000000000000000, -0.000000000000000000 ) ) ;
#4879 = VERTEX_POINT ( 'NONE', #3502 ) ;
#4880 = VERTEX_POINT ( 'NONE', #5064 ) ;
#4881 = DIRECTION ( 'NONE',  ( 0.000000000000000000, 1.000000000000000000, 0.000000000000000000 ) ) ;
#4882 = DIRECTION ( 'NONE',  ( 1.000000000000000000, 0.000000000000000000, 0.000000000000000000 ) ) ;
#4883 = AXIS2_PLACEMENT_3D ( 'NONE', #4436, #4460, #2149 ) ;
#4884 = DIRECTION ( 'NONE',  ( -0.7071067811865462405, 8.659560562354916834E-17, 0.7071067811865489050 ) ) ;
#4885 = CONICAL_SURFACE ( 'NONE', #2680, 3.100000000000019185, 0.7853981633974465026 ) ;
#4886 = CIRCLE ( 'NONE', #2185, 85.49999999999998579 ) ;
#4887 = ORIENTED_EDGE ( 'NONE', *, *, #1640, .F. ) ;
#4888 = EDGE_CURVE ( 'NONE', #2541, #1021, #1549, .T. ) ;
#4889 = CARTESIAN_POINT ( 'NONE',  ( 76.59999999999999432, -19.99999999999998579, 3.499999999999977796 ) ) ;
#4890 = CARTESIAN_POINT ( 'NONE',  ( -21.38875556251408128, -79.67917629774431987, 0.000000000000000000 ) ) ;
#4891 = EDGE_LOOP ( 'NONE', ( #539, #208, #4822, #777, #2132 ) ) ;
#4892 = DIRECTION ( 'NONE',  ( -1.387778780781446464E-15, -1.000000000000000000, -0.000000000000000000 ) ) ;
#4893 = VECTOR ( 'NONE', #976, 1000.000000000000000 ) ;
#4894 = DIRECTION ( 'NONE',  ( 0.000000000000000000, 0.000000000000000000, 1.000000000000000000 ) ) ;
#4895 = FACE_OUTER_BOUND ( 'NONE', #1632, .T. ) ;
#4896 = EDGE_CURVE ( 'NONE', #505, #4622, #2746, .T. ) ;
#4897 = ORIENTED_EDGE ( 'NONE', *, *, #2587, .T. ) ;
#4898 = DIRECTION ( 'NONE',  ( -0.000000000000000000, 1.000000000000000000, -0.000000000000000000 ) ) ;
#4899 = EDGE_CURVE ( 'NONE', #692, #1312, #1447, .T. ) ;
#4900 =( NAMED_UNIT ( * ) SI_UNIT ( $, .STERADIAN. ) SOLID_ANGLE_UNIT ( ) );
#4901 = ORIENTED_EDGE ( 'NONE', *, *, #774, .T. ) ;
#4902 = CYLINDRICAL_SURFACE ( 'NONE', #1868, 1.600000000000019851 ) ;
#4903 = CARTESIAN_POINT ( 'NONE',  ( 64.99999999999998579, 45.00000000000000000, -5.000000000000000000 ) ) ;
#4904 = CARTESIAN_POINT ( 'NONE',  ( 26.50000000000000000, 5.500000000000000000, 5.000000000000000000 ) ) ;
#4905 = VERTEX_POINT ( 'NONE', #1861 ) ;
#4906 = ADVANCED_FACE ( 'NONE', ( #1146 ), #4196, .F. ) ;
#4907 = VERTEX_POINT ( 'NONE', #4661 ) ;
#4908 = CARTESIAN_POINT ( 'NONE',  ( -11.39999999999999325, -78.00000000000001421, 3.499999999999994671 ) ) ;
#4909 = DIRECTION ( 'NONE',  ( -1.541976423090496028E-15, 0.000000000000000000, 1.000000000000000000 ) ) ;
#4910 = LINE ( 'NONE', #2217, #1809 ) ;
#4911 = FACE_OUTER_BOUND ( 'NONE', #4314, .T. ) ;
#4912 = ORIENTED_EDGE ( 'NONE', *, *, #2157, .F. ) ;
#4913 = VECTOR ( 'NONE', #2355, 1000.000000000000000 ) ;
#4914 = CYLINDRICAL_SURFACE ( 'NONE', #1723, 1.600000000000019851 ) ;
#4915 = CARTESIAN_POINT ( 'NONE',  ( -5.000000000000009770, -72.50000000000000000, 0.000000000000000000 ) ) ;
#4916 = ORIENTED_EDGE ( 'NONE', *, *, #3546, .F. ) ;
#4917 = FACE_BOUND ( 'NONE', #3256, .T. ) ;
#4918 = AXIS2_PLACEMENT_3D ( 'NONE', #2804, #2397, #3958 ) ;
#4919 = CARTESIAN_POINT ( 'NONE',  ( 9.668084057630199624, -81.79017427099057613, 4.282459954586579798 ) ) ;
#4920 = CARTESIAN_POINT ( 'NONE',  ( 28.19999999999999929, -69.50000000000000000, 0.000000000000000000 ) ) ;
#4921 = VECTOR ( 'NONE', #4167, 1000.000000000000000 ) ;
#4922 = VERTEX_POINT ( 'NONE', #4632 ) ;
#4923 = VECTOR ( 'NONE', #875, 999.9999999999998863 ) ;
#4924 = CARTESIAN_POINT ( 'NONE',  ( 8.600370242754996397, -108.3000000000000398, 5.000000000000000000 ) ) ;
#4925 = PRODUCT_CONTEXT ( 'NONE', #532, 'mechanical' ) ;
#4926 = CARTESIAN_POINT ( 'NONE',  ( 55.28901320107123496, -50.67802710114081322, 5.977302759735210635 ) ) ;
#4927 = CARTESIAN_POINT ( 'NONE',  ( 60.00000000000001421, 45.00000000000000711, 15.00000000000000000 ) ) ;
#4928 = CARTESIAN_POINT ( 'NONE',  ( 66.59999999999999432, 45.00000000000000000, -5.000000000000000000 ) ) ;
#4929 = ORIENTED_EDGE ( 'NONE', *, *, #1930, .F. ) ;
#4930 = EDGE_CURVE ( 'NONE', #4096, #2819, #4871, .T. ) ;
#4931 = EDGE_LOOP ( 'NONE', ( #2558, #4718, #1562, #1880 ) ) ;
#4932 = ORIENTED_EDGE ( 'NONE', *, *, #512, .F. ) ;
#4933 = DIRECTION ( 'NONE',  ( -1.000000000000000000, -9.745637505487682477E-16, -4.794853652699939731E-14 ) ) ;
#4934 = ADVANCED_FACE ( 'NONE', ( #4985 ), #2728, .T. ) ;
#4935 = PLANE ( 'NONE',  #3447 ) ;
#4936 = ADVANCED_FACE ( 'NONE', ( #2654 ), #1679, .F. ) ;
#4937 = CARTESIAN_POINT ( 'NONE',  ( 8.000000000000000000, 1.699999999999999956, -57.50000000000000000 ) ) ;
#4938 = DIRECTION ( 'NONE',  ( 0.2769703097043765827, 0.000000000000000000, 0.9608784769898125466 ) ) ;
#4939 = ORIENTED_EDGE ( 'NONE', *, *, #739, .F. ) ;
#4940 = CARTESIAN_POINT ( 'NONE',  ( -13.00000000000001243, -78.00000000000001421, 5.000000000000000000 ) ) ;
#4941 = CARTESIAN_POINT ( 'NONE',  ( -27.66829088000282511, -6.699999999999997513, 8.689198102782434319 ) ) ;
#4942 = ORIENTED_EDGE ( 'NONE', *, *, #4309, .T. ) ;
#4943 = FACE_BOUND ( 'NONE', #1783, .T. ) ;
#4944 = EDGE_CURVE ( 'NONE', #1687, #4837, #1598, .T. ) ;
#4945 = ADVANCED_FACE ( 'NONE', ( #1120 ), #740, .F. ) ;
#4946 = DIRECTION ( 'NONE',  ( -0.000000000000000000, -0.000000000000000000, -1.000000000000000000 ) ) ;
#4947 = CARTESIAN_POINT ( 'NONE',  ( 63.58498338203597200, 39.77389263678005449, 5.353497641944727548 ) ) ;
#4948 = ORIENTED_EDGE ( 'NONE', *, *, #2556, .F. ) ;
#4949 = CARTESIAN_POINT ( 'NONE',  ( -3.399999999999996803, -72.50000000000000000, 5.000000000000000000 ) ) ;
#4950 = CARTESIAN_POINT ( 'NONE',  ( 59.73143532533471500, -45.35601248816927011, 12.32779503831634038 ) ) ;
#4951 = CARTESIAN_POINT ( 'NONE',  ( 25.00000000000000711, -69.00000000000000000, 5.000000000000000000 ) ) ;
#4952 = CARTESIAN_POINT ( 'NONE',  ( -11.39999999999999325, -78.00000000000001421, 5.000000000000000000 ) ) ;
#4953 = EDGE_LOOP ( 'NONE', ( #1007, #66, #980, #567 ) ) ;
#4954 = VERTEX_POINT ( 'NONE', #401 ) ;
#4955 = AXIS2_PLACEMENT_3D ( 'NONE', #3887, #3114, #3396 ) ;
#4956 = CARTESIAN_POINT ( 'NONE',  ( 24.18305191657966446, -24.18305191657968933, 0.000000000000000000 ) ) ;
#4957 = CARTESIAN_POINT ( 'NONE',  ( -16.10000000000004405, 78.00000000000001421, 5.000000000000000000 ) ) ;
#4958 = FACE_OUTER_BOUND ( 'NONE', #2780, .T. ) ;
#4959 = EDGE_CURVE ( 'NONE', #4173, #248, #1743, .T. ) ;
#4960 = VECTOR ( 'NONE', #878, 1000.000000000000000 ) ;
#4961 = CARTESIAN_POINT ( 'NONE',  ( -29.41141100645621975, 37.00000000000000000, 5.000000000000000000 ) ) ;
#4962 = ORIENTED_EDGE ( 'NONE', *, *, #890, .T. ) ;
#4963 = CARTESIAN_POINT ( 'NONE',  ( -5.767272579498419205, -75.31565308977577899, 0.1869948116800371207 ) ) ;
#4964 = CARTESIAN_POINT ( 'NONE',  ( 15.00000000000000000, -4.000000000000008882, -57.50000000000000000 ) ) ;
#4965 = EDGE_CURVE ( 'NONE', #2385, #3956, #2253, .T. ) ;
#4966 = ORIENTED_EDGE ( 'NONE', *, *, #4207, .F. ) ;
#4967 = DIRECTION ( 'NONE',  ( 1.000000000000000000, 0.000000000000000000, 0.000000000000000000 ) ) ;
#4968 = CARTESIAN_POINT ( 'NONE',  ( 11.56990943998949284, -81.99354298522314366, 4.554504147091329891 ) ) ;
#4969 = DIRECTION ( 'NONE',  ( -0.000000000000000000, -0.000000000000000000, -1.000000000000000000 ) ) ;
#4970 = ADVANCED_FACE ( 'NONE', ( #2061 ), #3524, .F. ) ;
#4971 = ORIENTED_EDGE ( 'NONE', *, *, #396, .T. ) ;
#4972 = DIRECTION ( 'NONE',  ( -0.000000000000000000, -0.000000000000000000, 1.000000000000000000 ) ) ;
#4973 = AXIS2_PLACEMENT_3D ( 'NONE', #2603, #2238, #4570 ) ;
#4974 = EDGE_CURVE ( 'NONE', #2740, #2002, #3693, .T. ) ;
#4975 = CYLINDRICAL_SURFACE ( 'NONE', #3508, 1.600000000000004086 ) ;
#4976 = CARTESIAN_POINT ( 'NONE',  ( 0.000000000000000000, -39.00000000000000711, 5.000000000000000000 ) ) ;
#4977 = EDGE_CURVE ( 'NONE', #1793, #4768, #1517, .T. ) ;
#4978 = CARTESIAN_POINT ( 'NONE',  ( 26.59999999999996589, 69.50000000000000000, 5.000000000000000000 ) ) ;
#4979 = VERTEX_POINT ( 'NONE', #1966 ) ;
#4980 = ORIENTED_EDGE ( 'NONE', *, *, #278, .F. ) ;
#4981 = ORIENTED_EDGE ( 'NONE', *, *, #4527, .F. ) ;
#4982 = DIRECTION ( 'NONE',  ( -0.000000000000000000, -1.000000000000000000, -0.000000000000000000 ) ) ;
#4983 = DIRECTION ( 'NONE',  ( 0.000000000000000000, -1.000000000000000000, 0.000000000000000000 ) ) ;
#4984 = CARTESIAN_POINT ( 'NONE',  ( -32.41141100645621975, 37.00000000000000000, 0.000000000000000000 ) ) ;
#4985 = FACE_OUTER_BOUND ( 'NONE', #2040, .T. ) ;
#4986 = EDGE_LOOP ( 'NONE', ( #2082, #1939, #3955, #3454 ) ) ;
#4987 = EDGE_CURVE ( 'NONE', #2776, #2635, #3302, .T. ) ;
#4988 = CARTESIAN_POINT ( 'NONE',  ( 26.50000000000000000, 5.500000000000000000, 5.000000000000000000 ) ) ;
#4989 = DIRECTION ( 'NONE',  ( -0.000000000000000000, -0.000000000000000000, -1.000000000000000000 ) ) ;
#4990 = EDGE_CURVE ( 'NONE', #857, #4374, #1358, .T. ) ;
#4991 = VERTEX_POINT ( 'NONE', #1668 ) ;
#4992 = DIRECTION ( 'NONE',  ( 1.000000000000000000, 0.000000000000000000, 0.000000000000000000 ) ) ;
#4993 = ORIENTED_EDGE ( 'NONE', *, *, #1539, .T. ) ;
#4994 = CIRCLE ( 'NONE', #1472, 3.100000000000020961 ) ;
#4995 = CARTESIAN_POINT ( 'NONE',  ( 19.94041122946007505, 28.42569260369927520, 5.000000000000000000 ) ) ;
#4996 = CARTESIAN_POINT ( 'NONE',  ( -26.00000000000000000, -1.700000000000003064, 0.000000000000000000 ) ) ;
#4997 = ORIENTED_EDGE ( 'NONE', *, *, #1890, .T. ) ;
#4998 = FACE_OUTER_BOUND ( 'NONE', #3364, .T. ) ;
#4999 = CIRCLE ( 'NONE', #98, 3.100000000000019185 ) ;
#5000 = DIRECTION ( 'NONE',  ( -0.9455614744496961821, 9.750371765498805960E-17, -0.3254435404744063787 ) ) ;
#5001 = CARTESIAN_POINT ( 'NONE',  ( -5.000000000000009770, -72.50000000000000000, 1.500000000000001332 ) ) ;
#5002 = CARTESIAN_POINT ( 'NONE',  ( 59.46552209255448673, 45.70583669401613491, 11.23634663309928072 ) ) ;
#5003 = CARTESIAN_POINT ( 'NONE',  ( -22.14686274363582896, 64.00000000000000000, 5.000000000000000888 ) ) ;
#5004 = ORIENTED_EDGE ( 'NONE', *, *, #3545, .F. ) ;
#5005 = VERTEX_POINT ( 'NONE', #2922 ) ;
#5006 = ORIENTED_EDGE ( 'NONE', *, *, #3878, .F. ) ;
#5007 = EDGE_CURVE ( 'NONE', #3628, #1628, #3226, .T. ) ;
#5008 = CARTESIAN_POINT ( 'NONE',  ( -27.66829088000282511, -6.699999999999997513, 6.439198102782435207 ) ) ;
#5009 = DIRECTION ( 'NONE',  ( 0.000000000000000000, 0.000000000000000000, 1.000000000000000000 ) ) ;
#5010 = CARTESIAN_POINT ( 'NONE',  ( -5.000000000000009770, -72.50000000000000000, 0.000000000000000000 ) ) ;
#5011 = DIRECTION ( 'NONE',  ( -0.000000000000000000, -0.000000000000000000, -1.000000000000000000 ) ) ;
#5012 = CARTESIAN_POINT ( 'NONE',  ( -27.66829088000282511, -1.700000000000003508, 6.439198102782435207 ) ) ;
#5013 = VERTEX_POINT ( 'NONE', #2109 ) ;
#5014 = DIRECTION ( 'NONE',  ( -1.000000000000000000, 0.000000000000000000, 0.000000000000000000 ) ) ;
#5015 = EDGE_CURVE ( 'NONE', #1520, #2852, #519, .T. ) ;
#5016 = LINE ( 'NONE', #2224, #2593 ) ;
#5017 = VERTEX_POINT ( 'NONE', #4490 ) ;
#5018 = CARTESIAN_POINT ( 'NONE',  ( 5.303300858898786885, -5.303300858898786885, 0.000000000000000000 ) ) ;
#5019 = ORIENTED_EDGE ( 'NONE', *, *, #1794, .F. ) ;
#5020 = FACE_OUTER_BOUND ( 'NONE', #4404, .T. ) ;
#5021 = CARTESIAN_POINT ( 'NONE',  ( 63.98781151919516219, 39.12263526666504276, 5.000000000000000000 ) ) ;
#5022 = VERTEX_POINT ( 'NONE', #1287 ) ;
#5023 = DIRECTION ( 'NONE',  ( 1.000000000000000000, 1.269309860470834724E-16, -0.000000000000000000 ) ) ;
#5024 = DIRECTION ( 'NONE',  ( -0.000000000000000000, 1.000000000000000000, -0.000000000000000000 ) ) ;
#5025 = CARTESIAN_POINT ( 'NONE',  ( -27.66829088000282511, -2.700000000000000178, 6.439198102782435207 ) ) ;
#5026 = ORIENTED_EDGE ( 'NONE', *, *, #4447, .F. ) ;
#5027 = ORIENTED_EDGE ( 'NONE', *, *, #1298, .T. ) ;
#5028 = ORIENTED_EDGE ( 'NONE', *, *, #4149, .T. ) ;
#5029 = DIRECTION ( 'NONE',  ( 1.000000000000000000, 0.000000000000000000, 0.000000000000000000 ) ) ;
#5030 = DIRECTION ( 'NONE',  ( 1.000000000000000000, 0.000000000000000000, 0.000000000000000000 ) ) ;
#5031 = VECTOR ( 'NONE', #1631, 1000.000000000000000 ) ;
#5032 = CARTESIAN_POINT ( 'NONE',  ( -27.66829088000282511, -46.69999999999999574, 6.439198102782435207 ) ) ;
#5033 = VECTOR ( 'NONE', #182, 1000.000000000000114 ) ;
#5034 = DIRECTION ( 'NONE',  ( -0.000000000000000000, -0.000000000000000000, 1.000000000000000000 ) ) ;
#5035 = ORIENTED_EDGE ( 'NONE', *, *, #354, .T. ) ;
#5036 = DIRECTION ( 'NONE',  ( -0.7071067811865457964, 8.659560562354910671E-17, 0.7071067811865492381 ) ) ;
#5037 = CIRCLE ( 'NONE', #1275, 2.249999999999998668 ) ;
#5038 = LINE ( 'NONE', #3763, #628 ) ;
#5039 = CARTESIAN_POINT ( 'NONE',  ( 76.59999999999999432, -19.99999999999998579, 5.000000000000000000 ) ) ;
#5040 = VERTEX_POINT ( 'NONE', #2517 ) ;
#5041 = ADVANCED_FACE ( 'NONE', ( #2081 ), #2877, .F. ) ;
#5042 = AXIS2_PLACEMENT_3D ( 'NONE', #1760, #4099, #196 ) ;
#5043 = CARTESIAN_POINT ( 'NONE',  ( 28.19999999999999929, -69.50000000000000000, 5.000000000000000000 ) ) ;
#5044 = CARTESIAN_POINT ( 'NONE',  ( -1.000000000000080602, 69.00000000000000000, 5.000000000000000000 ) ) ;
#5045 = AXIS2_PLACEMENT_3D ( 'NONE', #851, #537, #898 ) ;
#5046 = VERTEX_POINT ( 'NONE', #22 ) ;
#5047 = ORIENTED_EDGE ( 'NONE', *, *, #3117, .F. ) ;
#5048 = CIRCLE ( 'NONE', #4473, 4.250000000000006217 ) ;
#5049 = DIRECTION ( 'NONE',  ( -0.000000000000000000, -0.000000000000000000, -1.000000000000000000 ) ) ;
#5050 = EDGE_CURVE ( 'NONE', #3755, #4495, #4329, .T. ) ;
#5051 = AXIS2_PLACEMENT_3D ( 'NONE', #3742, #2227, #2917 ) ;
#5052 = EDGE_CURVE ( 'NONE', #4279, #2568, #135, .T. ) ;
#5053 = CARTESIAN_POINT ( 'NONE',  ( 26.50000000000000000, -5.500000000000000000, 5.000000000000000000 ) ) ;
#5054 =( NAMED_UNIT ( * ) SI_UNIT ( $, .STERADIAN. ) SOLID_ANGLE_UNIT ( ) );
#5055 = VERTEX_POINT ( 'NONE', #1196 ) ;
#5056 = EDGE_CURVE ( 'NONE', #2186, #3899, #4439, .T. ) ;
#5057 = EDGE_CURVE ( 'NONE', #2413, #2581, #2494, .T. ) ;
#5058 = VECTOR ( 'NONE', #1625, 1000.000000000000000 ) ;
#5059 = ORIENTED_EDGE ( 'NONE', *, *, #1506, .F. ) ;
#5060 = EDGE_LOOP ( 'NONE', ( #4620, #1959, #4759, #827, #1431 ) ) ;
#5061 = FACE_OUTER_BOUND ( 'NONE', #4595, .T. ) ;
#5062 = CARTESIAN_POINT ( 'NONE',  ( -29.39780203086234778, -46.69999999999999574, 5.000000000000000000 ) ) ;
#5063 = CARTESIAN_POINT ( 'NONE',  ( 73.39999999999993463, 19.99999999999998579, 0.000000000000000000 ) ) ;
#5064 = CARTESIAN_POINT ( 'NONE',  ( 26.50000000000000355, 8.500000000000000000, 0.000000000000000000 ) ) ;
#5065 = ORIENTED_EDGE ( 'NONE', *, *, #3774, .F. ) ;
#5066 = DIRECTION ( 'NONE',  ( -0.000000000000000000, -0.000000000000000000, -1.000000000000000000 ) ) ;
ENDSEC;
END-ISO-10303-21;
