ISO-10303-21;
HEADER;
FILE_DESCRIPTION (( 'STEP AP214' ),
    '1' );
FILE_NAME ('Color changer.STEP',
    '2026-03-29T17:08:53',
    ( '' ),
    ( '' ),
    'SwSTEP 2.0',
    'SolidWorks 2026',
    '' );
FILE_SCHEMA (( 'AUTOMOTIVE_DESIGN' ));
ENDSEC;

DATA;
#1 = ADVANCED_FACE ( 'NONE', ( #3875 ), #1519, .T. ) ;
#2 = CARTESIAN_POINT ( 'NONE',  ( -120.2000000000000455, 9.000000000000003553, 45.20000000000000995 ) ) ;
#3 = ORIENTED_EDGE ( 'NONE', *, *, #851, .F. ) ;
#4 = EDGE_CURVE ( 'NONE', #2057, #3859, #1468, .T. ) ;
#5 = DIRECTION ( 'NONE',  ( 1.000000000000000000, 0.000000000000000000, 0.000000000000000000 ) ) ;
#6 = ORIENTED_EDGE ( 'NONE', *, *, #1952, .F. ) ;
#7 = ORIENTED_EDGE ( 'NONE', *, *, #2159, .F. ) ;
#8 = CARTESIAN_POINT ( 'NONE',  ( -96.34329893666702560, 73.64517126057910446, 44.20000000000000284 ) ) ;
#9 = CARTESIAN_POINT ( 'NONE',  ( 0.000000000000000000, 0.000000000000000000, 64.20000000000000284 ) ) ;
#10 = CYLINDRICAL_SURFACE ( 'NONE', #5201, 1.399999999999998579 ) ;
#11 = LINE ( 'NONE', #2391, #4625 ) ;
#12 = CARTESIAN_POINT ( 'NONE',  ( -73.09708190304630193, 52.50614539082554444, 42.17651875012187901 ) ) ;
#13 = DIRECTION ( 'NONE',  ( 0.000000000000000000, 0.000000000000000000, 1.000000000000000000 ) ) ;
#14 = AXIS2_PLACEMENT_3D ( 'NONE', #1836, #1860, #4639 ) ;
#15 = FACE_OUTER_BOUND ( 'NONE', #2199, .T. ) ;
#16 = LINE ( 'NONE', #2042, #3877 ) ;
#17 = AXIS2_PLACEMENT_3D ( 'NONE', #2290, #3205, #5193 ) ;
#18 = ORIENTED_EDGE ( 'NONE', *, *, #2519, .T. ) ;
#19 = CARTESIAN_POINT ( 'NONE',  ( 0.000000000000000000, 0.000000000000000000, 64.20000000000000284 ) ) ;
#20 = LINE ( 'NONE', #2913, #4778 ) ;
#21 = DIRECTION ( 'NONE',  ( 1.543588694078970776E-32, 7.228014483236698281E-17, -1.000000000000000000 ) ) ;
#22 = DIRECTION ( 'NONE',  ( 1.000000000000000000, 0.000000000000000000, 0.000000000000000000 ) ) ;
#23 = VECTOR ( 'NONE', #2508, 1000.000000000000000 ) ;
#24 = VERTEX_POINT ( 'NONE', #2024 ) ;
#25 = ADVANCED_FACE ( 'NONE', ( #1874 ), #277, .F. ) ;
#26 = DIRECTION ( 'NONE',  ( -0.000000000000000000, -0.000000000000000000, 1.000000000000000000 ) ) ;
#27 = AXIS2_PLACEMENT_3D ( 'NONE', #419, #2039, #1724 ) ;
#28 = DIRECTION ( 'NONE',  ( 1.510071729210696481E-16, 0.7071067811865426878, -0.7071067811865524577 ) ) ;
#29 = LINE ( 'NONE', #4517, #1048 ) ;
#30 = VERTEX_POINT ( 'NONE', #2759 ) ;
#31 = DIRECTION ( 'NONE',  ( -0.000000000000000000, -0.000000000000000000, 1.000000000000000000 ) ) ;
#32 = VECTOR ( 'NONE', #3198, 1000.000000000000000 ) ;
#33 = EDGE_CURVE ( 'NONE', #3868, #4186, #1119, .T. ) ;
#34 = CIRCLE ( 'NONE', #2165, 1.399999999999998579 ) ;
#35 = ADVANCED_FACE ( 'NONE', ( #3485 ), #2733, .F. ) ;
#36 = EDGE_CURVE ( 'NONE', #2011, #1859, #3647, .T. ) ;
#37 = ORIENTED_EDGE ( 'NONE', *, *, #2681, .T. ) ;
#38 = FACE_OUTER_BOUND ( 'NONE', #5165, .T. ) ;
#39 = VECTOR ( 'NONE', #2098, 1000.000000000000000 ) ;
#40 = DIRECTION ( 'NONE',  ( -0.000000000000000000, -0.000000000000000000, -1.000000000000000000 ) ) ;
#41 = CARTESIAN_POINT ( 'NONE',  ( -86.76971715763956183, 14.96078134596721299, 53.99174177251065743 ) ) ;
#42 = LINE ( 'NONE', #2878, #2350 ) ;
#43 = FACE_BOUND ( 'NONE', #3120, .T. ) ;
#44 = CARTESIAN_POINT ( 'NONE',  ( 58.30000000000000426, 18.16256982247259089, 16.00000000000000000 ) ) ;
#45 = VECTOR ( 'NONE', #1057, 1000.000000000000000 ) ;
#46 = VECTOR ( 'NONE', #1898, 1000.000000000000000 ) ;
#47 = CARTESIAN_POINT ( 'NONE',  ( -59.50726637259268159, 64.89751727810008219, 44.20000000000000284 ) ) ;
#48 = EDGE_CURVE ( 'NONE', #4224, #5166, #5077, .T. ) ;
#49 = LINE ( 'NONE', #1725, #4884 ) ;
#50 = VERTEX_POINT ( 'NONE', #706 ) ;
#51 = VECTOR ( 'NONE', #1369, 1000.000000000000000 ) ;
#53 = AXIS2_PLACEMENT_3D ( 'NONE', #2558, #4503, #3730 ) ;
#52 = LINE ( 'NONE', #81, #565 ) ;
#54 = ORIENTED_EDGE ( 'NONE', *, *, #4251, .F. ) ;
#55 = AXIS2_PLACEMENT_3D ( 'NONE', #3922, #273, #4726 ) ;
#56 = CARTESIAN_POINT ( 'NONE',  ( 0.000000000000000000, 0.000000000000000000, 0.000000000000000000 ) ) ;
#57 = CARTESIAN_POINT ( 'NONE',  ( 45.91429192397049519, -75.13108742138915375, 64.20000000000000284 ) ) ;
#58 = DIRECTION ( 'NONE',  ( 1.000000000000000000, 0.000000000000000000, 0.000000000000000000 ) ) ;
#59 = EDGE_LOOP ( 'NONE', ( #1451, #3474, #4289, #2080 ) ) ;
#60 = EDGE_LOOP ( 'NONE', ( #4966, #2441, #5087, #5142 ) ) ;
#61 = PLANE ( 'NONE',  #3208 ) ;
#62 = CARTESIAN_POINT ( 'NONE',  ( 67.29999999999999716, -2.662569822472607317, 60.69999999999999574 ) ) ;
#63 = DIRECTION ( 'NONE',  ( 0.000000000000000000, 0.000000000000000000, -1.000000000000000000 ) ) ;
#64 = ORIENTED_EDGE ( 'NONE', *, *, #4128, .F. ) ;
#65 = DIRECTION ( 'NONE',  ( -0.000000000000000000, -0.000000000000000000, -1.000000000000000000 ) ) ;
#66 = ORIENTED_EDGE ( 'NONE', *, *, #4000, .T. ) ;
#67 = ORIENTED_EDGE ( 'NONE', *, *, #1502, .F. ) ;
#68 = FACE_OUTER_BOUND ( 'NONE', #668, .T. ) ;
#69 = EDGE_CURVE ( 'NONE', #3959, #1343, #3533, .T. ) ;
#70 = DIRECTION ( 'NONE',  ( 1.000000000000000000, 0.000000000000000000, 0.000000000000000000 ) ) ;
#71 = EDGE_CURVE ( 'NONE', #3420, #862, #3083, .T. ) ;
#72 = DIRECTION ( 'NONE',  ( 0.000000000000000000, 0.000000000000000000, -1.000000000000000000 ) ) ;
#73 = LINE ( 'NONE', #1637, #2178 ) ;
#74 = EDGE_CURVE ( 'NONE', #968, #1770, #4278, .T. ) ;
#75 = CARTESIAN_POINT ( 'NONE',  ( -73.60675364013205524, 51.78855824798240093, 40.86797124285534011 ) ) ;
#76 = DIRECTION ( 'NONE',  ( 1.000000000000000000, 0.000000000000000000, 0.000000000000000000 ) ) ;
#77 = DIRECTION ( 'NONE',  ( 0.000000000000000000, -7.228014483236698281E-17, 1.000000000000000000 ) ) ;
#78 = CARTESIAN_POINT ( 'NONE',  ( 52.30000000000000426, -1.052833012365745065E-14, 0.000000000000000000 ) ) ;
#79 = ORIENTED_EDGE ( 'NONE', *, *, #2815, .F. ) ;
#80 = EDGE_CURVE ( 'NONE', #3056, #1885, #5198, .T. ) ;
#81 = CARTESIAN_POINT ( 'NONE',  ( 57.16748921991840149, 66.96775848339643744, 14.20000000000000462 ) ) ;
#82 = ADVANCED_FACE ( 'NONE', ( #3903 ), #253, .F. ) ;
#83 = ORIENTED_EDGE ( 'NONE', *, *, #1527, .F. ) ;
#84 = DIRECTION ( 'NONE',  ( -1.510071729210707081E-16, -0.7071067811865474617, 0.7071067811865474617 ) ) ;
#85 = CYLINDRICAL_SURFACE ( 'NONE', #3027, 1.399999999999998579 ) ;
#86 = EDGE_LOOP ( 'NONE', ( #2627, #3300, #3899, #3565 ) ) ;
#87 = DIRECTION ( 'NONE',  ( -0.000000000000000000, -0.000000000000000000, 1.000000000000000000 ) ) ;
#88 = FACE_OUTER_BOUND ( 'NONE', #3752, .T. ) ;
#89 = VERTEX_POINT ( 'NONE', #3538 ) ;
#90 = PLANE ( 'NONE',  #5136 ) ;
#91 = ORIENTED_EDGE ( 'NONE', *, *, #3209, .T. ) ;
#92 = EDGE_LOOP ( 'NONE', ( #496, #5073, #228, #1914, #236, #3384, #344, #2973 ) ) ;
#93 = DIRECTION ( 'NONE',  ( 1.000000000000000000, 0.000000000000000000, -0.000000000000000000 ) ) ;
#94 = DIRECTION ( 'NONE',  ( -0.000000000000000000, -0.000000000000000000, -1.000000000000000000 ) ) ;
#95 = DIRECTION ( 'NONE',  ( -1.000000000000000000, -1.067781959802986485E-16, -0.000000000000000000 ) ) ;
#96 = DIRECTION ( 'NONE',  ( 0.000000000000000000, 0.000000000000000000, 1.000000000000000000 ) ) ;
#97 = DIRECTION ( 'NONE',  ( 0.000000000000000000, -0.000000000000000000, 1.000000000000000000 ) ) ;
#98 = FACE_OUTER_BOUND ( 'NONE', #721, .T. ) ;
#99 = EDGE_CURVE ( 'NONE', #4840, #3590, #1500, .T. ) ;
#100 = CARTESIAN_POINT ( 'NONE',  ( 29.29032306606532998, -83.03541096836652002, 64.20000000000000284 ) ) ;
#101 = DIRECTION ( 'NONE',  ( 1.000000000000000000, 0.000000000000000000, 0.000000000000000000 ) ) ;
#102 = VERTEX_POINT ( 'NONE', #4023 ) ;
#103 = EDGE_CURVE ( 'NONE', #537, #352, #5114, .T. ) ;
#104 = EDGE_CURVE ( 'NONE', #1940, #3733, #1846, .T. ) ;
#105 = VECTOR ( 'NONE', #3764, 1000.000000000000000 ) ;
#106 = CARTESIAN_POINT ( 'NONE',  ( -45.91429192397101389, 75.13108742138882690, 0.000000000000000000 ) ) ;
#107 = CARTESIAN_POINT ( 'NONE',  ( 60.20000000000000284, 0.9999999999999737987, 3.500000000000010214 ) ) ;
#108 = VECTOR ( 'NONE', #3177, 1000.000000000000000 ) ;
#109 = ORIENTED_EDGE ( 'NONE', *, *, #3983, .T. ) ;
#110 = ORIENTED_EDGE ( 'NONE', *, *, #1520, .T. ) ;
#111 = FACE_OUTER_BOUND ( 'NONE', #3813, .T. ) ;
#112 = ORIENTED_EDGE ( 'NONE', *, *, #4708, .T. ) ;
#113 = CIRCLE ( 'NONE', #2679, 1.500000000000001332 ) ;
#114 = DIRECTION ( 'NONE',  ( 0.000000000000000000, 0.000000000000000000, 1.000000000000000000 ) ) ;
#115 = ORIENTED_EDGE ( 'NONE', *, *, #3052, .T. ) ;
#116 = VECTOR ( 'NONE', #4806, 1000.000000000000000 ) ;
#117 = ORIENTED_EDGE ( 'NONE', *, *, #3753, .T. ) ;
#118 = CARTESIAN_POINT ( 'NONE',  ( 58.30000000000000426, 1.000000000000000000, 0.000000000000000000 ) ) ;
#119 = LINE ( 'NONE', #1751, #3961 ) ;
#120 = AXIS2_PLACEMENT_3D ( 'NONE', #1883, #5163, #692 ) ;
#121 = CARTESIAN_POINT ( 'NONE',  ( -70.34801350094674888, 56.13516719909733155, 44.20000000000000284 ) ) ;
#122 = CARTESIAN_POINT ( 'NONE',  ( 52.30000000000000426, -6.584183710947003831, 49.70000000000000284 ) ) ;
#123 = DIRECTION ( 'NONE',  ( 2.135563919605973464E-16, 1.000000000000000000, 0.000000000000000000 ) ) ;
#124 = DIRECTION ( 'NONE',  ( 1.000000000000000000, 0.000000000000000000, 0.000000000000000000 ) ) ;
#125 = VECTOR ( 'NONE', #4723, 1000.000000000000000 ) ;
#126 = VECTOR ( 'NONE', #1969, 1000.000000000000000 ) ;
#127 = CARTESIAN_POINT ( 'NONE',  ( 56.10000000000000142, 7.584183710946994061, 5.500000000000005329 ) ) ;
#128 = PLANE ( 'NONE',  #901 ) ;
#129 = ORIENTED_EDGE ( 'NONE', *, *, #1082, .F. ) ;
#130 = CIRCLE ( 'NONE', #3116, 1.399999999999998579 ) ;
#131 = AXIS2_PLACEMENT_3D ( 'NONE', #1297, #4472, #70 ) ;
#132 = VERTEX_POINT ( 'NONE', #787 ) ;
#133 = VECTOR ( 'NONE', #1350, 1000.000000000000000 ) ;
#134 = VECTOR ( 'NONE', #2324, 1000.000000000000000 ) ;
#135 = CARTESIAN_POINT ( 'NONE',  ( 58.29999999999999716, -65.98418371094696511, -35.79999999999999716 ) ) ;
#136 = EDGE_CURVE ( 'NONE', #3590, #2337, #1978, .T. ) ;
#137 = CARTESIAN_POINT ( 'NONE',  ( -45.97251365765507813, 75.22808230160930520, 43.53955146979284052 ) ) ;
#138 = EDGE_CURVE ( 'NONE', #1509, #2871, #2989, .T. ) ;
#139 = ADVANCED_FACE ( 'NONE', ( #4295 ), #3171, .T. ) ;
#140 = AXIS2_PLACEMENT_3D ( 'NONE', #2922, #939, #2522 ) ;
#141 = ORIENTED_EDGE ( 'NONE', *, *, #4158, .F. ) ;
#142 = ORIENTED_EDGE ( 'NONE', *, *, #3495, .T. ) ;
#143 = CYLINDRICAL_SURFACE ( 'NONE', #5192, 5.999999999999998224 ) ;
#144 = ORIENTED_EDGE ( 'NONE', *, *, #3844, .F. ) ;
#145 = LINE ( 'NONE', #5124, #489 ) ;
#146 = VERTEX_POINT ( 'NONE', #2371 ) ;
#147 = ADVANCED_FACE ( 'NONE', ( #4691 ), #1532, .F. ) ;
#148 = ORIENTED_EDGE ( 'NONE', *, *, #1777, .F. ) ;
#149 = PLANE ( 'NONE',  #1138 ) ;
#150 = CARTESIAN_POINT ( 'NONE',  ( -89.46733644365038174, 9.784880105463546585, 39.23879239902989724 ) ) ;
#151 = CYLINDRICAL_SURFACE ( 'NONE', #2670, 1.399999999999998579 ) ;
#152 = DIRECTION ( 'NONE',  ( -0.9670745372626463610, -0.2544932992796439253, 0.000000000000000000 ) ) ;
#153 = CARTESIAN_POINT ( 'NONE',  ( 52.30000000000000426, -6.584183710947005608, 5.500000000000005329 ) ) ;
#154 = ORIENTED_EDGE ( 'NONE', *, *, #426, .T. ) ;
#155 = CARTESIAN_POINT ( 'NONE',  ( -88.79339694852960463, -14.68863320727926869, 55.14746764344823760 ) ) ;
#156 = FACE_OUTER_BOUND ( 'NONE', #4228, .T. ) ;
#157 = VERTEX_POINT ( 'NONE', #646 ) ;
#158 = CARTESIAN_POINT ( 'NONE',  ( -48.26069406004179996, 73.64582750463901561, 44.20000000000000284 ) ) ;
#159 = EDGE_LOOP ( 'NONE', ( #3378, #1391, #4112, #4554 ) ) ;
#160 = CARTESIAN_POINT ( 'NONE',  ( 67.29999999999999716, -18.16256982247260865, 4.000000000000003553 ) ) ;
#161 = CYLINDRICAL_SURFACE ( 'NONE', #2255, 1.400000000000012346 ) ;
#162 = ORIENTED_EDGE ( 'NONE', *, *, #2883, .T. ) ;
#163 = VERTEX_POINT ( 'NONE', #1913 ) ;
#164 = VERTEX_POINT ( 'NONE', #3962 ) ;
#165 = ADVANCED_FACE ( 'NONE', ( #4743 ), #315, .F. ) ;
#166 = CARTESIAN_POINT ( 'NONE',  ( -89.54886933959579665, -8.999999999999998224, 39.20000000000000995 ) ) ;
#167 = DIRECTION ( 'NONE',  ( -0.000000000000000000, -0.000000000000000000, -1.000000000000000000 ) ) ;
#168 = VERTEX_POINT ( 'NONE', #5090 ) ;
#169 = VERTEX_POINT ( 'NONE', #4337 ) ;
#170 = EDGE_CURVE ( 'NONE', #2559, #576, #2762, .T. ) ;
#171 = VERTEX_POINT ( 'NONE', #1453 ) ;
#172 = ADVANCED_FACE ( 'NONE', ( #2774 ), #2286, .F. ) ;
#173 = DIRECTION ( 'NONE',  ( 1.000000000000000000, 0.000000000000000000, 0.000000000000000000 ) ) ;
#174 = CARTESIAN_POINT ( 'NONE',  ( 67.29999999999999716, 2.662569822472592218, 47.70000000000000995 ) ) ;
#175 = CARTESIAN_POINT ( 'NONE',  ( 67.29999999999999716, 18.16256982247259089, 48.20000000000000995 ) ) ;
#176 = DIRECTION ( 'NONE',  ( 1.000000000000000000, -3.203345879408960195E-16, -0.000000000000000000 ) ) ;
#177 = EDGE_LOOP ( 'NONE', ( #1565, #2791, #993, #2954, #1799, #4244 ) ) ;
#178 = ORIENTED_EDGE ( 'NONE', *, *, #5064, .T. ) ;
#179 = CARTESIAN_POINT ( 'NONE',  ( -89.40210831675295822, -10.35857474604880402, 59.04741676895471159 ) ) ;
#180 = CARTESIAN_POINT ( 'NONE',  ( 0.000000000000000000, 0.000000000000000000, 44.20000000000000284 ) ) ;
#181 = VERTEX_POINT ( 'NONE', #2341 ) ;
#182 = CARTESIAN_POINT ( 'NONE',  ( 25.11062085407066746, 84.39347854143181848, 64.20000000000000284 ) ) ;
#183 = ORIENTED_EDGE ( 'NONE', *, *, #4443, .F. ) ;
#184 = ORIENTED_EDGE ( 'NONE', *, *, #1314, .F. ) ;
#185 = CYLINDRICAL_SURFACE ( 'NONE', #1549, 1.399999999999998579 ) ;
#186 = LINE ( 'NONE', #2237, #2684 ) ;
#187 = ORIENTED_EDGE ( 'NONE', *, *, #1993, .F. ) ;
#188 = ORIENTED_EDGE ( 'NONE', *, *, #33, .T. ) ;
#189 = VERTEX_POINT ( 'NONE', #4373 ) ;
#190 = VECTOR ( 'NONE', #845, 1000.000000000000000 ) ;
#191 = CARTESIAN_POINT ( 'NONE',  ( -73.10166149237441857, 50.99034246853648966, 40.40511074699706029 ) ) ;
#192 = FACE_OUTER_BOUND ( 'NONE', #59, .T. ) ;
#193 = CARTESIAN_POINT ( 'NONE',  ( 0.000000000000000000, 0.000000000000000000, 44.20000000000000284 ) ) ;
#194 = VECTOR ( 'NONE', #1045, 1000.000000000000000 ) ;
#195 = VERTEX_POINT ( 'NONE', #3911 ) ;
#196 = ORIENTED_EDGE ( 'NONE', *, *, #3368, .T. ) ;
#197 = ORIENTED_EDGE ( 'NONE', *, *, #2454, .F. ) ;
#198 = LINE ( 'NONE', #3464, #741 ) ;
#199 = EDGE_CURVE ( 'NONE', #2992, #1070, #5141, .T. ) ;
#200 = CARTESIAN_POINT ( 'NONE',  ( -88.98045148184536401, 13.51138809561346577, 41.22506445893652938 ) ) ;
#201 = EDGE_CURVE ( 'NONE', #1268, #1102, #2668, .T. ) ;
#202 = LINE ( 'NONE', #1054, #2511 ) ;
#203 = VERTEX_POINT ( 'NONE', #3988 ) ;
#204 = EDGE_CURVE ( 'NONE', #4962, #3319, #2682, .T. ) ;
#205 = ORIENTED_EDGE ( 'NONE', *, *, #1013, .F. ) ;
#206 = VECTOR ( 'NONE', #3480, 1000.000000000000000 ) ;
#207 = CARTESIAN_POINT ( 'NONE',  ( -89.19724585693656138, -11.99830107678508639, 58.41180734728129664 ) ) ;
#208 = CYLINDRICAL_SURFACE ( 'NONE', #3286, 1.399999999999998579 ) ;
#209 = ORIENTED_EDGE ( 'NONE', *, *, #1832, .T. ) ;
#210 = CARTESIAN_POINT ( 'NONE',  ( -89.54886933959579665, -8.999999999999998224, 39.20000000000000995 ) ) ;
#211 = ADVANCED_FACE ( 'NONE', ( #3071 ), #2264, .T. ) ;
#212 = VECTOR ( 'NONE', #3804, 1000.000000000000000 ) ;
#213 = B_SPLINE_CURVE_WITH_KNOTS ( 'NONE', 3,
 ( #2471, #478, #2123, #3250, #3727, #2500, #1671, #5216, #2101, #2879, #4104, #12, #3665, #1590, #5239, #75, #2420, #3228, #3330, #2849, #2016, #4822 ),
 .UNSPECIFIED., .F., .F.,
 ( 4, 2, 2, 2, 2, 2, 2, 2, 2, 2, 4 ),
 ( 0.000000000000000000, 0.001177541976933626708, 0.001766312965400439845, 0.002355083953867253416, 0.003532625930800864511, 0.004710167907734476474, 0.005887709884668088436, 0.006476480873134892249, 0.007065251861601696062, 0.008242793838535310627, 0.009420335815468923457 ),
 .UNSPECIFIED. ) ;
#214 = ORIENTED_EDGE ( 'NONE', *, *, #1702, .F. ) ;
#215 = LINE ( 'NONE', #3073, #960 ) ;
#216 = CIRCLE ( 'NONE', #4113, 1.399999999999998579 ) ;
#218 = VECTOR ( 'NONE', #4445, 1000.000000000000000 ) ;
#217 = CARTESIAN_POINT ( 'NONE',  ( -43.50227842762953401, 76.55295077007156124, 40.77288878555106777 ) ) ;
#219 = ORIENTED_EDGE ( 'NONE', *, *, #4586, .F. ) ;
#220 = EDGE_LOOP ( 'NONE', ( #3989, #1424, #1337, #2656 ) ) ;
#221 = ORIENTED_EDGE ( 'NONE', *, *, #2822, .F. ) ;
#222 = CIRCLE ( 'NONE', #480, 1.400000000000003686 ) ;
#223 = AXIS2_PLACEMENT_3D ( 'NONE', #1936, #5157, #4818 ) ;
#224 = CARTESIAN_POINT ( 'NONE',  ( -49.66846878866766701, 75.05360223326491109, 44.20000000000000284 ) ) ;
#225 = VERTEX_POINT ( 'NONE', #263 ) ;
#226 = AXIS2_PLACEMENT_3D ( 'NONE', #5238, #821, #1612 ) ;
#227 = DIRECTION ( 'NONE',  ( 0.000000000000000000, 0.000000000000000000, 1.000000000000000000 ) ) ;
#228 = ORIENTED_EDGE ( 'NONE', *, *, #4832, .T. ) ;
#229 = CARTESIAN_POINT ( 'NONE',  ( 52.30000000000000426, 4.584183710946994061, 5.500000000000005329 ) ) ;
#230 = VECTOR ( 'NONE', #2118, 1000.000000000000000 ) ;
#231 = DIRECTION ( 'NONE',  ( -4.116236517543920428E-32, -1.927470528863118802E-16, -1.000000000000000000 ) ) ;
#232 = DIRECTION ( 'NONE',  ( -1.000000000000000000, 0.000000000000000000, 0.000000000000000000 ) ) ;
#233 = CARTESIAN_POINT ( 'NONE',  ( 67.29999999999999716, -2.662569822472607317, 3.500000000000010214 ) ) ;
#234 = DIRECTION ( 'NONE',  ( -1.000000000000000000, 0.000000000000000000, 0.000000000000000000 ) ) ;
#235 = ORIENTED_EDGE ( 'NONE', *, *, #1429, .F. ) ;
#236 = ORIENTED_EDGE ( 'NONE', *, *, #2947, .T. ) ;
#237 = EDGE_CURVE ( 'NONE', #5126, #3738, #1088, .T. ) ;
#238 = CARTESIAN_POINT ( 'NONE',  ( -89.31171893242782289, -11.11081595792881771, 58.81986766426293656 ) ) ;
#239 = DIRECTION ( 'NONE',  ( 0.000000000000000000, -7.228014483236698281E-17, -1.000000000000000000 ) ) ;
#240 = ORIENTED_EDGE ( 'NONE', *, *, #567, .F. ) ;
#241 = CARTESIAN_POINT ( 'NONE',  ( -88.79421320238286341, -14.68302063742541108, 43.26549892757624605 ) ) ;
#242 = ORIENTED_EDGE ( 'NONE', *, *, #428, .T. ) ;
#243 = EDGE_CURVE ( 'NONE', #3505, #1415, #2881, .T. ) ;
#244 = LINE ( 'NONE', #2747, #3933 ) ;
#245 = EDGE_CURVE ( 'NONE', #3337, #4229, #872, .T. ) ;
#246 = CARTESIAN_POINT ( 'NONE',  ( -44.37768497093378528, 77.21301301549111429, 41.07330089464158362 ) ) ;
#247 = LINE ( 'NONE', #270, #1650 ) ;
#248 = ORIENTED_EDGE ( 'NONE', *, *, #1348, .F. ) ;
#249 = VERTEX_POINT ( 'NONE', #4106 ) ;
#250 = DIRECTION ( 'NONE',  ( 0.000000000000000000, 0.000000000000000000, 1.000000000000000000 ) ) ;
#251 = ORIENTED_EDGE ( 'NONE', *, *, #4, .F. ) ;
#252 = DIRECTION ( 'NONE',  ( 0.000000000000000000, 3.336006684570787046E-17, -1.000000000000000000 ) ) ;
#253 = CYLINDRICAL_SURFACE ( 'NONE', #3941, 1.400000000000000133 ) ;
#254 = CARTESIAN_POINT ( 'NONE',  ( 58.30000000000000426, 2.662569822472591330, 47.70000000000000995 ) ) ;
#255 = DIRECTION ( 'NONE',  ( 0.000000000000000000, 0.000000000000000000, 1.000000000000000000 ) ) ;
#256 = CARTESIAN_POINT ( 'NONE',  ( -86.76290970224546584, 9.000000000000001776, 59.20000000000000995 ) ) ;
#257 = ORIENTED_EDGE ( 'NONE', *, *, #80, .T. ) ;
#258 = ORIENTED_EDGE ( 'NONE', *, *, #852, .F. ) ;
#259 = DIRECTION ( 'NONE',  ( 0.000000000000000000, 0.000000000000000000, 1.000000000000000000 ) ) ;
#260 = ORIENTED_EDGE ( 'NONE', *, *, #2912, .T. ) ;
#261 = CARTESIAN_POINT ( 'NONE',  ( -88.77513188102041397, 14.79795096547874955, 54.75652901242343518 ) ) ;
#262 = EDGE_CURVE ( 'NONE', #2330, #163, #5187, .T. ) ;
#263 = CARTESIAN_POINT ( 'NONE',  ( 58.30000000000000426, 18.16256982247259089, 4.000000000000003553 ) ) ;
#264 = ORIENTED_EDGE ( 'NONE', *, *, #459, .T. ) ;
#265 = CARTESIAN_POINT ( 'NONE',  ( -86.24912599966702942, -17.71696261478141210, 64.20000000000000284 ) ) ;
#266 = CARTESIAN_POINT ( 'NONE',  ( 58.30000000000000426, -6.584183710947002943, 14.50000000000000533 ) ) ;
#267 = DIRECTION ( 'NONE',  ( -1.067781959802986485E-16, 1.000000000000000000, 3.336006684570787046E-17 ) ) ;
#268 = EDGE_CURVE ( 'NONE', #3823, #157, #4268, .T. ) ;
#269 = EDGE_CURVE ( 'NONE', #4489, #5126, #2473, .T. ) ;
#270 = CARTESIAN_POINT ( 'NONE',  ( 58.30000000000000426, 6.584183710946994950, 5.500000000000005329 ) ) ;
#271 = EDGE_CURVE ( 'NONE', #5207, #2921, #461, .T. ) ;
#272 = DIRECTION ( 'NONE',  ( -0.000000000000000000, -0.000000000000000000, -1.000000000000000000 ) ) ;
#273 = DIRECTION ( 'NONE',  ( -0.000000000000000000, -0.000000000000000000, -1.000000000000000000 ) ) ;
#274 = AXIS2_PLACEMENT_3D ( 'NONE', #3891, #5088, #2210 ) ;
#275 = EDGE_CURVE ( 'NONE', #3314, #4646, #1560, .T. ) ;
#276 = CARTESIAN_POINT ( 'NONE',  ( -47.85674885619976493, 73.91053599607953117, 20.19999999999999574 ) ) ;
#277 = PLANE ( 'NONE',  #2161 ) ;
#278 = AXIS2_PLACEMENT_3D ( 'NONE', #836, #4068, #3715 ) ;
#279 = CARTESIAN_POINT ( 'NONE',  ( -45.61735647889641143, 76.93431525752259859, 21.90367863450786245 ) ) ;
#280 = DIRECTION ( 'NONE',  ( 0.000000000000000000, 0.000000000000000000, 1.000000000000000000 ) ) ;
#281 = ORIENTED_EDGE ( 'NONE', *, *, #858, .T. ) ;
#282 = CARTESIAN_POINT ( 'NONE',  ( 0.000000000000000000, 0.000000000000000000, 0.000000000000000000 ) ) ;
#283 = DIRECTION ( 'NONE',  ( 0.000000000000000000, 0.000000000000000000, 1.000000000000000000 ) ) ;
#284 = VERTEX_POINT ( 'NONE', #1614 ) ;
#285 = CARTESIAN_POINT ( 'NONE',  ( -89.24265366473721883, 11.65677248119229503, 58.59382076472617484 ) ) ;
#286 = CARTESIAN_POINT ( 'NONE',  ( 52.30000000000000426, -6.584183710947005608, 14.50000000000000533 ) ) ;
#287 = ORIENTED_EDGE ( 'NONE', *, *, #1622, .F. ) ;
#288 = CARTESIAN_POINT ( 'NONE',  ( 52.30000000000000426, 6.584183710946994061, 58.70000000000000284 ) ) ;
#289 = DIRECTION ( 'NONE',  ( -0.000000000000000000, 3.336006684570787046E-17, 1.000000000000000000 ) ) ;
#290 = VECTOR ( 'NONE', #1089, 1000.000000000000000 ) ;
#291 = CIRCLE ( 'NONE', #3454, 88.04999999999999716 ) ;
#292 = DIRECTION ( 'NONE',  ( 1.000000000000000000, 0.000000000000000000, 0.000000000000000000 ) ) ;
#293 = VECTOR ( 'NONE', #1120, 1000.000000000000000 ) ;
#294 = EDGE_CURVE ( 'NONE', #310, #961, #5058, .T. ) ;
#295 = CARTESIAN_POINT ( 'NONE',  ( 60.20000000000000284, -1.000000000000000888, 64.20000000000000284 ) ) ;
#296 = EDGE_CURVE ( 'NONE', #2891, #4071, #4010, .T. ) ;
#297 = LINE ( 'NONE', #5147, #3887 ) ;
#298 = AXIS2_PLACEMENT_3D ( 'NONE', #3255, #2505, #906 ) ;
#299 = ORIENTED_EDGE ( 'NONE', *, *, #498, .T. ) ;
#300 = AXIS2_PLACEMENT_3D ( 'NONE', #3637, #2388, #4736 ) ;
#301 = CARTESIAN_POINT ( 'NONE',  ( 60.20000000000000284, 18.16256982247259089, 4.000000000000003553 ) ) ;
#302 = CARTESIAN_POINT ( 'NONE',  ( 0.000000000000000000, 0.000000000000000000, 64.20000000000000284 ) ) ;
#303 = CARTESIAN_POINT ( 'NONE',  ( 67.29999999999999716, -3.162569822472603764, 16.00000000000000000 ) ) ;
#304 = VECTOR ( 'NONE', #2384, 1000.000000000000000 ) ;
#305 = EDGE_CURVE ( 'NONE', #4549, #4646, #3783, .T. ) ;
#306 = CARTESIAN_POINT ( 'NONE',  ( -46.09688683830587053, 75.54643152845069665, 20.93057563341887928 ) ) ;
#307 = CARTESIAN_POINT ( 'NONE',  ( -73.87901019476862530, 51.39935190013385835, 24.83310017718068963 ) ) ;
#308 = ORIENTED_EDGE ( 'NONE', *, *, #4202, .F. ) ;
#309 = VECTOR ( 'NONE', #3059, 1000.000000000000000 ) ;
#310 = VERTEX_POINT ( 'NONE', #1591 ) ;
#311 = FACE_OUTER_BOUND ( 'NONE', #2034, .T. ) ;
#312 = CARTESIAN_POINT ( 'NONE',  ( 58.30000000000000426, 18.16256982247259089, 4.000000000000003553 ) ) ;
#313 = EDGE_LOOP ( 'NONE', ( #4340, #695, #1007, #998 ) ) ;
#314 = CARTESIAN_POINT ( 'NONE',  ( -89.50908970457018654, 9.395802371031667377, 59.20000000000002416 ) ) ;
#315 = CYLINDRICAL_SURFACE ( 'NONE', #120, 1.399999999999998579 ) ;
#316 = EDGE_LOOP ( 'NONE', ( #4881, #1926, #2372, #3514 ) ) ;
#317 = CARTESIAN_POINT ( 'NONE',  ( -72.73040069832637755, 50.15890114177182113, 25.16729975176945899 ) ) ;
#318 = EDGE_LOOP ( 'NONE', ( #531, #322, #2058, #2607 ) ) ;
#319 = FACE_OUTER_BOUND ( 'NONE', #2655, .T. ) ;
#320 = PLANE ( 'NONE',  #4702 ) ;
#321 = CARTESIAN_POINT ( 'NONE',  ( 57.16748921991840149, -66.96775848339642323, 64.20000000000000284 ) ) ;
#322 = ORIENTED_EDGE ( 'NONE', *, *, #2593, .T. ) ;
#323 = FACE_OUTER_BOUND ( 'NONE', #1420, .T. ) ;
#324 = LINE ( 'NONE', #1948, #1664 ) ;
#325 = DIRECTION ( 'NONE',  ( -0.000000000000000000, -0.000000000000000000, -1.000000000000000000 ) ) ;
#326 = APPLICATION_CONTEXT ( 'automotive_design' ) ;
#327 = ORIENTED_EDGE ( 'NONE', *, *, #1314, .T. ) ;
#328 = ADVANCED_FACE ( 'NONE', ( #3229 ), #2827, .F. ) ;
#329 = DIRECTION ( 'NONE',  ( 0.000000000000000000, -1.000000000000000000, 0.000000000000000000 ) ) ;
#330 = LINE ( 'NONE', #254, #2173 ) ;
#331 = DIRECTION ( 'NONE',  ( 0.000000000000000000, 0.7071067811865474617, -0.7071067811865474617 ) ) ;
#332 = DIRECTION ( 'NONE',  ( -1.000000000000000000, 0.000000000000000000, 0.000000000000000000 ) ) ;
#333 = EDGE_CURVE ( 'NONE', #2549, #776, #4034, .T. ) ;
#334 = EDGE_CURVE ( 'NONE', #4236, #2308, #1902, .T. ) ;
#335 = ORIENTED_EDGE ( 'NONE', *, *, #2386, .T. ) ;
#336 = DIRECTION ( 'NONE',  ( 0.000000000000000000, 0.000000000000000000, -1.000000000000000000 ) ) ;
#337 = DIRECTION ( 'NONE',  ( -7.124255511133718327E-33, -3.336006684570787046E-17, 1.000000000000000000 ) ) ;
#338 = DIRECTION ( 'NONE',  ( 1.067781959802986485E-16, -1.000000000000000000, 1.927470528863118802E-16 ) ) ;
#339 = CARTESIAN_POINT ( 'NONE',  ( 52.30000000000000426, 6.584183710946992285, 49.70000000000000284 ) ) ;
#340 = ORIENTED_EDGE ( 'NONE', *, *, #4317, .F. ) ;
#341 = CARTESIAN_POINT ( 'NONE',  ( -42.97806324074771567, 76.84847805958351330, 26.20000000000000284 ) ) ;
#342 = DIRECTION ( 'NONE',  ( -3.203345879408960195E-16, -1.000000000000000000, 1.927470528863118802E-16 ) ) ;
#343 = VERTEX_POINT ( 'NONE', #153 ) ;
#344 = ORIENTED_EDGE ( 'NONE', *, *, #3937, .T. ) ;
#345 = LINE ( 'NONE', #5092, #3598 ) ;
#346 = DIRECTION ( 'NONE',  ( 1.000000000000000000, 0.000000000000000000, 0.000000000000000000 ) ) ;
#347 = CARTESIAN_POINT ( 'NONE',  ( 58.30000000000000426, 6.584183710946994950, 58.70000000000000284 ) ) ;
#348 = CARTESIAN_POINT ( 'NONE',  ( 0.000000000000000000, 0.000000000000000000, 0.000000000000000000 ) ) ;
#349 = DIRECTION ( 'NONE',  ( 1.000000000000000000, 1.067781959802986485E-16, -0.000000000000000000 ) ) ;
#350 = CARTESIAN_POINT ( 'NONE',  ( 56.10000000000000142, -6.584183710947007384, 58.70000000000000284 ) ) ;
#351 = ORIENTED_EDGE ( 'NONE', *, *, #3983, .F. ) ;
#352 = VERTEX_POINT ( 'NONE', #508 ) ;
#353 = LINE ( 'NONE', #808, #3956 ) ;
#354 = CARTESIAN_POINT ( 'NONE',  ( -44.40970884286820564, 78.28012366170401037, 26.20000000000000284 ) ) ;
#355 = FACE_OUTER_BOUND ( 'NONE', #4126, .T. ) ;
#356 = CARTESIAN_POINT ( 'NONE',  ( -86.91548858394600074, -14.08945471321538889, 42.01625101239431359 ) ) ;
#357 = AXIS2_PLACEMENT_3D ( 'NONE', #1228, #325, #4016 ) ;
#358 = DIRECTION ( 'NONE',  ( -0.000000000000000000, -0.000000000000000000, 1.000000000000000000 ) ) ;
#359 = ADVANCED_FACE ( 'NONE', ( #927 ), #903, .F. ) ;
#360 = ADVANCED_FACE ( 'NONE', ( #3774 ), #3358, .F. ) ;
#361 = AXIS2_PLACEMENT_3D ( 'NONE', #1310, #374, #4541 ) ;
#362 = LINE ( 'NONE', #416, #32 ) ;
#363 = DIRECTION ( 'NONE',  ( 0.000000000000000000, 0.000000000000000000, 1.000000000000000000 ) ) ;
#364 = EDGE_CURVE ( 'NONE', #1041, #3603, #1757, .T. ) ;
#365 = ORIENTED_EDGE ( 'NONE', *, *, #2883, .F. ) ;
#366 = CARTESIAN_POINT ( 'NONE',  ( -88.79421320238289184, 14.68302063742541641, 55.13450107242378806 ) ) ;
#367 = VECTOR ( 'NONE', #925, 1000.000000000000000 ) ;
#368 = CARTESIAN_POINT ( 'NONE',  ( 58.30000000000000426, 18.16256982247259089, 48.20000000000000995 ) ) ;
#369 = AXIS2_PLACEMENT_3D ( 'NONE', #4643, #3757, #2187 ) ;
#370 = VERTEX_POINT ( 'NONE', #2961 ) ;
#371 = ORIENTED_EDGE ( 'NONE', *, *, #4036, .F. ) ;
#372 = DIRECTION ( 'NONE',  ( -1.000000000000000000, -1.067781959802986485E-16, 0.000000000000000000 ) ) ;
#373 = VECTOR ( 'NONE', #1923, 1000.000000000000000 ) ;
#374 = DIRECTION ( 'NONE',  ( -0.000000000000000000, -0.000000000000000000, -1.000000000000000000 ) ) ;
#376 = VECTOR ( 'NONE', #3124, 1000.000000000000000 ) ;
#375 = DIRECTION ( 'NONE',  ( -0.000000000000000000, -0.000000000000000000, 1.000000000000000000 ) ) ;
#377 = CYLINDRICAL_SURFACE ( 'NONE', #4592, 88.04999999999999716 ) ;
#378 = ORIENTED_EDGE ( 'NONE', *, *, #951, .T. ) ;
#379 = AXIS2_PLACEMENT_3D ( 'NONE', #4697, #4803, #754 ) ;
#380 = CARTESIAN_POINT ( 'NONE',  ( 67.29999999999999716, -2.662569822472606873, 47.70000000000000995 ) ) ;
#381 = AXIS2_PLACEMENT_3D ( 'NONE', #3967, #3898, #1436 ) ;
#382 = CARTESIAN_POINT ( 'NONE',  ( 60.20000000000000284, -3.162569822472607761, 64.20000000000000284 ) ) ;
#383 = VECTOR ( 'NONE', #4260, 1000.000000000000000 ) ;
#384 = LINE ( 'NONE', #3242, #1663 ) ;
#385 = AXIS2_PLACEMENT_3D ( 'NONE', #2367, #4309, #3984 ) ;
#386 = CARTESIAN_POINT ( 'NONE',  ( -87.13735718067188429, -12.64877286413816293, 40.42096607231529504 ) ) ;
#387 = VERTEX_POINT ( 'NONE', #1302 ) ;
#388 = AXIS2_PLACEMENT_3D ( 'NONE', #3562, #633, #3951 ) ;
#389 = VECTOR ( 'NONE', #1927, 1000.000000000000000 ) ;
#390 = ORIENTED_EDGE ( 'NONE', *, *, #1313, .F. ) ;
#391 = CARTESIAN_POINT ( 'NONE',  ( -58.32179878092601655, -65.96491709202079790, 64.20000000000000284 ) ) ;
#392 = PLANE ( 'NONE',  #2516 ) ;
#393 = PLANE ( 'NONE',  #4372 ) ;
#394 = DIRECTION ( 'NONE',  ( -0.000000000000000000, -0.000000000000000000, -1.000000000000000000 ) ) ;
#395 = CARTESIAN_POINT ( 'NONE',  ( 0.000000000000000000, 0.000000000000000000, 0.000000000000000000 ) ) ;
#396 = VECTOR ( 'NONE', #4576, 1000.000000000000000 ) ;
#397 = CARTESIAN_POINT ( 'NONE',  ( -88.04793931535624552, 0.6023971442046426317, 14.20000000000000462 ) ) ;
#398 = ADVANCED_FACE ( 'NONE', ( #3749, #98, #2982 ), #558, .F. ) ;
#399 = ORIENTED_EDGE ( 'NONE', *, *, #2291, .F. ) ;
#400 = PRODUCT_CONTEXT ( 'NONE', #2717, 'mechanical' ) ;
#401 = CARTESIAN_POINT ( 'NONE',  ( -60.53158590358114566, 63.94317483514075207, 20.20000000000000284 ) ) ;
#402 = ADVANCED_FACE ( 'NONE', ( #2932 ), #947, .T. ) ;
#403 = DIRECTION ( 'NONE',  ( -0.000000000000000000, -0.000000000000000000, 1.000000000000000000 ) ) ;
#404 = EDGE_CURVE ( 'NONE', #1333, #3028, #3805, .T. ) ;
#405 = CARTESIAN_POINT ( 'NONE',  ( -42.97806324074771567, 76.84847805958351330, 38.20000000000000284 ) ) ;
#406 = DIRECTION ( 'NONE',  ( 0.000000000000000000, -1.000000000000000000, 0.000000000000000000 ) ) ;
#407 = DIRECTION ( 'NONE',  ( 0.9670745372626462499, -0.2544932992796440918, 0.000000000000000000 ) ) ;
#408 = ORIENTED_EDGE ( 'NONE', *, *, #734, .F. ) ;
#409 = CARTESIAN_POINT ( 'NONE',  ( -72.76367208670053799, 52.02127164305939289, 42.03403191313590526 ) ) ;
#410 = LINE ( 'NONE', #4492, #2579 ) ;
#411 = CARTESIAN_POINT ( 'NONE',  ( 58.30000000000000426, 3.162569822472589109, 60.20000000000000284 ) ) ;
#412 = B_SPLINE_CURVE_WITH_KNOTS ( 'NONE', 3,
 ( #2469, #4795, #1162, #3639, #2800, #2014, #440, #4419, #1611, #2417, #4394, #2445, #4004, #1984, #5213, #2062, #3689, #1588, #3248, #41, #1213, #1367 ),
 .UNSPECIFIED., .F., .F.,
 ( 4, 2, 2, 2, 2, 2, 2, 2, 2, 2, 4 ),
 ( 0.000000000000000000, 0.001176822129117362095, 0.001765233193676047155, 0.002353644258234732431, 0.003530466387352115994, 0.004707288516469499556, 0.005884110645586883986, 0.006472521710145569263, 0.007060932774704253671, 0.008237754903821626826, 0.009414577032938999113 ),
 .UNSPECIFIED. ) ;
#413 = VERTEX_POINT ( 'NONE', #2534 ) ;
#414 = ORIENTED_EDGE ( 'NONE', *, *, #2688, .T. ) ;
#415 = LINE ( 'NONE', #3273, #389 ) ;
#416 = CARTESIAN_POINT ( 'NONE',  ( 58.29999999999999716, -18.16256982247260510, 4.000000000000003553 ) ) ;
#417 = DIRECTION ( 'NONE',  ( 0.000000000000000000, -0.7071067811865474617, 0.7071067811865474617 ) ) ;
#418 = DIRECTION ( 'NONE',  ( -0.000000000000000000, -0.000000000000000000, 1.000000000000000000 ) ) ;
#419 = CARTESIAN_POINT ( 'NONE',  ( 44.71393728141391222, -75.85160718662316981, 0.000000000000000000 ) ) ;
#420 = CARTESIAN_POINT ( 'NONE',  ( -72.90651601207730437, 51.82153150043277634, 22.67807594662559012 ) ) ;
#421 = DIRECTION ( 'NONE',  ( -2.135563919605973710E-16, -1.000000000000000000, 0.000000000000000000 ) ) ;
#422 = EDGE_CURVE ( 'NONE', #4224, #30, #5169, .T. ) ;
#423 = FACE_OUTER_BOUND ( 'NONE', #3461, .T. ) ;
#424 = EDGE_CURVE ( 'NONE', #1125, #4121, #4699, .T. ) ;
#425 = CARTESIAN_POINT ( 'NONE',  ( 58.29999999999999716, -65.98418371094697932, 0.000000000000000000 ) ) ;
#426 = EDGE_CURVE ( 'NONE', #413, #2337, #5071, .T. ) ;
#427 = PLANE ( 'NONE',  #3429 ) ;
#428 = EDGE_CURVE ( 'NONE', #168, #4186, #4189, .T. ) ;
#429 = ORIENTED_EDGE ( 'NONE', *, *, #1276, .F. ) ;
#430 = ORIENTED_EDGE ( 'NONE', *, *, #3854, .F. ) ;
#431 = DIRECTION ( 'NONE',  ( -1.000000000000000000, -1.067781959802986485E-16, -0.000000000000000000 ) ) ;
#432 = ORIENTED_EDGE ( 'NONE', *, *, #3719, .T. ) ;
#433 = DIRECTION ( 'NONE',  ( 0.000000000000000000, 0.000000000000000000, 1.000000000000000000 ) ) ;
#434 = CARTESIAN_POINT ( 'NONE',  ( 56.10000000000000142, 7.584183710946994061, 14.50000000000000533 ) ) ;
#435 = ORIENTED_EDGE ( 'NONE', *, *, #243, .T. ) ;
#436 = CARTESIAN_POINT ( 'NONE',  ( -80.10996329664280324, -36.54033771889017146, 64.20000000000000284 ) ) ;
#437 = EDGE_CURVE ( 'NONE', #3141, #132, #2348, .T. ) ;
#438 = ORIENTED_EDGE ( 'NONE', *, *, #2493, .F. ) ;
#439 = LINE ( 'NONE', #842, #2429 ) ;
#440 = CARTESIAN_POINT ( 'NONE',  ( -87.34637531348377593, 11.11065289645646637, 58.81992823975119933 ) ) ;
#441 = FACE_OUTER_BOUND ( 'NONE', #2209, .T. ) ;
#442 = CARTESIAN_POINT ( 'NONE',  ( 67.29999999999999716, 18.66256982247258378, 16.49999999999999289 ) ) ;
#443 = CARTESIAN_POINT ( 'NONE',  ( 26.44926541907807405, 83.98356302748270252, 0.000000000000000000 ) ) ;
#444 = CARTESIAN_POINT ( 'NONE',  ( 8.410120920898981112, 87.64743217057677782, 64.20000000000000284 ) ) ;
#445 = VECTOR ( 'NONE', #4031, 1000.000000000000000 ) ;
#446 = FACE_OUTER_BOUND ( 'NONE', #1241, .T. ) ;
#447 = CARTESIAN_POINT ( 'NONE',  ( 0.000000000000000000, 0.000000000000000000, 64.20000000000000284 ) ) ;
#448 = CIRCLE ( 'NONE', #2059, 1.400000000000012346 ) ;
#449 = ORIENTED_EDGE ( 'NONE', *, *, #3209, .F. ) ;
#450 = VECTOR ( 'NONE', #4429, 1000.000000000000000 ) ;
#451 = EDGE_LOOP ( 'NONE', ( #4653, #2359, #1124, #1207 ) ) ;
#452 = CARTESIAN_POINT ( 'NONE',  ( -44.71393728141444512, 75.85160718662284296, 64.20000000000000284 ) ) ;
#453 = CARTESIAN_POINT ( 'NONE',  ( 56.10000000000000142, 6.584183710946994950, 49.70000000000000284 ) ) ;
#454 = DIRECTION ( 'NONE',  ( -0.000000000000000000, -0.000000000000000000, 1.000000000000000000 ) ) ;
#455 = CARTESIAN_POINT ( 'NONE',  ( -89.24265366473721883, -11.65677248119229148, 39.80617923527383795 ) ) ;
#456 = CIRCLE ( 'NONE', #2590, 88.04999999999999716 ) ;
#457 = ORIENTED_EDGE ( 'NONE', *, *, #4308, .T. ) ;
#458 = DIRECTION ( 'NONE',  ( 2.135563919605973464E-16, 1.000000000000000000, 0.000000000000000000 ) ) ;
#459 = EDGE_CURVE ( 'NONE', #2646, #4082, #1323, .T. ) ;
#460 = ADVANCED_FACE ( 'NONE', ( #3919 ), #4777, .T. ) ;
#461 = CIRCLE ( 'NONE', #4698, 1.400000000000000133 ) ;
#462 = PLANE ( 'NONE',  #729 ) ;
#463 = CARTESIAN_POINT ( 'NONE',  ( -71.58635938320448133, -51.26593069728367880, 14.20000000000000462 ) ) ;
#464 = EDGE_CURVE ( 'NONE', #2310, #3976, #247, .T. ) ;
#465 = ORIENTED_EDGE ( 'NONE', *, *, #4036, .T. ) ;
#466 = PLANE ( 'NONE',  #3038 ) ;
#467 = ORIENTED_EDGE ( 'NONE', *, *, #2621, .T. ) ;
#468 = VECTOR ( 'NONE', #2877, 1000.000000000000000 ) ;
#469 = VECTOR ( 'NONE', #3521, 1000.000000000000114 ) ;
#470 = VERTEX_POINT ( 'NONE', #321 ) ;
#471 = CARTESIAN_POINT ( 'NONE',  ( 60.20000000000000284, -66.90261579340526055, 16.00000000000000000 ) ) ;
#472 = ADVANCED_FACE ( 'NONE', ( #699 ), #1869, .F. ) ;
#473 = AXIS2_PLACEMENT_3D ( 'NONE', #4402, #1486, #1968 ) ;
#474 = VECTOR ( 'NONE', #3633, 1000.000000000000000 ) ;
#475 = CARTESIAN_POINT ( 'NONE',  ( 29.36639456976152474, -83.49061788469659007, 64.20000000000000284 ) ) ;
#476 = CARTESIAN_POINT ( 'NONE',  ( -86.76290970224548005, 15.00000000000000355, 44.80203319270690798 ) ) ;
#477 = DIRECTION ( 'NONE',  ( -1.000000000000000000, -0.000000000000000000, 0.000000000000000000 ) ) ;
#478 = CARTESIAN_POINT ( 'NONE',  ( -70.59637223199669620, 55.82392659473588026, 44.20000000000000284 ) ) ;
#479 = LINE ( 'NONE', #1352, #2078 ) ;
#480 = AXIS2_PLACEMENT_3D ( 'NONE', #2856, #5242, #3312 ) ;
#481 = AXIS2_PLACEMENT_3D ( 'NONE', #4324, #2382, #5230 ) ;
#482 = CARTESIAN_POINT ( 'NONE',  ( -45.75820779299473884, 77.50012039033521205, 22.20646246119235201 ) ) ;
#483 = PLANE ( 'NONE',  #53 ) ;
#484 = VERTEX_POINT ( 'NONE', #1112 ) ;
#485 = APPLICATION_PROTOCOL_DEFINITION ( 'draft international standard', 'automotive_design', 1998, #326 ) ;
#486 = AXIS2_PLACEMENT_3D ( 'NONE', #2739, #2336, #1247 ) ;
#487 = DIRECTION ( 'NONE',  ( 3.203345879408960195E-16, 1.000000000000000000, 7.228014483236698281E-17 ) ) ;
#488 = EDGE_LOOP ( 'NONE', ( #1679, #2987, #3292, #1966 ) ) ;
#489 = VECTOR ( 'NONE', #3528, 1000.000000000000000 ) ;
#490 = ORIENTED_EDGE ( 'NONE', *, *, #4672, .T. ) ;
#491 = FACE_OUTER_BOUND ( 'NONE', #4721, .T. ) ;
#492 = CARTESIAN_POINT ( 'NONE',  ( -72.56670835333061120, 49.86858067724261900, 26.20000000000000284 ) ) ;
#493 = ORIENTED_EDGE ( 'NONE', *, *, #2690, .F. ) ;
#494 = ORIENTED_EDGE ( 'NONE', *, *, #3912, .T. ) ;
#495 = CARTESIAN_POINT ( 'NONE',  ( 27.78122329753292874, 83.55241547730750540, 64.20000000000000284 ) ) ;
#496 = ORIENTED_EDGE ( 'NONE', *, *, #1110, .T. ) ;
#497 = FACE_OUTER_BOUND ( 'NONE', #4454, .T. ) ;
#498 = EDGE_CURVE ( 'NONE', #1585, #3505, #1479, .T. ) ;
#499 = ORIENTED_EDGE ( 'NONE', *, *, #541, .T. ) ;
#500 = ORIENTED_EDGE ( 'NONE', *, *, #1011, .T. ) ;
#501 = FACE_OUTER_BOUND ( 'NONE', #1365, .T. ) ;
#502 = DIRECTION ( 'NONE',  ( 0.000000000000000000, -1.000000000000000000, 0.000000000000000000 ) ) ;
#503 = CARTESIAN_POINT ( 'NONE',  ( -88.74119674649422507, 15.00000000000000178, 44.80205324757346119 ) ) ;
#504 = EDGE_CURVE ( 'NONE', #2155, #2257, #3992, .T. ) ;
#505 = CARTESIAN_POINT ( 'NONE',  ( -43.50227842762954111, 76.55295077007154703, 23.62711121444896278 ) ) ;
#506 = DIRECTION ( 'NONE',  ( -0.000000000000000000, -0.000000000000000000, -1.000000000000000000 ) ) ;
#507 = EDGE_CURVE ( 'NONE', #2812, #181, #2750, .T. ) ;
#508 = CARTESIAN_POINT ( 'NONE',  ( 11.38622653960850428, -87.31068860791739894, 0.000000000000000000 ) ) ;
#509 = CARTESIAN_POINT ( 'NONE',  ( 59.79999999999999716, -65.98418371094696511, 0.000000000000000000 ) ) ;
#510 = EDGE_LOOP ( 'NONE', ( #5185, #1319, #1881, #4045 ) ) ;
#511 = CARTESIAN_POINT ( 'NONE',  ( -86.76290970224545163, -14.99999999999999645, 45.20000000000000995 ) ) ;
#512 = EDGE_LOOP ( 'NONE', ( #3155, #2571, #1642, #2622 ) ) ;
#513 = ORIENTED_EDGE ( 'NONE', *, *, #4458, .F. ) ;
#514 = DIRECTION ( 'NONE',  ( -0.000000000000000000, -0.000000000000000000, -1.000000000000000000 ) ) ;
#515 = CYLINDRICAL_SURFACE ( 'NONE', #4769, 1.500000000000001332 ) ;
#516 = CARTESIAN_POINT ( 'NONE',  ( 0.000000000000000000, 0.000000000000000000, 0.000000000000000000 ) ) ;
#517 = ORIENTED_EDGE ( 'NONE', *, *, #80, .F. ) ;
#518 = ORIENTED_EDGE ( 'NONE', *, *, #3269, .T. ) ;
#519 = DIRECTION ( 'NONE',  ( 1.000000000000000000, 0.000000000000000000, 0.000000000000000000 ) ) ;
#520 = ORIENTED_EDGE ( 'NONE', *, *, #1141, .T. ) ;
#521 = DIRECTION ( 'NONE',  ( 0.000000000000000000, 0.000000000000000000, -1.000000000000000000 ) ) ;
#522 = VERTEX_POINT ( 'NONE', #1038 ) ;
#523 = VERTEX_POINT ( 'NONE', #2675 ) ;
#524 = LINE ( 'NONE', #923, #3293 ) ;
#525 = CARTESIAN_POINT ( 'NONE',  ( 60.20000000000000284, -18.66256982247259799, 16.49999999999999289 ) ) ;
#526 = DIRECTION ( 'NONE',  ( 1.000000000000000000, 0.000000000000000000, 0.000000000000000000 ) ) ;
#527 = CARTESIAN_POINT ( 'NONE',  ( 44.54566088772624255, 75.95055362586698777, 0.000000000000000000 ) ) ;
#528 = CARTESIAN_POINT ( 'NONE',  ( 60.20000000000000284, -66.90261579340526055, 64.20000000000000284 ) ) ;
#529 = CARTESIAN_POINT ( 'NONE',  ( 27.96639456976151905, -83.49061788469659007, -35.79999999999999716 ) ) ;
#530 = EDGE_CURVE ( 'NONE', #4923, #576, #3370, .T. ) ;
#531 = ORIENTED_EDGE ( 'NONE', *, *, #3271, .T. ) ;
#532 = EDGE_CURVE ( 'NONE', #1415, #2965, #1061, .T. ) ;
#533 = EDGE_CURVE ( 'NONE', #3133, #4701, #4299, .T. ) ;
#534 = LINE ( 'NONE', #1006, #4200 ) ;
#535 = EDGE_LOOP ( 'NONE', ( #921, #4147, #4563, #2898, #1405, #2604, #3986, #2228 ) ) ;
#536 = VECTOR ( 'NONE', #4370, 1000.000000000000000 ) ;
#537 = VERTEX_POINT ( 'NONE', #2293 ) ;
#538 = B_SPLINE_CURVE_WITH_KNOTS ( 'NONE', 3,
 ( #2027, #5063, #3835, #856, #4262, #241, #643, #3047, #3860, #564, #1376, #2232, #2915, #1032, #455, #5009, #2261, #1428, #3708, #210 ),
 .UNSPECIFIED., .F., .F.,
 ( 4, 2, 2, 2, 2, 2, 2, 2, 2, 4 ),
 ( 0.000000000000000000, 0.001176596280464905228, 0.001764894420697358385, 0.002353192560929811758, 0.003529788841394718071, 0.004706385121859624383, 0.005882981402324530262, 0.007059577682789437009, 0.008236173963254343755, 0.009412770243719250501 ),
 .UNSPECIFIED. ) ;
#539 = VECTOR ( 'NONE', #1370, 1000.000000000000000 ) ;
#540 = CARTESIAN_POINT ( 'NONE',  ( -49.66846878866766701, 75.05360223326491109, 44.20000000000000284 ) ) ;
#541 = EDGE_CURVE ( 'NONE', #3420, #1855, #4444, .T. ) ;
#542 = CARTESIAN_POINT ( 'NONE',  ( -45.20932613932184552, 77.17028562081965504, 41.99862549696354108 ) ) ;
#543 = AXIS2_PLACEMENT_3D ( 'NONE', #4854, #2887, #4485 ) ;
#544 = ORIENTED_EDGE ( 'NONE', *, *, #3524, .T. ) ;
#545 = CARTESIAN_POINT ( 'NONE',  ( -45.87938546825339614, 77.42804687738492930, 42.32837461432665549 ) ) ;
#546 = EDGE_LOOP ( 'NONE', ( #4256, #3782, #1687, #1150 ) ) ;
#547 = VECTOR ( 'NONE', #2754, 1000.000000000000000 ) ;
#548 = DIRECTION ( 'NONE',  ( -1.000000000000000000, 0.000000000000000000, -0.000000000000000000 ) ) ;
#549 = EDGE_LOOP ( 'NONE', ( #992, #963, #4597, #4374 ) ) ;
#550 = AXIS2_PLACEMENT_3D ( 'NONE', #3893, #1863, #1108 ) ;
#551 = ORIENTED_EDGE ( 'NONE', *, *, #3372, .T. ) ;
#552 = CARTESIAN_POINT ( 'NONE',  ( -86.96735290757079895, 13.76702340089207333, 41.53537765576065510 ) ) ;
#553 = CIRCLE ( 'NONE', #5121, 1.400000000000005462 ) ;
#554 = FACE_OUTER_BOUND ( 'NONE', #2840, .T. ) ;
#555 = CIRCLE ( 'NONE', #4027, 88.04999999999999716 ) ;
#556 = LINE ( 'NONE', #2554, #1121 ) ;
#557 = LINE ( 'NONE', #2177, #212 ) ;
#558 = PLANE ( 'NONE',  #3018 ) ;
#559 =( GEOMETRIC_REPRESENTATION_CONTEXT ( 3 ) GLOBAL_UNCERTAINTY_ASSIGNED_CONTEXT ( ( #3489 ) ) GLOBAL_UNIT_ASSIGNED_CONTEXT ( ( #1868, #2648, #1789 ) ) REPRESENTATION_CONTEXT ( 'NONE', 'WORKASPACE' ) );
#560 = CIRCLE ( 'NONE', #3376, 88.04999999999999716 ) ;
#561 = ORIENTED_EDGE ( 'NONE', *, *, #1738, .F. ) ;
#562 = CARTESIAN_POINT ( 'NONE',  ( 58.30000000000000426, 2.662569822472591774, 60.69999999999999574 ) ) ;
#563 = ORIENTED_EDGE ( 'NONE', *, *, #4999, .F. ) ;
#564 = CARTESIAN_POINT ( 'NONE',  ( -88.94104654385729702, -13.76731904729495959, 41.53576467226955771 ) ) ;
#565 = VECTOR ( 'NONE', #1703, 1000.000000000000000 ) ;
#566 = AXIS2_PLACEMENT_3D ( 'NONE', #1101, #2295, #3183 ) ;
#567 = EDGE_CURVE ( 'NONE', #3593, #1354, #4614, .T. ) ;
#568 = VERTEX_POINT ( 'NONE', #3555 ) ;
#569 = ORIENTED_EDGE ( 'NONE', *, *, #296, .T. ) ;
#570 = VECTOR ( 'NONE', #477, 1000.000000000000000 ) ;
#571 = CIRCLE ( 'NONE', #481, 90.00000000000000000 ) ;
#572 = DIRECTION ( 'NONE',  ( 1.000000000000000000, 0.000000000000000000, 0.000000000000000000 ) ) ;
#573 = DIRECTION ( 'NONE',  ( 1.000000000000000000, 0.000000000000000000, 0.000000000000000000 ) ) ;
#574 = EDGE_CURVE ( 'NONE', #2700, #892, #555, .T. ) ;
#575 = CIRCLE ( 'NONE', #908, 88.04999999999999716 ) ;
#576 = VERTEX_POINT ( 'NONE', #4155 ) ;
#577 = EDGE_CURVE ( 'NONE', #4611, #1509, #2577, .T. ) ;
#578 = CARTESIAN_POINT ( 'NONE',  ( -73.07475752818328374, 51.40605777346102201, 41.07526876092872214 ) ) ;
#579 = CARTESIAN_POINT ( 'NONE',  ( 60.20000000000000284, -18.66256982247259799, 3.500000000000003109 ) ) ;
#580 = CARTESIAN_POINT ( 'NONE',  ( 0.000000000000000000, 0.000000000000000000, 64.20000000000000284 ) ) ;
#581 = EDGE_LOOP ( 'NONE', ( #3037, #636, #1383, #188 ) ) ;
#582 = VERTEX_POINT ( 'NONE', #2981 ) ;
#583 = CARTESIAN_POINT ( 'NONE',  ( -87.54815811279141258, 9.395786942364614092, 39.20000000000001705 ) ) ;
#584 = DIRECTION ( 'NONE',  ( -0.000000000000000000, -0.000000000000000000, -1.000000000000000000 ) ) ;
#585 = CARTESIAN_POINT ( 'NONE',  ( 58.29999999999999716, -65.98418371094697932, 64.20000000000000284 ) ) ;
#586 = FACE_OUTER_BOUND ( 'NONE', #2167, .T. ) ;
#587 = VERTEX_POINT ( 'NONE', #527 ) ;
#588 = DIRECTION ( 'NONE',  ( 1.000000000000000000, 0.000000000000000000, 0.000000000000000000 ) ) ;
#589 = LINE ( 'NONE', #3755, #4967 ) ;
#590 = ORIENTED_EDGE ( 'NONE', *, *, #4223, .T. ) ;
#591 = FACE_OUTER_BOUND ( 'NONE', #616, .T. ) ;
#592 = ORIENTED_EDGE ( 'NONE', *, *, #3816, .T. ) ;
#593 = EDGE_CURVE ( 'NONE', #3511, #587, #1274, .T. ) ;
#594 = LINE ( 'NONE', #3864, #2238 ) ;
#595 = FACE_OUTER_BOUND ( 'NONE', #4754, .T. ) ;
#596 = VERTEX_POINT ( 'NONE', #2501 ) ;
#597 = ORIENTED_EDGE ( 'NONE', *, *, #3167, .T. ) ;
#598 = EDGE_CURVE ( 'NONE', #3028, #3498, #4984, .T. ) ;
#599 = EDGE_CURVE ( 'NONE', #5057, #195, #479, .T. ) ;
#600 = CARTESIAN_POINT ( 'NONE',  ( -44.40970884286820564, 78.28012366170401037, 38.20000000000000284 ) ) ;
#601 = EDGE_CURVE ( 'NONE', #3056, #164, #34, .T. ) ;
#602 = CARTESIAN_POINT ( 'NONE',  ( 45.91429192396986991, -75.13108742138953744, 0.000000000000000000 ) ) ;
#603 = VERTEX_POINT ( 'NONE', #4875 ) ;
#604 = ORIENTED_EDGE ( 'NONE', *, *, #262, .T. ) ;
#605 = CARTESIAN_POINT ( 'NONE',  ( 52.30000000000000426, 6.584183710946994061, 14.50000000000000533 ) ) ;
#606 = EDGE_CURVE ( 'NONE', #689, #195, #1753, .T. ) ;
#607 = CARTESIAN_POINT ( 'NONE',  ( -89.31171893242780868, 11.11081595792882126, 39.58013233573709755 ) ) ;
#608 = DIRECTION ( 'NONE',  ( 1.000000000000000000, -1.067781959802986485E-16, 0.000000000000000000 ) ) ;
#609 = CARTESIAN_POINT ( 'NONE',  ( 67.29999999999999716, -3.162569822472604653, 60.20000000000000284 ) ) ;
#610 = ORIENTED_EDGE ( 'NONE', *, *, #1346, .T. ) ;
#611 = UNCERTAINTY_MEASURE_WITH_UNIT (LENGTH_MEASURE( 1.000000000000000082E-05 ), #4825, 'distance_accuracy_value', 'NONE');
#612 = EDGE_LOOP ( 'NONE', ( #1935, #3244, #1835, #2392 ) ) ;
#613 = DIRECTION ( 'NONE',  ( 0.000000000000000000, 0.000000000000000000, -1.000000000000000000 ) ) ;
#614 = ORIENTED_EDGE ( 'NONE', *, *, #2044, .T. ) ;
#615 = LINE ( 'NONE', #1406, #1303 ) ;
#616 = EDGE_LOOP ( 'NONE', ( #4783, #2273, #3401, #4801 ) ) ;
#617 = LINE ( 'NONE', #5011, #3856 ) ;
#618 = ORIENTED_EDGE ( 'NONE', *, *, #2781, .F. ) ;
#619 = ORIENTED_EDGE ( 'NONE', *, *, #3405, .T. ) ;
#620 = ORIENTED_EDGE ( 'NONE', *, *, #1559, .T. ) ;
#621 = AXIS2_PLACEMENT_3D ( 'NONE', #2642, #4238, #58 ) ;
#622 = CARTESIAN_POINT ( 'NONE',  ( -46.51545549099485299, 77.04820750317986722, 42.98598534468173682 ) ) ;
#623 = ORIENTED_EDGE ( 'NONE', *, *, #3751, .T. ) ;
#624 = CARTESIAN_POINT ( 'NONE',  ( 67.29999999999999716, -18.66256982247260154, 47.70000000000000995 ) ) ;
#625 = VECTOR ( 'NONE', #2203, 1000.000000000000000 ) ;
#626 = ORIENTED_EDGE ( 'NONE', *, *, #3049, .F. ) ;
#627 = EDGE_CURVE ( 'NONE', #522, #3529, #2103, .T. ) ;
#628 = AXIS2_PLACEMENT_3D ( 'NONE', #160, #1380, #3015 ) ;
#629 = ORIENTED_EDGE ( 'NONE', *, *, #2356, .T. ) ;
#630 = EDGE_CURVE ( 'NONE', #941, #3314, #726, .T. ) ;
#631 = CARTESIAN_POINT ( 'NONE',  ( -81.30638762617390114, 33.79458286741174078, 64.20000000000000284 ) ) ;
#632 = LINE ( 'NONE', #757, #2351 ) ;
#633 = DIRECTION ( 'NONE',  ( 0.000000000000000000, 0.000000000000000000, 1.000000000000000000 ) ) ;
#634 = CARTESIAN_POINT ( 'NONE',  ( 58.30000000000000426, 4.584183710946994950, 58.70000000000000284 ) ) ;
#635 = EDGE_CURVE ( 'NONE', #470, #2301, #291, .T. ) ;
#636 = ORIENTED_EDGE ( 'NONE', *, *, #3791, .T. ) ;
#637 = EDGE_CURVE ( 'NONE', #4701, #1014, #3388, .T. ) ;
#638 = ORIENTED_EDGE ( 'NONE', *, *, #599, .T. ) ;
#639 = VECTOR ( 'NONE', #332, 1000.000000000000000 ) ;
#640 = CARTESIAN_POINT ( 'NONE',  ( -88.94217693820858983, -13.76003843783045077, 56.87386320796593253 ) ) ;
#641 = DIRECTION ( 'NONE',  ( -4.116236517543920428E-32, -1.927470528863118802E-16, -1.000000000000000000 ) ) ;
#642 = ORIENTED_EDGE ( 'NONE', *, *, #2918, .T. ) ;
#643 = CARTESIAN_POINT ( 'NONE',  ( -88.80534325286257058, -14.61563814330057376, 43.07788511109601615 ) ) ;
#644 = AXIS2_PLACEMENT_3D ( 'NONE', #1720, #4951, #1326 ) ;
#645 = AXIS2_PLACEMENT_3D ( 'NONE', #1488, #3130, #4724 ) ;
#646 = CARTESIAN_POINT ( 'NONE',  ( -60.53158590358114566, 63.94317483514075207, 44.20000000000000284 ) ) ;
#647 = CARTESIAN_POINT ( 'NONE',  ( -47.22070392786700666, 72.60583737246423652, 44.20000000000000284 ) ) ;
#648 = ORIENTED_EDGE ( 'NONE', *, *, #2198, .T. ) ;
#649 = VERTEX_POINT ( 'NONE', #926 ) ;
#650 = DIRECTION ( 'NONE',  ( 0.000000000000000000, 0.000000000000000000, 1.000000000000000000 ) ) ;
#651 = AXIS2_PLACEMENT_3D ( 'NONE', #2863, #4939, #2046 ) ;
#653 = AXIS2_PLACEMENT_3D ( 'NONE', #9, #40, #2444 ) ;
#652 = CARTESIAN_POINT ( 'NONE',  ( -45.61779434964206814, 76.93406685071845175, 42.49684532864110054 ) ) ;
#654 = DIRECTION ( 'NONE',  ( -0.000000000000000000, -0.000000000000000000, -1.000000000000000000 ) ) ;
#655 = ORIENTED_EDGE ( 'NONE', *, *, #696, .T. ) ;
#656 = EDGE_LOOP ( 'NONE', ( #2677, #4607, #3344, #18, #117, #5059, #1100, #115 ) ) ;
#657 = AXIS2_PLACEMENT_3D ( 'NONE', #1762, #1030, #4660 ) ;
#658 = VECTOR ( 'NONE', #358, 1000.000000000000000 ) ;
#659 = CARTESIAN_POINT ( 'NONE',  ( -48.01865923441245343, 76.11993802261454789, 43.88764461980269260 ) ) ;
#660 = CARTESIAN_POINT ( 'NONE',  ( -87.09136120751257693, -12.96053758901263286, 57.72401014709239320 ) ) ;
#661 = CARTESIAN_POINT ( 'NONE',  ( 58.30000000000000426, 18.16256982247259089, 60.20000000000000284 ) ) ;
#662 = CARTESIAN_POINT ( 'NONE',  ( -70.59625562194840143, 52.62316043331294679, 43.60679907519951826 ) ) ;
#663 = ADVANCED_FACE ( 'NONE', ( #4930 ), #4903, .F. ) ;
#664 = DIRECTION ( 'NONE',  ( -2.135563919605973464E-16, -1.000000000000000000, 0.000000000000000000 ) ) ;
#665 = CARTESIAN_POINT ( 'NONE',  ( -72.56670835333061120, 49.86858067724261900, 64.20000000000000284 ) ) ;
#666 = VERTEX_POINT ( 'NONE', #3331 ) ;
#667 = PRODUCT_DEFINITION_CONTEXT ( 'detailed design', #326, 'design' ) ;
#668 = EDGE_LOOP ( 'NONE', ( #351, #5008, #2716, #3820 ) ) ;
#669 = EDGE_CURVE ( 'NONE', #3498, #1454, #3277, .T. ) ;
#670 = CARTESIAN_POINT ( 'NONE',  ( -88.02257628285774160, -2.197399492238634178, 59.20000000000000284 ) ) ;
#671 = EDGE_CURVE ( 'NONE', #2057, #4017, #809, .T. ) ;
#672 = ORIENTED_EDGE ( 'NONE', *, *, #918, .F. ) ;
#673 = LINE ( 'NONE', #1531, #4937 ) ;
#674 = ORIENTED_EDGE ( 'NONE', *, *, #3968, .T. ) ;
#675 = DIRECTION ( 'NONE',  ( 1.000000000000000000, 0.000000000000000000, 0.000000000000000000 ) ) ;
#676 = DIRECTION ( 'NONE',  ( -1.067781959802986485E-16, 1.000000000000000000, -7.228014483236698281E-17 ) ) ;
#677 = CARTESIAN_POINT ( 'NONE',  ( 52.30000000000000426, -6.584183710947005608, 49.70000000000000284 ) ) ;
#678 = VERTEX_POINT ( 'NONE', #1673 ) ;
#679 = DIRECTION ( 'NONE',  ( -0.000000000000000000, -0.000000000000000000, -1.000000000000000000 ) ) ;
#680 = ORIENTED_EDGE ( 'NONE', *, *, #2713, .T. ) ;
#681 = DIRECTION ( 'NONE',  ( -2.135563919605973464E-16, -1.000000000000000000, 4.336808689942019708E-16 ) ) ;
#682 = VERTEX_POINT ( 'NONE', #2931 ) ;
#683 = CARTESIAN_POINT ( 'NONE',  ( -42.10828435888745958, -77.32848691362760007, 14.20000000000000462 ) ) ;
#684 = CARTESIAN_POINT ( 'NONE',  ( -73.96853964230159306, 51.27041196621358665, 26.20000000000000284 ) ) ;
#685 = CARTESIAN_POINT ( 'NONE',  ( -73.96853964230159306, 51.27041196621358665, 26.20000000000000284 ) ) ;
#686 = ORIENTED_EDGE ( 'NONE', *, *, #3879, .T. ) ;
#687 = CARTESIAN_POINT ( 'NONE',  ( 58.30000000000000426, -2.662569822472604208, 60.69999999999999574 ) ) ;
#688 = PLANE ( 'NONE',  #486 ) ;
#689 = VERTEX_POINT ( 'NONE', #846 ) ;
#690 = DIRECTION ( 'NONE',  ( 0.000000000000000000, 0.000000000000000000, 1.000000000000000000 ) ) ;
#691 = ADVANCED_FACE ( 'NONE', ( #2472 ), #2904, .F. ) ;
#692 = DIRECTION ( 'NONE',  ( 1.000000000000000000, 0.000000000000000000, 0.000000000000000000 ) ) ;
#693 = ADVANCED_FACE ( 'NONE', ( #900 ), #2533, .F. ) ;
#694 = ORIENTED_EDGE ( 'NONE', *, *, #671, .F. ) ;
#695 = ORIENTED_EDGE ( 'NONE', *, *, #828, .F. ) ;
#696 = EDGE_CURVE ( 'NONE', #2994, #1071, #4109, .T. ) ;
#697 = LINE ( 'NONE', #2311, #4948 ) ;
#698 = LINE ( 'NONE', #5117, #125 ) ;
#699 = FACE_OUTER_BOUND ( 'NONE', #5115, .T. ) ;
#700 = ADVANCED_FACE ( 'NONE', ( #586 ), #3435, .F. ) ;
#701 = LINE ( 'NONE', #295, #373 ) ;
#702 = CARTESIAN_POINT ( 'NONE',  ( 52.30000000000000426, -6.584183710947005608, 14.50000000000000533 ) ) ;
#703 = VERTEX_POINT ( 'NONE', #4285 ) ;
#704 = CIRCLE ( 'NONE', #1117, 1.399999999999998579 ) ;
#705 = CARTESIAN_POINT ( 'NONE',  ( 60.20000000000000284, 33.68128491123630397, 31.51871508876370598 ) ) ;
#706 = CARTESIAN_POINT ( 'NONE',  ( 60.20000000000000284, 18.66256982247258378, 60.70000000000000284 ) ) ;
#707 = CARTESIAN_POINT ( 'NONE',  ( -60.53158590358165725, 63.94317483514026890, 64.20000000000000284 ) ) ;
#708 = AXIS2_PLACEMENT_3D ( 'NONE', #3321, #2463, #2839 ) ;
#709 = CARTESIAN_POINT ( 'NONE',  ( 60.20000000000000284, 2.662569822472589998, 64.20000000000000284 ) ) ;
#710 = CIRCLE ( 'NONE', #2409, 88.04999999999999716 ) ;
#711 = CARTESIAN_POINT ( 'NONE',  ( -87.50547156989868824, -9.784844138895136822, 39.23878989947771601 ) ) ;
#712 = VERTEX_POINT ( 'NONE', #5027 ) ;
#713 = CARTESIAN_POINT ( 'NONE',  ( 58.30000000000000426, 18.16256982247259089, 16.00000000000000000 ) ) ;
#714 = DIRECTION ( 'NONE',  ( -0.000000000000000000, -0.000000000000000000, -1.000000000000000000 ) ) ;
#715 = CYLINDRICAL_SURFACE ( 'NONE', #4877, 88.04999999999999716 ) ;
#716 = ORIENTED_EDGE ( 'NONE', *, *, #1403, .T. ) ;
#717 = FACE_OUTER_BOUND ( 'NONE', #4495, .T. ) ;
#718 = CARTESIAN_POINT ( 'NONE',  ( 52.30000000000000426, -4.584183710947005608, 5.500000000000005329 ) ) ;
#719 = AXIS2_PLACEMENT_3D ( 'NONE', #4530, #2578, #2180 ) ;
#720 = ORIENTED_EDGE ( 'NONE', *, *, #2217, .F. ) ;
#721 = EDGE_LOOP ( 'NONE', ( #2916, #2150, #2661, #4915 ) ) ;
#722 = FACE_OUTER_BOUND ( 'NONE', #4993, .T. ) ;
#723 = CARTESIAN_POINT ( 'NONE',  ( 60.20000000000000284, 1.000000000000000000, 4.000000000000003553 ) ) ;
#724 = EDGE_CURVE ( 'NONE', #587, #4330, #3948, .T. ) ;
#725 = VECTOR ( 'NONE', #1242, 1000.000000000000000 ) ;
#726 = CIRCLE ( 'NONE', #3113, 1.400000000000012346 ) ;
#727 = DIRECTION ( 'NONE',  ( -0.000000000000000000, -0.000000000000000000, -1.000000000000000000 ) ) ;
#728 = CIRCLE ( 'NONE', #1997, 88.04999999999999716 ) ;
#729 = AXIS2_PLACEMENT_3D ( 'NONE', #62, #2086, #2868 ) ;
#730 = CARTESIAN_POINT ( 'NONE',  ( 60.20000000000000284, 18.66256982247258378, 16.49999999999999289 ) ) ;
#731 = CARTESIAN_POINT ( 'NONE',  ( 58.29999999999999716, 65.98418371094697932, -35.79999999999999716 ) ) ;
#732 = EDGE_CURVE ( 'NONE', #1063, #3072, #4714, .T. ) ;
#733 = CARTESIAN_POINT ( 'NONE',  ( 0.000000000000000000, 0.000000000000000000, 64.20000000000000284 ) ) ;
#734 = EDGE_CURVE ( 'NONE', #2994, #4329, #3488, .T. ) ;
#735 = AXIS2_PLACEMENT_3D ( 'NONE', #3888, #2303, #1960 ) ;
#736 = ORIENTED_EDGE ( 'NONE', *, *, #1171, .F. ) ;
#737 = CIRCLE ( 'NONE', #1408, 1.500000000000001332 ) ;
#738 = DIRECTION ( 'NONE',  ( 1.000000000000000000, 0.000000000000000000, 0.000000000000000000 ) ) ;
#739 = ORIENTED_EDGE ( 'NONE', *, *, #4151, .T. ) ;
#740 = CARTESIAN_POINT ( 'NONE',  ( -71.69984237574354324, 51.10709445168571818, 0.000000000000000000 ) ) ;
#741 = VECTOR ( 'NONE', #3213, 1000.000000000000000 ) ;
#742 = DIRECTION ( 'NONE',  ( -1.000000000000000000, 3.203345879408960195E-16, -0.000000000000000000 ) ) ;
#743 = AXIS2_PLACEMENT_3D ( 'NONE', #1094, #4856, #22 ) ;
#744 = VERTEX_POINT ( 'NONE', #5081 ) ;
#745 = CARTESIAN_POINT ( 'NONE',  ( -71.69984237574354324, 51.10709445168571818, -35.79999999999999716 ) ) ;
#746 = DIRECTION ( 'NONE',  ( -1.000000000000000000, 0.000000000000000000, 0.000000000000000000 ) ) ;
#747 = CARTESIAN_POINT ( 'NONE',  ( 43.50227842762900821, -76.55295077007184545, 64.20000000000000284 ) ) ;
#748 = ORIENTED_EDGE ( 'NONE', *, *, #2164, .F. ) ;
#749 = CARTESIAN_POINT ( 'NONE',  ( -25.11062085407121458, -84.39347854143166217, 64.20000000000000284 ) ) ;
#750 = DIRECTION ( 'NONE',  ( 1.000000000000000000, -3.203345879408960195E-16, -0.000000000000000000 ) ) ;
#751 = ORIENTED_EDGE ( 'NONE', *, *, #1520, .F. ) ;
#752 = EDGE_LOOP ( 'NONE', ( #1040, #2740, #2562, #1737 ) ) ;
#753 = DIRECTION ( 'NONE',  ( 1.000000000000000000, 0.000000000000000000, 0.000000000000000000 ) ) ;
#754 = DIRECTION ( 'NONE',  ( 0.000000000000000000, 0.000000000000000000, 1.000000000000000000 ) ) ;
#755 = DIRECTION ( 'NONE',  ( 0.000000000000000000, -1.927470528863118802E-16, 1.000000000000000000 ) ) ;
#756 = DIRECTION ( 'NONE',  ( 1.000000000000000000, -3.203345879408960195E-16, -0.000000000000000000 ) ) ;
#757 = CARTESIAN_POINT ( 'NONE',  ( 58.29999999999999716, -18.16256982247260510, 16.00000000000000000 ) ) ;
#758 = LINE ( 'NONE', #3630, #2399 ) ;
#759 = VERTEX_POINT ( 'NONE', #1396 ) ;
#760 = CARTESIAN_POINT ( 'NONE',  ( 45.91429192397049519, -75.13108742138915375, 14.20000000000000462 ) ) ;
#761 = EDGE_CURVE ( 'NONE', #2955, #2812, #3005, .T. ) ;
#762 = LINE ( 'NONE', #1263, #2858 ) ;
#763 = EDGE_CURVE ( 'NONE', #1717, #4661, #3510, .T. ) ;
#764 = DIRECTION ( 'NONE',  ( 1.000000000000000000, 0.000000000000000000, 0.000000000000000000 ) ) ;
#765 = CARTESIAN_POINT ( 'NONE',  ( -73.61279267997478826, 51.78011562226490128, 23.53086668005268578 ) ) ;
#766 = PLANE ( 'NONE',  #300 ) ;
#767 = EDGE_CURVE ( 'NONE', #3051, #759, #5003, .T. ) ;
#768 = DIRECTION ( 'NONE',  ( 1.000000000000000000, 0.000000000000000000, 0.000000000000000000 ) ) ;
#769 = CARTESIAN_POINT ( 'NONE',  ( 60.20000000000000284, -3.162569822472601988, 48.20000000000000995 ) ) ;
#770 = LINE ( 'NONE', #4030, #4882 ) ;
#771 = ORIENTED_EDGE ( 'NONE', *, *, #4740, .F. ) ;
#772 = CARTESIAN_POINT ( 'NONE',  ( 56.10000000000000142, -6.584183710947007384, 14.50000000000000533 ) ) ;
#773 = CARTESIAN_POINT ( 'NONE',  ( -44.40970884286820564, 78.28012366170401037, 26.20000000000000284 ) ) ;
#774 = ORIENTED_EDGE ( 'NONE', *, *, #3791, .F. ) ;
#775 = CARTESIAN_POINT ( 'NONE',  ( -72.84062767725340848, 50.29418947504633053, 25.06956605352020162 ) ) ;
#776 = VERTEX_POINT ( 'NONE', #1371 ) ;
#777 = FACE_OUTER_BOUND ( 'NONE', #2707, .T. ) ;
#778 = LINE ( 'NONE', #1573, #3862 ) ;
#779 = PLANE ( 'NONE',  #2426 ) ;
#780 = CARTESIAN_POINT ( 'NONE',  ( 9.802612940136214092, 87.50263584341830381, 0.000000000000000000 ) ) ;
#781 = ORIENTED_EDGE ( 'NONE', *, *, #696, .F. ) ;
#782 = DIRECTION ( 'NONE',  ( -0.000000000000000000, -0.000000000000000000, 1.000000000000000000 ) ) ;
#783 = LINE ( 'NONE', #835, #1998 ) ;
#784 = LINE ( 'NONE', #2490, #304 ) ;
#785 = VECTOR ( 'NONE', #2432, 1000.000000000000000 ) ;
#786 = EDGE_CURVE ( 'NONE', #3337, #2074, #3036, .T. ) ;
#787 = CARTESIAN_POINT ( 'NONE',  ( 60.20000000000000284, 18.66256982247258378, 47.70000000000000995 ) ) ;
#788 = EDGE_LOOP ( 'NONE', ( #5228, #4313, #3404, #467 ) ) ;
#789 = VERTEX_POINT ( 'NONE', #1448 ) ;
#790 = DIRECTION ( 'NONE',  ( 1.000000000000000000, 0.000000000000000000, 0.000000000000000000 ) ) ;
#791 = DIRECTION ( 'NONE',  ( -0.000000000000000000, -0.000000000000000000, 1.000000000000000000 ) ) ;
#792 = CARTESIAN_POINT ( 'NONE',  ( 52.30000000000000426, 6.584183710946994061, 58.70000000000000284 ) ) ;
#793 = LINE ( 'NONE', #4499, #4371 ) ;
#794 = EDGE_CURVE ( 'NONE', #4440, #387, #1876, .T. ) ;
#795 = CARTESIAN_POINT ( 'NONE',  ( 58.29999999999999716, -18.16256982247260510, 60.20000000000000284 ) ) ;
#796 = ADVANCED_FACE ( 'NONE', ( #4634 ), #1003, .F. ) ;
#797 = DIRECTION ( 'NONE',  ( 0.2544932992796441473, 0.9670745372626463610, -0.000000000000000000 ) ) ;
#798 = ORIENTED_EDGE ( 'NONE', *, *, #4345, .T. ) ;
#799 = VECTOR ( 'NONE', #2809, 1000.000000000000000 ) ;
#800 = CARTESIAN_POINT ( 'NONE',  ( -72.56670835333061120, 49.86858067724261900, 38.20000000000000284 ) ) ;
#801 = AXIS2_PLACEMENT_3D ( 'NONE', #3619, #5218, #3278 ) ;
#802 = PLANE ( 'NONE',  #3446 ) ;
#804 = VECTOR ( 'NONE', #1251, 1000.000000000000000 ) ;
#803 = DIRECTION ( 'NONE',  ( 1.000000000000000000, 0.000000000000000000, 0.000000000000000000 ) ) ;
#805 = CARTESIAN_POINT ( 'NONE',  ( -43.50227842762954111, 76.55295077007154703, 14.20000000000000462 ) ) ;
#806 = ORIENTED_EDGE ( 'NONE', *, *, #2381, .T. ) ;
#807 = CIRCLE ( 'NONE', #4442, 1.399999999999988143 ) ;
#808 = CARTESIAN_POINT ( 'NONE',  ( 67.29999999999999716, -18.16256982247260865, 48.20000000000000995 ) ) ;
#809 = CIRCLE ( 'NONE', #4959, 88.04999999999999716 ) ;
#810 = CARTESIAN_POINT ( 'NONE',  ( 58.29999999999999716, -65.98418371094696511, 64.20000000000000284 ) ) ;
#811 = DIRECTION ( 'NONE',  ( 1.000000000000000000, 0.000000000000000000, 0.000000000000000000 ) ) ;
#812 = CIRCLE ( 'NONE', #298, 1.399999999999998579 ) ;
#813 = FACE_OUTER_BOUND ( 'NONE', #5013, .T. ) ;
#814 = AXIS2_PLACEMENT_3D ( 'NONE', #1983, #4794, #1083 ) ;
#815 = EDGE_LOOP ( 'NONE', ( #5241, #399, #187, #3011 ) ) ;
#816 = VECTOR ( 'NONE', #2266, 1000.000000000000000 ) ;
#817 = EDGE_LOOP ( 'NONE', ( #1192, #1294, #4258, #154 ) ) ;
#818 = ADVANCED_FACE ( 'NONE', ( #3085 ), #3852, .T. ) ;
#819 = DIRECTION ( 'NONE',  ( 0.000000000000000000, 0.000000000000000000, 1.000000000000000000 ) ) ;
#820 = DIRECTION ( 'NONE',  ( 0.000000000000000000, -1.927470528863118802E-16, -1.000000000000000000 ) ) ;
#821 = DIRECTION ( 'NONE',  ( 0.000000000000000000, 0.000000000000000000, 1.000000000000000000 ) ) ;
#822 = CARTESIAN_POINT ( 'NONE',  ( -43.33245010078720583, -76.64920918224002833, -35.79999999999999716 ) ) ;
#823 = AXIS2_PLACEMENT_3D ( 'NONE', #2139, #114, #4167 ) ;
#824 = CARTESIAN_POINT ( 'NONE',  ( 52.30000000000000426, -6.584183710947005608, 49.70000000000000284 ) ) ;
#825 = CARTESIAN_POINT ( 'NONE',  ( 58.30000000000000426, -3.162569822472601100, 48.20000000000000995 ) ) ;
#826 = EDGE_CURVE ( 'NONE', #4635, #3482, #202, .T. ) ;
#827 = EDGE_CURVE ( 'NONE', #936, #2107, #2859, .T. ) ;
#828 = EDGE_CURVE ( 'NONE', #4369, #1747, #557, .T. ) ;
#829 = DIRECTION ( 'NONE',  ( 0.000000000000000000, 0.000000000000000000, -1.000000000000000000 ) ) ;
#830 = DIRECTION ( 'NONE',  ( 0.000000000000000000, 1.927470528863118802E-16, -1.000000000000000000 ) ) ;
#831 = ADVANCED_FACE ( 'NONE', ( #3409 ), #3882, .F. ) ;
#832 = CARTESIAN_POINT ( 'NONE',  ( -44.40970884286821274, 78.28012366170402458, 38.20000000000000284 ) ) ;
#833 = DIRECTION ( 'NONE',  ( -0.000000000000000000, -0.000000000000000000, -1.000000000000000000 ) ) ;
#834 = ORIENTED_EDGE ( 'NONE', *, *, #2977, .F. ) ;
#835 = CARTESIAN_POINT ( 'NONE',  ( 58.29999999999999716, -18.16256982247260510, 60.20000000000000284 ) ) ;
#836 = CARTESIAN_POINT ( 'NONE',  ( 0.000000000000000000, 0.000000000000000000, 64.20000000000000284 ) ) ;
#837 = ORIENTED_EDGE ( 'NONE', *, *, #1243, .T. ) ;
#838 = CARTESIAN_POINT ( 'NONE',  ( 44.54566088772686783, 75.95055362586663250, 64.20000000000000284 ) ) ;
#839 = ORIENTED_EDGE ( 'NONE', *, *, #3886, .T. ) ;
#840 = ORIENTED_EDGE ( 'NONE', *, *, #3110, .T. ) ;
#841 = DIRECTION ( 'NONE',  ( -0.000000000000000000, 0.000000000000000000, 1.000000000000000000 ) ) ;
#842 = CARTESIAN_POINT ( 'NONE',  ( 58.30000000000000426, -6.584183710947007384, 58.70000000000000284 ) ) ;
#843 = CYLINDRICAL_SURFACE ( 'NONE', #3453, 1.399999999999998579 ) ;
#844 = LINE ( 'NONE', #1272, #1920 ) ;
#845 = DIRECTION ( 'NONE',  ( 4.116236517543920428E-32, 1.927470528863118802E-16, 1.000000000000000000 ) ) ;
#846 = CARTESIAN_POINT ( 'NONE',  ( 58.30000000000000426, 2.662569822472591774, 3.500000000000010214 ) ) ;
#847 = CARTESIAN_POINT ( 'NONE',  ( -46.52396758522733222, 77.04305238452606375, 21.40704511784938902 ) ) ;
#848 = DIRECTION ( 'NONE',  ( 1.000000000000000000, 0.000000000000000000, 0.000000000000000000 ) ) ;
#849 = ORIENTED_EDGE ( 'NONE', *, *, #204, .T. ) ;
#850 = PLANE ( 'NONE',  #1837 ) ;
#851 = EDGE_CURVE ( 'NONE', #4590, #3319, #1900, .T. ) ;
#852 = EDGE_CURVE ( 'NONE', #3318, #1041, #5176, .T. ) ;
#853 = ADVANCED_FACE ( 'NONE', ( #2712 ), #1051, .F. ) ;
#854 = FACE_OUTER_BOUND ( 'NONE', #4694, .T. ) ;
#855 = CARTESIAN_POINT ( 'NONE',  ( 52.30000000000000426, -6.584183710947005608, 58.70000000000000284 ) ) ;
#856 = CARTESIAN_POINT ( 'NONE',  ( -88.76713965294547393, -14.84575461730682377, 43.83412968369319884 ) ) ;
#857 = ORIENTED_EDGE ( 'NONE', *, *, #4294, .T. ) ;
#858 = EDGE_CURVE ( 'NONE', #171, #4240, #330, .T. ) ;
#859 = DIRECTION ( 'NONE',  ( 0.000000000000000000, 0.000000000000000000, 1.000000000000000000 ) ) ;
#860 = DIRECTION ( 'NONE',  ( 1.000000000000000000, 0.000000000000000000, 0.000000000000000000 ) ) ;
#861 = CYLINDRICAL_SURFACE ( 'NONE', #278, 88.04999999999999716 ) ;
#862 = VERTEX_POINT ( 'NONE', #4304 ) ;
#863 = DIRECTION ( 'NONE',  ( 0.000000000000000000, -1.927470528863118802E-16, 1.000000000000000000 ) ) ;
#864 = ORIENTED_EDGE ( 'NONE', *, *, #4907, .F. ) ;
#865 = ORIENTED_EDGE ( 'NONE', *, *, #786, .F. ) ;
#866 = DIRECTION ( 'NONE',  ( 0.000000000000000000, 0.7071067811865426878, -0.7071067811865523467 ) ) ;
#867 = CYLINDRICAL_SURFACE ( 'NONE', #4362, 1.399999999999998579 ) ;
#868 = LINE ( 'NONE', #4820, #468 ) ;
#869 = CARTESIAN_POINT ( 'NONE',  ( 0.000000000000000000, 0.000000000000000000, 39.20000000000000995 ) ) ;
#870 = DIRECTION ( 'NONE',  ( 1.000000000000000000, 1.067781959802986485E-16, -0.000000000000000000 ) ) ;
#871 = DIRECTION ( 'NONE',  ( -1.000000000000000000, 0.000000000000000000, 0.000000000000000000 ) ) ;
#872 = LINE ( 'NONE', #1166, #1317 ) ;
#873 = CIRCLE ( 'NONE', #2233, 88.04999999999999716 ) ;
#874 = CARTESIAN_POINT ( 'NONE',  ( 57.16748921991823096, 66.96775848339659376, 0.000000000000000000 ) ) ;
#875 = VERTEX_POINT ( 'NONE', #631 ) ;
#876 = LINE ( 'NONE', #2108, #2521 ) ;
#877 = EDGE_LOOP ( 'NONE', ( #849, #3, #1280, #4950 ) ) ;
#878 = AXIS2_PLACEMENT_3D ( 'NONE', #3628, #4827, #1195 ) ;
#879 = EDGE_CURVE ( 'NONE', #1608, #649, #1325, .T. ) ;
#880 = DIRECTION ( 'NONE',  ( 0.000000000000000000, 0.000000000000000000, -1.000000000000000000 ) ) ;
#881 = CARTESIAN_POINT ( 'NONE',  ( -7.015502723804635465, -87.77007019213492356, 64.20000000000000284 ) ) ;
#882 = ORIENTED_EDGE ( 'NONE', *, *, #3845, .T. ) ;
#883 = AXIS2_PLACEMENT_3D ( 'NONE', #229, #2860, #2298 ) ;
#884 = EDGE_CURVE ( 'NONE', #2643, #5005, #3806, .T. ) ;
#885 = DIRECTION ( 'NONE',  ( 0.000000000000000000, 1.000000000000000000, 0.000000000000000000 ) ) ;
#886 = ORIENTED_EDGE ( 'NONE', *, *, #734, .T. ) ;
#887 = EDGE_CURVE ( 'NONE', #4949, #1102, #1445, .T. ) ;
#888 = DIRECTION ( 'NONE',  ( -1.000000000000000000, 0.000000000000000000, 0.000000000000000000 ) ) ;
#889 = VERTEX_POINT ( 'NONE', #3189 ) ;
#890 = CIRCLE ( 'NONE', #2333, 90.00000000000000000 ) ;
#891 = ORIENTED_EDGE ( 'NONE', *, *, #1341, .F. ) ;
#892 = VERTEX_POINT ( 'NONE', #707 ) ;
#893 = ORIENTED_EDGE ( 'NONE', *, *, #3217, .F. ) ;
#894 = CARTESIAN_POINT ( 'NONE',  ( -85.99863518207618540, 18.89542925736718360, 0.000000000000000000 ) ) ;
#895 = AXIS2_PLACEMENT_3D ( 'NONE', #2013, #2876, #2927 ) ;
#896 = DIRECTION ( 'NONE',  ( -0.000000000000000000, -0.000000000000000000, -1.000000000000000000 ) ) ;
#897 = CARTESIAN_POINT ( 'NONE',  ( 67.29999999999999716, -2.662569822472606873, 47.70000000000000995 ) ) ;
#898 = LINE ( 'NONE', #3355, #51 ) ;
#899 = DIRECTION ( 'NONE',  ( -0.000000000000000000, -0.000000000000000000, -1.000000000000000000 ) ) ;
#900 = FACE_OUTER_BOUND ( 'NONE', #5178, .T. ) ;
#901 = AXIS2_PLACEMENT_3D ( 'NONE', #2640, #2964, #1426 ) ;
#902 = VECTOR ( 'NONE', #4025, 1000.000000000000000 ) ;
#903 = CYLINDRICAL_SURFACE ( 'NONE', #4860, 88.04999999999999716 ) ;
#904 = DIRECTION ( 'NONE',  ( -1.000000000000000000, -1.067781959802986485E-16, -0.000000000000000000 ) ) ;
#905 = ORIENTED_EDGE ( 'NONE', *, *, #422, .F. ) ;
#906 = DIRECTION ( 'NONE',  ( 1.000000000000000000, 0.000000000000000000, 0.000000000000000000 ) ) ;
#907 = ORIENTED_EDGE ( 'NONE', *, *, #2628, .T. ) ;
#908 = AXIS2_PLACEMENT_3D ( 'NONE', #1743, #3380, #4978 ) ;
#909 = FACE_OUTER_BOUND ( 'NONE', #1375, .T. ) ;
#910 = CARTESIAN_POINT ( 'NONE',  ( 60.20000000000000284, -44.53259280793859887, 86.57002298546635188 ) ) ;
#911 = CARTESIAN_POINT ( 'NONE',  ( 60.20000000000000284, 1.000000000000001554, 60.69999999999999574 ) ) ;
#912 = EDGE_LOOP ( 'NONE', ( #1621, #2524, #3204, #964 ) ) ;
#913 = LINE ( 'NONE', #4145, #4712 ) ;
#914 = CARTESIAN_POINT ( 'NONE',  ( -86.76290970224545163, 14.99999999999999645, 45.20000000000000995 ) ) ;
#915 = EDGE_LOOP ( 'NONE', ( #3914, #3423, #2163, #4924, #2566, #4727, #4286, #1309 ) ) ;
#916 = PLANE ( 'NONE',  #823 ) ;
#917 = ORIENTED_EDGE ( 'NONE', *, *, #4336, .F. ) ;
#918 = EDGE_CURVE ( 'NONE', #1023, #682, #4250, .T. ) ;
#919 = EDGE_LOOP ( 'NONE', ( #1034, #4922, #490, #2206 ) ) ;
#920 = EDGE_CURVE ( 'NONE', #523, #3127, #3952, .T. ) ;
#921 = ORIENTED_EDGE ( 'NONE', *, *, #404, .F. ) ;
#922 = EDGE_CURVE ( 'NONE', #930, #2805, #783, .T. ) ;
#923 = CARTESIAN_POINT ( 'NONE',  ( -58.46790270213412555, 65.83545286252520157, 14.20000000000000462 ) ) ;
#924 = CARTESIAN_POINT ( 'NONE',  ( -90.00000000000000000, 0.000000000000000000, 64.20000000000000284 ) ) ;
#925 = DIRECTION ( 'NONE',  ( -1.000000000000000000, -1.067781959802986485E-16, -0.000000000000000000 ) ) ;
#926 = CARTESIAN_POINT ( 'NONE',  ( -79.51886184023489079, -37.80943151693286097, 0.000000000000000000 ) ) ;
#927 = FACE_OUTER_BOUND ( 'NONE', #3397, .T. ) ;
#928 = ADVANCED_FACE ( 'NONE', ( #4389 ), #462, .T. ) ;
#929 = PLANE ( 'NONE',  #1568 ) ;
#930 = VERTEX_POINT ( 'NONE', #1656 ) ;
#931 = DIRECTION ( 'NONE',  ( -0.000000000000000000, -0.000000000000000000, 1.000000000000000000 ) ) ;
#932 = ORIENTED_EDGE ( 'NONE', *, *, #3110, .F. ) ;
#933 = ORIENTED_EDGE ( 'NONE', *, *, #2022, .F. ) ;
#934 = DIRECTION ( 'NONE',  ( -1.000000000000000000, 2.135563919605973464E-16, 0.000000000000000000 ) ) ;
#935 = CARTESIAN_POINT ( 'NONE',  ( -45.06587307220797101, 77.21490390515069180, 41.82882010834099162 ) ) ;
#936 = VERTEX_POINT ( 'NONE', #4918 ) ;
#937 = CARTESIAN_POINT ( 'NONE',  ( -44.40970884286819143, 78.28012366170399616, 38.60167364580129856 ) ) ;
#938 = VERTEX_POINT ( 'NONE', #2051 ) ;
#939 = DIRECTION ( 'NONE',  ( -0.000000000000000000, -0.000000000000000000, 1.000000000000000000 ) ) ;
#940 = EDGE_LOOP ( 'NONE', ( #1219, #1711, #4218, #1957 ) ) ;
#941 = VERTEX_POINT ( 'NONE', #1624 ) ;
#942 = EDGE_CURVE ( 'NONE', #776, #4329, #560, .T. ) ;
#943 = FACE_OUTER_BOUND ( 'NONE', #4235, .T. ) ;
#944 = LINE ( 'NONE', #2958, #2701 ) ;
#945 = DIRECTION ( 'NONE',  ( 1.067781959802986485E-16, 1.000000000000000000, 0.000000000000000000 ) ) ;
#946 = DIRECTION ( 'NONE',  ( 0.000000000000000000, 1.000000000000000000, -4.336808689942019708E-16 ) ) ;
#947 = PLANE ( 'NONE',  #719 ) ;
#948 = CARTESIAN_POINT ( 'NONE',  ( -71.34176613737959372, 52.46647275706118307, 21.18653001896998944 ) ) ;
#949 = ORIENTED_EDGE ( 'NONE', *, *, #2191, .T. ) ;
#950 = CARTESIAN_POINT ( 'NONE',  ( -48.26069406004180706, 73.64582750463901561, 20.20000000000000284 ) ) ;
#951 = EDGE_CURVE ( 'NONE', #2992, #1343, #3702, .T. ) ;
#952 = ORIENTED_EDGE ( 'NONE', *, *, #1152, .T. ) ;
#953 = FACE_OUTER_BOUND ( 'NONE', #3391, .T. ) ;
#954 = AXIS2_PLACEMENT_3D ( 'NONE', #585, #608, #945 ) ;
#955 = ORIENTED_EDGE ( 'NONE', *, *, #2164, .T. ) ;
#956 = EDGE_LOOP ( 'NONE', ( #2186, #196, #148, #674, #4895, #5135, #4893, #2546, #184, #3676, #66, #1291, #2395, #1159, #4465, #1726, #2736, #4641, #3581, #2506, #2113, #3769, #1194, #37, #1400, #4811, #629, #4480, #3077, #4664, #2135, #837, #2287, #864, #3669, #3419, #2162, #4988, #592, #4184, #1223, #2570, #3297, #3945, #5131, #1437, #597, #3834, #4199, #917, #2967, #1031, #1714, #3721, #2873, #3099, #1476, #2724, #5015, #4296, #5068 ) ) ;
#957 = AXIS2_PLACEMENT_3D ( 'NONE', #4673, #4650, #2241 ) ;
#958 = PLANE ( 'NONE',  #628 ) ;
#959 = DIRECTION ( 'NONE',  ( 0.000000000000000000, 0.000000000000000000, 1.000000000000000000 ) ) ;
#960 = VECTOR ( 'NONE', #4666, 1000.000000000000000 ) ;
#961 = VERTEX_POINT ( 'NONE', #354 ) ;
#962 = AXIS2_PLACEMENT_3D ( 'NONE', #4992, #5075, #1440 ) ;
#963 = ORIENTED_EDGE ( 'NONE', *, *, #2190, .T. ) ;
#964 = ORIENTED_EDGE ( 'NONE', *, *, #424, .F. ) ;
#965 = DIRECTION ( 'NONE',  ( 0.7071067811865463515, -0.7071067811865487940, 0.000000000000000000 ) ) ;
#966 = LINE ( 'NONE', #1688, #2788 ) ;
#967 = ORIENTED_EDGE ( 'NONE', *, *, #2094, .T. ) ;
#968 = VERTEX_POINT ( 'NONE', #3680 ) ;
#969 = CARTESIAN_POINT ( 'NONE',  ( -87.09136120751257693, 12.96053758901264175, 40.67598985290767644 ) ) ;
#970 = VECTOR ( 'NONE', #4172, 1000.000000000000000 ) ;
#971 = DIRECTION ( 'NONE',  ( -1.000000000000000000, -1.067781959802986485E-16, -0.000000000000000000 ) ) ;
#972 = FACE_OUTER_BOUND ( 'NONE', #4695, .T. ) ;
#973 = DIRECTION ( 'NONE',  ( 0.000000000000000000, 0.000000000000000000, 1.000000000000000000 ) ) ;
#974 = EDGE_CURVE ( 'NONE', #649, #3412, #4435, .T. ) ;
#975 = VECTOR ( 'NONE', #1193, 1000.000000000000000 ) ;
#976 = ORIENTED_EDGE ( 'NONE', *, *, #3719, .F. ) ;
#977 = CARTESIAN_POINT ( 'NONE',  ( 26.63539583874561956, -83.92471738715200047, 0.000000000000000000 ) ) ;
#978 = DIRECTION ( 'NONE',  ( 0.000000000000000000, 0.000000000000000000, 1.000000000000000000 ) ) ;
#979 = ORIENTED_EDGE ( 'NONE', *, *, #269, .F. ) ;
#980 = CARTESIAN_POINT ( 'NONE',  ( 60.20000000000000284, -1.000000000000000888, 64.20000000000000284 ) ) ;
#981 = VECTOR ( 'NONE', #931, 1000.000000000000000 ) ;
#982 = EDGE_CURVE ( 'NONE', #470, #4935, #5127, .T. ) ;
#983 = EDGE_CURVE ( 'NONE', #596, #4585, #762, .T. ) ;
#984 = ORIENTED_EDGE ( 'NONE', *, *, #1602, .T. ) ;
#985 = EDGE_CURVE ( 'NONE', #146, #1023, #4813, .T. ) ;
#986 = VECTOR ( 'NONE', #4395, 1000.000000000000000 ) ;
#987 = VECTOR ( 'NONE', #4981, 1000.000000000000000 ) ;
#988 = CARTESIAN_POINT ( 'NONE',  ( 58.29999999999999716, -65.98418371094696511, -35.79999999999999716 ) ) ;
#989 = CARTESIAN_POINT ( 'NONE',  ( -58.32179878092601655, -65.96491709202079790, -35.79999999999999716 ) ) ;
#990 = AXIS2_PLACEMENT_3D ( 'NONE', #1925, #227, #3557 ) ;
#991 = ORIENTED_EDGE ( 'NONE', *, *, #3210, .F. ) ;
#992 = ORIENTED_EDGE ( 'NONE', *, *, #3306, .T. ) ;
#993 = ORIENTED_EDGE ( 'NONE', *, *, #2975, .F. ) ;
#994 = EDGE_CURVE ( 'NONE', #3815, #2155, #2383, .T. ) ;
#995 = CARTESIAN_POINT ( 'NONE',  ( -72.89267705453255530, 50.37266330133076764, 39.42383793936760839 ) ) ;
#996 = CARTESIAN_POINT ( 'NONE',  ( 58.29999999999999716, -65.98418371094696511, 64.20000000000000284 ) ) ;
#997 = CARTESIAN_POINT ( 'NONE',  ( 52.30000000000000426, -6.584183710947005608, 5.500000000000005329 ) ) ;
#998 = ORIENTED_EDGE ( 'NONE', *, *, #1834, .F. ) ;
#999 = ORIENTED_EDGE ( 'NONE', *, *, #1937, .T. ) ;
#1000 = CARTESIAN_POINT ( 'NONE',  ( -86.76971283499206322, 14.96079863240763252, 44.41086915252626710 ) ) ;
#1001 = DIRECTION ( 'NONE',  ( -1.067781959802986485E-16, 1.000000000000000000, -1.927470528863118802E-16 ) ) ;
#1002 = DIRECTION ( 'NONE',  ( -1.000000000000000000, 3.203345879408960195E-16, -0.000000000000000000 ) ) ;
#1003 = PLANE ( 'NONE',  #4786 ) ;
#1004 = ORIENTED_EDGE ( 'NONE', *, *, #2252, .F. ) ;
#1005 = VERTEX_POINT ( 'NONE', #4861 ) ;
#1006 = CARTESIAN_POINT ( 'NONE',  ( 52.30000000000000426, 6.584183710946994061, 58.70000000000000284 ) ) ;
#1007 = ORIENTED_EDGE ( 'NONE', *, *, #3167, .F. ) ;
#1008 = PLANE ( 'NONE',  #5016 ) ;
#1009 = ORIENTED_EDGE ( 'NONE', *, *, #1738, .T. ) ;
#1010 = LINE ( 'NONE', #4969, #1308 ) ;
#1011 = EDGE_CURVE ( 'NONE', #1828, #2442, #3998, .T. ) ;
#1012 = CARTESIAN_POINT ( 'NONE',  ( -8.410120920899554875, -87.64743217057672098, 64.20000000000000284 ) ) ;
#1013 = EDGE_CURVE ( 'NONE', #2494, #4017, #3605, .T. ) ;
#1014 = VERTEX_POINT ( 'NONE', #3219 ) ;
#1015 = ORIENTED_EDGE ( 'NONE', *, *, #2790, .F. ) ;
#1016 = EDGE_LOOP ( 'NONE', ( #2676, #1798, #251, #1017 ) ) ;
#1017 = ORIENTED_EDGE ( 'NONE', *, *, #1341, .T. ) ;
#1018 = CARTESIAN_POINT ( 'NONE',  ( -44.70028636183488402, 78.11458294787428258, 40.15088352582711906 ) ) ;
#1019 = EDGE_CURVE ( 'NONE', #2643, #4830, #2796, .T. ) ;
#1020 = CARTESIAN_POINT ( 'NONE',  ( -86.89710210991187012, -14.20369846097199940, 56.21255561904318654 ) ) ;
#1021 = ORIENTED_EDGE ( 'NONE', *, *, #2718, .F. ) ;
#1022 = EDGE_CURVE ( 'NONE', #132, #189, #1728, .T. ) ;
#1023 = VERTEX_POINT ( 'NONE', #4216 ) ;
#1024 = DIRECTION ( 'NONE',  ( 2.265107593816060868E-16, 0.7071067811865475727, -0.7071067811865475727 ) ) ;
#1025 = CARTESIAN_POINT ( 'NONE',  ( -45.91429192397128389, 75.13108742138865637, 20.84657278404802128 ) ) ;
#1026 = CARTESIAN_POINT ( 'NONE',  ( -70.73831969691258337, 52.43041302897050571, 20.93788320944058157 ) ) ;
#1027 = ORIENTED_EDGE ( 'NONE', *, *, #2363, .F. ) ;
#1028 = ORIENTED_EDGE ( 'NONE', *, *, #204, .F. ) ;
#1029 = CARTESIAN_POINT ( 'NONE',  ( -88.77406024163201437, -14.80447598006514554, 54.77027355091306049 ) ) ;
#1030 = DIRECTION ( 'NONE',  ( 0.000000000000000000, -0.000000000000000000, 1.000000000000000000 ) ) ;
#1031 = ORIENTED_EDGE ( 'NONE', *, *, #2082, .F. ) ;
#1032 = CARTESIAN_POINT ( 'NONE',  ( -89.19651054573461124, -12.00382906553573648, 39.99114115345101084 ) ) ;
#1033 = CARTESIAN_POINT ( 'NONE',  ( 26.63539583874492322, -83.92471738715222784, 14.20000000000000462 ) ) ;
#1034 = ORIENTED_EDGE ( 'NONE', *, *, #2681, .F. ) ;
#1035 = FACE_OUTER_BOUND ( 'NONE', #546, .T. ) ;
#1036 = CARTESIAN_POINT ( 'NONE',  ( -46.01905055715128157, 75.33294477628056995, 43.51844744564239420 ) ) ;
#1037 = CIRCLE ( 'NONE', #2056, 1.400000000000012346 ) ;
#1038 = CARTESIAN_POINT ( 'NONE',  ( 60.20000000000000284, 66.90261579340526055, 64.20000000000000284 ) ) ;
#1039 = ORIENTED_EDGE ( 'NONE', *, *, #4443, .T. ) ;
#1040 = ORIENTED_EDGE ( 'NONE', *, *, #3677, .T. ) ;
#1041 = VERTEX_POINT ( 'NONE', #3885 ) ;
#1042 = VECTOR ( 'NONE', #4397, 1000.000000000000000 ) ;
#1043 = EDGE_CURVE ( 'NONE', #3511, #1775, #1399, .T. ) ;
#1044 = VECTOR ( 'NONE', #4565, 1000.000000000000000 ) ;
#1045 = DIRECTION ( 'NONE',  ( 4.116236517543920428E-32, 1.927470528863118802E-16, 1.000000000000000000 ) ) ;
#1046 = VERTEX_POINT ( 'NONE', #3832 ) ;
#1047 = CARTESIAN_POINT ( 'NONE',  ( -47.85604840526528392, 73.91099500712472548, 44.20000000000000995 ) ) ;
#1048 = VECTOR ( 'NONE', #4047, 1000.000000000000000 ) ;
#1049 = ADVANCED_FACE ( 'NONE', ( #2152 ), #2207, .F. ) ;
#1050 = CARTESIAN_POINT ( 'NONE',  ( -43.50227842762954111, 76.55295077007154703, 14.20000000000000462 ) ) ;
#1051 = CYLINDRICAL_SURFACE ( 'NONE', #4964, 88.04999999999999716 ) ;
#1052 = EDGE_CURVE ( 'NONE', #712, #2373, #2663, .T. ) ;
#1053 = CARTESIAN_POINT ( 'NONE',  ( 58.30000000000000426, -6.584183710947007384, 58.70000000000000284 ) ) ;
#1054 = CARTESIAN_POINT ( 'NONE',  ( 52.30000000000000426, 6.584183710946994061, 49.70000000000000284 ) ) ;
#1055 = ORIENTED_EDGE ( 'NONE', *, *, #1378, .F. ) ;
#1056 = ORIENTED_EDGE ( 'NONE', *, *, #982, .T. ) ;
#1057 = DIRECTION ( 'NONE',  ( 0.000000000000000000, 1.000000000000000000, 0.000000000000000000 ) ) ;
#1058 = EDGE_LOOP ( 'NONE', ( #3916, #1658, #4759, #4407 ) ) ;
#1059 = CARTESIAN_POINT ( 'NONE',  ( -88.76713965294545972, 14.84575461730682733, 54.56587031630682105 ) ) ;
#1060 = VECTOR ( 'NONE', #3674, 1000.000000000000000 ) ;
#1061 = CIRCLE ( 'NONE', #2600, 1.399999999999998579 ) ;
#1062 = CARTESIAN_POINT ( 'NONE',  ( 52.30000000000000426, -4.584183710947005608, 5.500000000000005329 ) ) ;
#1063 = VERTEX_POINT ( 'NONE', #127 ) ;
#1064 = ORIENTED_EDGE ( 'NONE', *, *, #3040, .T. ) ;
#1065 = DIRECTION ( 'NONE',  ( 0.000000000000000000, 0.000000000000000000, 1.000000000000000000 ) ) ;
#1066 = AXIS2_PLACEMENT_3D ( 'NONE', #2986, #4637, #4610 ) ;
#1068 = AXIS2_PLACEMENT_3D ( 'NONE', #5158, #3929, #2799 ) ;
#1067 = CARTESIAN_POINT ( 'NONE',  ( 67.29999999999999716, 2.662569822472592662, 60.69999999999999574 ) ) ;
#1069 = DIRECTION ( 'NONE',  ( 1.000000000000000000, 0.000000000000000000, 0.000000000000000000 ) ) ;
#1070 = VERTEX_POINT ( 'NONE', #977 ) ;
#1071 = VERTEX_POINT ( 'NONE', #2258 ) ;
#1072 = VECTOR ( 'NONE', #1521, 1000.000000000000000 ) ;
#1073 = AXIS2_PLACEMENT_3D ( 'NONE', #4100, #1212, #4051 ) ;
#1074 = DIRECTION ( 'NONE',  ( -0.000000000000000000, -0.000000000000000000, 1.000000000000000000 ) ) ;
#1075 = CIRCLE ( 'NONE', #1844, 1.500000000000001332 ) ;
#1076 = CARTESIAN_POINT ( 'NONE',  ( -87.54815811279141258, -9.395786942364610539, 59.20000000000002416 ) ) ;
#1077 = CARTESIAN_POINT ( 'NONE',  ( 8.410120920898981112, 87.64743217057677782, -35.79999999999999716 ) ) ;
#1078 = EDGE_CURVE ( 'NONE', #1986, #4414, #2211, .T. ) ;
#1079 = DIRECTION ( 'NONE',  ( 1.000000000000000000, 0.000000000000000000, 0.000000000000000000 ) ) ;
#1080 = CARTESIAN_POINT ( 'NONE',  ( -69.64255084127493944, 53.87951212119529742, 20.27549508822286839 ) ) ;
#1081 = VERTEX_POINT ( 'NONE', #5031 ) ;
#1082 = EDGE_CURVE ( 'NONE', #2897, #3141, #3471, .T. ) ;
#1083 = DIRECTION ( 'NONE',  ( -1.000000000000000000, 0.000000000000000000, 0.000000000000000000 ) ) ;
#1084 = DIRECTION ( 'NONE',  ( -0.000000000000000000, -0.000000000000000000, 1.000000000000000000 ) ) ;
#1085 = ORIENTED_EDGE ( 'NONE', *, *, #4876, .T. ) ;
#1086 = LINE ( 'NONE', #1987, #3348 ) ;
#1087 = EDGE_CURVE ( 'NONE', #2745, #3603, #4290, .T. ) ;
#1088 = LINE ( 'NONE', #286, #2937 ) ;
#1089 = DIRECTION ( 'NONE',  ( 0.000000000000000000, 0.000000000000000000, -1.000000000000000000 ) ) ;
#1090 = CARTESIAN_POINT ( 'NONE',  ( 52.30000000000000426, 6.584183710946992285, 14.50000000000000533 ) ) ;
#1091 = CARTESIAN_POINT ( 'NONE',  ( -43.50227842762954111, 76.55295077007154703, 0.000000000000000000 ) ) ;
#1092 = CARTESIAN_POINT ( 'NONE',  ( 8.410120920898981112, 87.64743217057677782, 0.000000000000000000 ) ) ;
#1093 = DIRECTION ( 'NONE',  ( 0.000000000000000000, 0.000000000000000000, 1.000000000000000000 ) ) ;
#1094 = CARTESIAN_POINT ( 'NONE',  ( 0.000000000000000000, 0.000000000000000000, 64.20000000000000284 ) ) ;
#1095 = ORIENTED_EDGE ( 'NONE', *, *, #4996, .T. ) ;
#1096 = DIRECTION ( 'NONE',  ( -1.000000000000000000, 0.000000000000000000, 0.000000000000000000 ) ) ;
#1097 = VERTEX_POINT ( 'NONE', #3043 ) ;
#1098 = DIRECTION ( 'NONE',  ( 1.000000000000000000, 0.000000000000000000, 0.000000000000000000 ) ) ;
#1099 = CARTESIAN_POINT ( 'NONE',  ( -73.96853964230157885, 51.27041196621359376, 25.80178627385652490 ) ) ;
#1100 = ORIENTED_EDGE ( 'NONE', *, *, #4478, .T. ) ;
#1101 = CARTESIAN_POINT ( 'NONE',  ( 44.71393728141391222, -75.85160718662316981, -35.79999999999999716 ) ) ;
#1102 = VERTEX_POINT ( 'NONE', #1161 ) ;
#1103 = ADVANCED_FACE ( 'NONE', ( #1587 ), #1879, .F. ) ;
#1104 = DIRECTION ( 'NONE',  ( -1.000000000000000000, 0.000000000000000000, -0.000000000000000000 ) ) ;
#1105 = DIRECTION ( 'NONE',  ( 1.000000000000000000, 0.000000000000000000, 0.000000000000000000 ) ) ;
#1106 = ORIENTED_EDGE ( 'NONE', *, *, #33, .F. ) ;
#1107 = CARTESIAN_POINT ( 'NONE',  ( -88.74784558513856325, 14.96081392463754867, 53.98898189001769765 ) ) ;
#1108 = DIRECTION ( 'NONE',  ( 1.000000000000000000, -3.203345879408960195E-16, 0.000000000000000000 ) ) ;
#1109 = FACE_OUTER_BOUND ( 'NONE', #3742, .T. ) ;
#1110 = EDGE_CURVE ( 'NONE', #3733, #310, #2692, .T. ) ;
#1111 = DIRECTION ( 'NONE',  ( 0.000000000000000000, -1.000000000000000000, -4.336808689942019708E-16 ) ) ;
#1112 = CARTESIAN_POINT ( 'NONE',  ( 58.30000000000000426, 6.584183710946993173, 49.70000000000000284 ) ) ;
#1113 = CARTESIAN_POINT ( 'NONE',  ( 59.79999999999999716, 65.98418371094697932, -35.79999999999999716 ) ) ;
#1114 = CARTESIAN_POINT ( 'NONE',  ( 52.30000000000000426, 4.584183710946994061, 58.70000000000000284 ) ) ;
#1115 = CARTESIAN_POINT ( 'NONE',  ( -46.27982478056351567, 74.90770209766446897, 43.76418336829161859 ) ) ;
#1116 = ORIENTED_EDGE ( 'NONE', *, *, #2314, .T. ) ;
#1117 = AXIS2_PLACEMENT_3D ( 'NONE', #3443, #3012, #3494 ) ;
#1118 = LINE ( 'NONE', #705, #2262 ) ;
#1119 = LINE ( 'NONE', #2361, #3866 ) ;
#1120 = DIRECTION ( 'NONE',  ( -1.000000000000000000, 3.203345879408960195E-16, -0.000000000000000000 ) ) ;
#1121 = VECTOR ( 'NONE', #4154, 1000.000000000000000 ) ;
#1122 = CARTESIAN_POINT ( 'NONE',  ( -45.84856610458097492, 76.68888876817717914, 21.59868405075713227 ) ) ;
#1123 = CARTESIAN_POINT ( 'NONE',  ( -86.81631785998617090, -14.68852545105428931, 43.25220996614585545 ) ) ;
#1124 = ORIENTED_EDGE ( 'NONE', *, *, #4832, .F. ) ;
#1125 = VERTEX_POINT ( 'NONE', #4367 ) ;
#1126 = FACE_OUTER_BOUND ( 'NONE', #1209, .T. ) ;
#1127 = DIRECTION ( 'NONE',  ( 1.000000000000000000, 0.000000000000000000, 0.000000000000000000 ) ) ;
#1128 = CARTESIAN_POINT ( 'NONE',  ( 44.71393728141391222, -75.85160718662316981, 64.20000000000000284 ) ) ;
#1129 = AXIS2_PLACEMENT_3D ( 'NONE', #5098, #1540, #2319 ) ;
#1130 = ORIENTED_EDGE ( 'NONE', *, *, #1466, .T. ) ;
#1131 = CARTESIAN_POINT ( 'NONE',  ( 58.29999999999999716, -65.98418371094696511, 0.000000000000000000 ) ) ;
#1132 = EDGE_CURVE ( 'NONE', #4489, #5223, #3569, .T. ) ;
#1133 = DIRECTION ( 'NONE',  ( 0.000000000000000000, 0.000000000000000000, 1.000000000000000000 ) ) ;
#1134 = AXIS2_PLACEMENT_3D ( 'NONE', #1508, #3496, #3093 ) ;
#1135 = ORIENTED_EDGE ( 'NONE', *, *, #2727, .F. ) ;
#1136 = CARTESIAN_POINT ( 'NONE',  ( 67.29999999999999716, 18.16256982247259089, 16.00000000000000000 ) ) ;
#1137 = PLANE ( 'NONE',  #379 ) ;
#1138 = AXIS2_PLACEMENT_3D ( 'NONE', #605, #3234, #2755 ) ;
#1139 = EDGE_CURVE ( 'NONE', #2549, #1747, #4619, .T. ) ;
#1140 = AXIS2_PLACEMENT_3D ( 'NONE', #5119, #4269, #3502 ) ;
#1141 = EDGE_CURVE ( 'NONE', #587, #1897, #3202, .T. ) ;
#1142 = DIRECTION ( 'NONE',  ( 0.000000000000000000, 0.7071067811865474617, -0.7071067811865474617 ) ) ;
#1143 = ADVANCED_FACE ( 'NONE', ( #3197 ), #4819, .T. ) ;
#1144 = VECTOR ( 'NONE', #4990, 1000.000000000000000 ) ;
#1145 = AXIS2_PLACEMENT_3D ( 'NONE', #810, #2437, #2893 ) ;
#1146 = DIRECTION ( 'NONE',  ( -0.000000000000000000, -0.000000000000000000, 1.000000000000000000 ) ) ;
#1147 = CARTESIAN_POINT ( 'NONE',  ( -43.20188158580229043, 76.72294551652802852, 39.96099182810598904 ) ) ;
#1148 = CARTESIAN_POINT ( 'NONE',  ( -25.11062085407190736, -84.39347854143144900, 0.000000000000000000 ) ) ;
#1149 = CIRCLE ( 'NONE', #4364, 1.399999999999991473 ) ;
#1150 = ORIENTED_EDGE ( 'NONE', *, *, #4553, .F. ) ;
#1151 = AXIS2_PLACEMENT_3D ( 'NONE', #2084, #3713, #1685 ) ;
#1152 = EDGE_CURVE ( 'NONE', #1523, #875, #4033, .T. ) ;
#1153 = DIRECTION ( 'NONE',  ( 0.000000000000000000, 0.7071067811865474617, 0.7071067811865474617 ) ) ;
#1154 = DIRECTION ( 'NONE',  ( 0.000000000000000000, 0.000000000000000000, 1.000000000000000000 ) ) ;
#1155 = AXIS2_PLACEMENT_3D ( 'NONE', #2685, #1853, #1098 ) ;
#1156 = ORIENTED_EDGE ( 'NONE', *, *, #1413, .F. ) ;
#1157 = CARTESIAN_POINT ( 'NONE',  ( 52.30000000000000426, 6.584183710946994061, 49.70000000000000284 ) ) ;
#1158 = AXIS2_PLACEMENT_3D ( 'NONE', #2972, #65, #4227 ) ;
#1159 = ORIENTED_EDGE ( 'NONE', *, *, #5222, .T. ) ;
#1160 = LINE ( 'NONE', #3568, #4281 ) ;
#1161 = CARTESIAN_POINT ( 'NONE',  ( 58.30000000000000426, -4.584183710947008272, 5.500000000000005329 ) ) ;
#1162 = CARTESIAN_POINT ( 'NONE',  ( -87.50547156989868824, 9.784844138895140375, 59.16121010052229678 ) ) ;
#1163 = LINE ( 'NONE', #339, #383 ) ;
#1164 = ORIENTED_EDGE ( 'NONE', *, *, #1438, .F. ) ;
#1165 = CARTESIAN_POINT ( 'NONE',  ( 67.29999999999999716, 18.16256982247259089, 48.20000000000000995 ) ) ;
#1166 = CARTESIAN_POINT ( 'NONE',  ( 56.10000000000000142, -6.584183710947007384, 5.500000000000005329 ) ) ;
#1167 = ORIENTED_EDGE ( 'NONE', *, *, #598, .T. ) ;
#1168 = DIRECTION ( 'NONE',  ( -0.000000000000000000, -0.000000000000000000, 1.000000000000000000 ) ) ;
#1169 = ORIENTED_EDGE ( 'NONE', *, *, #826, .T. ) ;
#1170 = B_SPLINE_CURVE_WITH_KNOTS ( 'NONE', 3,
 ( #1025, #3138, #306, #3164, #1953, #3979, #1122, #279, #3536, #2761, #3112, #4682, #2364, #5055, #3063, #4656, #2659, #2250, #2714, #1901, #3509, #3881 ),
 .UNSPECIFIED., .F., .F.,
 ( 4, 2, 2, 2, 2, 2, 2, 2, 2, 2, 4 ),
 ( 0.0009007335470497088332, 0.001584874362734060241, 0.002269015178418412083, 0.002953155994102763492, 0.003637296809787114900, 0.004321437625471466308, 0.005005578441155818584, 0.005347648848997983012, 0.005689719256840149175, 0.006031789664682315338, 0.006373860072524481502 ),
 .UNSPECIFIED. ) ;
#1171 = EDGE_CURVE ( 'NONE', #5215, #30, #2768, .T. ) ;
#1172 = LINE ( 'NONE', #3556, #799 ) ;
#1173 = DIRECTION ( 'NONE',  ( 1.000000000000000000, 0.000000000000000000, 0.000000000000000000 ) ) ;
#1174 = B_SPLINE_CURVE_WITH_KNOTS ( 'NONE', 3,
 ( #1598, #3849, #1147, #3994, #5172, #3185, #1824, #4781 ),
 .UNSPECIFIED., .F., .F.,
 ( 4, 2, 2, 4 ),
 ( 0.006860056171472265867, 0.008183509709471729898, 0.008845236478471470154, 0.009506963247471210410 ),
 .UNSPECIFIED. ) ;
#1175 = LINE ( 'NONE', #350, #1544 ) ;
#1176 = ORIENTED_EDGE ( 'NONE', *, *, #4907, .T. ) ;
#1177 = ORIENTED_EDGE ( 'NONE', *, *, #786, .T. ) ;
#1178 = DIRECTION ( 'NONE',  ( 0.000000000000000000, 0.000000000000000000, 1.000000000000000000 ) ) ;
#1179 = EDGE_CURVE ( 'NONE', #1828, #4300, #3117, .T. ) ;
#1180 = CARTESIAN_POINT ( 'NONE',  ( -70.87819906843061801, 52.24062975133360709, 43.31965947296977504 ) ) ;
#1181 = EDGE_CURVE ( 'NONE', #3529, #1481, #3029, .T. ) ;
#1182 = FACE_OUTER_BOUND ( 'NONE', #86, .T. ) ;
#1183 = CARTESIAN_POINT ( 'NONE',  ( 9.996586217760409454, -87.48068794877463006, 0.000000000000000000 ) ) ;
#1184 = ORIENTED_EDGE ( 'NONE', *, *, #3781, .F. ) ;
#1185 = VERTEX_POINT ( 'NONE', #5212 ) ;
#1186 = CARTESIAN_POINT ( 'NONE',  ( 58.29999999999999716, 64.48418371094697932, 64.20000000000000284 ) ) ;
#1187 = CARTESIAN_POINT ( 'NONE',  ( 58.30000000000000426, 6.584183710946994950, 58.70000000000000284 ) ) ;
#1188 = FACE_OUTER_BOUND ( 'NONE', #4024, .T. ) ;
#1189 = CARTESIAN_POINT ( 'NONE',  ( 52.30000000000000426, -6.584183710947005608, 5.500000000000005329 ) ) ;
#1190 = CARTESIAN_POINT ( 'NONE',  ( -44.40970884286821274, 78.28012366170402458, 25.79811982908715251 ) ) ;
#1191 = CARTESIAN_POINT ( 'NONE',  ( -72.50335911643078646, 49.96063867519983859, 25.05693464271058701 ) ) ;
#1192 = ORIENTED_EDGE ( 'NONE', *, *, #2353, .T. ) ;
#1193 = DIRECTION ( 'NONE',  ( 1.000000000000000000, 1.067781959802986485E-16, -0.000000000000000000 ) ) ;
#1194 = ORIENTED_EDGE ( 'NONE', *, *, #1623, .T. ) ;
#1195 = DIRECTION ( 'NONE',  ( -1.000000000000000000, 0.000000000000000000, -0.000000000000000000 ) ) ;
#1196 = LINE ( 'NONE', #425, #2339 ) ;
#1197 = DIRECTION ( 'NONE',  ( 3.203345879408960195E-16, 1.000000000000000000, -3.336006684570787046E-17 ) ) ;
#1198 = VERTEX_POINT ( 'NONE', #2823 ) ;
#1199 = EDGE_CURVE ( 'NONE', #3892, #568, #3225, .T. ) ;
#1200 = CARTESIAN_POINT ( 'NONE',  ( 56.10000000000000142, 6.584183710946994950, 14.50000000000000533 ) ) ;
#1201 = CARTESIAN_POINT ( 'NONE',  ( -72.64328908049776601, 52.14505490682406474, 42.23290081784826810 ) ) ;
#1202 = CYLINDRICAL_SURFACE ( 'NONE', #708, 88.04999999999999716 ) ;
#1203 = ORIENTED_EDGE ( 'NONE', *, *, #3178, .T. ) ;
#1204 = DIRECTION ( 'NONE',  ( 1.000000000000000000, 0.000000000000000000, 0.000000000000000000 ) ) ;
#1205 = CARTESIAN_POINT ( 'NONE',  ( -71.31721658828347188, 54.89996433342761861, 20.39264870110053707 ) ) ;
#1206 = ADVANCED_FACE ( 'NONE', ( #4899 ), #867, .F. ) ;
#1207 = ORIENTED_EDGE ( 'NONE', *, *, #4580, .T. ) ;
#1208 = EDGE_CURVE ( 'NONE', #3133, #3635, #3688, .T. ) ;
#1209 = EDGE_LOOP ( 'NONE', ( #3517, #2797, #4700, #2276 ) ) ;
#1210 = VECTOR ( 'NONE', #2031, 1000.000000000000000 ) ;
#1211 = LINE ( 'NONE', #2845, #902 ) ;
#1212 = DIRECTION ( 'NONE',  ( 0.000000000000000000, 0.000000000000000000, 1.000000000000000000 ) ) ;
#1213 = CARTESIAN_POINT ( 'NONE',  ( -86.76290970224546584, 15.00000000000000178, 53.59802808118732997 ) ) ;
#1214 = DIRECTION ( 'NONE',  ( -0.000000000000000000, 1.927470528863118802E-16, 1.000000000000000000 ) ) ;
#1215 = CARTESIAN_POINT ( 'NONE',  ( 58.29999999999999716, -18.16256982247260510, 48.20000000000000995 ) ) ;
#1216 = CARTESIAN_POINT ( 'NONE',  ( -45.23942898518611599, 77.80364472464732728, 22.99544368657245386 ) ) ;
#1217 = EDGE_CURVE ( 'NONE', #2240, #3815, #439, .T. ) ;
#1218 = CARTESIAN_POINT ( 'NONE',  ( -72.75197174453688831, 50.18301074966603892, 25.15698031671596269 ) ) ;
#1219 = ORIENTED_EDGE ( 'NONE', *, *, #2548, .T. ) ;
#1220 = VECTOR ( 'NONE', #250, 1000.000000000000000 ) ;
#1221 = CARTESIAN_POINT ( 'NONE',  ( -45.91429192397128389, 75.13108742138865637, 20.84657278404802128 ) ) ;
#1222 = VECTOR ( 'NONE', #1988, 1000.000000000000000 ) ;
#1223 = ORIENTED_EDGE ( 'NONE', *, *, #3559, .T. ) ;
#1224 = CARTESIAN_POINT ( 'NONE',  ( -72.54413015538392528, 49.98921388325168635, 39.29862794354542643 ) ) ;
#1225 = CARTESIAN_POINT ( 'NONE',  ( -72.50335911643027487, 49.96063867520056334, 39.34306535729231058 ) ) ;
#1226 = CIRCLE ( 'NONE', #5037, 88.04999999999999716 ) ;
#1227 = CARTESIAN_POINT ( 'NONE',  ( 27.96639456976151905, -83.49061788469659007, 0.000000000000000000 ) ) ;
#1228 = CARTESIAN_POINT ( 'NONE',  ( 0.000000000000000000, 0.000000000000000000, 0.000000000000000000 ) ) ;
#1229 = EDGE_LOOP ( 'NONE', ( #984, #4035, #2193, #4358 ) ) ;
#1230 = CIRCLE ( 'NONE', #1912, 88.04999999999999716 ) ;
#1231 = CARTESIAN_POINT ( 'NONE',  ( -58.46790270213412555, 65.83545286252520157, 0.000000000000000000 ) ) ;
#1232 = AXIS2_PLACEMENT_3D ( 'NONE', #1938, #714, #746 ) ;
#1233 = DIRECTION ( 'NONE',  ( 1.000000000000000000, 0.000000000000000000, 0.000000000000000000 ) ) ;
#1234 = DIRECTION ( 'NONE',  ( 0.000000000000000000, 0.000000000000000000, 1.000000000000000000 ) ) ;
#1235 = ORIENTED_EDGE ( 'NONE', *, *, #2054, .F. ) ;
#1236 = AXIS2_PLACEMENT_3D ( 'NONE', #3570, #4291, #2368 ) ;
#1237 = CARTESIAN_POINT ( 'NONE',  ( -59.50726637259268159, 64.89751727810008219, 0.000000000000000000 ) ) ;
#1238 = B_SPLINE_CURVE_WITH_KNOTS ( 'NONE', 3,
 ( #2175, #2635, #150, #2530, #4232, #3850, #607, #3003, #2224, #4153, #4982, #200, #1327, #1825, #4134, #3386, #3465, #1299, #2122, #2929, #503, #4952 ),
 .UNSPECIFIED., .F., .F.,
 ( 4, 2, 2, 2, 2, 2, 2, 2, 2, 2, 4 ),
 ( 0.000000000000000000, 0.001176595516889234654, 0.001764893275333851872, 0.002353191033778468874, 0.003529786550667711985, 0.004706382067556955963, 0.005882977584446200808, 0.006471275342890814124, 0.007059573101335425704, 0.008236168618224652335, 0.009412764135113878966 ),
 .UNSPECIFIED. ) ;
#1239 = CIRCLE ( 'NONE', #4204, 88.04999999999999716 ) ;
#1240 = VECTOR ( 'NONE', #5237, 1000.000000000000000 ) ;
#1241 = EDGE_LOOP ( 'NONE', ( #2999, #3272, #2776, #5139 ) ) ;
#1242 = DIRECTION ( 'NONE',  ( 0.000000000000000000, -1.000000000000000000, 0.000000000000000000 ) ) ;
#1243 = EDGE_CURVE ( 'NONE', #3859, #3593, #2946, .T. ) ;
#1244 = LINE ( 'NONE', #3662, #218 ) ;
#1245 = EDGE_CURVE ( 'NONE', #1415, #4369, #4789, .T. ) ;
#1246 = DIRECTION ( 'NONE',  ( 1.000000000000000000, 0.000000000000000000, 0.000000000000000000 ) ) ;
#1247 = DIRECTION ( 'NONE',  ( 1.000000000000000000, 0.000000000000000000, -0.000000000000000000 ) ) ;
#1248 = ADVANCED_FACE ( 'NONE', ( #2497 ), #392, .F. ) ;
#1249 = DIRECTION ( 'NONE',  ( 0.000000000000000000, -0.7071067811865426878, -0.7071067811865523467 ) ) ;
#1250 = DIRECTION ( 'NONE',  ( 0.000000000000000000, 1.000000000000000000, 0.000000000000000000 ) ) ;
#1251 = DIRECTION ( 'NONE',  ( -0.000000000000000000, -0.000000000000000000, 1.000000000000000000 ) ) ;
#1252 = DIRECTION ( 'NONE',  ( -0.000000000000000000, 0.000000000000000000, -1.000000000000000000 ) ) ;
#1253 = VERTEX_POINT ( 'NONE', #2415 ) ;
#1254 = DIRECTION ( 'NONE',  ( -1.000000000000000000, 3.203345879408960195E-16, 0.000000000000000000 ) ) ;
#1255 = EDGE_CURVE ( 'NONE', #1268, #343, #1244, .T. ) ;
#1256 = EDGE_LOOP ( 'NONE', ( #720, #3030, #3636, #1281, #2475, #4591 ) ) ;
#1257 = LINE ( 'NONE', #4014, #3013 ) ;
#1258 = DIRECTION ( 'NONE',  ( 0.000000000000000000, 0.000000000000000000, -1.000000000000000000 ) ) ;
#1259 = LINE ( 'NONE', #2458, #5179 ) ;
#1260 = ORIENTED_EDGE ( 'NONE', *, *, #437, .F. ) ;
#1261 = ORIENTED_EDGE ( 'NONE', *, *, #637, .T. ) ;
#1262 = LINE ( 'NONE', #4490, #2435 ) ;
#1263 = CARTESIAN_POINT ( 'NONE',  ( 60.20000000000000284, 1.000000000000000000, 64.20000000000000284 ) ) ;
#1264 = LINE ( 'NONE', #3295, #3006 ) ;
#1265 = EDGE_LOOP ( 'NONE', ( #1176, #465, #2489, #1905 ) ) ;
#1266 = DIRECTION ( 'NONE',  ( 1.000000000000000000, 0.000000000000000000, 0.000000000000000000 ) ) ;
#1267 = ORIENTED_EDGE ( 'NONE', *, *, #36, .F. ) ;
#1268 = VERTEX_POINT ( 'NONE', #3327 ) ;
#1269 = ORIENTED_EDGE ( 'NONE', *, *, #4130, .F. ) ;
#1270 = DIRECTION ( 'NONE',  ( -1.389229824671074054E-31, -4.336808689942019708E-16, -1.000000000000000000 ) ) ;
#1271 = FACE_OUTER_BOUND ( 'NONE', #5190, .T. ) ;
#1272 = CARTESIAN_POINT ( 'NONE',  ( -69.92016108656447670, -53.51610574050467051, 14.20000000000000462 ) ) ;
#1273 = DIRECTION ( 'NONE',  ( 1.000000000000000000, 0.000000000000000000, 0.000000000000000000 ) ) ;
#1274 = LINE ( 'NONE', #1301, #4703 ) ;
#1275 = DIRECTION ( 'NONE',  ( 1.000000000000000000, 0.000000000000000000, 0.000000000000000000 ) ) ;
#1276 = EDGE_CURVE ( 'NONE', #4489, #3337, #4028, .T. ) ;
#1277 = DIRECTION ( 'NONE',  ( -0.000000000000000000, -0.000000000000000000, -1.000000000000000000 ) ) ;
#1278 = VERTEX_POINT ( 'NONE', #4926 ) ;
#1279 = DIRECTION ( 'NONE',  ( 1.000000000000000000, 0.000000000000000000, 0.000000000000000000 ) ) ;
#1280 = ORIENTED_EDGE ( 'NONE', *, *, #3910, .F. ) ;
#1281 = ORIENTED_EDGE ( 'NONE', *, *, #1571, .F. ) ;
#1282 = EDGE_CURVE ( 'NONE', #4962, #603, #1572, .T. ) ;
#1283 = LINE ( 'NONE', #1680, #4604 ) ;
#1284 = FACE_OUTER_BOUND ( 'NONE', #1915, .T. ) ;
#1285 = DIRECTION ( 'NONE',  ( 0.000000000000000000, -0.7071067811865474617, -0.7071067811865474617 ) ) ;
#1286 = ORIENTED_EDGE ( 'NONE', *, *, #3817, .T. ) ;
#1287 = ORIENTED_EDGE ( 'NONE', *, *, #4864, .T. ) ;
#1288 = CYLINDRICAL_SURFACE ( 'NONE', #4116, 1.400000000000003686 ) ;
#1289 = CARTESIAN_POINT ( 'NONE',  ( -72.68376529581495049, 50.10908921836983865, 39.21994384138653089 ) ) ;
#1290 = DIRECTION ( 'NONE',  ( -1.000000000000000000, 0.000000000000000000, 0.000000000000000000 ) ) ;
#1291 = ORIENTED_EDGE ( 'NONE', *, *, #3102, .F. ) ;
#1292 = FACE_OUTER_BOUND ( 'NONE', #1016, .T. ) ;
#1293 = ORIENTED_EDGE ( 'NONE', *, *, #2525, .F. ) ;
#1294 = ORIENTED_EDGE ( 'NONE', *, *, #1622, .T. ) ;
#1295 = ORIENTED_EDGE ( 'NONE', *, *, #985, .T. ) ;
#1296 = PLANE ( 'NONE',  #3696 ) ;
#1297 = CARTESIAN_POINT ( 'NONE',  ( 8.410120920898981112, 87.64743217057677782, 0.000000000000000000 ) ) ;
#1298 = CARTESIAN_POINT ( 'NONE',  ( -87.58882634217678742, 9.000000000000005329, 39.20000000000000995 ) ) ;
#1299 = CARTESIAN_POINT ( 'NONE',  ( -88.79339694852960463, 14.68863320727927047, 43.25253235655178230 ) ) ;
#1300 = LINE ( 'NONE', #4450, #4760 ) ;
#1301 = CARTESIAN_POINT ( 'NONE',  ( 44.54566088772686783, 75.95055362586663250, 14.20000000000000462 ) ) ;
#1302 = CARTESIAN_POINT ( 'NONE',  ( -72.56670835333061120, 49.86858067724261900, 38.20000000000000284 ) ) ;
#1303 = VECTOR ( 'NONE', #4185, 1000.000000000000000 ) ;
#1304 = FACE_BOUND ( 'NONE', #915, .T. ) ;
#1305 = ORIENTED_EDGE ( 'NONE', *, *, #1110, .F. ) ;
#1306 = FACE_OUTER_BOUND ( 'NONE', #3325, .T. ) ;
#1307 = ORIENTED_EDGE ( 'NONE', *, *, #2688, .F. ) ;
#1308 = VECTOR ( 'NONE', #1338, 1000.000000000000000 ) ;
#1309 = ORIENTED_EDGE ( 'NONE', *, *, #3338, .F. ) ;
#1310 = CARTESIAN_POINT ( 'NONE',  ( 0.000000000000000000, 0.000000000000000000, 64.20000000000000284 ) ) ;
#1311 = EDGE_CURVE ( 'NONE', #2205, #3644, #3618, .T. ) ;
#1312 = CARTESIAN_POINT ( 'NONE',  ( -96.34329893666702560, 73.64517126057910446, 44.20000000000000284 ) ) ;
#1313 = EDGE_CURVE ( 'NONE', #3051, #2011, #1667, .T. ) ;
#1314 = EDGE_CURVE ( 'NONE', #4236, #3373, #5133, .T. ) ;
#1315 = ORIENTED_EDGE ( 'NONE', *, *, #1701, .F. ) ;
#1316 = CARTESIAN_POINT ( 'NONE',  ( 60.20000000000000284, -66.90261579340526055, 64.20000000000000284 ) ) ;
#1317 = VECTOR ( 'NONE', #3694, 1000.000000000000000 ) ;
#1318 = DIRECTION ( 'NONE',  ( -0.000000000000000000, -0.000000000000000000, -1.000000000000000000 ) ) ;
#1319 = ORIENTED_EDGE ( 'NONE', *, *, #1623, .F. ) ;
#1320 = DIRECTION ( 'NONE',  ( 0.000000000000000000, 0.000000000000000000, -1.000000000000000000 ) ) ;
#1321 = ORIENTED_EDGE ( 'NONE', *, *, #2815, .T. ) ;
#1322 = AXIS2_PLACEMENT_3D ( 'NONE', #2786, #3157, #1971 ) ;
#1323 = CIRCLE ( 'NONE', #2686, 1.399999999999998579 ) ;
#1324 = ORIENTED_EDGE ( 'NONE', *, *, #36, .T. ) ;
#1325 = CIRCLE ( 'NONE', #4538, 1.399999999999998579 ) ;
#1326 = DIRECTION ( 'NONE',  ( 1.000000000000000000, -3.203345879408960195E-16, 0.000000000000000000 ) ) ;
#1327 = CARTESIAN_POINT ( 'NONE',  ( -88.94217693820857562, 13.76003843783045433, 41.52613679203408736 ) ) ;
#1328 = CARTESIAN_POINT ( 'NONE',  ( 0.000000000000000000, 0.000000000000000000, 0.000000000000000000 ) ) ;
#1329 = DIRECTION ( 'NONE',  ( 0.000000000000000000, 0.000000000000000000, -1.000000000000000000 ) ) ;
#1330 = AXIS2_PLACEMENT_3D ( 'NONE', #2129, #4986, #5033 ) ;
#1331 = VECTOR ( 'NONE', #2892, 1000.000000000000000 ) ;
#1332 = FACE_BOUND ( 'NONE', #4080, .T. ) ;
#1333 = VERTEX_POINT ( 'NONE', #2900 ) ;
#1334 = AXIS2_PLACEMENT_3D ( 'NONE', #4173, #1001, #2979 ) ;
#1335 = DIRECTION ( 'NONE',  ( -0.9670745372626463610, -0.2544932992796439253, -0.000000000000000000 ) ) ;
#1336 = VERTEX_POINT ( 'NONE', #4843 ) ;
#1337 = ORIENTED_EDGE ( 'NONE', *, *, #3040, .F. ) ;
#1338 = DIRECTION ( 'NONE',  ( -2.135563919605973464E-16, -1.000000000000000000, -4.336808689942019708E-16 ) ) ;
#1339 = CARTESIAN_POINT ( 'NONE',  ( -43.86591575537831744, 76.97055307009831893, 40.69146556392917802 ) ) ;
#1340 = ORIENTED_EDGE ( 'NONE', *, *, #577, .T. ) ;
#1341 = EDGE_CURVE ( 'NONE', #2057, #5207, #2953, .T. ) ;
#1342 = CARTESIAN_POINT ( 'NONE',  ( -49.00147056632181375, 75.49178508441713120, 44.16169717363835190 ) ) ;
#1343 = VERTEX_POINT ( 'NONE', #475 ) ;
#1344 = CYLINDRICAL_SURFACE ( 'NONE', #140, 1.400000000000000133 ) ;
#1345 = VERTEX_POINT ( 'NONE', #4870 ) ;
#1346 = EDGE_CURVE ( 'NONE', #3056, #4236, #415, .T. ) ;
#1347 = ORIENTED_EDGE ( 'NONE', *, *, #262, .F. ) ;
#1348 = EDGE_CURVE ( 'NONE', #1652, #596, #5128, .T. ) ;
#1349 = CARTESIAN_POINT ( 'NONE',  ( -86.78945352322216422, 14.84569878574479418, 43.83388592570801023 ) ) ;
#1350 = DIRECTION ( 'NONE',  ( 1.000000000000000000, -0.000000000000000000, -0.000000000000000000 ) ) ;
#1351 = DIRECTION ( 'NONE',  ( -0.000000000000000000, -0.000000000000000000, -1.000000000000000000 ) ) ;
#1352 = CARTESIAN_POINT ( 'NONE',  ( 67.29999999999999716, 18.66256982247258378, 3.500000000000003109 ) ) ;
#1353 = DIRECTION ( 'NONE',  ( 3.203345879408960195E-16, 1.000000000000000000, -1.927470528863118802E-16 ) ) ;
#1354 = VERTEX_POINT ( 'NONE', #3134 ) ;
#1355 = DIRECTION ( 'NONE',  ( 0.000000000000000000, -1.000000000000000000, 0.000000000000000000 ) ) ;
#1356 = DIRECTION ( 'NONE',  ( -1.000000000000000000, -0.000000000000000000, -0.000000000000000000 ) ) ;
#1357 = ORIENTED_EDGE ( 'NONE', *, *, #1132, .T. ) ;
#1358 = FACE_OUTER_BOUND ( 'NONE', #2197, .T. ) ;
#1359 = CARTESIAN_POINT ( 'NONE',  ( -8.410120920899554875, -87.64743217057672098, -35.79999999999999716 ) ) ;
#1360 = ORIENTED_EDGE ( 'NONE', *, *, #4943, .T. ) ;
#1361 = ORIENTED_EDGE ( 'NONE', *, *, #2912, .F. ) ;
#1362 = DIRECTION ( 'NONE',  ( 0.000000000000000000, 0.000000000000000000, 1.000000000000000000 ) ) ;
#1363 = CARTESIAN_POINT ( 'NONE',  ( -69.92016108656447670, -53.51610574050467051, 64.20000000000000284 ) ) ;
#1364 = EDGE_CURVE ( 'NONE', #4972, #2310, #5149, .T. ) ;
#1365 = EDGE_LOOP ( 'NONE', ( #1130, #178, #2807, #3709 ) ) ;
#1366 = ORIENTED_EDGE ( 'NONE', *, *, #3333, .F. ) ;
#1367 = CARTESIAN_POINT ( 'NONE',  ( -86.76290970224545163, 14.99999999999999645, 53.20000000000000995 ) ) ;
#1368 = EDGE_CURVE ( 'NONE', #2709, #2836, #1441, .T. ) ;
#1369 = DIRECTION ( 'NONE',  ( 0.000000000000000000, 1.000000000000000000, 0.000000000000000000 ) ) ;
#1370 = DIRECTION ( 'NONE',  ( -0.000000000000000000, -0.000000000000000000, 1.000000000000000000 ) ) ;
#1371 = CARTESIAN_POINT ( 'NONE',  ( -88.04793931535624552, 0.6023971442039164348, 59.20000000000000284 ) ) ;
#1372 = ADVANCED_FACE ( 'NONE', ( #4831 ), #1496, .T. ) ;
#1373 = CARTESIAN_POINT ( 'NONE',  ( 0.000000000000000000, 0.000000000000000000, 64.20000000000000284 ) ) ;
#1374 = CARTESIAN_POINT ( 'NONE',  ( -85.95653179167072722, -19.08604574938172149, 0.000000000000000000 ) ) ;
#1375 = EDGE_LOOP ( 'NONE', ( #3094, #3065, #590, #209 ) ) ;
#1376 = CARTESIAN_POINT ( 'NONE',  ( -88.98007142498958899, -13.51388335812235120, 41.22792186176938145 ) ) ;
#1377 = AXIS2_PLACEMENT_3D ( 'NONE', #2666, #2620, #4219 ) ;
#1378 = EDGE_CURVE ( 'NONE', #4414, #3060, #4728, .T. ) ;
#1379 = ORIENTED_EDGE ( 'NONE', *, *, #2713, .F. ) ;
#1380 = DIRECTION ( 'NONE',  ( -2.265107593816075660E-16, -0.7071067811865523467, 0.7071067811865426878 ) ) ;
#1381 = CARTESIAN_POINT ( 'NONE',  ( -45.98506401877835970, 76.44608614292894799, 43.00929393913581578 ) ) ;
#1382 = ORIENTED_EDGE ( 'NONE', *, *, #606, .F. ) ;
#1383 = ORIENTED_EDGE ( 'NONE', *, *, #3082, .T. ) ;
#1384 =( GEOMETRIC_REPRESENTATION_CONTEXT ( 3 ) GLOBAL_UNCERTAINTY_ASSIGNED_CONTEXT ( ( #611 ) ) GLOBAL_UNIT_ASSIGNED_CONTEXT ( ( #4825, #2070, #4425 ) ) REPRESENTATION_CONTEXT ( 'NONE', 'WORKASPACE' ) );
#1385 = CARTESIAN_POINT ( 'NONE',  ( -72.91448669981369335, 50.40972061924622238, 39.47472641275394523 ) ) ;
#1386 = CARTESIAN_POINT ( 'NONE',  ( 52.30000000000000426, 6.584183710946992285, 14.50000000000000533 ) ) ;
#1387 = AXIS2_PLACEMENT_3D ( 'NONE', #3131, #272, #4320 ) ;
#1388 = CARTESIAN_POINT ( 'NONE',  ( 60.20000000000000284, -1.000000000000000888, 0.000000000000000000 ) ) ;
#1389 = ORIENTED_EDGE ( 'NONE', *, *, #3810, .F. ) ;
#1390 = VECTOR ( 'NONE', #3938, 1000.000000000000000 ) ;
#1391 = ORIENTED_EDGE ( 'NONE', *, *, #4178, .T. ) ;
#1392 = CARTESIAN_POINT ( 'NONE',  ( -87.00726369763245316, 13.51357818730046034, 41.22757784820117166 ) ) ;
#1393 = FACE_BOUND ( 'NONE', #92, .T. ) ;
#1394 = VECTOR ( 'NONE', #3075, 1000.000000000000000 ) ;
#1395 = CARTESIAN_POINT ( 'NONE',  ( 58.29999999999999716, -18.16256982247260510, 4.000000000000003553 ) ) ;
#1396 = CARTESIAN_POINT ( 'NONE',  ( 58.30000000000000426, -3.162569822472607761, 60.20000000000000284 ) ) ;
#1397 = VERTEX_POINT ( 'NONE', #3632 ) ;
#1398 = EDGE_CURVE ( 'NONE', #2011, #4750, #1951, .T. ) ;
#1399 = CIRCLE ( 'NONE', #3460, 88.04999999999999716 ) ;
#1400 = ORIENTED_EDGE ( 'NONE', *, *, #1141, .F. ) ;
#1401 = EDGE_CURVE ( 'NONE', #703, #4552, #5202, .T. ) ;
#1402 = DIRECTION ( 'NONE',  ( -1.000000000000000000, 3.203345879408960195E-16, -0.000000000000000000 ) ) ;
#1403 = EDGE_CURVE ( 'NONE', #4750, #4292, #353, .T. ) ;
#1404 = CARTESIAN_POINT ( 'NONE',  ( 58.29999999999999716, -18.16256982247260510, 60.20000000000000284 ) ) ;
#1405 = ORIENTED_EDGE ( 'NONE', *, *, #3403, .F. ) ;
#1406 = CARTESIAN_POINT ( 'NONE',  ( 7.015502723804058149, 87.77007019213498040, 14.20000000000000462 ) ) ;
#1407 = AXIS2_PLACEMENT_3D ( 'NONE', #4039, #3645, #1279 ) ;
#1408 = AXIS2_PLACEMENT_3D ( 'NONE', #4841, #1504, #790 ) ;
#1409 = ORIENTED_EDGE ( 'NONE', *, *, #4408, .F. ) ;
#1410 = VECTOR ( 'NONE', #363, 1000.000000000000000 ) ;
#1411 = VECTOR ( 'NONE', #3354, 1000.000000000000000 ) ;
#1412 = CARTESIAN_POINT ( 'NONE',  ( -59.50726637259268159, 64.89751727810008219, -35.79999999999999716 ) ) ;
#1413 = EDGE_CURVE ( 'NONE', #4611, #4139, #3381, .T. ) ;
#1414 = VECTOR ( 'NONE', #4205, 1000.000000000000000 ) ;
#1415 = VERTEX_POINT ( 'NONE', #3604 ) ;
#1416 = EDGE_LOOP ( 'NONE', ( #2048, #3092, #4157, #1767 ) ) ;
#1417 = CARTESIAN_POINT ( 'NONE',  ( 58.30000000000000426, -6.584183710947007384, 5.500000000000005329 ) ) ;
#1418 = CARTESIAN_POINT ( 'NONE',  ( -86.79763065838342584, -14.79787862649205366, 54.75680256465059870 ) ) ;
#1419 = VERTEX_POINT ( 'NONE', #2732 ) ;
#1420 = EDGE_LOOP ( 'NONE', ( #4991, #4729, #2072, #2998 ) ) ;
#1421 = CARTESIAN_POINT ( 'NONE',  ( 58.30000000000000426, -4.584183710947007384, 58.70000000000000284 ) ) ;
#1422 = DIRECTION ( 'NONE',  ( -0.000000000000000000, -0.000000000000000000, 1.000000000000000000 ) ) ;
#1423 = CARTESIAN_POINT ( 'NONE',  ( -70.59235034999800007, 52.62686577455991710, 20.81167492758791582 ) ) ;
#1424 = ORIENTED_EDGE ( 'NONE', *, *, #201, .F. ) ;
#1425 = CARTESIAN_POINT ( 'NONE',  ( -89.37993160716962393, -10.54815833324714447, 59.00015004415487851 ) ) ;
#1426 = DIRECTION ( 'NONE',  ( 1.000000000000000000, 0.000000000000000000, -0.000000000000000000 ) ) ;
#1427 = ORIENTED_EDGE ( 'NONE', *, *, #3425, .T. ) ;
#1428 = CARTESIAN_POINT ( 'NONE',  ( -89.46713525735145822, -9.786877234218476218, 39.23878486228225171 ) ) ;
#1429 = EDGE_CURVE ( 'NONE', #3282, #4488, #571, .T. ) ;
#1430 = DIRECTION ( 'NONE',  ( 1.000000000000000000, 0.000000000000000000, 0.000000000000000000 ) ) ;
#1431 = LINE ( 'NONE', #647, #816 ) ;
#1432 = VERTEX_POINT ( 'NONE', #301 ) ;
#1433 = DIRECTION ( 'NONE',  ( 1.000000000000000000, 0.000000000000000000, 0.000000000000000000 ) ) ;
#1434 = CARTESIAN_POINT ( 'NONE',  ( -45.84649870099116242, 76.67946641882781478, 42.80143453250887120 ) ) ;
#1435 = EDGE_CURVE ( 'NONE', #4797, #4787, #1118, .T. ) ;
#1436 = DIRECTION ( 'NONE',  ( -1.000000000000000000, 0.000000000000000000, 0.000000000000000000 ) ) ;
#1437 = ORIENTED_EDGE ( 'NONE', *, *, #3886, .F. ) ;
#1438 = EDGE_CURVE ( 'NONE', #3737, #2301, #4387, .T. ) ;
#1439 = ORIENTED_EDGE ( 'NONE', *, *, #4842, .T. ) ;
#1440 = DIRECTION ( 'NONE',  ( -1.000000000000000000, 0.000000000000000000, -0.000000000000000000 ) ) ;
#1441 = B_SPLINE_CURVE_WITH_KNOTS ( 'NONE', 3,
 ( #3531, #3923, #3997, #3161, #276, #3218 ),
 .UNSPECIFIED., .F., .F.,
 ( 4, 2, 4 ),
 ( 0.006648885237062848730, 0.008077864499811970161, 0.009506843762561089858 ),
 .UNSPECIFIED. ) ;
#1442 = CARTESIAN_POINT ( 'NONE',  ( -86.76971283499206322, -14.96079863240762897, 53.98913084747374569 ) ) ;
#1443 = EDGE_LOOP ( 'NONE', ( #3414, #308, #1085, #5189 ) ) ;
#1444 = ORIENTED_EDGE ( 'NONE', *, *, #2850, .T. ) ;
#1445 = LINE ( 'NONE', #4359, #4277 ) ;
#1446 = DIRECTION ( 'NONE',  ( 0.000000000000000000, 0.000000000000000000, 1.000000000000000000 ) ) ;
#1447 = CARTESIAN_POINT ( 'NONE',  ( 29.29032306606464076, -83.03541096836674740, 0.000000000000000000 ) ) ;
#1448 = CARTESIAN_POINT ( 'NONE',  ( 60.20000000000000284, -66.90261579340526055, 0.000000000000000000 ) ) ;
#1449 = CARTESIAN_POINT ( 'NONE',  ( -7.015502723804634577, -87.77007019213492356, 14.20000000000000462 ) ) ;
#1450 = FACE_OUTER_BOUND ( 'NONE', #1796, .T. ) ;
#1451 = ORIENTED_EDGE ( 'NONE', *, *, #1078, .F. ) ;
#1452 = CARTESIAN_POINT ( 'NONE',  ( 56.10000000000000142, 6.584183710946994061, 58.70000000000000284 ) ) ;
#1453 = CARTESIAN_POINT ( 'NONE',  ( 58.30000000000000426, 18.66256982247258378, 47.70000000000000995 ) ) ;
#1454 = VERTEX_POINT ( 'NONE', #3582 ) ;
#1455 = ORIENTED_EDGE ( 'NONE', *, *, #1311, .T. ) ;
#1456 = ORIENTED_EDGE ( 'NONE', *, *, #3495, .F. ) ;
#1457 = CARTESIAN_POINT ( 'NONE',  ( 67.29999999999999716, -18.16256982247260865, 16.00000000000000000 ) ) ;
#1458 = DIRECTION ( 'NONE',  ( -2.135563919605973464E-16, -1.000000000000000000, 0.000000000000000000 ) ) ;
#1459 = AXIS2_PLACEMENT_3D ( 'NONE', #395, #899, #2826 ) ;
#1460 = CARTESIAN_POINT ( 'NONE',  ( 60.20000000000000284, 1.581284911236294333, 64.78128491123629829 ) ) ;
#1461 = VERTEX_POINT ( 'NONE', #4409 ) ;
#1462 = EDGE_CURVE ( 'NONE', #4830, #582, #2813, .T. ) ;
#1463 = EDGE_CURVE ( 'NONE', #470, #2775, #2758, .T. ) ;
#1464 = AXIS2_PLACEMENT_3D ( 'NONE', #2160, #3478, #1433 ) ;
#1465 = CARTESIAN_POINT ( 'NONE',  ( 0.000000000000000000, 0.000000000000000000, 0.000000000000000000 ) ) ;
#1466 = EDGE_CURVE ( 'NONE', #5057, #1432, #2005, .T. ) ;
#1467 = CARTESIAN_POINT ( 'NONE',  ( -87.36886508107757265, -10.93688989761501951, 58.89211436533474142 ) ) ;
#1468 = LINE ( 'NONE', #4853, #1740 ) ;
#1469 = EDGE_CURVE ( 'NONE', #4549, #3236, #1490, .T. ) ;
#1470 = CARTESIAN_POINT ( 'NONE',  ( 0.000000000000000000, 0.000000000000000000, 64.20000000000000284 ) ) ;
#1471 = AXIS2_PLACEMENT_3D ( 'NONE', #824, #797, #2421 ) ;
#1472 = CARTESIAN_POINT ( 'NONE',  ( 43.33245010078663739, 76.64920918224032675, 0.000000000000000000 ) ) ;
#1473 = EDGE_LOOP ( 'NONE', ( #197, #1269, #4658, #1056 ) ) ;
#1474 = VECTOR ( 'NONE', #4105, 1000.000000000000000 ) ;
#1475 = CARTESIAN_POINT ( 'NONE',  ( 52.30000000000000426, 6.584183710946994061, 5.500000000000005329 ) ) ;
#1476 = ORIENTED_EDGE ( 'NONE', *, *, #5156, .T. ) ;
#1477 = LINE ( 'NONE', #5161, #4331 ) ;
#1478 = VECTOR ( 'NONE', #1458, 1000.000000000000000 ) ;
#1479 = CIRCLE ( 'NONE', #4438, 88.04999999999999716 ) ;
#1480 = DIRECTION ( 'NONE',  ( 1.000000000000000000, 0.000000000000000000, 0.000000000000000000 ) ) ;
#1481 = VERTEX_POINT ( 'NONE', #5175 ) ;
#1482 = VERTEX_POINT ( 'NONE', #1545 ) ;
#1483 = EDGE_LOOP ( 'NONE', ( #2236, #4665, #4088, #3104 ) ) ;
#1484 = CARTESIAN_POINT ( 'NONE',  ( 56.10000000000000142, -7.584183710947006496, 14.50000000000000533 ) ) ;
#1485 = AXIS2_PLACEMENT_3D ( 'NONE', #447, #4482, #3699 ) ;
#1487 = VECTOR ( 'NONE', #1402, 1000.000000000000000 ) ;
#1486 = DIRECTION ( 'NONE',  ( -0.000000000000000000, -0.000000000000000000, -1.000000000000000000 ) ) ;
#1488 = CARTESIAN_POINT ( 'NONE',  ( 0.000000000000000000, 0.000000000000000000, 64.20000000000000284 ) ) ;
#1489 = AXIS2_PLACEMENT_3D ( 'NONE', #4894, #4411, #1266 ) ;
#1490 = CIRCLE ( 'NONE', #4878, 88.04999999999999716 ) ;
#1491 = CARTESIAN_POINT ( 'NONE',  ( 58.30000000000000426, 4.584183710946994950, 5.500000000000005329 ) ) ;
#1492 = VECTOR ( 'NONE', #2275, 1000.000000000000000 ) ;
#1493 = CARTESIAN_POINT ( 'NONE',  ( -86.81715306917199371, -14.68290954536921511, 55.13483071403872060 ) ) ;
#1494 = ORIENTED_EDGE ( 'NONE', *, *, #3659, .T. ) ;
#1495 = EDGE_CURVE ( 'NONE', #2646, #936, #4457, .T. ) ;
#1496 = PLANE ( 'NONE',  #4040 ) ;
#1497 = CARTESIAN_POINT ( 'NONE',  ( 67.29999999999999716, -3.162569822472603764, 48.20000000000000995 ) ) ;
#1498 = CARTESIAN_POINT ( 'NONE',  ( -69.64126158336071626, 53.87923885713787087, 44.10554783723296879 ) ) ;
#1499 = FACE_OUTER_BOUND ( 'NONE', #2141, .T. ) ;
#1500 = LINE ( 'NONE', #4363, #2328 ) ;
#1501 = ORIENTED_EDGE ( 'NONE', *, *, #103, .F. ) ;
#1502 = EDGE_CURVE ( 'NONE', #4098, #4225, #3042, .T. ) ;
#1503 = VERTEX_POINT ( 'NONE', #1231 ) ;
#1504 = DIRECTION ( 'NONE',  ( 0.000000000000000000, 0.000000000000000000, 1.000000000000000000 ) ) ;
#1505 = FACE_OUTER_BOUND ( 'NONE', #3756, .T. ) ;
#1506 = ORIENTED_EDGE ( 'NONE', *, *, #951, .F. ) ;
#1507 = CARTESIAN_POINT ( 'NONE',  ( -89.37921126319179166, 10.55972779595251509, 59.00710865254127668 ) ) ;
#1508 = CARTESIAN_POINT ( 'NONE',  ( 67.29999999999999716, 2.662569822472592662, 3.500000000000010214 ) ) ;
#1509 = VERTEX_POINT ( 'NONE', #4917 ) ;
#1510 = ADVANCED_BREP_SHAPE_REPRESENTATION ( 'Color changer', ( #2423, #3359 ), #1384 ) ;
#1511 = ORIENTED_EDGE ( 'NONE', *, *, #2483, .T. ) ;
#1512 = PLANE ( 'NONE',  #2318 ) ;
#1513 = CARTESIAN_POINT ( 'NONE',  ( -27.96639456976209814, 83.49061788469636269, 0.000000000000000000 ) ) ;
#1514 = CARTESIAN_POINT ( 'NONE',  ( 0.000000000000000000, 0.000000000000000000, 64.20000000000000284 ) ) ;
#1515 = CARTESIAN_POINT ( 'NONE',  ( -86.76290970224545163, 15.00000000000000178, 45.20000000000000995 ) ) ;
#1516 = CARTESIAN_POINT ( 'NONE',  ( 27.96639456976151905, -83.49061788469659007, 0.000000000000000000 ) ) ;
#1517 = ORIENTED_EDGE ( 'NONE', *, *, #1832, .F. ) ;
#1518 = DIRECTION ( 'NONE',  ( -1.000000000000000000, 3.203345879408960195E-16, -0.000000000000000000 ) ) ;
#1519 = PLANE ( 'NONE',  #883 ) ;
#1520 = EDGE_CURVE ( 'NONE', #132, #171, #913, .T. ) ;
#1521 = DIRECTION ( 'NONE',  ( 0.000000000000000000, 3.336006684570787046E-17, -1.000000000000000000 ) ) ;
#1522 = CARTESIAN_POINT ( 'NONE',  ( -70.59632059611411137, 55.82399130429219980, 20.19999999999999574 ) ) ;
#1523 = VERTEX_POINT ( 'NONE', #2945 ) ;
#1524 = ORIENTED_EDGE ( 'NONE', *, *, #3627, .F. ) ;
#1525 = DIRECTION ( 'NONE',  ( 0.000000000000000000, 0.000000000000000000, -1.000000000000000000 ) ) ;
#1526 = EDGE_CURVE ( 'NONE', #4488, #789, #4122, .T. ) ;
#1527 = EDGE_CURVE ( 'NONE', #1125, #968, #4067, .T. ) ;
#1528 = LINE ( 'NONE', #4333, #45 ) ;
#1529 = ADVANCED_FACE ( 'NONE', ( #2136 ), #2969, .F. ) ;
#1530 = ORIENTED_EDGE ( 'NONE', *, *, #4675, .F. ) ;
#1531 = CARTESIAN_POINT ( 'NONE',  ( 11.39658621776040803, -87.48068794877463006, -35.79999999999999716 ) ) ;
#1532 = PLANE ( 'NONE',  #2073 ) ;
#1533 = ORIENTED_EDGE ( 'NONE', *, *, #983, .F. ) ;
#1534 = ORIENTED_EDGE ( 'NONE', *, *, #4768, .F. ) ;
#1535 = ORIENTED_EDGE ( 'NONE', *, *, #1937, .F. ) ;
#1536 = PLANE ( 'NONE',  #4170 ) ;
#1537 = CARTESIAN_POINT ( 'NONE',  ( 8.604418640898098047, -87.62857113893943506, 14.20000000000000462 ) ) ;
#1538 = ADVANCED_FACE ( 'NONE', ( #2514 ), #61, .F. ) ;
#1539 = CARTESIAN_POINT ( 'NONE',  ( 58.30000000000000426, -1.000000000000000888, 64.20000000000000284 ) ) ;
#1540 = DIRECTION ( 'NONE',  ( -0.000000000000000000, -0.000000000000000000, -1.000000000000000000 ) ) ;
#1541 = CARTESIAN_POINT ( 'NONE',  ( 58.30000000000000426, -4.584183710947005608, 49.70000000000000284 ) ) ;
#1542 = FACE_OUTER_BOUND ( 'NONE', #581, .T. ) ;
#1543 = EDGE_LOOP ( 'NONE', ( #4264, #3798, #4198, #1494 ) ) ;
#1544 = VECTOR ( 'NONE', #3675, 1000.000000000000000 ) ;
#1545 = CARTESIAN_POINT ( 'NONE',  ( -71.58635938320448133, -51.26593069728367880, 64.20000000000000284 ) ) ;
#1546 = DIRECTION ( 'NONE',  ( -0.000000000000000000, -1.000000000000000000, -0.000000000000000000 ) ) ;
#1547 = VERTEX_POINT ( 'NONE', #4890 ) ;
#1548 = DIRECTION ( 'NONE',  ( 0.000000000000000000, 0.000000000000000000, -1.000000000000000000 ) ) ;
#1549 = AXIS2_PLACEMENT_3D ( 'NONE', #1412, #4588, #4241 ) ;
#1550 = CARTESIAN_POINT ( 'NONE',  ( -73.85123047735334012, 51.43927656965635720, 24.64231220432927216 ) ) ;
#1551 = ORIENTED_EDGE ( 'NONE', *, *, #3942, .F. ) ;
#1552 = CARTESIAN_POINT ( 'NONE',  ( -92.10065824954773461, 77.88781194769839544, 26.20000000000000284 ) ) ;
#1553 = DIRECTION ( 'NONE',  ( 1.000000000000000000, 0.000000000000000000, 0.000000000000000000 ) ) ;
#1554 = CARTESIAN_POINT ( 'NONE',  ( -44.71393728141444512, 75.85160718662284296, -35.79999999999999716 ) ) ;
#1555 = CARTESIAN_POINT ( 'NONE',  ( -89.54886933959579665, 9.000000000000001776, 59.20000000000000995 ) ) ;
#1556 = AXIS2_PLACEMENT_3D ( 'NONE', #348, #679, #1970 ) ;
#1557 = ORIENTED_EDGE ( 'NONE', *, *, #4449, .T. ) ;
#1558 = DIRECTION ( 'NONE',  ( -0.000000000000000000, -0.000000000000000000, -1.000000000000000000 ) ) ;
#1559 = EDGE_CURVE ( 'NONE', #5223, #4949, #1262, .T. ) ;
#1560 = LINE ( 'NONE', #2448, #804 ) ;
#1561 = EDGE_CURVE ( 'NONE', #370, #2921, #3463, .T. ) ;
#1562 = VECTOR ( 'NONE', #2245, 1000.000000000000000 ) ;
#1563 = ORIENTED_EDGE ( 'NONE', *, *, #138, .T. ) ;
#1564 = ADVANCED_FACE ( 'NONE', ( #3320 ), #1288, .F. ) ;
#1565 = ORIENTED_EDGE ( 'NONE', *, *, #2291, .T. ) ;
#1566 = DIRECTION ( 'NONE',  ( -1.000000000000000000, 0.000000000000000000, -0.000000000000000000 ) ) ;
#1567 = LINE ( 'NONE', #723, #3459 ) ;
#1568 = AXIS2_PLACEMENT_3D ( 'NONE', #2503, #1353, #4479 ) ;
#1569 = AXIS2_PLACEMENT_3D ( 'NONE', #1092, #2728, #1919 ) ;
#1570 = EDGE_CURVE ( 'NONE', #4149, #2512, #2645, .T. ) ;
#1571 = EDGE_CURVE ( 'NONE', #5096, #4011, #1431, .T. ) ;
#1572 = CIRCLE ( 'NONE', #653, 88.04999999999999716 ) ;
#1573 = CARTESIAN_POINT ( 'NONE',  ( -58.46790270213412555, 65.83545286252520157, 14.20000000000000462 ) ) ;
#1574 = CARTESIAN_POINT ( 'NONE',  ( 52.30000000000000426, 4.584183710946992285, 49.70000000000000284 ) ) ;
#1575 = DIRECTION ( 'NONE',  ( 0.000000000000000000, 0.000000000000000000, 1.000000000000000000 ) ) ;
#1576 = CIRCLE ( 'NONE', #657, 90.00000000000000000 ) ;
#1577 = ORIENTED_EDGE ( 'NONE', *, *, #1276, .T. ) ;
#1578 = VECTOR ( 'NONE', #329, 1000.000000000000000 ) ;
#1579 = CARTESIAN_POINT ( 'NONE',  ( -72.50335911643028908, 49.96063867520057045, 14.20000000000000462 ) ) ;
#1580 = CARTESIAN_POINT ( 'NONE',  ( 25.11062085407066391, 84.39347854143181848, 14.20000000000000462 ) ) ;
#1581 = CIRCLE ( 'NONE', #226, 1.399999999999998579 ) ;
#1582 = CYLINDRICAL_SURFACE ( 'NONE', #3472, 1.399999999999998579 ) ;
#1583 = CARTESIAN_POINT ( 'NONE',  ( -86.79653635959274993, -14.80439360718640351, 43.62940006952041472 ) ) ;
#1584 = AXIS2_PLACEMENT_3D ( 'NONE', #193, #3081, #4246 ) ;
#1585 = VERTEX_POINT ( 'NONE', #4965 ) ;
#1586 = CARTESIAN_POINT ( 'NONE',  ( -72.50335911643078646, 49.96063867519983859, 25.05693464271058701 ) ) ;
#1587 = FACE_OUTER_BOUND ( 'NONE', #4741, .T. ) ;
#1588 = CARTESIAN_POINT ( 'NONE',  ( -86.81631785998617090, 14.68852545105429641, 55.14779003385415734 ) ) ;
#1589 = DIRECTION ( 'NONE',  ( 1.000000000000000000, 1.067781959802986485E-16, -0.000000000000000000 ) ) ;
#1590 = CARTESIAN_POINT ( 'NONE',  ( -73.43749014180846757, 52.02833339306731375, 41.38517874560044874 ) ) ;
#1591 = CARTESIAN_POINT ( 'NONE',  ( -49.66846878866766701, 75.05360223326489688, 20.20000000000000284 ) ) ;
#1592 = CARTESIAN_POINT ( 'NONE',  ( -73.10673920027279848, 51.12841668877577916, 23.76877366990669316 ) ) ;
#1593 = SHAPE_DEFINITION_REPRESENTATION ( #2459, #1510 ) ;
#1594 = DIRECTION ( 'NONE',  ( 0.7071067811865463515, -0.7071067811865487940, 0.000000000000000000 ) ) ;
#1595 = ADVANCED_FACE ( 'NONE', ( #4771 ), #4214, .F. ) ;
#1596 = ORIENTED_EDGE ( 'NONE', *, *, #637, .F. ) ;
#1597 = DIRECTION ( 'NONE',  ( -0.000000000000000000, -0.000000000000000000, 1.000000000000000000 ) ) ;
#1598 = CARTESIAN_POINT ( 'NONE',  ( -43.50227842762953401, 76.55295077007156124, 40.77288878555106777 ) ) ;
#1599 = ADVANCED_FACE ( 'NONE', ( #909 ), #3703, .F. ) ;
#1600 = LINE ( 'NONE', #1620, #4083 ) ;
#1601 = PRODUCT ( 'Color changer', 'Color changer', '', ( #400 ) ) ;
#1602 = EDGE_CURVE ( 'NONE', #3420, #2119, #2179, .T. ) ;
#1603 = ORIENTED_EDGE ( 'NONE', *, *, #2289, .T. ) ;
#1604 = CARTESIAN_POINT ( 'NONE',  ( 0.000000000000000000, 0.000000000000000000, 64.20000000000000284 ) ) ;
#1605 = CARTESIAN_POINT ( 'NONE',  ( -72.33539585544922090, 52.35868336892774266, 42.60509318875375584 ) ) ;
#1606 = DIRECTION ( 'NONE',  ( -1.067781959802986485E-16, 1.000000000000000000, 1.927470528863118802E-16 ) ) ;
#1607 = CARTESIAN_POINT ( 'NONE',  ( -73.94583404998118681, 51.30321353582772304, 25.41039572227548504 ) ) ;
#1608 = VERTEX_POINT ( 'NONE', #4417 ) ;
#1609 = DIRECTION ( 'NONE',  ( 0.000000000000000000, 0.000000000000000000, 1.000000000000000000 ) ) ;
#1610 = CARTESIAN_POINT ( 'NONE',  ( 9.996586217760409454, -87.48068794877463006, -35.79999999999999716 ) ) ;
#1611 = CARTESIAN_POINT ( 'NONE',  ( -87.22933564402724471, 11.99806128098153124, 58.41194179279780485 ) ) ;
#1612 = DIRECTION ( 'NONE',  ( 1.000000000000000000, 0.000000000000000000, 0.000000000000000000 ) ) ;
#1613 = DIRECTION ( 'NONE',  ( -0.000000000000000000, -0.000000000000000000, 1.000000000000000000 ) ) ;
#1614 = CARTESIAN_POINT ( 'NONE',  ( -81.30638762617360271, 33.79458286741241579, 0.000000000000000000 ) ) ;
#1615 = EDGE_LOOP ( 'NONE', ( #2192, #3654, #4674, #5028 ) ) ;
#1616 = DIRECTION ( 'NONE',  ( -1.000000000000000000, 0.000000000000000000, -0.000000000000000000 ) ) ;
#1617 = CARTESIAN_POINT ( 'NONE',  ( 60.20000000000000284, -66.90261579340526055, 60.70000000000002416 ) ) ;
#1618 = CARTESIAN_POINT ( 'NONE',  ( -44.54566088772745047, -75.95055362586630565, 64.20000000000000284 ) ) ;
#1619 = LINE ( 'NONE', #3736, #1060 ) ;
#1620 = CARTESIAN_POINT ( 'NONE',  ( 52.30000000000000426, 6.584183710946994061, 14.50000000000000533 ) ) ;
#1621 = ORIENTED_EDGE ( 'NONE', *, *, #1527, .T. ) ;
#1622 = EDGE_CURVE ( 'NONE', #1345, #2156, #2366, .T. ) ;
#1623 = EDGE_CURVE ( 'NONE', #3061, #4094, #737, .T. ) ;
#1624 = CARTESIAN_POINT ( 'NONE',  ( 27.78122329753222886, 83.55241547730773277, 0.000000000000000000 ) ) ;
#1625 = CARTESIAN_POINT ( 'NONE',  ( -70.87819906843063222, 52.24062975133362130, 14.20000000000000462 ) ) ;
#1626 = ADVANCED_FACE ( 'NONE', ( #3585 ), #766, .F. ) ;
#1627 = ORIENTED_EDGE ( 'NONE', *, *, #985, .F. ) ;
#1628 = DIRECTION ( 'NONE',  ( -0.000000000000000000, -0.000000000000000000, -1.000000000000000000 ) ) ;
#1629 = CIRCLE ( 'NONE', #1976, 88.04999999999999716 ) ;
#1630 = ORIENTED_EDGE ( 'NONE', *, *, #3431, .F. ) ;
#1631 = VECTOR ( 'NONE', #965, 1000.000000000000000 ) ;
#1632 = CARTESIAN_POINT ( 'NONE',  ( -85.99863518207604329, 18.89542925736789414, 64.20000000000000284 ) ) ;
#1633 = EDGE_CURVE ( 'NONE', #2582, #1608, #4332, .T. ) ;
#1634 = CARTESIAN_POINT ( 'NONE',  ( 60.20000000000000284, -3.162569822472607761, 64.20000000000000284 ) ) ;
#1635 = CIRCLE ( 'NONE', #4599, 1.400000000000012346 ) ;
#1636 = DIRECTION ( 'NONE',  ( -0.000000000000000000, -0.000000000000000000, 1.000000000000000000 ) ) ;
#1637 = CARTESIAN_POINT ( 'NONE',  ( 60.20000000000000284, -2.662569822472607317, 64.20000000000000284 ) ) ;
#1638 = CARTESIAN_POINT ( 'NONE',  ( 60.20000000000000284, 11.58128491123641268, 53.61871508876373582 ) ) ;
#1639 = DIRECTION ( 'NONE',  ( 1.000000000000000000, 1.067781959802986485E-16, 0.000000000000000000 ) ) ;
#1640 = CARTESIAN_POINT ( 'NONE',  ( -49.66846878866766701, 75.05360223326489688, 20.20000000000000284 ) ) ;
#1641 = DIRECTION ( 'NONE',  ( 0.000000000000000000, 0.000000000000000000, 1.000000000000000000 ) ) ;
#1642 = ORIENTED_EDGE ( 'NONE', *, *, #1217, .F. ) ;
#1643 = VECTOR ( 'NONE', #84, 1000.000000000000114 ) ;
#1644 = B_SPLINE_CURVE_WITH_KNOTS ( 'NONE', 3,
 ( #600, #937, #4593, #1769, #2218, #1018, #4245, #2166, #3422, #4165, #3794, #2678, #545, #3819, #622, #1848, #2602, #4975, #659, #3870, #3841, #1342, #3483, #224 ),
 .UNSPECIFIED., .F., .F.,
 ( 4, 2, 2, 2, 2, 2, 2, 2, 2, 2, 2, 4 ),
 ( 0.000000000000000000, 0.001187603681666521806, 0.001781405522499784769, 0.002375207363333047949, 0.003562811044999573875, 0.004156612885832845945, 0.004750414726666117582, 0.005938018408332688611, 0.007125622089999259640, 0.007719423930832531276, 0.008313225771665802913, 0.009500829453332346186 ),
 .UNSPECIFIED. ) ;
#1645 = DIRECTION ( 'NONE',  ( 1.000000000000000000, 0.000000000000000000, 0.000000000000000000 ) ) ;
#1646 = AXIS2_PLACEMENT_3D ( 'NONE', #302, #4303, #4709 ) ;
#1647 = DIRECTION ( 'NONE',  ( 0.000000000000000000, 0.7071067811865426878, -0.7071067811865523467 ) ) ;
#1648 = AXIS2_PLACEMENT_3D ( 'NONE', #3801, #94, #173 ) ;
#1650 = VECTOR ( 'NONE', #755, 1000.000000000000000 ) ;
#1649 = FACE_OUTER_BOUND ( 'NONE', #3125, .T. ) ;
#1651 = CARTESIAN_POINT ( 'NONE',  ( 67.29999999999999716, -2.662569822472607317, 3.500000000000010214 ) ) ;
#1652 = VERTEX_POINT ( 'NONE', #1186 ) ;
#1653 = AXIS2_PLACEMENT_3D ( 'NONE', #1012, #959, #573 ) ;
#1654 = CARTESIAN_POINT ( 'NONE',  ( -42.97806324074771567, 76.84847805958351330, 26.20000000000000284 ) ) ;
#1655 = VECTOR ( 'NONE', #2389, 1000.000000000000000 ) ;
#1656 = CARTESIAN_POINT ( 'NONE',  ( 58.29999999999999716, -18.66256982247259799, 60.70000000000000284 ) ) ;
#1657 = LINE ( 'NONE', #463, #4596 ) ;
#1658 = ORIENTED_EDGE ( 'NONE', *, *, #767, .T. ) ;
#1659 = CARTESIAN_POINT ( 'NONE',  ( -120.2000000000000455, -14.99999999999999645, 39.20000000000000995 ) ) ;
#1660 = AXIS2_PLACEMENT_3D ( 'NONE', #3237, #4090, #3655 ) ;
#1661 = EDGE_CURVE ( 'NONE', #1454, #1979, #3982, .T. ) ;
#1662 = ORIENTED_EDGE ( 'NONE', *, *, #1019, .T. ) ;
#1663 = VECTOR ( 'NONE', #4837, 1000.000000000000000 ) ;
#1664 = VECTOR ( 'NONE', #2355, 1000.000000000000000 ) ;
#1665 = ORIENTED_EDGE ( 'NONE', *, *, #3597, .F. ) ;
#1666 = LINE ( 'NONE', #471, #725 ) ;
#1667 = LINE ( 'NONE', #1634, #3878 ) ;
#1668 = CARTESIAN_POINT ( 'NONE',  ( 58.30000000000000426, 18.66256982247258378, 16.49999999999999289 ) ) ;
#1669 = CYLINDRICAL_SURFACE ( 'NONE', #4543, 6.000000000000007994 ) ;
#1670 = EDGE_CURVE ( 'NONE', #2308, #164, #2012, .T. ) ;
#1671 = CARTESIAN_POINT ( 'NONE',  ( -71.65444773393170408, 54.45799821607425883, 43.82027384019683325 ) ) ;
#1672 = CIRCLE ( 'NONE', #4630, 1.399999999999998579 ) ;
#1673 = CARTESIAN_POINT ( 'NONE',  ( -44.40970884286820564, 78.28012366170401037, 38.20000000000000284 ) ) ;
#1674 = EDGE_CURVE ( 'NONE', #146, #169, #1211, .T. ) ;
#1675 = DIRECTION ( 'NONE',  ( 0.000000000000000000, 0.000000000000000000, -1.000000000000000000 ) ) ;
#1676 = CARTESIAN_POINT ( 'NONE',  ( 0.000000000000000000, 0.000000000000000000, 59.20000000000000995 ) ) ;
#1677 = ORIENTED_EDGE ( 'NONE', *, *, #2848, .T. ) ;
#1678 = CARTESIAN_POINT ( 'NONE',  ( 60.20000000000000284, -2.662569822472604653, 16.49999999999999289 ) ) ;
#1679 = ORIENTED_EDGE ( 'NONE', *, *, #1179, .T. ) ;
#1680 = CARTESIAN_POINT ( 'NONE',  ( -44.40970884286820564, 78.28012366170401037, 64.20000000000000284 ) ) ;
#1681 = FACE_OUTER_BOUND ( 'NONE', #3760, .T. ) ;
#1682 = CARTESIAN_POINT ( 'NONE',  ( 67.29999999999999716, 18.16256982247259089, 16.00000000000000000 ) ) ;
#1683 = EDGE_LOOP ( 'NONE', ( #4629, #1361, #4197, #2096 ) ) ;
#1684 = VERTEX_POINT ( 'NONE', #1586 ) ;
#1685 = DIRECTION ( 'NONE',  ( 1.000000000000000000, 0.000000000000000000, 0.000000000000000000 ) ) ;
#1686 = CARTESIAN_POINT ( 'NONE',  ( 56.10000000000000142, -6.584183710947007384, 14.50000000000000533 ) ) ;
#1687 = ORIENTED_EDGE ( 'NONE', *, *, #4151, .F. ) ;
#1688 = CARTESIAN_POINT ( 'NONE',  ( 67.29999999999999716, -18.16256982247260865, 4.000000000000003553 ) ) ;
#1689 = ORIENTED_EDGE ( 'NONE', *, *, #4509, .F. ) ;
#1690 = EDGE_LOOP ( 'NONE', ( #933, #680, #3046, #4523 ) ) ;
#1691 = DIRECTION ( 'NONE',  ( 1.000000000000000000, 0.000000000000000000, 0.000000000000000000 ) ) ;
#1692 = CARTESIAN_POINT ( 'NONE',  ( 60.20000000000000284, 1.000000000000000000, 64.20000000000000284 ) ) ;
#1693 = LINE ( 'NONE', #2978, #4355 ) ;
#1694 = DIRECTION ( 'NONE',  ( -0.000000000000000000, -0.000000000000000000, 1.000000000000000000 ) ) ;
#1695 = CARTESIAN_POINT ( 'NONE',  ( 58.30000000000000426, 2.662569822472591330, 47.70000000000000995 ) ) ;
#1696 = CARTESIAN_POINT ( 'NONE',  ( 0.000000000000000000, 0.000000000000000000, 64.20000000000000284 ) ) ;
#1697 = DIRECTION ( 'NONE',  ( -0.7071067811865463515, 0.7071067811865487940, 0.000000000000000000 ) ) ;
#1698 = DIRECTION ( 'NONE',  ( -1.000000000000000000, 2.135563919605973464E-16, 0.000000000000000000 ) ) ;
#1699 = ADVANCED_FACE ( 'NONE', ( #1126 ), #2332, .F. ) ;
#1700 = ORIENTED_EDGE ( 'NONE', *, *, #593, .T. ) ;
#1701 = EDGE_CURVE ( 'NONE', #2205, #603, #2091, .T. ) ;
#1702 = EDGE_CURVE ( 'NONE', #3282, #1071, #2443, .T. ) ;
#1703 = DIRECTION ( 'NONE',  ( -0.000000000000000000, -0.000000000000000000, 1.000000000000000000 ) ) ;
#1704 = ORIENTED_EDGE ( 'NONE', *, *, #2157, .T. ) ;
#1705 = VERTEX_POINT ( 'NONE', #4793 ) ;
#1706 = FACE_OUTER_BOUND ( 'NONE', #788, .T. ) ;
#1707 = ADVANCED_FACE ( 'NONE', ( #5181 ), #3957, .F. ) ;
#1708 = CYLINDRICAL_SURFACE ( 'NONE', #651, 88.04999999999999716 ) ;
#1709 = ORIENTED_EDGE ( 'NONE', *, *, #4553, .T. ) ;
#1710 = ORIENTED_EDGE ( 'NONE', *, *, #4740, .T. ) ;
#1711 = ORIENTED_EDGE ( 'NONE', *, *, #3781, .T. ) ;
#1712 = CARTESIAN_POINT ( 'NONE',  ( -73.00136172106208221, 50.58637719277123779, 39.74126911869343104 ) ) ;
#1713 = DIRECTION ( 'NONE',  ( 1.000000000000000000, 0.000000000000000000, -0.000000000000000000 ) ) ;
#1714 = ORIENTED_EDGE ( 'NONE', *, *, #879, .T. ) ;
#1715 = CARTESIAN_POINT ( 'NONE',  ( 67.29999999999999716, 18.16256982247259089, 4.000000000000003553 ) ) ;
#1716 = EDGE_LOOP ( 'NONE', ( #3795, #6, #3469, #1321, #1347, #1704 ) ) ;
#1717 = VERTEX_POINT ( 'NONE', #3661 ) ;
#1718 = DIRECTION ( 'NONE',  ( -0.000000000000000000, -0.000000000000000000, -1.000000000000000000 ) ) ;
#1719 = CIRCLE ( 'NONE', #357, 88.04999999999999716 ) ;
#1720 = CARTESIAN_POINT ( 'NONE',  ( 67.29999999999999716, -3.162569822472604653, 4.000000000000003553 ) ) ;
#1721 = DIRECTION ( 'NONE',  ( -1.000000000000000000, 0.000000000000000000, 0.000000000000000000 ) ) ;
#1722 = DIRECTION ( 'NONE',  ( -1.510071729210707081E-16, -0.7071067811865474617, -0.7071067811865474617 ) ) ;
#1723 = CARTESIAN_POINT ( 'NONE',  ( 0.000000000000000000, 0.000000000000000000, 64.20000000000000284 ) ) ;
#1724 = DIRECTION ( 'NONE',  ( 1.000000000000000000, 0.000000000000000000, 0.000000000000000000 ) ) ;
#1725 = CARTESIAN_POINT ( 'NONE',  ( 60.20000000000000284, -66.90261579340526055, 60.20000000000000284 ) ) ;
#1726 = ORIENTED_EDGE ( 'NONE', *, *, #136, .F. ) ;
#1727 = CIRCLE ( 'NONE', #3679, 88.04999999999999716 ) ;
#1728 = LINE ( 'NONE', #3362, #3793 ) ;
#1729 = DIRECTION ( 'NONE',  ( -0.000000000000000000, -0.000000000000000000, 1.000000000000000000 ) ) ;
#1730 = CIRCLE ( 'NONE', #2404, 88.04999999999999716 ) ;
#1731 = ORIENTED_EDGE ( 'NONE', *, *, #887, .F. ) ;
#1732 = ADVANCED_FACE ( 'NONE', ( #3144 ), #3194, .F. ) ;
#1733 = ORIENTED_EDGE ( 'NONE', *, *, #918, .T. ) ;
#1734 = CARTESIAN_POINT ( 'NONE',  ( 0.000000000000000000, 0.000000000000000000, 20.20000000000000284 ) ) ;
#1735 = DIRECTION ( 'NONE',  ( -1.067781959802986485E-16, -1.000000000000000000, -0.000000000000000000 ) ) ;
#1736 = ORIENTED_EDGE ( 'NONE', *, *, #4773, .T. ) ;
#1737 = ORIENTED_EDGE ( 'NONE', *, *, #4511, .F. ) ;
#1738 = EDGE_CURVE ( 'NONE', #2897, #2891, #1160, .T. ) ;
#1739 = CARTESIAN_POINT ( 'NONE',  ( -27.96639456976209814, 83.49061788469636269, -35.79999999999999716 ) ) ;
#1740 = VECTOR ( 'NONE', #4679, 1000.000000000000000 ) ;
#1741 = CARTESIAN_POINT ( 'NONE',  ( 11.38622653960922371, -87.31068860791731367, 14.20000000000000462 ) ) ;
#1742 = ORIENTED_EDGE ( 'NONE', *, *, #1413, .T. ) ;
#1743 = CARTESIAN_POINT ( 'NONE',  ( 0.000000000000000000, 0.000000000000000000, 64.20000000000000284 ) ) ;
#1744 = ORIENTED_EDGE ( 'NONE', *, *, #5153, .T. ) ;
#1745 = PRESENTATION_LAYER_ASSIGNMENT (  '', '', ( #3701 ) ) ;
#1746 = AXIS2_PLACEMENT_3D ( 'NONE', #4379, #727, #1069 ) ;
#1747 = VERTEX_POINT ( 'NONE', #2738 ) ;
#1748 = AXIS2_PLACEMENT_3D ( 'NONE', #1374, #978, #2618 ) ;
#1749 = VECTOR ( 'NONE', #337, 1000.000000000000000 ) ;
#1750 = CARTESIAN_POINT ( 'NONE',  ( -87.13590730754853553, 12.65881743636706958, 40.42839186147215003 ) ) ;
#1751 = CARTESIAN_POINT ( 'NONE',  ( 58.30000000000000426, 18.16256982247259089, 48.20000000000000995 ) ) ;
#1752 = CARTESIAN_POINT ( 'NONE',  ( 0.000000000000000000, 0.000000000000000000, 0.000000000000000000 ) ) ;
#1753 = LINE ( 'NONE', #2555, #2427 ) ;
#1754 = B_SPLINE_CURVE_WITH_KNOTS ( 'NONE', 3,
 ( #800, #4140, #4883, #2886 ),
 .UNSPECIFIED., .F., .F.,
 ( 4, 4 ),
 ( 0.000000000000000000, 0.001145541027528438000 ),
 .UNSPECIFIED. ) ;
#1755 = VECTOR ( 'NONE', #95, 1000.000000000000000 ) ;
#1756 = VECTOR ( 'NONE', #4812, 1000.000000000000000 ) ;
#1757 = LINE ( 'NONE', #4177, #2595 ) ;
#1758 = DIRECTION ( 'NONE',  ( 1.000000000000000000, 1.067781959802986485E-16, -0.000000000000000000 ) ) ;
#1759 = ORIENTED_EDGE ( 'NONE', *, *, #2029, .F. ) ;
#1760 = CARTESIAN_POINT ( 'NONE',  ( -89.33477875094733633, -10.92397015030960894, 58.88655199749636893 ) ) ;
#1761 = CIRCLE ( 'NONE', #4124, 1.399999999999998579 ) ;
#1762 = CARTESIAN_POINT ( 'NONE',  ( 0.000000000000000000, 0.000000000000000000, 59.20000000000000995 ) ) ;
#1763 = ORIENTED_EDGE ( 'NONE', *, *, #635, .T. ) ;
#1764 = ADVANCED_FACE ( 'NONE', ( #311 ), #5211, .F. ) ;
#1765 = FACE_OUTER_BOUND ( 'NONE', #1910, .T. ) ;
#1766 = LINE ( 'NONE', #3897, #1144 ) ;
#1767 = ORIENTED_EDGE ( 'NONE', *, *, #99, .T. ) ;
#1768 = EDGE_CURVE ( 'NONE', #1023, #3892, #1666, .T. ) ;
#1769 = CARTESIAN_POINT ( 'NONE',  ( -44.55127498270060471, 78.19965175938476420, 39.57786697230832118 ) ) ;
#1770 = VERTEX_POINT ( 'NONE', #4898 ) ;
#1771 = ADVANCED_FACE ( 'NONE', ( #4099 ), #1296, .F. ) ;
#1772 = LINE ( 'NONE', #2547, #1414 ) ;
#1773 = VERTEX_POINT ( 'NONE', #894 ) ;
#1774 = ORIENTED_EDGE ( 'NONE', *, *, #3789, .F. ) ;
#1775 = VERTEX_POINT ( 'NONE', #3722 ) ;
#1776 = LINE ( 'NONE', #2573, #2248 ) ;
#1777 = EDGE_CURVE ( 'NONE', #1419, #712, #2076, .T. ) ;
#1778 = LINE ( 'NONE', #3746, #1755 ) ;
#1779 = CARTESIAN_POINT ( 'NONE',  ( -87.58882634217678742, 9.000000000000003553, 59.20000000000000995 ) ) ;
#1780 = DIRECTION ( 'NONE',  ( 1.000000000000000000, 0.000000000000000000, 0.000000000000000000 ) ) ;
#1781 = ORIENTED_EDGE ( 'NONE', *, *, #201, .T. ) ;
#1782 = CARTESIAN_POINT ( 'NONE',  ( -89.54886933959579665, -9.000000000000000000, 59.20000000000000995 ) ) ;
#1783 = CARTESIAN_POINT ( 'NONE',  ( 60.20000000000000284, 1.000000000000000000, 64.20000000000000284 ) ) ;
#1784 = ORIENTED_EDGE ( 'NONE', *, *, #4671, .T. ) ;
#1785 = CARTESIAN_POINT ( 'NONE',  ( 59.79999999999999716, 65.98418371094697932, 0.000000000000000000 ) ) ;
#1786 = ORIENTED_EDGE ( 'NONE', *, *, #974, .T. ) ;
#1787 = ORIENTED_EDGE ( 'NONE', *, *, #4484, .F. ) ;
#1788 = CARTESIAN_POINT ( 'NONE',  ( 9.810120920898981467, 87.64743217057677782, -35.79999999999999716 ) ) ;
#1789 =( NAMED_UNIT ( * ) SI_UNIT ( $, .STERADIAN. ) SOLID_ANGLE_UNIT ( ) );
#1790 = ORIENTED_EDGE ( 'NONE', *, *, #333, .T. ) ;
#1791 = ORIENTED_EDGE ( 'NONE', *, *, #2314, .F. ) ;
#1792 = CARTESIAN_POINT ( 'NONE',  ( -73.10674950826354745, 51.12666648887023513, 40.62838684927859134 ) ) ;
#1793 = LINE ( 'NONE', #1741, #2154 ) ;
#1794 = ORIENTED_EDGE ( 'NONE', *, *, #3564, .T. ) ;
#1795 = DIRECTION ( 'NONE',  ( -0.000000000000000000, -0.000000000000000000, -1.000000000000000000 ) ) ;
#1796 = EDGE_LOOP ( 'NONE', ( #3095, #3558, #4265, #3883 ) ) ;
#1797 = ADVANCED_FACE ( 'NONE', ( #501 ), #3686, .T. ) ;
#1798 = ORIENTED_EDGE ( 'NONE', *, *, #1243, .F. ) ;
#1799 = ORIENTED_EDGE ( 'NONE', *, *, #4836, .F. ) ;
#1800 = ADVANCED_FACE ( 'NONE', ( #38 ), #3301, .T. ) ;
#1801 = CARTESIAN_POINT ( 'NONE',  ( -87.41538262580249352, 10.55957792044959298, 39.39285466173119943 ) ) ;
#1802 = LINE ( 'NONE', #2202, #133 ) ;
#1803 = DIRECTION ( 'NONE',  ( 2.265107593816075660E-16, 0.7071067811865523467, 0.7071067811865426878 ) ) ;
#1804 = DIRECTION ( 'NONE',  ( 0.000000000000000000, 0.000000000000000000, 1.000000000000000000 ) ) ;
#1805 = ORIENTED_EDGE ( 'NONE', *, *, #2249, .T. ) ;
#1806 = ADVANCED_FACE ( 'NONE', ( #2496 ), #4132, .F. ) ;
#1807 = EDGE_LOOP ( 'NONE', ( #4594, #1517, #2925, #2539 ) ) ;
#1808 = CARTESIAN_POINT ( 'NONE',  ( 58.30000000000000426, 4.584183710946994061, 58.70000000000000284 ) ) ;
#1809 = ORIENTED_EDGE ( 'NONE', *, *, #1502, .T. ) ;
#1810 = CARTESIAN_POINT ( 'NONE',  ( 0.000000000000000000, 0.000000000000000000, 64.20000000000000284 ) ) ;
#1811 = VECTOR ( 'NONE', #3545, 1000.000000000000000 ) ;
#1812 = VERTEX_POINT ( 'NONE', #1632 ) ;
#1813 = ORIENTED_EDGE ( 'NONE', *, *, #3210, .T. ) ;
#1814 = DIRECTION ( 'NONE',  ( -1.000000000000000000, 0.000000000000000000, -0.000000000000000000 ) ) ;
#1815 = CARTESIAN_POINT ( 'NONE',  ( -44.12872296871297806, 77.12661723090486987, 40.85131608994574037 ) ) ;
#1816 = ORIENTED_EDGE ( 'NONE', *, *, #5034, .T. ) ;
#1817 = CARTESIAN_POINT ( 'NONE',  ( -72.97274542347719262, 50.51846705193324993, 39.63212278216194306 ) ) ;
#1818 = CARTESIAN_POINT ( 'NONE',  ( -120.2000000000000455, -9.000000000000000000, 53.20000000000000995 ) ) ;
#1819 = CARTESIAN_POINT ( 'NONE',  ( -48.65234952998749662, 74.03748297458471939, 20.20000000000000284 ) ) ;
#1820 = ORIENTED_EDGE ( 'NONE', *, *, #1834, .T. ) ;
#1821 = VECTOR ( 'NONE', #2394, 1000.000000000000000 ) ;
#1822 = ORIENTED_EDGE ( 'NONE', *, *, #983, .T. ) ;
#1823 = ADVANCED_FACE ( 'NONE', ( #68 ), #3326, .F. ) ;
#1824 = CARTESIAN_POINT ( 'NONE',  ( -42.97806324074771567, 76.84847805958351330, 38.42393149160652399 ) ) ;
#1825 = CARTESIAN_POINT ( 'NONE',  ( -88.89034032180818201, 14.08970445228246504, 42.01664991109471003 ) ) ;
#1826 = AXIS2_PLACEMENT_3D ( 'NONE', #2613, #1854, #5105 ) ;
#1827 = CARTESIAN_POINT ( 'NONE',  ( -70.12804079364761378, 53.24407429910762346, 20.49843134416408930 ) ) ;
#1828 = VERTEX_POINT ( 'NONE', #265 ) ;
#1829 = VECTOR ( 'NONE', #3369, 1000.000000000000000 ) ;
#1830 = AXIS2_PLACEMENT_3D ( 'NONE', #282, #4003, #3612 ) ;
#1831 = CARTESIAN_POINT ( 'NONE',  ( -88.84404568417916437, -14.37861041065322176, 55.86631667693917791 ) ) ;
#1832 = EDGE_CURVE ( 'NONE', #1278, #603, #2212, .T. ) ;
#1833 = CARTESIAN_POINT ( 'NONE',  ( -71.69984237574354324, 51.10709445168571818, -35.79999999999999716 ) ) ;
#1834 = EDGE_CURVE ( 'NONE', #1812, #1773, #3050, .T. ) ;
#1835 = ORIENTED_EDGE ( 'NONE', *, *, #2888, .F. ) ;
#1836 = CARTESIAN_POINT ( 'NONE',  ( 0.000000000000000000, 0.000000000000000000, 64.20000000000000284 ) ) ;
#1837 = AXIS2_PLACEMENT_3D ( 'NONE', #4426, #829, #1616 ) ;
#1838 = VECTOR ( 'NONE', #1525, 1000.000000000000000 ) ;
#1839 = ORIENTED_EDGE ( 'NONE', *, *, #1368, .T. ) ;
#1840 = ORIENTED_EDGE ( 'NONE', *, *, #1435, .T. ) ;
#1841 = AXIS2_PLACEMENT_3D ( 'NONE', #4327, #1422, #4283 ) ;
#1842 = CARTESIAN_POINT ( 'NONE',  ( 56.10000000000000142, 7.584183710946994061, 14.50000000000000533 ) ) ;
#1843 = SURFACE_STYLE_USAGE ( .BOTH. , #4970 ) ;
#1844 = AXIS2_PLACEMENT_3D ( 'NONE', #2631, #4570, #2603 ) ;
#1845 = ORIENTED_EDGE ( 'NONE', *, *, #3753, .F. ) ;
#1846 = B_SPLINE_CURVE_WITH_KNOTS ( 'NONE', 3,
 ( #685, #1099, #1607, #307, #1550, #2300, #4306, #765, #3563, #3926, #3608, #3140, #5206, #5154, #4001, #4733, #1205, #2735, #1522, #4758 ),
 .UNSPECIFIED., .F., .F.,
 ( 4, 2, 2, 2, 2, 2, 2, 2, 2, 4 ),
 ( 0.000000000000000000, 0.001177541925043178389, 0.001766312887564769644, 0.002355083850086361116, 0.003532625775129543625, 0.004710167700172726568, 0.005887709625215908210, 0.007065251550259091587, 0.008242793475302273229, 0.009420335400345456606 ),
 .UNSPECIFIED. ) ;
#1847 = EDGE_LOOP ( 'NONE', ( #1009, #569, #3172, #129 ) ) ;
#1848 = CARTESIAN_POINT ( 'NONE',  ( -47.09193185188346575, 76.69722181047599463, 43.42013253441782439 ) ) ;
#1849 = DIRECTION ( 'NONE',  ( 0.000000000000000000, 0.000000000000000000, 1.000000000000000000 ) ) ;
#1850 = EDGE_LOOP ( 'NONE', ( #4207, #3740, #438, #3765 ) ) ;
#1851 = CARTESIAN_POINT ( 'NONE',  ( 67.29999999999999716, -18.16256982247260865, 4.000000000000003553 ) ) ;
#1852 = LINE ( 'NONE', #1114, #4108 ) ;
#1853 = DIRECTION ( 'NONE',  ( 0.000000000000000000, 0.000000000000000000, 1.000000000000000000 ) ) ;
#1854 = DIRECTION ( 'NONE',  ( 0.000000000000000000, 0.000000000000000000, -1.000000000000000000 ) ) ;
#1855 = VERTEX_POINT ( 'NONE', #2744 ) ;
#1856 = VERTEX_POINT ( 'NONE', #2806 ) ;
#1857 = CARTESIAN_POINT ( 'NONE',  ( -88.89034032180813938, -14.08970445228246149, 56.38335008890528144 ) ) ;
#1858 = DIRECTION ( 'NONE',  ( 0.000000000000000000, 0.000000000000000000, 1.000000000000000000 ) ) ;
#1859 = VERTEX_POINT ( 'NONE', #825 ) ;
#1860 = DIRECTION ( 'NONE',  ( -0.000000000000000000, -0.000000000000000000, -1.000000000000000000 ) ) ;
#1861 = ORIENTED_EDGE ( 'NONE', *, *, #1438, .T. ) ;
#1862 = EDGE_CURVE ( 'NONE', #1684, #2107, #2456, .T. ) ;
#1863 = DIRECTION ( 'NONE',  ( -3.203345879408960195E-16, -1.000000000000000000, -1.927470528863118802E-16 ) ) ;
#1864 = ADVANCED_FACE ( 'NONE', ( #2984 ), #483, .T. ) ;
#1865 = ORIENTED_EDGE ( 'NONE', *, *, #1082, .T. ) ;
#1866 = EDGE_CURVE ( 'NONE', #1961, #2949, #1226, .T. ) ;
#1867 = CARTESIAN_POINT ( 'NONE',  ( 58.30000000000000426, -2.662569822472603764, 47.70000000000000995 ) ) ;
#1868 =( LENGTH_UNIT ( ) NAMED_UNIT ( * ) SI_UNIT ( .MILLI., .METRE. ) );
#1869 = CYLINDRICAL_SURFACE ( 'NONE', #1140, 88.04999999999999716 ) ;
#1870 = ORIENTED_EDGE ( 'NONE', *, *, #4336, .T. ) ;
#1871 = ADVANCED_FACE ( 'NONE', ( #3334, #15, #1304, #1332, #3750 ), #4932, .F. ) ;
#1872 = DIRECTION ( 'NONE',  ( 0.000000000000000000, 0.000000000000000000, 1.000000000000000000 ) ) ;
#1873 = CARTESIAN_POINT ( 'NONE',  ( -87.13590730754853553, -12.65881743636706780, 57.97160813852789829 ) ) ;
#1874 = FACE_OUTER_BOUND ( 'NONE', #752, .T. ) ;
#1875 = LINE ( 'NONE', #709, #1072 ) ;
#1876 = LINE ( 'NONE', #665, #3697 ) ;
#1877 = VERTEX_POINT ( 'NONE', #509 ) ;
#1878 = ORIENTED_EDGE ( 'NONE', *, *, #4737, .F. ) ;
#1879 = CYLINDRICAL_SURFACE ( 'NONE', #1232, 88.04999999999999716 ) ;
#1880 = DIRECTION ( 'NONE',  ( -0.000000000000000000, -0.000000000000000000, -1.000000000000000000 ) ) ;
#1881 = ORIENTED_EDGE ( 'NONE', *, *, #2425, .F. ) ;
#1882 = CARTESIAN_POINT ( 'NONE',  ( -88.87236649082049667, 14.20391876870204051, 56.21217212065311486 ) ) ;
#1883 = CARTESIAN_POINT ( 'NONE',  ( -86.28819335068753560, 17.52570079267484715, -35.79999999999999716 ) ) ;
#1884 = ORIENTED_EDGE ( 'NONE', *, *, #3232, .T. ) ;
#1885 = VERTEX_POINT ( 'NONE', #100 ) ;
#1886 = CARTESIAN_POINT ( 'NONE',  ( 0.000000000000000000, 0.000000000000000000, 0.000000000000000000 ) ) ;
#1887 = CARTESIAN_POINT ( 'NONE',  ( -80.68081200856775581, -35.26200609208372327, 64.20000000000000284 ) ) ;
#1888 = AXIS2_PLACEMENT_3D ( 'NONE', #980, #3475, #4512 ) ;
#1889 = ADVANCED_FACE ( 'NONE', ( #446 ), #2962, .F. ) ;
#1890 = DIRECTION ( 'NONE',  ( 1.000000000000000000, 0.000000000000000000, 0.000000000000000000 ) ) ;
#1891 = AXIS2_PLACEMENT_3D ( 'NONE', #3366, #3395, #2563 ) ;
#1892 = CARTESIAN_POINT ( 'NONE',  ( 43.33245010078663739, 76.64920918224032675, -35.79999999999999716 ) ) ;
#1893 = ORIENTED_EDGE ( 'NONE', *, *, #1282, .T. ) ;
#1894 = EDGE_CURVE ( 'NONE', #102, #3051, #49, .T. ) ;
#1895 = CARTESIAN_POINT ( 'NONE',  ( -87.00726369763246737, -13.51357818730045501, 57.17242215179885534 ) ) ;
#1896 = EDGE_CURVE ( 'NONE', #3859, #2494, #4187, .T. ) ;
#1897 = VERTEX_POINT ( 'NONE', #874 ) ;
#1898 = DIRECTION ( 'NONE',  ( 0.000000000000000000, 1.000000000000000000, 0.000000000000000000 ) ) ;
#1899 = DIRECTION ( 'NONE',  ( -0.000000000000000000, -0.000000000000000000, 1.000000000000000000 ) ) ;
#1900 = LINE ( 'NONE', #683, #3869 ) ;
#1901 = CARTESIAN_POINT ( 'NONE',  ( -43.61782554907625808, 76.73010438535612820, 23.72095334329707228 ) ) ;
#1902 = CIRCLE ( 'NONE', #27, 1.399999999999998579 ) ;
#1903 = CARTESIAN_POINT ( 'NONE',  ( -87.22933564402720208, -11.99806128098152413, 39.98805820720222926 ) ) ;
#1904 = EDGE_LOOP ( 'NONE', ( #3458, #2412, #4598, #4706 ) ) ;
#1905 = ORIENTED_EDGE ( 'NONE', *, *, #4833, .T. ) ;
#1906 = AXIS2_PLACEMENT_3D ( 'NONE', #4138, #2040, #3668 ) ;
#1907 = VECTOR ( 'NONE', #2637, 1000.000000000000000 ) ;
#1908 = CARTESIAN_POINT ( 'NONE',  ( 0.000000000000000000, 0.000000000000000000, 0.000000000000000000 ) ) ;
#1909 = CARTESIAN_POINT ( 'NONE',  ( 0.000000000000000000, 0.000000000000000000, 64.20000000000000284 ) ) ;
#1910 = EDGE_LOOP ( 'NONE', ( #2943, #4858, #1784, #287 ) ) ;
#1911 = CARTESIAN_POINT ( 'NONE',  ( -88.80534325286252795, 14.61563814330057198, 55.32211488890401085 ) ) ;
#1912 = AXIS2_PLACEMENT_3D ( 'NONE', #4111, #3231, #1645 ) ;
#1913 = CARTESIAN_POINT ( 'NONE',  ( 52.30000000000000426, 6.584183710946994061, 58.70000000000000284 ) ) ;
#1914 = ORIENTED_EDGE ( 'NONE', *, *, #4608, .T. ) ;
#1915 = EDGE_LOOP ( 'NONE', ( #2568, #4987, #694, #3830 ) ) ;
#1916 = DIRECTION ( 'NONE',  ( -1.000000000000000000, 0.000000000000000000, -0.000000000000000000 ) ) ;
#1918 = AXIS2_PLACEMENT_3D ( 'NONE', #452, #1609, #3224 ) ;
#1917 = LINE ( 'NONE', #1537, #3111 ) ;
#1919 = DIRECTION ( 'NONE',  ( 1.000000000000000000, 0.000000000000000000, 0.000000000000000000 ) ) ;
#1920 = VECTOR ( 'NONE', #4053, 1000.000000000000000 ) ;
#1921 = AXIS2_PLACEMENT_3D ( 'NONE', #2149, #1277, #124 ) ;
#1922 = ADVANCED_FACE ( 'NONE', ( #2067 ), #4560, .T. ) ;
#1923 = DIRECTION ( 'NONE',  ( -1.000000000000000000, 0.000000000000000000, 0.000000000000000000 ) ) ;
#1924 = VECTOR ( 'NONE', #4321, 1000.000000000000000 ) ;
#1925 = CARTESIAN_POINT ( 'NONE',  ( -26.44926541907859985, -83.98356302748253199, 0.000000000000000000 ) ) ;
#1926 = ORIENTED_EDGE ( 'NONE', *, *, #1862, .F. ) ;
#1927 = DIRECTION ( 'NONE',  ( 0.000000000000000000, 0.000000000000000000, -1.000000000000000000 ) ) ;
#1928 = ADVANCED_FACE ( 'NONE', ( #4582 ), #929, .F. ) ;
#1929 = EDGE_CURVE ( 'NONE', #1333, #4670, #4107, .T. ) ;
#1930 = DIRECTION ( 'NONE',  ( -0.000000000000000000, 0.000000000000000000, 1.000000000000000000 ) ) ;
#1931 = ADVANCED_FACE ( 'NONE', ( #2933 ), #2535, .F. ) ;
#1932 = CYLINDRICAL_SURFACE ( 'NONE', #4971, 88.04999999999999716 ) ;
#1933 = CARTESIAN_POINT ( 'NONE',  ( -86.85414381348965662, -14.46257356416069939, 42.71030282725969585 ) ) ;
#1934 = ORIENTED_EDGE ( 'NONE', *, *, #4731, .T. ) ;
#1935 = ORIENTED_EDGE ( 'NONE', *, *, #4059, .T. ) ;
#1936 = CARTESIAN_POINT ( 'NONE',  ( -120.2000000000000455, 15.00000000000000000, 59.20000000000000995 ) ) ;
#1937 = EDGE_CURVE ( 'NONE', #522, #3282, #890, .T. ) ;
#1938 = CARTESIAN_POINT ( 'NONE',  ( 0.000000000000000000, 0.000000000000000000, 64.20000000000000284 ) ) ;
#1939 = LINE ( 'NONE', #312, #2608 ) ;
#1940 = VERTEX_POINT ( 'NONE', #2882 ) ;
#1941 = CARTESIAN_POINT ( 'NONE',  ( -89.54886933959579665, 9.000000000000001776, 59.20000000000000995 ) ) ;
#1942 = CARTESIAN_POINT ( 'NONE',  ( -72.76382735817138325, 52.02111612538057273, 22.36621882935303063 ) ) ;
#1943 = ORIENTED_EDGE ( 'NONE', *, *, #1894, .F. ) ;
#1944 = DIRECTION ( 'NONE',  ( -0.000000000000000000, -0.000000000000000000, -1.000000000000000000 ) ) ;
#1945 = DIRECTION ( 'NONE',  ( 0.000000000000000000, 0.000000000000000000, 1.000000000000000000 ) ) ;
#1946 = CARTESIAN_POINT ( 'NONE',  ( -59.50726637259268159, 64.89751727810008219, 20.20000000000000284 ) ) ;
#1947 = DIRECTION ( 'NONE',  ( 1.000000000000000000, 0.000000000000000000, 0.000000000000000000 ) ) ;
#1948 = CARTESIAN_POINT ( 'NONE',  ( 58.30000000000000426, 2.662569822472591774, 60.69999999999999574 ) ) ;
#1949 = CYLINDRICAL_SURFACE ( 'NONE', #3087, 88.04999999999999716 ) ;
#1950 = EDGE_LOOP ( 'NONE', ( #4338, #1287, #1878, #2669 ) ) ;
#1951 = LINE ( 'NONE', #2360, #1578 ) ;
#1952 = EDGE_CURVE ( 'NONE', #4149, #181, #2474, .T. ) ;
#1953 = CARTESIAN_POINT ( 'NONE',  ( -46.08843532259391651, 76.17932810964836676, 21.20255567823971177 ) ) ;
#1954 = ADVANCED_FACE ( 'NONE', ( #4447 ), #393, .F. ) ;
#1955 = CARTESIAN_POINT ( 'NONE',  ( -87.43878570892233881, -10.35848980896169635, 39.35256406745838120 ) ) ;
#1956 = ADVANCED_FACE ( 'NONE', ( #4074 ), #4871, .T. ) ;
#1957 = ORIENTED_EDGE ( 'NONE', *, *, #1403, .F. ) ;
#1958 = CARTESIAN_POINT ( 'NONE',  ( -90.00000000000000000, 0.000000000000000000, 64.20000000000000284 ) ) ;
#1959 = DIRECTION ( 'NONE',  ( 1.000000000000000000, 0.000000000000000000, 0.000000000000000000 ) ) ;
#1960 = DIRECTION ( 'NONE',  ( -1.000000000000000000, 0.000000000000000000, 0.000000000000000000 ) ) ;
#1961 = VERTEX_POINT ( 'NONE', #4844 ) ;
#1962 = CARTESIAN_POINT ( 'NONE',  ( -88.74119674649422507, 14.99999999999999645, 53.20000000000000995 ) ) ;
#1963 = EDGE_CURVE ( 'NONE', #889, #4376, #362, .T. ) ;
#1964 = CARTESIAN_POINT ( 'NONE',  ( -43.33245010078720583, -76.64920918224002833, 64.20000000000000284 ) ) ;
#1965 = ORIENTED_EDGE ( 'NONE', *, *, #4084, .T. ) ;
#1966 = ORIENTED_EDGE ( 'NONE', *, *, #1011, .F. ) ;
#1967 = CARTESIAN_POINT ( 'NONE',  ( -92.10065824954773461, 77.88781194769839544, 38.20000000000000284 ) ) ;
#1968 = DIRECTION ( 'NONE',  ( 1.000000000000000000, 0.000000000000000000, 0.000000000000000000 ) ) ;
#1969 = DIRECTION ( 'NONE',  ( 2.135563919605973464E-16, 1.000000000000000000, 0.000000000000000000 ) ) ;
#1970 = DIRECTION ( 'NONE',  ( 1.000000000000000000, 0.000000000000000000, 0.000000000000000000 ) ) ;
#1971 = DIRECTION ( 'NONE',  ( 1.000000000000000000, 0.000000000000000000, 0.000000000000000000 ) ) ;
#1972 = CARTESIAN_POINT ( 'NONE',  ( 52.30000000000000426, -6.584183710947005608, 14.50000000000000533 ) ) ;
#1973 = VERTEX_POINT ( 'NONE', #3274 ) ;
#1974 = DIRECTION ( 'NONE',  ( 1.000000000000000000, 0.000000000000000000, -0.000000000000000000 ) ) ;
#1975 = DIRECTION ( 'NONE',  ( 0.000000000000000000, 0.000000000000000000, -1.000000000000000000 ) ) ;
#1976 = AXIS2_PLACEMENT_3D ( 'NONE', #1752, #2225, #3851 ) ;
#1977 = CARTESIAN_POINT ( 'NONE',  ( 60.20000000000000284, 66.90261579340526055, 0.000000000000000000 ) ) ;
#1978 = LINE ( 'NONE', #2009, #639 ) ;
#1979 = VERTEX_POINT ( 'NONE', #1668 ) ;
#1980 = ADVANCED_FACE ( 'NONE', ( #3663 ), #10, .F. ) ;
#1981 = AXIS2_PLACEMENT_3D ( 'NONE', #3096, #4696, #675 ) ;
#1982 = CARTESIAN_POINT ( 'NONE',  ( 67.29999999999999716, 18.16256982247259089, 60.20000000000000284 ) ) ;
#1983 = CARTESIAN_POINT ( 'NONE',  ( 0.000000000000000000, 0.000000000000000000, 20.20000000000000284 ) ) ;
#1984 = CARTESIAN_POINT ( 'NONE',  ( -86.91548858394604338, 14.08945471321539955, 56.38374898760572052 ) ) ;
#1985 = CYLINDRICAL_SURFACE ( 'NONE', #4799, 5.999999999999998224 ) ;
#1986 = VERTEX_POINT ( 'NONE', #4900 ) ;
#1987 = CARTESIAN_POINT ( 'NONE',  ( 58.30000000000000426, 3.162569822472589109, 4.000000000000003553 ) ) ;
#1988 = DIRECTION ( 'NONE',  ( -0.000000000000000000, 1.000000000000000000, -0.000000000000000000 ) ) ;
#1989 = VECTOR ( 'NONE', #1675, 1000.000000000000000 ) ;
#1990 = EDGE_LOOP ( 'NONE', ( #3503, #2092, #1709, #3452, #4353, #1813 ) ) ;
#1991 = EDGE_CURVE ( 'NONE', #50, #1081, #868, .T. ) ;
#1992 = DIRECTION ( 'NONE',  ( 1.000000000000000000, 0.000000000000000000, 0.000000000000000000 ) ) ;
#1993 = EDGE_CURVE ( 'NONE', #181, #484, #2390, .T. ) ;
#1994 = CARTESIAN_POINT ( 'NONE',  ( 60.20000000000000284, -2.662569822472607317, 64.20000000000000284 ) ) ;
#1995 = AXIS2_PLACEMENT_3D ( 'NONE', #1227, #2480, #4913 ) ;
#1996 = AXIS2_PLACEMENT_3D ( 'NONE', #3748, #97, #3357 ) ;
#1997 = AXIS2_PLACEMENT_3D ( 'NONE', #516, #2941, #2431 ) ;
#1998 = VECTOR ( 'NONE', #28, 1000.000000000000000 ) ;
#1999 = PLANE ( 'NONE',  #878 ) ;
#2000 = CARTESIAN_POINT ( 'NONE',  ( 67.29999999999999716, -18.16256982247260865, 48.20000000000000995 ) ) ;
#2001 = CARTESIAN_POINT ( 'NONE',  ( -43.33245010078720583, -76.64920918224002833, 0.000000000000000000 ) ) ;
#2002 = VECTOR ( 'NONE', #3732, 1000.000000000000000 ) ;
#2003 = VERTEX_POINT ( 'NONE', #4473 ) ;
#2004 = VECTOR ( 'NONE', #4018, 1000.000000000000000 ) ;
#2005 = LINE ( 'NONE', #4356, #2347 ) ;
#2006 = CARTESIAN_POINT ( 'NONE',  ( 27.96639456976151905, -83.49061788469659007, 64.20000000000000284 ) ) ;
#2007 = VECTOR ( 'NONE', #3771, 1000.000000000000000 ) ;
#2008 = CARTESIAN_POINT ( 'NONE',  ( 11.38622653960922371, -87.31068860791731367, 64.20000000000000284 ) ) ;
#2009 = CARTESIAN_POINT ( 'NONE',  ( 60.20000000000000284, -1.000000000000000888, 0.000000000000000000 ) ) ;
#2010 = ORIENTED_EDGE ( 'NONE', *, *, #3751, .F. ) ;
#2011 = VERTEX_POINT ( 'NONE', #769 ) ;
#2012 = LINE ( 'NONE', #2821, #3287 ) ;
#2013 = CARTESIAN_POINT ( 'NONE',  ( 0.000000000000000000, 0.000000000000000000, 0.000000000000000000 ) ) ;
#2014 = CARTESIAN_POINT ( 'NONE',  ( -87.36995118040438513, 10.92382553777409271, 58.88660013805902338 ) ) ;
#2015 = CARTESIAN_POINT ( 'NONE',  ( 0.000000000000000000, 0.000000000000000000, 0.000000000000000000 ) ) ;
#2016 = CARTESIAN_POINT ( 'NONE',  ( -73.96853964230155043, 51.27041196621358665, 38.59828446730096374 ) ) ;
#2017 = CARTESIAN_POINT ( 'NONE',  ( -48.51208844416706256, 75.80643159154810462, 20.35064512361081057 ) ) ;
#2018 = CARTESIAN_POINT ( 'NONE',  ( -72.89254059423906540, 50.37246763160386109, 24.97637812565647053 ) ) ;
#2019 = ORIENTED_EDGE ( 'NONE', *, *, #3758, .T. ) ;
#2020 = CARTESIAN_POINT ( 'NONE',  ( 58.30000000000000426, 2.662569822472591330, 16.49999999999999289 ) ) ;
#2021 = ADVANCED_FACE ( 'NONE', ( #1271 ), #843, .F. ) ;
#2022 = EDGE_CURVE ( 'NONE', #2485, #484, #3613, .T. ) ;
#2023 = EDGE_CURVE ( 'NONE', #4329, #666, #412, .T. ) ;
#2024 = CARTESIAN_POINT ( 'NONE',  ( -26.63539583874620931, 83.92471738715180152, 0.000000000000000000 ) ) ;
#2025 = CARTESIAN_POINT ( 'NONE',  ( -59.36323934333056940, -65.02928812978389317, 0.000000000000000000 ) ) ;
#2026 = LINE ( 'NONE', #832, #4026 ) ;
#2027 = CARTESIAN_POINT ( 'NONE',  ( -88.74119674649422507, -14.99999999999999645, 45.20000000000000995 ) ) ;
#2028 = ORIENTED_EDGE ( 'NONE', *, *, #71, .T. ) ;
#2029 = EDGE_CURVE ( 'NONE', #4496, #1585, #3158, .T. ) ;
#2030 = CARTESIAN_POINT ( 'NONE',  ( -72.81646977095211071, 51.95541648254316414, 41.93066060551598184 ) ) ;
#2031 = DIRECTION ( 'NONE',  ( -1.000000000000000000, -1.067781959802986485E-16, -0.000000000000000000 ) ) ;
#2032 = DIRECTION ( 'NONE',  ( 0.000000000000000000, 0.000000000000000000, 1.000000000000000000 ) ) ;
#2033 = ORIENTED_EDGE ( 'NONE', *, *, #994, .T. ) ;
#2034 = EDGE_LOOP ( 'NONE', ( #2764, #4816, #748, #1816 ) ) ;
#2035 = DIRECTION ( 'NONE',  ( -0.7071067811865487940, -0.7071067811865463515, 0.000000000000000000 ) ) ;
#2036 = DIRECTION ( 'NONE',  ( 1.000000000000000000, 0.000000000000000000, 0.000000000000000000 ) ) ;
#2037 = CARTESIAN_POINT ( 'NONE',  ( -11.38622653960983122, 87.31068860791722841, 64.20000000000000284 ) ) ;
#2038 = CARTESIAN_POINT ( 'NONE',  ( -85.64220675765236024, -20.45030370629065430, 64.20000000000000284 ) ) ;
#2039 = DIRECTION ( 'NONE',  ( 0.000000000000000000, 0.000000000000000000, 1.000000000000000000 ) ) ;
#2040 = DIRECTION ( 'NONE',  ( 0.000000000000000000, 0.000000000000000000, -1.000000000000000000 ) ) ;
#2041 = EDGE_LOOP ( 'NONE', ( #335, #414, #798, #1805, #2624, #623, #2220, #4534 ) ) ;
#2042 = CARTESIAN_POINT ( 'NONE',  ( 56.10000000000000142, 6.584183710946994950, 49.70000000000000284 ) ) ;
#2043 = EDGE_LOOP ( 'NONE', ( #4654, #4504, #1787, #4638 ) ) ;
#2044 = EDGE_CURVE ( 'NONE', #3361, #5215, #2099, .T. ) ;
#2045 = DIRECTION ( 'NONE',  ( -0.000000000000000000, -0.000000000000000000, -1.000000000000000000 ) ) ;
#2046 = DIRECTION ( 'NONE',  ( -1.000000000000000000, 0.000000000000000000, 0.000000000000000000 ) ) ;
#2047 = FACE_OUTER_BOUND ( 'NONE', #2731, .T. ) ;
#2048 = ORIENTED_EDGE ( 'NONE', *, *, #136, .T. ) ;
#2049 = CARTESIAN_POINT ( 'NONE',  ( 67.29999999999999716, 18.16256982247259089, 60.20000000000000284 ) ) ;
#2050 = EDGE_CURVE ( 'NONE', #4787, #1046, #3724, .T. ) ;
#2051 = CARTESIAN_POINT ( 'NONE',  ( 56.10000000000000142, 6.584183710946994950, 5.500000000000005329 ) ) ;
#2052 = LINE ( 'NONE', #3681, #4168 ) ;
#2053 = ORIENTED_EDGE ( 'NONE', *, *, #48, .T. ) ;
#2054 = EDGE_CURVE ( 'NONE', #3976, #3476, #2174, .T. ) ;
#2055 = FACE_OUTER_BOUND ( 'NONE', #488, .T. ) ;
#2056 = AXIS2_PLACEMENT_3D ( 'NONE', #2370, #690, #4690 ) ;
#2057 = VERTEX_POINT ( 'NONE', #3825 ) ;
#2058 = ORIENTED_EDGE ( 'NONE', *, *, #3306, .F. ) ;
#2059 = AXIS2_PLACEMENT_3D ( 'NONE', #3747, #96, #2959 ) ;
#2060 = CARTESIAN_POINT ( 'NONE',  ( 67.29999999999999716, -2.662569822472606873, 16.49999999999999289 ) ) ;
#2061 = CARTESIAN_POINT ( 'NONE',  ( 0.000000000000000000, 0.000000000000000000, 0.000000000000000000 ) ) ;
#2062 = CARTESIAN_POINT ( 'NONE',  ( -86.86813143718337926, 14.37842640781367898, 55.86668927425154152 ) ) ;
#2063 = CARTESIAN_POINT ( 'NONE',  ( -80.19077802410308209, 36.36264044165420728, 0.000000000000000000 ) ) ;
#2064 = FACE_BOUND ( 'NONE', #3717, .T. ) ;
#2065 = DIRECTION ( 'NONE',  ( -1.000000000000000000, -1.067781959802986485E-16, -0.000000000000000000 ) ) ;
#2066 = CARTESIAN_POINT ( 'NONE',  ( 52.30000000000000426, 6.584183710946994061, 58.70000000000000284 ) ) ;
#2067 = FACE_OUTER_BOUND ( 'NONE', #4191, .T. ) ;
#2068 = ORIENTED_EDGE ( 'NONE', *, *, #4348, .T. ) ;
#2069 = VECTOR ( 'NONE', #880, 1000.000000000000000 ) ;
#2070 =( NAMED_UNIT ( * ) PLANE_ANGLE_UNIT ( ) SI_UNIT ( $, .RADIAN. ) );
#2071 = DIRECTION ( 'NONE',  ( 1.000000000000000000, 0.000000000000000000, 0.000000000000000000 ) ) ;
#2072 = ORIENTED_EDGE ( 'NONE', *, *, #593, .F. ) ;
#2073 = AXIS2_PLACEMENT_3D ( 'NONE', #718, #342, #5112 ) ;
#2074 = VERTEX_POINT ( 'NONE', #3430 ) ;
#2075 = CARTESIAN_POINT ( 'NONE',  ( -120.2000000000000455, -15.00000000000000000, 59.20000000000000995 ) ) ;
#2076 = CIRCLE ( 'NONE', #4532, 88.04999999999999716 ) ;
#2078 = VECTOR ( 'NONE', #2065, 1000.000000000000000 ) ;
#2077 = FILL_AREA_STYLE_COLOUR ( '', #4958 ) ;
#2079 = CYLINDRICAL_SURFACE ( 'NONE', #274, 1.400000000000012346 ) ;
#2080 = ORIENTED_EDGE ( 'NONE', *, *, #2095, .F. ) ;
#2081 = ORIENTED_EDGE ( 'NONE', *, *, #884, .F. ) ;
#2082 = EDGE_CURVE ( 'NONE', #1608, #2003, #4206, .T. ) ;
#2083 = CIRCLE ( 'NONE', #4276, 1.399999999999991473 ) ;
#2084 = CARTESIAN_POINT ( 'NONE',  ( 0.000000000000000000, 0.000000000000000000, 64.20000000000000284 ) ) ;
#2085 = VECTOR ( 'NONE', #3265, 1000.000000000000000 ) ;
#2086 = DIRECTION ( 'NONE',  ( -3.203345879408960195E-16, -1.000000000000000000, -3.336006684570787046E-17 ) ) ;
#2087 = LINE ( 'NONE', #4093, #1210 ) ;
#2088 = ORIENTED_EDGE ( 'NONE', *, *, #884, .T. ) ;
#2089 = VECTOR ( 'NONE', #613, 1000.000000000000000 ) ;
#2090 = LINE ( 'NONE', #3718, #2439 ) ;
#2091 = CIRCLE ( 'NONE', #3623, 1.400000000000012346 ) ;
#2092 = ORIENTED_EDGE ( 'NONE', *, *, #3504, .F. ) ;
#2093 = ADVANCED_FACE ( 'NONE', ( #3406 ), #3033, .F. ) ;
#2094 = EDGE_CURVE ( 'NONE', #4817, #3823, #524, .T. ) ;
#2095 = EDGE_CURVE ( 'NONE', #4414, #2484, #1693, .T. ) ;
#2096 = ORIENTED_EDGE ( 'NONE', *, *, #2787, .F. ) ;
#2097 = DIRECTION ( 'NONE',  ( 7.550358646053583478E-17, -0.7071067811865523467, -0.7071067811865426878 ) ) ;
#2098 = DIRECTION ( 'NONE',  ( -1.000000000000000000, 3.203345879408960195E-16, -0.000000000000000000 ) ) ;
#2099 = LINE ( 'NONE', #897, #970 ) ;
#2100 = CARTESIAN_POINT ( 'NONE',  ( 60.20000000000000284, 18.16256982247259089, 48.20000000000000995 ) ) ;
#2101 = CARTESIAN_POINT ( 'NONE',  ( -72.19334751829407537, 53.74224389294905535, 43.41259895795374746 ) ) ;
#2102 = CIRCLE ( 'NONE', #5053, 1.399999999999998579 ) ;
#2103 = LINE ( 'NONE', #3728, #3532 ) ;
#2104 = CARTESIAN_POINT ( 'NONE',  ( -44.90081456612031019, 77.99950708090248952, 23.69215820321932853 ) ) ;
#2105 = EDGE_CURVE ( 'NONE', #3733, #936, #1776, .T. ) ;
#2106 = CARTESIAN_POINT ( 'NONE',  ( -71.10300153999803285, 52.37985090379780928, 21.11741551607656575 ) ) ;
#2107 = VERTEX_POINT ( 'NONE', #5000 ) ;
#2108 = CARTESIAN_POINT ( 'NONE',  ( 58.29999999999999716, -18.16256982247260510, 48.20000000000000995 ) ) ;
#2109 = ORIENTED_EDGE ( 'NONE', *, *, #1929, .F. ) ;
#2110 = EDGE_LOOP ( 'NONE', ( #2895, #3776, #751, #1260 ) ) ;
#2111 = DIRECTION ( 'NONE',  ( 0.000000000000000000, 0.000000000000000000, 1.000000000000000000 ) ) ;
#2112 = DIRECTION ( 'NONE',  ( -0.7071067811865487940, -0.7071067811865463515, 0.000000000000000000 ) ) ;
#2113 = ORIENTED_EDGE ( 'NONE', *, *, #3263, .F. ) ;
#2114 = ORIENTED_EDGE ( 'NONE', *, *, #464, .T. ) ;
#2115 = CARTESIAN_POINT ( 'NONE',  ( -42.97806324074772277, 76.84847805958351330, 25.75162791166949106 ) ) ;
#2116 = CARTESIAN_POINT ( 'NONE',  ( -88.02257628285774160, -2.197399492238634178, 39.20000000000000995 ) ) ;
#2117 = ORIENTED_EDGE ( 'NONE', *, *, #3178, .F. ) ;
#2118 = DIRECTION ( 'NONE',  ( -7.124255511133718327E-33, -3.336006684570787046E-17, -1.000000000000000000 ) ) ;
#2119 = VERTEX_POINT ( 'NONE', #4927 ) ;
#2120 = EDGE_CURVE ( 'NONE', #1014, #2543, #2928, .T. ) ;
#2121 = CARTESIAN_POINT ( 'NONE',  ( -86.82853963482131121, 14.61550831434599651, 43.07754010870379346 ) ) ;
#2122 = CARTESIAN_POINT ( 'NONE',  ( -88.77406024163198595, 14.80447598006514376, 43.62972644908695941 ) ) ;
#2123 = CARTESIAN_POINT ( 'NONE',  ( -70.83853269632130889, 55.51622025458479470, 44.16124195371828876 ) ) ;
#2124 = DIRECTION ( 'NONE',  ( -1.000000000000000000, 0.000000000000000000, 0.000000000000000000 ) ) ;
#2125 = DIRECTION ( 'NONE',  ( -1.000000000000000000, 0.000000000000000000, 0.000000000000000000 ) ) ;
#2126 = CARTESIAN_POINT ( 'NONE',  ( -72.33426678658339881, 52.35925201018119424, 21.79380026783935520 ) ) ;
#2127 = ORIENTED_EDGE ( 'NONE', *, *, #1963, .T. ) ;
#2128 = ADVANCED_FACE ( 'NONE', ( #3770 ), #3745, .F. ) ;
#2129 = CARTESIAN_POINT ( 'NONE',  ( 0.000000000000000000, 0.000000000000000000, 0.000000000000000000 ) ) ;
#2130 = EDGE_CURVE ( 'NONE', #3061, #2536, #2957, .T. ) ;
#2131 = ORIENTED_EDGE ( 'NONE', *, *, #3651, .T. ) ;
#2132 = PLANE ( 'NONE',  #369 ) ;
#2133 = CARTESIAN_POINT ( 'NONE',  ( 58.30000000000000426, -3.162569822472601988, 60.20000000000000284 ) ) ;
#2134 = ORIENTED_EDGE ( 'NONE', *, *, #3726, .T. ) ;
#2135 = ORIENTED_EDGE ( 'NONE', *, *, #1896, .F. ) ;
#2136 = FACE_OUTER_BOUND ( 'NONE', #1683, .T. ) ;
#2137 = CARTESIAN_POINT ( 'NONE',  ( 60.20000000000000284, -66.90261579340526055, 4.000000000000003553 ) ) ;
#2138 = ORIENTED_EDGE ( 'NONE', *, *, #4188, .T. ) ;
#2139 = CARTESIAN_POINT ( 'NONE',  ( 52.30000000000000426, 6.584183710946992285, 49.70000000000000284 ) ) ;
#2140 = ORIENTED_EDGE ( 'NONE', *, *, #1768, .T. ) ;
#2141 = EDGE_LOOP ( 'NONE', ( #952, #4470, #4261, #64 ) ) ;
#2142 = VECTOR ( 'NONE', #418, 1000.000000000000000 ) ;
#2143 = DIRECTION ( 'NONE',  ( 1.000000000000000000, 0.000000000000000000, 0.000000000000000000 ) ) ;
#2144 = CARTESIAN_POINT ( 'NONE',  ( 56.10000000000000142, 6.584183710946994950, 14.50000000000000533 ) ) ;
#2145 = CARTESIAN_POINT ( 'NONE',  ( 60.20000000000000284, 1.000000000000000000, 16.00000000000000000 ) ) ;
#2146 = DIRECTION ( 'NONE',  ( -0.000000000000000000, -0.000000000000000000, -1.000000000000000000 ) ) ;
#2147 = AXIS2_PLACEMENT_3D ( 'NONE', #4212, #1803, #3434 ) ;
#2148 = ADVANCED_FACE ( 'NONE', ( #943 ), #149, .F. ) ;
#2149 = CARTESIAN_POINT ( 'NONE',  ( 0.000000000000000000, 0.000000000000000000, 0.000000000000000000 ) ) ;
#2150 = ORIENTED_EDGE ( 'NONE', *, *, #99, .F. ) ;
#2151 = AXIS2_PLACEMENT_3D ( 'NONE', #135, #5069, #2540 ) ;
#2152 = FACE_OUTER_BOUND ( 'NONE', #612, .T. ) ;
#2153 = DIRECTION ( 'NONE',  ( 0.000000000000000000, 0.000000000000000000, 1.000000000000000000 ) ) ;
#2154 = VECTOR ( 'NONE', #2995, 1000.000000000000000 ) ;
#2155 = VERTEX_POINT ( 'NONE', #1541 ) ;
#2156 = VERTEX_POINT ( 'NONE', #2634 ) ;
#2157 = EDGE_CURVE ( 'NONE', #2330, #2812, #1852, .T. ) ;
#2158 = ORIENTED_EDGE ( 'NONE', *, *, #1139, .T. ) ;
#2159 = EDGE_CURVE ( 'NONE', #3447, #1855, #3610, .T. ) ;
#2160 = CARTESIAN_POINT ( 'NONE',  ( -26.44926541907859985, -83.98356302748253199, -35.79999999999999716 ) ) ;
#2161 = AXIS2_PLACEMENT_3D ( 'NONE', #1851, #1930, #5102 ) ;
#2162 = ORIENTED_EDGE ( 'NONE', *, *, #2626, .T. ) ;
#2163 = ORIENTED_EDGE ( 'NONE', *, *, #74, .F. ) ;
#2164 = EDGE_CURVE ( 'NONE', #666, #4496, #4231, .T. ) ;
#2165 = AXIS2_PLACEMENT_3D ( 'NONE', #4559, #13, #4176 ) ;
#2166 = CARTESIAN_POINT ( 'NONE',  ( -44.96807886900731432, 77.96086869286637011, 40.88670677468066117 ) ) ;
#2167 = EDGE_LOOP ( 'NONE', ( #4867, #264, #563, #2019, #1305, #4933 ) ) ;
#2168 = DIRECTION ( 'NONE',  ( -1.000000000000000000, 0.000000000000000000, -0.000000000000000000 ) ) ;
#2169 = ORIENTED_EDGE ( 'NONE', *, *, #4317, .T. ) ;
#2170 = VECTOR ( 'NONE', #21, 1000.000000000000000 ) ;
#2171 = AXIS2_PLACEMENT_3D ( 'NONE', #740, #2362, #860 ) ;
#2172 = ORIENTED_EDGE ( 'NONE', *, *, #1179, .F. ) ;
#2173 = VECTOR ( 'NONE', #1546, 1000.000000000000000 ) ;
#2174 = LINE ( 'NONE', #4574, #3946 ) ;
#2175 = CARTESIAN_POINT ( 'NONE',  ( -89.54886933959579665, 9.000000000000003553, 39.20000000000000995 ) ) ;
#2176 = CARTESIAN_POINT ( 'NONE',  ( 0.000000000000000000, 0.000000000000000000, 39.20000000000000995 ) ) ;
#2177 = CARTESIAN_POINT ( 'NONE',  ( -86.55593684531925192, 16.15154162391657877, 14.20000000000000462 ) ) ;
#2178 = VECTOR ( 'NONE', #3305, 1000.000000000000000 ) ;
#2179 = CIRCLE ( 'NONE', #1918, 1.399999999999998579 ) ;
#2180 = DIRECTION ( 'NONE',  ( -0.9670745372626463610, -0.2544932992796439253, 0.000000000000000000 ) ) ;
#2181 = ORIENTED_EDGE ( 'NONE', *, *, #1991, .T. ) ;
#2182 = CARTESIAN_POINT ( 'NONE',  ( 67.29999999999999716, -2.662569822472606873, 16.49999999999999289 ) ) ;
#2183 = CARTESIAN_POINT ( 'NONE',  ( -26.63539583874553074, 83.92471738715202889, 14.20000000000000462 ) ) ;
#2184 = ORIENTED_EDGE ( 'NONE', *, *, #1078, .T. ) ;
#2185 = PLANE ( 'NONE',  #1888 ) ;
#2186 = ORIENTED_EDGE ( 'NONE', *, *, #3082, .F. ) ;
#2187 = DIRECTION ( 'NONE',  ( 1.000000000000000000, 0.000000000000000000, 0.000000000000000000 ) ) ;
#2188 = ADVANCED_FACE ( 'NONE', ( #3600 ), #2223, .F. ) ;
#2189 = CARTESIAN_POINT ( 'NONE',  ( -45.94288959496036995, 76.52815909778026082, 42.94256696097085779 ) ) ;
#2190 = EDGE_CURVE ( 'NONE', #2843, #1081, #324, .T. ) ;
#2191 = EDGE_CURVE ( 'NONE', #5126, #4229, #4383, .T. ) ;
#2192 = ORIENTED_EDGE ( 'NONE', *, *, #2050, .T. ) ;
#2193 = ORIENTED_EDGE ( 'NONE', *, *, #2453, .F. ) ;
#2194 = ORIENTED_EDGE ( 'NONE', *, *, #3271, .F. ) ;
#2195 = DIRECTION ( 'NONE',  ( -0.000000000000000000, -0.000000000000000000, 1.000000000000000000 ) ) ;
#2196 = CYLINDRICAL_SURFACE ( 'NONE', #1158, 88.04999999999999716 ) ;
#2197 = EDGE_LOOP ( 'NONE', ( #4311, #2127, #2993, #771 ) ) ;
#2198 = EDGE_CURVE ( 'NONE', #682, #568, #632, .T. ) ;
#2199 = EDGE_LOOP ( 'NONE', ( #248, #3671, #2284, #3711 ) ) ;
#2200 = VERTEX_POINT ( 'NONE', #3970 ) ;
#2201 = CARTESIAN_POINT ( 'NONE',  ( 60.20000000000000284, 1.000000000000000000, 16.49999999999999289 ) ) ;
#2202 = CARTESIAN_POINT ( 'NONE',  ( 60.20000000000000284, 1.000000000000000000, 0.000000000000000000 ) ) ;
#2203 = DIRECTION ( 'NONE',  ( 0.000000000000000000, 1.000000000000000000, -0.000000000000000000 ) ) ;
#2204 = DIRECTION ( 'NONE',  ( -0.000000000000000000, 1.927470528863118802E-16, 1.000000000000000000 ) ) ;
#2205 = VERTEX_POINT ( 'NONE', #3579 ) ;
#2206 = ORIENTED_EDGE ( 'NONE', *, *, #2752, .F. ) ;
#2207 = CYLINDRICAL_SURFACE ( 'NONE', #5122, 1.399999999999998579 ) ;
#2208 = DIRECTION ( 'NONE',  ( 1.000000000000000000, 0.000000000000000000, 0.000000000000000000 ) ) ;
#2209 = EDGE_LOOP ( 'NONE', ( #4744, #619, #67, #3451, #4049, #2561 ) ) ;
#2210 = DIRECTION ( 'NONE',  ( 1.000000000000000000, 0.000000000000000000, 0.000000000000000000 ) ) ;
#2211 = B_SPLINE_CURVE_WITH_KNOTS ( 'NONE', 3,
 ( #1782, #3491, #3857, #179, #1425, #1760, #238, #4659, #207, #5084, #3066, #4259, #640, #1857, #3088, #1831, #4182, #155, #1029, #2694, #3440, #4583 ),
 .UNSPECIFIED., .F., .F.,
 ( 4, 2, 2, 2, 2, 2, 2, 2, 2, 2, 4 ),
 ( 0.000000000000000000, 0.001176595516889225547, 0.001764893275333838428, 0.002353191033778451527, 0.003529786550667686831, 0.004706382067556923003, 0.005882977584446158308, 0.006471275342890784633, 0.007059573101335410959, 0.008236168618224645396, 0.009412764135113878966 ),
 .UNSPECIFIED. ) ;
#2212 = LINE ( 'NONE', #4692, #3530 ) ;
#2213 = ORIENTED_EDGE ( 'NONE', *, *, #3920, .F. ) ;
#2214 = CARTESIAN_POINT ( 'NONE',  ( 56.10000000000000142, -6.584183710947007384, 49.70000000000000284 ) ) ;
#2215 = DIRECTION ( 'NONE',  ( -0.000000000000000000, -0.000000000000000000, 1.000000000000000000 ) ) ;
#2216 = VERTEX_POINT ( 'NONE', #2378 ) ;
#2217 = EDGE_CURVE ( 'NONE', #862, #4906, #1174, .T. ) ;
#2218 = CARTESIAN_POINT ( 'NONE',  ( -44.59508611621493657, 78.17468876968904112, 39.77003633705547969 ) ) ;
#2219 = LINE ( 'NONE', #2730, #309 ) ;
#2220 = ORIENTED_EDGE ( 'NONE', *, *, #922, .T. ) ;
#2221 = ORIENTED_EDGE ( 'NONE', *, *, #424, .T. ) ;
#2222 = ADVANCED_FACE ( 'NONE', ( #3486 ), #4015, .F. ) ;
#2223 = CYLINDRICAL_SURFACE ( 'NONE', #5050, 1.500000000000001332 ) ;
#2224 = CARTESIAN_POINT ( 'NONE',  ( -89.19724585693654717, 11.99830107678508995, 39.98819265271872325 ) ) ;
#2225 = DIRECTION ( 'NONE',  ( -0.000000000000000000, -0.000000000000000000, -1.000000000000000000 ) ) ;
#2226 = DIRECTION ( 'NONE',  ( 0.000000000000000000, 1.000000000000000000, 4.336808689942019708E-16 ) ) ;
#2227 = ORIENTED_EDGE ( 'NONE', *, *, #1570, .F. ) ;
#2228 = ORIENTED_EDGE ( 'NONE', *, *, #4344, .F. ) ;
#2229 = DIRECTION ( 'NONE',  ( 1.000000000000000000, 0.000000000000000000, 0.000000000000000000 ) ) ;
#2230 = CARTESIAN_POINT ( 'NONE',  ( 60.20000000000000284, 3.162569822472588221, 48.20000000000000995 ) ) ;
#2231 = ORIENTED_EDGE ( 'NONE', *, *, #3470, .T. ) ;
#2232 = CARTESIAN_POINT ( 'NONE',  ( -89.06230802808195790, -12.96084267801411016, 40.67625453998949325 ) ) ;
#2233 = AXIS2_PLACEMENT_3D ( 'NONE', #1810, #5036, #4487 ) ;
#2234 = VERTEX_POINT ( 'NONE', #1574 ) ;
#2235 = CYLINDRICAL_SURFACE ( 'NONE', #2151, 1.500000000000001332 ) ;
#2236 = ORIENTED_EDGE ( 'NONE', *, *, #2356, .F. ) ;
#2237 = CARTESIAN_POINT ( 'NONE',  ( 58.29999999999999716, 64.48418371094697932, -35.79999999999999716 ) ) ;
#2238 = VECTOR ( 'NONE', #3053, 1000.000000000000000 ) ;
#2239 = EDGE_LOOP ( 'NONE', ( #2280, #5210, #3836, #3086 ) ) ;
#2240 = VERTEX_POINT ( 'NONE', #3880 ) ;
#2241 = DIRECTION ( 'NONE',  ( -1.000000000000000000, 0.000000000000000000, 0.000000000000000000 ) ) ;
#2242 = LINE ( 'NONE', #624, #1924 ) ;
#2243 = ORIENTED_EDGE ( 'NONE', *, *, #1674, .T. ) ;
#2244 = VECTOR ( 'NONE', #2683, 1000.000000000000000 ) ;
#2245 = DIRECTION ( 'NONE',  ( -0.000000000000000000, -0.000000000000000000, 1.000000000000000000 ) ) ;
#2246 = CARTESIAN_POINT ( 'NONE',  ( 0.000000000000000000, 0.000000000000000000, 64.20000000000000284 ) ) ;
#2247 = CARTESIAN_POINT ( 'NONE',  ( 9.996586217760409454, -87.48068794877463006, -35.79999999999999716 ) ) ;
#2248 = VECTOR ( 'NONE', #3328, 1000.000000000000000 ) ;
#2249 = EDGE_CURVE ( 'NONE', #3014, #5215, #198, .T. ) ;
#2250 = CARTESIAN_POINT ( 'NONE',  ( -43.86612800318118133, 76.97056829890621543, 23.70825005963433085 ) ) ;
#2251 = AXIS2_PLACEMENT_3D ( 'NONE', #2660, #4255, #234 ) ;
#2252 = EDGE_CURVE ( 'NONE', #1343, #1885, #553, .T. ) ;
#2253 = CARTESIAN_POINT ( 'NONE',  ( 52.30000000000000426, -6.584183710947005608, 5.500000000000005329 ) ) ;
#2254 = ORIENTED_EDGE ( 'NONE', *, *, #1561, .T. ) ;
#2255 = AXIS2_PLACEMENT_3D ( 'NONE', #989, #3991, #346 ) ;
#2256 = VECTOR ( 'NONE', #3109, 1000.000000000000000 ) ;
#2257 = VERTEX_POINT ( 'NONE', #1421 ) ;
#2258 = CARTESIAN_POINT ( 'NONE',  ( -90.00000000000000000, 0.000000000000000000, 59.20000000000000995 ) ) ;
#2259 = CARTESIAN_POINT ( 'NONE',  ( 60.20000000000000284, -3.162569822472602876, 60.20000000000000284 ) ) ;
#2260 = ORIENTED_EDGE ( 'NONE', *, *, #4287, .T. ) ;
#2261 = CARTESIAN_POINT ( 'NONE',  ( -89.37921126319179166, -10.55972779595251154, 39.39289134745876453 ) ) ;
#2262 = VECTOR ( 'NONE', #1153, 1000.000000000000114 ) ;
#2263 = ADVANCED_FACE ( 'NONE', ( #3062 ), #2657, .F. ) ;
#2264 = PLANE ( 'NONE',  #550 ) ;
#2266 = DIRECTION ( 'NONE',  ( 0.7071067811865463515, -0.7071067811865487940, -0.000000000000000000 ) ) ;
#2265 = DIRECTION ( 'NONE',  ( -1.000000000000000000, 0.000000000000000000, 0.000000000000000000 ) ) ;
#2267 = ORIENTED_EDGE ( 'NONE', *, *, #2743, .T. ) ;
#2268 = VECTOR ( 'NONE', #417, 1000.000000000000114 ) ;
#2269 = CYLINDRICAL_SURFACE ( 'NONE', #2583, 88.04999999999999716 ) ;
#2270 = CARTESIAN_POINT ( 'NONE',  ( -45.91429192397101389, 75.13108742138882690, 43.55342721595123123 ) ) ;
#2271 = DIRECTION ( 'NONE',  ( -1.000000000000000000, 0.000000000000000000, 0.000000000000000000 ) ) ;
#2272 = ORIENTED_EDGE ( 'NONE', *, *, #1022, .T. ) ;
#2273 = ORIENTED_EDGE ( 'NONE', *, *, #630, .F. ) ;
#2274 = CARTESIAN_POINT ( 'NONE',  ( -85.64220675765236024, -20.45030370629065786, 14.20000000000000462 ) ) ;
#2275 = DIRECTION ( 'NONE',  ( -0.7071067811865463515, 0.7071067811865487940, -0.000000000000000000 ) ) ;
#2276 = ORIENTED_EDGE ( 'NONE', *, *, #4842, .F. ) ;
#2277 = CARTESIAN_POINT ( 'NONE',  ( -69.30431866975847299, 54.31196100737993504, 44.18094056768391908 ) ) ;
#2278 = CARTESIAN_POINT ( 'NONE',  ( 52.30000000000000426, 6.584183710946992285, 14.50000000000000533 ) ) ;
#2279 = DIRECTION ( 'NONE',  ( 0.000000000000000000, 0.000000000000000000, -1.000000000000000000 ) ) ;
#2280 = ORIENTED_EDGE ( 'NONE', *, *, #504, .F. ) ;
#2281 = ORIENTED_EDGE ( 'NONE', *, *, #3433, .F. ) ;
#2282 = ADVANCED_FACE ( 'NONE', ( #4405 ), #779, .T. ) ;
#2283 = DIRECTION ( 'NONE',  ( 0.000000000000000000, -1.000000000000000000, 0.000000000000000000 ) ) ;
#2284 = ORIENTED_EDGE ( 'NONE', *, *, #2130, .T. ) ;
#2285 = DIRECTION ( 'NONE',  ( -7.550358646053532941E-17, 0.7071067811865475727, 0.7071067811865475727 ) ) ;
#2286 = CYLINDRICAL_SURFACE ( 'NONE', #4103, 1.399999999999991473 ) ;
#2287 = ORIENTED_EDGE ( 'NONE', *, *, #567, .T. ) ;
#2288 = ORIENTED_EDGE ( 'NONE', *, *, #237, .F. ) ;
#2289 = EDGE_CURVE ( 'NONE', #4515, #3505, #216, .T. ) ;
#2290 = CARTESIAN_POINT ( 'NONE',  ( 67.29999999999999716, -18.16256982247260865, 48.20000000000000995 ) ) ;
#2291 = EDGE_CURVE ( 'NONE', #484, #2955, #3289, .T. ) ;
#2292 = DIRECTION ( 'NONE',  ( 4.630766082236911507E-32, -4.336808689942019708E-16, 1.000000000000000000 ) ) ;
#2293 = CARTESIAN_POINT ( 'NONE',  ( 11.39658621776040803, -87.48068794877463006, 0.000000000000000000 ) ) ;
#2294 = ORIENTED_EDGE ( 'NONE', *, *, #1463, .T. ) ;
#2295 = DIRECTION ( 'NONE',  ( -0.000000000000000000, -0.000000000000000000, 1.000000000000000000 ) ) ;
#2296 = CARTESIAN_POINT ( 'NONE',  ( 58.29999999999999716, 65.98418371094697932, 64.20000000000000284 ) ) ;
#2297 = CARTESIAN_POINT ( 'NONE',  ( -87.58882634217678742, -9.000000000000001776, 59.20000000000000995 ) ) ;
#2298 = DIRECTION ( 'NONE',  ( 0.000000000000000000, 1.927470528863118802E-16, -1.000000000000000000 ) ) ;
#2299 = DIRECTION ( 'NONE',  ( -0.7071067811865463515, 0.7071067811865487940, -0.000000000000000000 ) ) ;
#2300 = CARTESIAN_POINT ( 'NONE',  ( -73.78434816817424746, 51.53516646355576114, 24.26409435095211009 ) ) ;
#2301 = VERTEX_POINT ( 'NONE', #57 ) ;
#2302 = CARTESIAN_POINT ( 'NONE',  ( -85.95653179167072722, -19.08604574938172149, 64.20000000000000284 ) ) ;
#2303 = DIRECTION ( 'NONE',  ( -0.000000000000000000, -0.000000000000000000, -1.000000000000000000 ) ) ;
#2304 = ORIENTED_EDGE ( 'NONE', *, *, #3754, .F. ) ;
#2305 = CARTESIAN_POINT ( 'NONE',  ( -89.10586997623420302, 12.65912088371044320, 57.97137652010647457 ) ) ;
#2306 = ADVANCED_FACE ( 'NONE', ( #1284 ), #1708, .F. ) ;
#2307 = CARTESIAN_POINT ( 'NONE',  ( 43.33245010078663739, 76.64920918224032675, -35.79999999999999716 ) ) ;
#2308 = VERTEX_POINT ( 'NONE', #4430 ) ;
#2309 = DIRECTION ( 'NONE',  ( 0.000000000000000000, 0.000000000000000000, 1.000000000000000000 ) ) ;
#2310 = VERTEX_POINT ( 'NONE', #3650 ) ;
#2311 = CARTESIAN_POINT ( 'NONE',  ( -69.72589895518228786, 55.51305265333287053, 44.20000000000000284 ) ) ;
#2312 = CARTESIAN_POINT ( 'NONE',  ( 58.30000000000000426, 2.662569822472591774, 60.69999999999999574 ) ) ;
#2313 = VECTOR ( 'NONE', #4809, 1000.000000000000000 ) ;
#2314 = EDGE_CURVE ( 'NONE', #4635, #2512, #1619, .T. ) ;
#2315 = CARTESIAN_POINT ( 'NONE',  ( 0.000000000000000000, 0.000000000000000000, 39.20000000000000995 ) ) ;
#2316 = ORIENTED_EDGE ( 'NONE', *, *, #2743, .F. ) ;
#2317 = EDGE_CURVE ( 'NONE', #2770, #50, #4118, .T. ) ;
#2318 = AXIS2_PLACEMENT_3D ( 'NONE', #4722, #1566, #3990 ) ;
#2319 = DIRECTION ( 'NONE',  ( 1.000000000000000000, 0.000000000000000000, 0.000000000000000000 ) ) ;
#2320 = DIRECTION ( 'NONE',  ( 1.000000000000000000, 0.000000000000000000, 0.000000000000000000 ) ) ;
#2321 = ORIENTED_EDGE ( 'NONE', *, *, #4221, .T. ) ;
#2322 = VECTOR ( 'NONE', #2725, 1000.000000000000000 ) ;
#2323 = ADVANCED_FACE ( 'NONE', ( #1681 ), #85, .F. ) ;
#2324 = DIRECTION ( 'NONE',  ( -0.000000000000000000, -0.000000000000000000, 1.000000000000000000 ) ) ;
#2325 = ORIENTED_EDGE ( 'NONE', *, *, #1139, .F. ) ;
#2326 = VECTOR ( 'NONE', #4462, 1000.000000000000000 ) ;
#2327 = DIRECTION ( 'NONE',  ( -1.000000000000000000, 0.000000000000000000, 0.000000000000000000 ) ) ;
#2328 = VECTOR ( 'NONE', #4328, 1000.000000000000000 ) ;
#2329 = CARTESIAN_POINT ( 'NONE',  ( -87.54815060358419032, -9.395860022658297339, 39.20000000000000995 ) ) ;
#2330 = VERTEX_POINT ( 'NONE', #4887 ) ;
#2331 = ORIENTED_EDGE ( 'NONE', *, *, #2584, .T. ) ;
#2332 = CYLINDRICAL_SURFACE ( 'NONE', #3032, 1.399999999999998579 ) ;
#2333 = AXIS2_PLACEMENT_3D ( 'NONE', #4880, #1641, #3280 ) ;
#2334 = VECTOR ( 'NONE', #3829, 1000.000000000000000 ) ;
#2335 = DIRECTION ( 'NONE',  ( -0.000000000000000000, -0.000000000000000000, -1.000000000000000000 ) ) ;
#2336 = DIRECTION ( 'NONE',  ( 0.000000000000000000, 0.000000000000000000, 1.000000000000000000 ) ) ;
#2337 = VERTEX_POINT ( 'NONE', #2541 ) ;
#2338 = CARTESIAN_POINT ( 'NONE',  ( -89.46713525735145822, 9.786877234218477994, 59.16121513771776108 ) ) ;
#2339 = VECTOR ( 'NONE', #1735, 1000.000000000000000 ) ;
#2340 = AXIS2_PLACEMENT_3D ( 'NONE', #1908, #2335, #1127 ) ;
#2341 = CARTESIAN_POINT ( 'NONE',  ( 58.30000000000000426, 6.584183710946994950, 58.70000000000000284 ) ) ;
#2342 = CARTESIAN_POINT ( 'NONE',  ( -72.81011694029169234, 50.25215703913500676, 25.11353542531243122 ) ) ;
#2343 = ORIENTED_EDGE ( 'NONE', *, *, #5101, .T. ) ;
#2344 = LINE ( 'NONE', #2829, #4428 ) ;
#2345 = CIRCLE ( 'NONE', #2778, 1.399999999999998579 ) ;
#2347 = VECTOR ( 'NONE', #4433, 1000.000000000000000 ) ;
#2346 = LINE ( 'NONE', #4343, #1478 ) ;
#2348 = LINE ( 'NONE', #1460, #4273 ) ;
#2349 = ORIENTED_EDGE ( 'NONE', *, *, #2525, .T. ) ;
#2350 = VECTOR ( 'NONE', #4821, 1000.000000000000000 ) ;
#2351 = VECTOR ( 'NONE', #5197, 1000.000000000000000 ) ;
#2352 = ADVANCED_FACE ( 'NONE', ( #1649 ), #4463, .F. ) ;
#2353 = EDGE_CURVE ( 'NONE', #2337, #1345, #1196, .T. ) ;
#2354 = CARTESIAN_POINT ( 'NONE',  ( 60.20000000000000284, 18.16256982247259089, 16.00000000000000000 ) ) ;
#2355 = DIRECTION ( 'NONE',  ( 0.000000000000000000, 1.000000000000000000, 4.336808689942019708E-16 ) ) ;
#2356 = EDGE_CURVE ( 'NONE', #4330, #3261, #2083, .T. ) ;
#2357 = CIRCLE ( 'NONE', #55, 88.04999999999999716 ) ;
#2358 = CARTESIAN_POINT ( 'NONE',  ( -71.69984237574354324, 51.10709445168571818, 64.20000000000000284 ) ) ;
#2359 = ORIENTED_EDGE ( 'NONE', *, *, #2414, .T. ) ;
#2360 = CARTESIAN_POINT ( 'NONE',  ( 60.20000000000000284, -66.90261579340526055, 48.20000000000000995 ) ) ;
#2361 = CARTESIAN_POINT ( 'NONE',  ( -25.11062085407121458, -84.39347854143166217, 14.20000000000000462 ) ) ;
#2362 = DIRECTION ( 'NONE',  ( 0.000000000000000000, 0.000000000000000000, 1.000000000000000000 ) ) ;
#2363 = EDGE_CURVE ( 'NONE', #1684, #4440, #4651, .T. ) ;
#2364 = CARTESIAN_POINT ( 'NONE',  ( -44.61474282143581149, 77.25738929287231826, 23.08574708221797067 ) ) ;
#2365 = VERTEX_POINT ( 'NONE', #4510 ) ;
#2366 = LINE ( 'NONE', #2798, #658 ) ;
#2367 = CARTESIAN_POINT ( 'NONE',  ( -80.75879121305854369, 35.08304635868466903, 64.20000000000000284 ) ) ;
#2368 = DIRECTION ( 'NONE',  ( 1.000000000000000000, 0.000000000000000000, 0.000000000000000000 ) ) ;
#2369 = ORIENTED_EDGE ( 'NONE', *, *, #2217, .T. ) ;
#2370 = CARTESIAN_POINT ( 'NONE',  ( -80.75879121305854369, 35.08304635868466903, 0.000000000000000000 ) ) ;
#2371 = CARTESIAN_POINT ( 'NONE',  ( 60.20000000000000284, -3.162569822472602876, 4.000000000000003553 ) ) ;
#2372 = ORIENTED_EDGE ( 'NONE', *, *, #2584, .F. ) ;
#2373 = VERTEX_POINT ( 'NONE', #881 ) ;
#2374 = PLANE ( 'NONE',  #17 ) ;
#2375 = LINE ( 'NONE', #2312, #4194 ) ;
#2376 = DIRECTION ( 'NONE',  ( -1.000000000000000000, 2.486899575160350335E-14, 0.000000000000000000 ) ) ;
#2377 = CARTESIAN_POINT ( 'NONE',  ( 52.30000000000000426, -6.584183710947003831, 49.70000000000000284 ) ) ;
#2378 = CARTESIAN_POINT ( 'NONE',  ( 58.30000000000000426, -2.662569822472604208, 3.500000000000010214 ) ) ;
#2379 = DIRECTION ( 'NONE',  ( -0.2544932992796441473, -0.9670745372626463610, 0.000000000000000000 ) ) ;
#2380 = ORIENTED_EDGE ( 'NONE', *, *, #2029, .T. ) ;
#2381 = EDGE_CURVE ( 'NONE', #4247, #4590, #728, .T. ) ;
#2382 = DIRECTION ( 'NONE',  ( 0.000000000000000000, 0.000000000000000000, 1.000000000000000000 ) ) ;
#2383 = LINE ( 'NONE', #2487, #2085 ) ;
#2384 = DIRECTION ( 'NONE',  ( 1.000000000000000000, 1.067781959802986485E-16, -0.000000000000000000 ) ) ;
#2385 = CARTESIAN_POINT ( 'NONE',  ( -87.00765004129746671, -13.51109801928143561, 41.22473703117199761 ) ) ;
#2386 = EDGE_CURVE ( 'NONE', #759, #1859, #4043, .T. ) ;
#2387 = EDGE_CURVE ( 'NONE', #1198, #5057, #3759, .T. ) ;
#2388 = DIRECTION ( 'NONE',  ( -7.550358646053583478E-17, 0.7071067811865523467, -0.7071067811865426878 ) ) ;
#2389 = DIRECTION ( 'NONE',  ( 1.000000000000000000, -3.203345879408960195E-16, -0.000000000000000000 ) ) ;
#2390 = LINE ( 'NONE', #1187, #2599 ) ;
#2391 = CARTESIAN_POINT ( 'NONE',  ( 52.30000000000000426, 4.584183710946994061, 58.70000000000000284 ) ) ;
#2392 = ORIENTED_EDGE ( 'NONE', *, *, #333, .F. ) ;
#2393 = PLANE ( 'NONE',  #2667 ) ;
#2394 = DIRECTION ( 'NONE',  ( -0.000000000000000000, 1.000000000000000000, -0.000000000000000000 ) ) ;
#2395 = ORIENTED_EDGE ( 'NONE', *, *, #4130, .T. ) ;
#2396 = CARTESIAN_POINT ( 'NONE',  ( -73.03723732951799263, 51.54764063772489635, 23.10325894738629771 ) ) ;
#2397 = ORIENTED_EDGE ( 'NONE', *, *, #627, .T. ) ;
#2398 = DIRECTION ( 'NONE',  ( -0.000000000000000000, -1.000000000000000000, 0.000000000000000000 ) ) ;
#2399 = VECTOR ( 'NONE', #833, 1000.000000000000000 ) ;
#2400 = LINE ( 'NONE', #3506, #2842 ) ;
#2401 = DIRECTION ( 'NONE',  ( 0.000000000000000000, 0.000000000000000000, -1.000000000000000000 ) ) ;
#2402 = CARTESIAN_POINT ( 'NONE',  ( 67.29999999999999716, 2.662569822472592662, 3.500000000000010214 ) ) ;
#2403 = ORIENTED_EDGE ( 'NONE', *, *, #828, .T. ) ;
#2404 = AXIS2_PLACEMENT_3D ( 'NONE', #4467, #1318, #811 ) ;
#2405 = CARTESIAN_POINT ( 'NONE',  ( 57.16748921991840149, -66.96775848339642323, 14.20000000000000462 ) ) ;
#2406 = AXIS2_PLACEMENT_3D ( 'NONE', #2214, #934, #4162 ) ;
#2407 = CARTESIAN_POINT ( 'NONE',  ( -71.82821329645938135, 52.52204322207902010, 43.00267482023346588 ) ) ;
#2408 = DIRECTION ( 'NONE',  ( 0.000000000000000000, 0.000000000000000000, 1.000000000000000000 ) ) ;
#2409 = AXIS2_PLACEMENT_3D ( 'NONE', #1886, #3896, #5143 ) ;
#2410 = CARTESIAN_POINT ( 'NONE',  ( -86.76290970224545163, -14.99999999999999645, 45.20000000000000995 ) ) ;
#2411 = ORIENTED_EDGE ( 'NONE', *, *, #2082, .T. ) ;
#2412 = ORIENTED_EDGE ( 'NONE', *, *, #3137, .F. ) ;
#2413 = DIRECTION ( 'NONE',  ( 0.000000000000000000, 0.000000000000000000, 1.000000000000000000 ) ) ;
#2414 = EDGE_CURVE ( 'NONE', #4906, #678, #2026, .T. ) ;
#2415 = CARTESIAN_POINT ( 'NONE',  ( 8.604418640898098047, -87.62857113893943506, 64.20000000000000284 ) ) ;
#2416 = EDGE_CURVE ( 'NONE', #1005, #2240, #3259, .T. ) ;
#2417 = CARTESIAN_POINT ( 'NONE',  ( -87.13735718067187008, 12.64877286413816826, 57.97903392768474617 ) ) ;
#2418 = DIRECTION ( 'NONE',  ( 0.000000000000000000, 0.000000000000000000, 1.000000000000000000 ) ) ;
#2419 = EDGE_CURVE ( 'NONE', #3959, #3373, #3617, .T. ) ;
#2420 = CARTESIAN_POINT ( 'NONE',  ( -73.65590509850832746, 51.71859919662291816, 40.69092245734641722 ) ) ;
#2421 = DIRECTION ( 'NONE',  ( -0.9670745372626462499, 0.2544932992796440918, 0.000000000000000000 ) ) ;
#2422 = ORIENTED_EDGE ( 'NONE', *, *, #1929, .T. ) ;
#2423 = MANIFOLD_SOLID_BREP ( 'Cut-Extrude5', #3527 ) ;
#2424 = DIRECTION ( 'NONE',  ( 0.000000000000000000, -3.336006684570787046E-17, 1.000000000000000000 ) ) ;
#2425 = EDGE_CURVE ( 'NONE', #1652, #3061, #186, .T. ) ;
#2426 = AXIS2_PLACEMENT_3D ( 'NONE', #2000, #1024, #5226 ) ;
#2427 = VECTOR ( 'NONE', #946, 1000.000000000000000 ) ;
#2428 = AXIS2_PLACEMENT_3D ( 'NONE', #3145, #259, #2720 ) ;
#2429 = VECTOR ( 'NONE', #4418, 1000.000000000000000 ) ;
#2430 = LINE ( 'NONE', #2939, #4347 ) ;
#2431 = DIRECTION ( 'NONE',  ( 1.000000000000000000, 0.000000000000000000, 0.000000000000000000 ) ) ;
#2432 = DIRECTION ( 'NONE',  ( 0.000000000000000000, 0.000000000000000000, -1.000000000000000000 ) ) ;
#2433 = VECTOR ( 'NONE', #2902, 1000.000000000000000 ) ;
#2434 = ORIENTED_EDGE ( 'NONE', *, *, #601, .F. ) ;
#2435 = VECTOR ( 'NONE', #458, 1000.000000000000000 ) ;
#2436 = CARTESIAN_POINT ( 'NONE',  ( -43.19902620967300777, 76.72455155192542975, 24.45007875669325870 ) ) ;
#2437 = DIRECTION ( 'NONE',  ( 0.000000000000000000, 0.000000000000000000, 1.000000000000000000 ) ) ;
#2438 = DIRECTION ( 'NONE',  ( -1.000000000000000000, 3.203345879408960195E-16, -0.000000000000000000 ) ) ;
#2439 = VECTOR ( 'NONE', #521, 1000.000000000000000 ) ;
#2440 = DIRECTION ( 'NONE',  ( 1.000000000000000000, 0.000000000000000000, 0.000000000000000000 ) ) ;
#2441 = ORIENTED_EDGE ( 'NONE', *, *, #4864, .F. ) ;
#2442 = VERTEX_POINT ( 'NONE', #4086 ) ;
#2443 = LINE ( 'NONE', #1958, #4622 ) ;
#2444 = DIRECTION ( 'NONE',  ( 1.000000000000000000, 0.000000000000000000, 0.000000000000000000 ) ) ;
#2445 = CARTESIAN_POINT ( 'NONE',  ( -87.00765004129748093, 13.51109801928144094, 57.17526296882800807 ) ) ;
#2446 = LINE ( 'NONE', #3249, #2433 ) ;
#2447 = LINE ( 'NONE', #4054, #2142 ) ;
#2448 = CARTESIAN_POINT ( 'NONE',  ( 27.84926541907808684, 83.98356302748270252, -35.79999999999999716 ) ) ;
#2449 = ADVANCED_FACE ( 'NONE', ( #595 ), #3865, .F. ) ;
#2450 = CARTESIAN_POINT ( 'NONE',  ( -73.04756690492405369, 50.72138425636130421, 24.43931358762378991 ) ) ;
#2451 = ORIENTED_EDGE ( 'NONE', *, *, #4675, .T. ) ;
#2452 = CARTESIAN_POINT ( 'NONE',  ( 67.29999999999999716, -3.162569822472604653, 60.20000000000000284 ) ) ;
#2453 = EDGE_CURVE ( 'NONE', #862, #3343, #2576, .T. ) ;
#2454 = EDGE_CURVE ( 'NONE', #1877, #4935, #1766, .T. ) ;
#2455 = LINE ( 'NONE', #5225, #2069 ) ;
#2456 = B_SPLINE_CURVE_WITH_KNOTS ( 'NONE', 3,
 ( #1191, #4424, #3963, #4400, #4339, #317, #1218, #2342, #775, #2018, #3643, #4770, #4056, #2450, #3252, #5219, #1592, #2852, #2396, #3173, #420, #3549, #1942, #5164, #4156, #3775, #2126, #4079, #3695, #4957, #948, #2106, #4531, #3310 ),
 .UNSPECIFIED., .F., .F.,
 ( 4, 2, 2, 2, 2, 2, 2, 2, 2, 2, 2, 2, 2, 2, 2, 2, 4 ),
 ( 5.243991518548497583E-05, 0.0002526700135434428209, 0.0003527850627224231664, 0.0004529001119014036203, 0.0006531302102593447957, 0.0008533603086172859712, 0.001253820505333171466, 0.001654280702049057070, 0.002455201095480804424, 0.003256121488912551345, 0.003656581685628428058, 0.004057041882344306072, 0.004457502079060182351, 0.004857962275776060365, 0.005658882669207778229, 0.006059342865923618079, 0.006459803062639457930 ),
 .UNSPECIFIED. ) ;
#2457 = CARTESIAN_POINT ( 'NONE',  ( -72.50335911643078646, 49.96063867519983859, 25.05693464271058701 ) ) ;
#2458 = CARTESIAN_POINT ( 'NONE',  ( 52.30000000000000426, 6.584183710946994061, 58.70000000000000284 ) ) ;
#2459 = PRODUCT_DEFINITION_SHAPE ( 'NONE', 'NONE',  #3847 ) ;
#2460 = ORIENTED_EDGE ( 'NONE', *, *, #2548, .F. ) ;
#2461 = CARTESIAN_POINT ( 'NONE',  ( -43.33229244779286660, 76.64954766606658154, 24.02423319960105275 ) ) ;
#2462 = DIRECTION ( 'NONE',  ( 1.000000000000000000, 0.000000000000000000, 0.000000000000000000 ) ) ;
#2463 = DIRECTION ( 'NONE',  ( -0.000000000000000000, -0.000000000000000000, -1.000000000000000000 ) ) ;
#2464 = ORIENTED_EDGE ( 'NONE', *, *, #3372, .F. ) ;
#2465 = DIRECTION ( 'NONE',  ( 0.000000000000000000, -7.228014483236698281E-17, -1.000000000000000000 ) ) ;
#2466 = ORIENTED_EDGE ( 'NONE', *, *, #275, .T. ) ;
#2467 = CARTESIAN_POINT ( 'NONE',  ( 0.000000000000000000, 0.000000000000000000, 0.000000000000000000 ) ) ;
#2468 = DIRECTION ( 'NONE',  ( 0.000000000000000000, 0.000000000000000000, 1.000000000000000000 ) ) ;
#2469 = CARTESIAN_POINT ( 'NONE',  ( -87.58882634217678742, 9.000000000000003553, 59.20000000000000995 ) ) ;
#2470 = DIRECTION ( 'NONE',  ( -0.000000000000000000, -0.000000000000000000, -1.000000000000000000 ) ) ;
#2471 = CARTESIAN_POINT ( 'NONE',  ( -70.34801350094674888, 56.13516719909733155, 44.20000000000000284 ) ) ;
#2472 = FACE_OUTER_BOUND ( 'NONE', #2043, .T. ) ;
#2473 = LINE ( 'NONE', #2905, #4022 ) ;
#2474 = LINE ( 'NONE', #792, #2766 ) ;
#2475 = ORIENTED_EDGE ( 'NONE', *, *, #4608, .F. ) ;
#2476 = CARTESIAN_POINT ( 'NONE',  ( 9.996586217760409454, -87.48068794877463006, 64.20000000000000284 ) ) ;
#2477 = ADVANCED_FACE ( 'NONE', ( #3054 ), #4618, .F. ) ;
#2478 = FACE_OUTER_BOUND ( 'NONE', #2936, .T. ) ;
#2479 = EDGE_CURVE ( 'NONE', #168, #2373, #3873, .T. ) ;
#2480 = DIRECTION ( 'NONE',  ( 0.000000000000000000, 0.000000000000000000, 1.000000000000000000 ) ) ;
#2481 = ADVANCED_FACE ( 'NONE', ( #3812 ), #161, .F. ) ;
#2482 = CARTESIAN_POINT ( 'NONE',  ( 58.30000000000000426, 18.16256982247259089, 48.20000000000000995 ) ) ;
#2483 = EDGE_CURVE ( 'NONE', #1812, #875, #4537, .T. ) ;
#2484 = VERTEX_POINT ( 'NONE', #2808 ) ;
#2485 = VERTEX_POINT ( 'NONE', #2726 ) ;
#2486 = DIRECTION ( 'NONE',  ( -1.000000000000000000, 0.000000000000000000, 0.000000000000000000 ) ) ;
#2487 = CARTESIAN_POINT ( 'NONE',  ( 58.30000000000000426, -6.584183710947005608, 49.70000000000000284 ) ) ;
#2488 = DIRECTION ( 'NONE',  ( 0.000000000000000000, 0.000000000000000000, 1.000000000000000000 ) ) ;
#2489 = ORIENTED_EDGE ( 'NONE', *, *, #1561, .F. ) ;
#2490 = CARTESIAN_POINT ( 'NONE',  ( 52.30000000000000426, 4.584183710946994061, 5.500000000000005329 ) ) ;
#2491 = AXIS2_PLACEMENT_3D ( 'NONE', #1131, #5186, #3147 ) ;
#2492 = ORIENTED_EDGE ( 'NONE', *, *, #2875, .T. ) ;
#2493 = EDGE_CURVE ( 'NONE', #1185, #3133, #2346, .T. ) ;
#2494 = VERTEX_POINT ( 'NONE', #5168 ) ;
#2495 = VECTOR ( 'NONE', #2195, 1000.000000000000000 ) ;
#2496 = FACE_OUTER_BOUND ( 'NONE', #4196, .T. ) ;
#2497 = FACE_OUTER_BOUND ( 'NONE', #3352, .T. ) ;
#2498 = DIRECTION ( 'NONE',  ( -0.000000000000000000, -0.000000000000000000, 1.000000000000000000 ) ) ;
#2499 = CARTESIAN_POINT ( 'NONE',  ( -88.74119674649422507, -9.000000000000000000, 59.20000000000000995 ) ) ;
#2500 = CARTESIAN_POINT ( 'NONE',  ( -71.54026611152121973, 54.60793172959215269, 43.88688657165753426 ) ) ;
#2501 = CARTESIAN_POINT ( 'NONE',  ( 58.30000000000000426, 1.000000000000000000, 64.20000000000000284 ) ) ;
#2502 = CARTESIAN_POINT ( 'NONE',  ( -45.14652794603172481, 77.85756587258022421, 23.16605931238147420 ) ) ;
#2503 = CARTESIAN_POINT ( 'NONE',  ( 52.30000000000000426, -6.584183710947005608, 5.500000000000005329 ) ) ;
#2504 = ORIENTED_EDGE ( 'NONE', *, *, #942, .T. ) ;
#2505 = DIRECTION ( 'NONE',  ( 0.000000000000000000, 0.000000000000000000, 1.000000000000000000 ) ) ;
#2506 = ORIENTED_EDGE ( 'NONE', *, *, #5101, .F. ) ;
#2507 = VECTOR ( 'NONE', #77, 1000.000000000000000 ) ;
#2508 = DIRECTION ( 'NONE',  ( 0.000000000000000000, 0.000000000000000000, -1.000000000000000000 ) ) ;
#2509 = AXIS2_PLACEMENT_3D ( 'NONE', #4925, #2265, #2309 ) ;
#2511 = VECTOR ( 'NONE', #4605, 1000.000000000000000 ) ;
#2510 = CARTESIAN_POINT ( 'NONE',  ( 58.30000000000000426, 6.584183710946993173, 49.70000000000000284 ) ) ;
#2512 = VERTEX_POINT ( 'NONE', #3097 ) ;
#2513 = AXIS2_PLACEMENT_3D ( 'NONE', #2810, #4655, #232 ) ;
#2514 = FACE_OUTER_BOUND ( 'NONE', #4403, .T. ) ;
#2515 = ADVANCED_FACE ( 'NONE', ( #777 ), #4318, .F. ) ;
#2516 = AXIS2_PLACEMENT_3D ( 'NONE', #1692, #3638, #2468 ) ;
#2517 = EDGE_CURVE ( 'NONE', #1432, #1333, #1567, .T. ) ;
#2518 = FACE_OUTER_BOUND ( 'NONE', #2586, .T. ) ;
#2519 = EDGE_CURVE ( 'NONE', #1979, #2665, #3207, .T. ) ;
#2520 = ORIENTED_EDGE ( 'NONE', *, *, #532, .F. ) ;
#2521 = VECTOR ( 'NONE', #421, 1000.000000000000000 ) ;
#2522 = DIRECTION ( 'NONE',  ( 1.000000000000000000, 0.000000000000000000, 0.000000000000000000 ) ) ;
#2523 = AXIS2_PLACEMENT_3D ( 'NONE', #1982, #336, #1104 ) ;
#2524 = ORIENTED_EDGE ( 'NONE', *, *, #74, .T. ) ;
#2525 = EDGE_CURVE ( 'NONE', #4998, #2709, #5195, .T. ) ;
#2526 = CIRCLE ( 'NONE', #3626, 88.04999999999999716 ) ;
#2527 = ORIENTED_EDGE ( 'NONE', *, *, #1132, .F. ) ;
#2528 = ADVANCED_FACE ( 'NONE', ( #2704 ), #1137, .T. ) ;
#2529 = DIRECTION ( 'NONE',  ( -4.116236517543920428E-32, -1.927470528863118802E-16, 1.000000000000000000 ) ) ;
#2530 = CARTESIAN_POINT ( 'NONE',  ( -89.40210831675294401, 10.35857474604880224, 39.35258323104530831 ) ) ;
#2531 = CARTESIAN_POINT ( 'NONE',  ( 60.20000000000000284, -2.662569822472605097, 60.69999999999999574 ) ) ;
#2532 = AXIS2_PLACEMENT_3D ( 'NONE', #580, #1795, #888 ) ;
#2533 = CYLINDRICAL_SURFACE ( 'NONE', #4866, 88.04999999999999716 ) ;
#2534 = CARTESIAN_POINT ( 'NONE',  ( 58.30000000000000426, -1.000000000000000888, 64.20000000000000284 ) ) ;
#2535 = PLANE ( 'NONE',  #1906 ) ;
#2536 = VERTEX_POINT ( 'NONE', #4013 ) ;
#2537 = DIRECTION ( 'NONE',  ( 1.000000000000000000, 0.000000000000000000, 0.000000000000000000 ) ) ;
#2538 = ORIENTED_EDGE ( 'NONE', *, *, #4606, .F. ) ;
#2539 = ORIENTED_EDGE ( 'NONE', *, *, #2814, .F. ) ;
#2540 = DIRECTION ( 'NONE',  ( 1.000000000000000000, 0.000000000000000000, 0.000000000000000000 ) ) ;
#2541 = CARTESIAN_POINT ( 'NONE',  ( 58.30000000000000426, -1.000000000000000888, 0.000000000000000000 ) ) ;
#2542 = EDGE_LOOP ( 'NONE', ( #2527, #1577, #1177, #2909 ) ) ;
#2543 = VERTEX_POINT ( 'NONE', #4298 ) ;
#2544 = DIRECTION ( 'NONE',  ( -0.000000000000000000, -0.000000000000000000, -1.000000000000000000 ) ) ;
#2545 = CARTESIAN_POINT ( 'NONE',  ( -72.56670835333061120, 49.86858067724261900, 26.20000000000000284 ) ) ;
#2546 = ORIENTED_EDGE ( 'NONE', *, *, #2419, .T. ) ;
#2547 = CARTESIAN_POINT ( 'NONE',  ( 58.29999999999999716, -18.16256982247260510, 4.000000000000003553 ) ) ;
#2548 = EDGE_CURVE ( 'NONE', #4750, #1336, #3936, .T. ) ;
#2549 = VERTEX_POINT ( 'NONE', #5093 ) ;
#2550 = ORIENTED_EDGE ( 'NONE', *, *, #3405, .F. ) ;
#2551 = CARTESIAN_POINT ( 'NONE',  ( -87.36886508107757265, 10.93688989761502484, 39.50788563466527847 ) ) ;
#2552 = CARTESIAN_POINT ( 'NONE',  ( 27.84926541907808684, 83.98356302748270252, 0.000000000000000000 ) ) ;
#2553 = EDGE_CURVE ( 'NONE', #284, #875, #3153, .T. ) ;
#2554 = CARTESIAN_POINT ( 'NONE',  ( 44.73245010078662887, 76.64920918224032675, -35.79999999999999716 ) ) ;
#2555 = CARTESIAN_POINT ( 'NONE',  ( 58.30000000000000426, 2.662569822472591774, 3.500000000000010214 ) ) ;
#2556 = ADVANCED_FACE ( 'NONE', ( #4378 ), #4776, .F. ) ;
#2557 = DIRECTION ( 'NONE',  ( 0.000000000000000000, 0.000000000000000000, 1.000000000000000000 ) ) ;
#2558 = CARTESIAN_POINT ( 'NONE',  ( 52.30000000000000426, -4.584183710947005608, 58.70000000000000284 ) ) ;
#2559 = VERTEX_POINT ( 'NONE', #3520 ) ;
#2560 = LINE ( 'NONE', #2183, #3374 ) ;
#2561 = ORIENTED_EDGE ( 'NONE', *, *, #3758, .F. ) ;
#2562 = ORIENTED_EDGE ( 'NONE', *, *, #1674, .F. ) ;
#2563 = DIRECTION ( 'NONE',  ( 1.000000000000000000, 0.000000000000000000, 0.000000000000000000 ) ) ;
#2564 = ORIENTED_EDGE ( 'NONE', *, *, #3586, .F. ) ;
#2565 = ORIENTED_EDGE ( 'NONE', *, *, #4737, .T. ) ;
#2566 = ORIENTED_EDGE ( 'NONE', *, *, #2190, .F. ) ;
#2567 = CARTESIAN_POINT ( 'NONE',  ( -42.10828435888809906, -77.32848691362725901, 0.000000000000000000 ) ) ;
#2568 = ORIENTED_EDGE ( 'NONE', *, *, #1896, .T. ) ;
#2569 = CARTESIAN_POINT ( 'NONE',  ( 60.20000000000000284, 1.000000000000000000, 64.20000000000000284 ) ) ;
#2570 = ORIENTED_EDGE ( 'NONE', *, *, #4084, .F. ) ;
#2571 = ORIENTED_EDGE ( 'NONE', *, *, #3915, .T. ) ;
#2572 = AXIS2_PLACEMENT_3D ( 'NONE', #3580, #3601, #5199 ) ;
#2573 = CARTESIAN_POINT ( 'NONE',  ( -68.32406766621132022, 54.11122136436190289, 20.20000000000000284 ) ) ;
#2574 = DIRECTION ( 'NONE',  ( 0.000000000000000000, 0.000000000000000000, -1.000000000000000000 ) ) ;
#2575 = CARTESIAN_POINT ( 'NONE',  ( 44.73245010078662887, 76.64920918224032675, 0.000000000000000000 ) ) ;
#2576 = B_SPLINE_CURVE_WITH_KNOTS ( 'NONE', 3,
 ( #217, #4667, #4644, #4267, #1339, #2625, #1815, #3417, #246, #2673, #5070, #935, #542, #3016, #652, #5012, #1434, #2189, #1381, #2594, #3787, #3449, #3074, #1036, #137, #2270 ),
 .UNSPECIFIED., .F., .F.,
 ( 4, 2, 2, 2, 2, 2, 2, 2, 2, 2, 2, 2, 4 ),
 ( 0.0002312248067382496159, 0.0005758095766444535843, 0.0009203943465506575798, 0.001264979116456861575, 0.001609563886363065679, 0.002298733426175478441, 0.002987902965987891853, 0.003677072505800304831, 0.004021657275706505899, 0.004366242045612705666, 0.005055411585425112139, 0.005399996355331318845, 0.005744581125237525551 ),
 .UNSPECIFIED. ) ;
#2577 = LINE ( 'NONE', #4955, #3788 ) ;
#2578 = DIRECTION ( 'NONE',  ( -0.2544932992796439253, 0.9670745372626463610, 0.000000000000000000 ) ) ;
#2579 = VECTOR ( 'NONE', #3266, 1000.000000000000000 ) ;
#2580 = CARTESIAN_POINT ( 'NONE',  ( 58.30000000000000426, 1.000000000000000000, 64.20000000000000284 ) ) ;
#2581 = ADVANCED_FACE ( 'NONE', ( #3918 ), #320, .T. ) ;
#2582 = VERTEX_POINT ( 'NONE', #1887 ) ;
#2583 = AXIS2_PLACEMENT_3D ( 'NONE', #4342, #1944, #3965 ) ;
#2584 = EDGE_CURVE ( 'NONE', #3127, #1684, #698, .T. ) ;
#2585 = LINE ( 'NONE', #4961, #2089 ) ;
#2586 = EDGE_LOOP ( 'NONE', ( #235, #3840, #162, #2184, #5091, #109, #1742, #1736, #3223, #3041 ) ) ;
#2587 = DIRECTION ( 'NONE',  ( 0.000000000000000000, 0.000000000000000000, 1.000000000000000000 ) ) ;
#2588 = ORIENTED_EDGE ( 'NONE', *, *, #4202, .T. ) ;
#2589 = DIRECTION ( 'NONE',  ( 1.000000000000000000, 0.000000000000000000, 0.000000000000000000 ) ) ;
#2590 = AXIS2_PLACEMENT_3D ( 'NONE', #1465, #3103, #1947 ) ;
#2591 = VERTEX_POINT ( 'NONE', #1091 ) ;
#2592 = CARTESIAN_POINT ( 'NONE',  ( 60.20000000000000284, 18.66256982247258378, 3.500000000000003109 ) ) ;
#2593 = EDGE_CURVE ( 'NONE', #4240, #2843, #2375, .T. ) ;
#2594 = CARTESIAN_POINT ( 'NONE',  ( -46.08871773692685281, 76.17818389563642256, 43.19811478499001822 ) ) ;
#2595 = VECTOR ( 'NONE', #123, 1000.000000000000000 ) ;
#2596 = ORIENTED_EDGE ( 'NONE', *, *, #763, .T. ) ;
#2597 = ORIENTED_EDGE ( 'NONE', *, *, #1087, .F. ) ;
#2598 = EDGE_LOOP ( 'NONE', ( #1286, #2138, #976, #967, #2492 ) ) ;
#2599 = VECTOR ( 'NONE', #2824, 1000.000000000000000 ) ;
#2600 = AXIS2_PLACEMENT_3D ( 'NONE', #3098, #5145, #292 ) ;
#2601 = CARTESIAN_POINT ( 'NONE',  ( -72.94404326526353088, 51.75337115995990445, 41.61634432439342390 ) ) ;
#2602 = CARTESIAN_POINT ( 'NONE',  ( -47.39235809371151475, 76.51208750947709802, 43.60152009447695320 ) ) ;
#2603 = DIRECTION ( 'NONE',  ( 1.000000000000000000, 0.000000000000000000, 0.000000000000000000 ) ) ;
#2604 = ORIENTED_EDGE ( 'NONE', *, *, #2050, .F. ) ;
#2605 = VECTOR ( 'NONE', #4855, 1000.000000000000000 ) ;
#2606 = AXIS2_PLACEMENT_3D ( 'NONE', #4761, #5182, #1553 ) ;
#2607 = ORIENTED_EDGE ( 'NONE', *, *, #3175, .F. ) ;
#2608 = VECTOR ( 'NONE', #2283, 1000.000000000000000 ) ;
#2609 = AXIS2_PLACEMENT_3D ( 'NONE', #1739, #26, #3375 ) ;
#2610 = CARTESIAN_POINT ( 'NONE',  ( -86.86652205883667932, 14.38865382902233669, 42.53213786233935423 ) ) ;
#2611 = CARTESIAN_POINT ( 'NONE',  ( 56.10000000000000142, -6.584183710947006496, 5.500000000000005329 ) ) ;
#2612 = PLANE ( 'NONE',  #2147 ) ;
#2613 = CARTESIAN_POINT ( 'NONE',  ( -96.34329893666702560, 73.64517126057910446, 20.20000000000000284 ) ) ;
#2614 = AXIS2_PLACEMENT_3D ( 'NONE', #1659, #1548, #4469 ) ;
#2615 = AXIS2_PLACEMENT_3D ( 'NONE', #4498, #4029, #1959 ) ;
#2616 = ORIENTED_EDGE ( 'NONE', *, *, #3175, .T. ) ;
#2617 = AXIS2_PLACEMENT_3D ( 'NONE', #1516, #3132, #3484 ) ;
#2618 = DIRECTION ( 'NONE',  ( 1.000000000000000000, 0.000000000000000000, 0.000000000000000000 ) ) ;
#2619 = ORIENTED_EDGE ( 'NONE', *, *, #5244, .F. ) ;
#2620 = DIRECTION ( 'NONE',  ( 0.000000000000000000, 0.000000000000000000, 1.000000000000000000 ) ) ;
#2621 = EDGE_CURVE ( 'NONE', #1253, #1419, #1917, .T. ) ;
#2622 = ORIENTED_EDGE ( 'NONE', *, *, #2416, .F. ) ;
#2623 = CARTESIAN_POINT ( 'NONE',  ( 60.20000000000000284, 1.000000000000000000, 0.000000000000000000 ) ) ;
#2624 = ORIENTED_EDGE ( 'NONE', *, *, #1171, .T. ) ;
#2625 = CARTESIAN_POINT ( 'NONE',  ( -44.04359754061511723, 77.08522991285336445, 40.78684803229354827 ) ) ;
#2626 = EDGE_CURVE ( 'NONE', #24, #1461, #807, .T. ) ;
#2627 = ORIENTED_EDGE ( 'NONE', *, *, #1670, .F. ) ;
#2628 = EDGE_CURVE ( 'NONE', #2591, #1461, #1230, .T. ) ;
#2629 = CARTESIAN_POINT ( 'NONE',  ( 60.20000000000000284, 1.000000000000000000, 64.20000000000000284 ) ) ;
#2630 = ORIENTED_EDGE ( 'NONE', *, *, #4251, .T. ) ;
#2631 = CARTESIAN_POINT ( 'NONE',  ( 58.29999999999999716, 65.98418371094697932, 64.20000000000000284 ) ) ;
#2632 = ORIENTED_EDGE ( 'NONE', *, *, #4672, .F. ) ;
#2633 = ORIENTED_EDGE ( 'NONE', *, *, #2910, .T. ) ;
#2634 = CARTESIAN_POINT ( 'NONE',  ( 58.29999999999999716, -64.48418371094696511, 64.20000000000000284 ) ) ;
#2635 = CARTESIAN_POINT ( 'NONE',  ( -89.50908266857135231, 9.395872378336285635, 39.20000000000000995 ) ) ;
#2636 = CARTESIAN_POINT ( 'NONE',  ( -88.74119674649422507, -14.99999999999999645, 53.20000000000000995 ) ) ;
#2637 = DIRECTION ( 'NONE',  ( 0.000000000000000000, -1.000000000000000000, -4.336808689942019708E-16 ) ) ;
#2638 = ORIENTED_EDGE ( 'NONE', *, *, #3368, .F. ) ;
#2639 = CARTESIAN_POINT ( 'NONE',  ( -88.04638738220090488, -0.7976019956177675674, -35.79999999999999716 ) ) ;
#2640 = CARTESIAN_POINT ( 'NONE',  ( -120.2000000000000455, -15.00000000000000000, 59.20000000000000995 ) ) ;
#2641 = ORIENTED_EDGE ( 'NONE', *, *, #5224, .F. ) ;
#2642 = CARTESIAN_POINT ( 'NONE',  ( 0.000000000000000000, 0.000000000000000000, 0.000000000000000000 ) ) ;
#2643 = VERTEX_POINT ( 'NONE', #2830 ) ;
#2645 = LINE ( 'NONE', #3445, #5209 ) ;
#2644 = DIRECTION ( 'NONE',  ( -0.000000000000000000, -0.000000000000000000, 1.000000000000000000 ) ) ;
#2646 = VERTEX_POINT ( 'NONE', #401 ) ;
#2647 = FACE_OUTER_BOUND ( 'NONE', #1473, .T. ) ;
#2648 =( NAMED_UNIT ( * ) PLANE_ANGLE_UNIT ( ) SI_UNIT ( $, .RADIAN. ) );
#2649 = ORIENTED_EDGE ( 'NONE', *, *, #530, .T. ) ;
#2650 = ORIENTED_EDGE ( 'NONE', *, *, #3651, .F. ) ;
#2651 = EDGE_CURVE ( 'NONE', #2234, #2955, #2935, .T. ) ;
#2652 = ADVANCED_FACE ( 'NONE', ( #1306 ), #4505, .T. ) ;
#2653 = CARTESIAN_POINT ( 'NONE',  ( -42.97806324074770856, 76.84847805958351330, 26.20000000000000284 ) ) ;
#2654 = CARTESIAN_POINT ( 'NONE',  ( -48.26069406004179996, 73.64582750463901561, 44.20000000000000284 ) ) ;
#2655 = EDGE_LOOP ( 'NONE', ( #3253, #3523, #3574, #1439, #2088 ) ) ;
#2656 = ORIENTED_EDGE ( 'NONE', *, *, #3118, .T. ) ;
#2657 = CYLINDRICAL_SURFACE ( 'NONE', #2513, 88.04999999999999716 ) ;
#2658 = ADVANCED_FACE ( 'NONE', ( #4058 ), #4909, .F. ) ;
#2659 = CARTESIAN_POINT ( 'NONE',  ( -44.04109103999365971, 77.08373237444537551, 23.61466571703880035 ) ) ;
#2660 = CARTESIAN_POINT ( 'NONE',  ( 0.000000000000000000, 0.000000000000000000, 64.20000000000000284 ) ) ;
#2661 = ORIENTED_EDGE ( 'NONE', *, *, #3269, .F. ) ;
#2662 = ORIENTED_EDGE ( 'NONE', *, *, #879, .F. ) ;
#2663 = LINE ( 'NONE', #1449, #4114 ) ;
#2664 = LINE ( 'NONE', #3045, #3540 ) ;
#2665 = VERTEX_POINT ( 'NONE', #2020 ) ;
#2666 = CARTESIAN_POINT ( 'NONE',  ( -88.04638738220090488, -0.7976019956177675674, 64.20000000000000284 ) ) ;
#2667 = AXIS2_PLACEMENT_3D ( 'NONE', #1165, #2285, #3987 ) ;
#2668 = LINE ( 'NONE', #1062, #4953 ) ;
#2669 = ORIENTED_EDGE ( 'NONE', *, *, #2787, .T. ) ;
#2670 = AXIS2_PLACEMENT_3D ( 'NONE', #4174, #4633, #3408 ) ;
#2671 = ORIENTED_EDGE ( 'NONE', *, *, #5065, .T. ) ;
#2672 = DIRECTION ( 'NONE',  ( 0.000000000000000000, 0.000000000000000000, 1.000000000000000000 ) ) ;
#2673 = CARTESIAN_POINT ( 'NONE',  ( -44.61528432547591905, 77.25739286836981989, 41.31486556539645960 ) ) ;
#2674 = CIRCLE ( 'NONE', #543, 88.04999999999999716 ) ;
#2675 = CARTESIAN_POINT ( 'NONE',  ( -70.87819906843061801, 52.24062975133361419, 0.000000000000000000 ) ) ;
#2676 = ORIENTED_EDGE ( 'NONE', *, *, #4997, .F. ) ;
#2677 = ORIENTED_EDGE ( 'NONE', *, *, #4158, .T. ) ;
#2678 = CARTESIAN_POINT ( 'NONE',  ( -45.76180983788929524, 77.49757189576568805, 42.18416219589976635 ) ) ;
#2679 = AXIS2_PLACEMENT_3D ( 'NONE', #2296, #1093, #2729 ) ;
#2680 = CARTESIAN_POINT ( 'NONE',  ( -86.76290970224545163, -14.99999999999999645, 53.20000000000000995 ) ) ;
#2681 = EDGE_CURVE ( 'NONE', #4094, #1897, #5045, .T. ) ;
#2682 = CIRCLE ( 'NONE', #5030, 1.400000000000012346 ) ;
#2683 = DIRECTION ( 'NONE',  ( 0.000000000000000000, 0.000000000000000000, -1.000000000000000000 ) ) ;
#2684 = VECTOR ( 'NONE', #3479, 1000.000000000000000 ) ;
#2685 = CARTESIAN_POINT ( 'NONE',  ( -8.410120920899554875, -87.64743217057672098, 0.000000000000000000 ) ) ;
#2686 = AXIS2_PLACEMENT_3D ( 'NONE', #1946, #3181, #2271 ) ;
#2687 = DIRECTION ( 'NONE',  ( 1.000000000000000000, 0.000000000000000000, -0.000000000000000000 ) ) ;
#2688 = EDGE_CURVE ( 'NONE', #1859, #4292, #876, .T. ) ;
#2689 = ORIENTED_EDGE ( 'NONE', *, *, #4577, .T. ) ;
#2690 = EDGE_CURVE ( 'NONE', #4399, #4701, #3670, .T. ) ;
#2691 = VECTOR ( 'NONE', #239, 1000.000000000000000 ) ;
#2692 = CIRCLE ( 'NONE', #814, 90.00000000000000000 ) ;
#2693 = EDGE_LOOP ( 'NONE', ( #4144, #3843, #3731, #1164 ) ) ;
#2694 = CARTESIAN_POINT ( 'NONE',  ( -88.74784970841142240, -14.96079720343994168, 53.99157888255869153 ) ) ;
#2695 = CARTESIAN_POINT ( 'NONE',  ( -70.76220499529790686, -52.39764159008905864, 64.20000000000000284 ) ) ;
#2696 = ORIENTED_EDGE ( 'NONE', *, *, #1087, .T. ) ;
#2697 = DIRECTION ( 'NONE',  ( 2.135563919605973464E-16, 1.000000000000000000, 0.000000000000000000 ) ) ;
#2698 = AXIS2_PLACEMENT_3D ( 'NONE', #2061, #4497, #3303 ) ;
#2699 = ORIENTED_EDGE ( 'NONE', *, *, #4137, .T. ) ;
#2700 = VERTEX_POINT ( 'NONE', #4851 ) ;
#2701 = VECTOR ( 'NONE', #4557, 1000.000000000000000 ) ;
#2702 = EDGE_LOOP ( 'NONE', ( #1501, #3187, #4572, #2538 ) ) ;
#2703 = CARTESIAN_POINT ( 'NONE',  ( 60.20000000000000284, -18.66256982247259799, 60.70000000000000284 ) ) ;
#2704 = FACE_OUTER_BOUND ( 'NONE', #4889, .T. ) ;
#2705 = CARTESIAN_POINT ( 'NONE',  ( 60.20000000000000284, 1.000000000000000000, 60.20000000000000284 ) ) ;
#2706 = EDGE_LOOP ( 'NONE', ( #3683, #5044, #3135, #1794 ) ) ;
#2707 = EDGE_LOOP ( 'NONE', ( #3070, #5170, #561, #4141 ) ) ;
#2708 = PLANE ( 'NONE',  #4175 ) ;
#2709 = VERTEX_POINT ( 'NONE', #1221 ) ;
#2710 = CARTESIAN_POINT ( 'NONE',  ( -58.46790270213465135, 65.83545286252473261, 44.20000000000000284 ) ) ;
#2711 = DIRECTION ( 'NONE',  ( 1.000000000000000000, 0.000000000000000000, 0.000000000000000000 ) ) ;
#2712 = FACE_OUTER_BOUND ( 'NONE', #2985, .T. ) ;
#2713 = EDGE_CURVE ( 'NONE', #2485, #4149, #16, .T. ) ;
#2714 = CARTESIAN_POINT ( 'NONE',  ( -43.77583207383467112, 76.89715817890557048, 23.73510206332434080 ) ) ;
#2715 = CARTESIAN_POINT ( 'NONE',  ( -70.87819906843063222, 52.24062975133360709, 21.08034052703022709 ) ) ;
#2716 = ORIENTED_EDGE ( 'NONE', *, *, #138, .F. ) ;
#2717 = APPLICATION_CONTEXT ( 'automotive_design' ) ;
#2718 = EDGE_CURVE ( 'NONE', #1705, #3518, #2345, .T. ) ;
#2719 = EDGE_CURVE ( 'NONE', #1973, #1856, #222, .T. ) ;
#2720 = DIRECTION ( 'NONE',  ( 1.000000000000000000, 0.000000000000000000, 0.000000000000000000 ) ) ;
#2721 = ADVANCED_FACE ( 'NONE', ( #4456 ), #850, .T. ) ;
#2722 = ORIENTED_EDGE ( 'NONE', *, *, #2023, .T. ) ;
#2723 = CARTESIAN_POINT ( 'NONE',  ( -45.91429192397102810, 75.13108742138884111, 14.20000000000000462 ) ) ;
#2724 = ORIENTED_EDGE ( 'NONE', *, *, #4223, .F. ) ;
#2725 = DIRECTION ( 'NONE',  ( 1.000000000000000000, 1.067781959802986485E-16, -0.000000000000000000 ) ) ;
#2726 = CARTESIAN_POINT ( 'NONE',  ( 56.10000000000000142, 6.584183710946994950, 49.70000000000000284 ) ) ;
#2727 = EDGE_CURVE ( 'NONE', #1812, #1747, #812, .T. ) ;
#2728 = DIRECTION ( 'NONE',  ( 0.000000000000000000, 0.000000000000000000, 1.000000000000000000 ) ) ;
#2729 = DIRECTION ( 'NONE',  ( 1.000000000000000000, 0.000000000000000000, 0.000000000000000000 ) ) ;
#2730 = CARTESIAN_POINT ( 'NONE',  ( -9.802612940137507280, -87.50263584341817591, 14.20000000000000462 ) ) ;
#2731 = EDGE_LOOP ( 'NONE', ( #2696, #3160, #2464, #2117 ) ) ;
#2732 = CARTESIAN_POINT ( 'NONE',  ( 8.604418640898815696, -87.62857113893934979, 0.000000000000000000 ) ) ;
#2733 = CYLINDRICAL_SURFACE ( 'NONE', #4434, 1.400000000000012346 ) ;
#2734 = FACE_OUTER_BOUND ( 'NONE', #5148, .T. ) ;
#2735 = CARTESIAN_POINT ( 'NONE',  ( -70.83975176502674742, 55.51469206958775970, 20.23874823588078087 ) ) ;
#2736 = ORIENTED_EDGE ( 'NONE', *, *, #5120, .F. ) ;
#2737 = ORIENTED_EDGE ( 'NONE', *, *, #5065, .F. ) ;
#2738 = CARTESIAN_POINT ( 'NONE',  ( -86.55593684531925192, 16.15154162391657877, 64.20000000000000284 ) ) ;
#2739 = CARTESIAN_POINT ( 'NONE',  ( 0.000000000000000000, 0.000000000000000000, 0.000000000000000000 ) ) ;
#2740 = ORIENTED_EDGE ( 'NONE', *, *, #3627, .T. ) ;
#2741 = CARTESIAN_POINT ( 'NONE',  ( 52.30000000000000426, 4.584183710946994061, 5.500000000000005329 ) ) ;
#2742 = EDGE_CURVE ( 'NONE', #387, #4830, #1754, .T. ) ;
#2743 = EDGE_CURVE ( 'NONE', #3361, #4224, #4081, .T. ) ;
#2744 = CARTESIAN_POINT ( 'NONE',  ( -29.29032306606590552, 83.03541096836632107, 64.20000000000000284 ) ) ;
#2745 = VERTEX_POINT ( 'NONE', #1678 ) ;
#2746 = ORIENTED_EDGE ( 'NONE', *, *, #237, .T. ) ;
#2747 = CARTESIAN_POINT ( 'NONE',  ( -88.74119674649422507, 14.99999999999999645, 64.20000000000000284 ) ) ;
#2748 = DIRECTION ( 'NONE',  ( 0.000000000000000000, -0.7071067811865474617, -0.7071067811865474617 ) ) ;
#2749 = CIRCLE ( 'NONE', #2491, 1.500000000000001332 ) ;
#2750 = LINE ( 'NONE', #347, #5203 ) ;
#2751 = CIRCLE ( 'NONE', #4942, 88.04999999999999716 ) ;
#2752 = EDGE_CURVE ( 'NONE', #1897, #1775, #52, .T. ) ;
#2753 = CIRCLE ( 'NONE', #3351, 88.04999999999999716 ) ;
#2754 = DIRECTION ( 'NONE',  ( 1.000000000000000000, -0.000000000000000000, 0.000000000000000000 ) ) ;
#2755 = DIRECTION ( 'NONE',  ( 0.9670745372626463610, 0.2544932992796439253, 0.000000000000000000 ) ) ;
#2756 = CARTESIAN_POINT ( 'NONE',  ( -86.76290970224548005, -15.00000000000000178, 53.59796680729311902 ) ) ;
#2757 = ORIENTED_EDGE ( 'NONE', *, *, #635, .F. ) ;
#2758 = LINE ( 'NONE', #2405, #2004 ) ;
#2759 = CARTESIAN_POINT ( 'NONE',  ( 58.30000000000000426, -2.662569822472604208, 60.69999999999999574 ) ) ;
#2760 = AXIS2_PLACEMENT_3D ( 'NONE', #2075, #3233, #3706 ) ;
#2761 = CARTESIAN_POINT ( 'NONE',  ( -45.20910096164782743, 77.17025082443329609, 22.40162438475856632 ) ) ;
#2762 = CIRCLE ( 'NONE', #3777, 1.399999999999998579 ) ;
#2763 = CARTESIAN_POINT ( 'NONE',  ( -86.76290970224552268, -15.00000000000000355, 44.80197191881268992 ) ) ;
#2764 = ORIENTED_EDGE ( 'NONE', *, *, #5153, .F. ) ;
#2765 = DIRECTION ( 'NONE',  ( -0.000000000000000000, -0.000000000000000000, 1.000000000000000000 ) ) ;
#2766 = VECTOR ( 'NONE', #4052, 1000.000000000000000 ) ;
#2767 = AXIS2_PLACEMENT_3D ( 'NONE', #4346, #654, #1890 ) ;
#2768 = LINE ( 'NONE', #687, #1749 ) ;
#2769 = CARTESIAN_POINT ( 'NONE',  ( 52.30000000000000426, -4.584183710947005608, 5.500000000000005329 ) ) ;
#2770 = VERTEX_POINT ( 'NONE', #3336 ) ;
#2771 = DIRECTION ( 'NONE',  ( 0.000000000000000000, -7.228014483236698281E-17, 1.000000000000000000 ) ) ;
#2772 = VECTOR ( 'NONE', #3341, 1000.000000000000000 ) ;
#2773 = AXIS2_PLACEMENT_3D ( 'NONE', #2006, #433, #1233 ) ;
#2774 = FACE_OUTER_BOUND ( 'NONE', #1483, .T. ) ;
#2775 = VERTEX_POINT ( 'NONE', #4934 ) ;
#2776 = ORIENTED_EDGE ( 'NONE', *, *, #2252, .T. ) ;
#2777 = DIRECTION ( 'NONE',  ( 1.000000000000000000, 0.000000000000000000, -0.000000000000000000 ) ) ;
#2778 = AXIS2_PLACEMENT_3D ( 'NONE', #2476, #3283, #2537 ) ;
#2780 = VECTOR ( 'NONE', #2544, 1000.000000000000000 ) ;
#2779 = DIRECTION ( 'NONE',  ( 0.000000000000000000, -1.000000000000000000, 0.000000000000000000 ) ) ;
#2781 = EDGE_CURVE ( 'NONE', #1097, #387, #3622, .T. ) ;
#2782 = CARTESIAN_POINT ( 'NONE',  ( 67.29999999999999716, -2.662569822472607317, 60.69999999999999574 ) ) ;
#2783 = ORIENTED_EDGE ( 'NONE', *, *, #2975, .T. ) ;
#2784 = VECTOR ( 'NONE', #3227, 1000.000000000000000 ) ;
#2785 = DIRECTION ( 'NONE',  ( -0.000000000000000000, -0.000000000000000000, -1.000000000000000000 ) ) ;
#2786 = CARTESIAN_POINT ( 'NONE',  ( -27.96639456976209814, 83.49061788469636269, 64.20000000000000284 ) ) ;
#2787 = EDGE_CURVE ( 'NONE', #3447, #24, #2560, .T. ) ;
#2788 = VECTOR ( 'NONE', #3323, 1000.000000000000000 ) ;
#2789 = DIRECTION ( 'NONE',  ( 1.000000000000000000, 0.000000000000000000, 0.000000000000000000 ) ) ;
#2790 = EDGE_CURVE ( 'NONE', #3415, #3236, #1149, .T. ) ;
#2791 = ORIENTED_EDGE ( 'NONE', *, *, #2651, .F. ) ;
#2792 = CARTESIAN_POINT ( 'NONE',  ( 0.000000000000000000, 0.000000000000000000, 39.20000000000000995 ) ) ;
#2793 = CARTESIAN_POINT ( 'NONE',  ( -79.51886184023459236, -37.80943151693352178, 14.20000000000000462 ) ) ;
#2794 = LINE ( 'NONE', #4391, #3291 ) ;
#2795 = CARTESIAN_POINT ( 'NONE',  ( -87.27607550551287829, -11.65429951194127867, 39.80477151753528631 ) ) ;
#2796 = B_SPLINE_CURVE_WITH_KNOTS ( 'NONE', 3,
 ( #1180, #2816, #4410, #2407, #5231, #1605, #3239, #4834, #1201, #409, #2030, #3656, #2601, #3818, #578, #1792, #191, #4546, #3421, #1712, #1817, #1385, #995, #3455, #3763, #4944, #1289, #4516, #1224, #4461 ),
 .UNSPECIFIED., .F., .F.,
 ( 4, 2, 2, 2, 2, 2, 2, 2, 2, 2, 2, 2, 2, 2, 4 ),
 ( 0.0005015785259698179663, 0.001293757244829197260, 0.002085935963688576554, 0.002482025323118280946, 0.002878114682547984905, 0.003274204041977689730, 0.003670293401407394122, 0.004462472120266782090, 0.005254650839126169190, 0.005650740198555853633, 0.006046829557985538943, 0.006244874237700382032, 0.006442918917415224253, 0.006640963597130067342, 0.006839008276844909563 ),
 .UNSPECIFIED. ) ;
#2797 = ORIENTED_EDGE ( 'NONE', *, *, #1462, .F. ) ;
#2798 = CARTESIAN_POINT ( 'NONE',  ( 58.29999999999999716, -64.48418371094696511, -35.79999999999999716 ) ) ;
#2799 = DIRECTION ( 'NONE',  ( 1.000000000000000000, 1.067781959802986485E-16, 0.000000000000000000 ) ) ;
#2800 = CARTESIAN_POINT ( 'NONE',  ( -87.41611335055266352, 10.54805481258507704, 59.00017690481908517 ) ) ;
#2801 = LINE ( 'NONE', #4872, #986 ) ;
#2802 = ORIENTED_EDGE ( 'NONE', *, *, #767, .F. ) ;
#2803 = LINE ( 'NONE', #4742, #536 ) ;
#2804 = CARTESIAN_POINT ( 'NONE',  ( -44.58958841817247531, 78.17784491618569120, 24.61411304180656856 ) ) ;
#2805 = VERTEX_POINT ( 'NONE', #1404 ) ;
#2806 = CARTESIAN_POINT ( 'NONE',  ( -11.38622653960911002, 87.31068860791731367, 0.000000000000000000 ) ) ;
#2807 = ORIENTED_EDGE ( 'NONE', *, *, #4478, .F. ) ;
#2808 = CARTESIAN_POINT ( 'NONE',  ( -86.76290970224545163, -14.99999999999999645, 53.20000000000000995 ) ) ;
#2809 = DIRECTION ( 'NONE',  ( 0.000000000000000000, 0.7071067811865426878, 0.7071067811865523467 ) ) ;
#2810 = CARTESIAN_POINT ( 'NONE',  ( 0.000000000000000000, 0.000000000000000000, 64.20000000000000284 ) ) ;
#2811 = DIRECTION ( 'NONE',  ( -0.000000000000000000, -0.000000000000000000, -1.000000000000000000 ) ) ;
#2812 = VERTEX_POINT ( 'NONE', #1808 ) ;
#2813 = LINE ( 'NONE', #1579, #3541 ) ;
#2814 = EDGE_CURVE ( 'NONE', #2205, #4923, #2585, .T. ) ;
#2815 = EDGE_CURVE ( 'NONE', #2512, #163, #534, .T. ) ;
#2816 = CARTESIAN_POINT ( 'NONE',  ( -71.09189534688142942, 52.39552754502501841, 43.29425084861203032 ) ) ;
#2817 = EDGE_CURVE ( 'NONE', #24, #1856, #4115, .T. ) ;
#2818 = CYLINDRICAL_SURFACE ( 'NONE', #3710, 1.399999999999998579 ) ;
#2819 = CARTESIAN_POINT ( 'NONE',  ( -87.34637531348377593, -11.11065289645646104, 39.58007176024882767 ) ) ;
#2820 = ORIENTED_EDGE ( 'NONE', *, *, #1571, .T. ) ;
#2821 = CARTESIAN_POINT ( 'NONE',  ( 46.11393728141391080, -75.85160718662316981, -35.79999999999999716 ) ) ;
#2822 = EDGE_CURVE ( 'NONE', #3511, #3415, #4791, .T. ) ;
#2823 = CARTESIAN_POINT ( 'NONE',  ( 60.20000000000000284, 2.662569822472591774, 3.500000000000010214 ) ) ;
#2824 = DIRECTION ( 'NONE',  ( 0.000000000000000000, -1.927470528863118802E-16, -1.000000000000000000 ) ) ;
#2825 = CARTESIAN_POINT ( 'NONE',  ( 0.000000000000000000, 0.000000000000000000, 0.000000000000000000 ) ) ;
#2826 = DIRECTION ( 'NONE',  ( 1.000000000000000000, 0.000000000000000000, 0.000000000000000000 ) ) ;
#2827 = PLANE ( 'NONE',  #1471 ) ;
#2828 = VERTEX_POINT ( 'NONE', #3779 ) ;
#2829 = CARTESIAN_POINT ( 'NONE',  ( 67.29999999999999716, 2.662569822472592218, 16.49999999999999289 ) ) ;
#2830 = CARTESIAN_POINT ( 'NONE',  ( -70.87819906843061801, 52.24062975133360709, 43.31965947296977504 ) ) ;
#2831 = ORIENTED_EDGE ( 'NONE', *, *, #1768, .F. ) ;
#2832 = AXIS2_PLACEMENT_3D ( 'NONE', #3121, #1558, #3909 ) ;
#2833 = CARTESIAN_POINT ( 'NONE',  ( 58.30000000000000426, -3.162569822472601988, 4.000000000000003553 ) ) ;
#2834 = CARTESIAN_POINT ( 'NONE',  ( -72.56670835333062541, 49.86858067724262611, 25.81496640955439403 ) ) ;
#2835 = DIRECTION ( 'NONE',  ( -1.000000000000000000, 3.203345879408960195E-16, 0.000000000000000000 ) ) ;
#2836 = VERTEX_POINT ( 'NONE', #950 ) ;
#2837 = CIRCLE ( 'NONE', #4852, 90.00000000000000000 ) ;
#2838 = DIRECTION ( 'NONE',  ( -0.000000000000000000, -0.000000000000000000, -1.000000000000000000 ) ) ;
#2839 = DIRECTION ( 'NONE',  ( -1.000000000000000000, 0.000000000000000000, 0.000000000000000000 ) ) ;
#2840 = EDGE_LOOP ( 'NONE', ( #214, #1535, #2397, #4669, #3190, #4506, #3364, #1744, #3780, #655 ) ) ;
#2841 = CARTESIAN_POINT ( 'NONE',  ( 9.996586217760409454, -87.48068794877463006, 64.20000000000000284 ) ) ;
#2842 = VECTOR ( 'NONE', #756, 1000.000000000000000 ) ;
#2843 = VERTEX_POINT ( 'NONE', #562 ) ;
#2844 = ORIENTED_EDGE ( 'NONE', *, *, #3620, .F. ) ;
#2845 = CARTESIAN_POINT ( 'NONE',  ( 67.29999999999999716, -3.162569822472604653, 4.000000000000003553 ) ) ;
#2846 = DIRECTION ( 'NONE',  ( 0.000000000000000000, 7.228014483236698281E-17, -1.000000000000000000 ) ) ;
#2847 = CARTESIAN_POINT ( 'NONE',  ( -72.30166837632437193, 97.68680182092168707, 26.20000000000000284 ) ) ;
#2848 = EDGE_CURVE ( 'NONE', #3267, #4247, #589, .T. ) ;
#2849 = CARTESIAN_POINT ( 'NONE',  ( -73.94582388286355012, 51.30323050417997877, 38.99226425554353170 ) ) ;
#2850 = EDGE_CURVE ( 'NONE', #1585, #5220, #2664, .T. ) ;
#2851 = CARTESIAN_POINT ( 'NONE',  ( -44.69510536802309986, 78.11768410802280016, 24.23663413218720208 ) ) ;
#2852 = CARTESIAN_POINT ( 'NONE',  ( -73.07433500851274744, 51.40806507338859177, 23.32156120077025108 ) ) ;
#2853 = AXIS2_PLACEMENT_3D ( 'NONE', #2247, #3629, #4828 ) ;
#2854 = VECTOR ( 'NONE', #2204, 1000.000000000000000 ) ;
#2855 = ORIENTED_EDGE ( 'NONE', *, *, #3912, .F. ) ;
#2856 = CARTESIAN_POINT ( 'NONE',  ( -9.996586217761016968, 87.48068794877457321, 0.000000000000000000 ) ) ;
#2857 = MECHANICAL_DESIGN_GEOMETRIC_PRESENTATION_REPRESENTATION (  '', ( #3701 ), #559 ) ;
#2858 = VECTOR ( 'NONE', #4466, 1000.000000000000000 ) ;
#2859 = B_SPLINE_CURVE_WITH_KNOTS ( 'NONE', 3,
 ( #3064, #3905, #1080, #1827, #3466, #1423, #1026, #2715 ),
 .UNSPECIFIED., .F., .F.,
 ( 4, 2, 2, 4 ),
 ( 0.000000000000000000, 0.001651457806875014341, 0.002477186710312513380, 0.003302915613750012636 ),
 .UNSPECIFIED. ) ;
#2860 = DIRECTION ( 'NONE',  ( 1.067781959802986485E-16, -1.000000000000000000, -1.927470528863118802E-16 ) ) ;
#2861 = AXIS2_PLACEMENT_3D ( 'NONE', #2695, #3543, #4763 ) ;
#2862 = LINE ( 'NONE', #2833, #450 ) ;
#2863 = CARTESIAN_POINT ( 'NONE',  ( 0.000000000000000000, 0.000000000000000000, 64.20000000000000284 ) ) ;
#2864 = CARTESIAN_POINT ( 'NONE',  ( 60.20000000000000284, -18.16256982247260865, 16.00000000000000000 ) ) ;
#2865 = VECTOR ( 'NONE', #1628, 1000.000000000000000 ) ;
#2866 = ORIENTED_EDGE ( 'NONE', *, *, #3010, .F. ) ;
#2867 = VECTOR ( 'NONE', #4755, 1000.000000000000000 ) ;
#2868 = DIRECTION ( 'NONE',  ( 1.000000000000000000, -3.203345879408960195E-16, 0.000000000000000000 ) ) ;
#2869 = FACE_OUTER_BOUND ( 'NONE', #3895, .T. ) ;
#2870 = AXIS2_PLACEMENT_3D ( 'NONE', #1715, #5018, #2168 ) ;
#2871 = VERTEX_POINT ( 'NONE', #511 ) ;
#2872 = DIRECTION ( 'NONE',  ( -0.000000000000000000, -0.000000000000000000, 1.000000000000000000 ) ) ;
#2873 = ORIENTED_EDGE ( 'NONE', *, *, #170, .T. ) ;
#2874 = ORIENTED_EDGE ( 'NONE', *, *, #2517, .T. ) ;
#2875 = EDGE_CURVE ( 'NONE', #3823, #4011, #2951, .T. ) ;
#2876 = DIRECTION ( 'NONE',  ( -0.000000000000000000, -0.000000000000000000, -1.000000000000000000 ) ) ;
#2877 = DIRECTION ( 'NONE',  ( -1.000000000000000000, -1.067781959802986485E-16, -0.000000000000000000 ) ) ;
#2878 = CARTESIAN_POINT ( 'NONE',  ( 52.30000000000000426, -4.584183710947003831, 14.50000000000000533 ) ) ;
#2879 = CARTESIAN_POINT ( 'NONE',  ( -72.58426284161581066, 53.21309042224120844, 42.98000379698290629 ) ) ;
#2880 = DIRECTION ( 'NONE',  ( -0.000000000000000000, -0.000000000000000000, -1.000000000000000000 ) ) ;
#2881 = LINE ( 'NONE', #3667, #1989 ) ;
#2882 = CARTESIAN_POINT ( 'NONE',  ( -73.96853964230159306, 51.27041196621358665, 26.20000000000000284 ) ) ;
#2883 = EDGE_CURVE ( 'NONE', #1071, #1986, #1576, .T. ) ;
#2884 = ORIENTED_EDGE ( 'NONE', *, *, #4555, .T. ) ;
#2885 = ADVANCED_FACE ( 'NONE', ( #156 ), #128, .F. ) ;
#2886 = CARTESIAN_POINT ( 'NONE',  ( -72.50335911643027487, 49.96063867520056334, 39.34306535729231058 ) ) ;
#2887 = DIRECTION ( 'NONE',  ( -0.000000000000000000, -0.000000000000000000, -1.000000000000000000 ) ) ;
#2888 = EDGE_CURVE ( 'NONE', #776, #2949, #4539, .T. ) ;
#2889 = DIRECTION ( 'NONE',  ( 0.000000000000000000, 0.000000000000000000, 1.000000000000000000 ) ) ;
#2890 = DIRECTION ( 'NONE',  ( 1.000000000000000000, 0.000000000000000000, -0.000000000000000000 ) ) ;
#2891 = VERTEX_POINT ( 'NONE', #3833 ) ;
#2892 = DIRECTION ( 'NONE',  ( -1.000000000000000000, -1.067781959802986485E-16, -0.000000000000000000 ) ) ;
#2893 = DIRECTION ( 'NONE',  ( 1.000000000000000000, 0.000000000000000000, 0.000000000000000000 ) ) ;
#2894 = PLANE ( 'NONE',  #4089 ) ;
#2895 = ORIENTED_EDGE ( 'NONE', *, *, #4388, .T. ) ;
#2896 = LINE ( 'NONE', #4070, #4455 ) ;
#2897 = VERTEX_POINT ( 'NONE', #2230 ) ;
#2898 = ORIENTED_EDGE ( 'NONE', *, *, #2387, .F. ) ;
#2899 = DIRECTION ( 'NONE',  ( 0.000000000000000000, 1.000000000000000000, -4.336808689942019708E-16 ) ) ;
#2900 = CARTESIAN_POINT ( 'NONE',  ( 60.20000000000000284, 3.162569822472589109, 4.000000000000003553 ) ) ;
#2901 = CARTESIAN_POINT ( 'NONE',  ( -88.04638738220090488, -0.7976019956177675674, -35.79999999999999716 ) ) ;
#2902 = DIRECTION ( 'NONE',  ( 0.000000000000000000, 3.336006684570787046E-17, 1.000000000000000000 ) ) ;
#2903 = CARTESIAN_POINT ( 'NONE',  ( 56.10000000000000142, -7.584183710947006496, 5.500000000000005329 ) ) ;
#2904 = CYLINDRICAL_SURFACE ( 'NONE', #3611, 88.04999999999999716 ) ;
#2905 = CARTESIAN_POINT ( 'NONE',  ( 56.10000000000000142, -6.584183710947007384, 14.50000000000000533 ) ) ;
#2906 = DIRECTION ( 'NONE',  ( 0.000000000000000000, 1.000000000000000000, 0.000000000000000000 ) ) ;
#2907 = ORIENTED_EDGE ( 'NONE', *, *, #3107, .T. ) ;
#2908 = CARTESIAN_POINT ( 'NONE',  ( 52.30000000000000426, -6.584183710947005608, 58.70000000000000284 ) ) ;
#2909 = ORIENTED_EDGE ( 'NONE', *, *, #4586, .T. ) ;
#2910 = EDGE_CURVE ( 'NONE', #1081, #968, #3473, .T. ) ;
#2911 = ADVANCED_FACE ( 'NONE', ( #3858 ), #208, .F. ) ;
#2912 = EDGE_CURVE ( 'NONE', #1461, #1855, #3363, .T. ) ;
#2913 = CARTESIAN_POINT ( 'NONE',  ( 42.10828435888690535, 77.32848691362789850, 14.20000000000000462 ) ) ;
#2914 = DIRECTION ( 'NONE',  ( 1.000000000000000000, 0.000000000000000000, 0.000000000000000000 ) ) ;
#2915 = CARTESIAN_POINT ( 'NONE',  ( -89.10586997623420302, -12.65912088371043787, 40.42862347989355953 ) ) ;
#2916 = ORIENTED_EDGE ( 'NONE', *, *, #5120, .T. ) ;
#2917 = EDGE_LOOP ( 'NONE', ( #3972, #4514, #4334, #4307, #1261, #2134 ) ) ;
#2918 = EDGE_CURVE ( 'NONE', #4585, #522, #4584, .T. ) ;
#2919 = CARTESIAN_POINT ( 'NONE',  ( -9.996586217761016968, 87.48068794877457321, -35.79999999999999716 ) ) ;
#2920 = DIRECTION ( 'NONE',  ( 0.000000000000000000, 0.000000000000000000, 1.000000000000000000 ) ) ;
#2921 = VERTEX_POINT ( 'NONE', #5007 ) ;
#2922 = CARTESIAN_POINT ( 'NONE',  ( 8.410120920898981112, 87.64743217057677782, -35.79999999999999716 ) ) ;
#2923 = AXIS2_PLACEMENT_3D ( 'NONE', #772, #4765, #2697 ) ;
#2924 = ORIENTED_EDGE ( 'NONE', *, *, #1866, .T. ) ;
#2925 = ORIENTED_EDGE ( 'NONE', *, *, #5156, .F. ) ;
#2926 = CARTESIAN_POINT ( 'NONE',  ( 67.29999999999999716, 18.16256982247259089, 4.000000000000003553 ) ) ;
#2927 = DIRECTION ( 'NONE',  ( 1.000000000000000000, 0.000000000000000000, 0.000000000000000000 ) ) ;
#2928 = LINE ( 'NONE', #4526, #3039 ) ;
#2929 = CARTESIAN_POINT ( 'NONE',  ( -88.74784970841139398, 14.96079720343993991, 44.40842111744132836 ) ) ;
#2930 = CARTESIAN_POINT ( 'NONE',  ( 52.30000000000000426, 4.584183710946992285, 14.50000000000000533 ) ) ;
#2931 = CARTESIAN_POINT ( 'NONE',  ( 58.30000000000000426, -3.162569822472607761, 16.00000000000000000 ) ) ;
#2932 = FACE_OUTER_BOUND ( 'NONE', #4979, .T. ) ;
#2933 = FACE_OUTER_BOUND ( 'NONE', #4573, .T. ) ;
#2934 = EDGE_LOOP ( 'NONE', ( #240, #3007, #5072, #371 ) ) ;
#2935 = LINE ( 'NONE', #4826, #975 ) ;
#2936 = EDGE_LOOP ( 'NONE', ( #4995, #1106, #1389, #5083 ) ) ;
#2937 = VECTOR ( 'NONE', #3548, 1000.000000000000114 ) ;
#2938 = EDGE_CURVE ( 'NONE', #2442, #2003, #4280, .T. ) ;
#2939 = CARTESIAN_POINT ( 'NONE',  ( 52.30000000000000426, 4.584183710946994061, 5.500000000000005329 ) ) ;
#2940 = AXIS2_PLACEMENT_3D ( 'NONE', #4556, #4101, #3385 ) ;
#2942 = VECTOR ( 'NONE', #2687, 1000.000000000000000 ) ;
#2941 = DIRECTION ( 'NONE',  ( -0.000000000000000000, -0.000000000000000000, -1.000000000000000000 ) ) ;
#2943 = ORIENTED_EDGE ( 'NONE', *, *, #5222, .F. ) ;
#2944 = VECTOR ( 'NONE', #406, 1000.000000000000000 ) ;
#2945 = CARTESIAN_POINT ( 'NONE',  ( -80.19077802410279787, 36.36264044165487519, 64.20000000000000284 ) ) ;
#2946 = CIRCLE ( 'NONE', #131, 1.400000000000000133 ) ;
#2947 = EDGE_CURVE ( 'NONE', #5096, #4323, #3955, .T. ) ;
#2948 = CARTESIAN_POINT ( 'NONE',  ( -59.50726637259268159, 64.89751727810008219, 64.20000000000000284 ) ) ;
#2949 = VERTEX_POINT ( 'NONE', #670 ) ;
#2950 = ADVANCED_FACE ( 'NONE', ( #1505 ), #4796, .F. ) ;
#2951 = CIRCLE ( 'NONE', #3206, 88.04999999999999716 ) ;
#2952 = CARTESIAN_POINT ( 'NONE',  ( 59.79999999999999716, 65.98418371094697932, 64.20000000000000284 ) ) ;
#2953 = CIRCLE ( 'NONE', #1073, 1.400000000000000133 ) ;
#2954 = ORIENTED_EDGE ( 'NONE', *, *, #826, .F. ) ;
#2955 = VERTEX_POINT ( 'NONE', #3492 ) ;
#2956 = VECTOR ( 'NONE', #971, 1000.000000000000000 ) ;
#2957 = LINE ( 'NONE', #118, #987 ) ;
#2958 = CARTESIAN_POINT ( 'NONE',  ( 58.29999999999999716, -65.98418371094697932, 64.20000000000000284 ) ) ;
#2959 = DIRECTION ( 'NONE',  ( 1.000000000000000000, 0.000000000000000000, 0.000000000000000000 ) ) ;
#2960 = DIRECTION ( 'NONE',  ( 1.000000000000000000, 0.000000000000000000, 0.000000000000000000 ) ) ;
#2961 = CARTESIAN_POINT ( 'NONE',  ( -8.604418640898703785, 87.62857113893937822, 64.20000000000000284 ) ) ;
#2962 = CYLINDRICAL_SURFACE ( 'NONE', #4784, 1.400000000000005462 ) ;
#2963 = ORIENTED_EDGE ( 'NONE', *, *, #732, .T. ) ;
#2964 = DIRECTION ( 'NONE',  ( 0.000000000000000000, -0.000000000000000000, 1.000000000000000000 ) ) ;
#2965 = VERTEX_POINT ( 'NONE', #3985 ) ;
#2966 = FACE_OUTER_BOUND ( 'NONE', #1850, .T. ) ;
#2967 = ORIENTED_EDGE ( 'NONE', *, *, #2938, .T. ) ;
#2968 = ORIENTED_EDGE ( 'NONE', *, *, #3978, .T. ) ;
#2969 = CYLINDRICAL_SURFACE ( 'NONE', #2609, 1.399999999999988143 ) ;
#2970 = CARTESIAN_POINT ( 'NONE',  ( 27.84926541907808684, 83.98356302748270252, 64.20000000000000284 ) ) ;
#2971 = EDGE_LOOP ( 'NONE', ( #2874, #2422, #5043, #3078 ) ) ;
#2972 = CARTESIAN_POINT ( 'NONE',  ( 0.000000000000000000, 0.000000000000000000, 64.20000000000000284 ) ) ;
#2973 = ORIENTED_EDGE ( 'NONE', *, *, #104, .T. ) ;
#2974 = EDGE_CURVE ( 'NONE', #4121, #2897, #4718, .T. ) ;
#2975 = EDGE_CURVE ( 'NONE', #3482, #2234, #1163, .T. ) ;
#2976 = ORIENTED_EDGE ( 'NONE', *, *, #541, .F. ) ;
#2977 = EDGE_CURVE ( 'NONE', #164, #2301, #4032, .T. ) ;
#2978 = CARTESIAN_POINT ( 'NONE',  ( -86.76290970224545163, -14.99999999999999822, 53.20000000000000995 ) ) ;
#2979 = DIRECTION ( 'NONE',  ( 0.000000000000000000, 1.927470528863118802E-16, 1.000000000000000000 ) ) ;
#2980 = LINE ( 'NONE', #175, #367 ) ;
#2981 = CARTESIAN_POINT ( 'NONE',  ( -72.50335911643028908, 49.96063867520057755, 64.20000000000000284 ) ) ;
#2982 = FACE_BOUND ( 'NONE', #3906, .T. ) ;
#2983 = ADVANCED_FACE ( 'NONE', ( #1450 ), #3589, .F. ) ;
#2984 = FACE_OUTER_BOUND ( 'NONE', #2239, .T. ) ;
#2985 = EDGE_LOOP ( 'NONE', ( #3115, #1861, #2757, #2294 ) ) ;
#2986 = CARTESIAN_POINT ( 'NONE',  ( -88.04638738220090488, -0.7976019956177675674, 59.20000000000000284 ) ) ;
#2987 = ORIENTED_EDGE ( 'NONE', *, *, #4577, .F. ) ;
#2988 = ORIENTED_EDGE ( 'NONE', *, *, #4509, .T. ) ;
#2989 = B_SPLINE_CURVE_WITH_KNOTS ( 'NONE', 3,
 ( #3192, #2329, #711, #1955, #4815, #4790, #2819, #2795, #1903, #386, #3243, #2385, #4412, #356, #3953, #4838, #1933, #1123, #1583, #3221, #2763, #2410 ),
 .UNSPECIFIED., .F., .F.,
 ( 4, 2, 2, 2, 2, 2, 2, 2, 2, 2, 4 ),
 ( 0.000000000000000000, 0.001176822129117366432, 0.001765233193676050407, 0.002353644258234734166, 0.003530466387352106453, 0.004707288516469478740, 0.005884110645586851027, 0.006472521710145548446, 0.007060932774704244998, 0.008237754903821621622, 0.009414577032938999113 ),
 .UNSPECIFIED. ) ;
#2990 = DIRECTION ( 'NONE',  ( -1.000000000000000000, 7.993605777301127091E-15, 0.000000000000000000 ) ) ;
#2991 = DIRECTION ( 'NONE',  ( -0.000000000000000000, -0.000000000000000000, 1.000000000000000000 ) ) ;
#2992 = VERTEX_POINT ( 'NONE', #3089 ) ;
#2993 = ORIENTED_EDGE ( 'NONE', *, *, #3677, .F. ) ;
#2994 = VERTEX_POINT ( 'NONE', #1555 ) ;
#2995 = DIRECTION ( 'NONE',  ( -0.000000000000000000, -0.000000000000000000, 1.000000000000000000 ) ) ;
#2996 = CYLINDRICAL_SURFACE ( 'NONE', #2532, 88.04999999999999716 ) ;
#2997 = ORIENTED_EDGE ( 'NONE', *, *, #1364, .T. ) ;
#2998 = ORIENTED_EDGE ( 'NONE', *, *, #2822, .T. ) ;
#2999 = ORIENTED_EDGE ( 'NONE', *, *, #2419, .F. ) ;
#3000 = AXIS2_PLACEMENT_3D ( 'NONE', #1651, #1197, #2835 ) ;
#3001 = EDGE_CURVE ( 'NONE', #1481, #789, #4621, .T. ) ;
#3002 = CARTESIAN_POINT ( 'NONE',  ( -86.89710210991187012, 14.20369846097200295, 42.18744438095684046 ) ) ;
#3003 = CARTESIAN_POINT ( 'NONE',  ( -89.24296002457886345, 11.65450838582339443, 39.80487150126231199 ) ) ;
#3004 = LINE ( 'NONE', #4603, #3438 ) ;
#3005 = LINE ( 'NONE', #634, #2854 ) ;
#3006 = VECTOR ( 'NONE', #2438, 1000.000000000000000 ) ;
#3007 = ORIENTED_EDGE ( 'NONE', *, *, #4997, .T. ) ;
#3008 = EDGE_CURVE ( 'NONE', #938, #1063, #1528, .T. ) ;
#3009 = DIRECTION ( 'NONE',  ( 0.000000000000000000, 0.000000000000000000, 1.000000000000000000 ) ) ;
#3010 = EDGE_CURVE ( 'NONE', #3267, #4186, #130, .T. ) ;
#3011 = ORIENTED_EDGE ( 'NONE', *, *, #507, .F. ) ;
#3012 = DIRECTION ( 'NONE',  ( 0.000000000000000000, 0.000000000000000000, 1.000000000000000000 ) ) ;
#3013 = VECTOR ( 'NONE', #1597, 1000.000000000000000 ) ;
#3014 = VERTEX_POINT ( 'NONE', #3168 ) ;
#3015 = DIRECTION ( 'NONE',  ( 0.000000000000000000, -0.7071067811865426878, -0.7071067811865523467 ) ) ;
#3016 = CARTESIAN_POINT ( 'NONE',  ( -45.48737839339296585, 77.02893967137639208, 42.33515391081457580 ) ) ;
#3017 = ORIENTED_EDGE ( 'NONE', *, *, #199, .F. ) ;
#3018 = AXIS2_PLACEMENT_3D ( 'NONE', #528, #4581, #2557 ) ;
#3019 = ORIENTED_EDGE ( 'NONE', *, *, #3057, .T. ) ;
#3020 = ORIENTED_EDGE ( 'NONE', *, *, #1255, .T. ) ;
#3021 = VECTOR ( 'NONE', #5054, 1000.000000000000000 ) ;
#3022 = VECTOR ( 'NONE', #176, 1000.000000000000000 ) ;
#3023 = DIRECTION ( 'NONE',  ( 0.000000000000000000, -1.000000000000000000, 0.000000000000000000 ) ) ;
#3024 = ORIENTED_EDGE ( 'NONE', *, *, #5074, .T. ) ;
#3025 = FACE_OUTER_BOUND ( 'NONE', #3350, .T. ) ;
#3026 = ORIENTED_EDGE ( 'NONE', *, *, #404, .T. ) ;
#3027 = AXIS2_PLACEMENT_3D ( 'NONE', #3316, #454, #803 ) ;
#3028 = VERTEX_POINT ( 'NONE', #3199 ) ;
#3029 = CIRCLE ( 'NONE', #1830, 90.00000000000000000 ) ;
#3030 = ORIENTED_EDGE ( 'NONE', *, *, #2453, .T. ) ;
#3031 = CIRCLE ( 'NONE', #3884, 88.04999999999999716 ) ;
#3032 = AXIS2_PLACEMENT_3D ( 'NONE', #745, #2765, #4002 ) ;
#3033 = CYLINDRICAL_SURFACE ( 'NONE', #2940, 6.000000000000007994 ) ;
#3034 = FACE_OUTER_BOUND ( 'NONE', #4171, .T. ) ;
#3035 = DIRECTION ( 'NONE',  ( -1.000000000000000000, 0.000000000000000000, 0.000000000000000000 ) ) ;
#3036 = LINE ( 'NONE', #2253, #3022 ) ;
#3037 = ORIENTED_EDGE ( 'NONE', *, *, #428, .F. ) ;
#3038 = AXIS2_PLACEMENT_3D ( 'NONE', #3634, #1606, #863 ) ;
#3039 = VECTOR ( 'NONE', #2529, 1000.000000000000000 ) ;
#3040 = EDGE_CURVE ( 'NONE', #203, #1268, #3958, .T. ) ;
#3041 = ORIENTED_EDGE ( 'NONE', *, *, #1526, .F. ) ;
#3042 = B_SPLINE_CURVE_WITH_KNOTS ( 'NONE', 3,
 ( #1654, #2115, #4859, #2436, #2461, #3294 ),
 .UNSPECIFIED., .F., .F.,
 ( 4, 2, 4 ),
 ( 0.000000000000000000, 0.001325656975871954569, 0.002651313951743909138 ),
 .UNSPECIFIED. ) ;
#3043 = CARTESIAN_POINT ( 'NONE',  ( -73.96853964230159306, 51.27041196621358665, 38.20000000000000284 ) ) ;
#3044 = CIRCLE ( 'NONE', #743, 88.04999999999999716 ) ;
#3045 = CARTESIAN_POINT ( 'NONE',  ( -88.74119674649422507, 9.000000000000003553, 39.20000000000000995 ) ) ;
#3046 = ORIENTED_EDGE ( 'NONE', *, *, #1952, .T. ) ;
#3047 = CARTESIAN_POINT ( 'NONE',  ( -88.84247208895412484, -14.38883690580920671, 42.53251237390124828 ) ) ;
#3048 = ADVANCED_FACE ( 'NONE', ( #4368 ), #715, .F. ) ;
#3049 = EDGE_CURVE ( 'NONE', #1482, #3644, #5125, .T. ) ;
#3050 = LINE ( 'NONE', #4239, #290 ) ;
#3051 = VERTEX_POINT ( 'NONE', #2259 ) ;
#3052 = EDGE_CURVE ( 'NONE', #225, #4670, #1939, .T. ) ;
#3053 = DIRECTION ( 'NONE',  ( -1.000000000000000000, -1.067781959802986485E-16, -0.000000000000000000 ) ) ;
#3054 = FACE_OUTER_BOUND ( 'NONE', #4119, .T. ) ;
#3055 = EDGE_LOOP ( 'NONE', ( #2181, #2633, #83, #4386 ) ) ;
#3056 = VERTEX_POINT ( 'NONE', #747 ) ;
#3057 = EDGE_CURVE ( 'NONE', #1523, #582, #3031, .T. ) ;
#3058 = FACE_OUTER_BOUND ( 'NONE', #4734, .T. ) ;
#3059 = DIRECTION ( 'NONE',  ( 0.000000000000000000, 0.000000000000000000, -1.000000000000000000 ) ) ;
#3060 = VERTEX_POINT ( 'NONE', #5109 ) ;
#3061 = VERTEX_POINT ( 'NONE', #5138 ) ;
#3062 = FACE_OUTER_BOUND ( 'NONE', #1950, .T. ) ;
#3063 = CARTESIAN_POINT ( 'NONE',  ( -44.29501149901471280, 77.19045523444549417, 23.40642827831081263 ) ) ;
#3064 = CARTESIAN_POINT ( 'NONE',  ( -68.96028317598702984, 54.74743687413760540, 20.20000000000000284 ) ) ;
#3065 = ORIENTED_EDGE ( 'NONE', *, *, #3241, .T. ) ;
#3066 = CARTESIAN_POINT ( 'NONE',  ( -89.06277549665240656, -12.95763770971445794, 57.72657032017603740 ) ) ;
#3067 = CARTESIAN_POINT ( 'NONE',  ( 58.30000000000000426, 18.16256982247259089, 60.20000000000000284 ) ) ;
#3068 = ORIENTED_EDGE ( 'NONE', *, *, #4128, .T. ) ;
#3069 = FACE_OUTER_BOUND ( 'NONE', #1543, .T. ) ;
#3070 = ORIENTED_EDGE ( 'NONE', *, *, #4513, .T. ) ;
#3071 = FACE_OUTER_BOUND ( 'NONE', #512, .T. ) ;
#3072 = VERTEX_POINT ( 'NONE', #1475 ) ;
#3073 = CARTESIAN_POINT ( 'NONE',  ( 60.20000000000000284, -66.90261579340526055, 47.70000000000000995 ) ) ;
#3074 = CARTESIAN_POINT ( 'NONE',  ( -46.08449614502603708, 75.54517650966253939, 43.46292907942812889 ) ) ;
#3075 = DIRECTION ( 'NONE',  ( -4.116236517543920428E-32, -1.927470528863118802E-16, 1.000000000000000000 ) ) ;
#3076 = ORIENTED_EDGE ( 'NONE', *, *, #504, .T. ) ;
#3077 = ORIENTED_EDGE ( 'NONE', *, *, #630, .T. ) ;
#3078 = ORIENTED_EDGE ( 'NONE', *, *, #5064, .F. ) ;
#3079 = CARTESIAN_POINT ( 'NONE',  ( 56.10000000000000142, 7.584183710946994061, 49.70000000000000284 ) ) ;
#3080 = ADVANCED_FACE ( 'NONE', ( #3119 ), #688, .F. ) ;
#3081 = DIRECTION ( 'NONE',  ( -0.000000000000000000, 0.000000000000000000, -1.000000000000000000 ) ) ;
#3082 = EDGE_CURVE ( 'NONE', #1547, #3868, #1239, .T. ) ;
#3083 = LINE ( 'NONE', #1050, #2244 ) ;
#3084 = DIRECTION ( 'NONE',  ( -0.000000000000000000, -0.000000000000000000, -1.000000000000000000 ) ) ;
#3085 = FACE_OUTER_BOUND ( 'NONE', #5200, .T. ) ;
#3086 = ORIENTED_EDGE ( 'NONE', *, *, #4748, .T. ) ;
#3087 = AXIS2_PLACEMENT_3D ( 'NONE', #5173, #2811, #3186 ) ;
#3088 = CARTESIAN_POINT ( 'NONE',  ( -88.87397905274040966, -14.19241833539723530, 56.21288672232159200 ) ) ;
#3089 = CARTESIAN_POINT ( 'NONE',  ( 26.63539583874491967, -83.92471738715222784, 64.20000000000000284 ) ) ;
#3090 = ORIENTED_EDGE ( 'NONE', *, *, #2105, .F. ) ;
#3091 = DIRECTION ( 'NONE',  ( -0.000000000000000000, -0.000000000000000000, 1.000000000000000000 ) ) ;
#3092 = ORIENTED_EDGE ( 'NONE', *, *, #426, .F. ) ;
#3093 = DIRECTION ( 'NONE',  ( 0.000000000000000000, -1.000000000000000000, 4.336808689942019708E-16 ) ) ;
#3094 = ORIENTED_EDGE ( 'NONE', *, *, #1282, .F. ) ;
#3095 = ORIENTED_EDGE ( 'NONE', *, *, #4458, .T. ) ;
#3096 = CARTESIAN_POINT ( 'NONE',  ( 58.29999999999999716, -65.98418371094696511, 0.000000000000000000 ) ) ;
#3097 = CARTESIAN_POINT ( 'NONE',  ( 56.10000000000000142, 7.584183710946994061, 58.70000000000000284 ) ) ;
#3098 = CARTESIAN_POINT ( 'NONE',  ( -88.04638738220090488, -0.7976019956177675674, 0.000000000000000000 ) ) ;
#3099 = ORIENTED_EDGE ( 'NONE', *, *, #530, .F. ) ;
#3100 = CIRCLE ( 'NONE', #1129, 88.04999999999999716 ) ;
#3101 = ORIENTED_EDGE ( 'NONE', *, *, #2875, .F. ) ;
#3102 = EDGE_CURVE ( 'NONE', #2775, #3737, #2526, .T. ) ;
#3103 = DIRECTION ( 'NONE',  ( -0.000000000000000000, -0.000000000000000000, -1.000000000000000000 ) ) ;
#3104 = ORIENTED_EDGE ( 'NONE', *, *, #4873, .F. ) ;
#3105 = CARTESIAN_POINT ( 'NONE',  ( -87.41538262580249352, -10.55957792044959120, 59.00714533826884178 ) ) ;
#3106 = AXIS2_PLACEMENT_3D ( 'NONE', #1183, #280, #3980 ) ;
#3107 = EDGE_CURVE ( 'NONE', #1961, #1986, #3614, .T. ) ;
#3108 = CARTESIAN_POINT ( 'NONE',  ( 26.44926541907807405, 83.98356302748270252, -35.79999999999999716 ) ) ;
#3109 = DIRECTION ( 'NONE',  ( -1.000000000000000000, 3.203345879408960195E-16, -0.000000000000000000 ) ) ;
#3110 = EDGE_CURVE ( 'NONE', #2234, #2330, #11, .T. ) ;
#3111 = VECTOR ( 'NONE', #5144, 1000.000000000000000 ) ;
#3112 = CARTESIAN_POINT ( 'NONE',  ( -45.06582424009522470, 77.21497847256637215, 22.57125129556914089 ) ) ;
#3113 = AXIS2_PLACEMENT_3D ( 'NONE', #443, #4077, #76 ) ;
#3114 = CARTESIAN_POINT ( 'NONE',  ( 60.20000000000000284, -66.90261579340523213, 3.499999999999982236 ) ) ;
#3115 = ORIENTED_EDGE ( 'NONE', *, *, #3102, .T. ) ;
#3116 = AXIS2_PLACEMENT_3D ( 'NONE', #4688, #283, #1105 ) ;
#3117 = CIRCLE ( 'NONE', #4452, 1.399999999999998579 ) ;
#3118 = EDGE_CURVE ( 'NONE', #203, #4949, #42, .T. ) ;
#3119 = FACE_OUTER_BOUND ( 'NONE', #956, .T. ) ;
#3120 = EDGE_LOOP ( 'NONE', ( #2033, #3076, #1427, #5062 ) ) ;
#3121 = CARTESIAN_POINT ( 'NONE',  ( 0.000000000000000000, 0.000000000000000000, 64.20000000000000284 ) ) ;
#3122 = CIRCLE ( 'NONE', #5048, 1.400000000000003686 ) ;
#3123 = AXIS2_PLACEMENT_3D ( 'NONE', #3247, #896, #4073 ) ;
#3124 = DIRECTION ( 'NONE',  ( 0.000000000000000000, 0.000000000000000000, -1.000000000000000000 ) ) ;
#3125 = EDGE_LOOP ( 'NONE', ( #3402, #5107, #3584, #3493 ) ) ;
#3126 = VECTOR ( 'NONE', #4994, 1000.000000000000114 ) ;
#3127 = VERTEX_POINT ( 'NONE', #4474 ) ;
#3128 = PLANE ( 'NONE',  #3264 ) ;
#3129 = CARTESIAN_POINT ( 'NONE',  ( 67.29999999999999716, 2.662569822472592662, 3.500000000000010214 ) ) ;
#3130 = DIRECTION ( 'NONE',  ( -0.000000000000000000, -0.000000000000000000, -1.000000000000000000 ) ) ;
#3131 = CARTESIAN_POINT ( 'NONE',  ( 0.000000000000000000, 0.000000000000000000, 64.20000000000000284 ) ) ;
#3132 = DIRECTION ( 'NONE',  ( 0.000000000000000000, 0.000000000000000000, 1.000000000000000000 ) ) ;
#3133 = VERTEX_POINT ( 'NONE', #3640 ) ;
#3134 = CARTESIAN_POINT ( 'NONE',  ( 7.015502723804778462, 87.77007019213490935, 0.000000000000000000 ) ) ;
#3135 = ORIENTED_EDGE ( 'NONE', *, *, #2621, .F. ) ;
#3136 = CARTESIAN_POINT ( 'NONE',  ( -70.87819906843061801, 52.24062975133360709, 43.31965947296977504 ) ) ;
#3137 = EDGE_CURVE ( 'NONE', #576, #3644, #844, .T. ) ;
#3138 = CARTESIAN_POINT ( 'NONE',  ( -46.03174318795562669, 75.32675612723178915, 20.87456446038444113 ) ) ;
#3139 = ADVANCED_FACE ( 'NONE', ( #1188 ), #1985, .F. ) ;
#3140 = CARTESIAN_POINT ( 'NONE',  ( -72.77028126466888125, 52.95814037831667775, 21.67490940831027757 ) ) ;
#3141 = VERTEX_POINT ( 'NONE', #2100 ) ;
#3142 = ADVANCED_FACE ( 'NONE', ( #441 ), #1669, .F. ) ;
#3143 = EDGE_LOOP ( 'NONE', ( #2844, #4850, #2746, #54 ) ) ;
#3144 = FACE_OUTER_BOUND ( 'NONE', #912, .T. ) ;
#3145 = CARTESIAN_POINT ( 'NONE',  ( 0.000000000000000000, 0.000000000000000000, 0.000000000000000000 ) ) ;
#3146 = VERTEX_POINT ( 'NONE', #2063 ) ;
#3147 = DIRECTION ( 'NONE',  ( 1.000000000000000000, 0.000000000000000000, 0.000000000000000000 ) ) ;
#3148 = EDGE_CURVE ( 'NONE', #1185, #1005, #4420, .T. ) ;
#3149 = DIRECTION ( 'NONE',  ( 1.000000000000000000, 0.000000000000000000, 0.000000000000000000 ) ) ;
#3150 = ORIENTED_EDGE ( 'NONE', *, *, #1152, .F. ) ;
#3151 = ORIENTED_EDGE ( 'NONE', *, *, #2157, .F. ) ;
#3152 = FACE_OUTER_BOUND ( 'NONE', #4249, .T. ) ;
#3153 = LINE ( 'NONE', #3576, #3535 ) ;
#3154 = DIRECTION ( 'NONE',  ( -0.000000000000000000, -0.000000000000000000, -1.000000000000000000 ) ) ;
#3155 = ORIENTED_EDGE ( 'NONE', *, *, #3148, .F. ) ;
#3156 = CARTESIAN_POINT ( 'NONE',  ( -90.00000000000000000, 0.000000000000000000, 64.20000000000000284 ) ) ;
#3157 = DIRECTION ( 'NONE',  ( 0.000000000000000000, 0.000000000000000000, 1.000000000000000000 ) ) ;
#3158 = B_SPLINE_CURVE_WITH_KNOTS ( 'NONE', 3,
 ( #4631, #476, #1000, #1349, #4601, #5024, #2121, #2610, #3002, #552, #1392, #969, #1750, #4210, #4152, #2551, #1801, #4133, #583, #1298 ),
 .UNSPECIFIED., .F., .F.,
 ( 4, 2, 2, 2, 2, 2, 2, 2, 2, 4 ),
 ( 0.000000000000000000, 0.001176822845105949741, 0.001765234267658924395, 0.002353645690211899049, 0.003530468535317845755, 0.004707291380423792027, 0.005884114225529737431, 0.007060937070635684570, 0.008237759915741630842, 0.009414582760847577114 ),
 .UNSPECIFIED. ) ;
#3159 = CARTESIAN_POINT ( 'NONE',  ( -44.71393728141444512, 75.85160718662284296, 0.000000000000000000 ) ) ;
#3160 = ORIENTED_EDGE ( 'NONE', *, *, #3653, .T. ) ;
#3161 = CARTESIAN_POINT ( 'NONE',  ( -47.45632436643950314, 74.16818847272566018, 20.25511445720382042 ) ) ;
#3162 = ORIENTED_EDGE ( 'NONE', *, *, #1401, .F. ) ;
#3163 = CARTESIAN_POINT ( 'NONE',  ( -70.29396027772118316, 53.02684187375735547, 43.82470526460443239 ) ) ;
#3164 = CARTESIAN_POINT ( 'NONE',  ( -46.12494810716361116, 75.97297484650660238, 21.09433214344661778 ) ) ;
#3165 = ORIENTED_EDGE ( 'NONE', *, *, #3232, .F. ) ;
#3166 = ORIENTED_EDGE ( 'NONE', *, *, #4974, .T. ) ;
#3167 = EDGE_CURVE ( 'NONE', #1773, #4369, #1581, .T. ) ;
#3168 = CARTESIAN_POINT ( 'NONE',  ( 58.29999999999999716, -18.66256982247259799, 47.70000000000000995 ) ) ;
#3169 = ORIENTED_EDGE ( 'NONE', *, *, #982, .F. ) ;
#3170 = PLANE ( 'NONE',  #2923 ) ;
#3171 = PLANE ( 'NONE',  #1134 ) ;
#3172 = ORIENTED_EDGE ( 'NONE', *, *, #4388, .F. ) ;
#3173 = CARTESIAN_POINT ( 'NONE',  ( -72.94395208096689487, 51.75352123986270669, 22.78342345099580513 ) ) ;
#3174 = ORIENTED_EDGE ( 'NONE', *, *, #4178, .F. ) ;
#3175 = EDGE_CURVE ( 'NONE', #189, #2770, #2446, .T. ) ;
#3176 = ORIENTED_EDGE ( 'NONE', *, *, #2888, .T. ) ;
#3177 = DIRECTION ( 'NONE',  ( 0.000000000000000000, 1.000000000000000000, 0.000000000000000000 ) ) ;
#3178 = EDGE_CURVE ( 'NONE', #2745, #1717, #73, .T. ) ;
#3179 = CARTESIAN_POINT ( 'NONE',  ( 67.29999999999999716, 3.162569822472589998, 60.20000000000000284 ) ) ;
#3180 = CIRCLE ( 'NONE', #2572, 1.399999999999998579 ) ;
#3181 = DIRECTION ( 'NONE',  ( 0.000000000000000000, 0.000000000000000000, -1.000000000000000000 ) ) ;
#3182 = AXIS2_PLACEMENT_3D ( 'NONE', #2948, #2920, #519 ) ;
#3183 = DIRECTION ( 'NONE',  ( 1.000000000000000000, 0.000000000000000000, 0.000000000000000000 ) ) ;
#3184 = DIRECTION ( 'NONE',  ( 0.000000000000000000, 0.000000000000000000, 1.000000000000000000 ) ) ;
#3185 = CARTESIAN_POINT ( 'NONE',  ( -42.98939973601520848, 76.84214126397779410, 38.64656028702032131 ) ) ;
#3186 = DIRECTION ( 'NONE',  ( -1.000000000000000000, 0.000000000000000000, 0.000000000000000000 ) ) ;
#3187 = ORIENTED_EDGE ( 'NONE', *, *, #4095, .T. ) ;
#3188 = DIRECTION ( 'NONE',  ( 0.000000000000000000, 0.000000000000000000, -1.000000000000000000 ) ) ;
#3189 = CARTESIAN_POINT ( 'NONE',  ( 58.29999999999999716, -18.66256982247259799, 3.500000000000003109 ) ) ;
#3190 = ORIENTED_EDGE ( 'NONE', *, *, #4773, .F. ) ;
#3191 = CARTESIAN_POINT ( 'NONE',  ( -26.63539583874553074, 83.92471738715202889, 64.20000000000000284 ) ) ;
#3192 = CARTESIAN_POINT ( 'NONE',  ( -87.58882634217678742, -9.000000000000000000, 39.20000000000000995 ) ) ;
#3193 = ORIENTED_EDGE ( 'NONE', *, *, #1633, .T. ) ;
#3194 = PLANE ( 'NONE',  #2523 ) ;
#3195 = AXIS2_PLACEMENT_3D ( 'NONE', #78, #1698, #4985 ) ;
#3196 = AXIS2_PLACEMENT_3D ( 'NONE', #4684, #1780, #2279 ) ;
#3197 = FACE_OUTER_BOUND ( 'NONE', #4980, .T. ) ;
#3198 = DIRECTION ( 'NONE',  ( 1.510071729210696481E-16, 0.7071067811865426878, 0.7071067811865524577 ) ) ;
#3199 = CARTESIAN_POINT ( 'NONE',  ( 60.20000000000000284, 3.162569822472588221, 16.00000000000000000 ) ) ;
#3200 = ORIENTED_EDGE ( 'NONE', *, *, #2483, .F. ) ;
#3201 = CARTESIAN_POINT ( 'NONE',  ( -90.00000000000000000, 0.000000000000000000, 39.20000000000000995 ) ) ;
#3202 = CIRCLE ( 'NONE', #2340, 88.04999999999999716 ) ;
#3203 = CARTESIAN_POINT ( 'NONE',  ( -47.39405971023193587, 76.51104713374373034, 20.79732731358382480 ) ) ;
#3204 = ORIENTED_EDGE ( 'NONE', *, *, #4513, .F. ) ;
#3205 = DIRECTION ( 'NONE',  ( 0.000000000000000000, 0.000000000000000000, -1.000000000000000000 ) ) ;
#3206 = AXIS2_PLACEMENT_3D ( 'NONE', #180, #5061, #101 ) ;
#3208 = AXIS2_PLACEMENT_3D ( 'NONE', #4973, #2486, #859 ) ;
#3207 = LINE ( 'NONE', #3595, #5204 ) ;
#3209 = EDGE_CURVE ( 'NONE', #3892, #3318, #4901, .T. ) ;
#3210 = EDGE_CURVE ( 'NONE', #938, #2310, #793, .T. ) ;
#3211 = CIRCLE ( 'NONE', #1155, 1.399999999999998579 ) ;
#3212 = CYLINDRICAL_SURFACE ( 'NONE', #4693, 1.399999999999991473 ) ;
#3213 = DIRECTION ( 'NONE',  ( 2.135563919605973464E-16, 1.000000000000000000, -0.000000000000000000 ) ) ;
#3214 = CIRCLE ( 'NONE', #4459, 1.399999999999998579 ) ;
#3215 = PLANE ( 'NONE',  #3000 ) ;
#3216 = ORIENTED_EDGE ( 'NONE', *, *, #942, .F. ) ;
#3217 = EDGE_CURVE ( 'NONE', #3738, #203, #4845, .T. ) ;
#3218 = CARTESIAN_POINT ( 'NONE',  ( -48.26069406004180706, 73.64582750463901561, 20.20000000000000284 ) ) ;
#3219 = CARTESIAN_POINT ( 'NONE',  ( 52.30000000000000426, -4.584183710947003831, 49.70000000000000284 ) ) ;
#3220 = DIRECTION ( 'NONE',  ( -0.000000000000000000, -0.000000000000000000, 1.000000000000000000 ) ) ;
#3221 = CARTESIAN_POINT ( 'NONE',  ( -86.76971715763959025, -14.96078134596721299, 44.40825822748938378 ) ) ;
#3222 = VERTEX_POINT ( 'NONE', #2037 ) ;
#3223 = ORIENTED_EDGE ( 'NONE', *, *, #3001, .T. ) ;
#3224 = DIRECTION ( 'NONE',  ( 1.000000000000000000, 0.000000000000000000, 0.000000000000000000 ) ) ;
#3225 = LINE ( 'NONE', #3542, #39 ) ;
#3226 = CARTESIAN_POINT ( 'NONE',  ( 52.30000000000000426, 6.584183710946994061, 58.70000000000000284 ) ) ;
#3227 = DIRECTION ( 'NONE',  ( 2.135563919605973464E-16, 1.000000000000000000, 0.000000000000000000 ) ) ;
#3228 = CARTESIAN_POINT ( 'NONE',  ( -73.78770072745392383, 51.53056041148072097, 40.14884526999790637 ) ) ;
#3229 = FACE_OUTER_BOUND ( 'NONE', #3418, .T. ) ;
#3230 = EDGE_LOOP ( 'NONE', ( #5097, #2466, #2131, #205 ) ) ;
#3231 = DIRECTION ( 'NONE',  ( -0.000000000000000000, -0.000000000000000000, -1.000000000000000000 ) ) ;
#3232 = EDGE_CURVE ( 'NONE', #4515, #1509, #5217, .T. ) ;
#3233 = DIRECTION ( 'NONE',  ( 0.000000000000000000, -1.000000000000000000, -1.734723475976807834E-16 ) ) ;
#3234 = DIRECTION ( 'NONE',  ( 0.2544932992796439253, -0.9670745372626463610, 0.000000000000000000 ) ) ;
#3235 = DIRECTION ( 'NONE',  ( 0.000000000000000000, 0.000000000000000000, 1.000000000000000000 ) ) ;
#3236 = VERTEX_POINT ( 'NONE', #4928 ) ;
#3237 = CARTESIAN_POINT ( 'NONE',  ( 0.000000000000000000, 0.000000000000000000, 20.20000000000000284 ) ) ;
#3238 = EDGE_CURVE ( 'NONE', #157, #892, #2801, .T. ) ;
#3239 = CARTESIAN_POINT ( 'NONE',  ( -72.42202781872491357, 52.31008221442684913, 42.51478792317050193 ) ) ;
#3240 = FACE_OUTER_BOUND ( 'NONE', #3490, .T. ) ;
#3241 = EDGE_CURVE ( 'NONE', #4962, #2365, #770, .T. ) ;
#3242 = CARTESIAN_POINT ( 'NONE',  ( -42.97806324074771567, 76.84847805958351330, 64.20000000000000284 ) ) ;
#3243 = CARTESIAN_POINT ( 'NONE',  ( -87.09183895606678050, -12.95733470456241498, 40.67316633318982610 ) ) ;
#3244 = ORIENTED_EDGE ( 'NONE', *, *, #4348, .F. ) ;
#3245 = EDGE_LOOP ( 'NONE', ( #5106, #2550, #1293, #3624 ) ) ;
#3246 = CARTESIAN_POINT ( 'NONE',  ( -80.68081200856775581, -35.26200609208372327, 14.20000000000000462 ) ) ;
#3247 = CARTESIAN_POINT ( 'NONE',  ( 0.000000000000000000, 0.000000000000000000, 64.20000000000000284 ) ) ;
#3248 = CARTESIAN_POINT ( 'NONE',  ( -86.79653635959274993, 14.80439360718640884, 54.77059993047961228 ) ) ;
#3249 = CARTESIAN_POINT ( 'NONE',  ( 60.20000000000000284, 2.662569822472592218, 64.20000000000000284 ) ) ;
#3250 = CARTESIAN_POINT ( 'NONE',  ( -71.19304954990629142, 55.05984745951838022, 44.04757065967147867 ) ) ;
#3251 = CARTESIAN_POINT ( 'NONE',  ( -49.33357416149589625, 75.27522655031602028, 20.20000000000000284 ) ) ;
#3252 = CARTESIAN_POINT ( 'NONE',  ( -73.06483950668378213, 50.78850798933633826, 24.32808553613694613 ) ) ;
#3253 = ORIENTED_EDGE ( 'NONE', *, *, #3754, .T. ) ;
#3254 = APPLICATION_PROTOCOL_DEFINITION ( 'draft international standard', 'automotive_design', 1998, #2717 ) ;
#3255 = CARTESIAN_POINT ( 'NONE',  ( -86.28819335068753560, 17.52570079267484715, 64.20000000000000284 ) ) ;
#3256 = CARTESIAN_POINT ( 'NONE',  ( 29.36639456976152474, -83.49061788469659007, -35.79999999999999716 ) ) ;
#3257 = CIRCLE ( 'NONE', #621, 88.04999999999999716 ) ;
#3258 = CARTESIAN_POINT ( 'NONE',  ( 60.20000000000000284, -1.000000000000000888, 64.20000000000000284 ) ) ;
#3259 = LINE ( 'NONE', #855, #2605 ) ;
#3260 = DIRECTION ( 'NONE',  ( -0.9670745372626463610, -0.2544932992796439253, 0.000000000000000000 ) ) ;
#3261 = VERTEX_POINT ( 'NONE', #3432 ) ;
#3262 = VECTOR ( 'NONE', #3456, 1000.000000000000000 ) ;
#3263 = EDGE_CURVE ( 'NONE', #2536, #4615, #1802, .T. ) ;
#3264 = AXIS2_PLACEMENT_3D ( 'NONE', #1136, #650, #2777 ) ;
#3265 = DIRECTION ( 'NONE',  ( 2.135563919605973464E-16, 1.000000000000000000, 0.000000000000000000 ) ) ;
#3266 = DIRECTION ( 'NONE',  ( -2.135563919605973464E-16, -1.000000000000000000, 0.000000000000000000 ) ) ;
#3267 = VERTEX_POINT ( 'NONE', #5025 ) ;
#3268 = CARTESIAN_POINT ( 'NONE',  ( -44.71393728141444512, 75.85160718662284296, -35.79999999999999716 ) ) ;
#3269 = EDGE_CURVE ( 'NONE', #4488, #4840, #5001, .T. ) ;
#3270 = ADVANCED_FACE ( 'NONE', ( #554, #1393 ), #3802, .T. ) ;
#3271 = EDGE_CURVE ( 'NONE', #189, #4240, #3827, .T. ) ;
#3272 = ORIENTED_EDGE ( 'NONE', *, *, #69, .T. ) ;
#3273 = CARTESIAN_POINT ( 'NONE',  ( 43.50227842762900821, -76.55295077007184545, 14.20000000000000462 ) ) ;
#3274 = CARTESIAN_POINT ( 'NONE',  ( -8.604418640899424986, 87.62857113893929295, 0.000000000000000000 ) ) ;
#3275 = CARTESIAN_POINT ( 'NONE',  ( 52.30000000000000426, -6.584183710947003831, 14.50000000000000533 ) ) ;
#3276 = FACE_OUTER_BOUND ( 'NONE', #877, .T. ) ;
#3277 = LINE ( 'NONE', #44, #4357 ) ;
#3278 = DIRECTION ( 'NONE',  ( 1.000000000000000000, 0.000000000000000000, 0.000000000000000000 ) ) ;
#3279 = ADVANCED_FACE ( 'NONE', ( #3034 ), #4632, .F. ) ;
#3280 = DIRECTION ( 'NONE',  ( 1.000000000000000000, 0.000000000000000000, 0.000000000000000000 ) ) ;
#3281 = AXIS2_PLACEMENT_3D ( 'NONE', #2926, #2097, #866 ) ;
#3282 = VERTEX_POINT ( 'NONE', #924 ) ;
#3283 = DIRECTION ( 'NONE',  ( 0.000000000000000000, 0.000000000000000000, 1.000000000000000000 ) ) ;
#3284 = VECTOR ( 'NONE', #1168, 1000.000000000000000 ) ;
#3285 = VECTOR ( 'NONE', #4046, 1000.000000000000000 ) ;
#3286 = AXIS2_PLACEMENT_3D ( 'NONE', #1833, #1729, #3392 ) ;
#3287 = VECTOR ( 'NONE', #5235, 1000.000000000000000 ) ;
#3288 = DIRECTION ( 'NONE',  ( 1.000000000000000000, 0.000000000000000000, -0.000000000000000000 ) ) ;
#3289 = LINE ( 'NONE', #2510, #2944 ) ;
#3290 = CARTESIAN_POINT ( 'NONE',  ( -60.53158590358165725, 63.94317483514026890, 14.20000000000000462 ) ) ;
#3291 = VECTOR ( 'NONE', #3999, 1000.000000000000000 ) ;
#3292 = ORIENTED_EDGE ( 'NONE', *, *, #2938, .F. ) ;
#3293 = VECTOR ( 'NONE', #72, 1000.000000000000000 ) ;
#3294 = CARTESIAN_POINT ( 'NONE',  ( -43.50227842762954111, 76.55295077007154703, 23.62711121444896278 ) ) ;
#3295 = CARTESIAN_POINT ( 'NONE',  ( 67.29999999999999716, -18.66256982247260154, 60.70000000000000284 ) ) ;
#3296 = CIRCLE ( 'NONE', #990, 1.399999999999998579 ) ;
#3297 = ORIENTED_EDGE ( 'NONE', *, *, #920, .T. ) ;
#3298 = LINE ( 'NONE', #5232, #2865 ) ;
#3299 = ORIENTED_EDGE ( 'NONE', *, *, #5224, .T. ) ;
#3300 = ORIENTED_EDGE ( 'NONE', *, *, #334, .F. ) ;
#3301 = PLANE ( 'NONE',  #3712 ) ;
#3302 = EDGE_CURVE ( 'NONE', #3318, #2745, #898, .T. ) ;
#3303 = DIRECTION ( 'NONE',  ( 1.000000000000000000, 0.000000000000000000, 0.000000000000000000 ) ) ;
#3304 = EDGE_CURVE ( 'NONE', #5220, #2200, #1238, .T. ) ;
#3305 = DIRECTION ( 'NONE',  ( 0.000000000000000000, -3.336006684570787046E-17, -1.000000000000000000 ) ) ;
#3306 = EDGE_CURVE ( 'NONE', #2770, #2843, #1778, .T. ) ;
#3307 = FACE_OUTER_BOUND ( 'NONE', #817, .T. ) ;
#3308 = DIRECTION ( 'NONE',  ( 1.000000000000000000, 0.000000000000000000, 0.000000000000000000 ) ) ;
#3309 = DIRECTION ( 'NONE',  ( 0.000000000000000000, -0.000000000000000000, 1.000000000000000000 ) ) ;
#3310 = CARTESIAN_POINT ( 'NONE',  ( -70.87819906843063222, 52.24062975133360709, 21.08034052703022709 ) ) ;
#3311 = ORIENTED_EDGE ( 'NONE', *, *, #4645, .T. ) ;
#3312 = DIRECTION ( 'NONE',  ( 1.000000000000000000, 0.000000000000000000, 0.000000000000000000 ) ) ;
#3313 = EDGE_CURVE ( 'NONE', #413, #2156, #944, .T. ) ;
#3314 = VERTEX_POINT ( 'NONE', #2552 ) ;
#3315 = LINE ( 'NONE', #453, #2326 ) ;
#3316 = CARTESIAN_POINT ( 'NONE',  ( -80.10996329664280324, -36.54033771889017146, -35.79999999999999716 ) ) ;
#3317 = DIRECTION ( 'NONE',  ( 7.550358646053532941E-17, -0.7071067811865475727, 0.7071067811865475727 ) ) ;
#3318 = VERTEX_POINT ( 'NONE', #525 ) ;
#3319 = VERTEX_POINT ( 'NONE', #3407 ) ;
#3320 = FACE_OUTER_BOUND ( 'NONE', #60, .T. ) ;
#3321 = CARTESIAN_POINT ( 'NONE',  ( 0.000000000000000000, 0.000000000000000000, 64.20000000000000284 ) ) ;
#3322 = ORIENTED_EDGE ( 'NONE', *, *, #1022, .F. ) ;
#3323 = DIRECTION ( 'NONE',  ( -1.000000000000000000, 3.203345879408960195E-16, -0.000000000000000000 ) ) ;
#3324 = ORIENTED_EDGE ( 'NONE', *, *, #4059, .F. ) ;
#3325 = EDGE_LOOP ( 'NONE', ( #4230, #1324, #3855, #2802 ) ) ;
#3326 = CYLINDRICAL_SURFACE ( 'NONE', #2509, 5.999999999999998224 ) ;
#3327 = CARTESIAN_POINT ( 'NONE',  ( 52.30000000000000426, -4.584183710947005608, 5.500000000000005329 ) ) ;
#3328 = DIRECTION ( 'NONE',  ( 0.7071067811865463515, -0.7071067811865487940, 0.000000000000000000 ) ) ;
#3329 = DIRECTION ( 'NONE',  ( -1.000000000000000000, 0.000000000000000000, 0.000000000000000000 ) ) ;
#3330 = CARTESIAN_POINT ( 'NONE',  ( -73.85500364726381406, 51.43388733260545109, 39.77167179739272740 ) ) ;
#3331 = CARTESIAN_POINT ( 'NONE',  ( -86.76290970224545163, 14.99999999999999645, 53.20000000000000995 ) ) ;
#3332 = CARTESIAN_POINT ( 'NONE',  ( -68.05902768920508095, 101.9294425080409638, 44.20000000000000284 ) ) ;
#3333 = EDGE_CURVE ( 'NONE', #703, #938, #4602, .T. ) ;
#3334 = FACE_BOUND ( 'NONE', #815, .T. ) ;
#3335 = ORIENTED_EDGE ( 'NONE', *, *, #3302, .F. ) ;
#3336 = CARTESIAN_POINT ( 'NONE',  ( 60.20000000000000284, 2.662569822472591774, 60.69999999999999574 ) ) ;
#3337 = VERTEX_POINT ( 'NONE', #2611 ) ;
#3338 = EDGE_CURVE ( 'NONE', #4071, #171, #119, .T. ) ;
#3339 = ADVANCED_FACE ( 'NONE', ( #2734 ), #1932, .F. ) ;
#3340 = CARTESIAN_POINT ( 'NONE',  ( -70.87819906843063222, 52.24062975133362130, 14.20000000000000462 ) ) ;
#3341 = DIRECTION ( 'NONE',  ( 0.000000000000000000, 1.000000000000000000, 4.336808689942019708E-16 ) ) ;
#3342 = ORIENTED_EDGE ( 'NONE', *, *, #268, .T. ) ;
#3343 = VERTEX_POINT ( 'NONE', #5103 ) ;
#3344 = ORIENTED_EDGE ( 'NONE', *, *, #1661, .T. ) ;
#3345 = CARTESIAN_POINT ( 'NONE',  ( 52.30000000000000426, -1.052833012365745065E-14, 64.20000000000000284 ) ) ;
#3346 = VERTEX_POINT ( 'NONE', #2278 ) ;
#3347 = CARTESIAN_POINT ( 'NONE',  ( 67.29999999999999716, 2.662569822472592218, 16.49999999999999289 ) ) ;
#3348 = VECTOR ( 'NONE', #2771, 1000.000000000000000 ) ;
#3349 = ORIENTED_EDGE ( 'NONE', *, *, #2387, .T. ) ;
#3350 = EDGE_LOOP ( 'NONE', ( #327, #857, #517, #610 ) ) ;
#3351 = AXIS2_PLACEMENT_3D ( 'NONE', #56, #2045, #4062 ) ;
#3352 = EDGE_LOOP ( 'NONE', ( #4805, #4569, #1533, #2231 ) ) ;
#3353 = CIRCLE ( 'NONE', #3182, 1.399999999999998579 ) ;
#3354 = DIRECTION ( 'NONE',  ( 0.000000000000000000, -1.000000000000000000, 0.000000000000000000 ) ) ;
#3355 = CARTESIAN_POINT ( 'NONE',  ( 60.20000000000000284, -66.90261579340526055, 16.49999999999999289 ) ) ;
#3356 = LINE ( 'NONE', #2145, #625 ) ;
#3357 = DIRECTION ( 'NONE',  ( 1.000000000000000000, 0.000000000000000000, 0.000000000000000000 ) ) ;
#3358 = PLANE ( 'NONE',  #4351 ) ;
#3359 = AXIS2_PLACEMENT_3D ( 'NONE', #4037, #4481, #1992 ) ;
#3360 = DIRECTION ( 'NONE',  ( 1.000000000000000000, 0.000000000000000000, 0.000000000000000000 ) ) ;
#3361 = VERTEX_POINT ( 'NONE', #5152 ) ;
#3362 = CARTESIAN_POINT ( 'NONE',  ( 60.20000000000000284, 1.000000000000000000, 47.70000000000000995 ) ) ;
#3363 = LINE ( 'NONE', #4562, #981 ) ;
#3364 = ORIENTED_EDGE ( 'NONE', *, *, #3304, .T. ) ;
#3365 = AXIS2_PLACEMENT_3D ( 'NONE', #47, #3309, #1275 ) ;
#3366 = CARTESIAN_POINT ( 'NONE',  ( 0.000000000000000000, 0.000000000000000000, 64.20000000000000284 ) ) ;
#3367 = AXIS2_PLACEMENT_3D ( 'NONE', #1067, #2292, #1111 ) ;
#3368 = EDGE_CURVE ( 'NONE', #1547, #712, #3211, .T. ) ;
#3370 = CIRCLE ( 'NONE', #2767, 88.04999999999999716 ) ;
#3369 = DIRECTION ( 'NONE',  ( 0.000000000000000000, 1.000000000000000000, -4.336808689942019708E-16 ) ) ;
#3371 = ADVANCED_FACE ( 'NONE', ( #4732 ), #4361, .F. ) ;
#3372 = EDGE_CURVE ( 'NONE', #1717, #2216, #4757, .T. ) ;
#3373 = VERTEX_POINT ( 'NONE', #1447 ) ;
#3374 = VECTOR ( 'NONE', #4237, 1000.000000000000000 ) ;
#3375 = DIRECTION ( 'NONE',  ( 1.000000000000000000, 0.000000000000000000, 0.000000000000000000 ) ) ;
#3376 = AXIS2_PLACEMENT_3D ( 'NONE', #4491, #4891, #2462 ) ;
#3377 = LINE ( 'NONE', #4226, #3262 ) ;
#3378 = ORIENTED_EDGE ( 'NONE', *, *, #4344, .T. ) ;
#3379 = VECTOR ( 'NONE', #742, 1000.000000000000000 ) ;
#3380 = DIRECTION ( 'NONE',  ( -0.000000000000000000, -0.000000000000000000, -1.000000000000000000 ) ) ;
#3381 = CIRCLE ( 'NONE', #4540, 90.00000000000000000 ) ;
#3382 = ORIENTED_EDGE ( 'NONE', *, *, #3620, .T. ) ;
#3383 = ADVANCED_FACE ( 'NONE', ( #3925 ), #4254, .F. ) ;
#3384 = ORIENTED_EDGE ( 'NONE', *, *, #4248, .T. ) ;
#3385 = DIRECTION ( 'NONE',  ( -0.7071067811865487940, -0.7071067811865463515, 0.000000000000000000 ) ) ;
#3386 = CARTESIAN_POINT ( 'NONE',  ( -88.84404568417916437, 14.37861041065322887, 42.53368332306084199 ) ) ;
#3387 = LINE ( 'NONE', #4233, #3928 ) ;
#3388 = LINE ( 'NONE', #122, #126 ) ;
#3389 = CARTESIAN_POINT ( 'NONE',  ( 0.000000000000000000, 0.000000000000000000, 64.20000000000000284 ) ) ;
#3390 = DIRECTION ( 'NONE',  ( -0.000000000000000000, -0.000000000000000000, 1.000000000000000000 ) ) ;
#3391 = EDGE_LOOP ( 'NONE', ( #4910, #242, #2866, #3743, #1028, #1893, #1315, #1455, #626, #3024, #2564, #3831, #2172, #4131, #3324, #2158, #1135, #1511, #3150, #3019, #430, #4396, #513, #432, #3439, #499, #7, #2565, #1630, #2254, #4120, #891, #4322, #2650, #3436, #3996, #1015, #221, #5234, #2632, #1665, #4686, #1822, #642, #999, #3890, #518, #112, #3467, #5110, #3169, #1763, #834, #2434, #257, #1004, #1506, #4208, #1021, #3924, #2699 ) ) ;
#3392 = DIRECTION ( 'NONE',  ( 1.000000000000000000, 0.000000000000000000, 0.000000000000000000 ) ) ;
#3393 = EDGE_LOOP ( 'NONE', ( #1840, #2260, #4628, #3174 ) ) ;
#3394 = ORIENTED_EDGE ( 'NONE', *, *, #1245, .T. ) ;
#3395 = DIRECTION ( 'NONE',  ( -0.000000000000000000, -0.000000000000000000, -1.000000000000000000 ) ) ;
#3396 = ORIENTED_EDGE ( 'NONE', *, *, #2054, .T. ) ;
#3397 = EDGE_LOOP ( 'NONE', ( #4896, #2349, #1839, #4097, #2451 ) ) ;
#3398 = DIRECTION ( 'NONE',  ( -1.000000000000000000, 0.000000000000000000, 0.000000000000000000 ) ) ;
#3399 = ORIENTED_EDGE ( 'NONE', *, *, #4575, .T. ) ;
#3400 = CARTESIAN_POINT ( 'NONE',  ( 56.10000000000000142, -7.584183710947006496, 58.70000000000000284 ) ) ;
#3401 = ORIENTED_EDGE ( 'NONE', *, *, #3659, .F. ) ;
#3402 = ORIENTED_EDGE ( 'NONE', *, *, #3937, .F. ) ;
#3403 = EDGE_CURVE ( 'NONE', #1046, #1198, #1875, .T. ) ;
#3404 = ORIENTED_EDGE ( 'NONE', *, *, #4137, .F. ) ;
#3405 = EDGE_CURVE ( 'NONE', #2709, #4225, #1170, .T. ) ;
#3406 = FACE_OUTER_BOUND ( 'NONE', #1256, .T. ) ;
#3407 = CARTESIAN_POINT ( 'NONE',  ( -42.10828435888745958, -77.32848691362760007, 64.20000000000000284 ) ) ;
#3408 = DIRECTION ( 'NONE',  ( 1.000000000000000000, 0.000000000000000000, 0.000000000000000000 ) ) ;
#3409 = FACE_OUTER_BOUND ( 'NONE', #3544, .T. ) ;
#3410 = DIRECTION ( 'NONE',  ( -0.000000000000000000, -0.000000000000000000, 1.000000000000000000 ) ) ;
#3411 = DIRECTION ( 'NONE',  ( 0.000000000000000000, 1.000000000000000000, 0.000000000000000000 ) ) ;
#3412 = VERTEX_POINT ( 'NONE', #3487 ) ;
#3413 = FACE_OUTER_BOUND ( 'NONE', #3393, .T. ) ;
#3414 = ORIENTED_EDGE ( 'NONE', *, *, #4738, .F. ) ;
#3415 = VERTEX_POINT ( 'NONE', #4713 ) ;
#3416 = LINE ( 'NONE', #1788, #1044 ) ;
#3417 = CARTESIAN_POINT ( 'NONE',  ( -44.29707454440323744, 77.19114138301438288, 40.99544277063385067 ) ) ;
#3418 = EDGE_LOOP ( 'NONE', ( #2169, #5249, #4636, #4215 ) ) ;
#3419 = ORIENTED_EDGE ( 'NONE', *, *, #2817, .F. ) ;
#3420 = VERTEX_POINT ( 'NONE', #5134 ) ;
#3421 = CARTESIAN_POINT ( 'NONE',  ( -73.04758842367741067, 50.72150443593272229, 39.96088993555760283 ) ) ;
#3422 = CARTESIAN_POINT ( 'NONE',  ( -45.13578937871182006, 77.86406438161181143, 41.23221612547456516 ) ) ;
#3423 = ORIENTED_EDGE ( 'NONE', *, *, #3566, .F. ) ;
#3424 = PLANE ( 'NONE',  #2870 ) ;
#3425 = EDGE_CURVE ( 'NONE', #2257, #2240, #5080, .T. ) ;
#3426 = ORIENTED_EDGE ( 'NONE', *, *, #364, .T. ) ;
#3427 = ORIENTED_EDGE ( 'NONE', *, *, #2850, .F. ) ;
#3428 = ORIENTED_EDGE ( 'NONE', *, *, #827, .T. ) ;
#3429 = AXIS2_PLACEMENT_3D ( 'NONE', #1972, #2379, #407 ) ;
#3430 = CARTESIAN_POINT ( 'NONE',  ( 58.30000000000000426, -6.584183710947000279, 5.500000000000005329 ) ) ;
#3431 = EDGE_CURVE ( 'NONE', #370, #3222, #3122, .T. ) ;
#3432 = CARTESIAN_POINT ( 'NONE',  ( 42.10828435888752352, 77.32848691362755744, 0.000000000000000000 ) ) ;
#3433 = EDGE_CURVE ( 'NONE', #4440, #1940, #4305, .T. ) ;
#3434 = DIRECTION ( 'NONE',  ( 0.000000000000000000, -0.7071067811865426878, 0.7071067811865523467 ) ) ;
#3435 = PLANE ( 'NONE',  #1826 ) ;
#3436 = ORIENTED_EDGE ( 'NONE', *, *, #305, .F. ) ;
#3437 = ADVANCED_FACE ( 'NONE', ( #1499 ), #3684, .F. ) ;
#3438 = VECTOR ( 'NONE', #1002, 1000.000000000000000 ) ;
#3439 = ORIENTED_EDGE ( 'NONE', *, *, #1602, .F. ) ;
#3440 = CARTESIAN_POINT ( 'NONE',  ( -88.74119674649423928, -15.00000000000000355, 53.59794675242655870 ) ) ;
#3441 = DIRECTION ( 'NONE',  ( 1.000000000000000000, 0.000000000000000000, 0.000000000000000000 ) ) ;
#3442 = ORIENTED_EDGE ( 'NONE', *, *, #851, .T. ) ;
#3443 = CARTESIAN_POINT ( 'NONE',  ( 44.71393728141391222, -75.85160718662316981, 0.000000000000000000 ) ) ;
#3444 = ADVANCED_FACE ( 'NONE', ( #2055 ), #2818, .F. ) ;
#3445 = CARTESIAN_POINT ( 'NONE',  ( 56.10000000000000142, 6.584183710946994950, 58.70000000000000284 ) ) ;
#3446 = AXIS2_PLACEMENT_3D ( 'NONE', #3673, #2111, #3288 ) ;
#3447 = VERTEX_POINT ( 'NONE', #3191 ) ;
#3448 = FACE_OUTER_BOUND ( 'NONE', #1847, .T. ) ;
#3449 = CARTESIAN_POINT ( 'NONE',  ( -46.10375113342211506, 75.65189421945991910, 43.42889373468055680 ) ) ;
#3450 = VECTOR ( 'NONE', #3949, 1000.000000000000000 ) ;
#3451 = ORIENTED_EDGE ( 'NONE', *, *, #4580, .F. ) ;
#3452 = ORIENTED_EDGE ( 'NONE', *, *, #732, .F. ) ;
#3453 = AXIS2_PLACEMENT_3D ( 'NONE', #2901, #2498, #3588 ) ;
#3454 = AXIS2_PLACEMENT_3D ( 'NONE', #1696, #3773, #3308 ) ;
#3455 = CARTESIAN_POINT ( 'NONE',  ( -72.84030859463375407, 50.29371846906530408, 39.32989016039272911 ) ) ;
#3456 = DIRECTION ( 'NONE',  ( -1.000000000000000000, -0.000000000000000000, -0.000000000000000000 ) ) ;
#3457 = CARTESIAN_POINT ( 'NONE',  ( -45.91429192397101389, 75.13108742138882690, 43.55342721595123123 ) ) ;
#3458 = ORIENTED_EDGE ( 'NONE', *, *, #3049, .T. ) ;
#3459 = VECTOR ( 'NONE', #2779, 1000.000000000000000 ) ;
#3460 = AXIS2_PLACEMENT_3D ( 'NONE', #1373, #5060, #2229 ) ;
#3461 = EDGE_LOOP ( 'NONE', ( #3839, #3399, #1055, #5089 ) ) ;
#3462 = VECTOR ( 'NONE', #1594, 1000.000000000000000 ) ;
#3463 = CIRCLE ( 'NONE', #1151, 88.04999999999999716 ) ;
#3464 = CARTESIAN_POINT ( 'NONE',  ( 58.30000000000000426, -2.662569822472603764, 47.70000000000000995 ) ) ;
#3465 = CARTESIAN_POINT ( 'NONE',  ( -88.83037233535098665, 14.46273738101449524, 42.71066378257648921 ) ) ;
#3466 = CARTESIAN_POINT ( 'NONE',  ( -70.28775588941650199, 53.03299257273917533, 20.59209802781502319 ) ) ;
#3467 = ORIENTED_EDGE ( 'NONE', *, *, #3313, .T. ) ;
#3468 = ADVANCED_FACE ( 'NONE', ( #355 ), #4814, .F. ) ;
#3469 = ORIENTED_EDGE ( 'NONE', *, *, #1570, .T. ) ;
#3470 = EDGE_CURVE ( 'NONE', #596, #2536, #3298, .T. ) ;
#3471 = LINE ( 'NONE', #5006, #4195 ) ;
#3472 = AXIS2_PLACEMENT_3D ( 'NONE', #3268, #3220, #4863 ) ;
#3473 = LINE ( 'NONE', #3067, #4963 ) ;
#3474 = ORIENTED_EDGE ( 'NONE', *, *, #3107, .F. ) ;
#3475 = DIRECTION ( 'NONE',  ( 0.000000000000000000, -1.000000000000000000, 0.000000000000000000 ) ) ;
#3476 = VERTEX_POINT ( 'NONE', #3606 ) ;
#3477 = ADVANCED_FACE ( 'NONE', ( #1182 ), #4021, .F. ) ;
#3478 = DIRECTION ( 'NONE',  ( -0.000000000000000000, -0.000000000000000000, 1.000000000000000000 ) ) ;
#3479 = DIRECTION ( 'NONE',  ( 0.000000000000000000, 0.000000000000000000, -1.000000000000000000 ) ) ;
#3480 = DIRECTION ( 'NONE',  ( 0.000000000000000000, -1.000000000000000000, 0.000000000000000000 ) ) ;
#3481 = ORIENTED_EDGE ( 'NONE', *, *, #827, .F. ) ;
#3482 = VERTEX_POINT ( 'NONE', #1157 ) ;
#3483 = CARTESIAN_POINT ( 'NONE',  ( -49.33374500594402434, 75.27511349002460861, 44.20000000000000995 ) ) ;
#3484 = DIRECTION ( 'NONE',  ( 1.000000000000000000, 0.000000000000000000, 0.000000000000000000 ) ) ;
#3485 = FACE_OUTER_BOUND ( 'NONE', #3230, .T. ) ;
#3486 = FACE_OUTER_BOUND ( 'NONE', #2706, .T. ) ;
#3487 = CARTESIAN_POINT ( 'NONE',  ( -79.51886184023459236, -37.80943151693352178, 64.20000000000000284 ) ) ;
#3488 = LINE ( 'NONE', #256, #2942 ) ;
#3489 = UNCERTAINTY_MEASURE_WITH_UNIT (LENGTH_MEASURE( 1.000000000000000082E-05 ), #1868, 'distance_accuracy_value', 'NONE');
#3490 = EDGE_LOOP ( 'NONE', ( #1235, #2641, #3900, #4735, #3311, #2588 ) ) ;
#3491 = CARTESIAN_POINT ( 'NONE',  ( -89.50908266857130968, -9.395872378336278530, 59.19999999999999574 ) ) ;
#3492 = CARTESIAN_POINT ( 'NONE',  ( 58.30000000000000426, 4.584183710946993173, 49.70000000000000284 ) ) ;
#3493 = ORIENTED_EDGE ( 'NONE', *, *, #3433, .T. ) ;
#3494 = DIRECTION ( 'NONE',  ( 1.000000000000000000, 0.000000000000000000, 0.000000000000000000 ) ) ;
#3495 = EDGE_CURVE ( 'NONE', #2965, #4515, #2896, .T. ) ;
#3496 = DIRECTION ( 'NONE',  ( -4.630766082236911507E-32, 4.336808689942019708E-16, 1.000000000000000000 ) ) ;
#3497 = ORIENTED_EDGE ( 'NONE', *, *, #4738, .T. ) ;
#3498 = VERTEX_POINT ( 'NONE', #4096 ) ;
#3499 = DIRECTION ( 'NONE',  ( -0.7071067811865463515, 0.7071067811865487940, 0.000000000000000000 ) ) ;
#3500 = CARTESIAN_POINT ( 'NONE',  ( 60.20000000000000284, -34.53259280793893282, 31.82997701453368222 ) ) ;
#3501 = ADVANCED_FACE ( 'NONE', ( #813 ), #466, .T. ) ;
#3502 = DIRECTION ( 'NONE',  ( -1.000000000000000000, 0.000000000000000000, 0.000000000000000000 ) ) ;
#3503 = ORIENTED_EDGE ( 'NONE', *, *, #1364, .F. ) ;
#3504 = EDGE_CURVE ( 'NONE', #4166, #4972, #784, .T. ) ;
#3505 = VERTEX_POINT ( 'NONE', #4788 ) ;
#3506 = CARTESIAN_POINT ( 'NONE',  ( 52.30000000000000426, -4.584183710947005608, 58.70000000000000284 ) ) ;
#3507 = CARTESIAN_POINT ( 'NONE',  ( -87.22859334537207587, -12.00352049128401255, 58.40903579549672031 ) ) ;
#3508 = ORIENTED_EDGE ( 'NONE', *, *, #4066, .F. ) ;
#3509 = CARTESIAN_POINT ( 'NONE',  ( -43.55257079178999646, 76.63983712613280375, 23.68162438849639528 ) ) ;
#3510 = LINE ( 'NONE', #3114, #1907 ) ;
#3511 = VERTEX_POINT ( 'NONE', #838 ) ;
#3512 = VECTOR ( 'NONE', #870, 1000.000000000000000 ) ;
#3513 = DIRECTION ( 'NONE',  ( 1.000000000000000000, 0.000000000000000000, 0.000000000000000000 ) ) ;
#3514 = ORIENTED_EDGE ( 'NONE', *, *, #920, .F. ) ;
#3515 = CARTESIAN_POINT ( 'NONE',  ( -88.94104654385728281, 13.76731904729495959, 56.86423532773046219 ) ) ;
#3516 = VECTOR ( 'NONE', #4892, 1000.000000000000000 ) ;
#3517 = ORIENTED_EDGE ( 'NONE', *, *, #3854, .T. ) ;
#3518 = VERTEX_POINT ( 'NONE', #2008 ) ;
#3519 = DIRECTION ( 'NONE',  ( 0.000000000000000000, 0.7071067811865474617, -0.7071067811865474617 ) ) ;
#3520 = CARTESIAN_POINT ( 'NONE',  ( -71.58635938320405501, -51.26593069728426855, 0.000000000000000000 ) ) ;
#3521 = DIRECTION ( 'NONE',  ( -0.9670745372626462499, 0.2544932992796440918, -0.000000000000000000 ) ) ;
#3522 = VECTOR ( 'NONE', #2785, 1000.000000000000000 ) ;
#3523 = ORIENTED_EDGE ( 'NONE', *, *, #3238, .T. ) ;
#3524 = EDGE_CURVE ( 'NONE', #102, #2805, #2794, .T. ) ;
#3525 = EDGE_CURVE ( 'NONE', #4906, #4098, #384, .T. ) ;
#3526 = CARTESIAN_POINT ( 'NONE',  ( -86.76290970224545163, -14.99999999999999645, 64.20000000000000284 ) ) ;
#3527 = CLOSED_SHELL ( 'NONE', ( #1206, #1889, #1595, #2188, #172, #35, #82, #5023, #4571, #3889, #4908, #691, #3649, #1103, #4006, #2306, #4483, #2263, #4681, #359, #3975, #3625, #5130, #693, #472, #4545, #1599, #3048, #831, #3339, #2658, #2950, #4315, #1871, #4804, #398, #4009, #853, #1248, #3270, #4061, #3080, #1806, #360, #700, #2352, #4897, #2885, #1764, #3468, #4521, #1823, #4648, #3139, #2093, #5191, #1707, #3142, #3279, #5137, #1954, #3687, #2528, #402, #818, #2515, #1732, #1626, #2556, #663, #4640, #4160, #4977, #1864, #2721, #211, #4905, #1922, #5094, #328, #2652, #5180, #2282, #1372, #928, #1800, #4413, #1956, #1, #4446, #3501, #460, #5162, #1538, #2148, #1143, #5151, #4092, #3682, #2581, #139, #1797, #3587, #147, #3371, #1928, #1931, #4415, #3944, #4127, #2128, #25, #5099, #796, #3974, #1771, #5129, #4940, #1980, #2911, #1699, #3534, #2021, #1049, #5032, #2983, #3444, #2323, #4390, #2481, #4284, #4968, #5004, #165, #3437, #1529, #1564, #3678, #4060, #4716, #3383, #3477, #2449, #2222, #2477 ) ) ;
#3528 = DIRECTION ( 'NONE',  ( 1.000000000000000000, -3.203345879408960195E-16, -0.000000000000000000 ) ) ;
#3529 = VERTEX_POINT ( 'NONE', #1977 ) ;
#3530 = VECTOR ( 'NONE', #2644, 1000.000000000000000 ) ;
#3531 = CARTESIAN_POINT ( 'NONE',  ( -45.91429192397128389, 75.13108742138865637, 20.84657278404802128 ) ) ;
#3532 = VECTOR ( 'NONE', #2146, 1000.000000000000000 ) ;
#3533 = LINE ( 'NONE', #3256, #1562 ) ;
#3534 = ADVANCED_FACE ( 'NONE', ( #5205 ), #1582, .F. ) ;
#3535 = VECTOR ( 'NONE', #3966, 1000.000000000000000 ) ;
#3536 = CARTESIAN_POINT ( 'NONE',  ( -45.48546792156183471, 77.03005896122965623, 22.06718082323155983 ) ) ;
#3537 = VECTOR ( 'NONE', #4019, 1000.000000000000000 ) ;
#3538 = CARTESIAN_POINT ( 'NONE',  ( 52.30000000000000426, 4.584183710946992285, 14.50000000000000533 ) ) ;
#3539 = ORIENTED_EDGE ( 'NONE', *, *, #1398, .T. ) ;
#3540 = VECTOR ( 'NONE', #1356, 1000.000000000000000 ) ;
#3541 = VECTOR ( 'NONE', #782, 1000.000000000000000 ) ;
#3542 = CARTESIAN_POINT ( 'NONE',  ( 67.29999999999999716, -18.16256982247260865, 16.00000000000000000 ) ) ;
#3543 = DIRECTION ( 'NONE',  ( 0.000000000000000000, 0.000000000000000000, 1.000000000000000000 ) ) ;
#3544 = EDGE_LOOP ( 'NONE', ( #4493, #2884, #4756, #1786 ) ) ;
#3545 = DIRECTION ( 'NONE',  ( 0.000000000000000000, -1.927470528863118802E-16, 1.000000000000000000 ) ) ;
#3546 = VECTOR ( 'NONE', #2299, 1000.000000000000000 ) ;
#3547 = VECTOR ( 'NONE', #904, 1000.000000000000000 ) ;
#3548 = DIRECTION ( 'NONE',  ( -0.9670745372626462499, 0.2544932992796440918, 0.000000000000000000 ) ) ;
#3549 = CARTESIAN_POINT ( 'NONE',  ( -72.81666382947187799, 51.95514598416326635, 22.46976218203206344 ) ) ;
#3550 = ORIENTED_EDGE ( 'NONE', *, *, #4248, .F. ) ;
#3551 = CIRCLE ( 'NONE', #3964, 1.399999999999998579 ) ;
#3552 = ORIENTED_EDGE ( 'NONE', *, *, #2742, .F. ) ;
#3553 = CARTESIAN_POINT ( 'NONE',  ( -89.54886933959579665, 9.000000000000003553, 39.20000000000000995 ) ) ;
#3554 = CARTESIAN_POINT ( 'NONE',  ( -45.91429192397102810, 75.13108742138884111, 14.20000000000000462 ) ) ;
#3555 = CARTESIAN_POINT ( 'NONE',  ( 58.29999999999999716, -18.16256982247260510, 16.00000000000000000 ) ) ;
#3556 = CARTESIAN_POINT ( 'NONE',  ( 60.20000000000000284, -12.43259280793859034, 9.729977014534082258 ) ) ;
#3557 = DIRECTION ( 'NONE',  ( 1.000000000000000000, 0.000000000000000000, 0.000000000000000000 ) ) ;
#3558 = ORIENTED_EDGE ( 'NONE', *, *, #3238, .F. ) ;
#3559 = EDGE_CURVE ( 'NONE', #1503, #249, #3214, .T. ) ;
#3560 = CARTESIAN_POINT ( 'NONE',  ( 58.30000000000000426, 1.000000000000000000, 64.20000000000000284 ) ) ;
#3561 = DIRECTION ( 'NONE',  ( -0.000000000000000000, -0.000000000000000000, 1.000000000000000000 ) ) ;
#3562 = CARTESIAN_POINT ( 'NONE',  ( 52.30000000000000426, -6.584183710947005608, 5.500000000000005329 ) ) ;
#3563 = CARTESIAN_POINT ( 'NONE',  ( -73.50465892803697443, 51.93374839727264458, 23.18611559181312032 ) ) ;
#3564 = EDGE_CURVE ( 'NONE', #1253, #1705, #1761, .T. ) ;
#3565 = ORIENTED_EDGE ( 'NONE', *, *, #601, .T. ) ;
#3566 = EDGE_CURVE ( 'NONE', #1770, #2891, #4048, .T. ) ;
#3567 = ORIENTED_EDGE ( 'NONE', *, *, #1866, .F. ) ;
#3568 = CARTESIAN_POINT ( 'NONE',  ( 67.29999999999999716, 3.162569822472589109, 48.20000000000000995 ) ) ;
#3569 = LINE ( 'NONE', #4717, #1655 ) ;
#3570 = CARTESIAN_POINT ( 'NONE',  ( 0.000000000000000000, 0.000000000000000000, 44.20000000000000284 ) ) ;
#3571 = ORIENTED_EDGE ( 'NONE', *, *, #852, .T. ) ;
#3572 = LINE ( 'NONE', #2930, #3512 ) ;
#3573 = ORIENTED_EDGE ( 'NONE', *, *, #464, .F. ) ;
#3574 = ORIENTED_EDGE ( 'NONE', *, *, #574, .F. ) ;
#3575 = FACE_OUTER_BOUND ( 'NONE', #159, .T. ) ;
#3576 = CARTESIAN_POINT ( 'NONE',  ( -81.30638762617390114, 33.79458286741174078, 14.20000000000000462 ) ) ;
#3577 = DIRECTION ( 'NONE',  ( -0.000000000000000000, -0.000000000000000000, 1.000000000000000000 ) ) ;
#3578 = FACE_BOUND ( 'NONE', #5020, .T. ) ;
#3579 = CARTESIAN_POINT ( 'NONE',  ( -59.36323934333110941, -65.02928812978341000, 64.20000000000000284 ) ) ;
#3580 = CARTESIAN_POINT ( 'NONE',  ( 9.996586217760409454, -87.48068794877463006, 0.000000000000000000 ) ) ;
#3581 = ORIENTED_EDGE ( 'NONE', *, *, #1181, .F. ) ;
#3582 = CARTESIAN_POINT ( 'NONE',  ( 58.30000000000000426, 18.16256982247259089, 16.00000000000000000 ) ) ;
#3583 = CARTESIAN_POINT ( 'NONE',  ( -85.95653179167072722, -19.08604574938172149, -35.79999999999999716 ) ) ;
#3584 = ORIENTED_EDGE ( 'NONE', *, *, #794, .F. ) ;
#3585 = FACE_OUTER_BOUND ( 'NONE', #3055, .T. ) ;
#3586 = EDGE_CURVE ( 'NONE', #2582, #3412, #3551, .T. ) ;
#3587 = ADVANCED_FACE ( 'NONE', ( #4148 ), #3424, .T. ) ;
#3588 = DIRECTION ( 'NONE',  ( 1.000000000000000000, 0.000000000000000000, 0.000000000000000000 ) ) ;
#3589 = CYLINDRICAL_SURFACE ( 'NONE', #3704, 1.399999999999998579 ) ;
#3590 = VERTEX_POINT ( 'NONE', #1388 ) ;
#3591 = CARTESIAN_POINT ( 'NONE',  ( 60.20000000000000284, 3.162569822472589109, 60.20000000000000284 ) ) ;
#3592 = DIRECTION ( 'NONE',  ( 0.000000000000000000, 0.000000000000000000, 1.000000000000000000 ) ) ;
#3593 = VERTEX_POINT ( 'NONE', #4125 ) ;
#3594 = DIRECTION ( 'NONE',  ( -0.7071067811865487940, -0.7071067811865463515, 0.000000000000000000 ) ) ;
#3595 = CARTESIAN_POINT ( 'NONE',  ( 58.30000000000000426, 2.662569822472591330, 16.49999999999999289 ) ) ;
#3596 = AXIS2_PLACEMENT_3D ( 'NONE', #1682, #3317, #1285 ) ;
#3597 = EDGE_CURVE ( 'NONE', #1652, #3685, #1075, .T. ) ;
#3598 = VECTOR ( 'NONE', #3917, 1000.000000000000000 ) ;
#3599 = LINE ( 'NONE', #5196, #1643 ) ;
#3600 = FACE_OUTER_BOUND ( 'NONE', #919, .T. ) ;
#3601 = DIRECTION ( 'NONE',  ( 0.000000000000000000, 0.000000000000000000, 1.000000000000000000 ) ) ;
#3602 = AXIS2_PLACEMENT_3D ( 'NONE', #996, #1872, #4725 ) ;
#3603 = VERTEX_POINT ( 'NONE', #4626 ) ;
#3604 = CARTESIAN_POINT ( 'NONE',  ( -88.04793931535623130, 0.6023971442046425206, 0.000000000000000000 ) ) ;
#3605 = LINE ( 'NONE', #1580, #3285 ) ;
#3606 = CARTESIAN_POINT ( 'NONE',  ( 58.30000000000000426, 4.584183710946993173, 14.50000000000000533 ) ) ;
#3607 = VECTOR ( 'NONE', #5243, 1000.000000000000000 ) ;
#3608 = CARTESIAN_POINT ( 'NONE',  ( -73.09852767358552228, 52.50413050058597975, 22.22628649441339732 ) ) ;
#3609 = DIRECTION ( 'NONE',  ( -1.000000000000000000, -1.067781959802986485E-16, -0.000000000000000000 ) ) ;
#3610 = CIRCLE ( 'NONE', #1322, 1.399999999999988143 ) ;
#3611 = AXIS2_PLACEMENT_3D ( 'NONE', #4529, #4501, #871 ) ;
#3612 = DIRECTION ( 'NONE',  ( 1.000000000000000000, 0.000000000000000000, 0.000000000000000000 ) ) ;
#3613 = LINE ( 'NONE', #5183, #1240 ) ;
#3614 = LINE ( 'NONE', #2499, #570 ) ;
#3615 = ORIENTED_EDGE ( 'NONE', *, *, #4996, .F. ) ;
#3616 = FACE_OUTER_BOUND ( 'NONE', #2110, .T. ) ;
#3617 = CIRCLE ( 'NONE', #1995, 1.400000000000005462 ) ;
#3618 = CIRCLE ( 'NONE', #3123, 88.04999999999999716 ) ;
#3619 = CARTESIAN_POINT ( 'NONE',  ( 26.44926541907807405, 83.98356302748270252, 64.20000000000000284 ) ) ;
#3620 = EDGE_CURVE ( 'NONE', #4229, #343, #4921, .T. ) ;
#3621 = VECTOR ( 'NONE', #3411, 1000.000000000000000 ) ;
#3623 = AXIS2_PLACEMENT_3D ( 'NONE', #391, #2413, #4441 ) ;
#3622 = LINE ( 'NONE', #5221, #3462 ) ;
#3624 = ORIENTED_EDGE ( 'NONE', *, *, #3816, .F. ) ;
#3625 = ADVANCED_FACE ( 'NONE', ( #497 ), #2996, .F. ) ;
#3626 = AXIS2_PLACEMENT_3D ( 'NONE', #2015, #2470, #5214 ) ;
#3627 = EDGE_CURVE ( 'NONE', #4376, #169, #1772, .T. ) ;
#3628 = CARTESIAN_POINT ( 'NONE',  ( 67.29999999999999716, -18.16256982247260865, 16.00000000000000000 ) ) ;
#3629 = DIRECTION ( 'NONE',  ( -0.000000000000000000, -0.000000000000000000, 1.000000000000000000 ) ) ;
#3630 = CARTESIAN_POINT ( 'NONE',  ( -73.96853964230159306, 51.27041196621358665, 64.20000000000000284 ) ) ;
#3631 = ORIENTED_EDGE ( 'NONE', *, *, #3137, .T. ) ;
#3632 = CARTESIAN_POINT ( 'NONE',  ( -88.74119674649422507, 14.99999999999999645, 53.20000000000000995 ) ) ;
#3633 = DIRECTION ( 'NONE',  ( 0.000000000000000000, 7.228014483236698281E-17, 1.000000000000000000 ) ) ;
#3634 = CARTESIAN_POINT ( 'NONE',  ( 52.30000000000000426, 6.584183710946994061, 5.500000000000005329 ) ) ;
#3635 = VERTEX_POINT ( 'NONE', #3400 ) ;
#3636 = ORIENTED_EDGE ( 'NONE', *, *, #3817, .F. ) ;
#3637 = CARTESIAN_POINT ( 'NONE',  ( 67.29999999999999716, 18.16256982247259089, 60.20000000000000284 ) ) ;
#3638 = DIRECTION ( 'NONE',  ( 0.000000000000000000, 1.000000000000000000, -0.000000000000000000 ) ) ;
#3639 = CARTESIAN_POINT ( 'NONE',  ( -87.43878570892233881, 10.35848980896169813, 59.04743593254163869 ) ) ;
#3640 = CARTESIAN_POINT ( 'NONE',  ( 56.10000000000000142, -7.584183710947006496, 49.70000000000000284 ) ) ;
#3641 = CYLINDRICAL_SURFACE ( 'NONE', #3848, 1.400000000000012346 ) ;
#3642 = DIRECTION ( 'NONE',  ( -2.135563919605973464E-16, -1.000000000000000000, 0.000000000000000000 ) ) ;
#3643 = CARTESIAN_POINT ( 'NONE',  ( -72.91418460728232276, 50.40921077548575369, 24.92596724821511245 ) ) ;
#3644 = VERTEX_POINT ( 'NONE', #1363 ) ;
#3645 = DIRECTION ( 'NONE',  ( 0.000000000000000000, 0.000000000000000000, 1.000000000000000000 ) ) ;
#3646 = EDGE_CURVE ( 'NONE', #4585, #4615, #4947, .T. ) ;
#3647 = LINE ( 'NONE', #1497, #3607 ) ;
#3648 = CARTESIAN_POINT ( 'NONE',  ( 59.79999999999999716, -65.98418371094696511, 64.20000000000000284 ) ) ;
#3649 = ADVANCED_FACE ( 'NONE', ( #3025 ), #2196, .F. ) ;
#3650 = CARTESIAN_POINT ( 'NONE',  ( 58.30000000000000426, 6.584183710946994950, 5.500000000000005329 ) ) ;
#3651 = EDGE_CURVE ( 'NONE', #4646, #4017, #4715, .T. ) ;
#3652 = FACE_OUTER_BOUND ( 'NONE', #2598, .T. ) ;
#3653 = EDGE_CURVE ( 'NONE', #3603, #2216, #4519, .T. ) ;
#3654 = ORIENTED_EDGE ( 'NONE', *, *, #5244, .T. ) ;
#3655 = DIRECTION ( 'NONE',  ( -1.000000000000000000, 1.776356839400250780E-14, 0.000000000000000000 ) ) ;
#3656 = CARTESIAN_POINT ( 'NONE',  ( -72.90651488184388995, 51.82155121790034968, 41.72195373371382487 ) ) ;
#3657 = CYLINDRICAL_SURFACE ( 'NONE', #4427, 5.999999999999998224 ) ;
#3658 = DIRECTION ( 'NONE',  ( 1.000000000000000000, 0.000000000000000000, 0.000000000000000000 ) ) ;
#3659 = EDGE_CURVE ( 'NONE', #4549, #941, #2090, .T. ) ;
#3660 = ORIENTED_EDGE ( 'NONE', *, *, #2651, .T. ) ;
#3661 = CARTESIAN_POINT ( 'NONE',  ( 60.20000000000000284, -2.662569822472605097, 3.500000000000010214 ) ) ;
#3662 = CARTESIAN_POINT ( 'NONE',  ( 52.30000000000000426, -6.584183710947005608, 5.500000000000005329 ) ) ;
#3663 = FACE_OUTER_BOUND ( 'NONE', #3245, .T. ) ;
#3664 = DIRECTION ( 'NONE',  ( 1.000000000000000000, 0.000000000000000000, 0.000000000000000000 ) ) ;
#3665 = CARTESIAN_POINT ( 'NONE',  ( -73.24376675488902322, 52.30105512806523649, 41.87555152536859993 ) ) ;
#3666 = CARTESIAN_POINT ( 'NONE',  ( 67.29999999999999716, 2.662569822472592662, 60.69999999999999574 ) ) ;
#3667 = CARTESIAN_POINT ( 'NONE',  ( -88.04793931535624552, 0.6023971442046426317, 14.20000000000000462 ) ) ;
#3668 = DIRECTION ( 'NONE',  ( -1.000000000000000000, 0.000000000000000000, -0.000000000000000000 ) ) ;
#3669 = ORIENTED_EDGE ( 'NONE', *, *, #2719, .T. ) ;
#3670 = LINE ( 'NONE', #2908, #2002 ) ;
#3671 = ORIENTED_EDGE ( 'NONE', *, *, #2425, .T. ) ;
#3672 = CIRCLE ( 'NONE', #1377, 1.399999999999998579 ) ;
#3673 = CARTESIAN_POINT ( 'NONE',  ( 52.30000000000000426, -6.584183710947005608, 58.70000000000000284 ) ) ;
#3674 = DIRECTION ( 'NONE',  ( 0.000000000000000000, 0.000000000000000000, 1.000000000000000000 ) ) ;
#3675 = DIRECTION ( 'NONE',  ( -2.135563919605973464E-16, -1.000000000000000000, 0.000000000000000000 ) ) ;
#3676 = ORIENTED_EDGE ( 'NONE', *, *, #334, .T. ) ;
#3677 = EDGE_CURVE ( 'NONE', #744, #4376, #966, .T. ) ;
#3678 = ADVANCED_FACE ( 'NONE', ( #1292 ), #1344, .F. ) ;
#3679 = AXIS2_PLACEMENT_3D ( 'NONE', #1734, #3837, #2990 ) ;
#3680 = CARTESIAN_POINT ( 'NONE',  ( 58.30000000000000426, 18.16256982247259089, 60.20000000000000284 ) ) ;
#3681 = CARTESIAN_POINT ( 'NONE',  ( 52.30000000000000426, 6.584183710946994061, 5.500000000000005329 ) ) ;
#3682 = ADVANCED_FACE ( 'NONE', ( #3741 ), #90, .T. ) ;
#3683 = ORIENTED_EDGE ( 'NONE', *, *, #4095, .F. ) ;
#3684 = CYLINDRICAL_SURFACE ( 'NONE', #3796, 1.400000000000012346 ) ;
#3685 = VERTEX_POINT ( 'NONE', #2952 ) ;
#3686 = PLANE ( 'NONE',  #3281 ) ;
#3687 = ADVANCED_FACE ( 'NONE', ( #4550 ), #916, .F. ) ;
#3688 = LINE ( 'NONE', #3723, #5042 ) ;
#3689 = CARTESIAN_POINT ( 'NONE',  ( -86.85414381348965662, 14.46257356416070294, 55.68969717274033115 ) ) ;
#3690 = CARTESIAN_POINT ( 'NONE',  ( 56.10000000000000142, -6.584183710947007384, 49.70000000000000284 ) ) ;
#3691 = VECTOR ( 'NONE', #4319, 1000.000000000000000 ) ;
#3692 = FACE_BOUND ( 'NONE', #2041, .T. ) ;
#3693 = DIRECTION ( 'NONE',  ( 1.067781959802986485E-16, -1.000000000000000000, 3.336006684570787046E-17 ) ) ;
#3694 = DIRECTION ( 'NONE',  ( -2.135563919605973464E-16, -1.000000000000000000, 0.000000000000000000 ) ) ;
#3695 = CARTESIAN_POINT ( 'NONE',  ( -71.82671990917270932, 52.52211703894542438, 21.39651356966443529 ) ) ;
#3696 = AXIS2_PLACEMENT_3D ( 'NONE', #2060, #841, #1691 ) ;
#3697 = VECTOR ( 'NONE', #973, 1000.000000000000000 ) ;
#3698 = ORIENTED_EDGE ( 'NONE', *, *, #69, .F. ) ;
#3699 = DIRECTION ( 'NONE',  ( -1.000000000000000000, 0.000000000000000000, 0.000000000000000000 ) ) ;
#3700 = EDGE_LOOP ( 'NONE', ( #2343, #4624, #4471, #4649 ) ) ;
#3701 = STYLED_ITEM ( 'NONE', ( #4242 ), #2423 ) ;
#3702 = CIRCLE ( 'NONE', #2773, 1.400000000000005462 ) ;
#3703 = CYLINDRICAL_SURFACE ( 'NONE', #4201, 88.04999999999999716 ) ;
#3704 = AXIS2_PLACEMENT_3D ( 'NONE', #5086, #1084, #5184 ) ;
#3705 = VECTOR ( 'NONE', #3947, 1000.000000000000000 ) ;
#3706 = DIRECTION ( 'NONE',  ( 0.000000000000000000, 1.734723475976807834E-16, -1.000000000000000000 ) ) ;
#3707 = FILL_AREA_STYLE ('',( #2077 ) ) ;
#3708 = CARTESIAN_POINT ( 'NONE',  ( -89.50908970457018654, -9.395802371031662048, 39.20000000000000995 ) ) ;
#3709 = ORIENTED_EDGE ( 'NONE', *, *, #599, .F. ) ;
#3710 = AXIS2_PLACEMENT_3D ( 'NONE', #3583, #2872, #764 ) ;
#3711 = ORIENTED_EDGE ( 'NONE', *, *, #3470, .F. ) ;
#3712 = AXIS2_PLACEMENT_3D ( 'NONE', #3744, #1270, #2899 ) ;
#3713 = DIRECTION ( 'NONE',  ( -0.000000000000000000, -0.000000000000000000, -1.000000000000000000 ) ) ;
#3714 = CARTESIAN_POINT ( 'NONE',  ( -86.24912599966702942, -17.71696261478141210, 14.20000000000000462 ) ) ;
#3715 = DIRECTION ( 'NONE',  ( -1.000000000000000000, 0.000000000000000000, 0.000000000000000000 ) ) ;
#3716 = AXIS2_PLACEMENT_3D ( 'NONE', #4595, #3822, #3766 ) ;
#3717 = EDGE_LOOP ( 'NONE', ( #4271, #4161, #1524, #4401, #3615, #4849, #5233, #5248 ) ) ;
#3718 = CARTESIAN_POINT ( 'NONE',  ( 27.78122329753292519, 83.55241547730750540, 14.20000000000000462 ) ) ;
#3719 = EDGE_CURVE ( 'NONE', #4817, #2119, #575, .T. ) ;
#3720 = EDGE_LOOP ( 'NONE', ( #4600, #882, #1845, #2619 ) ) ;
#3721 = ORIENTED_EDGE ( 'NONE', *, *, #5194, .F. ) ;
#3722 = CARTESIAN_POINT ( 'NONE',  ( 57.16748921991840149, 66.96775848339643744, 64.20000000000000284 ) ) ;
#3723 = CARTESIAN_POINT ( 'NONE',  ( 56.10000000000000142, -7.584183710947006496, 49.70000000000000284 ) ) ;
#3724 = LINE ( 'NONE', #2201, #1411 ) ;
#3725 = DIRECTION ( 'NONE',  ( -0.7071067811865487940, -0.7071067811865463515, 0.000000000000000000 ) ) ;
#3726 = EDGE_CURVE ( 'NONE', #1014, #2155, #145, .T. ) ;
#3727 = CARTESIAN_POINT ( 'NONE',  ( -71.30976019212170058, 54.90859663507312405, 44.00035519455881428 ) ) ;
#3728 = CARTESIAN_POINT ( 'NONE',  ( 60.20000000000000284, 66.90261579340526055, 64.20000000000000284 ) ) ;
#3729 = CARTESIAN_POINT ( 'NONE',  ( 60.20000000000000284, 3.162569822472584669, 64.20000000000000284 ) ) ;
#3730 = DIRECTION ( 'NONE',  ( -1.000000000000000000, 3.203345879408960195E-16, 0.000000000000000000 ) ) ;
#3731 = ORIENTED_EDGE ( 'NONE', *, *, #2977, .T. ) ;
#3732 = DIRECTION ( 'NONE',  ( 4.116236517543920428E-32, 1.927470528863118802E-16, -1.000000000000000000 ) ) ;
#3733 = VERTEX_POINT ( 'NONE', #4275 ) ;
#3734 = ORIENTED_EDGE ( 'NONE', *, *, #3304, .F. ) ;
#3735 = CYLINDRICAL_SURFACE ( 'NONE', #361, 88.04999999999999716 ) ;
#3736 = CARTESIAN_POINT ( 'NONE',  ( 56.10000000000000142, 7.584183710946994061, 49.70000000000000284 ) ) ;
#3737 = VERTEX_POINT ( 'NONE', #602 ) ;
#3738 = VERTEX_POINT ( 'NONE', #702 ) ;
#3739 = CARTESIAN_POINT ( 'NONE',  ( 52.30000000000000426, 6.584183710946992285, 14.50000000000000533 ) ) ;
#3740 = ORIENTED_EDGE ( 'NONE', *, *, #1208, .F. ) ;
#3741 = FACE_OUTER_BOUND ( 'NONE', #1615, .T. ) ;
#3742 = EDGE_LOOP ( 'NONE', ( #5014, #4941, #258, #449 ) ) ;
#3743 = ORIENTED_EDGE ( 'NONE', *, *, #4066, .T. ) ;
#3744 = CARTESIAN_POINT ( 'NONE',  ( 67.29999999999999716, -2.662569822472607317, 60.69999999999999574 ) ) ;
#3745 = PLANE ( 'NONE',  #644 ) ;
#3746 = CARTESIAN_POINT ( 'NONE',  ( 67.29999999999999716, 2.662569822472592662, 60.69999999999999574 ) ) ;
#3747 = CARTESIAN_POINT ( 'NONE',  ( 26.44926541907807405, 83.98356302748270252, 0.000000000000000000 ) ) ;
#3748 = CARTESIAN_POINT ( 'NONE',  ( 0.000000000000000000, 0.000000000000000000, 59.20000000000000995 ) ) ;
#3749 = FACE_BOUND ( 'NONE', #4689, .T. ) ;
#3750 = FACE_BOUND ( 'NONE', #656, .T. ) ;
#3751 = EDGE_CURVE ( 'NONE', #30, #930, #297, .T. ) ;
#3752 = EDGE_LOOP ( 'NONE', ( #1064, #3020, #2630, #3824 ) ) ;
#3753 = EDGE_CURVE ( 'NONE', #2665, #689, #3871, .T. ) ;
#3754 = EDGE_CURVE ( 'NONE', #5005, #157, #4209, .T. ) ;
#3755 = CARTESIAN_POINT ( 'NONE',  ( -27.78122329753344744, -83.55241547730733487, 14.20000000000000462 ) ) ;
#3756 = EDGE_LOOP ( 'NONE', ( #3394, #2403, #2325, #1790, #2504, #2722, #955, #2380, #299, #435 ) ) ;
#3757 = DIRECTION ( 'NONE',  ( -0.000000000000000000, 0.000000000000000000, 1.000000000000000000 ) ) ;
#3758 = EDGE_CURVE ( 'NONE', #2836, #310, #4302, .T. ) ;
#3759 = LINE ( 'NONE', #107, #1829 ) ;
#3760 = EDGE_LOOP ( 'NONE', ( #5035, #4544, #2662, #4868 ) ) ;
#3761 = EDGE_LOOP ( 'NONE', ( #2988, #865, #4677, #3382, #4745, #1781 ) ) ;
#3762 = CIRCLE ( 'NONE', #1459, 88.04999999999999716 ) ;
#3763 = CARTESIAN_POINT ( 'NONE',  ( -72.81072177852593086, 50.25290823519427619, 39.28703603543013401 ) ) ;
#3764 = DIRECTION ( 'NONE',  ( 0.000000000000000000, 1.000000000000000000, 0.000000000000000000 ) ) ;
#3765 = ORIENTED_EDGE ( 'NONE', *, *, #3148, .T. ) ;
#3766 = DIRECTION ( 'NONE',  ( 1.000000000000000000, 0.000000000000000000, 0.000000000000000000 ) ) ;
#3767 = ORIENTED_EDGE ( 'NONE', *, *, #3118, .F. ) ;
#3768 = VECTOR ( 'NONE', #1647, 1000.000000000000000 ) ;
#3769 = ORIENTED_EDGE ( 'NONE', *, *, #2130, .F. ) ;
#3770 = FACE_OUTER_BOUND ( 'NONE', #5029, .T. ) ;
#3771 = DIRECTION ( 'NONE',  ( 0.000000000000000000, 0.000000000000000000, -1.000000000000000000 ) ) ;
#3772 = CARTESIAN_POINT ( 'NONE',  ( -86.55593684531910981, 16.15154162391729287, 0.000000000000000000 ) ) ;
#3773 = DIRECTION ( 'NONE',  ( -0.000000000000000000, -0.000000000000000000, -1.000000000000000000 ) ) ;
#3774 = FACE_OUTER_BOUND ( 'NONE', #451, .T. ) ;
#3775 = CARTESIAN_POINT ( 'NONE',  ( -72.42094963837104160, 52.31075474720407925, 21.88400286007207640 ) ) ;
#3776 = ORIENTED_EDGE ( 'NONE', *, *, #3338, .T. ) ;
#3777 = AXIS2_PLACEMENT_3D ( 'NONE', #4767, #1133, #3149 ) ;
#3778 = DIRECTION ( 'NONE',  ( -0.000000000000000000, -0.000000000000000000, 1.000000000000000000 ) ) ;
#3779 = CARTESIAN_POINT ( 'NONE',  ( -88.02257628285772739, -2.197399492239359819, 64.20000000000000284 ) ) ;
#3780 = ORIENTED_EDGE ( 'NONE', *, *, #4192, .T. ) ;
#3781 = EDGE_CURVE ( 'NONE', #1336, #3014, #2242, .T. ) ;
#3782 = ORIENTED_EDGE ( 'NONE', *, *, #4645, .F. ) ;
#3783 = CIRCLE ( 'NONE', #801, 1.400000000000012346 ) ;
#3784 = DIRECTION ( 'NONE',  ( 0.000000000000000000, 1.000000000000000000, 0.000000000000000000 ) ) ;
#3785 = CARTESIAN_POINT ( 'NONE',  ( -68.96028317598702984, 54.74743687413759829, 44.20000000000000284 ) ) ;
#3786 = AXIS2_PLACEMENT_3D ( 'NONE', #1359, #2991, #4589 ) ;
#3788 = VECTOR ( 'NONE', #2960, 1000.000000000000000 ) ;
#3787 = CARTESIAN_POINT ( 'NONE',  ( -46.12506030235767440, 75.97245034822316256, 43.30595243965308327 ) ) ;
#3789 = EDGE_CURVE ( 'NONE', #1070, #3959, #4885, .T. ) ;
#3790 = ORIENTED_EDGE ( 'NONE', *, *, #3821, .T. ) ;
#3791 = EDGE_CURVE ( 'NONE', #168, #1547, #2219, .T. ) ;
#3792 = VECTOR ( 'NONE', #641, 1000.000000000000000 ) ;
#3793 = VECTOR ( 'NONE', #1355, 1000.000000000000000 ) ;
#3794 = CARTESIAN_POINT ( 'NONE',  ( -45.53780795879040255, 77.62940767316750623, 41.88109296015319671 ) ) ;
#3795 = ORIENTED_EDGE ( 'NONE', *, *, #507, .T. ) ;
#3796 = AXIS2_PLACEMENT_3D ( 'NONE', #5177, #31, #5 ) ;
#3797 = CARTESIAN_POINT ( 'NONE',  ( 58.30000000000000426, -2.662569822472604208, 3.500000000000010214 ) ) ;
#3798 = ORIENTED_EDGE ( 'NONE', *, *, #4873, .T. ) ;
#3799 = ORIENTED_EDGE ( 'NONE', *, *, #2974, .T. ) ;
#3800 = VECTOR ( 'NONE', #252, 1000.000000000000000 ) ;
#3801 = CARTESIAN_POINT ( 'NONE',  ( 0.000000000000000000, 0.000000000000000000, 0.000000000000000000 ) ) ;
#3802 = CYLINDRICAL_SURFACE ( 'NONE', #4038, 90.00000000000000000 ) ;
#3803 = DIRECTION ( 'NONE',  ( 0.000000000000000000, 0.000000000000000000, -1.000000000000000000 ) ) ;
#3804 = DIRECTION ( 'NONE',  ( -0.000000000000000000, -0.000000000000000000, 1.000000000000000000 ) ) ;
#3805 = LINE ( 'NONE', #3729, #2507 ) ;
#3806 = B_SPLINE_CURVE_WITH_KNOTS ( 'NONE', 3,
 ( #3136, #662, #3163, #5078, #1498, #2277, #4730, #4326 ),
 .UNSPECIFIED., .F., .F.,
 ( 4, 2, 2, 4 ),
 ( 0.006126236177361684548, 0.007774367316035152818, 0.008598432885371879580, 0.009422498454708605475 ),
 .UNSPECIFIED. ) ;
#3807 = DIRECTION ( 'NONE',  ( 0.000000000000000000, 0.000000000000000000, -1.000000000000000000 ) ) ;
#3808 = EDGE_LOOP ( 'NONE', ( #1027, #5174, #3481, #3090, #4314, #2281 ) ) ;
#3809 = CARTESIAN_POINT ( 'NONE',  ( -58.46790270213465135, 65.83545286252473261, 20.20000000000000284 ) ) ;
#3810 = EDGE_CURVE ( 'NONE', #4247, #3868, #3296, .T. ) ;
#3811 = LINE ( 'NONE', #1842, #4683 ) ;
#3812 = FACE_OUTER_BOUND ( 'NONE', #1807, .T. ) ;
#3813 = EDGE_LOOP ( 'NONE', ( #3734, #3427, #1759, #1534 ) ) ;
#3814 = EDGE_LOOP ( 'NONE', ( #1731, #5021, #219, #1689 ) ) ;
#3815 = VERTEX_POINT ( 'NONE', #4753 ) ;
#3816 = EDGE_CURVE ( 'NONE', #2591, #4998, #1672, .T. ) ;
#3817 = EDGE_CURVE ( 'NONE', #4011, #3343, #4020, .T. ) ;
#3818 = CARTESIAN_POINT ( 'NONE',  ( -73.03754048368026019, 51.54686884905630251, 41.29554022276809633 ) ) ;
#3819 = CARTESIAN_POINT ( 'NONE',  ( -46.24815750489244692, 77.20874137147343674, 42.73973986700350736 ) ) ;
#3820 = ORIENTED_EDGE ( 'NONE', *, *, #577, .F. ) ;
#3821 = EDGE_CURVE ( 'NONE', #2484, #1961, #5085, .T. ) ;
#3822 = DIRECTION ( 'NONE',  ( 0.000000000000000000, 0.000000000000000000, 1.000000000000000000 ) ) ;
#3823 = VERTEX_POINT ( 'NONE', #2710 ) ;
#3824 = ORIENTED_EDGE ( 'NONE', *, *, #3217, .T. ) ;
#3825 = CARTESIAN_POINT ( 'NONE',  ( 9.802612940136935293, 87.50263584341823275, 64.20000000000000284 ) ) ;
#3826 = EDGE_CURVE ( 'NONE', #1828, #2828, #2357, .T. ) ;
#3827 = LINE ( 'NONE', #174, #2956 ) ;
#3828 = CARTESIAN_POINT ( 'NONE',  ( -88.02257628285772739, -2.197399492239359819, 14.20000000000000462 ) ) ;
#3829 = DIRECTION ( 'NONE',  ( -1.000000000000000000, 3.203345879408960195E-16, -0.000000000000000000 ) ) ;
#3830 = ORIENTED_EDGE ( 'NONE', *, *, #4, .T. ) ;
#3831 = ORIENTED_EDGE ( 'NONE', *, *, #3844, .T. ) ;
#3832 = CARTESIAN_POINT ( 'NONE',  ( 60.20000000000000284, 2.662569822472591330, 16.49999999999999289 ) ) ;
#3833 = CARTESIAN_POINT ( 'NONE',  ( 58.30000000000000426, 3.162569822472588221, 48.20000000000000995 ) ) ;
#3834 = ORIENTED_EDGE ( 'NONE', *, *, #1245, .F. ) ;
#3835 = CARTESIAN_POINT ( 'NONE',  ( -88.74784558513856325, -14.96081392463754867, 44.41101810998232935 ) ) ;
#3836 = ORIENTED_EDGE ( 'NONE', *, *, #2120, .T. ) ;
#3837 = DIRECTION ( 'NONE',  ( -0.000000000000000000, -0.000000000000000000, 1.000000000000000000 ) ) ;
#3838 = CARTESIAN_POINT ( 'NONE',  ( 27.96639456976151905, -83.49061788469659007, -35.79999999999999716 ) ) ;
#3839 = ORIENTED_EDGE ( 'NONE', *, *, #4731, .F. ) ;
#3840 = ORIENTED_EDGE ( 'NONE', *, *, #1702, .T. ) ;
#3841 = CARTESIAN_POINT ( 'NONE',  ( -48.50676138266799597, 75.80984456776305080, 44.04798006534361576 ) ) ;
#3842 = CARTESIAN_POINT ( 'NONE',  ( 58.30000000000000426, 2.662569822472591774, 3.500000000000010214 ) ) ;
#3843 = ORIENTED_EDGE ( 'NONE', *, *, #1670, .T. ) ;
#3844 = EDGE_CURVE ( 'NONE', #2582, #4300, #3044, .T. ) ;
#3845 = EDGE_CURVE ( 'NONE', #1198, #689, #4888, .T. ) ;
#3846 = ORIENTED_EDGE ( 'NONE', *, *, #4384, .F. ) ;
#3847 = PRODUCT_DEFINITION ( 'UNKNOWN', '', #5108, #667 ) ;
#3848 = AXIS2_PLACEMENT_3D ( 'NONE', #822, #1613, #1273 ) ;
#3849 = CARTESIAN_POINT ( 'NONE',  ( -43.33236935490175057, 76.64950396253284737, 40.37594647112111801 ) ) ;
#3850 = CARTESIAN_POINT ( 'NONE',  ( -89.33477875094739318, 10.92397015030961605, 39.51344800250368650 ) ) ;
#3851 = DIRECTION ( 'NONE',  ( 1.000000000000000000, 0.000000000000000000, 0.000000000000000000 ) ) ;
#3852 = PLANE ( 'NONE',  #3196 ) ;
#3853 = ORIENTED_EDGE ( 'NONE', *, *, #3845, .F. ) ;
#3854 = EDGE_CURVE ( 'NONE', #2700, #582, #2102, .T. ) ;
#3855 = ORIENTED_EDGE ( 'NONE', *, *, #2386, .F. ) ;
#3856 = VECTOR ( 'NONE', #1814, 1000.000000000000000 ) ;
#3857 = CARTESIAN_POINT ( 'NONE',  ( -89.46733644365038174, -9.784880105463543032, 59.16120760097014397 ) ) ;
#3858 = FACE_OUTER_BOUND ( 'NONE', #316, .T. ) ;
#3859 = VERTEX_POINT ( 'NONE', #780 ) ;
#3860 = CARTESIAN_POINT ( 'NONE',  ( -88.87236649082051088, -14.20391876870204229, 42.18782787934691214 ) ) ;
#3861 = AXIS2_PLACEMENT_3D ( 'NONE', #1967, #3499, #3594 ) ;
#3862 = VECTOR ( 'NONE', #4780, 1000.000000000000000 ) ;
#3863 = ORIENTED_EDGE ( 'NONE', *, *, #3525, .T. ) ;
#3864 = CARTESIAN_POINT ( 'NONE',  ( 67.29999999999999716, 18.16256982247259089, 4.000000000000003553 ) ) ;
#3865 = CYLINDRICAL_SURFACE ( 'NONE', #4360, 1.400000000000005462 ) ;
#3866 = VECTOR ( 'NONE', #403, 1000.000000000000000 ) ;
#3867 = ORIENTED_EDGE ( 'NONE', *, *, #3826, .F. ) ;
#3868 = VERTEX_POINT ( 'NONE', #1148 ) ;
#3869 = VECTOR ( 'NONE', #3977, 1000.000000000000000 ) ;
#3870 = CARTESIAN_POINT ( 'NONE',  ( -48.34183383410476154, 75.91510851466330223, 44.00034852838227550 ) ) ;
#3871 = LINE ( 'NONE', #3842, #3800 ) ;
#3872 = ORIENTED_EDGE ( 'NONE', *, *, #5034, .F. ) ;
#3873 = CIRCLE ( 'NONE', #1653, 1.399999999999998579 ) ;
#3874 = VECTOR ( 'NONE', #5236, 1000.000000000000000 ) ;
#3875 = FACE_OUTER_BOUND ( 'NONE', #1443, .T. ) ;
#3876 = CARTESIAN_POINT ( 'NONE',  ( -80.10996329664280324, -36.54033771889017146, 0.000000000000000000 ) ) ;
#3877 = VECTOR ( 'NONE', #4535, 1000.000000000000000 ) ;
#3878 = VECTOR ( 'NONE', #2846, 1000.000000000000000 ) ;
#3879 = EDGE_CURVE ( 'NONE', #163, #3482, #1259, .T. ) ;
#3880 = CARTESIAN_POINT ( 'NONE',  ( 58.30000000000000426, -6.584183710947002943, 58.70000000000000284 ) ) ;
#3881 = CARTESIAN_POINT ( 'NONE',  ( -43.50227842762954111, 76.55295077007154703, 23.62711121444896278 ) ) ;
#3882 = CYLINDRICAL_SURFACE ( 'NONE', #2251, 88.04999999999999716 ) ;
#3883 = ORIENTED_EDGE ( 'NONE', *, *, #2094, .F. ) ;
#3884 = AXIS2_PLACEMENT_3D ( 'NONE', #5159, #1880, #3513 ) ;
#3885 = CARTESIAN_POINT ( 'NONE',  ( 58.29999999999999716, -18.66256982247259799, 16.49999999999999289 ) ) ;
#3886 = EDGE_CURVE ( 'NONE', #1773, #284, #1719, .T. ) ;
#3887 = VECTOR ( 'NONE', #681, 1000.000000000000000 ) ;
#3888 = CARTESIAN_POINT ( 'NONE',  ( 0.000000000000000000, 0.000000000000000000, 64.20000000000000284 ) ) ;
#3889 = ADVANCED_FACE ( 'NONE', ( #1542 ), #377, .F. ) ;
#3890 = ORIENTED_EDGE ( 'NONE', *, *, #1429, .T. ) ;
#3891 = CARTESIAN_POINT ( 'NONE',  ( 26.44926541907807405, 83.98356302748270252, -35.79999999999999716 ) ) ;
#3892 = VERTEX_POINT ( 'NONE', #2864 ) ;
#3893 = CARTESIAN_POINT ( 'NONE',  ( 52.30000000000000426, -6.584183710947005608, 58.70000000000000284 ) ) ;
#3894 = ORIENTED_EDGE ( 'NONE', *, *, #1462, .T. ) ;
#3895 = EDGE_LOOP ( 'NONE', ( #3508, #1677, #806, #3442 ) ) ;
#3896 = DIRECTION ( 'NONE',  ( -0.000000000000000000, -0.000000000000000000, -1.000000000000000000 ) ) ;
#3897 = CARTESIAN_POINT ( 'NONE',  ( 59.79999999999999716, -65.98418371094696511, -35.79999999999999716 ) ) ;
#3898 = DIRECTION ( 'NONE',  ( 0.000000000000000000, 0.000000000000000000, -1.000000000000000000 ) ) ;
#3899 = ORIENTED_EDGE ( 'NONE', *, *, #1346, .F. ) ;
#3900 = ORIENTED_EDGE ( 'NONE', *, *, #1401, .T. ) ;
#3901 = LINE ( 'NONE', #2653, #1631 ) ;
#3902 = CARTESIAN_POINT ( 'NONE',  ( -86.86652205883667932, -14.38865382902233492, 55.86786213766065856 ) ) ;
#3903 = FACE_OUTER_BOUND ( 'NONE', #2934, .T. ) ;
#3904 = CARTESIAN_POINT ( 'NONE',  ( -9.996586217761016968, 87.48068794877457321, 64.20000000000000284 ) ) ;
#3905 = CARTESIAN_POINT ( 'NONE',  ( -69.30751019125757750, 54.31006711462797654, 20.20000000000000639 ) ) ;
#3906 = EDGE_LOOP ( 'NONE', ( #390, #1943, #4976, #4007, #2316, #4764, #2460, #5160 ) ) ;
#3907 = DIRECTION ( 'NONE',  ( -1.000000000000000000, 0.000000000000000000, 0.000000000000000000 ) ) ;
#3908 = EDGE_LOOP ( 'NONE', ( #5010, #4416, #2649, #3631 ) ) ;
#3909 = DIRECTION ( 'NONE',  ( 1.000000000000000000, 0.000000000000000000, 0.000000000000000000 ) ) ;
#3910 = EDGE_CURVE ( 'NONE', #2365, #4590, #4678, .T. ) ;
#3911 = CARTESIAN_POINT ( 'NONE',  ( 58.30000000000000426, 18.66256982247258378, 3.500000000000003109 ) ) ;
#3912 = EDGE_CURVE ( 'NONE', #249, #2646, #4385, .T. ) ;
#3913 = ORIENTED_EDGE ( 'NONE', *, *, #3008, .T. ) ;
#3914 = ORIENTED_EDGE ( 'NONE', *, *, #296, .F. ) ;
#3915 = EDGE_CURVE ( 'NONE', #1185, #3815, #4044, .T. ) ;
#3916 = ORIENTED_EDGE ( 'NONE', *, *, #1894, .T. ) ;
#3917 = DIRECTION ( 'NONE',  ( 0.000000000000000000, 1.000000000000000000, 0.000000000000000000 ) ) ;
#3918 = FACE_OUTER_BOUND ( 'NONE', #3720, .T. ) ;
#3919 = FACE_OUTER_BOUND ( 'NONE', #1990, .T. ) ;
#3920 = EDGE_CURVE ( 'NONE', #1005, #3635, #1175, .T. ) ;
#3921 = LINE ( 'NONE', #1113, #3939 ) ;
#3922 = CARTESIAN_POINT ( 'NONE',  ( 0.000000000000000000, 0.000000000000000000, 64.20000000000000284 ) ) ;
#3923 = CARTESIAN_POINT ( 'NONE',  ( -46.27943788289250193, 74.90793853950528103, 20.63603970622287420 ) ) ;
#3924 = ORIENTED_EDGE ( 'NONE', *, *, #3564, .F. ) ;
#3925 = FACE_OUTER_BOUND ( 'NONE', #510, .T. ) ;
#3926 = CARTESIAN_POINT ( 'NONE',  ( -73.24802396051855169, 52.29508669652980046, 22.53398844309317184 ) ) ;
#3927 = EDGE_LOOP ( 'NONE', ( #551, #1095, #1409, #4792 ) ) ;
#3928 = VECTOR ( 'NONE', #4558, 1000.000000000000114 ) ;
#3929 = DIRECTION ( 'NONE',  ( 1.067781959802986485E-16, -1.000000000000000000, -7.228014483236698281E-17 ) ) ;
#3930 = DIRECTION ( 'NONE',  ( 1.000000000000000000, 0.000000000000000000, 0.000000000000000000 ) ) ;
#3931 = ORIENTED_EDGE ( 'NONE', *, *, #2120, .F. ) ;
#3932 = CARTESIAN_POINT ( 'NONE',  ( -89.19651054573465387, 12.00382906553574358, 58.40885884654900906 ) ) ;
#3933 = VECTOR ( 'NONE', #2672, 1000.000000000000000 ) ;
#3934 = VECTOR ( 'NONE', #3023, 1000.000000000000000 ) ;
#3935 = DIRECTION ( 'NONE',  ( -0.7071067811865463515, 0.7071067811865487940, 0.000000000000000000 ) ) ;
#3936 = LINE ( 'NONE', #3500, #4617 ) ;
#3937 = EDGE_CURVE ( 'NONE', #1097, #1940, #758, .T. ) ;
#3938 = DIRECTION ( 'NONE',  ( -0.000000000000000000, -0.000000000000000000, -1.000000000000000000 ) ) ;
#3939 = VECTOR ( 'NONE', #1074, 1000.000000000000000 ) ;
#3940 = LINE ( 'NONE', #1491, #116 ) ;
#3941 = AXIS2_PLACEMENT_3D ( 'NONE', #1077, #3561, #2711 ) ;
#3942 = EDGE_CURVE ( 'NONE', #4552, #3346, #1600, .T. ) ;
#3943 = CARTESIAN_POINT ( 'NONE',  ( -47.45712715890986999, 74.16764883910099115, 44.14470237679939402 ) ) ;
#3944 = ADVANCED_FACE ( 'NONE', ( #4829 ), #427, .T. ) ;
#3945 = ORIENTED_EDGE ( 'NONE', *, *, #4912, .F. ) ;
#3946 = VECTOR ( 'NONE', #502, 1000.000000000000000 ) ;
#3947 = DIRECTION ( 'NONE',  ( -0.000000000000000000, -0.000000000000000000, -1.000000000000000000 ) ) ;
#3948 = CIRCLE ( 'NONE', #5118, 1.399999999999991473 ) ;
#3949 = DIRECTION ( 'NONE',  ( 0.000000000000000000, -1.000000000000000000, 0.000000000000000000 ) ) ;
#3950 = AXIS2_PLACEMENT_3D ( 'NONE', #2452, #487, #1254 ) ;
#3951 = DIRECTION ( 'NONE',  ( 1.000000000000000000, 0.000000000000000000, -0.000000000000000000 ) ) ;
#3952 = CIRCLE ( 'NONE', #2171, 1.399999999999998579 ) ;
#3953 = CARTESIAN_POINT ( 'NONE',  ( -86.89875218697135040, -14.19219058848992709, 42.18671952807704884 ) ) ;
#3954 = ORIENTED_EDGE ( 'NONE', *, *, #2742, .T. ) ;
#3955 = CIRCLE ( 'NONE', #1236, 90.00000000000000000 ) ;
#3956 = VECTOR ( 'NONE', #1518, 1000.000000000000000 ) ;
#3957 = CYLINDRICAL_SURFACE ( 'NONE', #5046, 6.000000000000007994 ) ;
#3958 = LINE ( 'NONE', #2769, #3792 ) ;
#3959 = VERTEX_POINT ( 'NONE', #5247 ) ;
#3960 = CARTESIAN_POINT ( 'NONE',  ( 52.30000000000000426, 6.584183710946994061, 5.500000000000005329 ) ) ;
#3961 = VECTOR ( 'NONE', #331, 1000.000000000000114 ) ;
#3962 = CARTESIAN_POINT ( 'NONE',  ( 46.11393728141391080, -75.85160718662316981, 64.20000000000000284 ) ) ;
#3963 = CARTESIAN_POINT ( 'NONE',  ( -72.58784938155405086, 50.02285410223677076, 25.14113533978419568 ) ) ;
#3964 = AXIS2_PLACEMENT_3D ( 'NONE', #436, #2032, #3658 ) ;
#3965 = DIRECTION ( 'NONE',  ( -1.000000000000000000, 0.000000000000000000, 0.000000000000000000 ) ) ;
#3966 = DIRECTION ( 'NONE',  ( -0.000000000000000000, -0.000000000000000000, 1.000000000000000000 ) ) ;
#3967 = CARTESIAN_POINT ( 'NONE',  ( 52.30000000000000426, 6.584183710946994061, 5.500000000000005329 ) ) ;
#3968 = EDGE_CURVE ( 'NONE', #1419, #537, #3180, .T. ) ;
#3969 = FACE_BOUND ( 'NONE', #535, .T. ) ;
#3970 = CARTESIAN_POINT ( 'NONE',  ( -88.74119674649422507, 14.99999999999999645, 45.20000000000000995 ) ) ;
#3971 = DIRECTION ( 'NONE',  ( 1.000000000000000000, -3.203345879408960195E-16, -0.000000000000000000 ) ) ;
#3972 = ORIENTED_EDGE ( 'NONE', *, *, #994, .F. ) ;
#3973 = CARTESIAN_POINT ( 'NONE',  ( -88.74119674649422507, -14.99999999999999645, 64.20000000000000284 ) ) ;
#3974 = ADVANCED_FACE ( 'NONE', ( #2047 ), #3215, .F. ) ;
#3975 = ADVANCED_FACE ( 'NONE', ( #3652 ), #1949, .F. ) ;
#3976 = VERTEX_POINT ( 'NONE', #4782 ) ;
#3977 = DIRECTION ( 'NONE',  ( -0.000000000000000000, -0.000000000000000000, 1.000000000000000000 ) ) ;
#3978 = EDGE_CURVE ( 'NONE', #4225, #2591, #4431, .T. ) ;
#3979 = CARTESIAN_POINT ( 'NONE',  ( -45.95000311753372557, 76.53628748966484352, 21.45441786941131923 ) ) ;
#3980 = DIRECTION ( 'NONE',  ( 1.000000000000000000, 0.000000000000000000, 0.000000000000000000 ) ) ;
#3981 = ORIENTED_EDGE ( 'NONE', *, *, #4221, .F. ) ;
#3982 = LINE ( 'NONE', #713, #4365 ) ;
#3983 = EDGE_CURVE ( 'NONE', #3060, #4611, #538, .T. ) ;
#3984 = DIRECTION ( 'NONE',  ( 1.000000000000000000, 0.000000000000000000, 0.000000000000000000 ) ) ;
#3985 = CARTESIAN_POINT ( 'NONE',  ( -88.02257628285772739, -2.197399492239406893, 0.000000000000000000 ) ) ;
#3986 = ORIENTED_EDGE ( 'NONE', *, *, #1435, .F. ) ;
#3987 = DIRECTION ( 'NONE',  ( 0.000000000000000000, -0.7071067811865474617, 0.7071067811865474617 ) ) ;
#3988 = CARTESIAN_POINT ( 'NONE',  ( 52.30000000000000426, -4.584183710947003831, 14.50000000000000533 ) ) ;
#3989 = ORIENTED_EDGE ( 'NONE', *, *, #887, .T. ) ;
#3990 = DIRECTION ( 'NONE',  ( 0.000000000000000000, 0.000000000000000000, -1.000000000000000000 ) ) ;
#3991 = DIRECTION ( 'NONE',  ( -0.000000000000000000, -0.000000000000000000, 1.000000000000000000 ) ) ;
#3992 = LINE ( 'NONE', #5095, #1394 ) ;
#3993 = DIRECTION ( 'NONE',  ( 1.000000000000000000, 0.000000000000000000, 0.000000000000000000 ) ) ;
#3994 = CARTESIAN_POINT ( 'NONE',  ( -43.06823825874840850, 76.79799452856261155, 39.31044073074037470 ) ) ;
#3995 = DIRECTION ( 'NONE',  ( -1.000000000000000000, 0.000000000000000000, 0.000000000000000000 ) ) ;
#3996 = ORIENTED_EDGE ( 'NONE', *, *, #1469, .T. ) ;
#3997 = CARTESIAN_POINT ( 'NONE',  ( -46.66273742724261808, 74.67001968323488370, 20.47427392842361726 ) ) ;
#3998 = LINE ( 'NONE', #3714, #4869 ) ;
#3999 = DIRECTION ( 'NONE',  ( -1.000000000000000000, 3.203345879408960195E-16, -0.000000000000000000 ) ) ;
#4000 = EDGE_CURVE ( 'NONE', #2308, #3737, #704, .T. ) ;
#4001 = CARTESIAN_POINT ( 'NONE',  ( -71.98690494700798581, 54.01867633523429646, 20.80554546131038407 ) ) ;
#4002 = DIRECTION ( 'NONE',  ( 1.000000000000000000, 0.000000000000000000, 0.000000000000000000 ) ) ;
#4003 = DIRECTION ( 'NONE',  ( 0.000000000000000000, 0.000000000000000000, 1.000000000000000000 ) ) ;
#4004 = CARTESIAN_POINT ( 'NONE',  ( -86.96850608147182982, 13.75976051987035831, 56.87422200870963707 ) ) ;
#4005 = CARTESIAN_POINT ( 'NONE',  ( 60.20000000000000284, -66.63259280793893424, 64.47002298546632915 ) ) ;
#4006 = ADVANCED_FACE ( 'NONE', ( #3069 ), #4662, .F. ) ;
#4007 = ORIENTED_EDGE ( 'NONE', *, *, #48, .F. ) ;
#4008 = CARTESIAN_POINT ( 'NONE',  ( -88.74119674649422507, 15.00000000000000711, 53.59788821611650889 ) ) ;
#4009 = ADVANCED_FACE ( 'NONE', ( #4612 ), #2185, .F. ) ;
#4010 = LINE ( 'NONE', #368, #1222 ) ;
#4011 = VERTEX_POINT ( 'NONE', #158 ) ;
#4012 = ORIENTED_EDGE ( 'NONE', *, *, #245, .F. ) ;
#4013 = CARTESIAN_POINT ( 'NONE',  ( 58.30000000000000426, 1.000000000000000000, 0.000000000000000000 ) ) ;
#4014 = CARTESIAN_POINT ( 'NONE',  ( -11.38622653960983122, 87.31068860791722841, 14.20000000000000462 ) ) ;
#4015 = CYLINDRICAL_SURFACE ( 'NONE', #2853, 1.399999999999998579 ) ;
#4016 = DIRECTION ( 'NONE',  ( 1.000000000000000000, 0.000000000000000000, 0.000000000000000000 ) ) ;
#4017 = VERTEX_POINT ( 'NONE', #182 ) ;
#4018 = DIRECTION ( 'NONE',  ( 0.000000000000000000, 0.000000000000000000, -1.000000000000000000 ) ) ;
#4019 = DIRECTION ( 'NONE',  ( -0.000000000000000000, -0.000000000000000000, 1.000000000000000000 ) ) ;
#4020 = B_SPLINE_CURVE_WITH_KNOTS ( 'NONE', 3,
 ( #2654, #1047, #3943, #5076, #1115, #3457 ),
 .UNSPECIFIED., .F., .F.,
 ( 4, 2, 4 ),
 ( 0.000000000000000000, 0.001430713369941131671, 0.002861426739882263343 ),
 .UNSPECIFIED. ) ;
#4021 = CYLINDRICAL_SURFACE ( 'NONE', #1489, 1.399999999999998579 ) ;
#4022 = VECTOR ( 'NONE', #3642, 1000.000000000000000 ) ;
#4023 = CARTESIAN_POINT ( 'NONE',  ( 60.20000000000000284, -18.16256982247260865, 60.20000000000000284 ) ) ;
#4024 = EDGE_LOOP ( 'NONE', ( #4536, #3872, #4270, #408 ) ) ;
#4025 = DIRECTION ( 'NONE',  ( -1.000000000000000000, 3.203345879408960195E-16, -0.000000000000000000 ) ) ;
#4026 = VECTOR ( 'NONE', #5246, 1000.000000000000000 ) ;
#4027 = AXIS2_PLACEMENT_3D ( 'NONE', #1514, #3154, #4749 ) ;
#4028 = LINE ( 'NONE', #4525, #3874 ) ;
#4029 = DIRECTION ( 'NONE',  ( -0.000000000000000000, 0.000000000000000000, 1.000000000000000000 ) ) ;
#4030 = CARTESIAN_POINT ( 'NONE',  ( -44.54566088772744337, -75.95055362586630565, 14.20000000000000462 ) ) ;
#4031 = DIRECTION ( 'NONE',  ( 2.135563919605973710E-16, 1.000000000000000000, 0.000000000000000000 ) ) ;
#4032 = CIRCLE ( 'NONE', #4707, 1.399999999999998579 ) ;
#4033 = CIRCLE ( 'NONE', #385, 1.400000000000012346 ) ;
#4034 = LINE ( 'NONE', #397, #4181 ) ;
#4035 = ORIENTED_EDGE ( 'NONE', *, *, #4188, .F. ) ;
#4036 = EDGE_CURVE ( 'NONE', #1354, #2921, #615, .T. ) ;
#4037 = CARTESIAN_POINT ( 'NONE',  ( 0.000000000000000000, 0.000000000000000000, 0.000000000000000000 ) ) ;
#4038 = AXIS2_PLACEMENT_3D ( 'NONE', #4211, #584, #1721 ) ;
#4040 = AXIS2_PLACEMENT_3D ( 'NONE', #380, #1178, #1974 ) ;
#4039 = CARTESIAN_POINT ( 'NONE',  ( 58.29999999999999716, 65.98418371094697932, 0.000000000000000000 ) ) ;
#4041 = VECTOR ( 'NONE', #167, 1000.000000000000000 ) ;
#4042 = CARTESIAN_POINT ( 'NONE',  ( -58.46790270213412555, 65.83545286252520157, 64.20000000000000284 ) ) ;
#4043 = LINE ( 'NONE', #2133, #2170 ) ;
#4044 = LINE ( 'NONE', #4464, #4507 ) ;
#4045 = ORIENTED_EDGE ( 'NONE', *, *, #3597, .T. ) ;
#4046 = DIRECTION ( 'NONE',  ( -0.000000000000000000, -0.000000000000000000, 1.000000000000000000 ) ) ;
#4047 = DIRECTION ( 'NONE',  ( -0.000000000000000000, -0.7071067811865426878, 0.7071067811865524577 ) ) ;
#4048 = LINE ( 'NONE', #411, #4548 ) ;
#4049 = ORIENTED_EDGE ( 'NONE', *, *, #294, .F. ) ;
#4050 = DIRECTION ( 'NONE',  ( -0.7071067811865463515, 0.7071067811865487940, 0.000000000000000000 ) ) ;
#4051 = DIRECTION ( 'NONE',  ( 1.000000000000000000, 0.000000000000000000, 0.000000000000000000 ) ) ;
#4052 = DIRECTION ( 'NONE',  ( 1.000000000000000000, 1.067781959802986485E-16, -0.000000000000000000 ) ) ;
#4053 = DIRECTION ( 'NONE',  ( -0.000000000000000000, -0.000000000000000000, 1.000000000000000000 ) ) ;
#4054 = CARTESIAN_POINT ( 'NONE',  ( 29.29032306606532998, -83.03541096836652002, 14.20000000000000462 ) ) ;
#4055 = DIRECTION ( 'NONE',  ( 0.000000000000000000, 0.000000000000000000, -1.000000000000000000 ) ) ;
#4056 = CARTESIAN_POINT ( 'NONE',  ( -73.00114804734371887, 50.58581016226841598, 24.65964423144183826 ) ) ;
#4057 = ORIENTED_EDGE ( 'NONE', *, *, #5229, .T. ) ;
#4058 = FACE_OUTER_BOUND ( 'NONE', #4824, .T. ) ;
#4059 = EDGE_CURVE ( 'NONE', #2549, #2828, #3672, .T. ) ;
#4060 = ADVANCED_FACE ( 'NONE', ( #591 ), #2079, .F. ) ;
#4061 = ADVANCED_FACE ( 'NONE', ( #953 ), #1008, .T. ) ;
#4062 = DIRECTION ( 'NONE',  ( 1.000000000000000000, 0.000000000000000000, 0.000000000000000000 ) ) ;
#4063 = DIRECTION ( 'NONE',  ( -1.000000000000000000, 0.000000000000000000, 0.000000000000000000 ) ) ;
#4064 = DIRECTION ( 'NONE',  ( -0.000000000000000000, -0.000000000000000000, -1.000000000000000000 ) ) ;
#4065 = ORIENTED_EDGE ( 'NONE', *, *, #3879, .F. ) ;
#4066 = EDGE_CURVE ( 'NONE', #3267, #3319, #873, .T. ) ;
#4067 = LINE ( 'NONE', #2049, #1331 ) ;
#4068 = DIRECTION ( 'NONE',  ( -0.000000000000000000, -0.000000000000000000, -1.000000000000000000 ) ) ;
#4069 = ORIENTED_EDGE ( 'NONE', *, *, #2363, .T. ) ;
#4070 = CARTESIAN_POINT ( 'NONE',  ( -88.02257628285772739, -2.197399492239359819, 14.20000000000000462 ) ) ;
#4071 = VERTEX_POINT ( 'NONE', #2482 ) ;
#4072 = DIRECTION ( 'NONE',  ( 1.000000000000000000, 0.000000000000000000, 0.000000000000000000 ) ) ;
#4073 = DIRECTION ( 'NONE',  ( 1.000000000000000000, 0.000000000000000000, 0.000000000000000000 ) ) ;
#4074 = FACE_OUTER_BOUND ( 'NONE', #1058, .T. ) ;
#4075 = CARTESIAN_POINT ( 'NONE',  ( -120.2000000000000455, 9.000000000000001776, 53.20000000000000995 ) ) ;
#4076 = LINE ( 'NONE', #442, #4423 ) ;
#4077 = DIRECTION ( 'NONE',  ( 0.000000000000000000, 0.000000000000000000, 1.000000000000000000 ) ) ;
#4078 = CARTESIAN_POINT ( 'NONE',  ( -44.97734978693699048, 77.95542030756109853, 23.51431803538241994 ) ) ;
#4079 = CARTESIAN_POINT ( 'NONE',  ( -72.05213109341073618, 52.47730034748081351, 21.54294977611901629 ) ) ;
#4080 = EDGE_LOOP ( 'NONE', ( #3396, #3497, #2997, #2114 ) ) ;
#4081 = LINE ( 'NONE', #1994, #5208 ) ;
#4082 = VERTEX_POINT ( 'NONE', #3809 ) ;
#4083 = VECTOR ( 'NONE', #3260, 1000.000000000000000 ) ;
#4084 = EDGE_CURVE ( 'NONE', #523, #249, #3257, .T. ) ;
#4085 = CYLINDRICAL_SURFACE ( 'NONE', #1464, 1.399999999999998579 ) ;
#4086 = CARTESIAN_POINT ( 'NONE',  ( -86.24912599966687310, -17.71696261478211554, 0.000000000000000000 ) ) ;
#4087 = PLANE ( 'NONE',  #3596 ) ;
#4088 = ORIENTED_EDGE ( 'NONE', *, *, #2790, .T. ) ;
#4089 = AXIS2_PLACEMENT_3D ( 'NONE', #3739, #2488, #1713 ) ;
#4090 = DIRECTION ( 'NONE',  ( -0.000000000000000000, -0.000000000000000000, 1.000000000000000000 ) ) ;
#4091 = EDGE_LOOP ( 'NONE', ( #3166, #614, #5066, #1184 ) ) ;
#4092 = ADVANCED_FACE ( 'NONE', ( #3413 ), #4087, .T. ) ;
#4093 = CARTESIAN_POINT ( 'NONE',  ( 67.29999999999999716, 3.162569822472589998, 60.20000000000000284 ) ) ;
#4094 = VERTEX_POINT ( 'NONE', #1785 ) ;
#4095 = EDGE_CURVE ( 'NONE', #537, #1705, #673, .T. ) ;
#4096 = CARTESIAN_POINT ( 'NONE',  ( 58.30000000000000426, 3.162569822472588221, 16.00000000000000000 ) ) ;
#4097 = ORIENTED_EDGE ( 'NONE', *, *, #4999, .T. ) ;
#4098 = VERTEX_POINT ( 'NONE', #341 ) ;
#4099 = FACE_OUTER_BOUND ( 'NONE', #4432, .T. ) ;
#4100 = CARTESIAN_POINT ( 'NONE',  ( 8.410120920898981112, 87.64743217057677782, 64.20000000000000284 ) ) ;
#4101 = DIRECTION ( 'NONE',  ( -0.7071067811865463515, 0.7071067811865487940, 0.000000000000000000 ) ) ;
#4102 = DIRECTION ( 'NONE',  ( -1.000000000000000000, 0.000000000000000000, 0.000000000000000000 ) ) ;
#4103 = AXIS2_PLACEMENT_3D ( 'NONE', #2307, #4663, #1430 ) ;
#4104 = CARTESIAN_POINT ( 'NONE',  ( -72.76836351456776697, 52.96077754295996698, 42.72793139852011990 ) ) ;
#4105 = DIRECTION ( 'NONE',  ( -1.000000000000000000, -1.067781959802986485E-16, -0.000000000000000000 ) ) ;
#4106 = CARTESIAN_POINT ( 'NONE',  ( -60.53158590358165014, 63.94317483514026890, 0.000000000000000000 ) ) ;
#4107 = LINE ( 'NONE', #4179, #3547 ) ;
#4108 = VECTOR ( 'NONE', #349, 1000.000000000000000 ) ;
#4109 = CIRCLE ( 'NONE', #1996, 90.00000000000000000 ) ;
#4110 = ORIENTED_EDGE ( 'NONE', *, *, #4836, .T. ) ;
#4111 = CARTESIAN_POINT ( 'NONE',  ( 0.000000000000000000, 0.000000000000000000, 0.000000000000000000 ) ) ;
#4112 = ORIENTED_EDGE ( 'NONE', *, *, #669, .F. ) ;
#4113 = AXIS2_PLACEMENT_3D ( 'NONE', #4253, #1258, #4063 ) ;
#4114 = VECTOR ( 'NONE', #3778, 1000.000000000000000 ) ;
#4115 = CIRCLE ( 'NONE', #1330, 88.04999999999999716 ) ;
#4116 = AXIS2_PLACEMENT_3D ( 'NONE', #2919, #87, #2589 ) ;
#4117 = PLANE ( 'NONE',  #2760 ) ;
#4118 = LINE ( 'NONE', #911, #2772 ) ;
#4119 = EDGE_LOOP ( 'NONE', ( #4774, #4551, #2638, #774 ) ) ;
#4120 = ORIENTED_EDGE ( 'NONE', *, *, #271, .F. ) ;
#4121 = VERTEX_POINT ( 'NONE', #3591 ) ;
#4122 = LINE ( 'NONE', #1316, #2780 ) ;
#4123 = CYLINDRICAL_SURFACE ( 'NONE', #957, 90.00000000000000000 ) ;
#4124 = AXIS2_PLACEMENT_3D ( 'NONE', #2841, #4437, #2440 ) ;
#4125 = CARTESIAN_POINT ( 'NONE',  ( 9.810120920898981467, 87.64743217057677782, 0.000000000000000000 ) ) ;
#4126 = EDGE_LOOP ( 'NONE', ( #3165, #1603, #4946, #1444, #3846, #1156, #1340 ) ) ;
#4127 = ADVANCED_FACE ( 'NONE', ( #717 ), #3170, .T. ) ;
#4128 = EDGE_CURVE ( 'NONE', #1523, #3146, #1477, .T. ) ;
#4129 = ORIENTED_EDGE ( 'NONE', *, *, #3057, .F. ) ;
#4130 = EDGE_CURVE ( 'NONE', #2775, #1877, #2749, .T. ) ;
#4131 = ORIENTED_EDGE ( 'NONE', *, *, #3826, .T. ) ;
#4132 = PLANE ( 'NONE',  #4613 ) ;
#4133 = CARTESIAN_POINT ( 'NONE',  ( -87.50526730257951158, 9.786827871052411254, 39.23878182155139882 ) ) ;
#4134 = CARTESIAN_POINT ( 'NONE',  ( -88.87397905274039545, 14.19241833539723707, 42.18711327767841368 ) ) ;
#4135 = CARTESIAN_POINT ( 'NONE',  ( -27.78122329753275466, -83.55241547730756224, 0.000000000000000000 ) ) ;
#4136 = CARTESIAN_POINT ( 'NONE',  ( 0.000000000000000000, 0.000000000000000000, 64.20000000000000284 ) ) ;
#4137 = EDGE_CURVE ( 'NONE', #1253, #2373, #4252, .T. ) ;
#4138 = CARTESIAN_POINT ( 'NONE',  ( 52.30000000000000426, -6.584183710947003831, 14.50000000000000533 ) ) ;
#4139 = VERTEX_POINT ( 'NONE', #3201 ) ;
#4140 = CARTESIAN_POINT ( 'NONE',  ( -72.56670835333062541, 49.86858067724261190, 38.58739405399796851 ) ) ;
#4141 = ORIENTED_EDGE ( 'NONE', *, *, #2974, .F. ) ;
#4142 = DIRECTION ( 'NONE',  ( 0.000000000000000000, 0.000000000000000000, -1.000000000000000000 ) ) ;
#4143 = DIRECTION ( 'NONE',  ( 0.7071067811865463515, -0.7071067811865487940, 0.000000000000000000 ) ) ;
#4144 = ORIENTED_EDGE ( 'NONE', *, *, #4000, .F. ) ;
#4145 = CARTESIAN_POINT ( 'NONE',  ( 67.29999999999999716, 18.66256982247258378, 47.70000000000000995 ) ) ;
#4146 = LINE ( 'NONE', #1625, #3516 ) ;
#4147 = ORIENTED_EDGE ( 'NONE', *, *, #2517, .F. ) ;
#4148 = FACE_OUTER_BOUND ( 'NONE', #2971, .T. ) ;
#4149 = VERTEX_POINT ( 'NONE', #1452 ) ;
#4150 = ORIENTED_EDGE ( 'NONE', *, *, #2752, .T. ) ;
#4151 = EDGE_CURVE ( 'NONE', #3072, #3346, #4798, .T. ) ;
#4152 = CARTESIAN_POINT ( 'NONE',  ( -87.27576346394378959, 11.65655429249252961, 39.80607492501309963 ) ) ;
#4153 = CARTESIAN_POINT ( 'NONE',  ( -89.10728923956160941, 12.64906722130428918, 40.42118701070777576 ) ) ;
#4154 = DIRECTION ( 'NONE',  ( -0.000000000000000000, -0.000000000000000000, 1.000000000000000000 ) ) ;
#4155 = CARTESIAN_POINT ( 'NONE',  ( -69.92016108656491724, -53.51610574050408786, 0.000000000000000000 ) ) ;
#4156 = CARTESIAN_POINT ( 'NONE',  ( -72.57503549603003989, 52.20383088010622430, 22.07029021097556054 ) ) ;
#4157 = ORIENTED_EDGE ( 'NONE', *, *, #4708, .F. ) ;
#4158 = EDGE_CURVE ( 'NONE', #4670, #3498, #1086, .T. ) ;
#4159 = CARTESIAN_POINT ( 'NONE',  ( 43.33245010078663739, 76.64920918224032675, 64.20000000000000284 ) ) ;
#4160 = ADVANCED_FACE ( 'NONE', ( #3616 ), #2393, .F. ) ;
#4161 = ORIENTED_EDGE ( 'NONE', *, *, #4943, .F. ) ;
#4162 = DIRECTION ( 'NONE',  ( -2.135563919605973464E-16, -1.000000000000000000, 0.000000000000000000 ) ) ;
#4163 = ORIENTED_EDGE ( 'NONE', *, *, #459, .F. ) ;
#4164 = VECTOR ( 'NONE', #1249, 1000.000000000000000 ) ;
#4165 = CARTESIAN_POINT ( 'NONE',  ( -45.43129561339289069, 77.69176520136680608, 41.72188530603212087 ) ) ;
#4166 = VERTEX_POINT ( 'NONE', #2741 ) ;
#4167 = DIRECTION ( 'NONE',  ( 1.000000000000000000, 0.000000000000000000, -0.000000000000000000 ) ) ;
#4168 = VECTOR ( 'NONE', #885, 1000.000000000000000 ) ;
#4169 = ORIENTED_EDGE ( 'NONE', *, *, #269, .T. ) ;
#4170 = AXIS2_PLACEMENT_3D ( 'NONE', #288, #4775, #1916 ) ;
#4171 = EDGE_LOOP ( 'NONE', ( #4587, #3151, #932, #3660 ) ) ;
#4172 = DIRECTION ( 'NONE',  ( -1.000000000000000000, 3.203345879408960195E-16, -0.000000000000000000 ) ) ;
#4173 = CARTESIAN_POINT ( 'NONE',  ( 52.30000000000000426, 4.584183710946994061, 58.70000000000000284 ) ) ;
#4174 = CARTESIAN_POINT ( 'NONE',  ( -70.76220499529790686, -52.39764159008905864, -35.79999999999999716 ) ) ;
#4175 = AXIS2_PLACEMENT_3D ( 'NONE', #4301, #5171, #3184 ) ;
#4176 = DIRECTION ( 'NONE',  ( 1.000000000000000000, 0.000000000000000000, 0.000000000000000000 ) ) ;
#4177 = CARTESIAN_POINT ( 'NONE',  ( 58.30000000000000426, -2.662569822472603764, 16.49999999999999289 ) ) ;
#4178 = EDGE_CURVE ( 'NONE', #4797, #1454, #2803, .T. ) ;
#4179 = CARTESIAN_POINT ( 'NONE',  ( 67.29999999999999716, 3.162569822472589998, 4.000000000000003553 ) ) ;
#4180 = ORIENTED_EDGE ( 'NONE', *, *, #3302, .T. ) ;
#4181 = VECTOR ( 'NONE', #4055, 1000.000000000000000 ) ;
#4182 = CARTESIAN_POINT ( 'NONE',  ( -88.83037233535097243, -14.46273738101448814, 55.68933621742354489 ) ) ;
#4183 = DIRECTION ( 'NONE',  ( -0.000000000000000000, -0.7071067811865426878, -0.7071067811865524577 ) ) ;
#4184 = ORIENTED_EDGE ( 'NONE', *, *, #4808, .F. ) ;
#4185 = DIRECTION ( 'NONE',  ( -0.000000000000000000, -0.000000000000000000, 1.000000000000000000 ) ) ;
#4186 = VERTEX_POINT ( 'NONE', #749 ) ;
#4187 = CIRCLE ( 'NONE', #1921, 88.04999999999999716 ) ;
#4188 = EDGE_CURVE ( 'NONE', #3343, #2119, #4720, .T. ) ;
#4189 = CIRCLE ( 'NONE', #1746, 88.04999999999999716 ) ;
#4190 = EDGE_CURVE ( 'NONE', #3146, #284, #1037, .T. ) ;
#4191 = EDGE_LOOP ( 'NONE', ( #3931, #1596, #493, #3981 ) ) ;
#4192 = EDGE_CURVE ( 'NONE', #1397, #2994, #4762, .T. ) ;
#4193 = CARTESIAN_POINT ( 'NONE',  ( 58.30000000000000426, 4.584183710946994950, 5.500000000000005329 ) ) ;
#4194 = VECTOR ( 'NONE', #289, 1000.000000000000000 ) ;
#4195 = VECTOR ( 'NONE', #4687, 1000.000000000000000 ) ;
#4196 = EDGE_LOOP ( 'NONE', ( #3101, #3342, #2304, #4057, #4772, #2820 ) ) ;
#4197 = ORIENTED_EDGE ( 'NONE', *, *, #2626, .F. ) ;
#4198 = ORIENTED_EDGE ( 'NONE', *, *, #1469, .F. ) ;
#4199 = ORIENTED_EDGE ( 'NONE', *, *, #532, .T. ) ;
#4200 = VECTOR ( 'NONE', #1335, 1000.000000000000000 ) ;
#4201 = AXIS2_PLACEMENT_3D ( 'NONE', #19, #514, #4564 ) ;
#4202 = EDGE_CURVE ( 'NONE', #89, #3476, #3572, .T. ) ;
#4203 = CARTESIAN_POINT ( 'NONE',  ( 60.20000000000000284, 1.000000000000000000, 0.000000000000000000 ) ) ;
#4204 = AXIS2_PLACEMENT_3D ( 'NONE', #2825, #394, #3664 ) ;
#4205 = DIRECTION ( 'NONE',  ( 2.135563919605973710E-16, 1.000000000000000000, 0.000000000000000000 ) ) ;
#4206 = CIRCLE ( 'NONE', #1648, 88.04999999999999716 ) ;
#4207 = ORIENTED_EDGE ( 'NONE', *, *, #3920, .T. ) ;
#4208 = ORIENTED_EDGE ( 'NONE', *, *, #4484, .T. ) ;
#4209 = CIRCLE ( 'NONE', #1584, 88.04999999999999716 ) ;
#4210 = CARTESIAN_POINT ( 'NONE',  ( -87.22859334537207587, 12.00352049128402143, 39.99096420450329958 ) ) ;
#4211 = CARTESIAN_POINT ( 'NONE',  ( 0.000000000000000000, 0.000000000000000000, 64.20000000000000284 ) ) ;
#4212 = CARTESIAN_POINT ( 'NONE',  ( 67.29999999999999716, -18.16256982247260865, 60.20000000000000284 ) ) ;
#4213 = CARTESIAN_POINT ( 'NONE',  ( 52.30000000000000426, 6.584183710946994061, 5.500000000000005329 ) ) ;
#4214 = CYLINDRICAL_SURFACE ( 'NONE', #566, 1.399999999999998579 ) ;
#4215 = ORIENTED_EDGE ( 'NONE', *, *, #1208, .T. ) ;
#4216 = CARTESIAN_POINT ( 'NONE',  ( 60.20000000000000284, -3.162569822472601988, 16.00000000000000000 ) ) ;
#4217 = CARTESIAN_POINT ( 'NONE',  ( 43.33245010078663739, 76.64920918224032675, 64.20000000000000284 ) ) ;
#4218 = ORIENTED_EDGE ( 'NONE', *, *, #4345, .F. ) ;
#4219 = DIRECTION ( 'NONE',  ( 1.000000000000000000, 0.000000000000000000, 0.000000000000000000 ) ) ;
#4220 = DIRECTION ( 'NONE',  ( -0.000000000000000000, -0.000000000000000000, 1.000000000000000000 ) ) ;
#4221 = EDGE_CURVE ( 'NONE', #2543, #4399, #1300, .T. ) ;
#4222 = SURFACE_STYLE_FILL_AREA ( #3707 ) ;
#4223 = EDGE_CURVE ( 'NONE', #2365, #1278, #3762, .T. ) ;
#4224 = VERTEX_POINT ( 'NONE', #2531 ) ;
#4225 = VERTEX_POINT ( 'NONE', #505 ) ;
#4226 = CARTESIAN_POINT ( 'NONE',  ( -88.74119674649422507, -14.99999999999999822, 45.20000000000000995 ) ) ;
#4227 = DIRECTION ( 'NONE',  ( -1.000000000000000000, 0.000000000000000000, 0.000000000000000000 ) ) ;
#4228 = EDGE_LOOP ( 'NONE', ( #3216, #3176, #3567, #2907, #365, #781, #886 ) ) ;
#4229 = VERTEX_POINT ( 'NONE', #2903 ) ;
#4230 = ORIENTED_EDGE ( 'NONE', *, *, #1313, .T. ) ;
#4231 = LINE ( 'NONE', #4807, #3021 ) ;
#4232 = CARTESIAN_POINT ( 'NONE',  ( -89.37993160716962393, 10.54815833324714447, 39.39984995584514849 ) ) ;
#4233 = CARTESIAN_POINT ( 'NONE',  ( 52.30000000000000426, -6.584183710947005608, 58.70000000000000284 ) ) ;
#4234 = CARTESIAN_POINT ( 'NONE',  ( 67.29999999999999716, -2.662569822472607317, 3.500000000000010214 ) ) ;
#4235 = EDGE_LOOP ( 'NONE', ( #2963, #739, #1551, #2671 ) ) ;
#4236 = VERTEX_POINT ( 'NONE', #4929 ) ;
#4237 = DIRECTION ( 'NONE',  ( 0.000000000000000000, 0.000000000000000000, -1.000000000000000000 ) ) ;
#4238 = DIRECTION ( 'NONE',  ( -0.000000000000000000, -0.000000000000000000, -1.000000000000000000 ) ) ;
#4239 = CARTESIAN_POINT ( 'NONE',  ( -85.99863518207604329, 18.89542925736789769, 14.20000000000000462 ) ) ;
#4240 = VERTEX_POINT ( 'NONE', #1695 ) ;
#4241 = DIRECTION ( 'NONE',  ( 1.000000000000000000, 0.000000000000000000, 0.000000000000000000 ) ) ;
#4242 = PRESENTATION_STYLE_ASSIGNMENT (( #1843 ) ) ;
#4243 = ORIENTED_EDGE ( 'NONE', *, *, #5229, .F. ) ;
#4244 = ORIENTED_EDGE ( 'NONE', *, *, #2022, .T. ) ;
#4245 = CARTESIAN_POINT ( 'NONE',  ( -44.76175015708536620, 78.07939557913837803, 40.33934093476344174 ) ) ;
#4246 = DIRECTION ( 'NONE',  ( 1.000000000000000000, 0.000000000000000000, 0.000000000000000000 ) ) ;
#4247 = VERTEX_POINT ( 'NONE', #4135 ) ;
#4248 = EDGE_CURVE ( 'NONE', #4323, #1097, #213, .T. ) ;
#4249 = EDGE_LOOP ( 'NONE', ( #2081, #1662, #3552, #618, #3550, #4243 ) ) ;
#4250 = LINE ( 'NONE', #303, #293 ) ;
#4251 = EDGE_CURVE ( 'NONE', #343, #3738, #4475, .T. ) ;
#4252 = CIRCLE ( 'NONE', #2832, 88.04999999999999716 ) ;
#4253 = CARTESIAN_POINT ( 'NONE',  ( -88.04638738220090488, -0.7976019956177675674, 39.20000000000000995 ) ) ;
#4254 = CYLINDRICAL_SURFACE ( 'NONE', #1841, 1.500000000000001332 ) ;
#4255 = DIRECTION ( 'NONE',  ( -0.000000000000000000, -0.000000000000000000, -1.000000000000000000 ) ) ;
#4256 = ORIENTED_EDGE ( 'NONE', *, *, #4876, .F. ) ;
#4257 = VECTOR ( 'NONE', #1722, 1000.000000000000114 ) ;
#4258 = ORIENTED_EDGE ( 'NONE', *, *, #3313, .F. ) ;
#4259 = CARTESIAN_POINT ( 'NONE',  ( -88.98045148184536401, -13.51138809561346221, 57.17493554106348341 ) ) ;
#4260 = DIRECTION ( 'NONE',  ( 0.000000000000000000, -1.000000000000000000, 0.000000000000000000 ) ) ;
#4261 = ORIENTED_EDGE ( 'NONE', *, *, #4190, .F. ) ;
#4262 = CARTESIAN_POINT ( 'NONE',  ( -88.77513188102042818, -14.79795096547874778, 43.64347098757658472 ) ) ;
#4263 = CIRCLE ( 'NONE', #1981, 1.500000000000001332 ) ;
#4264 = ORIENTED_EDGE ( 'NONE', *, *, #4766, .T. ) ;
#4265 = ORIENTED_EDGE ( 'NONE', *, *, #268, .F. ) ;
#4266 = DIRECTION ( 'NONE',  ( -2.265107593816060868E-16, -0.7071067811865475727, -0.7071067811865475727 ) ) ;
#4267 = CARTESIAN_POINT ( 'NONE',  ( -43.77616794741925332, 76.89744146299723582, 40.66498005507984459 ) ) ;
#4268 = CIRCLE ( 'NONE', #3365, 1.399999999999998579 ) ;
#4269 = DIRECTION ( 'NONE',  ( -0.000000000000000000, -0.000000000000000000, -1.000000000000000000 ) ) ;
#4270 = ORIENTED_EDGE ( 'NONE', *, *, #2023, .F. ) ;
#4271 = ORIENTED_EDGE ( 'NONE', *, *, #2198, .F. ) ;
#4272 = AXIS2_PLACEMENT_3D ( 'NONE', #3179, #676, #372 ) ;
#4273 = VECTOR ( 'NONE', #1142, 1000.000000000000114 ) ;
#4274 = PLANE ( 'NONE',  #962 ) ;
#4275 = CARTESIAN_POINT ( 'NONE',  ( -70.34801350094674888, 56.13516719909733865, 20.20000000000000284 ) ) ;
#4276 = AXIS2_PLACEMENT_3D ( 'NONE', #4486, #2889, #2914 ) ;
#4277 = VECTOR ( 'NONE', #231, 1000.000000000000000 ) ;
#4278 = LINE ( 'NONE', #661, #3450 ) ;
#4279 = DIRECTION ( 'NONE',  ( -1.000000000000000000, 0.000000000000000000, 0.000000000000000000 ) ) ;
#4280 = CIRCLE ( 'NONE', #1748, 1.399999999999998579 ) ;
#4281 = VECTOR ( 'NONE', #3609, 1000.000000000000000 ) ;
#4282 = EDGE_CURVE ( 'NONE', #2805, #759, #4421, .T. ) ;
#4283 = DIRECTION ( 'NONE',  ( 1.000000000000000000, 0.000000000000000000, 0.000000000000000000 ) ) ;
#4284 = ADVANCED_FACE ( 'NONE', ( #3276 ), #3641, .F. ) ;
#4285 = CARTESIAN_POINT ( 'NONE',  ( 56.10000000000000142, 6.584183710946992285, 14.50000000000000533 ) ) ;
#4286 = ORIENTED_EDGE ( 'NONE', *, *, #858, .F. ) ;
#4287 = EDGE_CURVE ( 'NONE', #4787, #1979, #4076, .T. ) ;
#4288 = AXIS2_PLACEMENT_3D ( 'NONE', #869, #1694, #3329 ) ;
#4289 = ORIENTED_EDGE ( 'NONE', *, *, #3821, .F. ) ;
#4290 = LINE ( 'NONE', #2182, #1487 ) ;
#4291 = DIRECTION ( 'NONE',  ( 0.000000000000000000, -0.000000000000000000, 1.000000000000000000 ) ) ;
#4292 = VERTEX_POINT ( 'NONE', #1215 ) ;
#4293 = DIRECTION ( 'NONE',  ( 0.000000000000000000, 0.000000000000000000, -1.000000000000000000 ) ) ;
#4294 = EDGE_CURVE ( 'NONE', #3373, #1885, #2447, .T. ) ;
#4295 = FACE_OUTER_BOUND ( 'NONE', #4647, .T. ) ;
#4296 = ORIENTED_EDGE ( 'NONE', *, *, #2381, .F. ) ;
#4297 = CYLINDRICAL_SURFACE ( 'NONE', #3861, 6.000000000000007994 ) ;
#4298 = CARTESIAN_POINT ( 'NONE',  ( 52.30000000000000426, -4.584183710947005608, 58.70000000000000284 ) ) ;
#4299 = LINE ( 'NONE', #677, #469 ) ;
#4300 = VERTEX_POINT ( 'NONE', #2038 ) ;
#4301 = CARTESIAN_POINT ( 'NONE',  ( 60.20000000000000284, 1.000000000000000000, 64.20000000000000284 ) ) ;
#4302 = LINE ( 'NONE', #1819, #1492 ) ;
#4303 = DIRECTION ( 'NONE',  ( -0.000000000000000000, -0.000000000000000000, -1.000000000000000000 ) ) ;
#4304 = CARTESIAN_POINT ( 'NONE',  ( -43.50227842762953401, 76.55295077007156124, 40.77288878555106777 ) ) ;
#4305 = LINE ( 'NONE', #684, #3546 ) ;
#4306 = CARTESIAN_POINT ( 'NONE',  ( -73.74510334294195957, 51.59133297307629107, 24.07640440846004282 ) ) ;
#4307 = ORIENTED_EDGE ( 'NONE', *, *, #533, .T. ) ;
#4308 = EDGE_CURVE ( 'NONE', #50, #1125, #4874, .T. ) ;
#4309 = DIRECTION ( 'NONE',  ( 0.000000000000000000, 0.000000000000000000, 1.000000000000000000 ) ) ;
#4310 = DIRECTION ( 'NONE',  ( -0.000000000000000000, -0.000000000000000000, -1.000000000000000000 ) ) ;
#4311 = ORIENTED_EDGE ( 'NONE', *, *, #4408, .T. ) ;
#4312 = CARTESIAN_POINT ( 'NONE',  ( -88.98007142498957478, 13.51388335812235830, 57.17207813823064555 ) ) ;
#4313 = ORIENTED_EDGE ( 'NONE', *, *, #1052, .T. ) ;
#4314 = ORIENTED_EDGE ( 'NONE', *, *, #104, .F. ) ;
#4315 = ADVANCED_FACE ( 'NONE', ( #2064, #3692, #43, #3307, #4902 ), #4500, .F. ) ;
#4316 = FACE_OUTER_BOUND ( 'NONE', #1716, .T. ) ;
#4317 = EDGE_CURVE ( 'NONE', #3635, #4399, #3387, .T. ) ;
#4318 = PLANE ( 'NONE',  #4272 ) ;
#4319 = DIRECTION ( 'NONE',  ( -1.000000000000000000, 3.203345879408960195E-16, -0.000000000000000000 ) ) ;
#4320 = DIRECTION ( 'NONE',  ( -1.000000000000000000, 0.000000000000000000, 0.000000000000000000 ) ) ;
#4321 = DIRECTION ( 'NONE',  ( -1.000000000000000000, 3.203345879408960195E-16, -0.000000000000000000 ) ) ;
#4322 = ORIENTED_EDGE ( 'NONE', *, *, #671, .T. ) ;
#4323 = VERTEX_POINT ( 'NONE', #121 ) ;
#4324 = CARTESIAN_POINT ( 'NONE',  ( 0.000000000000000000, 0.000000000000000000, 64.20000000000000284 ) ) ;
#4325 = DIRECTION ( 'NONE',  ( 1.000000000000000000, 0.000000000000000000, 0.000000000000000000 ) ) ;
#4326 = CARTESIAN_POINT ( 'NONE',  ( -68.96028317598702984, 54.74743687413759829, 44.20000000000000284 ) ) ;
#4327 = CARTESIAN_POINT ( 'NONE',  ( 58.29999999999999716, 65.98418371094697932, -35.79999999999999716 ) ) ;
#4328 = DIRECTION ( 'NONE',  ( -0.000000000000000000, -0.000000000000000000, -1.000000000000000000 ) ) ;
#4329 = VERTEX_POINT ( 'NONE', #1779 ) ;
#4330 = VERTEX_POINT ( 'NONE', #2575 ) ;
#4331 = VECTOR ( 'NONE', #4293, 1000.000000000000000 ) ;
#4332 = LINE ( 'NONE', #3246, #1838 ) ;
#4333 = CARTESIAN_POINT ( 'NONE',  ( 56.10000000000000142, 6.584183710946994950, 5.500000000000005329 ) ) ;
#4334 = ORIENTED_EDGE ( 'NONE', *, *, #2493, .T. ) ;
#4335 = CARTESIAN_POINT ( 'NONE',  ( -88.84247208895416748, 14.38883690580921026, 55.86748762609874319 ) ) ;
#4336 = EDGE_CURVE ( 'NONE', #2442, #2965, #1629, .T. ) ;
#4337 = CARTESIAN_POINT ( 'NONE',  ( 58.30000000000000426, -3.162569822472601988, 4.000000000000003553 ) ) ;
#4338 = ORIENTED_EDGE ( 'NONE', *, *, #2817, .T. ) ;
#4339 = CARTESIAN_POINT ( 'NONE',  ( -72.68389572404709043, 50.11072101923039668, 25.17410214145795777 ) ) ;
#4340 = ORIENTED_EDGE ( 'NONE', *, *, #2727, .T. ) ;
#4341 = ORIENTED_EDGE ( 'NONE', *, *, #4912, .T. ) ;
#4342 = CARTESIAN_POINT ( 'NONE',  ( 0.000000000000000000, 0.000000000000000000, 64.20000000000000284 ) ) ;
#4343 = CARTESIAN_POINT ( 'NONE',  ( 56.10000000000000142, -6.584183710947007384, 49.70000000000000284 ) ) ;
#4344 = EDGE_CURVE ( 'NONE', #3028, #4797, #3356, .T. ) ;
#4345 = EDGE_CURVE ( 'NONE', #4292, #3014, #4954, .T. ) ;
#4346 = CARTESIAN_POINT ( 'NONE',  ( 0.000000000000000000, 0.000000000000000000, 0.000000000000000000 ) ) ;
#4347 = VECTOR ( 'NONE', #830, 1000.000000000000000 ) ;
#4348 = EDGE_CURVE ( 'NONE', #2949, #2828, #4983, .T. ) ;
#4349 = LINE ( 'NONE', #3156, #3522 ) ;
#4351 = AXIS2_PLACEMENT_3D ( 'NONE', #3332, #4956, #1697 ) ;
#4350 = DIRECTION ( 'NONE',  ( 1.000000000000000000, 0.000000000000000000, 0.000000000000000000 ) ) ;
#4352 = DIRECTION ( 'NONE',  ( 0.000000000000000000, -1.927470528863118802E-16, -1.000000000000000000 ) ) ;
#4353 = ORIENTED_EDGE ( 'NONE', *, *, #3008, .F. ) ;
#4354 = EDGE_CURVE ( 'NONE', #1070, #352, #2751, .T. ) ;
#4355 = VECTOR ( 'NONE', #2143, 1000.000000000000000 ) ;
#4356 = CARTESIAN_POINT ( 'NONE',  ( 60.20000000000000284, -20.51871508876359229, 42.68128491123670898 ) ) ;
#4357 = VECTOR ( 'NONE', #1250, 1000.000000000000000 ) ;
#4358 = ORIENTED_EDGE ( 'NONE', *, *, #71, .F. ) ;
#4359 = CARTESIAN_POINT ( 'NONE',  ( 58.30000000000000426, -4.584183710947007384, 5.500000000000005329 ) ) ;
#4360 = AXIS2_PLACEMENT_3D ( 'NONE', #3838, #2215, #4566 ) ;
#4361 = PLANE ( 'NONE',  #388 ) ;
#4362 = AXIS2_PLACEMENT_3D ( 'NONE', #1610, #791, #2036 ) ;
#4363 = CARTESIAN_POINT ( 'NONE',  ( 60.20000000000000284, -1.000000000000000888, 64.20000000000000284 ) ) ;
#4364 = AXIS2_PLACEMENT_3D ( 'NONE', #4159, #2153, #3441 ) ;
#4365 = VECTOR ( 'NONE', #4366, 1000.000000000000114 ) ;
#4366 = DIRECTION ( 'NONE',  ( 0.000000000000000000, 0.7071067811865474617, 0.7071067811865474617 ) ) ;
#4367 = CARTESIAN_POINT ( 'NONE',  ( 60.20000000000000284, 18.16256982247259089, 60.20000000000000284 ) ) ;
#4368 = FACE_OUTER_BOUND ( 'NONE', #3908, .T. ) ;
#4369 = VERTEX_POINT ( 'NONE', #3772 ) ;
#4370 = DIRECTION ( 'NONE',  ( -1.000000000000000000, -1.067781959802986485E-16, -0.000000000000000000 ) ) ;
#4371 = VECTOR ( 'NONE', #1589, 1000.000000000000000 ) ;
#4372 = AXIS2_PLACEMENT_3D ( 'NONE', #3226, #338, #820 ) ;
#4373 = CARTESIAN_POINT ( 'NONE',  ( 60.20000000000000284, 2.662569822472591330, 47.70000000000000995 ) ) ;
#4374 = ORIENTED_EDGE ( 'NONE', *, *, #2317, .F. ) ;
#4375 = VECTOR ( 'NONE', #4406, 1000.000000000000000 ) ;
#4376 = VERTEX_POINT ( 'NONE', #1395 ) ;
#4377 = CARTESIAN_POINT ( 'NONE',  ( -58.32179878092601655, -65.96491709202079790, 0.000000000000000000 ) ) ;
#4378 = FACE_OUTER_BOUND ( 'NONE', #549, .T. ) ;
#4379 = CARTESIAN_POINT ( 'NONE',  ( 0.000000000000000000, 0.000000000000000000, 64.20000000000000284 ) ) ;
#4380 = EDGE_CURVE ( 'NONE', #3314, #2494, #448, .T. ) ;
#4381 = EDGE_CURVE ( 'NONE', #4330, #3415, #556, .T. ) ;
#4382 = FACE_OUTER_BOUND ( 'NONE', #3700, .T. ) ;
#4383 = LINE ( 'NONE', #4752, #4627 ) ;
#4384 = EDGE_CURVE ( 'NONE', #4139, #5220, #2837, .T. ) ;
#4385 = LINE ( 'NONE', #3290, #2313 ) ;
#4386 = ORIENTED_EDGE ( 'NONE', *, *, #4308, .F. ) ;
#4387 = LINE ( 'NONE', #760, #134 ) ;
#4388 = EDGE_CURVE ( 'NONE', #3141, #4071, #2980, .T. ) ;
#4389 = FACE_OUTER_BOUND ( 'NONE', #4620, .T. ) ;
#4390 = ADVANCED_FACE ( 'NONE', ( #4578 ), #151, .F. ) ;
#4391 = CARTESIAN_POINT ( 'NONE',  ( 67.29999999999999716, -18.16256982247260865, 60.20000000000000284 ) ) ;
#4392 = DIRECTION ( 'NONE',  ( -0.000000000000000000, -0.000000000000000000, -1.000000000000000000 ) ) ;
#4393 = DIRECTION ( 'NONE',  ( 0.000000000000000000, 0.000000000000000000, 1.000000000000000000 ) ) ;
#4394 = CARTESIAN_POINT ( 'NONE',  ( -87.09183895606676629, 12.95733470456241498, 57.72683366681020800 ) ) ;
#4395 = DIRECTION ( 'NONE',  ( -0.000000000000000000, -0.000000000000000000, 1.000000000000000000 ) ) ;
#4396 = ORIENTED_EDGE ( 'NONE', *, *, #574, .T. ) ;
#4397 = DIRECTION ( 'NONE',  ( -0.000000000000000000, -0.000000000000000000, 1.000000000000000000 ) ) ;
#4398 = CARTESIAN_POINT ( 'NONE',  ( -48.02647513448738437, 76.11500683236918974, 20.50932447032798223 ) ) ;
#4399 = VERTEX_POINT ( 'NONE', #5002 ) ;
#4400 = CARTESIAN_POINT ( 'NONE',  ( -72.65957711650676742, 50.08731868132853293, 25.17033400926890963 ) ) ;
#4401 = ORIENTED_EDGE ( 'NONE', *, *, #1963, .F. ) ;
#4402 = CARTESIAN_POINT ( 'NONE',  ( 0.000000000000000000, 0.000000000000000000, 64.20000000000000284 ) ) ;
#4403 = EDGE_LOOP ( 'NONE', ( #3913, #2737, #3162, #5113 ) ) ;
#4404 = LINE ( 'NONE', #1515, #547 ) ;
#4405 = FACE_OUTER_BOUND ( 'NONE', #940, .T. ) ;
#4406 = DIRECTION ( 'NONE',  ( -1.000000000000000000, -1.067781959802986485E-16, -0.000000000000000000 ) ) ;
#4407 = ORIENTED_EDGE ( 'NONE', *, *, #3524, .F. ) ;
#4408 = EDGE_CURVE ( 'NONE', #4661, #889, #3004, .T. ) ;
#4409 = CARTESIAN_POINT ( 'NONE',  ( -29.29032306606523761, 83.03541096836656266, 0.000000000000000000 ) ) ;
#4410 = CARTESIAN_POINT ( 'NONE',  ( -71.34580786389827267, 52.48303728499872989, 43.22252536715036797 ) ) ;
#4411 = DIRECTION ( 'NONE',  ( -0.000000000000000000, -0.000000000000000000, 1.000000000000000000 ) ) ;
#4412 = CARTESIAN_POINT ( 'NONE',  ( -86.96850608147182982, -13.75976051987035653, 41.52577799129038283 ) ) ;
#4413 = ADVANCED_FACE ( 'NONE', ( #972 ), #2612, .T. ) ;
#4414 = VERTEX_POINT ( 'NONE', #2636 ) ;
#4415 = ADVANCED_FACE ( 'NONE', ( #88 ), #4835, .T. ) ;
#4416 = ORIENTED_EDGE ( 'NONE', *, *, #2814, .T. ) ;
#4417 = CARTESIAN_POINT ( 'NONE',  ( -80.68081200856747159, -35.26200609208438408, 0.000000000000000000 ) ) ;
#4418 = DIRECTION ( 'NONE',  ( 4.116236517543920428E-32, 1.927470528863118802E-16, -1.000000000000000000 ) ) ;
#4419 = CARTESIAN_POINT ( 'NONE',  ( -87.27607550551282145, 11.65429951194128400, 58.59522848246475490 ) ) ;
#4420 = LINE ( 'NONE', #3690, #1410 ) ;
#4421 = LINE ( 'NONE', #795, #445 ) ;
#4422 = CARTESIAN_POINT ( 'NONE',  ( -47.09431647784357722, 76.69574196838328817, 20.97864141719673725 ) ) ;
#4423 = VECTOR ( 'NONE', #4846, 1000.000000000000000 ) ;
#4424 = CARTESIAN_POINT ( 'NONE',  ( -72.54414430805043423, 49.98922380243342189, 25.10138748181564239 ) ) ;
#4425 =( NAMED_UNIT ( * ) SI_UNIT ( $, .STERADIAN. ) SOLID_ANGLE_UNIT ( ) );
#4426 = CARTESIAN_POINT ( 'NONE',  ( 52.30000000000000426, -6.584183710947003831, 49.70000000000000284 ) ) ;
#4427 = AXIS2_PLACEMENT_3D ( 'NONE', #2, #1290, #1234 ) ;
#4428 = VECTOR ( 'NONE', #4802, 1000.000000000000000 ) ;
#4429 = DIRECTION ( 'NONE',  ( 1.543588694078970776E-32, 7.228014483236698281E-17, 1.000000000000000000 ) ) ;
#4430 = CARTESIAN_POINT ( 'NONE',  ( 46.11393728141391080, -75.85160718662316981, 0.000000000000000000 ) ) ;
#4431 = LINE ( 'NONE', #805, #785 ) ;
#4432 = EDGE_LOOP ( 'NONE', ( #3571, #3426, #2597, #3335 ) ) ;
#4433 = DIRECTION ( 'NONE',  ( 0.000000000000000000, -0.7071067811865426878, 0.7071067811865523467 ) ) ;
#4434 = AXIS2_PLACEMENT_3D ( 'NONE', #3108, #1899, #4325 ) ;
#4435 = LINE ( 'NONE', #2793, #3537 ) ;
#4436 = DIRECTION ( 'NONE',  ( 0.000000000000000000, 0.000000000000000000, -1.000000000000000000 ) ) ;
#4437 = DIRECTION ( 'NONE',  ( 0.000000000000000000, 0.000000000000000000, 1.000000000000000000 ) ) ;
#4438 = AXIS2_PLACEMENT_3D ( 'NONE', #2315, #3577, #2376 ) ;
#4439 = ORIENTED_EDGE ( 'NONE', *, *, #794, .T. ) ;
#4440 = VERTEX_POINT ( 'NONE', #2545 ) ;
#4441 = DIRECTION ( 'NONE',  ( 1.000000000000000000, 0.000000000000000000, 0.000000000000000000 ) ) ;
#4442 = AXIS2_PLACEMENT_3D ( 'NONE', #1513, #1945, #2071 ) ;
#4443 = EDGE_CURVE ( 'NONE', #5166, #930, #1264, .T. ) ;
#4444 = CIRCLE ( 'NONE', #645, 88.04999999999999716 ) ;
#4445 = DIRECTION ( 'NONE',  ( -2.135563919605973464E-16, -1.000000000000000000, 0.000000000000000000 ) ) ;
#4446 = ADVANCED_FACE ( 'NONE', ( #3240 ), #2894, .T. ) ;
#4447 = FACE_OUTER_BOUND ( 'NONE', #1690, .T. ) ;
#4448 = DIRECTION ( 'NONE',  ( -0.7071067811865463515, 0.7071067811865487940, 0.000000000000000000 ) ) ;
#4449 = EDGE_CURVE ( 'NONE', #2107, #523, #4146, .T. ) ;
#4450 = CARTESIAN_POINT ( 'NONE',  ( 52.30000000000000426, -6.584183710947005608, 58.70000000000000284 ) ) ;
#4451 = AXIS2_PLACEMENT_3D ( 'NONE', #4217, #3009, #2208 ) ;
#4452 = AXIS2_PLACEMENT_3D ( 'NONE', #2302, #4393, #768 ) ;
#4453 = DIRECTION ( 'NONE',  ( 0.000000000000000000, 0.000000000000000000, 1.000000000000000000 ) ) ;
#4454 = EDGE_LOOP ( 'NONE', ( #1965, #494, #5082, #3428, #1557 ) ) ;
#4455 = VECTOR ( 'NONE', #4494, 1000.000000000000000 ) ;
#4457 = CIRCLE ( 'NONE', #1660, 88.04999999999999716 ) ;
#4456 = FACE_OUTER_BOUND ( 'NONE', #2917, .T. ) ;
#4458 = EDGE_CURVE ( 'NONE', #4817, #892, #3353, .T. ) ;
#4459 = AXIS2_PLACEMENT_3D ( 'NONE', #1237, #2408, #1204 ) ;
#4460 = DIRECTION ( 'NONE',  ( 0.000000000000000000, -1.000000000000000000, 4.336808689942019708E-16 ) ) ;
#4461 = CARTESIAN_POINT ( 'NONE',  ( -72.50335911643027487, 49.96063867520056334, 39.34306535729231058 ) ) ;
#4462 = DIRECTION ( 'NONE',  ( 0.000000000000000000, 1.000000000000000000, 0.000000000000000000 ) ) ;
#4463 = PLANE ( 'NONE',  #5041 ) ;
#4464 = CARTESIAN_POINT ( 'NONE',  ( 52.30000000000000426, -6.584183710947003831, 49.70000000000000284 ) ) ;
#4465 = ORIENTED_EDGE ( 'NONE', *, *, #2353, .F. ) ;
#4466 = DIRECTION ( 'NONE',  ( 1.000000000000000000, -0.000000000000000000, -0.000000000000000000 ) ) ;
#4467 = CARTESIAN_POINT ( 'NONE',  ( 0.000000000000000000, 0.000000000000000000, 64.20000000000000284 ) ) ;
#4468 = ORIENTED_EDGE ( 'NONE', *, *, #4748, .F. ) ;
#4469 = DIRECTION ( 'NONE',  ( -1.000000000000000000, 0.000000000000000000, -0.000000000000000000 ) ) ;
#4470 = ORIENTED_EDGE ( 'NONE', *, *, #2553, .F. ) ;
#4471 = ORIENTED_EDGE ( 'NONE', *, *, #2918, .F. ) ;
#4472 = DIRECTION ( 'NONE',  ( 0.000000000000000000, 0.000000000000000000, 1.000000000000000000 ) ) ;
#4473 = CARTESIAN_POINT ( 'NONE',  ( -85.64220675765251656, -20.45030370628995442, 0.000000000000000000 ) ) ;
#4474 = CARTESIAN_POINT ( 'NONE',  ( -72.50335911643028908, 49.96063867520057755, 0.000000000000000000 ) ) ;
#4475 = LINE ( 'NONE', #1189, #190 ) ;
#4476 = DIRECTION ( 'NONE',  ( 1.000000000000000000, 0.000000000000000000, 0.000000000000000000 ) ) ;
#4477 = CARTESIAN_POINT ( 'NONE',  ( -47.86523258292969984, 76.21649307801948225, 20.57513511590741118 ) ) ;
#4478 = EDGE_CURVE ( 'NONE', #195, #225, #29, .T. ) ;
#4479 = DIRECTION ( 'NONE',  ( -1.000000000000000000, 3.203345879408960195E-16, 0.000000000000000000 ) ) ;
#4480 = ORIENTED_EDGE ( 'NONE', *, *, #4766, .F. ) ;
#4481 = DIRECTION ( 'NONE',  ( 0.000000000000000000, 0.000000000000000000, 1.000000000000000000 ) ) ;
#4482 = DIRECTION ( 'NONE',  ( -0.000000000000000000, -0.000000000000000000, -1.000000000000000000 ) ) ;
#4483 = ADVANCED_FACE ( 'NONE', ( #4862 ), #1202, .F. ) ;
#4484 = EDGE_CURVE ( 'NONE', #2992, #3518, #1730, .T. ) ;
#4485 = DIRECTION ( 'NONE',  ( 1.000000000000000000, 0.000000000000000000, 0.000000000000000000 ) ) ;
#4486 = CARTESIAN_POINT ( 'NONE',  ( 43.33245010078663739, 76.64920918224032675, 0.000000000000000000 ) ) ;
#4487 = DIRECTION ( 'NONE',  ( 1.000000000000000000, 0.000000000000000000, 0.000000000000000000 ) ) ;
#4488 = VERTEX_POINT ( 'NONE', #4547 ) ;
#4489 = VERTEX_POINT ( 'NONE', #1686 ) ;
#4490 = CARTESIAN_POINT ( 'NONE',  ( 58.30000000000000426, -6.584183710947005608, 14.50000000000000533 ) ) ;
#4491 = CARTESIAN_POINT ( 'NONE',  ( 0.000000000000000000, 0.000000000000000000, 59.20000000000000995 ) ) ;
#4492 = CARTESIAN_POINT ( 'NONE',  ( 58.30000000000000426, -6.584183710947007384, 5.500000000000005329 ) ) ;
#4493 = ORIENTED_EDGE ( 'NONE', *, *, #5074, .F. ) ;
#4494 = DIRECTION ( 'NONE',  ( -0.000000000000000000, -0.000000000000000000, 1.000000000000000000 ) ) ;
#4495 = EDGE_LOOP ( 'NONE', ( #4012, #429, #4169, #949 ) ) ;
#4496 = VERTEX_POINT ( 'NONE', #914 ) ;
#4497 = DIRECTION ( 'NONE',  ( -0.000000000000000000, -0.000000000000000000, -1.000000000000000000 ) ) ;
#4498 = CARTESIAN_POINT ( 'NONE',  ( 67.29999999999999716, -18.16256982247260865, 60.20000000000000284 ) ) ;
#4499 = CARTESIAN_POINT ( 'NONE',  ( 52.30000000000000426, 6.584183710946994061, 5.500000000000005329 ) ) ;
#4500 = PLANE ( 'NONE',  #954 ) ;
#4501 = DIRECTION ( 'NONE',  ( -0.000000000000000000, -0.000000000000000000, -1.000000000000000000 ) ) ;
#4502 = DIRECTION ( 'NONE',  ( 1.000000000000000000, 0.000000000000000000, 0.000000000000000000 ) ) ;
#4503 = DIRECTION ( 'NONE',  ( 3.203345879408960195E-16, 1.000000000000000000, 1.927470528863118802E-16 ) ) ;
#4504 = ORIENTED_EDGE ( 'NONE', *, *, #4606, .T. ) ;
#4505 = PLANE ( 'NONE',  #3950 ) ;
#4506 = ORIENTED_EDGE ( 'NONE', *, *, #4384, .T. ) ;
#4507 = VECTOR ( 'NONE', #3971, 1000.000000000000000 ) ;
#4508 = LINE ( 'NONE', #3340, #23 ) ;
#4509 = EDGE_CURVE ( 'NONE', #1102, #2074, #410, .T. ) ;
#4510 = CARTESIAN_POINT ( 'NONE',  ( -44.54566088772681098, -75.95055362586666092, 0.000000000000000000 ) ) ;
#4511 = EDGE_CURVE ( 'NONE', #744, #146, #4945, .T. ) ;
#4512 = DIRECTION ( 'NONE',  ( 0.000000000000000000, -0.000000000000000000, -1.000000000000000000 ) ) ;
#4513 = EDGE_CURVE ( 'NONE', #4121, #1770, #2087, .T. ) ;
#4514 = ORIENTED_EDGE ( 'NONE', *, *, #3915, .F. ) ;
#4515 = VERTEX_POINT ( 'NONE', #2116 ) ;
#4516 = CARTESIAN_POINT ( 'NONE',  ( -72.58833126133330893, 50.02325578354769675, 39.25854519691973366 ) ) ;
#4517 = CARTESIAN_POINT ( 'NONE',  ( 58.30000000000000426, 18.16256982247259089, 4.000000000000003553 ) ) ;
#4518 = ORIENTED_EDGE ( 'NONE', *, *, #437, .T. ) ;
#4519 = LINE ( 'NONE', #3797, #230 ) ;
#4520 = ORIENTED_EDGE ( 'NONE', *, *, #422, .T. ) ;
#4521 = ADVANCED_FACE ( 'NONE', ( #111 ), #3657, .F. ) ;
#4522 = ORIENTED_EDGE ( 'NONE', *, *, #3559, .F. ) ;
#4523 = ORIENTED_EDGE ( 'NONE', *, *, #1993, .T. ) ;
#4524 = DIRECTION ( 'NONE',  ( 0.000000000000000000, -0.000000000000000000, 1.000000000000000000 ) ) ;
#4525 = CARTESIAN_POINT ( 'NONE',  ( 56.10000000000000142, -6.584183710947007384, 14.50000000000000533 ) ) ;
#4526 = CARTESIAN_POINT ( 'NONE',  ( 52.30000000000000426, -4.584183710947005608, 58.70000000000000284 ) ) ;
#4527 = CARTESIAN_POINT ( 'NONE',  ( 60.20000000000000284, -66.90261579340526055, 64.20000000000000284 ) ) ;
#4528 = DIRECTION ( 'NONE',  ( -2.135563919605973464E-16, -1.000000000000000000, 0.000000000000000000 ) ) ;
#4529 = CARTESIAN_POINT ( 'NONE',  ( 0.000000000000000000, 0.000000000000000000, 64.20000000000000284 ) ) ;
#4530 = CARTESIAN_POINT ( 'NONE',  ( 52.30000000000000426, 6.584183710946994061, 49.70000000000000284 ) ) ;
#4531 = CARTESIAN_POINT ( 'NONE',  ( -70.98450838480223979, 52.31768808231711887, 21.09298077282672423 ) ) ;
#4532 = AXIS2_PLACEMENT_3D ( 'NONE', #2467, #1718, #4072 ) ;
#4533 = AXIS2_PLACEMENT_3D ( 'NONE', #3666, #3693, #1639 ) ;
#4534 = ORIENTED_EDGE ( 'NONE', *, *, #4282, .T. ) ;
#4535 = DIRECTION ( 'NONE',  ( 0.000000000000000000, 0.000000000000000000, 1.000000000000000000 ) ) ;
#4536 = ORIENTED_EDGE ( 'NONE', *, *, #4192, .F. ) ;
#4537 = CIRCLE ( 'NONE', #473, 88.04999999999999716 ) ;
#4538 = AXIS2_PLACEMENT_3D ( 'NONE', #3876, #1154, #5132 ) ;
#4539 = CIRCLE ( 'NONE', #1066, 1.399999999999998579 ) ;
#4540 = AXIS2_PLACEMENT_3D ( 'NONE', #2792, #3188, #1096 ) ;
#4541 = DIRECTION ( 'NONE',  ( -1.000000000000000000, 0.000000000000000000, 0.000000000000000000 ) ) ;
#4542 = CARTESIAN_POINT ( 'NONE',  ( -72.54557227320913171, 49.89937853628856601, 25.43395574845435902 ) ) ;
#4543 = AXIS2_PLACEMENT_3D ( 'NONE', #2847, #4448, #3725 ) ;
#4544 = ORIENTED_EDGE ( 'NONE', *, *, #974, .F. ) ;
#4545 = ADVANCED_FACE ( 'NONE', ( #2869 ), #861, .F. ) ;
#4546 = CARTESIAN_POINT ( 'NONE',  ( -73.06480330367689646, 50.78840395834527044, 40.07174208335565169 ) ) ;
#4547 = CARTESIAN_POINT ( 'NONE',  ( 60.20000000000000284, -66.90261579340526055, 64.20000000000000284 ) ) ;
#4548 = VECTOR ( 'NONE', #2465, 1000.000000000000000 ) ;
#4549 = VERTEX_POINT ( 'NONE', #495 ) ;
#4550 = FACE_OUTER_BOUND ( 'NONE', #177, .T. ) ;
#4551 = ORIENTED_EDGE ( 'NONE', *, *, #1052, .F. ) ;
#4552 = VERTEX_POINT ( 'NONE', #434 ) ;
#4553 = EDGE_CURVE ( 'NONE', #4166, #3072, #2052, .T. ) ;
#4554 = ORIENTED_EDGE ( 'NONE', *, *, #598, .F. ) ;
#4555 = EDGE_CURVE ( 'NONE', #1482, #2559, #1657, .T. ) ;
#4556 = CARTESIAN_POINT ( 'NONE',  ( -72.30166837632437193, 97.68680182092168707, 38.20000000000000284 ) ) ;
#4557 = DIRECTION ( 'NONE',  ( -1.067781959802986485E-16, -1.000000000000000000, -0.000000000000000000 ) ) ;
#4558 = DIRECTION ( 'NONE',  ( -0.9670745372626462499, 0.2544932992796440918, -0.000000000000000000 ) ) ;
#4559 = CARTESIAN_POINT ( 'NONE',  ( 44.71393728141391222, -75.85160718662316981, 64.20000000000000284 ) ) ;
#4560 = PLANE ( 'NONE',  #3195 ) ;
#4561 = ORIENTED_EDGE ( 'NONE', *, *, #243, .F. ) ;
#4562 = CARTESIAN_POINT ( 'NONE',  ( -29.29032306606590907, 83.03541096836632107, 14.20000000000000462 ) ) ;
#4563 = ORIENTED_EDGE ( 'NONE', *, *, #1466, .F. ) ;
#4564 = DIRECTION ( 'NONE',  ( -1.000000000000000000, 0.000000000000000000, 0.000000000000000000 ) ) ;
#4565 = DIRECTION ( 'NONE',  ( -0.000000000000000000, -0.000000000000000000, 1.000000000000000000 ) ) ;
#4566 = DIRECTION ( 'NONE',  ( 1.000000000000000000, 0.000000000000000000, 0.000000000000000000 ) ) ;
#4567 = ORIENTED_EDGE ( 'NONE', *, *, #2416, .T. ) ;
#4568 = LINE ( 'NONE', #1417, #194 ) ;
#4569 = ORIENTED_EDGE ( 'NONE', *, *, #3646, .F. ) ;
#4570 = DIRECTION ( 'NONE',  ( 0.000000000000000000, 0.000000000000000000, 1.000000000000000000 ) ) ;
#4571 = ADVANCED_FACE ( 'NONE', ( #2518 ), #4123, .T. ) ;
#4572 = ORIENTED_EDGE ( 'NONE', *, *, #2718, .T. ) ;
#4573 = EDGE_LOOP ( 'NONE', ( #620, #3767, #893, #2288, #979, #1357 ) ) ;
#4574 = CARTESIAN_POINT ( 'NONE',  ( 58.30000000000000426, 6.584183710946993173, 14.50000000000000533 ) ) ;
#4575 = EDGE_CURVE ( 'NONE', #2871, #3060, #3377, .T. ) ;
#4576 = DIRECTION ( 'NONE',  ( 0.000000000000000000, 1.000000000000000000, 0.000000000000000000 ) ) ;
#4577 = EDGE_CURVE ( 'NONE', #2003, #4300, #5047, .T. ) ;
#4578 = FACE_OUTER_BOUND ( 'NONE', #1904, .T. ) ;
#4579 = CARTESIAN_POINT ( 'NONE',  ( 67.29999999999999716, 3.162569822472589109, 16.00000000000000000 ) ) ;
#4580 = EDGE_CURVE ( 'NONE', #961, #4098, #3901, .T. ) ;
#4581 = DIRECTION ( 'NONE',  ( -1.000000000000000000, 0.000000000000000000, 0.000000000000000000 ) ) ;
#4582 = FACE_OUTER_BOUND ( 'NONE', #2542, .T. ) ;
#4583 = CARTESIAN_POINT ( 'NONE',  ( -88.74119674649422507, -14.99999999999999645, 53.20000000000000995 ) ) ;
#4584 = LINE ( 'NONE', #1783, #3621 ) ;
#4585 = VERTEX_POINT ( 'NONE', #2629 ) ;
#4586 = EDGE_CURVE ( 'NONE', #2074, #5223, #4568, .T. ) ;
#4587 = ORIENTED_EDGE ( 'NONE', *, *, #761, .T. ) ;
#4588 = DIRECTION ( 'NONE',  ( -0.000000000000000000, -0.000000000000000000, 1.000000000000000000 ) ) ;
#4589 = DIRECTION ( 'NONE',  ( 1.000000000000000000, 0.000000000000000000, 0.000000000000000000 ) ) ;
#4590 = VERTEX_POINT ( 'NONE', #2567 ) ;
#4591 = ORIENTED_EDGE ( 'NONE', *, *, #2414, .F. ) ;
#4592 = AXIS2_PLACEMENT_3D ( 'NONE', #733, #4064, #3995 ) ;
#4593 = CARTESIAN_POINT ( 'NONE',  ( -44.44575496206405063, 78.25970494031507485, 38.99622623987957581 ) ) ;
#4594 = ORIENTED_EDGE ( 'NONE', *, *, #1701, .T. ) ;
#4595 = CARTESIAN_POINT ( 'NONE',  ( 26.44926541907807405, 83.98356302748270252, 64.20000000000000284 ) ) ;
#4596 = VECTOR ( 'NONE', #63, 1000.000000000000000 ) ;
#4597 = ORIENTED_EDGE ( 'NONE', *, *, #1991, .F. ) ;
#4598 = ORIENTED_EDGE ( 'NONE', *, *, #170, .F. ) ;
#4599 = AXIS2_PLACEMENT_3D ( 'NONE', #4377, #1065, #753 ) ;
#4600 = ORIENTED_EDGE ( 'NONE', *, *, #3403, .T. ) ;
#4601 = CARTESIAN_POINT ( 'NONE',  ( -86.79763065838342584, 14.79787862649205543, 43.64319743534942830 ) ) ;
#4602 = LINE ( 'NONE', #2144, #2007 ) ;
#4603 = CARTESIAN_POINT ( 'NONE',  ( 67.29999999999999716, -18.66256982247260154, 3.500000000000003109 ) ) ;
#4604 = VECTOR ( 'NONE', #4938, 1000.000000000000000 ) ;
#4605 = DIRECTION ( 'NONE',  ( -0.9670745372626463610, -0.2544932992796439253, -0.000000000000000000 ) ) ;
#4606 = EDGE_CURVE ( 'NONE', #352, #3518, #1793, .T. ) ;
#4607 = ORIENTED_EDGE ( 'NONE', *, *, #669, .T. ) ;
#4608 = EDGE_CURVE ( 'NONE', #678, #5096, #1644, .T. ) ;
#4609 = VECTOR ( 'NONE', #4460, 1000.000000000000000 ) ;
#4610 = DIRECTION ( 'NONE',  ( 1.000000000000000000, 0.000000000000000000, 0.000000000000000000 ) ) ;
#4611 = VERTEX_POINT ( 'NONE', #166 ) ;
#4612 = FACE_OUTER_BOUND ( 'NONE', #1416, .T. ) ;
#4613 = AXIS2_PLACEMENT_3D ( 'NONE', #8, #4524, #93 ) ;
#4614 = CIRCLE ( 'NONE', #1569, 1.400000000000000133 ) ;
#4615 = VERTEX_POINT ( 'NONE', #4203 ) ;
#4616 = LINE ( 'NONE', #2623, #108 ) ;
#4617 = VECTOR ( 'NONE', #2748, 1000.000000000000114 ) ;
#4619 = CIRCLE ( 'NONE', #2606, 88.04999999999999716 ) ;
#4618 = CYLINDRICAL_SURFACE ( 'NONE', #3786, 1.399999999999998579 ) ;
#4620 = EDGE_LOOP ( 'NONE', ( #2267, #4520, #736, #4960 ) ) ;
#4621 = CIRCLE ( 'NONE', #2428, 90.00000000000000000 ) ;
#4622 = VECTOR ( 'NONE', #4392, 1000.000000000000000 ) ;
#4623 = CARTESIAN_POINT ( 'NONE',  ( 58.30000000000000426, 3.162569822472589109, 4.000000000000003553 ) ) ;
#4624 = ORIENTED_EDGE ( 'NONE', *, *, #627, .F. ) ;
#4625 = VECTOR ( 'NONE', #1214, 1000.000000000000000 ) ;
#4626 = CARTESIAN_POINT ( 'NONE',  ( 58.30000000000000426, -2.662569822472603764, 16.49999999999999289 ) ) ;
#4627 = VECTOR ( 'NONE', #2401, 1000.000000000000000 ) ;
#4628 = ORIENTED_EDGE ( 'NONE', *, *, #1661, .F. ) ;
#4629 = ORIENTED_EDGE ( 'NONE', *, *, #2159, .T. ) ;
#4630 = AXIS2_PLACEMENT_3D ( 'NONE', #3159, #1849, #2320 ) ;
#4631 = CARTESIAN_POINT ( 'NONE',  ( -86.76290970224545163, 14.99999999999999645, 45.20000000000000995 ) ) ;
#4632 = PLANE ( 'NONE',  #1334 ) ;
#4633 = DIRECTION ( 'NONE',  ( -0.000000000000000000, -0.000000000000000000, 1.000000000000000000 ) ) ;
#4634 = FACE_OUTER_BOUND ( 'NONE', #3927, .T. ) ;
#4635 = VERTEX_POINT ( 'NONE', #3079 ) ;
#4636 = ORIENTED_EDGE ( 'NONE', *, *, #533, .F. ) ;
#4637 = DIRECTION ( 'NONE',  ( 0.000000000000000000, -0.000000000000000000, 1.000000000000000000 ) ) ;
#4638 = ORIENTED_EDGE ( 'NONE', *, *, #199, .T. ) ;
#4639 = DIRECTION ( 'NONE',  ( -1.000000000000000000, 0.000000000000000000, 0.000000000000000000 ) ) ;
#4640 = ADVANCED_FACE ( 'NONE', ( #3058 ), #4274, .F. ) ;
#4641 = ORIENTED_EDGE ( 'NONE', *, *, #3001, .F. ) ;
#4642 = ORIENTED_EDGE ( 'NONE', *, *, #4511, .T. ) ;
#4643 = CARTESIAN_POINT ( 'NONE',  ( 67.29999999999999716, 18.16256982247259089, 48.20000000000000995 ) ) ;
#4644 = CARTESIAN_POINT ( 'NONE',  ( -43.61831480607308720, 76.73069310332736848, 40.67889123690433451 ) ) ;
#4645 = EDGE_CURVE ( 'NONE', #3346, #89, #5017, .T. ) ;
#4646 = VERTEX_POINT ( 'NONE', #2970 ) ;
#4647 = EDGE_LOOP ( 'NONE', ( #3349, #638, #1382, #3853 ) ) ;
#4648 = ADVANCED_FACE ( 'NONE', ( #192 ), #143, .F. ) ;
#4649 = ORIENTED_EDGE ( 'NONE', *, *, #3646, .T. ) ;
#4650 = DIRECTION ( 'NONE',  ( -0.000000000000000000, -0.000000000000000000, -1.000000000000000000 ) ) ;
#4651 = B_SPLINE_CURVE_WITH_KNOTS ( 'NONE', 3,
 ( #2457, #4542, #2834, #492 ),
 .UNSPECIFIED., .F., .F.,
 ( 4, 4 ),
 ( 0.008284150280325960902, 0.009422499766376104050 ),
 .UNSPECIFIED. ) ;
#4652 = CARTESIAN_POINT ( 'NONE',  ( -86.82853963482131121, -14.61550831434599296, 55.32245989129624064 ) ) ;
#4653 = ORIENTED_EDGE ( 'NONE', *, *, #3525, .F. ) ;
#4654 = ORIENTED_EDGE ( 'NONE', *, *, #4354, .T. ) ;
#4655 = DIRECTION ( 'NONE',  ( -0.000000000000000000, -0.000000000000000000, -1.000000000000000000 ) ) ;
#4656 = CARTESIAN_POINT ( 'NONE',  ( -44.12791029761987005, 77.12619938830243882, 23.54927295808089127 ) ) ;
#4657 = DIRECTION ( 'NONE',  ( 1.389229824671074054E-31, 4.336808689942019708E-16, -1.000000000000000000 ) ) ;
#4658 = ORIENTED_EDGE ( 'NONE', *, *, #1463, .F. ) ;
#4659 = CARTESIAN_POINT ( 'NONE',  ( -89.24296002457884924, -11.65450838582338910, 58.59512849873773632 ) ) ;
#4660 = DIRECTION ( 'NONE',  ( 1.000000000000000000, 0.000000000000000000, 0.000000000000000000 ) ) ;
#4661 = VERTEX_POINT ( 'NONE', #579 ) ;
#4662 = CYLINDRICAL_SURFACE ( 'NONE', #14, 88.04999999999999716 ) ;
#4663 = DIRECTION ( 'NONE',  ( -0.000000000000000000, -0.000000000000000000, 1.000000000000000000 ) ) ;
#4664 = ORIENTED_EDGE ( 'NONE', *, *, #4380, .T. ) ;
#4665 = ORIENTED_EDGE ( 'NONE', *, *, #4381, .T. ) ;
#4666 = DIRECTION ( 'NONE',  ( 0.000000000000000000, 1.000000000000000000, -0.000000000000000000 ) ) ;
#4667 = CARTESIAN_POINT ( 'NONE',  ( -43.55305812616548167, 76.64067905728427377, 40.71784737736564352 ) ) ;
#4668 = DIRECTION ( 'NONE',  ( -0.000000000000000000, 1.000000000000000000, -0.000000000000000000 ) ) ;
#4669 = ORIENTED_EDGE ( 'NONE', *, *, #1181, .T. ) ;
#4670 = VERTEX_POINT ( 'NONE', #4623 ) ;
#4671 = EDGE_CURVE ( 'NONE', #4935, #2156, #5022, .T. ) ;
#4672 = EDGE_CURVE ( 'NONE', #3685, #1775, #113, .T. ) ;
#4673 = CARTESIAN_POINT ( 'NONE',  ( 0.000000000000000000, 0.000000000000000000, 64.20000000000000284 ) ) ;
#4674 = ORIENTED_EDGE ( 'NONE', *, *, #2519, .F. ) ;
#4675 = EDGE_CURVE ( 'NONE', #4082, #1503, #778, .T. ) ;
#4676 = CARTESIAN_POINT ( 'NONE',  ( -86.96735290757078474, -13.76702340089206977, 56.86462234423940032 ) ) ;
#4677 = ORIENTED_EDGE ( 'NONE', *, *, #245, .T. ) ;
#4678 = CIRCLE ( 'NONE', #4848, 1.400000000000012346 ) ;
#4679 = DIRECTION ( 'NONE',  ( 0.000000000000000000, 0.000000000000000000, -1.000000000000000000 ) ) ;
#4680 = CARTESIAN_POINT ( 'NONE',  ( 67.29999999999999716, -18.66256982247260154, 16.49999999999999289 ) ) ;
#4681 = ADVANCED_FACE ( 'NONE', ( #5123 ), #4704, .F. ) ;
#4682 = CARTESIAN_POINT ( 'NONE',  ( -44.76830234142505560, 77.25860759006091882, 22.91334933604879964 ) ) ;
#4683 = VECTOR ( 'NONE', #4142, 1000.000000000000000 ) ;
#4684 = CARTESIAN_POINT ( 'NONE',  ( 56.10000000000000142, 6.584183710946994950, 49.70000000000000284 ) ) ;
#4685 = ORIENTED_EDGE ( 'NONE', *, *, #1199, .F. ) ;
#4686 = ORIENTED_EDGE ( 'NONE', *, *, #1348, .T. ) ;
#4687 = DIRECTION ( 'NONE',  ( 0.000000000000000000, 1.000000000000000000, 0.000000000000000000 ) ) ;
#4688 = CARTESIAN_POINT ( 'NONE',  ( -26.44926541907859985, -83.98356302748253199, 64.20000000000000284 ) ) ;
#4689 = EDGE_LOOP ( 'NONE', ( #4642, #1295, #2140, #91, #4180, #1203, #2596, #1710 ) ) ;
#4690 = DIRECTION ( 'NONE',  ( 1.000000000000000000, 0.000000000000000000, 0.000000000000000000 ) ) ;
#4691 = FACE_OUTER_BOUND ( 'NONE', #220, .T. ) ;
#4692 = CARTESIAN_POINT ( 'NONE',  ( -57.26561377925391128, -66.88386934444902465, 14.20000000000000462 ) ) ;
#4693 = AXIS2_PLACEMENT_3D ( 'NONE', #1892, #1146, #3993 ) ;
#4694 = EDGE_LOOP ( 'NONE', ( #1733, #648, #4685, #2831 ) ) ;
#4695 = EDGE_LOOP ( 'NONE', ( #5155, #544, #4719, #183 ) ) ;
#4696 = DIRECTION ( 'NONE',  ( 0.000000000000000000, 0.000000000000000000, 1.000000000000000000 ) ) ;
#4697 = CARTESIAN_POINT ( 'NONE',  ( 52.30000000000000426, -6.406691758817919405E-16, 0.000000000000000000 ) ) ;
#4698 = AXIS2_PLACEMENT_3D ( 'NONE', #444, #4453, #4502 ) ;
#4699 = LINE ( 'NONE', #2705, #206 ) ;
#4700 = ORIENTED_EDGE ( 'NONE', *, *, #1019, .F. ) ;
#4701 = VERTEX_POINT ( 'NONE', #2377 ) ;
#4702 = AXIS2_PLACEMENT_3D ( 'NONE', #3129, #267, #4747 ) ;
#4703 = VECTOR ( 'NONE', #1329, 1000.000000000000000 ) ;
#4704 = CYLINDRICAL_SURFACE ( 'NONE', #1387, 88.04999999999999716 ) ;
#4705 = CARTESIAN_POINT ( 'NONE',  ( -87.50526730257951158, -9.786827871052405925, 59.16121817844866371 ) ) ;
#4706 = ORIENTED_EDGE ( 'NONE', *, *, #4555, .F. ) ;
#4707 = AXIS2_PLACEMENT_3D ( 'NONE', #1128, #1858, #3930 ) ;
#4708 = EDGE_CURVE ( 'NONE', #4840, #413, #701, .T. ) ;
#4709 = DIRECTION ( 'NONE',  ( 1.000000000000000000, 0.000000000000000000, 0.000000000000000000 ) ) ;
#4710 = DIRECTION ( 'NONE',  ( -0.000000000000000000, -0.000000000000000000, -1.000000000000000000 ) ) ;
#4711 = VECTOR ( 'NONE', #664, 1000.000000000000000 ) ;
#4712 = VECTOR ( 'NONE', #431, 1000.000000000000000 ) ;
#4713 = CARTESIAN_POINT ( 'NONE',  ( 44.73245010078662887, 76.64920918224032675, 64.20000000000000284 ) ) ;
#4714 = LINE ( 'NONE', #4213, #5038 ) ;
#4715 = CIRCLE ( 'NONE', #3716, 1.400000000000012346 ) ;
#4716 = ADVANCED_FACE ( 'NONE', ( #323 ), #3212, .F. ) ;
#4717 = CARTESIAN_POINT ( 'NONE',  ( 52.30000000000000426, -6.584183710947003831, 14.50000000000000533 ) ) ;
#4718 = LINE ( 'NONE', #4739, #2691 ) ;
#4719 = ORIENTED_EDGE ( 'NONE', *, *, #922, .F. ) ;
#4720 = LINE ( 'NONE', #2723, #1042 ) ;
#4721 = EDGE_LOOP ( 'NONE', ( #5052, #4468, #2321, #340, #2213, #4567 ) ) ;
#4722 = CARTESIAN_POINT ( 'NONE',  ( 52.30000000000000426, -6.406691758817919405E-16, 64.20000000000000284 ) ) ;
#4723 = DIRECTION ( 'NONE',  ( -0.000000000000000000, -0.000000000000000000, 1.000000000000000000 ) ) ;
#4724 = DIRECTION ( 'NONE',  ( 1.000000000000000000, 0.000000000000000000, 0.000000000000000000 ) ) ;
#4725 = DIRECTION ( 'NONE',  ( 1.000000000000000000, 0.000000000000000000, 0.000000000000000000 ) ) ;
#4726 = DIRECTION ( 'NONE',  ( 1.000000000000000000, 0.000000000000000000, 0.000000000000000000 ) ) ;
#4727 = ORIENTED_EDGE ( 'NONE', *, *, #2593, .F. ) ;
#4728 = LINE ( 'NONE', #3973, #3705 ) ;
#4729 = ORIENTED_EDGE ( 'NONE', *, *, #724, .F. ) ;
#4730 = CARTESIAN_POINT ( 'NONE',  ( -69.13350938066814422, 54.52923984409632396, 44.20000000000000995 ) ) ;
#4731 = EDGE_CURVE ( 'NONE', #2871, #2484, #4751, .T. ) ;
#4732 = FACE_OUTER_BOUND ( 'NONE', #3761, .T. ) ;
#4733 = CARTESIAN_POINT ( 'NONE',  ( -71.54863906879636204, 54.59783992305442268, 20.50760199659708505 ) ) ;
#4734 = EDGE_LOOP ( 'NONE', ( #110, #281, #2194, #3322 ) ) ;
#4735 = ORIENTED_EDGE ( 'NONE', *, *, #3942, .T. ) ;
#4736 = DIRECTION ( 'NONE',  ( 0.000000000000000000, 0.7071067811865426878, 0.7071067811865523467 ) ) ;
#4737 = EDGE_CURVE ( 'NONE', #3447, #3222, #3100, .T. ) ;
#4738 = EDGE_CURVE ( 'NONE', #3476, #4972, #3940, .T. ) ;
#4739 = CARTESIAN_POINT ( 'NONE',  ( 60.20000000000000284, 3.162569822472589554, 64.20000000000000284 ) ) ;
#4740 = EDGE_CURVE ( 'NONE', #4661, #744, #1172, .T. ) ;
#4741 = EDGE_LOOP ( 'NONE', ( #520, #4150, #5039, #1700 ) ) ;
#4742 = CARTESIAN_POINT ( 'NONE',  ( 67.29999999999999716, 18.16256982247259089, 16.00000000000000000 ) ) ;
#4743 = FACE_OUTER_BOUND ( 'NONE', #313, .T. ) ;
#4744 = ORIENTED_EDGE ( 'NONE', *, *, #1368, .F. ) ;
#4745 = ORIENTED_EDGE ( 'NONE', *, *, #1255, .F. ) ;
#4746 = CARTESIAN_POINT ( 'NONE',  ( 9.810120920898981467, 87.64743217057677782, 64.20000000000000284 ) ) ;
#4747 = DIRECTION ( 'NONE',  ( -1.000000000000000000, -1.067781959802986485E-16, 0.000000000000000000 ) ) ;
#4748 = EDGE_CURVE ( 'NONE', #2543, #2257, #2400, .T. ) ;
#4749 = DIRECTION ( 'NONE',  ( 1.000000000000000000, 0.000000000000000000, 0.000000000000000000 ) ) ;
#4750 = VERTEX_POINT ( 'NONE', #5146 ) ;
#4751 = LINE ( 'NONE', #3526, #1220 ) ;
#4752 = CARTESIAN_POINT ( 'NONE',  ( 56.10000000000000142, -7.584183710947006496, 14.50000000000000533 ) ) ;
#4753 = CARTESIAN_POINT ( 'NONE',  ( 58.30000000000000426, -6.584183710947005608, 49.70000000000000284 ) ) ;
#4754 = EDGE_LOOP ( 'NONE', ( #3698, #1774, #3017, #378 ) ) ;
#4755 = DIRECTION ( 'NONE',  ( 0.000000000000000000, 1.000000000000000000, 0.000000000000000000 ) ) ;
#4756 = ORIENTED_EDGE ( 'NONE', *, *, #5194, .T. ) ;
#4757 = LINE ( 'NONE', #233, #3379 ) ;
#4758 = CARTESIAN_POINT ( 'NONE',  ( -70.34801350094674888, 56.13516719909733865, 20.20000000000000284 ) ) ;
#4759 = ORIENTED_EDGE ( 'NONE', *, *, #4282, .F. ) ;
#4760 = VECTOR ( 'NONE', #4528, 1000.000000000000000 ) ;
#4761 = CARTESIAN_POINT ( 'NONE',  ( 0.000000000000000000, 0.000000000000000000, 64.20000000000000284 ) ) ;
#4762 = B_SPLINE_CURVE_WITH_KNOTS ( 'NONE', 3,
 ( #1962, #4008, #1107, #1059, #261, #366, #1911, #4335, #1882, #3515, #4312, #5111, #2305, #3932, #285, #5140, #1507, #2338, #314, #1941 ),
 .UNSPECIFIED., .F., .F.,
 ( 4, 2, 2, 2, 2, 2, 2, 2, 2, 4 ),
 ( 0.000000000000000000, 0.001176596280464917805, 0.001764894420697377250, 0.002353192560929836478, 0.003529788841394739321, 0.004706385121859641731, 0.005882981402324544140, 0.007059577682789446550, 0.008236173963254348959, 0.009412770243719250501 ),
 .UNSPECIFIED. ) ;
#4763 = DIRECTION ( 'NONE',  ( 1.000000000000000000, 0.000000000000000000, 0.000000000000000000 ) ) ;
#4764 = ORIENTED_EDGE ( 'NONE', *, *, #4974, .F. ) ;
#4765 = DIRECTION ( 'NONE',  ( 1.000000000000000000, -2.135563919605973464E-16, 0.000000000000000000 ) ) ;
#4766 = EDGE_CURVE ( 'NONE', #941, #3261, #456, .T. ) ;
#4767 = CARTESIAN_POINT ( 'NONE',  ( -70.76220499529790686, -52.39764159008905864, 0.000000000000000000 ) ) ;
#4768 = EDGE_CURVE ( 'NONE', #2200, #4496, #4404, .T. ) ;
#4769 = AXIS2_PLACEMENT_3D ( 'NONE', #988, #4220, #572 ) ;
#4771 = FACE_OUTER_BOUND ( 'NONE', #2693, .T. ) ;
#4770 = CARTESIAN_POINT ( 'NONE',  ( -72.97212270806389256, 50.51719829200093415, 24.76980073559696294 ) ) ;
#4772 = ORIENTED_EDGE ( 'NONE', *, *, #2947, .F. ) ;
#4773 = EDGE_CURVE ( 'NONE', #4139, #1481, #4349, .T. ) ;
#4774 = ORIENTED_EDGE ( 'NONE', *, *, #2479, .T. ) ;
#4775 = DIRECTION ( 'NONE',  ( 0.000000000000000000, 0.000000000000000000, -1.000000000000000000 ) ) ;
#4776 = PLANE ( 'NONE',  #3367 ) ;
#4777 = PLANE ( 'NONE',  #381 ) ;
#4778 = VECTOR ( 'NONE', #4886, 1000.000000000000000 ) ;
#4779 = EDGE_CURVE ( 'NONE', #4094, #3685, #3921, .T. ) ;
#4780 = DIRECTION ( 'NONE',  ( 0.000000000000000000, 0.000000000000000000, -1.000000000000000000 ) ) ;
#4781 = CARTESIAN_POINT ( 'NONE',  ( -42.97806324074771567, 76.84847805958351330, 38.20000000000000284 ) ) ;
#4782 = CARTESIAN_POINT ( 'NONE',  ( 58.30000000000000426, 6.584183710946993173, 14.50000000000000533 ) ) ;
#4783 = ORIENTED_EDGE ( 'NONE', *, *, #275, .F. ) ;
#4784 = AXIS2_PLACEMENT_3D ( 'NONE', #529, #3390, #848 ) ;
#4785 = CARTESIAN_POINT ( 'NONE',  ( 58.30000000000000426, 6.584183710946994950, 5.500000000000005329 ) ) ;
#4786 = AXIS2_PLACEMENT_3D ( 'NONE', #4234, #4657, #2226 ) ;
#4787 = VERTEX_POINT ( 'NONE', #730 ) ;
#4788 = CARTESIAN_POINT ( 'NONE',  ( -88.04793931535624552, 0.6023971442039164348, 39.20000000000000995 ) ) ;
#4789 = CIRCLE ( 'NONE', #895, 88.04999999999999716 ) ;
#4790 = CARTESIAN_POINT ( 'NONE',  ( -87.36995118040438513, -10.92382553777408916, 39.51339986194102494 ) ) ;
#4791 = CIRCLE ( 'NONE', #4451, 1.399999999999991473 ) ;
#4792 = ORIENTED_EDGE ( 'NONE', *, *, #763, .F. ) ;
#4793 = CARTESIAN_POINT ( 'NONE',  ( 11.39658621776040803, -87.48068794877463006, 64.20000000000000284 ) ) ;
#4794 = DIRECTION ( 'NONE',  ( 0.000000000000000000, 0.000000000000000000, -1.000000000000000000 ) ) ;
#4795 = CARTESIAN_POINT ( 'NONE',  ( -87.54815060358420453, 9.395860022658300892, 59.20000000000000995 ) ) ;
#4796 = CYLINDRICAL_SURFACE ( 'NONE', #735, 88.04999999999999716 ) ;
#4797 = VERTEX_POINT ( 'NONE', #2354 ) ;
#4798 = LINE ( 'NONE', #3960, #1811 ) ;
#4799 = AXIS2_PLACEMENT_3D ( 'NONE', #4075, #4102, #2418 ) ;
#4800 = CARTESIAN_POINT ( 'NONE',  ( -46.25116777912165844, 77.20694087976076503, 21.65724207297943593 ) ) ;
#4801 = ORIENTED_EDGE ( 'NONE', *, *, #305, .T. ) ;
#4802 = DIRECTION ( 'NONE',  ( -1.000000000000000000, -1.067781959802986485E-16, -0.000000000000000000 ) ) ;
#4803 = DIRECTION ( 'NONE',  ( -1.000000000000000000, -0.000000000000000000, 0.000000000000000000 ) ) ;
#4804 = ADVANCED_FACE ( 'NONE', ( #4382, #3578, #3969 ), #2708, .F. ) ;
#4805 = ORIENTED_EDGE ( 'NONE', *, *, #3263, .T. ) ;
#4806 = DIRECTION ( 'NONE',  ( 0.000000000000000000, 1.927470528863118802E-16, -1.000000000000000000 ) ) ;
#4807 = CARTESIAN_POINT ( 'NONE',  ( -86.76290970224545163, 14.99999999999999645, 64.20000000000000284 ) ) ;
#4808 = EDGE_CURVE ( 'NONE', #1503, #4998, #4857, .T. ) ;
#4809 = DIRECTION ( 'NONE',  ( -0.000000000000000000, -0.000000000000000000, 1.000000000000000000 ) ) ;
#4810 = EDGE_CURVE ( 'NONE', #568, #1041, #3599, .T. ) ;
#4811 = ORIENTED_EDGE ( 'NONE', *, *, #724, .T. ) ;
#4812 = DIRECTION ( 'NONE',  ( 1.067781959802986485E-16, -1.000000000000000000, -0.000000000000000000 ) ) ;
#4813 = LINE ( 'NONE', #382, #474 ) ;
#4814 = PLANE ( 'NONE',  #2614 ) ;
#4815 = CARTESIAN_POINT ( 'NONE',  ( -87.41611335055266352, -10.54805481258507172, 39.39982309518094894 ) ) ;
#4816 = ORIENTED_EDGE ( 'NONE', *, *, #4768, .T. ) ;
#4817 = VERTEX_POINT ( 'NONE', #4042 ) ;
#4818 = DIRECTION ( 'NONE',  ( 0.000000000000000000, -8.673617379884039170E-17, 1.000000000000000000 ) ) ;
#4819 = PLANE ( 'NONE',  #1068 ) ;
#4820 = CARTESIAN_POINT ( 'NONE',  ( 67.29999999999999716, 18.66256982247258378, 60.70000000000000284 ) ) ;
#4821 = DIRECTION ( 'NONE',  ( 1.000000000000000000, -3.203345879408960195E-16, -0.000000000000000000 ) ) ;
#4822 = CARTESIAN_POINT ( 'NONE',  ( -73.96853964230159306, 51.27041196621358665, 38.20000000000000284 ) ) ;
#4823 = CARTESIAN_POINT ( 'NONE',  ( -48.34953917920768873, 75.91020115961626402, 20.39728452904382294 ) ) ;
#4824 = EDGE_LOOP ( 'NONE', ( #3867, #500, #1870, #142, #1884, #1563, #1934, #3790, #2924, #2068 ) ) ;
#4825 =( LENGTH_UNIT ( ) NAMED_UNIT ( * ) SI_UNIT ( .MILLI., .METRE. ) );
#4826 = CARTESIAN_POINT ( 'NONE',  ( 52.30000000000000426, 4.584183710946992285, 49.70000000000000284 ) ) ;
#4827 = DIRECTION ( 'NONE',  ( 0.000000000000000000, 0.000000000000000000, -1.000000000000000000 ) ) ;
#4828 = DIRECTION ( 'NONE',  ( 1.000000000000000000, 0.000000000000000000, 0.000000000000000000 ) ) ;
#4829 = FACE_OUTER_BOUND ( 'NONE', #3143, .T. ) ;
#4830 = VERTEX_POINT ( 'NONE', #1225 ) ;
#4831 = FACE_OUTER_BOUND ( 'NONE', #4091, .T. ) ;
#4832 = EDGE_CURVE ( 'NONE', #961, #678, #1283, .T. ) ;
#4833 = EDGE_CURVE ( 'NONE', #370, #1973, #2455, .T. ) ;
#4834 = CARTESIAN_POINT ( 'NONE',  ( -72.57549458820712118, 52.20343590131110290, 42.32905951881989637 ) ) ;
#4835 = PLANE ( 'NONE',  #5019 ) ;
#4836 = EDGE_CURVE ( 'NONE', #2485, #4635, #3315, .T. ) ;
#4837 = DIRECTION ( 'NONE',  ( -0.000000000000000000, -0.000000000000000000, -1.000000000000000000 ) ) ;
#4838 = CARTESIAN_POINT ( 'NONE',  ( -86.86813143718339347, -14.37842640781367187, 42.53331072574849259 ) ) ;
#4839 = EDGE_LOOP ( 'NONE', ( #907, #260, #2976, #2028, #2369, #3863, #1809, #2968 ) ) ;
#4840 = VERTEX_POINT ( 'NONE', #3258 ) ;
#4841 = CARTESIAN_POINT ( 'NONE',  ( 58.29999999999999716, 65.98418371094697932, 0.000000000000000000 ) ) ;
#4842 = EDGE_CURVE ( 'NONE', #2700, #2643, #4508, .T. ) ;
#4843 = CARTESIAN_POINT ( 'NONE',  ( 60.20000000000000284, -18.66256982247259799, 47.70000000000000995 ) ) ;
#4844 = CARTESIAN_POINT ( 'NONE',  ( -87.58882634217678742, -9.000000000000001776, 59.20000000000000995 ) ) ;
#4845 = LINE ( 'NONE', #3275, #2784 ) ;
#4846 = DIRECTION ( 'NONE',  ( -1.000000000000000000, -1.067781959802986485E-16, -0.000000000000000000 ) ) ;
#4847 = CARTESIAN_POINT ( 'NONE',  ( -49.00266197430610049, 75.49099484618623990, 20.23833506728356824 ) ) ;
#4848 = AXIS2_PLACEMENT_3D ( 'NONE', #2001, #3235, #5227 ) ;
#4849 = ORIENTED_EDGE ( 'NONE', *, *, #3653, .F. ) ;
#4850 = ORIENTED_EDGE ( 'NONE', *, *, #2191, .F. ) ;
#4851 = CARTESIAN_POINT ( 'NONE',  ( -70.87819906843063222, 52.24062975133362130, 64.20000000000000284 ) ) ;
#4852 = AXIS2_PLACEMENT_3D ( 'NONE', #2176, #3803, #3035 ) ;
#4853 = CARTESIAN_POINT ( 'NONE',  ( 9.802612940136933517, 87.50263584341823275, 14.20000000000000462 ) ) ;
#4854 = CARTESIAN_POINT ( 'NONE',  ( 0.000000000000000000, 0.000000000000000000, 0.000000000000000000 ) ) ;
#4855 = DIRECTION ( 'NONE',  ( 1.000000000000000000, -3.203345879408960195E-16, -0.000000000000000000 ) ) ;
#4856 = DIRECTION ( 'NONE',  ( -0.000000000000000000, -0.000000000000000000, -1.000000000000000000 ) ) ;
#4857 = CIRCLE ( 'NONE', #1556, 88.04999999999999716 ) ;
#4858 = ORIENTED_EDGE ( 'NONE', *, *, #2454, .T. ) ;
#4859 = CARTESIAN_POINT ( 'NONE',  ( -43.02310848215570616, 76.82333508017431711, 25.31212721006793842 ) ) ;
#4860 = AXIS2_PLACEMENT_3D ( 'NONE', #3389, #4931, #2125 ) ;
#4861 = CARTESIAN_POINT ( 'NONE',  ( 56.10000000000000142, -6.584183710947007384, 58.70000000000000284 ) ) ;
#4862 = FACE_OUTER_BOUND ( 'NONE', #1265, .T. ) ;
#4863 = DIRECTION ( 'NONE',  ( 1.000000000000000000, 0.000000000000000000, 0.000000000000000000 ) ) ;
#4864 = EDGE_CURVE ( 'NONE', #1856, #3222, #1257, .T. ) ;
#4865 = AXIS2_PLACEMENT_3D ( 'NONE', #2580, #1758, #4904 ) ;
#4866 = AXIS2_PLACEMENT_3D ( 'NONE', #4136, #506, #2124 ) ;
#4867 = ORIENTED_EDGE ( 'NONE', *, *, #1495, .F. ) ;
#4868 = ORIENTED_EDGE ( 'NONE', *, *, #1633, .F. ) ;
#4869 = VECTOR ( 'NONE', #1975, 1000.000000000000000 ) ;
#4870 = CARTESIAN_POINT ( 'NONE',  ( 58.29999999999999716, -64.48418371094696511, 0.000000000000000000 ) ) ;
#4871 = PLANE ( 'NONE',  #2615 ) ;
#4872 = CARTESIAN_POINT ( 'NONE',  ( -60.53158590358165725, 63.94317483514026890, 14.20000000000000462 ) ) ;
#4873 = EDGE_CURVE ( 'NONE', #3261, #3236, #20, .T. ) ;
#4874 = LINE ( 'NONE', #1638, #4164 ) ;
#4875 = CARTESIAN_POINT ( 'NONE',  ( -57.26561377925391128, -66.88386934444902465, 64.20000000000000284 ) ) ;
#4876 = EDGE_CURVE ( 'NONE', #89, #4166, #2430, .T. ) ;
#4877 = AXIS2_PLACEMENT_3D ( 'NONE', #1909, #4310, #3907 ) ;
#4878 = AXIS2_PLACEMENT_3D ( 'NONE', #1604, #2838, #738 ) ;
#4879 = CARTESIAN_POINT ( 'NONE',  ( -44.44592649268249573, 78.25960930932546944, 25.39973185718532278 ) ) ;
#4880 = CARTESIAN_POINT ( 'NONE',  ( 0.000000000000000000, 0.000000000000000000, 64.20000000000000284 ) ) ;
#4881 = ORIENTED_EDGE ( 'NONE', *, *, #4449, .F. ) ;
#4882 = VECTOR ( 'NONE', #2574, 1000.000000000000000 ) ;
#4884 = VECTOR ( 'NONE', #2906, 1000.000000000000000 ) ;
#4883 = CARTESIAN_POINT ( 'NONE',  ( -72.54531732205138894, 49.89974852385951465, 38.96832131336187643 ) ) ;
#4885 = CIRCLE ( 'NONE', #2617, 1.400000000000005462 ) ;
#4886 = DIRECTION ( 'NONE',  ( -0.000000000000000000, -0.000000000000000000, 1.000000000000000000 ) ) ;
#4887 = CARTESIAN_POINT ( 'NONE',  ( 52.30000000000000426, 4.584183710946994061, 58.70000000000000284 ) ) ;
#4888 = LINE ( 'NONE', #2402, #4375 ) ;
#4889 = EDGE_LOOP ( 'NONE', ( #840, #604, #686, #2783 ) ) ;
#4890 = CARTESIAN_POINT ( 'NONE',  ( -9.802612940136787856, -87.50263584341824696, 0.000000000000000000 ) ) ;
#4891 = DIRECTION ( 'NONE',  ( -0.000000000000000000, 0.000000000000000000, -1.000000000000000000 ) ) ;
#4892 = DIRECTION ( 'NONE',  ( 0.000000000000000000, 0.000000000000000000, -1.000000000000000000 ) ) ;
#4893 = ORIENTED_EDGE ( 'NONE', *, *, #3789, .T. ) ;
#4894 = CARTESIAN_POINT ( 'NONE',  ( 44.71393728141391222, -75.85160718662316981, -35.79999999999999716 ) ) ;
#4895 = ORIENTED_EDGE ( 'NONE', *, *, #103, .T. ) ;
#4896 = ORIENTED_EDGE ( 'NONE', *, *, #4808, .T. ) ;
#4897 = ADVANCED_FACE ( 'NONE', ( #423 ), #4117, .F. ) ;
#4898 = CARTESIAN_POINT ( 'NONE',  ( 58.30000000000000426, 3.162569822472589109, 60.20000000000000284 ) ) ;
#4899 = FACE_OUTER_BOUND ( 'NONE', #2702, .T. ) ;
#4900 = CARTESIAN_POINT ( 'NONE',  ( -89.54886933959579665, -9.000000000000000000, 59.20000000000000995 ) ) ;
#4901 = LINE ( 'NONE', #4005, #2268 ) ;
#4902 = FACE_BOUND ( 'NONE', #3814, .T. ) ;
#4903 = PLANE ( 'NONE',  #4533 ) ;
#4904 = DIRECTION ( 'NONE',  ( -1.067781959802986485E-16, 1.000000000000000000, 0.000000000000000000 ) ) ;
#4905 = ADVANCED_FACE ( 'NONE', ( #491 ), #802, .T. ) ;
#4906 = VERTEX_POINT ( 'NONE', #405 ) ;
#4907 = EDGE_CURVE ( 'NONE', #1973, #1354, #2674, .T. ) ;
#4908 = ADVANCED_FACE ( 'NONE', ( #1706 ), #3735, .F. ) ;
#4909 = CYLINDRICAL_SURFACE ( 'NONE', #1485, 88.04999999999999716 ) ;
#4910 = ORIENTED_EDGE ( 'NONE', *, *, #2479, .F. ) ;
#4911 = LINE ( 'NONE', #910, #3768 ) ;
#4912 = EDGE_CURVE ( 'NONE', #3146, #3127, #2753, .T. ) ;
#4913 = DIRECTION ( 'NONE',  ( 1.000000000000000000, 0.000000000000000000, 0.000000000000000000 ) ) ;
#4914 = CARTESIAN_POINT ( 'NONE',  ( 0.000000000000000000, 0.000000000000000000, 64.20000000000000284 ) ) ;
#4915 = ORIENTED_EDGE ( 'NONE', *, *, #1526, .T. ) ;
#4916 = ORIENTED_EDGE ( 'NONE', *, *, #2317, .T. ) ;
#4917 = CARTESIAN_POINT ( 'NONE',  ( -87.58882634217678742, -9.000000000000000000, 39.20000000000000995 ) ) ;
#4918 = CARTESIAN_POINT ( 'NONE',  ( -68.96028317598702984, 54.74743687413760540, 20.20000000000000284 ) ) ;
#4919 = DIRECTION ( 'NONE',  ( -1.000000000000000000, 2.135563919605973464E-16, 0.000000000000000000 ) ) ;
#4920 = EDGE_LOOP ( 'NONE', ( #1530, #4163, #2855, #4522 ) ) ;
#4921 = LINE ( 'NONE', #997, #3126 ) ;
#4922 = ORIENTED_EDGE ( 'NONE', *, *, #4779, .T. ) ;
#4923 = VERTEX_POINT ( 'NONE', #2025 ) ;
#4924 = ORIENTED_EDGE ( 'NONE', *, *, #2910, .F. ) ;
#4925 = CARTESIAN_POINT ( 'NONE',  ( -120.2000000000000455, -8.999999999999998224, 45.20000000000000995 ) ) ;
#4926 = CARTESIAN_POINT ( 'NONE',  ( -57.26561377925446550, -66.88386934444854148, 0.000000000000000000 ) ) ;
#4927 = CARTESIAN_POINT ( 'NONE',  ( -45.91429192397102099, 75.13108742138884111, 64.20000000000000284 ) ) ;
#4928 = CARTESIAN_POINT ( 'NONE',  ( 42.10828435888690535, 77.32848691362789850, 64.20000000000000284 ) ) ;
#4929 = CARTESIAN_POINT ( 'NONE',  ( 43.50227842762963348, -76.55295077007149018, 0.000000000000000000 ) ) ;
#4930 = FACE_OUTER_BOUND ( 'NONE', #318, .T. ) ;
#4931 = DIRECTION ( 'NONE',  ( -0.000000000000000000, -0.000000000000000000, -1.000000000000000000 ) ) ;
#4932 = PLANE ( 'NONE',  #4865 ) ;
#4933 = ORIENTED_EDGE ( 'NONE', *, *, #2105, .T. ) ;
#4934 = CARTESIAN_POINT ( 'NONE',  ( 57.16748921991823806, -66.96775848339657955, 0.000000000000000000 ) ) ;
#4935 = VERTEX_POINT ( 'NONE', #3648 ) ;
#4936 = EDGE_CURVE ( 'NONE', #5166, #102, #4911, .T. ) ;
#4937 = VECTOR ( 'NONE', #3091, 1000.000000000000000 ) ;
#4938 = DIRECTION ( 'NONE',  ( 0.000000000000000000, 0.000000000000000000, 1.000000000000000000 ) ) ;
#4939 = DIRECTION ( 'NONE',  ( -0.000000000000000000, -0.000000000000000000, -1.000000000000000000 ) ) ;
#4940 = ADVANCED_FACE ( 'NONE', ( #854 ), #1999, .F. ) ;
#4941 = ORIENTED_EDGE ( 'NONE', *, *, #4810, .T. ) ;
#4942 = AXIS2_PLACEMENT_3D ( 'NONE', #1328, #1351, #526 ) ;
#4943 = EDGE_CURVE ( 'NONE', #169, #682, #2862, .T. ) ;
#4944 = CARTESIAN_POINT ( 'NONE',  ( -72.73259241665219577, 50.15993317029100496, 39.22842123636964828 ) ) ;
#4945 = LINE ( 'NONE', #2137, #105 ) ;
#4946 = ORIENTED_EDGE ( 'NONE', *, *, #498, .F. ) ;
#4947 = LINE ( 'NONE', #2569, #4041 ) ;
#4948 = VECTOR ( 'NONE', #3935, 1000.000000000000000 ) ;
#4949 = VERTEX_POINT ( 'NONE', #5245 ) ;
#4950 = ORIENTED_EDGE ( 'NONE', *, *, #3241, .F. ) ;
#4951 = DIRECTION ( 'NONE',  ( -3.203345879408960195E-16, -1.000000000000000000, 7.228014483236698281E-17 ) ) ;
#4952 = CARTESIAN_POINT ( 'NONE',  ( -88.74119674649422507, 14.99999999999999645, 45.20000000000000995 ) ) ;
#4953 = VECTOR ( 'NONE', #750, 1000.000000000000000 ) ;
#4954 = LINE ( 'NONE', #5026, #4257 ) ;
#4955 = CARTESIAN_POINT ( 'NONE',  ( -86.76290970224545163, -8.999999999999998224, 39.20000000000000995 ) ) ;
#4956 = DIRECTION ( 'NONE',  ( 0.7071067811865487940, 0.7071067811865463515, 0.000000000000000000 ) ) ;
#4957 = CARTESIAN_POINT ( 'NONE',  ( -71.46547207044977768, 52.49261502812352376, 21.23207614130112830 ) ) ;
#4958 = COLOUR_RGB ( '',0.7921568627450980005, 0.8196078431372548767, 0.9333333333333333481 ) ;
#4959 = AXIS2_PLACEMENT_3D ( 'NONE', #1723, #2880, #4476 ) ;
#4960 = ORIENTED_EDGE ( 'NONE', *, *, #2044, .F. ) ;
#4961 = CARTESIAN_POINT ( 'NONE',  ( -59.36323934333110941, -65.02928812978341000, 14.20000000000000462 ) ) ;
#4962 = VERTEX_POINT ( 'NONE', #1618 ) ;
#4963 = VECTOR ( 'NONE', #4183, 1000.000000000000000 ) ;
#4964 = AXIS2_PLACEMENT_3D ( 'NONE', #2246, #4710, #4279 ) ;
#4965 = CARTESIAN_POINT ( 'NONE',  ( -87.58882634217678742, 9.000000000000005329, 39.20000000000000995 ) ) ;
#4966 = ORIENTED_EDGE ( 'NONE', *, *, #3431, .T. ) ;
#4967 = VECTOR ( 'NONE', #3807, 1000.000000000000000 ) ;
#4968 = ADVANCED_FACE ( 'NONE', ( #2478 ), #4085, .F. ) ;
#4969 = CARTESIAN_POINT ( 'NONE',  ( 58.30000000000000426, -2.662569822472604208, 3.500000000000010214 ) ) ;
#4970 = SURFACE_SIDE_STYLE ('',( #4222 ) ) ;
#4971 = AXIS2_PLACEMENT_3D ( 'NONE', #1470, #3084, #2327 ) ;
#4972 = VERTEX_POINT ( 'NONE', #4193 ) ;
#4973 = CARTESIAN_POINT ( 'NONE',  ( 56.10000000000000142, 6.584183710946994950, 14.50000000000000533 ) ) ;
#4974 = EDGE_CURVE ( 'NONE', #1336, #3361, #215, .T. ) ;
#4975 = CARTESIAN_POINT ( 'NONE',  ( -47.85994734961399644, 76.21980861217961944, 43.82254416796752139 ) ) ;
#4976 = ORIENTED_EDGE ( 'NONE', *, *, #4936, .F. ) ;
#4977 = ADVANCED_FACE ( 'NONE', ( #3448 ), #2132, .F. ) ;
#4978 = DIRECTION ( 'NONE',  ( 1.000000000000000000, 0.000000000000000000, 0.000000000000000000 ) ) ;
#4979 = EDGE_LOOP ( 'NONE', ( #79, #1791, #1169, #4065 ) ) ;
#4980 = EDGE_LOOP ( 'NONE', ( #3026, #1167, #141, #2109 ) ) ;
#4981 = DIRECTION ( 'NONE',  ( 1.067781959802986485E-16, -1.000000000000000000, -0.000000000000000000 ) ) ;
#4982 = CARTESIAN_POINT ( 'NONE',  ( -89.06277549665243498, 12.95763770971446505, 40.67342967982398960 ) ) ;
#4983 = LINE ( 'NONE', #3828, #539 ) ;
#4984 = LINE ( 'NONE', #4579, #1474 ) ;
#4985 = DIRECTION ( 'NONE',  ( 0.000000000000000000, 0.000000000000000000, 1.000000000000000000 ) ) ;
#4986 = DIRECTION ( 'NONE',  ( -0.000000000000000000, -0.000000000000000000, -1.000000000000000000 ) ) ;
#4987 = ORIENTED_EDGE ( 'NONE', *, *, #1013, .T. ) ;
#4988 = ORIENTED_EDGE ( 'NONE', *, *, #2628, .F. ) ;
#4989 = PLANE ( 'NONE',  #2406 ) ;
#4990 = DIRECTION ( 'NONE',  ( -0.000000000000000000, -0.000000000000000000, 1.000000000000000000 ) ) ;
#4991 = ORIENTED_EDGE ( 'NONE', *, *, #4381, .F. ) ;
#4992 = CARTESIAN_POINT ( 'NONE',  ( 67.29999999999999716, 2.662569822472592218, 47.70000000000000995 ) ) ;
#4993 = EDGE_LOOP ( 'NONE', ( #3539, #716, #1307, #1267 ) ) ;
#4994 = DIRECTION ( 'NONE',  ( -0.9670745372626462499, 0.2544932992796440918, 0.000000000000000000 ) ) ;
#4995 = ORIENTED_EDGE ( 'NONE', *, *, #3010, .T. ) ;
#4996 = EDGE_CURVE ( 'NONE', #2216, #889, #1010, .T. ) ;
#4997 = EDGE_CURVE ( 'NONE', #3593, #5207, #3416, .T. ) ;
#4998 = VERTEX_POINT ( 'NONE', #106 ) ;
#4999 = EDGE_CURVE ( 'NONE', #2836, #4082, #1727, .T. ) ;
#5000 = CARTESIAN_POINT ( 'NONE',  ( -70.87819906843063222, 52.24062975133360709, 21.08034052703022709 ) ) ;
#5001 = LINE ( 'NONE', #4527, #396 ) ;
#5002 = CARTESIAN_POINT ( 'NONE',  ( 52.30000000000000426, -6.584183710947005608, 58.70000000000000284 ) ) ;
#5003 = LINE ( 'NONE', #609, #2334 ) ;
#5004 = ADVANCED_FACE ( 'NONE', ( #2647 ), #515, .F. ) ;
#5005 = VERTEX_POINT ( 'NONE', #3785 ) ;
#5006 = CARTESIAN_POINT ( 'NONE',  ( 60.20000000000000284, 1.000000000000000000, 48.20000000000000995 ) ) ;
#5007 = CARTESIAN_POINT ( 'NONE',  ( 7.015502723804059038, 87.77007019213498040, 64.20000000000000284 ) ) ;
#5008 = ORIENTED_EDGE ( 'NONE', *, *, #4575, .F. ) ;
#5009 = CARTESIAN_POINT ( 'NONE',  ( -89.33371589257504297, -10.93703719602322622, 39.50793276919235097 ) ) ;
#5010 = ORIENTED_EDGE ( 'NONE', *, *, #1311, .F. ) ;
#5011 = CARTESIAN_POINT ( 'NONE',  ( -88.74119674649423928, 15.00000000000000000, 53.20000000000000995 ) ) ;
#5012 = CARTESIAN_POINT ( 'NONE',  ( -45.79181051940226865, 76.74902482288501915, 42.72647530745484801 ) ) ;
#5013 = EDGE_LOOP ( 'NONE', ( #1366, #3299, #3573, #991 ) ) ;
#5014 = ORIENTED_EDGE ( 'NONE', *, *, #1199, .T. ) ;
#5015 = ORIENTED_EDGE ( 'NONE', *, *, #3910, .T. ) ;
#5016 = AXIS2_PLACEMENT_3D ( 'NONE', #4914, #2587, #2890 ) ;
#5017 = LINE ( 'NONE', #1386, #3934 ) ;
#5018 = DIRECTION ( 'NONE',  ( 0.000000000000000000, 0.000000000000000000, -1.000000000000000000 ) ) ;
#5019 = AXIS2_PLACEMENT_3D ( 'NONE', #3345, #4919, #4436 ) ;
#5020 = EDGE_LOOP ( 'NONE', ( #2221, #3799, #1865, #4518, #2272, #2616, #4916, #457 ) ) ;
#5021 = ORIENTED_EDGE ( 'NONE', *, *, #1559, .F. ) ;
#5022 = CIRCLE ( 'NONE', #3602, 1.500000000000001332 ) ;
#5023 = ADVANCED_FACE ( 'NONE', ( #1765 ), #2235, .F. ) ;
#5024 = CARTESIAN_POINT ( 'NONE',  ( -86.81715306917199371, 14.68290954536921511, 43.26516928596132061 ) ) ;
#5025 = CARTESIAN_POINT ( 'NONE',  ( -27.78122329753344744, -83.55241547730733487, 64.20000000000000284 ) ) ;
#5026 = CARTESIAN_POINT ( 'NONE',  ( 58.29999999999999716, -18.16256982247260510, 48.20000000000000995 ) ) ;
#5027 = CARTESIAN_POINT ( 'NONE',  ( -7.015502723805353114, -87.77007019213485250, 0.000000000000000000 ) ) ;
#5028 = ORIENTED_EDGE ( 'NONE', *, *, #4287, .F. ) ;
#5029 = EDGE_LOOP ( 'NONE', ( #2243, #1360, #672, #1627 ) ) ;
#5030 = AXIS2_PLACEMENT_3D ( 'NONE', #1964, #3592, #1480 ) ;
#5031 = CARTESIAN_POINT ( 'NONE',  ( 58.30000000000000426, 18.66256982247258378, 60.70000000000000284 ) ) ;
#5032 = ADVANCED_FACE ( 'NONE', ( #5040 ), #185, .F. ) ;
#5033 = DIRECTION ( 'NONE',  ( 1.000000000000000000, 0.000000000000000000, 0.000000000000000000 ) ) ;
#5034 = EDGE_CURVE ( 'NONE', #666, #1397, #617, .T. ) ;
#5035 = ORIENTED_EDGE ( 'NONE', *, *, #3586, .T. ) ;
#5036 = DIRECTION ( 'NONE',  ( -0.000000000000000000, -0.000000000000000000, -1.000000000000000000 ) ) ;
#5037 = AXIS2_PLACEMENT_3D ( 'NONE', #1676, #1252, #3360 ) ;
#5038 = VECTOR ( 'NONE', #152, 1000.000000000000000 ) ;
#5039 = ORIENTED_EDGE ( 'NONE', *, *, #1043, .F. ) ;
#5040 = FACE_OUTER_BOUND ( 'NONE', #4920, .T. ) ;
#5041 = AXIS2_PLACEMENT_3D ( 'NONE', #1312, #2112, #4143 ) ;
#5042 = VECTOR ( 'NONE', #819, 1000.000000000000000 ) ;
#5043 = ORIENTED_EDGE ( 'NONE', *, *, #3052, .F. ) ;
#5044 = ORIENTED_EDGE ( 'NONE', *, *, #3968, .F. ) ;
#5045 = CIRCLE ( 'NONE', #1407, 1.500000000000001332 ) ;
#5046 = AXIS2_PLACEMENT_3D ( 'NONE', #1552, #4050, #2035 ) ;
#5047 = LINE ( 'NONE', #2274, #2495 ) ;
#5048 = AXIS2_PLACEMENT_3D ( 'NONE', #3904, #255, #1079 ) ;
#5049 = CARTESIAN_POINT ( 'NONE',  ( -86.78945352322216422, -14.84569878574479063, 54.56611407429198835 ) ) ;
#5050 = AXIS2_PLACEMENT_3D ( 'NONE', #731, #375, #4350 ) ;
#5051 = ORIENTED_EDGE ( 'NONE', *, *, #2553, .T. ) ;
#5052 = ORIENTED_EDGE ( 'NONE', *, *, #3425, .F. ) ;
#5053 = AXIS2_PLACEMENT_3D ( 'NONE', #2358, #1575, #2789 ) ;
#5054 = DIRECTION ( 'NONE',  ( -0.000000000000000000, -0.000000000000000000, -1.000000000000000000 ) ) ;
#5055 = CARTESIAN_POINT ( 'NONE',  ( -44.37672623165996555, 77.21278477448892374, 23.32764255077969295 ) ) ;
#5056 = DIRECTION ( 'NONE',  ( 1.000000000000000000, 0.000000000000000000, 0.000000000000000000 ) ) ;
#5057 = VERTEX_POINT ( 'NONE', #2592 ) ;
#5058 = B_SPLINE_CURVE_WITH_KNOTS ( 'NONE', 3,
 ( #1640, #3251, #4847, #2017, #4823, #4398, #4477, #3203, #4422, #847, #4800, #482, #5240, #1216, #2502, #4078, #2104, #2851, #2804, #4879, #1190, #773 ),
 .UNSPECIFIED., .F., .F.,
 ( 4, 2, 2, 2, 2, 2, 2, 2, 2, 2, 4 ),
 ( 0.000000000000000000, 0.001187617410418611826, 0.001781426115627909607, 0.002375234820837206738, 0.003562852231255822250, 0.004750469641674436895, 0.005938087052093052841, 0.006531895757302371222, 0.007125704462511688736, 0.008313321872930344580, 0.009500939283348998690 ),
 .UNSPECIFIED. ) ;
#5059 = ORIENTED_EDGE ( 'NONE', *, *, #606, .T. ) ;
#5060 = DIRECTION ( 'NONE',  ( -0.000000000000000000, -0.000000000000000000, -1.000000000000000000 ) ) ;
#5061 = DIRECTION ( 'NONE',  ( -0.000000000000000000, 0.000000000000000000, -1.000000000000000000 ) ) ;
#5062 = ORIENTED_EDGE ( 'NONE', *, *, #1217, .T. ) ;
#5063 = CARTESIAN_POINT ( 'NONE',  ( -88.74119674649421086, -15.00000000000000000, 44.80211178388353943 ) ) ;
#5064 = EDGE_CURVE ( 'NONE', #1432, #225, #594, .T. ) ;
#5065 = EDGE_CURVE ( 'NONE', #4552, #1063, #3811, .T. ) ;
#5066 = ORIENTED_EDGE ( 'NONE', *, *, #2249, .F. ) ;
#5067 = PRODUCT_RELATED_PRODUCT_CATEGORY ( 'part', '', ( #1601 ) ) ;
#5068 = ORIENTED_EDGE ( 'NONE', *, *, #3810, .T. ) ;
#5069 = DIRECTION ( 'NONE',  ( -0.000000000000000000, -0.000000000000000000, 1.000000000000000000 ) ) ;
#5070 = CARTESIAN_POINT ( 'NONE',  ( -44.76948441702550952, 77.25850137572011533, 41.48799465142526088 ) ) ;
#5071 = LINE ( 'NONE', #1539, #1390 ) ;
#5072 = ORIENTED_EDGE ( 'NONE', *, *, #271, .T. ) ;
#5073 = ORIENTED_EDGE ( 'NONE', *, *, #294, .T. ) ;
#5074 = EDGE_CURVE ( 'NONE', #1482, #3412, #5188, .T. ) ;
#5075 = DIRECTION ( 'NONE',  ( 0.000000000000000000, 0.000000000000000000, -1.000000000000000000 ) ) ;
#5076 = CARTESIAN_POINT ( 'NONE',  ( -46.67053284194044949, 74.66512182235086925, 43.92827934370841092 ) ) ;
#5077 = LINE ( 'NONE', #1617, #4609 ) ;
#5078 = CARTESIAN_POINT ( 'NONE',  ( -69.80843623890419281, 53.66242454023505815, 44.04866098879958969 ) ) ;
#5079 = CARTESIAN_POINT ( 'NONE',  ( 27.96639456976151905, -83.49061788469659007, 64.20000000000000284 ) ) ;
#5080 = LINE ( 'NONE', #1053, #4711 ) ;
#5081 = CARTESIAN_POINT ( 'NONE',  ( 60.20000000000000284, -18.16256982247260510, 4.000000000000003553 ) ) ;
#5082 = ORIENTED_EDGE ( 'NONE', *, *, #1495, .T. ) ;
#5083 = ORIENTED_EDGE ( 'NONE', *, *, #2848, .F. ) ;
#5084 = CARTESIAN_POINT ( 'NONE',  ( -89.10728923956159520, -12.64906722130428562, 57.97881298929225125 ) ) ;
#5085 = B_SPLINE_CURVE_WITH_KNOTS ( 'NONE', 3,
 ( #2680, #2756, #1442, #5049, #1418, #1493, #4652, #3902, #1020, #4676, #1895, #660, #1873, #3507, #5100, #1467, #3105, #4705, #1076, #2297 ),
 .UNSPECIFIED., .F., .F.,
 ( 4, 2, 2, 2, 2, 2, 2, 2, 2, 4 ),
 ( 0.000000000000000000, 0.001176822845105949741, 0.001765234267658924395, 0.002353645690211899049, 0.003530468535317845755, 0.004707291380423792027, 0.005884114225529737431, 0.007060937070635684570, 0.008237759915741630842, 0.009414582760847577114 ),
 .UNSPECIFIED. ) ;
#5086 = CARTESIAN_POINT ( 'NONE',  ( -59.50726637259268159, 64.89751727810008219, -35.79999999999999716 ) ) ;
#5087 = ORIENTED_EDGE ( 'NONE', *, *, #2719, .F. ) ;
#5088 = DIRECTION ( 'NONE',  ( -0.000000000000000000, -0.000000000000000000, 1.000000000000000000 ) ) ;
#5089 = ORIENTED_EDGE ( 'NONE', *, *, #2095, .T. ) ;
#5090 = CARTESIAN_POINT ( 'NONE',  ( -9.802612940137509057, -87.50263584341817591, 64.20000000000000284 ) ) ;
#5091 = ORIENTED_EDGE ( 'NONE', *, *, #1378, .T. ) ;
#5092 = CARTESIAN_POINT ( 'NONE',  ( 60.20000000000000284, -66.90261579340526055, 0.000000000000000000 ) ) ;
#5093 = CARTESIAN_POINT ( 'NONE',  ( -88.04793931535624552, 0.6023971442046426317, 64.20000000000000284 ) ) ;
#5094 = ADVANCED_FACE ( 'NONE', ( #2966 ), #4989, .F. ) ;
#5095 = CARTESIAN_POINT ( 'NONE',  ( 58.30000000000000426, -4.584183710947007384, 58.70000000000000284 ) ) ;
#5096 = VERTEX_POINT ( 'NONE', #540 ) ;
#5097 = ORIENTED_EDGE ( 'NONE', *, *, #4380, .F. ) ;
#5098 = CARTESIAN_POINT ( 'NONE',  ( 0.000000000000000000, 0.000000000000000000, 64.20000000000000284 ) ) ;
#5099 = ADVANCED_FACE ( 'NONE', ( #1358 ), #958, .F. ) ;
#5100 = CARTESIAN_POINT ( 'NONE',  ( -87.27576346394378959, -11.65655429249251895, 58.59392507498693448 ) ) ;
#5101 = EDGE_CURVE ( 'NONE', #4615, #3529, #4616, .T. ) ;
#5102 = DIRECTION ( 'NONE',  ( 1.000000000000000000, 0.000000000000000000, 0.000000000000000000 ) ) ;
#5103 = CARTESIAN_POINT ( 'NONE',  ( -45.91429192397101389, 75.13108742138882690, 43.55342721595123123 ) ) ;
#5104 = AXIS2_PLACEMENT_3D ( 'NONE', #1457, #4266, #3519 ) ;
#5105 = DIRECTION ( 'NONE',  ( -1.000000000000000000, 0.000000000000000000, -0.000000000000000000 ) ) ;
#5106 = ORIENTED_EDGE ( 'NONE', *, *, #3978, .F. ) ;
#5107 = ORIENTED_EDGE ( 'NONE', *, *, #2781, .T. ) ;
#5108 = PRODUCT_DEFINITION_FORMATION_WITH_SPECIFIED_SOURCE ( 'ANY', '', #1601, .NOT_KNOWN. ) ;
#5109 = CARTESIAN_POINT ( 'NONE',  ( -88.74119674649422507, -14.99999999999999645, 45.20000000000000995 ) ) ;
#5110 = ORIENTED_EDGE ( 'NONE', *, *, #4671, .F. ) ;
#5111 = CARTESIAN_POINT ( 'NONE',  ( -89.06230802808195790, 12.96084267801411727, 57.72374546001051243 ) ) ;
#5112 = DIRECTION ( 'NONE',  ( 1.000000000000000000, -3.203345879408960195E-16, 0.000000000000000000 ) ) ;
#5113 = ORIENTED_EDGE ( 'NONE', *, *, #3333, .T. ) ;
#5114 = CIRCLE ( 'NONE', #3106, 1.399999999999998579 ) ;
#5115 = EDGE_LOOP ( 'NONE', ( #839, #5051, #3200, #1820 ) ) ;
#5116 = LINE ( 'NONE', #1090, #2322 ) ;
#5117 = CARTESIAN_POINT ( 'NONE',  ( -72.50335911643028908, 49.96063867520057045, 14.20000000000000462 ) ) ;
#5118 = AXIS2_PLACEMENT_3D ( 'NONE', #1472, #1804, #5056 ) ;
#5119 = CARTESIAN_POINT ( 'NONE',  ( 0.000000000000000000, 0.000000000000000000, 64.20000000000000284 ) ) ;
#5120 = EDGE_CURVE ( 'NONE', #789, #3590, #345, .T. ) ;
#5121 = AXIS2_PLACEMENT_3D ( 'NONE', #5079, #1446, #1173 ) ;
#5122 = AXIS2_PLACEMENT_3D ( 'NONE', #2639, #3410, #588 ) ;
#5123 = FACE_OUTER_BOUND ( 'NONE', #4839, .T. ) ;
#5124 = CARTESIAN_POINT ( 'NONE',  ( 52.30000000000000426, -4.584183710947003831, 49.70000000000000284 ) ) ;
#5125 = CIRCLE ( 'NONE', #2861, 1.399999999999998579 ) ;
#5126 = VERTEX_POINT ( 'NONE', #1484 ) ;
#5127 = CIRCLE ( 'NONE', #1145, 1.500000000000001332 ) ;
#5128 = LINE ( 'NONE', #3560, #1756 ) ;
#5129 = ADVANCED_FACE ( 'NONE', ( #1109 ), #5167, .F. ) ;
#5130 = ADVANCED_FACE ( 'NONE', ( #319 ), #2269, .F. ) ;
#5131 = ORIENTED_EDGE ( 'NONE', *, *, #4190, .T. ) ;
#5132 = DIRECTION ( 'NONE',  ( 1.000000000000000000, 0.000000000000000000, 0.000000000000000000 ) ) ;
#5133 = CIRCLE ( 'NONE', #2698, 88.04999999999999716 ) ;
#5134 = CARTESIAN_POINT ( 'NONE',  ( -43.50227842762954111, 76.55295077007154703, 64.20000000000000284 ) ) ;
#5135 = ORIENTED_EDGE ( 'NONE', *, *, #4354, .F. ) ;
#5136 = AXIS2_PLACEMENT_3D ( 'NONE', #3347, #1320, #548 ) ;
#5137 = ADVANCED_FACE ( 'NONE', ( #4316 ), #1536, .F. ) ;
#5138 = CARTESIAN_POINT ( 'NONE',  ( 58.29999999999999716, 64.48418371094697932, 0.000000000000000000 ) ) ;
#5139 = ORIENTED_EDGE ( 'NONE', *, *, #4294, .F. ) ;
#5140 = CARTESIAN_POINT ( 'NONE',  ( -89.33371589257504297, 10.93703719602322266, 58.89206723080767603 ) ) ;
#5141 = LINE ( 'NONE', #1033, #376 ) ;
#5142 = ORIENTED_EDGE ( 'NONE', *, *, #4833, .F. ) ;
#5143 = DIRECTION ( 'NONE',  ( 1.000000000000000000, 0.000000000000000000, 0.000000000000000000 ) ) ;
#5144 = DIRECTION ( 'NONE',  ( 0.000000000000000000, 0.000000000000000000, -1.000000000000000000 ) ) ;
#5145 = DIRECTION ( 'NONE',  ( 0.000000000000000000, 0.000000000000000000, 1.000000000000000000 ) ) ;
#5146 = CARTESIAN_POINT ( 'NONE',  ( 60.20000000000000284, -18.16256982247260510, 48.20000000000000995 ) ) ;
#5147 = CARTESIAN_POINT ( 'NONE',  ( 58.30000000000000426, -2.662569822472604208, 60.69999999999999574 ) ) ;
#5148 = EDGE_LOOP ( 'NONE', ( #144, #3193, #2411, #2689 ) ) ;
#5149 = LINE ( 'NONE', #4785, #46 ) ;
#5150 = ORIENTED_EDGE ( 'NONE', *, *, #2289, .F. ) ;
#5151 = ADVANCED_FACE ( 'NONE', ( #3575 ), #3128, .T. ) ;
#5152 = CARTESIAN_POINT ( 'NONE',  ( 60.20000000000000284, -2.662569822472604653, 47.70000000000000995 ) ) ;
#5153 = EDGE_CURVE ( 'NONE', #2200, #1397, #244, .T. ) ;
#5154 = CARTESIAN_POINT ( 'NONE',  ( -72.19653788853763388, 53.73797278461351823, 20.99019172108229370 ) ) ;
#5155 = ORIENTED_EDGE ( 'NONE', *, *, #4936, .T. ) ;
#5156 = EDGE_CURVE ( 'NONE', #4923, #1278, #1635, .T. ) ;
#5157 = DIRECTION ( 'NONE',  ( 0.000000000000000000, 1.000000000000000000, 8.673617379884039170E-17 ) ) ;
#5158 = CARTESIAN_POINT ( 'NONE',  ( 67.29999999999999716, 3.162569822472589998, 4.000000000000003553 ) ) ;
#5159 = CARTESIAN_POINT ( 'NONE',  ( 0.000000000000000000, 0.000000000000000000, 64.20000000000000284 ) ) ;
#5160 = ORIENTED_EDGE ( 'NONE', *, *, #1398, .F. ) ;
#5161 = CARTESIAN_POINT ( 'NONE',  ( -80.19077802410279787, 36.36264044165487519, 14.20000000000000462 ) ) ;
#5162 = ADVANCED_FACE ( 'NONE', ( #1035 ), #1512, .T. ) ;
#5163 = DIRECTION ( 'NONE',  ( -0.000000000000000000, -0.000000000000000000, 1.000000000000000000 ) ) ;
#5164 = CARTESIAN_POINT ( 'NONE',  ( -72.64306873422665944, 52.14527733513090624, 22.16674094126401684 ) ) ;
#5165 = EDGE_LOOP ( 'NONE', ( #2053, #1039, #2010, #905 ) ) ;
#5166 = VERTEX_POINT ( 'NONE', #2703 ) ;
#5167 = PLANE ( 'NONE',  #5104 ) ;
#5168 = CARTESIAN_POINT ( 'NONE',  ( 25.11062085407137090, 84.39347854143160532, 0.000000000000000000 ) ) ;
#5169 = LINE ( 'NONE', #2782, #3691 ) ;
#5170 = ORIENTED_EDGE ( 'NONE', *, *, #3566, .T. ) ;
#5171 = DIRECTION ( 'NONE',  ( -1.000000000000000000, 0.000000000000000000, 0.000000000000000000 ) ) ;
#5172 = CARTESIAN_POINT ( 'NONE',  ( -43.03435841791156236, 76.81697181778746142, 39.08925509108879481 ) ) ;
#5173 = CARTESIAN_POINT ( 'NONE',  ( 0.000000000000000000, 0.000000000000000000, 64.20000000000000284 ) ) ;
#5174 = ORIENTED_EDGE ( 'NONE', *, *, #1862, .T. ) ;
#5175 = CARTESIAN_POINT ( 'NONE',  ( -90.00000000000000000, 0.000000000000000000, 0.000000000000000000 ) ) ;
#5176 = LINE ( 'NONE', #4680, #2256 ) ;
#5177 = CARTESIAN_POINT ( 'NONE',  ( -80.75879121305854369, 35.08304635868466903, -35.79999999999999716 ) ) ;
#5178 = EDGE_LOOP ( 'NONE', ( #4341, #2331, #4069, #4439, #3954, #3894, #4129, #3068 ) ) ;
#5179 = VECTOR ( 'NONE', #4352, 1000.000000000000000 ) ;
#5180 = ADVANCED_FACE ( 'NONE', ( #722 ), #2374, .T. ) ;
#5181 = FACE_OUTER_BOUND ( 'NONE', #3808, .T. ) ;
#5182 = DIRECTION ( 'NONE',  ( -0.000000000000000000, -0.000000000000000000, -1.000000000000000000 ) ) ;
#5183 = CARTESIAN_POINT ( 'NONE',  ( 52.30000000000000426, 6.584183710946992285, 49.70000000000000284 ) ) ;
#5184 = DIRECTION ( 'NONE',  ( 1.000000000000000000, 0.000000000000000000, 0.000000000000000000 ) ) ;
#5185 = ORIENTED_EDGE ( 'NONE', *, *, #4779, .F. ) ;
#5186 = DIRECTION ( 'NONE',  ( 0.000000000000000000, 0.000000000000000000, 1.000000000000000000 ) ) ;
#5187 = LINE ( 'NONE', #2066, #1821 ) ;
#5188 = CIRCLE ( 'NONE', #1891, 88.04999999999999716 ) ;
#5189 = ORIENTED_EDGE ( 'NONE', *, *, #3504, .T. ) ;
#5190 = EDGE_LOOP ( 'NONE', ( #4561, #5150, #1456, #2520 ) ) ;
#5191 = ADVANCED_FACE ( 'NONE', ( #3152 ), #4297, .F. ) ;
#5192 = AXIS2_PLACEMENT_3D ( 'NONE', #1818, #3398, #1362 ) ;
#5193 = DIRECTION ( 'NONE',  ( -1.000000000000000000, 0.000000000000000000, -0.000000000000000000 ) ) ;
#5194 = EDGE_CURVE ( 'NONE', #2559, #649, #710, .T. ) ;
#5195 = LINE ( 'NONE', #3554, #3284 ) ;
#5196 = CARTESIAN_POINT ( 'NONE',  ( 58.29999999999999716, -18.16256982247260510, 16.00000000000000000 ) ) ;
#5198 = CIRCLE ( 'NONE', #1646, 88.04999999999999716 ) ;
#5197 = DIRECTION ( 'NONE',  ( -2.135563919605973710E-16, -1.000000000000000000, 0.000000000000000000 ) ) ;
#5199 = DIRECTION ( 'NONE',  ( 1.000000000000000000, 0.000000000000000000, 0.000000000000000000 ) ) ;
#5200 = EDGE_LOOP ( 'NONE', ( #2227, #1379, #4110, #1116 ) ) ;
#5201 = AXIS2_PLACEMENT_3D ( 'NONE', #1554, #1636, #1246 ) ;
#5202 = LINE ( 'NONE', #1200, #2867 ) ;
#5203 = VECTOR ( 'NONE', #4668, 1000.000000000000000 ) ;
#5204 = VECTOR ( 'NONE', #2398, 1000.000000000000000 ) ;
#5205 = FACE_OUTER_BOUND ( 'NONE', #1229, .T. ) ;
#5206 = CARTESIAN_POINT ( 'NONE',  ( -72.59028249286239998, 53.20489347510575584, 21.42741502932820197 ) ) ;
#5207 = VERTEX_POINT ( 'NONE', #4746 ) ;
#5208 = VECTOR ( 'NONE', #2424, 1000.000000000000000 ) ;
#5209 = VECTOR ( 'NONE', #3784, 1000.000000000000000 ) ;
#5210 = ORIENTED_EDGE ( 'NONE', *, *, #3726, .F. ) ;
#5211 = PLANE ( 'NONE',  #223 ) ;
#5212 = CARTESIAN_POINT ( 'NONE',  ( 56.10000000000000142, -6.584183710947004720, 49.70000000000000284 ) ) ;
#5213 = CARTESIAN_POINT ( 'NONE',  ( -86.89875218697132198, 14.19219058848992532, 56.21328047192297817 ) ) ;
#5214 = DIRECTION ( 'NONE',  ( 1.000000000000000000, 0.000000000000000000, 0.000000000000000000 ) ) ;
#5215 = VERTEX_POINT ( 'NONE', #1867 ) ;
#5216 = CARTESIAN_POINT ( 'NONE',  ( -71.98555774933039686, 54.02048939564136987, 43.59574863139433631 ) ) ;
#5217 = CIRCLE ( 'NONE', #4288, 88.04999999999999716 ) ;
#5218 = DIRECTION ( 'NONE',  ( 0.000000000000000000, 0.000000000000000000, 1.000000000000000000 ) ) ;
#5219 = CARTESIAN_POINT ( 'NONE',  ( -73.10177543437087877, 50.99115608444899550, 23.99354738964102296 ) ) ;
#5220 = VERTEX_POINT ( 'NONE', #3553 ) ;
#5221 = CARTESIAN_POINT ( 'NONE',  ( -72.56670835333061120, 49.86858067724260479, 38.20000000000000284 ) ) ;
#5222 = EDGE_CURVE ( 'NONE', #1877, #1345, #4263, .T. ) ;
#5223 = VERTEX_POINT ( 'NONE', #266 ) ;
#5224 = EDGE_CURVE ( 'NONE', #703, #3976, #5116, .T. ) ;
#5225 = CARTESIAN_POINT ( 'NONE',  ( -8.604418640898702009, 87.62857113893937822, 14.20000000000000462 ) ) ;
#5226 = DIRECTION ( 'NONE',  ( 0.000000000000000000, 0.7071067811865474617, 0.7071067811865474617 ) ) ;
#5227 = DIRECTION ( 'NONE',  ( 1.000000000000000000, 0.000000000000000000, 0.000000000000000000 ) ) ;
#5228 = ORIENTED_EDGE ( 'NONE', *, *, #1777, .T. ) ;
#5229 = EDGE_CURVE ( 'NONE', #5005, #4323, #697, .T. ) ;
#5230 = DIRECTION ( 'NONE',  ( 1.000000000000000000, 0.000000000000000000, 0.000000000000000000 ) ) ;
#5231 = CARTESIAN_POINT ( 'NONE',  ( -72.05322459453834938, 52.47703356739705072, 42.85628150726217456 ) ) ;
#5232 = CARTESIAN_POINT ( 'NONE',  ( 58.30000000000000426, 1.000000000000000000, 64.20000000000000284 ) ) ;
#5233 = ORIENTED_EDGE ( 'NONE', *, *, #364, .F. ) ;
#5234 = ORIENTED_EDGE ( 'NONE', *, *, #1043, .T. ) ;
#5235 = DIRECTION ( 'NONE',  ( -0.000000000000000000, -0.000000000000000000, 1.000000000000000000 ) ) ;
#5236 = DIRECTION ( 'NONE',  ( 0.000000000000000000, 0.000000000000000000, -1.000000000000000000 ) ) ;
#5237 = DIRECTION ( 'NONE',  ( 1.000000000000000000, 1.067781959802986485E-16, -0.000000000000000000 ) ) ;
#5238 = CARTESIAN_POINT ( 'NONE',  ( -86.28819335068753560, 17.52570079267484715, 0.000000000000000000 ) ) ;
#5239 = CARTESIAN_POINT ( 'NONE',  ( -73.49773418810762848, 51.94316139837881963, 41.21467478079362934 ) ) ;
#5240 = CARTESIAN_POINT ( 'NONE',  ( -45.53567383201195895, 77.63088739698889640, 22.50641336292019901 ) ) ;
#5241 = ORIENTED_EDGE ( 'NONE', *, *, #761, .F. ) ;
#5242 = DIRECTION ( 'NONE',  ( 0.000000000000000000, 0.000000000000000000, 1.000000000000000000 ) ) ;
#5243 = DIRECTION ( 'NONE',  ( -1.000000000000000000, 3.203345879408960195E-16, -0.000000000000000000 ) ) ;
#5244 = EDGE_CURVE ( 'NONE', #1046, #2665, #2344, .T. ) ;
#5245 = CARTESIAN_POINT ( 'NONE',  ( 58.30000000000000426, -4.584183710947005608, 14.50000000000000533 ) ) ;
#5246 = DIRECTION ( 'NONE',  ( -0.7071067811865463515, 0.7071067811865487940, -0.000000000000000000 ) ) ;
#5247 = CARTESIAN_POINT ( 'NONE',  ( 29.36639456976152474, -83.49061788469659007, 0.000000000000000000 ) ) ;
#5248 = ORIENTED_EDGE ( 'NONE', *, *, #4810, .F. ) ;
#5249 = ORIENTED_EDGE ( 'NONE', *, *, #2690, .T. ) ;
ENDSEC;
END-ISO-10303-21;
