ISO-10303-21;
HEADER;
FILE_DESCRIPTION (( 'STEP AP214' ),
    '1' );
FILE_NAME ('lcd holder.STEP',
    '2026-03-31T18:04:14',
    ( '' ),
    ( '' ),
    'SwSTEP 2.0',
    'SolidWorks 2026',
    '' );
FILE_SCHEMA (( 'AUTOMOTIVE_DESIGN' ));
ENDSEC;

DATA;
#1 = DIRECTION ( 'NONE',  ( 0.005763824543391835725, 0.9999833890253542190, 0.000000000000000000 ) ) ;
#2 = DIRECTION ( 'NONE',  ( 0.000000000000000000, -0.000000000000000000, -1.000000000000000000 ) ) ;
#3 = ORIENTED_EDGE ( 'NONE', *, *, #2534, .F. ) ;
#4 = ORIENTED_EDGE ( 'NONE', *, *, #501, .T. ) ;
#5 = VECTOR ( 'NONE', #2993, 1000.000000000000000 ) ;
#6 = DIRECTION ( 'NONE',  ( 1.000000000000000000, 0.000000000000000000, 0.000000000000000000 ) ) ;
#7 = CARTESIAN_POINT ( 'NONE',  ( -52.29583554250811517, 8.439904173535021314, 19.00000000000000000 ) ) ;
#8 = ORIENTED_EDGE ( 'NONE', *, *, #3574, .T. ) ;
#9 = VECTOR ( 'NONE', #2499, 1000.000000000000000 ) ;
#10 = CARTESIAN_POINT ( 'NONE',  ( -52.29583554250812227, -45.81322866661731297, 16.50000000000000000 ) ) ;
#11 = CARTESIAN_POINT ( 'NONE',  ( -52.29583554250811517, -17.14075662171384451, 19.00000000000000000 ) ) ;
#12 = ADVANCED_FACE ( 'NONE', ( #2141 ), #1248, .T. ) ;
#13 = CARTESIAN_POINT ( 'NONE',  ( 51.80416445749187915, -44.81322866661731297, 19.00000000000000000 ) ) ;
#14 = CARTESIAN_POINT ( 'NONE',  ( 46.75416445749183936, -50.00671723892527609, 16.50000000000000000 ) ) ;
#15 = EDGE_CURVE ( 'NONE', #2064, #2802, #1053, .T. ) ;
#16 = EDGE_LOOP ( 'NONE', ( #3728, #1867, #2722, #2669 ) ) ;
#17 = FACE_OUTER_BOUND ( 'NONE', #691, .T. ) ;
#18 = DIRECTION ( 'NONE',  ( -0.000000000000000000, 0.000000000000000000, 1.000000000000000000 ) ) ;
#19 = ORIENTED_EDGE ( 'NONE', *, *, #2690, .T. ) ;
#20 = ORIENTED_EDGE ( 'NONE', *, *, #2810, .T. ) ;
#21 = VECTOR ( 'NONE', #1475, 1000.000000000000000 ) ;
#22 = CARTESIAN_POINT ( 'NONE',  ( 50.70225416689469711, -47.15868665820117656, 13.83647617489096149 ) ) ;
#23 = LINE ( 'NONE', #299, #2827 ) ;
#24 = ORIENTED_EDGE ( 'NONE', *, *, #1663, .F. ) ;
#25 = AXIS2_PLACEMENT_3D ( 'NONE', #270, #252, #1699 ) ;
#26 = DIRECTION ( 'NONE',  ( -0.000000000000000000, -0.000000000000000000, -1.000000000000000000 ) ) ;
#27 = DIRECTION ( 'NONE',  ( -1.000000000000000000, 0.000000000000000000, 0.000000000000000000 ) ) ;
#28 = EDGE_CURVE ( 'NONE', #3701, #828, #3252, .T. ) ;
#29 = DIRECTION ( 'NONE',  ( 1.000000000000000000, 0.000000000000000000, 0.000000000000000000 ) ) ;
#30 = PRODUCT_CONTEXT ( 'NONE', #845, 'mechanical' ) ;
#31 = CARTESIAN_POINT ( 'NONE',  ( -52.29583554250811517, 22.98677133338268064, 16.50000000000000000 ) ) ;
#32 = VERTEX_POINT ( 'NONE', #361 ) ;
#33 = VECTOR ( 'NONE', #1160, 1000.000000000000000 ) ;
#34 = CARTESIAN_POINT ( 'NONE',  ( -55.24583554250802564, 8.439904173535021314, 25.39999999999999858 ) ) ;
#35 = CARTESIAN_POINT ( 'NONE',  ( 48.15416445749153240, -50.00671723892491372, 0.000000000000000000 ) ) ;
#36 = VECTOR ( 'NONE', #1391, 1000.000000000000000 ) ;
#37 = CARTESIAN_POINT ( 'NONE',  ( 49.75416445749166172, -50.00671723892491372, 0.000000000000000000 ) ) ;
#38 = ORIENTED_EDGE ( 'NONE', *, *, #3195, .F. ) ;
#39 = VERTEX_POINT ( 'NONE', #1551 ) ;
#40 = ORIENTED_EDGE ( 'NONE', *, *, #595, .T. ) ;
#41 = PLANE ( 'NONE',  #2025 ) ;
#42 = EDGE_CURVE ( 'NONE', #2140, #1604, #2213, .T. ) ;
#43 = LINE ( 'NONE', #2375, #3745 ) ;
#44 = ORIENTED_EDGE ( 'NONE', *, *, #727, .T. ) ;
#45 = EDGE_CURVE ( 'NONE', #2047, #995, #627, .T. ) ;
#46 = ORIENTED_EDGE ( 'NONE', *, *, #324, .F. ) ;
#47 = CARTESIAN_POINT ( 'NONE',  ( -49.62719875195742958, -47.06894116912103243, 14.00227919626177098 ) ) ;
#48 = DIRECTION ( 'NONE',  ( 0.6694407558354334986, -0.7428654483999667102, 0.000000000000000000 ) ) ;
#49 = CARTESIAN_POINT ( 'NONE',  ( -54.74583554250801143, -43.81322866661731297, 16.39999999999999858 ) ) ;
#50 = CARTESIAN_POINT ( 'NONE',  ( 54.25416445749178251, -44.81322866661731297, 16.39999999999999858 ) ) ;
#51 = CARTESIAN_POINT ( 'NONE',  ( 0.000000000000000000, -54.00671723892524767, 16.50000000000000000 ) ) ;
#52 = DIRECTION ( 'NONE',  ( 0.000000000000000000, 0.000000000000000000, 1.000000000000000000 ) ) ;
#53 = ORIENTED_EDGE ( 'NONE', *, *, #1187, .T. ) ;
#54 = CIRCLE ( 'NONE', #2198, 3.000000000000002665 ) ;
#55 = AXIS2_PLACEMENT_3D ( 'NONE', #2892, #2282, #3704 ) ;
#56 = FACE_OUTER_BOUND ( 'NONE', #2527, .T. ) ;
#57 = PLANE ( 'NONE',  #1149 ) ;
#58 = CARTESIAN_POINT ( 'NONE',  ( 0.000000000000000000, -45.81322866661731297, 19.00000000000000000 ) ) ;
#59 = ORIENTED_EDGE ( 'NONE', *, *, #1797, .T. ) ;
#60 = ORIENTED_EDGE ( 'NONE', *, *, #123, .F. ) ;
#61 = VERTEX_POINT ( 'NONE', #3385 ) ;
#62 = FACE_OUTER_BOUND ( 'NONE', #1651, .T. ) ;
#63 = CARTESIAN_POINT ( 'NONE',  ( 17.55416445749187915, 23.98677133338268064, 16.50000000000000000 ) ) ;
#64 = EDGE_CURVE ( 'NONE', #1182, #3113, #744, .T. ) ;
#65 = ORIENTED_EDGE ( 'NONE', *, *, #884, .T. ) ;
#66 = EDGE_CURVE ( 'NONE', #3312, #39, #1626, .T. ) ;
#67 = ORIENTED_EDGE ( 'NONE', *, *, #1686, .T. ) ;
#68 = CARTESIAN_POINT ( 'NONE',  ( 43.07736335792299798, -44.47153714672325009, 16.50000000000000000 ) ) ;
#69 = LINE ( 'NONE', #1473, #783 ) ;
#70 = VECTOR ( 'NONE', #2651, 1000.000000000000000 ) ;
#71 = ORIENTED_EDGE ( 'NONE', *, *, #987, .F. ) ;
#72 = LINE ( 'NONE', #1648, #1530 ) ;
#73 = DIRECTION ( 'NONE',  ( -0.000000000000000000, -0.000000000000000000, -1.000000000000000000 ) ) ;
#74 = FACE_OUTER_BOUND ( 'NONE', #84, .T. ) ;
#75 = VECTOR ( 'NONE', #1756, 1000.000000000000000 ) ;
#76 = DIRECTION ( 'NONE',  ( 0.000000000000000000, 0.000000000000000000, -1.000000000000000000 ) ) ;
#77 = CARTESIAN_POINT ( 'NONE',  ( 40.07736335792299798, 0.000000000000000000, 16.50000000000000000 ) ) ;
#78 = VECTOR ( 'NONE', #256, 1000.000000000000000 ) ;
#79 = CARTESIAN_POINT ( 'NONE',  ( -52.29583554250811517, 22.98677133338268064, 19.00000000000000000 ) ) ;
#80 = VERTEX_POINT ( 'NONE', #2427 ) ;
#81 = EDGE_CURVE ( 'NONE', #1638, #360, #3082, .T. ) ;
#82 = EDGE_CURVE ( 'NONE', #1975, #473, #1790, .T. ) ;
#83 = EDGE_CURVE ( 'NONE', #3743, #2711, #553, .T. ) ;
#84 = EDGE_LOOP ( 'NONE', ( #1342, #500, #2130, #857 ) ) ;
#85 = CARTESIAN_POINT ( 'NONE',  ( 44.75416445749165462, -47.47153714672292324, 0.000000000000000000 ) ) ;
#86 = LINE ( 'NONE', #375, #3014 ) ;
#87 = ORIENTED_EDGE ( 'NONE', *, *, #198, .T. ) ;
#88 = ORIENTED_EDGE ( 'NONE', *, *, #3163, .F. ) ;
#89 = DIRECTION ( 'NONE',  ( -0.7428654483971853795, -0.6694407558385198076, 0.000000000000000000 ) ) ;
#90 = VECTOR ( 'NONE', #728, 1000.000000000000000 ) ;
#91 = LINE ( 'NONE', #1263, #3584 ) ;
#92 = EDGE_CURVE ( 'NONE', #80, #3761, #178, .T. ) ;
#93 = ORIENTED_EDGE ( 'NONE', *, *, #2431, .T. ) ;
#94 = EDGE_CURVE ( 'NONE', #665, #976, #3481, .T. ) ;
#95 = AXIS2_PLACEMENT_3D ( 'NONE', #764, #3674, #1054 ) ;
#96 = VECTOR ( 'NONE', #1630, 1000.000000000000000 ) ;
#97 = EDGE_CURVE ( 'NONE', #2367, #2067, #72, .T. ) ;
#98 = CARTESIAN_POINT ( 'NONE',  ( -45.59344854183520823, 49.99328276107517866, 0.000000000000000000 ) ) ;
#99 = CARTESIAN_POINT ( 'NONE',  ( 5.705582370810865668E-15, -44.81322866661732007, 16.50000000000000000 ) ) ;
#100 = CARTESIAN_POINT ( 'NONE',  ( -45.59344854183520823, 49.99328276107517866, 0.000000000000000000 ) ) ;
#101 = ORIENTED_EDGE ( 'NONE', *, *, #1173, .T. ) ;
#102 = ADVANCED_FACE ( 'NONE', ( #2365 ), #2712, .F. ) ;
#103 = CARTESIAN_POINT ( 'NONE',  ( -45.24583554250757089, -44.47153714672291613, 12.50000000000000000 ) ) ;
#104 = DIRECTION ( 'NONE',  ( -1.000000000000000000, 0.000000000000000000, 0.000000000000000000 ) ) ;
#105 = FACE_OUTER_BOUND ( 'NONE', #1393, .T. ) ;
#106 = ORIENTED_EDGE ( 'NONE', *, *, #1898, .F. ) ;
#107 = ADVANCED_FACE ( 'NONE', ( #2097 ), #3277, .T. ) ;
#108 = ORIENTED_EDGE ( 'NONE', *, *, #3477, .T. ) ;
#109 = DIRECTION ( 'NONE',  ( 2.040851148208008245E-16, -1.000000000000000000, 0.000000000000000000 ) ) ;
#110 = VECTOR ( 'NONE', #2720, 1000.000000000000000 ) ;
#111 = VECTOR ( 'NONE', #1882, 1000.000000000000000 ) ;
#112 = DIRECTION ( 'NONE',  ( 0.000000000000000000, -0.000000000000000000, -1.000000000000000000 ) ) ;
#113 = ORIENTED_EDGE ( 'NONE', *, *, #3228, .T. ) ;
#114 = VERTEX_POINT ( 'NONE', #386 ) ;
#115 = LINE ( 'NONE', #135, #3150 ) ;
#116 =( NAMED_UNIT ( * ) PLANE_ANGLE_UNIT ( ) SI_UNIT ( $, .RADIAN. ) );
#117 = FACE_OUTER_BOUND ( 'NONE', #3171, .T. ) ;
#118 = EDGE_LOOP ( 'NONE', ( #3365, #1388, #1601, #2230 ) ) ;
#119 = LINE ( 'NONE', #2162, #2409 ) ;
#120 = CARTESIAN_POINT ( 'NONE',  ( 48.56655708973789132, 40.81384272261757218, 15.50000000000000533 ) ) ;
#121 = ORIENTED_EDGE ( 'NONE', *, *, #3272, .T. ) ;
#122 = EDGE_CURVE ( 'NONE', #534, #1183, #673, .T. ) ;
#123 = EDGE_CURVE ( 'NONE', #3165, #1258, #2143, .T. ) ;
#124 = DIRECTION ( 'NONE',  ( 0.000000000000000000, 1.000000000000000000, 0.000000000000000000 ) ) ;
#125 = DIRECTION ( 'NONE',  ( 1.000000000000000000, 0.000000000000000000, 0.000000000000000000 ) ) ;
#126 = CARTESIAN_POINT ( 'NONE',  ( 48.46053067114918633, -47.29996427146910065, 13.50000000000000178 ) ) ;
#127 = DIRECTION ( 'NONE',  ( 1.000000000000000000, 0.000000000000000000, 0.000000000000000000 ) ) ;
#128 = ORIENTED_EDGE ( 'NONE', *, *, #1012, .F. ) ;
#129 = AXIS2_PLACEMENT_3D ( 'NONE', #3460, #842, #2631 ) ;
#130 = VERTEX_POINT ( 'NONE', #3600 ) ;
#131 = CARTESIAN_POINT ( 'NONE',  ( 44.75416445749165462, -47.47153714672292324, 12.50000000000000000 ) ) ;
#132 = DIRECTION ( 'NONE',  ( -1.000000000000000000, 0.000000000000000000, 0.000000000000000000 ) ) ;
#133 = VERTEX_POINT ( 'NONE', #3296 ) ;
#134 = ORIENTED_EDGE ( 'NONE', *, *, #765, .T. ) ;
#135 = CARTESIAN_POINT ( 'NONE',  ( 54.75416445749178251, -45.81322866661731297, 19.00000000000000000 ) ) ;
#136 = CARTESIAN_POINT ( 'NONE',  ( 46.75416445749183936, -50.00671723892527609, 13.50000000000000178 ) ) ;
#137 = ORIENTED_EDGE ( 'NONE', *, *, #2942, .T. ) ;
#138 = DIRECTION ( 'NONE',  ( 2.312964634635740689E-15, 1.000000000000000000, 0.000000000000000000 ) ) ;
#139 = ADVANCED_FACE ( 'NONE', ( #74 ), #1791, .F. ) ;
#140 = LINE ( 'NONE', #219, #1140 ) ;
#141 = EDGE_LOOP ( 'NONE', ( #2031, #1801, #1646, #3763, #2955, #3475, #2399 ) ) ;
#142 = CIRCLE ( 'NONE', #2639, 3.000000000000002665 ) ;
#143 = PLANE ( 'NONE',  #2326 ) ;
#144 = LINE ( 'NONE', #3581, #1272 ) ;
#145 = EDGE_CURVE ( 'NONE', #1183, #534, #1045, .T. ) ;
#146 = VECTOR ( 'NONE', #2480, 1000.000000000000000 ) ;
#147 = CARTESIAN_POINT ( 'NONE',  ( -53.44583554250814217, 24.08677133338269627, 19.00000000000000000 ) ) ;
#148 = DIRECTION ( 'NONE',  ( -1.000000000000000000, -2.420054292158815258E-16, 0.000000000000000000 ) ) ;
#149 = ORIENTED_EDGE ( 'NONE', *, *, #1464, .T. ) ;
#150 = ORIENTED_EDGE ( 'NONE', *, *, #315, .T. ) ;
#151 = LINE ( 'NONE', #1340, #146 ) ;
#152 = DIRECTION ( 'NONE',  ( 0.000000000000000000, 0.000000000000000000, -1.000000000000000000 ) ) ;
#153 = ADVANCED_FACE ( 'NONE', ( #1858 ), #2098, .F. ) ;
#154 = EDGE_LOOP ( 'NONE', ( #776, #3037, #3063, #1993, #1722 ) ) ;
#155 = DIRECTION ( 'NONE',  ( -0.000000000000000000, 1.000000000000000000, -0.000000000000000000 ) ) ;
#156 = DIRECTION ( 'NONE',  ( -0.000000000000000000, -0.000000000000000000, 1.000000000000000000 ) ) ;
#157 = AXIS2_PLACEMENT_3D ( 'NONE', #3392, #1669, #1390 ) ;
#158 = VECTOR ( 'NONE', #237, 1000.000000000000000 ) ;
#159 = DIRECTION ( 'NONE',  ( 1.000000000000000000, 1.273191542001328782E-16, 0.000000000000000000 ) ) ;
#160 = PLANE ( 'NONE',  #583 ) ;
#161 = EDGE_CURVE ( 'NONE', #1203, #3059, #2122, .T. ) ;
#162 = VERTEX_POINT ( 'NONE', #1515 ) ;
#163 = CIRCLE ( 'NONE', #2291, 3.000000000000002665 ) ;
#164 = DIRECTION ( 'NONE',  ( -0.000000000000000000, 0.000000000000000000, 1.000000000000000000 ) ) ;
#165 = LINE ( 'NONE', #1917, #2487 ) ;
#166 = DIRECTION ( 'NONE',  ( -0.000000000000000000, -0.000000000000000000, 1.000000000000000000 ) ) ;
#167 = CARTESIAN_POINT ( 'NONE',  ( 0.000000000000000000, 8.439904173535021314, 19.00000000000000000 ) ) ;
#168 = ORIENTED_EDGE ( 'NONE', *, *, #1018, .T. ) ;
#169 = EDGE_CURVE ( 'NONE', #2254, #3165, #2366, .T. ) ;
#170 = VERTEX_POINT ( 'NONE', #2944 ) ;
#171 = DIRECTION ( 'NONE',  ( -1.000000000000000000, 0.000000000000000000, 0.000000000000000000 ) ) ;
#172 = FACE_BOUND ( 'NONE', #1805, .T. ) ;
#173 = VECTOR ( 'NONE', #404, 1000.000000000000000 ) ;
#174 = EDGE_CURVE ( 'NONE', #1108, #3396, #612, .T. ) ;
#175 = VECTOR ( 'NONE', #986, 1000.000000000000000 ) ;
#176 = ORIENTED_EDGE ( 'NONE', *, *, #3709, .T. ) ;
#177 = FACE_OUTER_BOUND ( 'NONE', #2708, .T. ) ;
#178 = LINE ( 'NONE', #50, #2686 ) ;
#179 = LINE ( 'NONE', #3596, #2962 ) ;
#180 = DIRECTION ( 'NONE',  ( -1.000000000000000000, 0.000000000000000000, 0.000000000000000000 ) ) ;
#181 = DIRECTION ( 'NONE',  ( -0.000000000000000000, 1.000000000000000000, 0.000000000000000000 ) ) ;
#182 = ORIENTED_EDGE ( 'NONE', *, *, #169, .F. ) ;
#183 = LINE ( 'NONE', #831, #3455 ) ;
#184 = DIRECTION ( 'NONE',  ( -0.000000000000000000, -0.000000000000000000, -1.000000000000000000 ) ) ;
#185 = CARTESIAN_POINT ( 'NONE',  ( -55.24583554250801143, -17.14075662171384451, 19.00000000000000000 ) ) ;
#186 = DIRECTION ( 'NONE',  ( 1.000000000000000000, 0.000000000000000000, 0.000000000000000000 ) ) ;
#187 = VERTEX_POINT ( 'NONE', #31 ) ;
#188 = ORIENTED_EDGE ( 'NONE', *, *, #2504, .F. ) ;
#189 = CARTESIAN_POINT ( 'NONE',  ( 51.80416445749187204, -45.81322866661731297, 16.50000000000000000 ) ) ;
#190 = CARTESIAN_POINT ( 'NONE',  ( -52.24583554250801853, -54.00671723892524767, 16.50000000000000000 ) ) ;
#191 = AXIS2_PLACEMENT_3D ( 'NONE', #2405, #2121, #763 ) ;
#192 = EDGE_LOOP ( 'NONE', ( #2131, #3351 ) ) ;
#193 = EDGE_CURVE ( 'NONE', #1096, #3441, #54, .T. ) ;
#194 = AXIS2_PLACEMENT_3D ( 'NONE', #1829, #669, #3271 ) ;
#195 = DIRECTION ( 'NONE',  ( 0.000000000000000000, 0.000000000000000000, 1.000000000000000000 ) ) ;
#196 = AXIS2_PLACEMENT_3D ( 'NONE', #1658, #817, #516 ) ;
#197 = ORIENTED_EDGE ( 'NONE', *, *, #2236, .T. ) ;
#198 = EDGE_CURVE ( 'NONE', #2013, #2753, #2714, .T. ) ;
#199 = CARTESIAN_POINT ( 'NONE',  ( -43.99344854183517128, 49.99328276107484470, 16.50000000000000000 ) ) ;
#200 = DIRECTION ( 'NONE',  ( 0.000000000000000000, -0.000000000000000000, 1.000000000000000000 ) ) ;
#201 = ORIENTED_EDGE ( 'NONE', *, *, #1489, .F. ) ;
#202 = AXIS2_PLACEMENT_3D ( 'NONE', #1881, #124, #2185 ) ;
#203 = CARTESIAN_POINT ( 'NONE',  ( -45.24583554250757089, -51.00671723892524767, 16.50000000000000000 ) ) ;
#204 = DIRECTION ( 'NONE',  ( -0.7428654483971853795, -0.6694407558385199186, 0.000000000000000000 ) ) ;
#205 = DIRECTION ( 'NONE',  ( -1.000000000000000000, -4.247101873863862393E-15, 0.000000000000000000 ) ) ;
#206 = EDGE_LOOP ( 'NONE', ( #314, #1415, #821, #2649 ) ) ;
#207 = ORIENTED_EDGE ( 'NONE', *, *, #727, .F. ) ;
#208 = CYLINDRICAL_SURFACE ( 'NONE', #196, 3.000000000000002665 ) ;
#209 = LINE ( 'NONE', #2861, #1777 ) ;
#210 = EDGE_CURVE ( 'NONE', #1209, #2367, #982, .T. ) ;
#211 = EDGE_CURVE ( 'NONE', #243, #1774, #1574, .T. ) ;
#212 = VECTOR ( 'NONE', #3586, 1000.000000000000000 ) ;
#213 = EDGE_CURVE ( 'NONE', #3780, #1696, #2053, .T. ) ;
#214 = ORIENTED_EDGE ( 'NONE', *, *, #174, .T. ) ;
#215 = PLANE ( 'NONE',  #3236 ) ;
#216 = VERTEX_POINT ( 'NONE', #2384 ) ;
#217 = EDGE_CURVE ( 'NONE', #1467, #679, #651, .T. ) ;
#218 = LINE ( 'NONE', #1986, #2656 ) ;
#219 = CARTESIAN_POINT ( 'NONE',  ( -0.000000000000000000, -43.81322866661731297, 24.39999999999999858 ) ) ;
#220 = EDGE_CURVE ( 'NONE', #2157, #3303, #2735, .T. ) ;
#221 = VERTEX_POINT ( 'NONE', #2989 ) ;
#222 = AXIS2_PLACEMENT_3D ( 'NONE', #103, #3055, #1273 ) ;
#223 = EDGE_CURVE ( 'NONE', #2996, #1102, #3518, .T. ) ;
#224 = CARTESIAN_POINT ( 'NONE',  ( 43.07736335792299798, 53.69122662819303571, 16.50000000000000000 ) ) ;
#225 = CARTESIAN_POINT ( 'NONE',  ( -45.24583554250757089, -47.47153714672325009, 16.50000000000000000 ) ) ;
#226 = LINE ( 'NONE', #3360, #3221 ) ;
#227 = EDGE_CURVE ( 'NONE', #1214, #1359, #1535, .T. ) ;
#228 = ORIENTED_EDGE ( 'NONE', *, *, #2252, .T. ) ;
#229 = VECTOR ( 'NONE', #3384, 1000.000000000000000 ) ;
#230 = ORIENTED_EDGE ( 'NONE', *, *, #2575, .T. ) ;
#231 = CARTESIAN_POINT ( 'NONE',  ( -50.24583554250805406, -50.00671723892527609, 13.50000000000000178 ) ) ;
#232 = FACE_OUTER_BOUND ( 'NONE', #3668, .T. ) ;
#233 = EDGE_LOOP ( 'NONE', ( #2308, #2373, #2256, #3164, #481, #1254, #293, #1842, #2123, #2059, #2715, #756 ) ) ;
#234 = DIRECTION ( 'NONE',  ( 1.000000000000000000, -3.332802067198476766E-17, 0.000000000000000000 ) ) ;
#235 = ORIENTED_EDGE ( 'NONE', *, *, #213, .T. ) ;
#236 = AXIS2_PLACEMENT_3D ( 'NONE', #451, #2775, #1334 ) ;
#237 = DIRECTION ( 'NONE',  ( 0.000000000000000000, -0.000000000000000000, 1.000000000000000000 ) ) ;
#238 = CARTESIAN_POINT ( 'NONE',  ( 0.000000000000000000, -47.47153714672325009, 15.50000000000000000 ) ) ;
#239 = ORIENTED_EDGE ( 'NONE', *, *, #2469, .F. ) ;
#240 = CARTESIAN_POINT ( 'NONE',  ( 17.55416445749187915, 25.98677133338267353, 18.50000000000000355 ) ) ;
#241 = FACE_OUTER_BOUND ( 'NONE', #3185, .T. ) ;
#242 = LINE ( 'NONE', #3470, #2221 ) ;
#243 = VERTEX_POINT ( 'NONE', #2696 ) ;
#244 = EDGE_LOOP ( 'NONE', ( #1816, #2264, #1712, #350 ) ) ;
#245 = DIRECTION ( 'NONE',  ( -0.000000000000000000, 1.000000000000000000, 0.000000000000000000 ) ) ;
#246 = DIRECTION ( 'NONE',  ( 1.000000000000000000, 0.000000000000000000, 0.000000000000000000 ) ) ;
#247 = ORIENTED_EDGE ( 'NONE', *, *, #346, .T. ) ;
#248 = ORIENTED_EDGE ( 'NONE', *, *, #2619, .T. ) ;
#249 = PLANE ( 'NONE',  #801 ) ;
#250 = ORIENTED_EDGE ( 'NONE', *, *, #2575, .F. ) ;
#251 = AXIS2_PLACEMENT_3D ( 'NONE', #2110, #2089, #974 ) ;
#252 = DIRECTION ( 'NONE',  ( 0.000000000000000000, 0.000000000000000000, 1.000000000000000000 ) ) ;
#253 = DIRECTION ( 'NONE',  ( 1.000000000000000000, 0.000000000000000000, 0.000000000000000000 ) ) ;
#254 = CARTESIAN_POINT ( 'NONE',  ( 52.95416445749188483, -43.91322866661730018, 19.00000000000000000 ) ) ;
#255 = DIRECTION ( 'NONE',  ( 1.000000000000000000, 0.000000000000000000, -0.000000000000000000 ) ) ;
#256 = DIRECTION ( 'NONE',  ( -0.000000000000000000, 1.000000000000000000, -0.000000000000000000 ) ) ;
#257 = ORIENTED_EDGE ( 'NONE', *, *, #2532, .T. ) ;
#258 = EDGE_LOOP ( 'NONE', ( #1961, #207, #3224, #2007 ) ) ;
#259 = CARTESIAN_POINT ( 'NONE',  ( -52.29583554250810806, -45.81322866661731297, 25.39999999999999858 ) ) ;
#260 = CARTESIAN_POINT ( 'NONE',  ( 0.000000000000000000, 0.000000000000000000, 16.50000000000000000 ) ) ;
#261 = AXIS2_PLACEMENT_3D ( 'NONE', #833, #2874, #292 ) ;
#262 = ADVANCED_FACE ( 'NONE', ( #1667 ), #3340, .T. ) ;
#263 = ORIENTED_EDGE ( 'NONE', *, *, #379, .F. ) ;
#264 = ORIENTED_EDGE ( 'NONE', *, *, #1369, .T. ) ;
#265 = EDGE_CURVE ( 'NONE', #3510, #1587, #2450, .T. ) ;
#266 = DIRECTION ( 'NONE',  ( 1.000000000000000000, 0.000000000000000000, 0.000000000000000000 ) ) ;
#267 = ORIENTED_EDGE ( 'NONE', *, *, #3572, .F. ) ;
#268 = VECTOR ( 'NONE', #2763, 1000.000000000000000 ) ;
#269 = VECTOR ( 'NONE', #2907, 1000.000000000000000 ) ;
#270 = CARTESIAN_POINT ( 'NONE',  ( 49.75416445749183936, -50.00671723892527609, 13.50000000000000178 ) ) ;
#271 = DIRECTION ( 'NONE',  ( -1.000000000000000000, 0.000000000000000000, 0.000000000000000000 ) ) ;
#272 = LINE ( 'NONE', #611, #3194 ) ;
#273 = CARTESIAN_POINT ( 'NONE',  ( 44.75416445749165462, -47.47153714672292324, 0.000000000000000000 ) ) ;
#274 = LINE ( 'NONE', #1477, #3075 ) ;
#275 = VERTEX_POINT ( 'NONE', #1312 ) ;
#276 = CARTESIAN_POINT ( 'NONE',  ( 40.07736335792299798, 0.000000000000000000, 15.50000000000000000 ) ) ;
#277 = DIRECTION ( 'NONE',  ( -0.000000000000000000, 0.000000000000000000, 1.000000000000000000 ) ) ;
#278 = EDGE_CURVE ( 'NONE', #1483, #243, #3068, .T. ) ;
#279 = VECTOR ( 'NONE', #3057, 1000.000000000000000 ) ;
#280 = VERTEX_POINT ( 'NONE', #1650 ) ;
#281 = VECTOR ( 'NONE', #1001, 1000.000000000000000 ) ;
#282 = VERTEX_POINT ( 'NONE', #3355 ) ;
#283 = CARTESIAN_POINT ( 'NONE',  ( -55.24583554250803985, -45.81322866661731297, 16.50000000000000000 ) ) ;
#284 = ORIENTED_EDGE ( 'NONE', *, *, #1239, .T. ) ;
#285 = ADVANCED_FACE ( 'NONE', ( #2468 ), #160, .F. ) ;
#286 = CARTESIAN_POINT ( 'NONE',  ( -49.10878897466826487, -47.22871842892211447, 13.68528158687268181 ) ) ;
#287 = VECTOR ( 'NONE', #2710, 1000.000000000000000 ) ;
#288 = FACE_OUTER_BOUND ( 'NONE', #1516, .T. ) ;
#289 = CIRCLE ( 'NONE', #964, 3.000000000000002665 ) ;
#290 = AXIS2_PLACEMENT_3D ( 'NONE', #2044, #18, #2369 ) ;
#291 = DIRECTION ( 'NONE',  ( 0.000000000000000000, -0.000000000000000000, 1.000000000000000000 ) ) ;
#292 = DIRECTION ( 'NONE',  ( -1.000000000000000000, 0.000000000000000000, 0.000000000000000000 ) ) ;
#293 = ORIENTED_EDGE ( 'NONE', *, *, #210, .T. ) ;
#294 = CARTESIAN_POINT ( 'NONE',  ( -55.24583554250801143, -45.81322866661731297, 24.39999999999999858 ) ) ;
#295 = DIRECTION ( 'NONE',  ( -1.000000000000000000, 0.000000000000000000, 0.000000000000000000 ) ) ;
#296 = VERTEX_POINT ( 'NONE', #446 ) ;
#297 = ORIENTED_EDGE ( 'NONE', *, *, #3180, .F. ) ;
#298 = CYLINDRICAL_SURFACE ( 'NONE', #2334, 2.999999999999999112 ) ;
#299 = CARTESIAN_POINT ( 'NONE',  ( -52.29583554250811517, -17.14075662171384451, 25.39999999999999858 ) ) ;
#300 = ORIENTED_EDGE ( 'NONE', *, *, #3211, .T. ) ;
#301 = EDGE_CURVE ( 'NONE', #3658, #3312, #2163, .T. ) ;
#302 = CARTESIAN_POINT ( 'NONE',  ( -49.02517595442000697, -47.26508783851478057, 13.59864544898241334 ) ) ;
#303 = DIRECTION ( 'NONE',  ( -1.000000000000000000, 0.000000000000000000, 0.000000000000000000 ) ) ;
#304 = DIRECTION ( 'NONE',  ( 0.000000000000000000, 1.000000000000000000, 0.000000000000000000 ) ) ;
#305 = FACE_OUTER_BOUND ( 'NONE', #2479, .T. ) ;
#306 = CARTESIAN_POINT ( 'NONE',  ( -45.24583554250757089, 0.000000000000000000, 16.50000000000000000 ) ) ;
#307 = ORIENTED_EDGE ( 'NONE', *, *, #2709, .F. ) ;
#308 = DIRECTION ( 'NONE',  ( 0.000000000000000000, 1.000000000000000000, -0.000000000000000000 ) ) ;
#309 = DIRECTION ( 'NONE',  ( -0.000000000000000000, -0.000000000000000000, 1.000000000000000000 ) ) ;
#310 = VERTEX_POINT ( 'NONE', #748 ) ;
#311 = ORIENTED_EDGE ( 'NONE', *, *, #2866, .T. ) ;
#312 = CARTESIAN_POINT ( 'NONE',  ( -52.29583554250812227, -44.81322866661732718, 16.50000000000000000 ) ) ;
#313 = CARTESIAN_POINT ( 'NONE',  ( 46.75416445749183936, -50.00671723892527609, 13.50000000000000178 ) ) ;
#314 = ORIENTED_EDGE ( 'NONE', *, *, #1012, .T. ) ;
#315 = EDGE_CURVE ( 'NONE', #3441, #1096, #1741, .T. ) ;
#316 = AXIS2_PLACEMENT_3D ( 'NONE', #3306, #1603, #1924 ) ;
#317 = PLANE ( 'NONE',  #3570 ) ;
#318 = CYLINDRICAL_SURFACE ( 'NONE', #1331, 2.999999999999998668 ) ;
#319 = FACE_OUTER_BOUND ( 'NONE', #2430, .T. ) ;
#320 = EDGE_CURVE ( 'NONE', #1940, #2415, #3390, .T. ) ;
#321 = APPLICATION_PROTOCOL_DEFINITION ( 'draft international standard', 'automotive_design', 1998, #1866 ) ;
#322 = DIRECTION ( 'NONE',  ( 1.000000000000000000, 0.000000000000000000, 0.000000000000000000 ) ) ;
#323 = ORIENTED_EDGE ( 'NONE', *, *, #2924, .F. ) ;
#324 = EDGE_CURVE ( 'NONE', #331, #3562, #1371, .T. ) ;
#325 = DIRECTION ( 'NONE',  ( 1.000000000000000000, 0.000000000000000000, 0.000000000000000000 ) ) ;
#326 = CARTESIAN_POINT ( 'NONE',  ( 0.000000000000000000, -43.81322866661731297, 16.50000000000000000 ) ) ;
#327 = EDGE_CURVE ( 'NONE', #337, #3708, #140, .T. ) ;
#328 = LINE ( 'NONE', #1499, #3102 ) ;
#329 = EDGE_LOOP ( 'NONE', ( #2629, #634, #1783, #1161 ) ) ;
#330 = ORIENTED_EDGE ( 'NONE', *, *, #3211, .F. ) ;
#331 = VERTEX_POINT ( 'NONE', #1329 ) ;
#332 = CARTESIAN_POINT ( 'NONE',  ( 50.89121102533163565, -47.22871842892211447, 13.68528158687268181 ) ) ;
#333 = VECTOR ( 'NONE', #2806, 1000.000000000000000 ) ;
#334 = FACE_OUTER_BOUND ( 'NONE', #1246, .T. ) ;
#335 = ORIENTED_EDGE ( 'NONE', *, *, #2523, .F. ) ;
#336 = AXIS2_PLACEMENT_3D ( 'NONE', #3336, #1262, #1874 ) ;
#337 = VERTEX_POINT ( 'NONE', #1879 ) ;
#338 = PLANE ( 'NONE',  #2174 ) ;
#339 = LINE ( 'NONE', #1770, #1933 ) ;
#340 = DIRECTION ( 'NONE',  ( -1.000000000000000000, 0.000000000000000000, 0.000000000000000000 ) ) ;
#341 = DIRECTION ( 'NONE',  ( -0.7428654483999667102, -0.6694407558354334986, 0.000000000000000000 ) ) ;
#342 = LINE ( 'NONE', #3278, #2249 ) ;
#343 = DIRECTION ( 'NONE',  ( -0.000000000000000000, 0.000000000000000000, 1.000000000000000000 ) ) ;
#344 = EDGE_LOOP ( 'NONE', ( #1762, #3461, #2285, #2000 ) ) ;
#345 = CIRCLE ( 'NONE', #478, 3.000000000000002665 ) ;
#346 = EDGE_CURVE ( 'NONE', #3391, #3727, #2602, .T. ) ;
#347 = CARTESIAN_POINT ( 'NONE',  ( 51.80416445749187204, -43.81322866661731297, 25.39999999999999858 ) ) ;
#348 = DIRECTION ( 'NONE',  ( 1.000000000000000000, -0.000000000000000000, -0.000000000000000000 ) ) ;
#349 = DIRECTION ( 'NONE',  ( 1.000000000000000000, 0.000000000000000000, 0.000000000000000000 ) ) ;
#350 = ORIENTED_EDGE ( 'NONE', *, *, #1367, .F. ) ;
#351 =( BOUNDED_CURVE ( )  B_SPLINE_CURVE ( 3, ( #692, #387, #1000, #1857 ),
 .UNSPECIFIED., .F., .F. ) 
 B_SPLINE_CURVE_WITH_KNOTS ( ( 4, 4 ),
 ( 0.000000000000000000, 1.570796326794898334 ),
 .UNSPECIFIED. ) 
 CURVE ( )  GEOMETRIC_REPRESENTATION_ITEM ( )  RATIONAL_B_SPLINE_CURVE ( ( 1.000000000000000000, 0.8047378541243646044, 0.8047378541243646044, 1.000000000000000000 ) ) 
 REPRESENTATION_ITEM ( '' )  );
#352 = VERTEX_POINT ( 'NONE', #1077 ) ;
#353 = ORIENTED_EDGE ( 'NONE', *, *, #2354, .F. ) ;
#354 = DIRECTION ( 'NONE',  ( -0.000000000000000000, -0.000000000000000000, -1.000000000000000000 ) ) ;
#355 = CARTESIAN_POINT ( 'NONE',  ( -45.24583554250842354, -47.47153714672292324, 0.000000000000000000 ) ) ;
#356 = VERTEX_POINT ( 'NONE', #3622 ) ;
#357 = ORIENTED_EDGE ( 'NONE', *, *, #1084, .T. ) ;
#358 = CARTESIAN_POINT ( 'NONE',  ( -49.74677847787084772, -47.04591625654027354, 14.04060368184354424 ) ) ;
#359 = CARTESIAN_POINT ( 'NONE',  ( 0.000000000000000000, 20.98677133338266998, 16.50000000000000000 ) ) ;
#360 = VERTEX_POINT ( 'NONE', #2238 ) ;
#361 = CARTESIAN_POINT ( 'NONE',  ( -54.74583554250801143, -43.81322866661731297, 16.39999999999999858 ) ) ;
#362 = CARTESIAN_POINT ( 'NONE',  ( -53.44583554250813506, -17.14075662171384806, 19.00000000000000000 ) ) ;
#363 = EDGE_CURVE ( 'NONE', #2451, #3630, #3052, .T. ) ;
#364 = DIRECTION ( 'NONE',  ( -3.652049423109043569E-15, -1.000000000000000000, 0.000000000000000000 ) ) ;
#365 = ORIENTED_EDGE ( 'NONE', *, *, #3508, .F. ) ;
#366 = AXIS2_PLACEMENT_3D ( 'NONE', #2382, #3555, #939 ) ;
#367 = CIRCLE ( 'NONE', #2139, 3.000000000000002665 ) ;
#368 = VECTOR ( 'NONE', #1091, 1000.000000000000000 ) ;
#369 = PLANE ( 'NONE',  #202 ) ;
#370 = CARTESIAN_POINT ( 'NONE',  ( 7.661035901811647753E-16, 22.98677133338267708, 19.00000000000000000 ) ) ;
#371 = DIRECTION ( 'NONE',  ( 1.000000000000000000, 0.000000000000000000, 0.000000000000000000 ) ) ;
#372 = ORIENTED_EDGE ( 'NONE', *, *, #1061, .F. ) ;
#373 = VERTEX_POINT ( 'NONE', #3084 ) ;
#374 = CARTESIAN_POINT ( 'NONE',  ( 50.37280124804244963, -47.06894116912103243, 14.00227919626177098 ) ) ;
#375 = CARTESIAN_POINT ( 'NONE',  ( -53.44583554250814217, 24.08677133338269627, 24.39999999999999858 ) ) ;
#376 = ORIENTED_EDGE ( 'NONE', *, *, #2132, .F. ) ;
#377 = EDGE_CURVE ( 'NONE', #1566, #739, #3123, .T. ) ;
#378 = AXIS2_PLACEMENT_3D ( 'NONE', #3521, #1775, #889 ) ;
#379 = EDGE_CURVE ( 'NONE', #2191, #1408, #3275, .T. ) ;
#380 = VERTEX_POINT ( 'NONE', #1022 ) ;
#381 = ADVANCED_FACE ( 'NONE', ( #1593 ), #2752, .F. ) ;
#382 = CARTESIAN_POINT ( 'NONE',  ( -47.19344854183516702, 49.99328276107484470, 13.50000000000000178 ) ) ;
#383 = CARTESIAN_POINT ( 'NONE',  ( 0.000000000000000000, -43.81322866661731297, 16.50000000000000000 ) ) ;
#384 = AXIS2_PLACEMENT_3D ( 'NONE', #2611, #562, #3146 ) ;
#385 = EDGE_LOOP ( 'NONE', ( #582, #400, #1430, #1235 ) ) ;
#386 = CARTESIAN_POINT ( 'NONE',  ( 43.07736335792299798, -47.47153714672325009, 15.50000000000000000 ) ) ;
#387 = CARTESIAN_POINT ( 'NONE',  ( 40.07736335792300508, 50.13673285076654196, 14.25735931288071967 ) ) ;
#388 = DIRECTION ( 'NONE',  ( -1.932839527550760392E-16, 1.000000000000000000, -0.000000000000000000 ) ) ;
#389 = VECTOR ( 'NONE', #937, 1000.000000000000000 ) ;
#390 = EDGE_CURVE ( 'NONE', #3601, #2067, #1058, .T. ) ;
#391 = ORIENTED_EDGE ( 'NONE', *, *, #1298, .T. ) ;
#392 = PLANE ( 'NONE',  #1365 ) ;
#393 = DIRECTION ( 'NONE',  ( 0.000000000000000000, 0.000000000000000000, -1.000000000000000000 ) ) ;
#394 = DIRECTION ( 'NONE',  ( 0.000000000000000000, 0.000000000000000000, -1.000000000000000000 ) ) ;
#395 = VERTEX_POINT ( 'NONE', #3106 ) ;
#396 = ORIENTED_EDGE ( 'NONE', *, *, #3195, .T. ) ;
#397 = DIRECTION ( 'NONE',  ( -1.000000000000000000, 0.000000000000000000, 0.000000000000000000 ) ) ;
#398 = FACE_OUTER_BOUND ( 'NONE', #736, .T. ) ;
#399 = VERTEX_POINT ( 'NONE', #3446 ) ;
#400 = ORIENTED_EDGE ( 'NONE', *, *, #3038, .T. ) ;
#401 = FILL_AREA_STYLE_COLOUR ( '', #3457 ) ;
#402 = VECTOR ( 'NONE', #2983, 1000.000000000000000 ) ;
#403 = EDGE_CURVE ( 'NONE', #162, #3396, #2104, .T. ) ;
#404 = DIRECTION ( 'NONE',  ( -0.000000000000000000, -0.000000000000000000, -1.000000000000000000 ) ) ;
#405 = EDGE_CURVE ( 'NONE', #3616, #3410, #1167, .T. ) ;
#406 = ORIENTED_EDGE ( 'NONE', *, *, #3429, .F. ) ;
#407 = CARTESIAN_POINT ( 'NONE',  ( -45.59344854183516560, 49.99328276107484470, 13.50000000000000178 ) ) ;
#408 = CARTESIAN_POINT ( 'NONE',  ( -55.24583554250802564, 8.439904173535021314, 25.39999999999999858 ) ) ;
#409 = VERTEX_POINT ( 'NONE', #3156 ) ;
#410 = CYLINDRICAL_SURFACE ( 'NONE', #871, 3.000000000000002665 ) ;
#411 = DIRECTION ( 'NONE',  ( 1.000000000000000000, 0.000000000000000000, 0.000000000000000000 ) ) ;
#412 = CARTESIAN_POINT ( 'NONE',  ( -46.11511079442895067, 50.69122662818232072, 16.50000000000000000 ) ) ;
#413 = CARTESIAN_POINT ( 'NONE',  ( 43.07736335792299798, 50.69122662819302860, 16.50000000000000000 ) ) ;
#414 = ORIENTED_EDGE ( 'NONE', *, *, #2961, .T. ) ;
#415 = ORIENTED_EDGE ( 'NONE', *, *, #3373, .T. ) ;
#416 = PLANE ( 'NONE',  #1852 ) ;
#417 = AXIS2_PLACEMENT_3D ( 'NONE', #1936, #148, #2515 ) ;
#418 = VECTOR ( 'NONE', #908, 1000.000000000000000 ) ;
#419 = FACE_OUTER_BOUND ( 'NONE', #2050, .T. ) ;
#420 = ORIENTED_EDGE ( 'NONE', *, *, #2924, .T. ) ;
#421 = VERTEX_POINT ( 'NONE', #1987 ) ;
#422 = EDGE_CURVE ( 'NONE', #1695, #3437, #3426, .T. ) ;
#423 = DIRECTION ( 'NONE',  ( 1.000000000000000000, 0.000000000000000000, 0.000000000000000000 ) ) ;
#424 = CARTESIAN_POINT ( 'NONE',  ( 43.07736335792299798, -47.47153714672325009, 16.50000000000000000 ) ) ;
#425 = ADVANCED_FACE ( 'NONE', ( #3750 ), #572, .F. ) ;
#426 = DIRECTION ( 'NONE',  ( -1.000000000000000000, 0.000000000000000000, 0.000000000000000000 ) ) ;
#427 = DIRECTION ( 'NONE',  ( -0.000000000000000000, -0.000000000000000000, 1.000000000000000000 ) ) ;
#428 = ORIENTED_EDGE ( 'NONE', *, *, #2073, .F. ) ;
#429 = EDGE_CURVE ( 'NONE', #1408, #2248, #3768, .T. ) ;
#430 = CARTESIAN_POINT ( 'NONE',  ( 47.75416445749165462, -51.00671723892491372, 16.50000000000000000 ) ) ;
#431 = LINE ( 'NONE', #1839, #2304 ) ;
#432 = CARTESIAN_POINT ( 'NONE',  ( -46.11511079442895067, 53.69122662818232072, 16.50000000000000000 ) ) ;
#433 = FACE_OUTER_BOUND ( 'NONE', #2437, .T. ) ;
#434 = ORIENTED_EDGE ( 'NONE', *, *, #1400, .T. ) ;
#435 = AXIS2_PLACEMENT_3D ( 'NONE', #231, #2541, #1409 ) ;
#436 = ORIENTED_EDGE ( 'NONE', *, *, #3523, .T. ) ;
#437 = DIRECTION ( 'NONE',  ( -1.000000000000000000, 0.000000000000000000, 0.000000000000000000 ) ) ;
#438 = DIRECTION ( 'NONE',  ( -1.000000000000000000, 0.000000000000000000, 0.000000000000000000 ) ) ;
#439 = ORIENTED_EDGE ( 'NONE', *, *, #499, .T. ) ;
#440 = CARTESIAN_POINT ( 'NONE',  ( 54.75416445749163330, -47.47153714672292324, 0.000000000000000000 ) ) ;
#441 = ADVANCED_FACE ( 'NONE', ( #2885 ), #883, .T. ) ;
#442 = PRODUCT_DEFINITION_CONTEXT ( 'detailed design', #1866, 'design' ) ;
#443 = VECTOR ( 'NONE', #1991, 1000.000000000000000 ) ;
#444 = EDGE_CURVE ( 'NONE', #1979, #1903, #1957, .T. ) ;
#445 = LINE ( 'NONE', #2792, #1681 ) ;
#446 = CARTESIAN_POINT ( 'NONE',  ( 47.75416445749165462, -54.00671723892524767, 16.50000000000000000 ) ) ;
#447 = ORIENTED_EDGE ( 'NONE', *, *, #2045, .F. ) ;
#448 = DIRECTION ( 'NONE',  ( 1.000000000000000000, 0.000000000000000000, 0.000000000000000000 ) ) ;
#449 = CARTESIAN_POINT ( 'NONE',  ( -42.59344854183516560, 49.99328276107484470, 13.50000000000000178 ) ) ;
#450 = CIRCLE ( 'NONE', #3501, 1.600000000000129097 ) ;
#451 = CARTESIAN_POINT ( 'NONE',  ( 0.000000000000000000, -45.81322866661731297, 19.00000000000000000 ) ) ;
#452 = CARTESIAN_POINT ( 'NONE',  ( -40.56903444315097573, 50.13673285057618045, 0.000000000000000000 ) ) ;
#453 = ORIENTED_EDGE ( 'NONE', *, *, #3038, .F. ) ;
#454 = EDGE_LOOP ( 'NONE', ( #823, #549, #2243, #2500 ) ) ;
#455 = EDGE_CURVE ( 'NONE', #1102, #337, #1700, .T. ) ;
#456 = FACE_BOUND ( 'NONE', #2207, .T. ) ;
#457 = DIRECTION ( 'NONE',  ( 0.000000000000000000, 0.000000000000000000, -1.000000000000000000 ) ) ;
#458 = ORIENTED_EDGE ( 'NONE', *, *, #519, .T. ) ;
#459 = DIRECTION ( 'NONE',  ( 3.652049423109043569E-15, 1.000000000000000000, 0.000000000000000000 ) ) ;
#460 = DIRECTION ( 'NONE',  ( 0.000000000000000000, 0.000000000000000000, -1.000000000000000000 ) ) ;
#461 = CARTESIAN_POINT ( 'NONE',  ( 52.95416445749187062, 24.08677133338269627, 24.39999999999999858 ) ) ;
#462 = AXIS2_PLACEMENT_3D ( 'NONE', #2530, #3694, #1223 ) ;
#463 = CARTESIAN_POINT ( 'NONE',  ( 46.70177745681856862, 49.99328276107517866, 16.50000000000000000 ) ) ;
#464 = CARTESIAN_POINT ( 'NONE',  ( -50.24583554250805406, -50.00671723892527609, 13.50000000000000178 ) ) ;
#465 = ORIENTED_EDGE ( 'NONE', *, *, #3316, .T. ) ;
#466 = AXIS2_PLACEMENT_3D ( 'NONE', #520, #827, #1387 ) ;
#467 = CARTESIAN_POINT ( 'NONE',  ( 54.75416445749178251, 0.000000000000000000, 16.50000000000000000 ) ) ;
#468 = DIRECTION ( 'NONE',  ( 0.000000000000000000, 0.000000000000000000, -1.000000000000000000 ) ) ;
#469 = CARTESIAN_POINT ( 'NONE',  ( 42.10177745681895090, 49.99328276107484470, 16.50000000000000000 ) ) ;
#470 = CARTESIAN_POINT ( 'NONE',  ( -53.44583554250814217, 24.08677133338269627, 24.39999999999999858 ) ) ;
#471 = ORIENTED_EDGE ( 'NONE', *, *, #2798, .T. ) ;
#472 = EDGE_CURVE ( 'NONE', #3128, #3133, #864, .T. ) ;
#473 = VERTEX_POINT ( 'NONE', #2548 ) ;
#474 = ADVANCED_FACE ( 'NONE', ( #288 ), #2002, .F. ) ;
#475 = CARTESIAN_POINT ( 'NONE',  ( -18.04583554250812583, 23.98677133338268064, 16.50000000000000000 ) ) ;
#476 = CYLINDRICAL_SURFACE ( 'NONE', #3320, 3.000000000000002665 ) ;
#477 = CIRCLE ( 'NONE', #1806, 3.000000000000002665 ) ;
#478 = AXIS2_PLACEMENT_3D ( 'NONE', #2186, #2718, #2127 ) ;
#479 = ORIENTED_EDGE ( 'NONE', *, *, #667, .F. ) ;
#480 = DIRECTION ( 'NONE',  ( -0.000000000000000000, -0.000000000000000000, -1.000000000000000000 ) ) ;
#481 = ORIENTED_EDGE ( 'NONE', *, *, #123, .T. ) ;
#482 = AXIS2_PLACEMENT_3D ( 'NONE', #1973, #1688, #3178 ) ;
#483 = DIRECTION ( 'NONE',  ( 0.000000000000000000, -1.000000000000000000, 0.000000000000000000 ) ) ;
#484 = DIRECTION ( 'NONE',  ( -1.000000000000000000, 0.000000000000000000, 0.000000000000000000 ) ) ;
#485 = ORIENTED_EDGE ( 'NONE', *, *, #3203, .F. ) ;
#486 = CARTESIAN_POINT ( 'NONE',  ( 48.57614896219996581, 42.47796574709749962, 15.50000000000000000 ) ) ;
#487 = EDGE_CURVE ( 'NONE', #3181, #280, #2868, .T. ) ;
#488 = ADVANCED_FACE ( 'NONE', ( #1419 ), #1133, .F. ) ;
#489 = CARTESIAN_POINT ( 'NONE',  ( 51.75416445749164751, -54.00671723892524767, 16.50000000000000000 ) ) ;
#490 = DIRECTION ( 'NONE',  ( 3.652049423109043569E-15, 1.000000000000000000, 0.000000000000000000 ) ) ;
#491 = EDGE_LOOP ( 'NONE', ( #1446, #660, #1707, #239 ) ) ;
#492 = ORIENTED_EDGE ( 'NONE', *, *, #2346, .T. ) ;
#493 = DIRECTION ( 'NONE',  ( -1.000000000000000000, 0.000000000000000000, 0.000000000000000000 ) ) ;
#494 = LINE ( 'NONE', #818, #690 ) ;
#495 = ORIENTED_EDGE ( 'NONE', *, *, #3675, .F. ) ;
#496 = EDGE_CURVE ( 'NONE', #2086, #280, #1831, .T. ) ;
#497 = VECTOR ( 'NONE', #2138, 1000.000000000000000 ) ;
#498 = CARTESIAN_POINT ( 'NONE',  ( -49.06782004721672052, 42.47796574709749962, 12.50000000000000000 ) ) ;
#499 = EDGE_CURVE ( 'NONE', #1558, #1407, #2992, .T. ) ;
#500 = ORIENTED_EDGE ( 'NONE', *, *, #1150, .T. ) ;
#501 = EDGE_CURVE ( 'NONE', #1214, #3641, #2036, .T. ) ;
#502 = EDGE_CURVE ( 'NONE', #2496, #360, #367, .T. ) ;
#503 = CARTESIAN_POINT ( 'NONE',  ( -45.24583554250842354, -47.47153714672292324, 15.50000000000000000 ) ) ;
#504 = DIRECTION ( 'NONE',  ( -0.000000000000000000, -0.000000000000000000, -1.000000000000000000 ) ) ;
#505 = VERTEX_POINT ( 'NONE', #1970 ) ;
#506 = AXIS2_PLACEMENT_3D ( 'NONE', #1463, #2335, #922 ) ;
#507 = LINE ( 'NONE', #1079, #2957 ) ;
#508 = LINE ( 'NONE', #2837, #1339 ) ;
#509 = CARTESIAN_POINT ( 'NONE',  ( 54.75416445749161909, -44.47153714672291613, 12.50000000000000000 ) ) ;
#510 = EDGE_LOOP ( 'NONE', ( #2095, #841, #617, #3025, #1356, #439, #3734 ) ) ;
#511 = AXIS2_PLACEMENT_3D ( 'NONE', #3666, #3095, #1303 ) ;
#512 = ORIENTED_EDGE ( 'NONE', *, *, #750, .T. ) ;
#513 = LINE ( 'NONE', #1959, #3004 ) ;
#514 = PLANE ( 'NONE',  #2461 ) ;
#515 = ORIENTED_EDGE ( 'NONE', *, *, #1131, .T. ) ;
#516 = DIRECTION ( 'NONE',  ( -1.000000000000000000, 0.000000000000000000, 0.000000000000000000 ) ) ;
#517 = ORIENTED_EDGE ( 'NONE', *, *, #1500, .F. ) ;
#518 = DIRECTION ( 'NONE',  ( -0.7428654483971853795, 0.6694407558385198076, -0.000000000000000000 ) ) ;
#519 = EDGE_CURVE ( 'NONE', #2592, #1214, #3138, .T. ) ;
#520 = CARTESIAN_POINT ( 'NONE',  ( 43.07736335792299798, -44.47153714672325009, 16.50000000000000000 ) ) ;
#521 = ORIENTED_EDGE ( 'NONE', *, *, #94, .F. ) ;
#522 = AXIS2_PLACEMENT_3D ( 'NONE', #557, #304, #291 ) ;
#523 = CARTESIAN_POINT ( 'NONE',  ( -40.56903444315097573, 50.13673285057618045, 12.50000000000000000 ) ) ;
#524 = FACE_OUTER_BOUND ( 'NONE', #2119, .T. ) ;
#525 = CARTESIAN_POINT ( 'NONE',  ( -47.24583554250805406, -50.00671723892527609, 13.50000000000000178 ) ) ;
#526 = ORIENTED_EDGE ( 'NONE', *, *, #2045, .T. ) ;
#527 = AXIS2_PLACEMENT_3D ( 'NONE', #1552, #3599, #3389 ) ;
#528 = ORIENTED_EDGE ( 'NONE', *, *, #1572, .T. ) ;
#529 = LINE ( 'NONE', #276, #862 ) ;
#530 = DIRECTION ( 'NONE',  ( -0.000000000000000000, 0.000000000000000000, 1.000000000000000000 ) ) ;
#531 = ORIENTED_EDGE ( 'NONE', *, *, #3208, .F. ) ;
#532 = ORIENTED_EDGE ( 'NONE', *, *, #1544, .F. ) ;
#533 = CARTESIAN_POINT ( 'NONE',  ( -40.56903444293924110, 0.000000000000000000, 16.50000000000000000 ) ) ;
#534 = VERTEX_POINT ( 'NONE', #1810 ) ;
#535 = CIRCLE ( 'NONE', #2791, 3.000000000000002665 ) ;
#536 = ADVANCED_FACE ( 'NONE', ( #3597 ), #1189, .F. ) ;
#537 = VECTOR ( 'NONE', #1720, 1000.000000000000000 ) ;
#538 = LINE ( 'NONE', #2812, #3270 ) ;
#539 = CARTESIAN_POINT ( 'NONE',  ( -55.24583554250802564, -44.47153714672291613, 12.50000000000000000 ) ) ;
#540 = VERTEX_POINT ( 'NONE', #2960 ) ;
#541 = PLANE ( 'NONE',  #2169 ) ;
#542 = CARTESIAN_POINT ( 'NONE',  ( -53.44583554250813506, -43.81322866661731297, 24.39999999999999858 ) ) ;
#543 = CARTESIAN_POINT ( 'NONE',  ( -40.56903444293924110, 0.000000000000000000, 15.50000000000000000 ) ) ;
#544 = VERTEX_POINT ( 'NONE', #1224 ) ;
#545 = ADVANCED_FACE ( 'NONE', ( #2118 ), #1245, .T. ) ;
#546 = VERTEX_POINT ( 'NONE', #3551 ) ;
#547 = CARTESIAN_POINT ( 'NONE',  ( -55.24583554250840933, -47.47153714672292324, 12.50000000000000000 ) ) ;
#548 = DIRECTION ( 'NONE',  ( 1.000000000000000000, 1.273191542001328782E-16, 0.000000000000000000 ) ) ;
#549 = ORIENTED_EDGE ( 'NONE', *, *, #750, .F. ) ;
#550 = ORIENTED_EDGE ( 'NONE', *, *, #2501, .T. ) ;
#551 = DIRECTION ( 'NONE',  ( 0.000000000000000000, 0.000000000000000000, 1.000000000000000000 ) ) ;
#552 = VERTEX_POINT ( 'NONE', #1529 ) ;
#553 = CIRCLE ( 'NONE', #2319, 3.000000000000002665 ) ;
#554 = AXIS2_PLACEMENT_3D ( 'NONE', #3166, #2860, #493 ) ;
#555 = DIRECTION ( 'NONE',  ( -0.000000000000000000, -0.000000000000000000, -1.000000000000000000 ) ) ;
#556 = CARTESIAN_POINT ( 'NONE',  ( 43.07736335792299798, 50.69122662819302860, 16.50000000000000000 ) ) ;
#557 = CARTESIAN_POINT ( 'NONE',  ( 0.000000000000000000, 25.98677133338267353, 19.00000000000000000 ) ) ;
#558 = EDGE_CURVE ( 'NONE', #3410, #1677, #2072, .T. ) ;
#559 = DIRECTION ( 'NONE',  ( -1.000000000000000000, 0.000000000000000000, 0.000000000000000000 ) ) ;
#560 = LINE ( 'NONE', #525, #2079 ) ;
#561 = EDGE_LOOP ( 'NONE', ( #1761, #1956 ) ) ;
#562 = DIRECTION ( 'NONE',  ( -0.000000000000000000, 0.000000000000000000, 1.000000000000000000 ) ) ;
#563 = ADVANCED_FACE ( 'NONE', ( #2363 ), #608, .T. ) ;
#564 = VECTOR ( 'NONE', #1888, 1000.000000000000000 ) ;
#565 = ORIENTED_EDGE ( 'NONE', *, *, #3553, .T. ) ;
#566 = ORIENTED_EDGE ( 'NONE', *, *, #1103, .T. ) ;
#567 = CARTESIAN_POINT ( 'NONE',  ( 5.705582370810865668E-15, -44.81322866661732007, 19.00000000000000000 ) ) ;
#568 = ORIENTED_EDGE ( 'NONE', *, *, #2858, .T. ) ;
#569 = AXIS2_PLACEMENT_3D ( 'NONE', #1460, #1206, #2887 ) ;
#570 = VECTOR ( 'NONE', #1461, 1000.000000000000114 ) ;
#571 = DIRECTION ( 'NONE',  ( -1.000000000000000000, 0.000000000000000000, 0.000000000000000000 ) ) ;
#572 = PLANE ( 'NONE',  #2320 ) ;
#573 = CARTESIAN_POINT ( 'NONE',  ( 17.55416445749187915, 23.98677133338268064, 16.50000000000000000 ) ) ;
#574 = LINE ( 'NONE', #2606, #657 ) ;
#575 = DIRECTION ( 'NONE',  ( 0.000000000000000000, 1.000000000000000000, -0.000000000000000000 ) ) ;
#576 = ORIENTED_EDGE ( 'NONE', *, *, #2618, .F. ) ;
#577 = DIRECTION ( 'NONE',  ( 1.000000000000000000, 0.000000000000000000, 0.000000000000000000 ) ) ;
#578 = DIRECTION ( 'NONE',  ( 1.000000000000000000, 0.000000000000000000, 0.000000000000000000 ) ) ;
#579 = VECTOR ( 'NONE', #1076, 1000.000000000000000 ) ;
#580 = ADVANCED_FACE ( 'NONE', ( #3007 ), #318, .F. ) ;
#581 = VECTOR ( 'NONE', #3310, 1000.000000000000000 ) ;
#582 = ORIENTED_EDGE ( 'NONE', *, *, #3049, .T. ) ;
#583 = AXIS2_PLACEMENT_3D ( 'NONE', #2489, #181, #200 ) ;
#584 = ORIENTED_EDGE ( 'NONE', *, *, #839, .T. ) ;
#585 = DIRECTION ( 'NONE',  ( -1.000000000000000000, 0.000000000000000000, 0.000000000000000000 ) ) ;
#586 = LINE ( 'NONE', #1202, #3685 ) ;
#587 = ORIENTED_EDGE ( 'NONE', *, *, #220, .F. ) ;
#588 = LINE ( 'NONE', #1528, #402 ) ;
#589 = CARTESIAN_POINT ( 'NONE',  ( -40.56903444293924110, 48.46396601284173045, 15.49999999999999822 ) ) ;
#590 = AXIS2_PLACEMENT_3D ( 'NONE', #1955, #3073, #3058 ) ;
#591 = AXIS2_PLACEMENT_3D ( 'NONE', #2212, #762, #1926 ) ;
#592 = CARTESIAN_POINT ( 'NONE',  ( 40.07736335792299798, 0.000000000000000000, 16.50000000000000000 ) ) ;
#593 = CARTESIAN_POINT ( 'NONE',  ( -53.44583554250813506, -17.14075662171384806, 19.00000000000000000 ) ) ;
#594 = ORIENTED_EDGE ( 'NONE', *, *, #2809, .F. ) ;
#595 = EDGE_CURVE ( 'NONE', #1807, #2447, #1550, .T. ) ;
#596 = LINE ( 'NONE', #1759, #1055 ) ;
#597 = EDGE_CURVE ( 'NONE', #1903, #1148, #2093, .T. ) ;
#598 = CARTESIAN_POINT ( 'NONE',  ( -50.24583554250805406, -50.00671723892527609, 13.50000000000000178 ) ) ;
#599 = ORIENTED_EDGE ( 'NONE', *, *, #3538, .T. ) ;
#600 = ORIENTED_EDGE ( 'NONE', *, *, #2690, .F. ) ;
#601 = CARTESIAN_POINT ( 'NONE',  ( 50.25322152212904570, -47.04591625654027354, 14.04060368184354424 ) ) ;
#602 = DIRECTION ( 'NONE',  ( -2.312964634635740689E-15, -1.000000000000000000, 0.000000000000000000 ) ) ;
#603 = ORIENTED_EDGE ( 'NONE', *, *, #3193, .T. ) ;
#604 = EDGE_CURVE ( 'NONE', #552, #3780, #91, .T. ) ;
#605 = EDGE_CURVE ( 'NONE', #296, #1826, #339, .T. ) ;
#606 = EDGE_CURVE ( 'NONE', #1631, #2966, #477, .T. ) ;
#607 = LINE ( 'NONE', #1169, #2601 ) ;
#608 = PLANE ( 'NONE',  #194 ) ;
#609 = VECTOR ( 'NONE', #1697, 1000.000000000000000 ) ;
#610 = EDGE_CURVE ( 'NONE', #2417, #2742, #69, .T. ) ;
#611 = CARTESIAN_POINT ( 'NONE',  ( 48.57614896214992939, 42.47796574704196360, 16.50000000000000000 ) ) ;
#612 = LINE ( 'NONE', #1773, #2011 ) ;
#613 = ORIENTED_EDGE ( 'NONE', *, *, #97, .T. ) ;
#614 = DIRECTION ( 'NONE',  ( -1.000000000000000000, 0.000000000000000000, 0.000000000000000000 ) ) ;
#615 = CARTESIAN_POINT ( 'NONE',  ( 51.80416445749188625, 22.98677133338267708, 16.50000000000000000 ) ) ;
#616 = ORIENTED_EDGE ( 'NONE', *, *, #3443, .F. ) ;
#617 = ORIENTED_EDGE ( 'NONE', *, *, #3098, .T. ) ;
#618 = CARTESIAN_POINT ( 'NONE',  ( 49.50197767148397787, -47.01479872118845549, 14.09144199165247890 ) ) ;
#619 = CARTESIAN_POINT ( 'NONE',  ( -48.64583554250830133, -50.00671723892527609, 0.000000000000000000 ) ) ;
#620 = VERTEX_POINT ( 'NONE', #11 ) ;
#621 = VECTOR ( 'NONE', #548, 1000.000000000000000 ) ;
#622 = VERTEX_POINT ( 'NONE', #2401 ) ;
#623 = CIRCLE ( 'NONE', #816, 3.000000000000002665 ) ;
#624 = CARTESIAN_POINT ( 'NONE',  ( 44.75416445749165462, -44.47153714672291613, 15.50000000000000000 ) ) ;
#625 = DIRECTION ( 'NONE',  ( 0.000000000000000000, 0.000000000000000000, -1.000000000000000000 ) ) ;
#626 = PLANE ( 'NONE',  #1723 ) ;
#627 = LINE ( 'NONE', #3577, #843 ) ;
#628 = CARTESIAN_POINT ( 'NONE',  ( -55.24583554250802564, 25.98677133338267353, 25.39999999999999858 ) ) ;
#629 = VERTEX_POINT ( 'NONE', #901 ) ;
#630 = CARTESIAN_POINT ( 'NONE',  ( 44.75416445749132777, 0.000000000000000000, 16.50000000000000000 ) ) ;
#631 = CARTESIAN_POINT ( 'NONE',  ( 49.75416445749166172, -50.00671723892491372, 15.50000000000000000 ) ) ;
#632 = DIRECTION ( 'NONE',  ( -1.000000000000000000, 0.000000000000000000, -0.000000000000000000 ) ) ;
#633 = EDGE_LOOP ( 'NONE', ( #357, #2614, #2458, #2564, #391, #594, #1506 ) ) ;
#634 = ORIENTED_EDGE ( 'NONE', *, *, #2171, .F. ) ;
#635 = ORIENTED_EDGE ( 'NONE', *, *, #3549, .F. ) ;
#636 = DIRECTION ( 'NONE',  ( -0.000000000000000000, 1.000000000000000000, -0.000000000000000000 ) ) ;
#637 = VECTOR ( 'NONE', #1968, 1000.000000000000000 ) ;
#638 = CARTESIAN_POINT ( 'NONE',  ( -40.56903444293924110, 0.000000000000000000, 16.50000000000000000 ) ) ;
#639 = ORIENTED_EDGE ( 'NONE', *, *, #963, .F. ) ;
#640 = CIRCLE ( 'NONE', #336, 3.000000000000002665 ) ;
#641 = VECTOR ( 'NONE', #712, 1000.000000000000000 ) ;
#642 = ORIENTED_EDGE ( 'NONE', *, *, #1942, .F. ) ;
#643 = FACE_OUTER_BOUND ( 'NONE', #1078, .T. ) ;
#644 = LINE ( 'NONE', #3248, #2973 ) ;
#645 = EDGE_LOOP ( 'NONE', ( #1728, #3304, #1570, #1241, #639, #60, #2938, #3451 ) ) ;
#646 = CYLINDRICAL_SURFACE ( 'NONE', #3019, 1.600000000000004086 ) ;
#647 = CIRCLE ( 'NONE', #1448, 3.000000000000002665 ) ;
#648 = CLOSED_SHELL ( 'NONE', ( #2270, #1817, #1875, #1559, #1964, #2070, #2557, #2922, #1576, #2454, #2848, #1130, #2404, #3318, #1353, #3092, #262, #2895, #2971, #958, #139, #488, #102, #1215, #1453, #2391, #1966, #1166, #3775, #2640, #3507, #778, #3246, #684, #545, #881, #1560, #563, #3331, #425, #381, #2879, #2153, #3097, #2004, #536, #2796, #2155, #1265, #1034, #2529, #1411, #719, #3398, #1859, #2580, #2290, #3721, #2647, #3697, #3595, #1459, #1164, #1703, #153, #1172, #2478, #1765, #938, #899, #3485, #1511, #3332, #1243, #1178, #12, #1684, #891, #3388, #1690, #885, #1850, #1442, #285, #474, #3176, #2293, #804, #1210, #1953, #3602, #2312, #107, #2361, #3335, #441, #2309, #1344, #3594, #580, #1717, #2247, #3725, #1772, #1427, #2871, #1733, #3267, #3603, #1198, #3492, #2910, #3024 ) ) ;
#649 = ORIENTED_EDGE ( 'NONE', *, *, #3047, .T. ) ;
#650 = CARTESIAN_POINT ( 'NONE',  ( -53.44583554250814217, 24.08677133338269627, 24.39999999999999858 ) ) ;
#651 = LINE ( 'NONE', #2077, #1260 ) ;
#652 = ORIENTED_EDGE ( 'NONE', *, *, #605, .T. ) ;
#653 = PRODUCT ( 'lcd holder', 'lcd holder', '', ( #30 ) ) ;
#654 = EDGE_CURVE ( 'NONE', #380, #1998, #644, .T. ) ;
#655 = DIRECTION ( 'NONE',  ( 0.000000000000000000, -1.000000000000000000, 0.000000000000000000 ) ) ;
#656 = DIRECTION ( 'NONE',  ( -0.000000000000000000, 0.000000000000000000, 1.000000000000000000 ) ) ;
#657 = VECTOR ( 'NONE', #3717, 1000.000000000000000 ) ;
#658 = CARTESIAN_POINT ( 'NONE',  ( -40.56903444293924110, 33.42328432035499475, 16.50000000000000000 ) ) ;
#659 = EDGE_CURVE ( 'NONE', #1092, #700, #3571, .T. ) ;
#660 = ORIENTED_EDGE ( 'NONE', *, *, #3765, .F. ) ;
#661 = ORIENTED_EDGE ( 'NONE', *, *, #682, .F. ) ;
#662 = ORIENTED_EDGE ( 'NONE', *, *, #3764, .F. ) ;
#663 = CARTESIAN_POINT ( 'NONE',  ( -55.24583554250801143, -17.14075662171384451, 19.00000000000000000 ) ) ;
#664 = CARTESIAN_POINT ( 'NONE',  ( 42.89392569561605484, 47.59855904760869549, 16.50000000000000000 ) ) ;
#665 = VERTEX_POINT ( 'NONE', #2636 ) ;
#666 = VERTEX_POINT ( 'NONE', #2055 ) ;
#667 = EDGE_CURVE ( 'NONE', #3564, #3076, #2655, .T. ) ;
#668 = DIRECTION ( 'NONE',  ( -0.000000000000000000, -0.000000000000000000, 1.000000000000000000 ) ) ;
#669 = DIRECTION ( 'NONE',  ( 0.6694407558354334986, 0.7428654483999667102, -0.000000000000000000 ) ) ;
#670 = CARTESIAN_POINT ( 'NONE',  ( -52.24583554250801853, -51.00671723892524767, 16.50000000000000000 ) ) ;
#671 = CARTESIAN_POINT ( 'NONE',  ( 51.80416445749187915, 22.98677133338268064, 25.39999999999999858 ) ) ;
#672 = ORIENTED_EDGE ( 'NONE', *, *, #610, .F. ) ;
#673 = CIRCLE ( 'NONE', #2811, 1.600000000000129097 ) ;
#674 = VECTOR ( 'NONE', #234, 1000.000000000000000 ) ;
#675 = DIRECTION ( 'NONE',  ( 0.000000000000000000, 0.000000000000000000, 1.000000000000000000 ) ) ;
#676 = CARTESIAN_POINT ( 'NONE',  ( -45.24583554250757089, 0.000000000000000000, 15.50000000000000000 ) ) ;
#677 = FACE_OUTER_BOUND ( 'NONE', #141, .T. ) ;
#678 = EDGE_LOOP ( 'NONE', ( #1074, #515, #2265, #1672 ) ) ;
#679 = VERTEX_POINT ( 'NONE', #2380 ) ;
#680 = DIRECTION ( 'NONE',  ( 1.000000000000000000, 0.000000000000000000, 0.000000000000000000 ) ) ;
#681 = EDGE_CURVE ( 'NONE', #2248, #1811, #1266, .T. ) ;
#682 = EDGE_CURVE ( 'NONE', #2151, #2880, #3027, .T. ) ;
#683 = CARTESIAN_POINT ( 'NONE',  ( 0.000000000000000000, 0.000000000000000000, 16.39999999999999858 ) ) ;
#684 = ADVANCED_FACE ( 'NONE', ( #117 ), #2436, .F. ) ;
#685 = EDGE_LOOP ( 'NONE', ( #214, #1270, #2876, #1090 ) ) ;
#686 = VECTOR ( 'NONE', #751, 1000.000000000000000 ) ;
#687 = ORIENTED_EDGE ( 'NONE', *, *, #2061, .F. ) ;
#688 = CARTESIAN_POINT ( 'NONE',  ( 52.95416445749187773, -44.81322866661731297, 24.39999999999999858 ) ) ;
#689 = CARTESIAN_POINT ( 'NONE',  ( -55.24583554250840933, -47.47153714672292324, 15.50000000000000000 ) ) ;
#690 = VECTOR ( 'NONE', #246, 1000.000000000000000 ) ;
#691 = EDGE_LOOP ( 'NONE', ( #150, #1383 ) ) ;
#692 = CARTESIAN_POINT ( 'NONE',  ( 40.07736335813422102, 50.13673285057618045, 12.50000000000000000 ) ) ;
#693 = CARTESIAN_POINT ( 'NONE',  ( 48.55299213361347910, 38.46041737194070720, 15.50000000000000000 ) ) ;
#694 = CIRCLE ( 'NONE', #2085, 3.000000000000002665 ) ;
#695 = EDGE_LOOP ( 'NONE', ( #3494, #1971, #230, #228 ) ) ;
#696 = DIRECTION ( 'NONE',  ( 0.000000000000000000, 0.000000000000000000, -1.000000000000000000 ) ) ;
#697 = CARTESIAN_POINT ( 'NONE',  ( 40.07736335792299798, 33.42328432035501606, 16.50000000000000000 ) ) ;
#698 = CYLINDRICAL_SURFACE ( 'NONE', #1941, 3.000000000000002665 ) ;
#699 = LINE ( 'NONE', #2082, #3711 ) ;
#700 = VERTEX_POINT ( 'NONE', #1007 ) ;
#701 = EDGE_CURVE ( 'NONE', #1350, #3777, #647, .T. ) ;
#702 = ORIENTED_EDGE ( 'NONE', *, *, #1347, .F. ) ;
#703 = DIRECTION ( 'NONE',  ( -0.000000000000000000, 0.000000000000000000, 1.000000000000000000 ) ) ;
#704 = CARTESIAN_POINT ( 'NONE',  ( -49.04466321834429721, 38.46041737219837131, 15.50000000000000000 ) ) ;
#705 = ORIENTED_EDGE ( 'NONE', *, *, #320, .F. ) ;
#706 = EDGE_CURVE ( 'NONE', #2592, #3564, #3302, .T. ) ;
#707 = AXIS2_PLACEMENT_3D ( 'NONE', #2550, #1652, #773 ) ;
#708 = ORIENTED_EDGE ( 'NONE', *, *, #2217, .T. ) ;
#709 = DIRECTION ( 'NONE',  ( 0.000000000000000000, 0.000000000000000000, 1.000000000000000000 ) ) ;
#710 = AXIS2_PLACEMENT_3D ( 'NONE', #743, #195, #3081 ) ;
#711 = DIRECTION ( 'NONE',  ( -1.054543146490460309E-16, -1.000000000000000000, 0.000000000000000000 ) ) ;
#712 = DIRECTION ( 'NONE',  ( -0.000000000000000000, -0.000000000000000000, -1.000000000000000000 ) ) ;
#713 = ORIENTED_EDGE ( 'NONE', *, *, #2833, .F. ) ;
#714 = FACE_BOUND ( 'NONE', #2987, .T. ) ;
#715 = LINE ( 'NONE', #697, #3104 ) ;
#716 = DIRECTION ( 'NONE',  ( 0.7428654483971853795, -0.6694407558385198076, -0.000000000000000000 ) ) ;
#717 = CARTESIAN_POINT ( 'NONE',  ( -43.56903444293924110, -47.47153714672325009, 16.50000000000000000 ) ) ;
#718 = ORIENTED_EDGE ( 'NONE', *, *, #3462, .T. ) ;
#719 = ADVANCED_FACE ( 'NONE', ( #677, #2148 ), #1275, .T. ) ;
#720 = ORIENTED_EDGE ( 'NONE', *, *, #1476, .T. ) ;
#721 = PRODUCT_DEFINITION_FORMATION_WITH_SPECIFIED_SOURCE ( 'ANY', '', #653, .NOT_KNOWN. ) ;
#722 = CARTESIAN_POINT ( 'NONE',  ( -54.74583554250801143, -44.81322866661732718, 25.39999999999999858 ) ) ;
#723 = CARTESIAN_POINT ( 'NONE',  ( 54.75416445749178251, -45.81322866661731297, 25.39999999999999858 ) ) ;
#724 = ORIENTED_EDGE ( 'NONE', *, *, #3648, .F. ) ;
#725 = CARTESIAN_POINT ( 'NONE',  ( 17.55416445749187915, 23.98677133338268064, 18.50000000000000355 ) ) ;
#726 = CARTESIAN_POINT ( 'NONE',  ( 40.07736335792299798, 50.69122662819302860, 16.50000000000000000 ) ) ;
#727 = EDGE_CURVE ( 'NONE', #1300, #395, #3285, .T. ) ;
#728 = DIRECTION ( 'NONE',  ( 0.000000000000000000, -1.000000000000000000, 0.000000000000000000 ) ) ;
#729 = DIRECTION ( 'NONE',  ( 1.000000000000000000, 0.000000000000000000, 0.000000000000000000 ) ) ;
#730 = ORIENTED_EDGE ( 'NONE', *, *, #519, .F. ) ;
#731 = EDGE_CURVE ( 'NONE', #1792, #1587, #1632, .T. ) ;
#732 = CARTESIAN_POINT ( 'NONE',  ( -48.59344854183517270, 49.99328276107484470, 16.50000000000000000 ) ) ;
#733 = PLANE ( 'NONE',  #966 ) ;
#734 = DIRECTION ( 'NONE',  ( -1.000000000000000000, 0.000000000000000000, 0.000000000000000000 ) ) ;
#735 = CARTESIAN_POINT ( 'NONE',  ( -49.11506096150468892, 50.67393515449550989, 16.50000000000000000 ) ) ;
#736 = EDGE_LOOP ( 'NONE', ( #3144, #1486, #1937, #2443, #376, #2108 ) ) ;
#737 = VECTOR ( 'NONE', #2429, 1000.000000000000000 ) ;
#738 = AXIS2_PLACEMENT_3D ( 'NONE', #638, #3566, #1804 ) ;
#739 = VERTEX_POINT ( 'NONE', #3561 ) ;
#740 = LINE ( 'NONE', #722, #1594 ) ;
#741 = DIRECTION ( 'NONE',  ( 0.000000000000000000, 0.000000000000000000, -1.000000000000000000 ) ) ;
#742 = ORIENTED_EDGE ( 'NONE', *, *, #2810, .F. ) ;
#743 = CARTESIAN_POINT ( 'NONE',  ( 49.75416445749183936, -50.00671723892527609, 13.50000000000000178 ) ) ;
#744 = LINE ( 'NONE', #3101, #2974 ) ;
#745 = DIRECTION ( 'NONE',  ( -1.000000000000000000, 0.000000000000000000, 0.000000000000000000 ) ) ;
#746 = FACE_OUTER_BOUND ( 'NONE', #1619, .T. ) ;
#747 = EDGE_CURVE ( 'NONE', #280, #2741, #2168, .T. ) ;
#748 = CARTESIAN_POINT ( 'NONE',  ( -47.24583554250805406, -50.00671723892527609, 16.50000000000000000 ) ) ;
#749 = ORIENTED_EDGE ( 'NONE', *, *, #1645, .T. ) ;
#750 = EDGE_CURVE ( 'NONE', #1903, #216, #328, .T. ) ;
#751 = DIRECTION ( 'NONE',  ( 0.005763824562264501308, -0.9999833890252455282, 0.000000000000000000 ) ) ;
#752 = LINE ( 'NONE', #1251, #1337 ) ;
#753 = VECTOR ( 'NONE', #3554, 1000.000000000000000 ) ;
#754 = CARTESIAN_POINT ( 'NONE',  ( -46.11511079442895067, 50.69122662818232072, 0.000000000000000000 ) ) ;
#755 = DIRECTION ( 'NONE',  ( 0.000000000000000000, -0.000000000000000000, 1.000000000000000000 ) ) ;
#756 = ORIENTED_EDGE ( 'NONE', *, *, #2733, .F. ) ;
#757 = ORIENTED_EDGE ( 'NONE', *, *, #2538, .T. ) ;
#758 = CARTESIAN_POINT ( 'NONE',  ( -49.11506096150468892, 50.67393515449553121, 16.50000000000000000 ) ) ;
#759 = VECTOR ( 'NONE', #1157, 1000.000000000000000 ) ;
#760 = PLANE ( 'NONE',  #511 ) ;
#761 = ORIENTED_EDGE ( 'NONE', *, *, #2754, .F. ) ;
#762 = DIRECTION ( 'NONE',  ( -0.000000000000000000, -0.000000000000000000, 1.000000000000000000 ) ) ;
#763 = DIRECTION ( 'NONE',  ( -1.000000000000000000, 0.000000000000000000, 0.000000000000000000 ) ) ;
#764 = CARTESIAN_POINT ( 'NONE',  ( -53.44583554250813506, -17.14075662171384806, 24.39999999999999858 ) ) ;
#765 = EDGE_CURVE ( 'NONE', #2865, #1501, #1799, .T. ) ;
#766 = EDGE_CURVE ( 'NONE', #1030, #2628, #2244, .T. ) ;
#767 = AXIS2_PLACEMENT_3D ( 'NONE', #1343, #2231, #459 ) ;
#768 = DIRECTION ( 'NONE',  ( 0.000000000000000000, 0.000000000000000000, 1.000000000000000000 ) ) ;
#769 = CARTESIAN_POINT ( 'NONE',  ( -55.24583554250802564, 8.439904173535021314, 24.39999999999999858 ) ) ;
#770 = ORIENTED_EDGE ( 'NONE', *, *, #2252, .F. ) ;
#771 = PRESENTATION_LAYER_ASSIGNMENT (  '', '', ( #1928 ) ) ;
#772 = VECTOR ( 'NONE', #3234, 1000.000000000000000 ) ;
#773 = DIRECTION ( 'NONE',  ( 0.000000000000000000, -0.000000000000000000, -1.000000000000000000 ) ) ;
#774 = DIRECTION ( 'NONE',  ( 1.000000000000000000, 1.273191542001328782E-16, -0.000000000000000000 ) ) ;
#775 = CARTESIAN_POINT ( 'NONE',  ( -52.29583554250811517, 22.98677133338268064, 24.39999999999999858 ) ) ;
#776 = ORIENTED_EDGE ( 'NONE', *, *, #1083, .T. ) ;
#777 = EDGE_CURVE ( 'NONE', #2338, #2157, #699, .T. ) ;
#778 = ADVANCED_FACE ( 'NONE', ( #105 ), #1864, .F. ) ;
#779 = ORIENTED_EDGE ( 'NONE', *, *, #1083, .F. ) ;
#780 = FACE_OUTER_BOUND ( 'NONE', #3542, .T. ) ;
#781 = CARTESIAN_POINT ( 'NONE',  ( -18.04583554250812583, 23.98677133338268064, 18.50000000000000355 ) ) ;
#782 = EDGE_CURVE ( 'NONE', #3404, #275, #1213, .T. ) ;
#783 = VECTOR ( 'NONE', #625, 1000.000000000000000 ) ;
#784 = EDGE_CURVE ( 'NONE', #243, #1982, #2370, .T. ) ;
#785 = VECTOR ( 'NONE', #2263, 1000.000000000000000 ) ;
#786 = VECTOR ( 'NONE', #2994, 1000.000000000000000 ) ;
#787 = ORIENTED_EDGE ( 'NONE', *, *, #3116, .F. ) ;
#788 = LINE ( 'NONE', #1035, #1939 ) ;
#789 = ORIENTED_EDGE ( 'NONE', *, *, #2501, .F. ) ;
#790 = EDGE_CURVE ( 'NONE', #1165, #187, #3036, .T. ) ;
#791 = CARTESIAN_POINT ( 'NONE',  ( 17.55416445749187915, 23.98677133338268064, 16.50000000000000000 ) ) ;
#792 = CARTESIAN_POINT ( 'NONE',  ( -52.29583554250810806, -45.81322866661731297, 25.39999999999999858 ) ) ;
#793 = EDGE_LOOP ( 'NONE', ( #2091, #1904, #1880, #3112, #1299, #2476, #3719, #1612 ) ) ;
#794 = FACE_OUTER_BOUND ( 'NONE', #2643, .T. ) ;
#795 = PLANE ( 'NONE',  #848 ) ;
#796 = DIRECTION ( 'NONE',  ( 1.000000000000000000, 0.000000000000000000, 0.000000000000000000 ) ) ;
#797 = EDGE_LOOP ( 'NONE', ( #428, #3583, #2239, #3653 ) ) ;
#798 = ORIENTED_EDGE ( 'NONE', *, *, #3417, .T. ) ;
#799 = CARTESIAN_POINT ( 'NONE',  ( -49.05822817451289097, 40.81384272283541037, 15.50000000000000178 ) ) ;
#800 = CARTESIAN_POINT ( 'NONE',  ( 0.000000000000000000, 0.000000000000000000, 0.000000000000000000 ) ) ;
#801 = AXIS2_PLACEMENT_3D ( 'NONE', #2307, #1163, #3439 ) ;
#802 = EDGE_CURVE ( 'NONE', #296, #3562, #2995, .T. ) ;
#803 = VERTEX_POINT ( 'NONE', #1538 ) ;
#804 = ADVANCED_FACE ( 'NONE', ( #3582 ), #2680, .T. ) ;
#805 = CARTESIAN_POINT ( 'NONE',  ( 51.80416445749187204, -44.81322866661731297, 24.39999999999999858 ) ) ;
#806 = ORIENTED_EDGE ( 'NONE', *, *, #2180, .F. ) ;
#807 = PLANE ( 'NONE',  #1323 ) ;
#808 = DIRECTION ( 'NONE',  ( -1.000000000000000000, 0.000000000000000000, 0.000000000000000000 ) ) ;
#809 = ORIENTED_EDGE ( 'NONE', *, *, #2403, .F. ) ;
#810 = DIRECTION ( 'NONE',  ( 0.000000000000000000, -1.000000000000000000, 0.000000000000000000 ) ) ;
#811 = CARTESIAN_POINT ( 'NONE',  ( -49.06782004700505695, 42.47796574708650752, 16.50000000000000000 ) ) ;
#812 = CARTESIAN_POINT ( 'NONE',  ( -55.24583554250803985, -45.81322866661731297, 19.00000000000000000 ) ) ;
#813 = EDGE_LOOP ( 'NONE', ( #2670, #2597, #108, #3573, #2976, #730, #300, #1779, #836, #2599 ) ) ;
#814 = AXIS2_PLACEMENT_3D ( 'NONE', #1659, #530, #2824 ) ;
#815 = ORIENTED_EDGE ( 'NONE', *, *, #2342, .T. ) ;
#816 = AXIS2_PLACEMENT_3D ( 'NONE', #2673, #2605, #340 ) ;
#817 = DIRECTION ( 'NONE',  ( 0.000000000000000000, 0.000000000000000000, -1.000000000000000000 ) ) ;
#818 = CARTESIAN_POINT ( 'NONE',  ( 0.000000000000000000, -45.81322866661731297, 16.50000000000000000 ) ) ;
#819 = EDGE_CURVE ( 'NONE', #1915, #2064, #289, .T. ) ;
#820 = ORIENTED_EDGE ( 'NONE', *, *, #2749, .F. ) ;
#821 = ORIENTED_EDGE ( 'NONE', *, *, #2195, .F. ) ;
#822 = CARTESIAN_POINT ( 'NONE',  ( -52.29583554250811517, 8.439904173535021314, 24.39999999999999858 ) ) ;
#823 = ORIENTED_EDGE ( 'NONE', *, *, #1298, .F. ) ;
#824 = EDGE_CURVE ( 'NONE', #1121, #3120, #3394, .T. ) ;
#825 = EDGE_CURVE ( 'NONE', #3113, #282, #1599, .T. ) ;
#826 = LINE ( 'NONE', #1649, #1256 ) ;
#827 = DIRECTION ( 'NONE',  ( -0.000000000000000000, 0.000000000000000000, 1.000000000000000000 ) ) ;
#828 = VERTEX_POINT ( 'NONE', #3683 ) ;
#829 = VECTOR ( 'NONE', #850, 1000.000000000000000 ) ;
#830 = VECTOR ( 'NONE', #711, 1000.000000000000000 ) ;
#831 = CARTESIAN_POINT ( 'NONE',  ( 54.25416445749178962, -43.81322866661731297, 16.39999999999999858 ) ) ;
#832 = DIRECTION ( 'NONE',  ( 1.000000000000000000, 0.000000000000000000, -0.000000000000000000 ) ) ;
#833 = CARTESIAN_POINT ( 'NONE',  ( 45.10177745681843930, 49.99328276107517866, 16.50000000000000000 ) ) ;
#834 = ORIENTED_EDGE ( 'NONE', *, *, #363, .T. ) ;
#835 = VECTOR ( 'NONE', #2423, 1000.000000000000000 ) ;
#836 = ORIENTED_EDGE ( 'NONE', *, *, #2762, .F. ) ;
#837 = LINE ( 'NONE', #2518, #2688 ) ;
#838 = CARTESIAN_POINT ( 'NONE',  ( 48.62338987654522526, 50.67393515456284803, 16.50000000000000000 ) ) ;
#839 = EDGE_CURVE ( 'NONE', #1407, #2047, #1355, .T. ) ;
#840 = ORIENTED_EDGE ( 'NONE', *, *, #3429, .T. ) ;
#841 = ORIENTED_EDGE ( 'NONE', *, *, #161, .T. ) ;
#842 = DIRECTION ( 'NONE',  ( 0.000000000000000000, 0.000000000000000000, 1.000000000000000000 ) ) ;
#843 = VECTOR ( 'NONE', #918, 1000.000000000000000 ) ;
#844 = ORIENTED_EDGE ( 'NONE', *, *, #1456, .T. ) ;
#845 = APPLICATION_CONTEXT ( 'automotive_design' ) ;
#846 = VECTOR ( 'NONE', #1295, 1000.000000000000000 ) ;
#847 = EDGE_CURVE ( 'NONE', #2191, #1811, #1100, .T. ) ;
#848 = AXIS2_PLACEMENT_3D ( 'NONE', #1670, #1704, #1954 ) ;
#849 = DIRECTION ( 'NONE',  ( -1.000000000000000000, 0.000000000000000000, 0.000000000000000000 ) ) ;
#850 = DIRECTION ( 'NONE',  ( 1.000000000000000000, -0.000000000000000000, -0.000000000000000000 ) ) ;
#851 = DIRECTION ( 'NONE',  ( 0.000000000000000000, 0.000000000000000000, -1.000000000000000000 ) ) ;
#852 = LINE ( 'NONE', #1705, #3200 ) ;
#853 = ORIENTED_EDGE ( 'NONE', *, *, #3158, .F. ) ;
#854 = FACE_OUTER_BOUND ( 'NONE', #813, .T. ) ;
#855 = CARTESIAN_POINT ( 'NONE',  ( 40.07736335792299798, -43.81322866661731297, 16.50000000000000000 ) ) ;
#856 = ORIENTED_EDGE ( 'NONE', *, *, #3149, .F. ) ;
#857 = ORIENTED_EDGE ( 'NONE', *, *, #1059, .T. ) ;
#858 = CARTESIAN_POINT ( 'NONE',  ( -55.24583554250802564, -44.47153714672291613, 15.50000000000000000 ) ) ;
#859 = VERTEX_POINT ( 'NONE', #2552 ) ;
#860 = AXIS2_PLACEMENT_3D ( 'NONE', #2058, #1208, #1835 ) ;
#861 = AXIS2_PLACEMENT_3D ( 'NONE', #978, #48, #2984 ) ;
#862 = VECTOR ( 'NONE', #3453, 1000.000000000000000 ) ;
#863 = CYLINDRICAL_SURFACE ( 'NONE', #2233, 3.000000000000002665 ) ;
#864 = LINE ( 'NONE', #2019, #2508 ) ;
#865 = CARTESIAN_POINT ( 'NONE',  ( -53.44583554250813506, -17.14075662171384451, 24.39999999999999858 ) ) ;
#866 = EDGE_CURVE ( 'NONE', #2483, #2946, #226, .T. ) ;
#867 = CARTESIAN_POINT ( 'NONE',  ( -52.29583554250811517, 0.000000000000000000, 19.00000000000000000 ) ) ;
#868 = LINE ( 'NONE', #1406, #930 ) ;
#869 = EDGE_CURVE ( 'NONE', #1729, #2496, #3111, .T. ) ;
#870 = ORIENTED_EDGE ( 'NONE', *, *, #839, .F. ) ;
#871 = AXIS2_PLACEMENT_3D ( 'NONE', #1294, #675, #1838 ) ;
#872 = LINE ( 'NONE', #3559, #3009 ) ;
#873 = LINE ( 'NONE', #1743, #2667 ) ;
#874 = VECTOR ( 'NONE', #1238, 1000.000000000000000 ) ;
#875 = ORIENTED_EDGE ( 'NONE', *, *, #3316, .F. ) ;
#876 = ORIENTED_EDGE ( 'NONE', *, *, #2358, .F. ) ;
#877 = CARTESIAN_POINT ( 'NONE',  ( 49.62869484862734737, -47.00666607740913605, 14.10409516988317868 ) ) ;
#878 = LINE ( 'NONE', #2255, #368 ) ;
#879 = EDGE_LOOP ( 'NONE', ( #2306, #3139, #2851, #3684 ) ) ;
#880 = AXIS2_PLACEMENT_3D ( 'NONE', #1803, #585, #2977 ) ;
#881 = ADVANCED_FACE ( 'NONE', ( #3431 ), #1919, .T. ) ;
#882 = FACE_OUTER_BOUND ( 'NONE', #1522, .T. ) ;
#883 = CYLINDRICAL_SURFACE ( 'NONE', #2813, 3.000000000000002665 ) ;
#884 = EDGE_CURVE ( 'NONE', #1199, #2151, #1081, .T. ) ;
#885 = ADVANCED_FACE ( 'NONE', ( #2474 ), #3662, .F. ) ;
#886 = DIRECTION ( 'NONE',  ( -0.000000000000000000, -0.000000000000000000, 1.000000000000000000 ) ) ;
#887 = CARTESIAN_POINT ( 'NONE',  ( -49.06782004721672052, 42.47796574709749962, 0.000000000000000000 ) ) ;
#888 = EDGE_LOOP ( 'NONE', ( #247, #2921 ) ) ;
#889 = DIRECTION ( 'NONE',  ( 1.000000000000000000, 0.000000000000000000, 0.000000000000000000 ) ) ;
#890 = DIRECTION ( 'NONE',  ( 0.000000000000000000, -1.000000000000000000, 0.000000000000000000 ) ) ;
#891 = ADVANCED_FACE ( 'NONE', ( #433 ), #2758, .F. ) ;
#892 = EDGE_CURVE ( 'NONE', #3303, #1780, #2729, .T. ) ;
#893 = EDGE_LOOP ( 'NONE', ( #1732, #1039, #149, #353 ) ) ;
#894 = EDGE_LOOP ( 'NONE', ( #3478, #2840, #2533, #1085, #979, #932, #1068, #1119, #2899, #1439 ) ) ;
#895 = CARTESIAN_POINT ( 'NONE',  ( 50.97482404557989355, -47.26508783851478057, 13.59864544898241334 ) ) ;
#896 = EDGE_CURVE ( 'NONE', #3447, #1203, #1027, .T. ) ;
#897 = DIRECTION ( 'NONE',  ( 1.000000000000000000, 0.000000000000000000, -0.000000000000000000 ) ) ;
#898 = ORIENTED_EDGE ( 'NONE', *, *, #1784, .T. ) ;
#899 = ADVANCED_FACE ( 'NONE', ( #3127 ), #1065, .F. ) ;
#900 = DIRECTION ( 'NONE',  ( 1.000000000000000000, 0.000000000000000000, 0.000000000000000000 ) ) ;
#901 = CARTESIAN_POINT ( 'NONE',  ( -45.24583554250842354, -47.47153714672292324, 0.000000000000000000 ) ) ;
#902 = AXIS2_PLACEMENT_3D ( 'NONE', #1317, #2820, #3646 ) ;
#903 = PLANE ( 'NONE',  #2886 ) ;
#904 = DIRECTION ( 'NONE',  ( -1.000000000000000000, 0.000000000000000000, 0.000000000000000000 ) ) ;
#905 = CARTESIAN_POINT ( 'NONE',  ( 52.95416445749188483, -43.91322866661730018, 19.00000000000000000 ) ) ;
#906 = ORIENTED_EDGE ( 'NONE', *, *, #327, .F. ) ;
#907 = PLANE ( 'NONE',  #2017 ) ;
#908 = DIRECTION ( 'NONE',  ( -1.000000000000000000, 0.000000000000000000, 0.000000000000000000 ) ) ;
#909 = ORIENTED_EDGE ( 'NONE', *, *, #502, .F. ) ;
#910 = EDGE_LOOP ( 'NONE', ( #2164, #2736, #948, #2422 ) ) ;
#911 = CARTESIAN_POINT ( 'NONE',  ( -45.24583554250842354, -51.00671723892524767, 0.000000000000000000 ) ) ;
#912 = DIRECTION ( 'NONE',  ( 0.000000000000000000, -0.000000000000000000, -1.000000000000000000 ) ) ;
#913 = VERTEX_POINT ( 'NONE', #3414 ) ;
#914 = CARTESIAN_POINT ( 'NONE',  ( -52.29583554250811517, 22.98677133338268064, 25.39999999999999858 ) ) ;
#915 = CARTESIAN_POINT ( 'NONE',  ( -52.29583554250810806, -43.81322866661731297, 25.39999999999999858 ) ) ;
#916 = CIRCLE ( 'NONE', #2570, 1.600000000000004086 ) ;
#917 = FACE_OUTER_BOUND ( 'NONE', #645, .T. ) ;
#918 = DIRECTION ( 'NONE',  ( -0.000000000000000000, -0.000000000000000000, -1.000000000000000000 ) ) ;
#919 = DIRECTION ( 'NONE',  ( 0.000000000000000000, 1.000000000000000000, 0.000000000000000000 ) ) ;
#920 = CARTESIAN_POINT ( 'NONE',  ( 48.57614896219997291, 42.47796574709752093, 14.25735931288071967 ) ) ;
#921 = ORIENTED_EDGE ( 'NONE', *, *, #706, .T. ) ;
#922 = DIRECTION ( 'NONE',  ( 1.008560160451632221E-16, 1.000000000000000000, 0.000000000000000000 ) ) ;
#923 = DIRECTION ( 'NONE',  ( -1.000000000000000000, -4.247101873863862393E-15, 0.000000000000000000 ) ) ;
#924 = CARTESIAN_POINT ( 'NONE',  ( 49.75416445749166172, -50.00671723892491372, 13.50000000000000178 ) ) ;
#925 = EDGE_LOOP ( 'NONE', ( #453, #3261, #3099, #1176 ) ) ;
#926 = ORIENTED_EDGE ( 'NONE', *, *, #1181, .T. ) ;
#927 = ORIENTED_EDGE ( 'NONE', *, *, #1752, .T. ) ;
#928 = LINE ( 'NONE', #2418, #2215 ) ;
#929 = DIRECTION ( 'NONE',  ( -0.000000000000000000, -0.000000000000000000, -1.000000000000000000 ) ) ;
#930 = VECTOR ( 'NONE', #3753, 1000.000000000000000 ) ;
#931 = ORIENTED_EDGE ( 'NONE', *, *, #83, .F. ) ;
#932 = ORIENTED_EDGE ( 'NONE', *, *, #802, .T. ) ;
#933 = VECTOR ( 'NONE', #3232, 1000.000000000000000 ) ;
#934 = FACE_OUTER_BOUND ( 'NONE', #1447, .T. ) ;
#935 = CARTESIAN_POINT ( 'NONE',  ( -50.24583554250843065, -50.00671723892491372, 0.000000000000000000 ) ) ;
#936 = EDGE_CURVE ( 'NONE', #2360, #2157, #2891, .T. ) ;
#937 = DIRECTION ( 'NONE',  ( 0.000000000000000000, 0.000000000000000000, -1.000000000000000000 ) ) ;
#938 = ADVANCED_FACE ( 'NONE', ( #1043 ), #2205, .F. ) ;
#939 = DIRECTION ( 'NONE',  ( 2.420054292158815258E-16, -1.000000000000000000, 0.000000000000000000 ) ) ;
#940 =( NAMED_UNIT ( * ) PLANE_ANGLE_UNIT ( ) SI_UNIT ( $, .RADIAN. ) );
#941 = DIRECTION ( 'NONE',  ( -1.000000000000000000, 0.000000000000000000, 0.000000000000000000 ) ) ;
#942 = ORIENTED_EDGE ( 'NONE', *, *, #122, .F. ) ;
#943 = PLANE ( 'NONE',  #3495 ) ;
#944 = CARTESIAN_POINT ( 'NONE',  ( -52.29583554250811517, -17.14075662171384451, 24.39999999999999858 ) ) ;
#945 = CARTESIAN_POINT ( 'NONE',  ( 17.55416445749187915, 23.98677133338268064, 18.50000000000000355 ) ) ;
#946 = EDGE_LOOP ( 'NONE', ( #1521, #3649 ) ) ;
#947 = EDGE_LOOP ( 'NONE', ( #1253, #3069, #2972, #1047 ) ) ;
#948 = ORIENTED_EDGE ( 'NONE', *, *, #3608, .T. ) ;
#949 = CARTESIAN_POINT ( 'NONE',  ( 49.25753352038987032, -47.04554647314245130, 14.04121479244550308 ) ) ;
#950 = VECTOR ( 'NONE', #26, 1000.000000000000000 ) ;
#951 = PLANE ( 'NONE',  #1226 ) ;
#952 = ORIENTED_EDGE ( 'NONE', *, *, #3633, .T. ) ;
#953 = VECTOR ( 'NONE', #668, 1000.000000000000000 ) ;
#954 = VECTOR ( 'NONE', #2407, 1000.000000000000000 ) ;
#955 = ORIENTED_EDGE ( 'NONE', *, *, #2779, .F. ) ;
#956 = PLANE ( 'NONE',  #2103 ) ;
#957 = DIRECTION ( 'NONE',  ( 0.000000000000000000, -1.000000000000000000, 0.000000000000000000 ) ) ;
#958 = ADVANCED_FACE ( 'NONE', ( #1376 ), #1671, .F. ) ;
#959 = VECTOR ( 'NONE', #3607, 1000.000000000000000 ) ;
#960 = DIRECTION ( 'NONE',  ( 0.000000000000000000, 0.000000000000000000, 1.000000000000000000 ) ) ;
#961 = DIRECTION ( 'NONE',  ( 1.008560160451632221E-16, 1.000000000000000000, 0.000000000000000000 ) ) ;
#962 = ORIENTED_EDGE ( 'NONE', *, *, #3489, .F. ) ;
#963 = EDGE_CURVE ( 'NONE', #1258, #622, #2624, .T. ) ;
#964 = AXIS2_PLACEMENT_3D ( 'NONE', #1582, #2740, #2838 ) ;
#965 = EDGE_CURVE ( 'NONE', #1372, #1028, #2889, .T. ) ;
#966 = AXIS2_PLACEMENT_3D ( 'NONE', #3300, #104, #3375 ) ;
#967 = FACE_OUTER_BOUND ( 'NONE', #454, .T. ) ;
#968 = LINE ( 'NONE', #77, #175 ) ;
#969 = VECTOR ( 'NONE', #2383, 1000.000000000000000 ) ;
#970 = CARTESIAN_POINT ( 'NONE',  ( -52.29583554250811517, -17.14075662171384451, 25.39999999999999858 ) ) ;
#971 = EDGE_LOOP ( 'NONE', ( #2726, #59, #2687, #576 ) ) ;
#972 = ORIENTED_EDGE ( 'NONE', *, *, #2894, .T. ) ;
#973 = CARTESIAN_POINT ( 'NONE',  ( -51.84583554250855997, -50.00671723892491372, 0.000000000000000000 ) ) ;
#974 = DIRECTION ( 'NONE',  ( -1.000000000000000000, 0.000000000000000000, 0.000000000000000000 ) ) ;
#975 = ORIENTED_EDGE ( 'NONE', *, *, #1014, .T. ) ;
#976 = VERTEX_POINT ( 'NONE', #14 ) ;
#977 = PLANE ( 'NONE',  #2412 ) ;
#978 = CARTESIAN_POINT ( 'NONE',  ( -43.11426854744382098, 47.84306924511001569, 16.50000000000000000 ) ) ;
#979 = ORIENTED_EDGE ( 'NONE', *, *, #1301, .T. ) ;
#980 = DIRECTION ( 'NONE',  ( -1.000000000000000000, -0.000000000000000000, -0.000000000000000000 ) ) ;
#981 = PLANE ( 'NONE',  #1015 ) ;
#982 = LINE ( 'NONE', #408, #2506 ) ;
#983 = ORIENTED_EDGE ( 'NONE', *, *, #790, .T. ) ;
#984 = VECTOR ( 'NONE', #1735, 1000.000000000000000 ) ;
#985 = DIRECTION ( 'NONE',  ( -0.000000000000000000, -0.000000000000000000, 1.000000000000000000 ) ) ;
#986 = DIRECTION ( 'NONE',  ( 0.000000000000000000, -1.000000000000000000, 0.000000000000000000 ) ) ;
#987 = EDGE_CURVE ( 'NONE', #1979, #39, #2040, .T. ) ;
#988 = LINE ( 'NONE', #2187, #1798 ) ;
#989 = DIRECTION ( 'NONE',  ( 1.000000000000000000, 0.000000000000000000, 0.000000000000000000 ) ) ;
#990 = ORIENTED_EDGE ( 'NONE', *, *, #2709, .T. ) ;
#991 = VERTEX_POINT ( 'NONE', #3503 ) ;
#992 = CARTESIAN_POINT ( 'NONE',  ( -52.29583554250811517, -17.14075662171384451, 19.00000000000000000 ) ) ;
#993 = FACE_OUTER_BOUND ( 'NONE', #2284, .T. ) ;
#994 = ORIENTED_EDGE ( 'NONE', *, *, #2809, .T. ) ;
#995 = VERTEX_POINT ( 'NONE', #887 ) ;
#996 = PLANE ( 'NONE',  #2915 ) ;
#997 = DIRECTION ( 'NONE',  ( 1.000000000000000000, 1.273191542001328782E-16, 0.000000000000000000 ) ) ;
#998 = AXIS2_PLACEMENT_3D ( 'NONE', #3078, #457, #3632 ) ;
#999 = ORIENTED_EDGE ( 'NONE', *, *, #1116, .F. ) ;
#1000 = CARTESIAN_POINT ( 'NONE',  ( 40.07736335792300508, 48.46396601284128280, 15.50000000000000533 ) ) ;
#1001 = DIRECTION ( 'NONE',  ( -0.000000000000000000, -0.000000000000000000, -1.000000000000000000 ) ) ;
#1002 = EDGE_CURVE ( 'NONE', #3568, #2996, #274, .T. ) ;
#1003 = ORIENTED_EDGE ( 'NONE', *, *, #869, .T. ) ;
#1004 = LINE ( 'NONE', #1314, #2694 ) ;
#1005 = LINE ( 'NONE', #1614, #846 ) ;
#1006 = LINE ( 'NONE', #2435, #279 ) ;
#1007 = CARTESIAN_POINT ( 'NONE',  ( -53.44583554250813506, -44.81322866661732718, 24.39999999999999858 ) ) ;
#1008 = ORIENTED_EDGE ( 'NONE', *, *, #2342, .F. ) ;
#1009 = ORIENTED_EDGE ( 'NONE', *, *, #2115, .T. ) ;
#1010 = CARTESIAN_POINT ( 'NONE',  ( 47.75416445749165462, -54.00671723892492082, 0.000000000000000000 ) ) ;
#1011 = DIRECTION ( 'NONE',  ( 0.000000000000000000, 0.000000000000000000, -1.000000000000000000 ) ) ;
#1012 = EDGE_CURVE ( 'NONE', #1199, #3568, #2929, .T. ) ;
#1013 = AXIS2_PLACEMENT_3D ( 'NONE', #1687, #2836, #1135 ) ;
#1014 = EDGE_CURVE ( 'NONE', #1992, #3383, #852, .T. ) ;
#1015 = AXIS2_PLACEMENT_3D ( 'NONE', #2142, #3011, #138 ) ;
#1016 = VERTEX_POINT ( 'NONE', #2315 ) ;
#1017 = FACE_OUTER_BOUND ( 'NONE', #192, .T. ) ;
#1018 = EDGE_CURVE ( 'NONE', #1915, #310, #560, .T. ) ;
#1019 = LINE ( 'NONE', #136, #953 ) ;
#1020 = VECTOR ( 'NONE', #2379, 1000.000000000000000 ) ;
#1021 = DIRECTION ( 'NONE',  ( 0.000000000000000000, 0.000000000000000000, 1.000000000000000000 ) ) ;
#1022 = CARTESIAN_POINT ( 'NONE',  ( 40.07736335792299798, 20.98677133338266998, 16.50000000000000000 ) ) ;
#1023 = ORIENTED_EDGE ( 'NONE', *, *, #1676, .T. ) ;
#1024 = FACE_OUTER_BOUND ( 'NONE', #894, .T. ) ;
#1025 = DIRECTION ( 'NONE',  ( -1.000000000000000000, 3.332802067198476766E-17, 0.000000000000000000 ) ) ;
#1026 = FACE_OUTER_BOUND ( 'NONE', #3031, .T. ) ;
#1027 = LINE ( 'NONE', #452, #1605 ) ;
#1028 = VERTEX_POINT ( 'NONE', #3450 ) ;
#1029 = VECTOR ( 'NONE', #2493, 1000.000000000000000 ) ;
#1030 = VERTEX_POINT ( 'NONE', #3217 ) ;
#1031 = CARTESIAN_POINT ( 'NONE',  ( -53.44583554250813506, -44.81322866661732718, 24.39999999999999858 ) ) ;
#1032 = LINE ( 'NONE', #1564, #1545 ) ;
#1033 = ORIENTED_EDGE ( 'NONE', *, *, #802, .F. ) ;
#1034 = ADVANCED_FACE ( 'NONE', ( #2855 ), #3179, .F. ) ;
#1035 = CARTESIAN_POINT ( 'NONE',  ( -52.29583554250811517, 22.98677133338268064, 24.39999999999999858 ) ) ;
#1036 =( NAMED_UNIT ( * ) SI_UNIT ( $, .STERADIAN. ) SOLID_ANGLE_UNIT ( ) );
#1037 = DIRECTION ( 'NONE',  ( 1.000000000000000000, 0.000000000000000000, 0.000000000000000000 ) ) ;
#1038 = CARTESIAN_POINT ( 'NONE',  ( -54.74583554250801143, -44.81322866661732718, 16.39999999999999858 ) ) ;
#1039 = ORIENTED_EDGE ( 'NONE', *, *, #2073, .T. ) ;
#1040 = CARTESIAN_POINT ( 'NONE',  ( 0.000000000000000000, -44.47153714672291613, 12.50000000000000000 ) ) ;
#1041 = LINE ( 'NONE', #2203, #2978 ) ;
#1042 = DIRECTION ( 'NONE',  ( 0.000000000000000000, 1.000000000000000000, -0.000000000000000000 ) ) ;
#1043 = FACE_OUTER_BOUND ( 'NONE', #3291, .T. ) ;
#1044 = EDGE_LOOP ( 'NONE', ( #3240, #1394, #3623, #672 ) ) ;
#1045 = CIRCLE ( 'NONE', #3667, 1.600000000000129097 ) ;
#1046 = AXIS2_PLACEMENT_3D ( 'NONE', #2616, #551, #1713 ) ;
#1047 = ORIENTED_EDGE ( 'NONE', *, *, #2912, .F. ) ;
#1048 = FACE_OUTER_BOUND ( 'NONE', #893, .T. ) ;
#1049 = PLANE ( 'NONE',  #2021 ) ;
#1050 = EDGE_CURVE ( 'NONE', #1148, #2677, #1422, .T. ) ;
#1051 = ORIENTED_EDGE ( 'NONE', *, *, #2115, .F. ) ;
#1052 = PLANE ( 'NONE',  #767 ) ;
#1053 = LINE ( 'NONE', #1513, #2301 ) ;
#1054 = DIRECTION ( 'NONE',  ( 0.000000000000000000, 0.000000000000000000, 1.000000000000000000 ) ) ;
#1055 = VECTOR ( 'NONE', #308, 1000.000000000000000 ) ;
#1056 = FACE_OUTER_BOUND ( 'NONE', #2767, .T. ) ;
#1057 = VECTOR ( 'NONE', #3209, 1000.000000000000000 ) ;
#1058 = LINE ( 'NONE', #769, #3760 ) ;
#1059 = EDGE_CURVE ( 'NONE', #1417, #282, #2350, .T. ) ;
#1060 = ORIENTED_EDGE ( 'NONE', *, *, #3228, .F. ) ;
#1061 = EDGE_CURVE ( 'NONE', #803, #505, #2279, .T. ) ;
#1062 = FACE_BOUND ( 'NONE', #561, .T. ) ;
#1063 = VECTOR ( 'NONE', #2381, 1000.000000000000000 ) ;
#1064 = FACE_OUTER_BOUND ( 'NONE', #1706, .T. ) ;
#1065 = PLANE ( 'NONE',  #1908 ) ;
#1066 = EDGE_CURVE ( 'NONE', #995, #3447, #3162, .T. ) ;
#1067 = VERTEX_POINT ( 'NONE', #593 ) ;
#1068 = ORIENTED_EDGE ( 'NONE', *, *, #2416, .T. ) ;
#1069 = DIRECTION ( 'NONE',  ( -0.000000000000000000, 0.000000000000000000, 1.000000000000000000 ) ) ;
#1070 = VECTOR ( 'NONE', #655, 1000.000000000000000 ) ;
#1071 = DIRECTION ( 'NONE',  ( 0.000000000000000000, 0.000000000000000000, -1.000000000000000000 ) ) ;
#1072 = ORIENTED_EDGE ( 'NONE', *, *, #1967, .T. ) ;
#1073 = DIRECTION ( 'NONE',  ( 2.581228954965069464E-16, -1.000000000000000000, 0.000000000000000000 ) ) ;
#1074 = ORIENTED_EDGE ( 'NONE', *, *, #2555, .F. ) ;
#1075 = VECTOR ( 'NONE', #3463, 1000.000000000000000 ) ;
#1076 = DIRECTION ( 'NONE',  ( 0.000000000000000000, -1.000000000000000000, 0.000000000000000000 ) ) ;
#1077 = CARTESIAN_POINT ( 'NONE',  ( 51.80416445749187915, -44.81322866661731297, 16.50000000000000000 ) ) ;
#1078 = EDGE_LOOP ( 'NONE', ( #2376, #2875, #876, #809, #3722, #3341 ) ) ;
#1079 = CARTESIAN_POINT ( 'NONE',  ( -52.29583554250811517, -17.14075662171384451, 19.00000000000000000 ) ) ;
#1080 = CARTESIAN_POINT ( 'NONE',  ( -8.627314925773034839E-15, 33.42328432035500896, 16.50000000000000000 ) ) ;
#1081 = LINE ( 'NONE', #167, #1749 ) ;
#1082 = ORIENTED_EDGE ( 'NONE', *, *, #3329, .F. ) ;
#1083 = EDGE_CURVE ( 'NONE', #373, #2753, #242, .T. ) ;
#1084 = EDGE_CURVE ( 'NONE', #913, #1423, #1757, .T. ) ;
#1085 = ORIENTED_EDGE ( 'NONE', *, *, #1116, .T. ) ;
#1086 = DIRECTION ( 'NONE',  ( -0.000000000000000000, -0.000000000000000000, -1.000000000000000000 ) ) ;
#1087 = FACE_BOUND ( 'NONE', #2378, .T. ) ;
#1088 = AXIS2_PLACEMENT_3D ( 'NONE', #2800, #2188, #1902 ) ;
#1089 = CIRCLE ( 'NONE', #3222, 3.000000000000002665 ) ;
#1090 = ORIENTED_EDGE ( 'NONE', *, *, #2220, .F. ) ;
#1091 = DIRECTION ( 'NONE',  ( -1.000000000000000000, 0.000000000000000000, 0.000000000000000000 ) ) ;
#1092 = VERTEX_POINT ( 'NONE', #2298 ) ;
#1093 = AXIS2_PLACEMENT_3D ( 'NONE', #867, #832, #2589 ) ;
#1094 = LINE ( 'NONE', #2001, #2778 ) ;
#1095 = CARTESIAN_POINT ( 'NONE',  ( -46.11511079442895067, 50.69122662818232072, 0.000000000000000000 ) ) ;
#1096 = VERTEX_POINT ( 'NONE', #1689 ) ;
#1097 = CARTESIAN_POINT ( 'NONE',  ( -40.56903444293924110, -43.81322866661731297, 16.50000000000000000 ) ) ;
#1098 = EDGE_CURVE ( 'NONE', #1740, #2457, #868, .T. ) ;
#1099 = PLANE ( 'NONE',  #2981 ) ;
#1100 = LINE ( 'NONE', #3700, #1451 ) ;
#1101 = ORIENTED_EDGE ( 'NONE', *, *, #1768, .T. ) ;
#1102 = VERTEX_POINT ( 'NONE', #2590 ) ;
#1103 = EDGE_CURVE ( 'NONE', #1558, #275, #3737, .T. ) ;
#1104 = CARTESIAN_POINT ( 'NONE',  ( -45.59344854183516560, 49.99328276107484470, 16.50000000000000000 ) ) ;
#1105 = CARTESIAN_POINT ( 'NONE',  ( 51.80416445749188625, -5.462972658831275763E-15, 16.50000000000000000 ) ) ;
#1106 = AXIS2_PLACEMENT_3D ( 'NONE', #2227, #3418, #1724 ) ;
#1107 = ORIENTED_EDGE ( 'NONE', *, *, #1367, .T. ) ;
#1108 = VERTEX_POINT ( 'NONE', #1137 ) ;
#1109 = EDGE_CURVE ( 'NONE', #2496, #995, #2023, .T. ) ;
#1110 = LINE ( 'NONE', #1128, #1290 ) ;
#1111 = ORIENTED_EDGE ( 'NONE', *, *, #2114, .T. ) ;
#1112 = DIRECTION ( 'NONE',  ( 0.000000000000000000, 0.000000000000000000, 1.000000000000000000 ) ) ;
#1113 = DIRECTION ( 'NONE',  ( 0.000000000000000000, 1.000000000000000000, -0.000000000000000000 ) ) ;
#1114 = ORIENTED_EDGE ( 'NONE', *, *, #1125, .T. ) ;
#1115 = CARTESIAN_POINT ( 'NONE',  ( 51.80416445749187915, 22.98677133338268064, 25.39999999999999858 ) ) ;
#1116 = EDGE_CURVE ( 'NONE', #1108, #2725, #3673, .T. ) ;
#1117 = CARTESIAN_POINT ( 'NONE',  ( 52.75416445749183936, -50.00671723892527609, 13.50000000000000178 ) ) ;
#1118 = DIRECTION ( 'NONE',  ( -4.247101873863862393E-15, -1.000000000000000000, 0.000000000000000000 ) ) ;
#1119 = ORIENTED_EDGE ( 'NONE', *, *, #1428, .F. ) ;
#1120 = VECTOR ( 'NONE', #2267, 1000.000000000000114 ) ;
#1121 = VERTEX_POINT ( 'NONE', #1795 ) ;
#1122 = VECTOR ( 'NONE', #636, 1000.000000000000000 ) ;
#1123 = DIRECTION ( 'NONE',  ( 1.000000000000000000, -0.000000000000000000, -0.000000000000000000 ) ) ;
#1124 = LINE ( 'NONE', #1105, #2943 ) ;
#1125 = EDGE_CURVE ( 'NONE', #133, #1423, #2149, .T. ) ;
#1126 = ORIENTED_EDGE ( 'NONE', *, *, #1366, .T. ) ;
#1127 = ORIENTED_EDGE ( 'NONE', *, *, #210, .F. ) ;
#1128 = CARTESIAN_POINT ( 'NONE',  ( -0.000000000000000000, 25.98677133338267353, 16.50000000000000000 ) ) ;
#1129 = VERTEX_POINT ( 'NONE', #1818 ) ;
#1130 = ADVANCED_FACE ( 'NONE', ( #1211 ), #943, .T. ) ;
#1131 = EDGE_CURVE ( 'NONE', #2829, #2083, #872, .T. ) ;
#1132 = CARTESIAN_POINT ( 'NONE',  ( -55.24583554250802564, 8.439904173535021314, 16.50000000000000000 ) ) ;
#1133 = PLANE ( 'NONE',  #3002 ) ;
#1134 = VECTOR ( 'NONE', #2273, 1000.000000000000000 ) ;
#1135 = DIRECTION ( 'NONE',  ( 1.000000000000000000, 0.000000000000000000, 0.000000000000000000 ) ) ;
#1136 = LINE ( 'NONE', #3469, #537 ) ;
#1137 = CARTESIAN_POINT ( 'NONE',  ( 44.75416445749132777, -47.47153714672325009, 16.50000000000000000 ) ) ;
#1138 = EDGE_LOOP ( 'NONE', ( #3422, #3008, #2305, #1950 ) ) ;
#1139 = VECTOR ( 'NONE', #166, 1000.000000000000000 ) ;
#1140 = VECTOR ( 'NONE', #1349, 1000.000000000000000 ) ;
#1141 = CARTESIAN_POINT ( 'NONE',  ( -49.04466321834429721, 38.46041737219837131, 15.50000000000000000 ) ) ;
#1142 = CARTESIAN_POINT ( 'NONE',  ( -52.29583554250811517, -44.81322866661732718, 25.39999999999999858 ) ) ;
#1143 = ORIENTED_EDGE ( 'NONE', *, *, #681, .T. ) ;
#1144 = ORIENTED_EDGE ( 'NONE', *, *, #2176, .F. ) ;
#1145 = AXIS2_PLACEMENT_3D ( 'NONE', #2389, #2456, #632 ) ;
#1146 = CARTESIAN_POINT ( 'NONE',  ( 51.75416445749164751, -51.00671723892491372, 0.000000000000000000 ) ) ;
#1147 = VECTOR ( 'NONE', #341, 1000.000000000000000 ) ;
#1148 = VERTEX_POINT ( 'NONE', #3258 ) ;
#1149 = AXIS2_PLACEMENT_3D ( 'NONE', #3539, #923, #2081 ) ;
#1150 = EDGE_CURVE ( 'NONE', #3708, #3120, #2317, .T. ) ;
#1151 = VECTOR ( 'NONE', #2819, 1000.000000000000000 ) ;
#1152 = EDGE_CURVE ( 'NONE', #1092, #2415, #2645, .T. ) ;
#1153 = CARTESIAN_POINT ( 'NONE',  ( 48.57614896219996581, 42.47796574709749962, 0.000000000000000000 ) ) ;
#1154 = DIRECTION ( 'NONE',  ( 0.000000000000000000, 0.000000000000000000, 1.000000000000000000 ) ) ;
#1155 = DIRECTION ( 'NONE',  ( -0.000000000000000000, 1.000000000000000000, -0.000000000000000000 ) ) ;
#1156 = CARTESIAN_POINT ( 'NONE',  ( -50.24583554250805406, -50.00671723892527609, 13.50000000000000178 ) ) ;
#1157 = DIRECTION ( 'NONE',  ( -0.000000000000000000, -0.000000000000000000, -1.000000000000000000 ) ) ;
#1158 = ORIENTED_EDGE ( 'NONE', *, *, #3611, .T. ) ;
#1159 = CARTESIAN_POINT ( 'NONE',  ( -55.24583554250801143, -17.14075662171384451, 19.00000000000000000 ) ) ;
#1160 = DIRECTION ( 'NONE',  ( 2.040851148208008245E-16, -1.000000000000000000, 0.000000000000000000 ) ) ;
#1161 = ORIENTED_EDGE ( 'NONE', *, *, #1444, .T. ) ;
#1162 = ORIENTED_EDGE ( 'NONE', *, *, #1059, .F. ) ;
#1163 = DIRECTION ( 'NONE',  ( 0.000000000000000000, -1.000000000000000000, 0.000000000000000000 ) ) ;
#1164 = ADVANCED_FACE ( 'NONE', ( #1518 ), #2026, .T. ) ;
#1165 = VERTEX_POINT ( 'NONE', #2043 ) ;
#1166 = ADVANCED_FACE ( 'NONE', ( #56 ), #1231, .F. ) ;
#1167 = CIRCLE ( 'NONE', #3122, 3.000000000000002665 ) ;
#1168 = VECTOR ( 'NONE', #1379, 1000.000000000000000 ) ;
#1169 = CARTESIAN_POINT ( 'NONE',  ( 40.07736335792299798, 20.98677133338266998, 16.50000000000000000 ) ) ;
#1170 = DIRECTION ( 'NONE',  ( -0.000000000000000000, 0.000000000000000000, 1.000000000000000000 ) ) ;
#1171 = CARTESIAN_POINT ( 'NONE',  ( 0.000000000000000000, 0.000000000000000000, 24.39999999999999858 ) ) ;
#1172 = ADVANCED_FACE ( 'NONE', ( #2352 ), #3201, .T. ) ;
#1173 = EDGE_CURVE ( 'NONE', #1067, #620, #2101, .T. ) ;
#1174 = LINE ( 'NONE', #650, #3772 ) ;
#1175 = CARTESIAN_POINT ( 'NONE',  ( -55.24583554250802564, 25.98677133338267353, 19.00000000000000000 ) ) ;
#1176 = ORIENTED_EDGE ( 'NONE', *, *, #731, .F. ) ;
#1177 = VECTOR ( 'NONE', #696, 1000.000000000000000 ) ;
#1178 = ADVANCED_FACE ( 'NONE', ( #1742 ), #1479, .F. ) ;
#1179 = CARTESIAN_POINT ( 'NONE',  ( 44.75416445749165462, -47.47153714672292324, 15.50000000000000000 ) ) ;
#1180 = DIRECTION ( 'NONE',  ( 0.000000000000000000, 0.000000000000000000, 1.000000000000000000 ) ) ;
#1181 = EDGE_CURVE ( 'NONE', #3780, #409, #2911, .T. ) ;
#1182 = VERTEX_POINT ( 'NONE', #3505 ) ;
#1183 = VERTEX_POINT ( 'NONE', #3219 ) ;
#1184 = DIRECTION ( 'NONE',  ( 0.000000000000000000, 0.000000000000000000, -1.000000000000000000 ) ) ;
#1185 = CARTESIAN_POINT ( 'NONE',  ( -52.29583554250811517, -42.81322866661731297, 16.50000000000000000 ) ) ;
#1186 = EDGE_LOOP ( 'NONE', ( #2721, #2107, #2390, #372, #323, #3730, #2046, #2524, #1595, #3634, #53, #121, #71, #2997, #2659 ) ) ;
#1187 = EDGE_CURVE ( 'NONE', #622, #3739, #596, .T. ) ;
#1188 = PLANE ( 'NONE',  #1435 ) ;
#1189 = PLANE ( 'NONE',  #861 ) ;
#1190 = CARTESIAN_POINT ( 'NONE',  ( 54.25416445749178251, -44.81322866661731297, 25.39999999999999858 ) ) ;
#1191 = CARTESIAN_POINT ( 'NONE',  ( 44.75416445749165462, -54.00671723892492082, 15.50000000000000000 ) ) ;
#1192 = DIRECTION ( 'NONE',  ( -0.000000000000000000, -0.000000000000000000, 1.000000000000000000 ) ) ;
#1193 = ORIENTED_EDGE ( 'NONE', *, *, #3132, .F. ) ;
#1194 = VECTOR ( 'NONE', #2568, 1000.000000000000000 ) ;
#1195 = FACE_BOUND ( 'NONE', #1526, .T. ) ;
#1196 = CARTESIAN_POINT ( 'NONE',  ( -45.24583554250842354, -47.47153714672292324, 0.000000000000000000 ) ) ;
#1197 = CIRCLE ( 'NONE', #3148, 3.000000000000002665 ) ;
#1198 = ADVANCED_FACE ( 'NONE', ( #17, #1195 ), #907, .F. ) ;
#1199 = VERTEX_POINT ( 'NONE', #1496 ) ;
#1200 = ORIENTED_EDGE ( 'NONE', *, *, #3520, .F. ) ;
#1201 = CARTESIAN_POINT ( 'NONE',  ( 51.04779824383449238, -47.29996427146910065, 13.50000000000000178 ) ) ;
#1202 = CARTESIAN_POINT ( 'NONE',  ( -54.74583554250801143, -43.81322866661731297, 16.39999999999999858 ) ) ;
#1203 = VERTEX_POINT ( 'NONE', #2660 ) ;
#1204 = FACE_OUTER_BOUND ( 'NONE', #2041, .T. ) ;
#1205 = CARTESIAN_POINT ( 'NONE',  ( -55.24583554250801143, -17.14075662171384451, 25.39999999999999858 ) ) ;
#1206 = DIRECTION ( 'NONE',  ( 0.000000000000000000, 0.000000000000000000, 1.000000000000000000 ) ) ;
#1207 = CARTESIAN_POINT ( 'NONE',  ( 49.75416445749183936, -50.00671723892527609, 13.50000000000000178 ) ) ;
#1208 = DIRECTION ( 'NONE',  ( 0.000000000000000000, 1.000000000000000000, 0.000000000000000000 ) ) ;
#1209 = VERTEX_POINT ( 'NONE', #34 ) ;
#1210 = ADVANCED_FACE ( 'NONE', ( #3537 ), #410, .T. ) ;
#1211 = FACE_OUTER_BOUND ( 'NONE', #1220, .T. ) ;
#1212 = LINE ( 'NONE', #3560, #3712 ) ;
#1213 = LINE ( 'NONE', #658, #1271 ) ;
#1214 = VERTEX_POINT ( 'NONE', #3015 ) ;
#1215 = ADVANCED_FACE ( 'NONE', ( #714, #1024 ), #392, .T. ) ;
#1216 = ORIENTED_EDGE ( 'NONE', *, *, #66, .F. ) ;
#1217 = ORIENTED_EDGE ( 'NONE', *, *, #3132, .T. ) ;
#1218 = CARTESIAN_POINT ( 'NONE',  ( 51.80416445749187915, 22.98677133338268064, 24.39999999999999858 ) ) ;
#1219 = DIRECTION ( 'NONE',  ( 0.000000000000000000, -1.000000000000000000, 0.000000000000000000 ) ) ;
#1220 = EDGE_LOOP ( 'NONE', ( #2269, #188, #1540, #1217, #600, #2664, #2558, #2517, #1230, #1111, #1691, #1800 ) ) ;
#1221 = EDGE_CURVE ( 'NONE', #3743, #665, #2126, .T. ) ;
#1222 = ORIENTED_EDGE ( 'NONE', *, *, #3050, .T. ) ;
#1223 = DIRECTION ( 'NONE',  ( 0.000000000000000000, -0.000000000000000000, 1.000000000000000000 ) ) ;
#1224 = CARTESIAN_POINT ( 'NONE',  ( -46.11511079442895067, 53.69122662818232072, 16.50000000000000000 ) ) ;
#1225 = VECTOR ( 'NONE', #2658, 1000.000000000000000 ) ;
#1226 = AXIS2_PLACEMENT_3D ( 'NONE', #1825, #2359, #912 ) ;
#1227 = LINE ( 'NONE', #573, #2766 ) ;
#1228 = DIRECTION ( 'NONE',  ( -0.000000000000000000, -0.000000000000000000, -1.000000000000000000 ) ) ;
#1229 = CARTESIAN_POINT ( 'NONE',  ( 54.25416445749178251, -44.81322866661731297, 16.39999999999999858 ) ) ;
#1230 = ORIENTED_EDGE ( 'NONE', *, *, #2595, .F. ) ;
#1231 = PLANE ( 'NONE',  #3313 ) ;
#1232 = FACE_OUTER_BOUND ( 'NONE', #3199, .T. ) ;
#1233 = DIRECTION ( 'NONE',  ( 1.000000000000000000, 0.000000000000000000, 0.000000000000000000 ) ) ;
#1234 = ORIENTED_EDGE ( 'NONE', *, *, #1131, .F. ) ;
#1235 = ORIENTED_EDGE ( 'NONE', *, *, #265, .F. ) ;
#1236 = ORIENTED_EDGE ( 'NONE', *, *, #3764, .T. ) ;
#1237 = FACE_OUTER_BOUND ( 'NONE', #3333, .T. ) ;
#1238 = DIRECTION ( 'NONE',  ( -0.000000000000000000, 1.000000000000000000, -0.000000000000000000 ) ) ;
#1239 = EDGE_CURVE ( 'NONE', #1501, #421, #3580, .T. ) ;
#1240 = VERTEX_POINT ( 'NONE', #2202 ) ;
#1241 = ORIENTED_EDGE ( 'NONE', *, *, #2521, .F. ) ;
#1242 = AXIS2_PLACEMENT_3D ( 'NONE', #1868, #2781, #1360 ) ;
#1243 = ADVANCED_FACE ( 'NONE', ( #2755 ), #369, .F. ) ;
#1244 = CARTESIAN_POINT ( 'NONE',  ( -50.74246647961002310, -47.04554647314245130, 14.04121479244550308 ) ) ;
#1245 = PLANE ( 'NONE',  #1358 ) ;
#1246 = EDGE_LOOP ( 'NONE', ( #284, #201, #2426, #134 ) ) ;
#1247 = VECTOR ( 'NONE', #1739, 1000.000000000000000 ) ;
#1248 = PLANE ( 'NONE',  #3466 ) ;
#1249 = DIRECTION ( 'NONE',  ( 1.000000000000000000, -1.008560160451632221E-16, 0.000000000000000000 ) ) ;
#1250 = LINE ( 'NONE', #2410, #1494 ) ;
#1251 = CARTESIAN_POINT ( 'NONE',  ( 54.25416445749178962, -43.81322866661731297, 25.39999999999999858 ) ) ;
#1252 = DIRECTION ( 'NONE',  ( 0.000000000000000000, -1.000000000000000000, 0.000000000000000000 ) ) ;
#1253 = ORIENTED_EDGE ( 'NONE', *, *, #701, .F. ) ;
#1254 = ORIENTED_EDGE ( 'NONE', *, *, #3229, .T. ) ;
#1255 = DIRECTION ( 'NONE',  ( 1.000000000000000000, 0.000000000000000000, 0.000000000000000000 ) ) ;
#1256 = VECTOR ( 'NONE', #3172, 1000.000000000000000 ) ;
#1257 = PLANE ( 'NONE',  #738 ) ;
#1258 = VERTEX_POINT ( 'NONE', #1579 ) ;
#1259 =( GEOMETRIC_REPRESENTATION_CONTEXT ( 3 ) GLOBAL_UNCERTAINTY_ASSIGNED_CONTEXT ( ( #3693 ) ) GLOBAL_UNIT_ASSIGNED_CONTEXT ( ( #2446, #116, #1036 ) ) REPRESENTATION_CONTEXT ( 'NONE', 'WORKASPACE' ) );
#1260 = VECTOR ( 'NONE', #3254, 1000.000000000000000 ) ;
#1261 = ORIENTED_EDGE ( 'NONE', *, *, #2246, .T. ) ;
#1262 = DIRECTION ( 'NONE',  ( 0.000000000000000000, -0.000000000000000000, -1.000000000000000000 ) ) ;
#1263 = CARTESIAN_POINT ( 'NONE',  ( 46.56782669468441327, 40.24936940190593759, 15.50000000000000000 ) ) ;
#1264 = VERTEX_POINT ( 'NONE', #1613 ) ;
#1265 = ADVANCED_FACE ( 'NONE', ( #1596 ), #143, .T. ) ;
#1266 = CIRCLE ( 'NONE', #3464, 1.600000000000129097 ) ;
#1267 = DIRECTION ( 'NONE',  ( 0.000000000000000000, -1.000000000000000000, 0.000000000000000000 ) ) ;
#1268 = DIRECTION ( 'NONE',  ( -2.420054292158815258E-16, 1.000000000000000000, -0.000000000000000000 ) ) ;
#1269 = CARTESIAN_POINT ( 'NONE',  ( 40.07736335792299798, -44.47153714672325009, 16.50000000000000000 ) ) ;
#1270 = ORIENTED_EDGE ( 'NONE', *, *, #2403, .T. ) ;
#1271 = VECTOR ( 'NONE', #3017, 1000.000000000000000 ) ;
#1272 = VECTOR ( 'NONE', #3087, 1000.000000000000000 ) ;
#1273 = DIRECTION ( 'NONE',  ( 0.000000000000000000, 0.000000000000000000, -1.000000000000000000 ) ) ;
#1274 = LINE ( 'NONE', #2453, #2556 ) ;
#1275 = PLANE ( 'NONE',  #1145 ) ;
#1276 = ORIENTED_EDGE ( 'NONE', *, *, #3208, .T. ) ;
#1277 = ORIENTED_EDGE ( 'NONE', *, *, #487, .F. ) ;
#1278 = DIRECTION ( 'NONE',  ( -1.000000000000000000, 0.000000000000000000, 0.000000000000000000 ) ) ;
#1279 = FACE_OUTER_BOUND ( 'NONE', #154, .T. ) ;
#1280 = ORIENTED_EDGE ( 'NONE', *, *, #2999, .T. ) ;
#1281 = EDGE_CURVE ( 'NONE', #1729, #3658, #1536, .T. ) ;
#1282 = VERTEX_POINT ( 'NONE', #732 ) ;
#1283 = DIRECTION ( 'NONE',  ( -0.000000000000000000, -0.000000000000000000, -1.000000000000000000 ) ) ;
#1284 = EDGE_CURVE ( 'NONE', #1604, #1287, #2492, .T. ) ;
#1285 = LINE ( 'NONE', #2466, #1985 ) ;
#1286 = DIRECTION ( 'NONE',  ( -1.000000000000000000, 0.000000000000000000, 0.000000000000000000 ) ) ;
#1287 = VERTEX_POINT ( 'NONE', #1861 ) ;
#1288 = CARTESIAN_POINT ( 'NONE',  ( -48.82135845653287731, -0.2814024194033684645, 15.50000000000000000 ) ) ;
#1289 = CARTESIAN_POINT ( 'NONE',  ( 44.75416445749132777, -44.47153714672291613, 15.50000000000000000 ) ) ;
#1290 = VECTOR ( 'NONE', #1981, 1000.000000000000000 ) ;
#1291 = VERTEX_POINT ( 'NONE', #2452 ) ;
#1292 = EDGE_CURVE ( 'NONE', #1807, #61, #1004, .T. ) ;
#1293 = EDGE_CURVE ( 'NONE', #1423, #1631, #2165, .T. ) ;
#1294 = CARTESIAN_POINT ( 'NONE',  ( -43.56903444293924110, 50.69122662818232072, 16.50000000000000000 ) ) ;
#1295 = DIRECTION ( 'NONE',  ( -1.000000000000000000, -0.000000000000000000, -0.000000000000000000 ) ) ;
#1296 = FACE_OUTER_BOUND ( 'NONE', #258, .T. ) ;
#1297 = CARTESIAN_POINT ( 'NONE',  ( 45.10177745681843930, 49.99328276107517866, 0.000000000000000000 ) ) ;
#1298 = EDGE_CURVE ( 'NONE', #216, #3337, #3147, .T. ) ;
#1299 = ORIENTED_EDGE ( 'NONE', *, *, #2852, .F. ) ;
#1300 = VERTEX_POINT ( 'NONE', #3659 ) ;
#1301 = EDGE_CURVE ( 'NONE', #2725, #296, #2288, .T. ) ;
#1302 = CARTESIAN_POINT ( 'NONE',  ( 46.70177745681856862, 49.99328276107517866, 0.000000000000000000 ) ) ;
#1303 = DIRECTION ( 'NONE',  ( 0.000000000000000000, -0.000000000000000000, 1.000000000000000000 ) ) ;
#1304 = EDGE_LOOP ( 'NONE', ( #250, #2777, #1922, #3293, #1462, #3308 ) ) ;
#1305 = ORIENTED_EDGE ( 'NONE', *, *, #429, .T. ) ;
#1306 = CARTESIAN_POINT ( 'NONE',  ( 52.95416445749187062, 24.08677133338269627, 24.39999999999999858 ) ) ;
#1307 = CARTESIAN_POINT ( 'NONE',  ( -45.59344854183516560, 49.99328276107484470, 13.50000000000000178 ) ) ;
#1308 = VECTOR ( 'NONE', #602, 1000.000000000000000 ) ;
#1309 = ORIENTED_EDGE ( 'NONE', *, *, #2749, .T. ) ;
#1310 = AXIS2_PLACEMENT_3D ( 'NONE', #3196, #886, #29 ) ;
#1311 = FACE_OUTER_BOUND ( 'NONE', #910, .T. ) ;
#1312 = CARTESIAN_POINT ( 'NONE',  ( -40.56903444293924110, 33.42328432035499475, 15.50000000000000000 ) ) ;
#1313 = EDGE_LOOP ( 'NONE', ( #1813, #4, #197, #1886 ) ) ;
#1314 = CARTESIAN_POINT ( 'NONE',  ( 51.80416445749187915, -43.81322866661731297, 19.00000000000000000 ) ) ;
#1315 = CARTESIAN_POINT ( 'NONE',  ( -53.24583554250806117, -50.00671723892527609, 13.50000000000000178 ) ) ;
#1316 = LINE ( 'NONE', #1354, #3592 ) ;
#1317 = CARTESIAN_POINT ( 'NONE',  ( 44.75416445749165462, -44.47153714672291613, 12.50000000000000000 ) ) ;
#1318 = ORIENTED_EDGE ( 'NONE', *, *, #2522, .T. ) ;
#1319 = ORIENTED_EDGE ( 'NONE', *, *, #1547, .F. ) ;
#1320 = CARTESIAN_POINT ( 'NONE',  ( -53.44583554250814217, 24.08677133338269627, 24.39999999999999858 ) ) ;
#1321 = LINE ( 'NONE', #2482, #564 ) ;
#1322 = AXIS2_PLACEMENT_3D ( 'NONE', #3160, #1373, #2853 ) ;
#1323 = AXIS2_PLACEMENT_3D ( 'NONE', #3732, #1386, #3105 ) ;
#1324 = VERTEX_POINT ( 'NONE', #3357 ) ;
#1325 = DIRECTION ( 'NONE',  ( -1.000000000000000000, 0.000000000000000000, 0.000000000000000000 ) ) ;
#1326 = CARTESIAN_POINT ( 'NONE',  ( 0.000000000000000000, 0.000000000000000000, 25.39999999999999858 ) ) ;
#1327 = AXIS2_PLACEMENT_3D ( 'NONE', #1636, #2799, #1863 ) ;
#1328 = LINE ( 'NONE', #1894, #1869 ) ;
#1329 = CARTESIAN_POINT ( 'NONE',  ( 51.75416445749164751, -54.00671723892492082, 0.000000000000000000 ) ) ;
#1330 = ORIENTED_EDGE ( 'NONE', *, *, #42, .F. ) ;
#1331 = AXIS2_PLACEMENT_3D ( 'NONE', #3311, #1510, #2693 ) ;
#1332 = CARTESIAN_POINT ( 'NONE',  ( -40.56903444293924110, -44.47153714672325009, 16.39999999999999858 ) ) ;
#1333 = LINE ( 'NONE', #676, #2245 ) ;
#1334 = DIRECTION ( 'NONE',  ( 0.000000000000000000, -0.000000000000000000, 1.000000000000000000 ) ) ;
#1335 = DIRECTION ( 'NONE',  ( 4.625929269271481378E-15, -1.000000000000000000, 0.000000000000000000 ) ) ;
#1336 = VERTEX_POINT ( 'NONE', #1332 ) ;
#1337 = VECTOR ( 'NONE', #2166, 1000.000000000000000 ) ;
#1338 = ORIENTED_EDGE ( 'NONE', *, *, #2332, .F. ) ;
#1339 = VECTOR ( 'NONE', #1375, 1000.000000000000000 ) ;
#1340 = CARTESIAN_POINT ( 'NONE',  ( 52.95416445749187773, -45.81322866661731297, 24.39999999999999858 ) ) ;
#1341 = CYLINDRICAL_SURFACE ( 'NONE', #1608, 3.000000000000002665 ) ;
#1342 = ORIENTED_EDGE ( 'NONE', *, *, #2408, .T. ) ;
#1343 = CARTESIAN_POINT ( 'NONE',  ( 52.95416445749188483, -43.91322866661730018, 24.39999999999999858 ) ) ;
#1344 = ADVANCED_FACE ( 'NONE', ( #2433, #967 ), #3343, .F. ) ;
#1345 = ORIENTED_EDGE ( 'NONE', *, *, #731, .T. ) ;
#1346 = CARTESIAN_POINT ( 'NONE',  ( 0.000000000000000000, -43.81322866661731297, 19.00000000000000000 ) ) ;
#1347 = EDGE_CURVE ( 'NONE', #1182, #1417, #1250, .T. ) ;
#1348 = DIRECTION ( 'NONE',  ( 0.000000000000000000, -1.000000000000000000, 0.000000000000000000 ) ) ;
#1349 = DIRECTION ( 'NONE',  ( -1.000000000000000000, 0.000000000000000000, 0.000000000000000000 ) ) ;
#1350 = VERTEX_POINT ( 'NONE', #3033 ) ;
#1351 = FACE_OUTER_BOUND ( 'NONE', #2897, .T. ) ;
#1352 = CYLINDRICAL_SURFACE ( 'NONE', #1639, 1.599999999999997202 ) ;
#1353 = ADVANCED_FACE ( 'NONE', ( #2817 ), #2240, .T. ) ;
#1354 = CARTESIAN_POINT ( 'NONE',  ( 48.32970370667620585, -0.2785685596946779197, 16.50000000000000000 ) ) ;
#1355 = LINE ( 'NONE', #1654, #3103 ) ;
#1356 = ORIENTED_EDGE ( 'NONE', *, *, #1103, .F. ) ;
#1357 = VECTOR ( 'NONE', #2674, 1000.000000000000000 ) ;
#1358 = AXIS2_PLACEMENT_3D ( 'NONE', #359, #957, #3294 ) ;
#1359 = VERTEX_POINT ( 'NONE', #1420 ) ;
#1360 = DIRECTION ( 'NONE',  ( -1.000000000000000000, 0.000000000000000000, 0.000000000000000000 ) ) ;
#1361 = FACE_OUTER_BOUND ( 'NONE', #1997, .T. ) ;
#1362 = ORIENTED_EDGE ( 'NONE', *, *, #2733, .T. ) ;
#1363 = CARTESIAN_POINT ( 'NONE',  ( -55.24583554250801143, -17.14075662171384451, 16.50000000000000000 ) ) ;
#1364 = ORIENTED_EDGE ( 'NONE', *, *, #3118, .T. ) ;
#1365 = AXIS2_PLACEMENT_3D ( 'NONE', #3604, #3070, #448 ) ;
#1366 = EDGE_CURVE ( 'NONE', #3525, #1282, #2587, .T. ) ;
#1367 = EDGE_CURVE ( 'NONE', #2826, #1982, #2870, .T. ) ;
#1368 = CARTESIAN_POINT ( 'NONE',  ( -55.24583554250802564, 25.98677133338267353, 25.39999999999999858 ) ) ;
#1369 = EDGE_CURVE ( 'NONE', #1291, #1121, #183, .T. ) ;
#1370 = AXIS2_PLACEMENT_3D ( 'NONE', #2519, #1644, #438 ) ;
#1371 = LINE ( 'NONE', #2218, #2292 ) ;
#1372 = VERTEX_POINT ( 'NONE', #1097 ) ;
#1373 = DIRECTION ( 'NONE',  ( -0.000000000000000000, 0.000000000000000000, 1.000000000000000000 ) ) ;
#1374 = VECTOR ( 'NONE', #1844, 1000.000000000000000 ) ;
#1375 = DIRECTION ( 'NONE',  ( 0.000000000000000000, -1.000000000000000000, 0.000000000000000000 ) ) ;
#1376 = FACE_OUTER_BOUND ( 'NONE', #793, .T. ) ;
#1377 = ORIENTED_EDGE ( 'NONE', *, *, #1221, .T. ) ;
#1378 = ORIENTED_EDGE ( 'NONE', *, *, #2555, .T. ) ;
#1379 = DIRECTION ( 'NONE',  ( -0.000000000000000000, -0.000000000000000000, -1.000000000000000000 ) ) ;
#1380 = CARTESIAN_POINT ( 'NONE',  ( -52.29583554250810806, -45.81322866661731297, 24.39999999999999858 ) ) ;
#1381 = ORIENTED_EDGE ( 'NONE', *, *, #2125, .F. ) ;
#1382 = CARTESIAN_POINT ( 'NONE',  ( -40.56903444293924110, -44.47153714672325009, 15.50000000000000000 ) ) ;
#1383 = ORIENTED_EDGE ( 'NONE', *, *, #193, .T. ) ;
#1384 = EDGE_CURVE ( 'NONE', #409, #2338, #2277, .T. ) ;
#1385 = VECTOR ( 'NONE', #2216, 999.9999999999998863 ) ;
#1386 = DIRECTION ( 'NONE',  ( 1.273191542001328782E-16, -1.000000000000000000, 0.000000000000000000 ) ) ;
#1387 = DIRECTION ( 'NONE',  ( 1.000000000000000000, 0.000000000000000000, 0.000000000000000000 ) ) ;
#1388 = ORIENTED_EDGE ( 'NONE', *, *, #1836, .T. ) ;
#1389 = EDGE_CURVE ( 'NONE', #3218, #3525, #3338, .T. ) ;
#1390 = DIRECTION ( 'NONE',  ( 1.000000000000000000, 0.000000000000000000, 0.000000000000000000 ) ) ;
#1391 = DIRECTION ( 'NONE',  ( 1.000000000000000000, 0.000000000000000000, 0.000000000000000000 ) ) ;
#1392 = DIRECTION ( 'NONE',  ( 1.000000000000000000, 0.000000000000000000, 0.000000000000000000 ) ) ;
#1393 = EDGE_LOOP ( 'NONE', ( #994, #1072, #2890, #1216, #649, #3379, #566, #2136, #3169, #3043, #926, #2908, #3427, #3210, #3378, #844, #2956, #2322, #2232, #742, #2578, #1277 ) ) ;
#1394 = ORIENTED_EDGE ( 'NONE', *, *, #161, .F. ) ;
#1395 = CARTESIAN_POINT ( 'NONE',  ( -50.24583554250805406, -50.00671723892527609, 13.50000000000000178 ) ) ;
#1396 = DIRECTION ( 'NONE',  ( 0.000000000000000000, 0.000000000000000000, -1.000000000000000000 ) ) ;
#1397 = ORIENTED_EDGE ( 'NONE', *, *, #2176, .T. ) ;
#1398 = CARTESIAN_POINT ( 'NONE',  ( 52.95416445749187773, -45.81322866661731297, 19.00000000000000000 ) ) ;
#1399 = ORIENTED_EDGE ( 'NONE', *, *, #499, .F. ) ;
#1400 = EDGE_CURVE ( 'NONE', #3630, #3616, #3412, .T. ) ;
#1401 = DIRECTION ( 'NONE',  ( 0.000000000000000000, -1.000000000000000000, 0.000000000000000000 ) ) ;
#1402 = DIRECTION ( 'NONE',  ( 1.000000000000000000, 0.000000000000000000, 0.000000000000000000 ) ) ;
#1403 = ORIENTED_EDGE ( 'NONE', *, *, #122, .T. ) ;
#1404 = PLANE ( 'NONE',  #157 ) ;
#1405 = LINE ( 'NONE', #2906, #3710 ) ;
#1406 = CARTESIAN_POINT ( 'NONE',  ( -18.04583554250812583, 23.98677133338268064, 16.50000000000000000 ) ) ;
#1407 = VERTEX_POINT ( 'NONE', #523 ) ;
#1408 = VERTEX_POINT ( 'NONE', #3735 ) ;
#1409 = DIRECTION ( 'NONE',  ( 1.000000000000000000, 0.000000000000000000, 0.000000000000000000 ) ) ;
#1410 = LINE ( 'NONE', #1445, #3438 ) ;
#1411 = ADVANCED_FACE ( 'NONE', ( #2512 ), #541, .F. ) ;
#1412 = CIRCLE ( 'NONE', #2815, 3.000000000000002665 ) ;
#1413 = EDGE_CURVE ( 'NONE', #679, #1501, #3468, .T. ) ;
#1414 = VERTEX_POINT ( 'NONE', #1952 ) ;
#1415 = ORIENTED_EDGE ( 'NONE', *, *, #3785, .F. ) ;
#1416 = CARTESIAN_POINT ( 'NONE',  ( 45.10177745681843930, 49.99328276107517866, 16.50000000000000000 ) ) ;
#1417 = VERTEX_POINT ( 'NONE', #1115 ) ;
#1418 = FACE_OUTER_BOUND ( 'NONE', #1450, .T. ) ;
#1419 = FACE_OUTER_BOUND ( 'NONE', #1313, .T. ) ;
#1420 = CARTESIAN_POINT ( 'NONE',  ( -52.29583554250811517, -17.14075662171384451, 24.39999999999999858 ) ) ;
#1421 = DIRECTION ( 'NONE',  ( -0.000000000000000000, -0.000000000000000000, -1.000000000000000000 ) ) ;
#1422 = LINE ( 'NONE', #1438, #3552 ) ;
#1423 = VERTEX_POINT ( 'NONE', #203 ) ;
#1424 = EDGE_LOOP ( 'NONE', ( #2135, #1319, #3547, #1673 ) ) ;
#1425 = DIRECTION ( 'NONE',  ( 0.000000000000000000, 0.000000000000000000, -1.000000000000000000 ) ) ;
#1426 = CARTESIAN_POINT ( 'NONE',  ( -43.56903444293924110, 50.69122662818232072, 0.000000000000000000 ) ) ;
#1427 = ADVANCED_FACE ( 'NONE', ( #1351 ), #3086, .F. ) ;
#1428 = EDGE_CURVE ( 'NONE', #1240, #991, #2260, .T. ) ;
#1429 = ORIENTED_EDGE ( 'NONE', *, *, #390, .T. ) ;
#1430 = ORIENTED_EDGE ( 'NONE', *, *, #2124, .F. ) ;
#1431 = CARTESIAN_POINT ( 'NONE',  ( 51.80416445749187915, -44.81322866661731297, 25.39999999999999858 ) ) ;
#1432 = ORIENTED_EDGE ( 'NONE', *, *, #1474, .F. ) ;
#1433 = LINE ( 'NONE', #791, #3091 ) ;
#1434 = DIRECTION ( 'NONE',  ( 1.000000000000000000, 0.000000000000000000, 0.000000000000000000 ) ) ;
#1435 = AXIS2_PLACEMENT_3D ( 'NONE', #3530, #2939, #2400 ) ;
#1436 = DIRECTION ( 'NONE',  ( -0.000000000000000000, -0.000000000000000000, -1.000000000000000000 ) ) ;
#1437 = CARTESIAN_POINT ( 'NONE',  ( 51.80416445749187204, -45.81322866661731297, 25.39999999999999858 ) ) ;
#1438 = CARTESIAN_POINT ( 'NONE',  ( -55.24583554250840933, -47.47153714672292324, 0.000000000000000000 ) ) ;
#1439 = ORIENTED_EDGE ( 'NONE', *, *, #3118, .F. ) ;
#1440 = VECTOR ( 'NONE', #1042, 1000.000000000000000 ) ;
#1441 = AXIS2_PLACEMENT_3D ( 'NONE', #464, #504, #2509 ) ;
#1442 = ADVANCED_FACE ( 'NONE', ( #3428 ), #2535, .F. ) ;
#1443 = CARTESIAN_POINT ( 'NONE',  ( 0.000000000000000000, 0.000000000000000000, 19.00000000000000000 ) ) ;
#1444 = EDGE_CURVE ( 'NONE', #620, #3262, #507, .T. ) ;
#1445 = CARTESIAN_POINT ( 'NONE',  ( 51.80416445749187915, 22.98677133338268064, 24.39999999999999858 ) ) ;
#1446 = ORIENTED_EDGE ( 'NONE', *, *, #3462, .F. ) ;
#1447 = EDGE_LOOP ( 'NONE', ( #3548, #3093, #1932, #613 ) ) ;
#1448 = AXIS2_PLACEMENT_3D ( 'NONE', #2105, #1821, #1233 ) ;
#1449 = FACE_OUTER_BOUND ( 'NONE', #385, .T. ) ;
#1450 = EDGE_LOOP ( 'NONE', ( #3459, #415, #1222, #2732, #2268, #3227, #1641, #2259, #749, #1965 ) ) ;
#1451 = VECTOR ( 'NONE', #2242, 1000.000000000000000 ) ;
#1452 = CIRCLE ( 'NONE', #3588, 3.000000000000002665 ) ;
#1453 = ADVANCED_FACE ( 'NONE', ( #1062, #2222, #794 ), #1404, .T. ) ;
#1454 = EDGE_CURVE ( 'NONE', #1092, #666, #1972, .T. ) ;
#1455 = AXIS2_PLACEMENT_3D ( 'NONE', #1191, #919, #2349 ) ;
#1456 = EDGE_CURVE ( 'NONE', #1324, #114, #2074, .T. ) ;
#1457 = CARTESIAN_POINT ( 'NONE',  ( -51.39351688863535372, -47.23020947295891858, 13.69729636418739815 ) ) ;
#1458 = CARTESIAN_POINT ( 'NONE',  ( 52.95416445749188483, -43.81322866661731297, 24.39999999999999858 ) ) ;
#1459 = ADVANCED_FACE ( 'NONE', ( #917 ), #2963, .T. ) ;
#1460 = CARTESIAN_POINT ( 'NONE',  ( 45.10177745681843930, 49.99328276107517866, 13.50000000000000178 ) ) ;
#1461 = DIRECTION ( 'NONE',  ( 0.005763824543393073450, -0.9999833890253542190, 0.000000000000000000 ) ) ;
#1462 = ORIENTED_EDGE ( 'NONE', *, *, #2190, .F. ) ;
#1463 = CARTESIAN_POINT ( 'NONE',  ( 51.80416445749187915, 22.98677133338268064, 25.39999999999999858 ) ) ;
#1464 = EDGE_CURVE ( 'NONE', #3558, #1016, #623, .T. ) ;
#1465 = LINE ( 'NONE', #2948, #33 ) ;
#1466 = VERTEX_POINT ( 'NONE', #865 ) ;
#1467 = VERTEX_POINT ( 'NONE', #2657 ) ;
#1468 = CARTESIAN_POINT ( 'NONE',  ( -53.44583554250814217, 24.08677133338269627, 24.39999999999999858 ) ) ;
#1469 = LINE ( 'NONE', #2937, #1719 ) ;
#1470 = ORIENTED_EDGE ( 'NONE', *, *, #1547, .T. ) ;
#1471 = AXIS2_PLACEMENT_3D ( 'NONE', #2328, #2621, #3782 ) ;
#1472 = CARTESIAN_POINT ( 'NONE',  ( -51.19880225901441406, -47.15275691480530895, 13.85073434123701830 ) ) ;
#1473 = CARTESIAN_POINT ( 'NONE',  ( -43.56903444293924110, 53.69122662818232072, 0.000000000000000000 ) ) ;
#1474 = EDGE_CURVE ( 'NONE', #1102, #61, #2364, .T. ) ;
#1475 = DIRECTION ( 'NONE',  ( -1.000000000000000000, 0.000000000000000000, 0.000000000000000000 ) ) ;
#1476 = EDGE_CURVE ( 'NONE', #187, #2561, #2003, .T. ) ;
#1477 = CARTESIAN_POINT ( 'NONE',  ( -53.44583554250814217, 24.08677133338269627, 19.00000000000000000 ) ) ;
#1478 = ORIENTED_EDGE ( 'NONE', *, *, #1893, .F. ) ;
#1479 = PLANE ( 'NONE',  #506 ) ;
#1480 = CARTESIAN_POINT ( 'NONE',  ( 51.80416445749187204, -45.81322866661731297, 25.39999999999999858 ) ) ;
#1481 = VECTOR ( 'NONE', #3473, 1000.000000000000000 ) ;
#1482 = ORIENTED_EDGE ( 'NONE', *, *, #3158, .T. ) ;
#1483 = VERTEX_POINT ( 'NONE', #13 ) ;
#1484 = CARTESIAN_POINT ( 'NONE',  ( 49.75416445749166172, -50.00671723892491372, 13.50000000000000178 ) ) ;
#1485 = LINE ( 'NONE', #3226, #3536 ) ;
#1486 = ORIENTED_EDGE ( 'NONE', *, *, #747, .F. ) ;
#1487 = CARTESIAN_POINT ( 'NONE',  ( -50.37130515137255315, -47.00666607740913605, 14.10409516988317868 ) ) ;
#1488 = CARTESIAN_POINT ( 'NONE',  ( -53.44583554250813506, -43.91322866661730018, 24.39999999999999858 ) ) ;
#1489 = EDGE_CURVE ( 'NONE', #2177, #421, #1227, .T. ) ;
#1490 = DIRECTION ( 'NONE',  ( -1.000000000000000000, 0.000000000000000000, 0.000000000000000000 ) ) ;
#1491 = CARTESIAN_POINT ( 'NONE',  ( -52.29583554250811517, -17.14075662171384451, 24.39999999999999858 ) ) ;
#1492 = EDGE_CURVE ( 'NONE', #1417, #3120, #1737, .T. ) ;
#1493 = ORIENTED_EDGE ( 'NONE', *, *, #2253, .F. ) ;
#1494 = VECTOR ( 'NONE', #3299, 1000.000000000000000 ) ;
#1495 = AXIS2_PLACEMENT_3D ( 'NONE', #3671, #480, #1647 ) ;
#1496 = CARTESIAN_POINT ( 'NONE',  ( -53.44583554250814217, 8.439904173535021314, 19.00000000000000000 ) ) ;
#1497 = CARTESIAN_POINT ( 'NONE',  ( 40.07736335792299798, 0.000000000000000000, 15.50000000000000000 ) ) ;
#1498 = AXIS2_PLACEMENT_3D ( 'NONE', #3393, #3606, #1581 ) ;
#1499 = CARTESIAN_POINT ( 'NONE',  ( -45.24583554250842354, -47.47153714672292324, 12.50000000000000000 ) ) ;
#1500 = EDGE_CURVE ( 'NONE', #1291, #373, #1512, .T. ) ;
#1501 = VERTEX_POINT ( 'NONE', #1771 ) ;
#1502 = ORIENTED_EDGE ( 'NONE', *, *, #1730, .T. ) ;
#1503 = ORIENTED_EDGE ( 'NONE', *, *, #2180, .T. ) ;
#1504 = CARTESIAN_POINT ( 'NONE',  ( 48.80119774098545804, -47.15275691480530895, 13.85073434123701830 ) ) ;
#1505 = CARTESIAN_POINT ( 'NONE',  ( 17.55416445749187915, 23.98677133338268064, 16.50000000000000000 ) ) ;
#1506 = ORIENTED_EDGE ( 'NONE', *, *, #3633, .F. ) ;
#1507 = ORIENTED_EDGE ( 'NONE', *, *, #784, .F. ) ;
#1508 = DIRECTION ( 'NONE',  ( 1.054543146490460432E-16, 1.000000000000000000, 0.000000000000000000 ) ) ;
#1509 = AXIS2_PLACEMENT_3D ( 'NONE', #370, #2102, #1025 ) ;
#1510 = DIRECTION ( 'NONE',  ( -0.7428654483971853795, 0.6694407558385199186, 0.000000000000000000 ) ) ;
#1511 = ADVANCED_FACE ( 'NONE', ( #3502 ), #626, .F. ) ;
#1512 = LINE ( 'NONE', #49, #2945 ) ;
#1513 = CARTESIAN_POINT ( 'NONE',  ( 0.000000000000000000, -47.29996427146910065, 13.50000000000000178 ) ) ;
#1514 = DIRECTION ( 'NONE',  ( 1.000000000000000000, 0.000000000000000000, 0.000000000000000000 ) ) ;
#1515 = CARTESIAN_POINT ( 'NONE',  ( 40.09688572753680802, -44.81322866661731297, 16.50000000000000000 ) ) ;
#1516 = EDGE_LOOP ( 'NONE', ( #1362, #2441, #2847, #471 ) ) ;
#1517 = EDGE_CURVE ( 'NONE', #3761, #1291, #2622, .T. ) ;
#1518 = FACE_OUTER_BOUND ( 'NONE', #244, .T. ) ;
#1519 = LINE ( 'NONE', #1480, #2117 ) ;
#1520 = DIRECTION ( 'NONE',  ( -0.000000000000000000, -0.000000000000000000, -1.000000000000000000 ) ) ;
#1521 = ORIENTED_EDGE ( 'NONE', *, *, #379, .T. ) ;
#1522 = EDGE_LOOP ( 'NONE', ( #1234, #447, #2402, #3513, #168, #3738 ) ) ;
#1523 = ORIENTED_EDGE ( 'NONE', *, *, #1750, .F. ) ;
#1524 = FACE_OUTER_BOUND ( 'NONE', #3362, .T. ) ;
#1525 = CARTESIAN_POINT ( 'NONE',  ( -45.59344854183516560, 49.99328276107484470, 16.50000000000000000 ) ) ;
#1526 = EDGE_LOOP ( 'NONE', ( #2030, #532 ) ) ;
#1527 = ORIENTED_EDGE ( 'NONE', *, *, #2124, .T. ) ;
#1528 = CARTESIAN_POINT ( 'NONE',  ( -55.24583554250803985, -45.81322866661731297, 19.00000000000000000 ) ) ;
#1529 = CARTESIAN_POINT ( 'NONE',  ( 40.07736335792300508, 46.09831646395942784, 15.50000000000000000 ) ) ;
#1530 = VECTOR ( 'NONE', #1228, 1000.000000000000000 ) ;
#1531 = ORIENTED_EDGE ( 'NONE', *, *, #278, .F. ) ;
#1532 = AXIS2_PLACEMENT_3D ( 'NONE', #1416, #3762, #2324 ) ;
#1533 = CARTESIAN_POINT ( 'NONE',  ( -49.11511079442895777, 50.69122662818232072, 16.50000000000000000 ) ) ;
#1534 = SHAPE_DEFINITION_REPRESENTATION ( #3591, #2069 ) ;
#1535 = LINE ( 'NONE', #1491, #772 ) ;
#1536 = LINE ( 'NONE', #2717, #686 ) ;
#1537 = DIRECTION ( 'NONE',  ( 1.000000000000000000, 0.000000000000000000, 0.000000000000000000 ) ) ;
#1538 = CARTESIAN_POINT ( 'NONE',  ( -55.24583554250801143, -45.81322866661731297, 25.39999999999999858 ) ) ;
#1539 = VECTOR ( 'NONE', #985, 1000.000000000000000 ) ;
#1540 = ORIENTED_EDGE ( 'NONE', *, *, #1476, .F. ) ;
#1541 = ORIENTED_EDGE ( 'NONE', *, *, #1942, .T. ) ;
#1542 = CARTESIAN_POINT ( 'NONE',  ( 50.00698118628928057, -47.01481414679537352, 14.09142376709546696 ) ) ;
#1543 = DIRECTION ( 'NONE',  ( -0.000000000000000000, 1.000000000000000000, -0.000000000000000000 ) ) ;
#1544 = EDGE_CURVE ( 'NONE', #3080, #3510, #3079, .T. ) ;
#1545 = VECTOR ( 'NONE', #2193, 1000.000000000000000 ) ;
#1546 = ORIENTED_EDGE ( 'NONE', *, *, #2689, .F. ) ;
#1547 = EDGE_CURVE ( 'NONE', #1129, #409, #272, .T. ) ;
#1548 = EDGE_LOOP ( 'NONE', ( #787, #297, #3348, #2794 ) ) ;
#1549 = CARTESIAN_POINT ( 'NONE',  ( 48.10177745681895800, 49.99328276107484470, 13.50000000000000178 ) ) ;
#1550 = LINE ( 'NONE', #383, #287 ) ;
#1551 = CARTESIAN_POINT ( 'NONE',  ( -55.24583554250802564, 36.91058423569637625, 15.50000000000000000 ) ) ;
#1552 = CARTESIAN_POINT ( 'NONE',  ( -45.59344854183516560, 49.99328276107484470, 13.50000000000000178 ) ) ;
#1553 = DIRECTION ( 'NONE',  ( -1.000000000000000000, 0.000000000000000000, 0.000000000000000000 ) ) ;
#1554 = VERTEX_POINT ( 'NONE', #1190 ) ;
#1555 = DIRECTION ( 'NONE',  ( -0.000000000000000000, -0.000000000000000000, -1.000000000000000000 ) ) ;
#1556 = CARTESIAN_POINT ( 'NONE',  ( 44.75416445749132777, -51.00671723892491372, 16.50000000000000000 ) ) ;
#1557 = DIRECTION ( 'NONE',  ( -1.000000000000000000, 0.000000000000000000, 0.000000000000000000 ) ) ;
#1558 = VERTEX_POINT ( 'NONE', #2348 ) ;
#1559 = ADVANCED_FACE ( 'NONE', ( #319 ), #3784, .F. ) ;
#1560 = ADVANCED_FACE ( 'NONE', ( #2313 ), #903, .T. ) ;
#1561 = ORIENTED_EDGE ( 'NONE', *, *, #301, .F. ) ;
#1562 = CARTESIAN_POINT ( 'NONE',  ( 17.55416445749187915, 23.98677133338268064, 16.50000000000000000 ) ) ;
#1563 = AXIS2_PLACEMENT_3D ( 'NONE', #2344, #2071, #900 ) ;
#1564 = CARTESIAN_POINT ( 'NONE',  ( 51.80416445749187204, -45.81322866661731297, 24.39999999999999858 ) ) ;
#1565 = ORIENTED_EDGE ( 'NONE', *, *, #3783, .F. ) ;
#1566 = VERTEX_POINT ( 'NONE', #3532 ) ;
#1567 = CARTESIAN_POINT ( 'NONE',  ( -55.24583554250801143, -17.14075662171384451, 25.39999999999999858 ) ) ;
#1568 = CARTESIAN_POINT ( 'NONE',  ( -52.29583554250811517, 8.439904173535021314, 19.00000000000000000 ) ) ;
#1569 = EDGE_CURVE ( 'NONE', #2447, #380, #3216, .T. ) ;
#1570 = ORIENTED_EDGE ( 'NONE', *, *, #217, .F. ) ;
#1571 = EDGE_CURVE ( 'NONE', #1407, #3447, #2928, .T. ) ;
#1572 = EDGE_CURVE ( 'NONE', #1336, #2086, #2941, .T. ) ;
#1573 = CARTESIAN_POINT ( 'NONE',  ( 46.70177745681856862, 49.99328276107517866, 13.50000000000000178 ) ) ;
#1574 = LINE ( 'NONE', #3317, #954 ) ;
#1575 = ORIENTED_EDGE ( 'NONE', *, *, #1622, .F. ) ;
#1576 = ADVANCED_FACE ( 'NONE', ( #2096 ), #646, .F. ) ;
#1577 = AXIS2_PLACEMENT_3D ( 'NONE', #413, #394, #1557 ) ;
#1578 = AXIS2_PLACEMENT_3D ( 'NONE', #631, #1776, #295 ) ;
#1579 = CARTESIAN_POINT ( 'NONE',  ( -55.24583554250802564, 25.98677133338267353, 25.39999999999999858 ) ) ;
#1580 = CARTESIAN_POINT ( 'NONE',  ( 40.07736335792299798, -44.47153714672325009, 16.39999999999999858 ) ) ;
#1581 = DIRECTION ( 'NONE',  ( 1.000000000000000000, 0.000000000000000000, 0.000000000000000000 ) ) ;
#1582 = CARTESIAN_POINT ( 'NONE',  ( -50.24583554250805406, -50.00671723892527609, 13.50000000000000178 ) ) ;
#1583 = ORIENTED_EDGE ( 'NONE', *, *, #3204, .F. ) ;
#1584 = ORIENTED_EDGE ( 'NONE', *, *, #1920, .F. ) ;
#1585 = LINE ( 'NONE', #1562, #212 ) ;
#1586 = DIRECTION ( 'NONE',  ( -1.000000000000000000, 0.000000000000000000, 0.000000000000000000 ) ) ;
#1587 = VERTEX_POINT ( 'NONE', #2088 ) ;
#1588 = EDGE_LOOP ( 'NONE', ( #1860, #3048, #2549, #113, #687, #365, #311, #1565, #1114, #2896 ) ) ;
#1589 = LINE ( 'NONE', #1306, #3397 ) ;
#1590 = CARTESIAN_POINT ( 'NONE',  ( -40.56903444293924110, 33.42328432035499475, 16.50000000000000000 ) ) ;
#1591 = EDGE_LOOP ( 'NONE', ( #3415, #1162, #702, #2930 ) ) ;
#1592 = LINE ( 'NONE', #2751, #2900 ) ;
#1593 = FACE_OUTER_BOUND ( 'NONE', #3053, .T. ) ;
#1594 = VECTOR ( 'NONE', #1887, 1000.000000000000000 ) ;
#1595 = ORIENTED_EDGE ( 'NONE', *, *, #3229, .F. ) ;
#1596 = FACE_OUTER_BOUND ( 'NONE', #633, .T. ) ;
#1597 = DIRECTION ( 'NONE',  ( 0.000000000000000000, 1.000000000000000000, -0.000000000000000000 ) ) ;
#1598 = LINE ( 'NONE', #3035, #3274 ) ;
#1599 = LINE ( 'NONE', #775, #2554 ) ;
#1600 = ORIENTED_EDGE ( 'NONE', *, *, #1951, .F. ) ;
#1601 = ORIENTED_EDGE ( 'NONE', *, *, #659, .F. ) ;
#1602 = CARTESIAN_POINT ( 'NONE',  ( -18.04583554250812583, 23.98677133338268064, 16.50000000000000000 ) ) ;
#1603 = DIRECTION ( 'NONE',  ( -0.000000000000000000, -0.000000000000000000, 1.000000000000000000 ) ) ;
#1604 = VERTEX_POINT ( 'NONE', #312 ) ;
#1605 = VECTOR ( 'NONE', #1616, 1000.000000000000000 ) ;
#1606 = LINE ( 'NONE', #2768, #3342 ) ;
#1607 = SURFACE_SIDE_STYLE ('',( #1892 ) ) ;
#1608 = AXIS2_PLACEMENT_3D ( 'NONE', #3688, #741, #132 ) ;
#1609 = VECTOR ( 'NONE', #3631, 1000.000000000000000 ) ;
#1610 = LINE ( 'NONE', #1288, #1385 ) ;
#1611 = CARTESIAN_POINT ( 'NONE',  ( -49.06782004700505695, 42.47796574708650752, 16.50000000000000000 ) ) ;
#1612 = ORIENTED_EDGE ( 'NONE', *, *, #422, .T. ) ;
#1613 = CARTESIAN_POINT ( 'NONE',  ( 54.75416445749178251, 25.98677133338267353, 16.50000000000000000 ) ) ;
#1614 = CARTESIAN_POINT ( 'NONE',  ( -54.74583554250801143, -43.81322866661731297, 16.39999999999999858 ) ) ;
#1615 = LINE ( 'NONE', #3323, #2719 ) ;
#1616 = DIRECTION ( 'NONE',  ( 0.000000000000000000, 1.000000000000000000, 0.000000000000000000 ) ) ;
#1617 = EDGE_LOOP ( 'NONE', ( #3330, #761 ) ) ;
#1618 = EDGE_CURVE ( 'NONE', #2457, #679, #3511, .T. ) ;
#1619 = EDGE_LOOP ( 'NONE', ( #3356, #2546, #990, #2917 ) ) ;
#1620 = DIRECTION ( 'NONE',  ( 0.000000000000000000, 0.000000000000000000, 1.000000000000000000 ) ) ;
#1621 = CYLINDRICAL_SURFACE ( 'NONE', #316, 3.000000000000002665 ) ;
#1622 = EDGE_CURVE ( 'NONE', #395, #1300, #2528, .T. ) ;
#1623 = VECTOR ( 'NONE', #3029, 1000.000000000000000 ) ;
#1624 = ORIENTED_EDGE ( 'NONE', *, *, #936, .F. ) ;
#1625 = DIRECTION ( 'NONE',  ( 1.000000000000000000, 0.000000000000000000, -0.000000000000000000 ) ) ;
#1626 = LINE ( 'NONE', #3295, #1147 ) ;
#1627 = FACE_OUTER_BOUND ( 'NONE', #2511, .T. ) ;
#1628 = AXIS2_PLACEMENT_3D ( 'NONE', #2199, #3370, #3677 ) ;
#1629 = FACE_OUTER_BOUND ( 'NONE', #329, .T. ) ;
#1630 = DIRECTION ( 'NONE',  ( -1.000000000000000000, -0.000000000000000000, -0.000000000000000000 ) ) ;
#1631 = VERTEX_POINT ( 'NONE', #911 ) ;
#1632 = CIRCLE ( 'NONE', #3767, 1.600000000000129097 ) ;
#1633 = VECTOR ( 'NONE', #1267, 1000.000000000000000 ) ;
#1634 = CARTESIAN_POINT ( 'NONE',  ( 0.000000000000000000, 0.000000000000000000, 16.39999999999999858 ) ) ;
#1635 = DIRECTION ( 'NONE',  ( -0.000000000000000000, -0.000000000000000000, -1.000000000000000000 ) ) ;
#1636 = CARTESIAN_POINT ( 'NONE',  ( 49.75416445749166172, -50.00671723892491372, 15.50000000000000000 ) ) ;
#1637 = DIRECTION ( 'NONE',  ( -0.000000000000000000, 0.000000000000000000, 1.000000000000000000 ) ) ;
#1638 = VERTEX_POINT ( 'NONE', #2650 ) ;
#1639 = AXIS2_PLACEMENT_3D ( 'NONE', #3681, #1635, #2727 ) ;
#1640 = EDGE_CURVE ( 'NONE', #2711, #3524, #2442, .T. ) ;
#1641 = ORIENTED_EDGE ( 'NONE', *, *, #1014, .F. ) ;
#1642 = VECTOR ( 'NONE', #851, 1000.000000000000000 ) ;
#1643 = LINE ( 'NONE', #2133, #3748 ) ;
#1644 = DIRECTION ( 'NONE',  ( -0.000000000000000000, -0.000000000000000000, -1.000000000000000000 ) ) ;
#1645 = EDGE_CURVE ( 'NONE', #1975, #1554, #2357, .T. ) ;
#1646 = ORIENTED_EDGE ( 'NONE', *, *, #896, .F. ) ;
#1647 = DIRECTION ( 'NONE',  ( -1.000000000000000000, 0.000000000000000000, 0.000000000000000000 ) ) ;
#1648 = CARTESIAN_POINT ( 'NONE',  ( -52.29583554250811517, 8.439904173535021314, 25.39999999999999858 ) ) ;
#1649 = CARTESIAN_POINT ( 'NONE',  ( 48.57614896219996581, 42.47796574709749962, 15.50000000000000000 ) ) ;
#1650 = CARTESIAN_POINT ( 'NONE',  ( -43.56903444293924110, -47.47153714672325009, 15.50000000000000000 ) ) ;
#1651 = EDGE_LOOP ( 'NONE', ( #3755, #1318, #2014, #2859 ) ) ;
#1652 = DIRECTION ( 'NONE',  ( 0.000000000000000000, -1.000000000000000000, 0.000000000000000000 ) ) ;
#1653 = CARTESIAN_POINT ( 'NONE',  ( -52.29583554250811517, -17.14075662171384451, 25.39999999999999858 ) ) ;
#1654 = CARTESIAN_POINT ( 'NONE',  ( -49.06782004721672052, 42.47796574709749962, 12.50000000000000000 ) ) ;
#1655 = EDGE_LOOP ( 'NONE', ( #2691, #603, #942, #3188 ) ) ;
#1656 = VECTOR ( 'NONE', #2672, 1000.000000000000000 ) ;
#1657 = ORIENTED_EDGE ( 'NONE', *, *, #2927, .F. ) ;
#1658 = CARTESIAN_POINT ( 'NONE',  ( -46.11511079442895067, 50.69122662818232072, 16.50000000000000000 ) ) ;
#1659 = CARTESIAN_POINT ( 'NONE',  ( 0.000000000000000000, 0.000000000000000000, 19.00000000000000000 ) ) ;
#1660 = EDGE_LOOP ( 'NONE', ( #2281, #1583, #3235, #2087 ) ) ;
#1661 = CARTESIAN_POINT ( 'NONE',  ( -48.95220175616540104, -47.29996427146910065, 13.50000000000000178 ) ) ;
#1662 = EDGE_LOOP ( 'NONE', ( #93, #1657, #724, #3703, #492, #898, #1507, #3074 ) ) ;
#1663 = EDGE_CURVE ( 'NONE', #1992, #399, #3241, .T. ) ;
#1664 = AXIS2_PLACEMENT_3D ( 'NONE', #2080, #3774, #2947 ) ;
#1665 = CARTESIAN_POINT ( 'NONE',  ( 49.75416445749183936, -50.00671723892527609, 16.50000000000000000 ) ) ;
#1666 = VECTOR ( 'NONE', #3589, 1000.000000000000000 ) ;
#1667 = FACE_OUTER_BOUND ( 'NONE', #16, .T. ) ;
#1668 = ORIENTED_EDGE ( 'NONE', *, *, #405, .F. ) ;
#1669 = DIRECTION ( 'NONE',  ( -0.000000000000000000, 0.000000000000000000, 1.000000000000000000 ) ) ;
#1670 = CARTESIAN_POINT ( 'NONE',  ( 51.80416445749188625, -5.462972658831275763E-15, 19.00000000000000000 ) ) ;
#1671 = PLANE ( 'NONE',  #2707 ) ;
#1672 = ORIENTED_EDGE ( 'NONE', *, *, #1018, .F. ) ;
#1673 = ORIENTED_EDGE ( 'NONE', *, *, #1849, .T. ) ;
#1674 = CARTESIAN_POINT ( 'NONE',  ( 54.75416445749178251, 36.91058423569637625, 16.50000000000000000 ) ) ;
#1675 = CYLINDRICAL_SURFACE ( 'NONE', #2274, 1.600000000000004086 ) ;
#1676 = EDGE_CURVE ( 'NONE', #2946, #3701, #1781, .T. ) ;
#1677 = VERTEX_POINT ( 'NONE', #2666 ) ;
#1678 = CARTESIAN_POINT ( 'NONE',  ( -48.82135845653287731, -0.2814024194033684645, 16.50000000000000000 ) ) ;
#1679 = EDGE_LOOP ( 'NONE', ( #436, #3406, #495, #3620 ) ) ;
#1680 = VECTOR ( 'NONE', #3140, 1000.000000000000000 ) ;
#1681 = VECTOR ( 'NONE', #1268, 1000.000000000000000 ) ;
#1682 = LINE ( 'NONE', #2237, #2959 ) ;
#1683 = DIRECTION ( 'NONE',  ( 1.000000000000000000, -0.000000000000000000, -0.000000000000000000 ) ) ;
#1684 = ADVANCED_FACE ( 'NONE', ( #62 ), #41, .F. ) ;
#1685 = EDGE_LOOP ( 'NONE', ( #1432, #3287, #3013, #128, #65, #1843, #3284, #67 ) ) ;
#1686 = EDGE_CURVE ( 'NONE', #2785, #61, #928, .T. ) ;
#1687 = CARTESIAN_POINT ( 'NONE',  ( -45.59344854183516560, 49.99328276107484470, 13.50000000000000178 ) ) ;
#1688 = DIRECTION ( 'NONE',  ( 0.000000000000000000, 0.000000000000000000, 1.000000000000000000 ) ) ;
#1689 = CARTESIAN_POINT ( 'NONE',  ( 42.10177745681895090, 49.99328276107484470, 13.50000000000000178 ) ) ;
#1690 = ADVANCED_FACE ( 'NONE', ( #1524 ), #3288, .F. ) ;
#1691 = ORIENTED_EDGE ( 'NONE', *, *, #654, .F. ) ;
#1692 = ORIENTED_EDGE ( 'NONE', *, *, #1002, .T. ) ;
#1693 = PLANE ( 'NONE',  #2510 ) ;
#1694 = CARTESIAN_POINT ( 'NONE',  ( 52.95416445749188483, -44.81322866661731297, 24.39999999999999858 ) ) ;
#1695 = VERTEX_POINT ( 'NONE', #1468 ) ;
#1696 = VERTEX_POINT ( 'NONE', #2684 ) ;
#1697 = DIRECTION ( 'NONE',  ( 0.000000000000000000, 1.000000000000000000, -0.000000000000000000 ) ) ;
#1698 = ORIENTED_EDGE ( 'NONE', *, *, #2818, .T. ) ;
#1699 = DIRECTION ( 'NONE',  ( -1.000000000000000000, 0.000000000000000000, 0.000000000000000000 ) ) ;
#1700 = LINE ( 'NONE', #1458, #3307 ) ;
#1701 = ORIENTED_EDGE ( 'NONE', *, *, #1284, .T. ) ;
#1702 = DIRECTION ( 'NONE',  ( 0.6694407558385198076, 0.7428654483971853795, -0.000000000000000000 ) ) ;
#1703 = ADVANCED_FACE ( 'NONE', ( #1237 ), #2395, .T. ) ;
#1704 = DIRECTION ( 'NONE',  ( 1.000000000000000000, -1.054543146490460432E-16, 0.000000000000000000 ) ) ;
#1705 = CARTESIAN_POINT ( 'NONE',  ( 5.705582370810865668E-15, -44.81322866661732007, 24.39999999999999858 ) ) ;
#1706 = EDGE_LOOP ( 'NONE', ( #2934, #1711, #635, #2881 ) ) ;
#1707 = ORIENTED_EDGE ( 'NONE', *, *, #3298, .T. ) ;
#1708 = LINE ( 'NONE', #2593, #2748 ) ;
#1709 = LINE ( 'NONE', #3183, #1120 ) ;
#1710 = VECTOR ( 'NONE', #388, 1000.000000000000000 ) ;
#1711 = ORIENTED_EDGE ( 'NONE', *, *, #2759, .F. ) ;
#1712 = ORIENTED_EDGE ( 'NONE', *, *, #784, .T. ) ;
#1713 = DIRECTION ( 'NONE',  ( 1.000000000000000000, 0.000000000000000000, 0.000000000000000000 ) ) ;
#1714 = ORIENTED_EDGE ( 'NONE', *, *, #1726, .T. ) ;
#1715 = FACE_OUTER_BOUND ( 'NONE', #3152, .T. ) ;
#1716 = CARTESIAN_POINT ( 'NONE',  ( 0.000000000000000000, 53.69122662819303571, 16.50000000000000000 ) ) ;
#1717 = ADVANCED_FACE ( 'NONE', ( #1746, #2919 ), #298, .F. ) ;
#1718 = CARTESIAN_POINT ( 'NONE',  ( 54.25416445749178962, -43.81322866661731297, 16.39999999999999858 ) ) ;
#1719 = VECTOR ( 'NONE', #2705, 1000.000000000000000 ) ;
#1720 = DIRECTION ( 'NONE',  ( -0.000000000000000000, 1.000000000000000000, -0.000000000000000000 ) ) ;
#1721 = DIRECTION ( 'NONE',  ( 0.000000000000000000, -1.000000000000000000, 0.000000000000000000 ) ) ;
#1722 = ORIENTED_EDGE ( 'NONE', *, *, #1500, .T. ) ;
#1723 = AXIS2_PLACEMENT_3D ( 'NONE', #1171, #2329, #2020 ) ;
#1724 = DIRECTION ( 'NONE',  ( -1.000000000000000000, 0.000000000000000000, 0.000000000000000000 ) ) ;
#1725 = DIRECTION ( 'NONE',  ( -1.000000000000000000, 0.000000000000000000, 0.000000000000000000 ) ) ;
#1726 = EDGE_CURVE ( 'NONE', #1566, #2111, #2339, .T. ) ;
#1727 = AXIS2_PLACEMENT_3D ( 'NONE', #470, #3377, #755 ) ;
#1728 = ORIENTED_EDGE ( 'NONE', *, *, #1239, .F. ) ;
#1729 = VERTEX_POINT ( 'NONE', #758 ) ;
#1730 = EDGE_CURVE ( 'NONE', #1811, #2248, #450, .T. ) ;
#1731 = CARTESIAN_POINT ( 'NONE',  ( -50.24583554250805406, -50.00671723892527609, 13.50000000000000178 ) ) ;
#1732 = ORIENTED_EDGE ( 'NONE', *, *, #193, .F. ) ;
#1733 = ADVANCED_FACE ( 'NONE', ( #456, #3327 ), #2803, .F. ) ;
#1734 = CARTESIAN_POINT ( 'NONE',  ( -50.86308948838859578, -47.06863855721849177, 14.00280402579315364 ) ) ;
#1735 = DIRECTION ( 'NONE',  ( -0.000000000000000000, -0.000000000000000000, -1.000000000000000000 ) ) ;
#1736 = CIRCLE ( 'NONE', #25, 3.000000000000002665 ) ;
#1737 = LINE ( 'NONE', #3517, #1063 ) ;
#1738 = DIRECTION ( 'NONE',  ( 1.000000000000000000, 0.000000000000000000, -0.000000000000000000 ) ) ;
#1739 = DIRECTION ( 'NONE',  ( -0.000000000000000000, -0.000000000000000000, -1.000000000000000000 ) ) ;
#1740 = VERTEX_POINT ( 'NONE', #1602 ) ;
#1741 = CIRCLE ( 'NONE', #3096, 3.000000000000002665 ) ;
#1742 = FACE_OUTER_BOUND ( 'NONE', #971, .T. ) ;
#1743 = CARTESIAN_POINT ( 'NONE',  ( -45.24583554250842354, -54.00671723892492082, 0.000000000000000000 ) ) ;
#1744 = ORIENTED_EDGE ( 'NONE', *, *, #1061, .T. ) ;
#1745 = ORIENTED_EDGE ( 'NONE', *, *, #1454, .F. ) ;
#1746 = FACE_BOUND ( 'NONE', #2016, .T. ) ;
#1747 = CARTESIAN_POINT ( 'NONE',  ( 54.75416445749178251, -44.47153714672291613, 15.50000000000000000 ) ) ;
#1748 = ORIENTED_EDGE ( 'NONE', *, *, #2235, .F. ) ;
#1749 = VECTOR ( 'NONE', #1392, 1000.000000000000000 ) ;
#1750 = EDGE_CURVE ( 'NONE', #3383, #3361, #3021, .T. ) ;
#1751 = VECTOR ( 'NONE', #309, 1000.000000000000000 ) ;
#1752 = EDGE_CURVE ( 'NONE', #1826, #331, #3040, .T. ) ;
#1753 = VECTOR ( 'NONE', #1421, 1000.000000000000000 ) ;
#1754 = CARTESIAN_POINT ( 'NONE',  ( -50.11793118412168724, -47.00676889444186912, 14.10393266523339051 ) ) ;
#1755 = CARTESIAN_POINT ( 'NONE',  ( -40.56903444315097573, 50.13673285057618045, 12.50000000000000000 ) ) ;
#1756 = DIRECTION ( 'NONE',  ( 0.000000000000000000, 1.000000000000000000, -0.000000000000000000 ) ) ;
#1757 = LINE ( 'NONE', #306, #2583 ) ;
#1758 = ORIENTED_EDGE ( 'NONE', *, *, #3655, .T. ) ;
#1759 = CARTESIAN_POINT ( 'NONE',  ( -55.24583554250802564, 0.000000000000000000, 16.50000000000000000 ) ) ;
#1760 = LINE ( 'NONE', #1796, #1751 ) ;
#1761 = ORIENTED_EDGE ( 'NONE', *, *, #1788, .F. ) ;
#1762 = ORIENTED_EDGE ( 'NONE', *, *, #1413, .T. ) ;
#1763 = DIRECTION ( 'NONE',  ( -1.000000000000000000, 0.000000000000000000, 0.000000000000000000 ) ) ;
#1764 = LINE ( 'NONE', #355, #874 ) ;
#1765 = ADVANCED_FACE ( 'NONE', ( #2723 ), #416, .F. ) ;
#1766 = ORIENTED_EDGE ( 'NONE', *, *, #1187, .F. ) ;
#1767 = CIRCLE ( 'NONE', #55, 3.000000000000002665 ) ;
#1768 = EDGE_CURVE ( 'NONE', #2865, #2177, #1585, .T. ) ;
#1769 = CARTESIAN_POINT ( 'NONE',  ( -52.29583554250812227, -45.81322866661731297, 19.00000000000000000 ) ) ;
#1770 = CARTESIAN_POINT ( 'NONE',  ( 47.75416445749165462, -54.00671723892492082, 15.50000000000000000 ) ) ;
#1771 = CARTESIAN_POINT ( 'NONE',  ( 17.55416445749187915, 25.98677133338267353, 18.50000000000000355 ) ) ;
#1772 = ADVANCED_FACE ( 'NONE', ( #2743 ), #2439, .F. ) ;
#1773 = CARTESIAN_POINT ( 'NONE',  ( 0.000000000000000000, -47.47153714672325009, 16.50000000000000000 ) ) ;
#1774 = VERTEX_POINT ( 'NONE', #189 ) ;
#1775 = DIRECTION ( 'NONE',  ( -0.000000000000000000, 0.000000000000000000, 1.000000000000000000 ) ) ;
#1776 = DIRECTION ( 'NONE',  ( -0.000000000000000000, -0.000000000000000000, -1.000000000000000000 ) ) ;
#1777 = VECTOR ( 'NONE', #2842, 1000.000000000000000 ) ;
#1778 = AXIS2_PLACEMENT_3D ( 'NONE', #1484, #354, #1763 ) ;
#1779 = ORIENTED_EDGE ( 'NONE', *, *, #2246, .F. ) ;
#1780 = VERTEX_POINT ( 'NONE', #131 ) ;
#1781 = LINE ( 'NONE', #85, #1911 ) ;
#1782 = CARTESIAN_POINT ( 'NONE',  ( -53.44583554250813506, -43.91322866661730018, 24.39999999999999858 ) ) ;
#1783 = ORIENTED_EDGE ( 'NONE', *, *, #1820, .F. ) ;
#1784 = EDGE_CURVE ( 'NONE', #3361, #1982, #151, .T. ) ;
#1785 = ORIENTED_EDGE ( 'NONE', *, *, #3538, .F. ) ;
#1786 = CARTESIAN_POINT ( 'NONE',  ( -49.06782004721672052, 42.47796574709749962, 15.50000000000000000 ) ) ;
#1787 = DIRECTION ( 'NONE',  ( -1.000000000000000000, -0.000000000000000000, -0.000000000000000000 ) ) ;
#1788 = EDGE_CURVE ( 'NONE', #1016, #3558, #694, .T. ) ;
#1789 = DIRECTION ( 'NONE',  ( -1.000000000000000000, -0.000000000000000000, -0.000000000000000000 ) ) ;
#1790 = LINE ( 'NONE', #2787, #1357 ) ;
#1791 = PLANE ( 'NONE',  #2869 ) ;
#1792 = VERTEX_POINT ( 'NONE', #1302 ) ;
#1793 = AXIS2_PLACEMENT_3D ( 'NONE', #1634, #3698, #3680 ) ;
#1794 = CIRCLE ( 'NONE', #2100, 3.000000000000002665 ) ;
#1795 = CARTESIAN_POINT ( 'NONE',  ( 54.25416445749178962, -43.81322866661731297, 25.39999999999999858 ) ) ;
#1796 = CARTESIAN_POINT ( 'NONE',  ( -55.24583554250802564, -51.00671723892524767, 16.50000000000000000 ) ) ;
#1797 = EDGE_CURVE ( 'NONE', #1975, #1992, #2498, .T. ) ;
#1798 = VECTOR ( 'NONE', #716, 1000.000000000000000 ) ;
#1799 = LINE ( 'NONE', #945, #110 ) ;
#1800 = ORIENTED_EDGE ( 'NONE', *, *, #1569, .F. ) ;
#1801 = ORIENTED_EDGE ( 'NONE', *, *, #2432, .T. ) ;
#1802 = EDGE_LOOP ( 'NONE', ( #2206, #87, #779, #2397, #2596, #2316 ) ) ;
#1803 = CARTESIAN_POINT ( 'NONE',  ( -54.74583554250801143, -44.81322866661732718, 16.39999999999999858 ) ) ;
#1804 = DIRECTION ( 'NONE',  ( -0.000000000000000000, 0.000000000000000000, -1.000000000000000000 ) ) ;
#1805 = EDGE_LOOP ( 'NONE', ( #2184, #2780 ) ) ;
#1806 = AXIS2_PLACEMENT_3D ( 'NONE', #2345, #1855, #303 ) ;
#1807 = VERTEX_POINT ( 'NONE', #3061 ) ;
#1808 = LINE ( 'NONE', #2654, #2037 ) ;
#1809 = VECTOR ( 'NONE', #184, 1000.000000000000000 ) ;
#1810 = CARTESIAN_POINT ( 'NONE',  ( -47.19344854183533755, 49.99328276107517866, 0.000000000000000000 ) ) ;
#1811 = VERTEX_POINT ( 'NONE', #973 ) ;
#1812 = CARTESIAN_POINT ( 'NONE',  ( -40.56903444293924110, -44.47153714672325009, 16.50000000000000000 ) ) ;
#1813 = ORIENTED_EDGE ( 'NONE', *, *, #227, .F. ) ;
#1814 =( NAMED_UNIT ( * ) SI_UNIT ( $, .STERADIAN. ) SOLID_ANGLE_UNIT ( ) );
#1815 = DIRECTION ( 'NONE',  ( -1.000000000000000000, 0.000000000000000000, 0.000000000000000000 ) ) ;
#1816 = ORIENTED_EDGE ( 'NONE', *, *, #2029, .F. ) ;
#1817 = ADVANCED_FACE ( 'NONE', ( #1048 ), #3665, .F. ) ;
#1818 = CARTESIAN_POINT ( 'NONE',  ( 48.57614896214992939, 42.47796574704196360, 16.50000000000000000 ) ) ;
#1819 = CARTESIAN_POINT ( 'NONE',  ( -55.24583554250802564, -51.00671723892524767, 16.50000000000000000 ) ) ;
#1820 = EDGE_CURVE ( 'NONE', #620, #2822, #3380, .T. ) ;
#1821 = DIRECTION ( 'NONE',  ( -0.000000000000000000, 0.000000000000000000, 1.000000000000000000 ) ) ;
#1822 = ORIENTED_EDGE ( 'NONE', *, *, #3520, .T. ) ;
#1823 = EDGE_LOOP ( 'NONE', ( #24, #975, #2980, #2172 ) ) ;
#1824 = DIRECTION ( 'NONE',  ( 0.000000000000000000, 1.000000000000000000, 0.000000000000000000 ) ) ;
#1825 = CARTESIAN_POINT ( 'NONE',  ( 0.000000000000000000, -54.00671723892524767, 16.50000000000000000 ) ) ;
#1826 = VERTEX_POINT ( 'NONE', #1010 ) ;
#1827 = ORIENTED_EDGE ( 'NONE', *, *, #3709, .F. ) ;
#1828 = DIRECTION ( 'NONE',  ( -0.000000000000000000, -0.000000000000000000, -1.000000000000000000 ) ) ;
#1829 = CARTESIAN_POINT ( 'NONE',  ( 42.89392569561605484, 47.59855904760869549, 16.50000000000000000 ) ) ;
#1830 = AXIS2_PLACEMENT_3D ( 'NONE', #670, #1833, #3010 ) ;
#1831 = CIRCLE ( 'NONE', #2012, 3.000000000000002665 ) ;
#1832 = AXIS2_PLACEMENT_3D ( 'NONE', #3687, #1069, #2823 ) ;
#1833 = DIRECTION ( 'NONE',  ( 0.000000000000000000, 0.000000000000000000, -1.000000000000000000 ) ) ;
#1834 = EDGE_CURVE ( 'NONE', #2417, #544, #1643, .T. ) ;
#1835 = DIRECTION ( 'NONE',  ( 0.000000000000000000, -0.000000000000000000, 1.000000000000000000 ) ) ;
#1836 = EDGE_CURVE ( 'NONE', #221, #700, #2173, .T. ) ;
#1837 = EDGE_LOOP ( 'NONE', ( #972, #1482, #2438, #3184 ) ) ;
#1838 = DIRECTION ( 'NONE',  ( 1.000000000000000000, 0.000000000000000000, 0.000000000000000000 ) ) ;
#1839 = CARTESIAN_POINT ( 'NONE',  ( -40.56903444293924110, 0.000000000000000000, 15.50000000000000000 ) ) ;
#1840 = DIRECTION ( 'NONE',  ( -0.000000000000000000, 0.000000000000000000, 1.000000000000000000 ) ) ;
#1841 = VECTOR ( 'NONE', #1555, 1000.000000000000000 ) ;
#1842 = ORIENTED_EDGE ( 'NONE', *, *, #2807, .T. ) ;
#1843 = ORIENTED_EDGE ( 'NONE', *, *, #2217, .F. ) ;
#1844 = DIRECTION ( 'NONE',  ( 1.000000000000000000, 1.273191542001328782E-16, -0.000000000000000000 ) ) ;
#1845 = FACE_OUTER_BOUND ( 'NONE', #2918, .T. ) ;
#1846 = EDGE_CURVE ( 'NONE', #130, #739, #740, .T. ) ;
#1847 = VECTOR ( 'NONE', #2744, 1000.000000000000000 ) ;
#1848 = EDGE_LOOP ( 'NONE', ( #2975, #875, #3663, #1745, #2816, #705, #662, #1744 ) ) ;
#1849 = EDGE_CURVE ( 'NONE', #3629, #2338, #3145, .T. ) ;
#1850 = ADVANCED_FACE ( 'NONE', ( #854 ), #1693, .F. ) ;
#1851 = ORIENTED_EDGE ( 'NONE', *, *, #1098, .T. ) ;
#1852 = AXIS2_PLACEMENT_3D ( 'NONE', #1320, #397, #1620 ) ;
#1853 = EDGE_CURVE ( 'NONE', #2013, #546, #529, .T. ) ;
#1854 = DIRECTION ( 'NONE',  ( -0.000000000000000000, 0.000000000000000000, 1.000000000000000000 ) ) ;
#1855 = DIRECTION ( 'NONE',  ( -0.000000000000000000, -0.000000000000000000, -1.000000000000000000 ) ) ;
#1856 = ORIENTED_EDGE ( 'NONE', *, *, #227, .T. ) ;
#1857 = CARTESIAN_POINT ( 'NONE',  ( 40.07736335792300508, 46.09831646395942784, 15.50000000000000000 ) ) ;
#1858 = FACE_OUTER_BOUND ( 'NONE', #1848, .T. ) ;
#1859 = ADVANCED_FACE ( 'NONE', ( #1994, #3114 ), #2559, .T. ) ;
#1860 = ORIENTED_EDGE ( 'NONE', *, *, #2028, .T. ) ;
#1861 = CARTESIAN_POINT ( 'NONE',  ( -40.58855681255305115, -44.81322866661732718, 16.50000000000000000 ) ) ;
#1862 = CARTESIAN_POINT ( 'NONE',  ( -43.56903444293924110, 53.69122662819303571, 0.000000000000000000 ) ) ;
#1863 = DIRECTION ( 'NONE',  ( -1.000000000000000000, 0.000000000000000000, 0.000000000000000000 ) ) ;
#1864 = PLANE ( 'NONE',  #2051 ) ;
#1865 = ORIENTED_EDGE ( 'NONE', *, *, #1876, .T. ) ;
#1866 = APPLICATION_CONTEXT ( 'automotive_design' ) ;
#1867 = ORIENTED_EDGE ( 'NONE', *, *, #1444, .F. ) ;
#1868 = CARTESIAN_POINT ( 'NONE',  ( 49.75416445749183936, -50.00671723892527609, 13.50000000000000178 ) ) ;
#1869 = VECTOR ( 'NONE', #2428, 1000.000000000000000 ) ;
#1870 = DIRECTION ( 'NONE',  ( 0.000000000000000000, 0.000000000000000000, -1.000000000000000000 ) ) ;
#1871 = ORIENTED_EDGE ( 'NONE', *, *, #1098, .F. ) ;
#1872 = ORIENTED_EDGE ( 'NONE', *, *, #1686, .F. ) ;
#1873 = DIRECTION ( 'NONE',  ( 0.000000000000000000, -1.000000000000000000, 0.000000000000000000 ) ) ;
#1874 = DIRECTION ( 'NONE',  ( 1.000000000000000000, 0.000000000000000000, 0.000000000000000000 ) ) ;
#1875 = ADVANCED_FACE ( 'NONE', ( #1977 ), #2841, .F. ) ;
#1876 = EDGE_CURVE ( 'NONE', #1483, #352, #2576, .T. ) ;
#1877 = ORIENTED_EDGE ( 'NONE', *, *, #3215, .F. ) ;
#1878 = CARTESIAN_POINT ( 'NONE',  ( -55.24583554250802564, -17.14075662171384451, 16.50000000000000000 ) ) ;
#1879 = CARTESIAN_POINT ( 'NONE',  ( 52.95416445749187773, -43.81322866661731297, 24.39999999999999858 ) ) ;
#1880 = ORIENTED_EDGE ( 'NONE', *, *, #2408, .F. ) ;
#1881 = CARTESIAN_POINT ( 'NONE',  ( -52.29583554250811517, 22.98677133338268064, 25.39999999999999858 ) ) ;
#1882 = DIRECTION ( 'NONE',  ( -0.000000000000000000, 1.000000000000000000, -0.000000000000000000 ) ) ;
#1883 = LINE ( 'NONE', #432, #1139 ) ;
#1884 = CARTESIAN_POINT ( 'NONE',  ( -54.74583554250801143, -43.81322866661731297, 25.39999999999999858 ) ) ;
#1885 = VERTEX_POINT ( 'NONE', #2302 ) ;
#1886 = ORIENTED_EDGE ( 'NONE', *, *, #3444, .F. ) ;
#1887 = DIRECTION ( 'NONE',  ( -0.000000000000000000, -1.000000000000000000, -0.000000000000000000 ) ) ;
#1888 = DIRECTION ( 'NONE',  ( -0.000000000000000000, -0.000000000000000000, -1.000000000000000000 ) ) ;
#1889 = ORIENTED_EDGE ( 'NONE', *, *, #2008, .F. ) ;
#1890 = EDGE_CURVE ( 'NONE', #2457, #2865, #1708, .T. ) ;
#1891 = FACE_OUTER_BOUND ( 'NONE', #1925, .T. ) ;
#1892 = SURFACE_STYLE_FILL_AREA ( #2116 ) ;
#1893 = EDGE_CURVE ( 'NONE', #1677, #3630, #1767, .T. ) ;
#1894 = CARTESIAN_POINT ( 'NONE',  ( -52.24583554250801853, -54.00671723892524767, 16.50000000000000000 ) ) ;
#1895 = CARTESIAN_POINT ( 'NONE',  ( 0.000000000000000000, 0.000000000000000000, 19.00000000000000000 ) ) ;
#1896 = CIRCLE ( 'NONE', #251, 3.000000000000002665 ) ;
#1897 = ORIENTED_EDGE ( 'NONE', *, *, #377, .T. ) ;
#1898 = EDGE_CURVE ( 'NONE', #2360, #2946, #837, .T. ) ;
#1899 = CARTESIAN_POINT ( 'NONE',  ( -45.24583554250757089, 0.000000000000000000, 16.50000000000000000 ) ) ;
#1900 = DIRECTION ( 'NONE',  ( -0.000000000000000000, -0.000000000000000000, -1.000000000000000000 ) ) ;
#1901 = CARTESIAN_POINT ( 'NONE',  ( -41.10594628024963981, 45.61447289987538767, 12.50000000000000000 ) ) ;
#1902 = DIRECTION ( 'NONE',  ( 0.000000000000000000, 0.000000000000000000, 1.000000000000000000 ) ) ;
#1903 = VERTEX_POINT ( 'NONE', #547 ) ;
#1904 = ORIENTED_EDGE ( 'NONE', *, *, #327, .T. ) ;
#1905 = CARTESIAN_POINT ( 'NONE',  ( 45.10177745681895090, 49.99328276107484470, 16.50000000000000000 ) ) ;
#1906 = CARTESIAN_POINT ( 'NONE',  ( 54.75416445749163330, -47.47153714672292324, 12.50000000000000000 ) ) ;
#1907 = ORIENTED_EDGE ( 'NONE', *, *, #824, .T. ) ;
#1908 = AXIS2_PLACEMENT_3D ( 'NONE', #2776, #2537, #490 ) ;
#1909 = DIRECTION ( 'NONE',  ( -0.000000000000000000, 0.000000000000000000, 1.000000000000000000 ) ) ;
#1910 = DIRECTION ( 'NONE',  ( -0.000000000000000000, -0.000000000000000000, -1.000000000000000000 ) ) ;
#1911 = VECTOR ( 'NONE', #2953, 1000.000000000000000 ) ;
#1912 = EDGE_CURVE ( 'NONE', #1408, #2191, #916, .T. ) ;
#1913 = LINE ( 'NONE', #2734, #830 ) ;
#1914 = CARTESIAN_POINT ( 'NONE',  ( 51.80416445749188625, -5.462972658831275763E-15, 19.00000000000000000 ) ) ;
#1915 = VERTEX_POINT ( 'NONE', #3400 ) ;
#1916 = CARTESIAN_POINT ( 'NONE',  ( -45.24583554250757089, -51.00671723892524767, 16.50000000000000000 ) ) ;
#1917 = CARTESIAN_POINT ( 'NONE',  ( 54.25416445749178251, -44.81322866661731297, 16.39999999999999858 ) ) ;
#1918 = DIRECTION ( 'NONE',  ( -0.000000000000000000, -1.000000000000000000, -0.000000000000000000 ) ) ;
#1919 = PLANE ( 'NONE',  #1088 ) ;
#1920 = EDGE_CURVE ( 'NONE', #1300, #2628, #513, .T. ) ;
#1921 = ORIENTED_EDGE ( 'NONE', *, *, #1281, .F. ) ;
#1922 = ORIENTED_EDGE ( 'NONE', *, *, #1050, .F. ) ;
#1923 = DIRECTION ( 'NONE',  ( 0.000000000000000000, 0.000000000000000000, 1.000000000000000000 ) ) ;
#1924 = DIRECTION ( 'NONE',  ( 1.000000000000000000, 0.000000000000000000, 0.000000000000000000 ) ) ;
#1925 = EDGE_LOOP ( 'NONE', ( #3754, #3585, #3, #137 ) ) ;
#1926 = DIRECTION ( 'NONE',  ( 1.000000000000000000, 0.000000000000000000, 0.000000000000000000 ) ) ;
#1927 = CARTESIAN_POINT ( 'NONE',  ( 0.000000000000000000, 0.000000000000000000, 25.39999999999999858 ) ) ;
#1928 = STYLED_ITEM ( 'NONE', ( #3026 ), #3423 ) ;
#1929 = VECTOR ( 'NONE', #364, 1000.000000000000000 ) ;
#1930 = LINE ( 'NONE', #2294, #2347 ) ;
#1931 = DIRECTION ( 'NONE',  ( 1.000000000000000000, 0.000000000000000000, 0.000000000000000000 ) ) ;
#1932 = ORIENTED_EDGE ( 'NONE', *, *, #2807, .F. ) ;
#1933 = VECTOR ( 'NONE', #2425, 1000.000000000000000 ) ;
#1934 = CARTESIAN_POINT ( 'NONE',  ( -48.59344854183517270, 49.99328276107484470, 13.50000000000000178 ) ) ;
#1935 = CARTESIAN_POINT ( 'NONE',  ( 43.50177745681830999, 49.99328276107517866, 13.50000000000000178 ) ) ;
#1936 = CARTESIAN_POINT ( 'NONE',  ( -52.29583554250811517, -17.14075662171384451, 25.39999999999999858 ) ) ;
#1937 = ORIENTED_EDGE ( 'NONE', *, *, #496, .F. ) ;
#1938 = VECTOR ( 'NONE', #371, 1000.000000000000000 ) ;
#1939 = VECTOR ( 'NONE', #3352, 1000.000000000000000 ) ;
#1940 = VERTEX_POINT ( 'NONE', #259 ) ;
#1941 = AXIS2_PLACEMENT_3D ( 'NONE', #412, #2739, #3197 ) ;
#1942 = EDGE_CURVE ( 'NONE', #1282, #859, #2068, .T. ) ;
#1943 = CARTESIAN_POINT ( 'NONE',  ( -54.74583554250801143, -43.81322866661731297, 16.39999999999999858 ) ) ;
#1944 = LINE ( 'NONE', #2303, #1481 ) ;
#1945 = ORIENTED_EDGE ( 'NONE', *, *, #1752, .F. ) ;
#1946 = CARTESIAN_POINT ( 'NONE',  ( -8.627314925773034839E-15, 33.42328432035500896, 16.50000000000000000 ) ) ;
#1947 = ORIENTED_EDGE ( 'NONE', *, *, #3272, .F. ) ;
#1948 = DIRECTION ( 'NONE',  ( -1.000000000000000000, 0.000000000000000000, 0.000000000000000000 ) ) ;
#1949 = DIRECTION ( 'NONE',  ( -0.000000000000000000, -0.000000000000000000, 1.000000000000000000 ) ) ;
#1950 = ORIENTED_EDGE ( 'NONE', *, *, #145, .F. ) ;
#1951 = EDGE_CURVE ( 'NONE', #2047, #2276, #3257, .T. ) ;
#1952 = CARTESIAN_POINT ( 'NONE',  ( -46.11511079442895067, 53.69122662819303571, 0.000000000000000000 ) ) ;
#1953 = ADVANCED_FACE ( 'NONE', ( #3472 ), #3434, .T. ) ;
#1954 = DIRECTION ( 'NONE',  ( 1.054543146490460432E-16, 1.000000000000000000, 0.000000000000000000 ) ) ;
#1955 = CARTESIAN_POINT ( 'NONE',  ( 54.25416445749178251, -44.81322866661731297, 16.39999999999999858 ) ) ;
#1956 = ORIENTED_EDGE ( 'NONE', *, *, #1464, .F. ) ;
#1957 = CIRCLE ( 'NONE', #3483, 2.999999999999999112 ) ;
#1958 = ORIENTED_EDGE ( 'NONE', *, *, #3163, .T. ) ;
#1959 = CARTESIAN_POINT ( 'NONE',  ( 48.15416445749153240, -50.00671723892491372, 15.50000000000000000 ) ) ;
#1960 = CARTESIAN_POINT ( 'NONE',  ( 45.62343970946916727, 53.69122662819303571, 0.000000000000000000 ) ) ;
#1961 = ORIENTED_EDGE ( 'NONE', *, *, #3136, .F. ) ;
#1962 = EDGE_CURVE ( 'NONE', #3059, #2417, #3065, .T. ) ;
#1963 = CARTESIAN_POINT ( 'NONE',  ( -52.24583554250801853, -54.00671723892492082, 0.000000000000000000 ) ) ;
#1964 = ADVANCED_FACE ( 'NONE', ( #780 ), #208, .T. ) ;
#1965 = ORIENTED_EDGE ( 'NONE', *, *, #2798, .F. ) ;
#1966 = ADVANCED_FACE ( 'NONE', ( #3707 ), #249, .F. ) ;
#1967 = EDGE_CURVE ( 'NONE', #3337, #1979, #878, .T. ) ;
#1968 = DIRECTION ( 'NONE',  ( -0.000000000000000000, -0.000000000000000000, -1.000000000000000000 ) ) ;
#1969 = VECTOR ( 'NONE', #1219, 1000.000000000000000 ) ;
#1970 = CARTESIAN_POINT ( 'NONE',  ( -55.24583554250802564, -45.81322866661731297, 16.50000000000000000 ) ) ;
#1971 = ORIENTED_EDGE ( 'NONE', *, *, #2967, .T. ) ;
#1972 = LINE ( 'NONE', #3716, #1680 ) ;
#1973 = CARTESIAN_POINT ( 'NONE',  ( -50.24583554250805406, -50.00671723892527609, 16.50000000000000000 ) ) ;
#1974 = DIRECTION ( 'NONE',  ( 0.000000000000000000, -1.000000000000000000, 0.000000000000000000 ) ) ;
#1975 = VERTEX_POINT ( 'NONE', #1431 ) ;
#1976 = EDGE_LOOP ( 'NONE', ( #1330, #2835, #465, #1060 ) ) ;
#1977 = FACE_OUTER_BOUND ( 'NONE', #678, .T. ) ;
#1978 = DIRECTION ( 'NONE',  ( -0.000000000000000000, -0.000000000000000000, -1.000000000000000000 ) ) ;
#1979 = VERTEX_POINT ( 'NONE', #858 ) ;
#1980 = ORIENTED_EDGE ( 'NONE', *, *, #2866, .F. ) ;
#1981 = DIRECTION ( 'NONE',  ( 1.000000000000000000, 0.000000000000000000, 0.000000000000000000 ) ) ;
#1982 = VERTEX_POINT ( 'NONE', #1398 ) ;
#1983 = AXIS2_PLACEMENT_3D ( 'NONE', #430, #164, #3643 ) ;
#1984 = CIRCLE ( 'NONE', #3514, 3.000000000000002665 ) ;
#1985 = VECTOR ( 'NONE', #3569, 1000.000000000000000 ) ;
#1986 = CARTESIAN_POINT ( 'NONE',  ( -52.29583554250811517, -42.81322866661731297, 16.50000000000000000 ) ) ;
#1987 = CARTESIAN_POINT ( 'NONE',  ( 17.55416445749187915, 25.98677133338267353, 16.50000000000000000 ) ) ;
#1988 = EDGE_LOOP ( 'NONE', ( #2608, #512, #3647, #2652 ) ) ;
#1989 = DIRECTION ( 'NONE',  ( -0.000000000000000000, -0.000000000000000000, 1.000000000000000000 ) ) ;
#1990 = CARTESIAN_POINT ( 'NONE',  ( -52.29583554250811517, -43.81322866661731297, 16.50000000000000000 ) ) ;
#1991 = DIRECTION ( 'NONE',  ( -0.000000000000000000, -0.000000000000000000, -1.000000000000000000 ) ) ;
#1992 = VERTEX_POINT ( 'NONE', #805 ) ;
#1993 = ORIENTED_EDGE ( 'NONE', *, *, #1517, .T. ) ;
#1994 = FACE_OUTER_BOUND ( 'NONE', #1304, .T. ) ;
#1995 = DIRECTION ( 'NONE',  ( -1.000000000000000000, 0.000000000000000000, 0.000000000000000000 ) ) ;
#1996 = VECTOR ( 'NONE', #3238, 1000.000000000000000 ) ;
#1997 = EDGE_LOOP ( 'NONE', ( #19, #661, #3690, #1338, #1429, #3372, #1127, #3205 ) ) ;
#1998 = VERTEX_POINT ( 'NONE', #1999 ) ;
#1999 = CARTESIAN_POINT ( 'NONE',  ( -40.56903444293924110, 20.98677133338266998, 16.50000000000000000 ) ) ;
#2000 = ORIENTED_EDGE ( 'NONE', *, *, #1618, .T. ) ;
#2001 = CARTESIAN_POINT ( 'NONE',  ( -40.56903444293924110, 0.000000000000000000, 16.39999999999999858 ) ) ;
#2002 = PLANE ( 'NONE',  #1471 ) ;
#2003 = LINE ( 'NONE', #3175, #3689 ) ;
#2004 = ADVANCED_FACE ( 'NONE', ( #3187 ), #215, .F. ) ;
#2005 = CARTESIAN_POINT ( 'NONE',  ( 43.07736335792299798, 53.69122662819303571, 16.50000000000000000 ) ) ;
#2006 = CARTESIAN_POINT ( 'NONE',  ( -53.44583554250814217, 24.08677133338269627, 19.00000000000000000 ) ) ;
#2007 = ORIENTED_EDGE ( 'NONE', *, *, #766, .F. ) ;
#2008 = EDGE_CURVE ( 'NONE', #2628, #1030, #3731, .T. ) ;
#2009 = DIRECTION ( 'NONE',  ( -0.000000000000000000, -0.000000000000000000, -1.000000000000000000 ) ) ;
#2010 = FACE_OUTER_BOUND ( 'NONE', #491, .T. ) ;
#2011 = VECTOR ( 'NONE', #2676, 1000.000000000000000 ) ;
#2012 = AXIS2_PLACEMENT_3D ( 'NONE', #3173, #3500, #1402 ) ;
#2013 = VERTEX_POINT ( 'NONE', #2598 ) ;
#2014 = ORIENTED_EDGE ( 'NONE', *, *, #2644, .F. ) ;
#2015 = CARTESIAN_POINT ( 'NONE',  ( 0.000000000000000000, -47.47153714672325009, 16.50000000000000000 ) ) ;
#2016 = EDGE_LOOP ( 'NONE', ( #1698, #3129 ) ) ;
#2017 = AXIS2_PLACEMENT_3D ( 'NONE', #2060, #3237, #614 ) ;
#2018 = CARTESIAN_POINT ( 'NONE',  ( 51.80416445749188625, -5.462972658831275763E-15, 19.00000000000000000 ) ) ;
#2019 = CARTESIAN_POINT ( 'NONE',  ( -55.24583554250802564, 0.000000000000000000, 16.50000000000000000 ) ) ;
#2020 = DIRECTION ( 'NONE',  ( 1.000000000000000000, 0.000000000000000000, 0.000000000000000000 ) ) ;
#2021 = AXIS2_PLACEMENT_3D ( 'NONE', #2209, #1870, #3041 ) ;
#2022 = PLANE ( 'NONE',  #1093 ) ;
#2023 = LINE ( 'NONE', #3198, #570 ) ;
#2024 = ORIENTED_EDGE ( 'NONE', *, *, #1292, .F. ) ;
#2025 = AXIS2_PLACEMENT_3D ( 'NONE', #2374, #3544, #1255 ) ;
#2026 = PLANE ( 'NONE',  #3186 ) ;
#2027 = DIRECTION ( 'NONE',  ( 0.000000000000000000, -1.000000000000000000, 0.000000000000000000 ) ) ;
#2028 = EDGE_CURVE ( 'NONE', #913, #2741, #2882, .T. ) ;
#2029 = EDGE_CURVE ( 'NONE', #1483, #2826, #2033, .T. ) ;
#2030 = ORIENTED_EDGE ( 'NONE', *, *, #3049, .F. ) ;
#2031 = ORIENTED_EDGE ( 'NONE', *, *, #3608, .F. ) ;
#2032 = CARTESIAN_POINT ( 'NONE',  ( 48.46053067114918633, -47.29996427146910065, 13.50000000000000178 ) ) ;
#2033 = LINE ( 'NONE', #567, #3484 ) ;
#2034 = VERTEX_POINT ( 'NONE', #1963 ) ;
#2035 = CYLINDRICAL_SURFACE ( 'NONE', #1563, 3.000000000000002665 ) ;
#2036 = LINE ( 'NONE', #2926, #3786 ) ;
#2037 = VECTOR ( 'NONE', #2054, 1000.000000000000000 ) ;
#2038 = DIRECTION ( 'NONE',  ( 0.000000000000000000, -0.000000000000000000, -1.000000000000000000 ) ) ;
#2039 =( LENGTH_UNIT ( ) NAMED_UNIT ( * ) SI_UNIT ( .MILLI., .METRE. ) );
#2040 = LINE ( 'NONE', #2642, #3742 ) ;
#2041 = EDGE_LOOP ( 'NONE', ( #2287, #2470, #3107, #1470, #2701, #235, #3759 ) ) ;
#2042 = EDGE_CURVE ( 'NONE', #1165, #2785, #2846, .T. ) ;
#2043 = CARTESIAN_POINT ( 'NONE',  ( -52.29583554250811517, 22.98677133338268064, 19.00000000000000000 ) ) ;
#2044 = CARTESIAN_POINT ( 'NONE',  ( -46.11511079442895067, 50.69122662818232072, 16.50000000000000000 ) ) ;
#2045 = EDGE_CURVE ( 'NONE', #2802, #2829, #1412, .T. ) ;
#2046 = ORIENTED_EDGE ( 'NONE', *, *, #472, .T. ) ;
#2047 = VERTEX_POINT ( 'NONE', #498 ) ;
#2048 = DIRECTION ( 'NONE',  ( -1.000000000000000000, 0.000000000000000000, 0.000000000000000000 ) ) ;
#2049 = FACE_OUTER_BOUND ( 'NONE', #695, .T. ) ;
#2050 = EDGE_LOOP ( 'NONE', ( #3280, #1126, #1541, #307 ) ) ;
#2051 = AXIS2_PLACEMENT_3D ( 'NONE', #2662, #1840, #3283 ) ;
#2052 = VECTOR ( 'NONE', #3259, 1000.000000000000000 ) ;
#2053 =( BOUNDED_CURVE ( )  B_SPLINE_CURVE ( 3, ( #693, #120, #920, #2965 ),
 .UNSPECIFIED., .F., .F. ) 
 B_SPLINE_CURVE_WITH_KNOTS ( ( 4, 4 ),
 ( 4.712388980384687898, 6.283185307179586232 ),
 .UNSPECIFIED. ) 
 CURVE ( )  GEOMETRIC_REPRESENTATION_ITEM ( )  RATIONAL_B_SPLINE_CURVE ( ( 1.000000000000000000, 0.8047378541243646044, 0.8047378541243646044, 1.000000000000000000 ) ) 
 REPRESENTATION_ITEM ( '' )  );
#2054 = DIRECTION ( 'NONE',  ( -0.000000000000000000, -0.000000000000000000, -1.000000000000000000 ) ) ;
#2055 = CARTESIAN_POINT ( 'NONE',  ( -53.44583554250813506, -45.81322866661731297, 19.00000000000000000 ) ) ;
#2056 = CARTESIAN_POINT ( 'NONE',  ( -40.56903444315097573, 50.13673285057618045, 15.50000000000000000 ) ) ;
#2057 = DIRECTION ( 'NONE',  ( 1.000000000000000000, 0.000000000000000000, 0.000000000000000000 ) ) ;
#2058 = CARTESIAN_POINT ( 'NONE',  ( -55.24583554250803985, -45.81322866661731297, 19.00000000000000000 ) ) ;
#2059 = ORIENTED_EDGE ( 'NONE', *, *, #1492, .T. ) ;
#2060 = CARTESIAN_POINT ( 'NONE',  ( 45.10177745681895090, 49.99328276107484470, 13.50000000000000178 ) ) ;
#2061 = EDGE_CURVE ( 'NONE', #505, #3319, #3729, .T. ) ;
#2062 = FACE_OUTER_BOUND ( 'NONE', #2420, .T. ) ;
#2063 = EDGE_LOOP ( 'NONE', ( #1193, #2582, #708, #3528 ) ) ;
#2064 = VERTEX_POINT ( 'NONE', #1661 ) ;
#2065 = CARTESIAN_POINT ( 'NONE',  ( 50.59600753199494250, -47.12495736814346259, 13.90096808230856773 ) ) ;
#2066 = LINE ( 'NONE', #2396, #1969 ) ;
#2067 = VERTEX_POINT ( 'NONE', #822 ) ;
#2068 = CIRCLE ( 'NONE', #2200, 3.000000000000002665 ) ;
#2069 = ADVANCED_BREP_SHAPE_REPRESENTATION ( 'lcd holder', ( #3423, #2916 ), #2856 ) ;
#2070 = ADVANCED_FACE ( 'NONE', ( #1449 ), #3496, .F. ) ;
#2071 = DIRECTION ( 'NONE',  ( -0.000000000000000000, -0.000000000000000000, 1.000000000000000000 ) ) ;
#2072 = LINE ( 'NONE', #3231, #497 ) ;
#2073 = EDGE_CURVE ( 'NONE', #1096, #3558, #2581, .T. ) ;
#2074 = LINE ( 'NONE', #2905, #21 ) ;
#2075 = DIRECTION ( 'NONE',  ( 0.000000000000000000, 0.000000000000000000, -1.000000000000000000 ) ) ;
#2076 = LINE ( 'NONE', #362, #969 ) ;
#2077 = CARTESIAN_POINT ( 'NONE',  ( -18.04583554250812583, 25.98677133338267353, 16.50000000000000000 ) ) ;
#2078 = ORIENTED_EDGE ( 'NONE', *, *, #320, .T. ) ;
#2079 = VECTOR ( 'NONE', #1192, 1000.000000000000000 ) ;
#2080 = CARTESIAN_POINT ( 'NONE',  ( -52.29583554250811517, -42.81322866661731297, 19.00000000000000000 ) ) ;
#2081 = DIRECTION ( 'NONE',  ( 4.247101873863862393E-15, -1.000000000000000000, 0.000000000000000000 ) ) ;
#2082 = CARTESIAN_POINT ( 'NONE',  ( 54.75416445749178251, 0.000000000000000000, 15.50000000000000000 ) ) ;
#2083 = VERTEX_POINT ( 'NONE', #2271 ) ;
#2084 = AXIS2_PLACEMENT_3D ( 'NONE', #3364, #112, #2440 ) ;
#2085 = AXIS2_PLACEMENT_3D ( 'NONE', #1905, #3650, #171 ) ;
#2086 = VERTEX_POINT ( 'NONE', #1382 ) ;
#2087 = ORIENTED_EDGE ( 'NONE', *, *, #605, .F. ) ;
#2088 = CARTESIAN_POINT ( 'NONE',  ( 43.50177745681830999, 49.99328276107517866, 0.000000000000000000 ) ) ;
#2089 = DIRECTION ( 'NONE',  ( -0.000000000000000000, -0.000000000000000000, 1.000000000000000000 ) ) ;
#2090 = EDGE_LOOP ( 'NONE', ( #1575, #2950, #1889, #1584 ) ) ;
#2091 = ORIENTED_EDGE ( 'NONE', *, *, #2534, .T. ) ;
#2092 = DIRECTION ( 'NONE',  ( 1.000000000000000000, -1.054543146490460432E-16, 0.000000000000000000 ) ) ;
#2093 = LINE ( 'NONE', #689, #2421 ) ;
#2094 = EDGE_CURVE ( 'NONE', #421, #1264, #1110, .T. ) ;
#2095 = ORIENTED_EDGE ( 'NONE', *, *, #896, .T. ) ;
#2096 = FACE_OUTER_BOUND ( 'NONE', #3773, .T. ) ;
#2097 = FACE_OUTER_BOUND ( 'NONE', #2862, .T. ) ;
#2098 = PLANE ( 'NONE',  #860 ) ;
#2099 = ORIENTED_EDGE ( 'NONE', *, *, #2967, .F. ) ;
#2100 = AXIS2_PLACEMENT_3D ( 'NONE', #1665, #1112, #849 ) ;
#2101 = LINE ( 'NONE', #1159, #3679 ) ;
#2102 = DIRECTION ( 'NONE',  ( 3.332802067198476766E-17, 1.000000000000000000, -0.000000000000000000 ) ) ;
#2103 = AXIS2_PLACEMENT_3D ( 'NONE', #1326, #1854, #3353 ) ;
#2104 = CIRCLE ( 'NONE', #466, 3.000000000000002665 ) ;
#2105 = CARTESIAN_POINT ( 'NONE',  ( 45.62343970946916727, 50.69122662819302860, 16.50000000000000000 ) ) ;
#2106 = ORIENTED_EDGE ( 'NONE', *, *, #1951, .T. ) ;
#2107 = ORIENTED_EDGE ( 'NONE', *, *, #2569, .T. ) ;
#2108 = ORIENTED_EDGE ( 'NONE', *, *, #2831, .F. ) ;
#2109 = CARTESIAN_POINT ( 'NONE',  ( 54.25416445749178251, -44.81322866661731297, 25.39999999999999858 ) ) ;
#2110 = CARTESIAN_POINT ( 'NONE',  ( -43.56903444293924110, -44.47153714672325009, 16.39999999999999858 ) ) ;
#2111 = VERTEX_POINT ( 'NONE', #3153 ) ;
#2112 = VECTOR ( 'NONE', #3628, 1000.000000000000000 ) ;
#2113 = ORIENTED_EDGE ( 'NONE', *, *, #1846, .T. ) ;
#2114 = EDGE_CURVE ( 'NONE', #1372, #1998, #2545, .T. ) ;
#2115 = EDGE_CURVE ( 'NONE', #2483, #331, #3424, .T. ) ;
#2116 = FILL_AREA_STYLE ('',( #401 ) ) ;
#2117 = VECTOR ( 'NONE', #2627, 1000.000000000000000 ) ;
#2118 = FACE_OUTER_BOUND ( 'NONE', #879, .T. ) ;
#2119 = EDGE_LOOP ( 'NONE', ( #2615, #526, #1378, #2393 ) ) ;
#2120 = AXIS2_PLACEMENT_3D ( 'NONE', #1156, #3161, #255 ) ;
#2121 = DIRECTION ( 'NONE',  ( 0.000000000000000000, 0.000000000000000000, 1.000000000000000000 ) ) ;
#2122 = LINE ( 'NONE', #3012, #1225 ) ;
#2123 = ORIENTED_EDGE ( 'NONE', *, *, #1347, .T. ) ;
#2124 = EDGE_CURVE ( 'NONE', #1587, #1792, #2377, .T. ) ;
#2125 = EDGE_CURVE ( 'NONE', #859, #1282, #2261, .T. ) ;
#2126 = LINE ( 'NONE', #2145, #1539 ) ;
#2127 = DIRECTION ( 'NONE',  ( 1.000000000000000000, 0.000000000000000000, 0.000000000000000000 ) ) ;
#2128 = DIRECTION ( 'NONE',  ( 0.000000000000000000, 0.000000000000000000, 1.000000000000000000 ) ) ;
#2129 = EDGE_CURVE ( 'NONE', #216, #629, #1485, .T. ) ;
#2130 = ORIENTED_EDGE ( 'NONE', *, *, #1492, .F. ) ;
#2131 = ORIENTED_EDGE ( 'NONE', *, *, #1389, .T. ) ;
#2132 = EDGE_CURVE ( 'NONE', #2111, #1336, #1896, .T. ) ;
#2133 = CARTESIAN_POINT ( 'NONE',  ( 0.000000000000000000, 53.69122662818232072, 16.50000000000000000 ) ) ;
#2134 = CARTESIAN_POINT ( 'NONE',  ( -54.74583554250801143, -44.81322866661732718, 16.39999999999999858 ) ) ;
#2135 = ORIENTED_EDGE ( 'NONE', *, *, #1384, .F. ) ;
#2136 = ORIENTED_EDGE ( 'NONE', *, *, #3523, .F. ) ;
#2137 = LINE ( 'NONE', #2788, #3758 ) ;
#2138 = DIRECTION ( 'NONE',  ( 0.000000000000000000, 0.000000000000000000, -1.000000000000000000 ) ) ;
#2139 = AXIS2_PLACEMENT_3D ( 'NONE', #1095, #2258, #808 ) ;
#2140 = VERTEX_POINT ( 'NONE', #3545 ) ;
#2141 = FACE_OUTER_BOUND ( 'NONE', #233, .T. ) ;
#2142 = CARTESIAN_POINT ( 'NONE',  ( -52.29583554250811517, -42.81322866661731297, 19.00000000000000000 ) ) ;
#2143 = LINE ( 'NONE', #628, #737 ) ;
#2144 = ORIENTED_EDGE ( 'NONE', *, *, #1221, .F. ) ;
#2145 = CARTESIAN_POINT ( 'NONE',  ( 52.75416445749183936, -50.00671723892527609, 13.50000000000000178 ) ) ;
#2146 = CARTESIAN_POINT ( 'NONE',  ( -52.29583554250811517, 22.98677133338268064, 25.39999999999999858 ) ) ;
#2147 = PLANE ( 'NONE',  #236 ) ;
#2148 = FACE_BOUND ( 'NONE', #3543, .T. ) ;
#2149 = CIRCLE ( 'NONE', #378, 3.000000000000002665 ) ;
#2150 = ORIENTED_EDGE ( 'NONE', *, *, #28, .F. ) ;
#2151 = VERTEX_POINT ( 'NONE', #7 ) ;
#2152 = DIRECTION ( 'NONE',  ( -1.000000000000000000, 0.000000000000000000, 0.000000000000000000 ) ) ;
#2153 = ADVANCED_FACE ( 'NONE', ( #3265 ), #1257, .T. ) ;
#2154 = CARTESIAN_POINT ( 'NONE',  ( -52.29583554250811517, 8.439904173535021314, 25.39999999999999858 ) ) ;
#2155 = ADVANCED_FACE ( 'NONE', ( #2049 ), #951, .T. ) ;
#2156 = CIRCLE ( 'NONE', #384, 3.000000000000002665 ) ;
#2157 = VERTEX_POINT ( 'NONE', #1747 ) ;
#2158 = ORIENTED_EDGE ( 'NONE', *, *, #1489, .T. ) ;
#2159 = CARTESIAN_POINT ( 'NONE',  ( -52.29583554250811517, 8.439904173535021314, 16.50000000000000000 ) ) ;
#2160 = DIRECTION ( 'NONE',  ( 1.000000000000000000, 0.000000000000000000, 0.000000000000000000 ) ) ;
#2161 = EDGE_LOOP ( 'NONE', ( #789, #2355, #2337, #1023 ) ) ;
#2162 = CARTESIAN_POINT ( 'NONE',  ( 54.75416445749178251, 25.98677133338267353, 19.00000000000000000 ) ) ;
#2163 = LINE ( 'NONE', #1611, #2413 ) ;
#2164 = ORIENTED_EDGE ( 'NONE', *, *, #1834, .F. ) ;
#2165 = LINE ( 'NONE', #1916, #1177 ) ;
#2166 = DIRECTION ( 'NONE',  ( 6.938893903907222067E-15, 1.000000000000000000, -0.000000000000000000 ) ) ;
#2167 = CARTESIAN_POINT ( 'NONE',  ( 54.25416445749178251, -44.81322866661731297, 25.39999999999999858 ) ) ;
#2168 = LINE ( 'NONE', #717, #959 ) ;
#2169 = AXIS2_PLACEMENT_3D ( 'NONE', #486, #1702, #2296 ) ;
#2170 = EDGE_LOOP ( 'NONE', ( #2632, #1947, #2394, #3416 ) ) ;
#2171 = EDGE_CURVE ( 'NONE', #2822, #3744, #2419, .T. ) ;
#2172 = ORIENTED_EDGE ( 'NONE', *, *, #2346, .F. ) ;
#2173 = LINE ( 'NONE', #1031, #2392 ) ;
#2174 = AXIS2_PLACEMENT_3D ( 'NONE', #2018, #2092, #1508 ) ;
#2175 = LINE ( 'NONE', #3350, #2330 ) ;
#2176 = EDGE_CURVE ( 'NONE', #3564, #1359, #23, .T. ) ;
#2177 = VERTEX_POINT ( 'NONE', #63 ) ;
#2178 = CARTESIAN_POINT ( 'NONE',  ( -45.59344854183516560, 49.99328276107484470, 13.50000000000000178 ) ) ;
#2179 = FACE_OUTER_BOUND ( 'NONE', #2341, .T. ) ;
#2180 = EDGE_CURVE ( 'NONE', #1466, #1067, #2954, .T. ) ;
#2181 = CIRCLE ( 'NONE', #290, 3.000000000000002665 ) ;
#2182 = LINE ( 'NONE', #3315, #90 ) ;
#2183 = CARTESIAN_POINT ( 'NONE',  ( 43.50177745681830999, 49.99328276107517866, 16.50000000000000000 ) ) ;
#2184 = ORIENTED_EDGE ( 'NONE', *, *, #2008, .T. ) ;
#2185 = DIRECTION ( 'NONE',  ( 0.000000000000000000, -0.000000000000000000, 1.000000000000000000 ) ) ;
#2186 = CARTESIAN_POINT ( 'NONE',  ( -50.24583554250805406, -50.00671723892527609, 16.50000000000000000 ) ) ;
#2187 = CARTESIAN_POINT ( 'NONE',  ( 48.57614896219996581, 42.47796574709749962, 0.000000000000000000 ) ) ;
#2188 = DIRECTION ( 'NONE',  ( -1.000000000000000000, 0.000000000000000000, 0.000000000000000000 ) ) ;
#2189 = ORIENTED_EDGE ( 'NONE', *, *, #965, .T. ) ;
#2190 = EDGE_CURVE ( 'NONE', #1631, #629, #1764, .T. ) ;
#2191 = VERTEX_POINT ( 'NONE', #2685 ) ;
#2192 = CARTESIAN_POINT ( 'NONE',  ( 52.95416445749187062, 24.08677133338269627, 24.39999999999999858 ) ) ;
#2193 = DIRECTION ( 'NONE',  ( 1.000000000000000000, 0.000000000000000000, 0.000000000000000000 ) ) ;
#2194 = ORIENTED_EDGE ( 'NONE', *, *, #2132, .T. ) ;
#2195 = EDGE_CURVE ( 'NONE', #3601, #1695, #86, .T. ) ;
#2196 = DIRECTION ( 'NONE',  ( 1.000000000000000000, 2.581228954965069464E-16, 0.000000000000000000 ) ) ;
#2197 = DIRECTION ( 'NONE',  ( -0.6694407558385198076, 0.7428654483971853795, 0.000000000000000000 ) ) ;
#2198 = AXIS2_PLACEMENT_3D ( 'NONE', #3279, #52, #1553 ) ;
#2199 = CARTESIAN_POINT ( 'NONE',  ( 40.07736335792299798, 0.000000000000000000, 16.50000000000000000 ) ) ;
#2200 = AXIS2_PLACEMENT_3D ( 'NONE', #1104, #3182, #2250 ) ;
#2201 = ORIENTED_EDGE ( 'NONE', *, *, #1834, .T. ) ;
#2202 = CARTESIAN_POINT ( 'NONE',  ( 54.75416445749178251, -45.81322866661731297, 16.50000000000000000 ) ) ;
#2203 = CARTESIAN_POINT ( 'NONE',  ( -40.58855681255305115, -44.81322866661732718, 16.50000000000000000 ) ) ;
#2204 = DIRECTION ( 'NONE',  ( -0.000000000000000000, -0.000000000000000000, -1.000000000000000000 ) ) ;
#2205 = PLANE ( 'NONE',  #1727 ) ;
#2206 = ORIENTED_EDGE ( 'NONE', *, *, #1853, .F. ) ;
#2207 = EDGE_LOOP ( 'NONE', ( #44, #3715 ) ) ;
#2208 = CARTESIAN_POINT ( 'NONE',  ( 45.10177745681895090, 49.99328276107484470, 13.50000000000000178 ) ) ;
#2209 = CARTESIAN_POINT ( 'NONE',  ( 0.000000000000000000, 0.000000000000000000, 0.000000000000000000 ) ) ;
#2210 = ORIENTED_EDGE ( 'NONE', *, *, #1281, .T. ) ;
#2211 = CIRCLE ( 'NONE', #1370, 3.000000000000002665 ) ;
#2212 = CARTESIAN_POINT ( 'NONE',  ( 49.75416445749183936, -50.00671723892527609, 13.50000000000000178 ) ) ;
#2213 = LINE ( 'NONE', #2808, #2790 ) ;
#2214 = LINE ( 'NONE', #2167, #2481 ) ;
#2215 = VECTOR ( 'NONE', #3207, 1000.000000000000000 ) ;
#2216 = DIRECTION ( 'NONE',  ( 0.005763824562264503043, -0.9999833890252455282, 0.000000000000000000 ) ) ;
#2217 = EDGE_CURVE ( 'NONE', #1165, #2151, #2066, .T. ) ;
#2218 = CARTESIAN_POINT ( 'NONE',  ( 51.75416445749164751, -54.00671723892492082, 15.50000000000000000 ) ) ;
#2219 = ORIENTED_EDGE ( 'NONE', *, *, #1066, .T. ) ;
#2220 = EDGE_CURVE ( 'NONE', #1108, #1324, #1469, .T. ) ;
#2221 = VECTOR ( 'NONE', #1974, 1000.000000000000000 ) ;
#2222 = FACE_BOUND ( 'NONE', #2497, .T. ) ;
#2223 = CYLINDRICAL_SURFACE ( 'NONE', #1498, 3.000000000000002665 ) ;
#2224 = DIRECTION ( 'NONE',  ( -1.000000000000000000, -0.000000000000000000, -0.000000000000000000 ) ) ;
#2225 = ORIENTED_EDGE ( 'NONE', *, *, #1962, .T. ) ;
#2226 = VERTEX_POINT ( 'NONE', #313 ) ;
#2227 = CARTESIAN_POINT ( 'NONE',  ( 45.62343970946916727, 50.69122662819302860, 16.50000000000000000 ) ) ;
#2228 = FACE_BOUND ( 'NONE', #1617, .T. ) ;
#2229 = AXIS2_PLACEMENT_3D ( 'NONE', #2178, #709, #1625 ) ;
#2230 = ORIENTED_EDGE ( 'NONE', *, *, #1454, .T. ) ;
#2231 = DIRECTION ( 'NONE',  ( 1.000000000000000000, -3.652049423109043569E-15, 0.000000000000000000 ) ) ;
#2232 = ORIENTED_EDGE ( 'NONE', *, *, #3726, .T. ) ;
#2233 = AXIS2_PLACEMENT_3D ( 'NONE', #68, #3190, #571 ) ;
#2234 = AXIS2_PLACEMENT_3D ( 'NONE', #1895, #2531, #2834 ) ;
#2235 = EDGE_CURVE ( 'NONE', #1129, #3629, #3290, .T. ) ;
#2236 = EDGE_CURVE ( 'NONE', #3641, #1466, #2340, .T. ) ;
#2237 = CARTESIAN_POINT ( 'NONE',  ( 51.35416445749179104, -50.00671723892491372, 15.50000000000000000 ) ) ;
#2238 = CARTESIAN_POINT ( 'NONE',  ( -49.11511079442895777, 50.69122662818232072, 0.000000000000000000 ) ) ;
#2239 = ORIENTED_EDGE ( 'NONE', *, *, #2354, .T. ) ;
#2240 = PLANE ( 'NONE',  #1322 ) ;
#2241 = FACE_BOUND ( 'NONE', #946, .T. ) ;
#2242 = DIRECTION ( 'NONE',  ( -0.000000000000000000, -0.000000000000000000, -1.000000000000000000 ) ) ;
#2243 = ORIENTED_EDGE ( 'NONE', *, *, #444, .F. ) ;
#2244 = CIRCLE ( 'NONE', #3587, 1.600000000000129097 ) ;
#2245 = VECTOR ( 'NONE', #3056, 1000.000000000000000 ) ;
#2246 = EDGE_CURVE ( 'NONE', #32, #130, #586, .T. ) ;
#2247 = ADVANCED_FACE ( 'NONE', ( #334 ), #3242, .F. ) ;
#2248 = VERTEX_POINT ( 'NONE', #619 ) ;
#2249 = VECTOR ( 'NONE', #1514, 1000.000000000000000 ) ;
#2250 = DIRECTION ( 'NONE',  ( 1.000000000000000000, 0.000000000000000000, 0.000000000000000000 ) ) ;
#2251 = PLANE ( 'NONE',  #2730 ) ;
#2252 = EDGE_CURVE ( 'NONE', #2966, #133, #43, .T. ) ;
#2253 = EDGE_CURVE ( 'NONE', #2034, #2677, #2211, .T. ) ;
#2254 = VERTEX_POINT ( 'NONE', #723 ) ;
#2255 = CARTESIAN_POINT ( 'NONE',  ( -55.24583554250802564, -44.47153714672291613, 15.50000000000000000 ) ) ;
#2256 = ORIENTED_EDGE ( 'NONE', *, *, #3648, .T. ) ;
#2257 = LINE ( 'NONE', #2603, #1134 ) ;
#2258 = DIRECTION ( 'NONE',  ( 0.000000000000000000, 0.000000000000000000, -1.000000000000000000 ) ) ;
#2259 = ORIENTED_EDGE ( 'NONE', *, *, #1797, .F. ) ;
#2260 = LINE ( 'NONE', #467, #2843 ) ;
#2261 = CIRCLE ( 'NONE', #2872, 3.000000000000002665 ) ;
#2262 = DIRECTION ( 'NONE',  ( 0.000000000000000000, 0.000000000000000000, 1.000000000000000000 ) ) ;
#2263 = DIRECTION ( 'NONE',  ( 0.000000000000000000, 0.000000000000000000, -1.000000000000000000 ) ) ;
#2264 = ORIENTED_EDGE ( 'NONE', *, *, #278, .T. ) ;
#2265 = ORIENTED_EDGE ( 'NONE', *, *, #2754, .T. ) ;
#2266 = CARTESIAN_POINT ( 'NONE',  ( -49.06782004700621513, 42.47796574728720032, 14.25735931288071612 ) ) ;
#2267 = DIRECTION ( 'NONE',  ( 0.005763824543391836593, 0.9999833890253542190, -0.000000000000000000 ) ) ;
#2268 = ORIENTED_EDGE ( 'NONE', *, *, #2029, .T. ) ;
#2269 = ORIENTED_EDGE ( 'NONE', *, *, #595, .F. ) ;
#2270 = ADVANCED_FACE ( 'NONE', ( #419 ), #1621, .F. ) ;
#2271 = CARTESIAN_POINT ( 'NONE',  ( -53.24583554250806117, -50.00671723892527609, 16.50000000000000000 ) ) ;
#2272 = ORIENTED_EDGE ( 'NONE', *, *, #2923, .F. ) ;
#2273 = DIRECTION ( 'NONE',  ( -1.000000000000000000, -0.000000000000000000, -0.000000000000000000 ) ) ;
#2274 = AXIS2_PLACEMENT_3D ( 'NONE', #3402, #1978, #1995 ) ;
#2275 = CARTESIAN_POINT ( 'NONE',  ( -40.56903444293924110, 50.13673285076698960, 14.25735931288071434 ) ) ;
#2276 = VERTEX_POINT ( 'NONE', #704 ) ;
#2277 = LINE ( 'NONE', #3448, #3637 ) ;
#2278 = CARTESIAN_POINT ( 'NONE',  ( 43.07736335792299798, 53.69122662819303571, 0.000000000000000000 ) ) ;
#2279 = LINE ( 'NONE', #812, #759 ) ;
#2280 = VERTEX_POINT ( 'NONE', #190 ) ;
#2281 = ORIENTED_EDGE ( 'NONE', *, *, #1301, .F. ) ;
#2282 = DIRECTION ( 'NONE',  ( 0.000000000000000000, -0.000000000000000000, -1.000000000000000000 ) ) ;
#2283 = DIRECTION ( 'NONE',  ( -1.054543146490460309E-16, -1.000000000000000000, 0.000000000000000000 ) ) ;
#2284 = EDGE_LOOP ( 'NONE', ( #3157, #770, #2323, #3471 ) ) ;
#2285 = ORIENTED_EDGE ( 'NONE', *, *, #1890, .F. ) ;
#2286 = DIRECTION ( 'NONE',  ( -1.000000000000000000, 0.000000000000000000, 0.000000000000000000 ) ) ;
#2287 = ORIENTED_EDGE ( 'NONE', *, *, #2523, .T. ) ;
#2288 = CIRCLE ( 'NONE', #1983, 3.000000000000002665 ) ;
#2289 = VECTOR ( 'NONE', #518, 1000.000000000000000 ) ;
#2290 = ADVANCED_FACE ( 'NONE', ( #1361 ), #760, .F. ) ;
#2291 = AXIS2_PLACEMENT_3D ( 'NONE', #754, #3376, #734 ) ;
#2292 = VECTOR ( 'NONE', #1949, 1000.000000000000000 ) ;
#2293 = ADVANCED_FACE ( 'NONE', ( #1279 ), #2783, .F. ) ;
#2294 = CARTESIAN_POINT ( 'NONE',  ( 54.75416445749163330, -47.47153714672292324, 12.50000000000000000 ) ) ;
#2295 = CARTESIAN_POINT ( 'NONE',  ( 0.000000000000000000, 0.000000000000000000, 24.39999999999999858 ) ) ;
#2296 = DIRECTION ( 'NONE',  ( -0.7428654483971853795, 0.6694407558385198076, 0.000000000000000000 ) ) ;
#2297 = FACE_OUTER_BOUND ( 'NONE', #344, .T. ) ;
#2298 = CARTESIAN_POINT ( 'NONE',  ( -53.44583554250812796, -45.81322866661731297, 24.39999999999999858 ) ) ;
#2299 = ORIENTED_EDGE ( 'NONE', *, *, #777, .F. ) ;
#2300 = AXIS2_PLACEMENT_3D ( 'NONE', #3540, #3260, #2128 ) ;
#2301 = VECTOR ( 'NONE', #980, 1000.000000000000000 ) ;
#2302 = CARTESIAN_POINT ( 'NONE',  ( 48.62338987654523237, 50.67393515456286224, 0.000000000000000000 ) ) ;
#2303 = CARTESIAN_POINT ( 'NONE',  ( -52.29583554250811517, -17.14075662171384451, 19.00000000000000000 ) ) ;
#2304 = VECTOR ( 'NONE', #1597, 1000.000000000000000 ) ;
#2305 = ORIENTED_EDGE ( 'NONE', *, *, #3243, .T. ) ;
#2306 = ORIENTED_EDGE ( 'NONE', *, *, #3726, .F. ) ;
#2307 = CARTESIAN_POINT ( 'NONE',  ( 44.75416445749165462, -47.47153714672292324, 15.50000000000000000 ) ) ;
#2308 = ORIENTED_EDGE ( 'NONE', *, *, #1645, .F. ) ;
#2309 = ADVANCED_FACE ( 'NONE', ( #1845 ), #476, .T. ) ;
#2310 = PLANE ( 'NONE',  #462 ) ;
#2311 = CARTESIAN_POINT ( 'NONE',  ( -53.44583554250814217, 24.08677133338269627, 24.39999999999999858 ) ) ;
#2312 = ADVANCED_FACE ( 'NONE', ( #398 ), #1341, .T. ) ;
#2313 = FACE_OUTER_BOUND ( 'NONE', #685, .T. ) ;
#2314 = LINE ( 'NONE', #1080, #2491 ) ;
#2315 = CARTESIAN_POINT ( 'NONE',  ( 48.10177745681895800, 49.99328276107484470, 16.50000000000000000 ) ) ;
#2316 = ORIENTED_EDGE ( 'NONE', *, *, #3301, .T. ) ;
#2317 = LINE ( 'NONE', #347, #5 ) ;
#2318 = LINE ( 'NONE', #2933, #1996 ) ;
#2319 = AXIS2_PLACEMENT_3D ( 'NONE', #1207, #960, #2964 ) ;
#2320 = AXIS2_PLACEMENT_3D ( 'NONE', #1716, #3191, #2604 ) ;
#2321 = VECTOR ( 'NONE', #1425, 1000.000000000000000 ) ;
#2322 = ORIENTED_EDGE ( 'NONE', *, *, #1853, .T. ) ;
#2323 = ORIENTED_EDGE ( 'NONE', *, *, #606, .F. ) ;
#2324 = DIRECTION ( 'NONE',  ( -1.000000000000000000, 0.000000000000000000, 0.000000000000000000 ) ) ;
#2325 = ORIENTED_EDGE ( 'NONE', *, *, #3553, .F. ) ;
#2326 = AXIS2_PLACEMENT_3D ( 'NONE', #1899, #3625, #2773 ) ;
#2327 = DIRECTION ( 'NONE',  ( -0.000000000000000000, -0.000000000000000000, -1.000000000000000000 ) ) ;
#2328 = CARTESIAN_POINT ( 'NONE',  ( 54.25416445749178962, -43.81322866661731297, 16.39999999999999858 ) ) ;
#2329 = DIRECTION ( 'NONE',  ( -0.000000000000000000, 0.000000000000000000, 1.000000000000000000 ) ) ;
#2330 = VECTOR ( 'NONE', #3062, 1000.000000000000000 ) ;
#2331 = DIRECTION ( 'NONE',  ( 1.000000000000000000, 1.273191542001328782E-16, 0.000000000000000000 ) ) ;
#2332 = EDGE_CURVE ( 'NONE', #3601, #1199, #1321, .T. ) ;
#2333 = ORIENTED_EDGE ( 'NONE', *, *, #211, .F. ) ;
#2334 = AXIS2_PLACEMENT_3D ( 'NONE', #2630, #6, #1184 ) ;
#2335 = DIRECTION ( 'NONE',  ( 1.000000000000000000, -1.008560160451632221E-16, 0.000000000000000000 ) ) ;
#2336 = FACE_OUTER_BOUND ( 'NONE', #1988, .T. ) ;
#2337 = ORIENTED_EDGE ( 'NONE', *, *, #1898, .T. ) ;
#2338 = VERTEX_POINT ( 'NONE', #2804 ) ;
#2339 = LINE ( 'NONE', #3094, #1374 ) ;
#2340 = LINE ( 'NONE', #1782, #70 ) ;
#2341 = EDGE_LOOP ( 'NONE', ( #962, #2553, #330, #921, #3020, #420, #1236, #1280 ) ) ;
#2342 = EDGE_CURVE ( 'NONE', #32, #1566, #3651, .T. ) ;
#2343 = VECTOR ( 'NONE', #1989, 1000.000000000000000 ) ;
#2344 = CARTESIAN_POINT ( 'NONE',  ( -50.24583554250805406, -50.00671723892527609, 13.50000000000000178 ) ) ;
#2345 = CARTESIAN_POINT ( 'NONE',  ( -48.24583554250757089, -51.00671723892524767, 0.000000000000000000 ) ) ;
#2346 = EDGE_CURVE ( 'NONE', #399, #3361, #1032, .T. ) ;
#2347 = VECTOR ( 'NONE', #3713, 1000.000000000000000 ) ;
#2348 = CARTESIAN_POINT ( 'NONE',  ( -40.56903444293924110, 46.09831646395988258, 15.50000000000000000 ) ) ;
#2349 = DIRECTION ( 'NONE',  ( 0.000000000000000000, -0.000000000000000000, 1.000000000000000000 ) ) ;
#2350 = LINE ( 'NONE', #3787, #443 ) ;
#2351 = ORIENTED_EDGE ( 'NONE', *, *, #487, .T. ) ;
#2352 = FACE_OUTER_BOUND ( 'NONE', #1976, .T. ) ;
#2353 = CARTESIAN_POINT ( 'NONE',  ( -45.24583554250842354, -47.47153714672292324, 15.50000000000000000 ) ) ;
#2354 = EDGE_CURVE ( 'NONE', #3441, #1016, #2724, .T. ) ;
#2355 = ORIENTED_EDGE ( 'NONE', *, *, #3149, .T. ) ;
#2356 = EDGE_LOOP ( 'NONE', ( #1945, #568, #2150, #2385, #2579, #1009 ) ) ;
#2357 = LINE ( 'NONE', #2109, #2830 ) ;
#2358 = EDGE_CURVE ( 'NONE', #114, #2013, #3251, .T. ) ;
#2359 = DIRECTION ( 'NONE',  ( 0.000000000000000000, -1.000000000000000000, 0.000000000000000000 ) ) ;
#2360 = VERTEX_POINT ( 'NONE', #1906 ) ;
#2361 = ADVANCED_FACE ( 'NONE', ( #993 ), #2460, .T. ) ;
#2362 = CARTESIAN_POINT ( 'NONE',  ( -49.29774583310520342, -47.15868665820117656, 13.83647617489096149 ) ) ;
#2363 = FACE_OUTER_BOUND ( 'NONE', #1424, .T. ) ;
#2364 = LINE ( 'NONE', #3769, #3382 ) ;
#2365 = FACE_OUTER_BOUND ( 'NONE', #2935, .T. ) ;
#2366 = LINE ( 'NONE', #3534, #1710 ) ;
#2367 = VERTEX_POINT ( 'NONE', #2154 ) ;
#2368 = CARTESIAN_POINT ( 'NONE',  ( 0.000000000000000000, 0.000000000000000000, 16.50000000000000000 ) ) ;
#2369 = DIRECTION ( 'NONE',  ( 1.000000000000000000, 0.000000000000000000, 0.000000000000000000 ) ) ;
#2370 = LINE ( 'NONE', #58, #2914 ) ;
#2371 = ORIENTED_EDGE ( 'NONE', *, *, #847, .T. ) ;
#2372 = ORIENTED_EDGE ( 'NONE', *, *, #3669, .F. ) ;
#2373 = ORIENTED_EDGE ( 'NONE', *, *, #82, .T. ) ;
#2374 = CARTESIAN_POINT ( 'NONE',  ( 0.000000000000000000, 0.000000000000000000, 24.39999999999999858 ) ) ;
#2375 = CARTESIAN_POINT ( 'NONE',  ( -48.24583554250757089, -54.00671723892524767, 16.50000000000000000 ) ) ;
#2376 = ORIENTED_EDGE ( 'NONE', *, *, #3192, .F. ) ;
#2377 = CIRCLE ( 'NONE', #129, 1.600000000000129097 ) ;
#2378 = EDGE_LOOP ( 'NONE', ( #1527, #1345 ) ) ;
#2379 = DIRECTION ( 'NONE',  ( -0.000000000000000000, -0.000000000000000000, -1.000000000000000000 ) ) ;
#2380 = CARTESIAN_POINT ( 'NONE',  ( -18.04583554250812583, 25.98677133338267353, 18.50000000000000355 ) ) ;
#2381 = DIRECTION ( 'NONE',  ( -1.008560160451632221E-16, -1.000000000000000000, 0.000000000000000000 ) ) ;
#2382 = CARTESIAN_POINT ( 'NONE',  ( -52.29583554250811517, -17.14075662171384451, 25.39999999999999858 ) ) ;
#2383 = DIRECTION ( 'NONE',  ( -0.000000000000000000, 1.000000000000000000, -0.000000000000000000 ) ) ;
#2384 = CARTESIAN_POINT ( 'NONE',  ( -45.24583554250842354, -47.47153714672292324, 12.50000000000000000 ) ) ;
#2385 = ORIENTED_EDGE ( 'NONE', *, *, #1676, .F. ) ;
#2386 = VECTOR ( 'NONE', #2572, 1000.000000000000000 ) ;
#2387 = DIRECTION ( 'NONE',  ( -0.000000000000000000, 0.000000000000000000, -1.000000000000000000 ) ) ;
#2388 = PLANE ( 'NONE',  #1509 ) ;
#2389 = CARTESIAN_POINT ( 'NONE',  ( 0.000000000000000000, 0.000000000000000000, 0.000000000000000000 ) ) ;
#2390 = ORIENTED_EDGE ( 'NONE', *, *, #3508, .T. ) ;
#2391 = ADVANCED_FACE ( 'NONE', ( #3328, #172 ), #1049, .T. ) ;
#2392 = VECTOR ( 'NONE', #3349, 1000.000000000000000 ) ;
#2393 = ORIENTED_EDGE ( 'NONE', *, *, #819, .T. ) ;
#2394 = ORIENTED_EDGE ( 'NONE', *, *, #2538, .F. ) ;
#2395 = PLANE ( 'NONE',  #2702 ) ;
#2396 = CARTESIAN_POINT ( 'NONE',  ( -52.29583554250811517, 0.000000000000000000, 19.00000000000000000 ) ) ;
#2397 = ORIENTED_EDGE ( 'NONE', *, *, #3655, .F. ) ;
#2398 = AXIS2_PLACEMENT_3D ( 'NONE', #509, #205, #1335 ) ;
#2399 = ORIENTED_EDGE ( 'NONE', *, *, #3546, .T. ) ;
#2400 = DIRECTION ( 'NONE',  ( -0.005763824543391835725, -0.9999833890253542190, 0.000000000000000000 ) ) ;
#2401 = CARTESIAN_POINT ( 'NONE',  ( -55.24583554250802564, 25.98677133338267353, 16.50000000000000000 ) ) ;
#2402 = ORIENTED_EDGE ( 'NONE', *, *, #3250, .F. ) ;
#2403 = EDGE_CURVE ( 'NONE', #3396, #114, #2175, .T. ) ;
#2404 = ADVANCED_FACE ( 'NONE', ( #2228, #3131 ), #514, .T. ) ;
#2405 = CARTESIAN_POINT ( 'NONE',  ( 49.75416445749183936, -50.00671723892527609, 16.50000000000000000 ) ) ;
#2406 = LINE ( 'NONE', #51, #3108 ) ;
#2407 = DIRECTION ( 'NONE',  ( -0.000000000000000000, -0.000000000000000000, -1.000000000000000000 ) ) ;
#2408 = EDGE_CURVE ( 'NONE', #282, #3708, #1410, .T. ) ;
#2409 = VECTOR ( 'NONE', #2448, 1000.000000000000000 ) ;
#2410 = CARTESIAN_POINT ( 'NONE',  ( -52.29583554250811517, 22.98677133338268064, 25.39999999999999858 ) ) ;
#2411 = FACE_OUTER_BOUND ( 'NONE', #1186, .T. ) ;
#2412 = AXIS2_PLACEMENT_3D ( 'NONE', #2728, #2197, #89 ) ;
#2413 = VECTOR ( 'NONE', #2771, 1000.000000000000000 ) ;
#2414 = CARTESIAN_POINT ( 'NONE',  ( 0.000000000000000000, -54.00671723892524767, 16.50000000000000000 ) ) ;
#2415 = VERTEX_POINT ( 'NONE', #1380 ) ;
#2416 = EDGE_CURVE ( 'NONE', #3562, #991, #2156, .T. ) ;
#2417 = VERTEX_POINT ( 'NONE', #2893 ) ;
#2418 = CARTESIAN_POINT ( 'NONE',  ( 51.80416445749188625, -5.462972658831275763E-15, 19.00000000000000000 ) ) ;
#2419 = LINE ( 'NONE', #1185, #1308 ) ;
#2420 = EDGE_LOOP ( 'NONE', ( #2839, #2863, #2772, #106, #3788, #2299, #3692, #599, #2821, #182, #3273 ) ) ;
#2421 = VECTOR ( 'NONE', #2940, 1000.000000000000000 ) ;
#2422 = ORIENTED_EDGE ( 'NONE', *, *, #3549, .T. ) ;
#2423 = DIRECTION ( 'NONE',  ( -1.000000000000000000, -0.000000000000000000, -0.000000000000000000 ) ) ;
#2424 = VECTOR ( 'NONE', #2224, 1000.000000000000000 ) ;
#2425 = DIRECTION ( 'NONE',  ( -0.000000000000000000, 0.000000000000000000, -1.000000000000000000 ) ) ;
#2426 = ORIENTED_EDGE ( 'NONE', *, *, #1768, .F. ) ;
#2427 = CARTESIAN_POINT ( 'NONE',  ( 40.09688572753680802, -44.81322866661731297, 16.39999999999999858 ) ) ;
#2428 = DIRECTION ( 'NONE',  ( 0.000000000000000000, 0.000000000000000000, -1.000000000000000000 ) ) ;
#2429 = DIRECTION ( 'NONE',  ( -1.000000000000000000, -0.000000000000000000, -0.000000000000000000 ) ) ;
#2430 = EDGE_LOOP ( 'NONE', ( #853, #840, #3023, #2144 ) ) ;
#2431 = EDGE_CURVE ( 'NONE', #1774, #1240, #494, .T. ) ;
#2432 = EDGE_CURVE ( 'NONE', #2742, #1203, #142, .T. ) ;
#2433 = FACE_BOUND ( 'NONE', #2750, .T. ) ;
#2434 = CARTESIAN_POINT ( 'NONE',  ( 51.80416445749188625, 22.98677133338267708, 19.00000000000000000 ) ) ;
#2435 = CARTESIAN_POINT ( 'NONE',  ( 54.75416445749178251, 0.000000000000000000, 16.50000000000000000 ) ) ;
#2436 = PLANE ( 'NONE',  #2300 ) ;
#2437 = EDGE_LOOP ( 'NONE', ( #3154, #176, #3664, #2078 ) ) ;
#2438 = ORIENTED_EDGE ( 'NONE', *, *, #83, .T. ) ;
#2439 = PLANE ( 'NONE',  #3255 ) ;
#2440 = DIRECTION ( 'NONE',  ( 1.000000000000000000, 0.000000000000000000, 0.000000000000000000 ) ) ;
#2441 = ORIENTED_EDGE ( 'NONE', *, *, #1369, .F. ) ;
#2442 = B_SPLINE_CURVE_WITH_KNOTS ( 'NONE', 3,
 ( #1201, #895, #332, #22, #2065, #374, #601, #1542, #3565, #877, #618, #949, #3225, #1504, #2936, #2032 ),
 .UNSPECIFIED., .F., .F.,
 ( 4, 2, 2, 2, 2, 2, 2, 4 ),
 ( 0.000000000000000000, 0.0003768568313165377012, 0.0007537136626330754024, 0.001130570493949612995, 0.001507427325266150805, 0.001884284156582688614, 0.002261140987899225990, 0.003014854650532280793 ),
 .UNSPECIFIED. ) ;
#2443 = ORIENTED_EDGE ( 'NONE', *, *, #1572, .F. ) ;
#2444 = CARTESIAN_POINT ( 'NONE',  ( -43.56903444293924110, -44.47153714672325009, 16.50000000000000000 ) ) ;
#2445 = VECTOR ( 'NONE', #3476, 1000.000000000000000 ) ;
#2446 =( LENGTH_UNIT ( ) NAMED_UNIT ( * ) SI_UNIT ( .MILLI., .METRE. ) );
#2447 = VERTEX_POINT ( 'NONE', #855 ) ;
#2448 = DIRECTION ( 'NONE',  ( -0.000000000000000000, -0.000000000000000000, -1.000000000000000000 ) ) ;
#2449 = EDGE_CURVE ( 'NONE', #1885, #1350, #3757, .T. ) ;
#2450 = LINE ( 'NONE', #2183, #281 ) ;
#2451 = VERTEX_POINT ( 'NONE', #1960 ) ;
#2452 = CARTESIAN_POINT ( 'NONE',  ( 54.25416445749178962, -43.81322866661731297, 16.39999999999999858 ) ) ;
#2453 = CARTESIAN_POINT ( 'NONE',  ( 54.75416445749164751, -51.00671723892489950, 15.50000000000000000 ) ) ;
#2454 = ADVANCED_FACE ( 'NONE', ( #232 ), #1675, .F. ) ;
#2455 = LINE ( 'NONE', #3661, #1440 ) ;
#2456 = DIRECTION ( 'NONE',  ( 0.000000000000000000, 0.000000000000000000, -1.000000000000000000 ) ) ;
#2457 = VERTEX_POINT ( 'NONE', #781 ) ;
#2458 = ORIENTED_EDGE ( 'NONE', *, *, #2190, .T. ) ;
#2459 = DIRECTION ( 'NONE',  ( -0.000000000000000000, -0.000000000000000000, 1.000000000000000000 ) ) ;
#2460 = CYLINDRICAL_SURFACE ( 'NONE', #998, 3.000000000000002665 ) ;
#2461 = AXIS2_PLACEMENT_3D ( 'NONE', #260, #277, #3454 ) ;
#2462 = VERTEX_POINT ( 'NONE', #1142 ) ;
#2463 = VECTOR ( 'NONE', #109, 1000.000000000000000 ) ;
#2464 = ORIENTED_EDGE ( 'NONE', *, *, #2894, .F. ) ;
#2465 = DIRECTION ( 'NONE',  ( -0.000000000000000000, -0.000000000000000000, -1.000000000000000000 ) ) ;
#2466 = CARTESIAN_POINT ( 'NONE',  ( 0.000000000000000000, 53.69122662819303571, 16.50000000000000000 ) ) ;
#2467 = CARTESIAN_POINT ( 'NONE',  ( 0.000000000000000000, 53.69122662818232072, 16.50000000000000000 ) ) ;
#2468 = FACE_OUTER_BOUND ( 'NONE', #2883, .T. ) ;
#2469 = EDGE_CURVE ( 'NONE', #2140, #170, #1944, .T. ) ;
#2470 = ORIENTED_EDGE ( 'NONE', *, *, #2449, .T. ) ;
#2471 = CARTESIAN_POINT ( 'NONE',  ( 17.55416445749187915, 25.98677133338267353, 16.50000000000000000 ) ) ;
#2472 = LINE ( 'NONE', #449, #1029 ) ;
#2473 = DIRECTION ( 'NONE',  ( 0.005763824543391836593, 0.9999833890253543300, 0.000000000000000000 ) ) ;
#2474 = FACE_OUTER_BOUND ( 'NONE', #3778, .T. ) ;
#2475 = AXIS2_PLACEMENT_3D ( 'NONE', #1040, #2698, #76 ) ;
#2476 = ORIENTED_EDGE ( 'NONE', *, *, #390, .F. ) ;
#2477 = VECTOR ( 'NONE', #159, 1000.000000000000000 ) ;
#2478 = ADVANCED_FACE ( 'NONE', ( #2010 ), #3115, .T. ) ;
#2479 = EDGE_LOOP ( 'NONE', ( #1033, #652, #927, #3747 ) ) ;
#2480 = DIRECTION ( 'NONE',  ( -0.000000000000000000, -0.000000000000000000, -1.000000000000000000 ) ) ;
#2481 = VECTOR ( 'NONE', #774, 1000.000000000000000 ) ;
#2482 = CARTESIAN_POINT ( 'NONE',  ( -53.44583554250814217, 8.439904173535021314, 24.39999999999999858 ) ) ;
#2483 = VERTEX_POINT ( 'NONE', #3741 ) ;
#2484 = CARTESIAN_POINT ( 'NONE',  ( -48.24583554250757089, -54.00671723892492082, 0.000000000000000000 ) ) ;
#2485 = EDGE_CURVE ( 'NONE', #3383, #2826, #2878, .T. ) ;
#2486 = LINE ( 'NONE', #3045, #581 ) ;
#2487 = VECTOR ( 'NONE', #3034, 1000.000000000000000 ) ;
#2488 = DIRECTION ( 'NONE',  ( 0.000000000000000000, 0.000000000000000000, 1.000000000000000000 ) ) ;
#2489 = CARTESIAN_POINT ( 'NONE',  ( -54.74583554250801143, -43.81322866661731297, 16.39999999999999858 ) ) ;
#2490 = ORIENTED_EDGE ( 'NONE', *, *, #3489, .T. ) ;
#2491 = VECTOR ( 'NONE', #3752, 1000.000000000000000 ) ;
#2492 = LINE ( 'NONE', #2737, #2825 ) ;
#2493 = DIRECTION ( 'NONE',  ( -0.000000000000000000, -0.000000000000000000, 1.000000000000000000 ) ) ;
#2494 = CARTESIAN_POINT ( 'NONE',  ( -53.44583554250814217, 8.439904173535021314, 24.39999999999999858 ) ) ;
#2495 = DIRECTION ( 'NONE',  ( -4.247101873863862393E-15, 1.000000000000000000, -0.000000000000000000 ) ) ;
#2496 = VERTEX_POINT ( 'NONE', #3419 ) ;
#2497 = EDGE_LOOP ( 'NONE', ( #1381, #642 ) ) ;
#2498 = LINE ( 'NONE', #3612, #2586 ) ;
#2499 = DIRECTION ( 'NONE',  ( -0.000000000000000000, -1.000000000000000000, -0.000000000000000000 ) ) ;
#2500 = ORIENTED_EDGE ( 'NONE', *, *, #1967, .F. ) ;
#2501 = EDGE_CURVE ( 'NONE', #1780, #3701, #2560, .T. ) ;
#2502 = CYLINDRICAL_SURFACE ( 'NONE', #1495, 1.599999999999997202 ) ;
#2503 = DIRECTION ( 'NONE',  ( 1.000000000000000000, 0.000000000000000000, 0.000000000000000000 ) ) ;
#2504 = EDGE_CURVE ( 'NONE', #2561, #1807, #1124, .T. ) ;
#2505 = PLANE ( 'NONE',  #95 ) ;
#2506 = VECTOR ( 'NONE', #322, 1000.000000000000000 ) ;
#2507 = CARTESIAN_POINT ( 'NONE',  ( -52.29583554250811517, 22.98677133338268064, 24.39999999999999858 ) ) ;
#2508 = VECTOR ( 'NONE', #1113, 1000.000000000000000 ) ;
#2509 = DIRECTION ( 'NONE',  ( 1.000000000000000000, 0.000000000000000000, 0.000000000000000000 ) ) ;
#2510 = AXIS2_PLACEMENT_3D ( 'NONE', #1943, #245, #3130 ) ;
#2511 = EDGE_LOOP ( 'NONE', ( #3124, #584, #2845, #2219 ) ) ;
#2512 = FACE_OUTER_BOUND ( 'NONE', #2573, .T. ) ;
#2513 = FACE_OUTER_BOUND ( 'NONE', #1138, .T. ) ;
#2514 = CYLINDRICAL_SURFACE ( 'NONE', #3411, 2.999999999999998668 ) ;
#2515 = DIRECTION ( 'NONE',  ( 2.420054292158815258E-16, -1.000000000000000000, 0.000000000000000000 ) ) ;
#2516 = ORIENTED_EDGE ( 'NONE', *, *, #1730, .F. ) ;
#2517 = ORIENTED_EDGE ( 'NONE', *, *, #2171, .T. ) ;
#2518 = CARTESIAN_POINT ( 'NONE',  ( 54.75416445749163330, -47.47153714672292324, 15.50000000000000000 ) ) ;
#2519 = CARTESIAN_POINT ( 'NONE',  ( -52.24583554250801853, -51.00671723892524767, 0.000000000000000000 ) ) ;
#2520 = VECTOR ( 'NONE', #2678, 1000.000000000000000 ) ;
#2521 = EDGE_CURVE ( 'NONE', #622, #1467, #209, .T. ) ;
#2522 = EDGE_CURVE ( 'NONE', #700, #3266, #2542, .T. ) ;
#2523 = EDGE_CURVE ( 'NONE', #3245, #1885, #1709, .T. ) ;
#2524 = ORIENTED_EDGE ( 'NONE', *, *, #3529, .F. ) ;
#2525 = VECTOR ( 'NONE', #2577, 1000.000000000000000 ) ;
#2526 = LINE ( 'NONE', #1567, #2543 ) ;
#2527 = EDGE_LOOP ( 'NONE', ( #3268, #3497, #999, #3239, #2372, #3541, #550 ) ) ;
#2528 = CIRCLE ( 'NONE', #1778, 1.600000000000129097 ) ;
#2529 = ADVANCED_FACE ( 'NONE', ( #3435, #1087 ), #2251, .F. ) ;
#2530 = CARTESIAN_POINT ( 'NONE',  ( 0.000000000000000000, -47.47153714672325009, 16.50000000000000000 ) ) ;
#2531 = DIRECTION ( 'NONE',  ( -0.000000000000000000, 0.000000000000000000, 1.000000000000000000 ) ) ;
#2532 = EDGE_CURVE ( 'NONE', #3641, #3143, #2913, .T. ) ;
#2533 = ORIENTED_EDGE ( 'NONE', *, *, #174, .F. ) ;
#2534 = EDGE_CURVE ( 'NONE', #3437, #337, #1465, .T. ) ;
#2535 = PLANE ( 'NONE',  #1793 ) ;
#2536 = PLANE ( 'NONE',  #2120 ) ;
#2537 = DIRECTION ( 'NONE',  ( 1.000000000000000000, -3.652049423109043569E-15, 0.000000000000000000 ) ) ;
#2538 = EDGE_CURVE ( 'NONE', #3658, #3739, #2318, .T. ) ;
#2539 = ORIENTED_EDGE ( 'NONE', *, *, #377, .F. ) ;
#2540 = EDGE_LOOP ( 'NONE', ( #1921, #1003, #3244, #3706, #2106, #2745, #1561 ) ) ;
#2541 = DIRECTION ( 'NONE',  ( -0.000000000000000000, -0.000000000000000000, 1.000000000000000000 ) ) ;
#2542 = LINE ( 'NONE', #3167, #621 ) ;
#2543 = VECTOR ( 'NONE', #1873, 1000.000000000000000 ) ;
#2544 = ORIENTED_EDGE ( 'NONE', *, *, #422, .F. ) ;
#2545 = LINE ( 'NONE', #533, #609 ) ;
#2546 = ORIENTED_EDGE ( 'NONE', *, *, #1389, .F. ) ;
#2547 = CARTESIAN_POINT ( 'NONE',  ( 54.75416445749176830, 25.98677133338267353, 25.39999999999999858 ) ) ;
#2548 = CARTESIAN_POINT ( 'NONE',  ( 51.80416445749187204, -45.81322866661731297, 25.39999999999999858 ) ) ;
#2549 = ORIENTED_EDGE ( 'NONE', *, *, #1284, .F. ) ;
#2550 = CARTESIAN_POINT ( 'NONE',  ( 0.000000000000000000, 23.98677133338268064, 0.000000000000000000 ) ) ;
#2551 = LINE ( 'NONE', #3449, #1642 ) ;
#2552 = CARTESIAN_POINT ( 'NONE',  ( -42.59344854183516560, 49.99328276107484470, 16.50000000000000000 ) ) ;
#2553 = ORIENTED_EDGE ( 'NONE', *, *, #1846, .F. ) ;
#2554 = VECTOR ( 'NONE', #796, 1000.000000000000000 ) ;
#2555 = EDGE_CURVE ( 'NONE', #2829, #1915, #535, .T. ) ;
#2556 = VECTOR ( 'NONE', #393, 1000.000000000000000 ) ;
#2557 = ADVANCED_FACE ( 'NONE', ( #3491 ), #3220, .F. ) ;
#2558 = ORIENTED_EDGE ( 'NONE', *, *, #2923, .T. ) ;
#2559 = PLANE ( 'NONE',  #554 ) ;
#2560 = LINE ( 'NONE', #3705, #2765 ) ;
#2561 = VERTEX_POINT ( 'NONE', #615 ) ;
#2562 = ORIENTED_EDGE ( 'NONE', *, *, #94, .T. ) ;
#2563 = DIRECTION ( 'NONE',  ( 0.000000000000000000, 0.000000000000000000, 1.000000000000000000 ) ) ;
#2564 = ORIENTED_EDGE ( 'NONE', *, *, #2129, .F. ) ;
#2565 = CARTESIAN_POINT ( 'NONE',  ( 43.07736335792299798, -44.47153714672325009, 16.39999999999999858 ) ) ;
#2566 = DIRECTION ( 'NONE',  ( -0.000000000000000000, 0.000000000000000000, -1.000000000000000000 ) ) ;
#2567 = ORIENTED_EDGE ( 'NONE', *, *, #869, .F. ) ;
#2568 = DIRECTION ( 'NONE',  ( -3.652049423109043569E-15, -1.000000000000000000, 0.000000000000000000 ) ) ;
#2569 = EDGE_CURVE ( 'NONE', #2677, #2574, #1760, .T. ) ;
#2570 = AXIS2_PLACEMENT_3D ( 'NONE', #1395, #1086, #2877 ) ;
#2571 = CARTESIAN_POINT ( 'NONE',  ( -43.99344854183517128, 49.99328276107484470, 13.50000000000000178 ) ) ;
#2572 = DIRECTION ( 'NONE',  ( 0.7428654483971853795, 0.6694407558385198076, 0.000000000000000000 ) ) ;
#2573 = EDGE_LOOP ( 'NONE', ( #1877, #3488, #3563, #1822 ) ) ;
#2574 = VERTEX_POINT ( 'NONE', #1819 ) ;
#2575 = EDGE_CURVE ( 'NONE', #2034, #2966, #873, .T. ) ;
#2576 = LINE ( 'NONE', #3740, #2321 ) ;
#2577 = DIRECTION ( 'NONE',  ( -0.000000000000000000, -0.000000000000000000, 1.000000000000000000 ) ) ;
#2578 = ORIENTED_EDGE ( 'NONE', *, *, #496, .T. ) ;
#2579 = ORIENTED_EDGE ( 'NONE', *, *, #866, .F. ) ;
#2580 = ADVANCED_FACE ( 'NONE', ( #2336 ), #3506, .F. ) ;
#2581 = LINE ( 'NONE', #3779, #3367 ) ;
#2582 = ORIENTED_EDGE ( 'NONE', *, *, #790, .F. ) ;
#2583 = VECTOR ( 'NONE', #1721, 1000.000000000000000 ) ;
#2584 = LINE ( 'NONE', #3749, #637 ) ;
#2585 = DIRECTION ( 'NONE',  ( 1.000000000000000000, 0.000000000000000000, 0.000000000000000000 ) ) ;
#2586 = VECTOR ( 'NONE', #3305, 1000.000000000000000 ) ;
#2587 = LINE ( 'NONE', #1934, #2653 ) ;
#2588 = EDGE_CURVE ( 'NONE', #3744, #3262, #1212, .T. ) ;
#2589 = DIRECTION ( 'NONE',  ( -0.000000000000000000, 0.000000000000000000, -1.000000000000000000 ) ) ;
#2590 = CARTESIAN_POINT ( 'NONE',  ( 52.95416445749188483, -43.81322866661731297, 18.99999999999999645 ) ) ;
#2591 = EDGE_LOOP ( 'NONE', ( #1668, #3151, #1478, #3590 ) ) ;
#2592 = VERTEX_POINT ( 'NONE', #2969 ) ;
#2593 = CARTESIAN_POINT ( 'NONE',  ( 17.55416445749187915, 23.98677133338268064, 18.50000000000000355 ) ) ;
#2594 = DIRECTION ( 'NONE',  ( -1.008560160451632221E-16, -1.000000000000000000, 0.000000000000000000 ) ) ;
#2595 = EDGE_CURVE ( 'NONE', #1372, #3744, #2661, .T. ) ;
#2596 = ORIENTED_EDGE ( 'NONE', *, *, #1569, .T. ) ;
#2597 = ORIENTED_EDGE ( 'NONE', *, *, #2588, .T. ) ;
#2598 = CARTESIAN_POINT ( 'NONE',  ( 40.07736335792299798, -44.47153714672325009, 15.50000000000000000 ) ) ;
#2599 = ORIENTED_EDGE ( 'NONE', *, *, #965, .F. ) ;
#2600 = PRODUCT_DEFINITION ( 'UNKNOWN', '', #721, #442 ) ;
#2601 = VECTOR ( 'NONE', #2327, 1000.000000000000000 ) ;
#2602 = CIRCLE ( 'NONE', #2784, 1.599999999999997202 ) ;
#2603 = CARTESIAN_POINT ( 'NONE',  ( -54.74583554250801143, -43.81322866661731297, 25.39999999999999858 ) ) ;
#2604 = DIRECTION ( 'NONE',  ( 0.000000000000000000, -0.000000000000000000, -1.000000000000000000 ) ) ;
#2605 = DIRECTION ( 'NONE',  ( 0.000000000000000000, 0.000000000000000000, 1.000000000000000000 ) ) ;
#2606 = CARTESIAN_POINT ( 'NONE',  ( -52.29583554250810806, -44.81322866661732718, 25.39999999999999858 ) ) ;
#2607 = DIRECTION ( 'NONE',  ( 1.000000000000000000, 0.000000000000000000, 0.000000000000000000 ) ) ;
#2608 = ORIENTED_EDGE ( 'NONE', *, *, #597, .F. ) ;
#2609 = AXIS2_PLACEMENT_3D ( 'NONE', #924, #3346, #2700 ) ;
#2610 = DIRECTION ( 'NONE',  ( 1.000000000000000000, 0.000000000000000000, 0.000000000000000000 ) ) ;
#2611 = CARTESIAN_POINT ( 'NONE',  ( 51.75416445749164751, -51.00671723892491372, 16.50000000000000000 ) ) ;
#2612 = AXIS2_PLACEMENT_3D ( 'NONE', #3654, #3334, #1325 ) ;
#2613 = CIRCLE ( 'NONE', #482, 3.000000000000002665 ) ;
#2614 = ORIENTED_EDGE ( 'NONE', *, *, #1293, .T. ) ;
#2615 = ORIENTED_EDGE ( 'NONE', *, *, #15, .T. ) ;
#2616 = CARTESIAN_POINT ( 'NONE',  ( 49.75416445749166172, -50.00671723892491372, 0.000000000000000000 ) ) ;
#2617 = ORIENTED_EDGE ( 'NONE', *, *, #1912, .F. ) ;
#2618 = EDGE_CURVE ( 'NONE', #473, #399, #1519, .T. ) ;
#2619 = EDGE_CURVE ( 'NONE', #552, #2665, #3282, .T. ) ;
#2620 = CARTESIAN_POINT ( 'NONE',  ( -51.53946932885070709, -47.29996427146910065, 13.50000000000000178 ) ) ;
#2621 = DIRECTION ( 'NONE',  ( 1.000000000000000000, -6.938893903907222067E-15, 0.000000000000000000 ) ) ;
#2622 = LINE ( 'NONE', #1718, #753 ) ;
#2623 = CARTESIAN_POINT ( 'NONE',  ( 45.62343970946916727, 53.69122662819303571, 16.50000000000000000 ) ) ;
#2624 = LINE ( 'NONE', #1175, #1247 ) ;
#2625 = ORIENTED_EDGE ( 'NONE', *, *, #558, .T. ) ;
#2626 = CARTESIAN_POINT ( 'NONE',  ( 48.32970370667620585, -0.2785685596946779197, 15.50000000000000000 ) ) ;
#2627 = DIRECTION ( 'NONE',  ( -0.000000000000000000, -0.000000000000000000, -1.000000000000000000 ) ) ;
#2628 = VERTEX_POINT ( 'NONE', #35 ) ;
#2629 = ORIENTED_EDGE ( 'NONE', *, *, #2588, .F. ) ;
#2630 = CARTESIAN_POINT ( 'NONE',  ( 0.000000000000000000, -44.47153714672291613, 12.50000000000000000 ) ) ;
#2631 = DIRECTION ( 'NONE',  ( 1.000000000000000000, 0.000000000000000000, 0.000000000000000000 ) ) ;
#2632 = ORIENTED_EDGE ( 'NONE', *, *, #66, .T. ) ;
#2633 = EDGE_CURVE ( 'NONE', #1638, #1729, #2181, .T. ) ;
#2634 = VECTOR ( 'NONE', #1, 1000.000000000000114 ) ;
#2635 = FACE_OUTER_BOUND ( 'NONE', #3039, .T. ) ;
#2636 = CARTESIAN_POINT ( 'NONE',  ( 52.75416445749183936, -50.00671723892527609, 16.50000000000000000 ) ) ;
#2637 = CARTESIAN_POINT ( 'NONE',  ( 0.000000000000000000, -47.47153714672325009, 16.50000000000000000 ) ) ;
#2638 = EDGE_CURVE ( 'NONE', #629, #1148, #2679, .T. ) ;
#2639 = AXIS2_PLACEMENT_3D ( 'NONE', #1426, #1071, #1725 ) ;
#2640 = ADVANCED_FACE ( 'NONE', ( #2062 ), #57, .F. ) ;
#2641 = CARTESIAN_POINT ( 'NONE',  ( 0.000000000000000000, 0.000000000000000000, 0.000000000000000000 ) ) ;
#2642 = CARTESIAN_POINT ( 'NONE',  ( -55.24583554250802564, 0.000000000000000000, 15.50000000000000000 ) ) ;
#2643 = EDGE_LOOP ( 'NONE', ( #3436, #3325, #1309, #3090, #3117, #2225, #2201, #2681, #3028, #2210, #757, #1766, #3509, #2952, #88, #2158, #3399, #1785, #1748, #8, #3610 ) ) ;
#2644 = EDGE_CURVE ( 'NONE', #2415, #3266, #3776, .T. ) ;
#2645 = LINE ( 'NONE', #294, #2520 ) ;
#2646 = CARTESIAN_POINT ( 'NONE',  ( -53.44583554250813506, -43.81322866661731297, 24.39999999999999858 ) ) ;
#2647 = ADVANCED_FACE ( 'NONE', ( #1232 ), #2388, .F. ) ;
#2648 = ORIENTED_EDGE ( 'NONE', *, *, #681, .F. ) ;
#2649 = ORIENTED_EDGE ( 'NONE', *, *, #2332, .T. ) ;
#2650 = CARTESIAN_POINT ( 'NONE',  ( -49.11511079442895777, 50.69122662818232072, 16.50000000000000000 ) ) ;
#2651 = DIRECTION ( 'NONE',  ( -3.652049423109043569E-15, 1.000000000000000000, -0.000000000000000000 ) ) ;
#2652 = ORIENTED_EDGE ( 'NONE', *, *, #2638, .T. ) ;
#2653 = VECTOR ( 'NONE', #3109, 1000.000000000000000 ) ;
#2654 = CARTESIAN_POINT ( 'NONE',  ( -55.24583554250802564, 36.91058423569637625, 16.50000000000000000 ) ) ;
#2655 = LINE ( 'NONE', #1205, #2909 ) ;
#2656 = VECTOR ( 'NONE', #3155, 1000.000000000000000 ) ;
#2657 = CARTESIAN_POINT ( 'NONE',  ( -18.04583554250812583, 25.98677133338267353, 16.50000000000000000 ) ) ;
#2658 = DIRECTION ( 'NONE',  ( -0.000000000000000000, -0.000000000000000000, 1.000000000000000000 ) ) ;
#2659 = ORIENTED_EDGE ( 'NONE', *, *, #597, .T. ) ;
#2660 = CARTESIAN_POINT ( 'NONE',  ( -40.56903444315097573, 50.69122662818232072, 0.000000000000000000 ) ) ;
#2661 = LINE ( 'NONE', #326, #2052 ) ;
#2662 = CARTESIAN_POINT ( 'NONE',  ( 0.000000000000000000, 0.000000000000000000, 15.50000000000000000 ) ) ;
#2663 = ORIENTED_EDGE ( 'NONE', *, *, #42, .T. ) ;
#2664 = ORIENTED_EDGE ( 'NONE', *, *, #472, .F. ) ;
#2665 = VERTEX_POINT ( 'NONE', #3605 ) ;
#2666 = CARTESIAN_POINT ( 'NONE',  ( 40.07736335813422102, 50.69122662819302860, 0.000000000000000000 ) ) ;
#2667 = VECTOR ( 'NONE', #348, 1000.000000000000000 ) ;
#2668 = DIRECTION ( 'NONE',  ( -0.000000000000000000, 0.000000000000000000, -1.000000000000000000 ) ) ;
#2669 = ORIENTED_EDGE ( 'NONE', *, *, #3611, .F. ) ;
#2670 = ORIENTED_EDGE ( 'NONE', *, *, #2595, .T. ) ;
#2671 = CARTESIAN_POINT ( 'NONE',  ( 40.07736335813422102, 50.13673285057618045, 0.000000000000000000 ) ) ;
#2672 = DIRECTION ( 'NONE',  ( 0.000000000000000000, 0.000000000000000000, -1.000000000000000000 ) ) ;
#2673 = CARTESIAN_POINT ( 'NONE',  ( 45.10177745681895090, 49.99328276107484470, 16.50000000000000000 ) ) ;
#2674 = DIRECTION ( 'NONE',  ( -1.008560160451632221E-16, -1.000000000000000000, 0.000000000000000000 ) ) ;
#2675 = CARTESIAN_POINT ( 'NONE',  ( 48.55299213361347910, 38.46041737194070720, 15.50000000000000000 ) ) ;
#2676 = DIRECTION ( 'NONE',  ( -1.000000000000000000, 0.000000000000000000, 0.000000000000000000 ) ) ;
#2677 = VERTEX_POINT ( 'NONE', #2756 ) ;
#2678 = DIRECTION ( 'NONE',  ( 1.000000000000000000, 0.000000000000000000, 0.000000000000000000 ) ) ;
#2679 = LINE ( 'NONE', #1196, #418 ) ;
#2680 = CYLINDRICAL_SURFACE ( 'NONE', #1577, 3.000000000000002665 ) ;
#2681 = ORIENTED_EDGE ( 'NONE', *, *, #2759, .T. ) ;
#2682 = ORIENTED_EDGE ( 'NONE', *, *, #2042, .F. ) ;
#2683 = ORIENTED_EDGE ( 'NONE', *, *, #2114, .F. ) ;
#2684 = CARTESIAN_POINT ( 'NONE',  ( 48.57614896219996581, 42.47796574709749962, 12.50000000000000000 ) ) ;
#2685 = CARTESIAN_POINT ( 'NONE',  ( -51.84583554250806259, -50.00671723892527609, 13.50000000000000178 ) ) ;
#2686 = VECTOR ( 'NONE', #2695, 1000.000000000000000 ) ;
#2687 = ORIENTED_EDGE ( 'NONE', *, *, #1663, .T. ) ;
#2688 = VECTOR ( 'NONE', #2009, 1000.000000000000000 ) ;
#2689 = EDGE_CURVE ( 'NONE', #991, #2483, #1274, .T. ) ;
#2690 = EDGE_CURVE ( 'NONE', #3133, #2880, #3626, .T. ) ;
#2691 = ORIENTED_EDGE ( 'NONE', *, *, #3440, .F. ) ;
#2692 = DIRECTION ( 'NONE',  ( -1.000000000000000000, 0.000000000000000000, 0.000000000000000000 ) ) ;
#2693 = DIRECTION ( 'NONE',  ( -0.6694407558385196966, -0.7428654483971854905, 0.000000000000000000 ) ) ;
#2694 = VECTOR ( 'NONE', #3374, 1000.000000000000000 ) ;
#2695 = DIRECTION ( 'NONE',  ( 1.000000000000000000, 1.273191542001328782E-16, -0.000000000000000000 ) ) ;
#2696 = CARTESIAN_POINT ( 'NONE',  ( 51.80416445749187204, -45.81322866661731297, 19.00000000000000000 ) ) ;
#2697 = AXIS2_PLACEMENT_3D ( 'NONE', #1505, #897, #2668 ) ;
#2698 = DIRECTION ( 'NONE',  ( 1.000000000000000000, 0.000000000000000000, 0.000000000000000000 ) ) ;
#2699 = LINE ( 'NONE', #2797, #1809 ) ;
#2700 = DIRECTION ( 'NONE',  ( -1.000000000000000000, 0.000000000000000000, 0.000000000000000000 ) ) ;
#2701 = ORIENTED_EDGE ( 'NONE', *, *, #1181, .F. ) ;
#2702 = AXIS2_PLACEMENT_3D ( 'NONE', #663, #1824, #2998 ) ;
#2703 = EDGE_LOOP ( 'NONE', ( #3223, #2982, #1871, #414 ) ) ;
#2704 = DIRECTION ( 'NONE',  ( -1.008560160451632221E-16, -1.000000000000000000, 0.000000000000000000 ) ) ;
#2705 = DIRECTION ( 'NONE',  ( -0.000000000000000000, -0.000000000000000000, -1.000000000000000000 ) ) ;
#2706 = ORIENTED_EDGE ( 'NONE', *, *, #3785, .T. ) ;
#2707 = AXIS2_PLACEMENT_3D ( 'NONE', #3089, #1637, #186 ) ;
#2708 = EDGE_LOOP ( 'NONE', ( #406, #2464, #3286, #931, #1377, #2562 ) ) ;
#2709 = EDGE_CURVE ( 'NONE', #3218, #859, #2472, .T. ) ;
#2710 = DIRECTION ( 'NONE',  ( -1.000000000000000000, 0.000000000000000000, 0.000000000000000000 ) ) ;
#2711 = VERTEX_POINT ( 'NONE', #3322 ) ;
#2712 = PLANE ( 'NONE',  #366 ) ;
#2713 = CARTESIAN_POINT ( 'NONE',  ( 45.10177745681843930, 49.99328276107517866, 13.50000000000000178 ) ) ;
#2714 = LINE ( 'NONE', #1269, #3174 ) ;
#2715 = ORIENTED_EDGE ( 'NONE', *, *, #824, .F. ) ;
#2716 = AXIS2_PLACEMENT_3D ( 'NONE', #2565, #3766, #2849 ) ;
#2717 = CARTESIAN_POINT ( 'NONE',  ( -48.82135845653287731, -0.2814024194033684645, 16.50000000000000000 ) ) ;
#2718 = DIRECTION ( 'NONE',  ( 0.000000000000000000, 0.000000000000000000, 1.000000000000000000 ) ) ;
#2719 = VECTOR ( 'NONE', #2204, 1000.000000000000000 ) ;
#2720 = DIRECTION ( 'NONE',  ( -0.000000000000000000, 1.000000000000000000, -0.000000000000000000 ) ) ;
#2721 = ORIENTED_EDGE ( 'NONE', *, *, #1050, .T. ) ;
#2722 = ORIENTED_EDGE ( 'NONE', *, *, #1173, .F. ) ;
#2723 = FACE_OUTER_BOUND ( 'NONE', #206, .T. ) ;
#2724 = LINE ( 'NONE', #3613, #1847 ) ;
#2725 = VERTEX_POINT ( 'NONE', #1556 ) ;
#2726 = ORIENTED_EDGE ( 'NONE', *, *, #82, .F. ) ;
#2727 = DIRECTION ( 'NONE',  ( -1.000000000000000000, 0.000000000000000000, 0.000000000000000000 ) ) ;
#2728 = CARTESIAN_POINT ( 'NONE',  ( -49.06782004721672052, 42.47796574709749962, 15.50000000000000000 ) ) ;
#2729 = CIRCLE ( 'NONE', #902, 2.999999999999999112 ) ;
#2730 = AXIS2_PLACEMENT_3D ( 'NONE', #800, #656, #578 ) ;
#2731 = DIRECTION ( 'NONE',  ( -0.000000000000000000, 0.000000000000000000, 1.000000000000000000 ) ) ;
#2732 = ORIENTED_EDGE ( 'NONE', *, *, #1876, .F. ) ;
#2733 = EDGE_CURVE ( 'NONE', #1554, #1121, #752, .T. ) ;
#2734 = CARTESIAN_POINT ( 'NONE',  ( 51.80416445749188625, -5.462972658831275763E-15, 16.50000000000000000 ) ) ;
#2735 = LINE ( 'NONE', #1289, #3576 ) ;
#2736 = ORIENTED_EDGE ( 'NONE', *, *, #610, .T. ) ;
#2737 = CARTESIAN_POINT ( 'NONE',  ( 5.705582370810865668E-15, -44.81322866661732007, 16.50000000000000000 ) ) ;
#2738 = DIRECTION ( 'NONE',  ( -0.000000000000000000, 0.000000000000000000, 1.000000000000000000 ) ) ;
#2739 = DIRECTION ( 'NONE',  ( 0.000000000000000000, 0.000000000000000000, -1.000000000000000000 ) ) ;
#2740 = DIRECTION ( 'NONE',  ( 0.000000000000000000, 0.000000000000000000, 1.000000000000000000 ) ) ;
#2741 = VERTEX_POINT ( 'NONE', #3660 ) ;
#2742 = VERTEX_POINT ( 'NONE', #1862 ) ;
#2743 = FACE_OUTER_BOUND ( 'NONE', #2703, .T. ) ;
#2744 = DIRECTION ( 'NONE',  ( -0.000000000000000000, -0.000000000000000000, 1.000000000000000000 ) ) ;
#2745 = ORIENTED_EDGE ( 'NONE', *, *, #3047, .F. ) ;
#2746 = ORIENTED_EDGE ( 'NONE', *, *, #3371, .F. ) ;
#2747 = PLANE ( 'NONE',  #2229 ) ;
#2748 = VECTOR ( 'NONE', #1123, 1000.000000000000000 ) ;
#2749 = EDGE_CURVE ( 'NONE', #3410, #3696, #968, .T. ) ;
#2750 = EDGE_LOOP ( 'NONE', ( #3326, #2761 ) ) ;
#2751 = CARTESIAN_POINT ( 'NONE',  ( -52.29583554250811517, 0.000000000000000000, 16.50000000000000000 ) ) ;
#2752 = PLANE ( 'NONE',  #1628 ) ;
#2753 = VERTEX_POINT ( 'NONE', #1580 ) ;
#2754 = EDGE_CURVE ( 'NONE', #2083, #310, #345, .T. ) ;
#2755 = FACE_OUTER_BOUND ( 'NONE', #1591, .T. ) ;
#2756 = CARTESIAN_POINT ( 'NONE',  ( -55.24583554250842354, -51.00671723892524767, 0.000000000000000000 ) ) ;
#2757 = LINE ( 'NONE', #185, #1151 ) ;
#2758 = PLANE ( 'NONE',  #417 ) ;
#2759 = EDGE_CURVE ( 'NONE', #544, #1638, #1089, .T. ) ;
#2760 = ORIENTED_EDGE ( 'NONE', *, *, #1292, .T. ) ;
#2761 = ORIENTED_EDGE ( 'NONE', *, *, #3250, .T. ) ;
#2762 = EDGE_CURVE ( 'NONE', #1028, #32, #1005, .T. ) ;
#2763 = DIRECTION ( 'NONE',  ( 1.000000000000000000, 0.000000000000000000, 0.000000000000000000 ) ) ;
#2764 = DIRECTION ( 'NONE',  ( -1.000000000000000000, 0.000000000000000000, -0.000000000000000000 ) ) ;
#2765 = VECTOR ( 'NONE', #3724, 1000.000000000000000 ) ;
#2766 = VECTOR ( 'NONE', #1155, 1000.000000000000000 ) ;
#2767 = EDGE_LOOP ( 'NONE', ( #3567, #257, #1158, #806 ) ) ;
#2768 = CARTESIAN_POINT ( 'NONE',  ( -18.04583554250812583, 23.98677133338268064, 16.50000000000000000 ) ) ;
#2769 = CARTESIAN_POINT ( 'NONE',  ( 52.95416445749187773, -45.81322866661731297, 24.39999999999999858 ) ) ;
#2770 = CARTESIAN_POINT ( 'NONE',  ( -53.44583554250813506, -17.14075662171384806, 24.39999999999999858 ) ) ;
#2771 = DIRECTION ( 'NONE',  ( -0.000000000000000000, -0.000000000000000000, -1.000000000000000000 ) ) ;
#2772 = ORIENTED_EDGE ( 'NONE', *, *, #866, .T. ) ;
#2773 = DIRECTION ( 'NONE',  ( -0.000000000000000000, 0.000000000000000000, -1.000000000000000000 ) ) ;
#2774 = LINE ( 'NONE', #2146, #111 ) ;
#2775 = DIRECTION ( 'NONE',  ( 0.000000000000000000, 1.000000000000000000, 0.000000000000000000 ) ) ;
#2776 = CARTESIAN_POINT ( 'NONE',  ( 52.95416445749188483, -43.91322866661730018, 24.39999999999999858 ) ) ;
#2777 = ORIENTED_EDGE ( 'NONE', *, *, #2253, .T. ) ;
#2778 = VECTOR ( 'NONE', #1401, 1000.000000000000000 ) ;
#2779 = EDGE_CURVE ( 'NONE', #3696, #2665, #715, .T. ) ;
#2780 = ORIENTED_EDGE ( 'NONE', *, *, #766, .T. ) ;
#2781 = DIRECTION ( 'NONE',  ( -0.000000000000000000, 0.000000000000000000, -1.000000000000000000 ) ) ;
#2782 = AXIS2_PLACEMENT_3D ( 'NONE', #1307, #1828, #2160 ) ;
#2783 = PLANE ( 'NONE',  #3189 ) ;
#2784 = AXIS2_PLACEMENT_3D ( 'NONE', #3657, #3640, #729 ) ;
#2785 = VERTEX_POINT ( 'NONE', #2434 ) ;
#2786 = FACE_OUTER_BOUND ( 'NONE', #1679, .T. ) ;
#2787 = CARTESIAN_POINT ( 'NONE',  ( 51.80416445749187915, 22.98677133338268064, 25.39999999999999858 ) ) ;
#2788 = CARTESIAN_POINT ( 'NONE',  ( 40.09688572753680802, -44.81322866661731297, 16.39999999999999858 ) ) ;
#2789 = VECTOR ( 'NONE', #3516, 1000.000000000000000 ) ;
#2790 = VECTOR ( 'NONE', #2075, 1000.000000000000000 ) ;
#2791 = AXIS2_PLACEMENT_3D ( 'NONE', #598, #1180, #1537 ) ;
#2792 = CARTESIAN_POINT ( 'NONE',  ( -52.29583554250811517, -17.14075662171384451, 25.39999999999999858 ) ) ;
#2793 = DIRECTION ( 'NONE',  ( 0.000000000000000000, 0.000000000000000000, 1.000000000000000000 ) ) ;
#2794 = ORIENTED_EDGE ( 'NONE', *, *, #604, .F. ) ;
#2795 = DIRECTION ( 'NONE',  ( 0.000000000000000000, -1.000000000000000000, 0.000000000000000000 ) ) ;
#2796 = ADVANCED_FACE ( 'NONE', ( #2411 ), #733, .T. ) ;
#2797 = CARTESIAN_POINT ( 'NONE',  ( -40.56903444293924110, 20.98677133338266998, 16.50000000000000000 ) ) ;
#2798 = EDGE_CURVE ( 'NONE', #3761, #1554, #165, .T. ) ;
#2799 = DIRECTION ( 'NONE',  ( -0.000000000000000000, -0.000000000000000000, -1.000000000000000000 ) ) ;
#2800 = CARTESIAN_POINT ( 'NONE',  ( 40.07736335792299798, 0.000000000000000000, 16.50000000000000000 ) ) ;
#2801 = ORIENTED_EDGE ( 'NONE', *, *, #847, .F. ) ;
#2802 = VERTEX_POINT ( 'NONE', #3344 ) ;
#2803 = PLANE ( 'NONE',  #1242 ) ;
#2804 = CARTESIAN_POINT ( 'NONE',  ( 54.75416445749178251, 36.91058423569637625, 15.50000000000000000 ) ) ;
#2805 = ORIENTED_EDGE ( 'NONE', *, *, #2485, .T. ) ;
#2806 = DIRECTION ( 'NONE',  ( 1.000000000000000000, 0.000000000000000000, 0.000000000000000000 ) ) ;
#2807 = EDGE_CURVE ( 'NONE', #2367, #1182, #2774, .T. ) ;
#2808 = CARTESIAN_POINT ( 'NONE',  ( -52.29583554250812227, -44.81322866661732718, 19.00000000000000000 ) ) ;
#2809 = EDGE_CURVE ( 'NONE', #3181, #3337, #1333, .T. ) ;
#2810 = EDGE_CURVE ( 'NONE', #2086, #540, #431, .T. ) ;
#2811 = AXIS2_PLACEMENT_3D ( 'NONE', #98, #343, #3556 ) ;
#2812 = CARTESIAN_POINT ( 'NONE',  ( -47.19344854183516702, 49.99328276107484470, 16.50000000000000000 ) ) ;
#2813 = AXIS2_PLACEMENT_3D ( 'NONE', #3480, #2566, #271 ) ;
#2814 = CARTESIAN_POINT ( 'NONE',  ( 45.10177745681895090, 49.99328276107484470, 13.50000000000000178 ) ) ;
#2815 = AXIS2_PLACEMENT_3D ( 'NONE', #1731, #2563, #266 ) ;
#2816 = ORIENTED_EDGE ( 'NONE', *, *, #1152, .T. ) ;
#2817 = FACE_OUTER_BOUND ( 'NONE', #1685, .T. ) ;
#2818 = EDGE_CURVE ( 'NONE', #3524, #2711, #144, .T. ) ;
#2819 = DIRECTION ( 'NONE',  ( -0.000000000000000000, -0.000000000000000000, -1.000000000000000000 ) ) ;
#2820 = DIRECTION ( 'NONE',  ( 1.000000000000000000, 0.000000000000000000, -0.000000000000000000 ) ) ;
#2821 = ORIENTED_EDGE ( 'NONE', *, *, #3054, .F. ) ;
#2822 = VERTEX_POINT ( 'NONE', #3016 ) ;
#2823 = DIRECTION ( 'NONE',  ( 1.000000000000000000, 0.000000000000000000, 0.000000000000000000 ) ) ;
#2824 = DIRECTION ( 'NONE',  ( 1.000000000000000000, 0.000000000000000000, 0.000000000000000000 ) ) ;
#2825 = VECTOR ( 'NONE', #3321, 1000.000000000000000 ) ;
#2826 = VERTEX_POINT ( 'NONE', #3358 ) ;
#2827 = VECTOR ( 'NONE', #2979, 1000.000000000000000 ) ;
#2828 = DIRECTION ( 'NONE',  ( -0.000000000000000000, -0.000000000000000000, 1.000000000000000000 ) ) ;
#2829 = VERTEX_POINT ( 'NONE', #1315 ) ;
#2830 = VECTOR ( 'NONE', #3526, 1000.000000000000000 ) ;
#2831 = EDGE_CURVE ( 'NONE', #1287, #2111, #1041, .T. ) ;
#2832 = CARTESIAN_POINT ( 'NONE',  ( 44.75416445749165462, -51.00671723892491372, 15.50000000000000000 ) ) ;
#2833 = EDGE_CURVE ( 'NONE', #1998, #540, #2699, .T. ) ;
#2834 = DIRECTION ( 'NONE',  ( 1.000000000000000000, 0.000000000000000000, 0.000000000000000000 ) ) ;
#2835 = ORIENTED_EDGE ( 'NONE', *, *, #2469, .T. ) ;
#2836 = DIRECTION ( 'NONE',  ( 0.000000000000000000, 0.000000000000000000, 1.000000000000000000 ) ) ;
#2837 = CARTESIAN_POINT ( 'NONE',  ( 44.75416445749165462, -47.47153714672292324, 15.50000000000000000 ) ) ;
#2838 = DIRECTION ( 'NONE',  ( 1.000000000000000000, 0.000000000000000000, 0.000000000000000000 ) ) ;
#2839 = ORIENTED_EDGE ( 'NONE', *, *, #1428, .T. ) ;
#2840 = ORIENTED_EDGE ( 'NONE', *, *, #403, .T. ) ;
#2841 = CYLINDRICAL_SURFACE ( 'NONE', #435, 3.000000000000002665 ) ;
#2842 = DIRECTION ( 'NONE',  ( 1.000000000000000000, 0.000000000000000000, 0.000000000000000000 ) ) ;
#2843 = VECTOR ( 'NONE', #810, 1000.000000000000000 ) ;
#2844 = AXIS2_PLACEMENT_3D ( 'NONE', #2467, #1348, #3354 ) ;
#2845 = ORIENTED_EDGE ( 'NONE', *, *, #45, .T. ) ;
#2846 = LINE ( 'NONE', #3746, #674 ) ;
#2847 = ORIENTED_EDGE ( 'NONE', *, *, #1517, .F. ) ;
#2848 = ADVANCED_FACE ( 'NONE', ( #2513 ), #1352, .F. ) ;
#2849 = DIRECTION ( 'NONE',  ( -1.000000000000000000, 0.000000000000000000, 0.000000000000000000 ) ) ;
#2850 = DIRECTION ( 'NONE',  ( -0.000000000000000000, 0.000000000000000000, 1.000000000000000000 ) ) ;
#2851 = ORIENTED_EDGE ( 'NONE', *, *, #654, .T. ) ;
#2852 = EDGE_CURVE ( 'NONE', #2067, #3113, #788, .T. ) ;
#2853 = DIRECTION ( 'NONE',  ( 1.000000000000000000, 0.000000000000000000, 0.000000000000000000 ) ) ;
#2854 = FACE_OUTER_BOUND ( 'NONE', #2063, .T. ) ;
#2855 = FACE_OUTER_BOUND ( 'NONE', #925, .T. ) ;
#2856 =( GEOMETRIC_REPRESENTATION_CONTEXT ( 3 ) GLOBAL_UNCERTAINTY_ASSIGNED_CONTEXT ( ( #3619 ) ) GLOBAL_UNIT_ASSIGNED_CONTEXT ( ( #2039, #940, #1814 ) ) REPRESENTATION_CONTEXT ( 'NONE', 'WORKASPACE' ) );
#2857 = ORIENTED_EDGE ( 'NONE', *, *, #2942, .F. ) ;
#2858 = EDGE_CURVE ( 'NONE', #1826, #828, #3289, .T. ) ;
#2859 = ORIENTED_EDGE ( 'NONE', *, *, #1152, .F. ) ;
#2860 = DIRECTION ( 'NONE',  ( -0.000000000000000000, 0.000000000000000000, -1.000000000000000000 ) ) ;
#2861 = CARTESIAN_POINT ( 'NONE',  ( -0.000000000000000000, 25.98677133338267353, 16.50000000000000000 ) ) ;
#2862 = EDGE_LOOP ( 'NONE', ( #1980, #3420, #1493, #2099 ) ) ;
#2863 = ORIENTED_EDGE ( 'NONE', *, *, #2689, .T. ) ;
#2864 = DIRECTION ( 'NONE',  ( 0.000000000000000000, 0.000000000000000000, -1.000000000000000000 ) ) ;
#2865 = VERTEX_POINT ( 'NONE', #725 ) ;
#2866 = EDGE_CURVE ( 'NONE', #2574, #2280, #1452, .T. ) ;
#2867 = LINE ( 'NONE', #3121, #2289 ) ;
#2868 = LINE ( 'NONE', #238, #3670 ) ;
#2869 = AXIS2_PLACEMENT_3D ( 'NONE', #671, #1249, #961 ) ;
#2870 = LINE ( 'NONE', #254, #1194 ) ;
#2871 = ADVANCED_FACE ( 'NONE', ( #177 ), #3366, .F. ) ;
#2872 = AXIS2_PLACEMENT_3D ( 'NONE', #1525, #3527, #2920 ) ;
#2873 = LINE ( 'NONE', #3413, #3292 ) ;
#2874 = DIRECTION ( 'NONE',  ( -0.000000000000000000, -0.000000000000000000, -1.000000000000000000 ) ) ;
#2875 = ORIENTED_EDGE ( 'NONE', *, *, #198, .F. ) ;
#2876 = ORIENTED_EDGE ( 'NONE', *, *, #1456, .F. ) ;
#2877 = DIRECTION ( 'NONE',  ( 1.000000000000000000, 0.000000000000000000, 0.000000000000000000 ) ) ;
#2878 = LINE ( 'NONE', #1694, #3624 ) ;
#2879 = ADVANCED_FACE ( 'NONE', ( #2786 ), #996, .F. ) ;
#2880 = VERTEX_POINT ( 'NONE', #2159 ) ;
#2881 = ORIENTED_EDGE ( 'NONE', *, *, #3546, .F. ) ;
#2882 = LINE ( 'NONE', #2015, #3177 ) ;
#2883 = EDGE_LOOP ( 'NONE', ( #1758, #517, #264, #1907, #2951, #906, #3458, #3085, #2024, #40 ) ) ;
#2884 = LINE ( 'NONE', #1368, #579 ) ;
#2885 = FACE_OUTER_BOUND ( 'NONE', #1660, .T. ) ;
#2886 = AXIS2_PLACEMENT_3D ( 'NONE', #2637, #3482, #2038 ) ;
#2887 = DIRECTION ( 'NONE',  ( -1.000000000000000000, 0.000000000000000000, 0.000000000000000000 ) ) ;
#2888 = LINE ( 'NONE', #1437, #36 ) ;
#2889 = LINE ( 'NONE', #3142, #3387 ) ;
#2890 = ORIENTED_EDGE ( 'NONE', *, *, #987, .T. ) ;
#2891 = CIRCLE ( 'NONE', #2398, 3.000000000000002665 ) ;
#2892 = CARTESIAN_POINT ( 'NONE',  ( 43.07736335792299798, 50.69122662819302860, 0.000000000000000000 ) ) ;
#2893 = CARTESIAN_POINT ( 'NONE',  ( -43.56903444293924110, 53.69122662818232072, 16.50000000000000000 ) ) ;
#2894 = EDGE_CURVE ( 'NONE', #3524, #2226, #3702, .T. ) ;
#2895 = ADVANCED_FACE ( 'NONE', ( #1891 ), #1052, .F. ) ;
#2896 = ORIENTED_EDGE ( 'NONE', *, *, #1084, .F. ) ;
#2897 = EDGE_LOOP ( 'NONE', ( #1101, #1958, #1851, #3533 ) ) ;
#2898 = DIRECTION ( 'NONE',  ( 1.000000000000000000, 1.273191542001328782E-16, 0.000000000000000000 ) ) ;
#2899 = ORIENTED_EDGE ( 'NONE', *, *, #2431, .F. ) ;
#2900 = VECTOR ( 'NONE', #483, 1000.000000000000000 ) ;
#2901 = MECHANICAL_DESIGN_GEOMETRIC_PRESENTATION_REPRESENTATION (  '', ( #1928 ), #1259 ) ;
#2902 = VECTOR ( 'NONE', #427, 1000.000000000000000 ) ;
#2903 = CARTESIAN_POINT ( 'NONE',  ( -45.24583554250757089, -44.47153714672291613, 15.50000000000000000 ) ) ;
#2904 = CARTESIAN_POINT ( 'NONE',  ( -48.64583554250805264, -50.00671723892527609, 16.50000000000000000 ) ) ;
#2905 = CARTESIAN_POINT ( 'NONE',  ( -0.000000000000000000, -47.47153714672325009, 15.50000000000000000 ) ) ;
#2906 = CARTESIAN_POINT ( 'NONE',  ( 0.000000000000000000, 20.98677133338266998, 15.50000000000000000 ) ) ;
#2907 = DIRECTION ( 'NONE',  ( 0.000000000000000000, -1.000000000000000000, 0.000000000000000000 ) ) ;
#2908 = ORIENTED_EDGE ( 'NONE', *, *, #1384, .T. ) ;
#2909 = VECTOR ( 'NONE', #1787, 1000.000000000000000 ) ;
#2910 = ADVANCED_FACE ( 'NONE', ( #1017, #3405 ), #2747, .T. ) ;
#2911 = LINE ( 'NONE', #2626, #2634 ) ;
#2912 = EDGE_CURVE ( 'NONE', #3777, #2451, #3691, .T. ) ;
#2913 = LINE ( 'NONE', #2646, #3467 ) ;
#2914 = VECTOR ( 'NONE', #349, 1000.000000000000000 ) ;
#2915 = AXIS2_PLACEMENT_3D ( 'NONE', #1946, #1073, #2196 ) ;
#2916 = AXIS2_PLACEMENT_3D ( 'NONE', #2641, #3253, #2057 ) ;
#2917 = ORIENTED_EDGE ( 'NONE', *, *, #2125, .T. ) ;
#2918 = EDGE_LOOP ( 'NONE', ( #3003, #46, #1051, #1546 ) ) ;
#2919 = FACE_OUTER_BOUND ( 'NONE', #3609, .T. ) ;
#2920 = DIRECTION ( 'NONE',  ( 1.000000000000000000, 0.000000000000000000, 0.000000000000000000 ) ) ;
#2921 = ORIENTED_EDGE ( 'NONE', *, *, #3440, .T. ) ;
#2922 = ADVANCED_FACE ( 'NONE', ( #3100 ), #2502, .F. ) ;
#2923 = EDGE_CURVE ( 'NONE', #3128, #2822, #3064, .T. ) ;
#2924 = EDGE_CURVE ( 'NONE', #3076, #803, #2526, .T. ) ;
#2925 = CARTESIAN_POINT ( 'NONE',  ( -50.49802232851593686, -47.01479872118845549, 14.09144199165247890 ) ) ;
#2926 = CARTESIAN_POINT ( 'NONE',  ( -0.000000000000000000, -43.81322866661731297, 24.39999999999999858 ) ) ;
#2927 = EDGE_CURVE ( 'NONE', #2254, #1240, #115, .T. ) ;
#2928 = LINE ( 'NONE', #2056, #933 ) ;
#2929 = LINE ( 'NONE', #2006, #78 ) ;
#2930 = ORIENTED_EDGE ( 'NONE', *, *, #64, .T. ) ;
#2931 = DIRECTION ( 'NONE',  ( -0.000000000000000000, 0.000000000000000000, 1.000000000000000000 ) ) ;
#2932 = EDGE_CURVE ( 'NONE', #2741, #1287, #1197, .T. ) ;
#2933 = CARTESIAN_POINT ( 'NONE',  ( -43.11426854744382098, 47.84306924511001569, 16.50000000000000000 ) ) ;
#2934 = ORIENTED_EDGE ( 'NONE', *, *, #81, .F. ) ;
#2935 = EDGE_LOOP ( 'NONE', ( #3593, #458, #1856, #1144 ) ) ;
#2936 = CARTESIAN_POINT ( 'NONE',  ( 48.60648311136452548, -47.23020947295891858, 13.69729636418739815 ) ) ;
#2937 = CARTESIAN_POINT ( 'NONE',  ( 44.75416445749132777, -47.47153714672325009, 16.50000000000000000 ) ) ;
#2938 = ORIENTED_EDGE ( 'NONE', *, *, #3054, .T. ) ;
#2939 = DIRECTION ( 'NONE',  ( -0.9999833890253542190, 0.005763824543391835725, 0.000000000000000000 ) ) ;
#2940 = DIRECTION ( 'NONE',  ( -0.000000000000000000, -0.000000000000000000, -1.000000000000000000 ) ) ;
#2941 = LINE ( 'NONE', #1812, #389 ) ;
#2942 = EDGE_CURVE ( 'NONE', #3437, #2996, #1589, .T. ) ;
#2943 = VECTOR ( 'NONE', #2283, 1000.000000000000000 ) ;
#2944 = CARTESIAN_POINT ( 'NONE',  ( -52.29583554250812227, -45.81322866661731297, 19.00000000000000000 ) ) ;
#2945 = VECTOR ( 'NONE', #1789, 1000.000000000000000 ) ;
#2946 = VERTEX_POINT ( 'NONE', #440 ) ;
#2947 = DIRECTION ( 'NONE',  ( 2.312964634635740689E-15, 1.000000000000000000, 0.000000000000000000 ) ) ;
#2948 = CARTESIAN_POINT ( 'NONE',  ( 52.95416445749187062, 24.08677133338269627, 24.39999999999999858 ) ) ;
#2949 = DIRECTION ( 'NONE',  ( 0.000000000000000000, 0.000000000000000000, 1.000000000000000000 ) ) ;
#2950 = ORIENTED_EDGE ( 'NONE', *, *, #3136, .T. ) ;
#2951 = ORIENTED_EDGE ( 'NONE', *, *, #1150, .F. ) ;
#2952 = ORIENTED_EDGE ( 'NONE', *, *, #2961, .F. ) ;
#2953 = DIRECTION ( 'NONE',  ( -1.000000000000000000, -0.000000000000000000, -0.000000000000000000 ) ) ;
#2954 = LINE ( 'NONE', #3000, #1666 ) ;
#2955 = ORIENTED_EDGE ( 'NONE', *, *, #1109, .F. ) ;
#2956 = ORIENTED_EDGE ( 'NONE', *, *, #2358, .T. ) ;
#2957 = VECTOR ( 'NONE', #2795, 1000.000000000000000 ) ;
#2958 = CARTESIAN_POINT ( 'NONE',  ( 40.07736335813422102, 50.13673285057618045, 15.50000000000000000 ) ) ;
#2959 = VECTOR ( 'NONE', #3408, 1000.000000000000000 ) ;
#2960 = CARTESIAN_POINT ( 'NONE',  ( -40.56903444293924110, 20.98677133338266998, 15.50000000000000000 ) ) ;
#2961 = EDGE_CURVE ( 'NONE', #1740, #1467, #1606, .T. ) ;
#2962 = VECTOR ( 'NONE', #997, 1000.000000000000000 ) ;
#2963 = PLANE ( 'NONE',  #522 ) ;
#2964 = DIRECTION ( 'NONE',  ( -1.000000000000000000, 0.000000000000000000, 0.000000000000000000 ) ) ;
#2965 = CARTESIAN_POINT ( 'NONE',  ( 48.57614896219996581, 42.47796574709749962, 12.50000000000000000 ) ) ;
#2966 = VERTEX_POINT ( 'NONE', #2484 ) ;
#2967 = EDGE_CURVE ( 'NONE', #2280, #2034, #1328, .T. ) ;
#2968 = DIRECTION ( 'NONE',  ( -0.000000000000000000, -0.000000000000000000, 1.000000000000000000 ) ) ;
#2969 = CARTESIAN_POINT ( 'NONE',  ( -52.29583554250810806, -43.81322866661731297, 25.39999999999999858 ) ) ;
#2970 = DIRECTION ( 'NONE',  ( 1.000000000000000000, -0.000000000000000000, -0.000000000000000000 ) ) ;
#2971 = ADVANCED_FACE ( 'NONE', ( #1056 ), #3339, .F. ) ;
#2972 = ORIENTED_EDGE ( 'NONE', *, *, #3417, .F. ) ;
#2973 = VECTOR ( 'NONE', #27, 1000.000000000000000 ) ;
#2974 = VECTOR ( 'NONE', #1910, 1000.000000000000000 ) ;
#2975 = ORIENTED_EDGE ( 'NONE', *, *, #2061, .T. ) ;
#2976 = ORIENTED_EDGE ( 'NONE', *, *, #501, .F. ) ;
#2977 = DIRECTION ( 'NONE',  ( 0.000000000000000000, 0.000000000000000000, 1.000000000000000000 ) ) ;
#2978 = VECTOR ( 'NONE', #468, 1000.000000000000000 ) ;
#2979 = DIRECTION ( 'NONE',  ( -0.000000000000000000, -0.000000000000000000, -1.000000000000000000 ) ) ;
#2980 = ORIENTED_EDGE ( 'NONE', *, *, #1750, .T. ) ;
#2981 = AXIS2_PLACEMENT_3D ( 'NONE', #3770, #2262, #1738 ) ;
#2982 = ORIENTED_EDGE ( 'NONE', *, *, #1618, .F. ) ;
#2983 = DIRECTION ( 'NONE',  ( 1.000000000000000000, 0.000000000000000000, 0.000000000000000000 ) ) ;
#2984 = DIRECTION ( 'NONE',  ( 0.7428654483999667102, 0.6694407558354334986, 0.000000000000000000 ) ) ;
#2985 = ORIENTED_EDGE ( 'NONE', *, *, #81, .T. ) ;
#2986 = DIRECTION ( 'NONE',  ( -0.000000000000000000, -0.000000000000000000, -1.000000000000000000 ) ) ;
#2987 = EDGE_LOOP ( 'NONE', ( #521, #485 ) ) ;
#2988 = PLANE ( 'NONE',  #1455 ) ;
#2989 = CARTESIAN_POINT ( 'NONE',  ( -53.44583554250813506, -44.81322866661732718, 18.99999999999999645 ) ) ;
#2990 = ORIENTED_EDGE ( 'NONE', *, *, #2522, .F. ) ;
#2991 = EDGE_CURVE ( 'NONE', #3525, #3218, #1984, .T. ) ;
#2992 =( BOUNDED_CURVE ( )  B_SPLINE_CURVE ( 3, ( #3214, #589, #2275, #1755 ),
 .UNSPECIFIED., .F., .F. ) 
 B_SPLINE_CURVE_WITH_KNOTS ( ( 4, 4 ),
 ( 1.570796326794896558, 3.141592653589793116 ),
 .UNSPECIFIED. ) 
 CURVE ( )  GEOMETRIC_REPRESENTATION_ITEM ( )  RATIONAL_B_SPLINE_CURVE ( ( 1.000000000000000000, 0.8047378541243649375, 0.8047378541243649375, 1.000000000000000000 ) ) 
 REPRESENTATION_ITEM ( '' )  );
#2993 = DIRECTION ( 'NONE',  ( 0.000000000000000000, 0.000000000000000000, 1.000000000000000000 ) ) ;
#2994 = DIRECTION ( 'NONE',  ( -2.420054292158815258E-16, 1.000000000000000000, -0.000000000000000000 ) ) ;
#2995 = LINE ( 'NONE', #2414, #1938 ) ;
#2996 = VERTEX_POINT ( 'NONE', #3083 ) ;
#2997 = ORIENTED_EDGE ( 'NONE', *, *, #444, .T. ) ;
#2998 = DIRECTION ( 'NONE',  ( 0.000000000000000000, -0.000000000000000000, 1.000000000000000000 ) ) ;
#2999 = EDGE_CURVE ( 'NONE', #1940, #2462, #445, .T. ) ;
#3000 = CARTESIAN_POINT ( 'NONE',  ( -53.44583554250813506, -17.14075662171384806, 24.39999999999999858 ) ) ;
#3001 = VECTOR ( 'NONE', #460, 1000.000000000000000 ) ;
#3002 = AXIS2_PLACEMENT_3D ( 'NONE', #2295, #1170, #3465 ) ;
#3003 = ORIENTED_EDGE ( 'NONE', *, *, #2416, .F. ) ;
#3004 = VECTOR ( 'NONE', #3723, 1000.000000000000000 ) ;
#3005 = ORIENTED_EDGE ( 'NONE', *, *, #1893, .T. ) ;
#3006 = CARTESIAN_POINT ( 'NONE',  ( -55.24583554250801143, -17.14075662171384451, 24.39999999999999858 ) ) ;
#3007 = FACE_OUTER_BOUND ( 'NONE', #1548, .T. ) ;
#3008 = ORIENTED_EDGE ( 'NONE', *, *, #346, .F. ) ;
#3009 = VECTOR ( 'NONE', #2968, 1000.000000000000000 ) ;
#3010 = DIRECTION ( 'NONE',  ( -1.000000000000000000, 0.000000000000000000, 0.000000000000000000 ) ) ;
#3011 = DIRECTION ( 'NONE',  ( 1.000000000000000000, -2.312964634635740689E-15, 0.000000000000000000 ) ) ;
#3012 = CARTESIAN_POINT ( 'NONE',  ( -40.56903444293924110, 50.69122662818232072, 16.50000000000000000 ) ) ;
#3013 = ORIENTED_EDGE ( 'NONE', *, *, #1002, .F. ) ;
#3014 = VECTOR ( 'NONE', #1543, 1000.000000000000000 ) ;
#3015 = CARTESIAN_POINT ( 'NONE',  ( -52.29583554250810806, -43.81322866661731297, 24.39999999999999858 ) ) ;
#3016 = CARTESIAN_POINT ( 'NONE',  ( -52.29583554250811517, -17.14075662171384451, 16.50000000000000000 ) ) ;
#3017 = DIRECTION ( 'NONE',  ( -0.000000000000000000, -0.000000000000000000, -1.000000000000000000 ) ) ;
#3018 = ORIENTED_EDGE ( 'NONE', *, *, #1726, .F. ) ;
#3019 = AXIS2_PLACEMENT_3D ( 'NONE', #3276, #2986, #2048 ) ;
#3020 = ORIENTED_EDGE ( 'NONE', *, *, #667, .T. ) ;
#3021 = LINE ( 'NONE', #2192, #2463 ) ;
#3022 = CARTESIAN_POINT ( 'NONE',  ( 51.75416445749164751, -51.00671723892491372, 15.50000000000000000 ) ) ;
#3023 = ORIENTED_EDGE ( 'NONE', *, *, #3203, .T. ) ;
#3024 = ADVANCED_FACE ( 'NONE', ( #746 ), #3067, .F. ) ;
#3025 = ORIENTED_EDGE ( 'NONE', *, *, #782, .T. ) ;
#3026 = PRESENTATION_STYLE_ASSIGNMENT (( #3066 ) ) ;
#3027 = LINE ( 'NONE', #1568, #173 ) ;
#3028 = ORIENTED_EDGE ( 'NONE', *, *, #2633, .T. ) ;
#3029 = DIRECTION ( 'NONE',  ( -0.000000000000000000, -0.000000000000000000, -1.000000000000000000 ) ) ;
#3030 = DIRECTION ( 'NONE',  ( -0.000000000000000000, -0.000000000000000000, 1.000000000000000000 ) ) ;
#3031 = EDGE_LOOP ( 'NONE', ( #1600, #870, #1399, #2746 ) ) ;
#3032 = AXIS2_PLACEMENT_3D ( 'NONE', #2713, #1021, #426 ) ;
#3033 = CARTESIAN_POINT ( 'NONE',  ( 48.62338987654522526, 50.67393515456285513, 16.50000000000000000 ) ) ;
#3034 = DIRECTION ( 'NONE',  ( -0.000000000000000000, -0.000000000000000000, 1.000000000000000000 ) ) ;
#3035 = CARTESIAN_POINT ( 'NONE',  ( 40.07736335813422102, 50.13673285057618045, 0.000000000000000000 ) ) ;
#3036 = LINE ( 'NONE', #79, #3046 ) ;
#3037 = ORIENTED_EDGE ( 'NONE', *, *, #3192, .T. ) ;
#3038 = EDGE_CURVE ( 'NONE', #3080, #1792, #3369, .T. ) ;
#3039 = EDGE_LOOP ( 'NONE', ( #3452, #2760, #1872, #396 ) ) ;
#3040 = LINE ( 'NONE', #3363, #268 ) ;
#3041 = DIRECTION ( 'NONE',  ( -1.000000000000000000, 0.000000000000000000, -0.000000000000000000 ) ) ;
#3042 = ORIENTED_EDGE ( 'NONE', *, *, #363, .F. ) ;
#3043 = ORIENTED_EDGE ( 'NONE', *, *, #604, .T. ) ;
#3044 = DIRECTION ( 'NONE',  ( -0.000000000000000000, 0.000000000000000000, 1.000000000000000000 ) ) ;
#3045 = CARTESIAN_POINT ( 'NONE',  ( -38.56071217551856734, 47.90813650548992797, 15.50000000000000000 ) ) ;
#3046 = VECTOR ( 'NONE', #1520, 1000.000000000000000 ) ;
#3047 = EDGE_CURVE ( 'NONE', #3312, #2276, #1610, .T. ) ;
#3048 = ORIENTED_EDGE ( 'NONE', *, *, #2932, .T. ) ;
#3049 = EDGE_CURVE ( 'NONE', #3510, #3080, #3456, .T. ) ;
#3050 = EDGE_CURVE ( 'NONE', #162, #352, #3621, .T. ) ;
#3051 = CARTESIAN_POINT ( 'NONE',  ( 51.80416445749188625, -43.81322866661731297, 25.39999999999999858 ) ) ;
#3052 = LINE ( 'NONE', #3409, #96 ) ;
#3053 = EDGE_LOOP ( 'NONE', ( #820, #2625, #565, #1082, #3060, #248, #955 ) ) ;
#3054 = EDGE_CURVE ( 'NONE', #3165, #1264, #119, .T. ) ;
#3055 = DIRECTION ( 'NONE',  ( -1.000000000000000000, -0.000000000000000000, 0.000000000000000000 ) ) ;
#3056 = DIRECTION ( 'NONE',  ( 0.000000000000000000, 1.000000000000000000, 0.000000000000000000 ) ) ;
#3057 = DIRECTION ( 'NONE',  ( 0.000000000000000000, -1.000000000000000000, 0.000000000000000000 ) ) ;
#3058 = DIRECTION ( 'NONE',  ( 1.000000000000000000, 1.273191542001328782E-16, 0.000000000000000000 ) ) ;
#3059 = VERTEX_POINT ( 'NONE', #3639 ) ;
#3060 = ORIENTED_EDGE ( 'NONE', *, *, #3116, .T. ) ;
#3061 = CARTESIAN_POINT ( 'NONE',  ( 51.80416445749187915, -43.81322866661731297, 16.50000000000000000 ) ) ;
#3062 = DIRECTION ( 'NONE',  ( 0.000000000000000000, 0.000000000000000000, -1.000000000000000000 ) ) ;
#3063 = ORIENTED_EDGE ( 'NONE', *, *, #92, .T. ) ;
#3064 = LINE ( 'NONE', #1363, #333 ) ;
#3065 = CIRCLE ( 'NONE', #1832, 3.000000000000002665 ) ;
#3066 = SURFACE_STYLE_USAGE ( .BOTH. , #1607 ) ;
#3067 = CYLINDRICAL_SURFACE ( 'NONE', #527, 3.000000000000002665 ) ;
#3068 = LINE ( 'NONE', #1914, #3403 ) ;
#3069 = ORIENTED_EDGE ( 'NONE', *, *, #2449, .F. ) ;
#3070 = DIRECTION ( 'NONE',  ( -0.000000000000000000, 0.000000000000000000, 1.000000000000000000 ) ) ;
#3071 = CARTESIAN_POINT ( 'NONE',  ( -0.000000000000000000, 8.439904173535021314, 16.50000000000000000 ) ) ;
#3072 = DIRECTION ( 'NONE',  ( 0.6694407558385196966, -0.7428654483971854905, 0.000000000000000000 ) ) ;
#3073 = DIRECTION ( 'NONE',  ( 1.273191542001328782E-16, -1.000000000000000000, 0.000000000000000000 ) ) ;
#3074 = ORIENTED_EDGE ( 'NONE', *, *, #211, .T. ) ;
#3075 = VECTOR ( 'NONE', #2607, 1000.000000000000000 ) ;
#3076 = VERTEX_POINT ( 'NONE', #3676 ) ;
#3077 = CARTESIAN_POINT ( 'NONE',  ( -50.24583554250843065, -50.00671723892491372, 0.000000000000000000 ) ) ;
#3078 = CARTESIAN_POINT ( 'NONE',  ( -48.24583554250757089, -51.00671723892524767, 16.50000000000000000 ) ) ;
#3079 = CIRCLE ( 'NONE', #569, 1.600000000000129097 ) ;
#3080 = VERTEX_POINT ( 'NONE', #1573 ) ;
#3081 = DIRECTION ( 'NONE',  ( -1.000000000000000000, 0.000000000000000000, 0.000000000000000000 ) ) ;
#3082 = LINE ( 'NONE', #1533, #3001 ) ;
#3083 = CARTESIAN_POINT ( 'NONE',  ( 52.95416445749187062, 24.08677133338269627, 19.00000000000000000 ) ) ;
#3084 = CARTESIAN_POINT ( 'NONE',  ( 40.07736335792299798, -43.81322866661731297, 16.39999999999999858 ) ) ;
#3085 = ORIENTED_EDGE ( 'NONE', *, *, #1474, .T. ) ;
#3086 = PLANE ( 'NONE',  #707 ) ;
#3087 = DIRECTION ( 'NONE',  ( 1.000000000000000000, 0.000000000000000000, 0.000000000000000000 ) ) ;
#3088 = CYLINDRICAL_SURFACE ( 'NONE', #1327, 1.600000000000129097 ) ;
#3089 = CARTESIAN_POINT ( 'NONE',  ( 0.000000000000000000, 0.000000000000000000, 24.39999999999999858 ) ) ;
#3090 = ORIENTED_EDGE ( 'NONE', *, *, #3675, .T. ) ;
#3091 = VECTOR ( 'NONE', #1948, 1000.000000000000000 ) ;
#3092 = ADVANCED_FACE ( 'NONE', ( #1629 ), #981, .T. ) ;
#3093 = ORIENTED_EDGE ( 'NONE', *, *, #64, .F. ) ;
#3094 = CARTESIAN_POINT ( 'NONE',  ( 54.25416445749178251, -44.81322866661731297, 16.39999999999999858 ) ) ;
#3095 = DIRECTION ( 'NONE',  ( 0.000000000000000000, 1.000000000000000000, 0.000000000000000000 ) ) ;
#3096 = AXIS2_PLACEMENT_3D ( 'NONE', #2814, #2793, #484 ) ;
#3097 = ADVANCED_FACE ( 'NONE', ( #1311 ), #3656, .F. ) ;
#3098 = EDGE_CURVE ( 'NONE', #3059, #3404, #2182, .T. ) ;
#3099 = ORIENTED_EDGE ( 'NONE', *, *, #265, .T. ) ;
#3100 = FACE_OUTER_BOUND ( 'NONE', #1655, .T. ) ;
#3101 = CARTESIAN_POINT ( 'NONE',  ( -52.29583554250811517, 22.98677133338268064, 25.39999999999999858 ) ) ;
#3102 = VECTOR ( 'NONE', #2970, 1000.000000000000000 ) ;
#3103 = VECTOR ( 'NONE', #3718, 1000.000000000000000 ) ;
#3104 = VECTOR ( 'NONE', #1900, 1000.000000000000000 ) ;
#3105 = DIRECTION ( 'NONE',  ( 1.000000000000000000, 1.273191542001328782E-16, 0.000000000000000000 ) ) ;
#3106 = CARTESIAN_POINT ( 'NONE',  ( 51.35416445749179104, -50.00671723892491372, 13.50000000000000178 ) ) ;
#3107 = ORIENTED_EDGE ( 'NONE', *, *, #3574, .F. ) ;
#3108 = VECTOR ( 'NONE', #904, 1000.000000000000000 ) ;
#3109 = DIRECTION ( 'NONE',  ( -0.000000000000000000, -0.000000000000000000, 1.000000000000000000 ) ) ;
#3110 = CARTESIAN_POINT ( 'NONE',  ( -48.59344854183517270, 49.99328276107484470, 13.50000000000000178 ) ) ;
#3111 = LINE ( 'NONE', #735, #785 ) ;
#3112 = ORIENTED_EDGE ( 'NONE', *, *, #825, .F. ) ;
#3113 = VERTEX_POINT ( 'NONE', #2507 ) ;
#3114 = FACE_BOUND ( 'NONE', #3519, .T. ) ;
#3115 = PLANE ( 'NONE',  #814 ) ;
#3116 = EDGE_CURVE ( 'NONE', #356, #552, #351, .T. ) ;
#3117 = ORIENTED_EDGE ( 'NONE', *, *, #3098, .F. ) ;
#3118 = EDGE_CURVE ( 'NONE', #352, #1774, #1913, .T. ) ;
#3119 = CARTESIAN_POINT ( 'NONE',  ( 45.62343970946916727, 53.69122662819303571, 16.50000000000000000 ) ) ;
#3120 = VERTEX_POINT ( 'NONE', #3051 ) ;
#3121 = CARTESIAN_POINT ( 'NONE',  ( 40.07736335813422102, 50.13673285057618045, 12.50000000000000000 ) ) ;
#3122 = AXIS2_PLACEMENT_3D ( 'NONE', #556, #2850, #2585 ) ;
#3123 = LINE ( 'NONE', #1038, #2902 ) ;
#3124 = ORIENTED_EDGE ( 'NONE', *, *, #1571, .F. ) ;
#3125 = DIRECTION ( 'NONE',  ( -0.000000000000000000, -0.000000000000000000, 1.000000000000000000 ) ) ;
#3126 = CARTESIAN_POINT ( 'NONE',  ( 51.80416445749187204, -43.81322866661731297, 24.39999999999999858 ) ) ;
#3127 = FACE_OUTER_BOUND ( 'NONE', #3493, .T. ) ;
#3128 = VERTEX_POINT ( 'NONE', #1878 ) ;
#3129 = ORIENTED_EDGE ( 'NONE', *, *, #1640, .T. ) ;
#3130 = DIRECTION ( 'NONE',  ( 0.000000000000000000, -0.000000000000000000, 1.000000000000000000 ) ) ;
#3131 = FACE_OUTER_BOUND ( 'NONE', #1588, .T. ) ;
#3132 = EDGE_CURVE ( 'NONE', #187, #2880, #1592, .T. ) ;
#3133 = VERTEX_POINT ( 'NONE', #1132 ) ;
#3134 = DIRECTION ( 'NONE',  ( 1.000000000000000000, 0.000000000000000000, 0.000000000000000000 ) ) ;
#3135 = EDGE_LOOP ( 'NONE', ( #2325, #3005, #3042, #798, #335, #1200 ) ) ;
#3136 = EDGE_CURVE ( 'NONE', #395, #1030, #1682, .T. ) ;
#3137 = CARTESIAN_POINT ( 'NONE',  ( -53.44583554250813506, -43.81322866661731297, 18.99999999999999645 ) ) ;
#3138 = LINE ( 'NONE', #915, #1656 ) ;
#3139 = ORIENTED_EDGE ( 'NONE', *, *, #3301, .F. ) ;
#3140 = DIRECTION ( 'NONE',  ( -0.000000000000000000, -0.000000000000000000, -1.000000000000000000 ) ) ;
#3141 = CARTESIAN_POINT ( 'NONE',  ( 40.07736335792299798, 33.42328432035501606, 16.50000000000000000 ) ) ;
#3142 = CARTESIAN_POINT ( 'NONE',  ( -40.56903444293924110, -43.81322866661731297, 16.50000000000000000 ) ) ;
#3143 = VERTEX_POINT ( 'NONE', #3137 ) ;
#3144 = ORIENTED_EDGE ( 'NONE', *, *, #2932, .F. ) ;
#3145 = LINE ( 'NONE', #1674, #1168 ) ;
#3146 = DIRECTION ( 'NONE',  ( 1.000000000000000000, 0.000000000000000000, 0.000000000000000000 ) ) ;
#3147 = CIRCLE ( 'NONE', #222, 2.999999999999999112 ) ;
#3148 = AXIS2_PLACEMENT_3D ( 'NONE', #2444, #3044, #423 ) ;
#3149 = EDGE_CURVE ( 'NONE', #1780, #2360, #1930, .T. ) ;
#3150 = VECTOR ( 'NONE', #1283, 1000.000000000000000 ) ;
#3151 = ORIENTED_EDGE ( 'NONE', *, *, #1400, .F. ) ;
#3152 = EDGE_LOOP ( 'NONE', ( #2351, #3297, #3256, #952 ) ) ;
#3153 = CARTESIAN_POINT ( 'NONE',  ( -40.58855681255305115, -44.81322866661732718, 16.39999999999999858 ) ) ;
#3154 = ORIENTED_EDGE ( 'NONE', *, *, #2644, .T. ) ;
#3155 = DIRECTION ( 'NONE',  ( -2.312964634635740689E-15, -1.000000000000000000, 0.000000000000000000 ) ) ;
#3156 = CARTESIAN_POINT ( 'NONE',  ( 48.57614896214992939, 42.47796574704196360, 15.50000000000000000 ) ) ;
#3157 = ORIENTED_EDGE ( 'NONE', *, *, #1125, .F. ) ;
#3158 = EDGE_CURVE ( 'NONE', #2226, #3743, #1736, .T. ) ;
#3159 = VECTOR ( 'NONE', #411, 1000.000000000000000 ) ;
#3160 = CARTESIAN_POINT ( 'NONE',  ( 0.000000000000000000, 0.000000000000000000, 19.00000000000000000 ) ) ;
#3161 = DIRECTION ( 'NONE',  ( 0.000000000000000000, 0.000000000000000000, 1.000000000000000000 ) ) ;
#3162 = LINE ( 'NONE', #3487, #2386 ) ;
#3163 = EDGE_CURVE ( 'NONE', #2177, #1740, #1433, .T. ) ;
#3164 = ORIENTED_EDGE ( 'NONE', *, *, #169, .T. ) ;
#3165 = VERTEX_POINT ( 'NONE', #2547 ) ;
#3166 = CARTESIAN_POINT ( 'NONE',  ( 0.000000000000000000, 0.000000000000000000, 0.000000000000000000 ) ) ;
#3167 = CARTESIAN_POINT ( 'NONE',  ( 5.705582370810865668E-15, -44.81322866661732007, 24.39999999999999858 ) ) ;
#3168 = EDGE_LOOP ( 'NONE', ( #834, #434, #616, #3433 ) ) ;
#3169 = ORIENTED_EDGE ( 'NONE', *, *, #2619, .F. ) ;
#3170 = DIRECTION ( 'NONE',  ( -0.005763824562264502176, 0.9999833890252455282, 0.000000000000000000 ) ) ;
#3171 = EDGE_LOOP ( 'NONE', ( #1276, #528, #20, #713, #2683, #2189 ) ) ;
#3172 = DIRECTION ( 'NONE',  ( -0.000000000000000000, -0.000000000000000000, -1.000000000000000000 ) ) ;
#3173 = CARTESIAN_POINT ( 'NONE',  ( -43.56903444293924110, -44.47153714672325009, 15.50000000000000000 ) ) ;
#3174 = VECTOR ( 'NONE', #3030, 1000.000000000000000 ) ;
#3175 = CARTESIAN_POINT ( 'NONE',  ( 7.661035901811647753E-16, 22.98677133338267708, 16.50000000000000000 ) ) ;
#3176 = ADVANCED_FACE ( 'NONE', ( #1418 ), #807, .F. ) ;
#3177 = VECTOR ( 'NONE', #3134, 1000.000000000000000 ) ;
#3178 = DIRECTION ( 'NONE',  ( 1.000000000000000000, 0.000000000000000000, 0.000000000000000000 ) ) ;
#3179 = CYLINDRICAL_SURFACE ( 'NONE', #261, 1.600000000000129097 ) ;
#3180 = EDGE_CURVE ( 'NONE', #1696, #356, #2867, .T. ) ;
#3181 = VERTEX_POINT ( 'NONE', #503 ) ;
#3182 = DIRECTION ( 'NONE',  ( 0.000000000000000000, 0.000000000000000000, 1.000000000000000000 ) ) ;
#3183 = CARTESIAN_POINT ( 'NONE',  ( 48.64078130408407219, 53.69122662819303571, 0.000000000000000000 ) ) ;
#3184 = ORIENTED_EDGE ( 'NONE', *, *, #2818, .F. ) ;
#3185 = EDGE_LOOP ( 'NONE', ( #1531, #1865, #1364, #2333 ) ) ;
#3186 = AXIS2_PLACEMENT_3D ( 'NONE', #1443, #2931, #2610 ) ;
#3187 = FACE_OUTER_BOUND ( 'NONE', #2540, .T. ) ;
#3188 = ORIENTED_EDGE ( 'NONE', *, *, #3243, .F. ) ;
#3189 = AXIS2_PLACEMENT_3D ( 'NONE', #683, #1011, #2764 ) ;
#3190 = DIRECTION ( 'NONE',  ( 0.000000000000000000, 0.000000000000000000, -1.000000000000000000 ) ) ;
#3191 = DIRECTION ( 'NONE',  ( 0.000000000000000000, -1.000000000000000000, 0.000000000000000000 ) ) ;
#3192 = EDGE_CURVE ( 'NONE', #2753, #80, #3212, .T. ) ;
#3193 = EDGE_CURVE ( 'NONE', #3727, #1183, #3445, .T. ) ;
#3194 = VECTOR ( 'NONE', #1436, 1000.000000000000000 ) ;
#3195 = EDGE_CURVE ( 'NONE', #2785, #2561, #2584, .T. ) ;
#3196 = CARTESIAN_POINT ( 'NONE',  ( 49.75416445749183936, -50.00671723892527609, 13.50000000000000178 ) ) ;
#3197 = DIRECTION ( 'NONE',  ( -1.000000000000000000, 0.000000000000000000, 0.000000000000000000 ) ) ;
#3198 = CARTESIAN_POINT ( 'NONE',  ( -49.13245238910084112, 53.69122662819303571, 0.000000000000000000 ) ) ;
#3199 = EDGE_LOOP ( 'NONE', ( #720, #38, #2682, #983 ) ) ;
#3200 = VECTOR ( 'NONE', #2331, 1000.000000000000000 ) ;
#3201 = PLANE ( 'NONE',  #1664 ) ;
#3202 = DIRECTION ( 'NONE',  ( 0.000000000000000000, 0.000000000000000000, 1.000000000000000000 ) ) ;
#3203 = EDGE_CURVE ( 'NONE', #976, #665, #1794, .T. ) ;
#3204 = EDGE_CURVE ( 'NONE', #828, #2725, #3425, .T. ) ;
#3205 = ORIENTED_EDGE ( 'NONE', *, *, #3529, .T. ) ;
#3206 = ORIENTED_EDGE ( 'NONE', *, *, #429, .F. ) ;
#3207 = DIRECTION ( 'NONE',  ( -1.054543146490460309E-16, -1.000000000000000000, 0.000000000000000000 ) ) ;
#3208 = EDGE_CURVE ( 'NONE', #1028, #1336, #1094, .T. ) ;
#3209 = DIRECTION ( 'NONE',  ( 0.7428654483999667102, -0.6694407558354334986, 0.000000000000000000 ) ) ;
#3210 = ORIENTED_EDGE ( 'NONE', *, *, #220, .T. ) ;
#3211 = EDGE_CURVE ( 'NONE', #2592, #130, #2257, .T. ) ;
#3212 = CIRCLE ( 'NONE', #2716, 3.000000000000002665 ) ;
#3213 = CARTESIAN_POINT ( 'NONE',  ( -49.40399246800494382, -47.12495736814346259, 13.90096808230856773 ) ) ;
#3214 = CARTESIAN_POINT ( 'NONE',  ( -40.56903444293924110, 46.09831646395988258, 15.50000000000000000 ) ) ;
#3215 = EDGE_CURVE ( 'NONE', #1696, #3245, #826, .T. ) ;
#3216 = LINE ( 'NONE', #592, #75 ) ;
#3217 = CARTESIAN_POINT ( 'NONE',  ( 51.35416445749179104, -50.00671723892491372, 0.000000000000000000 ) ) ;
#3218 = VERTEX_POINT ( 'NONE', #3479 ) ;
#3219 = CARTESIAN_POINT ( 'NONE',  ( -43.99344854183507891, 49.99328276107484470, 0.000000000000000000 ) ) ;
#3220 = CYLINDRICAL_SURFACE ( 'NONE', #1578, 1.600000000000129097 ) ;
#3221 = VECTOR ( 'NONE', #2495, 1000.000000000000000 ) ;
#3222 = AXIS2_PLACEMENT_3D ( 'NONE', #3644, #2738, #125 ) ;
#3223 = ORIENTED_EDGE ( 'NONE', *, *, #217, .T. ) ;
#3224 = ORIENTED_EDGE ( 'NONE', *, *, #1920, .T. ) ;
#3225 = CARTESIAN_POINT ( 'NONE',  ( 49.13691051161129053, -47.06863855721849177, 14.00280402579315364 ) ) ;
#3226 = CARTESIAN_POINT ( 'NONE',  ( -45.24583554250842354, -47.47153714672292324, 15.50000000000000000 ) ) ;
#3227 = ORIENTED_EDGE ( 'NONE', *, *, #2485, .F. ) ;
#3228 = EDGE_CURVE ( 'NONE', #1604, #3319, #218, .T. ) ;
#3229 = EDGE_CURVE ( 'NONE', #1258, #1209, #2884, .T. ) ;
#3230 = LINE ( 'NONE', #2958, #1020 ) ;
#3231 = CARTESIAN_POINT ( 'NONE',  ( 40.07736335792299798, 50.69122662819302860, 16.50000000000000000 ) ) ;
#3232 = DIRECTION ( 'NONE',  ( -0.000000000000000000, -0.000000000000000000, -1.000000000000000000 ) ) ;
#3233 = APPLICATION_PROTOCOL_DEFINITION ( 'draft international standard', 'automotive_design', 1998, #845 ) ;
#3234 = DIRECTION ( 'NONE',  ( -2.420054292158815258E-16, 1.000000000000000000, -0.000000000000000000 ) ) ;
#3235 = ORIENTED_EDGE ( 'NONE', *, *, #2858, .F. ) ;
#3236 = AXIS2_PLACEMENT_3D ( 'NONE', #1678, #3421, #3170 ) ;
#3237 = DIRECTION ( 'NONE',  ( -0.000000000000000000, 0.000000000000000000, -1.000000000000000000 ) ) ;
#3238 = DIRECTION ( 'NONE',  ( -0.7428654483999667102, -0.6694407558354334986, 0.000000000000000000 ) ) ;
#3239 = ORIENTED_EDGE ( 'NONE', *, *, #2220, .T. ) ;
#3240 = ORIENTED_EDGE ( 'NONE', *, *, #1962, .F. ) ;
#3241 = LINE ( 'NONE', #1218, #3442 ) ;
#3242 = PLANE ( 'NONE',  #2697 ) ;
#3243 = EDGE_CURVE ( 'NONE', #3391, #534, #538, .T. ) ;
#3244 = ORIENTED_EDGE ( 'NONE', *, *, #1109, .T. ) ;
#3245 = VERTEX_POINT ( 'NONE', #1153 ) ;
#3246 = ADVANCED_FACE ( 'NONE', ( #1715 ), #2310, .F. ) ;
#3247 = CARTESIAN_POINT ( 'NONE',  ( -48.95220175616540104, -47.29996427146910065, 13.50000000000000178 ) ) ;
#3248 = CARTESIAN_POINT ( 'NONE',  ( 0.000000000000000000, 20.98677133338266998, 16.50000000000000000 ) ) ;
#3249 = DIRECTION ( 'NONE',  ( 1.000000000000000000, -3.332802067198476766E-17, 0.000000000000000000 ) ) ;
#3250 = EDGE_CURVE ( 'NONE', #2064, #2802, #3498, .T. ) ;
#3251 = CIRCLE ( 'NONE', #2084, 3.000000000000002665 ) ;
#3252 = LINE ( 'NONE', #3314, #1633 ) ;
#3253 = DIRECTION ( 'NONE',  ( 0.000000000000000000, 0.000000000000000000, 1.000000000000000000 ) ) ;
#3254 = DIRECTION ( 'NONE',  ( 0.000000000000000000, 0.000000000000000000, 1.000000000000000000 ) ) ;
#3255 = AXIS2_PLACEMENT_3D ( 'NONE', #475, #1278, #1923 ) ;
#3256 = ORIENTED_EDGE ( 'NONE', *, *, #2028, .F. ) ;
#3257 =( BOUNDED_CURVE ( )  B_SPLINE_CURVE ( 3, ( #3756, #2266, #799, #1141 ),
 .UNSPECIFIED., .F., .F. ) 
 B_SPLINE_CURVE_WITH_KNOTS ( ( 4, 4 ),
 ( 3.141592653589793116, 4.712388980384689674 ),
 .UNSPECIFIED. ) 
 CURVE ( )  GEOMETRIC_REPRESENTATION_ITEM ( )  RATIONAL_B_SPLINE_CURVE ( ( 1.000000000000000000, 0.8047378541243649375, 0.8047378541243649375, 1.000000000000000000 ) ) 
 REPRESENTATION_ITEM ( '' )  );
#3258 = CARTESIAN_POINT ( 'NONE',  ( -55.24583554250840933, -47.47153714672292324, 0.000000000000000000 ) ) ;
#3259 = DIRECTION ( 'NONE',  ( -1.000000000000000000, 0.000000000000000000, 0.000000000000000000 ) ) ;
#3260 = DIRECTION ( 'NONE',  ( -1.000000000000000000, 0.000000000000000000, 0.000000000000000000 ) ) ;
#3261 = ORIENTED_EDGE ( 'NONE', *, *, #1544, .T. ) ;
#3262 = VERTEX_POINT ( 'NONE', #3499 ) ;
#3263 = VERTEX_POINT ( 'NONE', #2671 ) ;
#3264 = CARTESIAN_POINT ( 'NONE',  ( -18.04583554250812583, 23.98677133338268064, 18.50000000000000355 ) ) ;
#3265 = FACE_OUTER_BOUND ( 'NONE', #510, .T. ) ;
#3266 = VERTEX_POINT ( 'NONE', #3515 ) ;
#3267 = ADVANCED_FACE ( 'NONE', ( #882 ), #2035, .F. ) ;
#3268 = ORIENTED_EDGE ( 'NONE', *, *, #28, .T. ) ;
#3269 = DIRECTION ( 'NONE',  ( 0.000000000000000000, 0.000000000000000000, 1.000000000000000000 ) ) ;
#3270 = VECTOR ( 'NONE', #555, 1000.000000000000000 ) ;
#3271 = DIRECTION ( 'NONE',  ( -0.7428654483999667102, 0.6694407558354334986, 0.000000000000000000 ) ) ;
#3272 = EDGE_CURVE ( 'NONE', #3739, #39, #1808, .T. ) ;
#3273 = ORIENTED_EDGE ( 'NONE', *, *, #2927, .T. ) ;
#3274 = VECTOR ( 'NONE', #1918, 1000.000000000000000 ) ;
#3275 = CIRCLE ( 'NONE', #1441, 1.600000000000004086 ) ;
#3276 = CARTESIAN_POINT ( 'NONE',  ( -50.24583554250805406, -50.00671723892527609, 16.50000000000000000 ) ) ;
#3277 = CYLINDRICAL_SURFACE ( 'NONE', #1830, 3.000000000000002665 ) ;
#3278 = CARTESIAN_POINT ( 'NONE',  ( -55.24583554250801143, -45.81322866661731297, 25.39999999999999858 ) ) ;
#3279 = CARTESIAN_POINT ( 'NONE',  ( 45.10177745681895090, 49.99328276107484470, 13.50000000000000178 ) ) ;
#3280 = ORIENTED_EDGE ( 'NONE', *, *, #2991, .F. ) ;
#3281 = DIRECTION ( 'NONE',  ( -0.000000000000000000, 0.000000000000000000, 1.000000000000000000 ) ) ;
#3282 = LINE ( 'NONE', #1497, #3407 ) ;
#3283 = DIRECTION ( 'NONE',  ( 1.000000000000000000, 0.000000000000000000, 0.000000000000000000 ) ) ;
#3284 = ORIENTED_EDGE ( 'NONE', *, *, #2042, .T. ) ;
#3285 = CIRCLE ( 'NONE', #2609, 1.600000000000129097 ) ;
#3286 = ORIENTED_EDGE ( 'NONE', *, *, #1640, .F. ) ;
#3287 = ORIENTED_EDGE ( 'NONE', *, *, #223, .F. ) ;
#3288 = PLANE ( 'NONE',  #880 ) ;
#3289 = CIRCLE ( 'NONE', #2612, 3.000000000000002665 ) ;
#3290 = LINE ( 'NONE', #664, #1057 ) ;
#3291 = EDGE_LOOP ( 'NONE', ( #1692, #2857, #2544, #2706 ) ) ;
#3292 = VECTOR ( 'NONE', #559, 1000.000000000000000 ) ;
#3293 = ORIENTED_EDGE ( 'NONE', *, *, #2638, .F. ) ;
#3294 = DIRECTION ( 'NONE',  ( 0.000000000000000000, -0.000000000000000000, -1.000000000000000000 ) ) ;
#3295 = CARTESIAN_POINT ( 'NONE',  ( -43.11426854744382098, 47.84306924511001569, 15.50000000000000000 ) ) ;
#3296 = CARTESIAN_POINT ( 'NONE',  ( -48.24583554250757089, -54.00671723892524767, 16.50000000000000000 ) ) ;
#3297 = ORIENTED_EDGE ( 'NONE', *, *, #747, .T. ) ;
#3298 = EDGE_CURVE ( 'NONE', #666, #170, #588, .T. ) ;
#3299 = DIRECTION ( 'NONE',  ( 1.000000000000000000, 0.000000000000000000, 0.000000000000000000 ) ) ;
#3300 = CARTESIAN_POINT ( 'NONE',  ( -55.24583554250802564, 0.000000000000000000, 16.50000000000000000 ) ) ;
#3301 = EDGE_CURVE ( 'NONE', #380, #546, #607, .T. ) ;
#3302 = LINE ( 'NONE', #970, #2112 ) ;
#3303 = VERTEX_POINT ( 'NONE', #624 ) ;
#3304 = ORIENTED_EDGE ( 'NONE', *, *, #1413, .F. ) ;
#3305 = DIRECTION ( 'NONE',  ( 0.000000000000000000, 0.000000000000000000, -1.000000000000000000 ) ) ;
#3306 = CARTESIAN_POINT ( 'NONE',  ( -45.59344854183516560, 49.99328276107484470, 13.50000000000000178 ) ) ;
#3307 = VECTOR ( 'NONE', #1154, 1000.000000000000000 ) ;
#3308 = ORIENTED_EDGE ( 'NONE', *, *, #606, .T. ) ;
#3309 = ORIENTED_EDGE ( 'NONE', *, *, #1820, .T. ) ;
#3310 = DIRECTION ( 'NONE',  ( 0.7428654483971853795, 0.6694407558385198076, 0.000000000000000000 ) ) ;
#3311 = CARTESIAN_POINT ( 'NONE',  ( 40.88560342841962125, 45.36996270237359852, 12.50000000000000000 ) ) ;
#3312 = VERTEX_POINT ( 'NONE', #1786 ) ;
#3313 = AXIS2_PLACEMENT_3D ( 'NONE', #1179, #3490, #2387 ) ;
#3314 = CARTESIAN_POINT ( 'NONE',  ( 44.75416445749165462, -47.47153714672292324, 0.000000000000000000 ) ) ;
#3315 = CARTESIAN_POINT ( 'NONE',  ( -40.56903444293924110, 0.000000000000000000, 16.50000000000000000 ) ) ;
#3316 = EDGE_CURVE ( 'NONE', #170, #3319, #3781, .T. ) ;
#3317 = CARTESIAN_POINT ( 'NONE',  ( 51.80416445749187204, -45.81322866661731297, 19.00000000000000000 ) ) ;
#3318 = ADVANCED_FACE ( 'NONE', ( #2635 ), #338, .F. ) ;
#3319 = VERTEX_POINT ( 'NONE', #10 ) ;
#3320 = AXIS2_PLACEMENT_3D ( 'NONE', #3022, #152, #1586 ) ;
#3321 = DIRECTION ( 'NONE',  ( 1.000000000000000000, 1.273191542001328782E-16, 0.000000000000000000 ) ) ;
#3322 = CARTESIAN_POINT ( 'NONE',  ( 51.04779824383449238, -47.29996427146910065, 13.50000000000000178 ) ) ;
#3323 = CARTESIAN_POINT ( 'NONE',  ( -55.24583554250802564, 8.439904173535021314, 19.00000000000000000 ) ) ;
#3324 = DIRECTION ( 'NONE',  ( 0.000000000000000000, 0.000000000000000000, 1.000000000000000000 ) ) ;
#3325 = ORIENTED_EDGE ( 'NONE', *, *, #405, .T. ) ;
#3326 = ORIENTED_EDGE ( 'NONE', *, *, #15, .F. ) ;
#3327 = FACE_OUTER_BOUND ( 'NONE', #1837, .T. ) ;
#3328 = FACE_OUTER_BOUND ( 'NONE', #2356, .T. ) ;
#3329 = EDGE_CURVE ( 'NONE', #356, #3263, #3230, .T. ) ;
#3330 = ORIENTED_EDGE ( 'NONE', *, *, #3720, .F. ) ;
#3331 = ADVANCED_FACE ( 'NONE', ( #1204 ), #1188, .F. ) ;
#3332 = ADVANCED_FACE ( 'NONE', ( #934 ), #317, .F. ) ;
#3333 = EDGE_LOOP ( 'NONE', ( #2272, #267, #479, #1397, #3432, #1503, #101, #3309 ) ) ;
#3334 = DIRECTION ( 'NONE',  ( 0.000000000000000000, 0.000000000000000000, -1.000000000000000000 ) ) ;
#3335 = ADVANCED_FACE ( 'NONE', ( #643 ), #863, .T. ) ;
#3336 = CARTESIAN_POINT ( 'NONE',  ( 45.62343970946916727, 50.69122662819302860, 0.000000000000000000 ) ) ;
#3337 = VERTEX_POINT ( 'NONE', #2903 ) ;
#3338 = CIRCLE ( 'NONE', #1013, 3.000000000000002665 ) ;
#3339 = PLANE ( 'NONE',  #3638 ) ;
#3340 = PLANE ( 'NONE',  #2234 ) ;
#3341 = ORIENTED_EDGE ( 'NONE', *, *, #3373, .F. ) ;
#3342 = VECTOR ( 'NONE', #155, 1000.000000000000000 ) ;
#3343 = CYLINDRICAL_SURFACE ( 'NONE', #2475, 2.999999999999999112 ) ;
#3344 = CARTESIAN_POINT ( 'NONE',  ( -51.53946932885070709, -47.29996427146910065, 13.50000000000000178 ) ) ;
#3345 = FACE_OUTER_BOUND ( 'NONE', #797, .T. ) ;
#3346 = DIRECTION ( 'NONE',  ( -0.000000000000000000, -0.000000000000000000, -1.000000000000000000 ) ) ;
#3347 = ORIENTED_EDGE ( 'NONE', *, *, #2633, .F. ) ;
#3348 = ORIENTED_EDGE ( 'NONE', *, *, #213, .F. ) ;
#3349 = DIRECTION ( 'NONE',  ( 0.000000000000000000, 0.000000000000000000, 1.000000000000000000 ) ) ;
#3350 = CARTESIAN_POINT ( 'NONE',  ( 43.07736335792299798, -47.47153714672325009, 16.50000000000000000 ) ) ;
#3351 = ORIENTED_EDGE ( 'NONE', *, *, #2991, .T. ) ;
#3352 = DIRECTION ( 'NONE',  ( -0.000000000000000000, 1.000000000000000000, -0.000000000000000000 ) ) ;
#3353 = DIRECTION ( 'NONE',  ( 1.000000000000000000, 0.000000000000000000, 0.000000000000000000 ) ) ;
#3354 = DIRECTION ( 'NONE',  ( 0.000000000000000000, -0.000000000000000000, -1.000000000000000000 ) ) ;
#3355 = CARTESIAN_POINT ( 'NONE',  ( 51.80416445749187915, 22.98677133338268064, 24.39999999999999858 ) ) ;
#3356 = ORIENTED_EDGE ( 'NONE', *, *, #1366, .F. ) ;
#3357 = CARTESIAN_POINT ( 'NONE',  ( 44.75416445749132777, -47.47153714672325009, 15.50000000000000000 ) ) ;
#3358 = CARTESIAN_POINT ( 'NONE',  ( 52.95416445749188483, -44.81322866661731297, 18.99999999999999645 ) ) ;
#3359 = DIRECTION ( 'NONE',  ( -1.000000000000000000, -2.581228954965069464E-16, 0.000000000000000000 ) ) ;
#3360 = CARTESIAN_POINT ( 'NONE',  ( 54.75416445749163330, -47.47153714672292324, 0.000000000000000000 ) ) ;
#3361 = VERTEX_POINT ( 'NONE', #2769 ) ;
#3362 = EDGE_LOOP ( 'NONE', ( #2113, #2539, #1008, #1261 ) ) ;
#3363 = CARTESIAN_POINT ( 'NONE',  ( 44.75416445749165462, -54.00671723892492082, 0.000000000000000000 ) ) ;
#3364 = CARTESIAN_POINT ( 'NONE',  ( 43.07736335792299798, -44.47153714672325009, 15.50000000000000000 ) ) ;
#3365 = ORIENTED_EDGE ( 'NONE', *, *, #3765, .T. ) ;
#3366 = CYLINDRICAL_SURFACE ( 'NONE', #591, 3.000000000000002665 ) ;
#3367 = VECTOR ( 'NONE', #2828, 1000.000000000000000 ) ;
#3368 = LINE ( 'NONE', #1346, #3642 ) ;
#3369 = LINE ( 'NONE', #463, #1623 ) ;
#3370 = DIRECTION ( 'NONE',  ( 1.000000000000000000, 0.000000000000000000, -0.000000000000000000 ) ) ;
#3371 = EDGE_CURVE ( 'NONE', #2276, #1558, #2486, .T. ) ;
#3372 = ORIENTED_EDGE ( 'NONE', *, *, #97, .F. ) ;
#3373 = EDGE_CURVE ( 'NONE', #80, #162, #2137, .T. ) ;
#3374 = DIRECTION ( 'NONE',  ( 0.000000000000000000, 0.000000000000000000, 1.000000000000000000 ) ) ;
#3375 = DIRECTION ( 'NONE',  ( 0.000000000000000000, 0.000000000000000000, 1.000000000000000000 ) ) ;
#3376 = DIRECTION ( 'NONE',  ( 0.000000000000000000, 0.000000000000000000, -1.000000000000000000 ) ) ;
#3377 = DIRECTION ( 'NONE',  ( 0.000000000000000000, 1.000000000000000000, 0.000000000000000000 ) ) ;
#3378 = ORIENTED_EDGE ( 'NONE', *, *, #3669, .T. ) ;
#3379 = ORIENTED_EDGE ( 'NONE', *, *, #3371, .T. ) ;
#3380 = LINE ( 'NONE', #992, #1609 ) ;
#3381 = DIRECTION ( 'NONE',  ( -0.000000000000000000, -0.000000000000000000, 1.000000000000000000 ) ) ;
#3382 = VECTOR ( 'NONE', #1490, 1000.000000000000000 ) ;
#3383 = VERTEX_POINT ( 'NONE', #688 ) ;
#3384 = DIRECTION ( 'NONE',  ( 0.000000000000000000, 0.000000000000000000, -1.000000000000000000 ) ) ;
#3385 = CARTESIAN_POINT ( 'NONE',  ( 51.80416445749187915, -43.81322866661731297, 19.00000000000000000 ) ) ;
#3386 = FACE_OUTER_BOUND ( 'NONE', #118, .T. ) ;
#3387 = VECTOR ( 'NONE', #3771, 1000.000000000000000 ) ;
#3388 = ADVANCED_FACE ( 'NONE', ( #2179 ), #956, .T. ) ;
#3389 = DIRECTION ( 'NONE',  ( 1.000000000000000000, 0.000000000000000000, 0.000000000000000000 ) ) ;
#3390 = LINE ( 'NONE', #792, #641 ) ;
#3391 = VERTEX_POINT ( 'NONE', #382 ) ;
#3392 = CARTESIAN_POINT ( 'NONE',  ( 0.000000000000000000, 0.000000000000000000, 16.50000000000000000 ) ) ;
#3393 = CARTESIAN_POINT ( 'NONE',  ( 45.10177745681895090, 49.99328276107484470, 13.50000000000000178 ) ) ;
#3394 = LINE ( 'NONE', #1884, #2424 ) ;
#3395 = PRODUCT_RELATED_PRODUCT_CATEGORY ( 'part', '', ( #653 ) ) ;
#3396 = VERTEX_POINT ( 'NONE', #424 ) ;
#3397 = VECTOR ( 'NONE', #2465, 1000.000000000000000 ) ;
#3398 = ADVANCED_FACE ( 'NONE', ( #1627 ), #977, .F. ) ;
#3399 = ORIENTED_EDGE ( 'NONE', *, *, #2094, .T. ) ;
#3400 = CARTESIAN_POINT ( 'NONE',  ( -47.24583554250805406, -50.00671723892527609, 13.50000000000000178 ) ) ;
#3401 = CIRCLE ( 'NONE', #2782, 1.599999999999997202 ) ;
#3402 = CARTESIAN_POINT ( 'NONE',  ( -50.24583554250805406, -50.00671723892527609, 16.50000000000000000 ) ) ;
#3403 = VECTOR ( 'NONE', #3695, 1000.000000000000000 ) ;
#3404 = VERTEX_POINT ( 'NONE', #1590 ) ;
#3405 = FACE_BOUND ( 'NONE', #888, .T. ) ;
#3406 = ORIENTED_EDGE ( 'NONE', *, *, #782, .F. ) ;
#3407 = VECTOR ( 'NONE', #890, 1000.000000000000000 ) ;
#3408 = DIRECTION ( 'NONE',  ( -0.000000000000000000, -0.000000000000000000, -1.000000000000000000 ) ) ;
#3409 = CARTESIAN_POINT ( 'NONE',  ( 40.07736335813422102, 53.69122662819303571, 0.000000000000000000 ) ) ;
#3410 = VERTEX_POINT ( 'NONE', #726 ) ;
#3411 = AXIS2_PLACEMENT_3D ( 'NONE', #1901, #204, #3072 ) ;
#3412 = LINE ( 'NONE', #224, #2343 ) ;
#3413 = CARTESIAN_POINT ( 'NONE',  ( -40.56903444315097573, 53.69122662819303571, 0.000000000000000000 ) ) ;
#3414 = CARTESIAN_POINT ( 'NONE',  ( -45.24583554250757089, -47.47153714672325009, 16.50000000000000000 ) ) ;
#3415 = ORIENTED_EDGE ( 'NONE', *, *, #825, .T. ) ;
#3416 = ORIENTED_EDGE ( 'NONE', *, *, #301, .T. ) ;
#3417 = EDGE_CURVE ( 'NONE', #2451, #1885, #640, .T. ) ;
#3418 = DIRECTION ( 'NONE',  ( 0.000000000000000000, 0.000000000000000000, -1.000000000000000000 ) ) ;
#3419 = CARTESIAN_POINT ( 'NONE',  ( -49.11506096156161050, 50.67393515449519725, 0.000000000000000000 ) ) ;
#3420 = ORIENTED_EDGE ( 'NONE', *, *, #2569, .F. ) ;
#3421 = DIRECTION ( 'NONE',  ( 0.9999833890252455282, 0.005763824562264502176, -0.000000000000000000 ) ) ;
#3422 = ORIENTED_EDGE ( 'NONE', *, *, #3193, .F. ) ;
#3423 = MANIFOLD_SOLID_BREP ( 'Cut-Extrude3', #648 ) ;
#3424 = CIRCLE ( 'NONE', #3672, 3.000000000000002665 ) ;
#3425 = LINE ( 'NONE', #2832, #158 ) ;
#3426 = LINE ( 'NONE', #2311, #3614 ) ;
#3427 = ORIENTED_EDGE ( 'NONE', *, *, #777, .T. ) ;
#3428 = FACE_OUTER_BOUND ( 'NONE', #3686, .T. ) ;
#3429 = EDGE_CURVE ( 'NONE', #2226, #976, #1019, .T. ) ;
#3430 = DIRECTION ( 'NONE',  ( -1.000000000000000000, 0.000000000000000000, 0.000000000000000000 ) ) ;
#3431 = FACE_OUTER_BOUND ( 'NONE', #1802, .T. ) ;
#3432 = ORIENTED_EDGE ( 'NONE', *, *, #3444, .T. ) ;
#3433 = ORIENTED_EDGE ( 'NONE', *, *, #2912, .T. ) ;
#3434 = CYLINDRICAL_SURFACE ( 'NONE', #1106, 3.000000000000002665 ) ;
#3435 = FACE_OUTER_BOUND ( 'NONE', #3135, .T. ) ;
#3436 = ORIENTED_EDGE ( 'NONE', *, *, #3443, .T. ) ;
#3437 = VERTEX_POINT ( 'NONE', #461 ) ;
#3438 = VECTOR ( 'NONE', #2594, 1000.000000000000000 ) ;
#3439 = DIRECTION ( 'NONE',  ( 0.000000000000000000, -0.000000000000000000, -1.000000000000000000 ) ) ;
#3440 = EDGE_CURVE ( 'NONE', #3727, #3391, #3401, .T. ) ;
#3441 = VERTEX_POINT ( 'NONE', #1549 ) ;
#3442 = VECTOR ( 'NONE', #2704, 1000.000000000000000 ) ;
#3443 = EDGE_CURVE ( 'NONE', #3777, #3616, #1285, .T. ) ;
#3444 = EDGE_CURVE ( 'NONE', #1359, #1466, #3618, .T. ) ;
#3445 = LINE ( 'NONE', #199, #1075 ) ;
#3446 = CARTESIAN_POINT ( 'NONE',  ( 51.80416445749187204, -45.81322866661731297, 24.39999999999999858 ) ) ;
#3447 = VERTEX_POINT ( 'NONE', #3636 ) ;
#3448 = CARTESIAN_POINT ( 'NONE',  ( 42.89392569561605484, 47.59855904760869549, 15.50000000000000000 ) ) ;
#3449 = CARTESIAN_POINT ( 'NONE',  ( 40.07736335792299798, -43.81322866661731297, 16.50000000000000000 ) ) ;
#3450 = CARTESIAN_POINT ( 'NONE',  ( -40.56903444293924110, -43.81322866661731297, 16.39999999999999858 ) ) ;
#3451 = ORIENTED_EDGE ( 'NONE', *, *, #2094, .F. ) ;
#3452 = ORIENTED_EDGE ( 'NONE', *, *, #2504, .T. ) ;
#3453 = DIRECTION ( 'NONE',  ( 0.000000000000000000, 1.000000000000000000, -0.000000000000000000 ) ) ;
#3454 = DIRECTION ( 'NONE',  ( 1.000000000000000000, 0.000000000000000000, 0.000000000000000000 ) ) ;
#3455 = VECTOR ( 'NONE', #3125, 1000.000000000000000 ) ;
#3456 = CIRCLE ( 'NONE', #3032, 1.600000000000129097 ) ;
#3457 = COLOUR_RGB ( '',0.7921568627450980005, 0.8196078431372548767, 0.9333333333333333481 ) ;
#3458 = ORIENTED_EDGE ( 'NONE', *, *, #455, .F. ) ;
#3459 = ORIENTED_EDGE ( 'NONE', *, *, #92, .F. ) ;
#3460 = CARTESIAN_POINT ( 'NONE',  ( 45.10177745681843930, 49.99328276107517866, 0.000000000000000000 ) ) ;
#3461 = ORIENTED_EDGE ( 'NONE', *, *, #765, .F. ) ;
#3462 = EDGE_CURVE ( 'NONE', #221, #2140, #179, .T. ) ;
#3463 = DIRECTION ( 'NONE',  ( -0.000000000000000000, -0.000000000000000000, -1.000000000000000000 ) ) ;
#3464 = AXIS2_PLACEMENT_3D ( 'NONE', #935, #2731, #1286 ) ;
#3465 = DIRECTION ( 'NONE',  ( 1.000000000000000000, 0.000000000000000000, 0.000000000000000000 ) ) ;
#3466 = AXIS2_PLACEMENT_3D ( 'NONE', #1927, #3598, #2503 ) ;
#3467 = VECTOR ( 'NONE', #3522, 1000.000000000000000 ) ;
#3468 = LINE ( 'NONE', #240, #829 ) ;
#3469 = CARTESIAN_POINT ( 'NONE',  ( -53.44583554250813506, -17.14075662171384806, 19.00000000000000000 ) ) ;
#3470 = CARTESIAN_POINT ( 'NONE',  ( 40.07736335792299798, 0.000000000000000000, 16.39999999999999858 ) ) ;
#3471 = ORIENTED_EDGE ( 'NONE', *, *, #1293, .F. ) ;
#3472 = FACE_OUTER_BOUND ( 'NONE', #947, .T. ) ;
#3473 = DIRECTION ( 'NONE',  ( 0.000000000000000000, -1.000000000000000000, 0.000000000000000000 ) ) ;
#3474 = ORIENTED_EDGE ( 'NONE', *, *, #2762, .T. ) ;
#3475 = ORIENTED_EDGE ( 'NONE', *, *, #502, .T. ) ;
#3476 = DIRECTION ( 'NONE',  ( 1.000000000000000000, 0.000000000000000000, 0.000000000000000000 ) ) ;
#3477 = EDGE_CURVE ( 'NONE', #3262, #3143, #3368, .T. ) ;
#3478 = ORIENTED_EDGE ( 'NONE', *, *, #3050, .F. ) ;
#3479 = CARTESIAN_POINT ( 'NONE',  ( -42.59344854183516560, 49.99328276107484470, 13.50000000000000178 ) ) ;
#3480 = CARTESIAN_POINT ( 'NONE',  ( 47.75416445749165462, -51.00671723892491372, 15.50000000000000000 ) ) ;
#3481 = CIRCLE ( 'NONE', #191, 3.000000000000002665 ) ;
#3482 = DIRECTION ( 'NONE',  ( 0.000000000000000000, -1.000000000000000000, 0.000000000000000000 ) ) ;
#3483 = AXIS2_PLACEMENT_3D ( 'NONE', #539, #1683, #3733 ) ;
#3484 = VECTOR ( 'NONE', #2898, 1000.000000000000000 ) ;
#3485 = ADVANCED_FACE ( 'NONE', ( #3386 ), #2505, .F. ) ;
#3486 = LINE ( 'NONE', #225, #1753 ) ;
#3487 = CARTESIAN_POINT ( 'NONE',  ( -49.06782004721672052, 42.47796574709749962, 0.000000000000000000 ) ) ;
#3488 = ORIENTED_EDGE ( 'NONE', *, *, #3180, .T. ) ;
#3489 = EDGE_CURVE ( 'NONE', #739, #2462, #2214, .T. ) ;
#3490 = DIRECTION ( 'NONE',  ( 1.000000000000000000, 0.000000000000000000, -0.000000000000000000 ) ) ;
#3491 = FACE_OUTER_BOUND ( 'NONE', #2090, .T. ) ;
#3492 = ADVANCED_FACE ( 'NONE', ( #3345 ), #2223, .F. ) ;
#3493 = EDGE_LOOP ( 'NONE', ( #1523, #2805, #1107, #3615 ) ) ;
#3494 = ORIENTED_EDGE ( 'NONE', *, *, #3783, .T. ) ;
#3495 = AXIS2_PLACEMENT_3D ( 'NONE', #2368, #3281, #325 ) ;
#3496 = CYLINDRICAL_SURFACE ( 'NONE', #1532, 1.600000000000129097 ) ;
#3497 = ORIENTED_EDGE ( 'NONE', *, *, #3204, .T. ) ;
#3498 = B_SPLINE_CURVE_WITH_KNOTS ( 'NONE', 3,
 ( #3247, #302, #286, #2362, #3213, #47, #358, #3550, #1754, #1487, #2925, #1244, #1734, #1472, #1457, #2620 ),
 .UNSPECIFIED., .F., .F.,
 ( 4, 2, 2, 2, 2, 2, 2, 4 ),
 ( 0.000000000000000000, 0.0003768568313165377012, 0.0007537136626330754024, 0.001130570493949612995, 0.001507427325266150805, 0.001884284156582688614, 0.002261140987899225990, 0.003014854650532280793 ),
 .UNSPECIFIED. ) ;
#3499 = CARTESIAN_POINT ( 'NONE',  ( -52.29583554250811517, -43.81322866661731297, 19.00000000000000000 ) ) ;
#3500 = DIRECTION ( 'NONE',  ( 0.000000000000000000, -0.000000000000000000, -1.000000000000000000 ) ) ;
#3501 = AXIS2_PLACEMENT_3D ( 'NONE', #3077, #703, #437 ) ;
#3502 = FACE_OUTER_BOUND ( 'NONE', #1823, .T. ) ;
#3503 = CARTESIAN_POINT ( 'NONE',  ( 54.75416445749178251, -51.00671723892489950, 16.50000000000000000 ) ) ;
#3504 = ORIENTED_EDGE ( 'NONE', *, *, #892, .F. ) ;
#3505 = CARTESIAN_POINT ( 'NONE',  ( -52.29583554250811517, 22.98677133338268064, 25.39999999999999858 ) ) ;
#3506 = PLANE ( 'NONE',  #3652 ) ;
#3507 = ADVANCED_FACE ( 'NONE', ( #1296 ), #3088, .F. ) ;
#3508 = EDGE_CURVE ( 'NONE', #2574, #505, #2455, .T. ) ;
#3509 = ORIENTED_EDGE ( 'NONE', *, *, #2521, .T. ) ;
#3510 = VERTEX_POINT ( 'NONE', #1935 ) ;
#3511 = LINE ( 'NONE', #3264, #1122 ) ;
#3512 = DIRECTION ( 'NONE',  ( -0.000000000000000000, -0.000000000000000000, 1.000000000000000000 ) ) ;
#3513 = ORIENTED_EDGE ( 'NONE', *, *, #819, .F. ) ;
#3514 = AXIS2_PLACEMENT_3D ( 'NONE', #407, #768, #1037 ) ;
#3515 = CARTESIAN_POINT ( 'NONE',  ( -52.29583554250810806, -44.81322866661732718, 24.39999999999999858 ) ) ;
#3516 = DIRECTION ( 'NONE',  ( -3.652049423109043569E-15, 1.000000000000000000, -0.000000000000000000 ) ) ;
#3517 = CARTESIAN_POINT ( 'NONE',  ( 51.80416445749187915, 22.98677133338268064, 25.39999999999999858 ) ) ;
#3518 = LINE ( 'NONE', #905, #1929 ) ;
#3519 = EDGE_LOOP ( 'NONE', ( #1502, #1143 ) ) ;
#3520 = EDGE_CURVE ( 'NONE', #3263, #3245, #988, .T. ) ;
#3521 = CARTESIAN_POINT ( 'NONE',  ( -48.24583554250757089, -51.00671723892524767, 16.50000000000000000 ) ) ;
#3522 = DIRECTION ( 'NONE',  ( 0.000000000000000000, 0.000000000000000000, -1.000000000000000000 ) ) ;
#3523 = EDGE_CURVE ( 'NONE', #2665, #275, #3645, .T. ) ;
#3524 = VERTEX_POINT ( 'NONE', #126 ) ;
#3525 = VERTEX_POINT ( 'NONE', #3110 ) ;
#3526 = DIRECTION ( 'NONE',  ( 1.000000000000000000, 1.273191542001328782E-16, -0.000000000000000000 ) ) ;
#3527 = DIRECTION ( 'NONE',  ( 0.000000000000000000, 0.000000000000000000, 1.000000000000000000 ) ) ;
#3528 = ORIENTED_EDGE ( 'NONE', *, *, #682, .T. ) ;
#3529 = EDGE_CURVE ( 'NONE', #1209, #3133, #1615, .T. ) ;
#3530 = CARTESIAN_POINT ( 'NONE',  ( 48.32970370667620585, -0.2785685596946779197, 16.50000000000000000 ) ) ;
#3531 = DIRECTION ( 'NONE',  ( 0.7428654483971853795, -0.6694407558385198076, 0.000000000000000000 ) ) ;
#3532 = CARTESIAN_POINT ( 'NONE',  ( -54.74583554250801143, -44.81322866661732718, 16.39999999999999858 ) ) ;
#3533 = ORIENTED_EDGE ( 'NONE', *, *, #1890, .T. ) ;
#3534 = CARTESIAN_POINT ( 'NONE',  ( 54.75416445749176830, 25.98677133338267353, 25.39999999999999858 ) ) ;
#3535 = ORIENTED_EDGE ( 'NONE', *, *, #1836, .F. ) ;
#3536 = VECTOR ( 'NONE', #929, 1000.000000000000000 ) ;
#3537 = FACE_OUTER_BOUND ( 'NONE', #1044, .T. ) ;
#3538 = EDGE_CURVE ( 'NONE', #3629, #1264, #1006, .T. ) ;
#3539 = CARTESIAN_POINT ( 'NONE',  ( 54.75416445749163330, -47.47153714672292324, 15.50000000000000000 ) ) ;
#3540 = CARTESIAN_POINT ( 'NONE',  ( -40.56903444293924110, 0.000000000000000000, 16.50000000000000000 ) ) ;
#3541 = ORIENTED_EDGE ( 'NONE', *, *, #892, .T. ) ;
#3542 = EDGE_LOOP ( 'NONE', ( #3347, #2985, #909, #2567 ) ) ;
#3543 = EDGE_LOOP ( 'NONE', ( #1403, #3579 ) ) ;
#3544 = DIRECTION ( 'NONE',  ( -0.000000000000000000, 0.000000000000000000, 1.000000000000000000 ) ) ;
#3545 = CARTESIAN_POINT ( 'NONE',  ( -52.29583554250811517, -44.81322866661732718, 19.00000000000000000 ) ) ;
#3546 = EDGE_CURVE ( 'NONE', #360, #1414, #163, .T. ) ;
#3547 = ORIENTED_EDGE ( 'NONE', *, *, #2235, .T. ) ;
#3548 = ORIENTED_EDGE ( 'NONE', *, *, #2852, .T. ) ;
#3549 = EDGE_CURVE ( 'NONE', #1414, #544, #1883, .T. ) ;
#3550 = CARTESIAN_POINT ( 'NONE',  ( -49.99301881371061995, -47.01481414679537352, 14.09142376709546696 ) ) ;
#3551 = CARTESIAN_POINT ( 'NONE',  ( 40.07736335792299798, 20.98677133338266998, 15.50000000000000000 ) ) ;
#3552 = VECTOR ( 'NONE', #1118, 1000.000000000000000 ) ;
#3553 = EDGE_CURVE ( 'NONE', #1677, #3263, #1598, .T. ) ;
#3554 = DIRECTION ( 'NONE',  ( 6.938893903907222067E-15, 1.000000000000000000, -0.000000000000000000 ) ) ;
#3555 = DIRECTION ( 'NONE',  ( -1.000000000000000000, -2.420054292158815258E-16, 0.000000000000000000 ) ) ;
#3556 = DIRECTION ( 'NONE',  ( -1.000000000000000000, 0.000000000000000000, 0.000000000000000000 ) ) ;
#3557 = AXIS2_PLACEMENT_3D ( 'NONE', #2208, #2459, #680 ) ;
#3558 = VERTEX_POINT ( 'NONE', #469 ) ;
#3559 = CARTESIAN_POINT ( 'NONE',  ( -53.24583554250806117, -50.00671723892527609, 13.50000000000000178 ) ) ;
#3560 = CARTESIAN_POINT ( 'NONE',  ( -52.29583554250811517, -43.81322866661731297, 19.00000000000000000 ) ) ;
#3561 = CARTESIAN_POINT ( 'NONE',  ( -54.74583554250801143, -44.81322866661732718, 25.39999999999999858 ) ) ;
#3562 = VERTEX_POINT ( 'NONE', #489 ) ;
#3563 = ORIENTED_EDGE ( 'NONE', *, *, #3329, .T. ) ;
#3564 = VERTEX_POINT ( 'NONE', #1653 ) ;
#3565 = CARTESIAN_POINT ( 'NONE',  ( 49.88206881587822750, -47.00676889444186912, 14.10393266523339051 ) ) ;
#3566 = DIRECTION ( 'NONE',  ( 1.000000000000000000, 0.000000000000000000, -0.000000000000000000 ) ) ;
#3567 = ORIENTED_EDGE ( 'NONE', *, *, #2236, .F. ) ;
#3568 = VERTEX_POINT ( 'NONE', #147 ) ;
#3569 = DIRECTION ( 'NONE',  ( -1.000000000000000000, 0.000000000000000000, -0.000000000000000000 ) ) ;
#3570 = AXIS2_PLACEMENT_3D ( 'NONE', #914, #2692, #3269 ) ;
#3571 = LINE ( 'NONE', #1488, #2789 ) ;
#3572 = EDGE_CURVE ( 'NONE', #3076, #3128, #2757, .T. ) ;
#3573 = ORIENTED_EDGE ( 'NONE', *, *, #2532, .F. ) ;
#3574 = EDGE_CURVE ( 'NONE', #1129, #1350, #1316, .T. ) ;
#3575 = VECTOR ( 'NONE', #3359, 1000.000000000000000 ) ;
#3576 = VECTOR ( 'NONE', #1815, 1000.000000000000000 ) ;
#3577 = CARTESIAN_POINT ( 'NONE',  ( -49.06782004721672052, 42.47796574709749962, 15.50000000000000000 ) ) ;
#3578 = DIRECTION ( 'NONE',  ( -0.000000000000000000, 0.000000000000000000, 1.000000000000000000 ) ) ;
#3579 = ORIENTED_EDGE ( 'NONE', *, *, #145, .T. ) ;
#3580 = LINE ( 'NONE', #2471, #1841 ) ;
#3581 = CARTESIAN_POINT ( 'NONE',  ( 0.000000000000000000, -47.29996427146910065, 13.50000000000000178 ) ) ;
#3582 = FACE_OUTER_BOUND ( 'NONE', #2591, .T. ) ;
#3583 = ORIENTED_EDGE ( 'NONE', *, *, #315, .F. ) ;
#3584 = VECTOR ( 'NONE', #3531, 1000.000000000000000 ) ;
#3585 = ORIENTED_EDGE ( 'NONE', *, *, #455, .T. ) ;
#3586 = DIRECTION ( 'NONE',  ( -0.000000000000000000, -0.000000000000000000, -1.000000000000000000 ) ) ;
#3587 = AXIS2_PLACEMENT_3D ( 'NONE', #37, #3324, #989 ) ;
#3588 = AXIS2_PLACEMENT_3D ( 'NONE', #3617, #1909, #3635 ) ;
#3589 = DIRECTION ( 'NONE',  ( -0.000000000000000000, -0.000000000000000000, -1.000000000000000000 ) ) ;
#3590 = ORIENTED_EDGE ( 'NONE', *, *, #558, .F. ) ;
#3591 = PRODUCT_DEFINITION_SHAPE ( 'NONE', 'NONE',  #2600 ) ;
#3592 = VECTOR ( 'NONE', #2473, 999.9999999999998863 ) ;
#3593 = ORIENTED_EDGE ( 'NONE', *, *, #706, .F. ) ;
#3594 = ADVANCED_FACE ( 'NONE', ( #1026 ), #2514, .F. ) ;
#3595 = ADVANCED_FACE ( 'NONE', ( #3682 ), #2147, .F. ) ;
#3596 = CARTESIAN_POINT ( 'NONE',  ( 5.705582370810865668E-15, -44.81322866661732007, 19.00000000000000000 ) ) ;
#3597 = FACE_OUTER_BOUND ( 'NONE', #2170, .T. ) ;
#3598 = DIRECTION ( 'NONE',  ( -0.000000000000000000, 0.000000000000000000, 1.000000000000000000 ) ) ;
#3599 = DIRECTION ( 'NONE',  ( -0.000000000000000000, -0.000000000000000000, 1.000000000000000000 ) ) ;
#3600 = CARTESIAN_POINT ( 'NONE',  ( -54.74583554250801143, -43.81322866661731297, 25.39999999999999858 ) ) ;
#3601 = VERTEX_POINT ( 'NONE', #2494 ) ;
#3602 = ADVANCED_FACE ( 'NONE', ( #1064 ), #698, .T. ) ;
#3603 = ADVANCED_FACE ( 'NONE', ( #524, #2241 ), #2536, .T. ) ;
#3604 = CARTESIAN_POINT ( 'NONE',  ( 0.000000000000000000, 0.000000000000000000, 16.50000000000000000 ) ) ;
#3605 = CARTESIAN_POINT ( 'NONE',  ( 40.07736335792299798, 33.42328432035501606, 15.50000000000000000 ) ) ;
#3606 = DIRECTION ( 'NONE',  ( -0.000000000000000000, -0.000000000000000000, 1.000000000000000000 ) ) ;
#3607 = DIRECTION ( 'NONE',  ( -0.000000000000000000, -0.000000000000000000, 1.000000000000000000 ) ) ;
#3608 = EDGE_CURVE ( 'NONE', #2742, #1414, #2873, .T. ) ;
#3609 = EDGE_LOOP ( 'NONE', ( #1624, #856, #3504, #587 ) ) ;
#3610 = ORIENTED_EDGE ( 'NONE', *, *, #701, .T. ) ;
#3611 = EDGE_CURVE ( 'NONE', #3143, #1067, #1136, .T. ) ;
#3612 = CARTESIAN_POINT ( 'NONE',  ( 51.80416445749187204, -44.81322866661731297, 25.39999999999999858 ) ) ;
#3613 = CARTESIAN_POINT ( 'NONE',  ( 48.10177745681895800, 49.99328276107484470, 13.50000000000000178 ) ) ;
#3614 = VECTOR ( 'NONE', #1434, 1000.000000000000000 ) ;
#3615 = ORIENTED_EDGE ( 'NONE', *, *, #1784, .F. ) ;
#3616 = VERTEX_POINT ( 'NONE', #2005 ) ;
#3617 = CARTESIAN_POINT ( 'NONE',  ( -52.24583554250801853, -51.00671723892524767, 16.50000000000000000 ) ) ;
#3618 = LINE ( 'NONE', #3006, #835 ) ;
#3619 = UNCERTAINTY_MEASURE_WITH_UNIT (LENGTH_MEASURE( 1.000000000000000082E-05 ), #2039, 'distance_accuracy_value', 'NONE');
#3620 = ORIENTED_EDGE ( 'NONE', *, *, #2779, .T. ) ;
#3621 = LINE ( 'NONE', #99, #2477 ) ;
#3622 = CARTESIAN_POINT ( 'NONE',  ( 40.07736335813422102, 50.13673285057618045, 12.50000000000000000 ) ) ;
#3623 = ORIENTED_EDGE ( 'NONE', *, *, #2432, .F. ) ;
#3624 = VECTOR ( 'NONE', #1396, 1000.000000000000000 ) ;
#3625 = DIRECTION ( 'NONE',  ( 1.000000000000000000, 0.000000000000000000, -0.000000000000000000 ) ) ;
#3626 = LINE ( 'NONE', #3071, #3159 ) ;
#3627 = CARTESIAN_POINT ( 'NONE',  ( -8.627314925773034839E-15, 33.42328432035500896, 15.50000000000000000 ) ) ;
#3628 = DIRECTION ( 'NONE',  ( -2.420054292158815258E-16, 1.000000000000000000, -0.000000000000000000 ) ) ;
#3629 = VERTEX_POINT ( 'NONE', #3699 ) ;
#3630 = VERTEX_POINT ( 'NONE', #2278 ) ;
#3631 = DIRECTION ( 'NONE',  ( -0.000000000000000000, -0.000000000000000000, -1.000000000000000000 ) ) ;
#3632 = DIRECTION ( 'NONE',  ( -1.000000000000000000, 0.000000000000000000, 0.000000000000000000 ) ) ;
#3633 = EDGE_CURVE ( 'NONE', #913, #3181, #3486, .T. ) ;
#3634 = ORIENTED_EDGE ( 'NONE', *, *, #963, .T. ) ;
#3635 = DIRECTION ( 'NONE',  ( 1.000000000000000000, 0.000000000000000000, 0.000000000000000000 ) ) ;
#3636 = CARTESIAN_POINT ( 'NONE',  ( -40.56903444315097573, 50.13673285057618045, 0.000000000000000000 ) ) ;
#3637 = VECTOR ( 'NONE', #3751, 1000.000000000000000 ) ;
#3638 = AXIS2_PLACEMENT_3D ( 'NONE', #2770, #180, #2488 ) ;
#3639 = CARTESIAN_POINT ( 'NONE',  ( -40.56903444293924110, 50.69122662818232072, 16.50000000000000000 ) ) ;
#3640 = DIRECTION ( 'NONE',  ( -0.000000000000000000, -0.000000000000000000, -1.000000000000000000 ) ) ;
#3641 = VERTEX_POINT ( 'NONE', #542 ) ;
#3642 = VECTOR ( 'NONE', #745, 1000.000000000000000 ) ;
#3643 = DIRECTION ( 'NONE',  ( 1.000000000000000000, 0.000000000000000000, 0.000000000000000000 ) ) ;
#3644 = CARTESIAN_POINT ( 'NONE',  ( -46.11511079442895067, 50.69122662818232072, 16.50000000000000000 ) ) ;
#3645 = LINE ( 'NONE', #3627, #3575 ) ;
#3646 = DIRECTION ( 'NONE',  ( 0.000000000000000000, 0.000000000000000000, -1.000000000000000000 ) ) ;
#3647 = ORIENTED_EDGE ( 'NONE', *, *, #2129, .T. ) ;
#3648 = EDGE_CURVE ( 'NONE', #473, #2254, #2888, .T. ) ;
#3649 = ORIENTED_EDGE ( 'NONE', *, *, #1912, .T. ) ;
#3650 = DIRECTION ( 'NONE',  ( 0.000000000000000000, 0.000000000000000000, 1.000000000000000000 ) ) ;
#3651 = LINE ( 'NONE', #2134, #9 ) ;
#3652 = AXIS2_PLACEMENT_3D ( 'NONE', #2353, #2027, #2 ) ;
#3653 = ORIENTED_EDGE ( 'NONE', *, *, #1788, .T. ) ;
#3654 = CARTESIAN_POINT ( 'NONE',  ( 47.75416445749165462, -51.00671723892491372, 0.000000000000000000 ) ) ;
#3655 = EDGE_CURVE ( 'NONE', #2447, #373, #2551, .T. ) ;
#3656 = PLANE ( 'NONE',  #2844 ) ;
#3657 = CARTESIAN_POINT ( 'NONE',  ( -45.59344854183516560, 49.99328276107484470, 13.50000000000000178 ) ) ;
#3658 = VERTEX_POINT ( 'NONE', #811 ) ;
#3659 = CARTESIAN_POINT ( 'NONE',  ( 48.15416445749153240, -50.00671723892491372, 13.50000000000000178 ) ) ;
#3660 = CARTESIAN_POINT ( 'NONE',  ( -43.56903444293924110, -47.47153714672325009, 16.50000000000000000 ) ) ;
#3661 = CARTESIAN_POINT ( 'NONE',  ( -55.24583554250802564, 0.000000000000000000, 16.50000000000000000 ) ) ;
#3662 = PLANE ( 'NONE',  #590 ) ;
#3663 = ORIENTED_EDGE ( 'NONE', *, *, #3298, .F. ) ;
#3664 = ORIENTED_EDGE ( 'NONE', *, *, #2999, .F. ) ;
#3665 = CYLINDRICAL_SURFACE ( 'NONE', #3557, 3.000000000000002665 ) ;
#3666 = CARTESIAN_POINT ( 'NONE',  ( 0.000000000000000000, 8.439904173535021314, 19.00000000000000000 ) ) ;
#3667 = AXIS2_PLACEMENT_3D ( 'NONE', #100, #3578, #941 ) ;
#3668 = EDGE_LOOP ( 'NONE', ( #3206, #263, #2371, #2648 ) ) ;
#3669 = EDGE_CURVE ( 'NONE', #3303, #1324, #508, .T. ) ;
#3670 = VECTOR ( 'NONE', #253, 1000.000000000000000 ) ;
#3671 = CARTESIAN_POINT ( 'NONE',  ( -45.59344854183516560, 49.99328276107484470, 16.50000000000000000 ) ) ;
#3672 = AXIS2_PLACEMENT_3D ( 'NONE', #1146, #2864, #2286 ) ;
#3673 = LINE ( 'NONE', #630, #1070 ) ;
#3674 = DIRECTION ( 'NONE',  ( -1.000000000000000000, 0.000000000000000000, 0.000000000000000000 ) ) ;
#3675 = EDGE_CURVE ( 'NONE', #3696, #3404, #2314, .T. ) ;
#3676 = CARTESIAN_POINT ( 'NONE',  ( -55.24583554250801143, -17.14075662171384451, 25.39999999999999858 ) ) ;
#3677 = DIRECTION ( 'NONE',  ( -0.000000000000000000, 0.000000000000000000, -1.000000000000000000 ) ) ;
#3678 = ORIENTED_EDGE ( 'NONE', *, *, #2831, .T. ) ;
#3679 = VECTOR ( 'NONE', #577, 1000.000000000000000 ) ;
#3680 = DIRECTION ( 'NONE',  ( -1.000000000000000000, 0.000000000000000000, -0.000000000000000000 ) ) ;
#3681 = CARTESIAN_POINT ( 'NONE',  ( -45.59344854183516560, 49.99328276107484470, 16.50000000000000000 ) ) ;
#3682 = FACE_OUTER_BOUND ( 'NONE', #1662, .T. ) ;
#3683 = CARTESIAN_POINT ( 'NONE',  ( 44.75416445749165462, -51.00671723892491372, 0.000000000000000000 ) ) ;
#3684 = ORIENTED_EDGE ( 'NONE', *, *, #2833, .T. ) ;
#3685 = VECTOR ( 'NONE', #3512, 1000.000000000000000 ) ;
#3686 = EDGE_LOOP ( 'NONE', ( #1714, #2194, #531, #3474, #815 ) ) ;
#3687 = CARTESIAN_POINT ( 'NONE',  ( -43.56903444293924110, 50.69122662818232072, 16.50000000000000000 ) ) ;
#3688 = CARTESIAN_POINT ( 'NONE',  ( -43.56903444293924110, -44.47153714672325009, 16.50000000000000000 ) ) ;
#3689 = VECTOR ( 'NONE', #3249, 1000.000000000000000 ) ;
#3690 = ORIENTED_EDGE ( 'NONE', *, *, #884, .F. ) ;
#3691 = LINE ( 'NONE', #3119, #229 ) ;
#3692 = ORIENTED_EDGE ( 'NONE', *, *, #1849, .F. ) ;
#3693 = UNCERTAINTY_MEASURE_WITH_UNIT (LENGTH_MEASURE( 1.000000000000000082E-05 ), #2446, 'distance_accuracy_value', 'NONE');
#3694 = DIRECTION ( 'NONE',  ( 0.000000000000000000, 1.000000000000000000, 0.000000000000000000 ) ) ;
#3695 = DIRECTION ( 'NONE',  ( -1.054543146490460309E-16, -1.000000000000000000, 0.000000000000000000 ) ) ;
#3696 = VERTEX_POINT ( 'NONE', #3141 ) ;
#3697 = ADVANCED_FACE ( 'NONE', ( #241 ), #795, .F. ) ;
#3698 = DIRECTION ( 'NONE',  ( 0.000000000000000000, 0.000000000000000000, -1.000000000000000000 ) ) ;
#3699 = CARTESIAN_POINT ( 'NONE',  ( 54.75416445749178251, 36.91058423569637625, 16.50000000000000000 ) ) ;
#3700 = CARTESIAN_POINT ( 'NONE',  ( -51.84583554250806259, -50.00671723892527609, 16.50000000000000000 ) ) ;
#3701 = VERTEX_POINT ( 'NONE', #273 ) ;
#3702 = CIRCLE ( 'NONE', #710, 3.000000000000002665 ) ;
#3703 = ORIENTED_EDGE ( 'NONE', *, *, #2618, .T. ) ;
#3704 = DIRECTION ( 'NONE',  ( 1.000000000000000000, 0.000000000000000000, 0.000000000000000000 ) ) ;
#3705 = CARTESIAN_POINT ( 'NONE',  ( 44.75416445749165462, -47.47153714672292324, 15.50000000000000000 ) ) ;
#3706 = ORIENTED_EDGE ( 'NONE', *, *, #45, .F. ) ;
#3707 = FACE_OUTER_BOUND ( 'NONE', #2161, .T. ) ;
#3708 = VERTEX_POINT ( 'NONE', #3126 ) ;
#3709 = EDGE_CURVE ( 'NONE', #3266, #2462, #574, .T. ) ;
#3710 = VECTOR ( 'NONE', #3430, 1000.000000000000000 ) ;
#3711 = VECTOR ( 'NONE', #1252, 1000.000000000000000 ) ;
#3712 = VECTOR ( 'NONE', #3202, 1000.000000000000000 ) ;
#3713 = DIRECTION ( 'NONE',  ( 1.000000000000000000, -0.000000000000000000, -0.000000000000000000 ) ) ;
#3714 = DIRECTION ( 'NONE',  ( -1.000000000000000000, 0.000000000000000000, 0.000000000000000000 ) ) ;
#3715 = ORIENTED_EDGE ( 'NONE', *, *, #1622, .T. ) ;
#3716 = CARTESIAN_POINT ( 'NONE',  ( -53.44583554250812796, -45.81322866661731297, 24.39999999999999858 ) ) ;
#3717 = DIRECTION ( 'NONE',  ( 0.000000000000000000, 0.000000000000000000, 1.000000000000000000 ) ) ;
#3718 = DIRECTION ( 'NONE',  ( -0.7428654483971853795, -0.6694407558385198076, -0.000000000000000000 ) ) ;
#3719 = ORIENTED_EDGE ( 'NONE', *, *, #2195, .T. ) ;
#3720 = EDGE_CURVE ( 'NONE', #310, #2083, #2613, .T. ) ;
#3721 = ADVANCED_FACE ( 'NONE', ( #2854 ), #2022, .T. ) ;
#3722 = ORIENTED_EDGE ( 'NONE', *, *, #403, .F. ) ;
#3723 = DIRECTION ( 'NONE',  ( -0.000000000000000000, -0.000000000000000000, -1.000000000000000000 ) ) ;
#3724 = DIRECTION ( 'NONE',  ( -0.000000000000000000, -0.000000000000000000, -1.000000000000000000 ) ) ;
#3725 = ADVANCED_FACE ( 'NONE', ( #2297 ), #1099, .F. ) ;
#3726 = EDGE_CURVE ( 'NONE', #546, #540, #1405, .T. ) ;
#3727 = VERTEX_POINT ( 'NONE', #2571 ) ;
#3728 = ORIENTED_EDGE ( 'NONE', *, *, #3477, .F. ) ;
#3729 = LINE ( 'NONE', #283, #2445 ) ;
#3730 = ORIENTED_EDGE ( 'NONE', *, *, #3572, .T. ) ;
#3731 = CIRCLE ( 'NONE', #1046, 1.600000000000129097 ) ;
#3732 = CARTESIAN_POINT ( 'NONE',  ( 54.25416445749178251, -44.81322866661731297, 16.39999999999999858 ) ) ;
#3733 = DIRECTION ( 'NONE',  ( 0.000000000000000000, 0.000000000000000000, 1.000000000000000000 ) ) ;
#3734 = ORIENTED_EDGE ( 'NONE', *, *, #1571, .T. ) ;
#3735 = CARTESIAN_POINT ( 'NONE',  ( -48.64583554250805264, -50.00671723892527609, 13.50000000000000178 ) ) ;
#3736 = CARTESIAN_POINT ( 'NONE',  ( -55.24583554250802564, 36.91058423569637625, 16.50000000000000000 ) ) ;
#3737 = LINE ( 'NONE', #543, #269 ) ;
#3738 = ORIENTED_EDGE ( 'NONE', *, *, #3720, .T. ) ;
#3739 = VERTEX_POINT ( 'NONE', #3736 ) ;
#3740 = CARTESIAN_POINT ( 'NONE',  ( 51.80416445749187915, -44.81322866661731297, 19.00000000000000000 ) ) ;
#3741 = CARTESIAN_POINT ( 'NONE',  ( 54.75416445749164751, -51.00671723892489950, 0.000000000000000000 ) ) ;
#3742 = VECTOR ( 'NONE', #575, 1000.000000000000000 ) ;
#3743 = VERTEX_POINT ( 'NONE', #1117 ) ;
#3744 = VERTEX_POINT ( 'NONE', #1990 ) ;
#3745 = VECTOR ( 'NONE', #3381, 1000.000000000000000 ) ;
#3746 = CARTESIAN_POINT ( 'NONE',  ( 7.661035901811647753E-16, 22.98677133338267708, 19.00000000000000000 ) ) ;
#3747 = ORIENTED_EDGE ( 'NONE', *, *, #324, .T. ) ;
#3748 = VECTOR ( 'NONE', #2152, 1000.000000000000000 ) ;
#3749 = CARTESIAN_POINT ( 'NONE',  ( 51.80416445749188625, 22.98677133338267708, 19.00000000000000000 ) ) ;
#3750 = FACE_OUTER_BOUND ( 'NONE', #3168, .T. ) ;
#3751 = DIRECTION ( 'NONE',  ( 0.7428654483999667102, -0.6694407558354334986, 0.000000000000000000 ) ) ;
#3752 = DIRECTION ( 'NONE',  ( -1.000000000000000000, -2.581228954965069464E-16, 0.000000000000000000 ) ) ;
#3753 = DIRECTION ( 'NONE',  ( 0.000000000000000000, 0.000000000000000000, 1.000000000000000000 ) ) ;
#3754 = ORIENTED_EDGE ( 'NONE', *, *, #223, .T. ) ;
#3755 = ORIENTED_EDGE ( 'NONE', *, *, #659, .T. ) ;
#3756 = CARTESIAN_POINT ( 'NONE',  ( -49.06782004721672052, 42.47796574709749962, 12.50000000000000000 ) ) ;
#3757 = LINE ( 'NONE', #838, #2525 ) ;
#3758 = VECTOR ( 'NONE', #156, 1000.000000000000000 ) ;
#3759 = ORIENTED_EDGE ( 'NONE', *, *, #3215, .T. ) ;
#3760 = VECTOR ( 'NONE', #1931, 1000.000000000000000 ) ;
#3761 = VERTEX_POINT ( 'NONE', #1229 ) ;
#3762 = DIRECTION ( 'NONE',  ( -0.000000000000000000, -0.000000000000000000, -1.000000000000000000 ) ) ;
#3763 = ORIENTED_EDGE ( 'NONE', *, *, #1066, .F. ) ;
#3764 = EDGE_CURVE ( 'NONE', #803, #1940, #342, .T. ) ;
#3765 = EDGE_CURVE ( 'NONE', #666, #221, #2076, .T. ) ;
#3766 = DIRECTION ( 'NONE',  ( -0.000000000000000000, -0.000000000000000000, 1.000000000000000000 ) ) ;
#3767 = AXIS2_PLACEMENT_3D ( 'NONE', #1297, #2949, #127 ) ;
#3768 = LINE ( 'NONE', #2904, #984 ) ;
#3769 = CARTESIAN_POINT ( 'NONE',  ( 0.000000000000000000, -43.81322866661731297, 19.00000000000000000 ) ) ;
#3770 = CARTESIAN_POINT ( 'NONE',  ( 17.55416445749187915, 23.98677133338268064, 18.50000000000000355 ) ) ;
#3771 = DIRECTION ( 'NONE',  ( 0.000000000000000000, 0.000000000000000000, -1.000000000000000000 ) ) ;
#3772 = VECTOR ( 'NONE', #73, 1000.000000000000000 ) ;
#3773 = EDGE_LOOP ( 'NONE', ( #2617, #1305, #2516, #2801 ) ) ;
#3774 = DIRECTION ( 'NONE',  ( 1.000000000000000000, -2.312964634635740689E-15, 0.000000000000000000 ) ) ;
#3775 = ADVANCED_FACE ( 'NONE', ( #305 ), #2988, .F. ) ;
#3776 = LINE ( 'NONE', #944, #786 ) ;
#3777 = VERTEX_POINT ( 'NONE', #2623 ) ;
#3778 = EDGE_LOOP ( 'NONE', ( #1701, #3678, #3018, #1897, #2490, #1827, #2990, #3535, #718, #2663 ) ) ;
#3779 = CARTESIAN_POINT ( 'NONE',  ( 42.10177745681895090, 49.99328276107484470, 13.50000000000000178 ) ) ;
#3780 = VERTEX_POINT ( 'NONE', #2675 ) ;
#3781 = LINE ( 'NONE', #1769, #950 ) ;
#3782 = DIRECTION ( 'NONE',  ( 6.938893903907222067E-15, 1.000000000000000000, 0.000000000000000000 ) ) ;
#3783 = EDGE_CURVE ( 'NONE', #133, #2280, #2406, .T. ) ;
#3784 = CYLINDRICAL_SURFACE ( 'NONE', #1310, 3.000000000000002665 ) ;
#3785 = EDGE_CURVE ( 'NONE', #1695, #3568, #1174, .T. ) ;
#3786 = VECTOR ( 'NONE', #3714, 1000.000000000000000 ) ;
#3787 = CARTESIAN_POINT ( 'NONE',  ( 51.80416445749187915, 22.98677133338268064, 25.39999999999999858 ) ) ;
#3788 = ORIENTED_EDGE ( 'NONE', *, *, #936, .T. ) ;
ENDSEC;
END-ISO-10303-21;
