ISO-10303-21;
HEADER;
FILE_DESCRIPTION (( 'STEP AP214' ),
    '1' );
FILE_NAME ('main board holder.STEP',
    '2026-03-29T14:03:51',
    ( '' ),
    ( '' ),
    'SwSTEP 2.0',
    'SolidWorks 2026',
    '' );
FILE_SCHEMA (( 'AUTOMOTIVE_DESIGN' ));
ENDSEC;

DATA;
#1 = ORIENTED_EDGE ( 'NONE', *, *, #1919, .F. ) ;
#2 = DIRECTION ( 'NONE',  ( -1.000000000000000000, 0.000000000000000000, 0.000000000000000000 ) ) ;
#3 = ORIENTED_EDGE ( 'NONE', *, *, #4070, .F. ) ;
#4 = CARTESIAN_POINT ( 'NONE',  ( -63.00500000000001677, -72.50000000000001421, 5.000000000000000000 ) ) ;
#5 = DIRECTION ( 'NONE',  ( 0.000000000000000000, 0.000000000000000000, -1.000000000000000000 ) ) ;
#6 = EDGE_LOOP ( 'NONE', ( #3485, #3792, #935, #3800 ) ) ;
#7 = DIRECTION ( 'NONE',  ( -1.000000000000000000, 0.000000000000000000, 0.000000000000000000 ) ) ;
#8 = DIRECTION ( 'NONE',  ( 0.000000000000000000, 0.000000000000000000, 1.000000000000000000 ) ) ;
#9 = EDGE_CURVE ( 'NONE', #345, #1689, #2865, .T. ) ;
#10 = EDGE_CURVE ( 'NONE', #2641, #2645, #961, .T. ) ;
#11 = ORIENTED_EDGE ( 'NONE', *, *, #913, .T. ) ;
#12 = DIRECTION ( 'NONE',  ( -0.000000000000000000, -0.000000000000000000, 1.000000000000000000 ) ) ;
#13 = DIRECTION ( 'NONE',  ( -1.000000000000000000, -0.000000000000000000, -0.000000000000000000 ) ) ;
#14 = EDGE_CURVE ( 'NONE', #3211, #3700, #2282, .T. ) ;
#15 = EDGE_LOOP ( 'NONE', ( #1460, #2517, #2921, #2220 ) ) ;
#16 = DIRECTION ( 'NONE',  ( -1.000000000000000000, 0.000000000000000000, 0.000000000000000000 ) ) ;
#17 = ORIENTED_EDGE ( 'NONE', *, *, #457, .T. ) ;
#18 = VERTEX_POINT ( 'NONE', #3235 ) ;
#19 = CARTESIAN_POINT ( 'NONE',  ( -52.53828962499068922, -25.15438010052512041, 3.000000000000000000 ) ) ;
#20 = PLANE ( 'NONE',  #3929 ) ;
#21 = AXIS2_PLACEMENT_3D ( 'NONE', #3467, #2432, #2123 ) ;
#22 = EDGE_CURVE ( 'NONE', #2348, #3677, #3534, .T. ) ;
#23 = LINE ( 'NONE', #1275, #642 ) ;
#24 = VERTEX_POINT ( 'NONE', #1662 ) ;
#25 = CARTESIAN_POINT ( 'NONE',  ( 11.25499999999999723, -30.94761299932681808, 0.000000000000000000 ) ) ;
#26 = FACE_OUTER_BOUND ( 'NONE', #2269, .T. ) ;
#27 = DIRECTION ( 'NONE',  ( 0.000000000000000000, 1.000000000000000000, 0.000000000000000000 ) ) ;
#28 = ORIENTED_EDGE ( 'NONE', *, *, #1540, .T. ) ;
#29 = EDGE_CURVE ( 'NONE', #999, #406, #745, .T. ) ;
#30 = ORIENTED_EDGE ( 'NONE', *, *, #1351, .F. ) ;
#31 = VECTOR ( 'NONE', #212, 1000.000000000000000 ) ;
#32 = LINE ( 'NONE', #3496, #3155 ) ;
#33 = VERTEX_POINT ( 'NONE', #3645 ) ;
#34 = VECTOR ( 'NONE', #445, 1000.000000000000000 ) ;
#35 = FACE_OUTER_BOUND ( 'NONE', #2290, .T. ) ;
#36 = CARTESIAN_POINT ( 'NONE',  ( -59.07643930294695167, 75.35267857142862624, 5.000000000000000000 ) ) ;
#37 = AXIS2_PLACEMENT_3D ( 'NONE', #2233, #2575, #980 ) ;
#38 = ORIENTED_EDGE ( 'NONE', *, *, #1384, .F. ) ;
#39 = CARTESIAN_POINT ( 'NONE',  ( -51.74500000000001876, 28.79203768307636935, 0.000000000000000000 ) ) ;
#40 = EDGE_LOOP ( 'NONE', ( #3533, #995, #533, #3092 ) ) ;
#41 = CIRCLE ( 'NONE', #1358, 1.000000000000000000 ) ;
#42 = CARTESIAN_POINT ( 'NONE',  ( -58.40500000000001535, 72.49999999999995737, 0.000000000000000000 ) ) ;
#43 = EDGE_CURVE ( 'NONE', #3602, #3219, #3555, .T. ) ;
#44 = ORIENTED_EDGE ( 'NONE', *, *, #3719, .T. ) ;
#45 = VECTOR ( 'NONE', #3468, 1000.000000000000000 ) ;
#46 = EDGE_LOOP ( 'NONE', ( #911, #334, #3687, #1885 ) ) ;
#47 = CARTESIAN_POINT ( 'NONE',  ( -87.24499999999999034, -48.00000000000000711, 5.000000000000000000 ) ) ;
#48 = EDGE_LOOP ( 'NONE', ( #2740, #2613, #1412, #127 ) ) ;
#49 = CARTESIAN_POINT ( 'NONE',  ( -57.00500000000000256, 72.49999999999995737, 0.000000000000000000 ) ) ;
#50 = AXIS2_PLACEMENT_3D ( 'NONE', #1864, #1821, #1237 ) ;
#51 = CARTESIAN_POINT ( 'NONE',  ( -22.14407308639565386, 40.80894216826094123, 3.000000000000000000 ) ) ;
#52 = CIRCLE ( 'NONE', #571, 2.999999999999999556 ) ;
#53 = ORIENTED_EDGE ( 'NONE', *, *, #1350, .T. ) ;
#54 = EDGE_CURVE ( 'NONE', #3110, #604, #209, .T. ) ;
#55 = AXIS2_PLACEMENT_3D ( 'NONE', #2789, #821, #3760 ) ;
#56 = VERTEX_POINT ( 'NONE', #122 ) ;
#57 = CARTESIAN_POINT ( 'NONE',  ( -9.614990928539691950, -46.98838713590125593, 3.000000000000000000 ) ) ;
#58 = FACE_OUTER_BOUND ( 'NONE', #2939, .T. ) ;
#59 = ORIENTED_EDGE ( 'NONE', *, *, #631, .F. ) ;
#60 = EDGE_LOOP ( 'NONE', ( #4099, #3681, #1283, #1621 ) ) ;
#61 = FACE_OUTER_BOUND ( 'NONE', #3185, .T. ) ;
#62 = ORIENTED_EDGE ( 'NONE', *, *, #351, .F. ) ;
#63 = CARTESIAN_POINT ( 'NONE',  ( -65.74500000000000455, 66.99999999999997158, 10.00000000000000000 ) ) ;
#64 = DIRECTION ( 'NONE',  ( -0.000000000000000000, 0.000000000000000000, -1.000000000000000000 ) ) ;
#65 = CARTESIAN_POINT ( 'NONE',  ( -60.00499999999998124, -72.49999999999995737, 10.00000000000000000 ) ) ;
#66 = EDGE_CURVE ( 'NONE', #898, #381, #748, .T. ) ;
#67 = ORIENTED_EDGE ( 'NONE', *, *, #3234, .T. ) ;
#68 = LINE ( 'NONE', #3924, #2032 ) ;
#69 = VERTEX_POINT ( 'NONE', #478 ) ;
#70 = ORIENTED_EDGE ( 'NONE', *, *, #1919, .T. ) ;
#71 = ORIENTED_EDGE ( 'NONE', *, *, #1280, .T. ) ;
#72 = EDGE_LOOP ( 'NONE', ( #1690, #1379, #1532, #2656, #3402, #1800, #2266, #4143 ) ) ;
#73 = CARTESIAN_POINT ( 'NONE',  ( -10.90068441568816127, 43.09659840102123951, 0.000000000000000000 ) ) ;
#74 = EDGE_CURVE ( 'NONE', #618, #3604, #3410, .T. ) ;
#75 = VERTEX_POINT ( 'NONE', #769 ) ;
#76 = CARTESIAN_POINT ( 'NONE',  ( -65.74500000000000455, 74.99999999999997158, 5.000000000000000000 ) ) ;
#77 = CARTESIAN_POINT ( 'NONE',  ( -60.00500000000000966, -72.50000000000001421, 5.000000000000000000 ) ) ;
#78 = CARTESIAN_POINT ( 'NONE',  ( -65.74499999999999034, 54.99999999999998579, 5.000000000000000000 ) ) ;
#79 = FACE_OUTER_BOUND ( 'NONE', #1587, .T. ) ;
#80 = ORIENTED_EDGE ( 'NONE', *, *, #3695, .T. ) ;
#81 = CARTESIAN_POINT ( 'NONE',  ( -16.39105546427840565, 39.80894216826094123, 3.000000000000000000 ) ) ;
#82 = CARTESIAN_POINT ( 'NONE',  ( -48.74500000000000455, -27.94761299932681808, 0.000000000000000000 ) ) ;
#83 = CIRCLE ( 'NONE', #2948, 2.999999999999933387 ) ;
#84 = ORIENTED_EDGE ( 'NONE', *, *, #3754, .T. ) ;
#85 = ORIENTED_EDGE ( 'NONE', *, *, #2509, .F. ) ;
#86 = EDGE_CURVE ( 'NONE', #2569, #624, #274, .T. ) ;
#87 = ORIENTED_EDGE ( 'NONE', *, *, #3142, .T. ) ;
#88 = DIRECTION ( 'NONE',  ( -0.000000000000000000, -0.000000000000000000, -1.000000000000000000 ) ) ;
#89 = ADVANCED_FACE ( 'NONE', ( #1723, #2410, #102, #3007, #3334, #1680, #441 ), #3623, .F. ) ;
#90 = VECTOR ( 'NONE', #3942, 1000.000000000000000 ) ;
#91 = VERTEX_POINT ( 'NONE', #3951 ) ;
#92 = VERTEX_POINT ( 'NONE', #1101 ) ;
#93 = FACE_OUTER_BOUND ( 'NONE', #2288, .T. ) ;
#94 = DIRECTION ( 'NONE',  ( 6.033820786006289662E-16, -1.000000000000000000, -0.000000000000000000 ) ) ;
#95 = PLANE ( 'NONE',  #3512 ) ;
#96 = AXIS2_PLACEMENT_3D ( 'NONE', #141, #123, #1409 ) ;
#97 = ADVANCED_FACE ( 'NONE', ( #422 ), #2393, .T. ) ;
#98 = CARTESIAN_POINT ( 'NONE',  ( -19.62448257959728437, 37.76407684932541997, 3.000000000000000000 ) ) ;
#99 = VERTEX_POINT ( 'NONE', #3666 ) ;
#100 = CARTESIAN_POINT ( 'NONE',  ( -57.54723398003460488, 8.598901098682526722, 2.000000000000000000 ) ) ;
#101 = CYLINDRICAL_SURFACE ( 'NONE', #3236, 1.599999999999997202 ) ;
#102 = FACE_BOUND ( 'NONE', #164, .T. ) ;
#103 = AXIS2_PLACEMENT_3D ( 'NONE', #3679, #438, #3619 ) ;
#104 = EDGE_LOOP ( 'NONE', ( #2204, #1710, #3147, #3104, #1450, #4024, #324, #984 ) ) ;
#105 = LINE ( 'NONE', #2662, #3918 ) ;
#106 = AXIS2_PLACEMENT_3D ( 'NONE', #534, #1801, #3085 ) ;
#107 = DIRECTION ( 'NONE',  ( 1.000000000000000000, 0.000000000000000000, 0.000000000000000000 ) ) ;
#108 = EDGE_CURVE ( 'NONE', #4041, #112, #3354, .T. ) ;
#109 = DIRECTION ( 'NONE',  ( 0.000000000000000000, 0.000000000000000000, -1.000000000000000000 ) ) ;
#110 = VECTOR ( 'NONE', #1241, 1000.000000000000000 ) ;
#111 = VECTOR ( 'NONE', #1296, 1000.000000000000000 ) ;
#112 = VERTEX_POINT ( 'NONE', #499 ) ;
#113 = ORIENTED_EDGE ( 'NONE', *, *, #404, .T. ) ;
#114 = CARTESIAN_POINT ( 'NONE',  ( -19.62448257959728437, 37.76407684932541997, 2.000000000000000000 ) ) ;
#115 = CARTESIAN_POINT ( 'NONE',  ( -15.93726924517893728, 42.26507572786680811, 5.000000000000000000 ) ) ;
#116 = CARTESIAN_POINT ( 'NONE',  ( -15.93726924517893728, 39.80894216826094123, 3.000000000000000000 ) ) ;
#117 = ORIENTED_EDGE ( 'NONE', *, *, #2868, .F. ) ;
#118 = FACE_OUTER_BOUND ( 'NONE', #4115, .T. ) ;
#119 = DIRECTION ( 'NONE',  ( -1.000000000000000000, 0.000000000000000000, 0.000000000000000000 ) ) ;
#120 = EDGE_CURVE ( 'NONE', #296, #2081, #1044, .T. ) ;
#121 = DIRECTION ( 'NONE',  ( 1.000000000000000000, 0.000000000000000000, 0.000000000000000000 ) ) ;
#122 = CARTESIAN_POINT ( 'NONE',  ( -51.74500000000000455, -23.31843577378699806, 3.000000000000000000 ) ) ;
#123 = DIRECTION ( 'NONE',  ( -1.000000000000000000, 0.000000000000000000, 0.000000000000000000 ) ) ;
#124 = CARTESIAN_POINT ( 'NONE',  ( -15.93726924517893728, 39.80894216826094123, 0.000000000000000000 ) ) ;
#125 = DIRECTION ( 'NONE',  ( -1.000000000000000000, 0.000000000000000000, 0.000000000000000000 ) ) ;
#126 = ADVANCED_FACE ( 'NONE', ( #726 ), #3295, .F. ) ;
#127 = ORIENTED_EDGE ( 'NONE', *, *, #1267, .F. ) ;
#128 = ORIENTED_EDGE ( 'NONE', *, *, #2922, .T. ) ;
#129 = DIRECTION ( 'NONE',  ( -1.000000000000000000, 0.000000000000000000, 0.000000000000000000 ) ) ;
#130 = CARTESIAN_POINT ( 'NONE',  ( -56.02850656985354760, 77.99999999999997158, 0.000000000000000000 ) ) ;
#131 = EDGE_CURVE ( 'NONE', #321, #3991, #2987, .T. ) ;
#132 = DIRECTION ( 'NONE',  ( 0.000000000000000000, 0.000000000000000000, -1.000000000000000000 ) ) ;
#133 = CARTESIAN_POINT ( 'NONE',  ( -11.61499092853927451, -39.38838713590120477, 3.000000000000000000 ) ) ;
#134 = CARTESIAN_POINT ( 'NONE',  ( -16.39105546427840565, 37.76407684932541997, 2.585786437626905077 ) ) ;
#135 = EDGE_CURVE ( 'NONE', #3858, #3360, #2356, .T. ) ;
#136 = EDGE_LOOP ( 'NONE', ( #3004, #3572, #1666, #2885 ) ) ;
#137 = CARTESIAN_POINT ( 'NONE',  ( -3.640949020223453569, 45.88661684659245310, 5.000000000000000000 ) ) ;
#138 = DIRECTION ( 'NONE',  ( 0.000000000000000000, 0.000000000000000000, -1.000000000000000000 ) ) ;
#139 = EDGE_CURVE ( 'NONE', #1920, #3964, #3212, .T. ) ;
#140 = CLOSED_SHELL ( 'NONE', ( #1687, #1815, #706, #3453, #3905, #1052, #2596, #3806, #2223, #1252, #2146, #231, #194, #4038, #1058, #901, #2580, #2244, #825, #2967, #2121, #3494, #379, #615, #849, #89, #3789, #3183, #4138, #907, #365, #3751, #1731, #3943, #2415, #3409, #2230, #1015, #3017, #1257, #2985, #3399, #249, #1232, #1185, #4057, #1204, #740, #1274, #4146, #2764, #3935, #3005, #3302, #3274, #3393, #527, #3562, #3718, #1597, #537, #486, #3320, #3083, #3093, #2846, #1032, #216, #1065, #1683, #4064, #859, #1477, #2993, #1077, #3872, #126, #644, #1695, #3344, #4034, #4113, #2702, #3157, #2943, #207, #1973, #295, #1583, #3426, #1874, #2050, #3253, #3962, #97, #663, #2286, #750, #1051, #778, #2062, #3659, #2225, #3891, #1357, #519, #1926, #2047, #3256, #3105, #1415, #2177, #3523, #4107, #3226, #2326, #2544, #1768, #1026, #2746, #3432, #2034, #2698, #3172, #1531, #3056, #1888 ) ) ;
#141 = CARTESIAN_POINT ( 'NONE',  ( 14.25499999999999723, 31.79203768307636935, 5.000000000000000000 ) ) ;
#142 = EDGE_LOOP ( 'NONE', ( #3322, #4144, #1053, #524, #3053, #1921 ) ) ;
#143 = VERTEX_POINT ( 'NONE', #855 ) ;
#144 = VERTEX_POINT ( 'NONE', #3419 ) ;
#145 = VERTEX_POINT ( 'NONE', #2777 ) ;
#146 = CARTESIAN_POINT ( 'NONE',  ( -51.74499999999999744, 77.99999999999997158, 5.000000000000000000 ) ) ;
#147 = CYLINDRICAL_SURFACE ( 'NONE', #3348, 2.999999999999999112 ) ;
#148 = DIRECTION ( 'NONE',  ( 0.000000000000000000, -0.000000000000000000, 1.000000000000000000 ) ) ;
#149 = VECTOR ( 'NONE', #13, 1000.000000000000000 ) ;
#150 = LINE ( 'NONE', #4077, #2527 ) ;
#151 = DIRECTION ( 'NONE',  ( 2.211964468540914624E-16, -1.000000000000000000, 0.000000000000000000 ) ) ;
#152 = AXIS2_PLACEMENT_3D ( 'NONE', #2621, #387, #2281 ) ;
#153 = EDGE_CURVE ( 'NONE', #2390, #3460, #83, .T. ) ;
#154 = DIRECTION ( 'NONE',  ( 0.000000000000000000, 0.000000000000000000, 1.000000000000000000 ) ) ;
#155 = CIRCLE ( 'NONE', #760, 1.000000000000000000 ) ;
#156 = ORIENTED_EDGE ( 'NONE', *, *, #180, .T. ) ;
#157 = LINE ( 'NONE', #1738, #515 ) ;
#158 = DIRECTION ( 'NONE',  ( 0.000000000000000000, 0.000000000000000000, 1.000000000000000000 ) ) ;
#159 = EDGE_CURVE ( 'NONE', #2765, #3012, #2748, .T. ) ;
#160 = AXIS2_PLACEMENT_3D ( 'NONE', #2787, #4035, #509 ) ;
#161 = CARTESIAN_POINT ( 'NONE',  ( -57.00500000000000256, 72.49999999999995737, 5.000000000000000000 ) ) ;
#162 = DIRECTION ( 'NONE',  ( 1.000000000000000000, 0.000000000000000000, 0.000000000000000000 ) ) ;
#163 = TOROIDAL_SURFACE ( 'NONE', #1565, 1.999999999999935829, 1.000000000000000000 ) ;
#164 = EDGE_LOOP ( 'NONE', ( #325, #3725 ) ) ;
#165 = ORIENTED_EDGE ( 'NONE', *, *, #2925, .F. ) ;
#166 = EDGE_CURVE ( 'NONE', #2357, #3261, #582, .T. ) ;
#167 = CARTESIAN_POINT ( 'NONE',  ( -65.74500000000000455, 66.99999999999997158, 5.000000000000000000 ) ) ;
#168 = VECTOR ( 'NONE', #1736, 1000.000000000000000 ) ;
#169 = ORIENTED_EDGE ( 'NONE', *, *, #1937, .F. ) ;
#170 = AXIS2_PLACEMENT_3D ( 'NONE', #2741, #4030, #526 ) ;
#171 = VERTEX_POINT ( 'NONE', #536 ) ;
#172 = CARTESIAN_POINT ( 'NONE',  ( -48.74500000000001876, 31.79203768307636935, 5.000000000000000000 ) ) ;
#173 = CARTESIAN_POINT ( 'NONE',  ( -36.74521744568226467, 31.79203768307636935, 3.000000000000000000 ) ) ;
#174 = FACE_OUTER_BOUND ( 'NONE', #336, .T. ) ;
#175 = AXIS2_PLACEMENT_3D ( 'NONE', #1817, #3059, #1796 ) ;
#176 = CARTESIAN_POINT ( 'NONE',  ( -87.24499999999999034, 54.99999999999996447, 5.000000000000000000 ) ) ;
#177 = DIRECTION ( 'NONE',  ( -1.000000000000000000, 0.000000000000000000, -0.000000000000000000 ) ) ;
#178 = VECTOR ( 'NONE', #2564, 1000.000000000000000 ) ;
#179 = FACE_BOUND ( 'NONE', #481, .T. ) ;
#180 = EDGE_CURVE ( 'NONE', #1397, #1474, #4069, .T. ) ;
#181 = VERTEX_POINT ( 'NONE', #557 ) ;
#182 = CARTESIAN_POINT ( 'NONE',  ( -60.00499999999998124, -72.49999999999995737, 5.000000000000000000 ) ) ;
#183 = PLANE ( 'NONE',  #2567 ) ;
#184 = DIRECTION ( 'NONE',  ( 1.000000000000000000, 0.000000000000000000, 0.000000000000000000 ) ) ;
#185 = CARTESIAN_POINT ( 'NONE',  ( -48.74500000000001876, 45.26507572786680811, 5.000000000000000000 ) ) ;
#186 = DIRECTION ( 'NONE',  ( 0.000000000000000000, 0.000000000000000000, -1.000000000000000000 ) ) ;
#187 = PRODUCT_DEFINITION ( 'UNKNOWN', '', #3868, #1306 ) ;
#188 = ORIENTED_EDGE ( 'NONE', *, *, #2680, .T. ) ;
#189 = VERTEX_POINT ( 'NONE', #1804 ) ;
#190 = FACE_OUTER_BOUND ( 'NONE', #3547, .T. ) ;
#191 = VERTEX_POINT ( 'NONE', #1179 ) ;
#192 = DIRECTION ( 'NONE',  ( -1.000000000000000000, 5.825304554501312687E-16, 0.000000000000000000 ) ) ;
#193 = FACE_BOUND ( 'NONE', #2928, .T. ) ;
#194 = ADVANCED_FACE ( 'NONE', ( #263 ), #4047, .F. ) ;
#195 = DIRECTION ( 'NONE',  ( 1.000000000000000000, -0.000000000000000000, -0.000000000000000000 ) ) ;
#196 = CARTESIAN_POINT ( 'NONE',  ( -54.53828962499061817, -25.15438010052512041, 2.000000000000000000 ) ) ;
#197 = CARTESIAN_POINT ( 'NONE',  ( -51.74500000000000455, -27.94761299932681808, 2.428171754270523230 ) ) ;
#198 = ORIENTED_EDGE ( 'NONE', *, *, #1838, .F. ) ;
#199 = DIRECTION ( 'NONE',  ( 0.000000000000000000, 0.000000000000000000, -1.000000000000000000 ) ) ;
#200 = DIRECTION ( 'NONE',  ( 0.000000000000000000, 1.000000000000000000, 0.000000000000000000 ) ) ;
#201 = CARTESIAN_POINT ( 'NONE',  ( -56.54723398003460488, 9.598901098682526722, 3.000000000000000000 ) ) ;
#202 = DIRECTION ( 'NONE',  ( -1.000000000000000000, 0.000000000000000000, 0.000000000000000000 ) ) ;
#203 = ORIENTED_EDGE ( 'NONE', *, *, #2878, .T. ) ;
#204 = EDGE_LOOP ( 'NONE', ( #2227, #3867, #1670, #1984 ) ) ;
#205 = ORIENTED_EDGE ( 'NONE', *, *, #2857, .F. ) ;
#206 = DIRECTION ( 'NONE',  ( -0.000000000000000000, -0.000000000000000000, -1.000000000000000000 ) ) ;
#207 = ADVANCED_FACE ( 'NONE', ( #2456 ), #1138, .F. ) ;
#208 =( GEOMETRIC_REPRESENTATION_CONTEXT ( 3 ) GLOBAL_UNCERTAINTY_ASSIGNED_CONTEXT ( ( #472 ) ) GLOBAL_UNIT_ASSIGNED_CONTEXT ( ( #993, #2546, #655 ) ) REPRESENTATION_CONTEXT ( 'NONE', 'WORKASPACE' ) );
#209 = CIRCLE ( 'NONE', #1733, 2.999999999999999112 ) ;
#210 = DIRECTION ( 'NONE',  ( -1.000000000000000000, 0.000000000000000000, 0.000000000000000000 ) ) ;
#211 = DIRECTION ( 'NONE',  ( -0.000000000000000000, -0.000000000000000000, -1.000000000000000000 ) ) ;
#212 = DIRECTION ( 'NONE',  ( 1.000000000000000000, 0.000000000000000000, 0.000000000000000000 ) ) ;
#213 = PLANE ( 'NONE',  #385 ) ;
#214 = CARTESIAN_POINT ( 'NONE',  ( -59.07643930294683798, -75.35267857142865466, 5.000000000000000000 ) ) ;
#215 = CARTESIAN_POINT ( 'NONE',  ( 2.254999999999997229, 38.85999999999998522, 0.000000000000000000 ) ) ;
#216 = ADVANCED_FACE ( 'NONE', ( #3087 ), #222, .T. ) ;
#217 = CIRCLE ( 'NONE', #3023, 1.599999999999997202 ) ;
#218 = VERTEX_POINT ( 'NONE', #2797 ) ;
#219 = FACE_OUTER_BOUND ( 'NONE', #2271, .T. ) ;
#220 = AXIS2_PLACEMENT_3D ( 'NONE', #1546, #4097, #3826 ) ;
#221 = CARTESIAN_POINT ( 'NONE',  ( -15.93726924517893728, 39.80894216826094123, 0.000000000000000000 ) ) ;
#222 = PLANE ( 'NONE',  #3969 ) ;
#223 = LINE ( 'NONE', #3835, #1227 ) ;
#224 = AXIS2_PLACEMENT_3D ( 'NONE', #3150, #856, #538 ) ;
#225 = LINE ( 'NONE', #2780, #1091 ) ;
#226 = ORIENTED_EDGE ( 'NONE', *, *, #3438, .T. ) ;
#227 = ORIENTED_EDGE ( 'NONE', *, *, #159, .F. ) ;
#228 = AXIS2_PLACEMENT_3D ( 'NONE', #863, #1793, #3034 ) ;
#229 = CYLINDRICAL_SURFACE ( 'NONE', #3863, 1.599999999999997202 ) ;
#230 = VECTOR ( 'NONE', #3511, 1000.000000000000000 ) ;
#231 = ADVANCED_FACE ( 'NONE', ( #3767 ), #522, .F. ) ;
#232 = CARTESIAN_POINT ( 'NONE',  ( -11.77046683615346545, 42.26507572786680811, 0.000000000000000000 ) ) ;
#233 = DIRECTION ( 'NONE',  ( 0.000000000000000000, -0.000000000000000000, 1.000000000000000000 ) ) ;
#234 = CIRCLE ( 'NONE', #2452, 2.999999999999933387 ) ;
#235 = VECTOR ( 'NONE', #1851, 1000.000000000000000 ) ;
#236 = DIRECTION ( 'NONE',  ( 0.000000000000000000, 0.000000000000000000, -1.000000000000000000 ) ) ;
#237 = EDGE_LOOP ( 'NONE', ( #2807, #3029, #931, #1289 ) ) ;
#238 = CARTESIAN_POINT ( 'NONE',  ( -61.60499999999998266, -72.49999999999995737, 10.00000000000000000 ) ) ;
#239 = LINE ( 'NONE', #3788, #2772 ) ;
#240 = VECTOR ( 'NONE', #1214, 1000.000000000000000 ) ;
#241 = ORIENTED_EDGE ( 'NONE', *, *, #580, .T. ) ;
#242 = FACE_OUTER_BOUND ( 'NONE', #1970, .T. ) ;
#243 = VECTOR ( 'NONE', #1826, 1000.000000000000000 ) ;
#244 = CARTESIAN_POINT ( 'NONE',  ( -37.74521744568226467, 31.79203768307636935, 0.000000000000000000 ) ) ;
#245 = ORIENTED_EDGE ( 'NONE', *, *, #2541, .T. ) ;
#246 = DIRECTION ( 'NONE',  ( -1.000000000000000000, 0.000000000000000000, 0.000000000000000000 ) ) ;
#247 = LINE ( 'NONE', #4, #2382 ) ;
#248 = DIRECTION ( 'NONE',  ( -0.000000000000000000, -0.000000000000000000, -1.000000000000000000 ) ) ;
#249 = ADVANCED_FACE ( 'NONE', ( #874 ), #1472, .F. ) ;
#250 = VERTEX_POINT ( 'NONE', #2816 ) ;
#251 = DIRECTION ( 'NONE',  ( -0.000000000000000000, -0.000000000000000000, -1.000000000000000000 ) ) ;
#252 = CARTESIAN_POINT ( 'NONE',  ( -48.74500000000000455, -51.94761299932682164, 5.000000000000000000 ) ) ;
#253 = LINE ( 'NONE', #2216, #3713 ) ;
#254 = DIRECTION ( 'NONE',  ( 0.000000000000000000, 0.000000000000000000, -1.000000000000000000 ) ) ;
#255 = ORIENTED_EDGE ( 'NONE', *, *, #2729, .T. ) ;
#256 = ORIENTED_EDGE ( 'NONE', *, *, #771, .T. ) ;
#257 = FACE_OUTER_BOUND ( 'NONE', #513, .T. ) ;
#258 = CARTESIAN_POINT ( 'NONE',  ( -10.90068441568816127, 43.09659840102123951, 5.000000000000000000 ) ) ;
#259 = EDGE_CURVE ( 'NONE', #181, #2186, #882, .T. ) ;
#260 = EDGE_LOOP ( 'NONE', ( #1114, #3224, #1278, #2873 ) ) ;
#261 = ORIENTED_EDGE ( 'NONE', *, *, #3595, .F. ) ;
#262 = CYLINDRICAL_SURFACE ( 'NONE', #2658, 1.599999999999997202 ) ;
#263 = FACE_OUTER_BOUND ( 'NONE', #2864, .T. ) ;
#264 = DIRECTION ( 'NONE',  ( -1.224646799147353207E-16, 1.000000000000000000, 0.000000000000000000 ) ) ;
#265 = DIRECTION ( 'NONE',  ( -1.000000000000000000, 0.000000000000000000, -0.000000000000000000 ) ) ;
#266 = VERTEX_POINT ( 'NONE', #4104 ) ;
#267 = DIRECTION ( 'NONE',  ( -1.000000000000000000, 0.000000000000000000, 0.000000000000000000 ) ) ;
#268 = EDGE_CURVE ( 'NONE', #1833, #710, #3474, .T. ) ;
#269 = DIRECTION ( 'NONE',  ( -0.000000000000000000, -0.000000000000000000, 1.000000000000000000 ) ) ;
#270 = DIRECTION ( 'NONE',  ( -1.000000000000000000, 0.000000000000000000, 0.000000000000000000 ) ) ;
#271 = ORIENTED_EDGE ( 'NONE', *, *, #3278, .T. ) ;
#272 = CARTESIAN_POINT ( 'NONE',  ( -51.74500000000000455, -22.26116535376300476, 2.000000000000000000 ) ) ;
#273 = VECTOR ( 'NONE', #2449, 1000.000000000000000 ) ;
#274 = CIRCLE ( 'NONE', #2811, 3.000000000000001776 ) ;
#275 = CARTESIAN_POINT ( 'NONE',  ( -57.54723398003460488, 13.65589906941674947, 3.000000000000000000 ) ) ;
#276 = CARTESIAN_POINT ( 'NONE',  ( -65.74499999999999034, 54.99999999999998579, 5.000000000000000000 ) ) ;
#277 = ORIENTED_EDGE ( 'NONE', *, *, #2838, .F. ) ;
#278 = ORIENTED_EDGE ( 'NONE', *, *, #2774, .T. ) ;
#279 = SURFACE_SIDE_STYLE ('',( #1610 ) ) ;
#280 = DIRECTION ( 'NONE',  ( 0.000000000000000000, 1.000000000000000000, 0.000000000000000000 ) ) ;
#281 = ORIENTED_EDGE ( 'NONE', *, *, #3543, .F. ) ;
#282 = VERTEX_POINT ( 'NONE', #3794 ) ;
#283 = DIRECTION ( 'NONE',  ( -0.000000000000000000, -0.000000000000000000, 1.000000000000000000 ) ) ;
#284 = EDGE_CURVE ( 'NONE', #1994, #2020, #677, .T. ) ;
#285 = VECTOR ( 'NONE', #2507, 1000.000000000000000 ) ;
#286 = LINE ( 'NONE', #1555, #1427 ) ;
#287 = DIRECTION ( 'NONE',  ( -0.000000000000000000, -0.000000000000000000, -1.000000000000000000 ) ) ;
#288 = CIRCLE ( 'NONE', #1550, 2.250000000000002220 ) ;
#289 = DIRECTION ( 'NONE',  ( -0.000000000000000000, -0.000000000000000000, -1.000000000000000000 ) ) ;
#290 = ORIENTED_EDGE ( 'NONE', *, *, #3967, .T. ) ;
#291 = DIRECTION ( 'NONE',  ( -0.000000000000000000, -0.000000000000000000, -1.000000000000000000 ) ) ;
#292 = AXIS2_PLACEMENT_3D ( 'NONE', #1443, #4013, #3825 ) ;
#293 = DIRECTION ( 'NONE',  ( 0.000000000000000000, 0.000000000000000000, -1.000000000000000000 ) ) ;
#294 = AXIS2_PLACEMENT_3D ( 'NONE', #3245, #2336, #430 ) ;
#295 = ADVANCED_FACE ( 'NONE', ( #118 ), #2636, .F. ) ;
#296 = VERTEX_POINT ( 'NONE', #1387 ) ;
#297 = DIRECTION ( 'NONE',  ( 5.825304554501312687E-16, 1.000000000000000000, -0.000000000000000000 ) ) ;
#298 = DIRECTION ( 'NONE',  ( 0.000000000000000000, -0.000000000000000000, -1.000000000000000000 ) ) ;
#299 = VECTOR ( 'NONE', #2991, 1000.000000000000000 ) ;
#300 = FACE_OUTER_BOUND ( 'NONE', #413, .T. ) ;
#301 = VECTOR ( 'NONE', #912, 1000.000000000000000 ) ;
#302 = VERTEX_POINT ( 'NONE', #3979 ) ;
#303 = FACE_OUTER_BOUND ( 'NONE', #2016, .T. ) ;
#304 = DIRECTION ( 'NONE',  ( 1.000000000000000000, 0.000000000000000000, 0.000000000000000000 ) ) ;
#305 = AXIS2_PLACEMENT_3D ( 'NONE', #2515, #3482, #304 ) ;
#306 = EDGE_LOOP ( 'NONE', ( #356, #3801, #3594, #3983 ) ) ;
#307 = LINE ( 'NONE', #1594, #846 ) ;
#308 = ORIENTED_EDGE ( 'NONE', *, *, #487, .T. ) ;
#309 = AXIS2_PLACEMENT_3D ( 'NONE', #2128, #3403, #1478 ) ;
#310 = VERTEX_POINT ( 'NONE', #1094 ) ;
#311 = EDGE_CURVE ( 'NONE', #2396, #33, #1008, .T. ) ;
#312 = CYLINDRICAL_SURFACE ( 'NONE', #292, 3.000000000000002665 ) ;
#313 = VECTOR ( 'NONE', #283, 1000.000000000000000 ) ;
#314 = FACE_OUTER_BOUND ( 'NONE', #2210, .T. ) ;
#315 = ORIENTED_EDGE ( 'NONE', *, *, #3812, .F. ) ;
#316 = ORIENTED_EDGE ( 'NONE', *, *, #1219, .F. ) ;
#317 = CYLINDRICAL_SURFACE ( 'NONE', #3444, 1.000000000000000000 ) ;
#318 = AXIS2_PLACEMENT_3D ( 'NONE', #3418, #556, #2493 ) ;
#319 = EDGE_CURVE ( 'NONE', #3855, #2331, #941, .T. ) ;
#320 = DIRECTION ( 'NONE',  ( 0.000000000000000000, 0.000000000000000000, -1.000000000000000000 ) ) ;
#321 = VERTEX_POINT ( 'NONE', #3638 ) ;
#322 = CARTESIAN_POINT ( 'NONE',  ( 11.25499999999999723, -33.94761299932681453, 5.000000000000000000 ) ) ;
#323 = CARTESIAN_POINT ( 'NONE',  ( -22.14407308639565386, 39.80894216826094123, 0.000000000000000000 ) ) ;
#324 = ORIENTED_EDGE ( 'NONE', *, *, #2793, .T. ) ;
#325 = ORIENTED_EDGE ( 'NONE', *, *, #1099, .F. ) ;
#326 = PLANE ( 'NONE',  #448 ) ;
#327 = ORIENTED_EDGE ( 'NONE', *, *, #2394, .F. ) ;
#328 = DIRECTION ( 'NONE',  ( -1.000000000000000000, 0.000000000000000000, 0.000000000000000000 ) ) ;
#329 = LINE ( 'NONE', #1273, #1432 ) ;
#330 = EDGE_CURVE ( 'NONE', #3958, #394, #3923, .T. ) ;
#331 = CARTESIAN_POINT ( 'NONE',  ( -60.00500000000000966, -72.50000000000001421, 0.000000000000000000 ) ) ;
#332 = DIRECTION ( 'NONE',  ( 1.000000000000000000, 0.000000000000000000, 0.000000000000000000 ) ) ;
#333 = DIRECTION ( 'NONE',  ( 0.000000000000000000, 0.000000000000000000, -1.000000000000000000 ) ) ;
#334 = ORIENTED_EDGE ( 'NONE', *, *, #346, .T. ) ;
#335 = ORIENTED_EDGE ( 'NONE', *, *, #625, .F. ) ;
#336 = EDGE_LOOP ( 'NONE', ( #2806, #3463, #2964, #2259 ) ) ;
#337 = EDGE_CURVE ( 'NONE', #1335, #1520, #2341, .T. ) ;
#338 = DIRECTION ( 'NONE',  ( -1.000000000000000000, 0.000000000000000000, 0.000000000000000000 ) ) ;
#339 = CARTESIAN_POINT ( 'NONE',  ( -84.24499999999999034, -55.00000000000000711, 5.000000000000000000 ) ) ;
#340 = ORIENTED_EDGE ( 'NONE', *, *, #3925, .T. ) ;
#341 = ORIENTED_EDGE ( 'NONE', *, *, #3470, .F. ) ;
#342 = CIRCLE ( 'NONE', #2684, 1.599999999999997202 ) ;
#343 = ORIENTED_EDGE ( 'NONE', *, *, #2005, .T. ) ;
#344 = PLANE ( 'NONE',  #917 ) ;
#345 = VERTEX_POINT ( 'NONE', #2691 ) ;
#346 = EDGE_CURVE ( 'NONE', #428, #3203, #3019, .T. ) ;
#347 = FACE_OUTER_BOUND ( 'NONE', #684, .T. ) ;
#348 = EDGE_LOOP ( 'NONE', ( #2813, #3975, #1846, #4098, #2843, #727 ) ) ;
#349 = DIRECTION ( 'NONE',  ( -1.000000000000000000, 0.000000000000000000, 0.000000000000000000 ) ) ;
#350 = EDGE_LOOP ( 'NONE', ( #3052, #1347, #113, #3009 ) ) ;
#351 = EDGE_CURVE ( 'NONE', #1833, #755, #2362, .T. ) ;
#352 = VERTEX_POINT ( 'NONE', #2405 ) ;
#353 = CARTESIAN_POINT ( 'NONE',  ( -54.52934526994632591, 12.65589906941674769, 3.000000000000000000 ) ) ;
#354 = ORIENTED_EDGE ( 'NONE', *, *, #3031, .T. ) ;
#355 = B_SPLINE_CURVE_WITH_KNOTS ( 'NONE', 3,
 ( #3634, #1090, #3657, #1992, #1655, #2291, #2670, #2955, #782, #3264 ),
 .UNSPECIFIED., .F., .F.,
 ( 4, 2, 2, 2, 4 ),
 ( 0.000000000000000000, 0.0004025057433829154962, 0.0008050114867658309924, 0.001207517230148746380, 0.001610022973531661985 ),
 .UNSPECIFIED. ) ;
#356 = ORIENTED_EDGE ( 'NONE', *, *, #2349, .F. ) ;
#357 = VECTOR ( 'NONE', #2486, 1000.000000000000000 ) ;
#358 = DIRECTION ( 'NONE',  ( -0.000000000000000000, 0.000000000000000000, 1.000000000000000000 ) ) ;
#359 = VERTEX_POINT ( 'NONE', #2657 ) ;
#360 = ORIENTED_EDGE ( 'NONE', *, *, #3270, .F. ) ;
#361 = AXIS2_PLACEMENT_3D ( 'NONE', #2429, #3478, #928 ) ;
#362 = CARTESIAN_POINT ( 'NONE',  ( -60.98500000000000654, -60.99000000000001620, 5.000000000000000000 ) ) ;
#363 = CARTESIAN_POINT ( 'NONE',  ( -65.74500000000000455, -66.99999999999997158, 5.000000000000000000 ) ) ;
#364 = AXIS2_PLACEMENT_3D ( 'NONE', #1307, #998, #3556 ) ;
#365 = ADVANCED_FACE ( 'NONE', ( #3617 ), #3251, .F. ) ;
#366 = EDGE_CURVE ( 'NONE', #3710, #181, #2983, .T. ) ;
#367 = ORIENTED_EDGE ( 'NONE', *, *, #2503, .T. ) ;
#368 = ORIENTED_EDGE ( 'NONE', *, *, #3051, .T. ) ;
#369 = CARTESIAN_POINT ( 'NONE',  ( -37.74521744568226467, 30.43880777118787506, 2.000000000000000000 ) ) ;
#370 = ORIENTED_EDGE ( 'NONE', *, *, #166, .F. ) ;
#371 = AXIS2_PLACEMENT_3D ( 'NONE', #146, #192, #3363 ) ;
#372 = CARTESIAN_POINT ( 'NONE',  ( -60.00500000000000966, -72.50000000000001421, 5.000000000000000000 ) ) ;
#373 = LINE ( 'NONE', #2710, #3911 ) ;
#374 = AXIS2_PLACEMENT_3D ( 'NONE', #2572, #2902, #1617 ) ;
#375 = CARTESIAN_POINT ( 'NONE',  ( 14.25499999999999723, 45.88661684659245310, 5.000000000000000000 ) ) ;
#376 = ORIENTED_EDGE ( 'NONE', *, *, #3812, .T. ) ;
#377 = CARTESIAN_POINT ( 'NONE',  ( -51.74500000000001876, 28.79203768307636935, 5.000000000000000000 ) ) ;
#378 = AXIS2_PLACEMENT_3D ( 'NONE', #4016, #1131, #3698 ) ;
#379 = ADVANCED_FACE ( 'NONE', ( #437 ), #3599, .F. ) ;
#380 = DIRECTION ( 'NONE',  ( -0.000000000000000000, -0.000000000000000000, 1.000000000000000000 ) ) ;
#381 = VERTEX_POINT ( 'NONE', #1997 ) ;
#382 = AXIS2_PLACEMENT_3D ( 'NONE', #2140, #2754, #3064 ) ;
#383 = CARTESIAN_POINT ( 'NONE',  ( -57.54723398003460488, 8.598901098682526722, 0.000000000000000000 ) ) ;
#384 = EDGE_LOOP ( 'NONE', ( #1933, #3578, #340, #525 ) ) ;
#385 = AXIS2_PLACEMENT_3D ( 'NONE', #2134, #3676, #3367 ) ;
#386 = EDGE_CURVE ( 'NONE', #930, #3120, #3661, .T. ) ;
#387 = DIRECTION ( 'NONE',  ( 0.000000000000000000, -0.000000000000000000, 1.000000000000000000 ) ) ;
#388 = ORIENTED_EDGE ( 'NONE', *, *, #3099, .F. ) ;
#389 = ORIENTED_EDGE ( 'NONE', *, *, #2446, .F. ) ;
#390 = VECTOR ( 'NONE', #1100, 1000.000000000000000 ) ;
#391 = ORIENTED_EDGE ( 'NONE', *, *, #1123, .F. ) ;
#392 = LINE ( 'NONE', #751, #299 ) ;
#393 = FACE_OUTER_BOUND ( 'NONE', #2265, .T. ) ;
#394 = VERTEX_POINT ( 'NONE', #1425 ) ;
#395 = VERTEX_POINT ( 'NONE', #1717 ) ;
#396 = LINE ( 'NONE', #3938, #3296 ) ;
#397 = VERTEX_POINT ( 'NONE', #743 ) ;
#398 = DIRECTION ( 'NONE',  ( 0.000000000000000000, 0.000000000000000000, -1.000000000000000000 ) ) ;
#399 = CARTESIAN_POINT ( 'NONE',  ( -87.24499999999999034, 54.99999999999996447, 5.000000000000000000 ) ) ;
#400 = CARTESIAN_POINT ( 'NONE',  ( -51.74499999999999744, -75.00000000000000000, 5.000000000000000000 ) ) ;
#401 = CARTESIAN_POINT ( 'NONE',  ( -84.24499999999999034, -55.00000000000000711, 5.000000000000000000 ) ) ;
#402 = EDGE_CURVE ( 'NONE', #436, #1831, #3272, .T. ) ;
#403 = DIRECTION ( 'NONE',  ( -1.000000000000000000, 0.000000000000000000, 0.000000000000000000 ) ) ;
#404 = EDGE_CURVE ( 'NONE', #1913, #2765, #3290, .T. ) ;
#405 = ORIENTED_EDGE ( 'NONE', *, *, #2470, .T. ) ;
#406 = VERTEX_POINT ( 'NONE', #1115 ) ;
#407 = EDGE_CURVE ( 'NONE', #1208, #1256, #3328, .T. ) ;
#408 = DIRECTION ( 'NONE',  ( -1.000000000000000000, 0.000000000000000000, -0.000000000000000000 ) ) ;
#409 = ORIENTED_EDGE ( 'NONE', *, *, #3278, .F. ) ;
#410 = FACE_OUTER_BOUND ( 'NONE', #2397, .T. ) ;
#411 = CYLINDRICAL_SURFACE ( 'NONE', #1812, 3.000000000000002665 ) ;
#412 = FACE_OUTER_BOUND ( 'NONE', #3819, .T. ) ;
#413 = EDGE_LOOP ( 'NONE', ( #646, #977, #1024, #1315 ) ) ;
#414 = DIRECTION ( 'NONE',  ( 0.000000000000000000, 0.000000000000000000, -1.000000000000000000 ) ) ;
#415 = ORIENTED_EDGE ( 'NONE', *, *, #2394, .T. ) ;
#416 = DIRECTION ( 'NONE',  ( 0.000000000000000000, -1.000000000000000000, 0.000000000000000000 ) ) ;
#417 = DIRECTION ( 'NONE',  ( -0.000000000000000000, -0.000000000000000000, 1.000000000000000000 ) ) ;
#418 = AXIS2_PLACEMENT_3D ( 'NONE', #3126, #3697, #177 ) ;
#419 = AXIS2_PLACEMENT_3D ( 'NONE', #2756, #1534, #2165 ) ;
#420 = EDGE_CURVE ( 'NONE', #4109, #143, #1345, .T. ) ;
#421 = VERTEX_POINT ( 'NONE', #1528 ) ;
#422 = FACE_OUTER_BOUND ( 'NONE', #4078, .T. ) ;
#423 = EDGE_LOOP ( 'NONE', ( #502, #2219 ) ) ;
#424 = DIRECTION ( 'NONE',  ( 0.000000000000000000, -1.000000000000000000, 0.000000000000000000 ) ) ;
#425 = CARTESIAN_POINT ( 'NONE',  ( -51.74500000000001876, 19.96793492499667622, 2.000000000000000000 ) ) ;
#426 = FACE_OUTER_BOUND ( 'NONE', #1648, .T. ) ;
#427 = CIRCLE ( 'NONE', #2293, 3.000000000000009770 ) ;
#428 = VERTEX_POINT ( 'NONE', #801 ) ;
#429 = ORIENTED_EDGE ( 'NONE', *, *, #74, .T. ) ;
#430 = DIRECTION ( 'NONE',  ( 1.000000000000000000, 0.000000000000000000, 0.000000000000000000 ) ) ;
#431 = CARTESIAN_POINT ( 'NONE',  ( -65.74500000000000455, 74.99999999999997158, 10.00000000000000000 ) ) ;
#432 = CIRCLE ( 'NONE', #2375, 1.599999999999997202 ) ;
#433 = EDGE_CURVE ( 'NONE', #3604, #618, #3554, .T. ) ;
#434 = CARTESIAN_POINT ( 'NONE',  ( -65.74499999999999034, 54.99999999999998579, 5.000000000000000000 ) ) ;
#435 = AXIS2_PLACEMENT_3D ( 'NONE', #1441, #484, #3756 ) ;
#436 = VERTEX_POINT ( 'NONE', #3436 ) ;
#437 = FACE_OUTER_BOUND ( 'NONE', #306, .T. ) ;
#438 = DIRECTION ( 'NONE',  ( -0.000000000000000000, -0.000000000000000000, 1.000000000000000000 ) ) ;
#439 = VECTOR ( 'NONE', #3908, 1000.000000000000000 ) ;
#440 = CARTESIAN_POINT ( 'NONE',  ( -16.39105546427840565, 39.80894216826094123, 2.000000000000000000 ) ) ;
#441 = FACE_OUTER_BOUND ( 'NONE', #2116, .T. ) ;
#442 = CIRCLE ( 'NONE', #305, 2.250000000000001776 ) ;
#443 = EDGE_CURVE ( 'NONE', #397, #75, #1667, .T. ) ;
#444 = DIRECTION ( 'NONE',  ( 0.000000000000000000, 1.000000000000000000, 0.000000000000000000 ) ) ;
#445 = DIRECTION ( 'NONE',  ( -1.261617073437678443E-15, 1.000000000000000000, 0.000000000000000000 ) ) ;
#446 = AXIS2_PLACEMENT_3D ( 'NONE', #2673, #3696, #4059 ) ;
#447 = EDGE_CURVE ( 'NONE', #1069, #2559, #3060, .T. ) ;
#448 = AXIS2_PLACEMENT_3D ( 'NONE', #1588, #2445, #148 ) ;
#449 = EDGE_LOOP ( 'NONE', ( #1728, #3303 ) ) ;
#450 = B_SPLINE_CURVE_WITH_KNOTS ( 'NONE', 3,
 ( #425, #2371, #2798, #2166, #937, #2145, #3116, #2208, #895, #622 ),
 .UNSPECIFIED., .F., .F.,
 ( 4, 2, 2, 2, 4 ),
 ( 0.000000000000000000, 0.0004025083521501106017, 0.0008050167043002212034, 0.001207525056450331914, 0.001610033408600442407 ),
 .UNSPECIFIED. ) ;
#451 = ORIENTED_EDGE ( 'NONE', *, *, #268, .T. ) ;
#452 = PLANE ( 'NONE',  #3339 ) ;
#453 = CARTESIAN_POINT ( 'NONE',  ( -63.88852080077450779, 77.77351044313806483, 0.000000000000000000 ) ) ;
#454 = EDGE_CURVE ( 'NONE', #3991, #930, #2066, .T. ) ;
#455 = LINE ( 'NONE', #2321, #2323 ) ;
#456 = DIRECTION ( 'NONE',  ( -0.000000000000000000, -0.000000000000000000, -1.000000000000000000 ) ) ;
#457 = EDGE_CURVE ( 'NONE', #2417, #394, #2808, .T. ) ;
#458 = EDGE_LOOP ( 'NONE', ( #827, #2143, #1918, #521, #3904, #360, #3912, #203, #3733, #2963 ) ) ;
#459 = LINE ( 'NONE', #2721, #1705 ) ;
#460 = CARTESIAN_POINT ( 'NONE',  ( 9.994999999999995666, 44.99999999999995737, 2.000000000000000000 ) ) ;
#461 = DIRECTION ( 'NONE',  ( -0.000000000000000000, -0.000000000000000000, 1.000000000000000000 ) ) ;
#462 = ORIENTED_EDGE ( 'NONE', *, *, #955, .F. ) ;
#463 = ORIENTED_EDGE ( 'NONE', *, *, #3332, .T. ) ;
#464 = EDGE_CURVE ( 'NONE', #775, #1040, #4015, .T. ) ;
#465 = ORIENTED_EDGE ( 'NONE', *, *, #3016, .T. ) ;
#466 = FACE_OUTER_BOUND ( 'NONE', #237, .T. ) ;
#467 = FACE_BOUND ( 'NONE', #3195, .T. ) ;
#468 = EDGE_CURVE ( 'NONE', #2235, #2102, #574, .T. ) ;
#469 = DIRECTION ( 'NONE',  ( -0.000000000000000000, -0.000000000000000000, -1.000000000000000000 ) ) ;
#470 = CARTESIAN_POINT ( 'NONE',  ( -17.39105546427840565, 0.000000000000000000, 3.000000000000000000 ) ) ;
#471 = DIRECTION ( 'NONE',  ( -0.000000000000000000, -0.000000000000000000, -1.000000000000000000 ) ) ;
#472 = UNCERTAINTY_MEASURE_WITH_UNIT (LENGTH_MEASURE( 1.000000000000000082E-05 ), #993, 'distance_accuracy_value', 'NONE');
#473 = ORIENTED_EDGE ( 'NONE', *, *, #1286, .F. ) ;
#474 = CARTESIAN_POINT ( 'NONE',  ( -0.005000000000005000445, -38.86000000000001364, 0.000000000000000000 ) ) ;
#475 = VECTOR ( 'NONE', #3312, 1000.000000000000000 ) ;
#476 = DIRECTION ( 'NONE',  ( -1.000000000000000000, 0.000000000000000000, 0.000000000000000000 ) ) ;
#477 = ORIENTED_EDGE ( 'NONE', *, *, #1716, .F. ) ;
#478 = CARTESIAN_POINT ( 'NONE',  ( -57.00500000000000256, -72.50000000000001421, 5.000000000000000000 ) ) ;
#479 = CARTESIAN_POINT ( 'NONE',  ( -52.53828962499068922, -25.15438010052512041, 3.000000000000000000 ) ) ;
#480 = ORIENTED_EDGE ( 'NONE', *, *, #4028, .F. ) ;
#481 = EDGE_LOOP ( 'NONE', ( #1030, #2255 ) ) ;
#482 = CARTESIAN_POINT ( 'NONE',  ( -10.61499092853945925, -39.38838713590120477, 2.000000000000000000 ) ) ;
#483 = AXIS2_PLACEMENT_3D ( 'NONE', #3281, #2683, #109 ) ;
#484 = DIRECTION ( 'NONE',  ( -1.000000000000000000, 0.000000000000000000, 0.000000000000000000 ) ) ;
#485 = LINE ( 'NONE', #2133, #31 ) ;
#486 = ADVANCED_FACE ( 'NONE', ( #1488 ), #4100, .F. ) ;
#487 = EDGE_CURVE ( 'NONE', #2082, #3480, #3688, .T. ) ;
#488 = DIRECTION ( 'NONE',  ( -0.000000000000000000, -0.000000000000000000, 1.000000000000000000 ) ) ;
#489 = AXIS2_PLACEMENT_3D ( 'NONE', #776, #2046, #3712 ) ;
#490 = CARTESIAN_POINT ( 'NONE',  ( -53.52934526994632591, 8.598901098682526722, 3.000000000000000000 ) ) ;
#491 = DIRECTION ( 'NONE',  ( -0.000000000000000000, -1.000000000000000000, -0.000000000000000000 ) ) ;
#492 = VECTOR ( 'NONE', #2191, 1000.000000000000000 ) ;
#493 = DIRECTION ( 'NONE',  ( -1.000000000000000000, 0.000000000000000000, 0.000000000000000000 ) ) ;
#494 = AXIS2_PLACEMENT_3D ( 'NONE', #1393, #2989, #107 ) ;
#495 = ORIENTED_EDGE ( 'NONE', *, *, #3144, .T. ) ;
#496 = FACE_OUTER_BOUND ( 'NONE', #2583, .T. ) ;
#497 = PLANE ( 'NONE',  #220 ) ;
#498 = CARTESIAN_POINT ( 'NONE',  ( -56.02850656985351208, -78.00000000000000000, 0.000000000000000000 ) ) ;
#499 = CARTESIAN_POINT ( 'NONE',  ( -37.74521744568226467, 33.14526759496442310, 0.000000000000000000 ) ) ;
#500 = CARTESIAN_POINT ( 'NONE',  ( -84.24499999999999034, -48.00000000000000711, 0.000000000000000000 ) ) ;
#501 = CIRCLE ( 'NONE', #1893, 0.9999999999998222533 ) ;
#502 = ORIENTED_EDGE ( 'NONE', *, *, #43, .F. ) ;
#503 = ORIENTED_EDGE ( 'NONE', *, *, #108, .T. ) ;
#504 = EDGE_LOOP ( 'NONE', ( #3368, #2946, #1857, #1701, #3497, #2491 ) ) ;
#505 = EDGE_CURVE ( 'NONE', #3686, #561, #2555, .T. ) ;
#506 = VECTOR ( 'NONE', #3763, 1000.000000000000000 ) ;
#507 = ORIENTED_EDGE ( 'NONE', *, *, #2729, .F. ) ;
#508 = VECTOR ( 'NONE', #4002, 1000.000000000000000 ) ;
#509 = DIRECTION ( 'NONE',  ( -1.000000000000000000, 0.000000000000000000, 0.000000000000000000 ) ) ;
#510 = FACE_BOUND ( 'NONE', #971, .T. ) ;
#511 = AXIS2_PLACEMENT_3D ( 'NONE', #2899, #996, #976 ) ;
#512 = CARTESIAN_POINT ( 'NONE',  ( -19.62448257959728437, 39.80894216826094123, 3.000000000000000000 ) ) ;
#513 = EDGE_LOOP ( 'NONE', ( #17, #643, #87, #2317, #44 ) ) ;
#514 = DIRECTION ( 'NONE',  ( 0.000000000000000000, -0.000000000000000000, -1.000000000000000000 ) ) ;
#515 = VECTOR ( 'NONE', #3622, 1000.000000000000000 ) ;
#516 = DIRECTION ( 'NONE',  ( 0.000000000000000000, 0.000000000000000000, -1.000000000000000000 ) ) ;
#517 = EDGE_LOOP ( 'NONE', ( #59, #4087, #2622, #1872 ) ) ;
#518 = FACE_OUTER_BOUND ( 'NONE', #1652, .T. ) ;
#519 = ADVANCED_FACE ( 'NONE', ( #3721 ), #2136, .T. ) ;
#520 = DIRECTION ( 'NONE',  ( -0.7228257756151913460, -0.6910303163438613616, 0.000000000000000000 ) ) ;
#521 = ORIENTED_EDGE ( 'NONE', *, *, #4045, .T. ) ;
#522 = CYLINDRICAL_SURFACE ( 'NONE', #2686, 2.999999999999933387 ) ;
#523 = CARTESIAN_POINT ( 'NONE',  ( -57.54723398003460488, 8.598901098682526722, 2.000000000000000000 ) ) ;
#524 = ORIENTED_EDGE ( 'NONE', *, *, #2378, .T. ) ;
#525 = ORIENTED_EDGE ( 'NONE', *, *, #990, .T. ) ;
#526 = DIRECTION ( 'NONE',  ( 1.000000000000000000, 0.000000000000000000, 0.000000000000000000 ) ) ;
#527 = ADVANCED_FACE ( 'NONE', ( #3413 ), #1150, .T. ) ;
#528 = FACE_OUTER_BOUND ( 'NONE', #1228, .T. ) ;
#529 = CARTESIAN_POINT ( 'NONE',  ( 9.994999999999995666, 44.99999999999995737, 5.000000000000000000 ) ) ;
#530 = DIRECTION ( 'NONE',  ( 0.000000000000000000, -1.000000000000000000, 0.000000000000000000 ) ) ;
#531 = CARTESIAN_POINT ( 'NONE',  ( -3.640949020223453569, 45.88661684659245310, 0.000000000000000000 ) ) ;
#532 = CARTESIAN_POINT ( 'NONE',  ( -59.07643930294695167, 75.35267857142862624, 0.000000000000000000 ) ) ;
#533 = ORIENTED_EDGE ( 'NONE', *, *, #1998, .T. ) ;
#534 = CARTESIAN_POINT ( 'NONE',  ( -11.77046683615346545, 42.26507572786680811, 5.000000000000000000 ) ) ;
#535 = CARTESIAN_POINT ( 'NONE',  ( -53.52934526994632591, 8.598901098682526722, 3.000000000000000000 ) ) ;
#536 = CARTESIAN_POINT ( 'NONE',  ( -63.00500000000001677, -72.50000000000001421, 0.000000000000000000 ) ) ;
#537 = ADVANCED_FACE ( 'NONE', ( #257 ), #2095, .F. ) ;
#538 = DIRECTION ( 'NONE',  ( -1.000000000000000000, 0.000000000000000000, 0.000000000000000000 ) ) ;
#539 = ORIENTED_EDGE ( 'NONE', *, *, #1312, .T. ) ;
#540 = AXIS2_PLACEMENT_3D ( 'NONE', #550, #3369, #514 ) ;
#541 = ORIENTED_EDGE ( 'NONE', *, *, #990, .F. ) ;
#542 = LINE ( 'NONE', #1057, #2715 ) ;
#543 = DIRECTION ( 'NONE',  ( 0.000000000000000000, 0.000000000000000000, 1.000000000000000000 ) ) ;
#544 = DIRECTION ( 'NONE',  ( -1.000000000000000000, 0.000000000000000000, 0.000000000000000000 ) ) ;
#545 = ORIENTED_EDGE ( 'NONE', *, *, #2278, .F. ) ;
#546 = DIRECTION ( 'NONE',  ( 1.000000000000000000, 0.000000000000000000, 0.000000000000000000 ) ) ;
#547 = DIRECTION ( 'NONE',  ( 0.000000000000000000, 1.000000000000000000, 0.000000000000000000 ) ) ;
#548 = CARTESIAN_POINT ( 'NONE',  ( -51.74500000000001876, 31.79203768307636935, 5.000000000000000000 ) ) ;
#549 = ORIENTED_EDGE ( 'NONE', *, *, #718, .F. ) ;
#550 = CARTESIAN_POINT ( 'NONE',  ( -16.39105546427840565, 39.80894216826094123, 3.000000000000000000 ) ) ;
#551 = CARTESIAN_POINT ( 'NONE',  ( -57.54723398003460488, 8.598901098682526722, 0.000000000000000000 ) ) ;
#552 = EDGE_CURVE ( 'NONE', #2563, #4109, #3106, .T. ) ;
#553 = ORIENTED_EDGE ( 'NONE', *, *, #807, .F. ) ;
#554 = CARTESIAN_POINT ( 'NONE',  ( 6.994999999999993001, -45.00000000000000000, 2.000000000000000000 ) ) ;
#555 = CIRCLE ( 'NONE', #1088, 3.000000000000002665 ) ;
#556 = DIRECTION ( 'NONE',  ( 1.000000000000000000, -0.000000000000000000, 0.000000000000000000 ) ) ;
#557 = CARTESIAN_POINT ( 'NONE',  ( -51.74500000000001876, 28.79203768307636935, 5.000000000000000000 ) ) ;
#558 = LINE ( 'NONE', #2862, #3507 ) ;
#559 = AXIS2_PLACEMENT_3D ( 'NONE', #479, #3335, #2435 ) ;
#560 = CARTESIAN_POINT ( 'NONE',  ( -12.97377536471974580, 42.26507572786680811, 0.000000000000000000 ) ) ;
#561 = VERTEX_POINT ( 'NONE', #2489 ) ;
#562 = CIRCLE ( 'NONE', #1423, 3.000000000000002665 ) ;
#563 = DIRECTION ( 'NONE',  ( 1.000000000000000000, 0.000000000000000000, 0.000000000000000000 ) ) ;
#564 = DIRECTION ( 'NONE',  ( 0.000000000000000000, 0.000000000000000000, 1.000000000000000000 ) ) ;
#565 = VECTOR ( 'NONE', #3749, 1000.000000000000000 ) ;
#566 =( NAMED_UNIT ( * ) SI_UNIT ( $, .STERADIAN. ) SOLID_ANGLE_UNIT ( ) );
#567 = EDGE_CURVE ( 'NONE', #1323, #1124, #2157, .T. ) ;
#568 = CARTESIAN_POINT ( 'NONE',  ( -52.53828962499051869, 22.86114967175884161, 2.000000000000000000 ) ) ;
#569 = DIRECTION ( 'NONE',  ( -0.000000000000000000, -0.000000000000000000, 1.000000000000000000 ) ) ;
#570 = VECTOR ( 'NONE', #2533, 1000.000000000000000 ) ;
#571 = AXIS2_PLACEMENT_3D ( 'NONE', #3765, #1928, #619 ) ;
#572 = VERTEX_POINT ( 'NONE', #2117 ) ;
#573 = VERTEX_POINT ( 'NONE', #238 ) ;
#574 = LINE ( 'NONE', #1444, #2947 ) ;
#575 = DIRECTION ( 'NONE',  ( -0.000000000000000000, 0.000000000000000000, 1.000000000000000000 ) ) ;
#576 = VECTOR ( 'NONE', #2877, 1000.000000000000000 ) ;
#577 = EDGE_LOOP ( 'NONE', ( #3282, #2001, #3502, #3373 ) ) ;
#578 = DIRECTION ( 'NONE',  ( 1.000000000000000000, 0.000000000000000000, 0.000000000000000000 ) ) ;
#579 = VECTOR ( 'NONE', #3024, 1000.000000000000000 ) ;
#580 = EDGE_CURVE ( 'NONE', #2368, #2794, #1401, .T. ) ;
#581 = DIRECTION ( 'NONE',  ( -1.000000000000000000, 9.682177540335664981E-16, 0.000000000000000000 ) ) ;
#582 = LINE ( 'NONE', #1517, #2557 ) ;
#583 = LINE ( 'NONE', #1580, #565 ) ;
#584 = PLANE ( 'NONE',  #3921 ) ;
#585 = ORIENTED_EDGE ( 'NONE', *, *, #795, .F. ) ;
#586 = ORIENTED_EDGE ( 'NONE', *, *, #2130, .T. ) ;
#587 = CARTESIAN_POINT ( 'NONE',  ( -58.74500000000000455, 60.97999999999998266, 5.000000000000000000 ) ) ;
#588 = FACE_OUTER_BOUND ( 'NONE', #1903, .T. ) ;
#589 = VERTEX_POINT ( 'NONE', #888 ) ;
#590 = CARTESIAN_POINT ( 'NONE',  ( -65.74499999999999034, 41.99999999999995737, 5.000000000000000000 ) ) ;
#591 = PLANE ( 'NONE',  #953 ) ;
#592 = EDGE_CURVE ( 'NONE', #3922, #3957, #1573, .T. ) ;
#593 = CARTESIAN_POINT ( 'NONE',  ( -84.24499999999999034, -52.00000000000000711, 0.000000000000000000 ) ) ;
#594 = EDGE_LOOP ( 'NONE', ( #934, #3577 ) ) ;
#595 = LINE ( 'NONE', #1849, #2312 ) ;
#596 = EDGE_LOOP ( 'NONE', ( #409, #1000, #465, #1725 ) ) ;
#597 = DIRECTION ( 'NONE',  ( 0.000000000000000000, 1.000000000000000000, 0.000000000000000000 ) ) ;
#598 = DIRECTION ( 'NONE',  ( 0.000000000000000000, 0.000000000000000000, -1.000000000000000000 ) ) ;
#599 = LINE ( 'NONE', #1518, #968 ) ;
#600 = EDGE_CURVE ( 'NONE', #4009, #3677, #932, .T. ) ;
#601 = CARTESIAN_POINT ( 'NONE',  ( -22.14407308639565386, 39.80894216826094123, 3.000000000000000000 ) ) ;
#602 = LINE ( 'NONE', #3400, #3846 ) ;
#603 = ORIENTED_EDGE ( 'NONE', *, *, #2154, .F. ) ;
#604 = VERTEX_POINT ( 'NONE', #2591 ) ;
#605 = CYLINDRICAL_SURFACE ( 'NONE', #2778, 3.000000000000009770 ) ;
#606 = MANIFOLD_SOLID_BREP ( 'Cut-Extrude4', #140 ) ;
#607 = CARTESIAN_POINT ( 'NONE',  ( -58.73499999999999943, -60.99000000000001620, 0.000000000000000000 ) ) ;
#608 = SHAPE_DEFINITION_REPRESENTATION ( #2537, #3449 ) ;
#609 = VERTEX_POINT ( 'NONE', #63 ) ;
#610 = CYLINDRICAL_SURFACE ( 'NONE', #2644, 2.999999999999999112 ) ;
#611 = VECTOR ( 'NONE', #3742, 1000.000000000000000 ) ;
#612 = AXIS2_PLACEMENT_3D ( 'NONE', #1739, #158, #3025 ) ;
#613 = CARTESIAN_POINT ( 'NONE',  ( 14.25499999999999723, -45.94761299932681453, 5.000000000000000000 ) ) ;
#614 = ORIENTED_EDGE ( 'NONE', *, *, #651, .F. ) ;
#615 = ADVANCED_FACE ( 'NONE', ( #303 ), #2222, .F. ) ;
#616 = FACE_OUTER_BOUND ( 'NONE', #685, .T. ) ;
#617 = EDGE_CURVE ( 'NONE', #2694, #898, #1469, .T. ) ;
#618 = VERTEX_POINT ( 'NONE', #3461 ) ;
#619 = DIRECTION ( 'NONE',  ( -1.000000000000000000, 4.625929269271486111E-15, 0.000000000000000000 ) ) ;
#620 = CIRCLE ( 'NONE', #3636, 3.000000000000002665 ) ;
#621 = EDGE_CURVE ( 'NONE', #862, #1133, #3407, .T. ) ;
#622 = CARTESIAN_POINT ( 'NONE',  ( -51.74500000000001876, 21.02520534502064109, 3.000000000000000000 ) ) ;
#623 = VECTOR ( 'NONE', #1184, 1000.000000000000000 ) ;
#624 = VERTEX_POINT ( 'NONE', #2875 ) ;
#625 = EDGE_CURVE ( 'NONE', #3266, #397, #1600, .T. ) ;
#626 = CARTESIAN_POINT ( 'NONE',  ( 11.25499999999999368, 31.79203768307636935, 0.000000000000000000 ) ) ;
#627 = FACE_OUTER_BOUND ( 'NONE', #1010, .T. ) ;
#628 = AXIS2_PLACEMENT_3D ( 'NONE', #1055, #2977, #3285 ) ;
#629 = VERTEX_POINT ( 'NONE', #973 ) ;
#630 = DIRECTION ( 'NONE',  ( -1.000000000000000000, 0.000000000000000000, 0.000000000000000000 ) ) ;
#631 = EDGE_CURVE ( 'NONE', #2664, #2200, #3569, .T. ) ;
#632 = CARTESIAN_POINT ( 'NONE',  ( -60.00500000000000966, -72.50000000000001421, 5.000000000000000000 ) ) ;
#633 = CIRCLE ( 'NONE', #1693, 3.000000000000001776 ) ;
#634 = AXIS2_PLACEMENT_3D ( 'NONE', #2809, #1882, #3391 ) ;
#635 = ORIENTED_EDGE ( 'NONE', *, *, #3177, .F. ) ;
#636 = VERTEX_POINT ( 'NONE', #1382 ) ;
#637 = CARTESIAN_POINT ( 'NONE',  ( -65.74500000000000455, -77.99999999999997158, 10.00000000000000000 ) ) ;
#638 = CARTESIAN_POINT ( 'NONE',  ( -51.74499999999999034, -27.38382217564813814, 2.949524853941365432 ) ) ;
#639 = CIRCLE ( 'NONE', #1569, 3.000000000000000888 ) ;
#640 = ORIENTED_EDGE ( 'NONE', *, *, #2525, .F. ) ;
#641 = CARTESIAN_POINT ( 'NONE',  ( 11.25499999999999723, 34.79203768307637290, 5.000000000000000000 ) ) ;
#642 = VECTOR ( 'NONE', #3529, 1000.000000000000000 ) ;
#643 = ORIENTED_EDGE ( 'NONE', *, *, #330, .F. ) ;
#644 = ADVANCED_FACE ( 'NONE', ( #3325, #467 ), #452, .T. ) ;
#645 = CARTESIAN_POINT ( 'NONE',  ( 6.994999999999993001, 44.99999999999995737, 0.000000000000000000 ) ) ;
#646 = ORIENTED_EDGE ( 'NONE', *, *, #820, .F. ) ;
#647 = EDGE_CURVE ( 'NONE', #3654, #3774, #342, .T. ) ;
#648 = VERTEX_POINT ( 'NONE', #130 ) ;
#649 = DIRECTION ( 'NONE',  ( 0.000000000000000000, 0.000000000000000000, -1.000000000000000000 ) ) ;
#650 = DIRECTION ( 'NONE',  ( 0.000000000000000000, 0.000000000000000000, 1.000000000000000000 ) ) ;
#651 = EDGE_CURVE ( 'NONE', #2427, #321, #1056, .T. ) ;
#652 = ORIENTED_EDGE ( 'NONE', *, *, #2257, .F. ) ;
#653 = DIRECTION ( 'NONE',  ( -0.000000000000000000, -1.000000000000000000, -0.000000000000000000 ) ) ;
#654 = ORIENTED_EDGE ( 'NONE', *, *, #337, .T. ) ;
#655 =( NAMED_UNIT ( * ) SI_UNIT ( $, .STERADIAN. ) SOLID_ANGLE_UNIT ( ) );
#656 = FACE_OUTER_BOUND ( 'NONE', #3070, .T. ) ;
#657 = ORIENTED_EDGE ( 'NONE', *, *, #3816, .T. ) ;
#658 = CARTESIAN_POINT ( 'NONE',  ( -52.53828962499051869, 22.86114967175884161, 2.000000000000000000 ) ) ;
#659 = LINE ( 'NONE', #1640, #2310 ) ;
#660 = CARTESIAN_POINT ( 'NONE',  ( -10.61499092853945925, -39.38838713590120477, 2.000000000000000000 ) ) ;
#661 = ORIENTED_EDGE ( 'NONE', *, *, #330, .T. ) ;
#662 = EDGE_LOOP ( 'NONE', ( #1681, #3140, #1143, #2313 ) ) ;
#663 = ADVANCED_FACE ( 'NONE', ( #2012 ), #411, .T. ) ;
#664 = DIRECTION ( 'NONE',  ( -0.000000000000000000, -0.000000000000000000, 1.000000000000000000 ) ) ;
#665 = VERTEX_POINT ( 'NONE', #3613 ) ;
#666 = PLANE ( 'NONE',  #2836 ) ;
#667 = DIRECTION ( 'NONE',  ( -1.000000000000000000, 0.000000000000000000, 0.000000000000000000 ) ) ;
#668 = AXIS2_PLACEMENT_3D ( 'NONE', #2071, #3081, #1819 ) ;
#669 = VERTEX_POINT ( 'NONE', #2689 ) ;
#670 = DIRECTION ( 'NONE',  ( 1.000000000000000000, 0.000000000000000000, 0.000000000000000000 ) ) ;
#671 = ORIENTED_EDGE ( 'NONE', *, *, #1909, .T. ) ;
#672 = LINE ( 'NONE', #42, #1967 ) ;
#673 = EDGE_CURVE ( 'NONE', #1335, #282, #355, .T. ) ;
#674 = DIRECTION ( 'NONE',  ( -1.000000000000000000, 0.000000000000000000, 0.000000000000000000 ) ) ;
#675 = LINE ( 'NONE', #952, #3044 ) ;
#676 = ORIENTED_EDGE ( 'NONE', *, *, #108, .F. ) ;
#677 = LINE ( 'NONE', #4129, #3759 ) ;
#678 = DIRECTION ( 'NONE',  ( -0.000000000000000000, -0.000000000000000000, 1.000000000000000000 ) ) ;
#679 = EDGE_CURVE ( 'NONE', #1806, #2235, #3286, .T. ) ;
#680 = LINE ( 'NONE', #1952, #2514 ) ;
#681 = CARTESIAN_POINT ( 'NONE',  ( -58.40499999999998693, -72.49999999999995737, 0.000000000000000000 ) ) ;
#682 = ORIENTED_EDGE ( 'NONE', *, *, #447, .T. ) ;
#683 = VECTOR ( 'NONE', #4095, 1000.000000000000000 ) ;
#684 = EDGE_LOOP ( 'NONE', ( #1966, #415, #3928, #3508 ) ) ;
#685 = EDGE_LOOP ( 'NONE', ( #2451, #2063, #1976, #867 ) ) ;
#686 = ORIENTED_EDGE ( 'NONE', *, *, #2531, .F. ) ;
#687 = VECTOR ( 'NONE', #2214, 1000.000000000000000 ) ;
#688 = CARTESIAN_POINT ( 'NONE',  ( -63.00500000000001677, -72.50000000000001421, 5.000000000000000000 ) ) ;
#689 = AXIS2_PLACEMENT_3D ( 'NONE', #1724, #424, #2968 ) ;
#690 = EDGE_CURVE ( 'NONE', #18, #1079, #2031, .T. ) ;
#691 = ORIENTED_EDGE ( 'NONE', *, *, #10, .T. ) ;
#692 = EDGE_LOOP ( 'NONE', ( #3119, #3847, #4091, #4029 ) ) ;
#693 = CARTESIAN_POINT ( 'NONE',  ( -60.98500000000000654, -60.99000000000001620, 5.000000000000000000 ) ) ;
#694 = ORIENTED_EDGE ( 'NONE', *, *, #1325, .T. ) ;
#695 = CARTESIAN_POINT ( 'NONE',  ( -52.53828962499068922, -25.15438010052512041, 2.000000000000000000 ) ) ;
#696 = VECTOR ( 'NONE', #1671, 1000.000000000000000 ) ;
#697 = DIRECTION ( 'NONE',  ( -1.000000000000000000, 0.000000000000000000, 0.000000000000000000 ) ) ;
#698 = AXIS2_PLACEMENT_3D ( 'NONE', #2496, #264, #2190 ) ;
#699 = EDGE_LOOP ( 'NONE', ( #1122, #1807, #1772, #2181 ) ) ;
#700 = LINE ( 'NONE', #2612, #2041 ) ;
#701 = EDGE_LOOP ( 'NONE', ( #3580, #1786, #3907, #793 ) ) ;
#702 = CARTESIAN_POINT ( 'NONE',  ( -65.74500000000000455, -77.99999999999997158, 10.00000000000000000 ) ) ;
#703 = CARTESIAN_POINT ( 'NONE',  ( 14.25499999999999723, -45.94761299932681453, 0.000000000000000000 ) ) ;
#704 = AXIS2_PLACEMENT_3D ( 'NONE', #3020, #1116, #119 ) ;
#705 = DIRECTION ( 'NONE',  ( -1.000000000000000000, 0.000000000000000000, 0.000000000000000000 ) ) ;
#706 = ADVANCED_FACE ( 'NONE', ( #735 ), #1146, .F. ) ;
#707 = DIRECTION ( 'NONE',  ( -1.000000000000000000, 0.000000000000000000, 0.000000000000000000 ) ) ;
#708 = CIRCLE ( 'NONE', #3803, 1.000000000000000000 ) ;
#709 = DIRECTION ( 'NONE',  ( -1.000000000000000000, 0.000000000000000000, 0.000000000000000000 ) ) ;
#710 = VERTEX_POINT ( 'NONE', #2610 ) ;
#711 = CARTESIAN_POINT ( 'NONE',  ( 0.000000000000000000, 0.000000000000000000, 3.000000000000000000 ) ) ;
#712 = APPLICATION_CONTEXT ( 'automotive_design' ) ;
#713 = ORIENTED_EDGE ( 'NONE', *, *, #2320, .T. ) ;
#714 = ORIENTED_EDGE ( 'NONE', *, *, #631, .T. ) ;
#715 = LINE ( 'NONE', #2030, #2516 ) ;
#716 = DIRECTION ( 'NONE',  ( 1.000000000000000000, -0.000000000000000000, -0.000000000000000000 ) ) ;
#717 = FACE_OUTER_BOUND ( 'NONE', #3558, .T. ) ;
#718 = EDGE_CURVE ( 'NONE', #69, #1042, #427, .T. ) ;
#719 = VERTEX_POINT ( 'NONE', #1033 ) ;
#720 = CARTESIAN_POINT ( 'NONE',  ( -53.52934526994632591, 13.65589906941674947, 2.000000000000000000 ) ) ;
#721 = ORIENTED_EDGE ( 'NONE', *, *, #2672, .F. ) ;
#722 = DIRECTION ( 'NONE',  ( -1.000000000000000000, 0.000000000000000000, 0.000000000000000000 ) ) ;
#723 = DIRECTION ( 'NONE',  ( 1.000000000000000000, 0.000000000000000000, 0.000000000000000000 ) ) ;
#724 = EDGE_CURVE ( 'NONE', #1474, #1048, #2315, .T. ) ;
#725 = VERTEX_POINT ( 'NONE', #1692 ) ;
#726 = FACE_OUTER_BOUND ( 'NONE', #350, .T. ) ;
#727 = ORIENTED_EDGE ( 'NONE', *, *, #2054, .T. ) ;
#728 = EDGE_CURVE ( 'NONE', #2186, #99, #3960, .T. ) ;
#729 = ORIENTED_EDGE ( 'NONE', *, *, #1896, .F. ) ;
#730 = ORIENTED_EDGE ( 'NONE', *, *, #3124, .F. ) ;
#731 = DIRECTION ( 'NONE',  ( -2.211964468540914624E-16, 1.000000000000000000, 0.000000000000000000 ) ) ;
#732 = ORIENTED_EDGE ( 'NONE', *, *, #864, .T. ) ;
#733 = ORIENTED_EDGE ( 'NONE', *, *, #4088, .T. ) ;
#734 = CARTESIAN_POINT ( 'NONE',  ( -60.00500000000022993, 79.50000000000009948, 0.000000000000000000 ) ) ;
#735 = FACE_OUTER_BOUND ( 'NONE', #1244, .T. ) ;
#736 = DIRECTION ( 'NONE',  ( 0.000000000000000000, 0.000000000000000000, -1.000000000000000000 ) ) ;
#737 = CYLINDRICAL_SURFACE ( 'NONE', #2372, 2.250000000000002220 ) ;
#738 = VECTOR ( 'NONE', #2322, 1000.000000000000000 ) ;
#739 = DIRECTION ( 'NONE',  ( -1.000000000000000000, 0.000000000000000000, 0.000000000000000000 ) ) ;
#740 = ADVANCED_FACE ( 'NONE', ( #758 ), #2788, .F. ) ;
#741 = EDGE_CURVE ( 'NONE', #2303, #218, #1844, .T. ) ;
#742 = ORIENTED_EDGE ( 'NONE', *, *, #1459, .F. ) ;
#743 = CARTESIAN_POINT ( 'NONE',  ( -54.53828962499061817, -25.15438010052512041, 3.000000000000000000 ) ) ;
#744 = PLANE ( 'NONE',  #1500 ) ;
#745 = CIRCLE ( 'NONE', #2883, 2.250000000000002220 ) ;
#746 = EDGE_CURVE ( 'NONE', #2045, #2504, #2890, .T. ) ;
#747 = FACE_OUTER_BOUND ( 'NONE', #1250, .T. ) ;
#748 = LINE ( 'NONE', #2077, #1471 ) ;
#749 = DIRECTION ( 'NONE',  ( -0.000000000000000000, -1.000000000000000000, -0.000000000000000000 ) ) ;
#750 = ADVANCED_FACE ( 'NONE', ( #2065 ), #147, .T. ) ;
#751 = CARTESIAN_POINT ( 'NONE',  ( -87.24499999999999034, 47.99999999999996447, 5.000000000000000000 ) ) ;
#752 = PLANE ( 'NONE',  #1215 ) ;
#753 = CIRCLE ( 'NONE', #3977, 2.250000000000001776 ) ;
#754 = VECTOR ( 'NONE', #731, 1000.000000000000000 ) ;
#755 = VERTEX_POINT ( 'NONE', #3674 ) ;
#756 = EDGE_CURVE ( 'NONE', #4123, #2535, #2021, .T. ) ;
#757 = DIRECTION ( 'NONE',  ( 0.000000000000000000, 0.000000000000000000, -1.000000000000000000 ) ) ;
#758 = FACE_OUTER_BOUND ( 'NONE', #3358, .T. ) ;
#759 = DIRECTION ( 'NONE',  ( 0.000000000000000000, -0.000000000000000000, 1.000000000000000000 ) ) ;
#760 = AXIS2_PLACEMENT_3D ( 'NONE', #1104, #749, #3970 ) ;
#761 = DIRECTION ( 'NONE',  ( 0.000000000000000000, 0.000000000000000000, 1.000000000000000000 ) ) ;
#762 = CIRCLE ( 'NONE', #2161, 3.000000000000009770 ) ;
#763 = DIRECTION ( 'NONE',  ( -2.211964468540914624E-16, 1.000000000000000000, 0.000000000000000000 ) ) ;
#764 = CARTESIAN_POINT ( 'NONE',  ( 0.000000000000000000, 0.000000000000000000, 5.000000000000000000 ) ) ;
#765 = CIRCLE ( 'NONE', #1293, 4.250000000000010658 ) ;
#766 = ORIENTED_EDGE ( 'NONE', *, *, #2378, .F. ) ;
#767 = ORIENTED_EDGE ( 'NONE', *, *, #2019, .F. ) ;
#768 = CARTESIAN_POINT ( 'NONE',  ( -60.93356069705324529, 75.35267857142858361, 5.000000000000000000 ) ) ;
#769 = CARTESIAN_POINT ( 'NONE',  ( -55.53828962499061817, -25.15438010052512041, 2.000000000000000000 ) ) ;
#770 = CIRCLE ( 'NONE', #3860, 3.000000000000001776 ) ;
#771 = EDGE_CURVE ( 'NONE', #878, #3710, #620, .T. ) ;
#772 = AXIS2_PLACEMENT_3D ( 'NONE', #587, #923, #2240 ) ;
#773 = DIRECTION ( 'NONE',  ( -0.000000000000000000, -0.000000000000000000, -1.000000000000000000 ) ) ;
#774 = ORIENTED_EDGE ( 'NONE', *, *, #1964, .F. ) ;
#775 = VERTEX_POINT ( 'NONE', #1485 ) ;
#776 = CARTESIAN_POINT ( 'NONE',  ( -60.00500000000000966, 72.49999999999995737, 0.000000000000000000 ) ) ;
#777 = CIRCLE ( 'NONE', #55, 1.999999999999932498 ) ;
#778 = ADVANCED_FACE ( 'NONE', ( #3693 ), #1794, .F. ) ;
#779 = VECTOR ( 'NONE', #854, 1000.000000000000000 ) ;
#780 = ORIENTED_EDGE ( 'NONE', *, *, #1378, .F. ) ;
#781 = CYLINDRICAL_SURFACE ( 'NONE', #294, 4.250000000000010658 ) ;
#782 = CARTESIAN_POINT ( 'NONE',  ( -51.74500000000001876, 25.75436441852100700, 2.136270881226836060 ) ) ;
#783 = EDGE_CURVE ( 'NONE', #3880, #2364, #485, .T. ) ;
#784 = CARTESIAN_POINT ( 'NONE',  ( -11.61499092853933668, -46.98838713590125593, 2.000000000000000000 ) ) ;
#785 = CARTESIAN_POINT ( 'NONE',  ( -51.74500000000000455, -30.94761299932681808, 3.000000000000000000 ) ) ;
#786 = LINE ( 'NONE', #3981, #4126 ) ;
#787 = ORIENTED_EDGE ( 'NONE', *, *, #4070, .T. ) ;
#788 = CARTESIAN_POINT ( 'NONE',  ( -56.02850656985351918, -77.99999999999997158, 10.00000000000000000 ) ) ;
#789 = EDGE_LOOP ( 'NONE', ( #986, #3394 ) ) ;
#790 = DIRECTION ( 'NONE',  ( 0.000000000000000000, 1.000000000000000000, 0.000000000000000000 ) ) ;
#791 = LINE ( 'NONE', #3318, #1421 ) ;
#792 = EDGE_LOOP ( 'NONE', ( #1359, #1959 ) ) ;
#793 = ORIENTED_EDGE ( 'NONE', *, *, #3695, .F. ) ;
#794 = EDGE_CURVE ( 'NONE', #3631, #3050, #3495, .T. ) ;
#795 = EDGE_CURVE ( 'NONE', #3239, #250, #217, .T. ) ;
#796 = ORIENTED_EDGE ( 'NONE', *, *, #4006, .T. ) ;
#797 = ORIENTED_EDGE ( 'NONE', *, *, #1614, .T. ) ;
#798 = FACE_OUTER_BOUND ( 'NONE', #46, .T. ) ;
#799 = CARTESIAN_POINT ( 'NONE',  ( -68.74499999999999034, 41.99999999999997868, 0.000000000000000000 ) ) ;
#800 = DIRECTION ( 'NONE',  ( -0.000000000000000000, -0.000000000000000000, -1.000000000000000000 ) ) ;
#801 = CARTESIAN_POINT ( 'NONE',  ( -56.49500000000001876, 60.97999999999998266, 5.000000000000000000 ) ) ;
#802 = CARTESIAN_POINT ( 'NONE',  ( -51.74500000000000455, 77.99999999999997158, 10.00000000000000000 ) ) ;
#803 = ORIENTED_EDGE ( 'NONE', *, *, #2205, .T. ) ;
#804 = CARTESIAN_POINT ( 'NONE',  ( -87.24499999999999034, 51.99999999999996447, 0.000000000000000000 ) ) ;
#805 = DIRECTION ( 'NONE',  ( 0.000000000000000000, -1.000000000000000000, 0.000000000000000000 ) ) ;
#806 = AXIS2_PLACEMENT_3D ( 'NONE', #2386, #1676, #722 ) ;
#807 = EDGE_CURVE ( 'NONE', #2904, #870, #1420, .T. ) ;
#808 = LINE ( 'NONE', #2057, #3378 ) ;
#809 = DIRECTION ( 'NONE',  ( 0.000000000000000000, 0.000000000000000000, -1.000000000000000000 ) ) ;
#810 = CARTESIAN_POINT ( 'NONE',  ( -53.52934526994632591, 8.598901098682526722, 0.000000000000000000 ) ) ;
#811 = ORIENTED_EDGE ( 'NONE', *, *, #2503, .F. ) ;
#812 = VERTEX_POINT ( 'NONE', #4076 ) ;
#813 = ORIENTED_EDGE ( 'NONE', *, *, #402, .F. ) ;
#814 = ORIENTED_EDGE ( 'NONE', *, *, #2430, .T. ) ;
#815 = AXIS2_PLACEMENT_3D ( 'NONE', #1525, #3138, #2245 ) ;
#816 = DIRECTION ( 'NONE',  ( -0.000000000000000000, -0.000000000000000000, -1.000000000000000000 ) ) ;
#817 = DIRECTION ( 'NONE',  ( 0.000000000000000000, 0.000000000000000000, 1.000000000000000000 ) ) ;
#818 = CARTESIAN_POINT ( 'NONE',  ( -84.24499999999999034, 54.99999999999996447, 5.000000000000000000 ) ) ;
#819 = AXIS2_PLACEMENT_3D ( 'NONE', #1505, #564, #4139 ) ;
#820 = EDGE_CURVE ( 'NONE', #3360, #3452, #2767, .T. ) ;
#821 = DIRECTION ( 'NONE',  ( 0.000000000000000000, 0.000000000000000000, -1.000000000000000000 ) ) ;
#822 = CARTESIAN_POINT ( 'NONE',  ( -51.74500000000001876, 19.96793492499667622, 3.000000000000000000 ) ) ;
#823 = AXIS2_PLACEMENT_3D ( 'NONE', #1785, #289, #4071 ) ;
#824 = DIRECTION ( 'NONE',  ( -1.000000000000000000, 0.000000000000000000, 0.000000000000000000 ) ) ;
#825 = ADVANCED_FACE ( 'NONE', ( #844 ), #1127, .F. ) ;
#826 = VECTOR ( 'NONE', #1969, 1000.000000000000000 ) ;
#827 = ORIENTED_EDGE ( 'NONE', *, *, #2457, .F. ) ;
#828 = DIRECTION ( 'NONE',  ( 0.000000000000000000, 0.000000000000000000, 1.000000000000000000 ) ) ;
#829 = DIRECTION ( 'NONE',  ( -1.000000000000000000, 0.000000000000000000, 0.000000000000000000 ) ) ;
#830 = LINE ( 'NONE', #2101, #1845 ) ;
#831 = DIRECTION ( 'NONE',  ( -0.000000000000000000, -0.000000000000000000, 1.000000000000000000 ) ) ;
#832 = AXIS2_PLACEMENT_3D ( 'NONE', #568, #1585, #3122 ) ;
#833 = EDGE_CURVE ( 'NONE', #2081, #4042, #1414, .T. ) ;
#834 = DIRECTION ( 'NONE',  ( 0.000000000000000000, 1.000000000000000000, 0.000000000000000000 ) ) ;
#835 = CARTESIAN_POINT ( 'NONE',  ( -3.640949020223452237, 48.88661684659246021, 5.000000000000000000 ) ) ;
#836 = VECTOR ( 'NONE', #2316, 1000.000000000000000 ) ;
#837 = VERTEX_POINT ( 'NONE', #173 ) ;
#838 = CARTESIAN_POINT ( 'NONE',  ( -15.93726924517893728, 42.26507572786680811, 3.000000000000000000 ) ) ;
#839 = CARTESIAN_POINT ( 'NONE',  ( -57.54723398003460488, 13.65589906941674769, 2.585786437626905077 ) ) ;
#840 = AXIS2_PLACEMENT_3D ( 'NONE', #1134, #4066, #3396 ) ;
#841 = VECTOR ( 'NONE', #940, 1000.000000000000000 ) ;
#842 = VERTEX_POINT ( 'NONE', #2088 ) ;
#843 = CYLINDRICAL_SURFACE ( 'NONE', #4118, 2.249999999999988010 ) ;
#844 = FACE_OUTER_BOUND ( 'NONE', #136, .T. ) ;
#845 = PLANE ( 'NONE',  #3451 ) ;
#846 = VECTOR ( 'NONE', #2814, 1000.000000000000000 ) ;
#847 = CARTESIAN_POINT ( 'NONE',  ( -65.74500000000000455, -66.99999999999997158, 10.00000000000000000 ) ) ;
#848 = VECTOR ( 'NONE', #488, 1000.000000000000000 ) ;
#849 = ADVANCED_FACE ( 'NONE', ( #3364, #510, #193, #4055, #1462, #2745, #4036, #1168, #865, #2217 ), #2179, .T. ) ;
#850 = CARTESIAN_POINT ( 'NONE',  ( 14.25499999999999723, -33.94761299932681453, 5.000000000000000000 ) ) ;
#851 = ORIENTED_EDGE ( 'NONE', *, *, #1592, .T. ) ;
#852 = ORIENTED_EDGE ( 'NONE', *, *, #2311, .F. ) ;
#853 = PLANE ( 'NONE',  #106 ) ;
#854 = DIRECTION ( 'NONE',  ( -6.033820786006292620E-16, -1.000000000000000000, 0.000000000000000000 ) ) ;
#855 = CARTESIAN_POINT ( 'NONE',  ( -65.74500000000000455, -75.00000000000000000, 10.00000000000000000 ) ) ;
#856 = DIRECTION ( 'NONE',  ( 0.000000000000000000, 0.000000000000000000, -1.000000000000000000 ) ) ;
#857 = ORIENTED_EDGE ( 'NONE', *, *, #592, .F. ) ;
#858 = ORIENTED_EDGE ( 'NONE', *, *, #679, .F. ) ;
#859 = ADVANCED_FACE ( 'NONE', ( #3808 ), #591, .F. ) ;
#860 = DIRECTION ( 'NONE',  ( -1.000000000000000000, 0.000000000000000000, 0.000000000000000000 ) ) ;
#861 = CARTESIAN_POINT ( 'NONE',  ( -65.74499999999999034, 57.99999999999998579, 5.000000000000000000 ) ) ;
#862 = VERTEX_POINT ( 'NONE', #3158 ) ;
#863 = CARTESIAN_POINT ( 'NONE',  ( -52.53828962499068922, -25.15438010052512041, 3.000000000000000000 ) ) ;
#864 = EDGE_CURVE ( 'NONE', #91, #1446, #3873, .T. ) ;
#865 = FACE_BOUND ( 'NONE', #1394, .T. ) ;
#866 = FACE_OUTER_BOUND ( 'NONE', #458, .T. ) ;
#867 = ORIENTED_EDGE ( 'NONE', *, *, #1755, .T. ) ;
#868 = DIRECTION ( 'NONE',  ( 0.000000000000000000, -0.000000000000000000, -1.000000000000000000 ) ) ;
#869 = DIRECTION ( 'NONE',  ( -0.000000000000000000, -0.000000000000000000, 1.000000000000000000 ) ) ;
#870 = VERTEX_POINT ( 'NONE', #36 ) ;
#871 = EDGE_CURVE ( 'NONE', #2616, #2593, #1265, .T. ) ;
#872 = LINE ( 'NONE', #1780, #508 ) ;
#873 = CARTESIAN_POINT ( 'NONE',  ( 0.000000000000000000, 0.000000000000000000, 10.00000000000000000 ) ) ;
#874 = FACE_OUTER_BOUND ( 'NONE', #1855, .T. ) ;
#875 = LINE ( 'NONE', #3817, #3365 ) ;
#876 = EDGE_CURVE ( 'NONE', #572, #3261, #2822, .T. ) ;
#877 = CARTESIAN_POINT ( 'NONE',  ( -31.52412065912967876, 32.14526759496442310, 3.000000000000000000 ) ) ;
#878 = VERTEX_POINT ( 'NONE', #3500 ) ;
#879 = VECTOR ( 'NONE', #2052, 1000.000000000000000 ) ;
#880 = ORIENTED_EDGE ( 'NONE', *, *, #3857, .F. ) ;
#881 = DIRECTION ( 'NONE',  ( -1.000000000000000000, 0.000000000000000000, 0.000000000000000000 ) ) ;
#882 = CIRCLE ( 'NONE', #1405, 3.000000000000002665 ) ;
#883 = DIRECTION ( 'NONE',  ( 1.000000000000000000, 0.000000000000000000, 0.000000000000000000 ) ) ;
#884 = CARTESIAN_POINT ( 'NONE',  ( -51.74499999999999744, -66.99999999999997158, 5.000000000000000000 ) ) ;
#885 = CARTESIAN_POINT ( 'NONE',  ( 0.004999999999994592104, 38.85999999999998522, 5.000000000000000000 ) ) ;
#886 = EDGE_CURVE ( 'NONE', #2368, #1009, #967, .T. ) ;
#887 = VERTEX_POINT ( 'NONE', #2561 ) ;
#888 = CARTESIAN_POINT ( 'NONE',  ( 11.25499999999999723, -30.94761299932681808, 5.000000000000000000 ) ) ;
#889 = CARTESIAN_POINT ( 'NONE',  ( -37.74521744568226467, 33.14526759496442310, 2.000000000000000000 ) ) ;
#890 = VECTOR ( 'NONE', #1567, 1000.000000000000000 ) ;
#891 = ORIENTED_EDGE ( 'NONE', *, *, #153, .T. ) ;
#892 = CARTESIAN_POINT ( 'NONE',  ( -63.88852080077450779, 77.77351044313806483, 10.00000000000000000 ) ) ;
#893 = FACE_OUTER_BOUND ( 'NONE', #2725, .T. ) ;
#894 = CARTESIAN_POINT ( 'NONE',  ( -51.74500000000000455, -48.94761299932681453, 0.000000000000000000 ) ) ;
#895 = CARTESIAN_POINT ( 'NONE',  ( -51.74500000000001876, 20.88930057231273096, 3.000000000000000444 ) ) ;
#896 = VECTOR ( 'NONE', #3606, 1000.000000000000000 ) ;
#897 = CARTESIAN_POINT ( 'NONE',  ( -37.33100388330917241, 32.73105403259133084, 3.000000000000000000 ) ) ;
#898 = VERTEX_POINT ( 'NONE', #3200 ) ;
#899 = VECTOR ( 'NONE', #3656, 1000.000000000000000 ) ;
#900 = CARTESIAN_POINT ( 'NONE',  ( -31.52412065912967876, 0.000000000000000000, 2.000000000000000000 ) ) ;
#901 = ADVANCED_FACE ( 'NONE', ( #3457 ), #1586, .F. ) ;
#902 = CARTESIAN_POINT ( 'NONE',  ( -65.74500000000000455, 66.99999999999997158, 10.00000000000000000 ) ) ;
#903 = EDGE_LOOP ( 'NONE', ( #2070, #11, #3649, #3545 ) ) ;
#904 = DIRECTION ( 'NONE',  ( -1.000000000000000000, 0.000000000000000000, 0.000000000000000000 ) ) ;
#905 = CARTESIAN_POINT ( 'NONE',  ( 0.000000000000000000, 0.000000000000000000, 0.000000000000000000 ) ) ;
#906 = VECTOR ( 'NONE', #1341, 1000.000000000000000 ) ;
#907 = ADVANCED_FACE ( 'NONE', ( #1249 ), #1230, .F. ) ;
#908 = CIRCLE ( 'NONE', #3242, 4.250000000000010658 ) ;
#909 = PLANE ( 'NONE',  #361 ) ;
#910 = ORIENTED_EDGE ( 'NONE', *, *, #3550, .T. ) ;
#911 = ORIENTED_EDGE ( 'NONE', *, *, #1099, .T. ) ;
#912 = DIRECTION ( 'NONE',  ( -1.000000000000000000, 0.000000000000000000, -0.000000000000000000 ) ) ;
#913 = EDGE_CURVE ( 'NONE', #33, #352, #2543, .T. ) ;
#914 = VECTOR ( 'NONE', #800, 1000.000000000000000 ) ;
#915 = EDGE_LOOP ( 'NONE', ( #814, #2344 ) ) ;
#916 = CARTESIAN_POINT ( 'NONE',  ( 9.994999999999995666, -45.00000000000000000, 5.000000000000000000 ) ) ;
#917 = AXIS2_PLACEMENT_3D ( 'NONE', #535, #670, #2474 ) ;
#918 = DIRECTION ( 'NONE',  ( -1.000000000000000000, 0.000000000000000000, 0.000000000000000000 ) ) ;
#919 = DIRECTION ( 'NONE',  ( 0.000000000000000000, 0.000000000000000000, -1.000000000000000000 ) ) ;
#920 = LINE ( 'NONE', #1139, #492 ) ;
#921 = DIRECTION ( 'NONE',  ( 0.000000000000000000, 0.000000000000000000, -1.000000000000000000 ) ) ;
#922 = ORIENTED_EDGE ( 'NONE', *, *, #1810, .F. ) ;
#923 = DIRECTION ( 'NONE',  ( 0.000000000000000000, 0.000000000000000000, 1.000000000000000000 ) ) ;
#924 = EDGE_CURVE ( 'NONE', #352, #3611, #753, .T. ) ;
#925 = EDGE_LOOP ( 'NONE', ( #2127, #1098, #1193, #1260 ) ) ;
#926 = DIRECTION ( 'NONE',  ( 0.000000000000000000, -1.000000000000000000, 0.000000000000000000 ) ) ;
#927 = DIRECTION ( 'NONE',  ( 0.000000000000000000, -1.000000000000000000, 0.000000000000000000 ) ) ;
#928 = DIRECTION ( 'NONE',  ( 0.000000000000000000, 0.000000000000000000, -1.000000000000000000 ) ) ;
#929 = EDGE_CURVE ( 'NONE', #572, #604, #1877, .T. ) ;
#930 = VERTEX_POINT ( 'NONE', #339 ) ;
#931 = ORIENTED_EDGE ( 'NONE', *, *, #2112, .T. ) ;
#932 = LINE ( 'NONE', #2202, #2009 ) ;
#933 = DIRECTION ( 'NONE',  ( 1.000000000000000000, 0.000000000000000000, 0.000000000000000000 ) ) ;
#934 = ORIENTED_EDGE ( 'NONE', *, *, #2549, .F. ) ;
#935 = ORIENTED_EDGE ( 'NONE', *, *, #268, .F. ) ;
#936 = FACE_OUTER_BOUND ( 'NONE', #1601, .T. ) ;
#937 = CARTESIAN_POINT ( 'NONE',  ( -51.74500000000001876, 20.18704162673644120, 2.628041422852472664 ) ) ;
#938 = DIRECTION ( 'NONE',  ( -0.000000000000000000, -0.000000000000000000, 1.000000000000000000 ) ) ;
#939 = EDGE_CURVE ( 'NONE', #2201, #1021, #1917, .T. ) ;
#940 = DIRECTION ( 'NONE',  ( -1.000000000000000000, -0.000000000000000000, -0.000000000000000000 ) ) ;
#941 = CIRCLE ( 'NONE', #1466, 3.000000000000002665 ) ;
#942 = CARTESIAN_POINT ( 'NONE',  ( -48.74500000000000455, -48.94761299932681453, 0.000000000000000000 ) ) ;
#943 = CARTESIAN_POINT ( 'NONE',  ( -51.74500000000001165, -22.39979071602368421, 2.516764120726393106 ) ) ;
#944 = AXIS2_PLACEMENT_3D ( 'NONE', #1776, #1848, #2425 ) ;
#945 = AXIS2_PLACEMENT_3D ( 'NONE', #3443, #3398, #3130 ) ;
#946 = LINE ( 'NONE', #1291, #149 ) ;
#947 = DIRECTION ( 'NONE',  ( 1.000000000000000000, 0.000000000000000000, 0.000000000000000000 ) ) ;
#948 = EDGE_LOOP ( 'NONE', ( #1045, #2335, #367, #1288 ) ) ;
#949 = DIRECTION ( 'NONE',  ( -1.000000000000000000, 0.000000000000000000, 0.000000000000000000 ) ) ;
#950 = EDGE_CURVE ( 'NONE', #18, #3213, #3153, .T. ) ;
#951 = VERTEX_POINT ( 'NONE', #3823 ) ;
#952 = CARTESIAN_POINT ( 'NONE',  ( 8.394999999999997797, -45.00000000000000000, 5.000000000000000000 ) ) ;
#953 = AXIS2_PLACEMENT_3D ( 'NONE', #275, #3521, #3477 ) ;
#954 = DIRECTION ( 'NONE',  ( 1.000000000000000000, -9.682177540335664981E-16, -0.000000000000000000 ) ) ;
#955 = EDGE_CURVE ( 'NONE', #1005, #1263, #946, .T. ) ;
#956 = PRODUCT ( 'main board holder', 'main board holder', '', ( #2599 ) ) ;
#957 = CIRCLE ( 'NONE', #2084, 2.250000000000001776 ) ;
#958 = CARTESIAN_POINT ( 'NONE',  ( -51.74500000000000455, -27.94761299932681808, 0.000000000000000000 ) ) ;
#959 = ORIENTED_EDGE ( 'NONE', *, *, #1763, .T. ) ;
#960 = CARTESIAN_POINT ( 'NONE',  ( -51.74500000000001876, 45.26507572786680811, 0.000000000000000000 ) ) ;
#961 = LINE ( 'NONE', #681, #4033 ) ;
#962 = DIRECTION ( 'NONE',  ( 0.000000000000000000, 0.000000000000000000, -1.000000000000000000 ) ) ;
#963 = EDGE_CURVE ( 'NONE', #436, #2618, #2585, .T. ) ;
#964 = AXIS2_PLACEMENT_3D ( 'NONE', #734, #1011, #3590 ) ;
#965 = ORIENTED_EDGE ( 'NONE', *, *, #3777, .F. ) ;
#966 = CARTESIAN_POINT ( 'NONE',  ( -48.74500000000001876, 28.79203768307636935, 0.000000000000000000 ) ) ;
#967 = LINE ( 'NONE', #1604, #2957 ) ;
#968 = VECTOR ( 'NONE', #954, 1000.000000000000000 ) ;
#969 = ORIENTED_EDGE ( 'NONE', *, *, #2889, .T. ) ;
#970 = AXIS2_PLACEMENT_3D ( 'NONE', #1465, #154, #493 ) ;
#971 = EDGE_LOOP ( 'NONE', ( #3201, #3583 ) ) ;
#972 = DIRECTION ( 'NONE',  ( 9.682177540335664981E-16, 1.000000000000000000, -0.000000000000000000 ) ) ;
#973 = CARTESIAN_POINT ( 'NONE',  ( -51.74500000000001876, 45.26507572786680811, 5.000000000000000000 ) ) ;
#974 = DIRECTION ( 'NONE',  ( -0.000000000000000000, -0.000000000000000000, -1.000000000000000000 ) ) ;
#975 = ORIENTED_EDGE ( 'NONE', *, *, #3309, .T. ) ;
#976 = DIRECTION ( 'NONE',  ( -1.000000000000000000, 0.000000000000000000, 0.000000000000000000 ) ) ;
#977 = ORIENTED_EDGE ( 'NONE', *, *, #2718, .T. ) ;
#978 = AXIS2_PLACEMENT_3D ( 'NONE', #1578, #597, #1867 ) ;
#979 = CARTESIAN_POINT ( 'NONE',  ( -53.52934526994632591, 13.65589906941674947, 2.000000000000000000 ) ) ;
#980 = DIRECTION ( 'NONE',  ( -1.000000000000000000, 0.000000000000000000, -0.000000000000000000 ) ) ;
#981 = CIRCLE ( 'NONE', #1170, 3.000000000000002665 ) ;
#982 = DIRECTION ( 'NONE',  ( 1.000000000000000000, -0.000000000000000000, 0.000000000000000000 ) ) ;
#983 = ORIENTED_EDGE ( 'NONE', *, *, #985, .F. ) ;
#984 = ORIENTED_EDGE ( 'NONE', *, *, #1839, .F. ) ;
#985 = EDGE_CURVE ( 'NONE', #2099, #1911, #3123, .T. ) ;
#986 = ORIENTED_EDGE ( 'NONE', *, *, #1112, .F. ) ;
#987 = LINE ( 'NONE', #3822, #2709 ) ;
#988 = CARTESIAN_POINT ( 'NONE',  ( -58.73499999999999943, -60.99000000000001620, 0.000000000000000000 ) ) ;
#989 = VERTEX_POINT ( 'NONE', #3780 ) ;
#990 = EDGE_CURVE ( 'NONE', #3519, #3915, #3216, .T. ) ;
#991 = VERTEX_POINT ( 'NONE', #2992 ) ;
#992 = CARTESIAN_POINT ( 'NONE',  ( -65.74499999999999034, -55.00000000000002842, 5.000000000000000000 ) ) ;
#993 =( LENGTH_UNIT ( ) NAMED_UNIT ( * ) SI_UNIT ( .MILLI., .METRE. ) );
#994 = CARTESIAN_POINT ( 'NONE',  ( -68.74499999999999034, 44.99999999999998579, 0.000000000000000000 ) ) ;
#995 = ORIENTED_EDGE ( 'NONE', *, *, #3536, .F. ) ;
#996 = DIRECTION ( 'NONE',  ( 0.000000000000000000, 0.000000000000000000, -1.000000000000000000 ) ) ;
#997 = DIRECTION ( 'NONE',  ( -1.000000000000000000, 0.000000000000000000, 0.000000000000000000 ) ) ;
#998 = DIRECTION ( 'NONE',  ( -0.000000000000000000, -0.000000000000000000, 1.000000000000000000 ) ) ;
#999 = VERTEX_POINT ( 'NONE', #3563 ) ;
#1000 = ORIENTED_EDGE ( 'NONE', *, *, #647, .F. ) ;
#1001 = EDGE_CURVE ( 'NONE', #3464, #1863, #3956, .T. ) ;
#1002 = DIRECTION ( 'NONE',  ( 0.000000000000000000, 0.000000000000000000, -1.000000000000000000 ) ) ;
#1003 = ORIENTED_EDGE ( 'NONE', *, *, #3196, .F. ) ;
#1004 = ORIENTED_EDGE ( 'NONE', *, *, #3984, .T. ) ;
#1005 = VERTEX_POINT ( 'NONE', #1962 ) ;
#1006 = CARTESIAN_POINT ( 'NONE',  ( -84.24499999999999034, 54.99999999999996447, 0.000000000000000000 ) ) ;
#1007 = CARTESIAN_POINT ( 'NONE',  ( -48.74500000000001876, 28.79203768307636935, 5.000000000000000000 ) ) ;
#1008 = CIRCLE ( 'NONE', #2419, 2.250000000000001776 ) ;
#1009 = VERTEX_POINT ( 'NONE', #73 ) ;
#1010 = EDGE_LOOP ( 'NONE', ( #354, #2853, #3561, #1320 ) ) ;
#1011 = DIRECTION ( 'NONE',  ( 0.000000000000000000, 0.000000000000000000, 1.000000000000000000 ) ) ;
#1012 = ORIENTED_EDGE ( 'NONE', *, *, #1755, .F. ) ;
#1013 = CARTESIAN_POINT ( 'NONE',  ( -65.74499999999999034, 54.99999999999998579, 0.000000000000000000 ) ) ;
#1014 = CARTESIAN_POINT ( 'NONE',  ( -19.62448257959728437, 39.80894216826092702, 2.585786437626905077 ) ) ;
#1015 = ADVANCED_FACE ( 'NONE', ( #3241 ), #1396, .F. ) ;
#1016 = ORIENTED_EDGE ( 'NONE', *, *, #1965, .F. ) ;
#1017 = CARTESIAN_POINT ( 'NONE',  ( -36.74521744568226467, 0.000000000000000000, 3.000000000000000000 ) ) ;
#1018 = CARTESIAN_POINT ( 'NONE',  ( -51.74500000000001876, -66.99999999999997158, 10.00000000000000000 ) ) ;
#1019 = LINE ( 'NONE', #1891, #3641 ) ;
#1020 = CARTESIAN_POINT ( 'NONE',  ( 0.004999999999994592104, 38.85999999999998522, 5.000000000000000000 ) ) ;
#1021 = VERTEX_POINT ( 'NONE', #363 ) ;
#1022 = VERTEX_POINT ( 'NONE', #2285 ) ;
#1023 = AXIS2_PLACEMENT_3D ( 'NONE', #3683, #2720, #3458 ) ;
#1024 = ORIENTED_EDGE ( 'NONE', *, *, #3605, .T. ) ;
#1025 = AXIS2_PLACEMENT_3D ( 'NONE', #1392, #3968, #1082 ) ;
#1026 = ADVANCED_FACE ( 'NONE', ( #3651 ), #2006, .F. ) ;
#1027 = SPHERICAL_SURFACE ( 'NONE', #3699, 1.000000000000000000 ) ;
#1028 = VECTOR ( 'NONE', #2688, 1000.000000000000000 ) ;
#1029 = ORIENTED_EDGE ( 'NONE', *, *, #3459, .F. ) ;
#1030 = ORIENTED_EDGE ( 'NONE', *, *, #647, .T. ) ;
#1031 = DIRECTION ( 'NONE',  ( -1.000000000000000000, 0.000000000000000000, 0.000000000000000000 ) ) ;
#1032 = ADVANCED_FACE ( 'NONE', ( #393 ), #1630, .F. ) ;
#1033 = CARTESIAN_POINT ( 'NONE',  ( -65.74500000000000455, -75.00000000000000000, 0.000000000000000000 ) ) ;
#1034 = CARTESIAN_POINT ( 'NONE',  ( -19.62448257959728437, 39.80894216826094123, 2.000000000000000000 ) ) ;
#1035 = VECTOR ( 'NONE', #1860, 1000.000000000000000 ) ;
#1036 = ORIENTED_EDGE ( 'NONE', *, *, #2091, .T. ) ;
#1037 = DIRECTION ( 'NONE',  ( 0.000000000000000000, 1.000000000000000000, 0.000000000000000000 ) ) ;
#1038 = ORIENTED_EDGE ( 'NONE', *, *, #3595, .T. ) ;
#1039 = CARTESIAN_POINT ( 'NONE',  ( -56.49500000000001876, 60.97999999999998266, 5.000000000000000000 ) ) ;
#1040 = VERTEX_POINT ( 'NONE', #2626 ) ;
#1041 = DIRECTION ( 'NONE',  ( -1.000000000000000000, 0.000000000000000000, 0.000000000000000000 ) ) ;
#1042 = VERTEX_POINT ( 'NONE', #688 ) ;
#1043 = CIRCLE ( 'NONE', #2975, 3.000000000000002665 ) ;
#1044 = LINE ( 'NONE', #2023, #2067 ) ;
#1045 = ORIENTED_EDGE ( 'NONE', *, *, #600, .F. ) ;
#1046 = CIRCLE ( 'NONE', #4133, 2.249999999999988010 ) ;
#1047 = VECTOR ( 'NONE', #1487, 1000.000000000000000 ) ;
#1048 = VERTEX_POINT ( 'NONE', #3972 ) ;
#1049 = DIRECTION ( 'NONE',  ( 1.000000000000000000, 0.000000000000000000, 0.000000000000000000 ) ) ;
#1050 = DIRECTION ( 'NONE',  ( 0.000000000000000000, -0.000000000000000000, -1.000000000000000000 ) ) ;
#1051 = ADVANCED_FACE ( 'NONE', ( #58 ), #2665, .F. ) ;
#1052 = ADVANCED_FACE ( 'NONE', ( #426 ), #1027, .F. ) ;
#1053 = ORIENTED_EDGE ( 'NONE', *, *, #420, .F. ) ;
#1054 = ORIENTED_EDGE ( 'NONE', *, *, #1641, .F. ) ;
#1055 = CARTESIAN_POINT ( 'NONE',  ( -52.53828962499051869, 22.86114967175884161, 3.000000000000000000 ) ) ;
#1056 = LINE ( 'NONE', #3591, #4093 ) ;
#1057 = CARTESIAN_POINT ( 'NONE',  ( 12.99499999999999567, 44.99999999999995737, 2.000000000000000000 ) ) ;
#1058 = ADVANCED_FACE ( 'NONE', ( #2605 ), #2309, .F. ) ;
#1059 = DIRECTION ( 'NONE',  ( 1.000000000000000000, 0.000000000000000000, 0.000000000000000000 ) ) ;
#1060 = DIRECTION ( 'NONE',  ( -1.000000000000000000, -2.211964468540914624E-16, 0.000000000000000000 ) ) ;
#1061 = DIRECTION ( 'NONE',  ( 0.000000000000000000, 0.000000000000000000, -1.000000000000000000 ) ) ;
#1062 = DIRECTION ( 'NONE',  ( -0.000000000000000000, -0.000000000000000000, 1.000000000000000000 ) ) ;
#1063 = DIRECTION ( 'NONE',  ( -1.000000000000000000, 0.000000000000000000, 0.000000000000000000 ) ) ;
#1064 = ORIENTED_EDGE ( 'NONE', *, *, #2154, .T. ) ;
#1065 = ADVANCED_FACE ( 'NONE', ( #2376 ), #1356, .F. ) ;
#1066 = FACE_OUTER_BOUND ( 'NONE', #517, .T. ) ;
#1067 = CARTESIAN_POINT ( 'NONE',  ( -51.74500000000001876, 31.79203768307636935, 5.000000000000000000 ) ) ;
#1068 = CARTESIAN_POINT ( 'NONE',  ( -10.61499092853951431, -46.98838713590125593, 2.000000000000000000 ) ) ;
#1069 = VERTEX_POINT ( 'NONE', #1686 ) ;
#1070 = ORIENTED_EDGE ( 'NONE', *, *, #2130, .F. ) ;
#1071 = CARTESIAN_POINT ( 'NONE',  ( -30.52412065912967876, 31.79203768307636935, 2.000000000000000000 ) ) ;
#1072 = DIRECTION ( 'NONE',  ( 0.000000000000000000, 0.000000000000000000, -1.000000000000000000 ) ) ;
#1073 = DIRECTION ( 'NONE',  ( -0.000000000000000000, -0.000000000000000000, 1.000000000000000000 ) ) ;
#1074 = AXIS2_PLACEMENT_3D ( 'NONE', #1130, #2770, #868 ) ;
#1075 = CARTESIAN_POINT ( 'NONE',  ( 6.994999999999993001, -45.00000000000000000, 0.000000000000000000 ) ) ;
#1076 = DIRECTION ( 'NONE',  ( -0.000000000000000000, -0.000000000000000000, 1.000000000000000000 ) ) ;
#1077 = ADVANCED_FACE ( 'NONE', ( #2933 ), #752, .T. ) ;
#1078 = DIRECTION ( 'NONE',  ( 1.261617073437678443E-15, 1.000000000000000000, -0.000000000000000000 ) ) ;
#1079 = VERTEX_POINT ( 'NONE', #2027 ) ;
#1080 = FACE_OUTER_BOUND ( 'NONE', #3876, .T. ) ;
#1081 = EDGE_CURVE ( 'NONE', #1372, #4072, #1938, .T. ) ;
#1082 = DIRECTION ( 'NONE',  ( 1.000000000000000000, 0.000000000000000000, 0.000000000000000000 ) ) ;
#1083 = FACE_OUTER_BOUND ( 'NONE', #692, .T. ) ;
#1084 = ORIENTED_EDGE ( 'NONE', *, *, #2182, .T. ) ;
#1085 = ORIENTED_EDGE ( 'NONE', *, *, #1778, .F. ) ;
#1086 = EDGE_CURVE ( 'NONE', #3518, #2563, #2971, .T. ) ;
#1087 = AXIS2_PLACEMENT_3D ( 'NONE', #1111, #3343, #3035 ) ;
#1088 = AXIS2_PLACEMENT_3D ( 'NONE', #252, #293, #210 ) ;
#1089 = CARTESIAN_POINT ( 'NONE',  ( 8.394999999999997797, 44.99999999999995737, 5.000000000000000000 ) ) ;
#1090 = CARTESIAN_POINT ( 'NONE',  ( -51.74500000000001165, 24.83308146576365871, 3.000000000000000000 ) ) ;
#1091 = VECTOR ( 'NONE', #1181, 1000.000000000000000 ) ;
#1092 = DIRECTION ( 'NONE',  ( 0.000000000000000000, 0.000000000000000000, 1.000000000000000000 ) ) ;
#1093 = VECTOR ( 'NONE', #982, 1000.000000000000000 ) ;
#1094 = CARTESIAN_POINT ( 'NONE',  ( -51.74334855732300298, -28.04714153191467929, 2.000000000000000000 ) ) ;
#1095 = CARTESIAN_POINT ( 'NONE',  ( -16.80526902665150146, 38.17829041169851934, 3.000000000000000000 ) ) ;
#1096 = AXIS2_PLACEMENT_3D ( 'NONE', #2826, #2542, #630 ) ;
#1097 = EDGE_CURVE ( 'NONE', #3337, #755, #2497, .T. ) ;
#1098 = ORIENTED_EDGE ( 'NONE', *, *, #3332, .F. ) ;
#1099 = EDGE_CURVE ( 'NONE', #3262, #428, #3703, .T. ) ;
#1100 = DIRECTION ( 'NONE',  ( 0.000000000000000000, 0.000000000000000000, -1.000000000000000000 ) ) ;
#1101 = CARTESIAN_POINT ( 'NONE',  ( 8.394999999999997797, 44.99999999999995737, 2.000000000000000000 ) ) ;
#1102 = AXIS2_PLACEMENT_3D ( 'NONE', #2118, #869, #3437 ) ;
#1103 = CIRCLE ( 'NONE', #170, 3.000000000000009770 ) ;
#1104 = CARTESIAN_POINT ( 'NONE',  ( -10.61499092853951431, -46.98838713590125593, 2.000000000000000000 ) ) ;
#1105 = ORIENTED_EDGE ( 'NONE', *, *, #2889, .F. ) ;
#1106 = LINE ( 'NONE', #1744, #1352 ) ;
#1107 = AXIS2_PLACEMENT_3D ( 'NONE', #548, #2467, #3740 ) ;
#1108 = AXIS2_PLACEMENT_3D ( 'NONE', #3903, #2236, #184 ) ;
#1109 = EDGE_LOOP ( 'NONE', ( #4010, #3714 ) ) ;
#1110 = CARTESIAN_POINT ( 'NONE',  ( -65.74499999999999034, 41.99999999999997868, 0.000000000000000000 ) ) ;
#1111 = CARTESIAN_POINT ( 'NONE',  ( -84.24499999999999034, -48.00000000000000711, 5.000000000000000000 ) ) ;
#1112 = EDGE_CURVE ( 'NONE', #406, #999, #3096, .T. ) ;
#1113 = CARTESIAN_POINT ( 'NONE',  ( -61.60500000000000398, 72.49999999999995737, 5.000000000000000000 ) ) ;
#1114 = ORIENTED_EDGE ( 'NONE', *, *, #1914, .F. ) ;
#1115 = CARTESIAN_POINT ( 'NONE',  ( -2.255000000000007443, -38.86000000000001364, 5.000000000000000000 ) ) ;
#1116 = DIRECTION ( 'NONE',  ( -0.000000000000000000, -0.000000000000000000, 1.000000000000000000 ) ) ;
#1117 = ORIENTED_EDGE ( 'NONE', *, *, #1160, .T. ) ;
#1118 = CARTESIAN_POINT ( 'NONE',  ( -16.39105546427840565, 37.76407684932541997, 2.000000000000000000 ) ) ;
#1119 = DIRECTION ( 'NONE',  ( 1.000000000000000000, 0.000000000000000000, 0.000000000000000000 ) ) ;
#1120 = CARTESIAN_POINT ( 'NONE',  ( -65.74499999999999034, 57.99999999999998579, 5.000000000000000000 ) ) ;
#1121 = DIRECTION ( 'NONE',  ( -1.000000000000000000, 0.000000000000000000, 0.000000000000000000 ) ) ;
#1122 = ORIENTED_EDGE ( 'NONE', *, *, #2838, .T. ) ;
#1123 = EDGE_CURVE ( 'NONE', #951, #1913, #1619, .T. ) ;
#1124 = VERTEX_POINT ( 'NONE', #3989 ) ;
#1125 = EDGE_LOOP ( 'NONE', ( #1956, #787, #553, #3033 ) ) ;
#1126 = CARTESIAN_POINT ( 'NONE',  ( 9.994999999999995666, 44.99999999999995737, 5.000000000000000000 ) ) ;
#1127 = CYLINDRICAL_SURFACE ( 'NONE', #1482, 2.250000000000002220 ) ;
#1128 = EDGE_CURVE ( 'NONE', #609, #3610, #2482, .T. ) ;
#1129 = CARTESIAN_POINT ( 'NONE',  ( -48.74500000000000455, -30.94761299932681808, 5.000000000000000000 ) ) ;
#1130 = CARTESIAN_POINT ( 'NONE',  ( -22.14407308639565386, 39.80894216826094123, 3.000000000000000000 ) ) ;
#1131 = DIRECTION ( 'NONE',  ( -0.000000000000000000, -0.000000000000000000, 1.000000000000000000 ) ) ;
#1132 = EDGE_CURVE ( 'NONE', #2609, #2904, #3980, .T. ) ;
#1133 = VERTEX_POINT ( 'NONE', #3361 ) ;
#1134 = CARTESIAN_POINT ( 'NONE',  ( -22.14407308639565386, 39.80894216826094123, 3.000000000000000000 ) ) ;
#1135 = LINE ( 'NONE', #3702, #90 ) ;
#1136 = AXIS2_PLACEMENT_3D ( 'NONE', #1210, #2731, #1173 ) ;
#1137 = CARTESIAN_POINT ( 'NONE',  ( -58.73499999999999943, -60.99000000000001620, 5.000000000000000000 ) ) ;
#1138 = CYLINDRICAL_SURFACE ( 'NONE', #1603, 3.000000000000002665 ) ;
#1139 = CARTESIAN_POINT ( 'NONE',  ( -51.74500000000000455, -48.94761299932681453, 5.000000000000000000 ) ) ;
#1140 = FACE_OUTER_BOUND ( 'NONE', #1842, .T. ) ;
#1141 = ORIENTED_EDGE ( 'NONE', *, *, #1459, .T. ) ;
#1142 = EDGE_LOOP ( 'NONE', ( #3412, #1424, #3258, #341 ) ) ;
#1143 = ORIENTED_EDGE ( 'NONE', *, *, #1364, .T. ) ;
#1144 = DIRECTION ( 'NONE',  ( -1.000000000000000000, 1.156482317317897166E-15, 0.000000000000000000 ) ) ;
#1145 = EDGE_CURVE ( 'NONE', #1079, #3858, #1770, .T. ) ;
#1146 = TOROIDAL_SURFACE ( 'NONE', #2151, 1.999999999999935829, 1.000000000000000000 ) ;
#1147 = DIRECTION ( 'NONE',  ( 1.000000000000000000, 0.000000000000000000, 0.000000000000000000 ) ) ;
#1148 = CIRCLE ( 'NONE', #1023, 1.599999999999997202 ) ;
#1149 = LINE ( 'NONE', #2447, #3865 ) ;
#1150 = PLANE ( 'NONE',  #418 ) ;
#1151 = CIRCLE ( 'NONE', #224, 3.000000000000001776 ) ;
#1152 = CARTESIAN_POINT ( 'NONE',  ( -65.74499999999999034, -45.00000000000002842, 0.000000000000000000 ) ) ;
#1153 = CIRCLE ( 'NONE', #2574, 2.999999999999999112 ) ;
#1154 = EDGE_LOOP ( 'NONE', ( #1624, #1664, #3, #1625 ) ) ;
#1155 = PLANE ( 'NONE',  #3173 ) ;
#1156 = PLANE ( 'NONE',  #4067 ) ;
#1157 = CARTESIAN_POINT ( 'NONE',  ( 9.994999999999995666, 44.99999999999995737, 0.000000000000000000 ) ) ;
#1158 = CIRCLE ( 'NONE', #1498, 3.000000000000002665 ) ;
#1159 = CARTESIAN_POINT ( 'NONE',  ( -51.74500000000000455, -51.94761299932682164, 5.000000000000000000 ) ) ;
#1160 = EDGE_CURVE ( 'NONE', #56, #3266, #1106, .T. ) ;
#1161 = ORIENTED_EDGE ( 'NONE', *, *, #464, .F. ) ;
#1162 = CARTESIAN_POINT ( 'NONE',  ( 2.244999999999997442, -38.86000000000001364, 5.000000000000000000 ) ) ;
#1163 = CARTESIAN_POINT ( 'NONE',  ( -0.005000000000005000445, -38.86000000000001364, 5.000000000000000000 ) ) ;
#1164 = AXIS2_PLACEMENT_3D ( 'NONE', #3635, #3287, #3940 ) ;
#1165 = AXIS2_PLACEMENT_3D ( 'NONE', #3978, #132, #739 ) ;
#1166 = ORIENTED_EDGE ( 'NONE', *, *, #3297, .F. ) ;
#1167 = CYLINDRICAL_SURFACE ( 'NONE', #435, 1.000000000000000000 ) ;
#1168 = FACE_BOUND ( 'NONE', #915, .T. ) ;
#1169 = EDGE_CURVE ( 'NONE', #4009, #3519, #2752, .T. ) ;
#1170 = AXIS2_PLACEMENT_3D ( 'NONE', #2164, #2872, #16 ) ;
#1171 = DIRECTION ( 'NONE',  ( -1.000000000000000000, 0.000000000000000000, -0.000000000000000000 ) ) ;
#1172 = EDGE_LOOP ( 'NONE', ( #1974, #1577, #3359, #1294 ) ) ;
#1173 = DIRECTION ( 'NONE',  ( -1.000000000000000000, 0.000000000000000000, 0.000000000000000000 ) ) ;
#1174 = CYLINDRICAL_SURFACE ( 'NONE', #1102, 1.599999999999997202 ) ;
#1175 = EDGE_CURVE ( 'NONE', #3610, #395, #2398, .T. ) ;
#1176 = ORIENTED_EDGE ( 'NONE', *, *, #621, .T. ) ;
#1177 = CARTESIAN_POINT ( 'NONE',  ( -48.74500000000000455, -51.94761299932682164, 5.000000000000000000 ) ) ;
#1178 = CARTESIAN_POINT ( 'NONE',  ( -65.74499999999999034, -55.00000000000002842, 5.000000000000000000 ) ) ;
#1179 = CARTESIAN_POINT ( 'NONE',  ( -48.74500000000000455, -48.94761299932681453, 5.000000000000000000 ) ) ;
#1180 = LINE ( 'NONE', #1217, #1631 ) ;
#1181 = DIRECTION ( 'NONE',  ( -0.000000000000000000, -0.000000000000000000, 1.000000000000000000 ) ) ;
#1182 = ORIENTED_EDGE ( 'NONE', *, *, #625, .T. ) ;
#1183 = PLANE ( 'NONE',  #2039 ) ;
#1184 = DIRECTION ( 'NONE',  ( -0.000000000000000000, -0.000000000000000000, -1.000000000000000000 ) ) ;
#1185 = ADVANCED_FACE ( 'NONE', ( #1789 ), #909, .F. ) ;
#1186 = ORIENTED_EDGE ( 'NONE', *, *, #1128, .T. ) ;
#1187 = CARTESIAN_POINT ( 'NONE',  ( -60.99499999999999034, 60.97999999999998266, 5.000000000000000000 ) ) ;
#1188 = DIRECTION ( 'NONE',  ( -1.000000000000000000, 0.000000000000000000, 0.000000000000000000 ) ) ;
#1189 = DIRECTION ( 'NONE',  ( 1.000000000000000000, 0.000000000000000000, 0.000000000000000000 ) ) ;
#1190 = ORIENTED_EDGE ( 'NONE', *, *, #2457, .T. ) ;
#1191 = DIRECTION ( 'NONE',  ( 0.000000000000000000, 0.000000000000000000, -1.000000000000000000 ) ) ;
#1192 = DIRECTION ( 'NONE',  ( -1.000000000000000000, 9.682177540335664981E-16, -0.000000000000000000 ) ) ;
#1193 = ORIENTED_EDGE ( 'NONE', *, *, #2819, .F. ) ;
#1194 = FACE_OUTER_BOUND ( 'NONE', #2327, .T. ) ;
#1195 = EDGE_CURVE ( 'NONE', #3700, #3211, #2825, .T. ) ;
#1196 = LINE ( 'NONE', #2796, #111 ) ;
#1197 = CARTESIAN_POINT ( 'NONE',  ( -48.74500000000001876, 28.79203768307636935, 5.000000000000000000 ) ) ;
#1198 = DIRECTION ( 'NONE',  ( -1.000000000000000000, 0.000000000000000000, 0.000000000000000000 ) ) ;
#1199 = AXIS2_PLACEMENT_3D ( 'NONE', #19, #1272, #2565 ) ;
#1200 = EDGE_CURVE ( 'NONE', #1251, #92, #1148, .T. ) ;
#1201 = ORIENTED_EDGE ( 'NONE', *, *, #3724, .T. ) ;
#1202 = FACE_OUTER_BOUND ( 'NONE', #1943, .T. ) ;
#1203 = LINE ( 'NONE', #4112, #2896 ) ;
#1204 = ADVANCED_FACE ( 'NONE', ( #1737 ), #497, .F. ) ;
#1205 = VERTEX_POINT ( 'NONE', #1879 ) ;
#1206 = CARTESIAN_POINT ( 'NONE',  ( -51.74500000000000455, -23.31843577378699806, 3.000000000000000000 ) ) ;
#1207 = CARTESIAN_POINT ( 'NONE',  ( 0.000000000000000000, 40.80894216826094123, 3.000000000000000000 ) ) ;
#1208 = VERTEX_POINT ( 'NONE', #1448 ) ;
#1209 = ORIENTED_EDGE ( 'NONE', *, *, #3370, .F. ) ;
#1210 = CARTESIAN_POINT ( 'NONE',  ( -10.61499092853951431, -46.98838713590125593, 2.000000000000000000 ) ) ;
#1211 = DIRECTION ( 'NONE',  ( -1.000000000000000000, -0.000000000000000000, -0.000000000000000000 ) ) ;
#1212 = VECTOR ( 'NONE', #1508, 1000.000000000000000 ) ;
#1213 = ORIENTED_EDGE ( 'NONE', *, *, #690, .F. ) ;
#1214 = DIRECTION ( 'NONE',  ( 0.000000000000000000, 0.000000000000000000, -1.000000000000000000 ) ) ;
#1215 = AXIS2_PLACEMENT_3D ( 'NONE', #711, #2333, #408 ) ;
#1216 = DIRECTION ( 'NONE',  ( 0.000000000000000000, 0.000000000000000000, -1.000000000000000000 ) ) ;
#1217 = CARTESIAN_POINT ( 'NONE',  ( -57.54723398003460488, 8.598901098682526722, 3.000000000000000000 ) ) ;
#1218 = VECTOR ( 'NONE', #834, 1000.000000000000000 ) ;
#1219 = EDGE_CURVE ( 'NONE', #2892, #302, #288, .T. ) ;
#1220 = EDGE_CURVE ( 'NONE', #3120, #321, #3843, .T. ) ;
#1221 = FACE_OUTER_BOUND ( 'NONE', #948, .T. ) ;
#1222 = CARTESIAN_POINT ( 'NONE',  ( 9.994999999999995666, -45.00000000000000000, 2.000000000000000000 ) ) ;
#1223 = EDGE_LOOP ( 'NONE', ( #2453, #3811 ) ) ;
#1224 = AXIS2_PLACEMENT_3D ( 'NONE', #2954, #757, #1031 ) ;
#1225 = CYLINDRICAL_SURFACE ( 'NONE', #2653, 3.000000000000002665 ) ;
#1226 = DIRECTION ( 'NONE',  ( 1.000000000000000000, -9.682177540335664981E-16, -0.000000000000000000 ) ) ;
#1227 = VECTOR ( 'NONE', #3131, 1000.000000000000000 ) ;
#1228 = EDGE_LOOP ( 'NONE', ( #1850, #3893, #2600, #3161 ) ) ;
#1229 = LINE ( 'NONE', #3456, #1035 ) ;
#1230 = PLANE ( 'NONE',  #3288 ) ;
#1231 = CIRCLE ( 'NONE', #3301, 4.250000000000010658 ) ;
#1232 = ADVANCED_FACE ( 'NONE', ( #3022 ), #183, .F. ) ;
#1233 = VECTOR ( 'NONE', #1363, 1000.000000000000000 ) ;
#1234 = CARTESIAN_POINT ( 'NONE',  ( -10.61499092853951431, -46.98838713590125593, 3.000000000000000000 ) ) ;
#1235 = ORIENTED_EDGE ( 'NONE', *, *, #131, .F. ) ;
#1236 = ORIENTED_EDGE ( 'NONE', *, *, #457, .F. ) ;
#1237 = DIRECTION ( 'NONE',  ( -1.000000000000000000, 0.000000000000000000, 0.000000000000000000 ) ) ;
#1238 = AXIS2_PLACEMENT_3D ( 'NONE', #641, #3486, #1553 ) ;
#1239 = EDGE_CURVE ( 'NONE', #2616, #2909, #4120, .T. ) ;
#1240 = ORIENTED_EDGE ( 'NONE', *, *, #2666, .T. ) ;
#1241 = DIRECTION ( 'NONE',  ( 1.000000000000000000, -0.000000000000000000, -0.000000000000000000 ) ) ;
#1242 = DIRECTION ( 'NONE',  ( 0.000000000000000000, 1.000000000000000000, 0.000000000000000000 ) ) ;
#1243 = CARTESIAN_POINT ( 'NONE',  ( -30.52412065912967876, 33.14526759496442310, 0.000000000000000000 ) ) ;
#1244 = EDGE_LOOP ( 'NONE', ( #3888, #2782, #1923, #1481 ) ) ;
#1245 = DIRECTION ( 'NONE',  ( 0.000000000000000000, 0.000000000000000000, 1.000000000000000000 ) ) ;
#1246 = CARTESIAN_POINT ( 'NONE',  ( -57.00500000000000256, -72.50000000000001421, 5.000000000000000000 ) ) ;
#1247 = EDGE_CURVE ( 'NONE', #3125, #609, #4142, .T. ) ;
#1248 = CARTESIAN_POINT ( 'NONE',  ( -51.74334855732300298, -28.04714153191467929, 0.000000000000000000 ) ) ;
#1249 = FACE_OUTER_BOUND ( 'NONE', #2523, .T. ) ;
#1250 = EDGE_LOOP ( 'NONE', ( #3954, #1317, #3833, #1881 ) ) ;
#1251 = VERTEX_POINT ( 'NONE', #2075 ) ;
#1252 = ADVANCED_FACE ( 'NONE', ( #1468 ), #3783, .F. ) ;
#1253 = CYLINDRICAL_SURFACE ( 'NONE', #3990, 2.250000000000002220 ) ;
#1254 = ORIENTED_EDGE ( 'NONE', *, *, #1312, .F. ) ;
#1255 = CARTESIAN_POINT ( 'NONE',  ( -19.62448257959728437, 37.76407684932541997, 3.000000000000000000 ) ) ;
#1256 = VERTEX_POINT ( 'NONE', #3352 ) ;
#1257 = ADVANCED_FACE ( 'NONE', ( #300 ), #1570, .F. ) ;
#1258 = LINE ( 'NONE', #1868, #45 ) ;
#1259 = CARTESIAN_POINT ( 'NONE',  ( -31.52412065912967876, 31.79203768307636935, 3.000000000000000000 ) ) ;
#1260 = ORIENTED_EDGE ( 'NONE', *, *, #407, .F. ) ;
#1261 = CARTESIAN_POINT ( 'NONE',  ( -51.74500000000001876, 31.79203768307636935, 3.000000000000000000 ) ) ;
#1262 = ORIENTED_EDGE ( 'NONE', *, *, #3112, .T. ) ;
#1263 = VERTEX_POINT ( 'NONE', #4019 ) ;
#1264 = DIRECTION ( 'NONE',  ( -1.000000000000000000, 0.000000000000000000, 0.000000000000000000 ) ) ;
#1265 = LINE ( 'NONE', #613, #2695 ) ;
#1266 = ORIENTED_EDGE ( 'NONE', *, *, #2692, .T. ) ;
#1267 = EDGE_CURVE ( 'NONE', #589, #2682, #1135, .T. ) ;
#1268 = ORIENTED_EDGE ( 'NONE', *, *, #3948, .T. ) ;
#1269 = ORIENTED_EDGE ( 'NONE', *, *, #259, .T. ) ;
#1270 = DIRECTION ( 'NONE',  ( -0.000000000000000000, 0.000000000000000000, 1.000000000000000000 ) ) ;
#1271 = EDGE_LOOP ( 'NONE', ( #2086, #335, #2511, #1932, #1940 ) ) ;
#1272 = DIRECTION ( 'NONE',  ( 0.000000000000000000, 0.000000000000000000, -1.000000000000000000 ) ) ;
#1273 = CARTESIAN_POINT ( 'NONE',  ( -30.52412065912967876, 33.14526759496442310, 3.000000000000000000 ) ) ;
#1274 = ADVANCED_FACE ( 'NONE', ( #2980 ), #737, .F. ) ;
#1275 = CARTESIAN_POINT ( 'NONE',  ( -56.02850656985351208, -78.00000000000000000, 0.000000000000000000 ) ) ;
#1276 = ORIENTED_EDGE ( 'NONE', *, *, #2774, .F. ) ;
#1277 = VECTOR ( 'NONE', #1072, 1000.000000000000000 ) ;
#1278 = ORIENTED_EDGE ( 'NONE', *, *, #3309, .F. ) ;
#1279 = CARTESIAN_POINT ( 'NONE',  ( -58.40499999999998693, -72.49999999999995737, 10.00000000000000000 ) ) ;
#1280 = EDGE_CURVE ( 'NONE', #1831, #145, #373, .T. ) ;
#1281 = VECTOR ( 'NONE', #3160, 1000.000000000000000 ) ;
#1282 = DIRECTION ( 'NONE',  ( -0.000000000000000000, -0.000000000000000000, -1.000000000000000000 ) ) ;
#1283 = ORIENTED_EDGE ( 'NONE', *, *, #2868, .T. ) ;
#1284 = ORIENTED_EDGE ( 'NONE', *, *, #783, .F. ) ;
#1285 = AXIS2_PLACEMENT_3D ( 'NONE', #2521, #4022, #3797 ) ;
#1286 = EDGE_CURVE ( 'NONE', #1579, #2357, #3694, .T. ) ;
#1287 = AXIS2_PLACEMENT_3D ( 'NONE', #1773, #2087, #546 ) ;
#1288 = ORIENTED_EDGE ( 'NONE', *, *, #22, .T. ) ;
#1289 = ORIENTED_EDGE ( 'NONE', *, *, #404, .F. ) ;
#1290 = CARTESIAN_POINT ( 'NONE',  ( -51.74500000000001876, 66.99999999999997158, 10.00000000000000000 ) ) ;
#1291 = CARTESIAN_POINT ( 'NONE',  ( -19.62448257959728437, 37.76407684932541997, 0.000000000000000000 ) ) ;
#1292 = EDGE_LOOP ( 'NONE', ( #2416, #1342, #376, #732 ) ) ;
#1293 = AXIS2_PLACEMENT_3D ( 'NONE', #2942, #3600, #723 ) ;
#1294 = ORIENTED_EDGE ( 'NONE', *, *, #2556, .F. ) ;
#1295 = ORIENTED_EDGE ( 'NONE', *, *, #1668, .F. ) ;
#1296 = DIRECTION ( 'NONE',  ( -6.033820786006292620E-16, -1.000000000000000000, 0.000000000000000000 ) ) ;
#1297 = VERTEX_POINT ( 'NONE', #3782 ) ;
#1298 = DIRECTION ( 'NONE',  ( 1.000000000000000000, 6.033820786006289662E-16, -0.000000000000000000 ) ) ;
#1299 = ORIENTED_EDGE ( 'NONE', *, *, #2470, .F. ) ;
#1300 = ORIENTED_EDGE ( 'NONE', *, *, #1476, .T. ) ;
#1301 = DIRECTION ( 'NONE',  ( 0.000000000000000000, 0.000000000000000000, -1.000000000000000000 ) ) ;
#1302 = VECTOR ( 'NONE', #2270, 1000.000000000000000 ) ;
#1303 = EDGE_CURVE ( 'NONE', #3611, #352, #957, .T. ) ;
#1304 = ORIENTED_EDGE ( 'NONE', *, *, #3000, .T. ) ;
#1305 = FACE_OUTER_BOUND ( 'NONE', #903, .T. ) ;
#1306 = PRODUCT_DEFINITION_CONTEXT ( 'detailed design', #3062, 'design' ) ;
#1307 = CARTESIAN_POINT ( 'NONE',  ( -84.24499999999999034, 47.99999999999996447, 5.000000000000000000 ) ) ;
#1308 = CARTESIAN_POINT ( 'NONE',  ( 11.25499999999999723, -45.94761299932681453, 5.000000000000000000 ) ) ;
#1309 = ORIENTED_EDGE ( 'NONE', *, *, #9, .T. ) ;
#1310 = EDGE_LOOP ( 'NONE', ( #2242, #3601, #2287, #891 ) ) ;
#1311 = DIRECTION ( 'NONE',  ( 0.6910303163438613616, -0.7228257756151913460, 0.000000000000000000 ) ) ;
#1312 = EDGE_CURVE ( 'NONE', #609, #4017, #1542, .T. ) ;
#1313 = CARTESIAN_POINT ( 'NONE',  ( -65.74500000000000455, 77.99999999999997158, 5.000000000000000000 ) ) ;
#1314 = ORIENTED_EDGE ( 'NONE', *, *, #3016, .F. ) ;
#1315 = ORIENTED_EDGE ( 'NONE', *, *, #4119, .T. ) ;
#1316 = LINE ( 'NONE', #1089, #696 ) ;
#1317 = ORIENTED_EDGE ( 'NONE', *, *, #2837, .T. ) ;
#1318 = DIRECTION ( 'NONE',  ( -0.000000000000000000, 0.000000000000000000, 1.000000000000000000 ) ) ;
#1319 = CYLINDRICAL_SURFACE ( 'NONE', #3791, 3.000000000000009770 ) ;
#1320 = ORIENTED_EDGE ( 'NONE', *, *, #468, .F. ) ;
#1321 = ORIENTED_EDGE ( 'NONE', *, *, #771, .F. ) ;
#1322 = DIRECTION ( 'NONE',  ( -1.000000000000000000, 0.000000000000000000, 0.000000000000000000 ) ) ;
#1323 = VERTEX_POINT ( 'NONE', #3404 ) ;
#1324 = CARTESIAN_POINT ( 'NONE',  ( -37.74521744568226467, 31.79203768307636935, 2.000000000000000000 ) ) ;
#1325 = EDGE_CURVE ( 'NONE', #3452, #2649, #1746, .T. ) ;
#1326 = DIRECTION ( 'NONE',  ( 0.000000000000000000, 0.000000000000000000, 1.000000000000000000 ) ) ;
#1327 = ORIENTED_EDGE ( 'NONE', *, *, #3370, .T. ) ;
#1328 = CYLINDRICAL_SURFACE ( 'NONE', #2300, 1.000000000000000000 ) ;
#1329 = ORIENTED_EDGE ( 'NONE', *, *, #468, .T. ) ;
#1330 = EDGE_CURVE ( 'NONE', #3246, #1022, #3291, .T. ) ;
#1331 = ORIENTED_EDGE ( 'NONE', *, *, #2602, .T. ) ;
#1332 = CARTESIAN_POINT ( 'NONE',  ( 11.25499999999999723, 48.88661684659246021, 5.000000000000000000 ) ) ;
#1333 = DIRECTION ( 'NONE',  ( 0.000000000000000000, -1.000000000000000000, 0.000000000000000000 ) ) ;
#1334 = EDGE_CURVE ( 'NONE', #3203, #2627, #2155, .T. ) ;
#1335 = VERTEX_POINT ( 'NONE', #3804 ) ;
#1336 = VECTOR ( 'NONE', #2941, 1000.000000000000000 ) ;
#1337 = ORIENTED_EDGE ( 'NONE', *, *, #950, .F. ) ;
#1338 = CARTESIAN_POINT ( 'NONE',  ( -10.61499092853945925, -39.38838713590120477, 0.000000000000000000 ) ) ;
#1339 = VERTEX_POINT ( 'NONE', #1836 ) ;
#1340 = DIRECTION ( 'NONE',  ( 0.000000000000000000, 0.000000000000000000, 1.000000000000000000 ) ) ;
#1341 = DIRECTION ( 'NONE',  ( -0.000000000000000000, -0.000000000000000000, -1.000000000000000000 ) ) ;
#1342 = ORIENTED_EDGE ( 'NONE', *, *, #679, .T. ) ;
#1343 = DIRECTION ( 'NONE',  ( 1.000000000000000000, 0.000000000000000000, 0.000000000000000000 ) ) ;
#1344 = ORIENTED_EDGE ( 'NONE', *, *, #2339, .F. ) ;
#1345 = LINE ( 'NONE', #702, #1870 ) ;
#1346 = DIRECTION ( 'NONE',  ( -0.000000000000000000, -0.000000000000000000, 1.000000000000000000 ) ) ;
#1347 = ORIENTED_EDGE ( 'NONE', *, *, #1123, .T. ) ;
#1348 = DIRECTION ( 'NONE',  ( 0.000000000000000000, 0.000000000000000000, -1.000000000000000000 ) ) ;
#1349 = ORIENTED_EDGE ( 'NONE', *, *, #886, .F. ) ;
#1350 = EDGE_CURVE ( 'NONE', #310, #2687, #3385, .T. ) ;
#1351 = EDGE_CURVE ( 'NONE', #2249, #191, #555, .T. ) ;
#1352 = VECTOR ( 'NONE', #3321, 1000.000000000000000 ) ;
#1353 = DIRECTION ( 'NONE',  ( -0.000000000000000000, -0.000000000000000000, 1.000000000000000000 ) ) ;
#1354 = ORIENTED_EDGE ( 'NONE', *, *, #580, .F. ) ;
#1355 = CIRCLE ( 'NONE', #3706, 3.000000000000009770 ) ;
#1356 = CYLINDRICAL_SURFACE ( 'NONE', #3425, 2.999999999999933387 ) ;
#1357 = ADVANCED_FACE ( 'NONE', ( #1564 ), #2540, .T. ) ;
#1358 = AXIS2_PLACEMENT_3D ( 'NONE', #660, #2209, #3491 ) ;
#1359 = ORIENTED_EDGE ( 'NONE', *, *, #311, .F. ) ;
#1360 = CARTESIAN_POINT ( 'NONE',  ( -84.24499999999999034, -45.00000000000000711, 5.000000000000000000 ) ) ;
#1361 = DIRECTION ( 'NONE',  ( -0.000000000000000000, -0.000000000000000000, 1.000000000000000000 ) ) ;
#1362 = CIRCLE ( 'NONE', #2578, 2.250000000000002220 ) ;
#1363 = DIRECTION ( 'NONE',  ( -0.000000000000000000, 0.000000000000000000, 1.000000000000000000 ) ) ;
#1364 = EDGE_CURVE ( 'NONE', #3120, #1863, #1203, .T. ) ;
#1365 = VECTOR ( 'NONE', #1078, 1000.000000000000000 ) ;
#1366 = DIRECTION ( 'NONE',  ( -1.000000000000000000, -9.682177540335664981E-16, 0.000000000000000000 ) ) ;
#1367 = DIRECTION ( 'NONE',  ( 2.211964468540914624E-16, -1.000000000000000000, 0.000000000000000000 ) ) ;
#1368 = CARTESIAN_POINT ( 'NONE',  ( -48.74500000000001876, 42.26507572786680811, 5.000000000000000000 ) ) ;
#1369 = EDGE_CURVE ( 'NONE', #2331, #2618, #2305, .T. ) ;
#1370 = VECTOR ( 'NONE', #3194, 1000.000000000000000 ) ;
#1371 = DIRECTION ( 'NONE',  ( 1.000000000000000000, 0.000000000000000000, 0.000000000000000000 ) ) ;
#1372 = VERTEX_POINT ( 'NONE', #3197 ) ;
#1373 = CIRCLE ( 'NONE', #1238, 2.999999999999999112 ) ;
#1374 = DIRECTION ( 'NONE',  ( -0.000000000000000000, 0.000000000000000000, 1.000000000000000000 ) ) ;
#1375 = CIRCLE ( 'NONE', #3048, 2.999999999999933387 ) ;
#1376 = ORIENTED_EDGE ( 'NONE', *, *, #1195, .F. ) ;
#1377 = DIRECTION ( 'NONE',  ( -1.000000000000000000, 0.000000000000000000, 0.000000000000000000 ) ) ;
#1378 = EDGE_CURVE ( 'NONE', #3337, #710, #32, .T. ) ;
#1379 = ORIENTED_EDGE ( 'NONE', *, *, #407, .T. ) ;
#1380 = ORIENTED_EDGE ( 'NONE', *, *, #366, .F. ) ;
#1381 = DIRECTION ( 'NONE',  ( 0.000000000000000000, 0.000000000000000000, -1.000000000000000000 ) ) ;
#1382 = CARTESIAN_POINT ( 'NONE',  ( -22.14407308639565386, 42.26507572786680811, 3.000000000000000000 ) ) ;
#1383 = DIRECTION ( 'NONE',  ( 0.000000000000000000, -0.000000000000000000, 1.000000000000000000 ) ) ;
#1384 = EDGE_CURVE ( 'NONE', #1009, #2953, #3581, .T. ) ;
#1385 = DIRECTION ( 'NONE',  ( -0.000000000000000000, -0.000000000000000000, -1.000000000000000000 ) ) ;
#1386 = VERTEX_POINT ( 'NONE', #1935 ) ;
#1387 = CARTESIAN_POINT ( 'NONE',  ( -84.24499999999999034, -45.00000000000000711, 0.000000000000000000 ) ) ;
#1388 = LINE ( 'NONE', #802, #1365 ) ;
#1389 = EDGE_CURVE ( 'NONE', #991, #2623, #3223, .T. ) ;
#1390 = CARTESIAN_POINT ( 'NONE',  ( 12.99499999999999567, 44.99999999999995737, 0.000000000000000000 ) ) ;
#1391 = CARTESIAN_POINT ( 'NONE',  ( 9.994999999999995666, -45.00000000000000000, 0.000000000000000000 ) ) ;
#1392 = CARTESIAN_POINT ( 'NONE',  ( -60.00500000000000966, -72.50000000000001421, 0.000000000000000000 ) ) ;
#1393 = CARTESIAN_POINT ( 'NONE',  ( -60.00500000000000966, 72.49999999999995737, 10.00000000000000000 ) ) ;
#1394 = EDGE_LOOP ( 'NONE', ( #1766, #2139 ) ) ;
#1395 = DIRECTION ( 'NONE',  ( -1.000000000000000000, 0.000000000000000000, 0.000000000000000000 ) ) ;
#1396 = PLANE ( 'NONE',  #3910 ) ;
#1397 = VERTEX_POINT ( 'NONE', #1646 ) ;
#1398 = CARTESIAN_POINT ( 'NONE',  ( -10.61499092853945925, -39.38838713590120477, 2.000000000000000000 ) ) ;
#1399 = DIRECTION ( 'NONE',  ( 0.000000000000000000, -0.000000000000000000, 1.000000000000000000 ) ) ;
#1400 = EDGE_CURVE ( 'NONE', #1571, #2040, #3214, .T. ) ;
#1401 = CIRCLE ( 'NONE', #3484, 2.999999999999999556 ) ;
#1402 = DIRECTION ( 'NONE',  ( 0.000000000000000000, 0.000000000000000000, 1.000000000000000000 ) ) ;
#1403 = DIRECTION ( 'NONE',  ( -1.000000000000000000, 0.000000000000000000, 0.000000000000000000 ) ) ;
#1404 = CARTESIAN_POINT ( 'NONE',  ( -68.74499999999999034, 54.99999999999998579, 0.000000000000000000 ) ) ;
#1405 = AXIS2_PLACEMENT_3D ( 'NONE', #1197, #4084, #918 ) ;
#1406 = FACE_OUTER_BOUND ( 'NONE', #699, .T. ) ;
#1407 = DIRECTION ( 'NONE',  ( -1.000000000000000000, 0.000000000000000000, 0.000000000000000000 ) ) ;
#1408 = EDGE_CURVE ( 'NONE', #143, #1571, #1953, .T. ) ;
#1409 = DIRECTION ( 'NONE',  ( 0.000000000000000000, 0.000000000000000000, 1.000000000000000000 ) ) ;
#1410 = B_SPLINE_CURVE_WITH_KNOTS ( 'NONE', 3,
 ( #2224, #3506, #1904, #638, #1591, #3527 ),
 .UNSPECIFIED., .F., .F.,
 ( 4, 2, 4 ),
 ( 0.000000000000000000, 0.0005840999024107463135, 0.001168199804821492627 ),
 .UNSPECIFIED. ) ;
#1411 = ORIENTED_EDGE ( 'NONE', *, *, #1558, .F. ) ;
#1412 = ORIENTED_EDGE ( 'NONE', *, *, #3724, .F. ) ;
#1413 = CARTESIAN_POINT ( 'NONE',  ( -53.94355883231942528, 9.013114661055622534, 3.000000000000000000 ) ) ;
#1414 = CIRCLE ( 'NONE', #1087, 3.000000000000002665 ) ;
#1415 = ADVANCED_FACE ( 'NONE', ( #627 ), #1328, .F. ) ;
#1416 = AXIS2_PLACEMENT_3D ( 'NONE', #3257, #358, #709 ) ;
#1417 = ORIENTED_EDGE ( 'NONE', *, *, #3045, .F. ) ;
#1418 = ORIENTED_EDGE ( 'NONE', *, *, #1641, .T. ) ;
#1419 = CARTESIAN_POINT ( 'NONE',  ( -19.62448257959728437, 39.80894216826094123, 2.000000000000000000 ) ) ;
#1420 = LINE ( 'NONE', #2728, #1212 ) ;
#1421 = VECTOR ( 'NONE', #461, 1000.000000000000000 ) ;
#1422 = LINE ( 'NONE', #4037, #3243 ) ;
#1423 = AXIS2_PLACEMENT_3D ( 'NONE', #1991, #2997, #129 ) ;
#1424 = ORIENTED_EDGE ( 'NONE', *, *, #2349, .T. ) ;
#1425 = CARTESIAN_POINT ( 'NONE',  ( -16.39105546427840565, 39.80894216826094123, 0.000000000000000000 ) ) ;
#1426 = CYLINDRICAL_SURFACE ( 'NONE', #103, 4.250000000000010658 ) ;
#1427 = VECTOR ( 'NONE', #4131, 1000.000000000000000 ) ;
#1428 = DIRECTION ( 'NONE',  ( 0.000000000000000000, 1.000000000000000000, 0.000000000000000000 ) ) ;
#1429 = EDGE_CURVE ( 'NONE', #191, #1397, #3821, .T. ) ;
#1430 = CYLINDRICAL_SURFACE ( 'NONE', #4137, 2.999999999999999556 ) ;
#1431 = DIRECTION ( 'NONE',  ( -1.000000000000000000, 0.000000000000000000, 0.000000000000000000 ) ) ;
#1432 = VECTOR ( 'NONE', #2566, 1000.000000000000000 ) ;
#1433 = DIRECTION ( 'NONE',  ( 1.000000000000000000, 0.000000000000000000, 0.000000000000000000 ) ) ;
#1434 = EDGE_CURVE ( 'NONE', #1069, #2934, #4106, .T. ) ;
#1435 = VERTEX_POINT ( 'NONE', #2330 ) ;
#1436 = EDGE_LOOP ( 'NONE', ( #477, #585 ) ) ;
#1437 = AXIS2_PLACEMENT_3D ( 'NONE', #2051, #3018, #1189 ) ;
#1438 = ORIENTED_EDGE ( 'NONE', *, *, #1985, .T. ) ;
#1439 = EDGE_CURVE ( 'NONE', #2623, #2609, #2059, .T. ) ;
#1440 = ORIENTED_EDGE ( 'NONE', *, *, #2824, .T. ) ;
#1441 = CARTESIAN_POINT ( 'NONE',  ( 0.000000000000000000, 38.76407684932542708, 2.000000000000000000 ) ) ;
#1442 = DIRECTION ( 'NONE',  ( 1.000000000000000000, 0.000000000000000000, 0.000000000000000000 ) ) ;
#1443 = CARTESIAN_POINT ( 'NONE',  ( -62.74499999999999744, 74.99999999999997158, 5.000000000000000000 ) ) ;
#1444 = CARTESIAN_POINT ( 'NONE',  ( -19.62448257959728437, 37.76407684932541997, 2.000000000000000000 ) ) ;
#1445 = DIRECTION ( 'NONE',  ( 1.000000000000000000, 0.000000000000000000, 0.000000000000000000 ) ) ;
#1446 = VERTEX_POINT ( 'NONE', #4007 ) ;
#1447 = LINE ( 'NONE', #1118, #235 ) ;
#1448 = CARTESIAN_POINT ( 'NONE',  ( -17.39105546427840565, 39.80894216826094123, 3.000000000000000000 ) ) ;
#1449 = DIRECTION ( 'NONE',  ( -1.000000000000000000, 0.000000000000000000, 0.000000000000000000 ) ) ;
#1450 = ORIENTED_EDGE ( 'NONE', *, *, #2068, .F. ) ;
#1451 = DIRECTION ( 'NONE',  ( 0.000000000000000000, 0.000000000000000000, -1.000000000000000000 ) ) ;
#1452 = EDGE_CURVE ( 'NONE', #3050, #2854, #105, .T. ) ;
#1453 = CARTESIAN_POINT ( 'NONE',  ( -60.93356069705324529, 75.35267857142858361, 0.000000000000000000 ) ) ;
#1454 = EDGE_LOOP ( 'NONE', ( #654, #586, #2262 ) ) ;
#1455 = ORIENTED_EDGE ( 'NONE', *, *, #1529, .T. ) ;
#1456 = ORIENTED_EDGE ( 'NONE', *, *, #1865, .F. ) ;
#1457 = DIRECTION ( 'NONE',  ( -0.000000000000000000, -0.000000000000000000, 1.000000000000000000 ) ) ;
#1458 = CARTESIAN_POINT ( 'NONE',  ( -53.52934526994632591, 8.598901098682526722, 2.000000000000000000 ) ) ;
#1459 = EDGE_CURVE ( 'NONE', #2563, #2201, #2350, .T. ) ;
#1460 = ORIENTED_EDGE ( 'NONE', *, *, #3853, .F. ) ;
#1461 = DIRECTION ( 'NONE',  ( 0.000000000000000000, 0.000000000000000000, 1.000000000000000000 ) ) ;
#1462 = FACE_BOUND ( 'NONE', #2029, .T. ) ;
#1463 = ORIENTED_EDGE ( 'NONE', *, *, #1145, .F. ) ;
#1464 = DIRECTION ( 'NONE',  ( -1.000000000000000000, 0.000000000000000000, 0.000000000000000000 ) ) ;
#1465 = CARTESIAN_POINT ( 'NONE',  ( -60.00499999999998124, -72.49999999999995737, 10.00000000000000000 ) ) ;
#1466 = AXIS2_PLACEMENT_3D ( 'NONE', #2037, #1076, #1403 ) ;
#1467 = DIRECTION ( 'NONE',  ( 0.000000000000000000, 0.000000000000000000, -1.000000000000000000 ) ) ;
#1468 = FACE_OUTER_BOUND ( 'NONE', #2995, .T. ) ;
#1469 = CIRCLE ( 'NONE', #3011, 3.000000000000002665 ) ;
#1470 = CYLINDRICAL_SURFACE ( 'NONE', #1981, 0.9999999999998222533 ) ;
#1471 = VECTOR ( 'NONE', #2058, 1000.000000000000000 ) ;
#1472 = PLANE ( 'NONE',  #2142 ) ;
#1473 = DIRECTION ( 'NONE',  ( -0.000000000000000000, -0.000000000000000000, 1.000000000000000000 ) ) ;
#1474 = VERTEX_POINT ( 'NONE', #2988 ) ;
#1475 = EDGE_LOOP ( 'NONE', ( #3786, #2119, #2554, #1987, #1054 ) ) ;
#1476 = EDGE_CURVE ( 'NONE', #2468, #171, #4114, .T. ) ;
#1477 = ADVANCED_FACE ( 'NONE', ( #1221 ), #1829, .F. ) ;
#1478 = DIRECTION ( 'NONE',  ( 0.000000000000000000, 0.000000000000000000, -1.000000000000000000 ) ) ;
#1479 = CARTESIAN_POINT ( 'NONE',  ( -58.74500000000000455, 60.97999999999998266, 5.000000000000000000 ) ) ;
#1480 = DIRECTION ( 'NONE',  ( -1.000000000000000000, 0.000000000000000000, 0.000000000000000000 ) ) ;
#1481 = ORIENTED_EDGE ( 'NONE', *, *, #2320, .F. ) ;
#1482 = AXIS2_PLACEMENT_3D ( 'NONE', #3739, #2115, #3995 ) ;
#1483 = EDGE_CURVE ( 'NONE', #191, #1048, #920, .T. ) ;
#1484 = CARTESIAN_POINT ( 'NONE',  ( -60.00500000000020151, -79.50000000000009948, 10.00000000000000000 ) ) ;
#1485 = CARTESIAN_POINT ( 'NONE',  ( -59.07643930294683798, -75.35267857142865466, 5.000000000000000000 ) ) ;
#1486 = AXIS2_PLACEMENT_3D ( 'NONE', #482, #543, #2462 ) ;
#1487 = DIRECTION ( 'NONE',  ( -0.000000000000000000, -0.000000000000000000, 1.000000000000000000 ) ) ;
#1488 = FACE_OUTER_BOUND ( 'NONE', #1292, .T. ) ;
#1489 = AXIS2_PLACEMENT_3D ( 'NONE', #4108, #1499, #921 ) ;
#1490 = CARTESIAN_POINT ( 'NONE',  ( -16.39105546427840565, 37.76407684932541997, 2.000000000000000000 ) ) ;
#1491 = AXIS2_PLACEMENT_3D ( 'NONE', #1126, #4054, #2465 ) ;
#1492 = ORIENTED_EDGE ( 'NONE', *, *, #2549, .T. ) ;
#1493 = CYLINDRICAL_SURFACE ( 'NONE', #1835, 3.000000000000002665 ) ;
#1494 = EDGE_CURVE ( 'NONE', #1911, #636, #2433, .T. ) ;
#1495 = CARTESIAN_POINT ( 'NONE',  ( -87.24499999999999034, -48.00000000000000711, 5.000000000000000000 ) ) ;
#1496 = CARTESIAN_POINT ( 'NONE',  ( -52.53828962499051869, 22.86114967175884161, 3.000000000000000000 ) ) ;
#1497 = CARTESIAN_POINT ( 'NONE',  ( 8.394999999999997797, 44.99999999999995737, 5.000000000000000000 ) ) ;
#1498 = AXIS2_PLACEMENT_3D ( 'NONE', #966, #12, #904 ) ;
#1499 = DIRECTION ( 'NONE',  ( 1.000000000000000000, -0.000000000000000000, 0.000000000000000000 ) ) ;
#1500 = AXIS2_PLACEMENT_3D ( 'NONE', #764, #2387, #2018 ) ;
#1501 = EDGE_LOOP ( 'NONE', ( #2674, #463, #661, #1990 ) ) ;
#1502 = CARTESIAN_POINT ( 'NONE',  ( -60.00500000000000966, 72.49999999999995737, 0.000000000000000000 ) ) ;
#1503 = DIRECTION ( 'NONE',  ( 0.000000000000000000, 0.000000000000000000, 1.000000000000000000 ) ) ;
#1504 = AXIS2_PLACEMENT_3D ( 'NONE', #3701, #2775, #828 ) ;
#1505 = CARTESIAN_POINT ( 'NONE',  ( -58.74500000000000455, 60.97999999999998266, 0.000000000000000000 ) ) ;
#1506 = CIRCLE ( 'NONE', #446, 2.999999999999999112 ) ;
#1507 = FACE_OUTER_BOUND ( 'NONE', #40, .T. ) ;
#1508 = DIRECTION ( 'NONE',  ( -0.000000000000000000, -0.000000000000000000, 1.000000000000000000 ) ) ;
#1509 = EDGE_CURVE ( 'NONE', #1806, #1446, #2105, .T. ) ;
#1510 = DIRECTION ( 'NONE',  ( -0.000000000000000000, -0.000000000000000000, -1.000000000000000000 ) ) ;
#1511 = ORIENTED_EDGE ( 'NONE', *, *, #1200, .T. ) ;
#1512 = DIRECTION ( 'NONE',  ( 0.000000000000000000, 0.000000000000000000, -1.000000000000000000 ) ) ;
#1513 = CARTESIAN_POINT ( 'NONE',  ( -87.24499999999999034, -45.00000000000000711, 0.000000000000000000 ) ) ;
#1514 = ORIENTED_EDGE ( 'NONE', *, *, #2279, .F. ) ;
#1515 = CARTESIAN_POINT ( 'NONE',  ( 0.000000000000000000, 9.598901098682526722, 2.000000000000000000 ) ) ;
#1516 = CARTESIAN_POINT ( 'NONE',  ( -60.93356069705324529, 75.35267857142858361, 5.000000000000000000 ) ) ;
#1517 = CARTESIAN_POINT ( 'NONE',  ( -51.74500000000001876, 31.79203768307636935, 0.000000000000000000 ) ) ;
#1518 = CARTESIAN_POINT ( 'NONE',  ( -65.74499999999999034, -55.00000000000002842, 5.000000000000000000 ) ) ;
#1519 = DIRECTION ( 'NONE',  ( 0.000000000000000000, 0.000000000000000000, -1.000000000000000000 ) ) ;
#1520 = VERTEX_POINT ( 'NONE', #1557 ) ;
#1521 = EDGE_LOOP ( 'NONE', ( #2871, #1235, #2786, #3879 ) ) ;
#1522 = DIRECTION ( 'NONE',  ( 0.000000000000000000, -1.000000000000000000, 0.000000000000000000 ) ) ;
#1523 = CARTESIAN_POINT ( 'NONE',  ( -51.74334855732300298, -28.04714153191467929, 2.148900038017223846 ) ) ;
#1524 = CARTESIAN_POINT ( 'NONE',  ( -52.53828962499051869, 22.86114967175884161, 2.000000000000000000 ) ) ;
#1525 = CARTESIAN_POINT ( 'NONE',  ( 11.25499999999999723, 34.79203768307637290, 0.000000000000000000 ) ) ;
#1526 = ORIENTED_EDGE ( 'NONE', *, *, #1980, .T. ) ;
#1527 = EDGE_LOOP ( 'NONE', ( #2365, #3503, #205, #1547 ) ) ;
#1528 = CARTESIAN_POINT ( 'NONE',  ( 11.25499999999999368, 31.79203768307636935, 5.000000000000000000 ) ) ;
#1529 = EDGE_CURVE ( 'NONE', #3598, #1005, #1019, .T. ) ;
#1530 = LINE ( 'NONE', #1635, #3170 ) ;
#1531 = ADVANCED_FACE ( 'NONE', ( #1618, #26 ), #3171, .T. ) ;
#1532 = ORIENTED_EDGE ( 'NONE', *, *, #2424, .T. ) ;
#1533 = DIRECTION ( 'NONE',  ( -1.000000000000000000, 0.000000000000000000, 0.000000000000000000 ) ) ;
#1534 = DIRECTION ( 'NONE',  ( 0.000000000000000000, 0.000000000000000000, -1.000000000000000000 ) ) ;
#1535 = FACE_OUTER_BOUND ( 'NONE', #1271, .T. ) ;
#1536 = LINE ( 'NONE', #2818, #1093 ) ;
#1537 = VECTOR ( 'NONE', #763, 1000.000000000000000 ) ;
#1538 = AXIS2_PLACEMENT_3D ( 'NONE', #3603, #1348, #1063 ) ;
#1539 = EDGE_LOOP ( 'NONE', ( #1166, #2206, #1605, #3091 ) ) ;
#1540 = EDGE_CURVE ( 'NONE', #2125, #2283, #1685, .T. ) ;
#1541 = FACE_OUTER_BOUND ( 'NONE', #1527, .T. ) ;
#1542 = LINE ( 'NONE', #902, #2637 ) ;
#1543 = CARTESIAN_POINT ( 'NONE',  ( -30.52412065912967876, 31.79203768307636935, 0.000000000000000000 ) ) ;
#1544 = EDGE_CURVE ( 'NONE', #3952, #112, #680, .T. ) ;
#1545 = DIRECTION ( 'NONE',  ( -1.000000000000000000, 0.000000000000000000, -0.000000000000000000 ) ) ;
#1546 = CARTESIAN_POINT ( 'NONE',  ( -65.74499999999999034, -55.00000000000002842, 5.000000000000000000 ) ) ;
#1547 = ORIENTED_EDGE ( 'NONE', *, *, #3967, .F. ) ;
#1548 = ORIENTED_EDGE ( 'NONE', *, *, #3465, .F. ) ;
#1549 = DIRECTION ( 'NONE',  ( 1.000000000000000000, 9.682177540335664981E-16, 0.000000000000000000 ) ) ;
#1550 = AXIS2_PLACEMENT_3D ( 'NONE', #2180, #3139, #1119 ) ;
#1551 = ORIENTED_EDGE ( 'NONE', *, *, #3719, .F. ) ;
#1552 = ORIENTED_EDGE ( 'NONE', *, *, #567, .T. ) ;
#1553 = DIRECTION ( 'NONE',  ( -1.000000000000000000, 0.000000000000000000, 0.000000000000000000 ) ) ;
#1554 = AXIS2_PLACEMENT_3D ( 'NONE', #3176, #320, #2643 ) ;
#1555 = CARTESIAN_POINT ( 'NONE',  ( -51.74500000000001876, 45.26507572786680811, 0.000000000000000000 ) ) ;
#1556 = CIRCLE ( 'NONE', #1890, 1.599999999999997202 ) ;
#1557 = CARTESIAN_POINT ( 'NONE',  ( -51.74500000000001876, 21.02520534502064109, 3.000000000000000000 ) ) ;
#1558 = EDGE_CURVE ( 'NONE', #359, #1079, #2229, .T. ) ;
#1559 = LINE ( 'NONE', #3069, #3428 ) ;
#1560 = ORIENTED_EDGE ( 'NONE', *, *, #2054, .F. ) ;
#1561 = ORIENTED_EDGE ( 'NONE', *, *, #3746, .T. ) ;
#1562 = CIRCLE ( 'NONE', #1757, 2.999999999999933387 ) ;
#1563 = LINE ( 'NONE', #3775, #1370 ) ;
#1564 = FACE_OUTER_BOUND ( 'NONE', #1824, .T. ) ;
#1565 = AXIS2_PLACEMENT_3D ( 'NONE', #2519, #919, #3796 ) ;
#1566 = ORIENTED_EDGE ( 'NONE', *, *, #2414, .F. ) ;
#1567 = DIRECTION ( 'NONE',  ( 0.000000000000000000, 1.000000000000000000, 0.000000000000000000 ) ) ;
#1568 = EDGE_CURVE ( 'NONE', #4086, #991, #1355, .T. ) ;
#1569 = AXIS2_PLACEMENT_3D ( 'NONE', #3073, #736, #860 ) ;
#1570 = PLANE ( 'NONE',  #1883 ) ;
#1571 = VERTEX_POINT ( 'NONE', #2839 ) ;
#1572 = ORIENTED_EDGE ( 'NONE', *, *, #29, .T. ) ;
#1573 = LINE ( 'NONE', #637, #2620 ) ;
#1574 = LINE ( 'NONE', #551, #506 ) ;
#1575 = CIRCLE ( 'NONE', #3934, 3.000000000000000888 ) ;
#1576 = VERTEX_POINT ( 'NONE', #4132 ) ;
#1577 = ORIENTED_EDGE ( 'NONE', *, *, #1369, .F. ) ;
#1578 = CARTESIAN_POINT ( 'NONE',  ( -36.74521744568226467, 0.000000000000000000, 2.000000000000000000 ) ) ;
#1579 = VERTEX_POINT ( 'NONE', #1243 ) ;
#1580 = CARTESIAN_POINT ( 'NONE',  ( -11.61499092853933668, -46.98838713590125593, 3.000000000000000000 ) ) ;
#1581 = ORIENTED_EDGE ( 'NONE', *, *, #794, .T. ) ;
#1582 = DIRECTION ( 'NONE',  ( -0.000000000000000000, 0.000000000000000000, 1.000000000000000000 ) ) ;
#1583 = ADVANCED_FACE ( 'NONE', ( #2536 ), #312, .T. ) ;
#1584 = ORIENTED_EDGE ( 'NONE', *, *, #2655, .T. ) ;
#1585 = DIRECTION ( 'NONE',  ( 0.000000000000000000, 0.000000000000000000, -1.000000000000000000 ) ) ;
#1586 = CYLINDRICAL_SURFACE ( 'NONE', #1616, 3.000000000000009770 ) ;
#1587 = EDGE_LOOP ( 'NONE', ( #1016, #2976, #1455, #2135 ) ) ;
#1588 = CARTESIAN_POINT ( 'NONE',  ( -65.74500000000000455, 66.99999999999997158, 10.00000000000000000 ) ) ;
#1589 = ORIENTED_EDGE ( 'NONE', *, *, #2126, .T. ) ;
#1590 = DIRECTION ( 'NONE',  ( 0.000000000000000000, 0.000000000000000000, -1.000000000000000000 ) ) ;
#1591 = CARTESIAN_POINT ( 'NONE',  ( -51.74500000000001165, -27.18763484460310664, 3.000000000000002665 ) ) ;
#1592 = EDGE_CURVE ( 'NONE', #3392, #2460, #2900, .T. ) ;
#1593 = ORIENTED_EDGE ( 'NONE', *, *, #864, .F. ) ;
#1594 = CARTESIAN_POINT ( 'NONE',  ( -63.88852080077450779, 77.77351044313806483, 5.000000000000000000 ) ) ;
#1595 = ORIENTED_EDGE ( 'NONE', *, *, #876, .T. ) ;
#1596 = DIRECTION ( 'NONE',  ( 0.000000000000000000, 0.000000000000000000, -1.000000000000000000 ) ) ;
#1597 = ADVANCED_FACE ( 'NONE', ( #2060 ), #3685, .F. ) ;
#1598 = LINE ( 'NONE', #2882, #3163 ) ;
#1599 = ORIENTED_EDGE ( 'NONE', *, *, #1220, .T. ) ;
#1600 = CIRCLE ( 'NONE', #1199, 1.999999999999932498 ) ;
#1601 = EDGE_LOOP ( 'NONE', ( #315, #1329, #3663, #671 ) ) ;
#1602 = CARTESIAN_POINT ( 'NONE',  ( -65.74500000000000455, -66.99999999999997158, 10.00000000000000000 ) ) ;
#1603 = AXIS2_PLACEMENT_3D ( 'NONE', #185, #1783, #1853 ) ;
#1604 = CARTESIAN_POINT ( 'NONE',  ( -4.844257548789735246, 48.88661684659246021, 0.000000000000000000 ) ) ;
#1605 = ORIENTED_EDGE ( 'NONE', *, *, #2525, .T. ) ;
#1606 = EDGE_CURVE ( 'NONE', #1386, #842, #1742, .T. ) ;
#1607 = ORIENTED_EDGE ( 'NONE', *, *, #3984, .F. ) ;
#1608 = CARTESIAN_POINT ( 'NONE',  ( -60.00500000000000966, 72.49999999999995737, 5.000000000000000000 ) ) ;
#1609 = ORIENTED_EDGE ( 'NONE', *, *, #4006, .F. ) ;
#1610 = SURFACE_STYLE_FILL_AREA ( #2855 ) ;
#1611 = DIRECTION ( 'NONE',  ( -0.000000000000000000, -0.000000000000000000, -1.000000000000000000 ) ) ;
#1612 = ORIENTED_EDGE ( 'NONE', *, *, #3618, .F. ) ;
#1613 = ORIENTED_EDGE ( 'NONE', *, *, #3906, .F. ) ;
#1614 = EDGE_CURVE ( 'NONE', #669, #2926, #3647, .T. ) ;
#1615 = LINE ( 'NONE', #3207, #313 ) ;
#1616 = AXIS2_PLACEMENT_3D ( 'NONE', #632, #4117, #2530 ) ;
#1617 = DIRECTION ( 'NONE',  ( 1.000000000000000000, 0.000000000000000000, 0.000000000000000000 ) ) ;
#1618 = FACE_BOUND ( 'NONE', #1109, .T. ) ;
#1619 = CIRCLE ( 'NONE', #1486, 0.9999999999998170352 ) ;
#1620 = CARTESIAN_POINT ( 'NONE',  ( 9.994999999999995666, -45.00000000000000000, 5.000000000000000000 ) ) ;
#1621 = ORIENTED_EDGE ( 'NONE', *, *, #120, .T. ) ;
#1622 = EDGE_CURVE ( 'NONE', #2427, #296, #1820, .T. ) ;
#1623 = ORIENTED_EDGE ( 'NONE', *, *, #552, .T. ) ;
#1624 = ORIENTED_EDGE ( 'NONE', *, *, #1568, .F. ) ;
#1625 = ORIENTED_EDGE ( 'NONE', *, *, #1389, .F. ) ;
#1626 = VECTOR ( 'NONE', #248, 1000.000000000000000 ) ;
#1627 = CARTESIAN_POINT ( 'NONE',  ( -63.88852080077449358, -77.77351044313807904, 5.000000000000000000 ) ) ;
#1628 = ORIENTED_EDGE ( 'NONE', *, *, #939, .F. ) ;
#1629 = LINE ( 'NONE', #1708, #3854 ) ;
#1630 = CYLINDRICAL_SURFACE ( 'NONE', #2079, 2.999999999999933387 ) ;
#1631 = VECTOR ( 'NONE', #3445, 1000.000000000000000 ) ;
#1632 = ORIENTED_EDGE ( 'NONE', *, *, #3675, .T. ) ;
#1633 = DIRECTION ( 'NONE',  ( 0.000000000000000000, 0.000000000000000000, -1.000000000000000000 ) ) ;
#1634 = ORIENTED_EDGE ( 'NONE', *, *, #2498, .T. ) ;
#1635 = CARTESIAN_POINT ( 'NONE',  ( -2.255000000000007443, -38.86000000000001364, 5.000000000000000000 ) ) ;
#1636 = EDGE_CURVE ( 'NONE', #2861, #3604, #155, .T. ) ;
#1637 = CARTESIAN_POINT ( 'NONE',  ( -65.74499999999999034, 41.99999999999995737, 0.000000000000000000 ) ) ;
#1638 = ORIENTED_EDGE ( 'NONE', *, *, #2655, .F. ) ;
#1639 = CIRCLE ( 'NONE', #3996, 1.599999999999997202 ) ;
#1640 = CARTESIAN_POINT ( 'NONE',  ( -87.24499999999999034, -45.00000000000000711, 5.000000000000000000 ) ) ;
#1641 = EDGE_CURVE ( 'NONE', #636, #887, #2395, .T. ) ;
#1642 = AXIS2_PLACEMENT_3D ( 'NONE', #3086, #3546, #3113 ) ;
#1643 = ORIENTED_EDGE ( 'NONE', *, *, #259, .F. ) ;
#1644 = EDGE_LOOP ( 'NONE', ( #2916, #2374, #128, #2345, #4135, #3405, #3041, #2248, #3528, #2858, #2352, #1645, #1593, #2512, #462, #3284, #1236, #1875, #2888, #1632, #1349, #241, #277, #2193, #3244, #1595, #370, #473, #1012, #676, #852, #3475, #3389, #3669, #3565, #1417, #2355, #2551, #3072, #2758, #1201, #2284, #975, #3193, #1675, #2577, #3607, #1284, #1589, #1767, #1300, #910, #2701, #278, #480, #3524, #1599, #614, #3098, #117, #2501, #165, #1581, #3526, #796, #1514, #851, #2275, #3869, #1213 ) ) ;
#1645 = ORIENTED_EDGE ( 'NONE', *, *, #2485, .F. ) ;
#1646 = CARTESIAN_POINT ( 'NONE',  ( -48.74500000000000455, -48.94761299932681453, 0.000000000000000000 ) ) ;
#1647 = ORIENTED_EDGE ( 'NONE', *, *, #3465, .T. ) ;
#1648 = EDGE_LOOP ( 'NONE', ( #2061, #1004, #2261 ) ) ;
#1649 = LINE ( 'NONE', #1332, #4121 ) ;
#1650 = DIRECTION ( 'NONE',  ( 0.000000000000000000, 1.000000000000000000, 0.000000000000000000 ) ) ;
#1651 = EDGE_LOOP ( 'NONE', ( #1440, #1711, #3538, #368 ) ) ;
#1652 = EDGE_LOOP ( 'NONE', ( #1526, #2160, #3341, #1327 ) ) ;
#1653 = DIRECTION ( 'NONE',  ( -0.000000000000000000, -0.000000000000000000, -1.000000000000000000 ) ) ;
#1654 = ORIENTED_EDGE ( 'NONE', *, *, #366, .T. ) ;
#1655 = CARTESIAN_POINT ( 'NONE',  ( -51.74500000000001876, 25.33652987667863243, 2.811374832303749294 ) ) ;
#1656 = DIRECTION ( 'NONE',  ( -1.000000000000000000, 0.000000000000000000, 0.000000000000000000 ) ) ;
#1657 = VERTEX_POINT ( 'NONE', #1453 ) ;
#1658 = ORIENTED_EDGE ( 'NONE', *, *, #3543, .T. ) ;
#1659 = CARTESIAN_POINT ( 'NONE',  ( -2.255000000000007443, -38.86000000000001364, 0.000000000000000000 ) ) ;
#1660 = DIRECTION ( 'NONE',  ( -0.000000000000000000, -0.000000000000000000, -1.000000000000000000 ) ) ;
#1661 = CARTESIAN_POINT ( 'NONE',  ( -87.24499999999999034, 51.99999999999996447, 5.000000000000000000 ) ) ;
#1662 = CARTESIAN_POINT ( 'NONE',  ( -68.74499999999999034, -45.00000000000002842, 5.000000000000000000 ) ) ;
#1663 = ORIENTED_EDGE ( 'NONE', *, *, #2568, .F. ) ;
#1664 = ORIENTED_EDGE ( 'NONE', *, *, #2677, .T. ) ;
#1665 = CARTESIAN_POINT ( 'NONE',  ( -52.53828962499068922, -25.15438010052512041, 3.000000000000000000 ) ) ;
#1666 = ORIENTED_EDGE ( 'NONE', *, *, #2430, .F. ) ;
#1667 = CIRCLE ( 'NONE', #4032, 1.000000000000000000 ) ;
#1668 = EDGE_CURVE ( 'NONE', #2535, #4123, #432, .T. ) ;
#1669 = VECTOR ( 'NONE', #7, 1000.000000000000000 ) ;
#1670 = ORIENTED_EDGE ( 'NONE', *, *, #3864, .F. ) ;
#1671 = DIRECTION ( 'NONE',  ( -0.000000000000000000, -0.000000000000000000, -1.000000000000000000 ) ) ;
#1672 = CYLINDRICAL_SURFACE ( 'NONE', #1972, 3.000000000000001776 ) ;
#1673 = DIRECTION ( 'NONE',  ( 0.000000000000000000, 0.000000000000000000, -1.000000000000000000 ) ) ;
#1674 = PLANE ( 'NONE',  #2111 ) ;
#1675 = ORIENTED_EDGE ( 'NONE', *, *, #1791, .T. ) ;
#1676 = DIRECTION ( 'NONE',  ( -0.000000000000000000, -0.000000000000000000, -1.000000000000000000 ) ) ;
#1677 = CARTESIAN_POINT ( 'NONE',  ( -10.61499092853951431, -46.98838713590125593, 0.000000000000000000 ) ) ;
#1678 = B_SPLINE_CURVE_WITH_KNOTS ( 'NONE', 3,
 ( #1206, #3870, #2178, #3137, #3430, #1898, #943, #2506, #4116, #272 ),
 .UNSPECIFIED., .F., .F.,
 ( 4, 2, 2, 2, 4 ),
 ( 0.000000000000000000, 0.0004025057433829212967, 0.0008050114867658425934, 0.001207517230148763944, 0.001610022973531685187 ),
 .UNSPECIFIED. ) ;
#1679 = VECTOR ( 'NONE', #2870, 1000.000000000000000 ) ;
#1680 = FACE_BOUND ( 'NONE', #2773, .T. ) ;
#1681 = ORIENTED_EDGE ( 'NONE', *, *, #2541, .F. ) ;
#1682 = AXIS2_PLACEMENT_3D ( 'NONE', #1163, #1503, #2703 ) ;
#1683 = ADVANCED_FACE ( 'NONE', ( #1140 ), #2412, .T. ) ;
#1684 = ORIENTED_EDGE ( 'NONE', *, *, #1763, .F. ) ;
#1685 = CIRCLE ( 'NONE', #364, 3.000000000000002665 ) ;
#1686 = CARTESIAN_POINT ( 'NONE',  ( -51.74500000000001876, 19.96793492499667622, 0.000000000000000000 ) ) ;
#1687 = ADVANCED_FACE ( 'NONE', ( #1083 ), #3298, .F. ) ;
#1688 = AXIS2_PLACEMENT_3D ( 'NONE', #1338, #1381, #2629 ) ;
#1689 = VERTEX_POINT ( 'NONE', #835 ) ;
#1690 = ORIENTED_EDGE ( 'NONE', *, *, #3283, .T. ) ;
#1691 = CARTESIAN_POINT ( 'NONE',  ( -19.62448257959728437, 37.76407684932541997, 2.585786437626905077 ) ) ;
#1692 = CARTESIAN_POINT ( 'NONE',  ( -9.614990928539691950, -46.98838713590125593, 0.000000000000000000 ) ) ;
#1693 = AXIS2_PLACEMENT_3D ( 'NONE', #3553, #1061, #3859 ) ;
#1694 = DIRECTION ( 'NONE',  ( -0.000000000000000000, -0.000000000000000000, -1.000000000000000000 ) ) ;
#1695 = ADVANCED_FACE ( 'NONE', ( #3028 ), #1706, .F. ) ;
#1696 = AXIS2_PLACEMENT_3D ( 'NONE', #2984, #3966, #2676 ) ;
#1697 = LINE ( 'NONE', #116, #2247 ) ;
#1698 = DIRECTION ( 'NONE',  ( 1.000000000000000000, 0.000000000000000000, 0.000000000000000000 ) ) ;
#1699 = CARTESIAN_POINT ( 'NONE',  ( 9.994999999999995666, -45.00000000000000000, 0.000000000000000000 ) ) ;
#1700 = CIRCLE ( 'NONE', #309, 1.000000000000000000 ) ;
#1701 = ORIENTED_EDGE ( 'NONE', *, *, #66, .T. ) ;
#1702 = AXIS2_PLACEMENT_3D ( 'NONE', #3637, #1092, #1059 ) ;
#1703 = CYLINDRICAL_SURFACE ( 'NONE', #2043, 3.000000000000002665 ) ;
#1704 = DIRECTION ( 'NONE',  ( -0.000000000000000000, -0.000000000000000000, -1.000000000000000000 ) ) ;
#1705 = VECTOR ( 'NONE', #1062, 1000.000000000000000 ) ;
#1706 = PLANE ( 'NONE',  #689 ) ;
#1707 = EDGE_CURVE ( 'NONE', #2606, #837, #3982, .T. ) ;
#1708 = CARTESIAN_POINT ( 'NONE',  ( -60.93356069705333766, -75.35267857142861203, 5.000000000000000000 ) ) ;
#1709 = DIRECTION ( 'NONE',  ( -0.000000000000000000, -0.000000000000000000, -1.000000000000000000 ) ) ;
#1710 = ORIENTED_EDGE ( 'NONE', *, *, #807, .T. ) ;
#1711 = ORIENTED_EDGE ( 'NONE', *, *, #1839, .T. ) ;
#1712 = CARTESIAN_POINT ( 'NONE',  ( -18.62448257959728437, 38.76407684932542708, 3.000000000000000000 ) ) ;
#1713 = CARTESIAN_POINT ( 'NONE',  ( 0.000000000000000000, 0.000000000000000000, 10.00000000000000000 ) ) ;
#1714 = CARTESIAN_POINT ( 'NONE',  ( -52.53828962499068922, -25.15438010052512041, 2.000000000000000000 ) ) ;
#1715 = DIRECTION ( 'NONE',  ( -0.000000000000000000, -1.000000000000000000, -0.000000000000000000 ) ) ;
#1716 = EDGE_CURVE ( 'NONE', #250, #3239, #3501, .T. ) ;
#1717 = CARTESIAN_POINT ( 'NONE',  ( -51.74500000000001876, 66.99999999999997158, 5.000000000000000000 ) ) ;
#1718 = LINE ( 'NONE', #3143, #2170 ) ;
#1719 = ORIENTED_EDGE ( 'NONE', *, *, #4079, .F. ) ;
#1720 = EDGE_CURVE ( 'NONE', #3774, #3654, #3355, .T. ) ;
#1721 = DIRECTION ( 'NONE',  ( -0.000000000000000000, -0.000000000000000000, -1.000000000000000000 ) ) ;
#1722 = ORIENTED_EDGE ( 'NONE', *, *, #1195, .T. ) ;
#1723 = FACE_BOUND ( 'NONE', #789, .T. ) ;
#1724 = CARTESIAN_POINT ( 'NONE',  ( -65.74500000000000455, -66.99999999999997158, 10.00000000000000000 ) ) ;
#1725 = ORIENTED_EDGE ( 'NONE', *, *, #1716, .T. ) ;
#1726 = DIRECTION ( 'NONE',  ( -0.000000000000000000, -0.000000000000000000, 1.000000000000000000 ) ) ;
#1727 = EDGE_LOOP ( 'NONE', ( #3471, #62, #451, #780 ) ) ;
#1728 = ORIENTED_EDGE ( 'NONE', *, *, #3629, .T. ) ;
#1729 = FACE_OUTER_BOUND ( 'NONE', #504, .T. ) ;
#1730 = DIRECTION ( 'NONE',  ( 1.000000000000000000, 0.000000000000000000, 0.000000000000000000 ) ) ;
#1731 = ADVANCED_FACE ( 'NONE', ( #1066 ), #2351, .F. ) ;
#1732 = MECHANICAL_DESIGN_GEOMETRIC_PRESENTATION_REPRESENTATION (  '', ( #1934 ), #208 ) ;
#1733 = AXIS2_PLACEMENT_3D ( 'NONE', #2679, #809, #1431 ) ;
#1734 = FACE_OUTER_BOUND ( 'NONE', #4096, .T. ) ;
#1735 = DIRECTION ( 'NONE',  ( 0.000000000000000000, 0.000000000000000000, 1.000000000000000000 ) ) ;
#1736 = DIRECTION ( 'NONE',  ( 0.000000000000000000, 0.000000000000000000, -1.000000000000000000 ) ) ;
#1737 = FACE_OUTER_BOUND ( 'NONE', #142, .T. ) ;
#1738 = CARTESIAN_POINT ( 'NONE',  ( -56.54723398003460488, 0.000000000000000000, 3.000000000000000000 ) ) ;
#1739 = CARTESIAN_POINT ( 'NONE',  ( -10.61499092853951431, -46.98838713590125593, 2.000000000000000000 ) ) ;
#1740 = EDGE_CURVE ( 'NONE', #2364, #3957, #791, .T. ) ;
#1741 = VECTOR ( 'NONE', #3585, 1000.000000000000000 ) ;
#1742 = LINE ( 'NONE', #2663, #2304 ) ;
#1743 = ORIENTED_EDGE ( 'NONE', *, *, #3249, .T. ) ;
#1744 = CARTESIAN_POINT ( 'NONE',  ( -51.74500000000000455, -30.94761299932681808, 3.000000000000000000 ) ) ;
#1745 = VECTOR ( 'NONE', #3387, 1000.000000000000000 ) ;
#1746 = CIRCLE ( 'NONE', #2699, 3.000000000000002665 ) ;
#1747 = EDGE_LOOP ( 'NONE', ( #2215, #3664, #2706, #729 ) ) ;
#1748 = CYLINDRICAL_SURFACE ( 'NONE', #228, 2.999999999999933387 ) ;
#1749 = CARTESIAN_POINT ( 'NONE',  ( -60.00500000000000966, 72.49999999999995737, 10.00000000000000000 ) ) ;
#1750 = VECTOR ( 'NONE', #3627, 1000.000000000000000 ) ;
#1751 = CARTESIAN_POINT ( 'NONE',  ( 11.59499999999999176, 44.99999999999995737, 5.000000000000000000 ) ) ;
#1752 = PLANE ( 'NONE',  #1107 ) ;
#1753 = VECTOR ( 'NONE', #2560, 1000.000000000000000 ) ;
#1754 = CARTESIAN_POINT ( 'NONE',  ( 9.994999999999995666, -45.00000000000000000, 5.000000000000000000 ) ) ;
#1755 = EDGE_CURVE ( 'NONE', #112, #1579, #2700, .T. ) ;
#1756 = DIRECTION ( 'NONE',  ( 0.000000000000000000, 0.000000000000000000, 1.000000000000000000 ) ) ;
#1757 = AXIS2_PLACEMENT_3D ( 'NONE', #1524, #2804, #1264 ) ;
#1758 = ORIENTED_EDGE ( 'NONE', *, *, #1896, .T. ) ;
#1759 = DIRECTION ( 'NONE',  ( -0.000000000000000000, -0.000000000000000000, -1.000000000000000000 ) ) ;
#1760 = DIRECTION ( 'NONE',  ( -0.000000000000000000, -0.000000000000000000, -1.000000000000000000 ) ) ;
#1761 = CARTESIAN_POINT ( 'NONE',  ( -37.74521744568226467, 30.43880777118787506, 0.000000000000000000 ) ) ;
#1762 = CIRCLE ( 'NONE', #50, 3.000000000000009770 ) ;
#1763 = EDGE_CURVE ( 'NONE', #1133, #862, #1151, .T. ) ;
#1764 = AXIS2_PLACEMENT_3D ( 'NONE', #3473, #1582, #267 ) ;
#1765 = DIRECTION ( 'NONE',  ( 0.000000000000000000, 0.000000000000000000, -1.000000000000000000 ) ) ;
#1766 = ORIENTED_EDGE ( 'NONE', *, *, #1303, .T. ) ;
#1767 = ORIENTED_EDGE ( 'NONE', *, *, #3177, .T. ) ;
#1768 = ADVANCED_FACE ( 'NONE', ( #3132 ), #2192, .F. ) ;
#1769 = ORIENTED_EDGE ( 'NONE', *, *, #1822, .F. ) ;
#1770 = LINE ( 'NONE', #861, #4044 ) ;
#1771 = AXIS2_PLACEMENT_3D ( 'NONE', #1255, #2254, #2550 ) ;
#1772 = ORIENTED_EDGE ( 'NONE', *, *, #9, .F. ) ;
#1773 = CARTESIAN_POINT ( 'NONE',  ( -12.97377536471974580, 45.26507572786680811, 5.000000000000000000 ) ) ;
#1774 = CARTESIAN_POINT ( 'NONE',  ( -48.74500000000000455, -27.94761299932681808, 5.000000000000000000 ) ) ;
#1775 = ORIENTED_EDGE ( 'NONE', *, *, #1389, .T. ) ;
#1776 = CARTESIAN_POINT ( 'NONE',  ( -54.53828962499045474, 22.86114967175884161, 2.000000000000000000 ) ) ;
#1777 = CARTESIAN_POINT ( 'NONE',  ( -52.53828962499051869, 22.86114967175884161, 0.000000000000000000 ) ) ;
#1778 = EDGE_CURVE ( 'NONE', #189, #3952, #3175, .T. ) ;
#1779 = ORIENTED_EDGE ( 'NONE', *, *, #2477, .F. ) ;
#1780 = CARTESIAN_POINT ( 'NONE',  ( -65.74500000000000455, -75.00000000000000000, 5.000000000000000000 ) ) ;
#1781 = DIRECTION ( 'NONE',  ( 0.000000000000000000, 0.000000000000000000, 1.000000000000000000 ) ) ;
#1782 = DIRECTION ( 'NONE',  ( -1.000000000000000000, 0.000000000000000000, 0.000000000000000000 ) ) ;
#1783 = DIRECTION ( 'NONE',  ( 0.000000000000000000, 0.000000000000000000, 1.000000000000000000 ) ) ;
#1784 = EDGE_CURVE ( 'NONE', #2799, #2020, #3615, .T. ) ;
#1785 = CARTESIAN_POINT ( 'NONE',  ( 9.994999999999995666, 44.99999999999995737, 2.000000000000000000 ) ) ;
#1786 = ORIENTED_EDGE ( 'NONE', *, *, #1740, .F. ) ;
#1787 = ORIENTED_EDGE ( 'NONE', *, *, #2573, .F. ) ;
#1788 = CARTESIAN_POINT ( 'NONE',  ( -84.24499999999999034, -55.00000000000000711, 0.000000000000000000 ) ) ;
#1789 = FACE_OUTER_BOUND ( 'NONE', #3596, .T. ) ;
#1790 = CARTESIAN_POINT ( 'NONE',  ( -51.74500000000000455, -28.01340901545179207, 2.294585921545038154 ) ) ;
#1791 = EDGE_CURVE ( 'NONE', #1397, #3632, #2085, .T. ) ;
#1792 = EDGE_LOOP ( 'NONE', ( #730, #38, #3530, #813 ) ) ;
#1793 = DIRECTION ( 'NONE',  ( -0.000000000000000000, -0.000000000000000000, -1.000000000000000000 ) ) ;
#1794 = CYLINDRICAL_SURFACE ( 'NONE', #2434, 3.000000000000002665 ) ;
#1795 = EDGE_CURVE ( 'NONE', #3480, #2934, #602, .T. ) ;
#1796 = DIRECTION ( 'NONE',  ( 1.000000000000000000, 0.000000000000000000, 0.000000000000000000 ) ) ;
#1797 = DIRECTION ( 'NONE',  ( -1.000000000000000000, -0.000000000000000000, -0.000000000000000000 ) ) ;
#1798 = CARTESIAN_POINT ( 'NONE',  ( -55.53828962499045474, 22.86114967175884161, 0.000000000000000000 ) ) ;
#1799 = ORIENTED_EDGE ( 'NONE', *, *, #756, .F. ) ;
#1800 = ORIENTED_EDGE ( 'NONE', *, *, #1494, .T. ) ;
#1801 = DIRECTION ( 'NONE',  ( 0.000000000000000000, -1.000000000000000000, 0.000000000000000000 ) ) ;
#1802 = FACE_BOUND ( 'NONE', #1436, .T. ) ;
#1803 = AXIS2_PLACEMENT_3D ( 'NONE', #2697, #3986, #2328 ) ;
#1804 = CARTESIAN_POINT ( 'NONE',  ( -36.74521744568226467, 32.14526759496442310, 3.000000000000000000 ) ) ;
#1805 = CARTESIAN_POINT ( 'NONE',  ( -30.52412065912967876, 33.14526759496442310, 2.000000000000000000 ) ) ;
#1806 = VERTEX_POINT ( 'NONE', #2147 ) ;
#1807 = ORIENTED_EDGE ( 'NONE', *, *, #2781, .T. ) ;
#1808 = LINE ( 'NONE', #115, #1233 ) ;
#1809 = CARTESIAN_POINT ( 'NONE',  ( -65.74500000000000455, 66.99999999999997158, 10.00000000000000000 ) ) ;
#1810 = EDGE_CURVE ( 'NONE', #1913, #951, #2571, .T. ) ;
#1811 = ORIENTED_EDGE ( 'NONE', *, *, #1483, .F. ) ;
#1812 = AXIS2_PLACEMENT_3D ( 'NONE', #2381, #2337, #3939 ) ;
#1813 = DIRECTION ( 'NONE',  ( 0.000000000000000000, 0.000000000000000000, 1.000000000000000000 ) ) ;
#1814 = DIRECTION ( 'NONE',  ( -1.000000000000000000, 0.000000000000000000, 0.000000000000000000 ) ) ;
#1815 = ADVANCED_FACE ( 'NONE', ( #2522 ), #2538, .F. ) ;
#1816 = AXIS2_PLACEMENT_3D ( 'NONE', #1234, #1862, #829 ) ;
#1817 = CARTESIAN_POINT ( 'NONE',  ( -54.74500000000000455, 74.99999999999997158, 10.00000000000000000 ) ) ;
#1818 = ORIENTED_EDGE ( 'NONE', *, *, #617, .F. ) ;
#1819 = DIRECTION ( 'NONE',  ( -1.000000000000000000, 0.000000000000000000, 0.000000000000000000 ) ) ;
#1820 = CIRCLE ( 'NONE', #2763, 3.000000000000002665 ) ;
#1821 = DIRECTION ( 'NONE',  ( -0.000000000000000000, 0.000000000000000000, 1.000000000000000000 ) ) ;
#1822 = EDGE_CURVE ( 'NONE', #3632, #2249, #2499, .T. ) ;
#1823 = VECTOR ( 'NONE', #333, 1000.000000000000000 ) ;
#1824 = EDGE_LOOP ( 'NONE', ( #281, #2545, #1941, #3900 ) ) ;
#1825 = FACE_OUTER_BOUND ( 'NONE', #1727, .T. ) ;
#1826 = DIRECTION ( 'NONE',  ( -0.000000000000000000, -0.000000000000000000, 1.000000000000000000 ) ) ;
#1827 = DIRECTION ( 'NONE',  ( 0.000000000000000000, 0.000000000000000000, -1.000000000000000000 ) ) ;
#1828 = AXIS2_PLACEMENT_3D ( 'NONE', #1677, #1596, #2879 ) ;
#1829 = PLANE ( 'NONE',  #1285 ) ;
#1830 = CARTESIAN_POINT ( 'NONE',  ( -63.00500000000001677, 72.49999999999995737, 5.000000000000000000 ) ) ;
#1831 = VERTEX_POINT ( 'NONE', #560 ) ;
#1832 = VECTOR ( 'NONE', #280, 1000.000000000000000 ) ;
#1833 = VERTEX_POINT ( 'NONE', #523 ) ;
#1834 = LINE ( 'NONE', #3121, #841 ) ;
#1835 = AXIS2_PLACEMENT_3D ( 'NONE', #1177, #2473, #2492 ) ;
#1836 = CARTESIAN_POINT ( 'NONE',  ( 14.25499999999999723, -33.94761299932681453, 0.000000000000000000 ) ) ;
#1837 = CARTESIAN_POINT ( 'NONE',  ( 0.000000000000000000, 0.000000000000000000, 0.000000000000000000 ) ) ;
#1838 = EDGE_CURVE ( 'NONE', #144, #989, #3778, .T. ) ;
#1839 = EDGE_CURVE ( 'NONE', #648, #842, #225, .T. ) ;
#1840 = DIRECTION ( 'NONE',  ( -1.000000000000000000, 0.000000000000000000, 0.000000000000000000 ) ) ;
#1841 = VECTOR ( 'NONE', #3001, 1000.000000000000000 ) ;
#1842 = EDGE_LOOP ( 'NONE', ( #1117, #1182, #84 ) ) ;
#1843 = LINE ( 'NONE', #1916, #4052 ) ;
#1844 = LINE ( 'NONE', #2420, #1745 ) ;
#1845 = VECTOR ( 'NONE', #2678, 1000.000000000000000 ) ;
#1846 = ORIENTED_EDGE ( 'NONE', *, *, #3624, .F. ) ;
#1847 = EDGE_LOOP ( 'NONE', ( #2867, #2162, #3542, #3455 ) ) ;
#1848 = DIRECTION ( 'NONE',  ( -0.000000000000000000, -1.000000000000000000, -0.000000000000000000 ) ) ;
#1849 = CARTESIAN_POINT ( 'NONE',  ( -30.52412065912967876, 31.79203768307636935, 5.000000000000000000 ) ) ;
#1850 = ORIENTED_EDGE ( 'NONE', *, *, #3218, .T. ) ;
#1851 = DIRECTION ( 'NONE',  ( -0.000000000000000000, 1.000000000000000000, -0.000000000000000000 ) ) ;
#1852 = CARTESIAN_POINT ( 'NONE',  ( -87.24499999999999034, -52.00000000000000711, 5.000000000000000000 ) ) ;
#1853 = DIRECTION ( 'NONE',  ( 1.000000000000000000, 0.000000000000000000, 0.000000000000000000 ) ) ;
#1854 = DIRECTION ( 'NONE',  ( 0.000000000000000000, 0.000000000000000000, -1.000000000000000000 ) ) ;
#1855 = EDGE_LOOP ( 'NONE', ( #1902, #1240, #4081, #3136 ) ) ;
#1856 = EDGE_CURVE ( 'NONE', #2569, #1920, #1559, .T. ) ;
#1857 = ORIENTED_EDGE ( 'NONE', *, *, #2298, .T. ) ;
#1858 = CARTESIAN_POINT ( 'NONE',  ( -15.93726924517893728, 39.80894216826094123, 3.000000000000000000 ) ) ;
#1859 = APPLICATION_PROTOCOL_DEFINITION ( 'draft international standard', 'automotive_design', 1998, #3062 ) ;
#1860 = DIRECTION ( 'NONE',  ( 1.000000000000000000, 0.000000000000000000, 0.000000000000000000 ) ) ;
#1861 = DIRECTION ( 'NONE',  ( 0.000000000000000000, 0.000000000000000000, -1.000000000000000000 ) ) ;
#1862 = DIRECTION ( 'NONE',  ( -0.000000000000000000, -0.000000000000000000, -1.000000000000000000 ) ) ;
#1863 = VERTEX_POINT ( 'NONE', #2840 ) ;
#1864 = CARTESIAN_POINT ( 'NONE',  ( -60.00500000000000966, 72.49999999999995737, 0.000000000000000000 ) ) ;
#1865 = EDGE_CURVE ( 'NONE', #991, #2464, #4134, .T. ) ;
#1866 = ORIENTED_EDGE ( 'NONE', *, *, #1622, .F. ) ;
#1867 = DIRECTION ( 'NONE',  ( 0.000000000000000000, 0.000000000000000000, 1.000000000000000000 ) ) ;
#1868 = CARTESIAN_POINT ( 'NONE',  ( -11.77046683615346545, 42.26507572786680811, 3.000000000000000000 ) ) ;
#1869 = CARTESIAN_POINT ( 'NONE',  ( -10.61499092853945925, -39.38838713590120477, 2.000000000000000000 ) ) ;
#1870 = VECTOR ( 'NONE', #2959, 1000.000000000000000 ) ;
#1871 = AXIS2_PLACEMENT_3D ( 'NONE', #1157, #598, #2737 ) ;
#1872 = ORIENTED_EDGE ( 'NONE', *, *, #3653, .T. ) ;
#1873 = CARTESIAN_POINT ( 'NONE',  ( 0.004999999999994592104, 38.85999999999998522, 5.000000000000000000 ) ) ;
#1874 = ADVANCED_FACE ( 'NONE', ( #2168 ), #3818, .T. ) ;
#1875 = ORIENTED_EDGE ( 'NONE', *, *, #3992, .F. ) ;
#1876 = CARTESIAN_POINT ( 'NONE',  ( -5.714039969255037654, 48.05509417343802880, 0.000000000000000000 ) ) ;
#1877 = LINE ( 'NONE', #3845, #890 ) ;
#1878 = AXIS2_PLACEMENT_3D ( 'NONE', #1007, #3890, #2911 ) ;
#1879 = CARTESIAN_POINT ( 'NONE',  ( -11.61499092853933668, -46.98838713590125593, 0.000000000000000000 ) ) ;
#1880 = ORIENTED_EDGE ( 'NONE', *, *, #3973, .F. ) ;
#1881 = ORIENTED_EDGE ( 'NONE', *, *, #924, .F. ) ;
#1882 = DIRECTION ( 'NONE',  ( 0.000000000000000000, 1.000000000000000000, 0.000000000000000000 ) ) ;
#1883 = AXIS2_PLACEMENT_3D ( 'NONE', #276, #2735, #2852 ) ;
#1884 = DIRECTION ( 'NONE',  ( -1.000000000000000000, 0.000000000000000000, 0.000000000000000000 ) ) ;
#1885 = ORIENTED_EDGE ( 'NONE', *, *, #2188, .F. ) ;
#1886 = FACE_OUTER_BOUND ( 'NONE', #3075, .T. ) ;
#1887 = AXIS2_PLACEMENT_3D ( 'NONE', #1869, #2757, #1198 ) ;
#1888 = ADVANCED_FACE ( 'NONE', ( #4085, #3447 ), #584, .T. ) ;
#1889 = LINE ( 'NONE', #3169, #2969 ) ;
#1890 = AXIS2_PLACEMENT_3D ( 'NONE', #1620, #2234, #1910 ) ;
#1891 = CARTESIAN_POINT ( 'NONE',  ( -16.39105546427840565, 37.76407684932541997, 3.000000000000000000 ) ) ;
#1892 = EDGE_LOOP ( 'NONE', ( #2970, #1262, #1376, #2996 ) ) ;
#1893 = AXIS2_PLACEMENT_3D ( 'NONE', #3088, #2476, #3149 ) ;
#1894 = DIRECTION ( 'NONE',  ( 0.000000000000000000, 0.000000000000000000, 1.000000000000000000 ) ) ;
#1895 = VECTOR ( 'NONE', #3265, 1000.000000000000000 ) ;
#1896 = EDGE_CURVE ( 'NONE', #189, #2799, #1536, .T. ) ;
#1897 = ORIENTED_EDGE ( 'NONE', *, *, #351, .T. ) ;
#1898 = CARTESIAN_POINT ( 'NONE',  ( -51.74500000000001165, -22.48030603326525778, 2.628255851477447003 ) ) ;
#1899 = DIRECTION ( 'NONE',  ( -1.000000000000000000, -0.000000000000000000, -0.000000000000000000 ) ) ;
#1900 = AXIS2_PLACEMENT_3D ( 'NONE', #182, #4018, #578 ) ;
#1901 = CIRCLE ( 'NONE', #3517, 1.599999999999997202 ) ;
#1902 = ORIENTED_EDGE ( 'NONE', *, *, #2925, .T. ) ;
#1903 = EDGE_LOOP ( 'NONE', ( #3487, #1743, #1036, #316 ) ) ;
#1904 = CARTESIAN_POINT ( 'NONE',  ( -51.74500000000000455, -27.72092903225169991, 2.751685431883355015 ) ) ;
#1905 = VECTOR ( 'NONE', #653, 1000.000000000000000 ) ;
#1906 = CARTESIAN_POINT ( 'NONE',  ( -19.62448257959728437, 37.76407684932541997, 2.000000000000000000 ) ) ;
#1907 = CARTESIAN_POINT ( 'NONE',  ( -18.62448257959728437, 38.76407684932542708, 3.000000000000000000 ) ) ;
#1908 = EDGE_CURVE ( 'NONE', #561, #3686, #1556, .T. ) ;
#1909 = EDGE_CURVE ( 'NONE', #1263, #91, #2598, .T. ) ;
#1910 = DIRECTION ( 'NONE',  ( 1.000000000000000000, 0.000000000000000000, 0.000000000000000000 ) ) ;
#1911 = VERTEX_POINT ( 'NONE', #51 ) ;
#1912 = DIRECTION ( 'NONE',  ( 0.000000000000000000, 0.000000000000000000, 1.000000000000000000 ) ) ;
#1913 = VERTEX_POINT ( 'NONE', #3210 ) ;
#1914 = EDGE_CURVE ( 'NONE', #1048, #2616, #1153, .T. ) ;
#1915 = ORIENTED_EDGE ( 'NONE', *, *, #1286, .T. ) ;
#1916 = CARTESIAN_POINT ( 'NONE',  ( -51.74499999999999744, 77.99999999999997158, 0.000000000000000000 ) ) ;
#1917 = LINE ( 'NONE', #2850, #3217 ) ;
#1918 = ORIENTED_EDGE ( 'NONE', *, *, #2311, .T. ) ;
#1919 = EDGE_CURVE ( 'NONE', #1576, #1913, #41, .T. ) ;
#1920 = VERTEX_POINT ( 'NONE', #645 ) ;
#1921 = ORIENTED_EDGE ( 'NONE', *, *, #1001, .T. ) ;
#1922 = FACE_OUTER_BOUND ( 'NONE', #2108, .T. ) ;
#1923 = ORIENTED_EDGE ( 'NONE', *, *, #3218, .F. ) ;
#1924 = DIRECTION ( 'NONE',  ( -1.000000000000000000, 0.000000000000000000, 0.000000000000000000 ) ) ;
#1925 = PLANE ( 'NONE',  #3238 ) ;
#1926 = ADVANCED_FACE ( 'NONE', ( #314 ), #2553, .F. ) ;
#1927 = ORIENTED_EDGE ( 'NONE', *, *, #3510, .F. ) ;
#1928 = DIRECTION ( 'NONE',  ( -0.000000000000000000, -0.000000000000000000, 1.000000000000000000 ) ) ;
#1929 = CARTESIAN_POINT ( 'NONE',  ( -53.94355883231942528, 13.24168550704365188, 3.000000000000000000 ) ) ;
#1930 = CARTESIAN_POINT ( 'NONE',  ( -87.24499999999999034, 51.99999999999996447, 5.000000000000000000 ) ) ;
#1931 = VERTEX_POINT ( 'NONE', #2258 ) ;
#1932 = ORIENTED_EDGE ( 'NONE', *, *, #1350, .F. ) ;
#1933 = ORIENTED_EDGE ( 'NONE', *, *, #2531, .T. ) ;
#1934 = STYLED_ITEM ( 'NONE', ( #1944 ), #606 ) ;
#1935 = CARTESIAN_POINT ( 'NONE',  ( -54.74500000000000455, 77.99999999999997158, 10.00000000000000000 ) ) ;
#1936 = ORIENTED_EDGE ( 'NONE', *, *, #2414, .T. ) ;
#1937 = EDGE_CURVE ( 'NONE', #2649, #3392, #3532, .T. ) ;
#1938 = LINE ( 'NONE', #2646, #754 ) ;
#1939 = ORIENTED_EDGE ( 'NONE', *, *, #3045, .T. ) ;
#1940 = ORIENTED_EDGE ( 'NONE', *, *, #3883, .F. ) ;
#1941 = ORIENTED_EDGE ( 'NONE', *, *, #876, .F. ) ;
#1942 = FACE_OUTER_BOUND ( 'NONE', #662, .T. ) ;
#1943 = EDGE_LOOP ( 'NONE', ( #3895, #1551, #1950, #388 ) ) ;
#1944 = PRESENTATION_STYLE_ASSIGNMENT (( #3204 ) ) ;
#1945 = FACE_OUTER_BOUND ( 'NONE', #2582, .T. ) ;
#1946 = FACE_OUTER_BOUND ( 'NONE', #1142, .T. ) ;
#1947 = EDGE_LOOP ( 'NONE', ( #2635, #4065, #3752, #169 ) ) ;
#1948 = VERTEX_POINT ( 'NONE', #1259 ) ;
#1949 = VECTOR ( 'NONE', #716, 1000.000000000000000 ) ;
#1950 = ORIENTED_EDGE ( 'NONE', *, *, #3026, .F. ) ;
#1951 = CARTESIAN_POINT ( 'NONE',  ( -57.54723398003460488, 13.65589906941674947, 0.000000000000000000 ) ) ;
#1952 = CARTESIAN_POINT ( 'NONE',  ( -37.74521744568226467, 33.14526759496442310, 3.000000000000000000 ) ) ;
#1953 = CIRCLE ( 'NONE', #152, 3.000000000000002665 ) ;
#1954 = ORIENTED_EDGE ( 'NONE', *, *, #3051, .F. ) ;
#1955 = DIRECTION ( 'NONE',  ( 0.000000000000000000, 0.000000000000000000, 1.000000000000000000 ) ) ;
#1956 = ORIENTED_EDGE ( 'NONE', *, *, #1439, .F. ) ;
#1957 = AXIS2_PLACEMENT_3D ( 'NONE', #3707, #773, #2107 ) ;
#1958 = DIRECTION ( 'NONE',  ( 0.000000000000000000, 1.000000000000000000, 0.000000000000000000 ) ) ;
#1959 = ORIENTED_EDGE ( 'NONE', *, *, #2837, .F. ) ;
#1960 = AXIS2_PLACEMENT_3D ( 'NONE', #3386, #3673, #4011 ) ;
#1961 = ORIENTED_EDGE ( 'NONE', *, *, #2718, .F. ) ;
#1962 = CARTESIAN_POINT ( 'NONE',  ( -16.39105546427840565, 37.76407684932541997, 0.000000000000000000 ) ) ;
#1963 = AXIS2_PLACEMENT_3D ( 'NONE', #2597, #2324, #1041 ) ;
#1964 = EDGE_CURVE ( 'NONE', #3710, #2687, #3838, .T. ) ;
#1965 = EDGE_CURVE ( 'NONE', #2102, #1263, #1598, .T. ) ;
#1966 = ORIENTED_EDGE ( 'NONE', *, *, #2279, .T. ) ;
#1967 = VECTOR ( 'NONE', #2268, 1000.000000000000000 ) ;
#1968 = ORIENTED_EDGE ( 'NONE', *, *, #3269, .F. ) ;
#1969 = DIRECTION ( 'NONE',  ( -0.000000000000000000, -0.000000000000000000, -1.000000000000000000 ) ) ;
#1970 = EDGE_LOOP ( 'NONE', ( #3588, #3620, #1612, #549 ) ) ;
#1971 = DIRECTION ( 'NONE',  ( 1.000000000000000000, 0.000000000000000000, -0.000000000000000000 ) ) ;
#1972 = AXIS2_PLACEMENT_3D ( 'NONE', #4145, #3830, #949 ) ;
#1973 = ADVANCED_FACE ( 'NONE', ( #3861 ), #2918, .T. ) ;
#1974 = ORIENTED_EDGE ( 'NONE', *, *, #2005, .F. ) ;
#1975 = DIRECTION ( 'NONE',  ( 6.033820786006289662E-16, -1.000000000000000000, -0.000000000000000000 ) ) ;
#1976 = ORIENTED_EDGE ( 'NONE', *, *, #1544, .T. ) ;
#1977 = CARTESIAN_POINT ( 'NONE',  ( -58.73499999999999943, -60.99000000000001620, 5.000000000000000000 ) ) ;
#1978 = CIRCLE ( 'NONE', #175, 3.000000000000002665 ) ;
#1979 = DIRECTION ( 'NONE',  ( -0.000000000000000000, -0.000000000000000000, 1.000000000000000000 ) ) ;
#1980 = EDGE_CURVE ( 'NONE', #266, #3050, #3165, .T. ) ;
#1981 = AXIS2_PLACEMENT_3D ( 'NONE', #2369, #1721, #1782 ) ;
#1982 = ORIENTED_EDGE ( 'NONE', *, *, #3068, .T. ) ;
#1983 = CARTESIAN_POINT ( 'NONE',  ( 14.25499999999999723, 48.88661684659246021, 5.000000000000000000 ) ) ;
#1984 = ORIENTED_EDGE ( 'NONE', *, *, #2874, .T. ) ;
#1985 = EDGE_CURVE ( 'NONE', #589, #878, #715, .T. ) ;
#1986 = CARTESIAN_POINT ( 'NONE',  ( -10.90068441568816127, 43.09659840102123951, 5.000000000000000000 ) ) ;
#1987 = ORIENTED_EDGE ( 'NONE', *, *, #2485, .T. ) ;
#1988 = DIRECTION ( 'NONE',  ( 1.000000000000000000, -0.000000000000000000, 0.000000000000000000 ) ) ;
#1989 = ORIENTED_EDGE ( 'NONE', *, *, #1175, .F. ) ;
#1990 = ORIENTED_EDGE ( 'NONE', *, *, #3642, .T. ) ;
#1991 = CARTESIAN_POINT ( 'NONE',  ( -48.74500000000001876, 45.26507572786680811, 5.000000000000000000 ) ) ;
#1992 = CARTESIAN_POINT ( 'NONE',  ( -51.74500000000001165, 25.22021138580929289, 2.881996638709734437 ) ) ;
#1993 = CARTESIAN_POINT ( 'NONE',  ( -54.74500000000000455, 77.99999999999997158, 5.000000000000000000 ) ) ;
#1994 = VERTEX_POINT ( 'NONE', #1071 ) ;
#1995 = CARTESIAN_POINT ( 'NONE',  ( -16.39105546427840565, 37.76407684932541997, 2.000000000000000000 ) ) ;
#1996 = ORIENTED_EDGE ( 'NONE', *, *, #2019, .T. ) ;
#1997 = CARTESIAN_POINT ( 'NONE',  ( -51.74500000000001165, 74.99999999999997158, 10.00000000000000000 ) ) ;
#1998 = EDGE_CURVE ( 'NONE', #2102, #2667, #2705, .T. ) ;
#1999 = CARTESIAN_POINT ( 'NONE',  ( -57.00500000000000256, 72.49999999999995737, 5.000000000000000000 ) ) ;
#2000 = CARTESIAN_POINT ( 'NONE',  ( -10.61499092853945925, -39.38838713590120477, 3.000000000000000000 ) ) ;
#2001 = ORIENTED_EDGE ( 'NONE', *, *, #1795, .T. ) ;
#2002 = ORIENTED_EDGE ( 'NONE', *, *, #1568, .T. ) ;
#2003 = ORIENTED_EDGE ( 'NONE', *, *, #1544, .F. ) ;
#2004 = CARTESIAN_POINT ( 'NONE',  ( -57.00500000000000256, -72.50000000000001421, 0.000000000000000000 ) ) ;
#2005 = EDGE_CURVE ( 'NONE', #2618, #629, #562, .T. ) ;
#2006 = CYLINDRICAL_SURFACE ( 'NONE', #483, 1.000000000000000000 ) ;
#2007 = VECTOR ( 'NONE', #1367, 1000.000000000000000 ) ;
#2008 = ORIENTED_EDGE ( 'NONE', *, *, #2446, .T. ) ;
#2009 = VECTOR ( 'NONE', #4124, 1000.000000000000000 ) ;
#2010 = ORIENTED_EDGE ( 'NONE', *, *, #1081, .T. ) ;
#2011 = CARTESIAN_POINT ( 'NONE',  ( -19.21026901722418856, 38.17829041169851934, 3.000000000000000000 ) ) ;
#2012 = FACE_OUTER_BOUND ( 'NONE', #1521, .T. ) ;
#2013 = DIRECTION ( 'NONE',  ( 0.000000000000000000, 0.000000000000000000, -1.000000000000000000 ) ) ;
#2014 = CARTESIAN_POINT ( 'NONE',  ( -0.005000000000005000445, -38.86000000000001364, 5.000000000000000000 ) ) ;
#2015 = DIRECTION ( 'NONE',  ( -1.000000000000000000, 0.000000000000000000, 0.000000000000000000 ) ) ;
#2016 = EDGE_LOOP ( 'NONE', ( #85, #3330, #1996, #1266 ) ) ;
#2017 = CARTESIAN_POINT ( 'NONE',  ( -12.97377536471974580, 42.26507572786680811, 1.734723475976807094E-15 ) ) ;
#2018 = DIRECTION ( 'NONE',  ( 1.000000000000000000, 0.000000000000000000, 0.000000000000000000 ) ) ;
#2019 = EDGE_CURVE ( 'NONE', #2535, #92, #1316, .T. ) ;
#2020 = VERTEX_POINT ( 'NONE', #3263 ) ;
#2021 = CIRCLE ( 'NONE', #2218, 1.599999999999997202 ) ;
#2022 = CARTESIAN_POINT ( 'NONE',  ( 14.25499999999999723, 48.88661684659246021, 5.000000000000000000 ) ) ;
#2023 = CARTESIAN_POINT ( 'NONE',  ( -84.24499999999999034, -45.00000000000000711, 5.000000000000000000 ) ) ;
#2024 = AXIS2_PLACEMENT_3D ( 'NONE', #1479, #4031, #4074 ) ;
#2025 = DIRECTION ( 'NONE',  ( -1.000000000000000000, 0.000000000000000000, 0.000000000000000000 ) ) ;
#2026 = AXIS2_PLACEMENT_3D ( 'NONE', #1222, #2459, #3732 ) ;
#2027 = CARTESIAN_POINT ( 'NONE',  ( -65.74499999999999034, 57.99999999999998579, 0.000000000000000000 ) ) ;
#2028 = VECTOR ( 'NONE', #211, 1000.000000000000000 ) ;
#2029 = EDGE_LOOP ( 'NONE', ( #3071, #2830, #3539, #1105 ) ) ;
#2030 = CARTESIAN_POINT ( 'NONE',  ( 14.25499999999999723, -30.94761299932681808, 5.000000000000000000 ) ) ;
#2031 = LINE ( 'NONE', #1013, #3421 ) ;
#2032 = VECTOR ( 'NONE', #1346, 1000.000000000000000 ) ;
#2033 = DIRECTION ( 'NONE',  ( 1.000000000000000000, 0.000000000000000000, 0.000000000000000000 ) ) ;
#2034 = ADVANCED_FACE ( 'NONE', ( #2289 ), #781, .F. ) ;
#2035 = AXIS2_PLACEMENT_3D ( 'NONE', #2072, #3061, #1756 ) ;
#2036 = CARTESIAN_POINT ( 'NONE',  ( -58.74500000000000455, 60.97999999999998266, 0.000000000000000000 ) ) ;
#2037 = CARTESIAN_POINT ( 'NONE',  ( -48.74500000000001876, 45.26507572786680811, 0.000000000000000000 ) ) ;
#2038 = DIRECTION ( 'NONE',  ( 0.000000000000000000, 0.000000000000000000, -1.000000000000000000 ) ) ;
#2039 = AXIS2_PLACEMENT_3D ( 'NONE', #2149, #3736, #3961 ) ;
#2040 = VERTEX_POINT ( 'NONE', #2048 ) ;
#2041 = VECTOR ( 'NONE', #2982, 1000.000000000000000 ) ;
#2042 = FACE_OUTER_BOUND ( 'NONE', #3206, .T. ) ;
#2043 = AXIS2_PLACEMENT_3D ( 'NONE', #2986, #3644, #121 ) ;
#2044 = CARTESIAN_POINT ( 'NONE',  ( 9.994999999999995666, 44.99999999999995737, 5.000000000000000000 ) ) ;
#2045 = VERTEX_POINT ( 'NONE', #3914 ) ;
#2046 = DIRECTION ( 'NONE',  ( -0.000000000000000000, 0.000000000000000000, 1.000000000000000000 ) ) ;
#2047 = ADVANCED_FACE ( 'NONE', ( #410 ), #2380, .F. ) ;
#2048 = CARTESIAN_POINT ( 'NONE',  ( -63.88852080077449358, -77.77351044313809325, 0.000000000000000000 ) ) ;
#2049 = CARTESIAN_POINT ( 'NONE',  ( 14.25499999999999723, 31.79203768307636935, 5.000000000000000000 ) ) ;
#2050 = ADVANCED_FACE ( 'NONE', ( #61 ), #3612, .T. ) ;
#2051 = CARTESIAN_POINT ( 'NONE',  ( -60.00500000000000966, 72.49999999999995737, 0.000000000000000000 ) ) ;
#2052 = DIRECTION ( 'NONE',  ( 0.000000000000000000, 0.000000000000000000, -1.000000000000000000 ) ) ;
#2053 = CARTESIAN_POINT ( 'NONE',  ( -54.74500000000000455, 77.99999999999997158, 0.000000000000000000 ) ) ;
#2054 = EDGE_CURVE ( 'NONE', #3125, #18, #2915, .T. ) ;
#2055 = ORIENTED_EDGE ( 'NONE', *, *, #1160, .F. ) ;
#2056 = ORIENTED_EDGE ( 'NONE', *, *, #963, .F. ) ;
#2057 = CARTESIAN_POINT ( 'NONE',  ( -4.844257548789735246, 48.88661684659246021, 5.000000000000000000 ) ) ;
#2058 = DIRECTION ( 'NONE',  ( -0.000000000000000000, -0.000000000000000000, 1.000000000000000000 ) ) ;
#2059 = LINE ( 'NONE', #161, #896 ) ;
#2060 = FACE_OUTER_BOUND ( 'NONE', #1501, .T. ) ;
#2061 = ORIENTED_EDGE ( 'NONE', *, *, #1636, .F. ) ;
#2062 = ADVANCED_FACE ( 'NONE', ( #93 ), #3976, .T. ) ;
#2063 = ORIENTED_EDGE ( 'NONE', *, *, #2932, .T. ) ;
#2064 = CYLINDRICAL_SURFACE ( 'NONE', #1287, 3.000000000000000888 ) ;
#2065 = FACE_OUTER_BOUND ( 'NONE', #48, .T. ) ;
#2066 = CIRCLE ( 'NONE', #668, 3.000000000000002665 ) ;
#2067 = VECTOR ( 'NONE', #2347, 1000.000000000000000 ) ;
#2068 = EDGE_CURVE ( 'NONE', #3213, #1657, #2642, .T. ) ;
#2069 = CARTESIAN_POINT ( 'NONE',  ( -51.74499999999999744, 77.99999999999997158, 5.000000000000000000 ) ) ;
#2070 = ORIENTED_EDGE ( 'NONE', *, *, #311, .T. ) ;
#2071 = CARTESIAN_POINT ( 'NONE',  ( -84.24499999999999034, -52.00000000000000711, 5.000000000000000000 ) ) ;
#2072 = CARTESIAN_POINT ( 'NONE',  ( -56.54723398003460488, 0.000000000000000000, 2.000000000000000000 ) ) ;
#2073 = ORIENTED_EDGE ( 'NONE', *, *, #3841, .T. ) ;
#2074 = FACE_OUTER_BOUND ( 'NONE', #1475, .T. ) ;
#2075 = CARTESIAN_POINT ( 'NONE',  ( 11.59499999999999176, 44.99999999999995737, 2.000000000000000000 ) ) ;
#2076 = CARTESIAN_POINT ( 'NONE',  ( -10.61499092853945925, -39.38838713590120477, 2.000000000000000000 ) ) ;
#2077 = CARTESIAN_POINT ( 'NONE',  ( -51.74499999999999744, 74.99999999999997158, 5.000000000000000000 ) ) ;
#2078 = DIRECTION ( 'NONE',  ( -0.000000000000000000, -0.000000000000000000, -1.000000000000000000 ) ) ;
#2079 = AXIS2_PLACEMENT_3D ( 'NONE', #3260, #1709, #2951 ) ;
#2080 = CARTESIAN_POINT ( 'NONE',  ( -36.74521744568226467, 31.79203768307636935, 2.000000000000000000 ) ) ;
#2081 = VERTEX_POINT ( 'NONE', #1360 ) ;
#2082 = VERTEX_POINT ( 'NONE', #3566 ) ;
#2083 = CARTESIAN_POINT ( 'NONE',  ( -54.52934526994632591, 9.598901098682526722, 3.000000000000000000 ) ) ;
#2084 = AXIS2_PLACEMENT_3D ( 'NONE', #607, #2129, #883 ) ;
#2085 = CIRCLE ( 'NONE', #2640, 3.000000000000002665 ) ;
#2086 = ORIENTED_EDGE ( 'NONE', *, *, #443, .F. ) ;
#2087 = DIRECTION ( 'NONE',  ( 0.000000000000000000, 0.000000000000000000, 1.000000000000000000 ) ) ;
#2088 = CARTESIAN_POINT ( 'NONE',  ( -56.02850656985354760, 77.99999999999997158, 10.00000000000000000 ) ) ;
#2089 = VECTOR ( 'NONE', #5, 1000.000000000000000 ) ;
#2090 = EDGE_CURVE ( 'NONE', #2396, #3611, #2650, .T. ) ;
#2091 = EDGE_CURVE ( 'NONE', #2045, #302, #396, .T. ) ;
#2092 = CARTESIAN_POINT ( 'NONE',  ( -30.52412065912967876, 30.43880777118787506, 0.000000000000000000 ) ) ;
#2093 = CYLINDRICAL_SURFACE ( 'NONE', #1437, 1.599999999999997202 ) ;
#2094 = VECTOR ( 'NONE', #3476, 1000.000000000000000 ) ;
#2095 = PLANE ( 'NONE',  #540 ) ;
#2096 = LINE ( 'NONE', #1404, #168 ) ;
#2097 = EDGE_CURVE ( 'NONE', #2082, #1335, #2444, .T. ) ;
#2098 = VECTOR ( 'NONE', #3549, 1000.000000000000000 ) ;
#2099 = VERTEX_POINT ( 'NONE', #2935 ) ;
#2100 = DIRECTION ( 'NONE',  ( -0.000000000000000000, -1.000000000000000000, -0.000000000000000000 ) ) ;
#2101 = CARTESIAN_POINT ( 'NONE',  ( -31.52412065912967876, 0.000000000000000000, 3.000000000000000000 ) ) ;
#2102 = VERTEX_POINT ( 'NONE', #114 ) ;
#2103 = CARTESIAN_POINT ( 'NONE',  ( -57.54723398003460488, 8.598901098682528499, 2.585786437626905077 ) ) ;
#2104 = AXIS2_PLACEMENT_3D ( 'NONE', #78, #1298, #2895 ) ;
#2105 = LINE ( 'NONE', #2881, #3030 ) ;
#2106 = AXIS2_PLACEMENT_3D ( 'NONE', #3614, #2652, #1383 ) ;
#2107 = DIRECTION ( 'NONE',  ( -1.000000000000000000, 0.000000000000000000, 0.000000000000000000 ) ) ;
#2108 = EDGE_LOOP ( 'NONE', ( #2002, #2329, #2500, #1880 ) ) ;
#2109 = CARTESIAN_POINT ( 'NONE',  ( 12.99499999999999567, -45.00000000000000000, 0.000000000000000000 ) ) ;
#2110 = CARTESIAN_POINT ( 'NONE',  ( -57.13302041766150552, 13.24168550704365188, 3.000000000000000000 ) ) ;
#2111 = AXIS2_PLACEMENT_3D ( 'NONE', #98, #3289, #3616 ) ;
#2112 = EDGE_CURVE ( 'NONE', #3012, #2765, #3505, .T. ) ;
#2113 = AXIS2_PLACEMENT_3D ( 'NONE', #2392, #3665, #3333 ) ;
#2114 = CARTESIAN_POINT ( 'NONE',  ( -87.24499999999999034, 47.99999999999996447, 5.000000000000000000 ) ) ;
#2115 = DIRECTION ( 'NONE',  ( -0.000000000000000000, -0.000000000000000000, -1.000000000000000000 ) ) ;
#2116 = EDGE_LOOP ( 'NONE', ( #1331, #3886, #733, #2668, #245, #3133, #1628, #3084, #2548, #2221, #3010, #2834, #3382, #1438, #256, #1654, #1269, #1190, #1658, #714, #3336, #1309, #226, #4053, #3709, #3381, #343, #3551, #1989, #3492, #2906, #2929, #694, #657, #28, #3276, #2483, #2950, #3741 ) ) ;
#2117 = CARTESIAN_POINT ( 'NONE',  ( 14.25499999999999723, 34.79203768307637290, 0.000000000000000000 ) ) ;
#2118 = CARTESIAN_POINT ( 'NONE',  ( -60.00499999999998124, -72.49999999999995737, 0.000000000000000000 ) ) ;
#2119 = ORIENTED_EDGE ( 'NONE', *, *, #3836, .T. ) ;
#2120 = PLANE ( 'NONE',  #382 ) ;
#2121 = ADVANCED_FACE ( 'NONE', ( #2669 ), #3959, .F. ) ;
#2122 = DIRECTION ( 'NONE',  ( -0.000000000000000000, -1.000000000000000000, -0.000000000000000000 ) ) ;
#2123 = DIRECTION ( 'NONE',  ( -1.000000000000000000, 0.000000000000000000, 0.000000000000000000 ) ) ;
#2124 = CARTESIAN_POINT ( 'NONE',  ( -30.52412065912967165, 33.14526759496442310, 2.585786437626905077 ) ) ;
#2125 = VERTEX_POINT ( 'NONE', #2114 ) ;
#2126 = EDGE_CURVE ( 'NONE', #3880, #1040, #3433, .T. ) ;
#2127 = ORIENTED_EDGE ( 'NONE', *, *, #3142, .F. ) ;
#2128 = CARTESIAN_POINT ( 'NONE',  ( -17.39105546427840565, 39.80894216826094123, 2.000000000000000000 ) ) ;
#2129 = DIRECTION ( 'NONE',  ( 0.000000000000000000, 0.000000000000000000, 1.000000000000000000 ) ) ;
#2130 = EDGE_CURVE ( 'NONE', #1520, #2082, #4050, .T. ) ;
#2131 = ORIENTED_EDGE ( 'NONE', *, *, #833, .F. ) ;
#2132 = DIRECTION ( 'NONE',  ( -0.000000000000000000, 1.000000000000000000, -0.000000000000000000 ) ) ;
#2133 = CARTESIAN_POINT ( 'NONE',  ( -65.74500000000000455, -78.00000000000000000, 0.000000000000000000 ) ) ;
#2134 = CARTESIAN_POINT ( 'NONE',  ( -51.74499999999999744, -78.00000000000000000, 5.000000000000000000 ) ) ;
#2135 = ORIENTED_EDGE ( 'NONE', *, *, #955, .T. ) ;
#2136 = CYLINDRICAL_SURFACE ( 'NONE', #3277, 2.999999999999999112 ) ;
#2137 = CARTESIAN_POINT ( 'NONE',  ( -62.74499999999999744, 74.99999999999997158, 10.00000000000000000 ) ) ;
#2138 = VECTOR ( 'NONE', #3896, 1000.000000000000000 ) ;
#2139 = ORIENTED_EDGE ( 'NONE', *, *, #924, .T. ) ;
#2140 = CARTESIAN_POINT ( 'NONE',  ( 0.000000000000000000, 0.000000000000000000, 5.000000000000000000 ) ) ;
#2141 = DIRECTION ( 'NONE',  ( 1.000000000000000000, 0.000000000000000000, 0.000000000000000000 ) ) ;
#2142 = AXIS2_PLACEMENT_3D ( 'NONE', #2144, #3067, #1827 ) ;
#2143 = ORIENTED_EDGE ( 'NONE', *, *, #728, .T. ) ;
#2144 = CARTESIAN_POINT ( 'NONE',  ( -65.74499999999999034, -45.00000000000002842, 5.000000000000000000 ) ) ;
#2145 = CARTESIAN_POINT ( 'NONE',  ( -51.74500000000001876, 20.38431397264027467, 2.810215166487358474 ) ) ;
#2146 = ADVANCED_FACE ( 'NONE', ( #528 ), #1748, .F. ) ;
#2147 = CARTESIAN_POINT ( 'NONE',  ( -22.14407308639565386, 39.80894216826094123, 2.000000000000000000 ) ) ;
#2148 = EDGE_LOOP ( 'NONE', ( #959, #1176 ) ) ;
#2149 = CARTESIAN_POINT ( 'NONE',  ( 0.000000000000000000, 0.000000000000000000, 3.000000000000000000 ) ) ;
#2150 = DIRECTION ( 'NONE',  ( -1.000000000000000000, 0.000000000000000000, 0.000000000000000000 ) ) ;
#2151 = AXIS2_PLACEMENT_3D ( 'NONE', #695, #398, #2937 ) ;
#2152 = LINE ( 'NONE', #232, #2232 ) ;
#2153 = CARTESIAN_POINT ( 'NONE',  ( -68.74499999999999034, 41.99999999999997868, 5.000000000000000000 ) ) ;
#2154 = EDGE_CURVE ( 'NONE', #755, #3589, #3100, .T. ) ;
#2155 = CIRCLE ( 'NONE', #819, 2.249999999999988010 ) ;
#2156 = ORIENTED_EDGE ( 'NONE', *, *, #3270, .T. ) ;
#2157 = LINE ( 'NONE', #4039, #273 ) ;
#2158 = DIRECTION ( 'NONE',  ( -1.000000000000000000, 0.000000000000000000, 0.000000000000000000 ) ) ;
#2159 = EDGE_CURVE ( 'NONE', #887, #2331, #2152, .T. ) ;
#2160 = ORIENTED_EDGE ( 'NONE', *, *, #1452, .T. ) ;
#2161 = AXIS2_PLACEMENT_3D ( 'NONE', #4075, #1461, #1147 ) ;
#2162 = ORIENTED_EDGE ( 'NONE', *, *, #3906, .T. ) ;
#2163 = CARTESIAN_POINT ( 'NONE',  ( -68.74499999999999034, 54.99999999999998579, 5.000000000000000000 ) ) ;
#2164 = CARTESIAN_POINT ( 'NONE',  ( -84.24499999999999034, 47.99999999999996447, 0.000000000000000000 ) ) ;
#2165 = DIRECTION ( 'NONE',  ( -1.000000000000000000, 0.000000000000000000, 0.000000000000000000 ) ) ;
#2166 = CARTESIAN_POINT ( 'NONE',  ( -51.74500000000001165, 20.10615306683461867, 2.516162472167133402 ) ) ;
#2167 = CIRCLE ( 'NONE', #374, 4.250000000000010658 ) ;
#2168 = FACE_OUTER_BOUND ( 'NONE', #701, .T. ) ;
#2169 = ORIENTED_EDGE ( 'NONE', *, *, #3099, .T. ) ;
#2170 = VECTOR ( 'NONE', #1211, 1000.000000000000000 ) ;
#2171 = ORIENTED_EDGE ( 'NONE', *, *, #3781, .F. ) ;
#2172 = DIRECTION ( 'NONE',  ( -1.000000000000000000, 0.000000000000000000, 0.000000000000000000 ) ) ;
#2173 = VECTOR ( 'NONE', #1759, 1000.000000000000000 ) ;
#2174 = DIRECTION ( 'NONE',  ( 1.000000000000000000, 0.000000000000000000, 0.000000000000000000 ) ) ;
#2175 = CIRCLE ( 'NONE', #511, 1.599999999999997202 ) ;
#2176 = EDGE_LOOP ( 'NONE', ( #1084, #4025, #1003, #1936, #880, #3215, #2400, #4001 ) ) ;
#2177 = ADVANCED_FACE ( 'NONE', ( #1507 ), #1167, .F. ) ;
#2178 = CARTESIAN_POINT ( 'NONE',  ( -51.74500000000000455, -23.04918317931775462, 2.976937770701491015 ) ) ;
#2179 = PLANE ( 'NONE',  #3840 ) ;
#2180 = CARTESIAN_POINT ( 'NONE',  ( 0.004999999999994592104, 38.85999999999998522, 0.000000000000000000 ) ) ;
#2181 = ORIENTED_EDGE ( 'NONE', *, *, #2403, .T. ) ;
#2182 = EDGE_CURVE ( 'NONE', #3922, #1571, #2377, .T. ) ;
#2183 = CARTESIAN_POINT ( 'NONE',  ( -54.74500000000000455, 74.99999999999997158, 0.000000000000000000 ) ) ;
#2184 = DIRECTION ( 'NONE',  ( -1.000000000000000000, 0.000000000000000000, 0.000000000000000000 ) ) ;
#2185 = ORIENTED_EDGE ( 'NONE', *, *, #1439, .T. ) ;
#2186 = VERTEX_POINT ( 'NONE', #172 ) ;
#2187 = CYLINDRICAL_SURFACE ( 'NONE', #978, 1.000000000000000000 ) ;
#2188 = EDGE_CURVE ( 'NONE', #3262, #2627, #3014, .T. ) ;
#2189 = CARTESIAN_POINT ( 'NONE',  ( -52.53828962499068922, -25.15438010052512041, 0.000000000000000000 ) ) ;
#2190 = DIRECTION ( 'NONE',  ( -1.000000000000000000, 0.000000000000000000, 0.000000000000000000 ) ) ;
#2191 = DIRECTION ( 'NONE',  ( 1.000000000000000000, 0.000000000000000000, 0.000000000000000000 ) ) ;
#2192 = CYLINDRICAL_SURFACE ( 'NONE', #1489, 1.000000000000000000 ) ;
#2193 = ORIENTED_EDGE ( 'NONE', *, *, #54, .T. ) ;
#2194 = ORIENTED_EDGE ( 'NONE', *, *, #1169, .F. ) ;
#2195 = CARTESIAN_POINT ( 'NONE',  ( 0.000000000000000000, 40.80894216826094123, 2.000000000000000000 ) ) ;
#2196 = ORIENTED_EDGE ( 'NONE', *, *, #2949, .F. ) ;
#2197 = CARTESIAN_POINT ( 'NONE',  ( 14.25499999999999723, 34.79203768307637290, 5.000000000000000000 ) ) ;
#2198 = CARTESIAN_POINT ( 'NONE',  ( -56.48499999999999943, -60.99000000000001620, 5.000000000000000000 ) ) ;
#2199 = EDGE_CURVE ( 'NONE', #310, #2390, #2727, .T. ) ;
#2200 = VERTEX_POINT ( 'NONE', #3994 ) ;
#2201 = VERTEX_POINT ( 'NONE', #884 ) ;
#2202 = CARTESIAN_POINT ( 'NONE',  ( -57.54723398003460488, 13.65589906941674947, 3.000000000000000000 ) ) ;
#2203 = DIRECTION ( 'NONE',  ( 0.000000000000000000, 0.000000000000000000, -1.000000000000000000 ) ) ;
#2204 = ORIENTED_EDGE ( 'NONE', *, *, #2595, .F. ) ;
#2205 = EDGE_CURVE ( 'NONE', #775, #69, #762, .T. ) ;
#2206 = ORIENTED_EDGE ( 'NONE', *, *, #718, .T. ) ;
#2207 = PLANE ( 'NONE',  #1771 ) ;
#2208 = CARTESIAN_POINT ( 'NONE',  ( -51.74500000000001876, 20.75404460684976726, 2.976346406513748821 ) ) ;
#2209 = DIRECTION ( 'NONE',  ( -0.000000000000000000, -1.000000000000000000, -0.000000000000000000 ) ) ;
#2210 = EDGE_LOOP ( 'NONE', ( #1607, #3937, #3151 ) ) ;
#2211 = COLOUR_RGB ( '',0.7921568627450980005, 0.8196078431372548767, 0.9333333333333333481 ) ;
#2212 = VECTOR ( 'NONE', #831, 1000.000000000000000 ) ;
#2213 = FACE_OUTER_BOUND ( 'NONE', #1125, .T. ) ;
#2214 = DIRECTION ( 'NONE',  ( 0.000000000000000000, 0.000000000000000000, -1.000000000000000000 ) ) ;
#2215 = ORIENTED_EDGE ( 'NONE', *, *, #1778, .T. ) ;
#2216 = CARTESIAN_POINT ( 'NONE',  ( 11.59499999999999176, -45.00000000000000000, 5.000000000000000000 ) ) ;
#2217 = FACE_OUTER_BOUND ( 'NONE', #1644, .T. ) ;
#2218 = AXIS2_PLACEMENT_3D ( 'NONE', #529, #2443, #1814 ) ;
#2219 = ORIENTED_EDGE ( 'NONE', *, *, #2751, .F. ) ;
#2220 = ORIENTED_EDGE ( 'NONE', *, *, #2239, .F. ) ;
#2221 = ORIENTED_EDGE ( 'NONE', *, *, #1483, .T. ) ;
#2222 = CYLINDRICAL_SURFACE ( 'NONE', #2880, 1.599999999999997202 ) ;
#2223 = ADVANCED_FACE ( 'NONE', ( #466 ), #2744, .F. ) ;
#2224 = CARTESIAN_POINT ( 'NONE',  ( -51.74500000000000455, -27.94761299932681808, 2.428171754270523230 ) ) ;
#2225 = ADVANCED_FACE ( 'NONE', ( #3738 ), #2064, .F. ) ;
#2226 = VECTOR ( 'NONE', #3384, 1000.000000000000000 ) ;
#2227 = ORIENTED_EDGE ( 'NONE', *, *, #886, .T. ) ;
#2228 = LINE ( 'NONE', #3815, #1302 ) ;
#2229 = CIRCLE ( 'NONE', #3228, 3.000000000000002665 ) ;
#2230 = ADVANCED_FACE ( 'NONE', ( #1729 ), #3715, .F. ) ;
#2231 = CARTESIAN_POINT ( 'NONE',  ( 2.254999999999997229, 38.85999999999998522, 5.000000000000000000 ) ) ;
#2232 = VECTOR ( 'NONE', #2484, 1000.000000000000000 ) ;
#2233 = CARTESIAN_POINT ( 'NONE',  ( 9.994999999999995666, 44.99999999999995737, 2.000000000000000000 ) ) ;
#2234 = DIRECTION ( 'NONE',  ( 0.000000000000000000, 0.000000000000000000, 1.000000000000000000 ) ) ;
#2235 = VERTEX_POINT ( 'NONE', #1419 ) ;
#2236 = DIRECTION ( 'NONE',  ( 0.000000000000000000, -0.000000000000000000, 1.000000000000000000 ) ) ;
#2237 = DIRECTION ( 'NONE',  ( -0.000000000000000000, -0.000000000000000000, 1.000000000000000000 ) ) ;
#2238 = VECTOR ( 'NONE', #4140, 1000.000000000000000 ) ;
#2239 = EDGE_CURVE ( 'NONE', #2303, #3631, #2707, .T. ) ;
#2240 = DIRECTION ( 'NONE',  ( 1.000000000000000000, 0.000000000000000000, 0.000000000000000000 ) ) ;
#2241 = CIRCLE ( 'NONE', #1696, 3.000000000000002665 ) ;
#2242 = ORIENTED_EDGE ( 'NONE', *, *, #2972, .F. ) ;
#2243 = FACE_OUTER_BOUND ( 'NONE', #260, .T. ) ;
#2244 = ADVANCED_FACE ( 'NONE', ( #798 ), #843, .F. ) ;
#2245 = DIRECTION ( 'NONE',  ( -1.000000000000000000, 0.000000000000000000, 0.000000000000000000 ) ) ;
#2246 = AXIS2_PLACEMENT_3D ( 'NONE', #1714, #1457, #1144 ) ;
#2247 = VECTOR ( 'NONE', #1385, 1000.000000000000000 ) ;
#2248 = ORIENTED_EDGE ( 'NONE', *, *, #617, .T. ) ;
#2249 = VERTEX_POINT ( 'NONE', #3499 ) ;
#2250 = FACE_OUTER_BOUND ( 'NONE', #4102, .T. ) ;
#2251 = ORIENTED_EDGE ( 'NONE', *, *, #2188, .T. ) ;
#2252 = VECTOR ( 'NONE', #2122, 1000.000000000000000 ) ;
#2253 = ORIENTED_EDGE ( 'NONE', *, *, #433, .T. ) ;
#2254 = DIRECTION ( 'NONE',  ( -1.000000000000000000, 0.000000000000000000, 0.000000000000000000 ) ) ;
#2255 = ORIENTED_EDGE ( 'NONE', *, *, #1720, .T. ) ;
#2256 = CARTESIAN_POINT ( 'NONE',  ( 14.25499999999999723, -30.94761299932681808, 0.000000000000000000 ) ) ;
#2257 = EDGE_CURVE ( 'NONE', #4017, #395, #2584, .T. ) ;
#2258 = CARTESIAN_POINT ( 'NONE',  ( -87.24499999999999034, 47.99999999999996447, 0.000000000000000000 ) ) ;
#2259 = ORIENTED_EDGE ( 'NONE', *, *, #4027, .T. ) ;
#2260 = CARTESIAN_POINT ( 'NONE',  ( -0.005000000000005000445, -38.86000000000001364, 0.000000000000000000 ) ) ;
#2261 = ORIENTED_EDGE ( 'NONE', *, *, #433, .F. ) ;
#2262 = ORIENTED_EDGE ( 'NONE', *, *, #2097, .T. ) ;
#2263 = LINE ( 'NONE', #57, #439 ) ;
#2264 = DIRECTION ( 'NONE',  ( 1.000000000000000000, 0.000000000000000000, 0.000000000000000000 ) ) ;
#2265 = EDGE_LOOP ( 'NONE', ( #3862, #3423, #2603, #3488 ) ) ;
#2266 = ORIENTED_EDGE ( 'NONE', *, *, #2477, .T. ) ;
#2267 = LINE ( 'NONE', #221, #1905 ) ;
#2268 = DIRECTION ( 'NONE',  ( -0.000000000000000000, -0.000000000000000000, 1.000000000000000000 ) ) ;
#2269 = EDGE_LOOP ( 'NONE', ( #3063, #3828 ) ) ;
#2270 = DIRECTION ( 'NONE',  ( -2.388407501162106152E-16, 1.000000000000000000, 0.000000000000000000 ) ) ;
#2271 = EDGE_LOOP ( 'NONE', ( #30, #1769, #3315, #2974 ) ) ;
#2272 = ORIENTED_EDGE ( 'NONE', *, *, #2534, .F. ) ;
#2273 = CARTESIAN_POINT ( 'NONE',  ( -58.40499999999998693, -72.49999999999995737, 5.000000000000000000 ) ) ;
#2274 = DIRECTION ( 'NONE',  ( -1.000000000000000000, 0.000000000000000000, 0.000000000000000000 ) ) ;
#2275 = ORIENTED_EDGE ( 'NONE', *, *, #3605, .F. ) ;
#2276 = APPLICATION_PROTOCOL_DEFINITION ( 'draft international standard', 'automotive_design', 1998, #712 ) ;
#2277 = EDGE_LOOP ( 'NONE', ( #3380, #3141, #1818, #1954 ) ) ;
#2278 = EDGE_CURVE ( 'NONE', #218, #24, #3166, .T. ) ;
#2279 = EDGE_CURVE ( 'NONE', #3392, #1931, #987, .T. ) ;
#2280 = VECTOR ( 'NONE', #3346, 1000.000000000000000 ) ;
#2281 = DIRECTION ( 'NONE',  ( 1.000000000000000000, 0.000000000000000000, 0.000000000000000000 ) ) ;
#2282 = CIRCLE ( 'NONE', #3689, 2.250000000000002220 ) ;
#2283 = VERTEX_POINT ( 'NONE', #3156 ) ;
#2284 = ORIENTED_EDGE ( 'NONE', *, *, #2907, .F. ) ;
#2285 = CARTESIAN_POINT ( 'NONE',  ( -65.74499999999999034, -42.00000000000002132, 0.000000000000000000 ) ) ;
#2286 = ADVANCED_FACE ( 'NONE', ( #2243 ), #610, .T. ) ;
#2287 = ORIENTED_EDGE ( 'NONE', *, *, #2199, .T. ) ;
#2288 = EDGE_LOOP ( 'NONE', ( #2894, #327, #1609, #1209 ) ) ;
#2289 = FACE_OUTER_BOUND ( 'NONE', #2176, .T. ) ;
#2290 = EDGE_LOOP ( 'NONE', ( #2931, #1070, #1299, #2944 ) ) ;
#2291 = CARTESIAN_POINT ( 'NONE',  ( -51.74500000000001876, 25.53522373901876108, 2.628255851477440341 ) ) ;
#2292 = CARTESIAN_POINT ( 'NONE',  ( -19.21026901722418856, 40.22315573063403349, 3.000000000000000000 ) ) ;
#2293 = AXIS2_PLACEMENT_3D ( 'NONE', #77, #1340, #3916 ) ;
#2294 = LINE ( 'NONE', #434, #2981 ) ;
#2295 = EDGE_LOOP ( 'NONE', ( #3842, #1719, #1085, #261 ) ) ;
#2296 = AXIS2_PLACEMENT_3D ( 'NONE', #2785, #3427, #2150 ) ;
#2297 = CARTESIAN_POINT ( 'NONE',  ( -51.74500000000001876, 19.96793492499667622, 2.000000000000000000 ) ) ;
#2298 = EDGE_CURVE ( 'NONE', #3855, #898, #1843, .T. ) ;
#2299 = DIRECTION ( 'NONE',  ( -1.000000000000000000, 0.000000000000000000, 0.000000000000000000 ) ) ;
#2300 = AXIS2_PLACEMENT_3D ( 'NONE', #3559, #1958, #2927 ) ;
#2301 = CYLINDRICAL_SURFACE ( 'NONE', #3728, 2.250000000000002220 ) ;
#2302 = ORIENTED_EDGE ( 'NONE', *, *, #552, .F. ) ;
#2303 = VERTEX_POINT ( 'NONE', #590 ) ;
#2304 = VECTOR ( 'NONE', #2723, 1000.000000000000000 ) ;
#2305 = LINE ( 'NONE', #3537, #4111 ) ;
#2306 = AXIS2_PLACEMENT_3D ( 'NONE', #3898, #1673, #1884 ) ;
#2307 = EDGE_LOOP ( 'NONE', ( #4060, #3919, #3479, #2733 ) ) ;
#2308 = LINE ( 'NONE', #1067, #3036 ) ;
#2309 = CYLINDRICAL_SURFACE ( 'NONE', #3027, 3.000000000000009770 ) ;
#2310 = VECTOR ( 'NONE', #2923, 1000.000000000000000 ) ;
#2311 = EDGE_CURVE ( 'NONE', #99, #4041, #1229, .T. ) ;
#2312 = VECTOR ( 'NONE', #2203, 1000.000000000000000 ) ;
#2313 = ORIENTED_EDGE ( 'NONE', *, *, #1001, .F. ) ;
#2314 = DIRECTION ( 'NONE',  ( 0.000000000000000000, 1.000000000000000000, 0.000000000000000000 ) ) ;
#2315 = LINE ( 'NONE', #2651, #2505 ) ;
#2316 = DIRECTION ( 'NONE',  ( -2.211964468540914624E-16, 1.000000000000000000, 0.000000000000000000 ) ) ;
#2317 = ORIENTED_EDGE ( 'NONE', *, *, #3283, .F. ) ;
#2318 = AXIS2_PLACEMENT_3D ( 'NONE', #1858, #2558, #962 ) ;
#2319 = ORIENTED_EDGE ( 'NONE', *, *, #3680, .F. ) ;
#2320 = EDGE_CURVE ( 'NONE', #56, #1323, #1678, .T. ) ;
#2321 = CARTESIAN_POINT ( 'NONE',  ( -16.39105546427840565, 37.76407684932541997, 0.000000000000000000 ) ) ;
#2322 = DIRECTION ( 'NONE',  ( 1.000000000000000000, -0.000000000000000000, -0.000000000000000000 ) ) ;
#2323 = VECTOR ( 'NONE', #1715, 1000.000000000000000 ) ;
#2324 = DIRECTION ( 'NONE',  ( -0.000000000000000000, -0.000000000000000000, -1.000000000000000000 ) ) ;
#2325 = AXIS2_PLACEMENT_3D ( 'NONE', #3102, #236, #1840 ) ;
#2326 = ADVANCED_FACE ( 'NONE', ( #35 ), #3988, .F. ) ;
#2327 = EDGE_LOOP ( 'NONE', ( #3415, #2891, #2056, #2739, #71, #2169, #1779, #1418 ) ) ;
#2328 = DIRECTION ( 'NONE',  ( -1.000000000000000000, 0.000000000000000000, -0.000000000000000000 ) ) ;
#2329 = ORIENTED_EDGE ( 'NONE', *, *, #1865, .T. ) ;
#2330 = CARTESIAN_POINT ( 'NONE',  ( -61.60499999999998266, -72.49999999999995737, 5.000000000000000000 ) ) ;
#2331 = VERTEX_POINT ( 'NONE', #3779 ) ;
#2332 = CARTESIAN_POINT ( 'NONE',  ( -63.00500000000001677, 72.49999999999995737, 0.000000000000000000 ) ) ;
#2333 = DIRECTION ( 'NONE',  ( 0.000000000000000000, 0.000000000000000000, -1.000000000000000000 ) ) ;
#2334 = ORIENTED_EDGE ( 'NONE', *, *, #1985, .F. ) ;
#2335 = ORIENTED_EDGE ( 'NONE', *, *, #3395, .T. ) ;
#2336 = DIRECTION ( 'NONE',  ( -0.000000000000000000, -0.000000000000000000, 1.000000000000000000 ) ) ;
#2337 = DIRECTION ( 'NONE',  ( 0.000000000000000000, -0.000000000000000000, -1.000000000000000000 ) ) ;
#2338 = FACE_OUTER_BOUND ( 'NONE', #925, .T. ) ;
#2339 = EDGE_CURVE ( 'NONE', #99, #4072, #1158, .T. ) ;
#2340 = CARTESIAN_POINT ( 'NONE',  ( -60.93356069705333766, -75.35267857142861203, 0.000000000000000000 ) ) ;
#2341 = LINE ( 'NONE', #785, #2007 ) ;
#2342 = DIRECTION ( 'NONE',  ( -1.000000000000000000, 0.000000000000000000, 0.000000000000000000 ) ) ;
#2343 = PRODUCT_RELATED_PRODUCT_CATEGORY ( 'part', '', ( #956 ) ) ;
#2344 = ORIENTED_EDGE ( 'NONE', *, *, #1219, .T. ) ;
#2345 = ORIENTED_EDGE ( 'NONE', *, *, #3269, .T. ) ;
#2346 = CARTESIAN_POINT ( 'NONE',  ( -52.53828962499068922, -25.15438010052512041, 2.000000000000000000 ) ) ;
#2347 = DIRECTION ( 'NONE',  ( -0.000000000000000000, -0.000000000000000000, 1.000000000000000000 ) ) ;
#2348 = VERTEX_POINT ( 'NONE', #2869 ) ;
#2349 = EDGE_CURVE ( 'NONE', #3686, #989, #253, .T. ) ;
#2350 = LINE ( 'NONE', #3626, #2831 ) ;
#2351 = PLANE ( 'NONE',  #96 ) ;
#2352 = ORIENTED_EDGE ( 'NONE', *, *, #2159, .F. ) ;
#2353 = CARTESIAN_POINT ( 'NONE',  ( -60.00500000000000966, -72.50000000000001421, 5.000000000000000000 ) ) ;
#2354 = EDGE_CURVE ( 'NONE', #2909, #589, #3103, .T. ) ;
#2355 = ORIENTED_EDGE ( 'NONE', *, *, #3690, .F. ) ;
#2356 = CIRCLE ( 'NONE', #419, 3.000000000000002665 ) ;
#2357 = VERTEX_POINT ( 'NONE', #1543 ) ;
#2358 = DIRECTION ( 'NONE',  ( -1.000000000000000000, 0.000000000000000000, 0.000000000000000000 ) ) ;
#2359 = DIRECTION ( 'NONE',  ( -1.000000000000000000, 0.000000000000000000, 0.000000000000000000 ) ) ;
#2360 = CARTESIAN_POINT ( 'NONE',  ( -65.74500000000000455, 66.99999999999997158, 5.000000000000000000 ) ) ;
#2361 = EDGE_CURVE ( 'NONE', #3480, #2559, #1562, .T. ) ;
#2362 = LINE ( 'NONE', #100, #738 ) ;
#2363 = CARTESIAN_POINT ( 'NONE',  ( -60.00500000000022993, 79.50000000000009948, 10.00000000000000000 ) ) ;
#2364 = VERTEX_POINT ( 'NONE', #3807 ) ;
#2365 = ORIENTED_EDGE ( 'NONE', *, *, #1784, .T. ) ;
#2366 = AXIS2_PLACEMENT_3D ( 'NONE', #799, #569, #2708 ) ;
#2367 = EDGE_CURVE ( 'NONE', #2664, #572, #4092, .T. ) ;
#2368 = VERTEX_POINT ( 'NONE', #1876 ) ;
#2369 = CARTESIAN_POINT ( 'NONE',  ( -10.61499092853951431, -46.98838713590125593, 3.000000000000000000 ) ) ;
#2370 = DIRECTION ( 'NONE',  ( -1.000000000000000000, 0.000000000000000000, 0.000000000000000000 ) ) ;
#2371 = CARTESIAN_POINT ( 'NONE',  ( -51.74500000000001165, 19.96793492499667622, 2.136122890267318386 ) ) ;
#2372 = AXIS2_PLACEMENT_3D ( 'NONE', #2014, #2897, #674 ) ;
#2373 = CARTESIAN_POINT ( 'NONE',  ( -60.00500000000000966, 72.49999999999995737, 5.000000000000000000 ) ) ;
#2374 = ORIENTED_EDGE ( 'NONE', *, *, #2068, .T. ) ;
#2375 = AXIS2_PLACEMENT_3D ( 'NONE', #2044, #4023, #2738 ) ;
#2376 = FACE_OUTER_BOUND ( 'NONE', #1310, .T. ) ;
#2377 = CIRCLE ( 'NONE', #3851, 4.250000000000010658 ) ;
#2378 = EDGE_CURVE ( 'NONE', #4109, #1021, #2849, .T. ) ;
#2379 = EDGE_LOOP ( 'NONE', ( #3240, #1572, #3755, #2914 ) ) ;
#2380 = SPHERICAL_SURFACE ( 'NONE', #2833, 1.000000000000000000 ) ;
#2381 = CARTESIAN_POINT ( 'NONE',  ( -84.24499999999999034, -52.00000000000000711, 5.000000000000000000 ) ) ;
#2382 = VECTOR ( 'NONE', #3768, 1000.000000000000000 ) ;
#2383 = LINE ( 'NONE', #818, #848 ) ;
#2384 = AXIS2_PLACEMENT_3D ( 'NONE', #2137, #575, #933 ) ;
#2385 = CARTESIAN_POINT ( 'NONE',  ( -57.54723398003460488, 13.65589906941674947, 0.000000000000000000 ) ) ;
#2386 = CARTESIAN_POINT ( 'NONE',  ( 9.994999999999995666, -45.00000000000000000, 5.000000000000000000 ) ) ;
#2387 = DIRECTION ( 'NONE',  ( -0.000000000000000000, 0.000000000000000000, 1.000000000000000000 ) ) ;
#2388 = AXIS2_PLACEMENT_3D ( 'NONE', #1515, #2795, #4082 ) ;
#2389 = ORIENTED_EDGE ( 'NONE', *, *, #3209, .T. ) ;
#2390 = VERTEX_POINT ( 'NONE', #1248 ) ;
#2391 = VECTOR ( 'NONE', #3345, 1000.000000000000000 ) ;
#2392 = CARTESIAN_POINT ( 'NONE',  ( -10.61499092853951431, -46.98838713590125593, 2.000000000000000000 ) ) ;
#2393 = CYLINDRICAL_SURFACE ( 'NONE', #1538, 3.000000000000002665 ) ;
#2394 = EDGE_CURVE ( 'NONE', #1931, #2125, #392, .T. ) ;
#2395 = LINE ( 'NONE', #4008, #3159 ) ;
#2396 = VERTEX_POINT ( 'NONE', #362 ) ;
#2397 = EDGE_LOOP ( 'NONE', ( #2272, #70, #391 ) ) ;
#2398 = LINE ( 'NONE', #167, #2226 ) ;
#2399 = ORIENTED_EDGE ( 'NONE', *, *, #724, .T. ) ;
#2400 = ORIENTED_EDGE ( 'NONE', *, *, #2126, .F. ) ;
#2401 = DIRECTION ( 'NONE',  ( 0.000000000000000000, 0.000000000000000000, -1.000000000000000000 ) ) ;
#2402 = DIRECTION ( 'NONE',  ( 0.000000000000000000, -0.000000000000000000, 1.000000000000000000 ) ) ;
#2403 = EDGE_CURVE ( 'NONE', #345, #3110, #1649, .T. ) ;
#2404 = CARTESIAN_POINT ( 'NONE',  ( -60.00499999999998124, -72.49999999999995737, 5.000000000000000000 ) ) ;
#2405 = CARTESIAN_POINT ( 'NONE',  ( -56.48499999999999943, -60.99000000000001620, 0.000000000000000000 ) ) ;
#2406 = CYLINDRICAL_SURFACE ( 'NONE', #2035, 1.000000000000000000 ) ;
#2407 = ORIENTED_EDGE ( 'NONE', *, *, #3777, .T. ) ;
#2408 = CARTESIAN_POINT ( 'NONE',  ( -54.52934526994632591, 9.598901098682526722, 3.000000000000000000 ) ) ;
#2409 = DIRECTION ( 'NONE',  ( -0.000000000000000000, -0.000000000000000000, 1.000000000000000000 ) ) ;
#2410 = FACE_BOUND ( 'NONE', #1223, .T. ) ;
#2411 = DIRECTION ( 'NONE',  ( -0.000000000000000000, -0.000000000000000000, 1.000000000000000000 ) ) ;
#2412 = PLANE ( 'NONE',  #559 ) ;
#2413 = ORIENTED_EDGE ( 'NONE', *, *, #3769, .F. ) ;
#2414 = EDGE_CURVE ( 'NONE', #3672, #665, #1629, .T. ) ;
#2415 = ADVANCED_FACE ( 'NONE', ( #3280 ), #666, .F. ) ;
#2416 = ORIENTED_EDGE ( 'NONE', *, *, #1509, .F. ) ;
#2417 = VERTEX_POINT ( 'NONE', #124 ) ;
#2418 = CARTESIAN_POINT ( 'NONE',  ( -10.61499092853945925, -39.38838713590120477, 3.000000000000000000 ) ) ;
#2419 = AXIS2_PLACEMENT_3D ( 'NONE', #1977, #2675, #3965 ) ;
#2420 = CARTESIAN_POINT ( 'NONE',  ( -65.74499999999999034, -45.00000000000002842, 5.000000000000000000 ) ) ;
#2421 = DIRECTION ( 'NONE',  ( -1.000000000000000000, 0.000000000000000000, 0.000000000000000000 ) ) ;
#2422 = VECTOR ( 'NONE', #1797, 1000.000000000000000 ) ;
#2423 = DIRECTION ( 'NONE',  ( 0.000000000000000000, 0.000000000000000000, -1.000000000000000000 ) ) ;
#2424 = EDGE_CURVE ( 'NONE', #1256, #2667, #3584, .T. ) ;
#2425 = DIRECTION ( 'NONE',  ( 0.000000000000000000, 0.000000000000000000, -1.000000000000000000 ) ) ;
#2426 = FACE_OUTER_BOUND ( 'NONE', #1154, .T. ) ;
#2427 = VERTEX_POINT ( 'NONE', #2604 ) ;
#2428 = CARTESIAN_POINT ( 'NONE',  ( -57.54723398003460488, 8.598901098682526722, 2.000000000000000000 ) ) ;
#2429 = CARTESIAN_POINT ( 'NONE',  ( -87.24499999999999034, -55.00000000000000711, 5.000000000000000000 ) ) ;
#2430 = EDGE_CURVE ( 'NONE', #302, #2892, #1362, .T. ) ;
#2431 = LINE ( 'NONE', #3294, #579 ) ;
#2432 = DIRECTION ( 'NONE',  ( -0.000000000000000000, -0.000000000000000000, -1.000000000000000000 ) ) ;
#2433 = LINE ( 'NONE', #601, #1218 ) ;
#2434 = AXIS2_PLACEMENT_3D ( 'NONE', #2153, #2402, #1442 ) ;
#2435 = DIRECTION ( 'NONE',  ( -1.000000000000000000, 0.000000000000000000, -0.000000000000000000 ) ) ;
#2436 = ORIENTED_EDGE ( 'NONE', *, *, #2112, .F. ) ;
#2437 = ORIENTED_EDGE ( 'NONE', *, *, #651, .T. ) ;
#2438 = CARTESIAN_POINT ( 'NONE',  ( 11.25499999999999723, 48.88661684659246021, 0.000000000000000000 ) ) ;
#2439 = AXIS2_PLACEMENT_3D ( 'NONE', #3074, #4090, #1480 ) ;
#2440 = AXIS2_PLACEMENT_3D ( 'NONE', #2373, #1374, #3953 ) ;
#2441 = ORIENTED_EDGE ( 'NONE', *, *, #3438, .F. ) ;
#2442 = DIRECTION ( 'NONE',  ( -0.000000000000000000, -0.000000000000000000, -1.000000000000000000 ) ) ;
#2443 = DIRECTION ( 'NONE',  ( -0.000000000000000000, 0.000000000000000000, 1.000000000000000000 ) ) ;
#2444 = CIRCLE ( 'NONE', #628, 1.999999999999932498 ) ;
#2445 = DIRECTION ( 'NONE',  ( 0.000000000000000000, 1.000000000000000000, 0.000000000000000000 ) ) ;
#2446 = EDGE_CURVE ( 'NONE', #618, #725, #2263, .T. ) ;
#2447 = CARTESIAN_POINT ( 'NONE',  ( -57.54723398003460488, 13.65589906941674947, 2.000000000000000000 ) ) ;
#2448 = VECTOR ( 'NONE', #3208, 1000.000000000000000 ) ;
#2449 = DIRECTION ( 'NONE',  ( -0.000000000000000000, -0.000000000000000000, -1.000000000000000000 ) ) ;
#2450 = LINE ( 'NONE', #1513, #3652 ) ;
#2451 = ORIENTED_EDGE ( 'NONE', *, *, #3000, .F. ) ;
#2452 = AXIS2_PLACEMENT_3D ( 'NONE', #1777, #516, #824 ) ;
#2453 = ORIENTED_EDGE ( 'NONE', *, *, #746, .F. ) ;
#2454 = DIRECTION ( 'NONE',  ( -9.682177540335664981E-16, 1.000000000000000000, 0.000000000000000000 ) ) ;
#2455 = FACE_OUTER_BOUND ( 'NONE', #3567, .T. ) ;
#2456 = FACE_OUTER_BOUND ( 'NONE', #1172, .T. ) ;
#2457 = EDGE_CURVE ( 'NONE', #2186, #421, #2308, .T. ) ;
#2458 = AXIS2_PLACEMENT_3D ( 'NONE', #331, #3190, #4128 ) ;
#2459 = DIRECTION ( 'NONE',  ( 0.000000000000000000, 0.000000000000000000, -1.000000000000000000 ) ) ;
#2460 = VERTEX_POINT ( 'NONE', #1006 ) ;
#2461 = CARTESIAN_POINT ( 'NONE',  ( -54.74500000000000455, -75.00000000000000000, 10.00000000000000000 ) ) ;
#2462 = DIRECTION ( 'NONE',  ( -1.000000000000000000, 0.000000000000000000, 0.000000000000000000 ) ) ;
#2463 =( GEOMETRIC_REPRESENTATION_CONTEXT ( 3 ) GLOBAL_UNCERTAINTY_ASSIGNED_CONTEXT ( ( #3882 ) ) GLOBAL_UNIT_ASSIGNED_CONTEXT ( ( #2848, #3927, #566 ) ) REPRESENTATION_CONTEXT ( 'NONE', 'WORKASPACE' ) );
#2464 = VERTEX_POINT ( 'NONE', #2332 ) ;
#2465 = DIRECTION ( 'NONE',  ( -1.000000000000000000, 0.000000000000000000, 0.000000000000000000 ) ) ;
#2466 = DIRECTION ( 'NONE',  ( 0.000000000000000000, 0.000000000000000000, -1.000000000000000000 ) ) ;
#2467 = DIRECTION ( 'NONE',  ( 0.000000000000000000, 1.000000000000000000, 0.000000000000000000 ) ) ;
#2468 = VERTEX_POINT ( 'NONE', #2004 ) ;
#2469 = DIRECTION ( 'NONE',  ( 0.000000000000000000, 0.000000000000000000, -1.000000000000000000 ) ) ;
#2470 = EDGE_CURVE ( 'NONE', #2559, #1520, #450, .T. ) ;
#2471 = LINE ( 'NONE', #889, #301 ) ;
#2472 = EDGE_LOOP ( 'NONE', ( #3974, #3761 ) ) ;
#2473 = DIRECTION ( 'NONE',  ( 0.000000000000000000, 0.000000000000000000, 1.000000000000000000 ) ) ;
#2474 = DIRECTION ( 'NONE',  ( 0.000000000000000000, 0.000000000000000000, -1.000000000000000000 ) ) ;
#2475 = DIRECTION ( 'NONE',  ( -1.000000000000000000, 0.000000000000000000, -0.000000000000000000 ) ) ;
#2476 = DIRECTION ( 'NONE',  ( 0.000000000000000000, 0.000000000000000000, -1.000000000000000000 ) ) ;
#2477 = EDGE_CURVE ( 'NONE', #636, #3184, #1258, .T. ) ;
#2478 = CARTESIAN_POINT ( 'NONE',  ( -37.74521744568226467, 33.14526759496442310, 2.585786437626905077 ) ) ;
#2479 = ORIENTED_EDGE ( 'NONE', *, *, #120, .F. ) ;
#2480 = EDGE_CURVE ( 'NONE', #951, #3012, #875, .T. ) ;
#2481 = DIRECTION ( 'NONE',  ( 0.000000000000000000, 0.000000000000000000, 1.000000000000000000 ) ) ;
#2482 = LINE ( 'NONE', #1809, #623 ) ;
#2483 = ORIENTED_EDGE ( 'NONE', *, *, #3853, .T. ) ;
#2484 = DIRECTION ( 'NONE',  ( -1.000000000000000000, 0.000000000000000000, 0.000000000000000000 ) ) ;
#2485 = EDGE_CURVE ( 'NONE', #1446, #887, #1889, .T. ) ;
#2486 = DIRECTION ( 'NONE',  ( -1.000000000000000000, -9.682177540335664981E-16, 0.000000000000000000 ) ) ;
#2487 = LINE ( 'NONE', #176, #3798 ) ;
#2488 = ORIENTED_EDGE ( 'NONE', *, *, #1267, .T. ) ;
#2489 = CARTESIAN_POINT ( 'NONE',  ( 8.394999999999997797, -45.00000000000000000, 5.000000000000000000 ) ) ;
#2490 = CARTESIAN_POINT ( 'NONE',  ( -87.24499999999999034, 44.99999999999996447, 5.000000000000000000 ) ) ;
#2491 = ORIENTED_EDGE ( 'NONE', *, *, #2257, .T. ) ;
#2492 = DIRECTION ( 'NONE',  ( 1.000000000000000000, 0.000000000000000000, 0.000000000000000000 ) ) ;
#2493 = DIRECTION ( 'NONE',  ( 0.000000000000000000, 0.000000000000000000, -1.000000000000000000 ) ) ;
#2494 = VECTOR ( 'NONE', #3254, 1000.000000000000000 ) ;
#2495 = DIRECTION ( 'NONE',  ( -1.000000000000000000, 0.000000000000000000, 0.000000000000000000 ) ) ;
#2496 = CARTESIAN_POINT ( 'NONE',  ( -10.61499092853945925, -39.38838713590120477, 2.000000000000000000 ) ) ;
#2497 =( BOUNDED_CURVE ( )  B_SPLINE_CURVE ( 3, ( #2083, #1413, #3095, #1458 ),
 .UNSPECIFIED., .F., .F. ) 
 B_SPLINE_CURVE_WITH_KNOTS ( ( 4, 4 ),
 ( 1.570796326794896558, 3.141592653589793116 ),
 .UNSPECIFIED. ) 
 CURVE ( )  GEOMETRIC_REPRESENTATION_ITEM ( )  RATIONAL_B_SPLINE_CURVE ( ( 1.000000000000000000, 0.8047378541243649375, 0.8047378541243649375, 1.000000000000000000 ) ) 
 REPRESENTATION_ITEM ( '' )  );
#2498 = EDGE_CURVE ( 'NONE', #3604, #1205, #583, .T. ) ;
#2499 = LINE ( 'NONE', #1159, #2962 ) ;
#2500 = ORIENTED_EDGE ( 'NONE', *, *, #2922, .F. ) ;
#2501 = ORIENTED_EDGE ( 'NONE', *, *, #1330, .T. ) ;
#2502 = CARTESIAN_POINT ( 'NONE',  ( -60.99499999999999034, 60.97999999999998266, 5.000000000000000000 ) ) ;
#2503 = EDGE_CURVE ( 'NONE', #1833, #2348, #1180, .T. ) ;
#2504 = VERTEX_POINT ( 'NONE', #2231 ) ;
#2505 = VECTOR ( 'NONE', #1361, 1000.000000000000000 ) ;
#2506 = CARTESIAN_POINT ( 'NONE',  ( -51.74500000000001165, -22.29035069985950912, 2.270978562477066198 ) ) ;
#2507 = DIRECTION ( 'NONE',  ( -1.000000000000000000, 0.000000000000000000, 0.000000000000000000 ) ) ;
#2508 = DIRECTION ( 'NONE',  ( -0.000000000000000000, -1.000000000000000000, -0.000000000000000000 ) ) ;
#2509 = EDGE_CURVE ( 'NONE', #4123, #1251, #558, .T. ) ;
#2510 = DIRECTION ( 'NONE',  ( -9.682177540335664981E-16, -1.000000000000000000, 0.000000000000000000 ) ) ;
#2511 = ORIENTED_EDGE ( 'NONE', *, *, #3068, .F. ) ;
#2512 = ORIENTED_EDGE ( 'NONE', *, *, #1909, .F. ) ;
#2513 = DIRECTION ( 'NONE',  ( -0.000000000000000000, -0.000000000000000000, -1.000000000000000000 ) ) ;
#2514 = VECTOR ( 'NONE', #2615, 1000.000000000000000 ) ;
#2515 = CARTESIAN_POINT ( 'NONE',  ( -58.73499999999999943, -60.99000000000001620, 5.000000000000000000 ) ) ;
#2516 = VECTOR ( 'NONE', #3306, 1000.000000000000000 ) ;
#2517 = ORIENTED_EDGE ( 'NONE', *, *, #1452, .F. ) ;
#2518 = CARTESIAN_POINT ( 'NONE',  ( -51.74500000000001165, -75.00000000000000000, 10.00000000000000000 ) ) ;
#2519 = CARTESIAN_POINT ( 'NONE',  ( -52.53828962499068922, -25.15438010052512041, 2.000000000000000000 ) ) ;
#2520 = CIRCLE ( 'NONE', #698, 1.000000000000000888 ) ;
#2521 = CARTESIAN_POINT ( 'NONE',  ( -57.54723398003460488, 8.598901098682526722, 3.000000000000000000 ) ) ;
#2522 = FACE_OUTER_BOUND ( 'NONE', #3189, .T. ) ;
#2523 = EDGE_LOOP ( 'NONE', ( #2990, #2073, #2334, #2488 ) ) ;
#2524 = FACE_OUTER_BOUND ( 'NONE', #3055, .T. ) ;
#2525 = EDGE_CURVE ( 'NONE', #1042, #171, #247, .T. ) ;
#2526 = CIRCLE ( 'NONE', #772, 2.249999999999988010 ) ;
#2527 = VECTOR ( 'NONE', #469, 1000.000000000000000 ) ;
#2528 = VERTEX_POINT ( 'NONE', #3420 ) ;
#2529 = DIRECTION ( 'NONE',  ( -0.000000000000000000, -0.000000000000000000, 1.000000000000000000 ) ) ;
#2530 = DIRECTION ( 'NONE',  ( -1.000000000000000000, 0.000000000000000000, 0.000000000000000000 ) ) ;
#2531 = EDGE_CURVE ( 'NONE', #3915, #3337, #223, .T. ) ;
#2532 = EDGE_LOOP ( 'NONE', ( #3225, #3764, #1511, #767 ) ) ;
#2533 = DIRECTION ( 'NONE',  ( -0.000000000000000000, -1.000000000000000000, -0.000000000000000000 ) ) ;
#2534 = EDGE_CURVE ( 'NONE', #1576, #951, #2520, .T. ) ;
#2535 = VERTEX_POINT ( 'NONE', #1497 ) ;
#2536 = FACE_OUTER_BOUND ( 'NONE', #2589, .T. ) ;
#2537 = PRODUCT_DEFINITION_SHAPE ( 'NONE', 'NONE',  #187 ) ;
#2538 = CYLINDRICAL_SURFACE ( 'NONE', #823, 3.000000000000001776 ) ;
#2539 = DIRECTION ( 'NONE',  ( 0.000000000000000000, 0.000000000000000000, -1.000000000000000000 ) ) ;
#2540 = CYLINDRICAL_SURFACE ( 'NONE', #2439, 2.999999999999999112 ) ;
#2541 = EDGE_CURVE ( 'NONE', #930, #3464, #599, .T. ) ;
#2542 = DIRECTION ( 'NONE',  ( 0.000000000000000000, 0.000000000000000000, -1.000000000000000000 ) ) ;
#2543 = LINE ( 'NONE', #2198, #1679 ) ;
#2544 = ADVANCED_FACE ( 'NONE', ( #1535 ), #163, .F. ) ;
#2545 = ORIENTED_EDGE ( 'NONE', *, *, #3454, .F. ) ;
#2546 =( NAMED_UNIT ( * ) PLANE_ANGLE_UNIT ( ) SI_UNIT ( $, .RADIAN. ) );
#2547 = LINE ( 'NONE', #1993, #1895 ) ;
#2548 = ORIENTED_EDGE ( 'NONE', *, *, #1351, .T. ) ;
#2549 = EDGE_CURVE ( 'NONE', #1205, #725, #501, .T. ) ;
#2550 = DIRECTION ( 'NONE',  ( 0.000000000000000000, 0.000000000000000000, 1.000000000000000000 ) ) ;
#2551 = ORIENTED_EDGE ( 'NONE', *, *, #153, .F. ) ;
#2552 = VECTOR ( 'NONE', #1660, 1000.000000000000000 ) ;
#2553 = SPHERICAL_SURFACE ( 'NONE', #2965, 1.000000000000000000 ) ;
#2554 = ORIENTED_EDGE ( 'NONE', *, *, #1509, .T. ) ;
#2555 = CIRCLE ( 'NONE', #2747, 1.599999999999997202 ) ;
#2556 = EDGE_CURVE ( 'NONE', #629, #3855, #286, .T. ) ;
#2557 = VECTOR ( 'NONE', #3114, 1000.000000000000000 ) ;
#2558 = DIRECTION ( 'NONE',  ( 1.000000000000000000, 0.000000000000000000, 0.000000000000000000 ) ) ;
#2559 = VERTEX_POINT ( 'NONE', #2297 ) ;
#2560 = DIRECTION ( 'NONE',  ( -0.000000000000000000, -0.000000000000000000, -1.000000000000000000 ) ) ;
#2561 = CARTESIAN_POINT ( 'NONE',  ( -22.14407308639565386, 42.26507572786680811, 0.000000000000000000 ) ) ;
#2562 = VECTOR ( 'NONE', #1899, 1000.000000000000000 ) ;
#2563 = VERTEX_POINT ( 'NONE', #1018 ) ;
#2564 = DIRECTION ( 'NONE',  ( 0.000000000000000000, -0.000000000000000000, 1.000000000000000000 ) ) ;
#2565 = DIRECTION ( 'NONE',  ( -1.000000000000000000, 0.000000000000000000, 0.000000000000000000 ) ) ;
#2566 = DIRECTION ( 'NONE',  ( -0.000000000000000000, -0.000000000000000000, -1.000000000000000000 ) ) ;
#2567 = AXIS2_PLACEMENT_3D ( 'NONE', #2829, #2510, #3331 ) ;
#2568 = EDGE_CURVE ( 'NONE', #3915, #3589, #3417, .T. ) ;
#2569 = VERTEX_POINT ( 'NONE', #2639 ) ;
#2570 = CARTESIAN_POINT ( 'NONE',  ( -55.53828962499045474, 22.86114967175884161, 2.000000000000000000 ) ) ;
#2571 = CIRCLE ( 'NONE', #1887, 0.9999999999998170352 ) ;
#2572 = CARTESIAN_POINT ( 'NONE',  ( -60.00500000000022993, 79.50000000000009948, 0.000000000000000000 ) ) ;
#2573 = EDGE_CURVE ( 'NONE', #2390, #3229, #2905, .T. ) ;
#2574 = AXIS2_PLACEMENT_3D ( 'NONE', #1308, #3884, #2274 ) ;
#2575 = DIRECTION ( 'NONE',  ( 0.000000000000000000, 0.000000000000000000, -1.000000000000000000 ) ) ;
#2576 = DIRECTION ( 'NONE',  ( -1.000000000000000000, 0.000000000000000000, 0.000000000000000000 ) ) ;
#2577 = ORIENTED_EDGE ( 'NONE', *, *, #3568, .F. ) ;
#2578 = AXIS2_PLACEMENT_3D ( 'NONE', #3955, #2625, #1049 ) ;
#2579 = ORIENTED_EDGE ( 'NONE', *, *, #2952, .T. ) ;
#2580 = ADVANCED_FACE ( 'NONE', ( #1305 ), #3575, .F. ) ;
#2581 = VECTOR ( 'NONE', #1549, 1000.000000000000000 ) ;
#2582 = EDGE_LOOP ( 'NONE', ( #640, #2630, #1566, #2936 ) ) ;
#2583 = EDGE_LOOP ( 'NONE', ( #2003, #4026, #2588, #503 ) ) ;
#2584 = LINE ( 'NONE', #1290, #1753 ) ;
#2585 = LINE ( 'NONE', #3541, #683 ) ;
#2586 = VECTOR ( 'NONE', #199, 1000.000000000000000 ) ;
#2587 = AXIS2_PLACEMENT_3D ( 'NONE', #3660, #3944, #1322 ) ;
#2588 = ORIENTED_EDGE ( 'NONE', *, *, #4045, .F. ) ;
#2589 = EDGE_LOOP ( 'NONE', ( #1927, #1337, #1560, #2196 ) ) ;
#2590 = LINE ( 'NONE', #369, #2252 ) ;
#2591 = CARTESIAN_POINT ( 'NONE',  ( 14.25499999999999723, 45.88661684659245310, 0.000000000000000000 ) ) ;
#2592 = CARTESIAN_POINT ( 'NONE',  ( -57.54723398003460488, 8.598901098682526722, 3.000000000000000000 ) ) ;
#2593 = VERTEX_POINT ( 'NONE', #703 ) ;
#2594 = LINE ( 'NONE', #47, #240 ) ;
#2595 = EDGE_CURVE ( 'NONE', #2904, #648, #2167, .T. ) ;
#2596 = ADVANCED_FACE ( 'NONE', ( #2961 ), #101, .F. ) ;
#2597 = CARTESIAN_POINT ( 'NONE',  ( -58.73499999999999943, -60.99000000000001620, 5.000000000000000000 ) ) ;
#2598 = LINE ( 'NONE', #3513, #3231 ) ;
#2599 = PRODUCT_CONTEXT ( 'NONE', #712, 'mechanical' ) ;
#2600 = ORIENTED_EDGE ( 'NONE', *, *, #3690, .T. ) ;
#2601 = ORIENTED_EDGE ( 'NONE', *, *, #795, .T. ) ;
#2602 = EDGE_CURVE ( 'NONE', #24, #2081, #659, .T. ) ;
#2603 = ORIENTED_EDGE ( 'NONE', *, *, #447, .F. ) ;
#2604 = CARTESIAN_POINT ( 'NONE',  ( -87.24499999999999034, -48.00000000000000711, 0.000000000000000000 ) ) ;
#2605 = FACE_OUTER_BOUND ( 'NONE', #2884, .T. ) ;
#2606 = VERTEX_POINT ( 'NONE', #1324 ) ;
#2607 = EDGE_CURVE ( 'NONE', #3677, #669, #3273, .T. ) ;
#2608 = ORIENTED_EDGE ( 'NONE', *, *, #4088, .F. ) ;
#2609 = VERTEX_POINT ( 'NONE', #49 ) ;
#2610 = CARTESIAN_POINT ( 'NONE',  ( -56.54723398003460488, 9.598901098682526722, 3.000000000000000000 ) ) ;
#2611 = LINE ( 'NONE', #3877, #836 ) ;
#2612 = CARTESIAN_POINT ( 'NONE',  ( 2.254999999999997229, 38.85999999999998522, 5.000000000000000000 ) ) ;
#2613 = ORIENTED_EDGE ( 'NONE', *, *, #4027, .F. ) ;
#2614 = CARTESIAN_POINT ( 'NONE',  ( 12.99499999999999567, -45.00000000000000000, 2.000000000000000000 ) ) ;
#2615 = DIRECTION ( 'NONE',  ( -0.000000000000000000, -0.000000000000000000, -1.000000000000000000 ) ) ;
#2616 = VERTEX_POINT ( 'NONE', #3252 ) ;
#2617 = AXIS2_PLACEMENT_3D ( 'NONE', #3946, #1735, #1698 ) ;
#2618 = VERTEX_POINT ( 'NONE', #1368 ) ;
#2619 = EDGE_CURVE ( 'NONE', #624, #2569, #633, .T. ) ;
#2620 = VECTOR ( 'NONE', #3162, 1000.000000000000000 ) ;
#2621 = CARTESIAN_POINT ( 'NONE',  ( -62.74499999999999744, -75.00000000000000000, 10.00000000000000000 ) ) ;
#2622 = ORIENTED_EDGE ( 'NONE', *, *, #929, .T. ) ;
#2623 = VERTEX_POINT ( 'NONE', #1999 ) ;
#2624 = ORIENTED_EDGE ( 'NONE', *, *, #2534, .T. ) ;
#2625 = DIRECTION ( 'NONE',  ( 0.000000000000000000, 0.000000000000000000, 1.000000000000000000 ) ) ;
#2626 = CARTESIAN_POINT ( 'NONE',  ( -59.07643930294683798, -75.35267857142865466, 0.000000000000000000 ) ) ;
#2627 = VERTEX_POINT ( 'NONE', #3947 ) ;
#2628 = EDGE_LOOP ( 'NONE', ( #3013, #766, #2302, #1141 ) ) ;
#2629 = DIRECTION ( 'NONE',  ( -1.000000000000000000, 0.000000000000000000, 0.000000000000000000 ) ) ;
#2630 = ORIENTED_EDGE ( 'NONE', *, *, #3618, .T. ) ;
#2631 = DIRECTION ( 'NONE',  ( -0.000000000000000000, -1.000000000000000000, -0.000000000000000000 ) ) ;
#2632 = DIRECTION ( 'NONE',  ( 0.000000000000000000, -0.000000000000000000, -1.000000000000000000 ) ) ;
#2633 = EDGE_CURVE ( 'NONE', #2682, #3229, #3881, .T. ) ;
#2634 = CARTESIAN_POINT ( 'NONE',  ( 11.59499999999999176, -45.00000000000000000, 5.000000000000000000 ) ) ;
#2635 = ORIENTED_EDGE ( 'NONE', *, *, #1325, .F. ) ;
#2636 = CYLINDRICAL_SURFACE ( 'NONE', #2617, 3.000000000000002665 ) ;
#2637 = VECTOR ( 'NONE', #2174, 1000.000000000000000 ) ;
#2638 = ORIENTED_EDGE ( 'NONE', *, *, #1086, .F. ) ;
#2639 = CARTESIAN_POINT ( 'NONE',  ( 6.994999999999993001, 44.99999999999995737, 2.000000000000000000 ) ) ;
#2640 = AXIS2_PLACEMENT_3D ( 'NONE', #3750, #938, #3379 ) ;
#2641 = VERTEX_POINT ( 'NONE', #2273 ) ;
#2642 = CIRCLE ( 'NONE', #964, 4.250000000000010658 ) ;
#2643 = DIRECTION ( 'NONE',  ( -1.000000000000000000, 0.000000000000000000, 0.000000000000000000 ) ) ;
#2644 = AXIS2_PLACEMENT_3D ( 'NONE', #2886, #649, #3844 ) ;
#2645 = VERTEX_POINT ( 'NONE', #1279 ) ;
#2646 = CARTESIAN_POINT ( 'NONE',  ( -51.74500000000000455, -30.94761299932681808, 0.000000000000000000 ) ) ;
#2647 = AXIS2_PLACEMENT_3D ( 'NONE', #3082, #3127, #2184 ) ;
#2648 = CIRCLE ( 'NONE', #1900, 1.599999999999997202 ) ;
#2649 = VERTEX_POINT ( 'NONE', #1661 ) ;
#2650 = LINE ( 'NONE', #693, #826 ) ;
#2651 = CARTESIAN_POINT ( 'NONE',  ( 11.25499999999999368, -48.94761299932681453, 5.000000000000000000 ) ) ;
#2652 = DIRECTION ( 'NONE',  ( 0.000000000000000000, 1.000000000000000000, 0.000000000000000000 ) ) ;
#2653 = AXIS2_PLACEMENT_3D ( 'NONE', #3493, #1894, #3839 ) ;
#2654 = LINE ( 'NONE', #1017, #3723 ) ;
#2655 = EDGE_CURVE ( 'NONE', #4072, #181, #3230, .T. ) ;
#2656 = ORIENTED_EDGE ( 'NONE', *, *, #3356, .T. ) ;
#2657 = CARTESIAN_POINT ( 'NONE',  ( -68.74499999999999034, 54.99999999999998579, 0.000000000000000000 ) ) ;
#2658 = AXIS2_PLACEMENT_3D ( 'NONE', #916, #3509, #1533 ) ;
#2659 = CARTESIAN_POINT ( 'NONE',  ( -60.00499999999998124, -72.49999999999995737, 0.000000000000000000 ) ) ;
#2660 = ORIENTED_EDGE ( 'NONE', *, *, #2742, .T. ) ;
#2661 = ORIENTED_EDGE ( 'NONE', *, *, #1856, .T. ) ;
#2662 = CARTESIAN_POINT ( 'NONE',  ( -68.74499999999999034, 44.99999999999998579, 5.000000000000000000 ) ) ;
#2663 = CARTESIAN_POINT ( 'NONE',  ( -65.74500000000000455, 77.99999999999997158, 10.00000000000000000 ) ) ;
#2664 = VERTEX_POINT ( 'NONE', #3531 ) ;
#2665 = CYLINDRICAL_SURFACE ( 'NONE', #1878, 3.000000000000002665 ) ;
#2666 = EDGE_CURVE ( 'NONE', #1022, #218, #68, .T. ) ;
#2667 = VERTEX_POINT ( 'NONE', #1907 ) ;
#2668 = ORIENTED_EDGE ( 'NONE', *, *, #454, .T. ) ;
#2669 = FACE_OUTER_BOUND ( 'NONE', #2532, .T. ) ;
#2670 = CARTESIAN_POINT ( 'NONE',  ( -51.74500000000001876, 25.61573905626033110, 2.516764120726387777 ) ) ;
#2671 = CARTESIAN_POINT ( 'NONE',  ( -56.49500000000001876, 60.97999999999998266, 0.000000000000000000 ) ) ;
#2672 = EDGE_CURVE ( 'NONE', #862, #3219, #3901, .T. ) ;
#2673 = CARTESIAN_POINT ( 'NONE',  ( 11.25499999999999723, -33.94761299932681453, 0.000000000000000000 ) ) ;
#2674 = ORIENTED_EDGE ( 'NONE', *, *, #1529, .F. ) ;
#2675 = DIRECTION ( 'NONE',  ( 0.000000000000000000, 0.000000000000000000, 1.000000000000000000 ) ) ;
#2676 = DIRECTION ( 'NONE',  ( -1.000000000000000000, 0.000000000000000000, 0.000000000000000000 ) ) ;
#2677 = EDGE_CURVE ( 'NONE', #4086, #870, #765, .T. ) ;
#2678 = DIRECTION ( 'NONE',  ( 0.000000000000000000, -1.000000000000000000, 0.000000000000000000 ) ) ;
#2679 = CARTESIAN_POINT ( 'NONE',  ( 11.25499999999999723, 45.88661684659245310, 0.000000000000000000 ) ) ;
#2680 = EDGE_CURVE ( 'NONE', #725, #1205, #3648, .T. ) ;
#2681 = CARTESIAN_POINT ( 'NONE',  ( -84.24499999999999034, 51.99999999999996447, 0.000000000000000000 ) ) ;
#2682 = VERTEX_POINT ( 'NONE', #25 ) ;
#2683 = DIRECTION ( 'NONE',  ( 0.000000000000000000, -1.000000000000000000, 0.000000000000000000 ) ) ;
#2684 = AXIS2_PLACEMENT_3D ( 'NONE', #3015, #1318, #1730 ) ;
#2685 = ORIENTED_EDGE ( 'NONE', *, *, #3568, .T. ) ;
#2686 = AXIS2_PLACEMENT_3D ( 'NONE', #1496, #3748, #2495 ) ;
#2687 = VERTEX_POINT ( 'NONE', #197 ) ;
#2688 = DIRECTION ( 'NONE',  ( 0.000000000000000000, 0.000000000000000000, -1.000000000000000000 ) ) ;
#2689 = CARTESIAN_POINT ( 'NONE',  ( -53.52934526994632591, 13.65589906941674947, 0.000000000000000000 ) ) ;
#2690 = LINE ( 'NONE', #375, #1841 ) ;
#2691 = CARTESIAN_POINT ( 'NONE',  ( 11.25499999999999723, 48.88661684659246021, 5.000000000000000000 ) ) ;
#2692 = EDGE_CURVE ( 'NONE', #92, #1251, #3784, .T. ) ;
#2693 = CARTESIAN_POINT ( 'NONE',  ( 9.994999999999995666, 44.99999999999995737, 2.000000000000000000 ) ) ;
#2694 = VERTEX_POINT ( 'NONE', #2053 ) ;
#2695 = VECTOR ( 'NONE', #1861, 1000.000000000000000 ) ;
#2696 = DIRECTION ( 'NONE',  ( 0.000000000000000000, -1.000000000000000000, 0.000000000000000000 ) ) ;
#2697 = CARTESIAN_POINT ( 'NONE',  ( 0.000000000000000000, 0.000000000000000000, 5.000000000000000000 ) ) ;
#2698 = ADVANCED_FACE ( 'NONE', ( #4000 ), #1426, .F. ) ;
#2699 = AXIS2_PLACEMENT_3D ( 'NONE', #3135, #269, #544 ) ;
#2700 = LINE ( 'NONE', #3987, #3097 ) ;
#2701 = ORIENTED_EDGE ( 'NONE', *, *, #3196, .T. ) ;
#2702 = ADVANCED_FACE ( 'NONE', ( #179, #2426 ), #744, .F. ) ;
#2703 = DIRECTION ( 'NONE',  ( 1.000000000000000000, 0.000000000000000000, 0.000000000000000000 ) ) ;
#2704 = VECTOR ( 'NONE', #2401, 1000.000000000000000 ) ;
#2705 =( BOUNDED_CURVE ( )  B_SPLINE_CURVE ( 3, ( #3633, #1691, #2011, #1712 ),
 .UNSPECIFIED., .F., .T. ) 
 B_SPLINE_CURVE_WITH_KNOTS ( ( 4, 4 ),
 ( 0.000000000000000000, 1.570796326794896558 ),
 .UNSPECIFIED. ) 
 CURVE ( )  GEOMETRIC_REPRESENTATION_ITEM ( )  RATIONAL_B_SPLINE_CURVE ( ( 1.000000000000000000, 0.8047378541243649375, 0.8047378541243649375, 1.000000000000000000 ) ) 
 REPRESENTATION_ITEM ( '' )  );
#2706 = ORIENTED_EDGE ( 'NONE', *, *, #1784, .F. ) ;
#2707 = LINE ( 'NONE', #1110, #2704 ) ;
#2708 = DIRECTION ( 'NONE',  ( -1.000000000000000000, 0.000000000000000000, 0.000000000000000000 ) ) ;
#2709 = VECTOR ( 'NONE', #926, 1000.000000000000000 ) ;
#2710 = CARTESIAN_POINT ( 'NONE',  ( -11.77046683615346545, 42.26507572786680811, 0.000000000000000000 ) ) ;
#2711 = CIRCLE ( 'NONE', #634, 1.000000000000000000 ) ;
#2712 = LINE ( 'NONE', #490, #3446 ) ;
#2713 = DIRECTION ( 'NONE',  ( -0.000000000000000000, 1.000000000000000000, -0.000000000000000000 ) ) ;
#2714 = DIRECTION ( 'NONE',  ( -1.000000000000000000, 0.000000000000000000, 0.000000000000000000 ) ) ;
#2715 = VECTOR ( 'NONE', #3383, 1000.000000000000000 ) ;
#2716 = EDGE_CURVE ( 'NONE', #282, #3480, #2973, .T. ) ;
#2717 = ORIENTED_EDGE ( 'NONE', *, *, #1086, .T. ) ;
#2718 = EDGE_CURVE ( 'NONE', #3360, #359, #2096, .T. ) ;
#2719 = PLANE ( 'NONE',  #1504 ) ;
#2720 = DIRECTION ( 'NONE',  ( 0.000000000000000000, 0.000000000000000000, -1.000000000000000000 ) ) ;
#2721 = CARTESIAN_POINT ( 'NONE',  ( -61.60499999999998266, -72.49999999999995737, 0.000000000000000000 ) ) ;
#2722 = CIRCLE ( 'NONE', #2113, 1.000000000000000888 ) ;
#2723 = DIRECTION ( 'NONE',  ( -1.000000000000000000, -0.000000000000000000, -0.000000000000000000 ) ) ;
#2724 = ORIENTED_EDGE ( 'NONE', *, *, #139, .T. ) ;
#2725 = EDGE_LOOP ( 'NONE', ( #4049, #652, #1254, #1186 ) ) ;
#2726 = ORIENTED_EDGE ( 'NONE', *, *, #2793, .F. ) ;
#2727 = LINE ( 'NONE', #3057, #2028 ) ;
#2728 = CARTESIAN_POINT ( 'NONE',  ( -59.07643930294695167, 75.35267857142862624, 5.000000000000000000 ) ) ;
#2729 = EDGE_CURVE ( 'NONE', #2645, #573, #3037, .T. ) ;
#2730 = LINE ( 'NONE', #1129, #1047 ) ;
#2731 = DIRECTION ( 'NONE',  ( 0.000000000000000000, 0.000000000000000000, 1.000000000000000000 ) ) ;
#2732 = CARTESIAN_POINT ( 'NONE',  ( -3.640949020223452237, 48.88661684659246021, 0.000000000000000000 ) ) ;
#2733 = ORIENTED_EDGE ( 'NONE', *, *, #2403, .F. ) ;
#2734 = CARTESIAN_POINT ( 'NONE',  ( -84.24499999999999034, 44.99999999999996447, 5.000000000000000000 ) ) ;
#2735 = DIRECTION ( 'NONE',  ( 9.682177540335664981E-16, -1.000000000000000000, 0.000000000000000000 ) ) ;
#2736 = DIRECTION ( 'NONE',  ( 0.000000000000000000, 0.000000000000000000, -1.000000000000000000 ) ) ;
#2737 = DIRECTION ( 'NONE',  ( -1.000000000000000000, 0.000000000000000000, 0.000000000000000000 ) ) ;
#2738 = DIRECTION ( 'NONE',  ( -1.000000000000000000, 0.000000000000000000, 0.000000000000000000 ) ) ;
#2739 = ORIENTED_EDGE ( 'NONE', *, *, #402, .T. ) ;
#2740 = ORIENTED_EDGE ( 'NONE', *, *, #2354, .F. ) ;
#2741 = CARTESIAN_POINT ( 'NONE',  ( -60.00500000000000966, -72.50000000000001421, 0.000000000000000000 ) ) ;
#2742 = EDGE_CURVE ( 'NONE', #4017, #381, #1388, .T. ) ;
#2743 = ORIENTED_EDGE ( 'NONE', *, *, #3841, .F. ) ;
#2744 = CYLINDRICAL_SURFACE ( 'NONE', #3646, 0.9999999999998170352 ) ;
#2745 = FACE_BOUND ( 'NONE', #449, .T. ) ;
#2746 = ADVANCED_FACE ( 'NONE', ( #3292 ), #2406, .F. ) ;
#2747 = AXIS2_PLACEMENT_3D ( 'NONE', #1754, #3039, #4061 ) ;
#2748 = CIRCLE ( 'NONE', #945, 0.9999999999998170352 ) ;
#2749 = CARTESIAN_POINT ( 'NONE',  ( 11.25499999999999723, 45.88661684659245310, 5.000000000000000000 ) ) ;
#2750 = FACE_OUTER_BOUND ( 'NONE', #3773, .T. ) ;
#2751 = EDGE_CURVE ( 'NONE', #3219, #3602, #770, .T. ) ;
#2752 =( BOUNDED_CURVE ( )  B_SPLINE_CURVE ( 3, ( #3054, #839, #2110, #3338 ),
 .UNSPECIFIED., .F., .T. ) 
 B_SPLINE_CURVE_WITH_KNOTS ( ( 4, 4 ),
 ( 3.141592653589793116, 4.712388980384689674 ),
 .UNSPECIFIED. ) 
 CURVE ( )  GEOMETRIC_REPRESENTATION_ITEM ( )  RATIONAL_B_SPLINE_CURVE ( ( 1.000000000000000000, 0.8047378541243649375, 0.8047378541243649375, 1.000000000000000000 ) ) 
 REPRESENTATION_ITEM ( '' )  );
#2753 = ORIENTED_EDGE ( 'NONE', *, *, #2874, .F. ) ;
#2754 = DIRECTION ( 'NONE',  ( 0.000000000000000000, -0.000000000000000000, 1.000000000000000000 ) ) ;
#2755 = LINE ( 'NONE', #992, #779 ) ;
#2756 = CARTESIAN_POINT ( 'NONE',  ( -68.74499999999999034, 57.99999999999998579, 5.000000000000000000 ) ) ;
#2757 = DIRECTION ( 'NONE',  ( 0.000000000000000000, 0.000000000000000000, 1.000000000000000000 ) ) ;
#2758 = ORIENTED_EDGE ( 'NONE', *, *, #2633, .F. ) ;
#2759 = ORIENTED_EDGE ( 'NONE', *, *, #1856, .F. ) ;
#2760 = EDGE_LOOP ( 'NONE', ( #1613, #2171, #691, #255 ) ) ;
#2761 = PLANE ( 'NONE',  #2106 ) ;
#2762 = VECTOR ( 'NONE', #2508, 1000.000000000000000 ) ;
#2763 = AXIS2_PLACEMENT_3D ( 'NONE', #500, #3357, #1121 ) ;
#2764 = ADVANCED_FACE ( 'NONE', ( #2750 ), #3662, .F. ) ;
#2765 = VERTEX_POINT ( 'NONE', #3040 ) ;
#2766 = DIRECTION ( 'NONE',  ( -1.000000000000000000, 0.000000000000000000, 0.000000000000000000 ) ) ;
#2767 = LINE ( 'NONE', #3058, #357 ) ;
#2768 = VECTOR ( 'NONE', #2132, 1000.000000000000000 ) ;
#2769 = VECTOR ( 'NONE', #403, 1000.000000000000000 ) ;
#2770 = DIRECTION ( 'NONE',  ( 0.000000000000000000, -1.000000000000000000, 0.000000000000000000 ) ) ;
#2771 = DIRECTION ( 'NONE',  ( 0.000000000000000000, -0.000000000000000000, 1.000000000000000000 ) ) ;
#2772 = VECTOR ( 'NONE', #2158, 1000.000000000000000 ) ;
#2773 = EDGE_LOOP ( 'NONE', ( #1295, #1799 ) ) ;
#2774 = EDGE_CURVE ( 'NONE', #2040, #719, #2241, .T. ) ;
#2775 = DIRECTION ( 'NONE',  ( -1.000000000000000000, 0.000000000000000000, 0.000000000000000000 ) ) ;
#2776 = LINE ( 'NONE', #3202, #178 ) ;
#2777 = CARTESIAN_POINT ( 'NONE',  ( -15.93726924517893728, 42.26507572786680811, 0.000000000000000000 ) ) ;
#2778 = AXIS2_PLACEMENT_3D ( 'NONE', #3152, #291, #2172 ) ;
#2779 = TOROIDAL_SURFACE ( 'NONE', #3117, 1.999999999999935829, 1.000000000000000000 ) ;
#2780 = CARTESIAN_POINT ( 'NONE',  ( -56.02850656985354760, 77.99999999999997158, 0.000000000000000000 ) ) ;
#2781 = EDGE_CURVE ( 'NONE', #2794, #1689, #786, .T. ) ;
#2782 = ORIENTED_EDGE ( 'NONE', *, *, #443, .T. ) ;
#2783 = DIRECTION ( 'NONE',  ( 1.000000000000000000, 0.000000000000000000, 0.000000000000000000 ) ) ;
#2784 = AXIS2_PLACEMENT_3D ( 'NONE', #1837, #2823, #3557 ) ;
#2785 = CARTESIAN_POINT ( 'NONE',  ( -68.74499999999999034, -42.00000000000002132, 0.000000000000000000 ) ) ;
#2786 = ORIENTED_EDGE ( 'NONE', *, *, #1220, .F. ) ;
#2787 = CARTESIAN_POINT ( 'NONE',  ( -52.53828962499051869, 22.86114967175884161, 3.000000000000000000 ) ) ;
#2788 = PLANE ( 'NONE',  #3089 ) ;
#2789 = CARTESIAN_POINT ( 'NONE',  ( -52.53828962499068922, -25.15438010052512041, 3.000000000000000000 ) ) ;
#2790 = ORIENTED_EDGE ( 'NONE', *, *, #420, .T. ) ;
#2791 = CARTESIAN_POINT ( 'NONE',  ( -16.39105546427840565, 39.80894216826094123, 0.000000000000000000 ) ) ;
#2792 = DIRECTION ( 'NONE',  ( 0.000000000000000000, 0.000000000000000000, -1.000000000000000000 ) ) ;
#2793 = EDGE_CURVE ( 'NONE', #3316, #842, #1231, .T. ) ;
#2794 = VERTEX_POINT ( 'NONE', #2732 ) ;
#2795 = DIRECTION ( 'NONE',  ( -1.000000000000000000, 0.000000000000000000, 0.000000000000000000 ) ) ;
#2796 = CARTESIAN_POINT ( 'NONE',  ( -65.74499999999999034, -55.00000000000002842, 0.000000000000000000 ) ) ;
#2797 = CARTESIAN_POINT ( 'NONE',  ( -65.74499999999999034, -42.00000000000002132, 5.000000000000000000 ) ) ;
#2798 = CARTESIAN_POINT ( 'NONE',  ( -51.74500000000003297, 19.99677529373666118, 2.269888732757966210 ) ) ;
#2799 = VERTEX_POINT ( 'NONE', #3640 ) ;
#2800 = ORIENTED_EDGE ( 'NONE', *, *, #2182, .F. ) ;
#2801 = FACE_OUTER_BOUND ( 'NONE', #3233, .T. ) ;
#2802 = EDGE_CURVE ( 'NONE', #2200, #345, #3582, .T. ) ;
#2803 = CARTESIAN_POINT ( 'NONE',  ( -51.74500000000000455, -27.94761299932681808, 2.428171754270523230 ) ) ;
#2804 = DIRECTION ( 'NONE',  ( -0.000000000000000000, -0.000000000000000000, 1.000000000000000000 ) ) ;
#2805 = CARTESIAN_POINT ( 'NONE',  ( 14.25499999999999723, -30.94761299932681808, 5.000000000000000000 ) ) ;
#2806 = ORIENTED_EDGE ( 'NONE', *, *, #1239, .F. ) ;
#2807 = ORIENTED_EDGE ( 'NONE', *, *, #1810, .T. ) ;
#2808 = LINE ( 'NONE', #2791, #611 ) ;
#2809 = CARTESIAN_POINT ( 'NONE',  ( -31.52412065912967876, 31.79203768307636935, 2.000000000000000000 ) ) ;
#2810 = AXIS2_PLACEMENT_3D ( 'NONE', #3850, #1590, #1924 ) ;
#2811 = AXIS2_PLACEMENT_3D ( 'NONE', #460, #138, #1407 ) ;
#2812 = ORIENTED_EDGE ( 'NONE', *, *, #3836, .F. ) ;
#2813 = ORIENTED_EDGE ( 'NONE', *, *, #690, .T. ) ;
#2814 = DIRECTION ( 'NONE',  ( -0.000000000000000000, -0.000000000000000000, 1.000000000000000000 ) ) ;
#2815 = EDGE_CURVE ( 'NONE', #2934, #1372, #234, .T. ) ;
#2816 = CARTESIAN_POINT ( 'NONE',  ( -58.40500000000001535, 72.49999999999995737, 10.00000000000000000 ) ) ;
#2817 = DIRECTION ( 'NONE',  ( -0.000000000000000000, -0.000000000000000000, -1.000000000000000000 ) ) ;
#2818 = CARTESIAN_POINT ( 'NONE',  ( 0.000000000000000000, 32.14526759496442310, 3.000000000000000000 ) ) ;
#2819 = EDGE_CURVE ( 'NONE', #1256, #3598, #2994, .T. ) ;
#2820 = ORIENTED_EDGE ( 'NONE', *, *, #3349, .T. ) ;
#2821 = CYLINDRICAL_SURFACE ( 'NONE', #3720, 1.000000000000000000 ) ;
#2822 = CIRCLE ( 'NONE', #815, 2.999999999999999112 ) ;
#2823 = DIRECTION ( 'NONE',  ( 0.000000000000000000, 0.000000000000000000, 1.000000000000000000 ) ) ;
#2824 = EDGE_CURVE ( 'NONE', #2694, #648, #1718, .T. ) ;
#2825 = CIRCLE ( 'NONE', #3571, 2.250000000000002220 ) ;
#2826 = CARTESIAN_POINT ( 'NONE',  ( -68.74499999999999034, -42.00000000000002132, 5.000000000000000000 ) ) ;
#2827 = DIRECTION ( 'NONE',  ( -0.7228257756151913460, -0.6910303163438613616, 0.000000000000000000 ) ) ;
#2828 = AXIS2_PLACEMENT_3D ( 'NONE', #3667, #1433, #1765 ) ;
#2829 = CARTESIAN_POINT ( 'NONE',  ( -87.24499999999999034, -45.00000000000000711, 5.000000000000000000 ) ) ;
#2830 = ORIENTED_EDGE ( 'NONE', *, *, #2607, .F. ) ;
#2831 = VECTOR ( 'NONE', #2078, 1000.000000000000000 ) ;
#2832 = CARTESIAN_POINT ( 'NONE',  ( -68.74499999999999034, 44.99999999999998579, 5.000000000000000000 ) ) ;
#2833 = AXIS2_PLACEMENT_3D ( 'NONE', #1398, #2314, #2358 ) ;
#2834 = ORIENTED_EDGE ( 'NONE', *, *, #1239, .T. ) ;
#2835 = CARTESIAN_POINT ( 'NONE',  ( -56.54723398003460488, 12.65589906941674769, 3.000000000000000000 ) ) ;
#2836 = AXIS2_PLACEMENT_3D ( 'NONE', #3608, #1311, #3931 ) ;
#2837 = EDGE_CURVE ( 'NONE', #33, #2396, #442, .T. ) ;
#2838 = EDGE_CURVE ( 'NONE', #3110, #2794, #239, .T. ) ;
#2839 = CARTESIAN_POINT ( 'NONE',  ( -63.88852080077449358, -77.77351044313807904, 10.00000000000000000 ) ) ;
#2840 = CARTESIAN_POINT ( 'NONE',  ( -65.74499999999999034, -55.00000000000002842, 0.000000000000000000 ) ) ;
#2841 = ORIENTED_EDGE ( 'NONE', *, *, #3737, .F. ) ;
#2842 = AXIS2_PLACEMENT_3D ( 'NONE', #3107, #3164, #2771 ) ;
#2843 = ORIENTED_EDGE ( 'NONE', *, *, #1247, .F. ) ;
#2844 = LINE ( 'NONE', #1246, #4058 ) ;
#2845 = VECTOR ( 'NONE', #1428, 1000.000000000000000 ) ;
#2846 = ADVANCED_FACE ( 'NONE', ( #616 ), #3743, .F. ) ;
#2847 = EDGE_CURVE ( 'NONE', #2283, #2854, #4062, .T. ) ;
#2848 =( LENGTH_UNIT ( ) NAMED_UNIT ( * ) SI_UNIT ( .MILLI., .METRE. ) );
#2849 = LINE ( 'NONE', #1602, #2238 ) ;
#2850 = CARTESIAN_POINT ( 'NONE',  ( -65.74500000000000455, -66.99999999999997158, 5.000000000000000000 ) ) ;
#2851 = AXIS2_PLACEMENT_3D ( 'NONE', #1137, #1760, #3317 ) ;
#2852 = DIRECTION ( 'NONE',  ( 1.000000000000000000, 9.682177540335664981E-16, 0.000000000000000000 ) ) ;
#2853 = ORIENTED_EDGE ( 'NONE', *, *, #3356, .F. ) ;
#2854 = VERTEX_POINT ( 'NONE', #2832 ) ;
#2855 = FILL_AREA_STYLE ('',( #3481 ) ) ;
#2856 = LINE ( 'NONE', #3722, #1832 ) ;
#2857 = EDGE_CURVE ( 'NONE', #1948, #1994, #2711, .T. ) ;
#2858 = ORIENTED_EDGE ( 'NONE', *, *, #319, .T. ) ;
#2859 = CARTESIAN_POINT ( 'NONE',  ( -54.74500000000000455, -75.00000000000000000, 0.000000000000000000 ) ) ;
#2860 = EDGE_LOOP ( 'NONE', ( #2194, #3913, #1663, #541 ) ) ;
#2861 = VERTEX_POINT ( 'NONE', #4125 ) ;
#2862 = CARTESIAN_POINT ( 'NONE',  ( 11.59499999999999176, 44.99999999999995737, 5.000000000000000000 ) ) ;
#2863 = DIRECTION ( 'NONE',  ( 0.000000000000000000, 1.000000000000000000, 0.000000000000000000 ) ) ;
#2864 = EDGE_LOOP ( 'NONE', ( #1775, #2185, #1968, #1456 ) ) ;
#2865 = LINE ( 'NONE', #1983, #1669 ) ;
#2866 = LINE ( 'NONE', #1261, #4130 ) ;
#2867 = ORIENTED_EDGE ( 'NONE', *, *, #3324, .F. ) ;
#2868 = EDGE_CURVE ( 'NONE', #3246, #296, #2450, .T. ) ;
#2869 = CARTESIAN_POINT ( 'NONE',  ( -57.54723398003460488, 8.598901098682526722, 0.000000000000000000 ) ) ;
#2870 = DIRECTION ( 'NONE',  ( -0.000000000000000000, -0.000000000000000000, -1.000000000000000000 ) ) ;
#2871 = ORIENTED_EDGE ( 'NONE', *, *, #454, .F. ) ;
#2872 = DIRECTION ( 'NONE',  ( 0.000000000000000000, 0.000000000000000000, -1.000000000000000000 ) ) ;
#2873 = ORIENTED_EDGE ( 'NONE', *, *, #871, .F. ) ;
#2874 = EDGE_CURVE ( 'NONE', #812, #2368, #3414, .T. ) ;
#2875 = CARTESIAN_POINT ( 'NONE',  ( 12.99499999999999567, 44.99999999999995737, 2.000000000000000000 ) ) ;
#2876 = CARTESIAN_POINT ( 'NONE',  ( -0.005000000000005000445, -38.86000000000001364, 5.000000000000000000 ) ) ;
#2877 = DIRECTION ( 'NONE',  ( -2.388407501162106152E-16, 1.000000000000000000, 0.000000000000000000 ) ) ;
#2878 = EDGE_CURVE ( 'NONE', #1994, #2357, #595, .T. ) ;
#2879 = DIRECTION ( 'NONE',  ( -1.000000000000000000, 0.000000000000000000, 0.000000000000000000 ) ) ;
#2880 = AXIS2_PLACEMENT_3D ( 'NONE', #3548, #2513, #3787 ) ;
#2881 = CARTESIAN_POINT ( 'NONE',  ( -22.14407308639565386, 39.80894216826094123, 3.000000000000000000 ) ) ;
#2882 = CARTESIAN_POINT ( 'NONE',  ( -19.62448257959728437, 37.76407684932541997, 3.000000000000000000 ) ) ;
#2883 = AXIS2_PLACEMENT_3D ( 'NONE', #2945, #1245, #1371 ) ;
#2884 = EDGE_LOOP ( 'NONE', ( #803, #3945, #635, #1161 ) ) ;
#2885 = ORIENTED_EDGE ( 'NONE', *, *, #2091, .F. ) ;
#2886 = CARTESIAN_POINT ( 'NONE',  ( 11.25499999999999723, -45.94761299932681453, 5.000000000000000000 ) ) ;
#2887 = DIRECTION ( 'NONE',  ( -1.000000000000000000, -0.000000000000000000, -0.000000000000000000 ) ) ;
#2888 = ORIENTED_EDGE ( 'NONE', *, *, #1280, .F. ) ;
#2889 = EDGE_CURVE ( 'NONE', #2926, #2348, #1574, .T. ) ;
#2890 = CIRCLE ( 'NONE', #4105, 2.250000000000002220 ) ;
#2891 = ORIENTED_EDGE ( 'NONE', *, *, #1369, .T. ) ;
#2892 = VERTEX_POINT ( 'NONE', #215 ) ;
#2893 = LINE ( 'NONE', #4046, #243 ) ;
#2894 = ORIENTED_EDGE ( 'NONE', *, *, #1540, .F. ) ;
#2895 = DIRECTION ( 'NONE',  ( -6.033820786006289662E-16, 1.000000000000000000, 0.000000000000000000 ) ) ;
#2896 = VECTOR ( 'NONE', #1226, 1000.000000000000000 ) ;
#2897 = DIRECTION ( 'NONE',  ( -0.000000000000000000, -0.000000000000000000, -1.000000000000000000 ) ) ;
#2898 = ORIENTED_EDGE ( 'NONE', *, *, #346, .F. ) ;
#2899 = CARTESIAN_POINT ( 'NONE',  ( 9.994999999999995666, -45.00000000000000000, 2.000000000000000000 ) ) ;
#2900 = CIRCLE ( 'NONE', #3574, 3.000000000000002665 ) ;
#2901 = ORIENTED_EDGE ( 'NONE', *, *, #1408, .F. ) ;
#2902 = DIRECTION ( 'NONE',  ( 0.000000000000000000, 0.000000000000000000, 1.000000000000000000 ) ) ;
#2903 = AXIS2_PLACEMENT_3D ( 'NONE', #3323, #1633, #3894 ) ;
#2904 = VERTEX_POINT ( 'NONE', #532 ) ;
#2905 = CIRCLE ( 'NONE', #3434, 3.000000000000002665 ) ;
#2906 = ORIENTED_EDGE ( 'NONE', *, *, #135, .T. ) ;
#2907 = EDGE_CURVE ( 'NONE', #2593, #1339, #2856, .T. ) ;
#2908 = AXIS2_PLACEMENT_3D ( 'NONE', #3371, #471, #2714 ) ;
#2909 = VERTEX_POINT ( 'NONE', #850 ) ;
#2910 = CARTESIAN_POINT ( 'NONE',  ( 0.000000000000000000, 38.76407684932542708, 3.000000000000000000 ) ) ;
#2911 = DIRECTION ( 'NONE',  ( 1.000000000000000000, 0.000000000000000000, 0.000000000000000000 ) ) ;
#2912 = AXIS2_PLACEMENT_3D ( 'NONE', #3711, #1694, #2359 ) ;
#2913 = CIRCLE ( 'NONE', #3375, 3.000000000000002665 ) ;
#2914 = ORIENTED_EDGE ( 'NONE', *, *, #14, .F. ) ;
#2915 = LINE ( 'NONE', #76, #1028 ) ;
#2916 = ORIENTED_EDGE ( 'NONE', *, *, #950, .T. ) ;
#2917 = PLANE ( 'NONE',  #2104 ) ;
#2918 = CYLINDRICAL_SURFACE ( 'NONE', #2306, 3.000000000000002665 ) ;
#2919 = CIRCLE ( 'NONE', #2325, 3.000000000000002665 ) ;
#2920 = FACE_OUTER_BOUND ( 'NONE', #1947, .T. ) ;
#2921 = ORIENTED_EDGE ( 'NONE', *, *, #794, .F. ) ;
#2922 = EDGE_CURVE ( 'NONE', #1657, #2464, #1762, .T. ) ;
#2923 = DIRECTION ( 'NONE',  ( -1.000000000000000000, 9.682177540335664981E-16, -0.000000000000000000 ) ) ;
#2924 = DIRECTION ( 'NONE',  ( -0.000000000000000000, -0.000000000000000000, -1.000000000000000000 ) ) ;
#2925 = EDGE_CURVE ( 'NONE', #3631, #1022, #4080, .T. ) ;
#2926 = VERTEX_POINT ( 'NONE', #3462 ) ;
#2927 = DIRECTION ( 'NONE',  ( 0.000000000000000000, 0.000000000000000000, 1.000000000000000000 ) ) ;
#2928 = EDGE_LOOP ( 'NONE', ( #227, #2436 ) ) ;
#2929 = ORIENTED_EDGE ( 'NONE', *, *, #820, .T. ) ;
#2930 = DIRECTION ( 'NONE',  ( 0.000000000000000000, 0.000000000000000000, -1.000000000000000000 ) ) ;
#2931 = ORIENTED_EDGE ( 'NONE', *, *, #487, .F. ) ;
#2932 = EDGE_CURVE ( 'NONE', #2020, #3952, #2471, .T. ) ;
#2933 = FACE_OUTER_BOUND ( 'NONE', #384, .T. ) ;
#2934 = VERTEX_POINT ( 'NONE', #1798 ) ;
#2935 = CARTESIAN_POINT ( 'NONE',  ( -18.62448257959728437, 40.80894216826094123, 3.000000000000000000 ) ) ;
#2936 = ORIENTED_EDGE ( 'NONE', *, *, #3550, .F. ) ;
#2937 = DIRECTION ( 'NONE',  ( -1.000000000000000000, 0.000000000000000000, 0.000000000000000000 ) ) ;
#2938 = FACE_OUTER_BOUND ( 'NONE', #348, .T. ) ;
#2939 = EDGE_LOOP ( 'NONE', ( #1643, #1638, #1344, #3671 ) ) ;
#2940 = CARTESIAN_POINT ( 'NONE',  ( -51.74500000000000455, -27.94761299932681808, 5.000000000000000000 ) ) ;
#2941 = DIRECTION ( 'NONE',  ( -0.000000000000000000, -0.000000000000000000, -1.000000000000000000 ) ) ;
#2942 = CARTESIAN_POINT ( 'NONE',  ( -60.00500000000022993, 79.50000000000009948, 5.000000000000000000 ) ) ;
#2943 = ADVANCED_FACE ( 'NONE', ( #3813 ), #1174, .F. ) ;
#2944 = ORIENTED_EDGE ( 'NONE', *, *, #2361, .F. ) ;
#2945 = CARTESIAN_POINT ( 'NONE',  ( -0.005000000000005000445, -38.86000000000001364, 5.000000000000000000 ) ) ;
#2946 = ORIENTED_EDGE ( 'NONE', *, *, #2556, .T. ) ;
#2947 = VECTOR ( 'NONE', #491, 1000.000000000000000 ) ;
#2948 = AXIS2_PLACEMENT_3D ( 'NONE', #2189, #1451, #246 ) ;
#2949 = EDGE_CURVE ( 'NONE', #3316, #3125, #3366, .T. ) ;
#2950 = ORIENTED_EDGE ( 'NONE', *, *, #741, .T. ) ;
#2951 = DIRECTION ( 'NONE',  ( -1.000000000000000000, 0.000000000000000000, 0.000000000000000000 ) ) ;
#2952 = EDGE_CURVE ( 'NONE', #3964, #1920, #3439, .T. ) ;
#2953 = VERTEX_POINT ( 'NONE', #258 ) ;
#2954 = CARTESIAN_POINT ( 'NONE',  ( -62.74499999999999744, -75.00000000000000000, 5.000000000000000000 ) ) ;
#2955 = CARTESIAN_POINT ( 'NONE',  ( -51.74500000000001876, 25.72517907242450974, 2.270978562477063534 ) ) ;
#2956 = CARTESIAN_POINT ( 'NONE',  ( 2.244999999999997442, -38.86000000000001364, 0.000000000000000000 ) ) ;
#2957 = VECTOR ( 'NONE', #2827, 1000.000000000000000 ) ;
#2958 = DIRECTION ( 'NONE',  ( -0.000000000000000000, -0.000000000000000000, 1.000000000000000000 ) ) ;
#2959 = DIRECTION ( 'NONE',  ( -0.000000000000000000, -1.000000000000000000, -0.000000000000000000 ) ) ;
#2960 = AXIS2_PLACEMENT_3D ( 'NONE', #593, #3043, #3809 ) ;
#2961 = FACE_OUTER_BOUND ( 'NONE', #1847, .T. ) ;
#2962 = VECTOR ( 'NONE', #1473, 1000.000000000000000 ) ;
#2963 = ORIENTED_EDGE ( 'NONE', *, *, #3454, .T. ) ;
#2964 = ORIENTED_EDGE ( 'NONE', *, *, #2907, .T. ) ;
#2965 = AXIS2_PLACEMENT_3D ( 'NONE', #3192, #2863, #2576 ) ;
#2966 = EDGE_CURVE ( 'NONE', #406, #3700, #1530, .T. ) ;
#2967 = ADVANCED_FACE ( 'NONE', ( #3570 ), #1253, .F. ) ;
#2968 = DIRECTION ( 'NONE',  ( 0.000000000000000000, -0.000000000000000000, -1.000000000000000000 ) ) ;
#2969 = VECTOR ( 'NONE', #1242, 1000.000000000000000 ) ;
#2970 = ORIENTED_EDGE ( 'NONE', *, *, #1112, .T. ) ;
#2971 = LINE ( 'NONE', #3300, #34 ) ;
#2972 = EDGE_CURVE ( 'NONE', #75, #3460, #3222, .T. ) ;
#2973 = CIRCLE ( 'NONE', #704, 2.999999999999933387 ) ;
#2974 = ORIENTED_EDGE ( 'NONE', *, *, #1429, .F. ) ;
#2975 = AXIS2_PLACEMENT_3D ( 'NONE', #2461, #759, #2033 ) ;
#2976 = ORIENTED_EDGE ( 'NONE', *, *, #3536, .T. ) ;
#2977 = DIRECTION ( 'NONE',  ( 0.000000000000000000, 0.000000000000000000, -1.000000000000000000 ) ) ;
#2978 = CARTESIAN_POINT ( 'NONE',  ( -48.74500000000001876, 31.79203768307636935, 0.000000000000000000 ) ) ;
#2979 = FACE_OUTER_BOUND ( 'NONE', #3472, .T. ) ;
#2980 = FACE_OUTER_BOUND ( 'NONE', #2379, .T. ) ;
#2981 = VECTOR ( 'NONE', #1975, 1000.000000000000000 ) ;
#2982 = DIRECTION ( 'NONE',  ( -0.000000000000000000, -0.000000000000000000, -1.000000000000000000 ) ) ;
#2983 = LINE ( 'NONE', #3002, #1537 ) ;
#2984 = CARTESIAN_POINT ( 'NONE',  ( -62.74499999999999744, -75.00000000000000000, 0.000000000000000000 ) ) ;
#2985 = ADVANCED_FACE ( 'NONE', ( #347 ), #20, .F. ) ;
#2986 = CARTESIAN_POINT ( 'NONE',  ( -68.74499999999999034, -42.00000000000002132, 5.000000000000000000 ) ) ;
#2987 = LINE ( 'NONE', #3730, #2212 ) ;
#2988 = CARTESIAN_POINT ( 'NONE',  ( 11.25499999999999368, -48.94761299932681453, 0.000000000000000000 ) ) ;
#2989 = DIRECTION ( 'NONE',  ( 0.000000000000000000, 0.000000000000000000, 1.000000000000000000 ) ) ;
#2990 = ORIENTED_EDGE ( 'NONE', *, *, #2633, .T. ) ;
#2991 = DIRECTION ( 'NONE',  ( -0.000000000000000000, -0.000000000000000000, 1.000000000000000000 ) ) ;
#2992 = CARTESIAN_POINT ( 'NONE',  ( -63.00500000000001677, 72.49999999999995737, 5.000000000000000000 ) ) ;
#2993 = ADVANCED_FACE ( 'NONE', ( #717 ), #1925, .F. ) ;
#2994 =( BOUNDED_CURVE ( )  B_SPLINE_CURVE ( 3, ( #3003, #1095, #134, #1490 ),
 .UNSPECIFIED., .F., .F. ) 
 B_SPLINE_CURVE_WITH_KNOTS ( ( 4, 4 ),
 ( 1.570796326794896558, 3.141592653589793116 ),
 .UNSPECIFIED. ) 
 CURVE ( )  GEOMETRIC_REPRESENTATION_ITEM ( )  RATIONAL_B_SPLINE_CURVE ( ( 1.000000000000000000, 0.8047378541243649375, 0.8047378541243649375, 1.000000000000000000 ) ) 
 REPRESENTATION_ITEM ( '' )  );
#2995 = EDGE_LOOP ( 'NONE', ( #2253, #2008, #188, #3221 ) ) ;
#2996 = ORIENTED_EDGE ( 'NONE', *, *, #2966, .F. ) ;
#2997 = DIRECTION ( 'NONE',  ( 0.000000000000000000, 0.000000000000000000, -1.000000000000000000 ) ) ;
#2998 = DIRECTION ( 'NONE',  ( 1.000000000000000000, 0.000000000000000000, -0.000000000000000000 ) ) ;
#2999 = CARTESIAN_POINT ( 'NONE',  ( -30.52412065912967876, 30.43880777118787506, 3.000000000000000000 ) ) ;
#3000 = EDGE_CURVE ( 'NONE', #2020, #1579, #329, .T. ) ;
#3001 = DIRECTION ( 'NONE',  ( -0.000000000000000000, -0.000000000000000000, 1.000000000000000000 ) ) ;
#3002 = CARTESIAN_POINT ( 'NONE',  ( -51.74500000000000455, -30.94761299932681808, 5.000000000000000000 ) ) ;
#3003 = CARTESIAN_POINT ( 'NONE',  ( -17.39105546427840565, 38.76407684932542708, 3.000000000000000000 ) ) ;
#3004 = ORIENTED_EDGE ( 'NONE', *, *, #746, .T. ) ;
#3005 = ADVANCED_FACE ( 'NONE', ( #1945 ), #1319, .F. ) ;
#3006 = FACE_OUTER_BOUND ( 'NONE', #3814, .T. ) ;
#3007 = FACE_BOUND ( 'NONE', #792, .T. ) ;
#3008 = DIRECTION ( 'NONE',  ( 0.000000000000000000, 0.000000000000000000, 1.000000000000000000 ) ) ;
#3009 = ORIENTED_EDGE ( 'NONE', *, *, #159, .T. ) ;
#3010 = ORIENTED_EDGE ( 'NONE', *, *, #1914, .T. ) ;
#3011 = AXIS2_PLACEMENT_3D ( 'NONE', #2183, #3187, #328 ) ;
#3012 = VERTEX_POINT ( 'NONE', #3897 ) ;
#3013 = ORIENTED_EDGE ( 'NONE', *, *, #939, .T. ) ;
#3014 = LINE ( 'NONE', #1187, #3032 ) ;
#3015 = CARTESIAN_POINT ( 'NONE',  ( -60.00500000000000966, 72.49999999999995737, 5.000000000000000000 ) ) ;
#3016 = EDGE_CURVE ( 'NONE', #3654, #250, #672, .T. ) ;
#3017 = ADVANCED_FACE ( 'NONE', ( #2938 ), #2917, .F. ) ;
#3018 = DIRECTION ( 'NONE',  ( -0.000000000000000000, -0.000000000000000000, 1.000000000000000000 ) ) ;
#3019 = LINE ( 'NONE', #1039, #2552 ) ;
#3020 = CARTESIAN_POINT ( 'NONE',  ( -52.53828962499051869, 22.86114967175884161, 2.000000000000000000 ) ) ;
#3021 = ORIENTED_EDGE ( 'NONE', *, *, #86, .F. ) ;
#3022 = FACE_OUTER_BOUND ( 'NONE', #60, .T. ) ;
#3023 = AXIS2_PLACEMENT_3D ( 'NONE', #1749, #817, #3101 ) ;
#3024 = DIRECTION ( 'NONE',  ( -0.000000000000000000, -0.000000000000000000, -1.000000000000000000 ) ) ;
#3025 = DIRECTION ( 'NONE',  ( -1.000000000000000000, 0.000000000000000000, 0.000000000000000000 ) ) ;
#3026 = EDGE_CURVE ( 'NONE', #3184, #2528, #3852, .T. ) ;
#3027 = AXIS2_PLACEMENT_3D ( 'NONE', #2353, #3630, #125 ) ;
#3028 = FACE_OUTER_BOUND ( 'NONE', #2628, .T. ) ;
#3029 = ORIENTED_EDGE ( 'NONE', *, *, #2480, .T. ) ;
#3030 = VECTOR ( 'NONE', #3837, 1000.000000000000000 ) ;
#3031 = EDGE_CURVE ( 'NONE', #2235, #2099, #3871, .T. ) ;
#3032 = VECTOR ( 'NONE', #816, 1000.000000000000000 ) ;
#3033 = ORIENTED_EDGE ( 'NONE', *, *, #1132, .F. ) ;
#3034 = DIRECTION ( 'NONE',  ( -1.000000000000000000, 0.000000000000000000, 0.000000000000000000 ) ) ;
#3035 = DIRECTION ( 'NONE',  ( -1.000000000000000000, 0.000000000000000000, 0.000000000000000000 ) ) ;
#3036 = VECTOR ( 'NONE', #3889, 1000.000000000000000 ) ;
#3037 = CIRCLE ( 'NONE', #970, 1.599999999999997202 ) ;
#3038 = LINE ( 'NONE', #512, #914 ) ;
#3039 = DIRECTION ( 'NONE',  ( 0.000000000000000000, 0.000000000000000000, 1.000000000000000000 ) ) ;
#3040 = CARTESIAN_POINT ( 'NONE',  ( -11.61499092853927451, -39.38838713590120477, 0.000000000000000000 ) ) ;
#3041 = ORIENTED_EDGE ( 'NONE', *, *, #2824, .F. ) ;
#3042 = LINE ( 'NONE', #2734, #2586 ) ;
#3043 = DIRECTION ( 'NONE',  ( 0.000000000000000000, 0.000000000000000000, -1.000000000000000000 ) ) ;
#3044 = VECTOR ( 'NONE', #4103, 1000.000000000000000 ) ;
#3045 = EDGE_CURVE ( 'NONE', #1124, #1069, #2611, .T. ) ;
#3046 = DIRECTION ( 'NONE',  ( 0.000000000000000000, -0.000000000000000000, -1.000000000000000000 ) ) ;
#3047 = DIRECTION ( 'NONE',  ( 1.000000000000000000, 0.000000000000000000, 0.000000000000000000 ) ) ;
#3048 = AXIS2_PLACEMENT_3D ( 'NONE', #2346, #2409, #476 ) ;
#3049 = DIRECTION ( 'NONE',  ( 0.000000000000000000, 0.000000000000000000, -1.000000000000000000 ) ) ;
#3050 = VERTEX_POINT ( 'NONE', #994 ) ;
#3051 = EDGE_CURVE ( 'NONE', #1386, #2694, #2547, .T. ) ;
#3052 = ORIENTED_EDGE ( 'NONE', *, *, #2480, .F. ) ;
#3053 = ORIENTED_EDGE ( 'NONE', *, *, #4094, .F. ) ;
#3054 = CARTESIAN_POINT ( 'NONE',  ( -57.54723398003460488, 13.65589906941674947, 2.000000000000000000 ) ) ;
#3055 = EDGE_LOOP ( 'NONE', ( #2812, #983, #3971, #858 ) ) ;
#3056 = ADVANCED_FACE ( 'NONE', ( #412 ), #1672, .F. ) ;
#3057 = CARTESIAN_POINT ( 'NONE',  ( -51.74334855732300298, -28.04714153191467929, 3.000000000000000000 ) ) ;
#3058 = CARTESIAN_POINT ( 'NONE',  ( -65.74499999999999034, 54.99999999999998579, 5.000000000000000000 ) ) ;
#3059 = DIRECTION ( 'NONE',  ( -0.000000000000000000, 0.000000000000000000, 1.000000000000000000 ) ) ;
#3060 = LINE ( 'NONE', #822, #3757 ) ;
#3061 = DIRECTION ( 'NONE',  ( 0.000000000000000000, 1.000000000000000000, 0.000000000000000000 ) ) ;
#3062 = APPLICATION_CONTEXT ( 'automotive_design' ) ;
#3063 = ORIENTED_EDGE ( 'NONE', *, *, #86, .T. ) ;
#3064 = DIRECTION ( 'NONE',  ( 1.000000000000000000, 0.000000000000000000, -0.000000000000000000 ) ) ;
#3065 = CARTESIAN_POINT ( 'NONE',  ( 14.25499999999999723, -48.94761299932681453, 5.000000000000000000 ) ) ;
#3066 = SPHERICAL_SURFACE ( 'NONE', #3731, 1.000000000000000000 ) ;
#3067 = DIRECTION ( 'NONE',  ( 1.000000000000000000, 0.000000000000000000, 0.000000000000000000 ) ) ;
#3068 = EDGE_CURVE ( 'NONE', #2687, #3266, #1410, .T. ) ;
#3069 = CARTESIAN_POINT ( 'NONE',  ( 6.994999999999993001, 44.99999999999995737, 2.000000000000000000 ) ) ;
#3070 = EDGE_LOOP ( 'NONE', ( #3734, #3440, #1304, #1915 ) ) ;
#3071 = ORIENTED_EDGE ( 'NONE', *, *, #1614, .F. ) ;
#3072 = ORIENTED_EDGE ( 'NONE', *, *, #2573, .T. ) ;
#3073 = CARTESIAN_POINT ( 'NONE',  ( -12.97377536471974580, 45.26507572786680811, 5.000000000000000000 ) ) ;
#3074 = CARTESIAN_POINT ( 'NONE',  ( 11.25499999999999723, 34.79203768307637290, 5.000000000000000000 ) ) ;
#3075 = EDGE_LOOP ( 'NONE', ( #3949, #308, #3319, #3401 ) ) ;
#3076 = CARTESIAN_POINT ( 'NONE',  ( -53.52934526994632591, 8.598901098682526722, 2.000000000000000000 ) ) ;
#3077 = AXIS2_PLACEMENT_3D ( 'NONE', #3998, #1060, #151 ) ;
#3078 = DIRECTION ( 'NONE',  ( 1.000000000000000000, 0.000000000000000000, 0.000000000000000000 ) ) ;
#3079 = AXIS2_PLACEMENT_3D ( 'NONE', #1391, #4005, #2370 ) ;
#3080 = CARTESIAN_POINT ( 'NONE',  ( -22.14407308639565386, 40.80894216826094123, 2.000000000000000000 ) ) ;
#3081 = DIRECTION ( 'NONE',  ( -0.000000000000000000, -0.000000000000000000, 1.000000000000000000 ) ) ;
#3082 = CARTESIAN_POINT ( 'NONE',  ( 9.994999999999995666, 44.99999999999995737, 0.000000000000000000 ) ) ;
#3083 = ADVANCED_FACE ( 'NONE', ( #656 ), #95, .F. ) ;
#3084 = ORIENTED_EDGE ( 'NONE', *, *, #3490, .T. ) ;
#3085 = DIRECTION ( 'NONE',  ( 0.000000000000000000, -0.000000000000000000, -1.000000000000000000 ) ) ;
#3086 = CARTESIAN_POINT ( 'NONE',  ( -60.00500000000000966, 72.49999999999995737, 5.000000000000000000 ) ) ;
#3087 = FACE_OUTER_BOUND ( 'NONE', #1454, .T. ) ;
#3088 = CARTESIAN_POINT ( 'NONE',  ( -10.61499092853951431, -46.98838713590125593, 0.000000000000000000 ) ) ;
#3089 = AXIS2_PLACEMENT_3D ( 'NONE', #3408, #547, #233 ) ;
#3090 = DIRECTION ( 'NONE',  ( -0.000000000000000000, -0.000000000000000000, -1.000000000000000000 ) ) ;
#3091 = ORIENTED_EDGE ( 'NONE', *, *, #1476, .F. ) ;
#3092 = ORIENTED_EDGE ( 'NONE', *, *, #2424, .F. ) ;
#3093 = ADVANCED_FACE ( 'NONE', ( #190 ), #1183, .T. ) ;
#3094 = CYLINDRICAL_SURFACE ( 'NONE', #1164, 1.000000000000000000 ) ;
#3095 = CARTESIAN_POINT ( 'NONE',  ( -53.52934526994632591, 8.598901098682528499, 2.585786437626905077 ) ) ;
#3096 = CIRCLE ( 'NONE', #1682, 2.250000000000002220 ) ;
#3097 = VECTOR ( 'NONE', #162, 1000.000000000000000 ) ;
#3098 = ORIENTED_EDGE ( 'NONE', *, *, #1622, .T. ) ;
#3099 = EDGE_CURVE ( 'NONE', #145, #3184, #1808, .T. ) ;
#3100 = LINE ( 'NONE', #3076, #2768 ) ;
#3101 = DIRECTION ( 'NONE',  ( 1.000000000000000000, 0.000000000000000000, 0.000000000000000000 ) ) ;
#3102 = CARTESIAN_POINT ( 'NONE',  ( -68.74499999999999034, 41.99999999999997868, 5.000000000000000000 ) ) ;
#3103 = CIRCLE ( 'NONE', #3579, 2.999999999999999112 ) ;
#3104 = ORIENTED_EDGE ( 'NONE', *, *, #3973, .T. ) ;
#3105 = ADVANCED_FACE ( 'NONE', ( #2338 ), #3094, .F. ) ;
#3106 = LINE ( 'NONE', #847, #2422 ) ;
#3107 = CARTESIAN_POINT ( 'NONE',  ( -37.74521744568226467, 33.14526759496442310, 3.000000000000000000 ) ) ;
#3108 = CARTESIAN_POINT ( 'NONE',  ( -87.24499999999999034, 44.99999999999996447, 0.000000000000000000 ) ) ;
#3109 = VECTOR ( 'NONE', #2792, 1000.000000000000000 ) ;
#3110 = VERTEX_POINT ( 'NONE', #2438 ) ;
#3111 = CYLINDRICAL_SURFACE ( 'NONE', #2388, 1.000000000000000000 ) ;
#3112 = EDGE_CURVE ( 'NONE', #999, #3211, #3424, .T. ) ;
#3113 = DIRECTION ( 'NONE',  ( -1.000000000000000000, 0.000000000000000000, 0.000000000000000000 ) ) ;
#3114 = DIRECTION ( 'NONE',  ( 1.000000000000000000, 0.000000000000000000, 0.000000000000000000 ) ) ;
#3115 = VECTOR ( 'NONE', #2100, 1000.000000000000000 ) ;
#3116 = CARTESIAN_POINT ( 'NONE',  ( -51.74500000000001876, 20.50226399989849924, 2.881939382530260829 ) ) ;
#3117 = AXIS2_PLACEMENT_3D ( 'NONE', #658, #3168, #349 ) ;
#3118 = CARTESIAN_POINT ( 'NONE',  ( -36.74521744568226467, 32.14526759496442310, 3.000000000000000000 ) ) ;
#3119 = ORIENTED_EDGE ( 'NONE', *, *, #621, .F. ) ;
#3120 = VERTEX_POINT ( 'NONE', #1788 ) ;
#3121 = CARTESIAN_POINT ( 'NONE',  ( -16.39105546427840565, 39.80894216826094123, 3.000000000000000000 ) ) ;
#3122 = DIRECTION ( 'NONE',  ( -1.000000000000000000, 0.000000000000000000, 0.000000000000000000 ) ) ;
#3123 = LINE ( 'NONE', #1207, #285 ) ;
#3124 = EDGE_CURVE ( 'NONE', #2953, #436, #639, .T. ) ;
#3125 = VERTEX_POINT ( 'NONE', #431 ) ;
#3126 = CARTESIAN_POINT ( 'NONE',  ( 0.000000000000000000, 0.000000000000000000, 3.000000000000000000 ) ) ;
#3127 = DIRECTION ( 'NONE',  ( 0.000000000000000000, 0.000000000000000000, -1.000000000000000000 ) ) ;
#3128 = ORIENTED_EDGE ( 'NONE', *, *, #3769, .T. ) ;
#3129 = FACE_BOUND ( 'NONE', #3885, .T. ) ;
#3130 = DIRECTION ( 'NONE',  ( -1.000000000000000000, 0.000000000000000000, 0.000000000000000000 ) ) ;
#3131 = DIRECTION ( 'NONE',  ( 0.000000000000000000, -1.000000000000000000, 0.000000000000000000 ) ) ;
#3132 = FACE_OUTER_BOUND ( 'NONE', #2860, .T. ) ;
#3133 = ORIENTED_EDGE ( 'NONE', *, *, #4094, .T. ) ;
#3134 = DIRECTION ( 'NONE',  ( -1.000000000000000000, 0.000000000000000000, 0.000000000000000000 ) ) ;
#3135 = CARTESIAN_POINT ( 'NONE',  ( -84.24499999999999034, 51.99999999999996447, 5.000000000000000000 ) ) ;
#3136 = ORIENTED_EDGE ( 'NONE', *, *, #2239, .T. ) ;
#3137 = CARTESIAN_POINT ( 'NONE',  ( -51.74499999999998323, -22.79531838647473307, 2.881996638709737990 ) ) ;
#3138 = DIRECTION ( 'NONE',  ( 0.000000000000000000, 0.000000000000000000, -1.000000000000000000 ) ) ;
#3139 = DIRECTION ( 'NONE',  ( 0.000000000000000000, 0.000000000000000000, 1.000000000000000000 ) ) ;
#3140 = ORIENTED_EDGE ( 'NONE', *, *, #386, .T. ) ;
#3141 = ORIENTED_EDGE ( 'NONE', *, *, #66, .F. ) ;
#3142 = EDGE_CURVE ( 'NONE', #3958, #1208, #1700, .T. ) ;
#3143 = CARTESIAN_POINT ( 'NONE',  ( -65.74500000000000455, 77.99999999999997158, 0.000000000000000000 ) ) ;
#3144 = EDGE_CURVE ( 'NONE', #624, #3964, #542, .T. ) ;
#3145 = PRESENTATION_LAYER_ASSIGNMENT (  '', '', ( #1934 ) ) ;
#3146 = AXIS2_PLACEMENT_3D ( 'NONE', #2000, #1704, #3275 ) ;
#3147 = ORIENTED_EDGE ( 'NONE', *, *, #2677, .F. ) ;
#3148 = LINE ( 'NONE', #1906, #110 ) ;
#3149 = DIRECTION ( 'NONE',  ( -1.000000000000000000, 0.000000000000000000, 0.000000000000000000 ) ) ;
#3150 = CARTESIAN_POINT ( 'NONE',  ( 9.994999999999995666, -45.00000000000000000, 2.000000000000000000 ) ) ;
#3151 = ORIENTED_EDGE ( 'NONE', *, *, #74, .F. ) ;
#3152 = CARTESIAN_POINT ( 'NONE',  ( -60.00500000000000966, 72.49999999999995737, 5.000000000000000000 ) ) ;
#3153 = CIRCLE ( 'NONE', #3771, 3.000000000000002665 ) ;
#3154 = CARTESIAN_POINT ( 'NONE',  ( -51.74334855732300298, -28.04714153191467929, 2.000000000000000000 ) ) ;
#3155 = VECTOR ( 'NONE', #3866, 1000.000000000000000 ) ;
#3156 = CARTESIAN_POINT ( 'NONE',  ( -84.24499999999999034, 44.99999999999996447, 5.000000000000000000 ) ) ;
#3157 = ADVANCED_FACE ( 'NONE', ( #3753 ), #229, .F. ) ;
#3158 = CARTESIAN_POINT ( 'NONE',  ( 12.99499999999999567, -45.00000000000000000, 2.000000000000000000 ) ) ;
#3159 = VECTOR ( 'NONE', #3049, 1000.000000000000000 ) ;
#3160 = DIRECTION ( 'NONE',  ( 0.000000000000000000, 1.000000000000000000, 0.000000000000000000 ) ) ;
#3161 = ORIENTED_EDGE ( 'NONE', *, *, #567, .F. ) ;
#3162 = DIRECTION ( 'NONE',  ( 1.000000000000000000, 0.000000000000000000, 0.000000000000000000 ) ) ;
#3163 = VECTOR ( 'NONE', #1282, 1000.000000000000000 ) ;
#3164 = DIRECTION ( 'NONE',  ( 0.000000000000000000, 1.000000000000000000, 0.000000000000000000 ) ) ;
#3165 = LINE ( 'NONE', #3108, #899 ) ;
#3166 = CIRCLE ( 'NONE', #1096, 3.000000000000002665 ) ;
#3167 = ORIENTED_EDGE ( 'NONE', *, *, #2781, .F. ) ;
#3168 = DIRECTION ( 'NONE',  ( 0.000000000000000000, 0.000000000000000000, -1.000000000000000000 ) ) ;
#3169 = CARTESIAN_POINT ( 'NONE',  ( -22.14407308639565386, 39.80894216826094123, 0.000000000000000000 ) ) ;
#3170 = VECTOR ( 'NONE', #974, 1000.000000000000000 ) ;
#3171 = PLANE ( 'NONE',  #37 ) ;
#3172 = ADVANCED_FACE ( 'NONE', ( #3308 ), #4073, .F. ) ;
#3173 = AXIS2_PLACEMENT_3D ( 'NONE', #3441, #2454, #3727 ) ;
#3174 = CARTESIAN_POINT ( 'NONE',  ( -61.60500000000000398, 72.49999999999995737, 10.00000000000000000 ) ) ;
#3175 =( BOUNDED_CURVE ( )  B_SPLINE_CURVE ( 3, ( #3118, #897, #2478, #3469 ),
 .UNSPECIFIED., .F., .F. ) 
 B_SPLINE_CURVE_WITH_KNOTS ( ( 4, 4 ),
 ( 4.712388980384689674, 6.283185307179586232 ),
 .UNSPECIFIED. ) 
 CURVE ( )  GEOMETRIC_REPRESENTATION_ITEM ( )  RATIONAL_B_SPLINE_CURVE ( ( 1.000000000000000000, 0.8047378541243649375, 0.8047378541243649375, 1.000000000000000000 ) ) 
 REPRESENTATION_ITEM ( '' )  );
#3176 = CARTESIAN_POINT ( 'NONE',  ( -52.53828962499051869, 22.86114967175884161, 0.000000000000000000 ) ) ;
#3177 = EDGE_CURVE ( 'NONE', #1040, #2468, #1103, .T. ) ;
#3178 = CIRCLE ( 'NONE', #1702, 3.000000000000009770 ) ;
#3179 = ORIENTED_EDGE ( 'NONE', *, *, #1247, .T. ) ;
#3180 = DIRECTION ( 'NONE',  ( -0.000000000000000000, -0.000000000000000000, -1.000000000000000000 ) ) ;
#3181 = CARTESIAN_POINT ( 'NONE',  ( -62.74499999999999744, 74.99999999999997158, 0.000000000000000000 ) ) ;
#3182 = AXIS2_PLACEMENT_3D ( 'NONE', #1178, #972, #581 ) ;
#3183 = ADVANCED_FACE ( 'NONE', ( #2979 ), #2761, .F. ) ;
#3184 = VERTEX_POINT ( 'NONE', #838 ) ;
#3185 = EDGE_LOOP ( 'NONE', ( #4122, #2901, #3829, #1276 ) ) ;
#3186 = DIRECTION ( 'NONE',  ( -0.000000000000000000, 0.000000000000000000, 1.000000000000000000 ) ) ;
#3187 = DIRECTION ( 'NONE',  ( 0.000000000000000000, 0.000000000000000000, -1.000000000000000000 ) ) ;
#3188 = CARTESIAN_POINT ( 'NONE',  ( -55.53828962499061817, -25.15438010052512041, 3.000000000000000000 ) ) ;
#3189 = EDGE_LOOP ( 'NONE', ( #3936, #495, #2579, #2759 ) ) ;
#3190 = DIRECTION ( 'NONE',  ( 0.000000000000000000, 0.000000000000000000, 1.000000000000000000 ) ) ;
#3191 = CARTESIAN_POINT ( 'NONE',  ( -53.52934526994632591, 13.65589906941674769, 2.585786437626905077 ) ) ;
#3192 = CARTESIAN_POINT ( 'NONE',  ( -10.61499092853951431, -46.98838713590125593, 2.000000000000000000 ) ) ;
#3193 = ORIENTED_EDGE ( 'NONE', *, *, #180, .F. ) ;
#3194 = DIRECTION ( 'NONE',  ( -0.000000000000000000, -0.000000000000000000, 1.000000000000000000 ) ) ;
#3195 = EDGE_LOOP ( 'NONE', ( #507, #2319 ) ) ;
#3196 = EDGE_CURVE ( 'NONE', #3672, #2040, #908, .T. ) ;
#3197 = CARTESIAN_POINT ( 'NONE',  ( -51.74500000000001876, 25.75436441852100344, 0.000000000000000000 ) ) ;
#3198 = ORIENTED_EDGE ( 'NONE', *, *, #3324, .T. ) ;
#3199 = ORIENTED_EDGE ( 'NONE', *, *, #43, .T. ) ;
#3200 = CARTESIAN_POINT ( 'NONE',  ( -51.74499999999999744, 74.99999999999997158, 0.000000000000000000 ) ) ;
#3201 = ORIENTED_EDGE ( 'NONE', *, *, #139, .F. ) ;
#3202 = CARTESIAN_POINT ( 'NONE',  ( -37.74521744568226467, 31.79203768307636935, 5.000000000000000000 ) ) ;
#3203 = VERTEX_POINT ( 'NONE', #2671 ) ;
#3204 = SURFACE_STYLE_USAGE ( .BOTH. , #279 ) ;
#3205 = DIRECTION ( 'NONE',  ( 0.000000000000000000, -1.000000000000000000, 0.000000000000000000 ) ) ;
#3206 = EDGE_LOOP ( 'NONE', ( #389, #429, #1634, #1492 ) ) ;
#3207 = CARTESIAN_POINT ( 'NONE',  ( 11.25499999999999368, 31.79203768307636935, 5.000000000000000000 ) ) ;
#3208 = DIRECTION ( 'NONE',  ( 1.000000000000000000, 0.000000000000000000, 0.000000000000000000 ) ) ;
#3209 = EDGE_CURVE ( 'NONE', #3957, #3518, #1043, .T. ) ;
#3210 = CARTESIAN_POINT ( 'NONE',  ( -11.61499092853927451, -39.38838713590120477, 2.000000000000000000 ) ) ;
#3211 = VERTEX_POINT ( 'NONE', #2956 ) ;
#3212 = CIRCLE ( 'NONE', #1871, 3.000000000000001776 ) ;
#3213 = VERTEX_POINT ( 'NONE', #453 ) ;
#3214 = LINE ( 'NONE', #1627, #3776 ) ;
#3215 = ORIENTED_EDGE ( 'NONE', *, *, #464, .T. ) ;
#3216 = LINE ( 'NONE', #3909, #3564 ) ;
#3217 = VECTOR ( 'NONE', #2887, 1000.000000000000000 ) ;
#3218 = EDGE_CURVE ( 'NONE', #1323, #75, #3655, .T. ) ;
#3219 = VERTEX_POINT ( 'NONE', #2109 ) ;
#3220 = DIRECTION ( 'NONE',  ( -1.000000000000000000, 0.000000000000000000, 0.000000000000000000 ) ) ;
#3221 = ORIENTED_EDGE ( 'NONE', *, *, #2498, .F. ) ;
#3222 = LINE ( 'NONE', #3188, #906 ) ;
#3223 = CIRCLE ( 'NONE', #1416, 3.000000000000009770 ) ;
#3224 = ORIENTED_EDGE ( 'NONE', *, *, #724, .F. ) ;
#3225 = ORIENTED_EDGE ( 'NONE', *, *, #1668, .T. ) ;
#3226 = ADVANCED_FACE ( 'NONE', ( #1541 ), #2821, .F. ) ;
#3227 = CARTESIAN_POINT ( 'NONE',  ( -60.98500000000000654, -60.99000000000001620, 0.000000000000000000 ) ) ;
#3228 = AXIS2_PLACEMENT_3D ( 'NONE', #3232, #380, #2299 ) ;
#3229 = VERTEX_POINT ( 'NONE', #3802 ) ;
#3230 = LINE ( 'NONE', #377, #3299 ) ;
#3231 = VECTOR ( 'NONE', #27, 1000.000000000000000 ) ;
#3232 = CARTESIAN_POINT ( 'NONE',  ( -68.74499999999999034, 57.99999999999998579, 0.000000000000000000 ) ) ;
#3233 = EDGE_LOOP ( 'NONE', ( #1321, #2743, #1787, #3628, #53, #774 ) ) ;
#3234 = EDGE_CURVE ( 'NONE', #428, #3262, #2526, .T. ) ;
#3235 = CARTESIAN_POINT ( 'NONE',  ( -65.74500000000000455, 74.99999999999997158, 0.000000000000000000 ) ) ;
#3236 = AXIS2_PLACEMENT_3D ( 'NONE', #2659, #1979, #332 ) ;
#3237 = EDGE_LOOP ( 'NONE', ( #1380, #3435, #1982, #2055, #713, #1552, #1939, #682, #405, #3887, #3621, #1268, #2010, #1584 ) ) ;
#3238 = AXIS2_PLACEMENT_3D ( 'NONE', #2592, #3205, #2632 ) ;
#3239 = VERTEX_POINT ( 'NONE', #3174 ) ;
#3240 = ORIENTED_EDGE ( 'NONE', *, *, #3112, .F. ) ;
#3241 = FACE_OUTER_BOUND ( 'NONE', #1651, .T. ) ;
#3242 = AXIS2_PLACEMENT_3D ( 'NONE', #4051, #2481, #881 ) ;
#3243 = VECTOR ( 'NONE', #2423, 1000.000000000000000 ) ;
#3244 = ORIENTED_EDGE ( 'NONE', *, *, #929, .F. ) ;
#3245 = CARTESIAN_POINT ( 'NONE',  ( -60.00500000000020151, -79.50000000000009948, 0.000000000000000000 ) ) ;
#3246 = VERTEX_POINT ( 'NONE', #4110 ) ;
#3247 = DIRECTION ( 'NONE',  ( -0.000000000000000000, -0.000000000000000000, -1.000000000000000000 ) ) ;
#3248 = VECTOR ( 'NONE', #4083, 1000.000000000000000 ) ;
#3249 = EDGE_CURVE ( 'NONE', #2504, #2045, #3993, .T. ) ;
#3250 = LINE ( 'NONE', #3963, #3310 ) ;
#3251 = PLANE ( 'NONE',  #3077 ) ;
#3252 = CARTESIAN_POINT ( 'NONE',  ( 14.25499999999999723, -45.94761299932681453, 5.000000000000000000 ) ) ;
#3253 = ADVANCED_FACE ( 'NONE', ( #2801 ), #1225, .F. ) ;
#3254 = DIRECTION ( 'NONE',  ( 0.000000000000000000, 1.000000000000000000, 0.000000000000000000 ) ) ;
#3255 = EDGE_LOOP ( 'NONE', ( #1722, #3350 ) ) ;
#3256 = ADVANCED_FACE ( 'NONE', ( #2524 ), #317, .F. ) ;
#3257 = CARTESIAN_POINT ( 'NONE',  ( -60.00500000000000966, 72.49999999999995737, 5.000000000000000000 ) ) ;
#3258 = ORIENTED_EDGE ( 'NONE', *, *, #3459, .T. ) ;
#3259 = ORIENTED_EDGE ( 'NONE', *, *, #2568, .T. ) ;
#3260 = CARTESIAN_POINT ( 'NONE',  ( -52.53828962499051869, 22.86114967175884161, 3.000000000000000000 ) ) ;
#3261 = VERTEX_POINT ( 'NONE', #626 ) ;
#3262 = VERTEX_POINT ( 'NONE', #2502 ) ;
#3263 = CARTESIAN_POINT ( 'NONE',  ( -30.52412065912967876, 33.14526759496442310, 2.000000000000000000 ) ) ;
#3264 = CARTESIAN_POINT ( 'NONE',  ( -51.74500000000001876, 25.75436441852100344, 2.000000000000000000 ) ) ;
#3265 = DIRECTION ( 'NONE',  ( 0.000000000000000000, 0.000000000000000000, -1.000000000000000000 ) ) ;
#3266 = VERTEX_POINT ( 'NONE', #3820 ) ;
#3267 = EDGE_LOOP ( 'NONE', ( #2800, #3708, #2389, #2717, #1623, #2790, #3305 ) ) ;
#3268 = CYLINDRICAL_SURFACE ( 'NONE', #1165, 3.000000000000002665 ) ;
#3269 = EDGE_CURVE ( 'NONE', #2464, #2609, #3514, .T. ) ;
#3270 = EDGE_CURVE ( 'NONE', #1948, #837, #2866, .T. ) ;
#3271 = ORIENTED_EDGE ( 'NONE', *, *, #2949, .T. ) ;
#3272 = LINE ( 'NONE', #2017, #879 ) ;
#3273 = LINE ( 'NONE', #1951, #2448 ) ;
#3274 = ADVANCED_FACE ( 'NONE', ( #1202 ), #4136, .F. ) ;
#3275 = DIRECTION ( 'NONE',  ( -1.000000000000000000, 0.000000000000000000, 0.000000000000000000 ) ) ;
#3276 = ORIENTED_EDGE ( 'NONE', *, *, #2847, .T. ) ;
#3277 = AXIS2_PLACEMENT_3D ( 'NONE', #2749, #1512, #1464 ) ;
#3278 = EDGE_CURVE ( 'NONE', #3774, #3239, #1563, .T. ) ;
#3279 = ORIENTED_EDGE ( 'NONE', *, *, #1740, .T. ) ;
#3280 = FACE_OUTER_BOUND ( 'NONE', #204, .T. ) ;
#3281 = CARTESIAN_POINT ( 'NONE',  ( -54.52934526994632591, 0.000000000000000000, 2.000000000000000000 ) ) ;
#3282 = ORIENTED_EDGE ( 'NONE', *, *, #2716, .T. ) ;
#3283 = EDGE_CURVE ( 'NONE', #2528, #1208, #1834, .T. ) ;
#3284 = ORIENTED_EDGE ( 'NONE', *, *, #3642, .F. ) ;
#3285 = DIRECTION ( 'NONE',  ( -1.000000000000000000, 0.000000000000000000, 0.000000000000000000 ) ) ;
#3286 = LINE ( 'NONE', #3307, #1949 ) ;
#3287 = DIRECTION ( 'NONE',  ( 0.000000000000000000, -1.000000000000000000, 0.000000000000000000 ) ) ;
#3288 = AXIS2_PLACEMENT_3D ( 'NONE', #2805, #927, #298 ) ;
#3289 = DIRECTION ( 'NONE',  ( 0.000000000000000000, -1.000000000000000000, 0.000000000000000000 ) ) ;
#3290 = LINE ( 'NONE', #133, #1336 ) ;
#3291 = CIRCLE ( 'NONE', #2296, 3.000000000000002665 ) ;
#3292 = FACE_OUTER_BOUND ( 'NONE', #6, .T. ) ;
#3293 = AXIS2_PLACEMENT_3D ( 'NONE', #2080, #444, #3008 ) ;
#3294 = CARTESIAN_POINT ( 'NONE',  ( -51.74500000000001876, 25.75436441852100344, 3.000000000000000000 ) ) ;
#3295 = CYLINDRICAL_SURFACE ( 'NONE', #3146, 0.9999999999998170352 ) ;
#3296 = VECTOR ( 'NONE', #1653, 1000.000000000000000 ) ;
#3297 = EDGE_CURVE ( 'NONE', #69, #2468, #2844, .T. ) ;
#3298 = CYLINDRICAL_SURFACE ( 'NONE', #1957, 3.000000000000001776 ) ;
#3299 = VECTOR ( 'NONE', #417, 1000.000000000000000 ) ;
#3300 = CARTESIAN_POINT ( 'NONE',  ( -51.74500000000000455, -77.99999999999997158, 10.00000000000000000 ) ) ;
#3301 = AXIS2_PLACEMENT_3D ( 'NONE', #2363, #3347, #1445 ) ;
#3302 = ADVANCED_FACE ( 'NONE', ( #2213 ), #605, .F. ) ;
#3303 = ORIENTED_EDGE ( 'NONE', *, *, #1334, .T. ) ;
#3304 = AXIS2_PLACEMENT_3D ( 'NONE', #3450, #1467, #3374 ) ;
#3305 = ORIENTED_EDGE ( 'NONE', *, *, #1408, .T. ) ;
#3306 = DIRECTION ( 'NONE',  ( -1.000000000000000000, 0.000000000000000000, 0.000000000000000000 ) ) ;
#3307 = CARTESIAN_POINT ( 'NONE',  ( -22.14407308639565386, 39.80894216826094123, 2.000000000000000000 ) ) ;
#3308 = FACE_OUTER_BOUND ( 'NONE', #3805, .T. ) ;
#3309 = EDGE_CURVE ( 'NONE', #2593, #1474, #3372, .T. ) ;
#3310 = VECTOR ( 'NONE', #1366, 1000.000000000000000 ) ;
#3311 = CARTESIAN_POINT ( 'NONE',  ( -51.74500000000000455, -51.94761299932682874, 0.000000000000000000 ) ) ;
#3312 = DIRECTION ( 'NONE',  ( 0.000000000000000000, 0.000000000000000000, -1.000000000000000000 ) ) ;
#3313 = CIRCLE ( 'NONE', #3999, 3.000000000000009770 ) ;
#3314 = DIRECTION ( 'NONE',  ( -0.000000000000000000, -0.000000000000000000, 1.000000000000000000 ) ) ;
#3315 = ORIENTED_EDGE ( 'NONE', *, *, #1791, .F. ) ;
#3316 = VERTEX_POINT ( 'NONE', #892 ) ;
#3317 = DIRECTION ( 'NONE',  ( -1.000000000000000000, 0.000000000000000000, 0.000000000000000000 ) ) ;
#3318 = CARTESIAN_POINT ( 'NONE',  ( -54.74500000000000455, -78.00000000000000000, 5.000000000000000000 ) ) ;
#3319 = ORIENTED_EDGE ( 'NONE', *, *, #2716, .F. ) ;
#3320 = ADVANCED_FACE ( 'NONE', ( #496 ), #2719, .F. ) ;
#3321 = DIRECTION ( 'NONE',  ( 2.211964468540914624E-16, -1.000000000000000000, 0.000000000000000000 ) ) ;
#3322 = ORIENTED_EDGE ( 'NONE', *, *, #4028, .T. ) ;
#3323 = CARTESIAN_POINT ( 'NONE',  ( -84.24499999999999034, 47.99999999999996447, 5.000000000000000000 ) ) ;
#3324 = EDGE_CURVE ( 'NONE', #1435, #2641, #2648, .T. ) ;
#3325 = FACE_OUTER_BOUND ( 'NONE', #3267, .T. ) ;
#3326 = DIRECTION ( 'NONE',  ( 1.000000000000000000, 0.000000000000000000, 0.000000000000000000 ) ) ;
#3327 = EDGE_CURVE ( 'NONE', #719, #143, #872, .T. ) ;
#3328 = LINE ( 'NONE', #470, #3831 ) ;
#3329 = DIRECTION ( 'NONE',  ( -1.000000000000000000, 0.000000000000000000, 0.000000000000000000 ) ) ;
#3330 = ORIENTED_EDGE ( 'NONE', *, *, #756, .T. ) ;
#3331 = DIRECTION ( 'NONE',  ( 1.000000000000000000, -9.682177540335664981E-16, 0.000000000000000000 ) ) ;
#3332 = EDGE_CURVE ( 'NONE', #3598, #3958, #1447, .T. ) ;
#3333 = DIRECTION ( 'NONE',  ( -1.000000000000000000, 0.000000000000000000, 0.000000000000000000 ) ) ;
#3334 = FACE_BOUND ( 'NONE', #2472, .T. ) ;
#3335 = DIRECTION ( 'NONE',  ( 0.000000000000000000, 0.000000000000000000, -1.000000000000000000 ) ) ;
#3336 = ORIENTED_EDGE ( 'NONE', *, *, #2802, .T. ) ;
#3337 = VERTEX_POINT ( 'NONE', #2408 ) ;
#3338 = CARTESIAN_POINT ( 'NONE',  ( -56.54723398003460488, 12.65589906941674769, 3.000000000000000000 ) ) ;
#3339 = AXIS2_PLACEMENT_3D ( 'NONE', #1713, #1399, #2998 ) ;
#3340 = VECTOR ( 'NONE', #790, 1000.000000000000000 ) ;
#3341 = ORIENTED_EDGE ( 'NONE', *, *, #2847, .F. ) ;
#3342 = CARTESIAN_POINT ( 'NONE',  ( -58.74500000000000455, 60.97999999999998266, 5.000000000000000000 ) ) ;
#3343 = DIRECTION ( 'NONE',  ( -0.000000000000000000, -0.000000000000000000, 1.000000000000000000 ) ) ;
#3344 = ADVANCED_FACE ( 'NONE', ( #3129, #242 ), #2120, .F. ) ;
#3345 = DIRECTION ( 'NONE',  ( 5.825304554501312687E-16, 1.000000000000000000, -0.000000000000000000 ) ) ;
#3346 = DIRECTION ( 'NONE',  ( 0.000000000000000000, 0.000000000000000000, -1.000000000000000000 ) ) ;
#3347 = DIRECTION ( 'NONE',  ( 0.000000000000000000, 0.000000000000000000, 1.000000000000000000 ) ) ;
#3348 = AXIS2_PLACEMENT_3D ( 'NONE', #3716, #2466, #4012 ) ;
#3349 = EDGE_CURVE ( 'NONE', #1133, #3602, #4043, .T. ) ;
#3350 = ORIENTED_EDGE ( 'NONE', *, *, #14, .T. ) ;
#3351 = PLANE ( 'NONE',  #840 ) ;
#3352 = CARTESIAN_POINT ( 'NONE',  ( -17.39105546427840565, 38.76407684932542708, 3.000000000000000000 ) ) ;
#3353 = CARTESIAN_POINT ( 'NONE',  ( -54.74500000000000455, -77.99999999999997158, 10.00000000000000000 ) ) ;
#3354 = LINE ( 'NONE', #1761, #3340 ) ;
#3355 = CIRCLE ( 'NONE', #2440, 1.599999999999997202 ) ;
#3356 = EDGE_CURVE ( 'NONE', #2667, #2099, #3745, .T. ) ;
#3357 = DIRECTION ( 'NONE',  ( 0.000000000000000000, 0.000000000000000000, -1.000000000000000000 ) ) ;
#3358 = EDGE_LOOP ( 'NONE', ( #857, #3691, #3448, #3279 ) ) ;
#3359 = ORIENTED_EDGE ( 'NONE', *, *, #319, .F. ) ;
#3360 = VERTEX_POINT ( 'NONE', #2163 ) ;
#3361 = CARTESIAN_POINT ( 'NONE',  ( 6.994999999999993001, -45.00000000000000000, 2.000000000000000000 ) ) ;
#3362 = AXIS2_PLACEMENT_3D ( 'NONE', #3772, #1519, #202 ) ;
#3363 = DIRECTION ( 'NONE',  ( -5.825304554501312687E-16, -1.000000000000000000, 0.000000000000000000 ) ) ;
#3364 = FACE_BOUND ( 'NONE', #423, .T. ) ;
#3365 = VECTOR ( 'NONE', #3489, 1000.000000000000000 ) ;
#3366 = CIRCLE ( 'NONE', #2384, 3.000000000000002665 ) ;
#3367 = DIRECTION ( 'NONE',  ( 2.388407501162106152E-16, -1.000000000000000000, 0.000000000000000000 ) ) ;
#3368 = ORIENTED_EDGE ( 'NONE', *, *, #3770, .F. ) ;
#3369 = DIRECTION ( 'NONE',  ( 0.000000000000000000, -1.000000000000000000, 0.000000000000000000 ) ) ;
#3370 = EDGE_CURVE ( 'NONE', #2283, #266, #3042, .T. ) ;
#3371 = CARTESIAN_POINT ( 'NONE',  ( -58.74500000000000455, 60.97999999999998266, 5.000000000000000000 ) ) ;
#3372 = CIRCLE ( 'NONE', #3304, 2.999999999999999112 ) ;
#3373 = ORIENTED_EDGE ( 'NONE', *, *, #3948, .F. ) ;
#3374 = DIRECTION ( 'NONE',  ( -1.000000000000000000, 0.000000000000000000, 0.000000000000000000 ) ) ;
#3375 = AXIS2_PLACEMENT_3D ( 'NONE', #2859, #1301, #2 ) ;
#3376 = FACE_OUTER_BOUND ( 'NONE', #3892, .T. ) ;
#3377 = CARTESIAN_POINT ( 'NONE',  ( -57.13302041766150552, 9.013114661055622534, 3.000000000000000000 ) ) ;
#3378 = VECTOR ( 'NONE', #520, 1000.000000000000000 ) ;
#3379 = DIRECTION ( 'NONE',  ( -1.000000000000000000, 6.938893903907222067E-15, 0.000000000000000000 ) ) ;
#3380 = ORIENTED_EDGE ( 'NONE', *, *, #3824, .F. ) ;
#3381 = ORIENTED_EDGE ( 'NONE', *, *, #963, .T. ) ;
#3382 = ORIENTED_EDGE ( 'NONE', *, *, #2354, .T. ) ;
#3383 = DIRECTION ( 'NONE',  ( -0.000000000000000000, -0.000000000000000000, -1.000000000000000000 ) ) ;
#3384 = DIRECTION ( 'NONE',  ( 1.000000000000000000, 0.000000000000000000, 0.000000000000000000 ) ) ;
#3385 = B_SPLINE_CURVE_WITH_KNOTS ( 'NONE', 3,
 ( #3154, #1523, #1790, #2803 ),
 .UNSPECIFIED., .F., .F.,
 ( 4, 4 ),
 ( 0.000000000000000000, 0.0004403938675123945717 ),
 .UNSPECIFIED. ) ;
#3386 = CARTESIAN_POINT ( 'NONE',  ( -60.00500000000020151, -79.50000000000009948, 0.000000000000000000 ) ) ;
#3387 = DIRECTION ( 'NONE',  ( -0.000000000000000000, -1.000000000000000000, -0.000000000000000000 ) ) ;
#3388 = FACE_OUTER_BOUND ( 'NONE', #3735, .T. ) ;
#3389 = ORIENTED_EDGE ( 'NONE', *, *, #1081, .F. ) ;
#3390 = DIRECTION ( 'NONE',  ( -0.000000000000000000, -1.000000000000000000, -0.000000000000000000 ) ) ;
#3391 = DIRECTION ( 'NONE',  ( 0.000000000000000000, 0.000000000000000000, 1.000000000000000000 ) ) ;
#3392 = VERTEX_POINT ( 'NONE', #804 ) ;
#3393 = ADVANCED_FACE ( 'NONE', ( #2074 ), #3351, .F. ) ;
#3394 = ORIENTED_EDGE ( 'NONE', *, *, #29, .F. ) ;
#3395 = EDGE_CURVE ( 'NONE', #4009, #1833, #3416, .T. ) ;
#3396 = DIRECTION ( 'NONE',  ( 0.000000000000000000, 0.000000000000000000, 1.000000000000000000 ) ) ;
#3397 = FACE_OUTER_BOUND ( 'NONE', #1747, .T. ) ;
#3398 = DIRECTION ( 'NONE',  ( 0.000000000000000000, 0.000000000000000000, -1.000000000000000000 ) ) ;
#3399 = ADVANCED_FACE ( 'NONE', ( #518 ), #1155, .F. ) ;
#3400 = CARTESIAN_POINT ( 'NONE',  ( -55.53828962499045474, 22.86114967175884161, 3.000000000000000000 ) ) ;
#3401 = ORIENTED_EDGE ( 'NONE', *, *, #673, .F. ) ;
#3402 = ORIENTED_EDGE ( 'NONE', *, *, #985, .T. ) ;
#3403 = DIRECTION ( 'NONE',  ( 0.000000000000000000, -1.000000000000000000, 0.000000000000000000 ) ) ;
#3404 = CARTESIAN_POINT ( 'NONE',  ( -51.74500000000000455, -22.26116535376300476, 2.000000000000000000 ) ) ;
#3405 = ORIENTED_EDGE ( 'NONE', *, *, #2595, .T. ) ;
#3406 = DIRECTION ( 'NONE',  ( -1.000000000000000000, 0.000000000000000000, 0.000000000000000000 ) ) ;
#3407 = CIRCLE ( 'NONE', #2810, 3.000000000000001776 ) ;
#3408 = CARTESIAN_POINT ( 'NONE',  ( -65.74500000000000455, -78.00000000000000000, 5.000000000000000000 ) ) ;
#3409 = ADVANCED_FACE ( 'NONE', ( #1194 ), #853, .F. ) ;
#3410 = CIRCLE ( 'NONE', #612, 0.9999999999998222533 ) ;
#3411 = DIRECTION ( 'NONE',  ( 0.000000000000000000, 0.000000000000000000, 1.000000000000000000 ) ) ;
#3412 = ORIENTED_EDGE ( 'NONE', *, *, #1908, .T. ) ;
#3413 = FACE_OUTER_BOUND ( 'NONE', #72, .T. ) ;
#3414 = LINE ( 'NONE', #4101, #3109 ) ;
#3415 = ORIENTED_EDGE ( 'NONE', *, *, #2159, .T. ) ;
#3416 = LINE ( 'NONE', #2428, #3115 ) ;
#3417 =( BOUNDED_CURVE ( )  B_SPLINE_CURVE ( 3, ( #353, #1929, #3191, #979 ),
 .UNSPECIFIED., .F., .F. ) 
 B_SPLINE_CURVE_WITH_KNOTS ( ( 4, 4 ),
 ( 1.570796326794896558, 3.141592653589793116 ),
 .UNSPECIFIED. ) 
 CURVE ( )  GEOMETRIC_REPRESENTATION_ITEM ( )  RATIONAL_B_SPLINE_CURVE ( ( 1.000000000000000000, 0.8047378541243649375, 0.8047378541243649375, 1.000000000000000000 ) ) 
 REPRESENTATION_ITEM ( '' )  );
#3418 = CARTESIAN_POINT ( 'NONE',  ( 0.000000000000000000, 32.14526759496442310, 2.000000000000000000 ) ) ;
#3419 = CARTESIAN_POINT ( 'NONE',  ( 8.394999999999997797, -45.00000000000000000, 2.000000000000000000 ) ) ;
#3420 = CARTESIAN_POINT ( 'NONE',  ( -15.93726924517893728, 39.80894216826094123, 3.000000000000000000 ) ) ;
#3421 = VECTOR ( 'NONE', #94, 1000.000000000000000 ) ;
#3422 = DIRECTION ( 'NONE',  ( -0.000000000000000000, -0.000000000000000000, -1.000000000000000000 ) ) ;
#3423 = ORIENTED_EDGE ( 'NONE', *, *, #2361, .T. ) ;
#3424 = LINE ( 'NONE', #1162, #3933 ) ;
#3425 = AXIS2_PLACEMENT_3D ( 'NONE', #1665, #88, #3609 ) ;
#3426 = ADVANCED_FACE ( 'NONE', ( #219 ), #1493, .F. ) ;
#3427 = DIRECTION ( 'NONE',  ( -0.000000000000000000, -0.000000000000000000, 1.000000000000000000 ) ) ;
#3428 = VECTOR ( 'NONE', #3422, 1000.000000000000000 ) ;
#3429 = ORIENTED_EDGE ( 'NONE', *, *, #1334, .F. ) ;
#3430 = CARTESIAN_POINT ( 'NONE',  ( -51.74500000000001165, -22.67899989560540064, 2.811374832303755067 ) ) ;
#3431 = DIRECTION ( 'NONE',  ( 0.000000000000000000, 0.000000000000000000, 1.000000000000000000 ) ) ;
#3432 = ADVANCED_FACE ( 'NONE', ( #1825 ), #3111, .F. ) ;
#3433 = CIRCLE ( 'NONE', #1960, 4.250000000000010658 ) ;
#3434 = AXIS2_PLACEMENT_3D ( 'NONE', #82, #678, #997 ) ;
#3435 = ORIENTED_EDGE ( 'NONE', *, *, #1964, .T. ) ;
#3436 = CARTESIAN_POINT ( 'NONE',  ( -12.97377536471974580, 42.26507572786680811, 5.000000000000000000 ) ) ;
#3437 = DIRECTION ( 'NONE',  ( 1.000000000000000000, 0.000000000000000000, 0.000000000000000000 ) ) ;
#3438 = EDGE_CURVE ( 'NONE', #1689, #812, #52, .T. ) ;
#3439 = CIRCLE ( 'NONE', #2647, 3.000000000000001776 ) ;
#3440 = ORIENTED_EDGE ( 'NONE', *, *, #284, .T. ) ;
#3441 = CARTESIAN_POINT ( 'NONE',  ( -87.24499999999999034, 44.99999999999996447, 5.000000000000000000 ) ) ;
#3442 = CARTESIAN_POINT ( 'NONE',  ( -51.74500000000001876, 66.99999999999997158, 10.00000000000000000 ) ) ;
#3443 = CARTESIAN_POINT ( 'NONE',  ( -10.61499092853945925, -39.38838713590120477, 0.000000000000000000 ) ) ;
#3444 = AXIS2_PLACEMENT_3D ( 'NONE', #2195, #3134, #1912 ) ;
#3445 = DIRECTION ( 'NONE',  ( -0.000000000000000000, -0.000000000000000000, -1.000000000000000000 ) ) ;
#3446 = VECTOR ( 'NONE', #1510, 1000.000000000000000 ) ;
#3447 = FACE_OUTER_BOUND ( 'NONE', #2148, .T. ) ;
#3448 = ORIENTED_EDGE ( 'NONE', *, *, #783, .T. ) ;
#3449 = ADVANCED_BREP_SHAPE_REPRESENTATION ( 'main board holder', ( #606, #2784 ), #2463 ) ;
#3450 = CARTESIAN_POINT ( 'NONE',  ( 11.25499999999999723, -45.94761299932681453, 0.000000000000000000 ) ) ;
#3451 = AXIS2_PLACEMENT_3D ( 'NONE', #4056, #707, #1326 ) ;
#3452 = VERTEX_POINT ( 'NONE', #3552 ) ;
#3453 = ADVANCED_FACE ( 'NONE', ( #1886 ), #2779, .F. ) ;
#3454 = EDGE_CURVE ( 'NONE', #3261, #421, #1615, .T. ) ;
#3455 = ORIENTED_EDGE ( 'NONE', *, *, #10, .F. ) ;
#3456 = CARTESIAN_POINT ( 'NONE',  ( -51.74500000000001876, 31.79203768307636935, 0.000000000000000000 ) ) ;
#3457 = FACE_OUTER_BOUND ( 'NONE', #1539, .T. ) ;
#3458 = DIRECTION ( 'NONE',  ( -1.000000000000000000, 0.000000000000000000, 0.000000000000000000 ) ) ;
#3459 = EDGE_CURVE ( 'NONE', #989, #144, #2175, .T. ) ;
#3460 = VERTEX_POINT ( 'NONE', #3878 ) ;
#3461 = CARTESIAN_POINT ( 'NONE',  ( -9.614990928539691950, -46.98838713590125593, 2.000000000000000000 ) ) ;
#3462 = CARTESIAN_POINT ( 'NONE',  ( -53.52934526994632591, 8.598901098682526722, 0.000000000000000000 ) ) ;
#3463 = ORIENTED_EDGE ( 'NONE', *, *, #871, .T. ) ;
#3464 = VERTEX_POINT ( 'NONE', #3793 ) ;
#3465 = EDGE_CURVE ( 'NONE', #4042, #2427, #2594, .T. ) ;
#3466 = FACE_OUTER_BOUND ( 'NONE', #2295, .T. ) ;
#3467 = CARTESIAN_POINT ( 'NONE',  ( -60.00500000000000966, 72.49999999999995737, 5.000000000000000000 ) ) ;
#3468 = DIRECTION ( 'NONE',  ( 1.000000000000000000, 0.000000000000000000, 0.000000000000000000 ) ) ;
#3469 = CARTESIAN_POINT ( 'NONE',  ( -37.74521744568226467, 33.14526759496442310, 2.000000000000000000 ) ) ;
#3470 = EDGE_CURVE ( 'NONE', #561, #144, #675, .T. ) ;
#3471 = ORIENTED_EDGE ( 'NONE', *, *, #1097, .T. ) ;
#3472 = EDGE_LOOP ( 'NONE', ( #1811, #3504, #156, #2399 ) ) ;
#3473 = CARTESIAN_POINT ( 'NONE',  ( -60.00500000000000966, 72.49999999999995737, 0.000000000000000000 ) ) ;
#3474 =( BOUNDED_CURVE ( )  B_SPLINE_CURVE ( 3, ( #4021, #2103, #3377, #201 ),
 .UNSPECIFIED., .F., .F. ) 
 B_SPLINE_CURVE_WITH_KNOTS ( ( 4, 4 ),
 ( 0.000000000000000000, 1.570796326794896558 ),
 .UNSPECIFIED. ) 
 CURVE ( )  GEOMETRIC_REPRESENTATION_ITEM ( )  RATIONAL_B_SPLINE_CURVE ( ( 1.000000000000000000, 0.8047378541243649375, 0.8047378541243649375, 1.000000000000000000 ) ) 
 REPRESENTATION_ITEM ( '' )  );
#3475 = ORIENTED_EDGE ( 'NONE', *, *, #2339, .T. ) ;
#3476 = DIRECTION ( 'NONE',  ( 0.000000000000000000, 0.000000000000000000, -1.000000000000000000 ) ) ;
#3477 = DIRECTION ( 'NONE',  ( 0.000000000000000000, -0.000000000000000000, 1.000000000000000000 ) ) ;
#3478 = DIRECTION ( 'NONE',  ( 1.000000000000000000, 0.000000000000000000, 0.000000000000000000 ) ) ;
#3479 = ORIENTED_EDGE ( 'NONE', *, *, #54, .F. ) ;
#3480 = VERTEX_POINT ( 'NONE', #2570 ) ;
#3481 = FILL_AREA_STYLE_COLOUR ( '', #2211 ) ;
#3482 = DIRECTION ( 'NONE',  ( 0.000000000000000000, 0.000000000000000000, 1.000000000000000000 ) ) ;
#3483 = EDGE_CURVE ( 'NONE', #1297, #2364, #2913, .T. ) ;
#3484 = AXIS2_PLACEMENT_3D ( 'NONE', #531, #1191, #3762 ) ;
#3485 = ORIENTED_EDGE ( 'NONE', *, *, #1169, .T. ) ;
#3486 = DIRECTION ( 'NONE',  ( -0.000000000000000000, -0.000000000000000000, 1.000000000000000000 ) ) ;
#3487 = ORIENTED_EDGE ( 'NONE', *, *, #3670, .F. ) ;
#3488 = ORIENTED_EDGE ( 'NONE', *, *, #1434, .T. ) ;
#3489 = DIRECTION ( 'NONE',  ( -0.000000000000000000, -0.000000000000000000, -1.000000000000000000 ) ) ;
#3490 = EDGE_CURVE ( 'NONE', #2201, #2249, #2228, .T. ) ;
#3491 = DIRECTION ( 'NONE',  ( 0.000000000000000000, 0.000000000000000000, -1.000000000000000000 ) ) ;
#3492 = ORIENTED_EDGE ( 'NONE', *, *, #3624, .T. ) ;
#3493 = CARTESIAN_POINT ( 'NONE',  ( -48.74500000000000455, -27.94761299932681808, 5.000000000000000000 ) ) ;
#3494 = ADVANCED_FACE ( 'NONE', ( #1946 ), #262, .F. ) ;
#3495 = CIRCLE ( 'NONE', #2366, 3.000000000000002665 ) ;
#3496 = CARTESIAN_POINT ( 'NONE',  ( 0.000000000000000000, 9.598901098682526722, 3.000000000000000000 ) ) ;
#3497 = ORIENTED_EDGE ( 'NONE', *, *, #2742, .F. ) ;
#3498 = VECTOR ( 'NONE', #664, 1000.000000000000000 ) ;
#3499 = CARTESIAN_POINT ( 'NONE',  ( -51.74500000000000455, -51.94761299932682874, 5.000000000000000000 ) ) ;
#3500 = CARTESIAN_POINT ( 'NONE',  ( -48.74500000000000455, -30.94761299932681808, 5.000000000000000000 ) ) ;
#3501 = CIRCLE ( 'NONE', #494, 1.599999999999997202 ) ;
#3502 = ORIENTED_EDGE ( 'NONE', *, *, #2815, .T. ) ;
#3503 = ORIENTED_EDGE ( 'NONE', *, *, #284, .F. ) ;
#3504 = ORIENTED_EDGE ( 'NONE', *, *, #1429, .T. ) ;
#3505 = CIRCLE ( 'NONE', #1688, 0.9999999999998170352 ) ;
#3506 = CARTESIAN_POINT ( 'NONE',  ( -51.74500000000001165, -27.86030642795110168, 2.605430526556659743 ) ) ;
#3507 = VECTOR ( 'NONE', #2817, 1000.000000000000000 ) ;
#3508 = ORIENTED_EDGE ( 'NONE', *, *, #1937, .T. ) ;
#3509 = DIRECTION ( 'NONE',  ( -0.000000000000000000, -0.000000000000000000, -1.000000000000000000 ) ) ;
#3510 = EDGE_CURVE ( 'NONE', #3213, #3316, #307, .T. ) ;
#3511 = DIRECTION ( 'NONE',  ( -0.000000000000000000, -0.000000000000000000, -1.000000000000000000 ) ) ;
#3512 = AXIS2_PLACEMENT_3D ( 'NONE', #2999, #563, #2013 ) ;
#3513 = CARTESIAN_POINT ( 'NONE',  ( -19.62448257959728437, 37.76407684932541997, 0.000000000000000000 ) ) ;
#3514 = CIRCLE ( 'NONE', #1764, 3.000000000000009770 ) ;
#3515 = DIRECTION ( 'NONE',  ( 1.000000000000000000, 0.000000000000000000, 0.000000000000000000 ) ) ;
#3516 = DIRECTION ( 'NONE',  ( -1.000000000000000000, 0.000000000000000000, 0.000000000000000000 ) ) ;
#3517 = AXIS2_PLACEMENT_3D ( 'NONE', #65, #1402, #3597 ) ;
#3518 = VERTEX_POINT ( 'NONE', #2518 ) ;
#3519 = VERTEX_POINT ( 'NONE', #2835 ) ;
#3520 = DIRECTION ( 'NONE',  ( -1.000000000000000000, 0.000000000000000000, 0.000000000000000000 ) ) ;
#3521 = DIRECTION ( 'NONE',  ( 0.000000000000000000, 1.000000000000000000, 0.000000000000000000 ) ) ;
#3522 = ORIENTED_EDGE ( 'NONE', *, *, #600, .T. ) ;
#3523 = ADVANCED_FACE ( 'NONE', ( #3466 ), #2187, .F. ) ;
#3524 = ORIENTED_EDGE ( 'NONE', *, *, #1364, .F. ) ;
#3525 = PLANE ( 'NONE',  #3182 ) ;
#3526 = ORIENTED_EDGE ( 'NONE', *, *, #1980, .F. ) ;
#3527 = CARTESIAN_POINT ( 'NONE',  ( -51.74500000000000455, -26.99032442726324277, 3.000000000000000000 ) ) ;
#3528 = ORIENTED_EDGE ( 'NONE', *, *, #2298, .F. ) ;
#3529 = DIRECTION ( 'NONE',  ( 0.000000000000000000, 0.000000000000000000, -1.000000000000000000 ) ) ;
#3530 = ORIENTED_EDGE ( 'NONE', *, *, #3675, .F. ) ;
#3531 = CARTESIAN_POINT ( 'NONE',  ( 14.25499999999999723, 34.79203768307637290, 5.000000000000000000 ) ) ;
#3532 = LINE ( 'NONE', #1930, #2089 ) ;
#3533 = ORIENTED_EDGE ( 'NONE', *, *, #2819, .T. ) ;
#3534 = LINE ( 'NONE', #383, #2494 ) ;
#3535 = ORIENTED_EDGE ( 'NONE', *, *, #1606, .T. ) ;
#3536 = EDGE_CURVE ( 'NONE', #2102, #3598, #3148, .T. ) ;
#3537 = CARTESIAN_POINT ( 'NONE',  ( -48.74500000000001876, 42.26507572786680811, 5.000000000000000000 ) ) ;
#3538 = ORIENTED_EDGE ( 'NONE', *, *, #1606, .F. ) ;
#3539 = ORIENTED_EDGE ( 'NONE', *, *, #22, .F. ) ;
#3540 = DIRECTION ( 'NONE',  ( -0.000000000000000000, -0.000000000000000000, 1.000000000000000000 ) ) ;
#3541 = CARTESIAN_POINT ( 'NONE',  ( -11.77046683615346545, 42.26507572786680811, 5.000000000000000000 ) ) ;
#3542 = ORIENTED_EDGE ( 'NONE', *, *, #3680, .T. ) ;
#3543 = EDGE_CURVE ( 'NONE', #421, #2664, #1373, .T. ) ;
#3544 = ORIENTED_EDGE ( 'NONE', *, *, #1097, .F. ) ;
#3545 = ORIENTED_EDGE ( 'NONE', *, *, #2090, .F. ) ;
#3546 = DIRECTION ( 'NONE',  ( -0.000000000000000000, -0.000000000000000000, -1.000000000000000000 ) ) ;
#3547 = EDGE_LOOP ( 'NONE', ( #1758, #290, #2156, #1038 ) ) ;
#3548 = CARTESIAN_POINT ( 'NONE',  ( 9.994999999999995666, 44.99999999999995737, 5.000000000000000000 ) ) ;
#3549 = DIRECTION ( 'NONE',  ( -0.000000000000000000, -1.000000000000000000, -0.000000000000000000 ) ) ;
#3550 = EDGE_CURVE ( 'NONE', #171, #3672, #3587, .T. ) ;
#3551 = ORIENTED_EDGE ( 'NONE', *, *, #3770, .T. ) ;
#3552 = CARTESIAN_POINT ( 'NONE',  ( -84.24499999999999034, 54.99999999999996447, 5.000000000000000000 ) ) ;
#3553 = CARTESIAN_POINT ( 'NONE',  ( 9.994999999999995666, 44.99999999999995737, 2.000000000000000000 ) ) ;
#3554 = CIRCLE ( 'NONE', #1136, 0.9999999999998222533 ) ;
#3555 = CIRCLE ( 'NONE', #3079, 3.000000000000001776 ) ;
#3556 = DIRECTION ( 'NONE',  ( -1.000000000000000000, 0.000000000000000000, 0.000000000000000000 ) ) ;
#3557 = DIRECTION ( 'NONE',  ( 1.000000000000000000, 0.000000000000000000, 0.000000000000000000 ) ) ;
#3558 = EDGE_LOOP ( 'NONE', ( #811, #1897, #2407, #969 ) ) ;
#3559 = CARTESIAN_POINT ( 'NONE',  ( -18.62448257959728437, 0.000000000000000000, 2.000000000000000000 ) ) ;
#3560 = ORIENTED_EDGE ( 'NONE', *, *, #1330, .F. ) ;
#3561 = ORIENTED_EDGE ( 'NONE', *, *, #1998, .F. ) ;
#3562 = ADVANCED_FACE ( 'NONE', ( #936 ), #2207, .F. ) ;
#3563 = CARTESIAN_POINT ( 'NONE',  ( 2.244999999999997442, -38.86000000000001364, 5.000000000000000000 ) ) ;
#3564 = VECTOR ( 'NONE', #1988, 1000.000000000000000 ) ;
#3565 = ORIENTED_EDGE ( 'NONE', *, *, #1434, .F. ) ;
#3566 = CARTESIAN_POINT ( 'NONE',  ( -54.53828962499045474, 22.86114967175884161, 3.000000000000000000 ) ) ;
#3567 = EDGE_LOOP ( 'NONE', ( #965, #1064, #3128, #797 ) ) ;
#3568 = EDGE_CURVE ( 'NONE', #1297, #3632, #3856, .T. ) ;
#3569 = LINE ( 'NONE', #2049, #2138 ) ;
#3570 = FACE_OUTER_BOUND ( 'NONE', #1892, .T. ) ;
#3571 = AXIS2_PLACEMENT_3D ( 'NONE', #474, #1781, #947 ) ;
#3572 = ORIENTED_EDGE ( 'NONE', *, *, #3670, .T. ) ;
#3573 = CARTESIAN_POINT ( 'NONE',  ( -58.40500000000001535, 72.49999999999995737, 5.000000000000000000 ) ) ;
#3574 = AXIS2_PLACEMENT_3D ( 'NONE', #2681, #186, #2025 ) ;
#3575 = CYLINDRICAL_SURFACE ( 'NONE', #1963, 2.250000000000001776 ) ;
#3576 = DIRECTION ( 'NONE',  ( -0.000000000000000000, 0.000000000000000000, 1.000000000000000000 ) ) ;
#3577 = ORIENTED_EDGE ( 'NONE', *, *, #2680, .F. ) ;
#3578 = ORIENTED_EDGE ( 'NONE', *, *, #1378, .T. ) ;
#3579 = AXIS2_PLACEMENT_3D ( 'NONE', #322, #2529, #338 ) ;
#3580 = ORIENTED_EDGE ( 'NONE', *, *, #3209, .F. ) ;
#3581 = LINE ( 'NONE', #1986, #3498 ) ;
#3582 = CIRCLE ( 'NONE', #378, 2.999999999999999112 ) ;
#3583 = ORIENTED_EDGE ( 'NONE', *, *, #2952, .F. ) ;
#3584 = LINE ( 'NONE', #2910, #3926 ) ;
#3585 = DIRECTION ( 'NONE',  ( -0.000000000000000000, -0.000000000000000000, -1.000000000000000000 ) ) ;
#3586 = EDGE_CURVE ( 'NONE', #3922, #3880, #23, .T. ) ;
#3587 = CIRCLE ( 'NONE', #2458, 3.000000000000009770 ) ;
#3588 = ORIENTED_EDGE ( 'NONE', *, *, #2205, .F. ) ;
#3589 = VERTEX_POINT ( 'NONE', #720 ) ;
#3590 = DIRECTION ( 'NONE',  ( 1.000000000000000000, 0.000000000000000000, 0.000000000000000000 ) ) ;
#3591 = CARTESIAN_POINT ( 'NONE',  ( -87.24499999999999034, -55.00000000000000711, 0.000000000000000000 ) ) ;
#3592 = CARTESIAN_POINT ( 'NONE',  ( -18.62448257959728437, 40.80894216826094123, 3.000000000000000000 ) ) ;
#3593 = AXIS2_PLACEMENT_3D ( 'NONE', #2022, #2696, #3046 ) ;
#3594 = ORIENTED_EDGE ( 'NONE', *, *, #3470, .T. ) ;
#3595 = EDGE_CURVE ( 'NONE', #837, #189, #2654, .T. ) ;
#3596 = EDGE_LOOP ( 'NONE', ( #2608, #1647, #2437, #3726 ) ) ;
#3597 = DIRECTION ( 'NONE',  ( -1.000000000000000000, 0.000000000000000000, 0.000000000000000000 ) ) ;
#3598 = VERTEX_POINT ( 'NONE', #1995 ) ;
#3599 = CYLINDRICAL_SURFACE ( 'NONE', #806, 1.599999999999997202 ) ;
#3600 = DIRECTION ( 'NONE',  ( -0.000000000000000000, 0.000000000000000000, 1.000000000000000000 ) ) ;
#3601 = ORIENTED_EDGE ( 'NONE', *, *, #3883, .T. ) ;
#3602 = VERTEX_POINT ( 'NONE', #1075 ) ;
#3603 = CARTESIAN_POINT ( 'NONE',  ( -84.24499999999999034, -48.00000000000000711, 5.000000000000000000 ) ) ;
#3604 = VERTEX_POINT ( 'NONE', #784 ) ;
#3605 = EDGE_CURVE ( 'NONE', #359, #2460, #3250, .T. ) ;
#3606 = DIRECTION ( 'NONE',  ( -0.000000000000000000, -0.000000000000000000, -1.000000000000000000 ) ) ;
#3607 = ORIENTED_EDGE ( 'NONE', *, *, #3483, .T. ) ;
#3608 = CARTESIAN_POINT ( 'NONE',  ( -4.844257548789735246, 48.88661684659246021, 5.000000000000000000 ) ) ;
#3609 = DIRECTION ( 'NONE',  ( -1.000000000000000000, 0.000000000000000000, 0.000000000000000000 ) ) ;
#3610 = VERTEX_POINT ( 'NONE', #2360 ) ;
#3611 = VERTEX_POINT ( 'NONE', #3227 ) ;
#3612 = CYLINDRICAL_SURFACE ( 'NONE', #1224, 3.000000000000002665 ) ;
#3613 = CARTESIAN_POINT ( 'NONE',  ( -60.93356069705333766, -75.35267857142861203, 5.000000000000000000 ) ) ;
#3614 = CARTESIAN_POINT ( 'NONE',  ( -51.74500000000000455, -48.94761299932681453, 5.000000000000000000 ) ) ;
#3615 =( BOUNDED_CURVE ( )  B_SPLINE_CURVE ( 3, ( #877, #3799, #2124, #1805 ),
 .UNSPECIFIED., .F., .F. ) 
 B_SPLINE_CURVE_WITH_KNOTS ( ( 4, 4 ),
 ( 1.570796326794896558, 3.141592653589793116 ),
 .UNSPECIFIED. ) 
 CURVE ( )  GEOMETRIC_REPRESENTATION_ITEM ( )  RATIONAL_B_SPLINE_CURVE ( ( 1.000000000000000000, 0.8047378541243649375, 0.8047378541243649375, 1.000000000000000000 ) ) 
 REPRESENTATION_ITEM ( '' )  );
#3616 = DIRECTION ( 'NONE',  ( 0.000000000000000000, -0.000000000000000000, -1.000000000000000000 ) ) ;
#3617 = FACE_OUTER_BOUND ( 'NONE', #3237, .T. ) ;
#3618 = EDGE_CURVE ( 'NONE', #1042, #665, #3178, .T. ) ;
#3619 = DIRECTION ( 'NONE',  ( 1.000000000000000000, 0.000000000000000000, 0.000000000000000000 ) ) ;
#3620 = ORIENTED_EDGE ( 'NONE', *, *, #3857, .T. ) ;
#3621 = ORIENTED_EDGE ( 'NONE', *, *, #673, .T. ) ;
#3622 = DIRECTION ( 'NONE',  ( 0.000000000000000000, 1.000000000000000000, 0.000000000000000000 ) ) ;
#3623 = PLANE ( 'NONE',  #1803 ) ;
#3624 = EDGE_CURVE ( 'NONE', #3610, #3858, #2294, .T. ) ;
#3625 = EDGE_LOOP ( 'NONE', ( #3259, #603, #3544, #686 ) ) ;
#3626 = CARTESIAN_POINT ( 'NONE',  ( -51.74500000000001876, -66.99999999999997158, 10.00000000000000000 ) ) ;
#3627 = DIRECTION ( 'NONE',  ( -0.000000000000000000, -1.000000000000000000, -0.000000000000000000 ) ) ;
#3628 = ORIENTED_EDGE ( 'NONE', *, *, #2199, .F. ) ;
#3629 = EDGE_CURVE ( 'NONE', #2627, #3203, #1046, .T. ) ;
#3630 = DIRECTION ( 'NONE',  ( -0.000000000000000000, -0.000000000000000000, -1.000000000000000000 ) ) ;
#3631 = VERTEX_POINT ( 'NONE', #1637 ) ;
#3632 = VERTEX_POINT ( 'NONE', #3311 ) ;
#3633 = CARTESIAN_POINT ( 'NONE',  ( -19.62448257959728437, 37.76407684932541997, 2.000000000000000000 ) ) ;
#3634 = CARTESIAN_POINT ( 'NONE',  ( -51.74500000000001876, 24.69709399849703857, 3.000000000000000000 ) ) ;
#3635 = CARTESIAN_POINT ( 'NONE',  ( -17.39105546427840565, 0.000000000000000000, 2.000000000000000000 ) ) ;
#3636 = AXIS2_PLACEMENT_3D ( 'NONE', #1774, #3758, #1188 ) ;
#3637 = CARTESIAN_POINT ( 'NONE',  ( -60.00500000000000966, -72.50000000000001421, 5.000000000000000000 ) ) ;
#3638 = CARTESIAN_POINT ( 'NONE',  ( -87.24499999999999034, -52.00000000000000711, 0.000000000000000000 ) ) ;
#3639 = VECTOR ( 'NONE', #805, 1000.000000000000000 ) ;
#3640 = CARTESIAN_POINT ( 'NONE',  ( -31.52412065912967876, 32.14526759496442310, 3.000000000000000000 ) ) ;
#3641 = VECTOR ( 'NONE', #287, 1000.000000000000000 ) ;
#3642 = EDGE_CURVE ( 'NONE', #394, #1005, #455, .T. ) ;
#3643 = ORIENTED_EDGE ( 'NONE', *, *, #1720, .F. ) ;
#3644 = DIRECTION ( 'NONE',  ( 0.000000000000000000, 0.000000000000000000, 1.000000000000000000 ) ) ;
#3645 = CARTESIAN_POINT ( 'NONE',  ( -56.48499999999999943, -60.99000000000001620, 5.000000000000000000 ) ) ;
#3646 = AXIS2_PLACEMENT_3D ( 'NONE', #2418, #2442, #2766 ) ;
#3647 = LINE ( 'NONE', #810, #1750 ) ;
#3648 = CIRCLE ( 'NONE', #1828, 0.9999999999998222533 ) ;
#3649 = ORIENTED_EDGE ( 'NONE', *, *, #1303, .F. ) ;
#3650 = EDGE_LOOP ( 'NONE', ( #198, #1029 ) ) ;
#3651 = FACE_OUTER_BOUND ( 'NONE', #3625, .T. ) ;
#3652 = VECTOR ( 'NONE', #1192, 1000.000000000000000 ) ;
#3653 = EDGE_CURVE ( 'NONE', #604, #2200, #2690, .T. ) ;
#3654 = VERTEX_POINT ( 'NONE', #3573 ) ;
#3655 = CIRCLE ( 'NONE', #2246, 2.999999999999933387 ) ;
#3656 = DIRECTION ( 'NONE',  ( 1.000000000000000000, 9.682177540335664981E-16, 0.000000000000000000 ) ) ;
#3657 = CARTESIAN_POINT ( 'NONE',  ( -51.74500000000003297, 24.96634659296628556, 2.976937770701489683 ) ) ;
#3658 = CIRCLE ( 'NONE', #2587, 2.999999999999933387 ) ;
#3659 = ADVANCED_FACE ( 'NONE', ( #2920 ), #3268, .T. ) ;
#3660 = CARTESIAN_POINT ( 'NONE',  ( -52.53828962499068922, -25.15438010052512041, 0.000000000000000000 ) ) ;
#3661 = LINE ( 'NONE', #401, #475 ) ;
#3662 = CYLINDRICAL_SURFACE ( 'NONE', #2908, 2.249999999999988010 ) ;
#3663 = ORIENTED_EDGE ( 'NONE', *, *, #1965, .T. ) ;
#3664 = ORIENTED_EDGE ( 'NONE', *, *, #2932, .F. ) ;
#3665 = DIRECTION ( 'NONE',  ( -1.224646799147353207E-16, 1.000000000000000000, 0.000000000000000000 ) ) ;
#3666 = CARTESIAN_POINT ( 'NONE',  ( -48.74500000000001876, 31.79203768307636935, 0.000000000000000000 ) ) ;
#3667 = CARTESIAN_POINT ( 'NONE',  ( -16.39105546427840565, 37.76407684932541997, 3.000000000000000000 ) ) ;
#3668 = ORIENTED_EDGE ( 'NONE', *, *, #3144, .F. ) ;
#3669 = ORIENTED_EDGE ( 'NONE', *, *, #2815, .F. ) ;
#3670 = EDGE_CURVE ( 'NONE', #2504, #2892, #700, .T. ) ;
#3671 = ORIENTED_EDGE ( 'NONE', *, *, #728, .F. ) ;
#3672 = VERTEX_POINT ( 'NONE', #2340 ) ;
#3673 = DIRECTION ( 'NONE',  ( 0.000000000000000000, 0.000000000000000000, 1.000000000000000000 ) ) ;
#3674 = CARTESIAN_POINT ( 'NONE',  ( -53.52934526994632591, 8.598901098682526722, 2.000000000000000000 ) ) ;
#3675 = EDGE_CURVE ( 'NONE', #1831, #1009, #1575, .T. ) ;
#3676 = DIRECTION ( 'NONE',  ( -1.000000000000000000, -2.388407501162106152E-16, 0.000000000000000000 ) ) ;
#3677 = VERTEX_POINT ( 'NONE', #2385 ) ;
#3678 = DIRECTION ( 'NONE',  ( 0.000000000000000000, 0.000000000000000000, 1.000000000000000000 ) ) ;
#3679 = CARTESIAN_POINT ( 'NONE',  ( -60.00500000000022993, 79.50000000000009948, 0.000000000000000000 ) ) ;
#3680 = EDGE_CURVE ( 'NONE', #573, #2645, #1901, .T. ) ;
#3681 = ORIENTED_EDGE ( 'NONE', *, *, #3737, .T. ) ;
#3682 = CARTESIAN_POINT ( 'NONE',  ( -18.62448257959728437, 0.000000000000000000, 3.000000000000000000 ) ) ;
#3683 = CARTESIAN_POINT ( 'NONE',  ( 9.994999999999995666, 44.99999999999995737, 2.000000000000000000 ) ) ;
#3684 = CARTESIAN_POINT ( 'NONE',  ( -37.74521744568226467, 33.14526759496442310, 2.000000000000000000 ) ) ;
#3685 = PLANE ( 'NONE',  #2828 ) ;
#3686 = VERTEX_POINT ( 'NONE', #2634 ) ;
#3687 = ORIENTED_EDGE ( 'NONE', *, *, #3629, .F. ) ;
#3688 = CIRCLE ( 'NONE', #944, 1.000000000000000000 ) ;
#3689 = AXIS2_PLACEMENT_3D ( 'NONE', #2260, #1955, #3515 ) ;
#3690 = EDGE_CURVE ( 'NONE', #3460, #1124, #3658, .T. ) ;
#3691 = ORIENTED_EDGE ( 'NONE', *, *, #3586, .T. ) ;
#3692 = DIRECTION ( 'NONE',  ( -0.000000000000000000, -0.000000000000000000, -1.000000000000000000 ) ) ;
#3693 = FACE_OUTER_BOUND ( 'NONE', #15, .T. ) ;
#3694 = LINE ( 'NONE', #2092, #2762 ) ;
#3695 = EDGE_CURVE ( 'NONE', #3518, #1297, #3899, .T. ) ;
#3696 = DIRECTION ( 'NONE',  ( 0.000000000000000000, 0.000000000000000000, -1.000000000000000000 ) ) ;
#3697 = DIRECTION ( 'NONE',  ( 0.000000000000000000, 0.000000000000000000, -1.000000000000000000 ) ) ;
#3698 = DIRECTION ( 'NONE',  ( -1.000000000000000000, 0.000000000000000000, 0.000000000000000000 ) ) ;
#3699 = AXIS2_PLACEMENT_3D ( 'NONE', #1068, #1650, #1377 ) ;
#3700 = VERTEX_POINT ( 'NONE', #1659 ) ;
#3701 = CARTESIAN_POINT ( 'NONE',  ( -37.74521744568226467, 30.43880777118787506, 3.000000000000000000 ) ) ;
#3702 = CARTESIAN_POINT ( 'NONE',  ( 11.25499999999999723, -30.94761299932681808, 5.000000000000000000 ) ) ;
#3703 = CIRCLE ( 'NONE', #2024, 2.249999999999988010 ) ;
#3704 = CARTESIAN_POINT ( 'NONE',  ( -54.52934526994632591, 12.65589906941674769, 3.000000000000000000 ) ) ;
#3705 = CARTESIAN_POINT ( 'NONE',  ( -52.53828962499051869, 22.86114967175884161, 3.000000000000000000 ) ) ;
#3706 = AXIS2_PLACEMENT_3D ( 'NONE', #3902, #3576, #705 ) ;
#3707 = CARTESIAN_POINT ( 'NONE',  ( 9.994999999999995666, -45.00000000000000000, 2.000000000000000000 ) ) ;
#3708 = ORIENTED_EDGE ( 'NONE', *, *, #592, .T. ) ;
#3709 = ORIENTED_EDGE ( 'NONE', *, *, #3124, .T. ) ;
#3710 = VERTEX_POINT ( 'NONE', #2940 ) ;
#3711 = CARTESIAN_POINT ( 'NONE',  ( 9.994999999999995666, 44.99999999999995737, 2.000000000000000000 ) ) ;
#3712 = DIRECTION ( 'NONE',  ( -1.000000000000000000, 0.000000000000000000, 0.000000000000000000 ) ) ;
#3713 = VECTOR ( 'NONE', #3180, 1000.000000000000000 ) ;
#3714 = ORIENTED_EDGE ( 'NONE', *, *, #1200, .F. ) ;
#3715 = PLANE ( 'NONE',  #371 ) ;
#3716 = CARTESIAN_POINT ( 'NONE',  ( 11.25499999999999723, -33.94761299932681453, 5.000000000000000000 ) ) ;
#3717 = AXIS2_PLACEMENT_3D ( 'NONE', #2693, #4040, #2342 ) ;
#3718 = ADVANCED_FACE ( 'NONE', ( #79 ), #1674, .F. ) ;
#3719 = EDGE_CURVE ( 'NONE', #2528, #2417, #1697, .T. ) ;
#3720 = AXIS2_PLACEMENT_3D ( 'NONE', #900, #1522, #2539 ) ;
#3721 = FACE_OUTER_BOUND ( 'NONE', #2307, .T. ) ;
#3722 = CARTESIAN_POINT ( 'NONE',  ( 14.25499999999999723, -48.94761299932681453, 0.000000000000000000 ) ) ;
#3723 = VECTOR ( 'NONE', #1037, 1000.000000000000000 ) ;
#3724 = EDGE_CURVE ( 'NONE', #2682, #1339, #1506, .T. ) ;
#3725 = ORIENTED_EDGE ( 'NONE', *, *, #3234, .F. ) ;
#3726 = ORIENTED_EDGE ( 'NONE', *, *, #131, .T. ) ;
#3727 = DIRECTION ( 'NONE',  ( -1.000000000000000000, -9.682177540335664981E-16, 0.000000000000000000 ) ) ;
#3728 = AXIS2_PLACEMENT_3D ( 'NONE', #1020, #2924, #270 ) ;
#3729 = LINE ( 'NONE', #3875, #3248 ) ;
#3730 = CARTESIAN_POINT ( 'NONE',  ( -87.24499999999999034, -52.00000000000000711, 5.000000000000000000 ) ) ;
#3731 = AXIS2_PLACEMENT_3D ( 'NONE', #2076, #200, #3950 ) ;
#3732 = DIRECTION ( 'NONE',  ( -1.000000000000000000, 0.000000000000000000, 0.000000000000000000 ) ) ;
#3733 = ORIENTED_EDGE ( 'NONE', *, *, #166, .T. ) ;
#3734 = ORIENTED_EDGE ( 'NONE', *, *, #2878, .F. ) ;
#3735 = EDGE_LOOP ( 'NONE', ( #3643, #271, #2601, #1314 ) ) ;
#3736 = DIRECTION ( 'NONE',  ( 0.000000000000000000, 0.000000000000000000, -1.000000000000000000 ) ) ;
#3737 = EDGE_CURVE ( 'NONE', #24, #3246, #1422, .T. ) ;
#3738 = FACE_OUTER_BOUND ( 'NONE', #1792, .T. ) ;
#3739 = CARTESIAN_POINT ( 'NONE',  ( 0.004999999999994592104, 38.85999999999998522, 5.000000000000000000 ) ) ;
#3740 = DIRECTION ( 'NONE',  ( 0.000000000000000000, -0.000000000000000000, 1.000000000000000000 ) ) ;
#3741 = ORIENTED_EDGE ( 'NONE', *, *, #2278, .T. ) ;
#3742 = DIRECTION ( 'NONE',  ( -1.000000000000000000, -0.000000000000000000, -0.000000000000000000 ) ) ;
#3743 = PLANE ( 'NONE',  #2842 ) ;
#3744 = ORIENTED_EDGE ( 'NONE', *, *, #3824, .T. ) ;
#3745 = LINE ( 'NONE', #3682, #2845 ) ;
#3746 = EDGE_CURVE ( 'NONE', #3589, #4009, #1149, .T. ) ;
#3747 = CYLINDRICAL_SURFACE ( 'NONE', #318, 1.000000000000000000 ) ;
#3748 = DIRECTION ( 'NONE',  ( -0.000000000000000000, -0.000000000000000000, -1.000000000000000000 ) ) ;
#3749 = DIRECTION ( 'NONE',  ( -0.000000000000000000, -0.000000000000000000, -1.000000000000000000 ) ) ;
#3750 = CARTESIAN_POINT ( 'NONE',  ( -48.74500000000000455, -51.94761299932682164, 0.000000000000000000 ) ) ;
#3751 = ADVANCED_FACE ( 'NONE', ( #866 ), #1752, .F. ) ;
#3752 = ORIENTED_EDGE ( 'NONE', *, *, #1592, .F. ) ;
#3753 = FACE_OUTER_BOUND ( 'NONE', #596, .T. ) ;
#3754 = EDGE_CURVE ( 'NONE', #397, #56, #777, .T. ) ;
#3755 = ORIENTED_EDGE ( 'NONE', *, *, #2966, .T. ) ;
#3756 = DIRECTION ( 'NONE',  ( 0.000000000000000000, 0.000000000000000000, 1.000000000000000000 ) ) ;
#3757 = VECTOR ( 'NONE', #3678, 1000.000000000000000 ) ;
#3758 = DIRECTION ( 'NONE',  ( 0.000000000000000000, 0.000000000000000000, -1.000000000000000000 ) ) ;
#3759 = VECTOR ( 'NONE', #2713, 1000.000000000000000 ) ;
#3760 = DIRECTION ( 'NONE',  ( -1.000000000000000000, 0.000000000000000000, 0.000000000000000000 ) ) ;
#3761 = ORIENTED_EDGE ( 'NONE', *, *, #505, .F. ) ;
#3762 = DIRECTION ( 'NONE',  ( -1.000000000000000000, 0.000000000000000000, 0.000000000000000000 ) ) ;
#3763 = DIRECTION ( 'NONE',  ( -1.000000000000000000, -0.000000000000000000, -0.000000000000000000 ) ) ;
#3764 = ORIENTED_EDGE ( 'NONE', *, *, #2509, .T. ) ;
#3765 = CARTESIAN_POINT ( 'NONE',  ( -3.640949020223453569, 45.88661684659245310, 5.000000000000000000 ) ) ;
#3766 = CARTESIAN_POINT ( 'NONE',  ( -65.74500000000000455, -66.99999999999997158, 10.00000000000000000 ) ) ;
#3767 = FACE_OUTER_BOUND ( 'NONE', #577, .T. ) ;
#3768 = DIRECTION ( 'NONE',  ( -0.000000000000000000, -0.000000000000000000, -1.000000000000000000 ) ) ;
#3769 = EDGE_CURVE ( 'NONE', #3589, #669, #150, .T. ) ;
#3770 = EDGE_CURVE ( 'NONE', #629, #395, #4014, .T. ) ;
#3771 = AXIS2_PLACEMENT_3D ( 'NONE', #3181, #4141, #667 ) ;
#3772 = CARTESIAN_POINT ( 'NONE',  ( -54.74500000000000455, -75.00000000000000000, 5.000000000000000000 ) ) ;
#3773 = EDGE_LOOP ( 'NONE', ( #2898, #67, #2251, #3429 ) ) ;
#3774 = VERTEX_POINT ( 'NONE', #1113 ) ;
#3775 = CARTESIAN_POINT ( 'NONE',  ( -61.60500000000000398, 72.49999999999995737, 0.000000000000000000 ) ) ;
#3776 = VECTOR ( 'NONE', #1002, 1000.000000000000000 ) ;
#3777 = EDGE_CURVE ( 'NONE', #755, #2926, #2712, .T. ) ;
#3778 = CIRCLE ( 'NONE', #2026, 1.599999999999997202 ) ;
#3779 = CARTESIAN_POINT ( 'NONE',  ( -48.74500000000001876, 42.26507572786680811, 0.000000000000000000 ) ) ;
#3780 = CARTESIAN_POINT ( 'NONE',  ( 11.59499999999999176, -45.00000000000000000, 2.000000000000000000 ) ) ;
#3781 = EDGE_CURVE ( 'NONE', #2641, #1435, #1639, .T. ) ;
#3782 = CARTESIAN_POINT ( 'NONE',  ( -51.74499999999999744, -75.00000000000000000, 0.000000000000000000 ) ) ;
#3783 = CYLINDRICAL_SURFACE ( 'NONE', #1816, 0.9999999999998222533 ) ;
#3784 = CIRCLE ( 'NONE', #3717, 1.599999999999997202 ) ;
#3785 = EDGE_LOOP ( 'NONE', ( #2413, #1561, #3522, #3930 ) ) ;
#3786 = ORIENTED_EDGE ( 'NONE', *, *, #1494, .F. ) ;
#3787 = DIRECTION ( 'NONE',  ( -1.000000000000000000, 0.000000000000000000, 0.000000000000000000 ) ) ;
#3788 = CARTESIAN_POINT ( 'NONE',  ( 14.25499999999999723, 48.88661684659246021, 0.000000000000000000 ) ) ;
#3789 = ADVANCED_FACE ( 'NONE', ( #1734 ), #213, .F. ) ;
#3790 = ORIENTED_EDGE ( 'NONE', *, *, #3490, .F. ) ;
#3791 = AXIS2_PLACEMENT_3D ( 'NONE', #372, #1611, #1656 ) ;
#3792 = ORIENTED_EDGE ( 'NONE', *, *, #3925, .F. ) ;
#3793 = CARTESIAN_POINT ( 'NONE',  ( -65.74499999999999034, -55.00000000000002842, 5.000000000000000000 ) ) ;
#3794 = CARTESIAN_POINT ( 'NONE',  ( -51.74500000000001876, 25.75436441852100344, 2.000000000000000000 ) ) ;
#3795 = AXIS2_PLACEMENT_3D ( 'NONE', #1873, #8, #4089 ) ;
#3796 = DIRECTION ( 'NONE',  ( -1.000000000000000000, 0.000000000000000000, 0.000000000000000000 ) ) ;
#3797 = DIRECTION ( 'NONE',  ( 0.000000000000000000, 0.000000000000000000, 1.000000000000000000 ) ) ;
#3798 = VECTOR ( 'NONE', #530, 1000.000000000000000 ) ;
#3799 = CARTESIAN_POINT ( 'NONE',  ( -30.93833422150277102, 32.73105403259133084, 3.000000000000000000 ) ) ;
#3800 = ORIENTED_EDGE ( 'NONE', *, *, #3395, .F. ) ;
#3801 = ORIENTED_EDGE ( 'NONE', *, *, #505, .T. ) ;
#3802 = CARTESIAN_POINT ( 'NONE',  ( -48.74500000000000455, -30.94761299932681808, 0.000000000000000000 ) ) ;
#3803 = AXIS2_PLACEMENT_3D ( 'NONE', #3080, #195, #3411 ) ;
#3804 = CARTESIAN_POINT ( 'NONE',  ( -51.74500000000001876, 24.69709399849703857, 3.000000000000000000 ) ) ;
#3805 = EDGE_LOOP ( 'NONE', ( #3668, #3021, #2661, #2724 ) ) ;
#3806 = ADVANCED_FACE ( 'NONE', ( #3388 ), #2093, .F. ) ;
#3807 = CARTESIAN_POINT ( 'NONE',  ( -54.74500000000000455, -78.00000000000000000, 0.000000000000000000 ) ) ;
#3808 = FACE_OUTER_BOUND ( 'NONE', #3785, .T. ) ;
#3809 = DIRECTION ( 'NONE',  ( -1.000000000000000000, 0.000000000000000000, 0.000000000000000000 ) ) ;
#3810 = ORIENTED_EDGE ( 'NONE', *, *, #3781, .T. ) ;
#3811 = ORIENTED_EDGE ( 'NONE', *, *, #3249, .F. ) ;
#3812 = EDGE_CURVE ( 'NONE', #2235, #91, #3038, .T. ) ;
#3813 = FACE_OUTER_BOUND ( 'NONE', #2760, .T. ) ;
#3814 = EDGE_LOOP ( 'NONE', ( #2441, #3167, #1354, #2753 ) ) ;
#3815 = CARTESIAN_POINT ( 'NONE',  ( -51.74499999999999744, -78.00000000000000000, 5.000000000000000000 ) ) ;
#3816 = EDGE_CURVE ( 'NONE', #2649, #2125, #2487, .T. ) ;
#3817 = CARTESIAN_POINT ( 'NONE',  ( -9.614990928539642212, -39.38838713590120477, 3.000000000000000000 ) ) ;
#3818 = CYLINDRICAL_SURFACE ( 'NONE', #3362, 3.000000000000002665 ) ;
#3819 = EDGE_LOOP ( 'NONE', ( #721, #1684, #2820, #3199 ) ) ;
#3820 = CARTESIAN_POINT ( 'NONE',  ( -51.74500000000000455, -26.99032442726324277, 3.000000000000000000 ) ) ;
#3821 = LINE ( 'NONE', #942, #687 ) ;
#3822 = CARTESIAN_POINT ( 'NONE',  ( -87.24499999999999034, 54.99999999999996447, 0.000000000000000000 ) ) ;
#3823 = CARTESIAN_POINT ( 'NONE',  ( -9.614990928539642212, -39.38838713590120477, 2.000000000000000000 ) ) ;
#3824 = EDGE_CURVE ( 'NONE', #381, #1386, #1978, .T. ) ;
#3825 = DIRECTION ( 'NONE',  ( -1.000000000000000000, 0.000000000000000000, 0.000000000000000000 ) ) ;
#3826 = DIRECTION ( 'NONE',  ( 6.033820786006292620E-16, 1.000000000000000000, 0.000000000000000000 ) ) ;
#3827 = VECTOR ( 'NONE', #456, 1000.000000000000000 ) ;
#3828 = ORIENTED_EDGE ( 'NONE', *, *, #2619, .T. ) ;
#3829 = ORIENTED_EDGE ( 'NONE', *, *, #3327, .F. ) ;
#3830 = DIRECTION ( 'NONE',  ( -0.000000000000000000, -0.000000000000000000, -1.000000000000000000 ) ) ;
#3831 = VECTOR ( 'NONE', #416, 1000.000000000000000 ) ;
#3832 = VECTOR ( 'NONE', #3047, 1000.000000000000000 ) ;
#3833 = ORIENTED_EDGE ( 'NONE', *, *, #2090, .T. ) ;
#3834 = CARTESIAN_POINT ( 'NONE',  ( -51.74499999999999744, -78.00000000000000000, 0.000000000000000000 ) ) ;
#3835 = CARTESIAN_POINT ( 'NONE',  ( -54.52934526994632591, 0.000000000000000000, 3.000000000000000000 ) ) ;
#3836 = EDGE_CURVE ( 'NONE', #1911, #1806, #708, .T. ) ;
#3837 = DIRECTION ( 'NONE',  ( -0.000000000000000000, -0.000000000000000000, -1.000000000000000000 ) ) ;
#3838 = LINE ( 'NONE', #958, #1823 ) ;
#3839 = DIRECTION ( 'NONE',  ( 1.000000000000000000, 0.000000000000000000, 0.000000000000000000 ) ) ;
#3840 = AXIS2_PLACEMENT_3D ( 'NONE', #905, #254, #1545 ) ;
#3841 = EDGE_CURVE ( 'NONE', #3229, #878, #2730, .T. ) ;
#3842 = ORIENTED_EDGE ( 'NONE', *, *, #1707, .F. ) ;
#3843 = CIRCLE ( 'NONE', #2960, 3.000000000000002665 ) ;
#3844 = DIRECTION ( 'NONE',  ( -1.000000000000000000, 0.000000000000000000, 0.000000000000000000 ) ) ;
#3845 = CARTESIAN_POINT ( 'NONE',  ( 14.25499999999999723, 31.79203768307636935, 0.000000000000000000 ) ) ;
#3846 = VECTOR ( 'NONE', #3090, 1000.000000000000000 ) ;
#3847 = ORIENTED_EDGE ( 'NONE', *, *, #2672, .T. ) ;
#3848 = CYLINDRICAL_SURFACE ( 'NONE', #1642, 3.000000000000009770 ) ;
#3849 = ORIENTED_EDGE ( 'NONE', *, *, #135, .F. ) ;
#3850 = CARTESIAN_POINT ( 'NONE',  ( 9.994999999999995666, -45.00000000000000000, 2.000000000000000000 ) ) ;
#3851 = AXIS2_PLACEMENT_3D ( 'NONE', #1484, #1813, #3406 ) ;
#3852 = LINE ( 'NONE', #3917, #2098 ) ;
#3853 = EDGE_CURVE ( 'NONE', #2854, #2303, #2919, .T. ) ;
#3854 = VECTOR ( 'NONE', #3540, 1000.000000000000000 ) ;
#3855 = VERTEX_POINT ( 'NONE', #960 ) ;
#3856 = LINE ( 'NONE', #3834, #576 ) ;
#3857 = EDGE_CURVE ( 'NONE', #775, #665, #3941, .T. ) ;
#3858 = VERTEX_POINT ( 'NONE', #1120 ) ;
#3859 = DIRECTION ( 'NONE',  ( -1.000000000000000000, 0.000000000000000000, 0.000000000000000000 ) ) ;
#3860 = AXIS2_PLACEMENT_3D ( 'NONE', #1699, #2038, #3329 ) ;
#3861 = FACE_OUTER_BOUND ( 'NONE', #2277, .T. ) ;
#3862 = ORIENTED_EDGE ( 'NONE', *, *, #1795, .F. ) ;
#3863 = AXIS2_PLACEMENT_3D ( 'NONE', #1502, #1073, #2783 ) ;
#3864 = EDGE_CURVE ( 'NONE', #812, #2953, #808, .T. ) ;
#3865 = VECTOR ( 'NONE', #1171, 1000.000000000000000 ) ;
#3866 = DIRECTION ( 'NONE',  ( -1.000000000000000000, 0.000000000000000000, 0.000000000000000000 ) ) ;
#3867 = ORIENTED_EDGE ( 'NONE', *, *, #1384, .T. ) ;
#3868 = PRODUCT_DEFINITION_FORMATION_WITH_SPECIFIED_SOURCE ( 'ANY', '', #956, .NOT_KNOWN. ) ;
#3869 = ORIENTED_EDGE ( 'NONE', *, *, #1558, .T. ) ;
#3870 = CARTESIAN_POINT ( 'NONE',  ( -51.74500000000001165, -23.18244830652037081, 2.999999999999999556 ) ) ;
#3871 =( BOUNDED_CURVE ( )  B_SPLINE_CURVE ( 3, ( #1034, #1014, #2292, #3592 ),
 .UNSPECIFIED., .F., .F. ) 
 B_SPLINE_CURVE_WITH_KNOTS ( ( 4, 4 ),
 ( 0.000000000000000000, 1.570796326794896558 ),
 .UNSPECIFIED. ) 
 CURVE ( )  GEOMETRIC_REPRESENTATION_ITEM ( )  RATIONAL_B_SPLINE_CURVE ( ( 1.000000000000000000, 0.8047378541243649375, 0.8047378541243649375, 1.000000000000000000 ) ) 
 REPRESENTATION_ITEM ( '' )  );
#3872 = ADVANCED_FACE ( 'NONE', ( #2042 ), #1470, .F. ) ;
#3873 = LINE ( 'NONE', #323, #2562 ) ;
#3874 = ORIENTED_EDGE ( 'NONE', *, *, #2666, .F. ) ;
#3875 = CARTESIAN_POINT ( 'NONE',  ( -87.24499999999999034, -55.00000000000000711, 5.000000000000000000 ) ) ;
#3876 = EDGE_LOOP ( 'NONE', ( #545, #3874, #3560, #2841 ) ) ;
#3877 = CARTESIAN_POINT ( 'NONE',  ( -51.74500000000000455, -30.94761299932681808, 0.000000000000000000 ) ) ;
#3878 = CARTESIAN_POINT ( 'NONE',  ( -55.53828962499061817, -25.15438010052512041, 0.000000000000000000 ) ) ;
#3879 = ORIENTED_EDGE ( 'NONE', *, *, #386, .F. ) ;
#3880 = VERTEX_POINT ( 'NONE', #498 ) ;
#3881 = LINE ( 'NONE', #2256, #2769 ) ;
#3882 = UNCERTAINTY_MEASURE_WITH_UNIT (LENGTH_MEASURE( 1.000000000000000082E-05 ), #2848, 'distance_accuracy_value', 'NONE');
#3883 = EDGE_CURVE ( 'NONE', #75, #310, #1375, .T. ) ;
#3884 = DIRECTION ( 'NONE',  ( -0.000000000000000000, -0.000000000000000000, 1.000000000000000000 ) ) ;
#3885 = EDGE_LOOP ( 'NONE', ( #3810, #3198 ) ) ;
#3886 = ORIENTED_EDGE ( 'NONE', *, *, #833, .T. ) ;
#3887 = ORIENTED_EDGE ( 'NONE', *, *, #337, .F. ) ;
#3888 = ORIENTED_EDGE ( 'NONE', *, *, #3754, .F. ) ;
#3889 = DIRECTION ( 'NONE',  ( 1.000000000000000000, 0.000000000000000000, 0.000000000000000000 ) ) ;
#3890 = DIRECTION ( 'NONE',  ( 0.000000000000000000, 0.000000000000000000, 1.000000000000000000 ) ) ;
#3891 = ADVANCED_FACE ( 'NONE', ( #3006 ), #1430, .T. ) ;
#3892 = EDGE_LOOP ( 'NONE', ( #1, #2624, #922 ) ) ;
#3893 = ORIENTED_EDGE ( 'NONE', *, *, #2972, .T. ) ;
#3894 = DIRECTION ( 'NONE',  ( -1.000000000000000000, 0.000000000000000000, 0.000000000000000000 ) ) ;
#3895 = ORIENTED_EDGE ( 'NONE', *, *, #3992, .T. ) ;
#3896 = DIRECTION ( 'NONE',  ( 0.000000000000000000, 1.000000000000000000, 0.000000000000000000 ) ) ;
#3897 = CARTESIAN_POINT ( 'NONE',  ( -9.614990928539642212, -39.38838713590120477, 0.000000000000000000 ) ) ;
#3898 = CARTESIAN_POINT ( 'NONE',  ( -54.74500000000000455, 74.99999999999997158, 5.000000000000000000 ) ) ;
#3899 = LINE ( 'NONE', #400, #4063 ) ;
#3900 = ORIENTED_EDGE ( 'NONE', *, *, #2367, .F. ) ;
#3901 = LINE ( 'NONE', #2614, #230 ) ;
#3902 = CARTESIAN_POINT ( 'NONE',  ( -60.00500000000000966, 72.49999999999995737, 5.000000000000000000 ) ) ;
#3903 = CARTESIAN_POINT ( 'NONE',  ( -60.00500000000020151, -79.50000000000009948, 5.000000000000000000 ) ) ;
#3904 = ORIENTED_EDGE ( 'NONE', *, *, #1707, .T. ) ;
#3905 = ADVANCED_FACE ( 'NONE', ( #3376 ), #3066, .F. ) ;
#3906 = EDGE_CURVE ( 'NONE', #1435, #573, #459, .T. ) ;
#3907 = ORIENTED_EDGE ( 'NONE', *, *, #3483, .F. ) ;
#3908 = DIRECTION ( 'NONE',  ( -0.000000000000000000, -0.000000000000000000, -1.000000000000000000 ) ) ;
#3909 = CARTESIAN_POINT ( 'NONE',  ( 0.000000000000000000, 12.65589906941674769, 3.000000000000000000 ) ) ;
#3910 = AXIS2_PLACEMENT_3D ( 'NONE', #1313, #1333, #1050 ) ;
#3911 = VECTOR ( 'NONE', #2421, 1000.000000000000000 ) ;
#3912 = ORIENTED_EDGE ( 'NONE', *, *, #2857, .T. ) ;
#3913 = ORIENTED_EDGE ( 'NONE', *, *, #3746, .F. ) ;
#3914 = CARTESIAN_POINT ( 'NONE',  ( -2.245000000000007656, 38.85999999999998522, 5.000000000000000000 ) ) ;
#3915 = VERTEX_POINT ( 'NONE', #3704 ) ;
#3916 = DIRECTION ( 'NONE',  ( 1.000000000000000000, 0.000000000000000000, 0.000000000000000000 ) ) ;
#3917 = CARTESIAN_POINT ( 'NONE',  ( -15.93726924517893728, 39.80894216826094123, 3.000000000000000000 ) ) ;
#3918 = VECTOR ( 'NONE', #2411, 1000.000000000000000 ) ;
#3919 = ORIENTED_EDGE ( 'NONE', *, *, #3653, .F. ) ;
#3920 = CARTESIAN_POINT ( 'NONE',  ( -12.97377536471974580, 45.26507572786680811, 0.000000000000000000 ) ) ;
#3921 = AXIS2_PLACEMENT_3D ( 'NONE', #4048, #1854, #265 ) ;
#3922 = VERTEX_POINT ( 'NONE', #788 ) ;
#3923 = LINE ( 'NONE', #81, #3827 ) ;
#3924 = CARTESIAN_POINT ( 'NONE',  ( -65.74499999999999034, -42.00000000000002132, 5.000000000000000000 ) ) ;
#3925 = EDGE_CURVE ( 'NONE', #710, #3519, #157, .T. ) ;
#3926 = VECTOR ( 'NONE', #1395, 1000.000000000000000 ) ;
#3927 =( NAMED_UNIT ( * ) PLANE_ANGLE_UNIT ( ) SI_UNIT ( $, .RADIAN. ) );
#3928 = ORIENTED_EDGE ( 'NONE', *, *, #3816, .F. ) ;
#3929 = AXIS2_PLACEMENT_3D ( 'NONE', #399, #1971, #64 ) ;
#3930 = ORIENTED_EDGE ( 'NONE', *, *, #2607, .T. ) ;
#3931 = DIRECTION ( 'NONE',  ( 0.7228257756151913460, 0.6910303163438613616, 0.000000000000000000 ) ) ;
#3932 = CARTESIAN_POINT ( 'NONE',  ( -65.74499999999999034, -55.00000000000002842, 5.000000000000000000 ) ) ;
#3933 = VECTOR ( 'NONE', #206, 1000.000000000000000 ) ;
#3934 = AXIS2_PLACEMENT_3D ( 'NONE', #3920, #2958, #2015 ) ;
#3935 = ADVANCED_FACE ( 'NONE', ( #747 ), #4020, .F. ) ;
#3936 = ORIENTED_EDGE ( 'NONE', *, *, #2619, .F. ) ;
#3937 = ORIENTED_EDGE ( 'NONE', *, *, #1636, .T. ) ;
#3938 = CARTESIAN_POINT ( 'NONE',  ( -2.245000000000007656, 38.85999999999998522, 5.000000000000000000 ) ) ;
#3939 = DIRECTION ( 'NONE',  ( -1.000000000000000000, 0.000000000000000000, 0.000000000000000000 ) ) ;
#3940 = DIRECTION ( 'NONE',  ( 0.000000000000000000, 0.000000000000000000, -1.000000000000000000 ) ) ;
#3941 = CIRCLE ( 'NONE', #1108, 4.250000000000010658 ) ;
#3942 = DIRECTION ( 'NONE',  ( 0.000000000000000000, 0.000000000000000000, -1.000000000000000000 ) ) ;
#3943 = ADVANCED_FACE ( 'NONE', ( #1406 ), #4004, .F. ) ;
#3944 = DIRECTION ( 'NONE',  ( 0.000000000000000000, 0.000000000000000000, -1.000000000000000000 ) ) ;
#3945 = ORIENTED_EDGE ( 'NONE', *, *, #3297, .T. ) ;
#3946 = CARTESIAN_POINT ( 'NONE',  ( -68.74499999999999034, 57.99999999999998579, 5.000000000000000000 ) ) ;
#3947 = CARTESIAN_POINT ( 'NONE',  ( -60.99499999999999034, 60.97999999999998266, 0.000000000000000000 ) ) ;
#3948 = EDGE_CURVE ( 'NONE', #282, #1372, #2431, .T. ) ;
#3949 = ORIENTED_EDGE ( 'NONE', *, *, #2097, .F. ) ;
#3950 = DIRECTION ( 'NONE',  ( -1.000000000000000000, 0.000000000000000000, 0.000000000000000000 ) ) ;
#3951 = CARTESIAN_POINT ( 'NONE',  ( -19.62448257959728437, 39.80894216826094123, 0.000000000000000000 ) ) ;
#3952 = VERTEX_POINT ( 'NONE', #3684 ) ;
#3953 = DIRECTION ( 'NONE',  ( 1.000000000000000000, 0.000000000000000000, 0.000000000000000000 ) ) ;
#3954 = ORIENTED_EDGE ( 'NONE', *, *, #913, .F. ) ;
#3955 = CARTESIAN_POINT ( 'NONE',  ( 0.004999999999994592104, 38.85999999999998522, 0.000000000000000000 ) ) ;
#3956 = LINE ( 'NONE', #3932, #1741 ) ;
#3957 = VERTEX_POINT ( 'NONE', #3353 ) ;
#3958 = VERTEX_POINT ( 'NONE', #440 ) ;
#3959 = CYLINDRICAL_SURFACE ( 'NONE', #1491, 1.599999999999997202 ) ;
#3960 = LINE ( 'NONE', #2978, #1277 ) ;
#3961 = DIRECTION ( 'NONE',  ( -1.000000000000000000, 0.000000000000000000, -0.000000000000000000 ) ) ;
#3962 = ADVANCED_FACE ( 'NONE', ( #1080 ), #1703, .F. ) ;
#3963 = CARTESIAN_POINT ( 'NONE',  ( -65.74499999999999034, 54.99999999999998579, 0.000000000000000000 ) ) ;
#3964 = VERTEX_POINT ( 'NONE', #1390 ) ;
#3965 = DIRECTION ( 'NONE',  ( 1.000000000000000000, 0.000000000000000000, 0.000000000000000000 ) ) ;
#3966 = DIRECTION ( 'NONE',  ( 0.000000000000000000, 0.000000000000000000, -1.000000000000000000 ) ) ;
#3967 = EDGE_CURVE ( 'NONE', #2799, #1948, #830, .T. ) ;
#3968 = DIRECTION ( 'NONE',  ( 0.000000000000000000, 0.000000000000000000, 1.000000000000000000 ) ) ;
#3969 = AXIS2_PLACEMENT_3D ( 'NONE', #3705, #1216, #2475 ) ;
#3970 = DIRECTION ( 'NONE',  ( 0.000000000000000000, 0.000000000000000000, -1.000000000000000000 ) ) ;
#3971 = ORIENTED_EDGE ( 'NONE', *, *, #3031, .F. ) ;
#3972 = CARTESIAN_POINT ( 'NONE',  ( 11.25499999999999368, -48.94761299932681453, 5.000000000000000000 ) ) ;
#3973 = EDGE_CURVE ( 'NONE', #4086, #1657, #3985, .T. ) ;
#3974 = ORIENTED_EDGE ( 'NONE', *, *, #1908, .F. ) ;
#3975 = ORIENTED_EDGE ( 'NONE', *, *, #1145, .T. ) ;
#3976 = CYLINDRICAL_SURFACE ( 'NONE', #2903, 3.000000000000002665 ) ;
#3977 = AXIS2_PLACEMENT_3D ( 'NONE', #988, #650, #2264 ) ;
#3978 = CARTESIAN_POINT ( 'NONE',  ( -84.24499999999999034, 51.99999999999996447, 5.000000000000000000 ) ) ;
#3979 = CARTESIAN_POINT ( 'NONE',  ( -2.245000000000007656, 38.85999999999998522, 0.000000000000000000 ) ) ;
#3980 = CIRCLE ( 'NONE', #489, 3.000000000000009770 ) ;
#3981 = CARTESIAN_POINT ( 'NONE',  ( -3.640949020223452237, 48.88661684659246021, 5.000000000000000000 ) ) ;
#3982 = CIRCLE ( 'NONE', #3293, 1.000000000000000000 ) ;
#3983 = ORIENTED_EDGE ( 'NONE', *, *, #1838, .T. ) ;
#3984 = EDGE_CURVE ( 'NONE', #2861, #618, #2722, .T. ) ;
#3985 = LINE ( 'NONE', #768, #390 ) ;
#3986 = DIRECTION ( 'NONE',  ( 0.000000000000000000, 0.000000000000000000, -1.000000000000000000 ) ) ;
#3987 = CARTESIAN_POINT ( 'NONE',  ( -37.74521744568226467, 33.14526759496442310, 0.000000000000000000 ) ) ;
#3988 = TOROIDAL_SURFACE ( 'NONE', #832, 1.999999999999935829, 1.000000000000000000 ) ;
#3989 = CARTESIAN_POINT ( 'NONE',  ( -51.74500000000000455, -22.26116535376300476, 0.000000000000000000 ) ) ;
#3990 = AXIS2_PLACEMENT_3D ( 'NONE', #2876, #3247, #697 ) ;
#3991 = VERTEX_POINT ( 'NONE', #1852 ) ;
#3992 = EDGE_CURVE ( 'NONE', #145, #2417, #2267, .T. ) ;
#3993 = CIRCLE ( 'NONE', #3795, 2.250000000000002220 ) ;
#3994 = CARTESIAN_POINT ( 'NONE',  ( 14.25499999999999723, 45.88661684659245310, 5.000000000000000000 ) ) ;
#3995 = DIRECTION ( 'NONE',  ( -1.000000000000000000, 0.000000000000000000, 0.000000000000000000 ) ) ;
#3996 = AXIS2_PLACEMENT_3D ( 'NONE', #2404, #3997, #3326 ) ;
#3997 = DIRECTION ( 'NONE',  ( 0.000000000000000000, -0.000000000000000000, 1.000000000000000000 ) ) ;
#3998 = CARTESIAN_POINT ( 'NONE',  ( -51.74500000000000455, -30.94761299932681808, 5.000000000000000000 ) ) ;
#3999 = AXIS2_PLACEMENT_3D ( 'NONE', #1608, #3186, #3220 ) ;
#4000 = FACE_OUTER_BOUND ( 'NONE', #104, .T. ) ;
#4001 = ORIENTED_EDGE ( 'NONE', *, *, #3586, .F. ) ;
#4002 = DIRECTION ( 'NONE',  ( -0.000000000000000000, -0.000000000000000000, 1.000000000000000000 ) ) ;
#4003 = CARTESIAN_POINT ( 'NONE',  ( -65.74500000000000455, 77.99999999999997158, 10.00000000000000000 ) ) ;
#4004 = PLANE ( 'NONE',  #3593 ) ;
#4005 = DIRECTION ( 'NONE',  ( 0.000000000000000000, 0.000000000000000000, -1.000000000000000000 ) ) ;
#4006 = EDGE_CURVE ( 'NONE', #266, #1931, #981, .T. ) ;
#4007 = CARTESIAN_POINT ( 'NONE',  ( -22.14407308639565386, 39.80894216826094123, 0.000000000000000000 ) ) ;
#4008 = CARTESIAN_POINT ( 'NONE',  ( -22.14407308639565386, 42.26507572786680811, 5.000000000000000000 ) ) ;
#4009 = VERTEX_POINT ( 'NONE', #4068 ) ;
#4010 = ORIENTED_EDGE ( 'NONE', *, *, #2692, .F. ) ;
#4011 = DIRECTION ( 'NONE',  ( -1.000000000000000000, 0.000000000000000000, 0.000000000000000000 ) ) ;
#4012 = DIRECTION ( 'NONE',  ( -1.000000000000000000, 0.000000000000000000, 0.000000000000000000 ) ) ;
#4013 = DIRECTION ( 'NONE',  ( 0.000000000000000000, 0.000000000000000000, -1.000000000000000000 ) ) ;
#4014 = LINE ( 'NONE', #2069, #2391 ) ;
#4015 = LINE ( 'NONE', #214, #2280 ) ;
#4016 = CARTESIAN_POINT ( 'NONE',  ( 11.25499999999999723, 45.88661684659245310, 5.000000000000000000 ) ) ;
#4017 = VERTEX_POINT ( 'NONE', #3442 ) ;
#4018 = DIRECTION ( 'NONE',  ( 0.000000000000000000, -0.000000000000000000, 1.000000000000000000 ) ) ;
#4019 = CARTESIAN_POINT ( 'NONE',  ( -19.62448257959728437, 37.76407684932541997, 0.000000000000000000 ) ) ;
#4020 = CYLINDRICAL_SURFACE ( 'NONE', #2851, 2.250000000000001776 ) ;
#4021 = CARTESIAN_POINT ( 'NONE',  ( -57.54723398003460488, 8.598901098682526722, 2.000000000000000000 ) ) ;
#4022 = DIRECTION ( 'NONE',  ( -1.000000000000000000, 0.000000000000000000, 0.000000000000000000 ) ) ;
#4023 = DIRECTION ( 'NONE',  ( -0.000000000000000000, 0.000000000000000000, 1.000000000000000000 ) ) ;
#4024 = ORIENTED_EDGE ( 'NONE', *, *, #3510, .T. ) ;
#4025 = ORIENTED_EDGE ( 'NONE', *, *, #1400, .T. ) ;
#4026 = ORIENTED_EDGE ( 'NONE', *, *, #4079, .T. ) ;
#4027 = EDGE_CURVE ( 'NONE', #1339, #2909, #2893, .T. ) ;
#4028 = EDGE_CURVE ( 'NONE', #1863, #719, #1196, .T. ) ;
#4029 = ORIENTED_EDGE ( 'NONE', *, *, #3349, .F. ) ;
#4030 = DIRECTION ( 'NONE',  ( 0.000000000000000000, 0.000000000000000000, 1.000000000000000000 ) ) ;
#4031 = DIRECTION ( 'NONE',  ( 0.000000000000000000, 0.000000000000000000, 1.000000000000000000 ) ) ;
#4032 = AXIS2_PLACEMENT_3D ( 'NONE', #196, #3390, #2469 ) ;
#4033 = VECTOR ( 'NONE', #2237, 1000.000000000000000 ) ;
#4034 = ADVANCED_FACE ( 'NONE', ( #2250, #1802 ), #1156, .T. ) ;
#4035 = DIRECTION ( 'NONE',  ( 0.000000000000000000, 0.000000000000000000, -1.000000000000000000 ) ) ;
#4036 = FACE_BOUND ( 'NONE', #3255, .T. ) ;
#4037 = CARTESIAN_POINT ( 'NONE',  ( -68.74499999999999034, -45.00000000000002842, 0.000000000000000000 ) ) ;
#4038 = ADVANCED_FACE ( 'NONE', ( #1922 ), #3848, .F. ) ;
#4039 = CARTESIAN_POINT ( 'NONE',  ( -51.74500000000000455, -22.26116535376300476, 3.000000000000000000 ) ) ;
#4040 = DIRECTION ( 'NONE',  ( 0.000000000000000000, 0.000000000000000000, -1.000000000000000000 ) ) ;
#4041 = VERTEX_POINT ( 'NONE', #244 ) ;
#4042 = VERTEX_POINT ( 'NONE', #1495 ) ;
#4043 = LINE ( 'NONE', #554, #2173 ) ;
#4044 = VECTOR ( 'NONE', #1726, 1000.000000000000000 ) ;
#4045 = EDGE_CURVE ( 'NONE', #4041, #2606, #2776, .T. ) ;
#4046 = CARTESIAN_POINT ( 'NONE',  ( 14.25499999999999723, -33.94761299932681453, 5.000000000000000000 ) ) ;
#4047 = CYLINDRICAL_SURFACE ( 'NONE', #21, 3.000000000000009770 ) ;
#4048 = CARTESIAN_POINT ( 'NONE',  ( 9.994999999999995666, -45.00000000000000000, 2.000000000000000000 ) ) ;
#4049 = ORIENTED_EDGE ( 'NONE', *, *, #1175, .T. ) ;
#4050 = CIRCLE ( 'NONE', #160, 1.999999999999932498 ) ;
#4051 = CARTESIAN_POINT ( 'NONE',  ( -60.00500000000020151, -79.50000000000009948, 0.000000000000000000 ) ) ;
#4052 = VECTOR ( 'NONE', #297, 1000.000000000000000 ) ;
#4053 = ORIENTED_EDGE ( 'NONE', *, *, #3864, .T. ) ;
#4054 = DIRECTION ( 'NONE',  ( -0.000000000000000000, -0.000000000000000000, -1.000000000000000000 ) ) ;
#4055 = FACE_BOUND ( 'NONE', #594, .T. ) ;
#4056 = CARTESIAN_POINT ( 'NONE',  ( 14.25499999999999723, -48.94761299932681453, 5.000000000000000000 ) ) ;
#4057 = ADVANCED_FACE ( 'NONE', ( #1942 ), #3525, .F. ) ;
#4058 = VECTOR ( 'NONE', #251, 1000.000000000000000 ) ;
#4059 = DIRECTION ( 'NONE',  ( -1.000000000000000000, 0.000000000000000000, 0.000000000000000000 ) ) ;
#4060 = ORIENTED_EDGE ( 'NONE', *, *, #2802, .F. ) ;
#4061 = DIRECTION ( 'NONE',  ( 1.000000000000000000, 0.000000000000000000, 0.000000000000000000 ) ) ;
#4062 = LINE ( 'NONE', #2490, #2581 ) ;
#4063 = VECTOR ( 'NONE', #414, 1000.000000000000000 ) ;
#4064 = ADVANCED_FACE ( 'NONE', ( #2455 ), #344, .F. ) ;
#4065 = ORIENTED_EDGE ( 'NONE', *, *, #4119, .F. ) ;
#4066 = DIRECTION ( 'NONE',  ( -1.000000000000000000, 0.000000000000000000, 0.000000000000000000 ) ) ;
#4067 = AXIS2_PLACEMENT_3D ( 'NONE', #873, #1270, #2141 ) ;
#4068 = CARTESIAN_POINT ( 'NONE',  ( -57.54723398003460488, 13.65589906941674947, 2.000000000000000000 ) ) ;
#4069 = LINE ( 'NONE', #894, #3832 ) ;
#4070 = EDGE_CURVE ( 'NONE', #2623, #870, #3313, .T. ) ;
#4071 = DIRECTION ( 'NONE',  ( -1.000000000000000000, 0.000000000000000000, 0.000000000000000000 ) ) ;
#4072 = VERTEX_POINT ( 'NONE', #39 ) ;
#4073 = CYLINDRICAL_SURFACE ( 'NONE', #2912, 3.000000000000001776 ) ;
#4074 = DIRECTION ( 'NONE',  ( 1.000000000000000000, 0.000000000000000000, 0.000000000000000000 ) ) ;
#4075 = CARTESIAN_POINT ( 'NONE',  ( -60.00500000000000966, -72.50000000000001421, 5.000000000000000000 ) ) ;
#4076 = CARTESIAN_POINT ( 'NONE',  ( -5.714039969255037654, 48.05509417343802880, 5.000000000000000000 ) ) ;
#4077 = CARTESIAN_POINT ( 'NONE',  ( -53.52934526994632591, 13.65589906941674947, 3.000000000000000000 ) ) ;
#4078 = EDGE_LOOP ( 'NONE', ( #2131, #2479, #1866, #1548 ) ) ;
#4079 = EDGE_CURVE ( 'NONE', #3952, #2606, #2590, .T. ) ;
#4080 = LINE ( 'NONE', #1152, #570 ) ;
#4081 = ORIENTED_EDGE ( 'NONE', *, *, #741, .F. ) ;
#4082 = DIRECTION ( 'NONE',  ( 0.000000000000000000, 0.000000000000000000, 1.000000000000000000 ) ) ;
#4083 = DIRECTION ( 'NONE',  ( -0.000000000000000000, -1.000000000000000000, -0.000000000000000000 ) ) ;
#4084 = DIRECTION ( 'NONE',  ( 0.000000000000000000, 0.000000000000000000, -1.000000000000000000 ) ) ;
#4085 = FACE_BOUND ( 'NONE', #3650, .T. ) ;
#4086 = VERTEX_POINT ( 'NONE', #1516 ) ;
#4087 = ORIENTED_EDGE ( 'NONE', *, *, #2367, .T. ) ;
#4088 = EDGE_CURVE ( 'NONE', #4042, #3991, #3729, .T. ) ;
#4089 = DIRECTION ( 'NONE',  ( 1.000000000000000000, 0.000000000000000000, 0.000000000000000000 ) ) ;
#4090 = DIRECTION ( 'NONE',  ( 0.000000000000000000, 0.000000000000000000, -1.000000000000000000 ) ) ;
#4091 = ORIENTED_EDGE ( 'NONE', *, *, #2751, .T. ) ;
#4092 = LINE ( 'NONE', #2197, #2094 ) ;
#4093 = VECTOR ( 'NONE', #2631, 1000.000000000000000 ) ;
#4094 = EDGE_CURVE ( 'NONE', #3464, #1021, #2755, .T. ) ;
#4095 = DIRECTION ( 'NONE',  ( -1.000000000000000000, 0.000000000000000000, 0.000000000000000000 ) ) ;
#4096 = EDGE_LOOP ( 'NONE', ( #2685, #4127, #3790, #742, #2638, #80 ) ) ;
#4097 = DIRECTION ( 'NONE',  ( 1.000000000000000000, -6.033820786006292620E-16, 0.000000000000000000 ) ) ;
#4098 = ORIENTED_EDGE ( 'NONE', *, *, #1128, .F. ) ;
#4099 = ORIENTED_EDGE ( 'NONE', *, *, #2602, .F. ) ;
#4100 = PLANE ( 'NONE',  #1074 ) ;
#4101 = CARTESIAN_POINT ( 'NONE',  ( -5.714039969255037654, 48.05509417343802880, 5.000000000000000000 ) ) ;
#4102 = EDGE_LOOP ( 'NONE', ( #2726, #3271, #3179, #539, #2660, #3744, #3535 ) ) ;
#4103 = DIRECTION ( 'NONE',  ( -0.000000000000000000, -0.000000000000000000, -1.000000000000000000 ) ) ;
#4104 = CARTESIAN_POINT ( 'NONE',  ( -84.24499999999999034, 44.99999999999996447, 0.000000000000000000 ) ) ;
#4105 = AXIS2_PLACEMENT_3D ( 'NONE', #885, #3431, #3078 ) ;
#4106 = CIRCLE ( 'NONE', #1554, 2.999999999999933387 ) ;
#4107 = ADVANCED_FACE ( 'NONE', ( #3397 ), #3747, .F. ) ;
#4108 = CARTESIAN_POINT ( 'NONE',  ( 0.000000000000000000, 12.65589906941674769, 2.000000000000000000 ) ) ;
#4109 = VERTEX_POINT ( 'NONE', #3766 ) ;
#4110 = CARTESIAN_POINT ( 'NONE',  ( -68.74499999999999034, -45.00000000000002842, 0.000000000000000000 ) ) ;
#4111 = VECTOR ( 'NONE', #1353, 1000.000000000000000 ) ;
#4112 = CARTESIAN_POINT ( 'NONE',  ( -65.74499999999999034, -55.00000000000002842, 0.000000000000000000 ) ) ;
#4113 = ADVANCED_FACE ( 'NONE', ( #893 ), #326, .F. ) ;
#4114 = CIRCLE ( 'NONE', #1025, 3.000000000000009770 ) ;
#4115 = EDGE_LOOP ( 'NONE', ( #3849, #1463, #1411, #1961 ) ) ;
#4116 = CARTESIAN_POINT ( 'NONE',  ( -51.74500000000001165, -22.26116535376300831, 2.136270881226837837 ) ) ;
#4117 = DIRECTION ( 'NONE',  ( -0.000000000000000000, -0.000000000000000000, -1.000000000000000000 ) ) ;
#4118 = AXIS2_PLACEMENT_3D ( 'NONE', #3342, #3692, #3520 ) ;
#4119 = EDGE_CURVE ( 'NONE', #2460, #3452, #2383, .T. ) ;
#4120 = LINE ( 'NONE', #3065, #1281 ) ;
#4121 = VECTOR ( 'NONE', #2930, 1000.000000000000000 ) ;
#4122 = ORIENTED_EDGE ( 'NONE', *, *, #1400, .F. ) ;
#4123 = VERTEX_POINT ( 'NONE', #1751 ) ;
#4124 = DIRECTION ( 'NONE',  ( -0.000000000000000000, -0.000000000000000000, -1.000000000000000000 ) ) ;
#4125 = CARTESIAN_POINT ( 'NONE',  ( -10.61499092853951431, -46.98838713590125593, 3.000000000000000000 ) ) ;
#4126 = VECTOR ( 'NONE', #3314, 1000.000000000000000 ) ;
#4127 = ORIENTED_EDGE ( 'NONE', *, *, #1822, .T. ) ;
#4128 = DIRECTION ( 'NONE',  ( 1.000000000000000000, 0.000000000000000000, 0.000000000000000000 ) ) ;
#4129 = CARTESIAN_POINT ( 'NONE',  ( -30.52412065912967876, 30.43880777118787506, 2.000000000000000000 ) ) ;
#4130 = VECTOR ( 'NONE', #3516, 1000.000000000000000 ) ;
#4131 = DIRECTION ( 'NONE',  ( 0.000000000000000000, 0.000000000000000000, -1.000000000000000000 ) ) ;
#4132 = CARTESIAN_POINT ( 'NONE',  ( -10.61499092853945925, -39.38838713590120477, 3.000000000000000000 ) ) ;
#4133 = AXIS2_PLACEMENT_3D ( 'NONE', #2036, #761, #1343 ) ;
#4134 = LINE ( 'NONE', #1830, #1626 ) ;
#4135 = ORIENTED_EDGE ( 'NONE', *, *, #1132, .T. ) ;
#4136 = PLANE ( 'NONE',  #2318 ) ;
#4137 = AXIS2_PLACEMENT_3D ( 'NONE', #137, #2736, #1449 ) ;
#4138 = ADVANCED_FACE ( 'NONE', ( #174 ), #845, .F. ) ;
#4139 = DIRECTION ( 'NONE',  ( 1.000000000000000000, 0.000000000000000000, 0.000000000000000000 ) ) ;
#4140 = DIRECTION ( 'NONE',  ( -0.000000000000000000, -0.000000000000000000, -1.000000000000000000 ) ) ;
#4141 = DIRECTION ( 'NONE',  ( 0.000000000000000000, 0.000000000000000000, -1.000000000000000000 ) ) ;
#4142 = LINE ( 'NONE', #4003, #3639 ) ;
#4143 = ORIENTED_EDGE ( 'NONE', *, *, #3026, .T. ) ;
#4144 = ORIENTED_EDGE ( 'NONE', *, *, #3327, .T. ) ;
#4145 = CARTESIAN_POINT ( 'NONE',  ( 9.994999999999995666, -45.00000000000000000, 2.000000000000000000 ) ) ;
#4146 = ADVANCED_FACE ( 'NONE', ( #588 ), #2301, .F. ) ;
ENDSEC;
END-ISO-10303-21;
