ISO-10303-21;
HEADER;
FILE_DESCRIPTION (( 'STEP AP214' ),
    '1' );
FILE_NAME ('second floor.STEP',
    '2026-03-28T14:31:44',
    ( '' ),
    ( '' ),
    'SwSTEP 2.0',
    'SolidWorks 2026',
    '' );
FILE_SCHEMA (( 'AUTOMOTIVE_DESIGN' ));
ENDSEC;

DATA;
#1 = AXIS2_PLACEMENT_3D ( 'NONE', #1814, #3548, #1742 ) ;
#2 = AXIS2_PLACEMENT_3D ( 'NONE', #3834, #2026, #1374 ) ;
#3 = CARTESIAN_POINT ( 'NONE',  ( -5.000000000000011546, -79.50000000000001421, 5.000000000000000000 ) ) ;
#4 = VERTEX_POINT ( 'NONE', #1964 ) ;
#5 = VECTOR ( 'NONE', #924, 1000.000000000000000 ) ;
#6 = AXIS2_PLACEMENT_3D ( 'NONE', #3291, #2542, #3646 ) ;
#7 = CARTESIAN_POINT ( 'NONE',  ( 3.879751057680255411, 29.48635277547910505, 0.000000000000000000 ) ) ;
#8 = ORIENTED_EDGE ( 'NONE', *, *, #4300, .F. ) ;
#9 = DIRECTION ( 'NONE',  ( -0.000000000000000000, -1.000000000000000000, -0.000000000000000000 ) ) ;
#10 = AXIS2_PLACEMENT_3D ( 'NONE', #2325, #4152, #2361 ) ;
#11 = DIRECTION ( 'NONE',  ( -1.000000000000000000, -0.000000000000000000, -0.000000000000000000 ) ) ;
#12 = ORIENTED_EDGE ( 'NONE', *, *, #1607, .T. ) ;
#13 = EDGE_CURVE ( 'NONE', #26, #3187, #3711, .T. ) ;
#14 = VECTOR ( 'NONE', #1370, 1000.000000000000000 ) ;
#15 = LINE ( 'NONE', #2455, #540 ) ;
#16 = VERTEX_POINT ( 'NONE', #1246 ) ;
#17 = CARTESIAN_POINT ( 'NONE',  ( 8.753156015306505111, 5.900000000000000355, 11.80063385178084623 ) ) ;
#18 = DIRECTION ( 'NONE',  ( -0.000000000000000000, -0.000000000000000000, 1.000000000000000000 ) ) ;
#19 = DIRECTION ( 'NONE',  ( 0.000000000000000000, -1.000000000000000000, 0.000000000000000000 ) ) ;
#20 = AXIS2_PLACEMENT_3D ( 'NONE', #4296, #2504, #1778 ) ;
#21 = EDGE_CURVE ( 'NONE', #3048, #964, #4316, .T. ) ;
#22 = CARTESIAN_POINT ( 'NONE',  ( 22.50000000000000355, 8.500000000000000000, 0.000000000000000000 ) ) ;
#23 = VECTOR ( 'NONE', #4405, 1000.000000000000000 ) ;
#24 = CARTESIAN_POINT ( 'NONE',  ( 15.00000000000000000, -9.999999999999998224, -57.50000000000000000 ) ) ;
#25 = DIRECTION ( 'NONE',  ( 1.000000000000000000, 1.084202172485504311E-16, -0.000000000000000000 ) ) ;
#26 = VERTEX_POINT ( 'NONE', #2311 ) ;
#27 = ORIENTED_EDGE ( 'NONE', *, *, #4532, .T. ) ;
#28 = DIRECTION ( 'NONE',  ( -1.000000000000000000, 0.000000000000000000, 0.000000000000000000 ) ) ;
#29 = CARTESIAN_POINT ( 'NONE',  ( 24.99999999999998579, 69.00000000000000000, 5.000000000000000000 ) ) ;
#30 = ORIENTED_EDGE ( 'NONE', *, *, #3013, .T. ) ;
#31 = DIRECTION ( 'NONE',  ( -0.000000000000000000, -0.000000000000000000, -1.000000000000000000 ) ) ;
#32 = VERTEX_POINT ( 'NONE', #3745 ) ;
#33 = DIRECTION ( 'NONE',  ( 0.000000000000000000, -1.000000000000000000, 0.000000000000000000 ) ) ;
#34 = ORIENTED_EDGE ( 'NONE', *, *, #593, .T. ) ;
#35 = DIRECTION ( 'NONE',  ( -0.000000000000000000, -0.000000000000000000, -1.000000000000000000 ) ) ;
#36 = ORIENTED_EDGE ( 'NONE', *, *, #2284, .F. ) ;
#37 = DIRECTION ( 'NONE',  ( 1.000000000000000000, -0.000000000000000000, -0.000000000000000000 ) ) ;
#38 = ORIENTED_EDGE ( 'NONE', *, *, #2472, .T. ) ;
#39 = CARTESIAN_POINT ( 'NONE',  ( 11.99999999999995204, 69.00000000000000000, 0.000000000000000000 ) ) ;
#40 = DIRECTION ( 'NONE',  ( -0.000000000000000000, 0.000000000000000000, 1.000000000000000000 ) ) ;
#41 = DIRECTION ( 'NONE',  ( 1.000000000000000000, -1.387778780781446662E-15, 0.000000000000000000 ) ) ;
#42 = EDGE_CURVE ( 'NONE', #2440, #4506, #2043, .T. ) ;
#43 = CARTESIAN_POINT ( 'NONE',  ( 59.73143532533471500, -45.35601248816927011, 12.32779503831634038 ) ) ;
#44 = DIRECTION ( 'NONE',  ( -0.000000000000000000, -0.000000000000000000, -1.000000000000000000 ) ) ;
#45 = EDGE_CURVE ( 'NONE', #4324, #3788, #1469, .T. ) ;
#46 = ADVANCED_FACE ( 'NONE', ( #1692 ), #2964, .T. ) ;
#47 = ORIENTED_EDGE ( 'NONE', *, *, #3844, .T. ) ;
#48 = ORIENTED_EDGE ( 'NONE', *, *, #2574, .F. ) ;
#49 = DIRECTION ( 'NONE',  ( 0.000000000000000000, 0.000000000000000000, 1.000000000000000000 ) ) ;
#50 = EDGE_CURVE ( 'NONE', #3155, #2369, #818, .T. ) ;
#51 = CARTESIAN_POINT ( 'NONE',  ( -26.00000000000000000, -0.9000000000000031308, -57.50000000000000000 ) ) ;
#52 = CARTESIAN_POINT ( 'NONE',  ( -27.66829088000282511, -40.00000000000000711, 6.439198102782435207 ) ) ;
#53 = ORIENTED_EDGE ( 'NONE', *, *, #1299, .T. ) ;
#54 = ORIENTED_EDGE ( 'NONE', *, *, #2373, .F. ) ;
#55 = EDGE_CURVE ( 'NONE', #1199, #4022, #2211, .T. ) ;
#56 = ORIENTED_EDGE ( 'NONE', *, *, #2004, .F. ) ;
#57 = CARTESIAN_POINT ( 'NONE',  ( -14.60000000000004761, 78.00000000000001421, 5.000000000000000000 ) ) ;
#58 = DIRECTION ( 'NONE',  ( -0.000000000000000000, -1.000000000000000000, -0.000000000000000000 ) ) ;
#59 = ORIENTED_EDGE ( 'NONE', *, *, #3157, .T. ) ;
#60 = VERTEX_POINT ( 'NONE', #653 ) ;
#61 = AXIS2_PLACEMENT_3D ( 'NONE', #329, #2088, #1738 ) ;
#62 = CARTESIAN_POINT ( 'NONE',  ( 23.99999999999999289, 45.00000000000000711, 5.000000000000000000 ) ) ;
#63 = CARTESIAN_POINT ( 'NONE',  ( 64.06246951218787444, 39.00000000000000711, 5.000000000000000000 ) ) ;
#64 = DIRECTION ( 'NONE',  ( -1.000000000000000000, 0.000000000000000000, 0.000000000000000000 ) ) ;
#65 = CARTESIAN_POINT ( 'NONE',  ( 63.58498338203597200, 39.77389263678005449, 5.353497641944727548 ) ) ;
#66 = CARTESIAN_POINT ( 'NONE',  ( 73.39999999999999147, -19.99999999999998579, 3.499999999999977796 ) ) ;
#67 = LINE ( 'NONE', #2939, #1695 ) ;
#68 = VERTEX_POINT ( 'NONE', #2839 ) ;
#69 = VECTOR ( 'NONE', #4505, 1000.000000000000000 ) ;
#70 = ADVANCED_FACE ( 'NONE', ( #1718 ), #2114, .F. ) ;
#71 = CARTESIAN_POINT ( 'NONE',  ( -27.66829088000282511, -40.00000000000000711, 4.189198102782436983 ) ) ;
#72 = ADVANCED_FACE ( 'NONE', ( #1811 ), #3241, .F. ) ;
#73 = LINE ( 'NONE', #476, #1790 ) ;
#74 = DIRECTION ( 'NONE',  ( 1.000000000000000000, 0.000000000000000000, 0.000000000000000000 ) ) ;
#75 = ORIENTED_EDGE ( 'NONE', *, *, #810, .T. ) ;
#76 = ADVANCED_FACE ( 'NONE', ( #3494 ), #2811, .F. ) ;
#77 = VECTOR ( 'NONE', #3905, 1000.000000000000000 ) ;
#78 = AXIS2_PLACEMENT_3D ( 'NONE', #3, #3627, #2891 ) ;
#79 = ORIENTED_EDGE ( 'NONE', *, *, #3222, .T. ) ;
#80 = LINE ( 'NONE', #3986, #3275 ) ;
#81 = DIRECTION ( 'NONE',  ( -1.000000000000000000, 0.000000000000000000, 0.000000000000000000 ) ) ;
#82 = EDGE_LOOP ( 'NONE', ( #3342, #3274 ) ) ;
#83 = AXIS2_PLACEMENT_3D ( 'NONE', #3348, #4064, #2202 ) ;
#84 = AXIS2_PLACEMENT_3D ( 'NONE', #1172, #2168, #3311 ) ;
#85 = DIRECTION ( 'NONE',  ( -1.000000000000000000, 0.000000000000000000, 0.000000000000000000 ) ) ;
#86 = VERTEX_POINT ( 'NONE', #1440 ) ;
#87 = VECTOR ( 'NONE', #248, 1000.000000000000000 ) ;
#88 = DIRECTION ( 'NONE',  ( -1.000000000000000000, 0.000000000000000000, 0.000000000000000000 ) ) ;
#89 = FACE_BOUND ( 'NONE', #1833, .T. ) ;
#90 = AXIS2_PLACEMENT_3D ( 'NONE', #2419, #3802, #3871 ) ;
#91 = CARTESIAN_POINT ( 'NONE',  ( -29.39780203086235844, 94.10000000000006537, 5.000000000000000000 ) ) ;
#92 = CARTESIAN_POINT ( 'NONE',  ( -24.41141100645622330, 40.00000000000000000, 5.000000000000000000 ) ) ;
#93 = CARTESIAN_POINT ( 'NONE',  ( -14.27636238330915219, -9.999999999999994671, 0.000000000000000000 ) ) ;
#94 = AXIS2_PLACEMENT_3D ( 'NONE', #3848, #2416, #648 ) ;
#95 = LINE ( 'NONE', #115, #2827 ) ;
#96 = CARTESIAN_POINT ( 'NONE',  ( -22.09999999999999432, -75.00000000000000000, 0.000000000000000000 ) ) ;
#97 = CARTESIAN_POINT ( 'NONE',  ( 8.462065736472231821E-16, -10.00000000000000000, 0.000000000000000000 ) ) ;
#98 = ORIENTED_EDGE ( 'NONE', *, *, #1840, .T. ) ;
#99 = VERTEX_POINT ( 'NONE', #3872 ) ;
#100 = CARTESIAN_POINT ( 'NONE',  ( 10.32988139361452262, 4.899999999999999467, 6.439198102782434319 ) ) ;
#101 = ORIENTED_EDGE ( 'NONE', *, *, #3018, .F. ) ;
#102 = DIRECTION ( 'NONE',  ( 1.000000000000000000, 0.000000000000000000, 0.000000000000000000 ) ) ;
#103 = ORIENTED_EDGE ( 'NONE', *, *, #2929, .T. ) ;
#104 = ADVANCED_FACE ( 'NONE', ( #370 ), #3938, .F. ) ;
#105 = ADVANCED_FACE ( 'NONE', ( #1786 ), #1371, .T. ) ;
#106 = ADVANCED_FACE ( 'NONE', ( #1024 ), #3922, .F. ) ;
#107 = FACE_BOUND ( 'NONE', #405, .T. ) ;
#108 = ORIENTED_EDGE ( 'NONE', *, *, #4219, .F. ) ;
#109 = LINE ( 'NONE', #3634, #1146 ) ;
#110 = CARTESIAN_POINT ( 'NONE',  ( 59.46552209255448673, 45.70583669401613491, 11.23634663309928072 ) ) ;
#111 = EDGE_CURVE ( 'NONE', #4396, #270, #2134, .T. ) ;
#112 = LINE ( 'NONE', #1578, #3585 ) ;
#113 = CARTESIAN_POINT ( 'NONE',  ( 4.146862743635832516, 62.50000000000000000, 5.000000000000000888 ) ) ;
#114 = DIRECTION ( 'NONE',  ( 1.000000000000000000, 0.000000000000000000, 0.000000000000000000 ) ) ;
#115 = CARTESIAN_POINT ( 'NONE',  ( -32.41141100645621975, 1.099999999999996758, 9.439414909974711776 ) ) ;
#116 = CARTESIAN_POINT ( 'NONE',  ( -11.40000000000000746, 78.00000000000001421, 3.499999999999994671 ) ) ;
#117 = DIRECTION ( 'NONE',  ( 0.000000000000000000, 0.000000000000000000, -1.000000000000000000 ) ) ;
#118 = DIRECTION ( 'NONE',  ( 1.000000000000000000, 0.000000000000000000, 0.000000000000000000 ) ) ;
#119 = ORIENTED_EDGE ( 'NONE', *, *, #3906, .T. ) ;
#120 = DIRECTION ( 'NONE',  ( 1.000000000000000000, 0.000000000000000000, 0.000000000000000000 ) ) ;
#121 = LINE ( 'NONE', #2873, #374 ) ;
#122 = DIRECTION ( 'NONE',  ( 0.000000000000000000, 1.000000000000000000, 0.000000000000000000 ) ) ;
#123 = ORIENTED_EDGE ( 'NONE', *, *, #2260, .F. ) ;
#124 = EDGE_CURVE ( 'NONE', #3753, #2197, #875, .T. ) ;
#125 = EDGE_LOOP ( 'NONE', ( #393, #2264, #2057, #2623, #3703, #305, #2282 ) ) ;
#126 = DIRECTION ( 'NONE',  ( 0.000000000000000000, 0.000000000000000000, 1.000000000000000000 ) ) ;
#127 = DIRECTION ( 'NONE',  ( 0.000000000000000000, 0.000000000000000000, 1.000000000000000000 ) ) ;
#128 = EDGE_LOOP ( 'NONE', ( #4151, #146, #1733, #664 ) ) ;
#129 = CARTESIAN_POINT ( 'NONE',  ( 58.12417153191461239, 47.39892200998853156, 8.492817616790672375 ) ) ;
#130 = EDGE_LOOP ( 'NONE', ( #185, #1731, #1918, #3444 ) ) ;
#131 = VERTEX_POINT ( 'NONE', #4302 ) ;
#132 = EDGE_CURVE ( 'NONE', #1676, #3751, #1001, .T. ) ;
#133 = CARTESIAN_POINT ( 'NONE',  ( 63.98781151919516219, 39.12263526666504276, 5.000000000000000000 ) ) ;
#134 = LINE ( 'NONE', #1552, #4499 ) ;
#135 = FACE_OUTER_BOUND ( 'NONE', #3696, .T. ) ;
#136 = DIRECTION ( 'NONE',  ( -1.000000000000000000, 0.000000000000000000, 0.000000000000000000 ) ) ;
#137 = DIRECTION ( 'NONE',  ( 0.000000000000000000, -1.000000000000000000, 0.000000000000000000 ) ) ;
#138 = CARTESIAN_POINT ( 'NONE',  ( 25.50000000000000000, 5.500000000000001776, 5.000000000000000000 ) ) ;
#139 = PLANE ( 'NONE',  #4341 ) ;
#140 = ORIENTED_EDGE ( 'NONE', *, *, #2862, .F. ) ;
#141 = VECTOR ( 'NONE', #4242, 1000.000000000000000 ) ;
#142 = EDGE_LOOP ( 'NONE', ( #1987, #3865, #1560, #1968 ) ) ;
#143 = CIRCLE ( 'NONE', #524, 1.600000000000004086 ) ;
#144 = LINE ( 'NONE', #591, #2078 ) ;
#145 = CARTESIAN_POINT ( 'NONE',  ( 14.73761543394930662, -19.48635277547909794, -5.000000000000000000 ) ) ;
#146 = ORIENTED_EDGE ( 'NONE', *, *, #546, .T. ) ;
#147 = VECTOR ( 'NONE', #35, 1000.000000000000000 ) ;
#148 = CIRCLE ( 'NONE', #4553, 85.49999999999998579 ) ;
#149 = MANIFOLD_SOLID_BREP ( 'Cut-Extrude13', #4017 ) ;
#150 = CYLINDRICAL_SURFACE ( 'NONE', #4411, 13.00000000000003020 ) ;
#151 = ORIENTED_EDGE ( 'NONE', *, *, #3128, .F. ) ;
#152 = FACE_OUTER_BOUND ( 'NONE', #3211, .T. ) ;
#153 = DIRECTION ( 'NONE',  ( 0.000000000000000000, -1.000000000000000000, 0.000000000000000000 ) ) ;
#154 = ORIENTED_EDGE ( 'NONE', *, *, #1777, .F. ) ;
#155 = VECTOR ( 'NONE', #3738, 1000.000000000000000 ) ;
#156 = DIRECTION ( 'NONE',  ( 1.000000000000000000, 0.000000000000000000, 0.000000000000000000 ) ) ;
#157 = CONICAL_SURFACE ( 'NONE', #2006, 3.099999999999991651, 0.7853981633974514986 ) ;
#158 = EDGE_LOOP ( 'NONE', ( #1998, #53, #2691, #1269 ) ) ;
#159 = VECTOR ( 'NONE', #2876, 1000.000000000000000 ) ;
#160 = CIRCLE ( 'NONE', #306, 1.600000000000004086 ) ;
#161 = CARTESIAN_POINT ( 'NONE',  ( 76.59999999999999432, -19.99999999999998579, 0.000000000000000000 ) ) ;
#162 = CARTESIAN_POINT ( 'NONE',  ( 11.71866100930141741, -56.00304464990691145, 5.000000000000000000 ) ) ;
#163 = DIRECTION ( 'NONE',  ( 1.000000000000000000, 0.000000000000000000, 0.000000000000000000 ) ) ;
#164 = AXIS2_PLACEMENT_3D ( 'NONE', #1322, #4181, #300 ) ;
#165 = AXIS2_PLACEMENT_3D ( 'NONE', #3594, #2183, #3541 ) ;
#166 = EDGE_CURVE ( 'NONE', #1824, #32, #402, .T. ) ;
#167 = EDGE_CURVE ( 'NONE', #575, #1776, #4415, .T. ) ;
#168 = PLANE ( 'NONE',  #1341 ) ;
#169 = VECTOR ( 'NONE', #1186, 1000.000000000000000 ) ;
#170 = FACE_OUTER_BOUND ( 'NONE', #1352, .T. ) ;
#171 = DIRECTION ( 'NONE',  ( 0.000000000000000000, -1.000000000000000000, 0.000000000000000000 ) ) ;
#172 = CARTESIAN_POINT ( 'NONE',  ( -25.93877972914331309, 94.10000000000006537, 5.000000000000000000 ) ) ;
#173 = ORIENTED_EDGE ( 'NONE', *, *, #42, .F. ) ;
#174 = ADVANCED_FACE ( 'NONE', ( #135 ), #789, .F. ) ;
#175 =( GEOMETRIC_REPRESENTATION_CONTEXT ( 3 ) GLOBAL_UNCERTAINTY_ASSIGNED_CONTEXT ( ( #916 ) ) GLOBAL_UNIT_ASSIGNED_CONTEXT ( ( #782, #1163, #4009 ) ) REPRESENTATION_CONTEXT ( 'NONE', 'WORKASPACE' ) );
#176 = ORIENTED_EDGE ( 'NONE', *, *, #1249, .F. ) ;
#177 = CARTESIAN_POINT ( 'NONE',  ( -26.00000000000000000, -10.00000000000000178, -57.50000000000000000 ) ) ;
#178 = ORIENTED_EDGE ( 'NONE', *, *, #2345, .T. ) ;
#179 = LINE ( 'NONE', #3110, #683 ) ;
#180 = ORIENTED_EDGE ( 'NONE', *, *, #1601, .F. ) ;
#181 = CARTESIAN_POINT ( 'NONE',  ( -13.00000000000001243, -78.00000000000001421, 5.000000000000000000 ) ) ;
#182 = DIRECTION ( 'NONE',  ( 1.000000000000000000, 0.000000000000000000, 0.000000000000000000 ) ) ;
#183 = ORIENTED_EDGE ( 'NONE', *, *, #2297, .F. ) ;
#184 = CARTESIAN_POINT ( 'NONE',  ( 54.77521879087281320, 51.23292741118268623, 5.731905520077830829 ) ) ;
#185 = ORIENTED_EDGE ( 'NONE', *, *, #391, .F. ) ;
#186 = DIRECTION ( 'NONE',  ( 0.000000000000000000, 0.000000000000000000, 1.000000000000000000 ) ) ;
#187 = CARTESIAN_POINT ( 'NONE',  ( 10.32988139361452262, 4.899999999999999467, 4.439198102782435207 ) ) ;
#188 = CARTESIAN_POINT ( 'NONE',  ( -13.00000000000002665, 78.00000000000001421, 3.499999999999994671 ) ) ;
#189 = CARTESIAN_POINT ( 'NONE',  ( 11.71866100930141741, -29.48635277547910505, 5.000000000000000888 ) ) ;
#190 = EDGE_CURVE ( 'NONE', #501, #3234, #1553, .T. ) ;
#191 = EDGE_CURVE ( 'NONE', #703, #3195, #1110, .T. ) ;
#192 = FACE_OUTER_BOUND ( 'NONE', #1248, .T. ) ;
#193 = DIRECTION ( 'NONE',  ( 0.000000000000000000, 1.000000000000000000, 0.000000000000000000 ) ) ;
#194 = DIRECTION ( 'NONE',  ( 0.000000000000000000, 0.000000000000000000, 1.000000000000000000 ) ) ;
#195 = EDGE_CURVE ( 'NONE', #4396, #3234, #1215, .T. ) ;
#196 = VERTEX_POINT ( 'NONE', #2884 ) ;
#197 = ADVANCED_FACE ( 'NONE', ( #515 ), #2911, .T. ) ;
#198 = ORIENTED_EDGE ( 'NONE', *, *, #4107, .F. ) ;
#199 = LINE ( 'NONE', #4498, #1631 ) ;
#200 = EDGE_CURVE ( 'NONE', #4209, #1542, #2559, .T. ) ;
#201 = EDGE_LOOP ( 'NONE', ( #3525, #4071, #4591, #3394, #3988, #1909 ) ) ;
#202 = CARTESIAN_POINT ( 'NONE',  ( -20.60000000000001563, 75.00000000000000000, 5.000000000000000000 ) ) ;
#203 = VERTEX_POINT ( 'NONE', #3261 ) ;
#204 = CARTESIAN_POINT ( 'NONE',  ( 0.000000000000000000, 0.000000000000000000, 0.000000000000000000 ) ) ;
#205 = CARTESIAN_POINT ( 'NONE',  ( -31.00000000000000000, 9.999999999999996447, -57.50000000000000000 ) ) ;
#206 = ORIENTED_EDGE ( 'NONE', *, *, #2201, .F. ) ;
#207 = DIRECTION ( 'NONE',  ( -0.000000000000000000, -0.000000000000000000, 1.000000000000000000 ) ) ;
#208 = ORIENTED_EDGE ( 'NONE', *, *, #2718, .T. ) ;
#209 = CARTESIAN_POINT ( 'NONE',  ( 0.000000000000000000, -29.48635277547910505, 0.000000000000000000 ) ) ;
#210 = DIRECTION ( 'NONE',  ( -0.000000000000000000, -0.000000000000000000, 1.000000000000000000 ) ) ;
#211 = FACE_OUTER_BOUND ( 'NONE', #985, .T. ) ;
#212 = CARTESIAN_POINT ( 'NONE',  ( 10.58440475042453599, -84.84242089028738576, 4.451344143725898483 ) ) ;
#213 = DIRECTION ( 'NONE',  ( -1.000000000000000000, 0.000000000000000000, 0.000000000000000000 ) ) ;
#214 = AXIS2_PLACEMENT_3D ( 'NONE', #4604, #3523, #1050 ) ;
#215 = DIRECTION ( 'NONE',  ( -0.7071067811865474617, 0.7071067811865474617, 0.000000000000000000 ) ) ;
#216 = CARTESIAN_POINT ( 'NONE',  ( 8.000000000000000000, 5.900000000000000355, 5.000000000000000000 ) ) ;
#217 = EDGE_LOOP ( 'NONE', ( #1136, #2065, #1426, #1659 ) ) ;
#218 = EDGE_CURVE ( 'NONE', #389, #4132, #2588, .T. ) ;
#219 = CARTESIAN_POINT ( 'NONE',  ( 0.000000000000000000, 39.00000000000000711, 5.000000000000000000 ) ) ;
#220 = EDGE_LOOP ( 'NONE', ( #817, #4204, #1507, #4574 ) ) ;
#221 = EDGE_CURVE ( 'NONE', #596, #131, #2277, .T. ) ;
#222 = LINE ( 'NONE', #2707, #1792 ) ;
#223 = EDGE_LOOP ( 'NONE', ( #30, #2875 ) ) ;
#224 = CARTESIAN_POINT ( 'NONE',  ( 15.00000000000000000, 0.9000000000000000222, 10.00000000000000000 ) ) ;
#225 = ORIENTED_EDGE ( 'NONE', *, *, #1458, .F. ) ;
#226 = DIRECTION ( 'NONE',  ( 0.000000000000000000, 1.000000000000000000, 0.000000000000000000 ) ) ;
#227 = ORIENTED_EDGE ( 'NONE', *, *, #2268, .F. ) ;
#228 = CIRCLE ( 'NONE', #3875, 75.00000000000001421 ) ;
#229 = CARTESIAN_POINT ( 'NONE',  ( 8.941101777927626060, -19.48635277547910860, 5.000000000000000000 ) ) ;
#230 = VECTOR ( 'NONE', #3033, 1000.000000000000000 ) ;
#231 = AXIS2_PLACEMENT_3D ( 'NONE', #2191, #2845, #4287 ) ;
#232 = DIRECTION ( 'NONE',  ( 0.000000000000000000, 0.000000000000000000, -1.000000000000000000 ) ) ;
#233 = LINE ( 'NONE', #1600, #2295 ) ;
#234 = VECTOR ( 'NONE', #3401, 1000.000000000000000 ) ;
#235 = CIRCLE ( 'NONE', #1644, 17.79999999999999716 ) ;
#236 = CARTESIAN_POINT ( 'NONE',  ( 10.83544493951818488, -84.81072537956596591, 4.499932519436021572 ) ) ;
#237 = DIRECTION ( 'NONE',  ( 1.000000000000000000, -0.000000000000000000, 0.000000000000000000 ) ) ;
#238 = VECTOR ( 'NONE', #2526, 1000.000000000000000 ) ;
#239 = VECTOR ( 'NONE', #3006, 1000.000000000000000 ) ;
#240 = DIRECTION ( 'NONE',  ( -1.000000000000000000, -0.000000000000000000, -0.000000000000000000 ) ) ;
#241 = ORIENTED_EDGE ( 'NONE', *, *, #2121, .F. ) ;
#242 = ORIENTED_EDGE ( 'NONE', *, *, #258, .F. ) ;
#243 = VECTOR ( 'NONE', #976, 1000.000000000000114 ) ;
#244 = EDGE_CURVE ( 'NONE', #1278, #1521, #1589, .T. ) ;
#245 = DIRECTION ( 'NONE',  ( 1.000000000000000000, 0.000000000000000000, 0.000000000000000000 ) ) ;
#246 = AXIS2_PLACEMENT_3D ( 'NONE', #1257, #2627, #1529 ) ;
#247 = VERTEX_POINT ( 'NONE', #1925 ) ;
#248 = DIRECTION ( 'NONE',  ( -0.000000000000000000, -1.000000000000000000, -0.000000000000000000 ) ) ;
#249 = ORIENTED_EDGE ( 'NONE', *, *, #4332, .F. ) ;
#250 = ADVANCED_FACE ( 'NONE', ( #2254 ), #1771, .F. ) ;
#251 = PLANE ( 'NONE',  #958 ) ;
#252 = ORIENTED_EDGE ( 'NONE', *, *, #4096, .F. ) ;
#253 = CARTESIAN_POINT ( 'NONE',  ( 10.32988139361452262, -109.1000000000000369, 6.439198102782434319 ) ) ;
#254 = ORIENTED_EDGE ( 'NONE', *, *, #1547, .F. ) ;
#255 = CARTESIAN_POINT ( 'NONE',  ( 25.50000000000000000, 5.500000000000001776, 5.000000000000000000 ) ) ;
#256 = LINE ( 'NONE', #997, #4276 ) ;
#257 = DIRECTION ( 'NONE',  ( -0.7071067811865462405, 8.659560562354916834E-17, 0.7071067811865489050 ) ) ;
#258 = EDGE_CURVE ( 'NONE', #2641, #1415, #1625, .T. ) ;
#259 = CARTESIAN_POINT ( 'NONE',  ( 63.46271207802715963, -39.96859748489472963, 5.714922069843867192 ) ) ;
#260 = CYLINDRICAL_SURFACE ( 'NONE', #978, 85.49999999999998579 ) ;
#261 = DIRECTION ( 'NONE',  ( 0.000000000000000000, 0.000000000000000000, 1.000000000000000000 ) ) ;
#262 = VERTEX_POINT ( 'NONE', #808 ) ;
#263 = ORIENTED_EDGE ( 'NONE', *, *, #3296, .T. ) ;
#264 = CARTESIAN_POINT ( 'NONE',  ( -13.00000000000002665, 78.00000000000001421, 0.000000000000000000 ) ) ;
#265 = EDGE_LOOP ( 'NONE', ( #1629, #2003 ) ) ;
#266 = CARTESIAN_POINT ( 'NONE',  ( 29.48635277547846556, 18.87975105768089179, 5.000000000000000000 ) ) ;
#267 = ORIENTED_EDGE ( 'NONE', *, *, #3209, .T. ) ;
#268 = DIRECTION ( 'NONE',  ( 0.000000000000000000, 0.000000000000000000, 1.000000000000000000 ) ) ;
#269 = DIRECTION ( 'NONE',  ( 0.000000000000000000, 0.000000000000000000, 1.000000000000000000 ) ) ;
#270 = VERTEX_POINT ( 'NONE', #3687 ) ;
#271 = ADVANCED_FACE ( 'NONE', ( #4321 ), #809, .F. ) ;
#272 = DIRECTION ( 'NONE',  ( 1.000000000000000000, 0.000000000000000000, 0.000000000000000000 ) ) ;
#273 = EDGE_LOOP ( 'NONE', ( #313, #2342, #1016, #140, #3572, #1235, #1255 ) ) ;
#274 = CARTESIAN_POINT ( 'NONE',  ( 8.941101777927626060, -56.36500329770508699, 5.000000000000000000 ) ) ;
#275 = LINE ( 'NONE', #668, #4024 ) ;
#276 = EDGE_CURVE ( 'NONE', #1720, #1272, #1513, .T. ) ;
#277 = DIRECTION ( 'NONE',  ( 0.000000000000000000, -0.000000000000000000, 1.000000000000000000 ) ) ;
#278 = CARTESIAN_POINT ( 'NONE',  ( 9.344085090269892646, -81.72626558735632329, 4.694450396856594487 ) ) ;
#279 = VERTEX_POINT ( 'NONE', #2226 ) ;
#280 = ORIENTED_EDGE ( 'NONE', *, *, #4533, .T. ) ;
#281 = ORIENTED_EDGE ( 'NONE', *, *, #3815, .F. ) ;
#282 = VECTOR ( 'NONE', #2241, 1000.000000000000000 ) ;
#283 = CARTESIAN_POINT ( 'NONE',  ( 29.80000000000000426, -69.50000000000000000, 5.000000000000000000 ) ) ;
#284 = ORIENTED_EDGE ( 'NONE', *, *, #50, .F. ) ;
#285 = FACE_OUTER_BOUND ( 'NONE', #1729, .T. ) ;
#286 = EDGE_LOOP ( 'NONE', ( #956, #4550, #1314, #183 ) ) ;
#287 = VECTOR ( 'NONE', #1258, 1000.000000000000000 ) ;
#288 = CARTESIAN_POINT ( 'NONE',  ( 29.80000000000000426, -69.50000000000000000, 3.499999999999980016 ) ) ;
#289 = VERTEX_POINT ( 'NONE', #3621 ) ;
#290 = CARTESIAN_POINT ( 'NONE',  ( -24.41141100645622330, 81.94103375399816969, 0.000000000000000000 ) ) ;
#291 = ORIENTED_EDGE ( 'NONE', *, *, #4618, .F. ) ;
#292 = VECTOR ( 'NONE', #1896, 1000.000000000000000 ) ;
#293 = CARTESIAN_POINT ( 'NONE',  ( 60.00000000000000000, -52.00000000000000000, 0.000000000000000000 ) ) ;
#294 = VERTEX_POINT ( 'NONE', #93 ) ;
#295 = CARTESIAN_POINT ( 'NONE',  ( 22.49999999999998224, -5.500000000000001776, 0.000000000000000000 ) ) ;
#296 = LINE ( 'NONE', #2484, #368 ) ;
#297 = AXIS2_PLACEMENT_3D ( 'NONE', #1537, #1472, #456 ) ;
#298 = VECTOR ( 'NONE', #3574, 1000.000000000000000 ) ;
#299 = DIRECTION ( 'NONE',  ( -1.000000000000000000, 0.000000000000000000, 0.000000000000000000 ) ) ;
#300 = DIRECTION ( 'NONE',  ( 1.000000000000000000, 8.673617379884040402E-16, 0.000000000000000000 ) ) ;
#301 = CARTESIAN_POINT ( 'NONE',  ( -19.00000000000000711, -75.00000000000000000, 0.000000000000000000 ) ) ;
#302 = EDGE_CURVE ( 'NONE', #3270, #2826, #67, .T. ) ;
#303 = ORIENTED_EDGE ( 'NONE', *, *, #2462, .F. ) ;
#304 = VECTOR ( 'NONE', #516, 1000.000000000000000 ) ;
#305 = ORIENTED_EDGE ( 'NONE', *, *, #4051, .F. ) ;
#306 = AXIS2_PLACEMENT_3D ( 'NONE', #3604, #407, #1816 ) ;
#307 = ADVANCED_FACE ( 'NONE', ( #473 ), #1238, .F. ) ;
#308 = EDGE_CURVE ( 'NONE', #4455, #2421, #3570, .T. ) ;
#309 = VECTOR ( 'NONE', #2763, 1000.000000000000114 ) ;
#310 = VECTOR ( 'NONE', #388, 1000.000000000000000 ) ;
#311 = EDGE_CURVE ( 'NONE', #1106, #1818, #3469, .T. ) ;
#312 = CARTESIAN_POINT ( 'NONE',  ( -24.38875556251408128, -40.00000000000000711, 0.000000000000000000 ) ) ;
#313 = ORIENTED_EDGE ( 'NONE', *, *, #2412, .T. ) ;
#314 = AXIS2_PLACEMENT_3D ( 'NONE', #838, #1191, #2256 ) ;
#315 = CARTESIAN_POINT ( 'NONE',  ( -20.60000000000001563, 75.00000000000000000, 1.499999999999972689 ) ) ;
#316 = ORIENTED_EDGE ( 'NONE', *, *, #2372, .T. ) ;
#317 = AXIS2_PLACEMENT_3D ( 'NONE', #1953, #514, #3351 ) ;
#318 = LINE ( 'NONE', #3912, #2745 ) ;
#319 = ORIENTED_EDGE ( 'NONE', *, *, #4621, .T. ) ;
#320 = DIRECTION ( 'NONE',  ( -0.000000000000000000, -0.000000000000000000, -1.000000000000000000 ) ) ;
#321 = EDGE_LOOP ( 'NONE', ( #2822, #1384 ) ) ;
#322 = AXIS2_PLACEMENT_3D ( 'NONE', #1231, #3277, #1142 ) ;
#323 = CARTESIAN_POINT ( 'NONE',  ( 0.000000000000000000, 0.000000000000000000, 5.000000000000000000 ) ) ;
#324 = ORIENTED_EDGE ( 'NONE', *, *, #3301, .F. ) ;
#325 = DIRECTION ( 'NONE',  ( -0.000000000000000000, -0.000000000000000000, -1.000000000000000000 ) ) ;
#326 = FACE_OUTER_BOUND ( 'NONE', #2245, .T. ) ;
#327 = DIRECTION ( 'NONE',  ( -1.387778780781446464E-15, -1.000000000000000000, -0.000000000000000000 ) ) ;
#328 = PLANE ( 'NONE',  #3595 ) ;
#329 = CARTESIAN_POINT ( 'NONE',  ( -27.66829088000282511, -5.900000000000002132, 6.439198102782435207 ) ) ;
#330 = ORIENTED_EDGE ( 'NONE', *, *, #546, .F. ) ;
#331 = ORIENTED_EDGE ( 'NONE', *, *, #2025, .F. ) ;
#332 = ADVANCED_FACE ( 'NONE', ( #3399, #4530 ), #1319, .F. ) ;
#333 = LINE ( 'NONE', #406, #2453 ) ;
#334 = LINE ( 'NONE', #283, #2983 ) ;
#335 = ORIENTED_EDGE ( 'NONE', *, *, #258, .T. ) ;
#336 = LINE ( 'NONE', #1086, #2390 ) ;
#337 = ORIENTED_EDGE ( 'NONE', *, *, #2699, .F. ) ;
#338 = DIRECTION ( 'NONE',  ( -0.000000000000000000, -0.000000000000000000, 1.000000000000000000 ) ) ;
#339 = ORIENTED_EDGE ( 'NONE', *, *, #391, .T. ) ;
#340 = DIRECTION ( 'NONE',  ( 1.000000000000000000, 0.000000000000000000, -0.000000000000000000 ) ) ;
#341 = EDGE_LOOP ( 'NONE', ( #2813, #1523, #1844, #3126 ) ) ;
#342 = CARTESIAN_POINT ( 'NONE',  ( 0.000000000000000000, 62.50000000000000000, 0.000000000000000000 ) ) ;
#343 = ORIENTED_EDGE ( 'NONE', *, *, #4369, .F. ) ;
#344 = DIRECTION ( 'NONE',  ( 1.000000000000000000, 0.000000000000000000, 0.000000000000000000 ) ) ;
#345 = DIRECTION ( 'NONE',  ( 1.000000000000000000, 0.000000000000000000, 0.000000000000000000 ) ) ;
#346 = DIRECTION ( 'NONE',  ( -0.000000000000000000, -0.000000000000000000, -1.000000000000000000 ) ) ;
#347 = CARTESIAN_POINT ( 'NONE',  ( 59.93172056082863008, -45.09143832287011122, 13.44787132205850710 ) ) ;
#348 = CARTESIAN_POINT ( 'NONE',  ( -9.000000000000000000, -19.48635277547910860, 17.00000000000000000 ) ) ;
#349 = CARTESIAN_POINT ( 'NONE',  ( 9.757819552369542371E-17, -0.9000000000000003553, 0.000000000000000000 ) ) ;
#350 = ORIENTED_EDGE ( 'NONE', *, *, #1245, .F. ) ;
#351 = ORIENTED_EDGE ( 'NONE', *, *, #1411, .T. ) ;
#352 = DIRECTION ( 'NONE',  ( 0.000000000000000000, 1.000000000000000000, 0.000000000000000000 ) ) ;
#353 = DIRECTION ( 'NONE',  ( -0.000000000000000000, -0.000000000000000000, -1.000000000000000000 ) ) ;
#354 = ORIENTED_EDGE ( 'NONE', *, *, #1540, .F. ) ;
#355 = EDGE_CURVE ( 'NONE', #4571, #3753, #3944, .T. ) ;
#356 = LINE ( 'NONE', #383, #2463 ) ;
#357 = ORIENTED_EDGE ( 'NONE', *, *, #810, .F. ) ;
#358 = DIRECTION ( 'NONE',  ( -0.000000000000000000, -0.000000000000000000, 1.000000000000000000 ) ) ;
#359 = DIRECTION ( 'NONE',  ( 0.000000000000000000, 0.000000000000000000, 1.000000000000000000 ) ) ;
#360 = ORIENTED_EDGE ( 'NONE', *, *, #4054, .F. ) ;
#361 = EDGE_CURVE ( 'NONE', #196, #86, #233, .T. ) ;
#362 = LINE ( 'NONE', #342, #2988 ) ;
#363 = ORIENTED_EDGE ( 'NONE', *, *, #2055, .T. ) ;
#364 = LINE ( 'NONE', #1433, #1724 ) ;
#365 = DIRECTION ( 'NONE',  ( 1.000000000000000000, 0.000000000000000000, 0.000000000000000000 ) ) ;
#366 = CARTESIAN_POINT ( 'NONE',  ( -27.66829088000282511, 1.099999999999995870, 9.439414909974711776 ) ) ;
#367 = DIRECTION ( 'NONE',  ( 0.000000000000000000, -1.000000000000000000, 0.000000000000000000 ) ) ;
#368 = VECTOR ( 'NONE', #18, 1000.000000000000000 ) ;
#369 = CARTESIAN_POINT ( 'NONE',  ( -3.723637616690846919, 62.50000000000000000, 0.000000000000000000 ) ) ;
#370 = FACE_OUTER_BOUND ( 'NONE', #4263, .T. ) ;
#371 = EDGE_LOOP ( 'NONE', ( #3027, #3503, #3769, #4436 ) ) ;
#372 = EDGE_LOOP ( 'NONE', ( #2829, #1228 ) ) ;
#373 = CIRCLE ( 'NONE', #1, 1.600000000000000755 ) ;
#374 = VECTOR ( 'NONE', #4311, 1000.000000000000000 ) ;
#375 = LINE ( 'NONE', #772, #1779 ) ;
#376 = CIRCLE ( 'NONE', #4184, 4.250000000000006217 ) ;
#377 = CIRCLE ( 'NONE', #3807, 1.600000000000000755 ) ;
#378 = CARTESIAN_POINT ( 'NONE',  ( 22.49999999999999645, 5.500000000000001776, 0.000000000000000000 ) ) ;
#379 = VERTEX_POINT ( 'NONE', #2327 ) ;
#380 = AXIS2_PLACEMENT_3D ( 'NONE', #1300, #967, #272 ) ;
#381 = AXIS2_PLACEMENT_3D ( 'NONE', #4092, #4020, #1862 ) ;
#382 = EDGE_CURVE ( 'NONE', #4339, #1685, #2672, .T. ) ;
#383 = CARTESIAN_POINT ( 'NONE',  ( 25.00000000000000711, -69.00000000000000000, 5.000000000000000000 ) ) ;
#384 = ORIENTED_EDGE ( 'NONE', *, *, #3407, .F. ) ;
#385 = CARTESIAN_POINT ( 'NONE',  ( 58.39999999999999858, -52.00000000000000000, 1.499999999999984901 ) ) ;
#386 = ORIENTED_EDGE ( 'NONE', *, *, #1436, .F. ) ;
#387 = AXIS2_PLACEMENT_3D ( 'NONE', #4590, #2425, #2049 ) ;
#388 = DIRECTION ( 'NONE',  ( 0.000000000000000000, 1.000000000000000000, 0.000000000000000000 ) ) ;
#389 = VERTEX_POINT ( 'NONE', #4175 ) ;
#390 = AXIS2_PLACEMENT_3D ( 'NONE', #807, #1214, #3308 ) ;
#391 = EDGE_CURVE ( 'NONE', #3231, #1051, #3759, .T. ) ;
#392 = FACE_OUTER_BOUND ( 'NONE', #4030, .T. ) ;
#393 = ORIENTED_EDGE ( 'NONE', *, *, #3021, .F. ) ;
#394 = PLANE ( 'NONE',  #1430 ) ;
#395 = CYLINDRICAL_SURFACE ( 'NONE', #1698, 1.600000000000007638 ) ;
#396 = EDGE_CURVE ( 'NONE', #4022, #2471, #1976, .T. ) ;
#397 = CARTESIAN_POINT ( 'NONE',  ( -0.7500000000000058842, -79.50000000000001421, 5.000000000000000000 ) ) ;
#398 = AXIS2_PLACEMENT_3D ( 'NONE', #4461, #1237, #472 ) ;
#399 = ADVANCED_FACE ( 'NONE', ( #211 ), #4441, .F. ) ;
#400 = PLANE ( 'NONE',  #895 ) ;
#401 = CARTESIAN_POINT ( 'NONE',  ( -9.000000000000000000, -9.999999999999994671, 17.00000000000000000 ) ) ;
#402 = LINE ( 'NONE', #2599, #2442 ) ;
#403 = EDGE_CURVE ( 'NONE', #16, #556, #1623, .T. ) ;
#404 = EDGE_LOOP ( 'NONE', ( #281, #1205, #1053, #176 ) ) ;
#405 = EDGE_LOOP ( 'NONE', ( #2050, #3088 ) ) ;
#406 = CARTESIAN_POINT ( 'NONE',  ( 6.226534509801061709E-15, 19.48635277547910150, 0.000000000000000000 ) ) ;
#407 = DIRECTION ( 'NONE',  ( 0.000000000000000000, 0.000000000000000000, 1.000000000000000000 ) ) ;
#408 = LINE ( 'NONE', #378, #3354 ) ;
#409 = EDGE_LOOP ( 'NONE', ( #3376, #3765, #1307, #2524, #796, #3984, #2803, #898 ) ) ;
#410 = DIRECTION ( 'NONE',  ( 1.000000000000000000, 8.462065736472231082E-17, -0.000000000000000000 ) ) ;
#411 = ORIENTED_EDGE ( 'NONE', *, *, #2323, .T. ) ;
#412 = DIRECTION ( 'NONE',  ( 0.000000000000000000, 0.000000000000000000, -1.000000000000000000 ) ) ;
#413 = DIRECTION ( 'NONE',  ( -1.000000000000000000, -0.000000000000000000, -0.000000000000000000 ) ) ;
#414 = VERTEX_POINT ( 'NONE', #3053 ) ;
#415 = ORIENTED_EDGE ( 'NONE', *, *, #1443, .T. ) ;
#416 = ORIENTED_EDGE ( 'NONE', *, *, #1634, .F. ) ;
#417 = DIRECTION ( 'NONE',  ( -0.000000000000000000, -0.000000000000000000, 1.000000000000000000 ) ) ;
#418 = CARTESIAN_POINT ( 'NONE',  ( 22.49999999999998934, -8.500000000000000000, 0.000000000000000000 ) ) ;
#419 = DIRECTION ( 'NONE',  ( 0.000000000000000000, 0.000000000000000000, 1.000000000000000000 ) ) ;
#420 = LINE ( 'NONE', #1828, #3504 ) ;
#421 = DIRECTION ( 'NONE',  ( 1.000000000000000000, 8.462065736472231082E-17, 0.000000000000000000 ) ) ;
#422 = DIRECTION ( 'NONE',  ( -1.000000000000000000, 0.000000000000000000, 0.000000000000000000 ) ) ;
#423 = ORIENTED_EDGE ( 'NONE', *, *, #791, .T. ) ;
#424 = EDGE_CURVE ( 'NONE', #1040, #3832, #3492, .T. ) ;
#425 = DIRECTION ( 'NONE',  ( -0.000000000000000000, 0.000000000000000000, 1.000000000000000000 ) ) ;
#426 = FACE_OUTER_BOUND ( 'NONE', #1395, .T. ) ;
#427 = DIRECTION ( 'NONE',  ( -0.7071067811865474617, 0.7071067811865474617, 0.000000000000000000 ) ) ;
#428 = VERTEX_POINT ( 'NONE', #544 ) ;
#429 = EDGE_LOOP ( 'NONE', ( #59, #853 ) ) ;
#430 = LINE ( 'NONE', #1842, #451 ) ;
#431 = LINE ( 'NONE', #1843, #3060 ) ;
#432 = ORIENTED_EDGE ( 'NONE', *, *, #1008, .F. ) ;
#433 = DIRECTION ( 'NONE',  ( -0.000000000000000000, -0.000000000000000000, -1.000000000000000000 ) ) ;
#434 = VERTEX_POINT ( 'NONE', #4138 ) ;
#435 = AXIS2_PLACEMENT_3D ( 'NONE', #675, #3900, #2439 ) ;
#436 = DIRECTION ( 'NONE',  ( 0.000000000000000000, 0.000000000000000000, 1.000000000000000000 ) ) ;
#437 = DIRECTION ( 'NONE',  ( -0.000000000000000000, -0.000000000000000000, -1.000000000000000000 ) ) ;
#438 = CARTESIAN_POINT ( 'NONE',  ( 60.00000000000000711, 45.00000000000000000, 14.60614315680120257 ) ) ;
#439 = CARTESIAN_POINT ( 'NONE',  ( -24.41141100645622330, 81.94103375399816969, 5.000000000000000000 ) ) ;
#440 = EDGE_CURVE ( 'NONE', #4571, #3751, #926, .T. ) ;
#441 = DIRECTION ( 'NONE',  ( -1.031172697806177805E-16, -1.000000000000000000, -0.000000000000000000 ) ) ;
#442 = CARTESIAN_POINT ( 'NONE',  ( -31.00000000000000000, -0.9000000000000036859, 5.000000000000000000 ) ) ;
#443 = ORIENTED_EDGE ( 'NONE', *, *, #874, .F. ) ;
#444 = VECTOR ( 'NONE', #3393, 1000.000000000000000 ) ;
#445 = CYLINDRICAL_SURFACE ( 'NONE', #460, 1.999999999999999112 ) ;
#446 = ADVANCED_FACE ( 'NONE', ( #583 ), #1995, .F. ) ;
#447 = CARTESIAN_POINT ( 'NONE',  ( 22.41528496361299005, 11.80868324581541451, 5.000000000000000000 ) ) ;
#448 = DIRECTION ( 'NONE',  ( 0.000000000000000000, 0.000000000000000000, 1.000000000000000000 ) ) ;
#449 = EDGE_CURVE ( 'NONE', #1029, #600, #4512, .T. ) ;
#450 = VERTEX_POINT ( 'NONE', #2716 ) ;
#451 = VECTOR ( 'NONE', #914, 1000.000000000000000 ) ;
#452 = AXIS2_PLACEMENT_3D ( 'NONE', #4305, #1835, #2474 ) ;
#453 = CIRCLE ( 'NONE', #2228, 1.600000000000007638 ) ;
#454 = EDGE_CURVE ( 'NONE', #1337, #4079, #2818, .T. ) ;
#455 = ORIENTED_EDGE ( 'NONE', *, *, #13, .F. ) ;
#456 = DIRECTION ( 'NONE',  ( 1.000000000000000000, 0.000000000000000000, 0.000000000000000000 ) ) ;
#457 = EDGE_CURVE ( 'NONE', #1756, #414, #2144, .T. ) ;
#458 = LINE ( 'NONE', #2966, #3876 ) ;
#459 = ORIENTED_EDGE ( 'NONE', *, *, #1831, .F. ) ;
#460 = AXIS2_PLACEMENT_3D ( 'NONE', #3290, #1531, #2959 ) ;
#461 = AXIS2_PLACEMENT_3D ( 'NONE', #3742, #261, #3384 ) ;
#462 = DIRECTION ( 'NONE',  ( -0.000000000000000000, -0.000000000000000000, -1.000000000000000000 ) ) ;
#463 = ORIENTED_EDGE ( 'NONE', *, *, #4244, .F. ) ;
#464 = VECTOR ( 'NONE', #3506, 1000.000000000000000 ) ;
#465 = VECTOR ( 'NONE', #784, 1000.000000000000000 ) ;
#466 = DIRECTION ( 'NONE',  ( -1.000000000000000000, 0.000000000000000000, 0.000000000000000000 ) ) ;
#467 = CARTESIAN_POINT ( 'NONE',  ( 22.49999999999999645, 5.500000000000001776, 5.000000000000000000 ) ) ;
#468 = CYLINDRICAL_SURFACE ( 'NONE', #1207, 1.600000000000007638 ) ;
#469 = ORIENTED_EDGE ( 'NONE', *, *, #3785, .F. ) ;
#470 = VECTOR ( 'NONE', #137, 1000.000000000000000 ) ;
#471 = CARTESIAN_POINT ( 'NONE',  ( -24.41141100645622330, 40.00000000000000000, 5.000000000000000000 ) ) ;
#472 = DIRECTION ( 'NONE',  ( -1.000000000000000000, 0.000000000000000000, 0.000000000000000000 ) ) ;
#473 = FACE_OUTER_BOUND ( 'NONE', #4304, .T. ) ;
#474 = CIRCLE ( 'NONE', #3078, 1.600000000000004086 ) ;
#475 = DIRECTION ( 'NONE',  ( -0.000000000000000000, -0.000000000000000000, -1.000000000000000000 ) ) ;
#476 = CARTESIAN_POINT ( 'NONE',  ( 73.39999999999999147, -19.99999999999998579, 5.000000000000000000 ) ) ;
#477 = FACE_OUTER_BOUND ( 'NONE', #4095, .T. ) ;
#478 = ORIENTED_EDGE ( 'NONE', *, *, #3039, .F. ) ;
#479 = EDGE_CURVE ( 'NONE', #3873, #4506, #1115, .T. ) ;
#480 = EDGE_CURVE ( 'NONE', #3832, #3184, #275, .T. ) ;
#481 = EDGE_LOOP ( 'NONE', ( #3405, #225 ) ) ;
#482 = DIRECTION ( 'NONE',  ( 0.000000000000000000, -0.000000000000000000, -1.000000000000000000 ) ) ;
#483 = FACE_OUTER_BOUND ( 'NONE', #2869, .T. ) ;
#484 = ORIENTED_EDGE ( 'NONE', *, *, #3490, .T. ) ;
#485 = EDGE_CURVE ( 'NONE', #1744, #3516, #649, .T. ) ;
#486 = EDGE_CURVE ( 'NONE', #505, #2174, #3867, .T. ) ;
#487 = DIRECTION ( 'NONE',  ( -0.000000000000000000, -0.000000000000000000, -1.000000000000000000 ) ) ;
#488 = ORIENTED_EDGE ( 'NONE', *, *, #2472, .F. ) ;
#489 = CARTESIAN_POINT ( 'NONE',  ( -25.93877972914330243, -5.900000000000002132, 5.000000000000000000 ) ) ;
#490 = DIRECTION ( 'NONE',  ( 0.000000000000000000, 0.000000000000000000, 1.000000000000000000 ) ) ;
#491 = FACE_OUTER_BOUND ( 'NONE', #2865, .T. ) ;
#492 = ORIENTED_EDGE ( 'NONE', *, *, #2659, .T. ) ;
#493 = DIRECTION ( 'NONE',  ( -1.000000000000000000, 1.056842361621172220E-16, 0.000000000000000000 ) ) ;
#494 = LINE ( 'NONE', #1903, #2767 ) ;
#495 = CARTESIAN_POINT ( 'NONE',  ( 60.00000000000000000, -52.00000000000000000, 0.000000000000000000 ) ) ;
#496 = CARTESIAN_POINT ( 'NONE',  ( 75.00000000000000000, -19.99999999999998579, 5.000000000000000000 ) ) ;
#497 = CARTESIAN_POINT ( 'NONE',  ( -24.00000000000000000, -5.900000000000003908, 5.000000000000000000 ) ) ;
#498 = CARTESIAN_POINT ( 'NONE',  ( -32.41141100645621975, 39.99999999999999289, 5.000000000000000000 ) ) ;
#499 = DIRECTION ( 'NONE',  ( 0.000000000000000000, 1.000000000000000000, 0.000000000000000000 ) ) ;
#500 = EDGE_LOOP ( 'NONE', ( #980, #1645, #4290, #1078 ) ) ;
#501 = VERTEX_POINT ( 'NONE', #3215 ) ;
#502 = CARTESIAN_POINT ( 'NONE',  ( 18.87975105768025230, 29.48635277547910505, 0.000000000000000000 ) ) ;
#503 = DIRECTION ( 'NONE',  ( 0.000000000000000000, 0.000000000000000000, 1.000000000000000000 ) ) ;
#504 = VERTEX_POINT ( 'NONE', #3149 ) ;
#505 = VERTEX_POINT ( 'NONE', #2083 ) ;
#506 = EDGE_CURVE ( 'NONE', #3249, #1546, #1402, .T. ) ;
#507 = FACE_OUTER_BOUND ( 'NONE', #4252, .T. ) ;
#508 = CARTESIAN_POINT ( 'NONE',  ( 28.19999999999999929, -69.50000000000000000, 5.000000000000000000 ) ) ;
#509 = VERTEX_POINT ( 'NONE', #3564 ) ;
#510 = PLANE ( 'NONE',  #2835 ) ;
#511 = ORIENTED_EDGE ( 'NONE', *, *, #2796, .F. ) ;
#512 = ADVANCED_FACE ( 'NONE', ( #326 ), #3054, .F. ) ;
#513 = LINE ( 'NONE', #439, #2982 ) ;
#514 = DIRECTION ( 'NONE',  ( -0.000000000000000000, -1.000000000000000000, 0.000000000000000000 ) ) ;
#515 = FACE_OUTER_BOUND ( 'NONE', #158, .T. ) ;
#516 = DIRECTION ( 'NONE',  ( -0.000000000000000000, -1.000000000000000000, -0.000000000000000000 ) ) ;
#517 = AXIS2_PLACEMENT_3D ( 'NONE', #2018, #972, #2394 ) ;
#518 = DIRECTION ( 'NONE',  ( 0.000000000000000000, 0.000000000000000000, 1.000000000000000000 ) ) ;
#519 = LINE ( 'NONE', #3712, #1568 ) ;
#520 = CARTESIAN_POINT ( 'NONE',  ( 1.236348897304346162, -61.69559493780172943, 2.433951391063770231 ) ) ;
#521 = ORIENTED_EDGE ( 'NONE', *, *, #1503, .F. ) ;
#522 = AXIS2_PLACEMENT_3D ( 'NONE', #1042, #2059, #3488 ) ;
#523 = VERTEX_POINT ( 'NONE', #1071 ) ;
#524 = AXIS2_PLACEMENT_3D ( 'NONE', #1609, #2657, #4428 ) ;
#525 = CARTESIAN_POINT ( 'NONE',  ( 11.71866100930141741, -109.1000000000000369, 5.000000000000000000 ) ) ;
#526 = ORIENTED_EDGE ( 'NONE', *, *, #2579, .T. ) ;
#527 = VECTOR ( 'NONE', #2541, 1000.000000000000000 ) ;
#528 = AXIS2_PLACEMENT_3D ( 'NONE', #1794, #4307, #3647 ) ;
#529 = ADVANCED_FACE ( 'NONE', ( #3940 ), #1434, .F. ) ;
#530 = DIRECTION ( 'NONE',  ( 0.7071067811865474617, 0.7071067811865474617, 0.000000000000000000 ) ) ;
#531 = VERTEX_POINT ( 'NONE', #4579 ) ;
#532 = CARTESIAN_POINT ( 'NONE',  ( 18.87975105768025230, 29.48635277547910505, 5.000000000000000000 ) ) ;
#533 = CARTESIAN_POINT ( 'NONE',  ( -25.93877972914330243, -9.999999999999994671, 5.000000000000000000 ) ) ;
#534 = ORIENTED_EDGE ( 'NONE', *, *, #190, .T. ) ;
#535 = VECTOR ( 'NONE', #3976, 1000.000000000000000 ) ;
#536 = CARTESIAN_POINT ( 'NONE',  ( -11.39999999999999325, -78.00000000000001421, 0.000000000000000000 ) ) ;
#537 = VECTOR ( 'NONE', #2304, 1000.000000000000000 ) ;
#538 = ORIENTED_EDGE ( 'NONE', *, *, #3412, .T. ) ;
#539 = EDGE_CURVE ( 'NONE', #2793, #1090, #1021, .T. ) ;
#540 = VECTOR ( 'NONE', #1068, 1000.000000000000000 ) ;
#541 = VECTOR ( 'NONE', #2758, 1000.000000000000000 ) ;
#542 = CARTESIAN_POINT ( 'NONE',  ( -27.66829088000282511, -1.900000000000006795, 6.439198102782435207 ) ) ;
#543 = DIRECTION ( 'NONE',  ( 0.000000000000000000, 0.000000000000000000, -1.000000000000000000 ) ) ;
#544 = CARTESIAN_POINT ( 'NONE',  ( 63.44288770224761009, -40.00000000000000711, 15.00000000000000000 ) ) ;
#545 = CIRCLE ( 'NONE', #3145, 1.000000000000000888 ) ;
#546 = EDGE_CURVE ( 'NONE', #1106, #2560, #296, .T. ) ;
#547 = ADVANCED_FACE ( 'NONE', ( #2786 ), #1368, .F. ) ;
#548 = CARTESIAN_POINT ( 'NONE',  ( -27.66829088000282511, -5.900000000000003908, 9.439414909974711776 ) ) ;
#549 = CONICAL_SURFACE ( 'NONE', #246, 1.600000000000004086, 0.7853981633974463916 ) ;
#550 = DIRECTION ( 'NONE',  ( 0.000000000000000000, -1.000000000000000000, 0.000000000000000000 ) ) ;
#551 = CARTESIAN_POINT ( 'NONE',  ( -19.00000000000000711, 75.00000000000000000, 0.000000000000000000 ) ) ;
#552 = FACE_OUTER_BOUND ( 'NONE', #2116, .T. ) ;
#553 = ORIENTED_EDGE ( 'NONE', *, *, #1137, .F. ) ;
#554 = EDGE_LOOP ( 'NONE', ( #2969, #303, #2775, #2401 ) ) ;
#555 = CARTESIAN_POINT ( 'NONE',  ( 78.10000000000002274, -19.99999999999998579, 5.000000000000000000 ) ) ;
#556 = VERTEX_POINT ( 'NONE', #2417 ) ;
#557 = DIRECTION ( 'NONE',  ( -0.000000000000000000, -0.000000000000000000, -1.000000000000000000 ) ) ;
#558 = EDGE_LOOP ( 'NONE', ( #1895, #1011, #2637, #1121 ) ) ;
#559 = LINE ( 'NONE', #205, #2445 ) ;
#560 = VERTEX_POINT ( 'NONE', #3170 ) ;
#561 = DIRECTION ( 'NONE',  ( -0.000000000000000000, -0.000000000000000000, -1.000000000000000000 ) ) ;
#562 = EDGE_LOOP ( 'NONE', ( #1492, #1372, #2817, #1610 ) ) ;
#563 = FACE_OUTER_BOUND ( 'NONE', #4567, .T. ) ;
#564 = CARTESIAN_POINT ( 'NONE',  ( -26.00000000000000000, -10.00000000000000178, 4.929461192026329819 ) ) ;
#565 = CARTESIAN_POINT ( 'NONE',  ( -26.00000000000000000, -0.9000000000000031308, -57.50000000000000000 ) ) ;
#566 = EDGE_CURVE ( 'NONE', #1442, #750, #2806, .T. ) ;
#567 = CARTESIAN_POINT ( 'NONE',  ( 9.701333109167027402, -84.94791622678884835, 4.536205475766617923 ) ) ;
#568 = CARTESIAN_POINT ( 'NONE',  ( -27.66829088000282511, -5.900000000000002132, 8.689198102782434319 ) ) ;
#569 = ADVANCED_FACE ( 'NONE', ( #1019 ), #3849, .F. ) ;
#570 = DIRECTION ( 'NONE',  ( -0.000000000000000000, -0.000000000000000000, 1.000000000000000000 ) ) ;
#571 = DIRECTION ( 'NONE',  ( -0.000000000000000000, 0.000000000000000000, -1.000000000000000000 ) ) ;
#572 = ORIENTED_EDGE ( 'NONE', *, *, #811, .F. ) ;
#573 = EDGE_CURVE ( 'NONE', #2527, #4469, #4548, .T. ) ;
#574 = DIRECTION ( 'NONE',  ( 1.000000000000000000, 8.462065736472231082E-17, -0.000000000000000000 ) ) ;
#575 = VERTEX_POINT ( 'NONE', #3658 ) ;
#576 = ORIENTED_EDGE ( 'NONE', *, *, #1323, .T. ) ;
#577 = DIRECTION ( 'NONE',  ( -0.000000000000000000, -0.000000000000000000, 1.000000000000000000 ) ) ;
#578 = ORIENTED_EDGE ( 'NONE', *, *, #3767, .T. ) ;
#579 = DIRECTION ( 'NONE',  ( -0.000000000000000000, 0.000000000000000000, 1.000000000000000000 ) ) ;
#580 = VERTEX_POINT ( 'NONE', #63 ) ;
#581 = DIRECTION ( 'NONE',  ( 1.000000000000000000, 0.000000000000000000, 0.000000000000000000 ) ) ;
#582 = PLANE ( 'NONE',  #3518 ) ;
#583 = FACE_OUTER_BOUND ( 'NONE', #4344, .T. ) ;
#584 = CARTESIAN_POINT ( 'NONE',  ( 10.07369052389300457, -84.90457368700040774, 4.451582502324305857 ) ) ;
#585 = DIRECTION ( 'NONE',  ( -0.000000000000000000, 1.000000000000000000, -0.000000000000000000 ) ) ;
#586 = CARTESIAN_POINT ( 'NONE',  ( 0.000000000000000000, -39.00000000000000711, 5.000000000000000000 ) ) ;
#587 = ORIENTED_EDGE ( 'NONE', *, *, #3767, .F. ) ;
#588 = ORIENTED_EDGE ( 'NONE', *, *, #3591, .F. ) ;
#589 = EDGE_CURVE ( 'NONE', #131, #4303, #827, .T. ) ;
#590 = EDGE_CURVE ( 'NONE', #2784, #1802, #1182, .T. ) ;
#591 = CARTESIAN_POINT ( 'NONE',  ( 29.79999999999997584, 69.50000000000000000, 3.499999999999980016 ) ) ;
#592 = EDGE_LOOP ( 'NONE', ( #2565, #4620, #254, #1678 ) ) ;
#593 = EDGE_CURVE ( 'NONE', #1013, #4431, #804, .T. ) ;
#594 = VECTOR ( 'NONE', #1509, 1000.000000000000000 ) ;
#595 = LINE ( 'NONE', #2008, #4492 ) ;
#596 = VERTEX_POINT ( 'NONE', #3305 ) ;
#597 = LINE ( 'NONE', #3792, #4398 ) ;
#598 = ORIENTED_EDGE ( 'NONE', *, *, #308, .F. ) ;
#599 = CARTESIAN_POINT ( 'NONE',  ( -29.39780203086234778, -49.90000000000002700, 5.000000000000000000 ) ) ;
#600 = VERTEX_POINT ( 'NONE', #1455 ) ;
#601 = VECTOR ( 'NONE', #682, 1000.000000000000000 ) ;
#602 = VECTOR ( 'NONE', #3252, 1000.000000000000000 ) ;
#603 = DIRECTION ( 'NONE',  ( 0.000000000000000000, -1.000000000000000000, 0.000000000000000000 ) ) ;
#604 = CIRCLE ( 'NONE', #4334, 3.099999999999991651 ) ;
#605 = FACE_OUTER_BOUND ( 'NONE', #1839, .T. ) ;
#606 = CIRCLE ( 'NONE', #3662, 1.600000000000019851 ) ;
#607 = AXIS2_PLACEMENT_3D ( 'NONE', #551, #3360, #2702 ) ;
#608 = DIRECTION ( 'NONE',  ( 0.000000000000000000, 0.000000000000000000, 1.000000000000000000 ) ) ;
#609 = CARTESIAN_POINT ( 'NONE',  ( 10.95285493118741904, -81.95830732192368373, 4.534379380999005171 ) ) ;
#610 = CONICAL_SURFACE ( 'NONE', #899, 3.099999999999991651, 0.7853981633974514986 ) ;
#611 = AXIS2_PLACEMENT_3D ( 'NONE', #2506, #41, #3972 ) ;
#612 = DIRECTION ( 'NONE',  ( -1.000000000000000000, -8.673617379884039416E-16, 0.000000000000000000 ) ) ;
#613 = ORIENTED_EDGE ( 'NONE', *, *, #2863, .F. ) ;
#614 = EDGE_LOOP ( 'NONE', ( #1448, #2727, #3701, #488 ) ) ;
#615 = CIRCLE ( 'NONE', #3223, 17.79999999999999716 ) ;
#616 = CARTESIAN_POINT ( 'NONE',  ( -16.10000000000004405, 78.00000000000001421, 5.000000000000000000 ) ) ;
#617 = VECTOR ( 'NONE', #3665, 1000.000000000000000 ) ;
#618 = EDGE_LOOP ( 'NONE', ( #3229, #1887, #713, #4404 ) ) ;
#619 = PRODUCT_RELATED_PRODUCT_CATEGORY ( 'part', '', ( #2047 ) ) ;
#620 = CARTESIAN_POINT ( 'NONE',  ( -13.00000000000002665, 78.00000000000001421, 5.000000000000000000 ) ) ;
#621 = ORIENTED_EDGE ( 'NONE', *, *, #3989, .T. ) ;
#622 = CARTESIAN_POINT ( 'NONE',  ( -27.66829088000282511, -5.900000000000003908, 6.439198102782435207 ) ) ;
#623 = ORIENTED_EDGE ( 'NONE', *, *, #1956, .F. ) ;
#624 = FACE_OUTER_BOUND ( 'NONE', #3178, .T. ) ;
#625 = ORIENTED_EDGE ( 'NONE', *, *, #4453, .T. ) ;
#626 = EDGE_CURVE ( 'NONE', #722, #4063, #765, .T. ) ;
#627 = CARTESIAN_POINT ( 'NONE',  ( 0.000000000000000000, 0.000000000000000000, 5.000000000000000000 ) ) ;
#628 = ORIENTED_EDGE ( 'NONE', *, *, #1554, .T. ) ;
#629 = CARTESIAN_POINT ( 'NONE',  ( 0.000000000000000000, 9.999999999999996447, 0.000000000000000000 ) ) ;
#630 = CARTESIAN_POINT ( 'NONE',  ( 3.879751057680255411, -19.48635277547910150, -5.000000000000000000 ) ) ;
#631 = DIRECTION ( 'NONE',  ( 1.000000000000000000, 0.000000000000000000, 0.000000000000000000 ) ) ;
#632 = DIRECTION ( 'NONE',  ( 0.000000000000000000, 1.000000000000000000, 0.000000000000000000 ) ) ;
#633 = ORIENTED_EDGE ( 'NONE', *, *, #2179, .T. ) ;
#634 = ORIENTED_EDGE ( 'NONE', *, *, #927, .T. ) ;
#635 = ORIENTED_EDGE ( 'NONE', *, *, #4243, .T. ) ;
#636 = CARTESIAN_POINT ( 'NONE',  ( 22.49999999999998934, -8.500000000000000000, 5.000000000000000000 ) ) ;
#637 = EDGE_LOOP ( 'NONE', ( #3679, #686, #2370, #3744 ) ) ;
#638 = ADVANCED_FACE ( 'NONE', ( #3593 ), #395, .F. ) ;
#639 = CARTESIAN_POINT ( 'NONE',  ( 18.87975105768025230, -29.48635277547910505, 5.000000000000000000 ) ) ;
#640 = ORIENTED_EDGE ( 'NONE', *, *, #2465, .F. ) ;
#641 = CARTESIAN_POINT ( 'NONE',  ( -4.978897372253716647, -0.9000000000000007994, -50.26495262475550163 ) ) ;
#642 = ORIENTED_EDGE ( 'NONE', *, *, #2093, .F. ) ;
#643 = LINE ( 'NONE', #4200, #1941 ) ;
#644 = EDGE_LOOP ( 'NONE', ( #2764, #3945, #2152, #2742 ) ) ;
#645 = ADVANCED_FACE ( 'NONE', ( #1526 ), #1478, .F. ) ;
#646 = DIRECTION ( 'NONE',  ( 0.000000000000000000, 0.000000000000000000, 1.000000000000000000 ) ) ;
#647 = ORIENTED_EDGE ( 'NONE', *, *, #3132, .T. ) ;
#648 = DIRECTION ( 'NONE',  ( 1.000000000000000000, 0.000000000000000000, 0.000000000000000000 ) ) ;
#649 = LINE ( 'NONE', #2505, #1555 ) ;
#650 = ADVANCED_FACE ( 'NONE', ( #4032 ), #1775, .F. ) ;
#651 = DIRECTION ( 'NONE',  ( 0.000000000000000000, 0.000000000000000000, 1.000000000000000000 ) ) ;
#652 = DIRECTION ( 'NONE',  ( -0.000000000000000000, 0.000000000000000000, 1.000000000000000000 ) ) ;
#653 = CARTESIAN_POINT ( 'NONE',  ( -27.66829088000282511, -5.900000000000003908, 9.439414909974713552 ) ) ;
#654 = ORIENTED_EDGE ( 'NONE', *, *, #2888, .F. ) ;
#655 = ORIENTED_EDGE ( 'NONE', *, *, #767, .F. ) ;
#656 = COLOUR_RGB ( '',0.7921568627450980005, 0.8196078431372548767, 0.9333333333333333481 ) ;
#657 = DIRECTION ( 'NONE',  ( -0.000000000000000000, -0.000000000000000000, -1.000000000000000000 ) ) ;
#658 = ORIENTED_EDGE ( 'NONE', *, *, #3705, .F. ) ;
#659 = LINE ( 'NONE', #3932, #973 ) ;
#660 = ORIENTED_EDGE ( 'NONE', *, *, #1284, .F. ) ;
#661 = DIRECTION ( 'NONE',  ( 0.000000000000000000, 0.000000000000000000, 1.000000000000000000 ) ) ;
#662 = ORIENTED_EDGE ( 'NONE', *, *, #1635, .F. ) ;
#663 = FACE_OUTER_BOUND ( 'NONE', #3050, .T. ) ;
#664 = ORIENTED_EDGE ( 'NONE', *, *, #1147, .F. ) ;
#665 = AXIS2_PLACEMENT_3D ( 'NONE', #1094, #4601, #345 ) ;
#666 = ORIENTED_EDGE ( 'NONE', *, *, #506, .F. ) ;
#667 = LINE ( 'NONE', #2082, #3152 ) ;
#668 = CARTESIAN_POINT ( 'NONE',  ( -11.40000000000000746, 78.00000000000001421, 3.499999999999994671 ) ) ;
#669 = VECTOR ( 'NONE', #1821, 1000.000000000000000 ) ;
#670 = ADVANCED_FACE ( 'NONE', ( #2622 ), #2592, .F. ) ;
#671 = VECTOR ( 'NONE', #2985, 1000.000000000000000 ) ;
#672 = CIRCLE ( 'NONE', #3281, 3.100000000000019185 ) ;
#673 = CARTESIAN_POINT ( 'NONE',  ( 59.08694903148346356, -46.19279933482275169, 10.24942562538857871 ) ) ;
#674 = CARTESIAN_POINT ( 'NONE',  ( -27.66829088000282511, 1.099999999999995870, 6.439198102782435207 ) ) ;
#675 = CARTESIAN_POINT ( 'NONE',  ( 75.00000000000000000, -19.99999999999998579, 3.499999999999977796 ) ) ;
#676 = ORIENTED_EDGE ( 'NONE', *, *, #3973, .F. ) ;
#677 = VECTOR ( 'NONE', #3310, 1000.000000000000000 ) ;
#678 = ORIENTED_EDGE ( 'NONE', *, *, #55, .F. ) ;
#679 = AXIS2_PLACEMENT_3D ( 'NONE', #2962, #3016, #4446 ) ;
#680 = EDGE_CURVE ( 'NONE', #3464, #2079, #4326, .T. ) ;
#681 = EDGE_CURVE ( 'NONE', #3641, #1230, #4367, .T. ) ;
#682 = DIRECTION ( 'NONE',  ( -0.7071067811865489050, 0.000000000000000000, -0.7071067811865462405 ) ) ;
#683 = VECTOR ( 'NONE', #1592, 1000.000000000000000 ) ;
#684 = CONICAL_SURFACE ( 'NONE', #3289, 1.600000000000004086, 0.7853981633974463916 ) ;
#685 = DIRECTION ( 'NONE',  ( 1.000000000000000000, -0.000000000000000000, -0.000000000000000000 ) ) ;
#686 = ORIENTED_EDGE ( 'NONE', *, *, #2007, .F. ) ;
#687 = CIRCLE ( 'NONE', #2469, 1.600000000000019851 ) ;
#688 = CARTESIAN_POINT ( 'NONE',  ( -9.000000000000000000, 19.48635277547910150, 17.00000000000000000 ) ) ;
#689 = ORIENTED_EDGE ( 'NONE', *, *, #2935, .F. ) ;
#690 = CIRCLE ( 'NONE', #3447, 1.600000000000007638 ) ;
#691 = DIRECTION ( 'NONE',  ( 0.3254435404744063232, 3.528465936037254311E-17, -0.9455614744496960711 ) ) ;
#692 = EDGE_LOOP ( 'NONE', ( #330, #3843, #2218, #3225 ) ) ;
#693 = DIRECTION ( 'NONE',  ( 0.000000000000000000, 0.000000000000000000, 1.000000000000000000 ) ) ;
#694 = VERTEX_POINT ( 'NONE', #2571 ) ;
#695 = PLANE ( 'NONE',  #2685 ) ;
#696 = ORIENTED_EDGE ( 'NONE', *, *, #1635, .T. ) ;
#697 = LINE ( 'NONE', #4223, #1721 ) ;
#698 = LINE ( 'NONE', #3919, #2762 ) ;
#699 = CARTESIAN_POINT ( 'NONE',  ( -27.66829088000282511, -1.900000000000006795, 6.439198102782435207 ) ) ;
#700 = EDGE_CURVE ( 'NONE', #1471, #26, #4010, .T. ) ;
#701 = CARTESIAN_POINT ( 'NONE',  ( -27.66829088000282511, -1.900000000000006795, 4.839198102782433786 ) ) ;
#702 = DIRECTION ( 'NONE',  ( 1.000000000000000000, 0.000000000000000000, 0.000000000000000000 ) ) ;
#703 = VERTEX_POINT ( 'NONE', #2356 ) ;
#704 = VERTEX_POINT ( 'NONE', #1640 ) ;
#705 = DIRECTION ( 'NONE',  ( 0.000000000000000000, 0.000000000000000000, 1.000000000000000000 ) ) ;
#706 = EDGE_CURVE ( 'NONE', #3628, #294, #3373, .T. ) ;
#707 = CARTESIAN_POINT ( 'NONE',  ( 0.7416697508022158658, 62.50000000000000000, 5.000000000000000000 ) ) ;
#708 = ORIENTED_EDGE ( 'NONE', *, *, #1963, .F. ) ;
#709 = CARTESIAN_POINT ( 'NONE',  ( 11.71866100930141741, -81.99695535009310277, 5.000000000000000000 ) ) ;
#710 = EDGE_LOOP ( 'NONE', ( #2029, #3254, #1795, #1103, #3255 ) ) ;
#711 = DIRECTION ( 'NONE',  ( 0.000000000000000000, 0.000000000000000000, 1.000000000000000000 ) ) ;
#712 = CARTESIAN_POINT ( 'NONE',  ( 22.49999999999999645, 5.500000000000001776, 0.000000000000000000 ) ) ;
#713 = ORIENTED_EDGE ( 'NONE', *, *, #3132, .F. ) ;
#714 = LINE ( 'NONE', #3515, #159 ) ;
#715 = ORIENTED_EDGE ( 'NONE', *, *, #218, .T. ) ;
#716 = DIRECTION ( 'NONE',  ( 1.000000000000000000, -0.000000000000000000, 0.000000000000000000 ) ) ;
#717 = LINE ( 'NONE', #2880, #465 ) ;
#718 = CARTESIAN_POINT ( 'NONE',  ( 14.73761543394930662, -19.48635277547909794, -5.000000000000000000 ) ) ;
#719 = DIRECTION ( 'NONE',  ( 3.195330897240195498E-16, -1.000000000000000000, -0.000000000000000000 ) ) ;
#720 = DIRECTION ( 'NONE',  ( -1.000000000000000000, 0.000000000000000000, 0.000000000000000000 ) ) ;
#721 = VERTEX_POINT ( 'NONE', #533 ) ;
#722 = VERTEX_POINT ( 'NONE', #3752 ) ;
#723 = CARTESIAN_POINT ( 'NONE',  ( 11.71866100930141741, -56.00304464990691145, 5.000000000000000000 ) ) ;
#724 = DIRECTION ( 'NONE',  ( -8.462065736472231082E-17, 1.000000000000000000, -0.000000000000000000 ) ) ;
#725 = EDGE_LOOP ( 'NONE', ( #3140, #1855, #2729, #598 ) ) ;
#726 = EDGE_CURVE ( 'NONE', #1296, #3817, #1189, .T. ) ;
#727 = DIRECTION ( 'NONE',  ( 0.000000000000000000, 1.000000000000000000, 0.000000000000000000 ) ) ;
#728 = ORIENTED_EDGE ( 'NONE', *, *, #3044, .T. ) ;
#729 = DIRECTION ( 'NONE',  ( -0.000000000000000000, -0.000000000000000000, -1.000000000000000000 ) ) ;
#730 = CARTESIAN_POINT ( 'NONE',  ( -32.41141100645621975, -40.00000000000000711, 5.000000000000000000 ) ) ;
#731 = ORIENTED_EDGE ( 'NONE', *, *, #2606, .F. ) ;
#732 = DIRECTION ( 'NONE',  ( 0.000000000000000000, 1.000000000000000000, 0.000000000000000000 ) ) ;
#733 = ORIENTED_EDGE ( 'NONE', *, *, #2224, .T. ) ;
#734 = PLANE ( 'NONE',  #4128 ) ;
#735 = DIRECTION ( 'NONE',  ( 0.000000000000000000, 0.000000000000000000, -1.000000000000000000 ) ) ;
#736 = CARTESIAN_POINT ( 'NONE',  ( 4.146862743635832516, 62.50000000000000000, 5.000000000000000888 ) ) ;
#737 = CARTESIAN_POINT ( 'NONE',  ( 58.63961874376312977, -46.75955656306144448, 9.323294579584411323 ) ) ;
#738 = VECTOR ( 'NONE', #9, 1000.000000000000000 ) ;
#739 = DIRECTION ( 'NONE',  ( 1.000000000000000000, 0.000000000000000000, -0.000000000000000000 ) ) ;
#740 = DIRECTION ( 'NONE',  ( 0.3254435404744063232, -0.000000000000000000, -0.9455614744496960711 ) ) ;
#741 = VERTEX_POINT ( 'NONE', #1970 ) ;
#742 = EDGE_LOOP ( 'NONE', ( #463, #2722, #733, #4480 ) ) ;
#743 = CIRCLE ( 'NONE', #3429, 1.599999999999997202 ) ;
#744 = CIRCLE ( 'NONE', #4035, 17.79999999999999716 ) ;
#745 = CARTESIAN_POINT ( 'NONE',  ( -22.09999999999999432, -75.00000000000000000, 0.000000000000000000 ) ) ;
#746 = VECTOR ( 'NONE', #353, 1000.000000000000000 ) ;
#747 = CARTESIAN_POINT ( 'NONE',  ( 8.234128763125463379, 0.9000000000000000222, 10.00000000000000000 ) ) ;
#748 = DIRECTION ( 'NONE',  ( 2.312964634635743450E-15, 1.000000000000000000, 0.000000000000000000 ) ) ;
#749 = ORIENTED_EDGE ( 'NONE', *, *, #3406, .T. ) ;
#750 = VERTEX_POINT ( 'NONE', #4523 ) ;
#751 = AXIS2_PLACEMENT_3D ( 'NONE', #4029, #487, #848 ) ;
#752 = CIRCLE ( 'NONE', #6, 1.600000000000004086 ) ;
#753 = CARTESIAN_POINT ( 'NONE',  ( 24.00000000000000000, 39.00000000000000711, 6.000000000000000000 ) ) ;
#754 = ORIENTED_EDGE ( 'NONE', *, *, #3675, .T. ) ;
#755 = CARTESIAN_POINT ( 'NONE',  ( 4.146862743635832516, 58.64006586735675342, 5.000000000000000000 ) ) ;
#756 = AXIS2_PLACEMENT_3D ( 'NONE', #3382, #1959, #2519 ) ;
#757 = CARTESIAN_POINT ( 'NONE',  ( -19.00000000000000711, 75.00000000000000000, 1.499999999999972689 ) ) ;
#758 = VECTOR ( 'NONE', #419, 1000.000000000000000 ) ;
#759 = EDGE_LOOP ( 'NONE', ( #824, #2389, #662, #3914 ) ) ;
#760 = EDGE_CURVE ( 'NONE', #1776, #1326, #597, .T. ) ;
#761 = CIRCLE ( 'NONE', #3226, 1.600000000000004086 ) ;
#762 = ORIENTED_EDGE ( 'NONE', *, *, #3649, .T. ) ;
#763 = ADVANCED_FACE ( 'NONE', ( #2272 ), #1232, .F. ) ;
#764 = LINE ( 'NONE', #3169, #2099 ) ;
#765 = LINE ( 'NONE', #418, #1330 ) ;
#766 = CARTESIAN_POINT ( 'NONE',  ( -26.00000000000000000, -1.900000000000006795, -57.50000000000000000 ) ) ;
#767 = EDGE_CURVE ( 'NONE', #2048, #1748, #4148, .T. ) ;
#768 = DIRECTION ( 'NONE',  ( 0.000000000000000000, 0.000000000000000000, -1.000000000000000000 ) ) ;
#769 = DIRECTION ( 'NONE',  ( 1.000000000000000000, 0.000000000000000000, 0.000000000000000000 ) ) ;
#770 = CARTESIAN_POINT ( 'NONE',  ( -19.00000000000000711, 75.00000000000000000, 0.000000000000000000 ) ) ;
#771 = ORIENTED_EDGE ( 'NONE', *, *, #3697, .F. ) ;
#772 = CARTESIAN_POINT ( 'NONE',  ( 8.000000000000000000, 3.999999999999991562, -57.50000000000000000 ) ) ;
#773 = CARTESIAN_POINT ( 'NONE',  ( 29.48635277547846556, -18.87975105768089179, 5.000000000000000000 ) ) ;
#774 = CARTESIAN_POINT ( 'NONE',  ( -3.723637616690846919, -62.50000000000000000, 0.000000000000000000 ) ) ;
#775 = EDGE_LOOP ( 'NONE', ( #4362, #2999, #4253, #2967, #1208, #2854 ) ) ;
#776 = ORIENTED_EDGE ( 'NONE', *, *, #124, .F. ) ;
#777 = DIRECTION ( 'NONE',  ( 1.000000000000000000, 0.000000000000000000, 0.000000000000000000 ) ) ;
#778 = DIRECTION ( 'NONE',  ( 0.000000000000000000, 0.000000000000000000, 1.000000000000000000 ) ) ;
#779 = ORIENTED_EDGE ( 'NONE', *, *, #132, .T. ) ;
#780 = CARTESIAN_POINT ( 'NONE',  ( -17.39999999999999858, -75.00000000000000000, 5.000000000000000000 ) ) ;
#781 = ORIENTED_EDGE ( 'NONE', *, *, #2936, .F. ) ;
#782 =( LENGTH_UNIT ( ) NAMED_UNIT ( * ) SI_UNIT ( .MILLI., .METRE. ) );
#783 = CARTESIAN_POINT ( 'NONE',  ( -13.00000000000002665, 78.00000000000001421, 3.499999999999994671 ) ) ;
#784 = DIRECTION ( 'NONE',  ( -0.000000000000000000, -0.000000000000000000, -1.000000000000000000 ) ) ;
#785 = ADVANCED_FACE ( 'NONE', ( #1594 ), #251, .F. ) ;
#786 = EDGE_CURVE ( 'NONE', #1391, #4397, #1480, .T. ) ;
#787 = FACE_OUTER_BOUND ( 'NONE', #2498, .T. ) ;
#788 = CARTESIAN_POINT ( 'NONE',  ( -26.00000000000000000, 0.000000000000000000, 0.000000000000000000 ) ) ;
#789 = CYLINDRICAL_SURFACE ( 'NONE', #1921, 1.600000000000004086 ) ;
#790 = VERTEX_POINT ( 'NONE', #2010 ) ;
#791 = EDGE_CURVE ( 'NONE', #1029, #3873, #942, .T. ) ;
#792 = DIRECTION ( 'NONE',  ( 0.000000000000000000, -1.000000000000000000, 0.000000000000000000 ) ) ;
#793 = PLANE ( 'NONE',  #2989 ) ;
#794 = FACE_OUTER_BOUND ( 'NONE', #1366, .T. ) ;
#795 = ORIENTED_EDGE ( 'NONE', *, *, #2324, .T. ) ;
#796 = ORIENTED_EDGE ( 'NONE', *, *, #2888, .T. ) ;
#797 = CARTESIAN_POINT ( 'NONE',  ( 7.999999999999998224, 10.00000000000000178, 5.000000000000000000 ) ) ;
#798 = DIRECTION ( 'NONE',  ( 0.7071067811865475727, -0.7071067811865475727, 0.000000000000000000 ) ) ;
#799 = VERTEX_POINT ( 'NONE', #2339 ) ;
#800 = APPLICATION_CONTEXT ( 'automotive_design' ) ;
#801 = DIRECTION ( 'NONE',  ( -1.000000000000000000, -0.000000000000000000, -0.000000000000000000 ) ) ;
#802 = ORIENTED_EDGE ( 'NONE', *, *, #3321, .F. ) ;
#803 = CYLINDRICAL_SURFACE ( 'NONE', #1955, 1.999999999999999112 ) ;
#804 = LINE ( 'NONE', #3971, #3719 ) ;
#805 = DIRECTION ( 'NONE',  ( 1.000000000000000000, 0.000000000000000000, 0.000000000000000000 ) ) ;
#806 = LINE ( 'NONE', #91, #4116 ) ;
#807 = CARTESIAN_POINT ( 'NONE',  ( 23.99999999999999289, 45.00000000000000711, 15.00000000000000000 ) ) ;
#808 = CARTESIAN_POINT ( 'NONE',  ( -25.93877972914330243, 9.999999999999994671, 5.000000000000000000 ) ) ;
#809 = CONICAL_SURFACE ( 'NONE', #3718, 3.099999999999991651, 0.7853981633974514986 ) ;
#810 = EDGE_CURVE ( 'NONE', #1199, #1253, #3094, .T. ) ;
#811 = EDGE_CURVE ( 'NONE', #2421, #4455, #4176, .T. ) ;
#812 = AXIS2_PLACEMENT_3D ( 'NONE', #2154, #1735, #2833 ) ;
#813 = FACE_OUTER_BOUND ( 'NONE', #273, .T. ) ;
#814 = EDGE_CURVE ( 'NONE', #4577, #4166, #1265, .T. ) ;
#815 = DIRECTION ( 'NONE',  ( 0.000000000000000000, 1.000000000000000000, 0.000000000000000000 ) ) ;
#816 = CARTESIAN_POINT ( 'NONE',  ( 63.44288770224761009, 40.00000000000000711, 15.00000000000000000 ) ) ;
#817 = ORIENTED_EDGE ( 'NONE', *, *, #4442, .F. ) ;
#818 = LINE ( 'NONE', #2063, #2435 ) ;
#819 = DIRECTION ( 'NONE',  ( 0.000000000000000000, -1.000000000000000000, 0.000000000000000000 ) ) ;
#820 = DIRECTION ( 'NONE',  ( 0.000000000000000000, 0.000000000000000000, 1.000000000000000000 ) ) ;
#821 = ORIENTED_EDGE ( 'NONE', *, *, #4589, .T. ) ;
#822 = AXIS2_PLACEMENT_3D ( 'NONE', #4039, #3664, #832 ) ;
#823 = CIRCLE ( 'NONE', #1866, 1.600000000000004086 ) ;
#824 = ORIENTED_EDGE ( 'NONE', *, *, #1244, .F. ) ;
#825 = CONICAL_SURFACE ( 'NONE', #751, 3.099999999999991651, 0.7853981633974514986 ) ;
#826 = DIRECTION ( 'NONE',  ( 0.000000000000000000, 0.000000000000000000, 1.000000000000000000 ) ) ;
#827 = LINE ( 'NONE', #467, #594 ) ;
#828 = B_SPLINE_CURVE_WITH_KNOTS ( 'NONE', 3,
 ( #2674, #907, #4514, #3103, #1304, #3801, #3452, #259, #4180, #4207 ),
 .UNSPECIFIED., .F., .F.,
 ( 4, 2, 2, 2, 4 ),
 ( 0.000000000000000000, 0.0004239293621548421119, 0.0008478587243096842238, 0.001271788086464526336, 0.001695717448619368448 ),
 .UNSPECIFIED. ) ;
#829 = FACE_BOUND ( 'NONE', #2320, .T. ) ;
#830 = VERTEX_POINT ( 'NONE', #3047 ) ;
#831 = AXIS2_PLACEMENT_3D ( 'NONE', #2847, #4289, #3579 ) ;
#832 = DIRECTION ( 'NONE',  ( 1.000000000000000000, 0.000000000000000000, 0.000000000000000000 ) ) ;
#833 = DIRECTION ( 'NONE',  ( -0.000000000000000000, 1.000000000000000000, -0.000000000000000000 ) ) ;
#834 = CARTESIAN_POINT ( 'NONE',  ( 60.00000000000000000, 52.00000000000000000, 0.000000000000000000 ) ) ;
#835 = VECTOR ( 'NONE', #3758, 1000.000000000000000 ) ;
#836 = EDGE_CURVE ( 'NONE', #3442, #262, #1850, .T. ) ;
#837 = CARTESIAN_POINT ( 'NONE',  ( -1.000000000000080602, 69.00000000000000000, 5.000000000000000000 ) ) ;
#838 = CARTESIAN_POINT ( 'NONE',  ( 28.19999999999999929, -69.50000000000000000, 3.499999999999980016 ) ) ;
#839 = DIRECTION ( 'NONE',  ( 0.000000000000000000, 1.000000000000000000, 0.000000000000000000 ) ) ;
#840 = FACE_OUTER_BOUND ( 'NONE', #2756, .T. ) ;
#841 = ORIENTED_EDGE ( 'NONE', *, *, #791, .F. ) ;
#842 = EDGE_CURVE ( 'NONE', #4228, #501, #559, .T. ) ;
#843 = EDGE_CURVE ( 'NONE', #32, #3138, #2664, .T. ) ;
#844 = EDGE_LOOP ( 'NONE', ( #1112, #4199, #3967, #1971 ) ) ;
#845 = DIRECTION ( 'NONE',  ( 1.084202172485504311E-16, -1.000000000000000000, 0.000000000000000000 ) ) ;
#846 = DIRECTION ( 'NONE',  ( -0.7071067811865474617, -0.7071067811865476838, -0.000000000000000000 ) ) ;
#847 = ORIENTED_EDGE ( 'NONE', *, *, #4449, .F. ) ;
#848 = DIRECTION ( 'NONE',  ( -1.000000000000000000, 0.000000000000000000, 0.000000000000000000 ) ) ;
#849 = ORIENTED_EDGE ( 'NONE', *, *, #2725, .F. ) ;
#850 = DIRECTION ( 'NONE',  ( 0.000000000000000000, -0.000000000000000000, -1.000000000000000000 ) ) ;
#851 = ORIENTED_EDGE ( 'NONE', *, *, #4047, .T. ) ;
#852 = CARTESIAN_POINT ( 'NONE',  ( 50.99019513592785557, 55.00000000000000711, 5.000000000000000000 ) ) ;
#853 = ORIENTED_EDGE ( 'NONE', *, *, #1950, .T. ) ;
#854 = FACE_OUTER_BOUND ( 'NONE', #2359, .T. ) ;
#855 = LINE ( 'NONE', #3707, #4197 ) ;
#856 = CARTESIAN_POINT ( 'NONE',  ( 74.99999999999994316, 19.99999999999998579, 5.000000000000000000 ) ) ;
#857 = LINE ( 'NONE', #3668, #2605 ) ;
#858 = DIRECTION ( 'NONE',  ( -1.000000000000000000, 0.000000000000000000, 0.000000000000000000 ) ) ;
#859 = DIRECTION ( 'NONE',  ( 1.000000000000000000, 9.745637505487682231E-17, 0.000000000000000000 ) ) ;
#860 = CARTESIAN_POINT ( 'NONE',  ( 18.87975105768025230, 29.48635277547910505, -5.000000000000000000 ) ) ;
#861 = VERTEX_POINT ( 'NONE', #870 ) ;
#862 = ADVANCED_FACE ( 'NONE', ( #893 ), #2319, .T. ) ;
#863 = ORIENTED_EDGE ( 'NONE', *, *, #1741, .T. ) ;
#864 = CARTESIAN_POINT ( 'NONE',  ( 22.41528496361299005, -11.80868324581541451, -5.000000000000000000 ) ) ;
#865 = ORIENTED_EDGE ( 'NONE', *, *, #4108, .T. ) ;
#866 = EDGE_CURVE ( 'NONE', #861, #2482, #4198, .T. ) ;
#867 = CARTESIAN_POINT ( 'NONE',  ( -27.66829088000282511, -49.90000000000002700, 6.439198102782435207 ) ) ;
#868 = VERTEX_POINT ( 'NONE', #3112 ) ;
#869 = CARTESIAN_POINT ( 'NONE',  ( 10.32988139361452262, -109.1000000000000369, 6.439198102782434319 ) ) ;
#870 = CARTESIAN_POINT ( 'NONE',  ( 22.41528496361299005, -11.80868324581541451, 0.000000000000000000 ) ) ;
#871 = ORIENTED_EDGE ( 'NONE', *, *, #4481, .T. ) ;
#872 = DIRECTION ( 'NONE',  ( -0.000000000000000000, -0.000000000000000000, 1.000000000000000000 ) ) ;
#873 = ORIENTED_EDGE ( 'NONE', *, *, #2629, .F. ) ;
#874 = EDGE_CURVE ( 'NONE', #1195, #531, #3884, .T. ) ;
#875 = CIRCLE ( 'NONE', #61, 2.249999999999998668 ) ;
#876 = FACE_OUTER_BOUND ( 'NONE', #637, .T. ) ;
#877 = CARTESIAN_POINT ( 'NONE',  ( 10.57938068032657952, -56.07723623515145306, 4.450693227048477141 ) ) ;
#878 = CARTESIAN_POINT ( 'NONE',  ( -31.00000000000000000, 9.999999999999996447, -57.50000000000000000 ) ) ;
#879 = DIRECTION ( 'NONE',  ( 1.156482317317871725E-15, -1.000000000000000000, 0.000000000000000000 ) ) ;
#880 = VECTOR ( 'NONE', #257, 1000.000000000000000 ) ;
#881 = DIRECTION ( 'NONE',  ( 0.000000000000000000, 1.000000000000000000, 0.000000000000000000 ) ) ;
#882 = CARTESIAN_POINT ( 'NONE',  ( -3.723637616690846919, 62.50000000000000000, 0.000000000000000000 ) ) ;
#883 = EDGE_LOOP ( 'NONE', ( #2072, #1441, #455, #3806 ) ) ;
#884 = VECTOR ( 'NONE', #3441, 1000.000000000000000 ) ;
#885 = DIRECTION ( 'NONE',  ( 1.000000000000000000, 0.000000000000000000, 0.000000000000000000 ) ) ;
#886 = AXIS2_PLACEMENT_3D ( 'NONE', #2945, #729, #4361 ) ;
#887 = DIRECTION ( 'NONE',  ( -1.031172697806177805E-16, -1.000000000000000000, -0.000000000000000000 ) ) ;
#888 = EDGE_LOOP ( 'NONE', ( #2407, #3007 ) ) ;
#889 = CIRCLE ( 'NONE', #452, 1.600000000000007638 ) ;
#890 = EDGE_CURVE ( 'NONE', #3692, #2537, #2124, .T. ) ;
#891 = CARTESIAN_POINT ( 'NONE',  ( 14.73761543394930662, 19.48635277547909794, -5.000000000000000000 ) ) ;
#892 = ORIENTED_EDGE ( 'NONE', *, *, #4416, .T. ) ;
#893 = FACE_OUTER_BOUND ( 'NONE', #3571, .T. ) ;
#894 = ORIENTED_EDGE ( 'NONE', *, *, #1808, .F. ) ;
#895 = AXIS2_PLACEMENT_3D ( 'NONE', #3519, #4319, #1116 ) ;
#896 = FACE_BOUND ( 'NONE', #2549, .T. ) ;
#897 = CONICAL_SURFACE ( 'NONE', #4038, 1.600000000000004086, 0.7853981633974463916 ) ;
#898 = ORIENTED_EDGE ( 'NONE', *, *, #2659, .F. ) ;
#899 = AXIS2_PLACEMENT_3D ( 'NONE', #293, #1707, #3146 ) ;
#900 = AXIS2_PLACEMENT_3D ( 'NONE', #4312, #2429, #4338 ) ;
#901 = EDGE_CURVE ( 'NONE', #2527, #1770, #990, .T. ) ;
#902 = LINE ( 'NONE', #1993, #309 ) ;
#903 = LINE ( 'NONE', #2326, #835 ) ;
#904 = CARTESIAN_POINT ( 'NONE',  ( -5.000000000000011546, -79.50000000000001421, 5.000000000000000000 ) ) ;
#905 = EDGE_CURVE ( 'NONE', #60, #1676, #1781, .T. ) ;
#906 = AXIS2_PLACEMENT_3D ( 'NONE', #1376, #2794, #3882 ) ;
#907 = CARTESIAN_POINT ( 'NONE',  ( 63.98766303596759286, -39.12287916928657694, 4.999999999999999112 ) ) ;
#908 = VECTOR ( 'NONE', #3260, 1000.000000000000000 ) ;
#909 = LINE ( 'NONE', #1557, #470 ) ;
#910 = LINE ( 'NONE', #586, #537 ) ;
#911 = DIRECTION ( 'NONE',  ( 1.000000000000000000, 0.000000000000000000, 0.000000000000000000 ) ) ;
#912 = VERTEX_POINT ( 'NONE', #1334 ) ;
#913 = CIRCLE ( 'NONE', #3749, 1.599999999999997202 ) ;
#914 = DIRECTION ( 'NONE',  ( -0.000000000000000000, -0.000000000000000000, 1.000000000000000000 ) ) ;
#915 = ORIENTED_EDGE ( 'NONE', *, *, #767, .T. ) ;
#916 = UNCERTAINTY_MEASURE_WITH_UNIT (LENGTH_MEASURE( 1.000000000000000082E-05 ), #782, 'distance_accuracy_value', 'NONE');
#917 = DIRECTION ( 'NONE',  ( 0.000000000000000000, 0.000000000000000000, 1.000000000000000000 ) ) ;
#918 = ORIENTED_EDGE ( 'NONE', *, *, #2858, .F. ) ;
#919 = DIRECTION ( 'NONE',  ( 0.000000000000000000, -1.000000000000000000, -0.000000000000000000 ) ) ;
#920 = VERTEX_POINT ( 'NONE', #3164 ) ;
#921 = DIRECTION ( 'NONE',  ( 0.000000000000000000, 1.000000000000000000, 0.000000000000000000 ) ) ;
#922 = ORIENTED_EDGE ( 'NONE', *, *, #1957, .T. ) ;
#923 = EDGE_CURVE ( 'NONE', #935, #2421, #3819, .T. ) ;
#924 = DIRECTION ( 'NONE',  ( -0.000000000000000000, -0.000000000000000000, -1.000000000000000000 ) ) ;
#925 = DIRECTION ( 'NONE',  ( -1.000000000000000000, 0.000000000000000000, 0.000000000000000000 ) ) ;
#926 = LINE ( 'NONE', #3100, #3423 ) ;
#927 = EDGE_CURVE ( 'NONE', #2646, #2712, #3578, .T. ) ;
#928 = ADVANCED_FACE ( 'NONE', ( #3139 ), #2597, .F. ) ;
#929 = EDGE_CURVE ( 'NONE', #1132, #799, #1117, .T. ) ;
#930 = DIRECTION ( 'NONE',  ( 1.000000000000000000, 0.000000000000000000, 0.000000000000000000 ) ) ;
#931 = DIRECTION ( 'NONE',  ( -0.000000000000000000, -0.000000000000000000, -1.000000000000000000 ) ) ;
#932 = CARTESIAN_POINT ( 'NONE',  ( 25.49999999999998579, -5.500000000000001776, 5.000000000000000000 ) ) ;
#933 = CYLINDRICAL_SURFACE ( 'NONE', #1710, 1.600000000000004086 ) ;
#934 = EDGE_LOOP ( 'NONE', ( #2625, #4036, #478, #3991 ) ) ;
#935 = VERTEX_POINT ( 'NONE', #2073 ) ;
#936 = EDGE_CURVE ( 'NONE', #2307, #1546, #318, .T. ) ;
#937 = ADVANCED_FACE ( 'NONE', ( #4545 ), #3345, .F. ) ;
#938 = CARTESIAN_POINT ( 'NONE',  ( 0.000000000000000000, 0.000000000000000000, 0.000000000000000000 ) ) ;
#939 = ORIENTED_EDGE ( 'NONE', *, *, #1020, .F. ) ;
#940 = DIRECTION ( 'NONE',  ( 0.000000000000000000, 1.000000000000000000, 0.000000000000000000 ) ) ;
#941 = ORIENTED_EDGE ( 'NONE', *, *, #3547, .T. ) ;
#942 = LINE ( 'NONE', #2643, #1927 ) ;
#943 = ORIENTED_EDGE ( 'NONE', *, *, #1886, .F. ) ;
#944 = LINE ( 'NONE', #290, #541 ) ;
#945 = ORIENTED_EDGE ( 'NONE', *, *, #4189, .F. ) ;
#946 = PLANE ( 'NONE',  #3432 ) ;
#947 = CARTESIAN_POINT ( 'NONE',  ( 9.343009412322212270, -56.27218649311443954, 4.681359489839995724 ) ) ;
#948 = DIRECTION ( 'NONE',  ( 0.7071067811865462405, 0.000000000000000000, 0.7071067811865489050 ) ) ;
#949 = CARTESIAN_POINT ( 'NONE',  ( 9.134510459423552220, -85.01071871452420226, 4.830675379007454140 ) ) ;
#950 = CARTESIAN_POINT ( 'NONE',  ( 10.19297073251571462, -81.87444132001922981, 4.439804946513550732 ) ) ;
#951 = DIRECTION ( 'NONE',  ( -1.000000000000000000, 0.000000000000000000, 0.000000000000000000 ) ) ;
#952 = ORIENTED_EDGE ( 'NONE', *, *, #1986, .T. ) ;
#953 = ORIENTED_EDGE ( 'NONE', *, *, #3039, .T. ) ;
#954 = EDGE_CURVE ( 'NONE', #2750, #1316, #2223, .T. ) ;
#955 = DIRECTION ( 'NONE',  ( 0.000000000000000000, 0.000000000000000000, 1.000000000000000000 ) ) ;
#956 = ORIENTED_EDGE ( 'NONE', *, *, #3009, .T. ) ;
#957 = VECTOR ( 'NONE', #2187, 1000.000000000000000 ) ;
#958 = AXIS2_PLACEMENT_3D ( 'NONE', #3700, #1313, #2730 ) ;
#959 = FACE_OUTER_BOUND ( 'NONE', #1949, .T. ) ;
#960 = EDGE_LOOP ( 'NONE', ( #3293, #3458, #3748, #3672 ) ) ;
#961 = CARTESIAN_POINT ( 'NONE',  ( 28.19999999999997087, 69.50000000000000000, 3.499999999999980016 ) ) ;
#962 = ORIENTED_EDGE ( 'NONE', *, *, #1834, .T. ) ;
#963 = DIRECTION ( 'NONE',  ( 0.000000000000000000, 1.000000000000000000, 0.000000000000000000 ) ) ;
#964 = VERTEX_POINT ( 'NONE', #2797 ) ;
#965 = AXIS2_PLACEMENT_3D ( 'NONE', #3227, #4355, #28 ) ;
#966 = AXIS2_PLACEMENT_3D ( 'NONE', #3860, #3480, #1702 ) ;
#967 = DIRECTION ( 'NONE',  ( -0.000000000000000000, -0.000000000000000000, 1.000000000000000000 ) ) ;
#968 = ORIENTED_EDGE ( 'NONE', *, *, #50, .T. ) ;
#969 = VECTOR ( 'NONE', #3284, 1000.000000000000114 ) ;
#970 = VECTOR ( 'NONE', #685, 1000.000000000000000 ) ;
#971 = CARTESIAN_POINT ( 'NONE',  ( 10.06707809487002336, -56.14193037841618406, 4.440204590879625712 ) ) ;
#972 = DIRECTION ( 'NONE',  ( -0.000000000000000000, -0.000000000000000000, -1.000000000000000000 ) ) ;
#973 = VECTOR ( 'NONE', #3202, 1000.000000000000000 ) ;
#974 = VECTOR ( 'NONE', #839, 1000.000000000000000 ) ;
#975 = LINE ( 'NONE', #2330, #3135 ) ;
#976 = DIRECTION ( 'NONE',  ( 0.7071067811865497932, 8.659560562354959975E-17, -0.7071067811865453523 ) ) ;
#977 = CARTESIAN_POINT ( 'NONE',  ( -19.00000000000000711, -75.00000000000000000, 1.499999999999972689 ) ) ;
#978 = AXIS2_PLACEMENT_3D ( 'NONE', #3472, #4491, #213 ) ;
#979 = CIRCLE ( 'NONE', #1421, 2.000000000000000000 ) ;
#980 = ORIENTED_EDGE ( 'NONE', *, *, #3185, .F. ) ;
#981 = VERTEX_POINT ( 'NONE', #1033 ) ;
#982 = EDGE_CURVE ( 'NONE', #1442, #1765, #4264, .T. ) ;
#983 = AXIS2_PLACEMENT_3D ( 'NONE', #1301, #1649, #2715 ) ;
#984 = CARTESIAN_POINT ( 'NONE',  ( 28.19999999999997087, 69.50000000000000000, 5.000000000000000000 ) ) ;
#985 = EDGE_LOOP ( 'NONE', ( #1156, #3089, #1913, #2501 ) ) ;
#986 = EDGE_CURVE ( 'NONE', #741, #4201, #2103, .T. ) ;
#987 = EDGE_CURVE ( 'NONE', #1066, #428, #228, .T. ) ;
#988 = CARTESIAN_POINT ( 'NONE',  ( 10.32988139361452262, -109.1000000000000369, 4.439198102782435207 ) ) ;
#989 = ORIENTED_EDGE ( 'NONE', *, *, #218, .F. ) ;
#990 = LINE ( 'NONE', #4215, #2900 ) ;
#991 = VERTEX_POINT ( 'NONE', #1679 ) ;
#992 = CYLINDRICAL_SURFACE ( 'NONE', #1131, 17.79999999999999716 ) ;
#993 = EDGE_LOOP ( 'NONE', ( #4269, #4164, #1813, #2812, #2212, #2120 ) ) ;
#994 = EDGE_CURVE ( 'NONE', #3863, #4149, #1749, .T. ) ;
#995 = CARTESIAN_POINT ( 'NONE',  ( -31.00000000000000000, -0.9000000000000036859, 5.000000000000000000 ) ) ;
#996 = ORIENTED_EDGE ( 'NONE', *, *, #700, .T. ) ;
#997 = CARTESIAN_POINT ( 'NONE',  ( -20.60000000000001563, 75.00000000000000000, -5.000000000000000000 ) ) ;
#998 = DIRECTION ( 'NONE',  ( 0.000000000000000000, 0.000000000000000000, 1.000000000000000000 ) ) ;
#999 = DIRECTION ( 'NONE',  ( -0.000000000000000000, -0.000000000000000000, -1.000000000000000000 ) ) ;
#1000 = PLANE ( 'NONE',  #90 ) ;
#1001 = LINE ( 'NONE', #4281, #2660 ) ;
#1002 = EDGE_LOOP ( 'NONE', ( #2432, #2704, #432, #2688 ) ) ;
#1003 = VERTEX_POINT ( 'NONE', #4614 ) ;
#1004 = DIRECTION ( 'NONE',  ( -0.000000000000000000, -0.000000000000000000, 1.000000000000000000 ) ) ;
#1005 = ORIENTED_EDGE ( 'NONE', *, *, #485, .F. ) ;
#1006 = FACE_OUTER_BOUND ( 'NONE', #2963, .T. ) ;
#1007 = ORIENTED_EDGE ( 'NONE', *, *, #866, .T. ) ;
#1008 = EDGE_CURVE ( 'NONE', #1899, #4324, #1399, .T. ) ;
#1009 = EDGE_CURVE ( 'NONE', #1325, #1337, #1427, .T. ) ;
#1010 = DIRECTION ( 'NONE',  ( 1.000000000000000000, 0.000000000000000000, 0.000000000000000000 ) ) ;
#1011 = ORIENTED_EDGE ( 'NONE', *, *, #3619, .F. ) ;
#1012 = DIRECTION ( 'NONE',  ( 0.000000000000000000, 0.000000000000000000, 1.000000000000000000 ) ) ;
#1013 = VERTEX_POINT ( 'NONE', #1888 ) ;
#1014 = ADVANCED_FACE ( 'NONE', ( #4004 ), #4291, .F. ) ;
#1015 = LINE ( 'NONE', #1452, #2314 ) ;
#1016 = ORIENTED_EDGE ( 'NONE', *, *, #4448, .F. ) ;
#1017 = EDGE_CURVE ( 'NONE', #4, #379, #4377, .T. ) ;
#1018 = CARTESIAN_POINT ( 'NONE',  ( -15.90000000000001812, 75.00000000000000000, 0.000000000000000000 ) ) ;
#1019 = FACE_OUTER_BOUND ( 'NONE', #1673, .T. ) ;
#1020 = EDGE_CURVE ( 'NONE', #1040, #1296, #2213, .T. ) ;
#1021 = B_SPLINE_CURVE_WITH_KNOTS ( 'NONE', 3,
 ( #2766, #2110, #4206, #1386, #3189, #4623, #2460, #3540 ),
 .UNSPECIFIED., .F., .F.,
 ( 4, 2, 2, 4 ),
 ( 6.942281208919283290E-19, 0.002966585942933845036, 0.004449878914400766904, 0.005933171885867687470 ),
 .UNSPECIFIED. ) ;
#1022 = CARTESIAN_POINT ( 'NONE',  ( -20.60000000000001563, -75.00000000000000000, 1.499999999999972689 ) ) ;
#1023 = CARTESIAN_POINT ( 'NONE',  ( 11.53131374147941912, -81.99289993174167535, 4.819215946642229298 ) ) ;
#1024 = FACE_OUTER_BOUND ( 'NONE', #4615, .T. ) ;
#1025 = ORIENTED_EDGE ( 'NONE', *, *, #760, .F. ) ;
#1026 = EDGE_LOOP ( 'NONE', ( #2974, #4229, #1497, #4542 ) ) ;
#1027 = AXIS2_PLACEMENT_3D ( 'NONE', #301, #3544, #4629 ) ;
#1028 = CARTESIAN_POINT ( 'NONE',  ( -22.14686274363582896, -62.50000000000000000, 5.000000000000000888 ) ) ;
#1029 = VERTEX_POINT ( 'NONE', #1869 ) ;
#1030 = CARTESIAN_POINT ( 'NONE',  ( 3.879751057680255411, 19.48635277547910150, -5.000000000000000000 ) ) ;
#1031 = EDGE_LOOP ( 'NONE', ( #4134, #3167, #3439, #2590, #538, #3109 ) ) ;
#1032 = VECTOR ( 'NONE', #1530, 1000.000000000000000 ) ;
#1033 = CARTESIAN_POINT ( 'NONE',  ( 25.50000000000000000, 5.500000000000001776, 0.000000000000000000 ) ) ;
#1034 = VERTEX_POINT ( 'NONE', #2925 ) ;
#1035 = CARTESIAN_POINT ( 'NONE',  ( -5.000000000000026645, 79.50000000000001421, 5.000000000000000000 ) ) ;
#1036 = ORIENTED_EDGE ( 'NONE', *, *, #3295, .F. ) ;
#1037 = AXIS2_PLACEMENT_3D ( 'NONE', #1344, #365, #735 ) ;
#1038 = ADVANCED_FACE ( 'NONE', ( #2499 ), #4337, .F. ) ;
#1039 = DIRECTION ( 'NONE',  ( 0.000000000000000000, -1.000000000000000000, 0.000000000000000000 ) ) ;
#1040 = VERTEX_POINT ( 'NONE', #2566 ) ;
#1041 = DIRECTION ( 'NONE',  ( -0.000000000000000000, -0.000000000000000000, -1.000000000000000000 ) ) ;
#1042 = CARTESIAN_POINT ( 'NONE',  ( -32.41141100645621975, -5.900000000000003020, 10.00000000000000000 ) ) ;
#1043 = CARTESIAN_POINT ( 'NONE',  ( 25.50000000000000355, 8.500000000000000000, 5.000000000000000000 ) ) ;
#1044 = AXIS2_PLACEMENT_3D ( 'NONE', #864, #1965, #3409 ) ;
#1045 = EDGE_CURVE ( 'NONE', #2995, #4183, #2522, .T. ) ;
#1046 = AXIS2_PLACEMENT_3D ( 'NONE', #2166, #49, #3264 ) ;
#1047 = VECTOR ( 'NONE', #2443, 1000.000000000000000 ) ;
#1048 = CARTESIAN_POINT ( 'NONE',  ( 29.79999999999997584, 69.50000000000000000, 3.499999999999980016 ) ) ;
#1049 = FACE_OUTER_BOUND ( 'NONE', #3611, .T. ) ;
#1050 = DIRECTION ( 'NONE',  ( 0.000000000000000000, -0.000000000000000000, -1.000000000000000000 ) ) ;
#1051 = VERTEX_POINT ( 'NONE', #3316 ) ;
#1052 = AXIS2_PLACEMENT_3D ( 'NONE', #496, #3328, #136 ) ;
#1053 = ORIENTED_EDGE ( 'NONE', *, *, #1219, .F. ) ;
#1054 = CIRCLE ( 'NONE', #3590, 3.100000000000019185 ) ;
#1055 = LINE ( 'NONE', #3625, #4554 ) ;
#1056 = AXIS2_PLACEMENT_3D ( 'NONE', #620, #4146, #1677 ) ;
#1057 = VECTOR ( 'NONE', #1324, 1000.000000000000000 ) ;
#1058 = PLANE ( 'NONE',  #1338 ) ;
#1059 = ORIENTED_EDGE ( 'NONE', *, *, #2717, .T. ) ;
#1060 = LINE ( 'NONE', #988, #4497 ) ;
#1061 = VERTEX_POINT ( 'NONE', #3934 ) ;
#1062 = VECTOR ( 'NONE', #4622, 1000.000000000000000 ) ;
#1063 = DIRECTION ( 'NONE',  ( -0.7071067811865474617, -0.7071067811865476838, 0.000000000000000000 ) ) ;
#1064 = ORIENTED_EDGE ( 'NONE', *, *, #1464, .T. ) ;
#1065 = PLANE ( 'NONE',  #3143 ) ;
#1066 = VERTEX_POINT ( 'NONE', #1498 ) ;
#1067 = CIRCLE ( 'NONE', #322, 75.00000000000001421 ) ;
#1068 = DIRECTION ( 'NONE',  ( 1.000000000000000000, 8.462065736472231082E-17, -0.000000000000000000 ) ) ;
#1069 = ORIENTED_EDGE ( 'NONE', *, *, #2511, .T. ) ;
#1070 = LINE ( 'NONE', #3256, #3294 ) ;
#1071 = CARTESIAN_POINT ( 'NONE',  ( 7.999999999999998224, 10.00000000000000178, 0.000000000000000000 ) ) ;
#1072 = DIRECTION ( 'NONE',  ( 0.000000000000000000, 1.000000000000000000, 0.000000000000000000 ) ) ;
#1073 = ADVANCED_FACE ( 'NONE', ( #1800 ), #1176, .F. ) ;
#1074 = CARTESIAN_POINT ( 'NONE',  ( 60.00000000000002132, -45.00000000000000711, 14.21373559069956372 ) ) ;
#1075 = DIRECTION ( 'NONE',  ( -1.000000000000000000, -3.898255002195072892E-16, -4.794853652699939731E-14 ) ) ;
#1076 = EDGE_CURVE ( 'NONE', #1542, #1720, #3959, .T. ) ;
#1077 = EDGE_CURVE ( 'NONE', #4166, #4577, #1482, .T. ) ;
#1078 = ORIENTED_EDGE ( 'NONE', *, *, #1722, .F. ) ;
#1079 = ORIENTED_EDGE ( 'NONE', *, *, #2179, .F. ) ;
#1080 = EDGE_CURVE ( 'NONE', #4524, #1230, #1408, .T. ) ;
#1081 = DIRECTION ( 'NONE',  ( -0.000000000000000000, -0.000000000000000000, -1.000000000000000000 ) ) ;
#1082 = CARTESIAN_POINT ( 'NONE',  ( 4.146862743635832516, -58.64006586735677473, 5.000000000000000000 ) ) ;
#1083 = VERTEX_POINT ( 'NONE', #3677 ) ;
#1084 = ORIENTED_EDGE ( 'NONE', *, *, #874, .T. ) ;
#1085 = EDGE_CURVE ( 'NONE', #4130, #1195, #2375, .T. ) ;
#1086 = CARTESIAN_POINT ( 'NONE',  ( 8.941101777927626060, -109.1000000000000369, 5.000000000000000000 ) ) ;
#1087 = ORIENTED_EDGE ( 'NONE', *, *, #2404, .T. ) ;
#1088 = DIRECTION ( 'NONE',  ( -0.000000000000000000, -1.000000000000000000, -0.000000000000000000 ) ) ;
#1089 = DIRECTION ( 'NONE',  ( 0.000000000000000000, 0.000000000000000000, 1.000000000000000000 ) ) ;
#1090 = VERTEX_POINT ( 'NONE', #755 ) ;
#1091 = CARTESIAN_POINT ( 'NONE',  ( 3.879751057680255411, 19.48635277547910150, -5.000000000000000000 ) ) ;
#1092 = ORIENTED_EDGE ( 'NONE', *, *, #539, .F. ) ;
#1093 = DIRECTION ( 'NONE',  ( 0.2769703097043765827, -2.927139562069208041E-17, 0.9608784769898125466 ) ) ;
#1094 = CARTESIAN_POINT ( 'NONE',  ( -13.00000000000001243, -78.00000000000001421, 3.499999999999994671 ) ) ;
#1095 = DIRECTION ( 'NONE',  ( 0.000000000000000000, 0.000000000000000000, 1.000000000000000000 ) ) ;
#1096 = CARTESIAN_POINT ( 'NONE',  ( 57.93994672654500988, -47.62411793238004520, 8.239077757836923865 ) ) ;
#1097 = LINE ( 'NONE', #369, #3367 ) ;
#1098 = ORIENTED_EDGE ( 'NONE', *, *, #1077, .F. ) ;
#1099 = EDGE_LOOP ( 'NONE', ( #4447, #1429, #941, #4061 ) ) ;
#1100 = LINE ( 'NONE', #4255, #77 ) ;
#1101 = CARTESIAN_POINT ( 'NONE',  ( 11.71866100930141741, -19.48635277547910860, 5.000000000000000000 ) ) ;
#1102 = PLANE ( 'NONE',  #231 ) ;
#1103 = ORIENTED_EDGE ( 'NONE', *, *, #2958, .T. ) ;
#1104 = ADVANCED_FACE ( 'NONE', ( #1157 ), #2145, .F. ) ;
#1105 = DIRECTION ( 'NONE',  ( 0.000000000000000000, 0.000000000000000000, -1.000000000000000000 ) ) ;
#1106 = VERTEX_POINT ( 'NONE', #385 ) ;
#1107 = CARTESIAN_POINT ( 'NONE',  ( 69.73799092751333717, -4.000000000000008882, 0.000000000000000000 ) ) ;
#1108 = CARTESIAN_POINT ( 'NONE',  ( 14.73761543394930662, 19.48635277547909439, 5.000000000000000000 ) ) ;
#1109 = ORIENTED_EDGE ( 'NONE', *, *, #1219, .T. ) ;
#1110 = CIRCLE ( 'NONE', #4246, 1.600000000000004086 ) ;
#1111 = LINE ( 'NONE', #4619, #238 ) ;
#1112 = ORIENTED_EDGE ( 'NONE', *, *, #3896, .F. ) ;
#1113 = FACE_OUTER_BOUND ( 'NONE', #710, .T. ) ;
#1114 = LINE ( 'NONE', #397, #4268 ) ;
#1115 = CIRCLE ( 'NONE', #4627, 1.600000000000004086 ) ;
#1116 = DIRECTION ( 'NONE',  ( 1.000000000000000000, 0.000000000000000000, -0.000000000000000000 ) ) ;
#1117 = CIRCLE ( 'NONE', #1196, 13.00000000000003197 ) ;
#1118 = CARTESIAN_POINT ( 'NONE',  ( -25.93877972914330243, -49.90000000000002700, 5.000000000000000000 ) ) ;
#1119 = DIRECTION ( 'NONE',  ( 0.000000000000000000, 0.000000000000000000, 1.000000000000000000 ) ) ;
#1120 = ORIENTED_EDGE ( 'NONE', *, *, #1982, .F. ) ;
#1121 = ORIENTED_EDGE ( 'NONE', *, *, #2030, .F. ) ;
#1122 = AXIS2_PLACEMENT_3D ( 'NONE', #1393, #352, #705 ) ;
#1123 = FACE_OUTER_BOUND ( 'NONE', #201, .T. ) ;
#1124 = AXIS2_PLACEMENT_3D ( 'NONE', #3851, #277, #1809 ) ;
#1125 = AXIS2_PLACEMENT_3D ( 'NONE', #4328, #3626, #117 ) ;
#1126 = CARTESIAN_POINT ( 'NONE',  ( 25.50000000000000355, 8.500000000000000000, 0.000000000000000000 ) ) ;
#1127 = CARTESIAN_POINT ( 'NONE',  ( -22.14686274363582896, 62.50000000000000000, 5.000000000000000888 ) ) ;
#1128 = EDGE_LOOP ( 'NONE', ( #1401, #1353, #2663, #3320 ) ) ;
#1129 = VERTEX_POINT ( 'NONE', #3232 ) ;
#1130 = CIRCLE ( 'NONE', #1647, 13.00000000000003197 ) ;
#1131 = AXIS2_PLACEMENT_3D ( 'NONE', #4507, #3821, #2711 ) ;
#1132 = VERTEX_POINT ( 'NONE', #4025 ) ;
#1133 = DIRECTION ( 'NONE',  ( 0.000000000000000000, 0.000000000000000000, -1.000000000000000000 ) ) ;
#1134 = AXIS2_PLACEMENT_3D ( 'NONE', #4232, #1700, #2497 ) ;
#1135 = PLANE ( 'NONE',  #3199 ) ;
#1136 = ORIENTED_EDGE ( 'NONE', *, *, #2436, .T. ) ;
#1137 = EDGE_CURVE ( 'NONE', #4212, #868, #121, .T. ) ;
#1138 = EDGE_CURVE ( 'NONE', #3751, #531, #2176, .T. ) ;
#1139 = AXIS2_PLACEMENT_3D ( 'NONE', #1169, #2276, #543 ) ;
#1140 = DIRECTION ( 'NONE',  ( 1.000000000000000000, 0.000000000000000000, 0.000000000000000000 ) ) ;
#1141 = ORIENTED_EDGE ( 'NONE', *, *, #45, .T. ) ;
#1142 = DIRECTION ( 'NONE',  ( 1.000000000000000000, 0.000000000000000000, 0.000000000000000000 ) ) ;
#1143 = DIRECTION ( 'NONE',  ( -0.000000000000000000, -0.000000000000000000, 1.000000000000000000 ) ) ;
#1144 = CARTESIAN_POINT ( 'NONE',  ( 24.00000000000000000, -40.00000000000000711, 15.00000000000000000 ) ) ;
#1145 = EDGE_CURVE ( 'NONE', #289, #4, #80, .T. ) ;
#1146 = VECTOR ( 'NONE', #2198, 1000.000000000000000 ) ;
#1147 = EDGE_CURVE ( 'NONE', #1999, #1620, #430, .T. ) ;
#1148 = DIRECTION ( 'NONE',  ( 0.000000000000000000, 0.000000000000000000, 1.000000000000000000 ) ) ;
#1149 = DIRECTION ( 'NONE',  ( 1.000000000000000000, 0.000000000000000000, 7.709882115452480139E-16 ) ) ;
#1150 = DIRECTION ( 'NONE',  ( -0.000000000000000000, -0.000000000000000000, 1.000000000000000000 ) ) ;
#1151 = EDGE_LOOP ( 'NONE', ( #469, #3980, #1641, #3111, #2478, #4323, #2135 ) ) ;
#1152 = CARTESIAN_POINT ( 'NONE',  ( -32.41141100645621975, -5.900000000000003020, 10.00000000000000000 ) ) ;
#1153 = CYLINDRICAL_SURFACE ( 'NONE', #1125, 17.79999999999999716 ) ;
#1154 = DIRECTION ( 'NONE',  ( 0.000000000000000000, 0.000000000000000000, 1.000000000000000000 ) ) ;
#1155 = EDGE_LOOP ( 'NONE', ( #1518, #151 ) ) ;
#1156 = ORIENTED_EDGE ( 'NONE', *, *, #3735, .F. ) ;
#1157 = FACE_OUTER_BOUND ( 'NONE', #4471, .T. ) ;
#1158 = CARTESIAN_POINT ( 'NONE',  ( 3.879751057680255411, 19.48635277547910150, 0.000000000000000000 ) ) ;
#1159 = ORIENTED_EDGE ( 'NONE', *, *, #486, .F. ) ;
#1160 = ADVANCED_FACE ( 'NONE', ( #3768 ), #2638, .F. ) ;
#1161 = FACE_BOUND ( 'NONE', #888, .T. ) ;
#1162 = VERTEX_POINT ( 'NONE', #502 ) ;
#1163 =( NAMED_UNIT ( * ) PLANE_ANGLE_UNIT ( ) SI_UNIT ( $, .RADIAN. ) );
#1164 = CARTESIAN_POINT ( 'NONE',  ( -22.09999999999999432, 75.00000000000000000, 0.000000000000000000 ) ) ;
#1165 = EDGE_CURVE ( 'NONE', #1195, #1676, #2614, .T. ) ;
#1166 = FACE_BOUND ( 'NONE', #3911, .T. ) ;
#1167 = EDGE_CURVE ( 'NONE', #3024, #2584, #148, .T. ) ;
#1168 = DIRECTION ( 'NONE',  ( -1.084202172485504311E-16, 1.000000000000000000, -0.000000000000000000 ) ) ;
#1169 = CARTESIAN_POINT ( 'NONE',  ( -27.66829088000282511, 5.099999999999993427, 6.439198102782435207 ) ) ;
#1170 = DIRECTION ( 'NONE',  ( 1.000000000000000000, -0.000000000000000000, -0.000000000000000000 ) ) ;
#1171 = CARTESIAN_POINT ( 'NONE',  ( 29.48635277547846556, -18.87975105768089179, 0.000000000000000000 ) ) ;
#1172 = CARTESIAN_POINT ( 'NONE',  ( -13.00000000000001243, -78.00000000000001421, 3.499999999999994671 ) ) ;
#1173 = CARTESIAN_POINT ( 'NONE',  ( -19.00000000000000711, -75.00000000000000000, 0.000000000000000000 ) ) ;
#1174 = VERTEX_POINT ( 'NONE', #2312 ) ;
#1175 = VERTEX_POINT ( 'NONE', #3716 ) ;
#1176 = CYLINDRICAL_SURFACE ( 'NONE', #886, 4.250000000000005329 ) ;
#1177 = CARTESIAN_POINT ( 'NONE',  ( -27.66829088000282511, -49.90000000000002700, 6.439198102782435207 ) ) ;
#1178 = VERTEX_POINT ( 'NONE', #1565 ) ;
#1179 = CARTESIAN_POINT ( 'NONE',  ( -32.41141100645621975, -0.9000000000000036859, 5.000000000000000000 ) ) ;
#1180 = ORIENTED_EDGE ( 'NONE', *, *, #2725, .T. ) ;
#1181 = FACE_BOUND ( 'NONE', #321, .T. ) ;
#1182 = LINE ( 'NONE', #3682, #2975 ) ;
#1183 = FACE_BOUND ( 'NONE', #1155, .T. ) ;
#1184 = EDGE_CURVE ( 'NONE', #1178, #750, #1268, .T. ) ;
#1185 = CARTESIAN_POINT ( 'NONE',  ( 15.00000000000000000, 0.9000000000000000222, 5.000000000000000000 ) ) ;
#1186 = DIRECTION ( 'NONE',  ( -1.000000000000000000, -8.673617379884039416E-16, 0.000000000000000000 ) ) ;
#1187 = EDGE_CURVE ( 'NONE', #2710, #1770, #3129, .T. ) ;
#1188 = EDGE_CURVE ( 'NONE', #580, #4496, #3389, .T. ) ;
#1189 = CIRCLE ( 'NONE', #3799, 1.600000000000019851 ) ;
#1190 = DIRECTION ( 'NONE',  ( -1.000000000000000000, 0.000000000000000000, 0.000000000000000000 ) ) ;
#1191 = DIRECTION ( 'NONE',  ( 0.000000000000000000, 0.000000000000000000, 1.000000000000000000 ) ) ;
#1192 = LINE ( 'NONE', #51, #1937 ) ;
#1193 = LINE ( 'NONE', #4395, #2531 ) ;
#1194 = AXIS2_PLACEMENT_3D ( 'NONE', #1890, #3317, #4400 ) ;
#1195 = VERTEX_POINT ( 'NONE', #4451 ) ;
#1196 = AXIS2_PLACEMENT_3D ( 'NONE', #3508, #2781, #1010 ) ;
#1197 = CIRCLE ( 'NONE', #1488, 2.249999999999998668 ) ;
#1198 = AXIS2_PLACEMENT_3D ( 'NONE', #1173, #1838, #2209 ) ;
#1199 = VERTEX_POINT ( 'NONE', #2965 ) ;
#1200 = CARTESIAN_POINT ( 'NONE',  ( -22.09999999999999432, 75.00000000000000000, 0.000000000000000000 ) ) ;
#1201 = PLANE ( 'NONE',  #1194 ) ;
#1202 = ORIENTED_EDGE ( 'NONE', *, *, #3896, .T. ) ;
#1203 = AXIS2_PLACEMENT_3D ( 'NONE', #3566, #3920, #3542 ) ;
#1204 = AXIS2_PLACEMENT_3D ( 'NONE', #1627, #2332, #4122 ) ;
#1205 = ORIENTED_EDGE ( 'NONE', *, *, #4107, .T. ) ;
#1206 = AXIS2_PLACEMENT_3D ( 'NONE', #867, #2382, #2287 ) ;
#1207 = AXIS2_PLACEMENT_3D ( 'NONE', #4383, #872, #805 ) ;
#1208 = ORIENTED_EDGE ( 'NONE', *, *, #1138, .F. ) ;
#1209 = FACE_OUTER_BOUND ( 'NONE', #409, .T. ) ;
#1210 = ORIENTED_EDGE ( 'NONE', *, *, #111, .F. ) ;
#1211 = EDGE_LOOP ( 'NONE', ( #2338, #1059, #4330, #3653, #952, #526 ) ) ;
#1212 = VECTOR ( 'NONE', #1413, 1000.000000000000000 ) ;
#1213 = FACE_BOUND ( 'NONE', #481, .T. ) ;
#1214 = DIRECTION ( 'NONE',  ( 1.000000000000000000, 1.387778780781446662E-15, -0.000000000000000000 ) ) ;
#1215 = LINE ( 'NONE', #3309, #1260 ) ;
#1216 = AXIS2_PLACEMENT_3D ( 'NONE', #2113, #1388, #2810 ) ;
#1217 = LINE ( 'NONE', #3709, #304 ) ;
#1218 = ADVANCED_FACE ( 'NONE', ( #1247 ), #4097, .F. ) ;
#1219 = EDGE_CURVE ( 'NONE', #3714, #1608, #3654, .T. ) ;
#1220 = PLANE ( 'NONE',  #4046 ) ;
#1221 = CARTESIAN_POINT ( 'NONE',  ( 3.879751057680255411, 19.48635277547909794, 4.713747003574108696 ) ) ;
#1222 = DIRECTION ( 'NONE',  ( 0.000000000000000000, 1.000000000000000000, 0.000000000000000000 ) ) ;
#1223 = ORIENTED_EDGE ( 'NONE', *, *, #2778, .T. ) ;
#1224 = EDGE_CURVE ( 'NONE', #1013, #1744, #199, .T. ) ;
#1225 = ORIENTED_EDGE ( 'NONE', *, *, #2224, .F. ) ;
#1226 = LINE ( 'NONE', #525, #2602 ) ;
#1227 = LINE ( 'NONE', #4634, #3955 ) ;
#1228 = ORIENTED_EDGE ( 'NONE', *, *, #2610, .T. ) ;
#1229 = FACE_BOUND ( 'NONE', #223, .T. ) ;
#1230 = VERTEX_POINT ( 'NONE', #1200 ) ;
#1231 = CARTESIAN_POINT ( 'NONE',  ( 0.000000000000000000, 0.000000000000000000, 15.00000000000000000 ) ) ;
#1232 = PLANE ( 'NONE',  #3576 ) ;
#1233 = ORIENTED_EDGE ( 'NONE', *, *, #1184, .F. ) ;
#1234 = CARTESIAN_POINT ( 'NONE',  ( 57.54524016223554383, 48.10031452814064323, 7.753689691212944268 ) ) ;
#1235 = ORIENTED_EDGE ( 'NONE', *, *, #1411, .F. ) ;
#1236 = DIRECTION ( 'NONE',  ( 1.000000000000000000, 0.000000000000000000, 0.000000000000000000 ) ) ;
#1237 = DIRECTION ( 'NONE',  ( -0.000000000000000000, -0.000000000000000000, -1.000000000000000000 ) ) ;
#1238 = CYLINDRICAL_SURFACE ( 'NONE', #2141, 4.250000000000005329 ) ;
#1239 = CARTESIAN_POINT ( 'NONE',  ( -27.66829088000282511, -1.900000000000006795, 6.439198102782435207 ) ) ;
#1240 = CARTESIAN_POINT ( 'NONE',  ( -26.00000000000000000, -0.9000000000000031308, 5.000000000000000000 ) ) ;
#1241 = CARTESIAN_POINT ( 'NONE',  ( 60.00000000000000000, -52.00000000000000000, 5.000000000000000000 ) ) ;
#1242 = CARTESIAN_POINT ( 'NONE',  ( 28.19999999999997087, 69.50000000000000000, 0.000000000000000000 ) ) ;
#1243 = ORIENTED_EDGE ( 'NONE', *, *, #590, .T. ) ;
#1244 = EDGE_CURVE ( 'NONE', #2440, #1029, #143, .T. ) ;
#1245 = EDGE_CURVE ( 'NONE', #741, #3550, #377, .T. ) ;
#1246 = CARTESIAN_POINT ( 'NONE',  ( -32.41141100645621975, -0.9000000000000036859, 9.439414909974711776 ) ) ;
#1247 = FACE_OUTER_BOUND ( 'NONE', #1665, .T. ) ;
#1248 = EDGE_LOOP ( 'NONE', ( #2545, #3156, #3795, #459 ) ) ;
#1249 = EDGE_CURVE ( 'NONE', #2995, #3714, #144, .T. ) ;
#1250 = DIRECTION ( 'NONE',  ( 0.000000000000000000, -1.000000000000000000, 0.000000000000000000 ) ) ;
#1251 = EDGE_LOOP ( 'NONE', ( #3365, #280, #1768, #2851, #3694 ) ) ;
#1252 = CARTESIAN_POINT ( 'NONE',  ( 76.59999999999999432, -19.99999999999998579, 3.499999999999977796 ) ) ;
#1253 = VERTEX_POINT ( 'NONE', #555 ) ;
#1254 = CARTESIAN_POINT ( 'NONE',  ( 55.27903253262358163, 50.68891404404565293, 5.972101625596602403 ) ) ;
#1255 = ORIENTED_EDGE ( 'NONE', *, *, #539, .T. ) ;
#1256 = VECTOR ( 'NONE', #25, 1000.000000000000000 ) ;
#1257 = CARTESIAN_POINT ( 'NONE',  ( 28.19999999999999929, -69.50000000000000000, 3.499999999999980016 ) ) ;
#1258 = DIRECTION ( 'NONE',  ( 0.000000000000000000, 1.000000000000000000, 0.000000000000000000 ) ) ;
#1259 = DIRECTION ( 'NONE',  ( 0.7071067811865474617, -0.7071067811865476838, 0.000000000000000000 ) ) ;
#1260 = VECTOR ( 'NONE', #1150, 1000.000000000000000 ) ;
#1261 = CARTESIAN_POINT ( 'NONE',  ( 3.879751057680255411, 62.50000000000000000, 4.713747003574108696 ) ) ;
#1262 = CARTESIAN_POINT ( 'NONE',  ( 18.87975105768025230, -29.48635277547910505, 5.000000000000000000 ) ) ;
#1263 = CYLINDRICAL_SURFACE ( 'NONE', #3737, 13.00000000000003197 ) ;
#1264 = ORIENTED_EDGE ( 'NONE', *, *, #3013, .F. ) ;
#1265 = CIRCLE ( 'NONE', #3870, 1.999999999999999112 ) ;
#1266 = CARTESIAN_POINT ( 'NONE',  ( -5.000000000000011546, -79.50000000000001421, 0.000000000000000000 ) ) ;
#1267 = VECTOR ( 'NONE', #3555, 1000.000000000000000 ) ;
#1268 = LINE ( 'NONE', #4056, #4482 ) ;
#1269 = ORIENTED_EDGE ( 'NONE', *, *, #2920, .T. ) ;
#1270 = VECTOR ( 'NONE', #3583, 1000.000000000000000 ) ;
#1271 = DIRECTION ( 'NONE',  ( -1.387778780781446464E-15, 1.000000000000000000, 0.000000000000000000 ) ) ;
#1272 = VERTEX_POINT ( 'NONE', #1292 ) ;
#1273 = EDGE_CURVE ( 'NONE', #3717, #1003, #1226, .T. ) ;
#1274 = CARTESIAN_POINT ( 'NONE',  ( -9.250000000000017764, -79.50000000000001421, 5.000000000000000000 ) ) ;
#1275 = ORIENTED_EDGE ( 'NONE', *, *, #1346, .F. ) ;
#1276 = AXIS2_PLACEMENT_3D ( 'NONE', #627, #186, #2016 ) ;
#1277 = CARTESIAN_POINT ( 'NONE',  ( 15.00000000000000000, 0.9000000000000000222, 10.00000000000000000 ) ) ;
#1278 = VERTEX_POINT ( 'NONE', #3366 ) ;
#1279 = EDGE_CURVE ( 'NONE', #3628, #4339, #2002, .T. ) ;
#1280 = AXIS2_PLACEMENT_3D ( 'NONE', #1294, #940, #2354 ) ;
#1281 = AXIS2_PLACEMENT_3D ( 'NONE', #4298, #3636, #1095 ) ;
#1282 = FACE_OUTER_BOUND ( 'NONE', #286, .T. ) ;
#1283 = CARTESIAN_POINT ( 'NONE',  ( 0.7416697508022419560, -62.50000000000000000, 5.000000000000000000 ) ) ;
#1284 = EDGE_CURVE ( 'NONE', #3234, #556, #3434, .T. ) ;
#1285 = CARTESIAN_POINT ( 'NONE',  ( 11.31329700989037335, -84.74854498385793988, 4.679214248799689280 ) ) ;
#1286 = VECTOR ( 'NONE', #833, 1000.000000000000000 ) ;
#1287 = CARTESIAN_POINT ( 'NONE',  ( 9.457610576819892145, -81.74953677000004859, 4.634930066159379081 ) ) ;
#1288 = DIRECTION ( 'NONE',  ( -0.000000000000000000, -0.000000000000000000, -1.000000000000000000 ) ) ;
#1289 = CARTESIAN_POINT ( 'NONE',  ( -24.83140145212533412, -5.900000000000003908, 7.415599282705910511 ) ) ;
#1290 = ORIENTED_EDGE ( 'NONE', *, *, #2206, .T. ) ;
#1291 = ORIENTED_EDGE ( 'NONE', *, *, #2894, .T. ) ;
#1292 = CARTESIAN_POINT ( 'NONE',  ( 7.999999999999998224, 10.00000000000000178, 5.000000000000000000 ) ) ;
#1293 = VERTEX_POINT ( 'NONE', #3020 ) ;
#1294 = CARTESIAN_POINT ( 'NONE',  ( -9.000000000000000000, -62.50000000000000000, 17.00000000000000000 ) ) ;
#1295 = ORIENTED_EDGE ( 'NONE', *, *, #302, .T. ) ;
#1296 = VERTEX_POINT ( 'NONE', #3041 ) ;
#1297 = DIRECTION ( 'NONE',  ( 0.7071067811865474617, 0.7071067811865474617, 0.000000000000000000 ) ) ;
#1298 = ORIENTED_EDGE ( 'NONE', *, *, #3222, .F. ) ;
#1299 = EDGE_CURVE ( 'NONE', #428, #2044, #4470, .T. ) ;
#1300 = CARTESIAN_POINT ( 'NONE',  ( -19.00000000000000711, -75.00000000000000000, -5.000000000000000000 ) ) ;
#1301 = CARTESIAN_POINT ( 'NONE',  ( 10.32988139361452262, 0.8999999999999980238, 6.439198102782434319 ) ) ;
#1302 = DIRECTION ( 'NONE',  ( 0.000000000000000000, 0.000000000000000000, 1.000000000000000000 ) ) ;
#1303 = ADVANCED_FACE ( 'NONE', ( #2098 ), #1058, .F. ) ;
#1304 = CARTESIAN_POINT ( 'NONE',  ( 63.70479237111076287, -39.58171272084552328, 5.176416165924348611 ) ) ;
#1305 = CARTESIAN_POINT ( 'NONE',  ( -9.000000000000000000, 9.999999999999994671, 17.00000000000000000 ) ) ;
#1306 = CARTESIAN_POINT ( 'NONE',  ( 61.59999999999999432, -52.00000000000000000, 1.499999999999984901 ) ) ;
#1307 = ORIENTED_EDGE ( 'NONE', *, *, #3581, .F. ) ;
#1308 = ORIENTED_EDGE ( 'NONE', *, *, #3617, .F. ) ;
#1309 = CARTESIAN_POINT ( 'NONE',  ( 28.19999999999999929, -69.50000000000000000, 0.000000000000000000 ) ) ;
#1310 = ORIENTED_EDGE ( 'NONE', *, *, #2084, .T. ) ;
#1311 = CARTESIAN_POINT ( 'NONE',  ( 23.99999999999997868, 55.00000000000000711, 15.00000000000000000 ) ) ;
#1312 = EDGE_LOOP ( 'NONE', ( #1243, #4520, #343, #1539 ) ) ;
#1313 = DIRECTION ( 'NONE',  ( 0.000000000000000000, -1.000000000000000000, 0.000000000000000000 ) ) ;
#1314 = ORIENTED_EDGE ( 'NONE', *, *, #2149, .T. ) ;
#1315 = CARTESIAN_POINT ( 'NONE',  ( 18.87975105768025230, -29.48635277547910505, -5.000000000000000000 ) ) ;
#1316 = VERTEX_POINT ( 'NONE', #3133 ) ;
#1317 = CARTESIAN_POINT ( 'NONE',  ( 4.146862743635830739, -29.48635277547910505, 5.000000000000004441 ) ) ;
#1318 = DIRECTION ( 'NONE',  ( 1.387778780781446464E-15, -1.000000000000000000, 0.000000000000000000 ) ) ;
#1319 = PLANE ( 'NONE',  #2738 ) ;
#1320 = EDGE_CURVE ( 'NONE', #1823, #981, #4541, .T. ) ;
#1321 = CARTESIAN_POINT ( 'NONE',  ( 60.00000000000000000, 52.00000000000000000, 5.000000000000000000 ) ) ;
#1322 = CARTESIAN_POINT ( 'NONE',  ( -24.41141100645622330, 40.00000000000000000, 5.000000000000000000 ) ) ;
#1323 = EDGE_CURVE ( 'NONE', #2795, #1379, #3062, .T. ) ;
#1324 = DIRECTION ( 'NONE',  ( 1.000000000000000000, 0.000000000000000000, 0.000000000000000000 ) ) ;
#1325 = VERTEX_POINT ( 'NONE', #1658 ) ;
#1326 = VERTEX_POINT ( 'NONE', #312 ) ;
#1327 = ADVANCED_FACE ( 'NONE', ( #2792 ), #1328, .F. ) ;
#1328 = CYLINDRICAL_SURFACE ( 'NONE', #1637, 1.600000000000004086 ) ;
#1329 = ORIENTED_EDGE ( 'NONE', *, *, #3355, .T. ) ;
#1330 = VECTOR ( 'NONE', #1826, 1000.000000000000000 ) ;
#1331 = VECTOR ( 'NONE', #1772, 1000.000000000000000 ) ;
#1332 = CARTESIAN_POINT ( 'NONE',  ( 24.00000000000000000, -39.00000000000000711, 5.000000000000000000 ) ) ;
#1333 = ORIENTED_EDGE ( 'NONE', *, *, #3379, .T. ) ;
#1334 = CARTESIAN_POINT ( 'NONE',  ( 26.59999999999999432, -69.50000000000000000, 3.499999999999980016 ) ) ;
#1335 = ORIENTED_EDGE ( 'NONE', *, *, #2260, .T. ) ;
#1336 = DIRECTION ( 'NONE',  ( -0.000000000000000000, -0.000000000000000000, -1.000000000000000000 ) ) ;
#1337 = VERTEX_POINT ( 'NONE', #4258 ) ;
#1338 = AXIS2_PLACEMENT_3D ( 'NONE', #3476, #3108, #955 ) ;
#1339 = CARTESIAN_POINT ( 'NONE',  ( 0.000000000000000000, 0.000000000000000000, 5.000000000000000000 ) ) ;
#1340 = VERTEX_POINT ( 'NONE', #2475 ) ;
#1341 = AXIS2_PLACEMENT_3D ( 'NONE', #2207, #1858, #1259 ) ;
#1342 = AXIS2_PLACEMENT_3D ( 'NONE', #1241, #3087, #951 ) ;
#1343 = CYLINDRICAL_SURFACE ( 'NONE', #94, 2.249999999999998668 ) ;
#1344 = CARTESIAN_POINT ( 'NONE',  ( 69.73799092751333717, -4.000000000000008882, 3.000000000000000000 ) ) ;
#1345 = VECTOR ( 'NONE', #3427, 1000.000000000000000 ) ;
#1346 = EDGE_CURVE ( 'NONE', #99, #830, #2748, .T. ) ;
#1347 = CARTESIAN_POINT ( 'NONE',  ( 9.463380955469657962, -84.97475364047964774, 4.632092440389331323 ) ) ;
#1348 = LINE ( 'NONE', #1717, #14 ) ;
#1349 = ORIENTED_EDGE ( 'NONE', *, *, #1467, .F. ) ;
#1350 = VECTOR ( 'NONE', #2821, 1000.000000000000000 ) ;
#1351 = AXIS2_PLACEMENT_3D ( 'NONE', #2530, #1780, #2807 ) ;
#1352 = EDGE_LOOP ( 'NONE', ( #484, #1943, #2733, #4424, #1885, #1120 ) ) ;
#1353 = ORIENTED_EDGE ( 'NONE', *, *, #221, .T. ) ;
#1354 = CONICAL_SURFACE ( 'NONE', #1216, 1.600000000000004086, 0.7853981633974463916 ) ;
#1355 = EDGE_CURVE ( 'NONE', #2143, #1823, #2402, .T. ) ;
#1356 = CARTESIAN_POINT ( 'NONE',  ( 23.99999999999997868, -55.00000000000000711, 5.000000000000000000 ) ) ;
#1357 = AXIS2_PLACEMENT_3D ( 'NONE', #2181, #716, #2855 ) ;
#1358 = ORIENTED_EDGE ( 'NONE', *, *, #3612, .F. ) ;
#1359 = ADVANCED_FACE ( 'NONE', ( #1675 ), #157, .F. ) ;
#1360 = CYLINDRICAL_SURFACE ( 'NONE', #4420, 2.249999999999998668 ) ;
#1361 = VERTEX_POINT ( 'NONE', #616 ) ;
#1362 = DIRECTION ( 'NONE',  ( 1.000000000000000000, 0.000000000000000000, 0.000000000000000000 ) ) ;
#1363 = CARTESIAN_POINT ( 'NONE',  ( -5.000000000000011546, -79.50000000000001421, 5.000000000000000000 ) ) ;
#1364 = ORIENTED_EDGE ( 'NONE', *, *, #2236, .F. ) ;
#1365 = LINE ( 'NONE', #1732, #3813 ) ;
#1366 = EDGE_LOOP ( 'NONE', ( #3538, #2024, #1750, #3650 ) ) ;
#1367 = LINE ( 'NONE', #2058, #4053 ) ;
#1368 = PLANE ( 'NONE',  #2594 ) ;
#1369 = CARTESIAN_POINT ( 'NONE',  ( 23.99999999999999289, -45.00000000000000711, 15.00000000000000000 ) ) ;
#1370 = DIRECTION ( 'NONE',  ( 1.000000000000000000, -3.195330897240195498E-16, -0.000000000000000000 ) ) ;
#1371 = CYLINDRICAL_SURFACE ( 'NONE', #2887, 75.00000000000001421 ) ;
#1372 = ORIENTED_EDGE ( 'NONE', *, *, #1045, .T. ) ;
#1373 = EDGE_LOOP ( 'NONE', ( #3262, #2399 ) ) ;
#1374 = DIRECTION ( 'NONE',  ( 0.000000000000000000, 0.000000000000000000, 1.000000000000000000 ) ) ;
#1375 = VERTEX_POINT ( 'NONE', #636 ) ;
#1376 = CARTESIAN_POINT ( 'NONE',  ( -13.00000000000001243, -78.00000000000001421, 3.499999999999994671 ) ) ;
#1377 = ORIENTED_EDGE ( 'NONE', *, *, #2380, .T. ) ;
#1378 = DIRECTION ( 'NONE',  ( 0.000000000000000000, 0.000000000000000000, -1.000000000000000000 ) ) ;
#1379 = VERTEX_POINT ( 'NONE', #1028 ) ;
#1380 = CARTESIAN_POINT ( 'NONE',  ( 24.00000000000000000, -40.00000000000000711, 6.000000000000000000 ) ) ;
#1381 = VERTEX_POINT ( 'NONE', #1356 ) ;
#1382 = EDGE_CURVE ( 'NONE', #935, #3929, #334, .T. ) ;
#1383 = EDGE_CURVE ( 'NONE', #1326, #3024, #4609, .T. ) ;
#1384 = ORIENTED_EDGE ( 'NONE', *, *, #1978, .F. ) ;
#1385 = CARTESIAN_POINT ( 'NONE',  ( 73.39999999999993463, 19.99999999999998579, 0.000000000000000000 ) ) ;
#1386 = CARTESIAN_POINT ( 'NONE',  ( 2.634317151366412535, 59.97376693206577869, 3.523159536890687615 ) ) ;
#1387 = LINE ( 'NONE', #22, #4488 ) ;
#1388 = DIRECTION ( 'NONE',  ( 0.000000000000000000, 0.000000000000000000, 1.000000000000000000 ) ) ;
#1389 = FILL_AREA_STYLE ('',( #3173 ) ) ;
#1390 = ORIENTED_EDGE ( 'NONE', *, *, #866, .F. ) ;
#1391 = VERTEX_POINT ( 'NONE', #1696 ) ;
#1392 = ORIENTED_EDGE ( 'NONE', *, *, #200, .F. ) ;
#1393 = CARTESIAN_POINT ( 'NONE',  ( 10.32988139361452262, -109.1000000000000369, 6.439198102782434319 ) ) ;
#1394 = FACE_OUTER_BOUND ( 'NONE', #3475, .T. ) ;
#1395 = EDGE_LOOP ( 'NONE', ( #521, #351, #3855, #2944, #3924 ) ) ;
#1396 = EDGE_CURVE ( 'NONE', #4008, #3181, #3878, .T. ) ;
#1397 = CARTESIAN_POINT ( 'NONE',  ( -16.10000000000002984, -78.00000000000001421, 5.000000000000000000 ) ) ;
#1398 = ORIENTED_EDGE ( 'NONE', *, *, #4220, .F. ) ;
#1399 = LINE ( 'NONE', #2479, #738 ) ;
#1400 = CARTESIAN_POINT ( 'NONE',  ( 28.19999999999999929, -69.50000000000000000, 3.499999999999980016 ) ) ;
#1401 = ORIENTED_EDGE ( 'NONE', *, *, #1777, .T. ) ;
#1402 = CIRCLE ( 'NONE', #4099, 17.79999999999999716 ) ;
#1403 = ADVANCED_FACE ( 'NONE', ( #1394 ), #2774, .F. ) ;
#1404 = ORIENTED_EDGE ( 'NONE', *, *, #842, .T. ) ;
#1405 = DIRECTION ( 'NONE',  ( 1.000000000000000000, 0.000000000000000000, 0.000000000000000000 ) ) ;
#1406 = CARTESIAN_POINT ( 'NONE',  ( 15.00000000000000000, 0.9000000000000000222, 10.00000000000000000 ) ) ;
#1407 = CARTESIAN_POINT ( 'NONE',  ( -31.00000000000000000, 9.999999999999996447, 5.000000000000000000 ) ) ;
#1408 = CIRCLE ( 'NONE', #3953, 3.099999999999988098 ) ;
#1409 = VECTOR ( 'NONE', #413, 1000.000000000000000 ) ;
#1410 = AXIS2_PLACEMENT_3D ( 'NONE', #3312, #1932, #118 ) ;
#1411 = EDGE_CURVE ( 'NONE', #2793, #799, #3457, .T. ) ;
#1412 = CARTESIAN_POINT ( 'NONE',  ( 54.78536756999945823, -51.22207445850121132, 5.736318559511764725 ) ) ;
#1413 = DIRECTION ( 'NONE',  ( -0.7071067811865462405, 8.659560562354916834E-17, 0.7071067811865489050 ) ) ;
#1414 = PRESENTATION_STYLE_ASSIGNMENT (( #1762 ) ) ;
#1415 = VERTEX_POINT ( 'NONE', #2816 ) ;
#1416 = CIRCLE ( 'NONE', #2080, 3.100000000000017852 ) ;
#1417 = ORIENTED_EDGE ( 'NONE', *, *, #1009, .T. ) ;
#1418 = CIRCLE ( 'NONE', #381, 1.600000000000004086 ) ;
#1419 = CARTESIAN_POINT ( 'NONE',  ( -13.00000000000002665, 78.00000000000001421, 5.000000000000000000 ) ) ;
#1420 = CIRCLE ( 'NONE', #3886, 4.250000000000005329 ) ;
#1421 = AXIS2_PLACEMENT_3D ( 'NONE', #3114, #3395, #2732 ) ;
#1422 = DIRECTION ( 'NONE',  ( -1.000000000000000000, -0.000000000000000000, -0.000000000000000000 ) ) ;
#1423 = ORIENTED_EDGE ( 'NONE', *, *, #424, .F. ) ;
#1424 = CIRCLE ( 'NONE', #2993, 2.249999999999998668 ) ;
#1425 = CYLINDRICAL_SURFACE ( 'NONE', #831, 17.79999999999999716 ) ;
#1426 = ORIENTED_EDGE ( 'NONE', *, *, #454, .F. ) ;
#1427 = LINE ( 'NONE', #2849, #2820 ) ;
#1428 = DIRECTION ( 'NONE',  ( -1.000000000000000000, 0.000000000000000000, 0.000000000000000000 ) ) ;
#1429 = ORIENTED_EDGE ( 'NONE', *, *, #4472, .T. ) ;
#1430 = AXIS2_PLACEMENT_3D ( 'NONE', #1806, #3003, #850 ) ;
#1431 = CARTESIAN_POINT ( 'NONE',  ( 22.49999999999998224, -5.500000000000001776, 5.000000000000000000 ) ) ;
#1432 = ORIENTED_EDGE ( 'NONE', *, *, #1346, .T. ) ;
#1433 = CARTESIAN_POINT ( 'NONE',  ( 24.18305191657967868, -24.18305191657967868, 0.000000000000000000 ) ) ;
#1434 = PLANE ( 'NONE',  #1037 ) ;
#1435 = LINE ( 'NONE', #3105, #1057 ) ;
#1436 = EDGE_CURVE ( 'NONE', #1752, #99, #3158, .T. ) ;
#1437 = EDGE_CURVE ( 'NONE', #3929, #3113, #4409, .T. ) ;
#1438 = DIRECTION ( 'NONE',  ( -0.000000000000000000, -0.000000000000000000, 1.000000000000000000 ) ) ;
#1439 = DIRECTION ( 'NONE',  ( 8.462065736472231082E-17, -1.000000000000000000, 0.000000000000000000 ) ) ;
#1440 = CARTESIAN_POINT ( 'NONE',  ( 50.99019513592785557, 55.00000000000000711, 5.000000000000000000 ) ) ;
#1441 = ORIENTED_EDGE ( 'NONE', *, *, #2093, .T. ) ;
#1442 = VERTEX_POINT ( 'NONE', #3810 ) ;
#1443 = EDGE_CURVE ( 'NONE', #3817, #1296, #4335, .T. ) ;
#1444 = FACE_OUTER_BOUND ( 'NONE', #1031, .T. ) ;
#1445 = FACE_OUTER_BOUND ( 'NONE', #2885, .T. ) ;
#1446 = ORIENTED_EDGE ( 'NONE', *, *, #1753, .T. ) ;
#1447 = LINE ( 'NONE', #2871, #1719 ) ;
#1448 = ORIENTED_EDGE ( 'NONE', *, *, #1612, .F. ) ;
#1449 = CARTESIAN_POINT ( 'NONE',  ( -27.66829088000282511, -0.9000000000000032419, 6.439198102782435207 ) ) ;
#1450 = CARTESIAN_POINT ( 'NONE',  ( 75.00000000000000000, -19.99999999999998579, 3.499999999999977796 ) ) ;
#1451 = ORIENTED_EDGE ( 'NONE', *, *, #1323, .F. ) ;
#1452 = CARTESIAN_POINT ( 'NONE',  ( 22.49999999999999645, 5.500000000000001776, 5.000000000000000000 ) ) ;
#1453 = ORIENTED_EDGE ( 'NONE', *, *, #4448, .T. ) ;
#1454 = CARTESIAN_POINT ( 'NONE',  ( 22.41528496361299005, 11.80868324581541451, 5.000000000000000000 ) ) ;
#1455 = CARTESIAN_POINT ( 'NONE',  ( 78.09999999999996589, 19.99999999999998579, 5.000000000000000000 ) ) ;
#1456 = LINE ( 'NONE', #736, #2232 ) ;
#1457 = DIRECTION ( 'NONE',  ( -0.000000000000000000, -0.000000000000000000, 1.000000000000000000 ) ) ;
#1458 = EDGE_CURVE ( 'NONE', #2100, #1471, #4186, .T. ) ;
#1459 = CARTESIAN_POINT ( 'NONE',  ( 11.99999999999997513, -69.00000000000000000, 0.000000000000000000 ) ) ;
#1460 =( LENGTH_UNIT ( ) NAMED_UNIT ( * ) SI_UNIT ( .MILLI., .METRE. ) );
#1461 = ORIENTED_EDGE ( 'NONE', *, *, #1886, .T. ) ;
#1462 = VERTEX_POINT ( 'NONE', #29 ) ;
#1463 = CARTESIAN_POINT ( 'NONE',  ( 25.00000000000000711, -69.00000000000000000, 5.000000000000000000 ) ) ;
#1464 = EDGE_CURVE ( 'NONE', #4212, #4228, #3267, .T. ) ;
#1465 = DIRECTION ( 'NONE',  ( 1.000000000000000000, 0.000000000000000000, 0.000000000000000000 ) ) ;
#1466 = DIRECTION ( 'NONE',  ( -1.000000000000000000, -0.000000000000000000, 0.000000000000000000 ) ) ;
#1467 = EDGE_CURVE ( 'NONE', #1178, #1034, #3661, .T. ) ;
#1468 = ORIENTED_EDGE ( 'NONE', *, *, #2573, .T. ) ;
#1469 = CIRCLE ( 'NONE', #4090, 85.49999999999998579 ) ;
#1470 = EDGE_CURVE ( 'NONE', #3300, #2684, #3350, .T. ) ;
#1471 = VERTEX_POINT ( 'NONE', #2543 ) ;
#1472 = DIRECTION ( 'NONE',  ( -0.000000000000000000, -0.000000000000000000, 1.000000000000000000 ) ) ;
#1473 = EDGE_CURVE ( 'NONE', #2784, #861, #4329, .T. ) ;
#1474 = CARTESIAN_POINT ( 'NONE',  ( 73.39999999999993463, 19.99999999999998579, 3.499999999999977796 ) ) ;
#1475 = ORIENTED_EDGE ( 'NONE', *, *, #457, .T. ) ;
#1476 = ORIENTED_EDGE ( 'NONE', *, *, #2004, .T. ) ;
#1477 = DIRECTION ( 'NONE',  ( 0.7071067811865489050, 8.659560562354951347E-17, -0.7071067811865462405 ) ) ;
#1478 = CYLINDRICAL_SURFACE ( 'NONE', #3947, 1.600000000000004086 ) ;
#1479 = LINE ( 'NONE', #2905, #2239 ) ;
#1480 = CIRCLE ( 'NONE', #3338, 13.00000000000003020 ) ;
#1481 = CARTESIAN_POINT ( 'NONE',  ( -13.00000000000002665, 78.00000000000001421, 5.000000000000000000 ) ) ;
#1482 = CIRCLE ( 'NONE', #1561, 1.999999999999999112 ) ;
#1483 = DIRECTION ( 'NONE',  ( -0.000000000000000000, -1.000000000000000000, -0.000000000000000000 ) ) ;
#1484 = CARTESIAN_POINT ( 'NONE',  ( 0.000000000000000000, 0.000000000000000000, 15.00000000000000000 ) ) ;
#1485 = ORIENTED_EDGE ( 'NONE', *, *, #2412, .F. ) ;
#1486 = AXIS2_PLACEMENT_3D ( 'NONE', #2214, #3299, #2567 ) ;
#1487 = CARTESIAN_POINT ( 'NONE',  ( -0.7500000000000206501, 79.50000000000001421, 5.000000000000000000 ) ) ;
#1488 = AXIS2_PLACEMENT_3D ( 'NONE', #2557, #4085, #2955 ) ;
#1489 = VECTOR ( 'NONE', #240, 1000.000000000000000 ) ;
#1490 = DIRECTION ( 'NONE',  ( -0.000000000000000000, -0.000000000000000000, 1.000000000000000000 ) ) ;
#1491 = CARTESIAN_POINT ( 'NONE',  ( 8.000000000000000000, 0.9000000000000000222, 5.000000000000000000 ) ) ;
#1492 = ORIENTED_EDGE ( 'NONE', *, *, #3815, .T. ) ;
#1493 = EDGE_CURVE ( 'NONE', #68, #4630, #4374, .T. ) ;
#1494 = VECTOR ( 'NONE', #557, 1000.000000000000000 ) ;
#1495 = VECTOR ( 'NONE', #4624, 1000.000000000000000 ) ;
#1496 = EDGE_CURVE ( 'NONE', #1174, #991, #408, .T. ) ;
#1497 = ORIENTED_EDGE ( 'NONE', *, *, #589, .F. ) ;
#1498 = CARTESIAN_POINT ( 'NONE',  ( 60.00000000000001421, -45.00000000000000711, 15.00000000000000000 ) ) ;
#1499 = ORIENTED_EDGE ( 'NONE', *, *, #424, .T. ) ;
#1500 = VECTOR ( 'NONE', #2675, 1000.000000000000000 ) ;
#1501 = CARTESIAN_POINT ( 'NONE',  ( -24.41141100645623752, 81.94103375399816969, 0.000000000000000000 ) ) ;
#1502 = ORIENTED_EDGE ( 'NONE', *, *, #566, .F. ) ;
#1503 = EDGE_CURVE ( 'NONE', #2793, #1656, #744, .T. ) ;
#1504 = ADVANCED_FACE ( 'NONE', ( #794 ), #4257, .F. ) ;
#1505 = VECTOR ( 'NONE', #210, 1000.000000000000000 ) ;
#1506 = CARTESIAN_POINT ( 'NONE',  ( -27.66829088000282511, -1.900000000000006795, 4.189198102782436983 ) ) ;
#1507 = ORIENTED_EDGE ( 'NONE', *, *, #2297, .T. ) ;
#1508 = DIRECTION ( 'NONE',  ( 0.000000000000000000, 1.000000000000000000, 0.000000000000000000 ) ) ;
#1509 = DIRECTION ( 'NONE',  ( 2.312964634635743450E-15, 1.000000000000000000, 0.000000000000000000 ) ) ;
#1510 = FACE_BOUND ( 'NONE', #1593, .T. ) ;
#1511 = FACE_OUTER_BOUND ( 'NONE', #3076, .T. ) ;
#1512 = LINE ( 'NONE', #4414, #1286 ) ;
#1513 = LINE ( 'NONE', #3978, #957 ) ;
#1514 = DIRECTION ( 'NONE',  ( -1.031172697806177805E-16, -1.000000000000000000, -0.000000000000000000 ) ) ;
#1515 = FACE_OUTER_BOUND ( 'NONE', #614, .T. ) ;
#1516 = DIRECTION ( 'NONE',  ( 1.000000000000000000, 0.000000000000000000, 0.000000000000000000 ) ) ;
#1517 = ORIENTED_EDGE ( 'NONE', *, *, #2201, .T. ) ;
#1518 = ORIENTED_EDGE ( 'NONE', *, *, #2436, .F. ) ;
#1519 = CARTESIAN_POINT ( 'NONE',  ( 22.49999999999998934, -8.500000000000000000, 5.000000000000000000 ) ) ;
#1520 = DIRECTION ( 'NONE',  ( 0.000000000000000000, 0.000000000000000000, 1.000000000000000000 ) ) ;
#1521 = VERTEX_POINT ( 'NONE', #2563 ) ;
#1522 = FACE_OUTER_BOUND ( 'NONE', #2351, .T. ) ;
#1523 = ORIENTED_EDGE ( 'NONE', *, *, #3649, .F. ) ;
#1524 = EDGE_CURVE ( 'NONE', #2259, #3495, #2454, .T. ) ;
#1525 = DIRECTION ( 'NONE',  ( -0.000000000000000000, -0.000000000000000000, -1.000000000000000000 ) ) ;
#1526 = FACE_OUTER_BOUND ( 'NONE', #562, .T. ) ;
#1527 = CARTESIAN_POINT ( 'NONE',  ( 57.93847817557404056, 47.62591384670690076, 8.237047530432286990 ) ) ;
#1528 = CARTESIAN_POINT ( 'NONE',  ( 63.77141004759641163, 39.47436988165095784, 5.110927884924659992 ) ) ;
#1529 = DIRECTION ( 'NONE',  ( 1.000000000000000000, 0.000000000000000000, 0.000000000000000000 ) ) ;
#1530 = DIRECTION ( 'NONE',  ( -0.000000000000000000, -1.000000000000000000, -0.000000000000000000 ) ) ;
#1531 = DIRECTION ( 'NONE',  ( 0.000000000000000000, 1.000000000000000000, 0.000000000000000000 ) ) ;
#1532 = LINE ( 'NONE', #2987, #4568 ) ;
#1533 = CARTESIAN_POINT ( 'NONE',  ( 8.000000000000000000, 3.999999999999991562, 3.000000000000000000 ) ) ;
#1534 = DIRECTION ( 'NONE',  ( 1.000000000000000000, 0.000000000000000000, -0.000000000000000000 ) ) ;
#1535 = ORIENTED_EDGE ( 'NONE', *, *, #3901, .T. ) ;
#1536 = VERTEX_POINT ( 'NONE', #774 ) ;
#1537 = CARTESIAN_POINT ( 'NONE',  ( 60.00000000000000000, 52.00000000000000000, -5.000000000000000000 ) ) ;
#1538 = DIRECTION ( 'NONE',  ( -0.000000000000000000, -0.000000000000000000, -1.000000000000000000 ) ) ;
#1539 = ORIENTED_EDGE ( 'NONE', *, *, #1473, .F. ) ;
#1540 = EDGE_CURVE ( 'NONE', #2826, #3557, #453, .T. ) ;
#1541 = FACE_BOUND ( 'NONE', #1373, .T. ) ;
#1542 = VERTEX_POINT ( 'NONE', #1491 ) ;
#1543 = CARTESIAN_POINT ( 'NONE',  ( 71.89999999999992042, 19.99999999999998579, 5.000000000000000000 ) ) ;
#1544 = ORIENTED_EDGE ( 'NONE', *, *, #2804, .F. ) ;
#1545 = CARTESIAN_POINT ( 'NONE',  ( 0.000000000000000000, 0.000000000000000000, 5.000000000000000000 ) ) ;
#1546 = VERTEX_POINT ( 'NONE', #3951 ) ;
#1547 = EDGE_CURVE ( 'NONE', #1521, #1375, #1863, .T. ) ;
#1548 = VECTOR ( 'NONE', #2957, 1000.000000000000000 ) ;
#1549 = EDGE_CURVE ( 'NONE', #4313, #1442, #2169, .T. ) ;
#1550 = EDGE_CURVE ( 'NONE', #3324, #4379, #4021, .T. ) ;
#1551 = PLANE ( 'NONE',  #83 ) ;
#1552 = CARTESIAN_POINT ( 'NONE',  ( 4.146862743635832516, 62.50000000000000000, 5.000000000000000888 ) ) ;
#1553 = LINE ( 'NONE', #442, #1032 ) ;
#1554 = EDGE_CURVE ( 'NONE', #68, #262, #1767, .T. ) ;
#1555 = VECTOR ( 'NONE', #1687, 1000.000000000000000 ) ;
#1556 = CARTESIAN_POINT ( 'NONE',  ( 4.146862743635832516, 9.999999999999994671, 5.000000000000000888 ) ) ;
#1557 = CARTESIAN_POINT ( 'NONE',  ( 3.879751057680255411, 0.000000000000000000, 0.000000000000000000 ) ) ;
#1558 = DIRECTION ( 'NONE',  ( -0.000000000000000000, -0.000000000000000000, -1.000000000000000000 ) ) ;
#1559 = CARTESIAN_POINT ( 'NONE',  ( -26.00000000000000000, -1.900000000000006795, 4.929461192026329819 ) ) ;
#1560 = ORIENTED_EDGE ( 'NONE', *, *, #4158, .F. ) ;
#1561 = AXIS2_PLACEMENT_3D ( 'NONE', #100, #33, #1133 ) ;
#1562 = AXIS2_PLACEMENT_3D ( 'NONE', #542, #2275, #2909 ) ;
#1563 = VECTOR ( 'NONE', #2376, 1000.000000000000000 ) ;
#1564 = ORIENTED_EDGE ( 'NONE', *, *, #2323, .F. ) ;
#1565 = CARTESIAN_POINT ( 'NONE',  ( 11.71866100930141741, -9.999999999999994671, 5.000000000000000000 ) ) ;
#1566 = DIRECTION ( 'NONE',  ( -3.195330897240195498E-16, 1.000000000000000000, 0.000000000000000000 ) ) ;
#1567 = EDGE_LOOP ( 'NONE', ( #696, #3269 ) ) ;
#1568 = VECTOR ( 'NONE', #4445, 1000.000000000000000 ) ;
#1569 = EDGE_LOOP ( 'NONE', ( #968, #411, #3722, #2570 ) ) ;
#1570 = CIRCLE ( 'NONE', #4192, 13.00000000000003020 ) ;
#1571 = CIRCLE ( 'NONE', #3438, 4.250000000000005329 ) ;
#1572 = FACE_OUTER_BOUND ( 'NONE', #125, .T. ) ;
#1573 = DIRECTION ( 'NONE',  ( 0.000000000000000000, 0.000000000000000000, -1.000000000000000000 ) ) ;
#1574 = ORIENTED_EDGE ( 'NONE', *, *, #4158, .T. ) ;
#1575 = DIRECTION ( 'NONE',  ( 1.000000000000000000, -0.000000000000000000, -0.000000000000000000 ) ) ;
#1576 = ORIENTED_EDGE ( 'NONE', *, *, #3315, .F. ) ;
#1577 = VECTOR ( 'NONE', #44, 1000.000000000000000 ) ;
#1578 = CARTESIAN_POINT ( 'NONE',  ( 15.00000000000000000, 5.899999999999999467, 5.000000000000000000 ) ) ;
#1579 = CARTESIAN_POINT ( 'NONE',  ( 11.62502326486420756, -56.00507158220001003, 4.909642605502405388 ) ) ;
#1580 = CARTESIAN_POINT ( 'NONE',  ( 56.90000000000000568, -52.00000000000000000, 0.000000000000000000 ) ) ;
#1581 = VECTOR ( 'NONE', #2483, 1000.000000000000000 ) ;
#1582 = ADVANCED_FACE ( 'NONE', ( #1445 ), #1102, .F. ) ;
#1583 = LINE ( 'NONE', #1602, #230 ) ;
#1584 = CYLINDRICAL_SURFACE ( 'NONE', #756, 1.600000000000004086 ) ;
#1585 = EDGE_CURVE ( 'NONE', #4397, #2899, #3567, .T. ) ;
#1586 = DIRECTION ( 'NONE',  ( -1.387778780781446464E-15, -1.000000000000000000, -0.000000000000000000 ) ) ;
#1587 = DIRECTION ( 'NONE',  ( 0.000000000000000000, 0.000000000000000000, -1.000000000000000000 ) ) ;
#1588 = ORIENTED_EDGE ( 'NONE', *, *, #573, .F. ) ;
#1589 = LINE ( 'NONE', #4042, #2216 ) ;
#1590 = DIRECTION ( 'NONE',  ( -1.000000000000000000, -0.000000000000000000, -0.000000000000000000 ) ) ;
#1591 = VERTEX_POINT ( 'NONE', #4050 ) ;
#1592 = DIRECTION ( 'NONE',  ( -0.7071067811865462405, 8.659560562354916834E-17, 0.7071067811865489050 ) ) ;
#1593 = EDGE_LOOP ( 'NONE', ( #354, #849 ) ) ;
#1594 = FACE_OUTER_BOUND ( 'NONE', #2771, .T. ) ;
#1595 = ORIENTED_EDGE ( 'NONE', *, *, #3128, .T. ) ;
#1596 = CARTESIAN_POINT ( 'NONE',  ( 58.63732797195815039, 46.76242042632747342, 9.319322070189024032 ) ) ;
#1597 = ORIENTED_EDGE ( 'NONE', *, *, #1396, .T. ) ;
#1598 = DIRECTION ( 'NONE',  ( 0.9608784769898125466, 0.000000000000000000, -0.2769703097043765827 ) ) ;
#1599 = CARTESIAN_POINT ( 'NONE',  ( 3.879751057680255411, -19.48635277547910860, 4.713747003574108696 ) ) ;
#1600 = CARTESIAN_POINT ( 'NONE',  ( 0.000000000000000000, 55.00000000000000711, 5.000000000000000000 ) ) ;
#1601 = EDGE_CURVE ( 'NONE', #1293, #3633, #1628, .T. ) ;
#1602 = CARTESIAN_POINT ( 'NONE',  ( -24.41141100645622330, 40.00000000000000000, 0.000000000000000000 ) ) ;
#1603 = CARTESIAN_POINT ( 'NONE',  ( 8.000000000000000000, 1.525031627232357595E-15, 0.000000000000000000 ) ) ;
#1604 = CARTESIAN_POINT ( 'NONE',  ( -24.38875556251408128, -40.00000000000000711, 5.000000000000000000 ) ) ;
#1605 = CARTESIAN_POINT ( 'NONE',  ( 0.9801569244691917815, -62.08692809825535619, 2.258301869162785191 ) ) ;
#1606 = ORIENTED_EDGE ( 'NONE', *, *, #3315, .T. ) ;
#1607 = EDGE_CURVE ( 'NONE', #1175, #4577, #1193, .T. ) ;
#1608 = VERTEX_POINT ( 'NONE', #4467 ) ;
#1609 = CARTESIAN_POINT ( 'NONE',  ( 74.99999999999994316, 19.99999999999998579, 3.499999999999977796 ) ) ;
#1610 = ORIENTED_EDGE ( 'NONE', *, *, #3547, .F. ) ;
#1611 = EDGE_LOOP ( 'NONE', ( #1453, #1897 ) ) ;
#1612 = EDGE_CURVE ( 'NONE', #1293, #505, #2906, .T. ) ;
#1613 = ADVANCED_FACE ( 'NONE', ( #552 ), #3059, .F. ) ;
#1614 = LINE ( 'NONE', #3816, #4563 ) ;
#1615 = ORIENTED_EDGE ( 'NONE', *, *, #355, .F. ) ;
#1616 = APPLICATION_PROTOCOL_DEFINITION ( 'draft international standard', 'automotive_design', 1998, #2883 ) ;
#1617 = DIRECTION ( 'NONE',  ( -0.000000000000000000, -0.000000000000000000, -1.000000000000000000 ) ) ;
#1618 = EDGE_LOOP ( 'NONE', ( #3791, #1358, #2654, #1432, #4452, #4295 ) ) ;
#1619 = CARTESIAN_POINT ( 'NONE',  ( 15.00000000000000000, 0.9000000000000000222, 5.000000000000000000 ) ) ;
#1620 = VERTEX_POINT ( 'NONE', #1908 ) ;
#1621 = LINE ( 'NONE', #3098, #2457 ) ;
#1622 = LINE ( 'NONE', #3052, #1951 ) ;
#1623 = LINE ( 'NONE', #4087, #3122 ) ;
#1624 = DIRECTION ( 'NONE',  ( 1.000000000000000000, -0.000000000000000000, -0.000000000000000000 ) ) ;
#1625 = CIRCLE ( 'NONE', #2814, 1.599999999999997202 ) ;
#1626 = CARTESIAN_POINT ( 'NONE',  ( 9.693660684788527604, -81.79434370305065727, 4.538813211379607360 ) ) ;
#1627 = CARTESIAN_POINT ( 'NONE',  ( 10.32988139361452262, 0.8999999999999980238, 6.439198102782434319 ) ) ;
#1628 = LINE ( 'NONE', #2258, #4555 ) ;
#1629 = ORIENTED_EDGE ( 'NONE', *, *, #2668, .T. ) ;
#1630 = VECTOR ( 'NONE', #2130, 1000.000000000000000 ) ;
#1631 = VECTOR ( 'NONE', #3786, 1000.000000000000114 ) ;
#1632 = DIRECTION ( 'NONE',  ( -0.9455614744496961821, 9.750371765498805960E-17, -0.3254435404744063787 ) ) ;
#1633 = ORIENTED_EDGE ( 'NONE', *, *, #3760, .T. ) ;
#1634 = EDGE_CURVE ( 'NONE', #504, #262, #4495, .T. ) ;
#1635 = EDGE_CURVE ( 'NONE', #600, #4544, #672, .T. ) ;
#1636 = CIRCLE ( 'NONE', #2678, 4.250000000000006217 ) ;
#1637 = AXIS2_PLACEMENT_3D ( 'NONE', #984, #657, #3529 ) ;
#1638 = DIRECTION ( 'NONE',  ( -0.000000000000000000, -1.000000000000000000, -0.000000000000000000 ) ) ;
#1639 = ORIENTED_EDGE ( 'NONE', *, *, #111, .T. ) ;
#1640 = CARTESIAN_POINT ( 'NONE',  ( 8.000000000000000000, 0.9000000000000000222, 3.000000000000002665 ) ) ;
#1641 = ORIENTED_EDGE ( 'NONE', *, *, #3612, .T. ) ;
#1642 = AXIS2_PLACEMENT_3D ( 'NONE', #1321, #608, #930 ) ;
#1643 = FACE_OUTER_BOUND ( 'NONE', #558, .T. ) ;
#1644 = AXIS2_PLACEMENT_3D ( 'NONE', #2721, #4069, #859 ) ;
#1645 = ORIENTED_EDGE ( 'NONE', *, *, #2636, .F. ) ;
#1646 = ADVANCED_FACE ( 'NONE', ( #3671 ), #933, .F. ) ;
#1647 = AXIS2_PLACEMENT_3D ( 'NONE', #4314, #3210, #2107 ) ;
#1648 = DIRECTION ( 'NONE',  ( 0.000000000000000000, 0.000000000000000000, 1.000000000000000000 ) ) ;
#1649 = DIRECTION ( 'NONE',  ( 0.000000000000000000, -1.000000000000000000, -0.000000000000000000 ) ) ;
#1650 = CARTESIAN_POINT ( 'NONE',  ( 14.73761543394930662, -19.48635277547909794, 5.000000000000000000 ) ) ;
#1651 = AXIS2_PLACEMENT_3D ( 'NONE', #4195, #3180, #2071 ) ;
#1652 = DIRECTION ( 'NONE',  ( -0.000000000000000000, -0.000000000000000000, -1.000000000000000000 ) ) ;
#1653 = VECTOR ( 'NONE', #3449, 1000.000000000000000 ) ;
#1654 = CARTESIAN_POINT ( 'NONE',  ( 76.59999999999995168, 19.99999999999998579, 0.000000000000000000 ) ) ;
#1655 = CARTESIAN_POINT ( 'NONE',  ( -26.00000000000000000, -1.900000000000006795, 5.000000000000000000 ) ) ;
#1656 = VERTEX_POINT ( 'NONE', #882 ) ;
#1657 = ORIENTED_EDGE ( 'NONE', *, *, #1585, .F. ) ;
#1658 = CARTESIAN_POINT ( 'NONE',  ( -9.250000000000031974, 79.50000000000001421, 5.000000000000000000 ) ) ;
#1659 = ORIENTED_EDGE ( 'NONE', *, *, #1009, .F. ) ;
#1660 = ADVANCED_FACE ( 'NONE', ( #840 ), #1263, .F. ) ;
#1661 = DIRECTION ( 'NONE',  ( 1.906289534040446993E-16, -1.000000000000000000, -0.000000000000000000 ) ) ;
#1662 = ORIENTED_EDGE ( 'NONE', *, *, #2405, .F. ) ;
#1663 = DIRECTION ( 'NONE',  ( -1.000000000000000000, -3.195330897240195498E-16, 0.000000000000000000 ) ) ;
#1664 = DIRECTION ( 'NONE',  ( 0.7071067811865475727, -0.7071067811865475727, 0.000000000000000000 ) ) ;
#1665 = EDGE_LOOP ( 'NONE', ( #3002, #779, #3676, #443 ) ) ;
#1666 = EDGE_CURVE ( 'NONE', #4183, #3479, #2014, .T. ) ;
#1667 = DIRECTION ( 'NONE',  ( 1.000000000000000000, -0.000000000000000000, -0.000000000000000000 ) ) ;
#1668 = DIRECTION ( 'NONE',  ( -0.000000000000000000, -0.000000000000000000, 1.000000000000000000 ) ) ;
#1669 = DIRECTION ( 'NONE',  ( -1.000000000000000000, 0.000000000000000000, 0.000000000000000000 ) ) ;
#1670 = CARTESIAN_POINT ( 'NONE',  ( -19.00000000000000711, -75.00000000000000000, 0.000000000000000000 ) ) ;
#1671 = CARTESIAN_POINT ( 'NONE',  ( 9.132511076455376298, -81.68026920380660272, 4.832262126270729041 ) ) ;
#1672 = CARTESIAN_POINT ( 'NONE',  ( 8.941101777927626060, -109.1000000000000369, 5.000000000000000000 ) ) ;
#1673 = EDGE_LOOP ( 'NONE', ( #613, #492, #319, #776, #1615, #2237, #2317, #2428 ) ) ;
#1674 = ORIENTED_EDGE ( 'NONE', *, *, #3925, .F. ) ;
#1675 = FACE_OUTER_BOUND ( 'NONE', #2064, .T. ) ;
#1676 = VERTEX_POINT ( 'NONE', #1289 ) ;
#1677 = DIRECTION ( 'NONE',  ( -1.000000000000000000, 0.000000000000000000, 0.000000000000000000 ) ) ;
#1678 = ORIENTED_EDGE ( 'NONE', *, *, #2007, .T. ) ;
#1679 = CARTESIAN_POINT ( 'NONE',  ( 22.50000000000000355, 8.500000000000000000, 0.000000000000000000 ) ) ;
#1680 = ORIENTED_EDGE ( 'NONE', *, *, #1249, .T. ) ;
#1681 = CARTESIAN_POINT ( 'NONE',  ( -5.000000000000011546, -79.50000000000001421, 5.000000000000000000 ) ) ;
#1682 = ORIENTED_EDGE ( 'NONE', *, *, #2777, .T. ) ;
#1683 = ADVANCED_FACE ( 'NONE', ( #477 ), #139, .F. ) ;
#1684 = LINE ( 'NONE', #209, #3141 ) ;
#1685 = VERTEX_POINT ( 'NONE', #1559 ) ;
#1686 = FACE_OUTER_BOUND ( 'NONE', #4632, .T. ) ;
#1687 = DIRECTION ( 'NONE',  ( -0.000000000000000000, -0.000000000000000000, 1.000000000000000000 ) ) ;
#1688 = ADVANCED_FACE ( 'NONE', ( #4070 ), #2333, .F. ) ;
#1689 = EDGE_CURVE ( 'NONE', #2886, #1340, #2081, .T. ) ;
#1690 = CARTESIAN_POINT ( 'NONE',  ( -13.00000000000001243, -78.00000000000001421, 0.000000000000000000 ) ) ;
#1691 = CARTESIAN_POINT ( 'NONE',  ( 10.44844816229073992, -81.90772175757847151, 4.438633321571128221 ) ) ;
#1692 = FACE_OUTER_BOUND ( 'NONE', #2262, .T. ) ;
#1693 = ORIENTED_EDGE ( 'NONE', *, *, #1962, .T. ) ;
#1694 = ORIENTED_EDGE ( 'NONE', *, *, #3009, .F. ) ;
#1695 = VECTOR ( 'NONE', #3666, 1000.000000000000000 ) ;
#1696 = CARTESIAN_POINT ( 'NONE',  ( 8.941101777927626060, -56.36500329770508699, 5.000000000000000000 ) ) ;
#1697 = ORIENTED_EDGE ( 'NONE', *, *, #3965, .F. ) ;
#1698 = AXIS2_PLACEMENT_3D ( 'NONE', #2199, #1143, #3635 ) ;
#1699 = VECTOR ( 'NONE', #338, 1000.000000000000000 ) ;
#1700 = DIRECTION ( 'NONE',  ( 0.000000000000000000, 1.000000000000000000, 0.000000000000000000 ) ) ;
#1701 = ORIENTED_EDGE ( 'NONE', *, *, #3295, .T. ) ;
#1702 = DIRECTION ( 'NONE',  ( -1.000000000000000000, 0.000000000000000000, 0.000000000000000000 ) ) ;
#1703 = LINE ( 'NONE', #599, #2085 ) ;
#1704 = ORIENTED_EDGE ( 'NONE', *, *, #2668, .F. ) ;
#1705 = AXIS2_PLACEMENT_3D ( 'NONE', #2244, #1538, #4430 ) ;
#1706 = AXIS2_PLACEMENT_3D ( 'NONE', #1309, #2726, #4163 ) ;
#1707 = DIRECTION ( 'NONE',  ( -0.000000000000000000, -0.000000000000000000, -1.000000000000000000 ) ) ;
#1708 = ORIENTED_EDGE ( 'NONE', *, *, #1187, .T. ) ;
#1709 = CIRCLE ( 'NONE', #2309, 2.249999999999998668 ) ;
#1710 = AXIS2_PLACEMENT_3D ( 'NONE', #2281, #4423, #3713 ) ;
#1711 = CARTESIAN_POINT ( 'NONE',  ( 63.44288770224761009, 40.00000000000000711, 6.000000000000000000 ) ) ;
#1712 = DIRECTION ( 'NONE',  ( 0.7071067811865457964, 0.000000000000000000, 0.7071067811865492381 ) ) ;
#1713 = AXIS2_PLACEMENT_3D ( 'NONE', #1091, #3587, #3966 ) ;
#1714 = CIRCLE ( 'NONE', #3888, 85.49999999999998579 ) ;
#1715 = CARTESIAN_POINT ( 'NONE',  ( -9.000000000000000000, 62.50000000000000000, 17.00000000000000000 ) ) ;
#1716 = EDGE_CURVE ( 'NONE', #4526, #1765, #2991, .T. ) ;
#1717 = CARTESIAN_POINT ( 'NONE',  ( 14.73761543394930662, 19.48635277547909794, 5.000000000000000000 ) ) ;
#1718 = FACE_OUTER_BOUND ( 'NONE', #742, .T. ) ;
#1719 = VECTOR ( 'NONE', #3034, 1000.000000000000000 ) ;
#1720 = VERTEX_POINT ( 'NONE', #216 ) ;
#1721 = VECTOR ( 'NONE', #3539, 1000.000000000000000 ) ;
#1722 = EDGE_CURVE ( 'NONE', #3224, #1818, #2388, .T. ) ;
#1723 = DIRECTION ( 'NONE',  ( -0.000000000000000000, -0.000000000000000000, -1.000000000000000000 ) ) ;
#1724 = VECTOR ( 'NONE', #3214, 1000.000000000000114 ) ;
#1725 = ORIENTED_EDGE ( 'NONE', *, *, #1550, .F. ) ;
#1726 = CARTESIAN_POINT ( 'NONE',  ( -26.00000000000000000, -10.00000000000000178, 0.000000000000000000 ) ) ;
#1727 = ORIENTED_EDGE ( 'NONE', *, *, #3179, .F. ) ;
#1728 = CARTESIAN_POINT ( 'NONE',  ( 10.32988139361452262, -29.48635277547910505, 6.439198102782434319 ) ) ;
#1729 = EDGE_LOOP ( 'NONE', ( #208, #576, #3923, #249, #1973 ) ) ;
#1730 = CARTESIAN_POINT ( 'NONE',  ( 71.89999999999997726, -19.99999999999998579, 5.000000000000000000 ) ) ;
#1731 = ORIENTED_EDGE ( 'NONE', *, *, #2030, .T. ) ;
#1732 = CARTESIAN_POINT ( 'NONE',  ( -26.00000000000000000, -0.9000000000000031308, 5.000000000000000000 ) ) ;
#1733 = ORIENTED_EDGE ( 'NONE', *, *, #1892, .T. ) ;
#1734 = LINE ( 'NONE', #17, #4354 ) ;
#1735 = DIRECTION ( 'NONE',  ( 0.000000000000000000, 0.000000000000000000, 1.000000000000000000 ) ) ;
#1736 = CARTESIAN_POINT ( 'NONE',  ( 58.94635150703679471, -46.37228332093322081, 9.931233150626059825 ) ) ;
#1737 = DIRECTION ( 'NONE',  ( -0.000000000000000000, 0.000000000000000000, 1.000000000000000000 ) ) ;
#1738 = DIRECTION ( 'NONE',  ( -1.000000000000000000, 0.000000000000000000, -1.927470528863120133E-15 ) ) ;
#1739 = ORIENTED_EDGE ( 'NONE', *, *, #4384, .F. ) ;
#1740 = EDGE_LOOP ( 'NONE', ( #56, #3206, #1451, #1789 ) ) ;
#1741 = EDGE_CURVE ( 'NONE', #3113, #3929, #1418, .T. ) ;
#1742 = DIRECTION ( 'NONE',  ( 1.000000000000000000, 1.355252715606879803E-16, 0.000000000000000000 ) ) ;
#1743 = CARTESIAN_POINT ( 'NONE',  ( 60.00000000000000000, 52.00000000000000000, 0.000000000000000000 ) ) ;
#1744 = VERTEX_POINT ( 'NONE', #3999 ) ;
#1745 = ADVANCED_FACE ( 'NONE', ( #4373 ), #1153, .F. ) ;
#1746 = EDGE_CURVE ( 'NONE', #16, #4130, #3247, .T. ) ;
#1747 = LINE ( 'NONE', #1030, #3514 ) ;
#1748 = VERTEX_POINT ( 'NONE', #1101 ) ;
#1749 = LINE ( 'NONE', #3534, #1699 ) ;
#1750 = ORIENTED_EDGE ( 'NONE', *, *, #2635, .T. ) ;
#1751 = DIRECTION ( 'NONE',  ( 1.000000000000000000, 0.000000000000000000, 0.000000000000000000 ) ) ;
#1752 = VERTEX_POINT ( 'NONE', #1533 ) ;
#1753 = EDGE_CURVE ( 'NONE', #3479, #4183, #752, .T. ) ;
#1754 = EDGE_CURVE ( 'NONE', #1375, #4063, #1907, .T. ) ;
#1755 = DIRECTION ( 'NONE',  ( 0.000000000000000000, 0.000000000000000000, 1.000000000000000000 ) ) ;
#1756 = VERTEX_POINT ( 'NONE', #96 ) ;
#1757 = CARTESIAN_POINT ( 'NONE',  ( 25.09999999999998010, -69.50000000000000000, 5.000000000000000000 ) ) ;
#1758 = CARTESIAN_POINT ( 'NONE',  ( 74.99999999999994316, 19.99999999999998579, 0.000000000000000000 ) ) ;
#1759 = CARTESIAN_POINT ( 'NONE',  ( 14.73761543394930662, -19.48635277547909794, 5.000000000000000000 ) ) ;
#1760 = CARTESIAN_POINT ( 'NONE',  ( 56.70396056508993610, -49.09268506251422792, 6.905078990893436242 ) ) ;
#1761 = CARTESIAN_POINT ( 'NONE',  ( 24.00000000000000000, 40.00000000000000711, 15.00000000000000000 ) ) ;
#1762 = SURFACE_STYLE_USAGE ( .BOTH. , #2161 ) ;
#1763 = ORIENTED_EDGE ( 'NONE', *, *, #4342, .F. ) ;
#1764 = B_SPLINE_CURVE_WITH_KNOTS ( 'NONE', 3,
 ( #4225, #2437, #3869, #2086, #65, #1952, #1528, #2626, #133, #2937 ),
 .UNSPECIFIED., .F., .F.,
 ( 4, 2, 2, 2, 4 ),
 ( 0.000000000000000000, 0.0004257321173146997391, 0.0008514642346293994782, 0.001277196351944099272, 0.001702928469258798956 ),
 .UNSPECIFIED. ) ;
#1765 = VERTEX_POINT ( 'NONE', #2961 ) ;
#1766 = DIRECTION ( 'NONE',  ( 1.000000000000000000, 0.000000000000000000, 0.000000000000000000 ) ) ;
#1767 = LINE ( 'NONE', #3197, #3501 ) ;
#1768 = ORIENTED_EDGE ( 'NONE', *, *, #3406, .F. ) ;
#1769 = DIRECTION ( 'NONE',  ( 0.000000000000000000, 1.000000000000000000, 0.000000000000000000 ) ) ;
#1770 = VERTEX_POINT ( 'NONE', #2190 ) ;
#1771 = CONICAL_SURFACE ( 'NONE', #2968, 3.099999999999988098, 0.7853981633974502774 ) ;
#1772 = DIRECTION ( 'NONE',  ( 0.000000000000000000, 1.000000000000000000, -0.000000000000000000 ) ) ;
#1773 = LINE ( 'NONE', #3205, #2529 ) ;
#1774 = ORIENTED_EDGE ( 'NONE', *, *, #1437, .T. ) ;
#1775 = CONICAL_SURFACE ( 'NONE', #2000, 1.600000000000019851, 0.7853981633974458365 ) ;
#1776 = VERTEX_POINT ( 'NONE', #1837 ) ;
#1777 = EDGE_CURVE ( 'NONE', #2143, #596, #3982, .T. ) ;
#1778 = DIRECTION ( 'NONE',  ( 1.387778780781446662E-15, 1.000000000000000000, 0.000000000000000000 ) ) ;
#1779 = VECTOR ( 'NONE', #3603, 1000.000000000000000 ) ;
#1780 = DIRECTION ( 'NONE',  ( -0.000000000000000000, -0.000000000000000000, -1.000000000000000000 ) ) ;
#1781 = CIRCLE ( 'NONE', #3424, 3.000216807192278345 ) ;
#1782 = CIRCLE ( 'NONE', #1642, 1.599999999999997202 ) ;
#1783 = VECTOR ( 'NONE', #3090, 1000.000000000000000 ) ;
#1784 = CARTESIAN_POINT ( 'NONE',  ( 57.54857509844375585, -48.09631523984868551, 7.757566529648532772 ) ) ;
#1785 = FACE_OUTER_BOUND ( 'NONE', #2824, .T. ) ;
#1786 = FACE_OUTER_BOUND ( 'NONE', #4364, .T. ) ;
#1787 = EDGE_LOOP ( 'NONE', ( #863, #1774 ) ) ;
#1788 = CIRCLE ( 'NONE', #1280, 17.79999999999999716 ) ;
#1789 = ORIENTED_EDGE ( 'NONE', *, *, #4220, .T. ) ;
#1790 = VECTOR ( 'NONE', #1558, 1000.000000000000000 ) ;
#1791 = LINE ( 'NONE', #1152, #527 ) ;
#1792 = VECTOR ( 'NONE', #1638, 1000.000000000000000 ) ;
#1793 = VECTOR ( 'NONE', #963, 1000.000000000000000 ) ;
#1794 = CARTESIAN_POINT ( 'NONE',  ( 60.00000000000000000, 52.00000000000000000, 5.000000000000000000 ) ) ;
#1795 = ORIENTED_EDGE ( 'NONE', *, *, #3071, .F. ) ;
#1796 = VECTOR ( 'NONE', #1930, 1000.000000000000000 ) ;
#1797 = DIRECTION ( 'NONE',  ( -0.000000000000000000, -0.000000000000000000, -1.000000000000000000 ) ) ;
#1798 = ORIENTED_EDGE ( 'NONE', *, *, #3346, .F. ) ;
#1799 = AXIS2_PLACEMENT_3D ( 'NONE', #2017, #4205, #232 ) ;
#1800 = FACE_OUTER_BOUND ( 'NONE', #3825, .T. ) ;
#1801 = CARTESIAN_POINT ( 'NONE',  ( -11.39999999999999325, -78.00000000000001421, 3.499999999999994671 ) ) ;
#1802 = VERTEX_POINT ( 'NONE', #773 ) ;
#1803 = AXIS2_PLACEMENT_3D ( 'NONE', #4080, #88, #826 ) ;
#1804 = ADVANCED_FACE ( 'NONE', ( #426 ), #793, .F. ) ;
#1805 = ORIENTED_EDGE ( 'NONE', *, *, #4532, .F. ) ;
#1806 = CARTESIAN_POINT ( 'NONE',  ( 22.49999999999999645, 5.500000000000001776, 5.000000000000000000 ) ) ;
#1807 = FACE_OUTER_BOUND ( 'NONE', #128, .T. ) ;
#1808 = EDGE_CURVE ( 'NONE', #270, #3728, #1192, .T. ) ;
#1809 = DIRECTION ( 'NONE',  ( 1.000000000000000000, 0.000000000000000000, -0.000000000000000000 ) ) ;
#1810 = CARTESIAN_POINT ( 'NONE',  ( 75.00000000000000000, -19.99999999999998579, 3.499999999999977796 ) ) ;
#1811 = FACE_OUTER_BOUND ( 'NONE', #3017, .T. ) ;
#1812 = ORIENTED_EDGE ( 'NONE', *, *, #3581, .T. ) ;
#1813 = ORIENTED_EDGE ( 'NONE', *, *, #3470, .T. ) ;
#1814 = CARTESIAN_POINT ( 'NONE',  ( -27.66829088000282511, -0.9000000000000032419, 6.439198102782435207 ) ) ;
#1815 = B_SPLINE_CURVE_WITH_KNOTS ( 'NONE', 3,
 ( #2062, #2788, #1671, #278, #1287, #1626, #4581, #3057, #950, #1691, #2367, #4535, #609, #2021, #1023, #2701 ),
 .UNSPECIFIED., .F., .F.,
 ( 4, 2, 2, 2, 2, 2, 2, 4 ),
 ( 0.000000000000000000, 0.0003849118955646418558, 0.0007698237911292837117, 0.001154735686693925513, 0.001539647582258567423, 0.001924559477823209117, 0.002309471373387851027, 0.003079295164517137449 ),
 .UNSPECIFIED. ) ;
#1816 = DIRECTION ( 'NONE',  ( 1.000000000000000000, 0.000000000000000000, 0.000000000000000000 ) ) ;
#1817 = CARTESIAN_POINT ( 'NONE',  ( 0.000000000000000000, 9.999999999999996447, 0.000000000000000000 ) ) ;
#1818 = VERTEX_POINT ( 'NONE', #2233 ) ;
#1819 = DIRECTION ( 'NONE',  ( 1.000000000000000000, 1.387778780781446662E-15, -0.000000000000000000 ) ) ;
#1820 = ORIENTED_EDGE ( 'NONE', *, *, #4449, .T. ) ;
#1821 = DIRECTION ( 'NONE',  ( -0.000000000000000000, 1.000000000000000000, -0.000000000000000000 ) ) ;
#1822 = DIRECTION ( 'NONE',  ( 0.000000000000000000, 0.000000000000000000, 1.000000000000000000 ) ) ;
#1823 = VERTEX_POINT ( 'NONE', #1126 ) ;
#1824 = VERTEX_POINT ( 'NONE', #747 ) ;
#1825 = DIRECTION ( 'NONE',  ( 1.000000000000000000, 0.000000000000000000, 0.000000000000000000 ) ) ;
#1826 = DIRECTION ( 'NONE',  ( -1.000000000000000000, -0.000000000000000000, -0.000000000000000000 ) ) ;
#1827 = DIRECTION ( 'NONE',  ( 0.000000000000000000, 0.000000000000000000, 1.000000000000000000 ) ) ;
#1828 = CARTESIAN_POINT ( 'NONE',  ( 60.00000000000001421, 45.00000000000000711, 15.00000000000000000 ) ) ;
#1829 = CARTESIAN_POINT ( 'NONE',  ( 26.59999999999996589, 69.50000000000000000, 3.499999999999980016 ) ) ;
#1830 = DIRECTION ( 'NONE',  ( 0.000000000000000000, 0.000000000000000000, 1.000000000000000000 ) ) ;
#1831 = EDGE_CURVE ( 'NONE', #4022, #703, #73, .T. ) ;
#1832 = ADVANCED_FACE ( 'NONE', ( #3690 ), #897, .F. ) ;
#1833 = EDGE_LOOP ( 'NONE', ( #3861, #689 ) ) ;
#1834 = EDGE_CURVE ( 'NONE', #2684, #3486, #2607, .T. ) ;
#1835 = DIRECTION ( 'NONE',  ( 0.000000000000000000, 0.000000000000000000, 1.000000000000000000 ) ) ;
#1836 = ADVANCED_FACE ( 'NONE', ( #2562 ), #2941, .F. ) ;
#1837 = CARTESIAN_POINT ( 'NONE',  ( -32.41141100645621975, -40.00000000000000711, 0.000000000000000000 ) ) ;
#1838 = DIRECTION ( 'NONE',  ( -0.000000000000000000, -0.000000000000000000, -1.000000000000000000 ) ) ;
#1839 = EDGE_LOOP ( 'NONE', ( #3251, #4561, #2693, #2617, #3368, #666, #3936 ) ) ;
#1840 = EDGE_CURVE ( 'NONE', #4431, #3516, #2208, .T. ) ;
#1841 = ORIENTED_EDGE ( 'NONE', *, *, #1926, .F. ) ;
#1842 = CARTESIAN_POINT ( 'NONE',  ( 61.59999999999999432, -52.00000000000000000, -5.000000000000000000 ) ) ;
#1843 = CARTESIAN_POINT ( 'NONE',  ( 0.000000000000000000, 29.48635277547910505, 0.000000000000000000 ) ) ;
#1844 = ORIENTED_EDGE ( 'NONE', *, *, #890, .F. ) ;
#1845 = AXIS2_PLACEMENT_3D ( 'NONE', #1484, #1830, #2628 ) ;
#1846 = VERTEX_POINT ( 'NONE', #498 ) ;
#1847 = DIRECTION ( 'NONE',  ( 1.000000000000000000, 0.000000000000000000, 0.000000000000000000 ) ) ;
#1848 = DIRECTION ( 'NONE',  ( -1.000000000000000000, 0.000000000000000000, 0.000000000000000000 ) ) ;
#1849 = CARTESIAN_POINT ( 'NONE',  ( 60.00000000000001421, 45.00000000000000711, 15.00000000000000000 ) ) ;
#1850 = CIRCLE ( 'NONE', #4474, 2.249999999999998668 ) ;
#1851 = CARTESIAN_POINT ( 'NONE',  ( 63.09999999999998721, -52.00000000000000000, 0.000000000000000000 ) ) ;
#1852 = VECTOR ( 'NONE', #1063, 1000.000000000000000 ) ;
#1853 = PLANE ( 'NONE',  #390 ) ;
#1854 = DIRECTION ( 'NONE',  ( 1.000000000000000000, 0.000000000000000000, 0.000000000000000000 ) ) ;
#1855 = ORIENTED_EDGE ( 'NONE', *, *, #3446, .F. ) ;
#1856 = AXIS2_PLACEMENT_3D ( 'NONE', #264, #3248, #1516 ) ;
#1857 = ADVANCED_FACE ( 'NONE', ( #1515 ), #2533, .F. ) ;
#1858 = DIRECTION ( 'NONE',  ( -0.7071067811865476838, -0.7071067811865474617, 0.000000000000000000 ) ) ;
#1859 = EDGE_CURVE ( 'NONE', #3195, #703, #160, .T. ) ;
#1860 = CIRCLE ( 'NONE', #1203, 1.600000000000007638 ) ;
#1861 = VECTOR ( 'NONE', #570, 1000.000000000000000 ) ;
#1862 = DIRECTION ( 'NONE',  ( 1.000000000000000000, 0.000000000000000000, 0.000000000000000000 ) ) ;
#1863 = LINE ( 'NONE', #3292, #2752 ) ;
#1864 = EDGE_LOOP ( 'NONE', ( #3194, #2102, #1079, #1992 ) ) ;
#1865 = AXIS2_PLACEMENT_3D ( 'NONE', #4343, #2930, #1140 ) ;
#1866 = AXIS2_PLACEMENT_3D ( 'NONE', #4536, #2156, #4348 ) ;
#1867 = EDGE_CURVE ( 'NONE', #4544, #600, #1054, .T. ) ;
#1868 = VERTEX_POINT ( 'NONE', #1262 ) ;
#1869 = CARTESIAN_POINT ( 'NONE',  ( 76.59999999999995168, 19.99999999999998579, 3.499999999999977796 ) ) ;
#1870 = ORIENTED_EDGE ( 'NONE', *, *, #4509, .T. ) ;
#1871 = AXIS2_PLACEMENT_3D ( 'NONE', #688, #2101, #3532 ) ;
#1872 = PLANE ( 'NONE',  #1486 ) ;
#1873 = VERTEX_POINT ( 'NONE', #1221 ) ;
#1874 = AXIS2_PLACEMENT_3D ( 'NONE', #24, #2860, #421 ) ;
#1875 = FACE_BOUND ( 'NONE', #4082, .T. ) ;
#1876 = ORIENTED_EDGE ( 'NONE', *, *, #1554, .F. ) ;
#1877 = CARTESIAN_POINT ( 'NONE',  ( 0.000000000000000000, 0.000000000000000000, 5.000000000000000000 ) ) ;
#1878 = CARTESIAN_POINT ( 'NONE',  ( 55.52746830010951840, 50.41656042619698042, 6.106993172055722674 ) ) ;
#1879 = DIRECTION ( 'NONE',  ( 0.000000000000000000, -1.000000000000000000, 0.000000000000000000 ) ) ;
#1880 = CARTESIAN_POINT ( 'NONE',  ( -27.66829088000282511, 1.099999999999995870, 9.439414909974713552 ) ) ;
#1881 = CARTESIAN_POINT ( 'NONE',  ( -32.41141100645621975, -40.00000000000000711, 5.000000000000000000 ) ) ;
#1882 = LINE ( 'NONE', #548, #677 ) ;
#1883 = DIRECTION ( 'NONE',  ( 1.000000000000000000, -1.156482317317871725E-15, 0.000000000000000000 ) ) ;
#1884 = CARTESIAN_POINT ( 'NONE',  ( 11.99999999999995204, 69.00000000000000000, 5.000000000000000000 ) ) ;
#1885 = ORIENTED_EDGE ( 'NONE', *, *, #1926, .T. ) ;
#1886 = EDGE_CURVE ( 'NONE', #1415, #2259, #519, .T. ) ;
#1887 = ORIENTED_EDGE ( 'NONE', *, *, #4051, .T. ) ;
#1888 = CARTESIAN_POINT ( 'NONE',  ( 22.41528496361298650, 11.80868324581541451, 0.000000000000000000 ) ) ;
#1889 = ADVANCED_FACE ( 'NONE', ( #2349 ), #3663, .F. ) ;
#1890 = CARTESIAN_POINT ( 'NONE',  ( -24.38875556251408128, -81.94777972655472809, 5.000000000000000000 ) ) ;
#1891 = ORIENTED_EDGE ( 'NONE', *, *, #3766, .F. ) ;
#1892 = EDGE_CURVE ( 'NONE', #2560, #1620, #2759, .T. ) ;
#1893 = EDGE_CURVE ( 'NONE', #3249, #4397, #2368, .T. ) ;
#1894 = FACE_BOUND ( 'NONE', #372, .T. ) ;
#1895 = ORIENTED_EDGE ( 'NONE', *, *, #2268, .T. ) ;
#1896 = DIRECTION ( 'NONE',  ( -0.7071067811865489050, 0.000000000000000000, -0.7071067811865462405 ) ) ;
#1897 = ORIENTED_EDGE ( 'NONE', *, *, #3346, .T. ) ;
#1898 = FACE_BOUND ( 'NONE', #1567, .T. ) ;
#1899 = VERTEX_POINT ( 'NONE', #1604 ) ;
#1900 = EDGE_CURVE ( 'NONE', #3526, #1381, #3058, .T. ) ;
#1901 = ORIENTED_EDGE ( 'NONE', *, *, #42, .T. ) ;
#1902 = LINE ( 'NONE', #2977, #2681 ) ;
#1903 = CARTESIAN_POINT ( 'NONE',  ( 58.39999999999999858, 52.00000000000000000, -5.000000000000000000 ) ) ;
#1904 = DIRECTION ( 'NONE',  ( -0.000000000000000000, -0.000000000000000000, -1.000000000000000000 ) ) ;
#1905 = FACE_OUTER_BOUND ( 'NONE', #4407, .T. ) ;
#1906 = LINE ( 'NONE', #1603, #2916 ) ;
#1907 = LINE ( 'NONE', #3266, #3359 ) ;
#1908 = CARTESIAN_POINT ( 'NONE',  ( 61.59999999999999432, -52.00000000000000000, 5.000000000000000000 ) ) ;
#1909 = ORIENTED_EDGE ( 'NONE', *, *, #3909, .T. ) ;
#1910 = ORIENTED_EDGE ( 'NONE', *, *, #1167, .F. ) ;
#1911 = DIRECTION ( 'NONE',  ( 1.000000000000000000, 1.355252715606879803E-16, 0.000000000000000000 ) ) ;
#1912 = FACE_OUTER_BOUND ( 'NONE', #1002, .T. ) ;
#1913 = ORIENTED_EDGE ( 'NONE', *, *, #3844, .F. ) ;
#1914 = CARTESIAN_POINT ( 'NONE',  ( -29.39780203086234778, 9.999999999999994671, 5.000000000000000000 ) ) ;
#1915 = EDGE_LOOP ( 'NONE', ( #3455, #633, #4170, #2992 ) ) ;
#1916 = DIRECTION ( 'NONE',  ( 0.000000000000000000, 0.000000000000000000, 1.000000000000000000 ) ) ;
#1917 = CARTESIAN_POINT ( 'NONE',  ( 10.32988139361452262, 4.899999999999999467, 6.439198102782434319 ) ) ;
#1918 = ORIENTED_EDGE ( 'NONE', *, *, #3379, .F. ) ;
#1919 = CARTESIAN_POINT ( 'NONE',  ( -32.41141100645621975, -40.00000000000000711, 5.000000000000000000 ) ) ;
#1920 = ORIENTED_EDGE ( 'NONE', *, *, #1666, .T. ) ;
#1921 = AXIS2_PLACEMENT_3D ( 'NONE', #856, #3639, #422 ) ;
#1922 = EDGE_CURVE ( 'NONE', #1278, #3584, #3015, .T. ) ;
#1923 = DIRECTION ( 'NONE',  ( -0.000000000000000000, -0.000000000000000000, -1.000000000000000000 ) ) ;
#1924 = CARTESIAN_POINT ( 'NONE',  ( -14.27636238330915219, 9.999999999999994671, 0.000000000000000000 ) ) ;
#1925 = CARTESIAN_POINT ( 'NONE',  ( -27.66829088000282511, -1.900000000000006795, 8.689198102782434319 ) ) ;
#1926 = EDGE_CURVE ( 'NONE', #750, #3138, #2676, .T. ) ;
#1927 = VECTOR ( 'NONE', #4103, 1000.000000000000000 ) ;
#1928 = AXIS2_PLACEMENT_3D ( 'NONE', #3582, #2547, #412 ) ;
#1929 = LINE ( 'NONE', #4392, #671 ) ;
#1930 = DIRECTION ( 'NONE',  ( -1.000000000000000000, 0.000000000000000000, 0.000000000000000000 ) ) ;
#1931 = CARTESIAN_POINT ( 'NONE',  ( 4.146862743635832516, 62.50000000000000000, 5.000000000000000888 ) ) ;
#1932 = DIRECTION ( 'NONE',  ( 0.000000000000000000, 0.000000000000000000, 1.000000000000000000 ) ) ;
#1933 = AXIS2_PLACEMENT_3D ( 'NONE', #145, #1566, #2998 ) ;
#1934 = EDGE_LOOP ( 'NONE', ( #3507, #1708 ) ) ;
#1935 = VECTOR ( 'NONE', #1466, 1000.000000000000000 ) ;
#1936 = VECTOR ( 'NONE', #1624, 1000.000000000000000 ) ;
#1937 = VECTOR ( 'NONE', #1490, 1000.000000000000000 ) ;
#1938 = ORIENTED_EDGE ( 'NONE', *, *, #2655, .F. ) ;
#1939 = DIRECTION ( 'NONE',  ( -0.000000000000000000, -1.000000000000000000, -0.000000000000000000 ) ) ;
#1940 = ORIENTED_EDGE ( 'NONE', *, *, #4189, .T. ) ;
#1941 = VECTOR ( 'NONE', #207, 1000.000000000000000 ) ;
#1942 = DIRECTION ( 'NONE',  ( -0.000000000000000000, 0.000000000000000000, 1.000000000000000000 ) ) ;
#1943 = ORIENTED_EDGE ( 'NONE', *, *, #1716, .T. ) ;
#1944 = VECTOR ( 'NONE', #4421, 1000.000000000000000 ) ;
#1945 = CARTESIAN_POINT ( 'NONE',  ( -22.14686274363582896, 62.50000000000000000, 5.000000000000000888 ) ) ;
#1946 = CARTESIAN_POINT ( 'NONE',  ( 8.462065736472231821E-16, -10.00000000000000000, 0.000000000000000000 ) ) ;
#1947 = ORIENTED_EDGE ( 'NONE', *, *, #276, .F. ) ;
#1948 = CARTESIAN_POINT ( 'NONE',  ( 54.51976593173041152, 51.50471610431252856, 5.626358561457842633 ) ) ;
#1949 = EDGE_LOOP ( 'NONE', ( #1499, #4272, #3537, #939 ) ) ;
#1950 = EDGE_CURVE ( 'NONE', #3633, #2188, #3505, .T. ) ;
#1951 = VECTOR ( 'NONE', #4486, 1000.000000000000000 ) ;
#1952 = CARTESIAN_POINT ( 'NONE',  ( 63.70397608264481448, 39.58302765627852438, 5.177227939069534379 ) ) ;
#1953 = CARTESIAN_POINT ( 'NONE',  ( -27.66829088000282511, -40.00000000000000711, 6.439198102782435207 ) ) ;
#1954 = DIRECTION ( 'NONE',  ( -1.000000000000000000, 0.000000000000000000, 0.000000000000000000 ) ) ;
#1955 = AXIS2_PLACEMENT_3D ( 'NONE', #869, #3657, #436 ) ;
#1956 = EDGE_CURVE ( 'NONE', #1899, #1326, #1960, .T. ) ;
#1957 = EDGE_CURVE ( 'NONE', #3526, #203, #910, .T. ) ;
#1958 = DIRECTION ( 'NONE',  ( -0.000000000000000000, 0.000000000000000000, 1.000000000000000000 ) ) ;
#1959 = DIRECTION ( 'NONE',  ( -0.000000000000000000, -0.000000000000000000, -1.000000000000000000 ) ) ;
#1960 = LINE ( 'NONE', #4141, #4489 ) ;
#1961 = EDGE_LOOP ( 'NONE', ( #4426, #2015, #4214, #3622 ) ) ;
#1962 = EDGE_CURVE ( 'NONE', #3297, #1381, #4516, .T. ) ;
#1963 = EDGE_CURVE ( 'NONE', #1818, #3224, #3881, .T. ) ;
#1964 = CARTESIAN_POINT ( 'NONE',  ( 69.73799092751333717, 3.999999999999991562, 0.000000000000000000 ) ) ;
#1965 = DIRECTION ( 'NONE',  ( 0.7071067811865475727, 0.7071067811865475727, 0.000000000000000000 ) ) ;
#1966 = ORIENTED_EDGE ( 'NONE', *, *, #2324, .F. ) ;
#1967 = CARTESIAN_POINT ( 'NONE',  ( 11.71866100930141741, -109.1000000000000369, 5.000000000000000000 ) ) ;
#1968 = ORIENTED_EDGE ( 'NONE', *, *, #1746, .F. ) ;
#1969 = PRODUCT_CONTEXT ( 'NONE', #2883, 'mechanical' ) ;
#1970 = CARTESIAN_POINT ( 'NONE',  ( -27.66829088000282511, -0.9000000000000032419, 8.039198102782437516 ) ) ;
#1971 = ORIENTED_EDGE ( 'NONE', *, *, #1493, .F. ) ;
#1972 = CARTESIAN_POINT ( 'NONE',  ( 61.59999999999999432, 52.00000000000000000, 5.000000000000000000 ) ) ;
#1973 = ORIENTED_EDGE ( 'NONE', *, *, #3591, .T. ) ;
#1974 = CARTESIAN_POINT ( 'NONE',  ( 15.00000000000000000, -9.999999999999998224, -57.50000000000000000 ) ) ;
#1975 = CARTESIAN_POINT ( 'NONE',  ( -3.723637616690846919, -9.999999999999994671, 0.000000000000000000 ) ) ;
#1976 = LINE ( 'NONE', #3827, #880 ) ;
#1977 = CARTESIAN_POINT ( 'NONE',  ( -31.00000000000000000, 0.000000000000000000, 0.000000000000000000 ) ) ;
#1978 = EDGE_CURVE ( 'NONE', #3830, #1175, #3136, .T. ) ;
#1979 = DIRECTION ( 'NONE',  ( 0.000000000000000000, 0.000000000000000000, 1.000000000000000000 ) ) ;
#1980 = CARTESIAN_POINT ( 'NONE',  ( 74.99999999999994316, 19.99999999999998579, 5.000000000000000000 ) ) ;
#1981 = CARTESIAN_POINT ( 'NONE',  ( 74.99999999999994316, 19.99999999999998579, 5.000000000000000000 ) ) ;
#1982 = EDGE_CURVE ( 'NONE', #4001, #3138, #3763, .T. ) ;
#1983 = VERTEX_POINT ( 'NONE', #1655 ) ;
#1984 = EDGE_CURVE ( 'NONE', #3168, #504, #3403, .T. ) ;
#1985 = DIRECTION ( 'NONE',  ( 0.000000000000000000, 0.000000000000000000, 1.000000000000000000 ) ) ;
#1986 = EDGE_CURVE ( 'NONE', #1744, #1162, #3454, .T. ) ;
#1987 = ORIENTED_EDGE ( 'NONE', *, *, #2801, .T. ) ;
#1988 = CARTESIAN_POINT ( 'NONE',  ( -32.41141100645621975, -5.900000000000002132, 5.000000000000000000 ) ) ;
#1989 = ORIENTED_EDGE ( 'NONE', *, *, #1549, .T. ) ;
#1990 = DIRECTION ( 'NONE',  ( 3.083952846180992055E-15, 0.000000000000000000, 1.000000000000000000 ) ) ;
#1991 = DIRECTION ( 'NONE',  ( -1.000000000000000000, 0.000000000000000000, 0.000000000000000000 ) ) ;
#1992 = ORIENTED_EDGE ( 'NONE', *, *, #4096, .T. ) ;
#1993 = CARTESIAN_POINT ( 'NONE',  ( 18.87975105768025230, 29.48635277547910505, 5.000000000000000000 ) ) ;
#1994 = DIRECTION ( 'NONE',  ( -1.000000000000000000, 2.312964634635743450E-15, 0.000000000000000000 ) ) ;
#1995 = PLANE ( 'NONE',  #4171 ) ;
#1996 = CARTESIAN_POINT ( 'NONE',  ( 63.44288770224761009, -40.00000000000000711, 6.000000000000000000 ) ) ;
#1997 = CARTESIAN_POINT ( 'NONE',  ( 63.09999999999998721, 52.00000000000000000, 0.000000000000000000 ) ) ;
#1998 = ORIENTED_EDGE ( 'NONE', *, *, #987, .T. ) ;
#1999 = VERTEX_POINT ( 'NONE', #1306 ) ;
#2000 = AXIS2_PLACEMENT_3D ( 'NONE', #783, #490, #2879 ) ;
#2001 = AXIS2_PLACEMENT_3D ( 'NONE', #3064, #4399, #245 ) ;
#2002 = LINE ( 'NONE', #177, #2680 ) ;
#2003 = ORIENTED_EDGE ( 'NONE', *, *, #1245, .T. ) ;
#2004 = EDGE_CURVE ( 'NONE', #1083, #294, #235, .T. ) ;
#2005 = CIRCLE ( 'NONE', #4484, 1.600000000000019851 ) ;
#2006 = AXIS2_PLACEMENT_3D ( 'NONE', #1743, #1723, #4230 ) ;
#2007 = EDGE_CURVE ( 'NONE', #1521, #722, #2280, .T. ) ;
#2008 = CARTESIAN_POINT ( 'NONE',  ( 7.999999999999998224, 10.00000000000000178, 3.000000000000002665 ) ) ;
#2009 = ORIENTED_EDGE ( 'NONE', *, *, #506, .T. ) ;
#2010 = CARTESIAN_POINT ( 'NONE',  ( 15.00000000000000000, 5.899999999999999467, 10.00000000000000000 ) ) ;
#2011 = ORIENTED_EDGE ( 'NONE', *, *, #4390, .T. ) ;
#2012 = AXIS2_PLACEMENT_3D ( 'NONE', #2696, #1648, #4510 ) ;
#2013 = DIRECTION ( 'NONE',  ( 0.7071067811865474617, -0.7071067811865476838, 0.000000000000000000 ) ) ;
#2014 = CIRCLE ( 'NONE', #4562, 1.600000000000004086 ) ;
#2015 = ORIENTED_EDGE ( 'NONE', *, *, #3756, .F. ) ;
#2016 = DIRECTION ( 'NONE',  ( 1.000000000000000000, 0.000000000000000000, -0.000000000000000000 ) ) ;
#2017 = CARTESIAN_POINT ( 'NONE',  ( 18.87975105768025230, -29.48635277547910505, -5.000000000000000000 ) ) ;
#2018 = CARTESIAN_POINT ( 'NONE',  ( 28.19999999999999929, -69.50000000000000000, 5.000000000000000000 ) ) ;
#2019 = LINE ( 'NONE', #4534, #1936 ) ;
#2020 = VECTOR ( 'NONE', #441, 1000.000000000000000 ) ;
#2021 = CARTESIAN_POINT ( 'NONE',  ( 11.30995394265925391, -81.98386699781630682, 4.677046189893037997 ) ) ;
#2022 = DIRECTION ( 'NONE',  ( -0.000000000000000000, -0.000000000000000000, -1.000000000000000000 ) ) ;
#2023 = EDGE_LOOP ( 'NONE', ( #2383, #4308, #771, #2509 ) ) ;
#2024 = ORIENTED_EDGE ( 'NONE', *, *, #21, .F. ) ;
#2025 = EDGE_CURVE ( 'NONE', #2444, #1051, #1456, .T. ) ;
#2026 = DIRECTION ( 'NONE',  ( 0.000000000000000000, 1.000000000000000000, 0.000000000000000000 ) ) ;
#2027 = ORIENTED_EDGE ( 'NONE', *, *, #4342, .T. ) ;
#2028 = FACE_BOUND ( 'NONE', #3755, .T. ) ;
#2029 = ORIENTED_EDGE ( 'NONE', *, *, #1900, .T. ) ;
#2030 = EDGE_CURVE ( 'NONE', #3231, #1034, #2834, .T. ) ;
#2031 = DIRECTION ( 'NONE',  ( 1.000000000000000000, 0.000000000000000000, 0.000000000000000000 ) ) ;
#2032 = ORIENTED_EDGE ( 'NONE', *, *, #1524, .T. ) ;
#2033 = DIRECTION ( 'NONE',  ( -1.000000000000000000, 0.000000000000000000, 0.000000000000000000 ) ) ;
#2034 = ORIENTED_EDGE ( 'NONE', *, *, #3619, .T. ) ;
#2035 = DIRECTION ( 'NONE',  ( -0.2769703097043765827, 0.000000000000000000, -0.9608784769898125466 ) ) ;
#2036 = ORIENTED_EDGE ( 'NONE', *, *, #1473, .T. ) ;
#2037 = EDGE_CURVE ( 'NONE', #4506, #3873, #823, .T. ) ;
#2038 = DIRECTION ( 'NONE',  ( -1.000000000000000000, -0.000000000000000000, 0.000000000000000000 ) ) ;
#2039 = DIRECTION ( 'NONE',  ( -1.000000000000000000, 0.000000000000000000, -0.000000000000000000 ) ) ;
#2040 = ADVANCED_FACE ( 'NONE', ( #4318 ), #2485, .F. ) ;
#2041 = CARTESIAN_POINT ( 'NONE',  ( 0.7416697508022419560, -62.50000000000000000, 2.102353525932210587 ) ) ;
#2042 = DIRECTION ( 'NONE',  ( 0.000000000000000000, -0.000000000000000000, 1.000000000000000000 ) ) ;
#2043 = LINE ( 'NONE', #3388, #282 ) ;
#2044 = VERTEX_POINT ( 'NONE', #1144 ) ;
#2045 = ORIENTED_EDGE ( 'NONE', *, *, #3558, .T. ) ;
#2046 = CARTESIAN_POINT ( 'NONE',  ( -24.38875556251408128, -81.94777972655472809, 0.000000000000000000 ) ) ;
#2047 = PRODUCT ( 'second floor', 'second floor', '', ( #1969 ) ) ;
#2048 = VERTEX_POINT ( 'NONE', #1759 ) ;
#2049 = DIRECTION ( 'NONE',  ( 0.000000000000000000, 0.000000000000000000, -1.000000000000000000 ) ) ;
#2050 = ORIENTED_EDGE ( 'NONE', *, *, #2037, .T. ) ;
#2051 = DIRECTION ( 'NONE',  ( -0.000000000000000000, -0.000000000000000000, -1.000000000000000000 ) ) ;
#2052 = ORIENTED_EDGE ( 'NONE', *, *, #1550, .T. ) ;
#2053 = FACE_OUTER_BOUND ( 'NONE', #883, .T. ) ;
#2054 = ORIENTED_EDGE ( 'NONE', *, *, #4472, .F. ) ;
#2055 = EDGE_CURVE ( 'NONE', #920, #2584, #717, .T. ) ;
#2056 = LINE ( 'NONE', #2502, #2163 ) ;
#2057 = ORIENTED_EDGE ( 'NONE', *, *, #1982, .T. ) ;
#2058 = CARTESIAN_POINT ( 'NONE',  ( 63.44288770224761009, 40.00000000000000711, 6.000000000000000000 ) ) ;
#2059 = DIRECTION ( 'NONE',  ( 1.031172697806177805E-16, 1.000000000000000000, -0.000000000000000000 ) ) ;
#2060 = EDGE_CURVE ( 'NONE', #4303, #991, #698, .T. ) ;
#2061 = FACE_OUTER_BOUND ( 'NONE', #2877, .T. ) ;
#2062 = CARTESIAN_POINT ( 'NONE',  ( 8.941101777927626060, -81.63499670229491301, 5.000000000000000000 ) ) ;
#2063 = CARTESIAN_POINT ( 'NONE',  ( 14.73761543394930662, 19.48635277547909794, -5.000000000000000000 ) ) ;
#2064 = EDGE_LOOP ( 'NONE', ( #3165, #242, #267, #989 ) ) ;
#2065 = ORIENTED_EDGE ( 'NONE', *, *, #2699, .T. ) ;
#2066 = DIRECTION ( 'NONE',  ( -0.000000000000000000, -1.000000000000000000, -0.000000000000000000 ) ) ;
#2067 = VERTEX_POINT ( 'NONE', #2131 ) ;
#2068 = AXIS2_PLACEMENT_3D ( 'NONE', #3322, #40, #2220 ) ;
#2069 = UNCERTAINTY_MEASURE_WITH_UNIT (LENGTH_MEASURE( 1.000000000000000082E-05 ), #1460, 'distance_accuracy_value', 'NONE');
#2070 = VECTOR ( 'NONE', #3182, 1000.000000000000000 ) ;
#2071 = DIRECTION ( 'NONE',  ( 1.000000000000000000, 0.000000000000000000, 0.000000000000000000 ) ) ;
#2072 = ORIENTED_EDGE ( 'NONE', *, *, #2267, .T. ) ;
#2073 = CARTESIAN_POINT ( 'NONE',  ( 29.80000000000000426, -69.50000000000000000, 3.499999999999980016 ) ) ;
#2074 = EDGE_LOOP ( 'NONE', ( #1404, #534, #2842, #2583 ) ) ;
#2075 = CARTESIAN_POINT ( 'NONE',  ( 4.146862743635832516, -9.999999999999992895, 5.000000000000000888 ) ) ;
#2076 = EDGE_LOOP ( 'NONE', ( #4027, #678, #75, #123 ) ) ;
#2077 = AXIS2_PLACEMENT_3D ( 'NONE', #2799, #693, #3166 ) ;
#2078 = VECTOR ( 'NONE', #3746, 1000.000000000000000 ) ;
#2079 = VERTEX_POINT ( 'NONE', #3257 ) ;
#2080 = AXIS2_PLACEMENT_3D ( 'NONE', #1481, #1923, #1236 ) ;
#2081 = CIRCLE ( 'NONE', #3433, 17.79999999999999716 ) ;
#2082 = CARTESIAN_POINT ( 'NONE',  ( -14.60000000000003340, -78.00000000000001421, 5.000000000000000000 ) ) ;
#2083 = CARTESIAN_POINT ( 'NONE',  ( -11.39999999999999325, -78.00000000000001421, 3.499999999999994671 ) ) ;
#2084 = EDGE_CURVE ( 'NONE', #1162, #4612, #2111, .T. ) ;
#2085 = VECTOR ( 'NONE', #4546, 1000.000000000000000 ) ;
#2086 = CARTESIAN_POINT ( 'NONE',  ( 63.53401267773696759, 39.85515897001883445, 5.463659133712481797 ) ) ;
#2087 = CARTESIAN_POINT ( 'NONE',  ( 29.80000000000000426, -69.50000000000000000, 0.000000000000000000 ) ) ;
#2088 = DIRECTION ( 'NONE',  ( -1.031172697806177805E-16, -1.000000000000000000, 0.000000000000000000 ) ) ;
#2089 = AXIS2_PLACEMENT_3D ( 'NONE', #4515, #237, #3153 ) ;
#2090 = ADVANCED_FACE ( 'NONE', ( #1807 ), #3565, .F. ) ;
#2091 = EDGE_LOOP ( 'NONE', ( #2424, #1335 ) ) ;
#2092 = ORIENTED_EDGE ( 'NONE', *, *, #4072, .T. ) ;
#2093 = EDGE_CURVE ( 'NONE', #2100, #3187, #1114, .T. ) ;
#2094 = EDGE_CURVE ( 'NONE', #3442, #501, #3190, .T. ) ;
#2095 = VECTOR ( 'NONE', #3893, 1000.000000000000000 ) ;
#2096 = FACE_OUTER_BOUND ( 'NONE', #1251, .T. ) ;
#2097 = EDGE_CURVE ( 'NONE', #1608, #3714, #4346, .T. ) ;
#2098 = FACE_OUTER_BOUND ( 'NONE', #2723, .T. ) ;
#2099 = VECTOR ( 'NONE', #417, 1000.000000000000000 ) ;
#2100 = VERTEX_POINT ( 'NONE', #3993 ) ;
#2101 = DIRECTION ( 'NONE',  ( 3.195330897240195498E-16, 1.000000000000000000, 0.000000000000000000 ) ) ;
#2102 = ORIENTED_EDGE ( 'NONE', *, *, #1922, .F. ) ;
#2103 = LINE ( 'NONE', #4234, #2301 ) ;
#2104 = ORIENTED_EDGE ( 'NONE', *, *, #4300, .T. ) ;
#2105 = CARTESIAN_POINT ( 'NONE',  ( -27.66829088000282511, -49.90000000000002700, 8.689198102782434319 ) ) ;
#2106 = ORIENTED_EDGE ( 'NONE', *, *, #2749, .F. ) ;
#2107 = DIRECTION ( 'NONE',  ( 1.000000000000000000, 0.000000000000000000, 0.000000000000000000 ) ) ;
#2108 = ORIENTED_EDGE ( 'NONE', *, *, #4391, .T. ) ;
#2109 = CARTESIAN_POINT ( 'NONE',  ( -31.00000000000000000, 9.999999999999996447, -57.50000000000000000 ) ) ;
#2110 = CARTESIAN_POINT ( 'NONE',  ( 1.218700453088243485, 61.67375858687033485, 2.414287063269977995 ) ) ;
#2111 = LINE ( 'NONE', #2555, #4493 ) ;
#2112 = CARTESIAN_POINT ( 'NONE',  ( 60.00000000000001421, -45.00000000000000711, 15.00000000000000000 ) ) ;
#2113 = CARTESIAN_POINT ( 'NONE',  ( 75.00000000000000000, -19.99999999999998579, 3.499999999999977796 ) ) ;
#2114 = PLANE ( 'NONE',  #214 ) ;
#2115 = ORIENTED_EDGE ( 'NONE', *, *, #1540, .T. ) ;
#2116 = EDGE_LOOP ( 'NONE', ( #658, #4106, #12, #1098 ) ) ;
#2117 = EDGE_CURVE ( 'NONE', #4303, #2143, #1435, .T. ) ;
#2118 = CARTESIAN_POINT ( 'NONE',  ( 60.00000000000000000, -52.00000000000000000, 1.499999999999984901 ) ) ;
#2119 = CARTESIAN_POINT ( 'NONE',  ( 25.50000000000000000, 5.500000000000001776, 0.000000000000000000 ) ) ;
#2120 = ORIENTED_EDGE ( 'NONE', *, *, #2404, .F. ) ;
#2121 = EDGE_CURVE ( 'NONE', #1129, #3601, #2914, .T. ) ;
#2122 = FACE_OUTER_BOUND ( 'NONE', #844, .T. ) ;
#2123 = ORIENTED_EDGE ( 'NONE', *, *, #2236, .T. ) ;
#2124 = LINE ( 'NONE', #2408, #2070 ) ;
#2125 = LINE ( 'NONE', #2177, #147 ) ;
#2126 = ORIENTED_EDGE ( 'NONE', *, *, #3209, .F. ) ;
#2127 = PLANE ( 'NONE',  #2757 ) ;
#2128 = ORIENTED_EDGE ( 'NONE', *, *, #2920, .F. ) ;
#2129 = LINE ( 'NONE', #62, #3451 ) ;
#2130 = DIRECTION ( 'NONE',  ( -0.000000000000000000, -0.000000000000000000, -1.000000000000000000 ) ) ;
#2131 = CARTESIAN_POINT ( 'NONE',  ( 22.49999999999998224, -5.500000000000001776, 0.000000000000000000 ) ) ;
#2132 = CARTESIAN_POINT ( 'NONE',  ( 57.34189232484991550, -48.34268406086842873, 7.530985776880338989 ) ) ;
#2133 = DIRECTION ( 'NONE',  ( 0.000000000000000000, 0.000000000000000000, 1.000000000000000000 ) ) ;
#2134 = LINE ( 'NONE', #349, #1256 ) ;
#2135 = ORIENTED_EDGE ( 'NONE', *, *, #4513, .F. ) ;
#2136 = ORIENTED_EDGE ( 'NONE', *, *, #2976, .T. ) ;
#2137 = CARTESIAN_POINT ( 'NONE',  ( 58.39999999999999858, 52.00000000000000000, 1.499999999999984901 ) ) ;
#2138 = DIRECTION ( 'NONE',  ( 1.000000000000000000, 0.000000000000000000, 0.000000000000000000 ) ) ;
#2139 = ORIENTED_EDGE ( 'NONE', *, *, #2928, .F. ) ;
#2140 = EDGE_CURVE ( 'NONE', #1381, #509, #4121, .T. ) ;
#2141 = AXIS2_PLACEMENT_3D ( 'NONE', #904, #4115, #1954 ) ;
#2142 = CYLINDRICAL_SURFACE ( 'NONE', #387, 1.600000000000001643 ) ;
#2143 = VERTEX_POINT ( 'NONE', #1043 ) ;
#2144 = CIRCLE ( 'NONE', #812, 3.099999999999988098 ) ;
#2145 = CYLINDRICAL_SURFACE ( 'NONE', #1928, 1.000000000000000000 ) ;
#2146 = LINE ( 'NONE', #3913, #3800 ) ;
#2147 = VERTEX_POINT ( 'NONE', #3616 ) ;
#2148 = EDGE_CURVE ( 'NONE', #1685, #1983, #3237, .T. ) ;
#2149 = EDGE_CURVE ( 'NONE', #2079, #3464, #4193, .T. ) ;
#2150 = AXIS2_PLACEMENT_3D ( 'NONE', #4154, #3798, #2434 ) ;
#2151 = FACE_OUTER_BOUND ( 'NONE', #2178, .T. ) ;
#2152 = ORIENTED_EDGE ( 'NONE', *, *, #1831, .T. ) ;
#2153 = CARTESIAN_POINT ( 'NONE',  ( 24.00000000000000000, 39.00000000000000711, 5.000000000000000000 ) ) ;
#2154 = CARTESIAN_POINT ( 'NONE',  ( -19.00000000000000711, -75.00000000000000000, 0.000000000000000000 ) ) ;
#2155 = CONICAL_SURFACE ( 'NONE', #3659, 1.600000000000004086, 0.7853981633974463916 ) ;
#2156 = DIRECTION ( 'NONE',  ( -0.000000000000000000, 0.000000000000000000, 1.000000000000000000 ) ) ;
#2157 = VECTOR ( 'NONE', #887, 1000.000000000000000 ) ;
#2158 = VECTOR ( 'NONE', #427, 1000.000000000000114 ) ;
#2159 = DIRECTION ( 'NONE',  ( 0.000000000000000000, 0.000000000000000000, 1.000000000000000000 ) ) ;
#2160 = CARTESIAN_POINT ( 'NONE',  ( 15.00000000000000000, 0.9000000000000000222, 3.000000000000002665 ) ) ;
#2161 = SURFACE_SIDE_STYLE ('',( #4251 ) ) ;
#2162 = ORIENTED_EDGE ( 'NONE', *, *, #4473, .T. ) ;
#2163 = VECTOR ( 'NONE', #37, 1000.000000000000000 ) ;
#2164 = EDGE_LOOP ( 'NONE', ( #1574, #2350, #4457, #2411 ) ) ;
#2165 = B_SPLINE_CURVE_WITH_KNOTS ( 'NONE', 3,
 ( #852, #3727, #3375, #1948, #184, #1254, #1878, #2593, #3702, #2572, #1234, #1527, #129, #3306, #1596, #4458, #2250, #110, #4368, #2221, #4437, #3028, #438, #1849 ),
 .UNSPECIFIED., .F., .F.,
 ( 4, 2, 2, 2, 2, 2, 2, 2, 2, 2, 2, 4 ),
 ( 0.000000000000000000, 0.004618715458107349597, 0.005773394322634197405, 0.006928073187161044345, 0.009237430916214728685, 0.01039210978074158083, 0.01154678864526843818, 0.01270146750979529379, 0.01385614637432214941, 0.01616550410337584676, 0.01732018296790269890, 0.01847486183242955105 ),
 .UNSPECIFIED. ) ;
#2166 = CARTESIAN_POINT ( 'NONE',  ( -5.000000000000026645, 79.50000000000001421, 0.000000000000000000 ) ) ;
#2167 = CIRCLE ( 'NONE', #3818, 13.00000000000003197 ) ;
#2168 = DIRECTION ( 'NONE',  ( 0.000000000000000000, 0.000000000000000000, 1.000000000000000000 ) ) ;
#2169 = LINE ( 'NONE', #97, #298 ) ;
#2170 = ORIENTED_EDGE ( 'NONE', *, *, #3785, .T. ) ;
#2171 = VECTOR ( 'NONE', #2785, 1000.000000000000000 ) ;
#2172 = EDGE_CURVE ( 'NONE', #704, #4001, #1479, .T. ) ;
#2173 = CARTESIAN_POINT ( 'NONE',  ( 10.32988139361452262, 0.8999999999999980238, 4.439198102782435207 ) ) ;
#2174 = VERTEX_POINT ( 'NONE', #536 ) ;
#2175 = CIRCLE ( 'NONE', #2924, 17.79999999999999716 ) ;
#2176 = LINE ( 'NONE', #3609, #669 ) ;
#2177 = CARTESIAN_POINT ( 'NONE',  ( 76.59999999999999432, -19.99999999999998579, 5.000000000000000000 ) ) ;
#2178 = EDGE_LOOP ( 'NONE', ( #4359, #252, #3163, #3091 ) ) ;
#2179 = EDGE_CURVE ( 'NONE', #3841, #1278, #2321, .T. ) ;
#2180 = ORIENTED_EDGE ( 'NONE', *, *, #2777, .F. ) ;
#2181 = CARTESIAN_POINT ( 'NONE',  ( 60.00000000000001421, -55.00000000000000711, 15.00000000000000000 ) ) ;
#2182 = DIRECTION ( 'NONE',  ( -0.000000000000000000, -0.000000000000000000, 1.000000000000000000 ) ) ;
#2183 = DIRECTION ( 'NONE',  ( -0.000000000000000000, -0.000000000000000000, 1.000000000000000000 ) ) ;
#2184 = ADVANCED_FACE ( 'NONE', ( #3343 ), #468, .F. ) ;
#2185 = CARTESIAN_POINT ( 'NONE',  ( 59.64747327684327871, -45.46652498060907988, 11.95784028381091701 ) ) ;
#2186 = LINE ( 'NONE', #1829, #908 ) ;
#2187 = DIRECTION ( 'NONE',  ( -1.906289534040446993E-16, 1.000000000000000000, -0.000000000000000000 ) ) ;
#2188 = VERTEX_POINT ( 'NONE', #2293 ) ;
#2189 = DIRECTION ( 'NONE',  ( -1.000000000000000000, 0.000000000000000000, -0.000000000000000000 ) ) ;
#2190 = CARTESIAN_POINT ( 'NONE',  ( -1.000000000000054623, -69.00000000000000000, 0.000000000000000000 ) ) ;
#2191 = CARTESIAN_POINT ( 'NONE',  ( 69.73799092751333717, 3.999999999999991562, 3.000000000000000000 ) ) ;
#2192 = ORIENTED_EDGE ( 'NONE', *, *, #480, .T. ) ;
#2193 = ORIENTED_EDGE ( 'NONE', *, *, #3760, .F. ) ;
#2194 = DIRECTION ( 'NONE',  ( -1.084202172485504311E-16, 1.000000000000000000, -0.000000000000000000 ) ) ;
#2195 = FACE_OUTER_BOUND ( 'NONE', #4127, .T. ) ;
#2196 = ORIENTED_EDGE ( 'NONE', *, *, #2776, .F. ) ;
#2197 = VERTEX_POINT ( 'NONE', #3660 ) ;
#2198 = DIRECTION ( 'NONE',  ( 1.000000000000000000, 0.000000000000000000, -0.000000000000000000 ) ) ;
#2199 = CARTESIAN_POINT ( 'NONE',  ( -19.00000000000000711, 75.00000000000000000, -5.000000000000000000 ) ) ;
#2200 = DIRECTION ( 'NONE',  ( 1.000000000000000000, 0.000000000000000000, 0.000000000000000000 ) ) ;
#2201 = EDGE_CURVE ( 'NONE', #86, #2292, #2165, .T. ) ;
#2202 = DIRECTION ( 'NONE',  ( -0.7071067811865474617, -0.7071067811865476838, 0.000000000000000000 ) ) ;
#2203 = CARTESIAN_POINT ( 'NONE',  ( -27.66829088000282511, -0.9000000000000036859, 9.439414909974713552 ) ) ;
#2204 = DIRECTION ( 'NONE',  ( 0.000000000000000000, 0.000000000000000000, 1.000000000000000000 ) ) ;
#2205 = EDGE_LOOP ( 'NONE', ( #198, #2054, #1680, #3961 ) ) ;
#2206 = EDGE_CURVE ( 'NONE', #3614, #1899, #3280, .T. ) ;
#2207 = CARTESIAN_POINT ( 'NONE',  ( 14.73761543394930662, 19.48635277547909794, -5.000000000000000000 ) ) ;
#2208 = LINE ( 'NONE', #447, #3969 ) ;
#2209 = DIRECTION ( 'NONE',  ( -1.000000000000000000, 0.000000000000000000, 0.000000000000000000 ) ) ;
#2210 = ORIENTED_EDGE ( 'NONE', *, *, #3044, .F. ) ;
#2211 = CIRCLE ( 'NONE', #435, 1.600000000000004086 ) ;
#2212 = ORIENTED_EDGE ( 'NONE', *, *, #2055, .F. ) ;
#2213 = LINE ( 'NONE', #57, #3498 ) ;
#2214 = CARTESIAN_POINT ( 'NONE',  ( 18.87975105768025230, 29.48635277547910505, -5.000000000000000000 ) ) ;
#2215 = ORIENTED_EDGE ( 'NONE', *, *, #4219, .T. ) ;
#2216 = VECTOR ( 'NONE', #2578, 1000.000000000000000 ) ;
#2217 = CARTESIAN_POINT ( 'NONE',  ( 11.99999999999997513, -69.00000000000000000, 5.000000000000000000 ) ) ;
#2218 = ORIENTED_EDGE ( 'NONE', *, *, #1147, .T. ) ;
#2219 = PLANE ( 'NONE',  #1803 ) ;
#2220 = DIRECTION ( 'NONE',  ( -1.000000000000000000, 0.000000000000000000, 0.000000000000000000 ) ) ;
#2221 = CARTESIAN_POINT ( 'NONE',  ( 59.86177843965471368, 45.18384482760806264, 13.05342183916665277 ) ) ;
#2222 = LINE ( 'NONE', #4386, #3353 ) ;
#2223 = CIRCLE ( 'NONE', #3200, 1.999999999999999112 ) ;
#2224 = EDGE_CURVE ( 'NONE', #379, #1765, #4105, .T. ) ;
#2225 = CARTESIAN_POINT ( 'NONE',  ( 56.90000000000000568, 52.00000000000000000, 0.000000000000000000 ) ) ;
#2226 = CARTESIAN_POINT ( 'NONE',  ( -1.000000000000080602, 69.00000000000000000, 0.000000000000000000 ) ) ;
#2227 = AXIS2_PLACEMENT_3D ( 'NONE', #4443, #3381, #1190 ) ;
#2228 = AXIS2_PLACEMENT_3D ( 'NONE', #4000, #448, #2138 ) ;
#2229 = CYLINDRICAL_SURFACE ( 'NONE', #2227, 13.00000000000003197 ) ;
#2230 = ADVANCED_FACE ( 'NONE', ( #4062, #2273, #1183, #2666, #896, #89, #1510, #4034, #829, #3683, #1898, #2934, #1166, #491 ), #3323, .T. ) ;
#2231 = AXIS2_PLACEMENT_3D ( 'NONE', #1715, #4156, #3778 ) ;
#2232 = VECTOR ( 'NONE', #19, 1000.000000000000000 ) ;
#2233 = CARTESIAN_POINT ( 'NONE',  ( 56.90000000000000568, -52.00000000000000000, 0.000000000000000000 ) ) ;
#2234 = CARTESIAN_POINT ( 'NONE',  ( -9.000000000000000000, 62.50000000000000000, 17.00000000000000000 ) ) ;
#2235 = ADVANCED_FACE ( 'NONE', ( #1209 ), #510, .F. ) ;
#2236 = EDGE_CURVE ( 'NONE', #32, #790, #2387, .T. ) ;
#2237 = ORIENTED_EDGE ( 'NONE', *, *, #440, .T. ) ;
#2238 = VECTOR ( 'NONE', #31, 1000.000000000000000 ) ;
#2239 = VECTOR ( 'NONE', #2200, 1000.000000000000000 ) ;
#2240 = ADVANCED_FACE ( 'NONE', ( #2341 ), #2782, .F. ) ;
#2241 = DIRECTION ( 'NONE',  ( -0.000000000000000000, -0.000000000000000000, -1.000000000000000000 ) ) ;
#2242 = CARTESIAN_POINT ( 'NONE',  ( 29.79999999999997584, 69.50000000000000000, 5.000000000000000000 ) ) ;
#2243 = CIRCLE ( 'NONE', #3890, 3.100000000000019185 ) ;
#2244 = CARTESIAN_POINT ( 'NONE',  ( 60.00000000000000000, -52.00000000000000000, 1.499999999999984901 ) ) ;
#2245 = EDGE_LOOP ( 'NONE', ( #180, #2613, #38, #4476 ) ) ;
#2246 = AXIS2_PLACEMENT_3D ( 'NONE', #401, #1439, #3568 ) ;
#2247 = FACE_BOUND ( 'NONE', #1934, .T. ) ;
#2248 = ORIENTED_EDGE ( 'NONE', *, *, #3387, .F. ) ;
#2249 = CARTESIAN_POINT ( 'NONE',  ( -32.41141100645621975, -5.900000000000003020, 5.000000000000000000 ) ) ;
#2250 = CARTESIAN_POINT ( 'NONE',  ( 59.08389067365519765, 46.19671870678264014, 10.24196700005041905 ) ) ;
#2251 = ORIENTED_EDGE ( 'NONE', *, *, #2525, .T. ) ;
#2252 = CARTESIAN_POINT ( 'NONE',  ( 24.00000000000000000, 40.00000000000000711, 6.000000000000000000 ) ) ;
#2253 = LINE ( 'NONE', #113, #2997 ) ;
#2254 = FACE_OUTER_BOUND ( 'NONE', #554, .T. ) ;
#2255 = CYLINDRICAL_SURFACE ( 'NONE', #1052, 1.600000000000004086 ) ;
#2256 = DIRECTION ( 'NONE',  ( 1.000000000000000000, 0.000000000000000000, 0.000000000000000000 ) ) ;
#2257 = CARTESIAN_POINT ( 'NONE',  ( -26.00000000000000000, -0.9000000000000031308, 9.439414909974706447 ) ) ;
#2258 = CARTESIAN_POINT ( 'NONE',  ( -14.60000000000003340, -78.00000000000001421, 3.499999999999994671 ) ) ;
#2259 = VERTEX_POINT ( 'NONE', #1972 ) ;
#2260 = EDGE_CURVE ( 'NONE', #2471, #1253, #3667, .T. ) ;
#2261 = ADVANCED_FACE ( 'NONE', ( #4150 ), #3463, .F. ) ;
#2262 = EDGE_LOOP ( 'NONE', ( #2791, #3134, #3430, #1377 ) ) ;
#2263 = CARTESIAN_POINT ( 'NONE',  ( -32.41141100645621975, -0.9000000000000036859, 5.000000000000000000 ) ) ;
#2264 = ORIENTED_EDGE ( 'NONE', *, *, #2172, .T. ) ;
#2265 = FACE_OUTER_BOUND ( 'NONE', #371, .T. ) ;
#2266 = ORIENTED_EDGE ( 'NONE', *, *, #3833, .T. ) ;
#2267 = EDGE_CURVE ( 'NONE', #1471, #2100, #1571, .T. ) ;
#2268 = EDGE_CURVE ( 'NONE', #3231, #1748, #979, .T. ) ;
#2269 = FACE_BOUND ( 'NONE', #934, .T. ) ;
#2270 = ORIENTED_EDGE ( 'NONE', *, *, #2981, .F. ) ;
#2271 = DIRECTION ( 'NONE',  ( 0.000000000000000000, -0.000000000000000000, 1.000000000000000000 ) ) ;
#2272 = FACE_OUTER_BOUND ( 'NONE', #1151, .T. ) ;
#2273 = FACE_BOUND ( 'NONE', #1915, .T. ) ;
#2274 = ORIENTED_EDGE ( 'NONE', *, *, #3847, .T. ) ;
#2275 = DIRECTION ( 'NONE',  ( 0.000000000000000000, -1.000000000000000000, 0.000000000000000000 ) ) ;
#2276 = DIRECTION ( 'NONE',  ( -0.000000000000000000, -1.000000000000000000, -0.000000000000000000 ) ) ;
#2277 = LINE ( 'NONE', #3708, #2366 ) ;
#2278 = CARTESIAN_POINT ( 'NONE',  ( 0.7416697508022158658, 62.50000000000000000, 2.102353525932193268 ) ) ;
#2279 = LINE ( 'NONE', #3710, #1796 ) ;
#2280 = LINE ( 'NONE', #3216, #4261 ) ;
#2281 = CARTESIAN_POINT ( 'NONE',  ( 74.99999999999994316, 19.99999999999998579, 5.000000000000000000 ) ) ;
#2282 = ORIENTED_EDGE ( 'NONE', *, *, #200, .T. ) ;
#2283 = EDGE_LOOP ( 'NONE', ( #841, #2520, #1901, #3784 ) ) ;
#2284 = EDGE_CURVE ( 'NONE', #3300, #2197, #1703, .T. ) ;
#2285 = DIRECTION ( 'NONE',  ( -0.3254435404744063232, 0.000000000000000000, 0.9455614744496960711 ) ) ;
#2286 = ORIENTED_EDGE ( 'NONE', *, *, #626, .F. ) ;
#2287 = DIRECTION ( 'NONE',  ( 0.000000000000000000, 0.000000000000000000, 1.000000000000000000 ) ) ;
#2288 = EDGE_LOOP ( 'NONE', ( #2539, #2441, #2192, #1938 ) ) ;
#2289 = EDGE_CURVE ( 'NONE', #2584, #2147, #944, .T. ) ;
#2290 = LINE ( 'NONE', #2249, #23 ) ;
#2291 = DIRECTION ( 'NONE',  ( 1.000000000000000000, 1.906289534040446993E-16, 0.000000000000000000 ) ) ;
#2292 = VERTEX_POINT ( 'NONE', #2358 ) ;
#2293 = CARTESIAN_POINT ( 'NONE',  ( -9.899999999999993250, -78.00000000000001421, 5.000000000000000000 ) ) ;
#2294 = EDGE_LOOP ( 'NONE', ( #4353, #3793, #3314, #316 ) ) ;
#2295 = VECTOR ( 'NONE', #3032, 1000.000000000000000 ) ;
#2296 = FACE_BOUND ( 'NONE', #3117, .T. ) ;
#2297 = EDGE_CURVE ( 'NONE', #964, #3464, #643, .T. ) ;
#2298 = CARTESIAN_POINT ( 'NONE',  ( 10.44962118547830698, -56.09213956913501420, 4.438717525306223877 ) ) ;
#2299 = CARTESIAN_POINT ( 'NONE',  ( 76.59999999999995168, 19.99999999999998579, 3.499999999999977796 ) ) ;
#2300 = AXIS2_PLACEMENT_3D ( 'NONE', #3278, #127, #2933 ) ;
#2301 = VECTOR ( 'NONE', #2449, 1000.000000000000000 ) ;
#2302 = LINE ( 'NONE', #4088, #2596 ) ;
#2303 = DIRECTION ( 'NONE',  ( 0.000000000000000000, -0.000000000000000000, 1.000000000000000000 ) ) ;
#2304 = DIRECTION ( 'NONE',  ( 1.000000000000000000, -0.000000000000000000, -0.000000000000000000 ) ) ;
#2305 = DIRECTION ( 'NONE',  ( -0.7071067811865462405, 8.659560562354916834E-17, 0.7071067811865489050 ) ) ;
#2306 = VECTOR ( 'NONE', #846, 1000.000000000000000 ) ;
#2307 = VERTEX_POINT ( 'NONE', #3049 ) ;
#2308 = VECTOR ( 'NONE', #4357, 1000.000000000000000 ) ;
#2309 = AXIS2_PLACEMENT_3D ( 'NONE', #699, #367, #768 ) ;
#2310 = AXIS2_PLACEMENT_3D ( 'NONE', #4306, #1883, #2513 ) ;
#2311 = CARTESIAN_POINT ( 'NONE',  ( -9.250000000000017764, -79.50000000000001421, 0.000000000000000000 ) ) ;
#2312 = CARTESIAN_POINT ( 'NONE',  ( 22.49999999999999645, 5.500000000000001776, 0.000000000000000000 ) ) ;
#2313 = ORIENTED_EDGE ( 'NONE', *, *, #1746, .T. ) ;
#2314 = VECTOR ( 'NONE', #3485, 1000.000000000000000 ) ;
#2315 = AXIS2_PLACEMENT_3D ( 'NONE', #4479, #3482, #3774 ) ;
#2316 = CARTESIAN_POINT ( 'NONE',  ( 18.87975105768025230, -29.48635277547910505, 5.000000000000000000 ) ) ;
#2317 = ORIENTED_EDGE ( 'NONE', *, *, #132, .F. ) ;
#2318 = CIRCLE ( 'NONE', #314, 1.600000000000004086 ) ;
#2319 = CYLINDRICAL_SURFACE ( 'NONE', #4633, 75.00000000000001421 ) ;
#2320 = EDGE_LOOP ( 'NONE', ( #4607, #2931 ) ) ;
#2321 = LINE ( 'NONE', #2624, #239 ) ;
#2322 = VERTEX_POINT ( 'NONE', #3417 ) ;
#2323 = EDGE_CURVE ( 'NONE', #2369, #4431, #3075, .T. ) ;
#2324 = EDGE_CURVE ( 'NONE', #3138, #4559, #3443, .T. ) ;
#2325 = CARTESIAN_POINT ( 'NONE',  ( -27.66829088000282511, -1.900000000000006795, 6.439198102782435207 ) ) ;
#2326 = CARTESIAN_POINT ( 'NONE',  ( -15.90000000000001812, 75.00000000000000000, 0.000000000000000000 ) ) ;
#2327 = CARTESIAN_POINT ( 'NONE',  ( 69.73799092751333717, -4.000000000000008882, 0.000000000000000000 ) ) ;
#2328 = ADVANCED_FACE ( 'NONE', ( #1643 ), #4133, .F. ) ;
#2329 = ADVANCED_FACE ( 'NONE', ( #3794 ), #992, .F. ) ;
#2330 = CARTESIAN_POINT ( 'NONE',  ( 24.00000000000000000, -40.00000000000000711, 15.00000000000000000 ) ) ;
#2331 = CARTESIAN_POINT ( 'NONE',  ( 0.000000000000000000, -62.50000000000000000, 5.000000000000000000 ) ) ;
#2332 = DIRECTION ( 'NONE',  ( 0.000000000000000000, -1.000000000000000000, -0.000000000000000000 ) ) ;
#2333 = PLANE ( 'NONE',  #3283 ) ;
#2334 = EDGE_LOOP ( 'NONE', ( #2270, #3775, #3428, #2126 ) ) ;
#2335 = CARTESIAN_POINT ( 'NONE',  ( -24.83140145212533412, 1.099999999999995870, 7.415599282705910511 ) ) ;
#2336 = ORIENTED_EDGE ( 'NONE', *, *, #3446, .T. ) ;
#2337 = LINE ( 'NONE', #1967, #87 ) ;
#2338 = ORIENTED_EDGE ( 'NONE', *, *, #890, .T. ) ;
#2339 = CARTESIAN_POINT ( 'NONE',  ( 0.7416697508022158658, 62.50000000000000000, 5.000000000000000000 ) ) ;
#2340 = EDGE_LOOP ( 'NONE', ( #640, #2496, #2286, #918 ) ) ;
#2341 = FACE_OUTER_BOUND ( 'NONE', #4282, .T. ) ;
#2342 = ORIENTED_EDGE ( 'NONE', *, *, #2606, .T. ) ;
#2343 = CARTESIAN_POINT ( 'NONE',  ( 4.146862743635832516, -58.64006586735677473, 5.000000000000000000 ) ) ;
#2344 = DIRECTION ( 'NONE',  ( 1.000000000000000000, -1.031172697806177805E-16, 0.000000000000000000 ) ) ;
#2345 = EDGE_CURVE ( 'NONE', #1379, #1083, #3142, .T. ) ;
#2346 = LINE ( 'NONE', #3056, #4260 ) ;
#2347 = DIRECTION ( 'NONE',  ( 1.000000000000000000, -7.227492159142617633E-17, 0.000000000000000000 ) ) ;
#2348 = ADVANCED_FACE ( 'NONE', ( #624 ), #2410, .F. ) ;
#2349 = FACE_OUTER_BOUND ( 'NONE', #4075, .T. ) ;
#2350 = ORIENTED_EDGE ( 'NONE', *, *, #905, .T. ) ;
#2351 = EDGE_LOOP ( 'NONE', ( #654, #511, #3885, #1910, #3074, #1025 ) ) ;
#2352 = DIRECTION ( 'NONE',  ( 1.000000000000000000, 0.000000000000000000, 0.000000000000000000 ) ) ;
#2353 = ORIENTED_EDGE ( 'NONE', *, *, #2289, .T. ) ;
#2354 = DIRECTION ( 'NONE',  ( 0.000000000000000000, 0.000000000000000000, 1.000000000000000000 ) ) ;
#2355 = ORIENTED_EDGE ( 'NONE', *, *, #396, .T. ) ;
#2356 = CARTESIAN_POINT ( 'NONE',  ( 73.39999999999999147, -19.99999999999998579, 0.000000000000000000 ) ) ;
#2357 = VERTEX_POINT ( 'NONE', #3842 ) ;
#2358 = CARTESIAN_POINT ( 'NONE',  ( 60.00000000000001421, 45.00000000000000711, 15.00000000000000000 ) ) ;
#2359 = EDGE_LOOP ( 'NONE', ( #2193, #3533, #1290, #4586, #1141, #2658, #1588, #8, #2274, #178 ) ) ;
#2360 = AXIS2_PLACEMENT_3D ( 'NONE', #977, #2656, #885 ) ;
#2361 = DIRECTION ( 'NONE',  ( 0.000000000000000000, 0.000000000000000000, -1.000000000000000000 ) ) ;
#2362 = CARTESIAN_POINT ( 'NONE',  ( 22.49999999999999645, 5.500000000000001776, 5.000000000000000000 ) ) ;
#2363 = DIRECTION ( 'NONE',  ( -0.7071067811865497932, 0.000000000000000000, -0.7071067811865453523 ) ) ;
#2364 = ADVANCED_FACE ( 'NONE', ( #2053 ), #4575, .F. ) ;
#2365 = CARTESIAN_POINT ( 'NONE',  ( 9.348449069271129730, -84.98745835529210524, 4.691900871071982948 ) ) ;
#2366 = VECTOR ( 'NONE', #3996, 1000.000000000000000 ) ;
#2367 = CARTESIAN_POINT ( 'NONE',  ( 10.57534416760721463, -81.92232174386955990, 4.450178492890914939 ) ) ;
#2368 = LINE ( 'NONE', #1931, #2458 ) ;
#2369 = VERTEX_POINT ( 'NONE', #1108 ) ;
#2370 = ORIENTED_EDGE ( 'NONE', *, *, #244, .F. ) ;
#2371 = VECTOR ( 'NONE', #1663, 1000.000000000000000 ) ;
#2372 = EDGE_CURVE ( 'NONE', #4631, #4571, #3887, .T. ) ;
#2373 = EDGE_CURVE ( 'NONE', #3753, #247, #3536, .T. ) ;
#2374 = CIRCLE ( 'NONE', #4402, 13.00000000000003020 ) ;
#2375 = CIRCLE ( 'NONE', #4028, 3.000216807192278345 ) ;
#2376 = DIRECTION ( 'NONE',  ( -1.000000000000000000, 0.000000000000000000, 0.000000000000000000 ) ) ;
#2377 = ORIENTED_EDGE ( 'NONE', *, *, #2981, .T. ) ;
#2378 = AXIS2_PLACEMENT_3D ( 'NONE', #2396, #3828, #631 ) ;
#2379 = VECTOR ( 'NONE', #4585, 1000.000000000000000 ) ;
#2380 = EDGE_CURVE ( 'NONE', #3524, #575, #2523, .T. ) ;
#2381 = ADVANCED_FACE ( 'NONE', ( #3960 ), #1065, .F. ) ;
#2382 = DIRECTION ( 'NONE',  ( 0.000000000000000000, 1.000000000000000000, 0.000000000000000000 ) ) ;
#2383 = ORIENTED_EDGE ( 'NONE', *, *, #3552, .F. ) ;
#2384 = DIRECTION ( 'NONE',  ( 1.000000000000000000, 0.000000000000000000, 0.000000000000000000 ) ) ;
#2385 = ORIENTED_EDGE ( 'NONE', *, *, #1320, .T. ) ;
#2386 = CONICAL_SURFACE ( 'NONE', #3287, 1.600000000000019851, 0.7853981633974458365 ) ;
#2387 = LINE ( 'NONE', #1277, #1793 ) ;
#2388 = CIRCLE ( 'NONE', #679, 3.099999999999991651 ) ;
#2389 = ORIENTED_EDGE ( 'NONE', *, *, #4012, .T. ) ;
#2390 = VECTOR ( 'NONE', #727, 1000.000000000000000 ) ;
#2391 = LINE ( 'NONE', #255, #5 ) ;
#2392 = ORIENTED_EDGE ( 'NONE', *, *, #2037, .F. ) ;
#2393 = LINE ( 'NONE', #1283, #1653 ) ;
#2394 = DIRECTION ( 'NONE',  ( 1.000000000000000000, 0.000000000000000000, 0.000000000000000000 ) ) ;
#2395 = CIRCLE ( 'NONE', #2689, 17.79999999999999716 ) ;
#2396 = CARTESIAN_POINT ( 'NONE',  ( 60.00000000000000000, 52.00000000000000000, 1.499999999999984901 ) ) ;
#2397 = VECTOR ( 'NONE', #2038, 1000.000000000000000 ) ;
#2398 = FACE_OUTER_BOUND ( 'NONE', #1864, .T. ) ;
#2399 = ORIENTED_EDGE ( 'NONE', *, *, #1722, .T. ) ;
#2400 = ORIENTED_EDGE ( 'NONE', *, *, #4331, .T. ) ;
#2401 = ORIENTED_EDGE ( 'NONE', *, *, #1080, .F. ) ;
#2402 = LINE ( 'NONE', #3907, #4485 ) ;
#2403 = ORIENTED_EDGE ( 'NONE', *, *, #3640, .F. ) ;
#2404 = EDGE_CURVE ( 'NONE', #1003, #920, #1714, .T. ) ;
#2405 = EDGE_CURVE ( 'NONE', #3788, #4469, #2500, .T. ) ;
#2406 = LINE ( 'NONE', #3836, #1944 ) ;
#2407 = ORIENTED_EDGE ( 'NONE', *, *, #13, .T. ) ;
#2408 = CARTESIAN_POINT ( 'NONE',  ( 3.879751057680255411, 0.000000000000000000, 0.000000000000000000 ) ) ;
#2409 = ORIENTED_EDGE ( 'NONE', *, *, #302, .F. ) ;
#2410 = CYLINDRICAL_SURFACE ( 'NONE', #3741, 10.00000000000000178 ) ;
#2411 = ORIENTED_EDGE ( 'NONE', *, *, #1085, .F. ) ;
#2412 = EDGE_CURVE ( 'NONE', #1090, #1462, #2464, .T. ) ;
#2413 = ADVANCED_FACE ( 'NONE', ( #663 ), #684, .F. ) ;
#2414 = DIRECTION ( 'NONE',  ( 0.000000000000000000, 0.000000000000000000, -1.000000000000000000 ) ) ;
#2415 = ORIENTED_EDGE ( 'NONE', *, *, #1549, .F. ) ;
#2416 = DIRECTION ( 'NONE',  ( 1.084202172485504311E-16, -1.000000000000000000, 0.000000000000000000 ) ) ;
#2417 = CARTESIAN_POINT ( 'NONE',  ( -32.41141100645621975, -0.9000000000000050182, 5.000000000000000000 ) ) ;
#2418 = PLANE ( 'NONE',  #1124 ) ;
#2419 = CARTESIAN_POINT ( 'NONE',  ( 10.32988139361452262, 4.899999999999999467, 6.439198102782434319 ) ) ;
#2420 = CARTESIAN_POINT ( 'NONE',  ( 28.19999999999999929, -69.50000000000000000, 5.000000000000000000 ) ) ;
#2421 = VERTEX_POINT ( 'NONE', #4616 ) ;
#2422 = ORIENTED_EDGE ( 'NONE', *, *, #3080, .F. ) ;
#2423 = DIRECTION ( 'NONE',  ( 1.000000000000000000, 0.000000000000000000, 0.000000000000000000 ) ) ;
#2424 = ORIENTED_EDGE ( 'NONE', *, *, #3925, .T. ) ;
#2425 = DIRECTION ( 'NONE',  ( -0.000000000000000000, -1.000000000000000000, -0.000000000000000000 ) ) ;
#2426 = VERTEX_POINT ( 'NONE', #1380 ) ;
#2427 = DIRECTION ( 'NONE',  ( 1.031172697806177805E-16, 1.000000000000000000, -0.000000000000000000 ) ) ;
#2428 = ORIENTED_EDGE ( 'NONE', *, *, #905, .F. ) ;
#2429 = DIRECTION ( 'NONE',  ( 0.000000000000000000, 0.000000000000000000, 1.000000000000000000 ) ) ;
#2430 = ORIENTED_EDGE ( 'NONE', *, *, #4597, .T. ) ;
#2431 = ADVANCED_FACE ( 'NONE', ( #2451 ), #2155, .F. ) ;
#2432 = ORIENTED_EDGE ( 'NONE', *, *, #1383, .T. ) ;
#2433 = CARTESIAN_POINT ( 'NONE',  ( 15.00000000000000000, -4.000000000000008882, 3.000000000000000000 ) ) ;
#2434 = DIRECTION ( 'NONE',  ( 1.000000000000000000, 0.000000000000000000, 0.000000000000000000 ) ) ;
#2435 = VECTOR ( 'NONE', #3154, 1000.000000000000000 ) ;
#2436 = EDGE_CURVE ( 'NONE', #1325, #1591, #1636, .T. ) ;
#2437 = CARTESIAN_POINT ( 'NONE',  ( 63.44288770224761009, 40.00000000000000000, 5.855869341875739487 ) ) ;
#2438 = DIRECTION ( 'NONE',  ( 1.000000000000000000, 0.000000000000000000, 0.000000000000000000 ) ) ;
#2439 = DIRECTION ( 'NONE',  ( 1.000000000000000000, 0.000000000000000000, 0.000000000000000000 ) ) ;
#2440 = VERTEX_POINT ( 'NONE', #1474 ) ;
#2441 = ORIENTED_EDGE ( 'NONE', *, *, #2573, .F. ) ;
#2442 = VECTOR ( 'NONE', #1170, 1000.000000000000000 ) ;
#2443 = DIRECTION ( 'NONE',  ( -0.000000000000000000, -1.000000000000000000, -0.000000000000000000 ) ) ;
#2444 = VERTEX_POINT ( 'NONE', #2075 ) ;
#2445 = VECTOR ( 'NONE', #577, 1000.000000000000000 ) ;
#2446 = AXIS2_PLACEMENT_3D ( 'NONE', #2683, #2996, #4074 ) ;
#2447 = DIRECTION ( 'NONE',  ( -0.000000000000000000, -0.000000000000000000, 1.000000000000000000 ) ) ;
#2448 = EDGE_LOOP ( 'NONE', ( #3477, #3874 ) ) ;
#2449 = DIRECTION ( 'NONE',  ( -0.000000000000000000, -1.000000000000000000, -0.000000000000000000 ) ) ;
#2450 = ORIENTED_EDGE ( 'NONE', *, *, #3201, .F. ) ;
#2451 = FACE_OUTER_BOUND ( 'NONE', #3958, .T. ) ;
#2452 = ORIENTED_EDGE ( 'NONE', *, *, #836, .T. ) ;
#2453 = VECTOR ( 'NONE', #4608, 1000.000000000000000 ) ;
#2454 = CIRCLE ( 'NONE', #528, 1.599999999999997202 ) ;
#2455 = CARTESIAN_POINT ( 'NONE',  ( 15.00000000000000000, -9.999999999999998224, 5.000000000000000000 ) ) ;
#2456 = ORIENTED_EDGE ( 'NONE', *, *, #986, .F. ) ;
#2457 = VECTOR ( 'NONE', #1667, 1000.000000000000000 ) ;
#2458 = VECTOR ( 'NONE', #171, 1000.000000000000000 ) ;
#2459 = CARTESIAN_POINT ( 'NONE',  ( 63.44288770224761009, -40.00000000000000711, 6.000000000000000000 ) ) ;
#2460 = CARTESIAN_POINT ( 'NONE',  ( 3.845674776428510633, 58.86837527706541806, 4.670026927924222804 ) ) ;
#2461 = DIRECTION ( 'NONE',  ( -0.000000000000000000, -0.000000000000000000, -1.000000000000000000 ) ) ;
#2462 = EDGE_CURVE ( 'NONE', #3641, #3270, #3732, .T. ) ;
#2463 = VECTOR ( 'NONE', #1797, 1000.000000000000000 ) ;
#2464 = CIRCLE ( 'NONE', #900, 13.00000000000003197 ) ;
#2465 = EDGE_CURVE ( 'NONE', #2067, #3584, #2146, .T. ) ;
#2466 = LINE ( 'NONE', #3898, #535 ) ;
#2467 = DIRECTION ( 'NONE',  ( -1.000000000000000000, 0.000000000000000000, 0.000000000000000000 ) ) ;
#2468 = DIRECTION ( 'NONE',  ( -1.000000000000000000, 0.000000000000000000, 0.000000000000000000 ) ) ;
#2469 = AXIS2_PLACEMENT_3D ( 'NONE', #4157, #652, #4226 ) ;
#2470 = ORIENTED_EDGE ( 'NONE', *, *, #361, .T. ) ;
#2471 = VERTEX_POINT ( 'NONE', #1730 ) ;
#2472 = EDGE_CURVE ( 'NONE', #505, #2188, #4267, .T. ) ;
#2473 = VECTOR ( 'NONE', #1318, 1000.000000000000000 ) ;
#2474 = DIRECTION ( 'NONE',  ( 1.000000000000000000, 0.000000000000000000, 0.000000000000000000 ) ) ;
#2475 = CARTESIAN_POINT ( 'NONE',  ( -3.723637616690846919, 9.999999999999994671, 0.000000000000000000 ) ) ;
#2476 = ORIENTED_EDGE ( 'NONE', *, *, #3850, .T. ) ;
#2477 = DIRECTION ( 'NONE',  ( 0.000000000000000000, 1.000000000000000000, 0.000000000000000000 ) ) ;
#2478 = ORIENTED_EDGE ( 'NONE', *, *, #1076, .T. ) ;
#2479 = CARTESIAN_POINT ( 'NONE',  ( -24.38875556251408128, -81.94777972655472809, 5.000000000000000000 ) ) ;
#2480 = DIRECTION ( 'NONE',  ( 0.000000000000000000, -0.000000000000000000, 1.000000000000000000 ) ) ;
#2481 = ORIENTED_EDGE ( 'NONE', *, *, #1962, .F. ) ;
#2482 = VERTEX_POINT ( 'NONE', #2898 ) ;
#2483 = DIRECTION ( 'NONE',  ( -0.000000000000000000, -0.000000000000000000, 1.000000000000000000 ) ) ;
#2484 = CARTESIAN_POINT ( 'NONE',  ( 58.39999999999999858, -52.00000000000000000, -5.000000000000000000 ) ) ;
#2485 = PLANE ( 'NONE',  #3512 ) ;
#2486 = DIRECTION ( 'NONE',  ( 1.000000000000000000, 0.000000000000000000, 0.000000000000000000 ) ) ;
#2487 = ADVANCED_FACE ( 'NONE', ( #3511 ), #2904, .F. ) ;
#2488 = PLANE ( 'NONE',  #3150 ) ;
#2489 = CARTESIAN_POINT ( 'NONE',  ( 60.00000000000000000, -52.00000000000000000, -5.000000000000000000 ) ) ;
#2490 = ORIENTED_EDGE ( 'NONE', *, *, #4391, .F. ) ;
#2491 = ORIENTED_EDGE ( 'NONE', *, *, #3528, .F. ) ;
#2492 = CARTESIAN_POINT ( 'NONE',  ( 15.00000000000000000, 5.899999999999999467, 10.00000000000000000 ) ) ;
#2493 = EDGE_CURVE ( 'NONE', #1199, #3195, #2125, .T. ) ;
#2494 = CARTESIAN_POINT ( 'NONE',  ( 2.938469544495657448, -59.63820693479511448, 3.775587360133659587 ) ) ;
#2495 = EDGE_CURVE ( 'NONE', #981, #1174, #2874, .T. ) ;
#2496 = ORIENTED_EDGE ( 'NONE', *, *, #4385, .F. ) ;
#2497 = DIRECTION ( 'NONE',  ( 0.000000000000000000, -0.000000000000000000, 1.000000000000000000 ) ) ;
#2498 = EDGE_LOOP ( 'NONE', ( #4366, #2503, #3005, #1390 ) ) ;
#2499 = FACE_OUTER_BOUND ( 'NONE', #2972, .T. ) ;
#2500 = LINE ( 'NONE', #4236, #310 ) ;
#2501 = ORIENTED_EDGE ( 'NONE', *, *, #994, .T. ) ;
#2502 = CARTESIAN_POINT ( 'NONE',  ( -24.38875556251408128, -40.00000000000000711, 5.000000000000000000 ) ) ;
#2503 = ORIENTED_EDGE ( 'NONE', *, *, #2576, .T. ) ;
#2504 = DIRECTION ( 'NONE',  ( 1.000000000000000000, -1.387778780781446662E-15, 0.000000000000000000 ) ) ;
#2505 = CARTESIAN_POINT ( 'NONE',  ( 29.48635277547846556, 18.87975105768089179, -5.000000000000000000 ) ) ;
#2506 = CARTESIAN_POINT ( 'NONE',  ( 23.99999999999997868, -55.00000000000000711, 15.00000000000000000 ) ) ;
#2507 = CARTESIAN_POINT ( 'NONE',  ( 55.53444714662240500, -50.40885817701283855, 6.111022948571281255 ) ) ;
#2508 = DIRECTION ( 'NONE',  ( -1.000000000000000000, 0.000000000000000000, 0.000000000000000000 ) ) ;
#2509 = ORIENTED_EDGE ( 'NONE', *, *, #4277, .F. ) ;
#2510 = ORIENTED_EDGE ( 'NONE', *, *, #1834, .F. ) ;
#2511 = EDGE_CURVE ( 'NONE', #1272, #2886, #1773, .T. ) ;
#2512 = FACE_OUTER_BOUND ( 'NONE', #2587, .T. ) ;
#2513 = DIRECTION ( 'NONE',  ( 1.156482317317871725E-15, 1.000000000000000000, 0.000000000000000000 ) ) ;
#2514 = CARTESIAN_POINT ( 'NONE',  ( 10.32988139361452262, -9.999999999999994671, 6.439198102782434319 ) ) ;
#2515 = EDGE_LOOP ( 'NONE', ( #953, #4478, #3985, #4459 ) ) ;
#2516 = ADVANCED_FACE ( 'NONE', ( #3678 ), #3987, .F. ) ;
#2517 = AXIS2_PLACEMENT_3D ( 'NONE', #2737, #4462, #1669 ) ;
#2518 = ADVANCED_FACE ( 'NONE', ( #2265 ), #1872, .F. ) ;
#2519 = DIRECTION ( 'NONE',  ( -1.000000000000000000, 0.000000000000000000, 0.000000000000000000 ) ) ;
#2520 = ORIENTED_EDGE ( 'NONE', *, *, #3756, .T. ) ;
#2521 = AXIS2_PLACEMENT_3D ( 'NONE', #630, #2039, #2649 ) ;
#2522 = LINE ( 'NONE', #2242, #602 ) ;
#2523 = LINE ( 'NONE', #730, #3814 ) ;
#2524 = ORIENTED_EDGE ( 'NONE', *, *, #3640, .T. ) ;
#2525 = EDGE_CURVE ( 'NONE', #4132, #389, #604, .T. ) ;
#2526 = DIRECTION ( 'NONE',  ( -1.000000000000000000, 1.056842361621172220E-16, 0.000000000000000000 ) ) ;
#2527 = VERTEX_POINT ( 'NONE', #3652 ) ;
#2528 = CYLINDRICAL_SURFACE ( 'NONE', #1357, 10.00000000000000000 ) ;
#2529 = VECTOR ( 'NONE', #11, 1000.000000000000000 ) ;
#2530 = CARTESIAN_POINT ( 'NONE',  ( 28.19999999999997087, 69.50000000000000000, 5.000000000000000000 ) ) ;
#2531 = VECTOR ( 'NONE', #499, 1000.000000000000000 ) ;
#2532 = VECTOR ( 'NONE', #4118, 1000.000000000000000 ) ;
#2533 = CONICAL_SURFACE ( 'NONE', #84, 1.600000000000019851, 0.7853981633974463916 ) ;
#2534 = CARTESIAN_POINT ( 'NONE',  ( -19.00000000000000711, 75.00000000000000000, 0.000000000000000000 ) ) ;
#2535 = CARTESIAN_POINT ( 'NONE',  ( -27.66829088000282866, 40.00000000000000000, 6.439198102782435207 ) ) ;
#2536 = CARTESIAN_POINT ( 'NONE',  ( 75.00000000000000000, -19.99999999999998579, 0.000000000000000000 ) ) ;
#2537 = VERTEX_POINT ( 'NONE', #1158 ) ;
#2538 = VECTOR ( 'NONE', #4203, 1000.000000000000000 ) ;
#2539 = ORIENTED_EDGE ( 'NONE', *, *, #2546, .F. ) ;
#2540 = VECTOR ( 'NONE', #226, 1000.000000000000000 ) ;
#2541 = DIRECTION ( 'NONE',  ( -0.000000000000000000, -0.000000000000000000, -1.000000000000000000 ) ) ;
#2542 = DIRECTION ( 'NONE',  ( -0.000000000000000000, 0.000000000000000000, 1.000000000000000000 ) ) ;
#2543 = CARTESIAN_POINT ( 'NONE',  ( -9.250000000000017764, -79.50000000000001421, 5.000000000000000000 ) ) ;
#2544 = EDGE_LOOP ( 'NONE', ( #781, #1468, #3892, #3336 ) ) ;
#2545 = ORIENTED_EDGE ( 'NONE', *, *, #4102, .T. ) ;
#2546 = EDGE_CURVE ( 'NONE', #1040, #1361, #458, .T. ) ;
#2547 = DIRECTION ( 'NONE',  ( 1.000000000000000000, -0.000000000000000000, 0.000000000000000000 ) ) ;
#2548 = CARTESIAN_POINT ( 'NONE',  ( 63.44288770224761009, 40.00000000000000711, 15.00000000000000000 ) ) ;
#2549 = EDGE_LOOP ( 'NONE', ( #1036, #4143, #4006, #2470 ) ) ;
#2550 = PRODUCT_DEFINITION ( 'UNKNOWN', '', #3520, #3160 ) ;
#2551 = ORIENTED_EDGE ( 'NONE', *, *, #836, .F. ) ;
#2552 = ADVANCED_FACE ( 'NONE', ( #483 ), #1135, .F. ) ;
#2553 = CARTESIAN_POINT ( 'NONE',  ( -25.93877972914330243, -1.900000000000006795, 5.000000000000000000 ) ) ;
#2554 = CARTESIAN_POINT ( 'NONE',  ( 28.19999999999997087, 69.50000000000000000, 5.000000000000000000 ) ) ;
#2555 = CARTESIAN_POINT ( 'NONE',  ( 18.87975105768025230, 29.48635277547910505, -5.000000000000000000 ) ) ;
#2556 = ADVANCED_FACE ( 'NONE', ( #2195 ), #4378, .F. ) ;
#2557 = CARTESIAN_POINT ( 'NONE',  ( -27.66829088000282511, -10.00000000000000178, 6.439198102782435207 ) ) ;
#2558 = LINE ( 'NONE', #3522, #3000 ) ;
#2559 = LINE ( 'NONE', #4066, #1548 ) ;
#2560 = VERTEX_POINT ( 'NONE', #4363 ) ;
#2561 = CARTESIAN_POINT ( 'NONE',  ( -26.00000000000000000, -0.9000000000000031308, -57.50000000000000000 ) ) ;
#2562 = FACE_OUTER_BOUND ( 'NONE', #3513, .T. ) ;
#2563 = CARTESIAN_POINT ( 'NONE',  ( 25.49999999999998934, -8.500000000000000000, 5.000000000000000000 ) ) ;
#2564 = ORIENTED_EDGE ( 'NONE', *, *, #190, .F. ) ;
#2565 = ORIENTED_EDGE ( 'NONE', *, *, #626, .T. ) ;
#2566 = CARTESIAN_POINT ( 'NONE',  ( -14.60000000000004761, 78.00000000000001421, 3.499999999999994671 ) ) ;
#2567 = DIRECTION ( 'NONE',  ( -0.7071067811865474617, 0.7071067811865474617, 0.000000000000000000 ) ) ;
#2568 = ORIENTED_EDGE ( 'NONE', *, *, #3084, .T. ) ;
#2569 = ADVANCED_FACE ( 'NONE', ( #1912 ), #1201, .F. ) ;
#2570 = ORIENTED_EDGE ( 'NONE', *, *, #3838, .F. ) ;
#2571 = CARTESIAN_POINT ( 'NONE',  ( 26.59999999999996589, 69.50000000000000000, 3.499999999999980016 ) ) ;
#2572 = CARTESIAN_POINT ( 'NONE',  ( 57.33937614784725412, 48.34566551554050307, 7.528352880876919784 ) ) ;
#2573 = EDGE_CURVE ( 'NONE', #3832, #1040, #2005, .T. ) ;
#2574 = EDGE_CURVE ( 'NONE', #1999, #1106, #4177, .T. ) ;
#2575 = DIRECTION ( 'NONE',  ( -1.156482317317871725E-15, 1.000000000000000000, 0.000000000000000000 ) ) ;
#2576 = EDGE_CURVE ( 'NONE', #2357, #2048, #2616, .T. ) ;
#2577 = CYLINDRICAL_SURFACE ( 'NONE', #398, 1.600000000000019851 ) ;
#2578 = DIRECTION ( 'NONE',  ( 1.156482317317871725E-15, -1.000000000000000000, 0.000000000000000000 ) ) ;
#2579 = EDGE_CURVE ( 'NONE', #1162, #3692, #431, .T. ) ;
#2580 = CARTESIAN_POINT ( 'NONE',  ( 8.234128763125465156, 5.900000000000000355, 10.00000000000000000 ) ) ;
#2581 = CARTESIAN_POINT ( 'NONE',  ( -9.000000000000000000, 62.50000000000000000, 17.00000000000000000 ) ) ;
#2582 = DIRECTION ( 'NONE',  ( -1.000000000000000000, -0.000000000000000000, -0.000000000000000000 ) ) ;
#2583 = ORIENTED_EDGE ( 'NONE', *, *, #2976, .F. ) ;
#2584 = VERTEX_POINT ( 'NONE', #1501 ) ;
#2585 = DIRECTION ( 'NONE',  ( 0.000000000000000000, 0.000000000000000000, 1.000000000000000000 ) ) ;
#2586 = DIRECTION ( 'NONE',  ( 1.000000000000000000, 0.000000000000000000, 0.000000000000000000 ) ) ;
#2587 = EDGE_LOOP ( 'NONE', ( #1662, #4293, #3318, #4161 ) ) ;
#2588 = CIRCLE ( 'NONE', #3051, 3.099999999999991651 ) ;
#2589 = LINE ( 'NONE', #3655, #2912 ) ;
#2590 = ORIENTED_EDGE ( 'NONE', *, *, #1808, .T. ) ;
#2591 = DIRECTION ( 'NONE',  ( -0.000000000000000000, 1.000000000000000000, 0.000000000000000000 ) ) ;
#2592 = CYLINDRICAL_SURFACE ( 'NONE', #2896, 4.250000000000005329 ) ;
#2593 = CARTESIAN_POINT ( 'NONE',  ( 56.24878310477019738, 49.61442938646642631, 6.551947902568744375 ) ) ;
#2594 = AXIS2_PLACEMENT_3D ( 'NONE', #1406, #3918, #998 ) ;
#2595 = CARTESIAN_POINT ( 'NONE',  ( 14.73761543394930662, 19.48635277547909794, 0.000000000000000000 ) ) ;
#2596 = VECTOR ( 'NONE', #4019, 1000.000000000000000 ) ;
#2597 = CONICAL_SURFACE ( 'NONE', #4254, 1.600000000000004086, 0.7853981633974476129 ) ;
#2598 = DIRECTION ( 'NONE',  ( 0.000000000000000000, -1.000000000000000000, 0.000000000000000000 ) ) ;
#2599 = CARTESIAN_POINT ( 'NONE',  ( 15.00000000000000000, 0.9000000000000000222, 10.00000000000000000 ) ) ;
#2600 = ADVANCED_FACE ( 'NONE', ( #2926 ), #3335, .F. ) ;
#2601 = AXIS2_PLACEMENT_3D ( 'NONE', #757, #320, #4292 ) ;
#2602 = VECTOR ( 'NONE', #1939, 1000.000000000000000 ) ;
#2603 = CARTESIAN_POINT ( 'NONE',  ( -32.41141100645621975, 39.99999999999999289, 0.000000000000000000 ) ) ;
#2604 = CARTESIAN_POINT ( 'NONE',  ( 17.11198410471420317, 17.11198410471419962, 0.000000000000000000 ) ) ;
#2605 = VECTOR ( 'NONE', #879, 1000.000000000000000 ) ;
#2606 = EDGE_CURVE ( 'NONE', #1462, #434, #1227, .T. ) ;
#2607 = LINE ( 'NONE', #4049, #974 ) ;
#2608 = DIRECTION ( 'NONE',  ( -0.000000000000000000, -0.000000000000000000, -1.000000000000000000 ) ) ;
#2609 = EDGE_LOOP ( 'NONE', ( #1291, #1535 ) ) ;
#2610 = EDGE_CURVE ( 'NONE', #4079, #1337, #2746, .T. ) ;
#2611 = AXIS2_PLACEMENT_3D ( 'NONE', #4239, #3560, #732 ) ;
#2612 = AXIS2_PLACEMENT_3D ( 'NONE', #1363, #561, #1428 ) ;
#2613 = ORIENTED_EDGE ( 'NONE', *, *, #3675, .F. ) ;
#2614 = LINE ( 'NONE', #2335, #2157 ) ;
#2615 = VECTOR ( 'NONE', #1483, 1000.000000000000000 ) ;
#2616 = LINE ( 'NONE', #4057, #2306 ) ;
#2617 = ORIENTED_EDGE ( 'NONE', *, *, #3296, .F. ) ;
#2618 = AXIS2_PLACEMENT_3D ( 'NONE', #39, #3615, #1405 ) ;
#2619 = CARTESIAN_POINT ( 'NONE',  ( 26.59999999999996589, 69.50000000000000000, 0.000000000000000000 ) ) ;
#2620 = ORIENTED_EDGE ( 'NONE', *, *, #4076, .F. ) ;
#2621 = PLANE ( 'NONE',  #4501 ) ;
#2622 = FACE_OUTER_BOUND ( 'NONE', #217, .T. ) ;
#2623 = ORIENTED_EDGE ( 'NONE', *, *, #843, .F. ) ;
#2624 = CARTESIAN_POINT ( 'NONE',  ( 22.49999999999998224, -5.500000000000001776, 5.000000000000000000 ) ) ;
#2625 = ORIENTED_EDGE ( 'NONE', *, *, #2495, .F. ) ;
#2626 = CARTESIAN_POINT ( 'NONE',  ( 63.91461538532383457, 39.24207636145418832, 5.021800099342075718 ) ) ;
#2627 = DIRECTION ( 'NONE',  ( 0.000000000000000000, 0.000000000000000000, 1.000000000000000000 ) ) ;
#2628 = DIRECTION ( 'NONE',  ( 1.000000000000000000, 0.000000000000000000, -0.000000000000000000 ) ) ;
#2629 = EDGE_CURVE ( 'NONE', #289, #1752, #375, .T. ) ;
#2630 = DIRECTION ( 'NONE',  ( 0.000000000000000000, 0.000000000000000000, -1.000000000000000000 ) ) ;
#2631 = LINE ( 'NONE', #2604, #1500 ) ;
#2632 = CARTESIAN_POINT ( 'NONE',  ( 0.000000000000000000, -55.00000000000000711, 5.000000000000000000 ) ) ;
#2633 = DIRECTION ( 'NONE',  ( -0.000000000000000000, -0.000000000000000000, -1.000000000000000000 ) ) ;
#2634 = ORIENTED_EDGE ( 'NONE', *, *, #4047, .F. ) ;
#2635 = EDGE_CURVE ( 'NONE', #3048, #1756, #4286, .T. ) ;
#2636 = EDGE_CURVE ( 'NONE', #1106, #1999, #743, .T. ) ;
#2637 = ORIENTED_EDGE ( 'NONE', *, *, #1467, .T. ) ;
#2638 = PLANE ( 'NONE',  #1044 ) ;
#2639 = EDGE_LOOP ( 'NONE', ( #3037, #922, #291, #1693 ) ) ;
#2640 = FACE_BOUND ( 'NONE', #1211, .T. ) ;
#2641 = VERTEX_POINT ( 'NONE', #2137 ) ;
#2642 = FACE_OUTER_BOUND ( 'NONE', #2074, .T. ) ;
#2643 = CARTESIAN_POINT ( 'NONE',  ( 76.59999999999995168, 19.99999999999998579, 5.000000000000000000 ) ) ;
#2644 = ORIENTED_EDGE ( 'NONE', *, *, #1741, .F. ) ;
#2645 = CARTESIAN_POINT ( 'NONE',  ( 69.73799092751333717, -4.000000000000008882, 0.000000000000000000 ) ) ;
#2646 = VERTEX_POINT ( 'NONE', #1463 ) ;
#2647 = CARTESIAN_POINT ( 'NONE',  ( 26.59999999999999432, -69.50000000000000000, 0.000000000000000000 ) ) ;
#2648 = CARTESIAN_POINT ( 'NONE',  ( 10.83096778265325710, -56.05205243104848023, 4.498756409350842311 ) ) ;
#2649 = DIRECTION ( 'NONE',  ( -0.000000000000000000, 0.000000000000000000, 1.000000000000000000 ) ) ;
#2650 = CARTESIAN_POINT ( 'NONE',  ( -14.60000000000003340, -78.00000000000001421, 0.000000000000000000 ) ) ;
#2651 = CARTESIAN_POINT ( 'NONE',  ( 11.99999999999995204, 69.00000000000000000, 5.000000000000000000 ) ) ;
#2652 = CARTESIAN_POINT ( 'NONE',  ( 23.99999999999999289, -45.00000000000000711, 5.000000000000000000 ) ) ;
#2653 = DIRECTION ( 'NONE',  ( -0.000000000000000000, 0.000000000000000000, 1.000000000000000000 ) ) ;
#2654 = ORIENTED_EDGE ( 'NONE', *, *, #1436, .T. ) ;
#2655 = EDGE_CURVE ( 'NONE', #1361, #3184, #3130, .T. ) ;
#2656 = DIRECTION ( 'NONE',  ( -0.000000000000000000, -0.000000000000000000, -1.000000000000000000 ) ) ;
#2657 = DIRECTION ( 'NONE',  ( 0.000000000000000000, 0.000000000000000000, 1.000000000000000000 ) ) ;
#2658 = ORIENTED_EDGE ( 'NONE', *, *, #2405, .T. ) ;
#2659 = EDGE_CURVE ( 'NONE', #450, #3524, #1791, .T. ) ;
#2660 = VECTOR ( 'NONE', #740, 1000.000000000000227 ) ;
#2661 = ADVANCED_FACE ( 'NONE', ( #2512 ), #3527, .F. ) ;
#2662 = DIRECTION ( 'NONE',  ( -3.195330897240195498E-16, -1.000000000000000000, 0.000000000000000000 ) ) ;
#2663 = ORIENTED_EDGE ( 'NONE', *, *, #589, .T. ) ;
#2664 = LINE ( 'NONE', #224, #444 ) ;
#2665 = ORIENTED_EDGE ( 'NONE', *, *, #1612, .T. ) ;
#2666 = FACE_BOUND ( 'NONE', #2639, .T. ) ;
#2667 = ORIENTED_EDGE ( 'NONE', *, *, #361, .F. ) ;
#2668 = EDGE_CURVE ( 'NONE', #3550, #741, #373, .T. ) ;
#2669 = VECTOR ( 'NONE', #4352, 1000.000000000000000 ) ;
#2670 = PLANE ( 'NONE',  #3212 ) ;
#2671 = CARTESIAN_POINT ( 'NONE',  ( 11.52421051979765565, -56.00826262756758211, 4.829842448167299018 ) ) ;
#2672 = LINE ( 'NONE', #3734, #287 ) ;
#2673 = AXIS2_PLACEMENT_3D ( 'NONE', #508, #1617, #4081 ) ;
#2674 = CARTESIAN_POINT ( 'NONE',  ( 64.06246951218787444, -39.00000000000000711, 5.000000000000000000 ) ) ;
#2675 = DIRECTION ( 'NONE',  ( 0.7071067811865474617, -0.7071067811865476838, 0.000000000000000000 ) ) ;
#2676 = LINE ( 'NONE', #4091, #2908 ) ;
#2677 = DIRECTION ( 'NONE',  ( -1.000000000000000000, 0.000000000000000000, 0.000000000000000000 ) ) ;
#2678 = AXIS2_PLACEMENT_3D ( 'NONE', #1035, #359, #2825 ) ;
#2679 = EDGE_LOOP ( 'NONE', ( #1109, #3656 ) ) ;
#2680 = VECTOR ( 'NONE', #2705, 1000.000000000000000 ) ;
#2681 = VECTOR ( 'NONE', #3008, 1000.000000000000114 ) ;
#2682 = VECTOR ( 'NONE', #1587, 1000.000000000000000 ) ;
#2683 = CARTESIAN_POINT ( 'NONE',  ( 11.99999999999997513, -69.00000000000000000, 0.000000000000000000 ) ) ;
#2684 = VERTEX_POINT ( 'NONE', #71 ) ;
#2685 = AXIS2_PLACEMENT_3D ( 'NONE', #1431, #4271, #3915 ) ;
#2686 = VECTOR ( 'NONE', #3610, 1000.000000000000000 ) ;
#2687 = DIRECTION ( 'NONE',  ( 0.000000000000000000, 0.000000000000000000, 1.000000000000000000 ) ) ;
#2688 = ORIENTED_EDGE ( 'NONE', *, *, #1956, .T. ) ;
#2689 = AXIS2_PLACEMENT_3D ( 'NONE', #1305, #3086, #2720 ) ;
#2690 = DIRECTION ( 'NONE',  ( -0.000000000000000000, -0.000000000000000000, -1.000000000000000000 ) ) ;
#2691 = ORIENTED_EDGE ( 'NONE', *, *, #3071, .T. ) ;
#2692 = DIRECTION ( 'NONE',  ( -1.000000000000000000, 0.000000000000000000, 0.000000000000000000 ) ) ;
#2693 = ORIENTED_EDGE ( 'NONE', *, *, #4481, .F. ) ;
#2694 = CIRCLE ( 'NONE', #2618, 13.00000000000003197 ) ;
#2695 = ADVANCED_FACE ( 'NONE', ( #2096 ), #3196, .F. ) ;
#2696 = CARTESIAN_POINT ( 'NONE',  ( 0.000000000000000000, 0.000000000000000000, 5.000000000000000000 ) ) ;
#2697 = CARTESIAN_POINT ( 'NONE',  ( -31.00000000000000000, -0.9000000000000036859, 0.000000000000000000 ) ) ;
#2698 = DIRECTION ( 'NONE',  ( -1.000000000000000000, -3.195330897240195498E-16, 0.000000000000000000 ) ) ;
#2699 = EDGE_CURVE ( 'NONE', #1591, #4079, #3176, .T. ) ;
#2700 = DIRECTION ( 'NONE',  ( -0.000000000000000000, 0.000000000000000000, 1.000000000000000000 ) ) ;
#2701 = CARTESIAN_POINT ( 'NONE',  ( 11.71866100930141741, -81.99695535009310277, 5.000000000000000000 ) ) ;
#2702 = DIRECTION ( 'NONE',  ( -1.000000000000000000, 0.000000000000000000, 0.000000000000000000 ) ) ;
#2703 = DIRECTION ( 'NONE',  ( -0.000000000000000000, 1.000000000000000000, 0.000000000000000000 ) ) ;
#2704 = ORIENTED_EDGE ( 'NONE', *, *, #3470, .F. ) ;
#2705 = DIRECTION ( 'NONE',  ( -0.000000000000000000, -0.000000000000000000, 1.000000000000000000 ) ) ;
#2706 = ORIENTED_EDGE ( 'NONE', *, *, #987, .F. ) ;
#2707 = CARTESIAN_POINT ( 'NONE',  ( -32.41141100645621975, -40.00000000000000711, 5.000000000000000000 ) ) ;
#2708 = ORIENTED_EDGE ( 'NONE', *, *, #2462, .T. ) ;
#2709 = DIRECTION ( 'NONE',  ( 1.000000000000000000, -0.000000000000000000, -0.000000000000000000 ) ) ;
#2710 = VERTEX_POINT ( 'NONE', #4327 ) ;
#2711 = DIRECTION ( 'NONE',  ( 0.000000000000000000, 0.000000000000000000, -1.000000000000000000 ) ) ;
#2712 = VERTEX_POINT ( 'NONE', #723 ) ;
#2713 = ADVANCED_FACE ( 'NONE', ( #1123 ), #3948, .F. ) ;
#2714 = CARTESIAN_POINT ( 'NONE',  ( 6.226534509801061709E-15, -19.48635277547910150, 0.000000000000000000 ) ) ;
#2715 = DIRECTION ( 'NONE',  ( 0.000000000000000000, 0.000000000000000000, 1.000000000000000000 ) ) ;
#2716 = CARTESIAN_POINT ( 'NONE',  ( -32.41141100645621975, -5.900000000000003020, 9.439414909974711776 ) ) ;
#2717 = EDGE_CURVE ( 'NONE', #2537, #3155, #333, .T. ) ;
#2718 = EDGE_CURVE ( 'NONE', #1536, #2795, #1055, .T. ) ;
#2719 = CARTESIAN_POINT ( 'NONE',  ( 11.53271219966027061, -84.71883963005092255, 4.820565413551058498 ) ) ;
#2720 = DIRECTION ( 'NONE',  ( 0.000000000000000000, 0.000000000000000000, 1.000000000000000000 ) ) ;
#2721 = CARTESIAN_POINT ( 'NONE',  ( -9.000000000000000000, -9.999999999999994671, 17.00000000000000000 ) ) ;
#2722 = ORIENTED_EDGE ( 'NONE', *, *, #3018, .T. ) ;
#2723 = EDGE_LOOP ( 'NONE', ( #3029, #3546, #4265, #4093, #623, #3698, #3554 ) ) ;
#2724 = ADVANCED_FACE ( 'NONE', ( #1444 ), #2866, .F. ) ;
#2725 = EDGE_CURVE ( 'NONE', #3557, #2826, #889, .T. ) ;
#2726 = DIRECTION ( 'NONE',  ( 0.000000000000000000, 0.000000000000000000, 1.000000000000000000 ) ) ;
#2727 = ORIENTED_EDGE ( 'NONE', *, *, #1601, .T. ) ;
#2728 = FACE_OUTER_BOUND ( 'NONE', #2294, .T. ) ;
#2729 = ORIENTED_EDGE ( 'NONE', *, *, #923, .T. ) ;
#2730 = DIRECTION ( 'NONE',  ( 0.000000000000000000, -0.000000000000000000, -1.000000000000000000 ) ) ;
#2731 = ORIENTED_EDGE ( 'NONE', *, *, #1279, .T. ) ;
#2732 = DIRECTION ( 'NONE',  ( -1.000000000000000000, 0.000000000000000000, 0.000000000000000000 ) ) ;
#2733 = ORIENTED_EDGE ( 'NONE', *, *, #982, .F. ) ;
#2734 = CYLINDRICAL_SURFACE ( 'NONE', #380, 1.600000000000007638 ) ;
#2735 = ORIENTED_EDGE ( 'NONE', *, *, #4238, .T. ) ;
#2736 = CARTESIAN_POINT ( 'NONE',  ( 0.7416697508022419560, -62.50000000000000000, 5.000000000000000000 ) ) ;
#2737 = CARTESIAN_POINT ( 'NONE',  ( -27.66829088000282511, -5.900000000000002132, 6.439198102782435207 ) ) ;
#2738 = AXIS2_PLACEMENT_3D ( 'NONE', #565, #3450, #3011 ) ;
#2739 = CARTESIAN_POINT ( 'NONE',  ( 9.823420052183635676, -84.93389365983881589, 4.500191541022206643 ) ) ;
#2740 = VECTOR ( 'NONE', #948, 1000.000000000000000 ) ;
#2741 = LINE ( 'NONE', #2769, #3070 ) ;
#2742 = ORIENTED_EDGE ( 'NONE', *, *, #1859, .F. ) ;
#2743 = VERTEX_POINT ( 'NONE', #2815 ) ;
#2744 = ORIENTED_EDGE ( 'NONE', *, *, #3244, .F. ) ;
#2745 = VECTOR ( 'NONE', #358, 1000.000000000000000 ) ;
#2746 = CIRCLE ( 'NONE', #1046, 4.250000000000006217 ) ;
#2747 = AXIS2_PLACEMENT_3D ( 'NONE', #4126, #1632, #2285 ) ;
#2748 = LINE ( 'NONE', #3856, #3586 ) ;
#2749 = EDGE_CURVE ( 'NONE', #2750, #1868, #1100, .T. ) ;
#2750 = VERTEX_POINT ( 'NONE', #189 ) ;
#2751 = AXIS2_PLACEMENT_3D ( 'NONE', #2534, #2159, #3597 ) ;
#2752 = VECTOR ( 'NONE', #2582, 1000.000000000000000 ) ;
#2753 = LINE ( 'NONE', #4213, #2238 ) ;
#2754 = ORIENTED_EDGE ( 'NONE', *, *, #4333, .T. ) ;
#2755 = DIRECTION ( 'NONE',  ( -0.000000000000000000, -0.000000000000000000, -1.000000000000000000 ) ) ;
#2756 = EDGE_LOOP ( 'NONE', ( #731, #578, #3106, #1798 ) ) ;
#2757 = AXIS2_PLACEMENT_3D ( 'NONE', #323, #1755, #2853 ) ;
#2758 = DIRECTION ( 'NONE',  ( 0.000000000000000000, -1.000000000000000000, 0.000000000000000000 ) ) ;
#2759 = CIRCLE ( 'NONE', #1342, 1.599999999999997202 ) ;
#2760 = ORIENTED_EDGE ( 'NONE', *, *, #3179, .T. ) ;
#2761 = AXIS2_PLACEMENT_3D ( 'NONE', #3762, #1979, #4309 ) ;
#2762 = VECTOR ( 'NONE', #2461, 1000.000000000000000 ) ;
#2763 = DIRECTION ( 'NONE',  ( -0.7071067811865474617, 0.7071067811865474617, -0.000000000000000000 ) ) ;
#2764 = ORIENTED_EDGE ( 'NONE', *, *, #2493, .F. ) ;
#2765 = CARTESIAN_POINT ( 'NONE',  ( 22.50000000000000355, 8.500000000000000000, 5.000000000000000000 ) ) ;
#2766 = CARTESIAN_POINT ( 'NONE',  ( 0.7416697508022158658, 62.50000000000000000, 2.102353525932193268 ) ) ;
#2767 = VECTOR ( 'NONE', #3326, 1000.000000000000000 ) ;
#2768 = LINE ( 'NONE', #4139, #2532 ) ;
#2769 = CARTESIAN_POINT ( 'NONE',  ( 3.879751057680255411, 62.50000000000000000, 4.713747003574108696 ) ) ;
#2770 = DIRECTION ( 'NONE',  ( 1.000000000000000000, 0.000000000000000000, -0.000000000000000000 ) ) ;
#2771 = EDGE_LOOP ( 'NONE', ( #2108, #2162, #4233, #2927 ) ) ;
#2772 = ORIENTED_EDGE ( 'NONE', *, *, #706, .F. ) ;
#2773 = ADVANCED_FACE ( 'NONE', ( #813 ), #2229, .F. ) ;
#2774 = CYLINDRICAL_SURFACE ( 'NONE', #3956, 1.599999999999997202 ) ;
#2775 = ORIENTED_EDGE ( 'NONE', *, *, #681, .T. ) ;
#2776 = EDGE_CURVE ( 'NONE', #2743, #4209, #1929, .T. ) ;
#2777 = EDGE_CURVE ( 'NONE', #912, #3113, #2302, .T. ) ;
#2778 = EDGE_CURVE ( 'NONE', #4124, #4201, #4256, .T. ) ;
#2779 = DIRECTION ( 'NONE',  ( 0.000000000000000000, 0.000000000000000000, 1.000000000000000000 ) ) ;
#2780 = ORIENTED_EDGE ( 'NONE', *, *, #1145, .F. ) ;
#2781 = DIRECTION ( 'NONE',  ( 0.000000000000000000, 0.000000000000000000, 1.000000000000000000 ) ) ;
#2782 = CYLINDRICAL_SURFACE ( 'NONE', #3067, 1.600000000000004086 ) ;
#2783 = ORIENTED_EDGE ( 'NONE', *, *, #1470, .T. ) ;
#2784 = VERTEX_POINT ( 'NONE', #1171 ) ;
#2785 = DIRECTION ( 'NONE',  ( -2.312964634635743450E-15, 1.000000000000000000, -0.000000000000000000 ) ) ;
#2786 = FACE_OUTER_BOUND ( 'NONE', #4147, .T. ) ;
#2787 = CARTESIAN_POINT ( 'NONE',  ( 58.12535420666586106, -47.39747365739916773, 8.494480720273401175 ) ) ;
#2788 = CARTESIAN_POINT ( 'NONE',  ( 9.033365788581470213, -81.65733356749561267, 4.910968214167428236 ) ) ;
#2789 = CARTESIAN_POINT ( 'NONE',  ( 0.000000000000000000, 0.000000000000000000, 15.00000000000000000 ) ) ;
#2790 = ORIENTED_EDGE ( 'NONE', *, *, #2140, .F. ) ;
#2791 = ORIENTED_EDGE ( 'NONE', *, *, #3347, .T. ) ;
#2792 = FACE_OUTER_BOUND ( 'NONE', #1099, .T. ) ;
#2793 = VERTEX_POINT ( 'NONE', #2278 ) ;
#2794 = DIRECTION ( 'NONE',  ( 0.000000000000000000, 0.000000000000000000, 1.000000000000000000 ) ) ;
#2795 = VERTEX_POINT ( 'NONE', #4372 ) ;
#2796 = EDGE_CURVE ( 'NONE', #2147, #2798, #1583, .T. ) ;
#2797 = CARTESIAN_POINT ( 'NONE',  ( -17.39999999999999858, -75.00000000000000000, 1.499999999999972689 ) ) ;
#2798 = VERTEX_POINT ( 'NONE', #2603 ) ;
#2799 = CARTESIAN_POINT ( 'NONE',  ( 74.99999999999994316, 19.99999999999998579, 3.499999999999977796 ) ) ;
#2800 = ORIENTED_EDGE ( 'NONE', *, *, #1957, .F. ) ;
#2801 = EDGE_CURVE ( 'NONE', #16, #450, #95, .T. ) ;
#2802 = FACE_OUTER_BOUND ( 'NONE', #130, .T. ) ;
#2803 = ORIENTED_EDGE ( 'NONE', *, *, #2380, .F. ) ;
#2804 = EDGE_CURVE ( 'NONE', #3717, #2646, #2374, .T. ) ;
#2805 = DIRECTION ( 'NONE',  ( 0.000000000000000000, 0.000000000000000000, 1.000000000000000000 ) ) ;
#2806 = LINE ( 'NONE', #4224, #141 ) ;
#2807 = DIRECTION ( 'NONE',  ( 1.000000000000000000, 0.000000000000000000, 0.000000000000000000 ) ) ;
#2808 = ADVANCED_FACE ( 'NONE', ( #4463 ), #168, .F. ) ;
#2809 = CARTESIAN_POINT ( 'NONE',  ( 59.33927379964835325, -45.86821166305363562, 10.90791224255593761 ) ) ;
#2810 = DIRECTION ( 'NONE',  ( 1.000000000000000000, 0.000000000000000000, 0.000000000000000000 ) ) ;
#2811 = CYLINDRICAL_SURFACE ( 'NONE', #4162, 1.599999999999997202 ) ;
#2812 = ORIENTED_EDGE ( 'NONE', *, *, #1167, .T. ) ;
#2813 = ORIENTED_EDGE ( 'NONE', *, *, #3906, .F. ) ;
#2814 = AXIS2_PLACEMENT_3D ( 'NONE', #3327, #3352, #163 ) ;
#2815 = CARTESIAN_POINT ( 'NONE',  ( 6.792893912220831609, 5.900000000000000355, 5.000000000000000000 ) ) ;
#2816 = CARTESIAN_POINT ( 'NONE',  ( 61.59999999999999432, 52.00000000000000000, 1.499999999999984901 ) ) ;
#2817 = ORIENTED_EDGE ( 'NONE', *, *, #1753, .F. ) ;
#2818 = CIRCLE ( 'NONE', #2150, 4.250000000000006217 ) ;
#2819 = B_SPLINE_CURVE_WITH_KNOTS ( 'NONE', 3,
 ( #2112, #1074, #347, #43, #2185, #3191, #2809, #673, #1736, #737, #2859, #2787, #1096, #1784, #2132, #1760, #3171, #2507, #4626, #1412, #3618, #2881, #4278, #3942 ),
 .UNSPECIFIED., .F., .F.,
 ( 4, 2, 2, 2, 2, 2, 2, 2, 2, 2, 2, 4 ),
 ( 0.000000000000000000, 0.002321983152907958550, 0.003482974729361937825, 0.004643966305815917101, 0.005804957882269896376, 0.006965949458723875651, 0.008126941035177854059, 0.009287932611631832466, 0.01160991576453979969, 0.01277090734099377810, 0.01393189891744775477, 0.01857586522326365105 ),
 .UNSPECIFIED. ) ;
#2820 = VECTOR ( 'NONE', #2755, 1000.000000000000000 ) ;
#2821 = DIRECTION ( 'NONE',  ( -0.000000000000000000, -1.000000000000000000, -0.000000000000000000 ) ) ;
#2822 = ORIENTED_EDGE ( 'NONE', *, *, #4331, .F. ) ;
#2823 = CARTESIAN_POINT ( 'NONE',  ( 15.00000000000000000, 0.000000000000000000, 0.000000000000000000 ) ) ;
#2824 = EDGE_LOOP ( 'NONE', ( #2027, #79, #2430, #4185 ) ) ;
#2825 = DIRECTION ( 'NONE',  ( 1.000000000000000000, 0.000000000000000000, 0.000000000000000000 ) ) ;
#2826 = VERTEX_POINT ( 'NONE', #4067 ) ;
#2827 = VECTOR ( 'NONE', #1514, 1000.000000000000000 ) ;
#2828 = AXIS2_PLACEMENT_3D ( 'NONE', #52, #2942, #3228 ) ;
#2829 = ORIENTED_EDGE ( 'NONE', *, *, #454, .T. ) ;
#2830 = VECTOR ( 'NONE', #327, 1000.000000000000000 ) ;
#2831 = VECTOR ( 'NONE', #1072, 1000.000000000000000 ) ;
#2832 = CARTESIAN_POINT ( 'NONE',  ( -20.60000000000001563, -75.00000000000000000, -5.000000000000000000 ) ) ;
#2833 = DIRECTION ( 'NONE',  ( 1.000000000000000000, 0.000000000000000000, 0.000000000000000000 ) ) ;
#2834 = LINE ( 'NONE', #1672, #2831 ) ;
#2835 = AXIS2_PLACEMENT_3D ( 'NONE', #1919, #156, #4083 ) ;
#2836 = ADVANCED_FACE ( 'NONE', ( #1905 ), #2940, .F. ) ;
#2837 = LINE ( 'NONE', #718, #3736 ) ;
#2838 = LINE ( 'NONE', #4628, #1212 ) ;
#2839 = CARTESIAN_POINT ( 'NONE',  ( -22.14686274363582896, 9.999999999999994671, 5.000000000000000888 ) ) ;
#2840 = AXIS2_PLACEMENT_3D ( 'NONE', #674, #3852, #2347 ) ;
#2841 = EDGE_LOOP ( 'NONE', ( #4410, #4593, #4500, #4310 ) ) ;
#2842 = ORIENTED_EDGE ( 'NONE', *, *, #195, .F. ) ;
#2843 = AXIS2_PLACEMENT_3D ( 'NONE', #2535, #3543, #1149 ) ;
#2844 = DIRECTION ( 'NONE',  ( -1.056842361621172220E-16, -1.000000000000000000, 0.000000000000000000 ) ) ;
#2845 = DIRECTION ( 'NONE',  ( 0.000000000000000000, 1.000000000000000000, -0.000000000000000000 ) ) ;
#2846 = VERTEX_POINT ( 'NONE', #2650 ) ;
#2847 = CARTESIAN_POINT ( 'NONE',  ( -9.000000000000000000, 62.50000000000000000, 17.00000000000000000 ) ) ;
#2848 = VERTEX_POINT ( 'NONE', #2580 ) ;
#2849 = CARTESIAN_POINT ( 'NONE',  ( -9.250000000000031974, 79.50000000000001421, 5.000000000000000000 ) ) ;
#2850 = DIRECTION ( 'NONE',  ( -0.000000000000000000, -1.000000000000000000, -0.000000000000000000 ) ) ;
#2851 = ORIENTED_EDGE ( 'NONE', *, *, #3725, .T. ) ;
#2852 = EDGE_LOOP ( 'NONE', ( #1606, #47, #263, #27, #2036, #1007 ) ) ;
#2853 = DIRECTION ( 'NONE',  ( 1.000000000000000000, 0.000000000000000000, -0.000000000000000000 ) ) ;
#2854 = ORIENTED_EDGE ( 'NONE', *, *, #440, .F. ) ;
#2855 = DIRECTION ( 'NONE',  ( 0.000000000000000000, 0.000000000000000000, -1.000000000000000000 ) ) ;
#2856 = DIRECTION ( 'NONE',  ( -1.000000000000000000, 0.000000000000000000, 0.000000000000000000 ) ) ;
#2857 = DIRECTION ( 'NONE',  ( -0.000000000000000000, -0.000000000000000000, -1.000000000000000000 ) ) ;
#2858 = EDGE_CURVE ( 'NONE', #3584, #722, #857, .T. ) ;
#2859 = CARTESIAN_POINT ( 'NONE',  ( 58.47518571861954939, -46.96519951972067730, 9.036597520631620029 ) ) ;
#2860 = DIRECTION ( 'NONE',  ( 8.462065736472231082E-17, -1.000000000000000000, 0.000000000000000000 ) ) ;
#2861 = DIRECTION ( 'NONE',  ( 0.000000000000000000, 0.000000000000000000, 1.000000000000000000 ) ) ;
#2862 = EDGE_CURVE ( 'NONE', #1132, #279, #3644, .T. ) ;
#2863 = EDGE_CURVE ( 'NONE', #450, #60, #1882, .T. ) ;
#2864 = ORIENTED_EDGE ( 'NONE', *, *, #3730, .F. ) ;
#2865 = EDGE_LOOP ( 'NONE', ( #3115, #4503, #1876, #4537, #2620, #4216, #587, #1485, #1940, #3481, #324, #3243, #1564, #1697, #635, #2950, #1947, #2450, #1966, #1841, #1233, #2034, #655, #3313, #2248, #2491, #2106, #4003, #3418, #1544, #4605, #1087, #2760 ) ) ;
#2866 = PLANE ( 'NONE',  #3577 ) ;
#2867 = ADVANCED_FACE ( 'NONE', ( #4419 ), #445, .F. ) ;
#2868 = CARTESIAN_POINT ( 'NONE',  ( 1.778094251221791655, -60.95492938276338180, 2.830127201099625012 ) ) ;
#2869 = EDGE_LOOP ( 'NONE', ( #1597, #3107, #1725, #1298 ) ) ;
#2870 = ADVANCED_FACE ( 'NONE', ( #4045 ), #2255, .F. ) ;
#2871 = CARTESIAN_POINT ( 'NONE',  ( 22.49999999999998224, -5.500000000000001776, 5.000000000000000000 ) ) ;
#2872 = ORIENTED_EDGE ( 'NONE', *, *, #1984, .F. ) ;
#2873 = CARTESIAN_POINT ( 'NONE',  ( -14.27636238330915219, 62.50000000000000000, 0.000000000000000000 ) ) ;
#2874 = LINE ( 'NONE', #712, #1409 ) ;
#2875 = ORIENTED_EDGE ( 'NONE', *, *, #1080, .T. ) ;
#2876 = DIRECTION ( 'NONE',  ( -0.7071067811865475727, 0.7071067811865474617, -0.000000000000000000 ) ) ;
#2877 = EDGE_LOOP ( 'NONE', ( #3531, #3096, #3333, #119, #4508, #945, #1092, #3908, #4210 ) ) ;
#2878 = CARTESIAN_POINT ( 'NONE',  ( 8.941101777927626060, -81.63499670229491301, 5.000000000000000000 ) ) ;
#2879 = DIRECTION ( 'NONE',  ( 1.000000000000000000, 0.000000000000000000, 0.000000000000000000 ) ) ;
#2880 = CARTESIAN_POINT ( 'NONE',  ( -24.41141100645623752, 81.94103375399816969, 5.000000000000000000 ) ) ;
#2881 = CARTESIAN_POINT ( 'NONE',  ( 53.22712816806904357, -52.85966931552524528, 5.163993554029087996 ) ) ;
#2882 = LINE ( 'NONE', #1118, #2615 ) ;
#2883 = APPLICATION_CONTEXT ( 'automotive_design' ) ;
#2884 = CARTESIAN_POINT ( 'NONE',  ( 23.99999999999997868, 55.00000000000000711, 5.000000000000000000 ) ) ;
#2885 = EDGE_LOOP ( 'NONE', ( #3174, #2923, #386, #873 ) ) ;
#2886 = VERTEX_POINT ( 'NONE', #1556 ) ;
#2887 = AXIS2_PLACEMENT_3D ( 'NONE', #2789, #4227, #2468 ) ;
#2888 = EDGE_CURVE ( 'NONE', #2798, #1776, #1217, .T. ) ;
#2889 = DIRECTION ( 'NONE',  ( 1.000000000000000000, -1.056842361621172220E-16, 0.000000000000000000 ) ) ;
#2890 = DIRECTION ( 'NONE',  ( 0.000000000000000000, 0.000000000000000000, 1.000000000000000000 ) ) ;
#2891 = DIRECTION ( 'NONE',  ( -1.000000000000000000, 0.000000000000000000, 0.000000000000000000 ) ) ;
#2892 = EDGE_LOOP ( 'NONE', ( #1308, #634, #3144, #4191, #3288, #4173, #2104, #3883, #4538 ) ) ;
#2893 = VECTOR ( 'NONE', #2698, 1000.000000000000000 ) ;
#2894 = EDGE_CURVE ( 'NONE', #2846, #2174, #606, .T. ) ;
#2895 = ORIENTED_EDGE ( 'NONE', *, *, #1382, .T. ) ;
#2896 = AXIS2_PLACEMENT_3D ( 'NONE', #4406, #437, #1848 ) ;
#2897 = DIRECTION ( 'NONE',  ( 1.000000000000000000, 1.084123823871392583E-16, -1.734598118194228133E-15 ) ) ;
#2898 = CARTESIAN_POINT ( 'NONE',  ( 14.73761543394930662, -19.48635277547909794, 0.000000000000000000 ) ) ;
#2899 = VERTEX_POINT ( 'NONE', #2041 ) ;
#2900 = VECTOR ( 'NONE', #2051, 1000.000000000000000 ) ;
#2901 = VERTEX_POINT ( 'NONE', #1996 ) ;
#2902 = CYLINDRICAL_SURFACE ( 'NONE', #4202, 1.600000000000019851 ) ;
#2903 = DIRECTION ( 'NONE',  ( -0.000000000000000000, -0.000000000000000000, -1.000000000000000000 ) ) ;
#2904 = CONICAL_SURFACE ( 'NONE', #2077, 1.600000000000004086, 0.7853981633974463916 ) ;
#2905 = CARTESIAN_POINT ( 'NONE',  ( 8.000000000000000000, 0.9000000000000000222, 3.000000000000002665 ) ) ;
#2906 = CIRCLE ( 'NONE', #1410, 1.600000000000019851 ) ;
#2907 = VECTOR ( 'NONE', #1457, 1000.000000000000000 ) ;
#2908 = VECTOR ( 'NONE', #193, 1000.000000000000000 ) ;
#2909 = DIRECTION ( 'NONE',  ( 0.000000000000000000, -0.000000000000000000, -1.000000000000000000 ) ) ;
#2910 = CARTESIAN_POINT ( 'NONE',  ( 6.792893912220831609, 0.9000000000000000222, 5.000000000000000000 ) ) ;
#2911 = PLANE ( 'NONE',  #1845 ) ;
#2912 = VECTOR ( 'NONE', #462, 1000.000000000000000 ) ;
#2913 = ORIENTED_EDGE ( 'NONE', *, *, #1382, .F. ) ;
#2914 = CIRCLE ( 'NONE', #1281, 17.79999999999999716 ) ;
#2915 = DIRECTION ( 'NONE',  ( 1.000000000000000000, 0.000000000000000000, 0.000000000000000000 ) ) ;
#2916 = VECTOR ( 'NONE', #3402, 1000.000000000000000 ) ;
#2917 = CARTESIAN_POINT ( 'NONE',  ( 74.99999999999994316, 19.99999999999998579, 3.499999999999977796 ) ) ;
#2918 = CARTESIAN_POINT ( 'NONE',  ( 5.303300858898786885, 5.303300858898786885, 0.000000000000000000 ) ) ;
#2919 = ORIENTED_EDGE ( 'NONE', *, *, #4416, .F. ) ;
#2920 = EDGE_CURVE ( 'NONE', #509, #1066, #2019, .T. ) ;
#2921 = ORIENTED_EDGE ( 'NONE', *, *, #4513, .T. ) ;
#2922 = VECTOR ( 'NONE', #4250, 1000.000000000000000 ) ;
#2923 = ORIENTED_EDGE ( 'NONE', *, *, #4135, .F. ) ;
#2924 = AXIS2_PLACEMENT_3D ( 'NONE', #2951, #1508, #2932 ) ;
#2925 = CARTESIAN_POINT ( 'NONE',  ( 8.941101777927626060, -9.999999999999994671, 5.000000000000000000 ) ) ;
#2926 = FACE_OUTER_BOUND ( 'NONE', #3561, .T. ) ;
#2927 = ORIENTED_EDGE ( 'NONE', *, *, #1299, .F. ) ;
#2928 = EDGE_CURVE ( 'NONE', #4313, #1536, #2768, .T. ) ;
#2929 = EDGE_CURVE ( 'NONE', #414, #1756, #3805, .T. ) ;
#2930 = DIRECTION ( 'NONE',  ( 0.000000000000000000, 0.000000000000000000, 1.000000000000000000 ) ) ;
#2931 = ORIENTED_EDGE ( 'NONE', *, *, #2655, .T. ) ;
#2932 = DIRECTION ( 'NONE',  ( 0.000000000000000000, 0.000000000000000000, 1.000000000000000000 ) ) ;
#2933 = DIRECTION ( 'NONE',  ( -1.000000000000000000, 0.000000000000000000, 0.000000000000000000 ) ) ;
#2934 = FACE_BOUND ( 'NONE', #2091, .T. ) ;
#2935 = EDGE_CURVE ( 'NONE', #3495, #2259, #1782, .T. ) ;
#2936 = EDGE_CURVE ( 'NONE', #3832, #3817, #2346, .T. ) ;
#2937 = CARTESIAN_POINT ( 'NONE',  ( 64.06246951218787444, 39.00000000000000711, 5.000000000000000000 ) ) ;
#2938 = CARTESIAN_POINT ( 'NONE',  ( 69.73799092751333717, 3.999999999999991562, 3.000000000000000000 ) ) ;
#2939 = CARTESIAN_POINT ( 'NONE',  ( -17.39999999999999858, 75.00000000000000000, -5.000000000000000000 ) ) ;
#2940 = CYLINDRICAL_SURFACE ( 'NONE', #3963, 1.600000000000019851 ) ;
#2941 = PLANE ( 'NONE',  #2310 ) ;
#2942 = DIRECTION ( 'NONE',  ( -0.000000000000000000, -1.000000000000000000, 0.000000000000000000 ) ) ;
#2943 = ORIENTED_EDGE ( 'NONE', *, *, #1284, .T. ) ;
#2944 = ORIENTED_EDGE ( 'NONE', *, *, #4625, .F. ) ;
#2945 = CARTESIAN_POINT ( 'NONE',  ( -5.000000000000026645, 79.50000000000001421, 5.000000000000000000 ) ) ;
#2946 = DIRECTION ( 'NONE',  ( 0.000000000000000000, 1.000000000000000000, -0.000000000000000000 ) ) ;
#2947 = EDGE_LOOP ( 'NONE', ( #34, #98, #1005, #4429 ) ) ;
#2948 = ADVANCED_FACE ( 'NONE', ( #2061 ), #3491, .F. ) ;
#2949 = FACE_BOUND ( 'NONE', #4240, .T. ) ;
#2950 = ORIENTED_EDGE ( 'NONE', *, *, #2511, .F. ) ;
#2951 = CARTESIAN_POINT ( 'NONE',  ( -9.000000000000000000, 62.50000000000000000, 17.00000000000000000 ) ) ;
#2952 = EDGE_CURVE ( 'NONE', #3788, #1003, #3949, .T. ) ;
#2953 = CARTESIAN_POINT ( 'NONE',  ( -24.38875556251408128, -40.00000000000000711, 5.000000000000000000 ) ) ;
#2954 = EDGE_CURVE ( 'NONE', #203, #2901, #828, .T. ) ;
#2955 = DIRECTION ( 'NONE',  ( 1.000000000000000000, 0.000000000000000000, 1.580525833667758557E-14 ) ) ;
#2956 = CARTESIAN_POINT ( 'NONE',  ( -27.66829088000282511, -1.900000000000006795, 8.039198102782437516 ) ) ;
#2957 = DIRECTION ( 'NONE',  ( 1.000000000000000000, -0.000000000000000000, -0.000000000000000000 ) ) ;
#2958 = EDGE_CURVE ( 'NONE', #2044, #2426, #975, .T. ) ;
#2959 = DIRECTION ( 'NONE',  ( 0.000000000000000000, 0.000000000000000000, 1.000000000000000000 ) ) ;
#2960 = DIRECTION ( 'NONE',  ( 0.000000000000000000, 0.000000000000000000, 1.000000000000000000 ) ) ;
#2961 = CARTESIAN_POINT ( 'NONE',  ( 15.00000000000000000, -4.000000000000008882, 0.000000000000000000 ) ) ;
#2962 = CARTESIAN_POINT ( 'NONE',  ( 60.00000000000000000, -52.00000000000000000, 0.000000000000000000 ) ) ;
#2963 = EDGE_LOOP ( 'NONE', ( #350, #3046, #3606, #3835 ) ) ;
#2964 = PLANE ( 'NONE',  #4465 ) ;
#2965 = CARTESIAN_POINT ( 'NONE',  ( 76.59999999999999432, -19.99999999999998579, 3.499999999999977796 ) ) ;
#2966 = CARTESIAN_POINT ( 'NONE',  ( -14.60000000000004761, 78.00000000000001421, 3.499999999999994671 ) ) ;
#2967 = ORIENTED_EDGE ( 'NONE', *, *, #3445, .F. ) ;
#2968 = AXIS2_PLACEMENT_3D ( 'NONE', #770, #4388, #3286 ) ;
#2969 = ORIENTED_EDGE ( 'NONE', *, *, #4390, .F. ) ;
#2970 = DIRECTION ( 'NONE',  ( 0.000000000000000000, 0.000000000000000000, 1.000000000000000000 ) ) ;
#2971 = DIRECTION ( 'NONE',  ( -0.000000000000000000, -0.000000000000000000, 1.000000000000000000 ) ) ;
#2972 = EDGE_LOOP ( 'NONE', ( #2377, #2735, #4101, #943 ) ) ;
#2973 = DIRECTION ( 'NONE',  ( 0.000000000000000000, 0.000000000000000000, 1.000000000000000000 ) ) ;
#2974 = ORIENTED_EDGE ( 'NONE', *, *, #1496, .T. ) ;
#2975 = VECTOR ( 'NONE', #2182, 1000.000000000000000 ) ;
#2976 = EDGE_CURVE ( 'NONE', #4228, #4396, #3761, .T. ) ;
#2977 = CARTESIAN_POINT ( 'NONE',  ( 56.90000000000000568, 52.00000000000000000, 0.000000000000000000 ) ) ;
#2978 = AXIS2_PLACEMENT_3D ( 'NONE', #2492, #2844, #2889 ) ;
#2979 = AXIS2_PLACEMENT_3D ( 'NONE', #961, #711, #2384 ) ;
#2980 = DIRECTION ( 'NONE',  ( 0.000000000000000000, -1.000000000000000000, 0.000000000000000000 ) ) ;
#2981 = EDGE_CURVE ( 'NONE', #1415, #2641, #3207, .T. ) ;
#2982 = VECTOR ( 'NONE', #1879, 1000.000000000000000 ) ;
#2983 = VECTOR ( 'NONE', #3177, 1000.000000000000000 ) ;
#2984 = ADVANCED_FACE ( 'NONE', ( #3471 ), #2418, .T. ) ;
#2985 = DIRECTION ( 'NONE',  ( -0.000000000000000000, -1.000000000000000000, -0.000000000000000000 ) ) ;
#2986 = ADVANCED_BREP_SHAPE_REPRESENTATION ( 'second floor', ( #149, #4427 ), #175 ) ;
#2987 = CARTESIAN_POINT ( 'NONE',  ( 15.00000000000000000, -9.999999999999998224, 5.000000000000000000 ) ) ;
#2988 = VECTOR ( 'NONE', #3186, 1000.000000000000000 ) ;
#2989 = AXIS2_PLACEMENT_3D ( 'NONE', #2581, #815, #3670 ) ;
#2990 = CARTESIAN_POINT ( 'NONE',  ( 24.18305191657967868, 24.18305191657967868, 0.000000000000000000 ) ) ;
#2991 = LINE ( 'NONE', #4142, #2682 ) ;
#2992 = ORIENTED_EDGE ( 'NONE', *, *, #1547, .T. ) ;
#2993 = AXIS2_PLACEMENT_3D ( 'NONE', #4119, #550, #1105 ) ;
#2994 = VECTOR ( 'NONE', #4011, 1000.000000000000000 ) ;
#2995 = VERTEX_POINT ( 'NONE', #1048 ) ;
#2996 = DIRECTION ( 'NONE',  ( -0.000000000000000000, 0.000000000000000000, 1.000000000000000000 ) ) ;
#2997 = VECTOR ( 'NONE', #2598, 1000.000000000000000 ) ;
#2998 = DIRECTION ( 'NONE',  ( -1.000000000000000000, -3.195330897240195498E-16, 0.000000000000000000 ) ) ;
#2999 = ORIENTED_EDGE ( 'NONE', *, *, #4589, .F. ) ;
#3000 = VECTOR ( 'NONE', #2467, 1000.000000000000000 ) ;
#3001 = FACE_BOUND ( 'NONE', #4002, .T. ) ;
#3002 = ORIENTED_EDGE ( 'NONE', *, *, #1165, .T. ) ;
#3003 = DIRECTION ( 'NONE',  ( 0.000000000000000000, -1.000000000000000000, 0.000000000000000000 ) ) ;
#3004 = CARTESIAN_POINT ( 'NONE',  ( -27.66829088000282511, 9.999999999999994671, 6.439198102782435207 ) ) ;
#3005 = ORIENTED_EDGE ( 'NONE', *, *, #3038, .F. ) ;
#3006 = DIRECTION ( 'NONE',  ( 1.000000000000000000, 0.000000000000000000, 0.000000000000000000 ) ) ;
#3007 = ORIENTED_EDGE ( 'NONE', *, *, #3530, .T. ) ;
#3008 = DIRECTION ( 'NONE',  ( -0.7071067811865497932, 0.000000000000000000, -0.7071067811865453523 ) ) ;
#3009 = EDGE_CURVE ( 'NONE', #964, #3048, #1860, .T. ) ;
#3010 = CARTESIAN_POINT ( 'NONE',  ( 11.30887648970516679, -56.01793684050001332, 4.690479633010484761 ) ) ;
#3011 = DIRECTION ( 'NONE',  ( 1.000000000000000000, 1.084202172485504311E-16, 0.000000000000000000 ) ) ;
#3012 = CARTESIAN_POINT ( 'NONE',  ( -13.00000000000001243, -78.00000000000001421, 5.000000000000000000 ) ) ;
#3013 = EDGE_CURVE ( 'NONE', #1230, #4524, #4340, .T. ) ;
#3014 = PLANE ( 'NONE',  #2089 ) ;
#3015 = LINE ( 'NONE', #932, #1345 ) ;
#3016 = DIRECTION ( 'NONE',  ( 0.000000000000000000, 0.000000000000000000, 1.000000000000000000 ) ) ;
#3017 = EDGE_LOOP ( 'NONE', ( #2913, #2336, #1682, #3390 ) ) ;
#3018 = EDGE_CURVE ( 'NONE', #830, #379, #2466, .T. ) ;
#3019 = DIRECTION ( 'NONE',  ( -0.000000000000000000, 0.000000000000000000, 1.000000000000000000 ) ) ;
#3020 = CARTESIAN_POINT ( 'NONE',  ( -14.60000000000003340, -78.00000000000001421, 3.499999999999994671 ) ) ;
#3021 = EDGE_CURVE ( 'NONE', #704, #1542, #4602, .T. ) ;
#3022 = ORIENTED_EDGE ( 'NONE', *, *, #4473, .F. ) ;
#3023 = CARTESIAN_POINT ( 'NONE',  ( -13.00000000000002665, 78.00000000000001421, 3.499999999999994671 ) ) ;
#3024 = VERTEX_POINT ( 'NONE', #3239 ) ;
#3025 = DIRECTION ( 'NONE',  ( 0.000000000000000000, 0.000000000000000000, 1.000000000000000000 ) ) ;
#3026 = DIRECTION ( 'NONE',  ( -0.000000000000000000, 0.000000000000000000, 1.000000000000000000 ) ) ;
#3027 = ORIENTED_EDGE ( 'NONE', *, *, #485, .T. ) ;
#3028 = CARTESIAN_POINT ( 'NONE',  ( 59.98263031419568136, 45.02318683006967603, 14.21512955865408045 ) ) ;
#3029 = ORIENTED_EDGE ( 'NONE', *, *, #1470, .F. ) ;
#3030 = DIRECTION ( 'NONE',  ( -0.000000000000000000, -0.000000000000000000, 1.000000000000000000 ) ) ;
#3031 = LINE ( 'NONE', #92, #169 ) ;
#3032 = DIRECTION ( 'NONE',  ( 1.000000000000000000, -0.000000000000000000, -0.000000000000000000 ) ) ;
#3033 = DIRECTION ( 'NONE',  ( -1.000000000000000000, -8.673617379884039416E-16, 0.000000000000000000 ) ) ;
#3034 = DIRECTION ( 'NONE',  ( -2.312964634635743450E-15, 1.000000000000000000, -0.000000000000000000 ) ) ;
#3035 = CARTESIAN_POINT ( 'NONE',  ( -13.00000000000001243, -78.00000000000001421, 5.000000000000000000 ) ) ;
#3036 = DIRECTION ( 'NONE',  ( 1.084202172485504311E-16, -1.000000000000000000, 0.000000000000000000 ) ) ;
#3037 = ORIENTED_EDGE ( 'NONE', *, *, #1900, .F. ) ;
#3038 = EDGE_CURVE ( 'NONE', #2482, #2048, #2837, .T. ) ;
#3039 = EDGE_CURVE ( 'NONE', #991, #1823, #1387, .T. ) ;
#3040 = DIRECTION ( 'NONE',  ( 0.000000000000000000, 0.000000000000000000, 1.000000000000000000 ) ) ;
#3041 = CARTESIAN_POINT ( 'NONE',  ( -14.60000000000004761, 78.00000000000001421, 0.000000000000000000 ) ) ;
#3042 = EDGE_LOOP ( 'NONE', ( #1475, #103 ) ) ;
#3043 = EDGE_CURVE ( 'NONE', #4631, #247, #1709, .T. ) ;
#3044 = EDGE_CURVE ( 'NONE', #1066, #3297, #2819, .T. ) ;
#3045 = PLANE ( 'NONE',  #4043 ) ;
#3046 = ORIENTED_EDGE ( 'NONE', *, *, #986, .T. ) ;
#3047 = CARTESIAN_POINT ( 'NONE',  ( 69.73799092751333717, -4.000000000000008882, 3.000000000000000000 ) ) ;
#3048 = VERTEX_POINT ( 'NONE', #1022 ) ;
#3049 = CARTESIAN_POINT ( 'NONE',  ( 3.879751057680255411, -29.48635277547910505, 0.000000000000000000 ) ) ;
#3050 = EDGE_LOOP ( 'NONE', ( #4231, #2355, #1674, #357 ) ) ;
#3051 = AXIS2_PLACEMENT_3D ( 'NONE', #834, #1119, #114 ) ;
#3052 = CARTESIAN_POINT ( 'NONE',  ( 63.44288770224761009, -40.00000000000000711, 15.00000000000000000 ) ) ;
#3053 = CARTESIAN_POINT ( 'NONE',  ( -15.90000000000001812, -75.00000000000000000, 0.000000000000000000 ) ) ;
#3054 = CONICAL_SURFACE ( 'NONE', #665, 1.600000000000019851, 0.7853981633974463916 ) ;
#3055 = VECTOR ( 'NONE', #4144, 1000.000000000000000 ) ;
#3056 = CARTESIAN_POINT ( 'NONE',  ( -11.40000000000000746, 78.00000000000001421, 5.000000000000000000 ) ) ;
#3057 = CARTESIAN_POINT ( 'NONE',  ( 10.06386515554531691, -81.85563206671049841, 4.452909080094899608 ) ) ;
#3058 = LINE ( 'NONE', #2652, #4412 ) ;
#3059 = CYLINDRICAL_SURFACE ( 'NONE', #3431, 1.999999999999999112 ) ;
#3060 = VECTOR ( 'NONE', #81, 1000.000000000000000 ) ;
#3061 = ORIENTED_EDGE ( 'NONE', *, *, #590, .F. ) ;
#3062 = CIRCLE ( 'NONE', #2, 17.79999999999999716 ) ;
#3063 = VECTOR ( 'NONE', #4394, 1000.000000000000000 ) ;
#3064 = CARTESIAN_POINT ( 'NONE',  ( 28.19999999999997087, 69.50000000000000000, 5.000000000000000000 ) ) ;
#3065 = ORIENTED_EDGE ( 'NONE', *, *, #1017, .T. ) ;
#3066 = AXIS2_PLACEMENT_3D ( 'NONE', #1339, #646, #581 ) ;
#3067 = AXIS2_PLACEMENT_3D ( 'NONE', #4217, #1336, #2692 ) ;
#3068 = CARTESIAN_POINT ( 'NONE',  ( 25.49999999999998579, -5.500000000000001776, 0.000000000000000000 ) ) ;
#3069 = ORIENTED_EDGE ( 'NONE', *, *, #1859, .T. ) ;
#3070 = VECTOR ( 'NONE', #585, 1000.000000000000000 ) ;
#3071 = EDGE_CURVE ( 'NONE', #2044, #509, #3219, .T. ) ;
#3072 = APPLICATION_PROTOCOL_DEFINITION ( 'draft international standard', 'automotive_design', 1998, #800 ) ;
#3073 = DIRECTION ( 'NONE',  ( 0.000000000000000000, 0.000000000000000000, 1.000000000000000000 ) ) ;
#3074 = ORIENTED_EDGE ( 'NONE', *, *, #1383, .F. ) ;
#3075 = LINE ( 'NONE', #4169, #4564 ) ;
#3076 = EDGE_LOOP ( 'NONE', ( #3916, #821, #4160, #3386, #3575 ) ) ;
#3077 = ADVANCED_FACE ( 'NONE', ( #4299 ), #400, .F. ) ;
#3078 = AXIS2_PLACEMENT_3D ( 'NONE', #3517, #2805, #344 ) ;
#3079 = CARTESIAN_POINT ( 'NONE',  ( 3.879751057680255411, 29.48635277547910505, -5.000000000000000000 ) ) ;
#3080 = EDGE_CURVE ( 'NONE', #2292, #3362, #420, .T. ) ;
#3081 = DIRECTION ( 'NONE',  ( -2.312964634635743450E-15, -1.000000000000000000, 0.000000000000000000 ) ) ;
#3082 = DIRECTION ( 'NONE',  ( 0.000000000000000000, -0.000000000000000000, 1.000000000000000000 ) ) ;
#3083 = CIRCLE ( 'NONE', #3369, 75.00000000000001421 ) ;
#3084 = EDGE_CURVE ( 'NONE', #4379, #580, #1764, .T. ) ;
#3085 = CARTESIAN_POINT ( 'NONE',  ( 10.95954945191405017, -84.79476645017540193, 4.536652309243919490 ) ) ;
#3086 = DIRECTION ( 'NONE',  ( -0.000000000000000000, 1.000000000000000000, 0.000000000000000000 ) ) ;
#3087 = DIRECTION ( 'NONE',  ( 0.000000000000000000, 0.000000000000000000, 1.000000000000000000 ) ) ;
#3088 = ORIENTED_EDGE ( 'NONE', *, *, #479, .T. ) ;
#3089 = ORIENTED_EDGE ( 'NONE', *, *, #936, .F. ) ;
#3090 = DIRECTION ( 'NONE',  ( -0.000000000000000000, -0.000000000000000000, -1.000000000000000000 ) ) ;
#3091 = ORIENTED_EDGE ( 'NONE', *, *, #1754, .T. ) ;
#3092 = FACE_OUTER_BOUND ( 'NONE', #3771, .T. ) ;
#3093 = EDGE_LOOP ( 'NONE', ( #749, #647, #3127, #2123 ) ) ;
#3094 = LINE ( 'NONE', #1252, #69 ) ;
#3095 = CARTESIAN_POINT ( 'NONE',  ( -22.14686274363582896, 62.50000000000000000, 5.000000000000000888 ) ) ;
#3096 = ORIENTED_EDGE ( 'NONE', *, *, #4243, .F. ) ;
#3097 = EDGE_CURVE ( 'NONE', #3184, #1361, #1416, .T. ) ;
#3098 = CARTESIAN_POINT ( 'NONE',  ( 63.44288770224761009, 40.00000000000000711, 15.00000000000000000 ) ) ;
#3099 = FACE_OUTER_BOUND ( 'NONE', #1026, .T. ) ;
#3100 = CARTESIAN_POINT ( 'NONE',  ( -32.41141100645621975, -5.900000000000003020, 5.000000000000000000 ) ) ;
#3101 = EDGE_CURVE ( 'NONE', #721, #4339, #1197, .T. ) ;
#3102 = ADVANCED_FACE ( 'NONE', ( #876 ), #4370, .F. ) ;
#3103 = CARTESIAN_POINT ( 'NONE',  ( 63.77252252761118712, -39.47256915703049174, 5.110102821421262931 ) ) ;
#3104 = FACE_OUTER_BOUND ( 'NONE', #993, .T. ) ;
#3105 = CARTESIAN_POINT ( 'NONE',  ( 22.50000000000000355, 8.500000000000000000, 5.000000000000000000 ) ) ;
#3106 = ORIENTED_EDGE ( 'NONE', *, *, #2862, .T. ) ;
#3107 = ORIENTED_EDGE ( 'NONE', *, *, #4384, .T. ) ;
#3108 = DIRECTION ( 'NONE',  ( 0.000000000000000000, 1.000000000000000000, -0.000000000000000000 ) ) ;
#3109 = ORIENTED_EDGE ( 'NONE', *, *, #2148, .F. ) ;
#3110 = CARTESIAN_POINT ( 'NONE',  ( 26.59999999999999432, -69.50000000000000000, 3.499999999999980016 ) ) ;
#3111 = ORIENTED_EDGE ( 'NONE', *, *, #3021, .T. ) ;
#3112 = CARTESIAN_POINT ( 'NONE',  ( -14.27636238330915219, 62.50000000000000000, 0.000000000000000000 ) ) ;
#3113 = VERTEX_POINT ( 'NONE', #2647 ) ;
#3114 = CARTESIAN_POINT ( 'NONE',  ( 10.32988139361452262, -19.48635277547909439, 6.439198102782434319 ) ) ;
#3115 = ORIENTED_EDGE ( 'NONE', *, *, #1984, .T. ) ;
#3116 = CARTESIAN_POINT ( 'NONE',  ( 63.44288770224761009, 40.00000000000000711, 15.00000000000000000 ) ) ;
#3117 = EDGE_LOOP ( 'NONE', ( #3303, #802 ) ) ;
#3118 = LINE ( 'NONE', #3148, #3673 ) ;
#3119 = CARTESIAN_POINT ( 'NONE',  ( -9.000000000000000000, -29.48635277547910505, 17.00000000000000000 ) ) ;
#3120 = EDGE_CURVE ( 'NONE', #3442, #2322, #806, .T. ) ;
#3121 = DIRECTION ( 'NONE',  ( 1.000000000000000000, 0.000000000000000000, 0.000000000000000000 ) ) ;
#3122 = VECTOR ( 'NONE', #3378, 1000.000000000000000 ) ;
#3123 = CYLINDRICAL_SURFACE ( 'NONE', #2840, 3.000216807192278345 ) ;
#3124 = CARTESIAN_POINT ( 'NONE',  ( 0.000000000000000000, 0.000000000000000000, 5.000000000000000000 ) ) ;
#3125 = ADVANCED_FACE ( 'NONE', ( #2296, #1511 ), #3325, .T. ) ;
#3126 = ORIENTED_EDGE ( 'NONE', *, *, #3244, .T. ) ;
#3127 = ORIENTED_EDGE ( 'NONE', *, *, #166, .T. ) ;
#3128 = EDGE_CURVE ( 'NONE', #1591, #1325, #376, .T. ) ;
#3129 = CIRCLE ( 'NONE', #2446, 13.00000000000003020 ) ;
#3130 = CIRCLE ( 'NONE', #4111, 3.100000000000017852 ) ;
#3131 = VECTOR ( 'NONE', #1590, 1000.000000000000000 ) ;
#3132 = EDGE_CURVE ( 'NONE', #2848, #1824, #2222, .T. ) ;
#3133 = CARTESIAN_POINT ( 'NONE',  ( 8.941101777927626060, -29.48635277547910505, 5.000000000000000888 ) ) ;
#3134 = ORIENTED_EDGE ( 'NONE', *, *, #2284, .T. ) ;
#3135 = VECTOR ( 'NONE', #999, 1000.000000000000000 ) ;
#3136 = CIRCLE ( 'NONE', #1204, 1.999999999999999112 ) ;
#3137 = CARTESIAN_POINT ( 'NONE',  ( -25.93877972914330243, -40.00000000000000711, 5.000000000000000000 ) ) ;
#3138 = VERTEX_POINT ( 'NONE', #1185 ) ;
#3139 = FACE_OUTER_BOUND ( 'NONE', #2205, .T. ) ;
#3140 = ORIENTED_EDGE ( 'NONE', *, *, #3558, .F. ) ;
#3141 = VECTOR ( 'NONE', #4460, 1000.000000000000000 ) ;
#3142 = LINE ( 'NONE', #3095, #4044 ) ;
#3143 = AXIS2_PLACEMENT_3D ( 'NONE', #3183, #2480, #340 ) ;
#3144 = ORIENTED_EDGE ( 'NONE', *, *, #4277, .T. ) ;
#3145 = AXIS2_PLACEMENT_3D ( 'NONE', #753, #1819, #881 ) ;
#3146 = DIRECTION ( 'NONE',  ( -1.000000000000000000, 0.000000000000000000, 0.000000000000000000 ) ) ;
#3147 = ORIENTED_EDGE ( 'NONE', *, *, #1184, .T. ) ;
#3148 = CARTESIAN_POINT ( 'NONE',  ( 15.00000000000000000, 5.899999999999999467, 5.000000000000000000 ) ) ;
#3149 = CARTESIAN_POINT ( 'NONE',  ( -25.93877972914330599, 39.99999999999999289, 5.000000000000000000 ) ) ;
#3150 = AXIS2_PLACEMENT_3D ( 'NONE', #3921, #2133, #3943 ) ;
#3151 = CARTESIAN_POINT ( 'NONE',  ( 10.20303293378924536, -84.88913123215772316, 4.439160290703598299 ) ) ;
#3152 = VECTOR ( 'NONE', #325, 1000.000000000000000 ) ;
#3153 = DIRECTION ( 'NONE',  ( 0.000000000000000000, 0.000000000000000000, -1.000000000000000000 ) ) ;
#3154 = DIRECTION ( 'NONE',  ( -0.000000000000000000, -0.000000000000000000, 1.000000000000000000 ) ) ;
#3155 = VERTEX_POINT ( 'NONE', #2595 ) ;
#3156 = ORIENTED_EDGE ( 'NONE', *, *, #2493, .T. ) ;
#3157 = EDGE_CURVE ( 'NONE', #2188, #3633, #3282, .T. ) ;
#3158 = LINE ( 'NONE', #3549, #970 ) ;
#3159 = ORIENTED_EDGE ( 'NONE', *, *, #3120, .F. ) ;
#3160 = PRODUCT_DEFINITION_CONTEXT ( 'detailed design', #800, 'design' ) ;
#3161 = ADVANCED_FACE ( 'NONE', ( #787 ), #1551, .F. ) ;
#3162 = LINE ( 'NONE', #639, #464 ) ;
#3163 = ORIENTED_EDGE ( 'NONE', *, *, #3787, .F. ) ;
#3164 = CARTESIAN_POINT ( 'NONE',  ( -24.41141100645623752, 81.94103375399816969, 5.000000000000000000 ) ) ;
#3165 = ORIENTED_EDGE ( 'NONE', *, *, #3954, .F. ) ;
#3166 = DIRECTION ( 'NONE',  ( 1.000000000000000000, 0.000000000000000000, 0.000000000000000000 ) ) ;
#3167 = ORIENTED_EDGE ( 'NONE', *, *, #1279, .F. ) ;
#3168 = VERTEX_POINT ( 'NONE', #471 ) ;
#3169 = CARTESIAN_POINT ( 'NONE',  ( 7.999999999999998224, 10.00000000000000178, -57.50000000000000000 ) ) ;
#3170 = CARTESIAN_POINT ( 'NONE',  ( 4.146862743635832516, 19.48635277547910150, 5.000000000000000888 ) ) ;
#3171 = CARTESIAN_POINT ( 'NONE',  ( 56.25148190433451845, -49.61130913341323634, 6.554172877521253326 ) ) ;
#3172 = DIRECTION ( 'NONE',  ( 0.000000000000000000, -1.000000000000000000, 0.000000000000000000 ) ) ;
#3173 = FILL_AREA_STYLE_COLOUR ( '', #656 ) ;
#3174 = ORIENTED_EDGE ( 'NONE', *, *, #1145, .T. ) ;
#3175 = EDGE_LOOP ( 'NONE', ( #3804, #894, #1210, #3371, #2943, #4375, #2313, #3410, #1084 ) ) ;
#3176 = LINE ( 'NONE', #1487, #3349 ) ;
#3177 = DIRECTION ( 'NONE',  ( -0.000000000000000000, -0.000000000000000000, -1.000000000000000000 ) ) ;
#3178 = EDGE_LOOP ( 'NONE', ( #206, #2667, #3937, #2422 ) ) ;
#3179 = EDGE_CURVE ( 'NONE', #920, #3168, #513, .T. ) ;
#3180 = DIRECTION ( 'NONE',  ( -0.000000000000000000, -0.000000000000000000, 1.000000000000000000 ) ) ;
#3181 = VERTEX_POINT ( 'NONE', #2252 ) ;
#3182 = DIRECTION ( 'NONE',  ( 0.000000000000000000, -1.000000000000000000, 0.000000000000000000 ) ) ;
#3183 = CARTESIAN_POINT ( 'NONE',  ( 0.000000000000000000, 0.000000000000000000, 3.000000000000000000 ) ) ;
#3184 = VERTEX_POINT ( 'NONE', #3685 ) ;
#3185 = EDGE_CURVE ( 'NONE', #1999, #3224, #3706, .T. ) ;
#3186 = DIRECTION ( 'NONE',  ( -1.000000000000000000, 0.000000000000000000, 0.000000000000000000 ) ) ;
#3187 = VERTEX_POINT ( 'NONE', #3307 ) ;
#3188 = DIRECTION ( 'NONE',  ( -0.000000000000000000, 1.000000000000000000, 0.000000000000000000 ) ) ;
#3189 = CARTESIAN_POINT ( 'NONE',  ( 2.936824718642137899, 59.67119484314522282, 3.789174486536118103 ) ) ;
#3190 = LINE ( 'NONE', #1407, #1495 ) ;
#3191 = CARTESIAN_POINT ( 'NONE',  ( 59.45156584438922920, -45.72239364659655081, 11.24927979776649067 ) ) ;
#3192 = FACE_OUTER_BOUND ( 'NONE', #775, .T. ) ;
#3193 = DIRECTION ( 'NONE',  ( -1.000000000000000000, 0.000000000000000000, 0.000000000000000000 ) ) ;
#3194 = ORIENTED_EDGE ( 'NONE', *, *, #2465, .T. ) ;
#3195 = VERTEX_POINT ( 'NONE', #161 ) ;
#3196 = PLANE ( 'NONE',  #2978 ) ;
#3197 = CARTESIAN_POINT ( 'NONE',  ( -31.00000000000000000, 9.999999999999996447, 5.000000000000000000 ) ) ;
#3198 = ORIENTED_EDGE ( 'NONE', *, *, #681, .F. ) ;
#3199 = AXIS2_PLACEMENT_3D ( 'NONE', #2548, #2946, #1520 ) ;
#3200 = AXIS2_PLACEMENT_3D ( 'NONE', #1728, #4592, #1378 ) ;
#3201 = EDGE_CURVE ( 'NONE', #4559, #1720, #112, .T. ) ;
#3202 = DIRECTION ( 'NONE',  ( -0.000000000000000000, -1.000000000000000000, -0.000000000000000000 ) ) ;
#3203 = ORIENTED_EDGE ( 'NONE', *, *, #3705, .T. ) ;
#3204 = DIRECTION ( 'NONE',  ( 1.000000000000000000, 0.000000000000000000, 0.000000000000000000 ) ) ;
#3205 = CARTESIAN_POINT ( 'NONE',  ( -31.00000000000000000, 9.999999999999996447, 5.000000000000000000 ) ) ;
#3206 = ORIENTED_EDGE ( 'NONE', *, *, #2345, .F. ) ;
#3207 = CIRCLE ( 'NONE', #2378, 1.599999999999997202 ) ;
#3208 = AXIS2_PLACEMENT_3D ( 'NONE', #2514, #724, #74 ) ;
#3209 = EDGE_CURVE ( 'NONE', #2641, #4132, #1902, .T. ) ;
#3210 = DIRECTION ( 'NONE',  ( 0.000000000000000000, 0.000000000000000000, 1.000000000000000000 ) ) ;
#3211 = EDGE_LOOP ( 'NONE', ( #2400, #3203, #3773, #4182 ) ) ;
#3212 = AXIS2_PLACEMENT_3D ( 'NONE', #1974, #4136, #3824 ) ;
#3213 = AXIS2_PLACEMENT_3D ( 'NONE', #3035, #1288, #3781 ) ;
#3214 = DIRECTION ( 'NONE',  ( 0.7071067811865474617, 0.7071067811865474617, -0.000000000000000000 ) ) ;
#3215 = CARTESIAN_POINT ( 'NONE',  ( -31.00000000000000000, 9.999999999999996447, 5.000000000000000000 ) ) ;
#3216 = CARTESIAN_POINT ( 'NONE',  ( 25.49999999999998934, -8.500000000000000000, 5.000000000000000000 ) ) ;
#3217 = AXIS2_PLACEMENT_3D ( 'NONE', #253, #921, #1012 ) ;
#3218 = ADVANCED_FACE ( 'NONE', ( #4439, #4413, #1213, #854 ), #3466, .T. ) ;
#3219 = LINE ( 'NONE', #1369, #2830 ) ;
#3220 = PLANE ( 'NONE',  #1874 ) ;
#3221 = CARTESIAN_POINT ( 'NONE',  ( 63.44288770224761009, -39.00000000000000711, 6.000000000000000000 ) ) ;
#3222 = EDGE_CURVE ( 'NONE', #4008, #3324, #1621, .T. ) ;
#3223 = AXIS2_PLACEMENT_3D ( 'NONE', #348, #719, #1075 ) ;
#3224 = VERTEX_POINT ( 'NONE', #3757 ) ;
#3225 = ORIENTED_EDGE ( 'NONE', *, *, #4596, .T. ) ;
#3226 = AXIS2_PLACEMENT_3D ( 'NONE', #1810, #3977, #769 ) ;
#3227 = CARTESIAN_POINT ( 'NONE',  ( 11.99999999999997513, -69.00000000000000000, 5.000000000000000000 ) ) ;
#3228 = DIRECTION ( 'NONE',  ( 3.083952846180992055E-15, 0.000000000000000000, 1.000000000000000000 ) ) ;
#3229 = ORIENTED_EDGE ( 'NONE', *, *, #2776, .T. ) ;
#3230 = CARTESIAN_POINT ( 'NONE',  ( -27.66829088000282511, -49.90000000000002700, 6.439198102782435207 ) ) ;
#3231 = VERTEX_POINT ( 'NONE', #229 ) ;
#3232 = CARTESIAN_POINT ( 'NONE',  ( 3.879751057680255411, 29.48635277547910505, 4.713747003574108696 ) ) ;
#3233 = CARTESIAN_POINT ( 'NONE',  ( -25.93877972914330243, -49.90000000000002700, 5.000000000000000000 ) ) ;
#3234 = VERTEX_POINT ( 'NONE', #995 ) ;
#3235 = EDGE_LOOP ( 'NONE', ( #1423, #4381, #3831, #4235 ) ) ;
#3236 = CARTESIAN_POINT ( 'NONE',  ( -19.00000000000000711, 75.00000000000000000, 1.499999999999972689 ) ) ;
#3237 = LINE ( 'NONE', #766, #758 ) ;
#3238 = ADVANCED_FACE ( 'NONE', ( #4528 ), #946, .F. ) ;
#3239 = CARTESIAN_POINT ( 'NONE',  ( -24.38875556251408128, -81.94777972655472809, 0.000000000000000000 ) ) ;
#3240 = CARTESIAN_POINT ( 'NONE',  ( 22.49999999999998934, -8.500000000000000000, 0.000000000000000000 ) ) ;
#3241 = CYLINDRICAL_SURFACE ( 'NONE', #3562, 1.600000000000004086 ) ;
#3242 = ORIENTED_EDGE ( 'NONE', *, *, #4531, .T. ) ;
#3243 = ORIENTED_EDGE ( 'NONE', *, *, #1840, .F. ) ;
#3244 = EDGE_CURVE ( 'NONE', #3692, #1129, #3845, .T. ) ;
#3245 = ADVANCED_FACE ( 'NONE', ( #4172 ), #3776, .T. ) ;
#3246 = DIRECTION ( 'NONE',  ( -1.000000000000000000, 0.000000000000000000, 0.000000000000000000 ) ) ;
#3247 = LINE ( 'NONE', #2257, #3063 ) ;
#3248 = DIRECTION ( 'NONE',  ( 0.000000000000000000, 0.000000000000000000, 1.000000000000000000 ) ) ;
#3249 = VERTEX_POINT ( 'NONE', #1317 ) ;
#3250 = DIRECTION ( 'NONE',  ( -0.000000000000000000, 1.000000000000000000, -0.000000000000000000 ) ) ;
#3251 = ORIENTED_EDGE ( 'NONE', *, *, #954, .F. ) ;
#3252 = DIRECTION ( 'NONE',  ( -0.000000000000000000, -0.000000000000000000, -1.000000000000000000 ) ) ;
#3253 = DIRECTION ( 'NONE',  ( 1.000000000000000000, 0.000000000000000000, 0.000000000000000000 ) ) ;
#3254 = ORIENTED_EDGE ( 'NONE', *, *, #2140, .T. ) ;
#3255 = ORIENTED_EDGE ( 'NONE', *, *, #3407, .T. ) ;
#3256 = CARTESIAN_POINT ( 'NONE',  ( -15.90000000000001812, -75.00000000000000000, 0.000000000000000000 ) ) ;
#3257 = CARTESIAN_POINT ( 'NONE',  ( -20.60000000000001563, -75.00000000000000000, 5.000000000000000000 ) ) ;
#3258 = DIRECTION ( 'NONE',  ( -1.000000000000000000, 0.000000000000000000, 0.000000000000000000 ) ) ;
#3259 = EDGE_CURVE ( 'NONE', #596, #981, #2391, .T. ) ;
#3260 = DIRECTION ( 'NONE',  ( -0.7071067811865470176, 8.659560562354926695E-17, 0.7071067811865480168 ) ) ;
#3261 = CARTESIAN_POINT ( 'NONE',  ( 64.06246951218787444, -39.00000000000000711, 5.000000000000000000 ) ) ;
#3262 = ORIENTED_EDGE ( 'NONE', *, *, #1963, .T. ) ;
#3263 = STYLED_ITEM ( 'NONE', ( #1414 ), #149 ) ;
#3264 = DIRECTION ( 'NONE',  ( 1.000000000000000000, 0.000000000000000000, 0.000000000000000000 ) ) ;
#3265 = ADVANCED_FACE ( 'NONE', ( #563 ), #2670, .F. ) ;
#3266 = CARTESIAN_POINT ( 'NONE',  ( 22.49999999999998934, -8.500000000000000000, 5.000000000000000000 ) ) ;
#3267 = LINE ( 'NONE', #1817, #1935 ) ;
#3268 = ADVANCED_FACE ( 'NONE', ( #1282 ), #2734, .F. ) ;
#3269 = ORIENTED_EDGE ( 'NONE', *, *, #1867, .T. ) ;
#3270 = VERTEX_POINT ( 'NONE', #3448 ) ;
#3271 = VECTOR ( 'NONE', #3724, 1000.000000000000000 ) ;
#3272 = DIRECTION ( 'NONE',  ( -0.000000000000000000, -0.000000000000000000, -1.000000000000000000 ) ) ;
#3273 = DIRECTION ( 'NONE',  ( 0.7071067811865474617, 0.7071067811865474617, 0.000000000000000000 ) ) ;
#3274 = ORIENTED_EDGE ( 'NONE', *, *, #2149, .F. ) ;
#3275 = VECTOR ( 'NONE', #3630, 1000.000000000000000 ) ;
#3276 = EDGE_LOOP ( 'NONE', ( #1820, #2754, #1180, #2409 ) ) ;
#3277 = DIRECTION ( 'NONE',  ( 0.000000000000000000, 0.000000000000000000, 1.000000000000000000 ) ) ;
#3278 = CARTESIAN_POINT ( 'NONE',  ( -19.00000000000000711, -75.00000000000000000, 5.000000000000000000 ) ) ;
#3279 = AXIS2_PLACEMENT_3D ( 'NONE', #1239, #792, #2630 ) ;
#3280 = LINE ( 'NONE', #2953, #3975 ) ;
#3281 = AXIS2_PLACEMENT_3D ( 'NONE', #1981, #2633, #911 ) ;
#3282 = CIRCLE ( 'NONE', #822, 3.100000000000020961 ) ;
#3283 = AXIS2_PLACEMENT_3D ( 'NONE', #3764, #1534, #571 ) ;
#3284 = DIRECTION ( 'NONE',  ( 0.7071067811865497932, 8.659560562354959975E-17, -0.7071067811865453523 ) ) ;
#3285 = FACE_OUTER_BOUND ( 'NONE', #4196, .T. ) ;
#3286 = DIRECTION ( 'NONE',  ( -1.000000000000000000, 0.000000000000000000, 0.000000000000000000 ) ) ;
#3287 = AXIS2_PLACEMENT_3D ( 'NONE', #3023, #2687, #3770 ) ;
#3288 = ORIENTED_EDGE ( 'NONE', *, *, #1585, .T. ) ;
#3289 = AXIS2_PLACEMENT_3D ( 'NONE', #1450, #1822, #3253 ) ;
#3290 = CARTESIAN_POINT ( 'NONE',  ( 10.32988139361452262, -109.1000000000000369, 6.439198102782434319 ) ) ;
#3291 = CARTESIAN_POINT ( 'NONE',  ( 28.19999999999997087, 69.50000000000000000, 0.000000000000000000 ) ) ;
#3292 = CARTESIAN_POINT ( 'NONE',  ( 22.49999999999998934, -8.500000000000000000, 5.000000000000000000 ) ) ;
#3293 = ORIENTED_EDGE ( 'NONE', *, *, #2495, .T. ) ;
#3294 = VECTOR ( 'NONE', #1477, 1000.000000000000000 ) ;
#3295 = EDGE_CURVE ( 'NONE', #580, #86, #4120, .T. ) ;
#3296 = EDGE_CURVE ( 'NONE', #2307, #1061, #1684, .T. ) ;
#3297 = VERTEX_POINT ( 'NONE', #4110 ) ;
#3298 = CARTESIAN_POINT ( 'NONE',  ( -19.00000000000000711, 75.00000000000000000, 0.000000000000000000 ) ) ;
#3299 = DIRECTION ( 'NONE',  ( 0.7071067811865475727, 0.7071067811865475727, 0.000000000000000000 ) ) ;
#3300 = VERTEX_POINT ( 'NONE', #3397 ) ;
#3301 = EDGE_CURVE ( 'NONE', #3516, #4612, #902, .T. ) ;
#3302 = FACE_BOUND ( 'NONE', #2609, .T. ) ;
#3303 = ORIENTED_EDGE ( 'NONE', *, *, #2778, .F. ) ;
#3304 = CARTESIAN_POINT ( 'NONE',  ( 0.000000000000000000, 0.000000000000000000, 5.000000000000000000 ) ) ;
#3305 = CARTESIAN_POINT ( 'NONE',  ( 25.50000000000000000, 5.500000000000001776, 5.000000000000000000 ) ) ;
#3306 = CARTESIAN_POINT ( 'NONE',  ( 58.47359291087011712, 46.96718062726621667, 9.033960936800756514 ) ) ;
#3307 = CARTESIAN_POINT ( 'NONE',  ( -0.7500000000000058842, -79.50000000000001421, 0.000000000000000000 ) ) ;
#3308 = DIRECTION ( 'NONE',  ( -1.387778780781446662E-15, 1.000000000000000000, 0.000000000000000000 ) ) ;
#3309 = CARTESIAN_POINT ( 'NONE',  ( -31.00000000000000000, -0.9000000000000036859, -57.50000000000000000 ) ) ;
#3310 = DIRECTION ( 'NONE',  ( 1.000000000000000000, -1.828673351853228406E-16, -0.000000000000000000 ) ) ;
#3311 = DIRECTION ( 'NONE',  ( 1.000000000000000000, 0.000000000000000000, 0.000000000000000000 ) ) ;
#3312 = CARTESIAN_POINT ( 'NONE',  ( -13.00000000000001243, -78.00000000000001421, 3.499999999999994671 ) ) ;
#3313 = ORIENTED_EDGE ( 'NONE', *, *, #2576, .F. ) ;
#3314 = ORIENTED_EDGE ( 'NONE', *, *, #3043, .F. ) ;
#3315 = EDGE_CURVE ( 'NONE', #2482, #3863, #3420, .T. ) ;
#3316 = CARTESIAN_POINT ( 'NONE',  ( 4.146862743635832516, -19.48635277547910505, 5.000000000000000888 ) ) ;
#3317 = DIRECTION ( 'NONE',  ( 1.000000000000000000, 0.000000000000000000, 0.000000000000000000 ) ) ;
#3318 = ORIENTED_EDGE ( 'NONE', *, *, #1273, .F. ) ;
#3319 = FACE_BOUND ( 'NONE', #4283, .T. ) ;
#3320 = ORIENTED_EDGE ( 'NONE', *, *, #2117, .T. ) ;
#3321 = EDGE_CURVE ( 'NONE', #4201, #4124, #4188, .T. ) ;
#3322 = CARTESIAN_POINT ( 'NONE',  ( 11.99999999999997513, -69.00000000000000000, 5.000000000000000000 ) ) ;
#3323 = PLANE ( 'NONE',  #3364 ) ;
#3324 = VERTEX_POINT ( 'NONE', #3116 ) ;
#3325 = PLANE ( 'NONE',  #1562 ) ;
#3326 = DIRECTION ( 'NONE',  ( -0.000000000000000000, -0.000000000000000000, 1.000000000000000000 ) ) ;
#3327 = CARTESIAN_POINT ( 'NONE',  ( 60.00000000000000000, 52.00000000000000000, 1.499999999999984901 ) ) ;
#3328 = DIRECTION ( 'NONE',  ( -0.000000000000000000, -0.000000000000000000, -1.000000000000000000 ) ) ;
#3329 = CARTESIAN_POINT ( 'NONE',  ( 22.49999999999998224, -5.500000000000001776, 5.000000000000000000 ) ) ;
#3330 = DIRECTION ( 'NONE',  ( -1.156482317317871725E-15, -1.000000000000000000, -0.000000000000000000 ) ) ;
#3331 = DIRECTION ( 'NONE',  ( -1.000000000000000000, 0.000000000000000000, 0.000000000000000000 ) ) ;
#3332 = ORIENTED_EDGE ( 'NONE', *, *, #2717, .F. ) ;
#3333 = ORIENTED_EDGE ( 'NONE', *, *, #3693, .T. ) ;
#3334 = CARTESIAN_POINT ( 'NONE',  ( -27.66829088000282511, -0.9000000000000032419, 6.439198102782435207 ) ) ;
#3335 = PLANE ( 'NONE',  #1933 ) ;
#3336 = ORIENTED_EDGE ( 'NONE', *, *, #1443, .F. ) ;
#3337 = EDGE_CURVE ( 'NONE', #3486, #1685, #3589, .T. ) ;
#3338 = AXIS2_PLACEMENT_3D ( 'NONE', #4167, #3026, #4456 ) ;
#3339 = ORIENTED_EDGE ( 'NONE', *, *, #486, .T. ) ;
#3340 = CARTESIAN_POINT ( 'NONE',  ( 60.00000000000000000, -52.00000000000000000, 5.000000000000000000 ) ) ;
#3341 = DIRECTION ( 'NONE',  ( -1.906289534040446993E-16, 1.000000000000000000, 0.000000000000000000 ) ) ;
#3342 = ORIENTED_EDGE ( 'NONE', *, *, #680, .F. ) ;
#3343 = FACE_OUTER_BOUND ( 'NONE', #3715, .T. ) ;
#3344 = ORIENTED_EDGE ( 'NONE', *, *, #2718, .F. ) ;
#3345 = CONICAL_SURFACE ( 'NONE', #2979, 1.600000000000004086, 0.7853981633974476129 ) ;
#3346 = EDGE_CURVE ( 'NONE', #434, #279, #1130, .T. ) ;
#3347 = EDGE_CURVE ( 'NONE', #575, #3300, #2056, .T. ) ;
#3348 = CARTESIAN_POINT ( 'NONE',  ( 14.73761543394930662, -19.48635277547909794, -5.000000000000000000 ) ) ;
#3349 = VECTOR ( 'NONE', #3981, 1000.000000000000000 ) ;
#3350 = CIRCLE ( 'NONE', #2828, 2.249999999999998668 ) ;
#3351 = DIRECTION ( 'NONE',  ( 1.541976423090496028E-15, 0.000000000000000000, 1.000000000000000000 ) ) ;
#3352 = DIRECTION ( 'NONE',  ( -0.000000000000000000, -0.000000000000000000, -1.000000000000000000 ) ) ;
#3353 = VECTOR ( 'NONE', #3637, 1000.000000000000000 ) ;
#3354 = VECTOR ( 'NONE', #748, 1000.000000000000000 ) ;
#3355 = EDGE_CURVE ( 'NONE', #1656, #868, #362, .T. ) ;
#3356 = CARTESIAN_POINT ( 'NONE',  ( 11.99999999999997513, -69.00000000000000000, 5.000000000000000000 ) ) ;
#3357 = CARTESIAN_POINT ( 'NONE',  ( 3.879751057680255411, -19.48635277547910150, 0.000000000000000000 ) ) ;
#3358 = AXIS2_PLACEMENT_3D ( 'NONE', #3796, #603, #2414 ) ;
#3359 = VECTOR ( 'NONE', #4356, 1000.000000000000000 ) ;
#3360 = DIRECTION ( 'NONE',  ( -0.000000000000000000, -0.000000000000000000, -1.000000000000000000 ) ) ;
#3361 = CARTESIAN_POINT ( 'NONE',  ( 10.32988139361452262, -109.1000000000000369, 6.439198102782434319 ) ) ;
#3362 = VERTEX_POINT ( 'NONE', #4598 ) ;
#3363 = VECTOR ( 'NONE', #3250, 1000.000000000000000 ) ;
#3364 = AXIS2_PLACEMENT_3D ( 'NONE', #1545, #2973, #4408 ) ;
#3365 = ORIENTED_EDGE ( 'NONE', *, *, #4285, .T. ) ;
#3366 = CARTESIAN_POINT ( 'NONE',  ( 25.49999999999998579, -5.500000000000001776, 5.000000000000000000 ) ) ;
#3367 = VECTOR ( 'NONE', #3995, 1000.000000000000000 ) ;
#3368 = ORIENTED_EDGE ( 'NONE', *, *, #936, .T. ) ;
#3369 = AXIS2_PLACEMENT_3D ( 'NONE', #1877, #126, #1847 ) ;
#3370 = CARTESIAN_POINT ( 'NONE',  ( 26.59999999999996589, 69.50000000000000000, 5.000000000000000000 ) ) ;
#3371 = ORIENTED_EDGE ( 'NONE', *, *, #195, .T. ) ;
#3372 = PLANE ( 'NONE',  #4279 ) ;
#3373 = LINE ( 'NONE', #1946, #884 ) ;
#3374 = ORIENTED_EDGE ( 'NONE', *, *, #3693, .F. ) ;
#3375 = CARTESIAN_POINT ( 'NONE',  ( 53.22521166491402056, 52.86139777767081682, 5.164300034488744195 ) ) ;
#3376 = ORIENTED_EDGE ( 'NONE', *, *, #2801, .F. ) ;
#3377 = DIRECTION ( 'NONE',  ( -1.000000000000000000, 0.000000000000000000, 0.000000000000000000 ) ) ;
#3378 = DIRECTION ( 'NONE',  ( -0.000000000000000000, -0.000000000000000000, -1.000000000000000000 ) ) ;
#3379 = EDGE_CURVE ( 'NONE', #2444, #1034, #15, .T. ) ;
#3380 = ADVANCED_FACE ( 'NONE', ( #2151 ), #695, .F. ) ;
#3381 = DIRECTION ( 'NONE',  ( -0.000000000000000000, -0.000000000000000000, -1.000000000000000000 ) ) ;
#3382 = CARTESIAN_POINT ( 'NONE',  ( 75.00000000000000000, -19.99999999999998579, 5.000000000000000000 ) ) ;
#3383 = EDGE_CURVE ( 'NONE', #131, #1174, #1015, .T. ) ;
#3384 = DIRECTION ( 'NONE',  ( 1.000000000000000000, 0.000000000000000000, 0.000000000000000000 ) ) ;
#3385 = DIRECTION ( 'NONE',  ( 0.000000000000000000, 1.000000000000000000, 0.000000000000000000 ) ) ;
#3386 = ORIENTED_EDGE ( 'NONE', *, *, #3730, .T. ) ;
#3387 = EDGE_CURVE ( 'NONE', #1802, #2357, #714, .T. ) ;
#3388 = CARTESIAN_POINT ( 'NONE',  ( 73.39999999999993463, 19.99999999999998579, 5.000000000000000000 ) ) ;
#3389 = LINE ( 'NONE', #219, #3055 ) ;
#3390 = ORIENTED_EDGE ( 'NONE', *, *, #1437, .F. ) ;
#3391 = DIRECTION ( 'NONE',  ( -1.000000000000000000, 0.000000000000000000, 0.000000000000000000 ) ) ;
#3392 = ORIENTED_EDGE ( 'NONE', *, *, #3725, .F. ) ;
#3393 = DIRECTION ( 'NONE',  ( -0.000000000000000000, -0.000000000000000000, -1.000000000000000000 ) ) ;
#3394 = ORIENTED_EDGE ( 'NONE', *, *, #901, .F. ) ;
#3395 = DIRECTION ( 'NONE',  ( 3.195330897240195498E-16, -1.000000000000000000, -0.000000000000000000 ) ) ;
#3396 = ORIENTED_EDGE ( 'NONE', *, *, #3735, .T. ) ;
#3397 = CARTESIAN_POINT ( 'NONE',  ( -29.39780203086234778, -40.00000000000000711, 5.000000000000000000 ) ) ;
#3398 = LINE ( 'NONE', #3468, #1505 ) ;
#3399 = FACE_OUTER_BOUND ( 'NONE', #3175, .T. ) ;
#3400 = ADVANCED_FACE ( 'NONE', ( #2802 ), #2127, .T. ) ;
#3401 = DIRECTION ( 'NONE',  ( 0.000000000000000000, -1.000000000000000000, 0.000000000000000000 ) ) ;
#3402 = DIRECTION ( 'NONE',  ( -1.906289534040446993E-16, 1.000000000000000000, 0.000000000000000000 ) ) ;
#3403 = LINE ( 'NONE', #4494, #3964 ) ;
#3404 = DIRECTION ( 'NONE',  ( 0.000000000000000000, 0.000000000000000000, 1.000000000000000000 ) ) ;
#3405 = ORIENTED_EDGE ( 'NONE', *, *, #2267, .F. ) ;
#3406 = EDGE_CURVE ( 'NONE', #790, #2848, #1111, .T. ) ;
#3407 = EDGE_CURVE ( 'NONE', #2426, #3526, #3740, .T. ) ;
#3408 = ADVANCED_FACE ( 'NONE', ( #4221 ), #4294, .F. ) ;
#3409 = DIRECTION ( 'NONE',  ( -0.7071067811865474617, 0.7071067811865474617, 0.000000000000000000 ) ) ;
#3410 = ORIENTED_EDGE ( 'NONE', *, *, #1085, .T. ) ;
#3411 = ADVANCED_FACE ( 'NONE', ( #392 ), #610, .F. ) ;
#3412 = EDGE_CURVE ( 'NONE', #3728, #1983, #1365, .T. ) ;
#3413 = CYLINDRICAL_SURFACE ( 'NONE', #1056, 1.600000000000019851 ) ;
#3414 = EDGE_LOOP ( 'NONE', ( #3416, #2872, #892, #3854, #2403, #108 ) ) ;
#3415 = CARTESIAN_POINT ( 'NONE',  ( 7.999999999999998224, 10.00000000000000178, -57.50000000000000000 ) ) ;
#3416 = ORIENTED_EDGE ( 'NONE', *, *, #4072, .F. ) ;
#3417 = CARTESIAN_POINT ( 'NONE',  ( -29.39780203086235133, 39.99999999999999289, 5.000000000000000000 ) ) ;
#3418 = ORIENTED_EDGE ( 'NONE', *, *, #927, .F. ) ;
#3419 =( GEOMETRIC_REPRESENTATION_CONTEXT ( 3 ) GLOBAL_UNCERTAINTY_ASSIGNED_CONTEXT ( ( #2069 ) ) GLOBAL_UNIT_ASSIGNED_CONTEXT ( ( #1460, #3599, #3853 ) ) REPRESENTATION_CONTEXT ( 'NONE', 'WORKASPACE' ) );
#3420 = LINE ( 'NONE', #2714, #2538 ) ;
#3421 = CARTESIAN_POINT ( 'NONE',  ( -24.38875556251408128, -81.94777972655472809, 5.000000000000000000 ) ) ;
#3422 = DIRECTION ( 'NONE',  ( -0.000000000000000000, 1.000000000000000000, 0.000000000000000000 ) ) ;
#3423 = VECTOR ( 'NONE', #2344, 1000.000000000000000 ) ;
#3424 = AXIS2_PLACEMENT_3D ( 'NONE', #622, #2427, #2031 ) ;
#3425 = CARTESIAN_POINT ( 'NONE',  ( 10.45791941886592014, -84.85810747257438891, 4.439236091744510837 ) ) ;
#3426 = CARTESIAN_POINT ( 'NONE',  ( 22.49999999999998224, -5.500000000000001776, 5.000000000000000000 ) ) ;
#3427 = DIRECTION ( 'NONE',  ( -0.000000000000000000, -0.000000000000000000, -1.000000000000000000 ) ) ;
#3428 = ORIENTED_EDGE ( 'NONE', *, *, #2525, .F. ) ;
#3429 = AXIS2_PLACEMENT_3D ( 'NONE', #2118, #1081, #2915 ) ;
#3430 = ORIENTED_EDGE ( 'NONE', *, *, #4621, .F. ) ;
#3431 = AXIS2_PLACEMENT_3D ( 'NONE', #3361, #3385, #194 ) ;
#3432 = AXIS2_PLACEMENT_3D ( 'NONE', #4549, #1598, #2035 ) ;
#3433 = AXIS2_PLACEMENT_3D ( 'NONE', #3691, #2703, #3404 ) ;
#3434 = LINE ( 'NONE', #2263, #3131 ) ;
#3435 = ORIENTED_EDGE ( 'NONE', *, *, #842, .F. ) ;
#3436 = ADVANCED_FACE ( 'NONE', ( #3891 ), #825, .F. ) ;
#3437 = AXIS2_PLACEMENT_3D ( 'NONE', #1311, #3459, #1271 ) ;
#3438 = AXIS2_PLACEMENT_3D ( 'NONE', #1681, #579, #1991 ) ;
#3439 = ORIENTED_EDGE ( 'NONE', *, *, #4108, .F. ) ;
#3440 = AXIS2_PLACEMENT_3D ( 'NONE', #3426, #632, #2042 ) ;
#3441 = DIRECTION ( 'NONE',  ( 1.000000000000000000, 8.462065736472231082E-17, -0.000000000000000000 ) ) ;
#3442 = VERTEX_POINT ( 'NONE', #1914 ) ;
#3443 = LINE ( 'NONE', #1619, #2540 ) ;
#3444 = ORIENTED_EDGE ( 'NONE', *, *, #2025, .T. ) ;
#3445 = EDGE_CURVE ( 'NONE', #531, #3728, #4007, .T. ) ;
#3446 = EDGE_CURVE ( 'NONE', #935, #912, #4266, .T. ) ;
#3447 = AXIS2_PLACEMENT_3D ( 'NONE', #3236, #1041, #1825 ) ;
#3448 = CARTESIAN_POINT ( 'NONE',  ( -17.39999999999999858, 75.00000000000000000, 1.499999999999972689 ) ) ;
#3449 = DIRECTION ( 'NONE',  ( 0.000000000000000000, 0.000000000000000000, 1.000000000000000000 ) ) ;
#3450 = DIRECTION ( 'NONE',  ( 1.084202172485504311E-16, -1.000000000000000000, 0.000000000000000000 ) ) ;
#3451 = VECTOR ( 'NONE', #3970, 1000.000000000000000 ) ;
#3452 = CARTESIAN_POINT ( 'NONE',  ( 63.53496838771602029, -39.85363723902788990, 5.460783922577091332 ) ) ;
#3453 = PLANE ( 'NONE',  #164 ) ;
#3454 = LINE ( 'NONE', #2990, #4117 ) ;
#3455 = ORIENTED_EDGE ( 'NONE', *, *, #3787, .T. ) ;
#3456 = ORIENTED_EDGE ( 'NONE', *, *, #308, .T. ) ;
#3457 = LINE ( 'NONE', #707, #3877 ) ;
#3458 = ORIENTED_EDGE ( 'NONE', *, *, #3383, .F. ) ;
#3459 = DIRECTION ( 'NONE',  ( 1.000000000000000000, 1.387778780781446662E-15, -0.000000000000000000 ) ) ;
#3460 = ORIENTED_EDGE ( 'NONE', *, *, #3530, .F. ) ;
#3461 = CARTESIAN_POINT ( 'NONE',  ( 0.000000000000000000, 0.000000000000000000, 15.00000000000000000 ) ) ;
#3462 = ORIENTED_EDGE ( 'NONE', *, *, #2094, .F. ) ;
#3463 = PLANE ( 'NONE',  #4569 ) ;
#3464 = VERTEX_POINT ( 'NONE', #780 ) ;
#3465 = ADVANCED_FACE ( 'NONE', ( #3990 ), #150, .F. ) ;
#3466 = PLANE ( 'NONE',  #1276 ) ;
#3467 = ORIENTED_EDGE ( 'NONE', *, *, #706, .T. ) ;
#3468 = CARTESIAN_POINT ( 'NONE',  ( 22.41528496361299005, -11.80868324581541451, -5.000000000000000000 ) ) ;
#3469 = LINE ( 'NONE', #1580, #4322 ) ;
#3470 = EDGE_CURVE ( 'NONE', #4324, #3024, #2589, .T. ) ;
#3471 = FACE_OUTER_BOUND ( 'NONE', #3093, .T. ) ;
#3472 = CARTESIAN_POINT ( 'NONE',  ( 0.000000000000000000, 0.000000000000000000, 5.000000000000000000 ) ) ;
#3473 = CARTESIAN_POINT ( 'NONE',  ( 0.000000000000000000, 0.000000000000000000, 5.000000000000000000 ) ) ;
#3474 = ORIENTED_EDGE ( 'NONE', *, *, #2954, .F. ) ;
#3475 = EDGE_LOOP ( 'NONE', ( #3545, #335, #1461, #2032 ) ) ;
#3476 = CARTESIAN_POINT ( 'NONE',  ( -24.38875556251408128, -40.00000000000000711, 5.000000000000000000 ) ) ;
#3477 = ORIENTED_EDGE ( 'NONE', *, *, #4596, .F. ) ;
#3478 = PLANE ( 'NONE',  #1134 ) ;
#3479 = VERTEX_POINT ( 'NONE', #2619 ) ;
#3480 = DIRECTION ( 'NONE',  ( -0.000000000000000000, 0.000000000000000000, 1.000000000000000000 ) ) ;
#3481 = ORIENTED_EDGE ( 'NONE', *, *, #3850, .F. ) ;
#3482 = DIRECTION ( 'NONE',  ( -0.000000000000000000, -0.000000000000000000, -1.000000000000000000 ) ) ;
#3483 = ORIENTED_EDGE ( 'NONE', *, *, #191, .T. ) ;
#3484 = AXIS2_PLACEMENT_3D ( 'NONE', #3221, #720, #2861 ) ;
#3485 = DIRECTION ( 'NONE',  ( -0.000000000000000000, -0.000000000000000000, -1.000000000000000000 ) ) ;
#3486 = VERTEX_POINT ( 'NONE', #1506 ) ;
#3487 = LINE ( 'NONE', #295, #2171 ) ;
#3488 = DIRECTION ( 'NONE',  ( -1.000000000000000000, 1.031172697806177805E-16, 0.000000000000000000 ) ) ;
#3489 = ADVANCED_FACE ( 'NONE', ( #2269, #4365, #2247, #1875, #3001, #1894, #3680, #1161, #3302, #4059, #107, #3319, #1522, #2949, #1541, #4432, #1229, #2640, #3613, #2028 ), #4521, .F. ) ;
#3490 = EDGE_CURVE ( 'NONE', #4001, #4526, #1614, .T. ) ;
#3491 = CYLINDRICAL_SURFACE ( 'NONE', #2231, 17.79999999999999716 ) ;
#3492 = CIRCLE ( 'NONE', #4249, 1.600000000000019851 ) ;
#3493 = FACE_OUTER_BOUND ( 'NONE', #2164, .T. ) ;
#3494 = FACE_OUTER_BOUND ( 'NONE', #692, .T. ) ;
#3495 = VERTEX_POINT ( 'NONE', #4543 ) ;
#3496 = ORIENTED_EDGE ( 'NONE', *, *, #1396, .F. ) ;
#3497 = EDGE_CURVE ( 'NONE', #3362, #196, #4345, .T. ) ;
#3498 = VECTOR ( 'NONE', #3272, 1000.000000000000000 ) ;
#3499 = ADVANCED_FACE ( 'NONE', ( #2728 ), #3721, .F. ) ;
#3500 = AXIS2_PLACEMENT_3D ( 'NONE', #4005, #798, #3273 ) ;
#3501 = VECTOR ( 'NONE', #1422, 1000.000000000000000 ) ;
#3502 = DIRECTION ( 'NONE',  ( -0.000000000000000000, -0.000000000000000000, -1.000000000000000000 ) ) ;
#3503 = ORIENTED_EDGE ( 'NONE', *, *, #3301, .T. ) ;
#3504 = VECTOR ( 'NONE', #3258, 1000.000000000000000 ) ;
#3505 = CIRCLE ( 'NONE', #3213, 3.100000000000020961 ) ;
#3506 = DIRECTION ( 'NONE',  ( 1.000000000000000000, -0.000000000000000000, -0.000000000000000000 ) ) ;
#3507 = ORIENTED_EDGE ( 'NONE', *, *, #4018, .T. ) ;
#3508 = CARTESIAN_POINT ( 'NONE',  ( 11.99999999999995204, 69.00000000000000000, 5.000000000000000000 ) ) ;
#3509 = ORIENTED_EDGE ( 'NONE', *, *, #3704, .T. ) ;
#3510 = VECTOR ( 'NONE', #530, 1000.000000000000114 ) ;
#3511 = FACE_OUTER_BOUND ( 'NONE', #1961, .T. ) ;
#3512 = AXIS2_PLACEMENT_3D ( 'NONE', #366, #4275, #3941 ) ;
#3513 = EDGE_LOOP ( 'NONE', ( #2385, #4599, #154, #4237 ) ) ;
#3514 = VECTOR ( 'NONE', #2447, 1000.000000000000000 ) ;
#3515 = CARTESIAN_POINT ( 'NONE',  ( 22.41528496361299005, -11.80868324581541451, 5.000000000000000000 ) ) ;
#3516 = VERTEX_POINT ( 'NONE', #266 ) ;
#3517 = CARTESIAN_POINT ( 'NONE',  ( 28.19999999999997087, 69.50000000000000000, 3.499999999999980016 ) ) ;
#3518 = AXIS2_PLACEMENT_3D ( 'NONE', #2362, #1994, #3081 ) ;
#3519 = CARTESIAN_POINT ( 'NONE',  ( 0.000000000000000000, 0.000000000000000000, 5.000000000000000000 ) ) ;
#3520 = PRODUCT_DEFINITION_FORMATION_WITH_SPECIFIED_SOURCE ( 'ANY', '', #2047, .NOT_KNOWN. ) ;
#3521 = ADVANCED_FACE ( 'NONE', ( #3092 ), #3045, .F. ) ;
#3522 = CARTESIAN_POINT ( 'NONE',  ( 0.000000000000000000, 62.50000000000000000, 5.000000000000000000 ) ) ;
#3523 = DIRECTION ( 'NONE',  ( 0.000000000000000000, -1.000000000000000000, 0.000000000000000000 ) ) ;
#3524 = VERTEX_POINT ( 'NONE', #1988 ) ;
#3525 = ORIENTED_EDGE ( 'NONE', *, *, #2804, .T. ) ;
#3526 = VERTEX_POINT ( 'NONE', #1332 ) ;
#3527 = CYLINDRICAL_SURFACE ( 'NONE', #1122, 1.999999999999999112 ) ;
#3528 = EDGE_CURVE ( 'NONE', #1868, #1802, #4165, .T. ) ;
#3529 = DIRECTION ( 'NONE',  ( -1.000000000000000000, 0.000000000000000000, 0.000000000000000000 ) ) ;
#3530 = EDGE_CURVE ( 'NONE', #3187, #26, #1420, .T. ) ;
#3531 = ORIENTED_EDGE ( 'NONE', *, *, #1689, .F. ) ;
#3532 = DIRECTION ( 'NONE',  ( 1.000000000000000000, -3.898255002195072892E-16, 3.508429501975565455E-15 ) ) ;
#3533 = ORIENTED_EDGE ( 'NONE', *, *, #3973, .T. ) ;
#3534 = CARTESIAN_POINT ( 'NONE',  ( 3.879751057680255411, -19.48635277547910150, -5.000000000000000000 ) ) ;
#3535 = ORIENTED_EDGE ( 'NONE', *, *, #3337, .F. ) ;
#3536 = LINE ( 'NONE', #2105, #2686 ) ;
#3537 = ORIENTED_EDGE ( 'NONE', *, *, #726, .F. ) ;
#3538 = ORIENTED_EDGE ( 'NONE', *, *, #4453, .F. ) ;
#3539 = DIRECTION ( 'NONE',  ( -0.000000000000000000, -0.000000000000000000, -1.000000000000000000 ) ) ;
#3540 = CARTESIAN_POINT ( 'NONE',  ( 4.146862743635832516, 58.64006586735675342, 5.000000000000000000 ) ) ;
#3541 = DIRECTION ( 'NONE',  ( 1.000000000000000000, 0.000000000000000000, 0.000000000000000000 ) ) ;
#3542 = DIRECTION ( 'NONE',  ( 1.000000000000000000, 0.000000000000000000, 0.000000000000000000 ) ) ;
#3543 = DIRECTION ( 'NONE',  ( -8.673617379884040402E-16, 1.000000000000000000, -0.000000000000000000 ) ) ;
#3544 = DIRECTION ( 'NONE',  ( -0.000000000000000000, -0.000000000000000000, -1.000000000000000000 ) ) ;
#3545 = ORIENTED_EDGE ( 'NONE', *, *, #4238, .F. ) ;
#3546 = ORIENTED_EDGE ( 'NONE', *, *, #3347, .F. ) ;
#3547 = EDGE_CURVE ( 'NONE', #694, #3479, #4100, .T. ) ;
#3548 = DIRECTION ( 'NONE',  ( 1.084202172485504311E-16, -1.000000000000000000, 0.000000000000000000 ) ) ;
#3549 = CARTESIAN_POINT ( 'NONE',  ( 69.73799092751333717, 3.999999999999991562, 3.000000000000000000 ) ) ;
#3550 = VERTEX_POINT ( 'NONE', #4502 ) ;
#3551 = ADVANCED_FACE ( 'NONE', ( #959 ), #3413, .F. ) ;
#3552 = EDGE_CURVE ( 'NONE', #2750, #2712, #2337, .T. ) ;
#3553 = LINE ( 'NONE', #4611, #1350 ) ;
#3554 = ORIENTED_EDGE ( 'NONE', *, *, #4247, .F. ) ;
#3555 = DIRECTION ( 'NONE',  ( 0.7071067811865462405, 0.000000000000000000, 0.7071067811865489050 ) ) ;
#3556 = DIRECTION ( 'NONE',  ( 1.000000000000000000, 0.000000000000000000, 0.000000000000000000 ) ) ;
#3557 = VERTEX_POINT ( 'NONE', #202 ) ;
#3558 = EDGE_CURVE ( 'NONE', #912, #4455, #179, .T. ) ;
#3559 = ADVANCED_FACE ( 'NONE', ( #4475 ), #2386, .F. ) ;
#3560 = DIRECTION ( 'NONE',  ( 1.000000000000000000, -1.387778780781446662E-15, 0.000000000000000000 ) ) ;
#3561 = EDGE_LOOP ( 'NONE', ( #227, #339, #4222, #4576, #1576, #3822, #915 ) ) ;
#3562 = AXIS2_PLACEMENT_3D ( 'NONE', #2420, #4582, #3193 ) ;
#3563 = FACE_OUTER_BOUND ( 'NONE', #4583, .T. ) ;
#3564 = CARTESIAN_POINT ( 'NONE',  ( 23.99999999999999289, -45.00000000000000711, 15.00000000000000000 ) ) ;
#3565 = CYLINDRICAL_SURFACE ( 'NONE', #165, 1.599999999999997202 ) ;
#3566 = CARTESIAN_POINT ( 'NONE',  ( -19.00000000000000711, -75.00000000000000000, 1.499999999999972689 ) ) ;
#3567 = B_SPLINE_CURVE_WITH_KNOTS ( 'NONE', 3,
 ( #1082, #3605, #2494, #3928, #2868, #520, #1605, #3743 ),
 .UNSPECIFIED., .F., .F.,
 ( 4, 2, 2, 4 ),
 ( 1.226634733346699349E-18, 0.002967625444366097081, 0.004451438166549138466, 0.005935250888732179417 ),
 .UNSPECIFIED. ) ;
#3568 = DIRECTION ( 'NONE',  ( 1.000000000000000000, 9.745637505487682231E-17, 0.000000000000000000 ) ) ;
#3569 = DIRECTION ( 'NONE',  ( -0.000000000000000000, -0.000000000000000000, 1.000000000000000000 ) ) ;
#3570 = CIRCLE ( 'NONE', #517, 3.100000000000022737 ) ;
#3571 = EDGE_LOOP ( 'NONE', ( #1701, #1517, #3846, #2052, #2568 ) ) ;
#3572 = ORIENTED_EDGE ( 'NONE', *, *, #929, .T. ) ;
#3573 = DIRECTION ( 'NONE',  ( -0.000000000000000000, -0.000000000000000000, -1.000000000000000000 ) ) ;
#3574 = DIRECTION ( 'NONE',  ( 1.000000000000000000, 8.462065736472231082E-17, -0.000000000000000000 ) ) ;
#3575 = ORIENTED_EDGE ( 'NONE', *, *, #3337, .T. ) ;
#3576 = AXIS2_PLACEMENT_3D ( 'NONE', #3415, #2291, #3341 ) ;
#3577 = AXIS2_PLACEMENT_3D ( 'NONE', #2561, #2189, #425 ) ;
#3578 = CIRCLE ( 'NONE', #966, 13.00000000000003020 ) ;
#3579 = DIRECTION ( 'NONE',  ( 0.000000000000000000, 0.000000000000000000, -1.000000000000000000 ) ) ;
#3580 = ORIENTED_EDGE ( 'NONE', *, *, #3185, .T. ) ;
#3581 = EDGE_CURVE ( 'NONE', #1846, #556, #222, .T. ) ;
#3582 = CARTESIAN_POINT ( 'NONE',  ( 63.44288770224761009, 39.00000000000000711, 6.000000000000000000 ) ) ;
#3583 = DIRECTION ( 'NONE',  ( 0.7071067811865462405, 0.000000000000000000, 0.7071067811865489050 ) ) ;
#3584 = VERTEX_POINT ( 'NONE', #3068 ) ;
#3585 = VECTOR ( 'NONE', #493, 1000.000000000000000 ) ;
#3586 = VECTOR ( 'NONE', #2066, 1000.000000000000000 ) ;
#3587 = DIRECTION ( 'NONE',  ( -1.000000000000000000, 0.000000000000000000, 0.000000000000000000 ) ) ;
#3588 = ORIENTED_EDGE ( 'NONE', *, *, #923, .F. ) ;
#3589 = CIRCLE ( 'NONE', #3358, 2.249999999999998668 ) ;
#3590 = AXIS2_PLACEMENT_3D ( 'NONE', #1980, #4466, #4159 ) ;
#3591 = EDGE_CURVE ( 'NONE', #2899, #1536, #1788, .T. ) ;
#3592 = FACE_OUTER_BOUND ( 'NONE', #960, .T. ) ;
#3593 = FACE_OUTER_BOUND ( 'NONE', #3276, .T. ) ;
#3594 = CARTESIAN_POINT ( 'NONE',  ( 60.00000000000000000, -52.00000000000000000, -5.000000000000000000 ) ) ;
#3595 = AXIS2_PLACEMENT_3D ( 'NONE', #3598, #4280, #739 ) ;
#3596 = AXIS2_PLACEMENT_3D ( 'NONE', #4245, #1827, #64 ) ;
#3597 = DIRECTION ( 'NONE',  ( 1.000000000000000000, 0.000000000000000000, 0.000000000000000000 ) ) ;
#3598 = CARTESIAN_POINT ( 'NONE',  ( 0.000000000000000000, 0.000000000000000000, 5.000000000000000000 ) ) ;
#3599 =( NAMED_UNIT ( * ) PLANE_ANGLE_UNIT ( ) SI_UNIT ( $, .RADIAN. ) );
#3600 = CIRCLE ( 'NONE', #2246, 17.79999999999999716 ) ;
#3601 = VERTEX_POINT ( 'NONE', #3790 ) ;
#3602 = EDGE_LOOP ( 'NONE', ( #2790, #2481, #2210, #2128 ) ) ;
#3603 = DIRECTION ( 'NONE',  ( -0.000000000000000000, 0.000000000000000000, 1.000000000000000000 ) ) ;
#3604 = CARTESIAN_POINT ( 'NONE',  ( 75.00000000000000000, -19.99999999999998579, 0.000000000000000000 ) ) ;
#3605 = CARTESIAN_POINT ( 'NONE',  ( 3.544821225364347850, -59.09643118942177153, 4.340420232776223131 ) ) ;
#3606 = ORIENTED_EDGE ( 'NONE', *, *, #3321, .T. ) ;
#3607 = CARTESIAN_POINT ( 'NONE',  ( -11.40000000000000746, 78.00000000000001421, 0.000000000000000000 ) ) ;
#3608 = ORIENTED_EDGE ( 'NONE', *, *, #3084, .F. ) ;
#3609 = CARTESIAN_POINT ( 'NONE',  ( -24.00000000000000000, -0.9000000000000036859, 5.000000000000000000 ) ) ;
#3610 = DIRECTION ( 'NONE',  ( 0.000000000000000000, 1.000000000000000000, 0.000000000000000000 ) ) ;
#3611 = EDGE_LOOP ( 'NONE', ( #1349, #3147, #1502, #2415, #851, #1333 ) ) ;
#3612 = EDGE_CURVE ( 'NONE', #1752, #704, #595, .T. ) ;
#3613 = FACE_BOUND ( 'NONE', #2852, .T. ) ;
#3614 = VERTEX_POINT ( 'NONE', #3137 ) ;
#3615 = DIRECTION ( 'NONE',  ( 0.000000000000000000, 0.000000000000000000, 1.000000000000000000 ) ) ;
#3616 = CARTESIAN_POINT ( 'NONE',  ( -24.41141100645622330, 40.00000000000000000, 0.000000000000000000 ) ) ;
#3617 = EDGE_CURVE ( 'NONE', #2646, #2710, #356, .T. ) ;
#3618 = CARTESIAN_POINT ( 'NONE',  ( 54.52761339717851286, -51.49642090020198282, 5.629411124069424233 ) ) ;
#3619 = EDGE_CURVE ( 'NONE', #1178, #1748, #659, .T. ) ;
#3620 = LINE ( 'NONE', #4301, #1577 ) ;
#3621 = CARTESIAN_POINT ( 'NONE',  ( 8.000000000000000000, 3.999999999999991562, 0.000000000000000000 ) ) ;
#3622 = ORIENTED_EDGE ( 'NONE', *, *, #1867, .F. ) ;
#3623 = EDGE_CURVE ( 'NONE', #3249, #1316, #3162, .T. ) ;
#3624 = ADVANCED_FACE ( 'NONE', ( #4570 ), #1360, .F. ) ;
#3625 = CARTESIAN_POINT ( 'NONE',  ( 0.000000000000000000, -62.50000000000000000, 0.000000000000000000 ) ) ;
#3626 = DIRECTION ( 'NONE',  ( 0.000000000000000000, -1.000000000000000000, 0.000000000000000000 ) ) ;
#3627 = DIRECTION ( 'NONE',  ( -0.000000000000000000, 0.000000000000000000, 1.000000000000000000 ) ) ;
#3628 = VERTEX_POINT ( 'NONE', #1726 ) ;
#3629 = ORIENTED_EDGE ( 'NONE', *, *, #1893, .F. ) ;
#3630 = DIRECTION ( 'NONE',  ( 1.000000000000000000, -0.000000000000000000, -0.000000000000000000 ) ) ;
#3631 = CARTESIAN_POINT ( 'NONE',  ( -13.00000000000002665, 78.00000000000001421, 3.499999999999994671 ) ) ;
#3632 = EDGE_LOOP ( 'NONE', ( #871, #3889, #3061, #1805 ) ) ;
#3633 = VERTEX_POINT ( 'NONE', #1397 ) ;
#3634 = CARTESIAN_POINT ( 'NONE',  ( 0.000000000000000000, -1.900000000000006795, 5.000000000000000000 ) ) ;
#3635 = DIRECTION ( 'NONE',  ( 1.000000000000000000, 0.000000000000000000, 0.000000000000000000 ) ) ;
#3636 = DIRECTION ( 'NONE',  ( -0.000000000000000000, -1.000000000000000000, -0.000000000000000000 ) ) ;
#3637 = DIRECTION ( 'NONE',  ( -0.000000000000000000, -1.000000000000000000, -0.000000000000000000 ) ) ;
#3638 = LINE ( 'NONE', #1880, #2020 ) ;
#3639 = DIRECTION ( 'NONE',  ( -0.000000000000000000, -0.000000000000000000, -1.000000000000000000 ) ) ;
#3640 = EDGE_CURVE ( 'NONE', #1846, #2798, #2753, .T. ) ;
#3641 = VERTEX_POINT ( 'NONE', #315 ) ;
#3642 = PRESENTATION_LAYER_ASSIGNMENT (  '', '', ( #3263 ) ) ;
#3643 = ADVANCED_FACE ( 'NONE', ( #285 ), #3478, .T. ) ;
#3644 = LINE ( 'NONE', #837, #155 ) ;
#3645 = ADVANCED_FACE ( 'NONE', ( #1006 ), #2142, .F. ) ;
#3646 = DIRECTION ( 'NONE',  ( -1.000000000000000000, 0.000000000000000000, 0.000000000000000000 ) ) ;
#3647 = DIRECTION ( 'NONE',  ( 1.000000000000000000, 0.000000000000000000, 0.000000000000000000 ) ) ;
#3648 = ORIENTED_EDGE ( 'NONE', *, *, #3833, .F. ) ;
#3649 = EDGE_CURVE ( 'NONE', #2537, #1873, #1747, .T. ) ;
#3650 = ORIENTED_EDGE ( 'NONE', *, *, #2929, .F. ) ;
#3651 = DIRECTION ( 'NONE',  ( -1.906289534040446993E-16, 1.000000000000000000, -0.000000000000000000 ) ) ;
#3652 = CARTESIAN_POINT ( 'NONE',  ( -1.000000000000054623, -69.00000000000000000, 5.000000000000000000 ) ) ;
#3653 = ORIENTED_EDGE ( 'NONE', *, *, #1224, .T. ) ;
#3654 = CIRCLE ( 'NONE', #2001, 3.100000000000022737 ) ;
#3655 = CARTESIAN_POINT ( 'NONE',  ( -24.38875556251408128, -81.94777972655472809, 5.000000000000000000 ) ) ;
#3656 = ORIENTED_EDGE ( 'NONE', *, *, #2097, .T. ) ;
#3657 = DIRECTION ( 'NONE',  ( 0.000000000000000000, 1.000000000000000000, 0.000000000000000000 ) ) ;
#3658 = CARTESIAN_POINT ( 'NONE',  ( -32.41141100645621975, -40.00000000000000711, 5.000000000000000000 ) ) ;
#3659 = AXIS2_PLACEMENT_3D ( 'NONE', #1400, #3935, #4594 ) ;
#3660 = CARTESIAN_POINT ( 'NONE',  ( -29.39780203086234778, -5.900000000000002132, 5.000000000000000000 ) ) ;
#3661 = CIRCLE ( 'NONE', #3208, 2.000000000000000000 ) ;
#3662 = AXIS2_PLACEMENT_3D ( 'NONE', #1690, #2700, #299 ) ;
#3663 = CONICAL_SURFACE ( 'NONE', #607, 3.099999999999988098, 0.7853981633974502774 ) ;
#3664 = DIRECTION ( 'NONE',  ( -0.000000000000000000, -0.000000000000000000, -1.000000000000000000 ) ) ;
#3665 = DIRECTION ( 'NONE',  ( -0.000000000000000000, -0.000000000000000000, -1.000000000000000000 ) ) ;
#3666 = DIRECTION ( 'NONE',  ( -0.000000000000000000, -0.000000000000000000, 1.000000000000000000 ) ) ;
#3667 = CIRCLE ( 'NONE', #2315, 3.100000000000019185 ) ;
#3668 = CARTESIAN_POINT ( 'NONE',  ( 25.49999999999998579, -5.500000000000001776, 0.000000000000000000 ) ) ;
#3669 = CIRCLE ( 'NONE', #906, 1.600000000000019851 ) ;
#3670 = DIRECTION ( 'NONE',  ( 0.000000000000000000, -0.000000000000000000, 1.000000000000000000 ) ) ;
#3671 = FACE_OUTER_BOUND ( 'NONE', #2283, .T. ) ;
#3672 = ORIENTED_EDGE ( 'NONE', *, *, #3259, .T. ) ;
#3673 = VECTOR ( 'NONE', #4578, 1000.000000000000000 ) ;
#3674 = ADVANCED_FACE ( 'NONE', ( #4262 ), #3858, .F. ) ;
#3675 = EDGE_CURVE ( 'NONE', #505, #1293, #3669, .T. ) ;
#3676 = ORIENTED_EDGE ( 'NONE', *, *, #1138, .T. ) ;
#3677 = CARTESIAN_POINT ( 'NONE',  ( -22.14686274363582896, -9.999999999999994671, 5.000000000000000888 ) ) ;
#3678 = FACE_OUTER_BOUND ( 'NONE', #2947, .T. ) ;
#3679 = ORIENTED_EDGE ( 'NONE', *, *, #2858, .T. ) ;
#3680 = FACE_BOUND ( 'NONE', #1611, .T. ) ;
#3681 = EDGE_LOOP ( 'NONE', ( #4058, #4522 ) ) ;
#3682 = CARTESIAN_POINT ( 'NONE',  ( 29.48635277547846556, -18.87975105768089179, -5.000000000000000000 ) ) ;
#3683 = FACE_BOUND ( 'NONE', #2679, .T. ) ;
#3684 = ORIENTED_EDGE ( 'NONE', *, *, #382, .T. ) ;
#3685 = CARTESIAN_POINT ( 'NONE',  ( -9.900000000000009237, 78.00000000000001421, 5.000000000000000000 ) ) ;
#3686 = CARTESIAN_POINT ( 'NONE',  ( -31.00000000000000000, 9.999999999999996447, 0.000000000000000000 ) ) ;
#3687 = CARTESIAN_POINT ( 'NONE',  ( -26.00000000000000000, -0.9000000000000031308, 0.000000000000000000 ) ) ;
#3688 = DIRECTION ( 'NONE',  ( -1.000000000000000000, 0.000000000000000000, 0.000000000000000000 ) ) ;
#3689 = LINE ( 'NONE', #1261, #3363 ) ;
#3690 = FACE_OUTER_BOUND ( 'NONE', #759, .T. ) ;
#3691 = CARTESIAN_POINT ( 'NONE',  ( -9.000000000000000000, 9.999999999999994671, 17.00000000000000000 ) ) ;
#3692 = VERTEX_POINT ( 'NONE', #7 ) ;
#3693 = EDGE_CURVE ( 'NONE', #560, #1873, #3974, .T. ) ;
#3694 = ORIENTED_EDGE ( 'NONE', *, *, #3201, .T. ) ;
#3695 = CARTESIAN_POINT ( 'NONE',  ( 60.00000000000000000, 52.00000000000000000, 0.000000000000000000 ) ) ;
#3696 = EDGE_LOOP ( 'NONE', ( #3930, #423, #2392, #173 ) ) ;
#3697 = EDGE_CURVE ( 'NONE', #1391, #1316, #336, .T. ) ;
#3698 = ORIENTED_EDGE ( 'NONE', *, *, #2206, .F. ) ;
#3699 = CARTESIAN_POINT ( 'NONE',  ( 15.00000000000000000, 5.899999999999999467, 5.000000000000000000 ) ) ;
#3700 = CARTESIAN_POINT ( 'NONE',  ( 63.44288770224761009, -40.00000000000000711, 15.00000000000000000 ) ) ;
#3701 = ORIENTED_EDGE ( 'NONE', *, *, #3157, .F. ) ;
#3702 = CARTESIAN_POINT ( 'NONE',  ( 56.70225853588004838, 49.09463923474300628, 6.903739959263213599 ) ) ;
#3703 = ORIENTED_EDGE ( 'NONE', *, *, #166, .F. ) ;
#3704 = EDGE_CURVE ( 'NONE', #3550, #4124, #3553, .T. ) ;
#3705 = EDGE_CURVE ( 'NONE', #3830, #4166, #1060, .T. ) ;
#3706 = LINE ( 'NONE', #1851, #969 ) ;
#3707 = CARTESIAN_POINT ( 'NONE',  ( 69.73799092751333717, -4.000000000000008882, 3.000000000000000000 ) ) ;
#3708 = CARTESIAN_POINT ( 'NONE',  ( 22.49999999999999645, 5.500000000000001776, 5.000000000000000000 ) ) ;
#3709 = CARTESIAN_POINT ( 'NONE',  ( -32.41141100645621975, -40.00000000000000711, 0.000000000000000000 ) ) ;
#3710 = CARTESIAN_POINT ( 'NONE',  ( 18.87975105768025230, 29.48635277547910505, 5.000000000000000000 ) ) ;
#3711 = CIRCLE ( 'NONE', #3789, 4.250000000000005329 ) ;
#3712 = CARTESIAN_POINT ( 'NONE',  ( 61.59999999999999432, 52.00000000000000000, -5.000000000000000000 ) ) ;
#3713 = DIRECTION ( 'NONE',  ( -1.000000000000000000, 0.000000000000000000, 0.000000000000000000 ) ) ;
#3714 = VERTEX_POINT ( 'NONE', #3910 ) ;
#3715 = EDGE_LOOP ( 'NONE', ( #4259, #2708, #1295, #2115 ) ) ;
#3716 = CARTESIAN_POINT ( 'NONE',  ( 10.32988139361452262, 0.8999999999999980238, 8.439198102782434319 ) ) ;
#3717 = VERTEX_POINT ( 'NONE', #709 ) ;
#3718 = AXIS2_PLACEMENT_3D ( 'NONE', #495, #1904, #4016 ) ;
#3719 = VECTOR ( 'NONE', #2971, 1000.000000000000000 ) ;
#3720 = ADVANCED_FACE ( 'NONE', ( #2122 ), #1425, .F. ) ;
#3721 = CYLINDRICAL_SURFACE ( 'NONE', #1206, 2.249999999999998668 ) ;
#3722 = ORIENTED_EDGE ( 'NONE', *, *, #593, .F. ) ;
#3723 = FACE_OUTER_BOUND ( 'NONE', #2841, .T. ) ;
#3724 = DIRECTION ( 'NONE',  ( -0.000000000000000000, -0.000000000000000000, -1.000000000000000000 ) ) ;
#3725 = EDGE_CURVE ( 'NONE', #790, #4559, #2406, .T. ) ;
#3726 = ORIENTED_EDGE ( 'NONE', *, *, #1458, .T. ) ;
#3727 = CARTESIAN_POINT ( 'NONE',  ( 52.13473568282184090, 53.93890280314354868, 4.999999999999998224 ) ) ;
#3728 = VERTEX_POINT ( 'NONE', #1240 ) ;
#3729 = VECTOR ( 'NONE', #3651, 1000.000000000000000 ) ;
#3730 = EDGE_CURVE ( 'NONE', #247, #3486, #1424, .T. ) ;
#3731 = CARTESIAN_POINT ( 'NONE',  ( -5.000000000000026645, 79.50000000000001421, 5.000000000000000000 ) ) ;
#3732 = CIRCLE ( 'NONE', #2601, 1.600000000000007638 ) ;
#3733 = FACE_OUTER_BOUND ( 'NONE', #2544, .T. ) ;
#3734 = CARTESIAN_POINT ( 'NONE',  ( -26.00000000000000000, -49.90000000000002700, 4.929461192026329819 ) ) ;
#3735 = EDGE_CURVE ( 'NONE', #1546, #4149, #3689, .T. ) ;
#3736 = VECTOR ( 'NONE', #1438, 1000.000000000000000 ) ;
#3737 = AXIS2_PLACEMENT_3D ( 'NONE', #1884, #2608, #3331 ) ;
#3738 = DIRECTION ( 'NONE',  ( -0.000000000000000000, -0.000000000000000000, -1.000000000000000000 ) ) ;
#3739 = DIRECTION ( 'NONE',  ( 1.000000000000000000, 0.000000000000000000, 0.000000000000000000 ) ) ;
#3740 = CIRCLE ( 'NONE', #2611, 1.000000000000000888 ) ;
#3741 = AXIS2_PLACEMENT_3D ( 'NONE', #3754, #2033, #269 ) ;
#3742 = CARTESIAN_POINT ( 'NONE',  ( 60.00000000000000000, -52.00000000000000000, 0.000000000000000000 ) ) ;
#3743 = CARTESIAN_POINT ( 'NONE',  ( 0.7416697508022419560, -62.50000000000000000, 2.102353525932210587 ) ) ;
#3744 = ORIENTED_EDGE ( 'NONE', *, *, #1922, .T. ) ;
#3745 = CARTESIAN_POINT ( 'NONE',  ( 15.00000000000000000, 0.9000000000000000222, 10.00000000000000000 ) ) ;
#3746 = DIRECTION ( 'NONE',  ( 0.7071067811865470176, 0.000000000000000000, 0.7071067811865480168 ) ) ;
#3747 = CIRCLE ( 'NONE', #983, 1.999999999999999112 ) ;
#3748 = ORIENTED_EDGE ( 'NONE', *, *, #221, .F. ) ;
#3749 = AXIS2_PLACEMENT_3D ( 'NONE', #3340, #2970, #4382 ) ;
#3750 = CARTESIAN_POINT ( 'NONE',  ( -5.000000000000011546, -79.50000000000001421, 0.000000000000000000 ) ) ;
#3751 = VERTEX_POINT ( 'NONE', #497 ) ;
#3752 = CARTESIAN_POINT ( 'NONE',  ( 25.49999999999998934, -8.500000000000000000, 0.000000000000000000 ) ) ;
#3753 = VERTEX_POINT ( 'NONE', #568 ) ;
#3754 = CARTESIAN_POINT ( 'NONE',  ( 60.00000000000001421, 55.00000000000000711, 15.00000000000000000 ) ) ;
#3755 = EDGE_LOOP ( 'NONE', ( #1225, #3997, #2780, #2170, #4104, #360, #1329, #553, #1064, #2136, #1639, #865, #3467, #1398, #3344, #2139, #1989, #3879 ) ) ;
#3756 = EDGE_CURVE ( 'NONE', #1029, #2440, #4417, .T. ) ;
#3757 = CARTESIAN_POINT ( 'NONE',  ( 63.09999999999998721, -52.00000000000000000, 0.000000000000000000 ) ) ;
#3758 = DIRECTION ( 'NONE',  ( 0.7071067811865489050, 8.659560562354951347E-17, -0.7071067811865462405 ) ) ;
#3759 = LINE ( 'NONE', #1650, #2893 ) ;
#3760 = EDGE_CURVE ( 'NONE', #721, #1083, #1532, .T. ) ;
#3761 = LINE ( 'NONE', #1977, #234 ) ;
#3762 = CARTESIAN_POINT ( 'NONE',  ( 74.99999999999994316, 19.99999999999998579, 3.499999999999977796 ) ) ;
#3763 = LINE ( 'NONE', #3803, #1861 ) ;
#3764 = CARTESIAN_POINT ( 'NONE',  ( -24.41141100645622330, 81.94103375399816969, 5.000000000000000000 ) ) ;
#3765 = ORIENTED_EDGE ( 'NONE', *, *, #403, .T. ) ;
#3766 = EDGE_CURVE ( 'NONE', #4496, #3181, #545, .T. ) ;
#3767 = EDGE_CURVE ( 'NONE', #1462, #1132, #2167, .T. ) ;
#3768 = FACE_OUTER_BOUND ( 'NONE', #1312, .T. ) ;
#3769 = ORIENTED_EDGE ( 'NONE', *, *, #2084, .F. ) ;
#3770 = DIRECTION ( 'NONE',  ( 1.000000000000000000, 0.000000000000000000, 0.000000000000000000 ) ) ;
#3771 = EDGE_LOOP ( 'NONE', ( #3374, #3837, #284, #3332, #762 ) ) ;
#3772 = CARTESIAN_POINT ( 'NONE',  ( 14.73761543394930662, -19.48635277547909794, 5.000000000000000000 ) ) ;
#3773 = ORIENTED_EDGE ( 'NONE', *, *, #814, .F. ) ;
#3774 = DIRECTION ( 'NONE',  ( 1.000000000000000000, 0.000000000000000000, 0.000000000000000000 ) ) ;
#3775 = ORIENTED_EDGE ( 'NONE', *, *, #3954, .T. ) ;
#3776 = PLANE ( 'NONE',  #2012 ) ;
#3777 = CARTESIAN_POINT ( 'NONE',  ( 9.811460500793467432, -56.18332607462139805, 4.491082943327574739 ) ) ;
#3778 = DIRECTION ( 'NONE',  ( 0.000000000000000000, 0.000000000000000000, -1.000000000000000000 ) ) ;
#3779 = ADVANCED_FACE ( 'NONE', ( #4048 ), #1220, .F. ) ;
#3780 = FACE_OUTER_BOUND ( 'NONE', #3414, .T. ) ;
#3781 = DIRECTION ( 'NONE',  ( 1.000000000000000000, 0.000000000000000000, 0.000000000000000000 ) ) ;
#3782 = ORIENTED_EDGE ( 'NONE', *, *, #457, .F. ) ;
#3783 = ADVANCED_FACE ( 'NONE', ( #192 ), #1584, .F. ) ;
#3784 = ORIENTED_EDGE ( 'NONE', *, *, #479, .F. ) ;
#3785 = EDGE_CURVE ( 'NONE', #289, #523, #1906, .T. ) ;
#3786 = DIRECTION ( 'NONE',  ( 0.7071067811865474617, 0.7071067811865474617, -0.000000000000000000 ) ) ;
#3787 = EDGE_CURVE ( 'NONE', #1375, #3841, #1447, .T. ) ;
#3788 = VERTEX_POINT ( 'NONE', #4464 ) ;
#3789 = AXIS2_PLACEMENT_3D ( 'NONE', #1266, #3019, #4450 ) ;
#3790 = CARTESIAN_POINT ( 'NONE',  ( 4.146862743635830739, 29.48635277547910505, 5.000000000000004441 ) ) ;
#3791 = ORIENTED_EDGE ( 'NONE', *, *, #2172, .F. ) ;
#3792 = CARTESIAN_POINT ( 'NONE',  ( -24.38875556251408128, -40.00000000000000711, 0.000000000000000000 ) ) ;
#3793 = ORIENTED_EDGE ( 'NONE', *, *, #2373, .T. ) ;
#3794 = FACE_OUTER_BOUND ( 'NONE', #1740, .T. ) ;
#3795 = ORIENTED_EDGE ( 'NONE', *, *, #191, .F. ) ;
#3796 = CARTESIAN_POINT ( 'NONE',  ( -27.66829088000282511, -1.900000000000006795, 6.439198102782435207 ) ) ;
#3797 = PLANE ( 'NONE',  #1799 ) ;
#3798 = DIRECTION ( 'NONE',  ( 0.000000000000000000, 0.000000000000000000, 1.000000000000000000 ) ) ;
#3799 = AXIS2_PLACEMENT_3D ( 'NONE', #4435, #3073, #182 ) ;
#3800 = VECTOR ( 'NONE', #3556, 1000.000000000000000 ) ;
#3801 = CARTESIAN_POINT ( 'NONE',  ( 63.58624869985479933, -39.77186856613715094, 5.351232755178237710 ) ) ;
#3802 = DIRECTION ( 'NONE',  ( 0.000000000000000000, -1.000000000000000000, 0.000000000000000000 ) ) ;
#3803 = CARTESIAN_POINT ( 'NONE',  ( 15.00000000000000000, 0.9000000000000000222, -57.50000000000000000 ) ) ;
#3804 = ORIENTED_EDGE ( 'NONE', *, *, #3445, .T. ) ;
#3805 = CIRCLE ( 'NONE', #4560, 3.099999999999988098 ) ;
#3806 = ORIENTED_EDGE ( 'NONE', *, *, #700, .F. ) ;
#3807 = AXIS2_PLACEMENT_3D ( 'NONE', #3334, #845, #1911 ) ;
#3808 = AXIS2_PLACEMENT_3D ( 'NONE', #4454, #917, #4078 ) ;
#3809 = VECTOR ( 'NONE', #3330, 1000.000000000000000 ) ;
#3810 = CARTESIAN_POINT ( 'NONE',  ( 15.00000000000000000, -9.999999999999998224, 0.000000000000000000 ) ) ;
#3811 = PRODUCT_DEFINITION_SHAPE ( 'NONE', 'NONE',  #2550 ) ;
#3812 = ORIENTED_EDGE ( 'NONE', *, *, #3101, .T. ) ;
#3813 = VECTOR ( 'NONE', #1039, 1000.000000000000000 ) ;
#3814 = VECTOR ( 'NONE', #2850, 1000.000000000000000 ) ;
#3815 = EDGE_CURVE ( 'NONE', #694, #2995, #4349, .T. ) ;
#3816 = CARTESIAN_POINT ( 'NONE',  ( 15.00000000000000000, -9.999999999999998224, 3.000000000000002665 ) ) ;
#3817 = VERTEX_POINT ( 'NONE', #3607 ) ;
#3818 = AXIS2_PLACEMENT_3D ( 'NONE', #2651, #2960, #3739 ) ;
#3819 = LINE ( 'NONE', #288, #1267 ) ;
#3820 = ORIENTED_EDGE ( 'NONE', *, *, #3101, .F. ) ;
#3821 = DIRECTION ( 'NONE',  ( 0.000000000000000000, -1.000000000000000000, 0.000000000000000000 ) ) ;
#3822 = ORIENTED_EDGE ( 'NONE', *, *, #3038, .T. ) ;
#3823 = CIRCLE ( 'NONE', #4572, 13.00000000000003020 ) ;
#3824 = DIRECTION ( 'NONE',  ( 1.000000000000000000, 8.462065736472231082E-17, 0.000000000000000000 ) ) ;
#3825 = EDGE_LOOP ( 'NONE', ( #337, #1595, #1417, #4023 ) ) ;
#3826 = CARTESIAN_POINT ( 'NONE',  ( 9.125560267374590140, -56.32034640077743859, 4.822003524331312185 ) ) ;
#3827 = CARTESIAN_POINT ( 'NONE',  ( 73.39999999999999147, -19.99999999999998579, 3.499999999999977796 ) ) ;
#3828 = DIRECTION ( 'NONE',  ( -0.000000000000000000, -0.000000000000000000, -1.000000000000000000 ) ) ;
#3829 = PLANE ( 'NONE',  #3440 ) ;
#3830 = VERTEX_POINT ( 'NONE', #2173 ) ;
#3831 = ORIENTED_EDGE ( 'NONE', *, *, #3097, .F. ) ;
#3832 = VERTEX_POINT ( 'NONE', #116 ) ;
#3833 = EDGE_CURVE ( 'NONE', #912, #935, #2318, .T. ) ;
#3834 = CARTESIAN_POINT ( 'NONE',  ( -9.000000000000000000, -62.50000000000000000, 17.00000000000000000 ) ) ;
#3835 = ORIENTED_EDGE ( 'NONE', *, *, #3704, .F. ) ;
#3836 = CARTESIAN_POINT ( 'NONE',  ( 15.00000000000000000, 5.899999999999999467, 10.00000000000000000 ) ) ;
#3837 = ORIENTED_EDGE ( 'NONE', *, *, #3965, .T. ) ;
#3838 = EDGE_CURVE ( 'NONE', #3155, #1013, #2631, .T. ) ;
#3839 = SHAPE_DEFINITION_REPRESENTATION ( #3811, #2986 ) ;
#3840 = CARTESIAN_POINT ( 'NONE',  ( 17.11198410471420317, -17.11198410471419962, 0.000000000000000000 ) ) ;
#3841 = VERTEX_POINT ( 'NONE', #3329 ) ;
#3842 = CARTESIAN_POINT ( 'NONE',  ( 22.41528496361299005, -11.80868324581541451, 5.000000000000000000 ) ) ;
#3843 = ORIENTED_EDGE ( 'NONE', *, *, #2636, .T. ) ;
#3844 = EDGE_CURVE ( 'NONE', #3863, #2307, #909, .T. ) ;
#3845 = LINE ( 'NONE', #3079, #4037 ) ;
#3846 = ORIENTED_EDGE ( 'NONE', *, *, #4597, .F. ) ;
#3847 = EDGE_CURVE ( 'NONE', #4358, #1379, #4068, .T. ) ;
#3848 = CARTESIAN_POINT ( 'NONE',  ( -27.66829088000283576, 94.10000000000006537, 6.439198102782435207 ) ) ;
#3849 = PLANE ( 'NONE',  #522 ) ;
#3850 = EDGE_CURVE ( 'NONE', #4612, #3601, #2279, .T. ) ;
#3851 = CARTESIAN_POINT ( 'NONE',  ( 0.000000000000000000, 0.000000000000000000, 10.00000000000000000 ) ) ;
#3852 = DIRECTION ( 'NONE',  ( -1.031172697806177805E-16, -1.000000000000000000, -0.000000000000000000 ) ) ;
#3853 =( NAMED_UNIT ( * ) SI_UNIT ( $, .STERADIAN. ) SOLID_ANGLE_UNIT ( ) );
#3854 = ORIENTED_EDGE ( 'NONE', *, *, #2796, .T. ) ;
#3855 = ORIENTED_EDGE ( 'NONE', *, *, #4076, .T. ) ;
#3856 = CARTESIAN_POINT ( 'NONE',  ( 69.73799092751333717, -4.000000000000008882, 3.000000000000000000 ) ) ;
#3857 = ORIENTED_EDGE ( 'NONE', *, *, #1188, .F. ) ;
#3858 = CYLINDRICAL_SURFACE ( 'NONE', #1651, 1.600000000000007638 ) ;
#3859 = ORIENTED_EDGE ( 'NONE', *, *, #4285, .F. ) ;
#3860 = CARTESIAN_POINT ( 'NONE',  ( 11.99999999999997513, -69.00000000000000000, 5.000000000000000000 ) ) ;
#3861 = ORIENTED_EDGE ( 'NONE', *, *, #1524, .F. ) ;
#3862 = CARTESIAN_POINT ( 'NONE',  ( 0.000000000000000000, 0.000000000000000000, 5.000000000000000000 ) ) ;
#3863 = VERTEX_POINT ( 'NONE', #3357 ) ;
#3864 = ADVANCED_FACE ( 'NONE', ( #170 ), #3014, .F. ) ;
#3865 = ORIENTED_EDGE ( 'NONE', *, *, #2863, .T. ) ;
#3866 = DIRECTION ( 'NONE',  ( 0.000000000000000000, -0.000000000000000000, 1.000000000000000000 ) ) ;
#3867 = LINE ( 'NONE', #4552, #1630 ) ;
#3868 = ADVANCED_FACE ( 'NONE', ( #4208 ), #1000, .T. ) ;
#3869 = CARTESIAN_POINT ( 'NONE',  ( 63.46290687492893312, 39.96828635861702850, 5.714728346010446991 ) ) ;
#3870 = AXIS2_PLACEMENT_3D ( 'NONE', #1917, #153, #1573 ) ;
#3871 = DIRECTION ( 'NONE',  ( 0.000000000000000000, -0.000000000000000000, -1.000000000000000000 ) ) ;
#3872 = CARTESIAN_POINT ( 'NONE',  ( 69.73799092751333717, 3.999999999999991562, 3.000000000000000000 ) ) ;
#3873 = VERTEX_POINT ( 'NONE', #1654 ) ;
#3874 = ORIENTED_EDGE ( 'NONE', *, *, #1892, .F. ) ;
#3875 = AXIS2_PLACEMENT_3D ( 'NONE', #3461, #268, #3204 ) ;
#3876 = VECTOR ( 'NONE', #4026, 1000.000000000000114 ) ;
#3877 = VECTOR ( 'NONE', #4519, 1000.000000000000000 ) ;
#3878 = LINE ( 'NONE', #4566, #1783 ) ;
#3879 = ORIENTED_EDGE ( 'NONE', *, *, #982, .T. ) ;
#3880 = AXIS2_PLACEMENT_3D ( 'NONE', #4350, #4014, #2575 ) ;
#3881 = CIRCLE ( 'NONE', #461, 3.099999999999991651 ) ;
#3882 = DIRECTION ( 'NONE',  ( 1.000000000000000000, 0.000000000000000000, 0.000000000000000000 ) ) ;
#3883 = ORIENTED_EDGE ( 'NONE', *, *, #901, .T. ) ;
#3884 = LINE ( 'NONE', #641, #4178 ) ;
#3885 = ORIENTED_EDGE ( 'NONE', *, *, #2289, .F. ) ;
#3886 = AXIS2_PLACEMENT_3D ( 'NONE', #3750, #1942, #3391 ) ;
#3887 = LINE ( 'NONE', #3233, #4418 ) ;
#3888 = AXIS2_PLACEMENT_3D ( 'NONE', #3862, #1089, #1751 ) ;
#3889 = ORIENTED_EDGE ( 'NONE', *, *, #3528, .T. ) ;
#3890 = AXIS2_PLACEMENT_3D ( 'NONE', #4140, #931, #2438 ) ;
#3891 = FACE_OUTER_BOUND ( 'NONE', #2334, .T. ) ;
#3892 = ORIENTED_EDGE ( 'NONE', *, *, #1020, .T. ) ;
#3893 = DIRECTION ( 'NONE',  ( -0.000000000000000000, -0.000000000000000000, 1.000000000000000000 ) ) ;
#3894 = DIRECTION ( 'NONE',  ( 0.000000000000000000, 1.000000000000000000, 0.000000000000000000 ) ) ;
#3895 = DIRECTION ( 'NONE',  ( -0.000000000000000000, -0.000000000000000000, 1.000000000000000000 ) ) ;
#3896 = EDGE_CURVE ( 'NONE', #4212, #68, #2395, .T. ) ;
#3897 = VECTOR ( 'NONE', #3172, 1000.000000000000000 ) ;
#3898 = CARTESIAN_POINT ( 'NONE',  ( 69.73799092751333717, -4.000000000000008882, 3.000000000000000000 ) ) ;
#3899 = LINE ( 'NONE', #2910, #2922 ) ;
#3900 = DIRECTION ( 'NONE',  ( 0.000000000000000000, 0.000000000000000000, 1.000000000000000000 ) ) ;
#3901 = EDGE_CURVE ( 'NONE', #2174, #2846, #687, .T. ) ;
#3902 = EDGE_LOOP ( 'NONE', ( #4518, #1392, #2196, #3859 ) ) ;
#3903 = ORIENTED_EDGE ( 'NONE', *, *, #4135, .T. ) ;
#3904 = ADVANCED_FACE ( 'NONE', ( #3104 ), #260, .T. ) ;
#3905 = DIRECTION ( 'NONE',  ( 1.000000000000000000, -0.000000000000000000, -0.000000000000000000 ) ) ;
#3906 = EDGE_CURVE ( 'NONE', #1873, #1129, #2741, .T. ) ;
#3907 = CARTESIAN_POINT ( 'NONE',  ( 25.50000000000000355, 8.500000000000000000, 5.000000000000000000 ) ) ;
#3908 = ORIENTED_EDGE ( 'NONE', *, *, #1503, .T. ) ;
#3909 = EDGE_CURVE ( 'NONE', #4469, #3717, #1815, .T. ) ;
#3910 = CARTESIAN_POINT ( 'NONE',  ( 31.29999999999999361, 69.50000000000000000, 5.000000000000000000 ) ) ;
#3911 = EDGE_LOOP ( 'NONE', ( #4073, #3456 ) ) ;
#3912 = CARTESIAN_POINT ( 'NONE',  ( 3.879751057680255411, -29.48635277547910505, -5.000000000000000000 ) ) ;
#3913 = CARTESIAN_POINT ( 'NONE',  ( 22.49999999999998224, -5.500000000000001776, 0.000000000000000000 ) ) ;
#3914 = ORIENTED_EDGE ( 'NONE', *, *, #449, .F. ) ;
#3915 = DIRECTION ( 'NONE',  ( 2.312964634635743450E-15, -1.000000000000000000, 0.000000000000000000 ) ) ;
#3916 = ORIENTED_EDGE ( 'NONE', *, *, #2148, .T. ) ;
#3917 = PLANE ( 'NONE',  #20 ) ;
#3918 = DIRECTION ( 'NONE',  ( -1.000000000000000000, 0.000000000000000000, 0.000000000000000000 ) ) ;
#3919 = CARTESIAN_POINT ( 'NONE',  ( 22.50000000000000355, 8.500000000000000000, 5.000000000000000000 ) ) ;
#3920 = DIRECTION ( 'NONE',  ( -0.000000000000000000, -0.000000000000000000, -1.000000000000000000 ) ) ;
#3921 = CARTESIAN_POINT ( 'NONE',  ( 0.000000000000000000, 0.000000000000000000, 15.00000000000000000 ) ) ;
#3922 = CYLINDRICAL_SURFACE ( 'NONE', #3484, 1.000000000000000000 ) ;
#3923 = ORIENTED_EDGE ( 'NONE', *, *, #3847, .F. ) ;
#3924 = ORIENTED_EDGE ( 'NONE', *, *, #3355, .F. ) ;
#3925 = EDGE_CURVE ( 'NONE', #1253, #2471, #2243, .T. ) ;
#3926 = DIRECTION ( 'NONE',  ( -0.000000000000000000, -0.000000000000000000, -1.000000000000000000 ) ) ;
#3927 = ADVANCED_FACE ( 'NONE', ( #3493 ), #3123, .T. ) ;
#3928 = CARTESIAN_POINT ( 'NONE',  ( 2.064762173789227884, -60.60478259753988795, 3.051735798994205773 ) ) ;
#3929 = VERTEX_POINT ( 'NONE', #2087 ) ;
#3930 = ORIENTED_EDGE ( 'NONE', *, *, #1244, .T. ) ;
#3931 = ADVANCED_FACE ( 'NONE', ( #3780 ), #3453, .F. ) ;
#3932 = CARTESIAN_POINT ( 'NONE',  ( 11.71866100930141741, -109.1000000000000369, 5.000000000000000000 ) ) ;
#3933 = ORIENTED_EDGE ( 'NONE', *, *, #2894, .F. ) ;
#3934 = CARTESIAN_POINT ( 'NONE',  ( 18.87975105768025230, -29.48635277547910505, 0.000000000000000000 ) ) ;
#3935 = DIRECTION ( 'NONE',  ( 0.000000000000000000, 0.000000000000000000, 1.000000000000000000 ) ) ;
#3936 = ORIENTED_EDGE ( 'NONE', *, *, #3623, .T. ) ;
#3937 = ORIENTED_EDGE ( 'NONE', *, *, #3497, .F. ) ;
#3938 = CONICAL_SURFACE ( 'NONE', #1027, 3.099999999999988098, 0.7853981633974502774 ) ;
#3939 = FACE_OUTER_BOUND ( 'NONE', #3602, .T. ) ;
#3940 = FACE_OUTER_BOUND ( 'NONE', #4315, .T. ) ;
#3941 = DIRECTION ( 'NONE',  ( -1.000000000000000000, 0.000000000000000000, -0.000000000000000000 ) ) ;
#3942 = CARTESIAN_POINT ( 'NONE',  ( 50.99019513592785557, -55.00000000000000711, 5.000000000000000000 ) ) ;
#3943 = DIRECTION ( 'NONE',  ( 1.000000000000000000, 0.000000000000000000, -0.000000000000000000 ) ) ;
#3944 = CIRCLE ( 'NONE', #2517, 2.249999999999998668 ) ;
#3945 = ORIENTED_EDGE ( 'NONE', *, *, #55, .T. ) ;
#3946 = ORIENTED_EDGE ( 'NONE', *, *, #3120, .T. ) ;
#3947 = AXIS2_PLACEMENT_3D ( 'NONE', #2554, #2903, #3992 ) ;
#3948 = CYLINDRICAL_SURFACE ( 'NONE', #965, 13.00000000000003020 ) ;
#3949 = B_SPLINE_CURVE_WITH_KNOTS ( 'NONE', 3,
 ( #4556, #4490, #949, #2365, #1347, #567, #2739, #584, #3151, #3425, #212, #236, #3085, #1285, #2719, #4580 ),
 .UNSPECIFIED., .F., .F.,
 ( 4, 2, 2, 2, 2, 2, 2, 4 ),
 ( 0.000000000000000000, 0.0003839958479064591143, 0.0007679916958129182286, 0.001151987543719377397, 0.001535983391625836457, 0.001919979239532295734, 0.002303975087438754794, 0.003071966783251678552 ),
 .UNSPECIFIED. ) ;
#3950 = DIRECTION ( 'NONE',  ( 0.7071067811865475727, 0.7071067811865474617, 0.000000000000000000 ) ) ;
#3951 = CARTESIAN_POINT ( 'NONE',  ( 3.879751057680255411, -29.48635277547910505, 4.713747003574108696 ) ) ;
#3952 = ORIENTED_EDGE ( 'NONE', *, *, #1689, .T. ) ;
#3953 = AXIS2_PLACEMENT_3D ( 'NONE', #3298, #2585, #777 ) ;
#3954 = EDGE_CURVE ( 'NONE', #1415, #389, #4557, .T. ) ;
#3955 = VECTOR ( 'NONE', #3573, 1000.000000000000000 ) ;
#3956 = AXIS2_PLACEMENT_3D ( 'NONE', #4211, #1004, #2423 ) ;
#3957 = CARTESIAN_POINT ( 'NONE',  ( 28.19999999999997087, 69.50000000000000000, 3.499999999999980016 ) ) ;
#3958 = EDGE_LOOP ( 'NONE', ( #3648, #2045, #572, #3588 ) ) ;
#3959 = LINE ( 'NONE', #797, #3729 ) ;
#3960 = FACE_OUTER_BOUND ( 'NONE', #1618, .T. ) ;
#3961 = ORIENTED_EDGE ( 'NONE', *, *, #2097, .F. ) ;
#3962 = ADVANCED_FACE ( 'NONE', ( #2398 ), #3829, .F. ) ;
#3963 = AXIS2_PLACEMENT_3D ( 'NONE', #3012, #475, #3688 ) ;
#3964 = VECTOR ( 'NONE', #612, 1000.000000000000000 ) ;
#3965 = EDGE_CURVE ( 'NONE', #560, #2369, #1348, .T. ) ;
#3966 = DIRECTION ( 'NONE',  ( 0.000000000000000000, 0.000000000000000000, 1.000000000000000000 ) ) ;
#3967 = ORIENTED_EDGE ( 'NONE', *, *, #4625, .T. ) ;
#3968 = VECTOR ( 'NONE', #801, 1000.000000000000000 ) ;
#3969 = VECTOR ( 'NONE', #3950, 1000.000000000000000 ) ;
#3970 = DIRECTION ( 'NONE',  ( 1.387778780781446464E-15, -1.000000000000000000, 0.000000000000000000 ) ) ;
#3971 = CARTESIAN_POINT ( 'NONE',  ( 22.41528496361299005, 11.80868324581541451, -5.000000000000000000 ) ) ;
#3972 = DIRECTION ( 'NONE',  ( 1.387778780781445478E-15, 1.000000000000000000, 0.000000000000000000 ) ) ;
#3973 = EDGE_CURVE ( 'NONE', #721, #3614, #2882, .T. ) ;
#3974 = CIRCLE ( 'NONE', #1871, 17.79999999999999716 ) ;
#3975 = VECTOR ( 'NONE', #1575, 1000.000000000000000 ) ;
#3976 = DIRECTION ( 'NONE',  ( -0.000000000000000000, -0.000000000000000000, -1.000000000000000000 ) ) ;
#3977 = DIRECTION ( 'NONE',  ( 0.000000000000000000, 0.000000000000000000, 1.000000000000000000 ) ) ;
#3978 = CARTESIAN_POINT ( 'NONE',  ( 7.999999999999998224, 10.00000000000000178, 5.000000000000000000 ) ) ;
#3979 = CIRCLE ( 'NONE', #317, 2.249999999999998668 ) ;
#3980 = ORIENTED_EDGE ( 'NONE', *, *, #2629, .T. ) ;
#3981 = DIRECTION ( 'NONE',  ( -0.000000000000000000, -0.000000000000000000, -1.000000000000000000 ) ) ;
#3982 = LINE ( 'NONE', #138, #3809 ) ;
#3983 = DIRECTION ( 'NONE',  ( 0.000000000000000000, 1.000000000000000000, 0.000000000000000000 ) ) ;
#3984 = ORIENTED_EDGE ( 'NONE', *, *, #167, .F. ) ;
#3985 = ORIENTED_EDGE ( 'NONE', *, *, #2117, .F. ) ;
#3986 = CARTESIAN_POINT ( 'NONE',  ( 69.73799092751333717, 3.999999999999991562, 0.000000000000000000 ) ) ;
#3987 = PLANE ( 'NONE',  #3500 ) ;
#3988 = ORIENTED_EDGE ( 'NONE', *, *, #573, .T. ) ;
#3989 = EDGE_CURVE ( 'NONE', #4149, #1051, #615, .T. ) ;
#3990 = FACE_OUTER_BOUND ( 'NONE', #2892, .T. ) ;
#3991 = ORIENTED_EDGE ( 'NONE', *, *, #1496, .F. ) ;
#3992 = DIRECTION ( 'NONE',  ( -1.000000000000000000, 0.000000000000000000, 0.000000000000000000 ) ) ;
#3993 = CARTESIAN_POINT ( 'NONE',  ( -0.7500000000000058842, -79.50000000000001421, 5.000000000000000000 ) ) ;
#3994 = DIRECTION ( 'NONE',  ( 1.000000000000000000, 0.000000000000000000, 0.000000000000000000 ) ) ;
#3995 = DIRECTION ( 'NONE',  ( 0.000000000000000000, -1.000000000000000000, 0.000000000000000000 ) ) ;
#3996 = DIRECTION ( 'NONE',  ( -1.000000000000000000, -0.000000000000000000, -0.000000000000000000 ) ) ;
#3997 = ORIENTED_EDGE ( 'NONE', *, *, #1017, .F. ) ;
#3998 = DIRECTION ( 'NONE',  ( -1.000000000000000000, 0.000000000000000000, 0.000000000000000000 ) ) ;
#3999 = CARTESIAN_POINT ( 'NONE',  ( 29.48635277547846556, 18.87975105768089179, 0.000000000000000000 ) ) ;
#4000 = CARTESIAN_POINT ( 'NONE',  ( -19.00000000000000711, 75.00000000000000000, 5.000000000000000000 ) ) ;
#4001 = VERTEX_POINT ( 'NONE', #2160 ) ;
#4002 = EDGE_LOOP ( 'NONE', ( #4145, #415 ) ) ;
#4003 = ORIENTED_EDGE ( 'NONE', *, *, #3552, .T. ) ;
#4004 = FACE_OUTER_BOUND ( 'NONE', #592, .T. ) ;
#4005 = CARTESIAN_POINT ( 'NONE',  ( 22.41528496361299005, 11.80868324581541451, -5.000000000000000000 ) ) ;
#4006 = ORIENTED_EDGE ( 'NONE', *, *, #4509, .F. ) ;
#4007 = LINE ( 'NONE', #1179, #3968 ) ;
#4008 = VERTEX_POINT ( 'NONE', #1761 ) ;
#4009 =( NAMED_UNIT ( * ) SI_UNIT ( $, .STERADIAN. ) SOLID_ANGLE_UNIT ( ) );
#4010 = LINE ( 'NONE', #1274, #3271 ) ;
#4011 = DIRECTION ( 'NONE',  ( -1.000000000000000000, 0.000000000000000000, 0.000000000000000000 ) ) ;
#4012 = EDGE_CURVE ( 'NONE', #2440, #4544, #2838, .T. ) ;
#4013 = ADVANCED_FACE ( 'NONE', ( #3192 ), #328, .F. ) ;
#4014 = DIRECTION ( 'NONE',  ( 1.000000000000000000, 1.156482317317871725E-15, -0.000000000000000000 ) ) ;
#4015 = CARTESIAN_POINT ( 'NONE',  ( 29.79999999999997584, 69.50000000000000000, 0.000000000000000000 ) ) ;
#4016 = DIRECTION ( 'NONE',  ( -1.000000000000000000, 0.000000000000000000, 0.000000000000000000 ) ) ;
#4017 = CLOSED_SHELL ( 'NONE', ( #3645, #2556, #3499, #4540, #3436, #3411, #104, #1889, #3559, #937, #1832, #2413, #2431, #1857, #3268, #2090, #638, #1038, #645, #3551, #670, #2364, #2836, #2240, #174, #3783, #2773, #2713, #3489, #3245, #2230, #2235, #3218, #46, #2724, #4013, #4565, #2984, #4588, #3400, #3465, #3904, #3720, #2948, #1660, #3408, #399, #1303, #2569, #1688, #3931, #2870, #1646, #72, #4587, #307, #1073, #4155, #1327, #105, #785, #4422, #197, #4187, #2552, #862, #4040, #2348, #4483, #106, #1104, #1403, #2184, #76, #3674, #512, #4194, #4113, #2487, #928, #650, #250, #1504, #271, #1359, #3521, #1683, #2518, #2516, #2808, #2600, #3161, #1160, #2261, #4325, #1804, #3643, #2329, #1745, #4527, #4077, #3864, #763, #332, #4613, #446, #3265, #547, #2695, #3077, #3868, #1613, #2328, #2867, #2661, #3238, #569, #3624, #3125, #1218, #2040, #3927, #4179, #4380, #70, #1582, #2381, #529, #3380, #1014, #3102, #3962, #1836, #3779, #4284, #4539 ) ) ;
#4018 = EDGE_CURVE ( 'NONE', #1770, #2710, #1570, .T. ) ;
#4019 = DIRECTION ( 'NONE',  ( -0.000000000000000000, -0.000000000000000000, -1.000000000000000000 ) ) ;
#4020 = DIRECTION ( 'NONE',  ( 0.000000000000000000, 0.000000000000000000, 1.000000000000000000 ) ) ;
#4021 = LINE ( 'NONE', #816, #746 ) ;
#4022 = VERTEX_POINT ( 'NONE', #66 ) ;
#4023 = ORIENTED_EDGE ( 'NONE', *, *, #2610, .F. ) ;
#4024 = VECTOR ( 'NONE', #1712, 1000.000000000000114 ) ;
#4025 = CARTESIAN_POINT ( 'NONE',  ( -1.000000000000080602, 69.00000000000000000, 5.000000000000000000 ) ) ;
#4026 = DIRECTION ( 'NONE',  ( -0.7071067811865457964, 8.659560562354910671E-17, 0.7071067811865492381 ) ) ;
#4027 = ORIENTED_EDGE ( 'NONE', *, *, #396, .F. ) ;
#4028 = AXIS2_PLACEMENT_3D ( 'NONE', #1449, #2194, #2897 ) ;
#4029 = CARTESIAN_POINT ( 'NONE',  ( 60.00000000000000000, 52.00000000000000000, 0.000000000000000000 ) ) ;
#4030 = EDGE_LOOP ( 'NONE', ( #48, #3580, #708, #4438 ) ) ;
#4031 = CARTESIAN_POINT ( 'NONE',  ( 10.32988139361452262, 4.899999999999999467, 8.439198102782434319 ) ) ;
#4032 = FACE_OUTER_BOUND ( 'NONE', #2288, .T. ) ;
#4033 = AXIS2_PLACEMENT_3D ( 'NONE', #1177, #122, #503 ) ;
#4034 = FACE_BOUND ( 'NONE', #2448, .T. ) ;
#4035 = AXIS2_PLACEMENT_3D ( 'NONE', #2234, #3983, #1154 ) ;
#4036 = ORIENTED_EDGE ( 'NONE', *, *, #1320, .F. ) ;
#4037 = VECTOR ( 'NONE', #3030, 1000.000000000000000 ) ;
#4038 = AXIS2_PLACEMENT_3D ( 'NONE', #2917, #2890, #1465 ) ;
#4039 = CARTESIAN_POINT ( 'NONE',  ( -13.00000000000001243, -78.00000000000001421, 5.000000000000000000 ) ) ;
#4040 = ADVANCED_FACE ( 'NONE', ( #1785 ), #2488, .T. ) ;
#4041 = FACE_OUTER_BOUND ( 'NONE', #725, .T. ) ;
#4042 = CARTESIAN_POINT ( 'NONE',  ( 25.49999999999998579, -5.500000000000001776, 5.000000000000000000 ) ) ;
#4043 = AXIS2_PLACEMENT_3D ( 'NONE', #891, #2662, #4129 ) ;
#4044 = VECTOR ( 'NONE', #4525, 1000.000000000000000 ) ;
#4045 = FACE_OUTER_BOUND ( 'NONE', #644, .T. ) ;
#4046 = AXIS2_PLACEMENT_3D ( 'NONE', #4444, #4089, #2303 ) ;
#4047 = EDGE_CURVE ( 'NONE', #4313, #2444, #3600, .T. ) ;
#4048 = FACE_OUTER_BOUND ( 'NONE', #2515, .T. ) ;
#4049 = CARTESIAN_POINT ( 'NONE',  ( -27.66829088000282511, -49.90000000000002700, 4.189198102782436983 ) ) ;
#4050 = CARTESIAN_POINT ( 'NONE',  ( -0.7500000000000206501, 79.50000000000001421, 5.000000000000000000 ) ) ;
#4051 = EDGE_CURVE ( 'NONE', #4209, #1824, #3899, .T. ) ;
#4052 = ORIENTED_EDGE ( 'NONE', *, *, #4618, .T. ) ;
#4053 = VECTOR ( 'NONE', #4551, 1000.000000000000000 ) ;
#4054 = EDGE_CURVE ( 'NONE', #1656, #1340, #1097, .T. ) ;
#4055 = ORIENTED_EDGE ( 'NONE', *, *, #4360, .F. ) ;
#4056 = CARTESIAN_POINT ( 'NONE',  ( 15.00000000000000000, -9.999999999999998224, 5.000000000000000000 ) ) ;
#4057 = CARTESIAN_POINT ( 'NONE',  ( 14.73761543394930662, -19.48635277547909794, 5.000000000000000000 ) ) ;
#4058 = ORIENTED_EDGE ( 'NONE', *, *, #814, .T. ) ;
#4059 = FACE_BOUND ( 'NONE', #1787, .T. ) ;
#4060 = ORIENTED_EDGE ( 'NONE', *, *, #2579, .F. ) ;
#4061 = ORIENTED_EDGE ( 'NONE', *, *, #1666, .F. ) ;
#4062 = FACE_BOUND ( 'NONE', #1128, .T. ) ;
#4063 = VERTEX_POINT ( 'NONE', #3240 ) ;
#4064 = DIRECTION ( 'NONE',  ( -0.7071067811865476838, 0.7071067811865474617, 0.000000000000000000 ) ) ;
#4065 = CYLINDRICAL_SURFACE ( 'NONE', #1139, 1.600000000000001643 ) ;
#4066 = CARTESIAN_POINT ( 'NONE',  ( 15.00000000000000000, 0.9000000000000000222, 5.000000000000000000 ) ) ;
#4067 = CARTESIAN_POINT ( 'NONE',  ( -17.39999999999999858, 75.00000000000000000, 5.000000000000000000 ) ) ;
#4068 = LINE ( 'NONE', #2331, #4125 ) ;
#4069 = DIRECTION ( 'NONE',  ( 8.462065736472231082E-17, -1.000000000000000000, 0.000000000000000000 ) ) ;
#4070 = FACE_OUTER_BOUND ( 'NONE', #4288, .T. ) ;
#4071 = ORIENTED_EDGE ( 'NONE', *, *, #3617, .T. ) ;
#4072 = EDGE_CURVE ( 'NONE', #504, #2322, #4425, .T. ) ;
#4073 = ORIENTED_EDGE ( 'NONE', *, *, #811, .T. ) ;
#4074 = DIRECTION ( 'NONE',  ( -1.000000000000000000, 0.000000000000000000, 0.000000000000000000 ) ) ;
#4075 = EDGE_LOOP ( 'NONE', ( #847, #2011, #1264, #3198 ) ) ;
#4076 = EDGE_CURVE ( 'NONE', #799, #4630, #2558, .T. ) ;
#4077 = ADVANCED_FACE ( 'NONE', ( #1049 ), #3220, .F. ) ;
#4078 = DIRECTION ( 'NONE',  ( 1.000000000000000000, 0.000000000000000000, -0.000000000000000000 ) ) ;
#4079 = VERTEX_POINT ( 'NONE', #4320 ) ;
#4080 = CARTESIAN_POINT ( 'NONE',  ( -31.00000000000000000, -0.9000000000000036859, -57.50000000000000000 ) ) ;
#4081 = DIRECTION ( 'NONE',  ( 1.000000000000000000, 0.000000000000000000, 0.000000000000000000 ) ) ;
#4082 = EDGE_LOOP ( 'NONE', ( #1446, #1920 ) ) ;
#4083 = DIRECTION ( 'NONE',  ( 0.000000000000000000, 0.000000000000000000, -1.000000000000000000 ) ) ;
#4084 = ORIENTED_EDGE ( 'NONE', *, *, #4531, .F. ) ;
#4085 = DIRECTION ( 'NONE',  ( -8.462065736472231082E-17, 1.000000000000000000, -0.000000000000000000 ) ) ;
#4086 = CARTESIAN_POINT ( 'NONE',  ( 11.19303457302967253, -56.02451556555217849, 4.630447491148153460 ) ) ;
#4087 = CARTESIAN_POINT ( 'NONE',  ( -32.41141100645621975, -0.9000000000000036859, 10.00000000000000000 ) ) ;
#4088 = CARTESIAN_POINT ( 'NONE',  ( 26.59999999999999432, -69.50000000000000000, 5.000000000000000000 ) ) ;
#4089 = DIRECTION ( 'NONE',  ( 0.000000000000000000, 1.000000000000000000, 0.000000000000000000 ) ) ;
#4090 = AXIS2_PLACEMENT_3D ( 'NONE', #3473, #3040, #120 ) ;
#4091 = CARTESIAN_POINT ( 'NONE',  ( 15.00000000000000000, -9.999999999999998224, 5.000000000000000000 ) ) ;
#4092 = CARTESIAN_POINT ( 'NONE',  ( 28.19999999999999929, -69.50000000000000000, 0.000000000000000000 ) ) ;
#4093 = ORIENTED_EDGE ( 'NONE', *, *, #760, .T. ) ;
#4094 = MECHANICAL_DESIGN_GEOMETRIC_PRESENTATION_REPRESENTATION (  '', ( #3263 ), #3419 ) ;
#4095 = EDGE_LOOP ( 'NONE', ( #241, #2744, #4060, #1310, #2476 ) ) ;
#4096 = EDGE_CURVE ( 'NONE', #3841, #2067, #3620, .T. ) ;
#4097 = PLANE ( 'NONE',  #2747 ) ;
#4098 = ORIENTED_EDGE ( 'NONE', *, *, #2928, .T. ) ;
#4099 = AXIS2_PLACEMENT_3D ( 'NONE', #3119, #3894, #4297 ) ;
#4100 = LINE ( 'NONE', #3370, #1494 ) ;
#4101 = ORIENTED_EDGE ( 'NONE', *, *, #2935, .T. ) ;
#4102 = EDGE_CURVE ( 'NONE', #4022, #1199, #761, .T. ) ;
#4103 = DIRECTION ( 'NONE',  ( -0.000000000000000000, -0.000000000000000000, -1.000000000000000000 ) ) ;
#4104 = ORIENTED_EDGE ( 'NONE', *, *, #4360, .T. ) ;
#4105 = LINE ( 'NONE', #2645, #2994 ) ;
#4106 = ORIENTED_EDGE ( 'NONE', *, *, #1978, .T. ) ;
#4107 = EDGE_CURVE ( 'NONE', #694, #1608, #2186, .T. ) ;
#4108 = EDGE_CURVE ( 'NONE', #270, #3628, #4351, .T. ) ;
#4109 = VECTOR ( 'NONE', #1088, 1000.000000000000000 ) ;
#4110 = CARTESIAN_POINT ( 'NONE',  ( 50.99019513592785557, -55.00000000000000711, 5.000000000000000000 ) ) ;
#4111 = AXIS2_PLACEMENT_3D ( 'NONE', #1419, #3926, #1766 ) ;
#4112 = VECTOR ( 'NONE', #3036, 1000.000000000000000 ) ;
#4113 = ADVANCED_FACE ( 'NONE', ( #4603 ), #1354, .F. ) ;
#4114 = FACE_OUTER_BOUND ( 'NONE', #4168, .T. ) ;
#4115 = DIRECTION ( 'NONE',  ( -0.000000000000000000, -0.000000000000000000, -1.000000000000000000 ) ) ;
#4116 = VECTOR ( 'NONE', #1168, 1000.000000000000000 ) ;
#4117 = VECTOR ( 'NONE', #215, 1000.000000000000114 ) ;
#4118 = DIRECTION ( 'NONE',  ( 0.000000000000000000, -1.000000000000000000, 0.000000000000000000 ) ) ;
#4119 = CARTESIAN_POINT ( 'NONE',  ( -27.66829088000282511, -1.900000000000006795, 6.439198102782435207 ) ) ;
#4120 = CIRCLE ( 'NONE', #3066, 75.00000000000001421 ) ;
#4121 = CIRCLE ( 'NONE', #611, 10.00000000000000178 ) ;
#4122 = DIRECTION ( 'NONE',  ( 0.000000000000000000, 0.000000000000000000, 1.000000000000000000 ) ) ;
#4123 = DIRECTION ( 'NONE',  ( 0.000000000000000000, -0.000000000000000000, 1.000000000000000000 ) ) ;
#4124 = VERTEX_POINT ( 'NONE', #701 ) ;
#4125 = VECTOR ( 'NONE', #858, 1000.000000000000000 ) ;
#4126 = CARTESIAN_POINT ( 'NONE',  ( -24.00000000000000000, 1.099999999999995870, 5.000000000000000000 ) ) ;
#4127 = EDGE_LOOP ( 'NONE', ( #2783, #962, #2864, #54, #4433, #36 ) ) ;
#4128 = AXIS2_PLACEMENT_3D ( 'NONE', #2109, #3188, #3866 ) ;
#4129 = DIRECTION ( 'NONE',  ( 1.000000000000000000, -3.195330897240195498E-16, 0.000000000000000000 ) ) ;
#4130 = VERTEX_POINT ( 'NONE', #2203 ) ;
#4131 = DIRECTION ( 'NONE',  ( -1.000000000000000000, 0.000000000000000000, 0.000000000000000000 ) ) ;
#4132 = VERTEX_POINT ( 'NONE', #2225 ) ;
#4133 = CYLINDRICAL_SURFACE ( 'NONE', #3217, 1.999999999999999112 ) ;
#4134 = ORIENTED_EDGE ( 'NONE', *, *, #382, .F. ) ;
#4135 = EDGE_CURVE ( 'NONE', #99, #4, #4371, .T. ) ;
#4136 = DIRECTION ( 'NONE',  ( 8.462065736472231082E-17, -1.000000000000000000, 0.000000000000000000 ) ) ;
#4137 = CARTESIAN_POINT ( 'NONE',  ( 11.99999999999997513, -69.00000000000000000, 5.000000000000000000 ) ) ;
#4138 = CARTESIAN_POINT ( 'NONE',  ( 24.99999999999998579, 69.00000000000000000, 0.000000000000000000 ) ) ;
#4139 = CARTESIAN_POINT ( 'NONE',  ( -3.723637616690846919, 62.50000000000000000, 0.000000000000000000 ) ) ;
#4140 = CARTESIAN_POINT ( 'NONE',  ( 75.00000000000000000, -19.99999999999998579, 5.000000000000000000 ) ) ;
#4141 = CARTESIAN_POINT ( 'NONE',  ( -24.38875556251408128, -40.00000000000000711, 5.000000000000000000 ) ) ;
#4142 = CARTESIAN_POINT ( 'NONE',  ( 15.00000000000000000, -4.000000000000008882, -57.50000000000000000 ) ) ;
#4143 = ORIENTED_EDGE ( 'NONE', *, *, #1188, .T. ) ;
#4144 = DIRECTION ( 'NONE',  ( -1.000000000000000000, -0.000000000000000000, -0.000000000000000000 ) ) ;
#4145 = ORIENTED_EDGE ( 'NONE', *, *, #726, .T. ) ;
#4146 = DIRECTION ( 'NONE',  ( -0.000000000000000000, -0.000000000000000000, -1.000000000000000000 ) ) ;
#4147 = EDGE_LOOP ( 'NONE', ( #795, #3392, #1364, #4610 ) ) ;
#4148 = LINE ( 'NONE', #3772, #2371 ) ;
#4149 = VERTEX_POINT ( 'NONE', #1599 ) ;
#4150 = FACE_OUTER_BOUND ( 'NONE', #3632, .T. ) ;
#4151 = ORIENTED_EDGE ( 'NONE', *, *, #2574, .T. ) ;
#4152 = DIRECTION ( 'NONE',  ( 0.000000000000000000, -1.000000000000000000, 0.000000000000000000 ) ) ;
#4153 = LINE ( 'NONE', #4529, #2473 ) ;
#4154 = CARTESIAN_POINT ( 'NONE',  ( -5.000000000000026645, 79.50000000000001421, 0.000000000000000000 ) ) ;
#4155 = ADVANCED_FACE ( 'NONE', ( #3733 ), #2577, .F. ) ;
#4156 = DIRECTION ( 'NONE',  ( 0.000000000000000000, -1.000000000000000000, 0.000000000000000000 ) ) ;
#4157 = CARTESIAN_POINT ( 'NONE',  ( -13.00000000000001243, -78.00000000000001421, 0.000000000000000000 ) ) ;
#4158 = EDGE_CURVE ( 'NONE', #4130, #60, #3638, .T. ) ;
#4159 = DIRECTION ( 'NONE',  ( 1.000000000000000000, 0.000000000000000000, 0.000000000000000000 ) ) ;
#4160 = ORIENTED_EDGE ( 'NONE', *, *, #3043, .T. ) ;
#4161 = ORIENTED_EDGE ( 'NONE', *, *, #3909, .F. ) ;
#4162 = AXIS2_PLACEMENT_3D ( 'NONE', #2489, #3569, #702 ) ;
#4163 = DIRECTION ( 'NONE',  ( 1.000000000000000000, 0.000000000000000000, 0.000000000000000000 ) ) ;
#4164 = ORIENTED_EDGE ( 'NONE', *, *, #45, .F. ) ;
#4165 = LINE ( 'NONE', #2316, #3510 ) ;
#4166 = VERTEX_POINT ( 'NONE', #187 ) ;
#4167 = CARTESIAN_POINT ( 'NONE',  ( 11.99999999999997513, -69.00000000000000000, 5.000000000000000000 ) ) ;
#4168 = EDGE_LOOP ( 'NONE', ( #2456, #1704, #3509, #1223 ) ) ;
#4169 = CARTESIAN_POINT ( 'NONE',  ( 14.73761543394930662, 19.48635277547909794, 5.000000000000000000 ) ) ;
#4170 = ORIENTED_EDGE ( 'NONE', *, *, #244, .T. ) ;
#4171 = AXIS2_PLACEMENT_3D ( 'NONE', #878, #3422, #3082 ) ;
#4172 = FACE_OUTER_BOUND ( 'NONE', #4336, .T. ) ;
#4173 = ORIENTED_EDGE ( 'NONE', *, *, #4332, .T. ) ;
#4174 = LINE ( 'NONE', #629, #2397 ) ;
#4175 = CARTESIAN_POINT ( 'NONE',  ( 63.09999999999998721, 52.00000000000000000, 0.000000000000000000 ) ) ;
#4176 = CIRCLE ( 'NONE', #2673, 3.100000000000022737 ) ;
#4177 = CIRCLE ( 'NONE', #1705, 1.599999999999997202 ) ;
#4178 = VECTOR ( 'NONE', #691, 1000.000000000000227 ) ;
#4179 = ADVANCED_FACE ( 'NONE', ( #4114 ), #4065, .F. ) ;
#4180 = CARTESIAN_POINT ( 'NONE',  ( 63.44288770224762430, -40.00000000000001421, 5.855345536299211062 ) ) ;
#4181 = DIRECTION ( 'NONE',  ( 8.673617379884040402E-16, -1.000000000000000000, 0.000000000000000000 ) ) ;
#4182 = ORIENTED_EDGE ( 'NONE', *, *, #1607, .F. ) ;
#4183 = VERTEX_POINT ( 'NONE', #4015 ) ;
#4184 = AXIS2_PLACEMENT_3D ( 'NONE', #3731, #1148, #3994 ) ;
#4185 = ORIENTED_EDGE ( 'NONE', *, *, #3080, .T. ) ;
#4186 = CIRCLE ( 'NONE', #78, 4.250000000000005329 ) ;
#4187 = ADVANCED_FACE ( 'NONE', ( #3285 ), #1853, .F. ) ;
#4188 = CIRCLE ( 'NONE', #10, 1.600000000000001643 ) ;
#4189 = EDGE_CURVE ( 'NONE', #1090, #3601, #2253, .T. ) ;
#4190 = CARTESIAN_POINT ( 'NONE',  ( 63.44288770224761009, -40.00000000000000711, 15.00000000000000000 ) ) ;
#4191 = ORIENTED_EDGE ( 'NONE', *, *, #786, .T. ) ;
#4192 = AXIS2_PLACEMENT_3D ( 'NONE', #1459, #1737, #2508 ) ;
#4193 = CIRCLE ( 'NONE', #3596, 1.600000000000007638 ) ;
#4194 = ADVANCED_FACE ( 'NONE', ( #4041 ), #549, .F. ) ;
#4195 = CARTESIAN_POINT ( 'NONE',  ( -19.00000000000000711, -75.00000000000000000, -5.000000000000000000 ) ) ;
#4196 = EDGE_LOOP ( 'NONE', ( #1870, #4617, #3496, #1763, #4584 ) ) ;
#4197 = VECTOR ( 'NONE', #3377, 1000.000000000000000 ) ;
#4198 = LINE ( 'NONE', #3840, #1852 ) ;
#4199 = ORIENTED_EDGE ( 'NONE', *, *, #1137, .T. ) ;
#4200 = CARTESIAN_POINT ( 'NONE',  ( -17.39999999999999858, -75.00000000000000000, -5.000000000000000000 ) ) ;
#4201 = VERTEX_POINT ( 'NONE', #2956 ) ;
#4202 = AXIS2_PLACEMENT_3D ( 'NONE', #181, #1525, #466 ) ;
#4203 = DIRECTION ( 'NONE',  ( -1.000000000000000000, -3.195330897240195498E-16, 0.000000000000000000 ) ) ;
#4204 = ORIENTED_EDGE ( 'NONE', *, *, #21, .T. ) ;
#4205 = DIRECTION ( 'NONE',  ( 0.000000000000000000, -1.000000000000000000, -0.000000000000000000 ) ) ;
#4206 = CARTESIAN_POINT ( 'NONE',  ( 1.761384988290494613, 60.94231068398470796, 2.801308126432466405 ) ) ;
#4207 = CARTESIAN_POINT ( 'NONE',  ( 63.44288770224761009, -40.00000000000000711, 6.000000000000000000 ) ) ;
#4208 = FACE_OUTER_BOUND ( 'NONE', #3681, .T. ) ;
#4209 = VERTEX_POINT ( 'NONE', #4387 ) ;
#4210 = ORIENTED_EDGE ( 'NONE', *, *, #4054, .T. ) ;
#4211 = CARTESIAN_POINT ( 'NONE',  ( 60.00000000000000000, 52.00000000000000000, -5.000000000000000000 ) ) ;
#4212 = VERTEX_POINT ( 'NONE', #1924 ) ;
#4213 = CARTESIAN_POINT ( 'NONE',  ( -32.41141100645621975, 39.99999999999999289, 5.000000000000000000 ) ) ;
#4214 = ORIENTED_EDGE ( 'NONE', *, *, #449, .T. ) ;
#4215 = CARTESIAN_POINT ( 'NONE',  ( -1.000000000000054623, -69.00000000000000000, 5.000000000000000000 ) ) ;
#4216 = ORIENTED_EDGE ( 'NONE', *, *, #929, .F. ) ;
#4217 = CARTESIAN_POINT ( 'NONE',  ( 28.19999999999999929, -69.50000000000000000, 5.000000000000000000 ) ) ;
#4218 = ORIENTED_EDGE ( 'NONE', *, *, #2635, .F. ) ;
#4219 = EDGE_CURVE ( 'NONE', #2322, #1846, #3031, .T. ) ;
#4220 = EDGE_CURVE ( 'NONE', #2795, #294, #1512, .T. ) ;
#4221 = FACE_OUTER_BOUND ( 'NONE', #341, .T. ) ;
#4222 = ORIENTED_EDGE ( 'NONE', *, *, #3989, .F. ) ;
#4223 = CARTESIAN_POINT ( 'NONE',  ( -24.41141100645622330, 40.00000000000000000, 5.000000000000000000 ) ) ;
#4224 = CARTESIAN_POINT ( 'NONE',  ( 15.00000000000000000, -9.999999999999998224, -57.50000000000000000 ) ) ;
#4225 = CARTESIAN_POINT ( 'NONE',  ( 63.44288770224761009, 40.00000000000000711, 6.000000000000000000 ) ) ;
#4226 = DIRECTION ( 'NONE',  ( -1.000000000000000000, 0.000000000000000000, 0.000000000000000000 ) ) ;
#4227 = DIRECTION ( 'NONE',  ( -0.000000000000000000, -0.000000000000000000, -1.000000000000000000 ) ) ;
#4228 = VERTEX_POINT ( 'NONE', #3686 ) ;
#4229 = ORIENTED_EDGE ( 'NONE', *, *, #2060, .F. ) ;
#4230 = DIRECTION ( 'NONE',  ( -1.000000000000000000, 0.000000000000000000, 0.000000000000000000 ) ) ;
#4231 = ORIENTED_EDGE ( 'NONE', *, *, #4102, .F. ) ;
#4232 = CARTESIAN_POINT ( 'NONE',  ( -9.000000000000000000, -62.50000000000000000, 17.00000000000000000 ) ) ;
#4233 = ORIENTED_EDGE ( 'NONE', *, *, #2958, .F. ) ;
#4234 = CARTESIAN_POINT ( 'NONE',  ( -27.66829088000282511, 5.099999999999993427, 8.039198102782437516 ) ) ;
#4235 = ORIENTED_EDGE ( 'NONE', *, *, #480, .F. ) ;
#4236 = CARTESIAN_POINT ( 'NONE',  ( 8.941101777927626060, -109.1000000000000369, 5.000000000000000000 ) ) ;
#4237 = ORIENTED_EDGE ( 'NONE', *, *, #1355, .T. ) ;
#4238 = EDGE_CURVE ( 'NONE', #2641, #3495, #494, .T. ) ;
#4239 = CARTESIAN_POINT ( 'NONE',  ( 24.00000000000000000, -39.00000000000000711, 6.000000000000000000 ) ) ;
#4240 = EDGE_LOOP ( 'NONE', ( #2251, #715 ) ) ;
#4241 = LINE ( 'NONE', #2832, #2095 ) ;
#4242 = DIRECTION ( 'NONE',  ( -0.000000000000000000, -0.000000000000000000, 1.000000000000000000 ) ) ;
#4243 = EDGE_CURVE ( 'NONE', #560, #2886, #134, .T. ) ;
#4244 = EDGE_CURVE ( 'NONE', #830, #4526, #855, .T. ) ;
#4245 = CARTESIAN_POINT ( 'NONE',  ( -19.00000000000000711, -75.00000000000000000, 5.000000000000000000 ) ) ;
#4246 = AXIS2_PLACEMENT_3D ( 'NONE', #2536, #2204, #1854 ) ;
#4247 = EDGE_CURVE ( 'NONE', #2684, #3614, #3979, .T. ) ;
#4248 = CARTESIAN_POINT ( 'NONE',  ( 8.000000000000000000, 0.9000000000000000222, -57.50000000000000000 ) ) ;
#4249 = AXIS2_PLACEMENT_3D ( 'NONE', #188, #1302, #4487 ) ;
#4250 = DIRECTION ( 'NONE',  ( 0.2769703097043765827, 0.000000000000000000, 0.9608784769898125466 ) ) ;
#4251 = SURFACE_STYLE_FILL_AREA ( #1389 ) ;
#4252 = EDGE_LOOP ( 'NONE', ( #1159, #754, #3242, #4547 ) ) ;
#4253 = ORIENTED_EDGE ( 'NONE', *, *, #3412, .F. ) ;
#4254 = AXIS2_PLACEMENT_3D ( 'NONE', #4573, #661, #1362 ) ;
#4255 = CARTESIAN_POINT ( 'NONE',  ( 18.87975105768025230, -29.48635277547910505, 5.000000000000000000 ) ) ;
#4256 = CIRCLE ( 'NONE', #3279, 1.600000000000001643 ) ;
#4257 = CONICAL_SURFACE ( 'NONE', #1198, 3.099999999999988098, 0.7853981633974502774 ) ;
#4258 = CARTESIAN_POINT ( 'NONE',  ( -9.250000000000031974, 79.50000000000001421, 0.000000000000000000 ) ) ;
#4259 = ORIENTED_EDGE ( 'NONE', *, *, #4333, .F. ) ;
#4260 = VECTOR ( 'NONE', #1652, 1000.000000000000000 ) ;
#4261 = VECTOR ( 'NONE', #2857, 1000.000000000000000 ) ;
#4262 = FACE_OUTER_BOUND ( 'NONE', #220, .T. ) ;
#4263 = EDGE_LOOP ( 'NONE', ( #1694, #625, #3782, #4218 ) ) ;
#4264 = LINE ( 'NONE', #2823, #1331 ) ;
#4265 = ORIENTED_EDGE ( 'NONE', *, *, #167, .T. ) ;
#4266 = CIRCLE ( 'NONE', #1865, 1.600000000000004086 ) ;
#4267 = LINE ( 'NONE', #1801, #1270 ) ;
#4268 = VECTOR ( 'NONE', #346, 1000.000000000000000 ) ;
#4269 = ORIENTED_EDGE ( 'NONE', *, *, #2952, .F. ) ;
#4270 = AXIS2_PLACEMENT_3D ( 'NONE', #3957, #518, #4393 ) ;
#4271 = DIRECTION ( 'NONE',  ( -1.000000000000000000, -2.312964634635743450E-15, 0.000000000000000000 ) ) ;
#4272 = ORIENTED_EDGE ( 'NONE', *, *, #2936, .T. ) ;
#4273 = LINE ( 'NONE', #2459, #1062 ) ;
#4274 = DIRECTION ( 'NONE',  ( -0.000000000000000000, 0.000000000000000000, 1.000000000000000000 ) ) ;
#4275 = DIRECTION ( 'NONE',  ( 0.000000000000000000, 0.000000000000000000, -1.000000000000000000 ) ) ;
#4276 = VECTOR ( 'NONE', #1668, 1000.000000000000000 ) ;
#4277 = EDGE_CURVE ( 'NONE', #2712, #1391, #4389, .T. ) ;
#4278 = CARTESIAN_POINT ( 'NONE',  ( 52.13435301906726238, -53.93925756858932630, 5.000000000000000000 ) ) ;
#4279 = AXIS2_PLACEMENT_3D ( 'NONE', #3304, #1916, #4347 ) ;
#4280 = DIRECTION ( 'NONE',  ( 0.000000000000000000, 0.000000000000000000, 1.000000000000000000 ) ) ;
#4281 = CARTESIAN_POINT ( 'NONE',  ( -24.00000000000000000, -5.900000000000003908, 5.000000000000000000 ) ) ;
#4282 = EDGE_LOOP ( 'NONE', ( #2266, #2895, #2644, #2180 ) ) ;
#4283 = EDGE_LOOP ( 'NONE', ( #3483, #3069 ) ) ;
#4284 = ADVANCED_FACE ( 'NONE', ( #3099 ), #582, .F. ) ;
#4285 = EDGE_CURVE ( 'NONE', #1720, #2743, #3118, .T. ) ;
#4286 = LINE ( 'NONE', #745, #601 ) ;
#4287 = DIRECTION ( 'NONE',  ( 0.000000000000000000, 0.000000000000000000, 1.000000000000000000 ) ) ;
#4288 = EDGE_LOOP ( 'NONE', ( #2353, #2919, #1727, #363 ) ) ;
#4289 = DIRECTION ( 'NONE',  ( 0.000000000000000000, -1.000000000000000000, 0.000000000000000000 ) ) ;
#4290 = ORIENTED_EDGE ( 'NONE', *, *, #311, .T. ) ;
#4291 = PLANE ( 'NONE',  #4403 ) ;
#4292 = DIRECTION ( 'NONE',  ( 1.000000000000000000, 0.000000000000000000, 0.000000000000000000 ) ) ;
#4293 = ORIENTED_EDGE ( 'NONE', *, *, #2952, .T. ) ;
#4294 = PLANE ( 'NONE',  #1713 ) ;
#4295 = ORIENTED_EDGE ( 'NONE', *, *, #3490, .F. ) ;
#4296 = CARTESIAN_POINT ( 'NONE',  ( 23.99999999999999289, -45.00000000000000711, 15.00000000000000000 ) ) ;
#4297 = DIRECTION ( 'NONE',  ( 2.758015414053013814E-14, 0.000000000000000000, -1.000000000000000000 ) ) ;
#4298 = CARTESIAN_POINT ( 'NONE',  ( -9.000000000000000000, 29.48635277547910505, 17.00000000000000000 ) ) ;
#4299 = FACE_OUTER_BOUND ( 'NONE', #3902, .T. ) ;
#4300 = EDGE_CURVE ( 'NONE', #4358, #2527, #3823, .T. ) ;
#4301 = CARTESIAN_POINT ( 'NONE',  ( 22.49999999999998224, -5.500000000000001776, 5.000000000000000000 ) ) ;
#4302 = CARTESIAN_POINT ( 'NONE',  ( 22.49999999999999645, 5.500000000000001776, 5.000000000000000000 ) ) ;
#4303 = VERTEX_POINT ( 'NONE', #2765 ) ;
#4304 = EDGE_LOOP ( 'NONE', ( #642, #3726, #996, #3460 ) ) ;
#4305 = CARTESIAN_POINT ( 'NONE',  ( -19.00000000000000711, 75.00000000000000000, 5.000000000000000000 ) ) ;
#4306 = CARTESIAN_POINT ( 'NONE',  ( 25.50000000000000000, 5.500000000000001776, 5.000000000000000000 ) ) ;
#4307 = DIRECTION ( 'NONE',  ( 0.000000000000000000, 0.000000000000000000, 1.000000000000000000 ) ) ;
#4308 = ORIENTED_EDGE ( 'NONE', *, *, #954, .T. ) ;
#4309 = DIRECTION ( 'NONE',  ( 1.000000000000000000, 0.000000000000000000, 0.000000000000000000 ) ) ;
#4310 = ORIENTED_EDGE ( 'NONE', *, *, #1893, .T. ) ;
#4311 = DIRECTION ( 'NONE',  ( -0.000000000000000000, 1.000000000000000000, -0.000000000000000000 ) ) ;
#4312 = CARTESIAN_POINT ( 'NONE',  ( 11.99999999999995204, 69.00000000000000000, 5.000000000000000000 ) ) ;
#4313 = VERTEX_POINT ( 'NONE', #1975 ) ;
#4314 = CARTESIAN_POINT ( 'NONE',  ( 11.99999999999995204, 69.00000000000000000, 0.000000000000000000 ) ) ;
#4315 = EDGE_LOOP ( 'NONE', ( #3065, #101, #1275, #3903 ) ) ;
#4316 = CIRCLE ( 'NONE', #2360, 1.600000000000007638 ) ;
#4317 = LINE ( 'NONE', #4600, #1581 ) ;
#4318 = FACE_OUTER_BOUND ( 'NONE', #142, .T. ) ;
#4319 = DIRECTION ( 'NONE',  ( 0.000000000000000000, -0.000000000000000000, 1.000000000000000000 ) ) ;
#4320 = CARTESIAN_POINT ( 'NONE',  ( -0.7500000000000206501, 79.50000000000001421, 0.000000000000000000 ) ) ;
#4321 = FACE_OUTER_BOUND ( 'NONE', #500, .T. ) ;
#4322 = VECTOR ( 'NONE', #2363, 1000.000000000000114 ) ;
#4323 = ORIENTED_EDGE ( 'NONE', *, *, #276, .T. ) ;
#4324 = VERTEX_POINT ( 'NONE', #3421 ) ;
#4325 = ADVANCED_FACE ( 'NONE', ( #605 ), #3797, .F. ) ;
#4326 = CIRCLE ( 'NONE', #2300, 1.600000000000007638 ) ;
#4327 = CARTESIAN_POINT ( 'NONE',  ( 25.00000000000000711, -69.00000000000000000, 0.000000000000000000 ) ) ;
#4328 = CARTESIAN_POINT ( 'NONE',  ( -9.000000000000000000, 62.50000000000000000, 17.00000000000000000 ) ) ;
#4329 = LINE ( 'NONE', #2918, #2158 ) ;
#4330 = ORIENTED_EDGE ( 'NONE', *, *, #3838, .T. ) ;
#4331 = EDGE_CURVE ( 'NONE', #1175, #3830, #3747, .T. ) ;
#4332 = EDGE_CURVE ( 'NONE', #2899, #4358, #2393, .T. ) ;
#4333 = EDGE_CURVE ( 'NONE', #3641, #3557, #256, .T. ) ;
#4334 = AXIS2_PLACEMENT_3D ( 'NONE', #3695, #778, #102 ) ;
#4335 = CIRCLE ( 'NONE', #1856, 1.600000000000019851 ) ;
#4336 = EDGE_LOOP ( 'NONE', ( #3462, #3946, #2215, #1812, #660, #2564 ) ) ;
#4337 = CYLINDRICAL_SURFACE ( 'NONE', #297, 1.599999999999997202 ) ;
#4338 = DIRECTION ( 'NONE',  ( 1.000000000000000000, 0.000000000000000000, 0.000000000000000000 ) ) ;
#4339 = VERTEX_POINT ( 'NONE', #564 ) ;
#4340 = CIRCLE ( 'NONE', #2751, 3.099999999999988098 ) ;
#4341 = AXIS2_PLACEMENT_3D ( 'NONE', #860, #1222, #4123 ) ;
#4342 = EDGE_CURVE ( 'NONE', #3362, #4008, #4153, .T. ) ;
#4343 = CARTESIAN_POINT ( 'NONE',  ( 28.19999999999999929, -69.50000000000000000, 3.499999999999980016 ) ) ;
#4344 = EDGE_LOOP ( 'NONE', ( #2551, #4606, #3435, #4401, #1202, #628 ) ) ;
#4345 = CIRCLE ( 'NONE', #3437, 9.999999999999994671 ) ;
#4346 = CIRCLE ( 'NONE', #1351, 3.100000000000022737 ) ;
#4347 = DIRECTION ( 'NONE',  ( 1.000000000000000000, 0.000000000000000000, -0.000000000000000000 ) ) ;
#4348 = DIRECTION ( 'NONE',  ( -1.000000000000000000, 0.000000000000000000, 0.000000000000000000 ) ) ;
#4349 = CIRCLE ( 'NONE', #4270, 1.600000000000004086 ) ;
#4350 = CARTESIAN_POINT ( 'NONE',  ( 25.49999999999998579, -5.500000000000001776, 5.000000000000000000 ) ) ;
#4351 = LINE ( 'NONE', #788, #3897 ) ;
#4352 = DIRECTION ( 'NONE',  ( -0.000000000000000000, -0.000000000000000000, -1.000000000000000000 ) ) ;
#4353 = ORIENTED_EDGE ( 'NONE', *, *, #355, .T. ) ;
#4354 = VECTOR ( 'NONE', #1093, 1000.000000000000114 ) ;
#4355 = DIRECTION ( 'NONE',  ( -0.000000000000000000, -0.000000000000000000, -1.000000000000000000 ) ) ;
#4356 = DIRECTION ( 'NONE',  ( -0.000000000000000000, -0.000000000000000000, -1.000000000000000000 ) ) ;
#4357 = DIRECTION ( 'NONE',  ( -0.000000000000000000, 1.000000000000000000, -0.000000000000000000 ) ) ;
#4358 = VERTEX_POINT ( 'NONE', #2736 ) ;
#4359 = ORIENTED_EDGE ( 'NONE', *, *, #4385, .T. ) ;
#4360 = EDGE_CURVE ( 'NONE', #523, #1340, #4174, .T. ) ;
#4361 = DIRECTION ( 'NONE',  ( -1.000000000000000000, 0.000000000000000000, 0.000000000000000000 ) ) ;
#4362 = ORIENTED_EDGE ( 'NONE', *, *, #2372, .F. ) ;
#4363 = CARTESIAN_POINT ( 'NONE',  ( 58.39999999999999858, -52.00000000000000000, 5.000000000000000000 ) ) ;
#4364 = EDGE_LOOP ( 'NONE', ( #4052, #4468, #2490, #2706, #728 ) ) ;
#4365 = FACE_BOUND ( 'NONE', #2340, .T. ) ;
#4366 = ORIENTED_EDGE ( 'NONE', *, *, #4369, .T. ) ;
#4367 = LINE ( 'NONE', #1164, #292 ) ;
#4368 = CARTESIAN_POINT ( 'NONE',  ( 59.66052123178665312, 45.44966019461781315, 11.93809124555049195 ) ) ;
#4369 = EDGE_CURVE ( 'NONE', #861, #2357, #3398, .T. ) ;
#4370 = PLANE ( 'NONE',  #3880 ) ;
#4371 = LINE ( 'NONE', #2938, #617 ) ;
#4372 = CARTESIAN_POINT ( 'NONE',  ( -14.27636238330915219, -62.50000000000000000, 0.000000000000000000 ) ) ;
#4373 = FACE_OUTER_BOUND ( 'NONE', #4595, .T. ) ;
#4374 = LINE ( 'NONE', #1127, #2308 ) ;
#4375 = ORIENTED_EDGE ( 'NONE', *, *, #403, .F. ) ;
#4376 = EDGE_LOOP ( 'NONE', ( #2510, #4517, #676, #3812, #3684, #3535 ) ) ;
#4377 = LINE ( 'NONE', #1107, #4109 ) ;
#4378 = CYLINDRICAL_SURFACE ( 'NONE', #4033, 2.249999999999998668 ) ;
#4379 = VERTEX_POINT ( 'NONE', #1711 ) ;
#4380 = ADVANCED_FACE ( 'NONE', ( #1686 ), #1343, .F. ) ;
#4381 = ORIENTED_EDGE ( 'NONE', *, *, #2546, .T. ) ;
#4382 = DIRECTION ( 'NONE',  ( -1.000000000000000000, 0.000000000000000000, 0.000000000000000000 ) ) ;
#4383 = CARTESIAN_POINT ( 'NONE',  ( -19.00000000000000711, 75.00000000000000000, -5.000000000000000000 ) ) ;
#4384 = EDGE_CURVE ( 'NONE', #3181, #4379, #1367, .T. ) ;
#4385 = EDGE_CURVE ( 'NONE', #4063, #2067, #3487, .T. ) ;
#4386 = CARTESIAN_POINT ( 'NONE',  ( 8.234128763125463379, 15.90000000000000746, 10.00000000000000000 ) ) ;
#4387 = CARTESIAN_POINT ( 'NONE',  ( 6.792893912220831609, 0.9000000000000000222, 5.000000000000000000 ) ) ;
#4388 = DIRECTION ( 'NONE',  ( -0.000000000000000000, -0.000000000000000000, -1.000000000000000000 ) ) ;
#4389 = B_SPLINE_CURVE_WITH_KNOTS ( 'NONE', 3,
 ( #162, #1579, #2671, #3010, #4086, #4440, #2648, #877, #2298, #971, #3777, #947, #3826, #274 ),
 .UNSPECIFIED., .F., .F.,
 ( 4, 2, 2, 2, 2, 2, 4 ),
 ( 0.000000000000000000, 0.0003848906322238384767, 0.0007697812644476769535, 0.001154671896671515376, 0.001539562528895353907, 0.002309343793343030752, 0.003079125057790707814 ),
 .UNSPECIFIED. ) ;
#4390 = EDGE_CURVE ( 'NONE', #3270, #4524, #903, .T. ) ;
#4391 = EDGE_CURVE ( 'NONE', #428, #2901, #1622, .T. ) ;
#4392 = CARTESIAN_POINT ( 'NONE',  ( 6.792893912220831609, 0.9000000000000000222, 5.000000000000000000 ) ) ;
#4393 = DIRECTION ( 'NONE',  ( 1.000000000000000000, 0.000000000000000000, 0.000000000000000000 ) ) ;
#4394 = DIRECTION ( 'NONE',  ( 1.000000000000000000, 1.084202172485504311E-16, 0.000000000000000000 ) ) ;
#4395 = CARTESIAN_POINT ( 'NONE',  ( 10.32988139361452262, -109.1000000000000369, 8.439198102782434319 ) ) ;
#4396 = VERTEX_POINT ( 'NONE', #2697 ) ;
#4397 = VERTEX_POINT ( 'NONE', #2343 ) ;
#4398 = VECTOR ( 'NONE', #2709, 1000.000000000000000 ) ;
#4399 = DIRECTION ( 'NONE',  ( -0.000000000000000000, -0.000000000000000000, -1.000000000000000000 ) ) ;
#4400 = DIRECTION ( 'NONE',  ( 0.000000000000000000, 0.000000000000000000, -1.000000000000000000 ) ) ;
#4401 = ORIENTED_EDGE ( 'NONE', *, *, #1464, .F. ) ;
#4402 = AXIS2_PLACEMENT_3D ( 'NONE', #3356, #1958, #3998 ) ;
#4403 = AXIS2_PLACEMENT_3D ( 'NONE', #1519, #819, #482 ) ;
#4404 = ORIENTED_EDGE ( 'NONE', *, *, #4533, .F. ) ;
#4405 = DIRECTION ( 'NONE',  ( 1.000000000000000000, -1.031172697806177805E-16, 0.000000000000000000 ) ) ;
#4406 = CARTESIAN_POINT ( 'NONE',  ( -5.000000000000026645, 79.50000000000001421, 5.000000000000000000 ) ) ;
#4407 = EDGE_LOOP ( 'NONE', ( #2665, #3339, #3933, #4084 ) ) ;
#4408 = DIRECTION ( 'NONE',  ( 1.000000000000000000, 0.000000000000000000, -0.000000000000000000 ) ) ;
#4409 = CIRCLE ( 'NONE', #1706, 1.600000000000004086 ) ;
#4410 = ORIENTED_EDGE ( 'NONE', *, *, #786, .F. ) ;
#4411 = AXIS2_PLACEMENT_3D ( 'NONE', #2217, #433, #85 ) ;
#4412 = VECTOR ( 'NONE', #1586, 1000.000000000000000 ) ;
#4413 = FACE_BOUND ( 'NONE', #82, .T. ) ;
#4414 = CARTESIAN_POINT ( 'NONE',  ( -14.27636238330915219, 62.50000000000000000, 0.000000000000000000 ) ) ;
#4415 = LINE ( 'NONE', #1881, #2669 ) ;
#4416 = EDGE_CURVE ( 'NONE', #3168, #2147, #697, .T. ) ;
#4417 = CIRCLE ( 'NONE', #2761, 1.600000000000004086 ) ;
#4418 = VECTOR ( 'NONE', #58, 1000.000000000000000 ) ;
#4419 = FACE_OUTER_BOUND ( 'NONE', #2023, .T. ) ;
#4420 = AXIS2_PLACEMENT_3D ( 'NONE', #3230, #1769, #2779 ) ;
#4421 = DIRECTION ( 'NONE',  ( -0.000000000000000000, -0.000000000000000000, -1.000000000000000000 ) ) ;
#4422 = ADVANCED_FACE ( 'NONE', ( #1113 ), #3917, .F. ) ;
#4423 = DIRECTION ( 'NONE',  ( -0.000000000000000000, -0.000000000000000000, -1.000000000000000000 ) ) ;
#4424 = ORIENTED_EDGE ( 'NONE', *, *, #566, .T. ) ;
#4425 = CIRCLE ( 'NONE', #2843, 2.249999999999998668 ) ;
#4426 = ORIENTED_EDGE ( 'NONE', *, *, #4012, .F. ) ;
#4427 = AXIS2_PLACEMENT_3D ( 'NONE', #204, #3025, #4504 ) ;
#4428 = DIRECTION ( 'NONE',  ( 1.000000000000000000, 0.000000000000000000, 0.000000000000000000 ) ) ;
#4429 = ORIENTED_EDGE ( 'NONE', *, *, #1224, .F. ) ;
#4430 = DIRECTION ( 'NONE',  ( 1.000000000000000000, 0.000000000000000000, 0.000000000000000000 ) ) ;
#4431 = VERTEX_POINT ( 'NONE', #1454 ) ;
#4432 = FACE_BOUND ( 'NONE', #3042, .T. ) ;
#4433 = ORIENTED_EDGE ( 'NONE', *, *, #124, .T. ) ;
#4434 = CARTESIAN_POINT ( 'NONE',  ( 8.000000000000000000, 0.9000000000000000222, -57.50000000000000000 ) ) ;
#4435 = CARTESIAN_POINT ( 'NONE',  ( -13.00000000000002665, 78.00000000000001421, 0.000000000000000000 ) ) ;
#4436 = ORIENTED_EDGE ( 'NONE', *, *, #1986, .F. ) ;
#4437 = CARTESIAN_POINT ( 'NONE',  ( 59.91367620069848954, 45.11490547327655065, 13.43867721622465083 ) ) ;
#4438 = ORIENTED_EDGE ( 'NONE', *, *, #311, .F. ) ;
#4439 = FACE_BOUND ( 'NONE', #429, .T. ) ;
#4440 = CARTESIAN_POINT ( 'NONE',  ( 10.95373223834517162, -56.04161610076916133, 4.534618802844853747 ) ) ;
#4441 = PLANE ( 'NONE',  #2521 ) ;
#4442 = EDGE_CURVE ( 'NONE', #3048, #2079, #4241, .T. ) ;
#4443 = CARTESIAN_POINT ( 'NONE',  ( 11.99999999999995204, 69.00000000000000000, 5.000000000000000000 ) ) ;
#4444 = CARTESIAN_POINT ( 'NONE',  ( 22.50000000000000355, 8.500000000000000000, 5.000000000000000000 ) ) ;
#4445 = DIRECTION ( 'NONE',  ( -0.000000000000000000, -0.000000000000000000, 1.000000000000000000 ) ) ;
#4446 = DIRECTION ( 'NONE',  ( 1.000000000000000000, 0.000000000000000000, 0.000000000000000000 ) ) ;
#4447 = ORIENTED_EDGE ( 'NONE', *, *, #1045, .F. ) ;
#4448 = EDGE_CURVE ( 'NONE', #279, #434, #2694, .T. ) ;
#4449 = EDGE_CURVE ( 'NONE', #3270, #3641, #690, .T. ) ;
#4450 = DIRECTION ( 'NONE',  ( -1.000000000000000000, 0.000000000000000000, 0.000000000000000000 ) ) ;
#4451 = CARTESIAN_POINT ( 'NONE',  ( -24.83140145212533412, -0.9000000000000027978, 7.415599282705910511 ) ) ;
#4452 = ORIENTED_EDGE ( 'NONE', *, *, #4244, .T. ) ;
#4453 = EDGE_CURVE ( 'NONE', #964, #414, #1070, .T. ) ;
#4454 = CARTESIAN_POINT ( 'NONE',  ( 0.000000000000000000, 0.000000000000000000, 0.000000000000000000 ) ) ;
#4455 = VERTEX_POINT ( 'NONE', #1757 ) ;
#4456 = DIRECTION ( 'NONE',  ( -1.000000000000000000, 0.000000000000000000, 0.000000000000000000 ) ) ;
#4457 = ORIENTED_EDGE ( 'NONE', *, *, #1165, .F. ) ;
#4458 = CARTESIAN_POINT ( 'NONE',  ( 58.94201858801207550, 46.37778175581530604, 9.922089846750248299 ) ) ;
#4459 = ORIENTED_EDGE ( 'NONE', *, *, #2060, .T. ) ;
#4460 = DIRECTION ( 'NONE',  ( 1.000000000000000000, 0.000000000000000000, 0.000000000000000000 ) ) ;
#4461 = CARTESIAN_POINT ( 'NONE',  ( -13.00000000000002665, 78.00000000000001421, 5.000000000000000000 ) ) ;
#4462 = DIRECTION ( 'NONE',  ( -1.031172697806177805E-16, -1.000000000000000000, 0.000000000000000000 ) ) ;
#4463 = FACE_OUTER_BOUND ( 'NONE', #1569, .T. ) ;
#4464 = CARTESIAN_POINT ( 'NONE',  ( 8.941101777927626060, -85.03121014660874266, 5.000000000000000000 ) ) ;
#4465 = AXIS2_PLACEMENT_3D ( 'NONE', #3124, #4558, #2770 ) ;
#4466 = DIRECTION ( 'NONE',  ( -0.000000000000000000, -0.000000000000000000, -1.000000000000000000 ) ) ;
#4467 = CARTESIAN_POINT ( 'NONE',  ( 25.09999999999994813, 69.50000000000000000, 5.000000000000000000 ) ) ;
#4468 = ORIENTED_EDGE ( 'NONE', *, *, #2954, .T. ) ;
#4469 = VERTEX_POINT ( 'NONE', #2878 ) ;
#4470 = LINE ( 'NONE', #4190, #1563 ) ;
#4471 = EDGE_LOOP ( 'NONE', ( #1891, #3857, #3608, #1739 ) ) ;
#4472 = EDGE_CURVE ( 'NONE', #2995, #694, #474, .T. ) ;
#4473 = EDGE_CURVE ( 'NONE', #2901, #2426, #4273, .T. ) ;
#4474 = AXIS2_PLACEMENT_3D ( 'NONE', #3004, #919, #1990 ) ;
#4475 = FACE_OUTER_BOUND ( 'NONE', #3235, .T. ) ;
#4476 = ORIENTED_EDGE ( 'NONE', *, *, #1950, .F. ) ;
#4477 = CARTESIAN_POINT ( 'NONE',  ( 0.000000000000000000, 0.000000000000000000, 15.00000000000000000 ) ) ;
#4478 = ORIENTED_EDGE ( 'NONE', *, *, #1355, .F. ) ;
#4479 = CARTESIAN_POINT ( 'NONE',  ( 75.00000000000000000, -19.99999999999998579, 5.000000000000000000 ) ) ;
#4480 = ORIENTED_EDGE ( 'NONE', *, *, #1716, .F. ) ;
#4481 = EDGE_CURVE ( 'NONE', #1061, #1868, #4317, .T. ) ;
#4482 = VECTOR ( 'NONE', #574, 1000.000000000000000 ) ;
#4483 = ADVANCED_FACE ( 'NONE', ( #3939 ), #2528, .F. ) ;
#4484 = AXIS2_PLACEMENT_3D ( 'NONE', #3631, #820, #2586 ) ;
#4485 = VECTOR ( 'NONE', #3502, 1000.000000000000000 ) ;
#4486 = DIRECTION ( 'NONE',  ( -0.000000000000000000, -0.000000000000000000, -1.000000000000000000 ) ) ;
#4487 = DIRECTION ( 'NONE',  ( 1.000000000000000000, 0.000000000000000000, 0.000000000000000000 ) ) ;
#4488 = VECTOR ( 'NONE', #2486, 1000.000000000000000 ) ;
#4489 = VECTOR ( 'NONE', #2022, 1000.000000000000000 ) ;
#4490 = CARTESIAN_POINT ( 'NONE',  ( 9.034276357221495246, -85.02141276285819060, 4.910089544883809332 ) ) ;
#4491 = DIRECTION ( 'NONE',  ( -0.000000000000000000, -0.000000000000000000, -1.000000000000000000 ) ) ;
#4492 = VECTOR ( 'NONE', #1661, 1000.000000000000000 ) ;
#4493 = VECTOR ( 'NONE', #3895, 1000.000000000000000 ) ;
#4494 = CARTESIAN_POINT ( 'NONE',  ( -24.41141100645622330, 40.00000000000000000, 5.000000000000000000 ) ) ;
#4495 = LINE ( 'NONE', #172, #4112 ) ;
#4496 = VERTEX_POINT ( 'NONE', #2153 ) ;
#4497 = VECTOR ( 'NONE', #2477, 1000.000000000000000 ) ;
#4498 = CARTESIAN_POINT ( 'NONE',  ( 5.303300858898786885, -5.303300858898786885, 0.000000000000000000 ) ) ;
#4499 = VECTOR ( 'NONE', #2980, 1000.000000000000000 ) ;
#4500 = ORIENTED_EDGE ( 'NONE', *, *, #3623, .F. ) ;
#4501 = AXIS2_PLACEMENT_3D ( 'NONE', #4434, #2591, #2271 ) ;
#4502 = CARTESIAN_POINT ( 'NONE',  ( -27.66829088000282511, -0.9000000000000032419, 4.839198102782432898 ) ) ;
#4503 = ORIENTED_EDGE ( 'NONE', *, *, #1634, .T. ) ;
#4504 = DIRECTION ( 'NONE',  ( 1.000000000000000000, 0.000000000000000000, 0.000000000000000000 ) ) ;
#4505 = DIRECTION ( 'NONE',  ( 0.7071067811865462405, 0.000000000000000000, 0.7071067811865489050 ) ) ;
#4506 = VERTEX_POINT ( 'NONE', #1385 ) ;
#4507 = CARTESIAN_POINT ( 'NONE',  ( -9.000000000000000000, 62.50000000000000000, 17.00000000000000000 ) ) ;
#4508 = ORIENTED_EDGE ( 'NONE', *, *, #2121, .T. ) ;
#4509 = EDGE_CURVE ( 'NONE', #196, #4496, #2129, .T. ) ;
#4510 = DIRECTION ( 'NONE',  ( 1.000000000000000000, 0.000000000000000000, -0.000000000000000000 ) ) ;
#4511 = DIRECTION ( 'NONE',  ( -0.000000000000000000, 0.000000000000000000, 1.000000000000000000 ) ) ;
#4512 = LINE ( 'NONE', #2299, #2740 ) ;
#4513 = EDGE_CURVE ( 'NONE', #523, #1272, #764, .T. ) ;
#4514 = CARTESIAN_POINT ( 'NONE',  ( 63.91467591287926098, -39.24197431759574783, 5.021896208859719657 ) ) ;
#4515 = CARTESIAN_POINT ( 'NONE',  ( 15.00000000000000000, -9.999999999999998224, -57.50000000000000000 ) ) ;
#4516 = LINE ( 'NONE', #2632, #1489 ) ;
#4517 = ORIENTED_EDGE ( 'NONE', *, *, #4247, .T. ) ;
#4518 = ORIENTED_EDGE ( 'NONE', *, *, #1076, .F. ) ;
#4519 = DIRECTION ( 'NONE',  ( 0.000000000000000000, 0.000000000000000000, 1.000000000000000000 ) ) ;
#4520 = ORIENTED_EDGE ( 'NONE', *, *, #3387, .T. ) ;
#4521 = PLANE ( 'NONE',  #3808 ) ;
#4522 = ORIENTED_EDGE ( 'NONE', *, *, #1077, .T. ) ;
#4523 = CARTESIAN_POINT ( 'NONE',  ( 15.00000000000000000, -9.999999999999998224, 5.000000000000000000 ) ) ;
#4524 = VERTEX_POINT ( 'NONE', #1018 ) ;
#4525 = DIRECTION ( 'NONE',  ( -0.000000000000000000, 1.000000000000000000, -0.000000000000000000 ) ) ;
#4526 = VERTEX_POINT ( 'NONE', #2433 ) ;
#4527 = ADVANCED_FACE ( 'NONE', ( #3563 ), #734, .F. ) ;
#4528 = FACE_OUTER_BOUND ( 'NONE', #618, .T. ) ;
#4529 = CARTESIAN_POINT ( 'NONE',  ( 23.99999999999999289, 45.00000000000000711, 15.00000000000000000 ) ) ;
#4530 = FACE_BOUND ( 'NONE', #265, .T. ) ;
#4531 = EDGE_CURVE ( 'NONE', #1293, #2846, #667, .T. ) ;
#4532 = EDGE_CURVE ( 'NONE', #1061, #2784, #364, .T. ) ;
#4533 = EDGE_CURVE ( 'NONE', #2743, #2848, #1734, .T. ) ;
#4534 = CARTESIAN_POINT ( 'NONE',  ( 60.00000000000001421, -45.00000000000000711, 15.00000000000000000 ) ) ;
#4535 = CARTESIAN_POINT ( 'NONE',  ( 10.82740286522705020, -81.94762756076872279, 4.497826585727105808 ) ) ;
#4536 = CARTESIAN_POINT ( 'NONE',  ( 74.99999999999994316, 19.99999999999998579, 0.000000000000000000 ) ) ;
#4537 = ORIENTED_EDGE ( 'NONE', *, *, #1493, .T. ) ;
#4538 = ORIENTED_EDGE ( 'NONE', *, *, #1187, .F. ) ;
#4539 = ADVANCED_FACE ( 'NONE', ( #3592 ), #394, .F. ) ;
#4540 = ADVANCED_FACE ( 'NONE', ( #152 ), #803, .F. ) ;
#4541 = LINE ( 'NONE', #2119, #2379 ) ;
#4542 = ORIENTED_EDGE ( 'NONE', *, *, #3383, .T. ) ;
#4543 = CARTESIAN_POINT ( 'NONE',  ( 58.39999999999999858, 52.00000000000000000, 5.000000000000000000 ) ) ;
#4544 = VERTEX_POINT ( 'NONE', #1543 ) ;
#4545 = FACE_OUTER_BOUND ( 'NONE', #404, .T. ) ;
#4546 = DIRECTION ( 'NONE',  ( 0.000000000000000000, 1.000000000000000000, 0.000000000000000000 ) ) ;
#4547 = ORIENTED_EDGE ( 'NONE', *, *, #3901, .F. ) ;
#4548 = CIRCLE ( 'NONE', #2068, 13.00000000000003020 ) ;
#4549 = CARTESIAN_POINT ( 'NONE',  ( 6.792893912220831609, 15.90000000000000746, 5.000000000000000000 ) ) ;
#4550 = ORIENTED_EDGE ( 'NONE', *, *, #4442, .T. ) ;
#4551 = DIRECTION ( 'NONE',  ( 1.000000000000000000, -0.000000000000000000, 0.000000000000000000 ) ) ;
#4552 = CARTESIAN_POINT ( 'NONE',  ( -11.39999999999999325, -78.00000000000001421, 5.000000000000000000 ) ) ;
#4553 = AXIS2_PLACEMENT_3D ( 'NONE', #938, #1985, #2352 ) ;
#4554 = VECTOR ( 'NONE', #3246, 1000.000000000000000 ) ;
#4555 = VECTOR ( 'NONE', #2305, 1000.000000000000000 ) ;
#4556 = CARTESIAN_POINT ( 'NONE',  ( 8.941101777927626060, -85.03121014660874266, 5.000000000000000000 ) ) ;
#4557 = LINE ( 'NONE', #1997, #243 ) ;
#4558 = DIRECTION ( 'NONE',  ( 0.000000000000000000, 0.000000000000000000, 1.000000000000000000 ) ) ;
#4559 = VERTEX_POINT ( 'NONE', #3699 ) ;
#4560 = AXIS2_PLACEMENT_3D ( 'NONE', #1670, #651, #3121 ) ;
#4561 = ORIENTED_EDGE ( 'NONE', *, *, #2749, .T. ) ;
#4562 = AXIS2_PLACEMENT_3D ( 'NONE', #1242, #2653, #2677 ) ;
#4563 = VECTOR ( 'NONE', #1250, 1000.000000000000000 ) ;
#4564 = VECTOR ( 'NONE', #2013, 1000.000000000000000 ) ;
#4565 = ADVANCED_FACE ( 'NONE', ( #1181, #1572 ), #2621, .F. ) ;
#4566 = CARTESIAN_POINT ( 'NONE',  ( 24.00000000000000000, 40.00000000000000711, 15.00000000000000000 ) ) ;
#4567 = EDGE_LOOP ( 'NONE', ( #3820, #1633, #1476, #2772, #2731 ) ) ;
#4568 = VECTOR ( 'NONE', #410, 1000.000000000000000 ) ;
#4569 = AXIS2_PLACEMENT_3D ( 'NONE', #1315, #1664, #1297 ) ;
#4570 = FACE_OUTER_BOUND ( 'NONE', #4376, .T. ) ;
#4571 = VERTEX_POINT ( 'NONE', #489 ) ;
#4572 = AXIS2_PLACEMENT_3D ( 'NONE', #4137, #4511, #925 ) ;
#4573 = CARTESIAN_POINT ( 'NONE',  ( 28.19999999999997087, 69.50000000000000000, 3.499999999999980016 ) ) ;
#4574 = ORIENTED_EDGE ( 'NONE', *, *, #680, .T. ) ;
#4575 = CYLINDRICAL_SURFACE ( 'NONE', #2612, 4.250000000000005329 ) ;
#4576 = ORIENTED_EDGE ( 'NONE', *, *, #994, .F. ) ;
#4577 = VERTEX_POINT ( 'NONE', #4031 ) ;
#4578 = DIRECTION ( 'NONE',  ( -1.000000000000000000, 1.056842361621172220E-16, 0.000000000000000000 ) ) ;
#4579 = CARTESIAN_POINT ( 'NONE',  ( -24.00000000000000000, -0.9000000000000032419, 5.000000000000000000 ) ) ;
#4580 = CARTESIAN_POINT ( 'NONE',  ( 11.71866100930141741, -84.69311060617077658, 5.000000000000000000 ) ) ;
#4581 = CARTESIAN_POINT ( 'NONE',  ( 9.814910262267622088, -81.81566528934813221, 4.502470591116223275 ) ) ;
#4582 = DIRECTION ( 'NONE',  ( -0.000000000000000000, -0.000000000000000000, -1.000000000000000000 ) ) ;
#4583 = EDGE_LOOP ( 'NONE', ( #2921, #1069, #3952, #4055 ) ) ;
#4584 = ORIENTED_EDGE ( 'NONE', *, *, #3497, .T. ) ;
#4585 = DIRECTION ( 'NONE',  ( -1.156482317317871725E-15, -1.000000000000000000, -0.000000000000000000 ) ) ;
#4586 = ORIENTED_EDGE ( 'NONE', *, *, #1008, .T. ) ;
#4587 = ADVANCED_FACE ( 'NONE', ( #507 ), #2902, .F. ) ;
#4588 = ADVANCED_FACE ( 'NONE', ( #3723 ), #3372, .T. ) ;
#4589 = EDGE_CURVE ( 'NONE', #1983, #4631, #109, .T. ) ;
#4590 = CARTESIAN_POINT ( 'NONE',  ( -27.66829088000282511, 5.099999999999993427, 6.439198102782435207 ) ) ;
#4591 = ORIENTED_EDGE ( 'NONE', *, *, #4018, .F. ) ;
#4592 = DIRECTION ( 'NONE',  ( 0.000000000000000000, 1.000000000000000000, 0.000000000000000000 ) ) ;
#4593 = ORIENTED_EDGE ( 'NONE', *, *, #3697, .T. ) ;
#4594 = DIRECTION ( 'NONE',  ( 1.000000000000000000, 0.000000000000000000, 0.000000000000000000 ) ) ;
#4595 = EDGE_LOOP ( 'NONE', ( #2634, #4098, #588, #1657, #3629, #2009, #3396, #621, #331 ) ) ;
#4596 = EDGE_CURVE ( 'NONE', #1620, #2560, #913, .T. ) ;
#4597 = EDGE_CURVE ( 'NONE', #3324, #2292, #1067, .T. ) ;
#4598 = CARTESIAN_POINT ( 'NONE',  ( 23.99999999999999289, 45.00000000000000711, 15.00000000000000000 ) ) ;
#4599 = ORIENTED_EDGE ( 'NONE', *, *, #3259, .F. ) ;
#4600 = CARTESIAN_POINT ( 'NONE',  ( 18.87975105768025230, -29.48635277547910505, -5.000000000000000000 ) ) ;
#4601 = DIRECTION ( 'NONE',  ( 0.000000000000000000, 0.000000000000000000, 1.000000000000000000 ) ) ;
#4602 = LINE ( 'NONE', #4248, #2907 ) ;
#4603 = FACE_OUTER_BOUND ( 'NONE', #2076, .T. ) ;
#4604 = CARTESIAN_POINT ( 'NONE',  ( 69.73799092751333717, -4.000000000000008882, 3.000000000000000000 ) ) ;
#4605 = ORIENTED_EDGE ( 'NONE', *, *, #1273, .T. ) ;
#4606 = ORIENTED_EDGE ( 'NONE', *, *, #2094, .T. ) ;
#4607 = ORIENTED_EDGE ( 'NONE', *, *, #3097, .T. ) ;
#4608 = DIRECTION ( 'NONE',  ( 1.000000000000000000, -3.195330897240195498E-16, 0.000000000000000000 ) ) ;
#4609 = LINE ( 'NONE', #2046, #1047 ) ;
#4610 = ORIENTED_EDGE ( 'NONE', *, *, #843, .T. ) ;
#4611 = CARTESIAN_POINT ( 'NONE',  ( -27.66829088000282511, 5.099999999999993427, 4.839198102782433786 ) ) ;
#4612 = VERTEX_POINT ( 'NONE', #532 ) ;
#4613 = ADVANCED_FACE ( 'NONE', ( #2642 ), #2219, .F. ) ;
#4614 = CARTESIAN_POINT ( 'NONE',  ( 11.71866100930141741, -84.69311060617077658, 5.000000000000000000 ) ) ;
#4615 = EDGE_LOOP ( 'NONE', ( #3474, #2800, #384, #3022 ) ) ;
#4616 = CARTESIAN_POINT ( 'NONE',  ( 31.30000000000001492, -69.50000000000000000, 5.000000000000000000 ) ) ;
#4617 = ORIENTED_EDGE ( 'NONE', *, *, #3766, .T. ) ;
#4618 = EDGE_CURVE ( 'NONE', #3297, #203, #3083, .T. ) ;
#4619 = CARTESIAN_POINT ( 'NONE',  ( 15.00000000000000000, 5.899999999999999467, 10.00000000000000000 ) ) ;
#4620 = ORIENTED_EDGE ( 'NONE', *, *, #1754, .F. ) ;
#4621 = EDGE_CURVE ( 'NONE', #3524, #2197, #2290, .T. ) ;
#4622 = DIRECTION ( 'NONE',  ( -1.000000000000000000, 0.000000000000000000, 0.000000000000000000 ) ) ;
#4623 = CARTESIAN_POINT ( 'NONE',  ( 3.542039086618466115, 59.11917771524625209, 4.362320202643651612 ) ) ;
#4624 = DIRECTION ( 'NONE',  ( -1.000000000000000000, -0.000000000000000000, -0.000000000000000000 ) ) ;
#4625 = EDGE_CURVE ( 'NONE', #868, #4630, #2175, .T. ) ;
#4626 = CARTESIAN_POINT ( 'NONE',  ( 55.28901320107123496, -50.67802710114081322, 5.977302759735210635 ) ) ;
#4627 = AXIS2_PLACEMENT_3D ( 'NONE', #1758, #4274, #2856 ) ;
#4628 = CARTESIAN_POINT ( 'NONE',  ( 73.39999999999993463, 19.99999999999998579, 3.499999999999977796 ) ) ;
#4629 = DIRECTION ( 'NONE',  ( -1.000000000000000000, 0.000000000000000000, 0.000000000000000000 ) ) ;
#4630 = VERTEX_POINT ( 'NONE', #1945 ) ;
#4631 = VERTEX_POINT ( 'NONE', #2553 ) ;
#4632 = EDGE_LOOP ( 'NONE', ( #2092, #3159, #2452, #416 ) ) ;
#4633 = AXIS2_PLACEMENT_3D ( 'NONE', #4477, #2690, #4131 ) ;
#4634 = CARTESIAN_POINT ( 'NONE',  ( 24.99999999999998579, 69.00000000000000000, 5.000000000000000000 ) ) ;
ENDSEC;
END-ISO-10303-21;
