ISO-10303-21;
HEADER;
FILE_DESCRIPTION (( 'STEP AP214' ),
    '1' );
FILE_NAME ('cap holder back.STEP',
    '2026-03-22T01:56:07',
    ( '' ),
    ( '' ),
    'SwSTEP 2.0',
    'SolidWorks 2026',
    '' );
FILE_SCHEMA (( 'AUTOMOTIVE_DESIGN' ));
ENDSEC;

DATA;
#1 = ORIENTED_EDGE ( 'NONE', *, *, #1162, .F. ) ;
#2 = AXIS2_PLACEMENT_3D ( 'NONE', #786, #1282, #1082 ) ;
#3 = DIRECTION ( 'NONE',  ( 0.000000000000000000, -1.000000000000000000, 1.134035246529390918E-15 ) ) ;
#4 = DIRECTION ( 'NONE',  ( -0.000000000000000000, 1.000000000000000000, -2.220446049250313081E-16 ) ) ;
#5 = CARTESIAN_POINT ( 'NONE',  ( 2.500000000000000000, 49.75000000000000711, 10.24999999999998757 ) ) ;
#6 = VERTEX_POINT ( 'NONE', #1508 ) ;
#7 = DIRECTION ( 'NONE',  ( 0.000000000000000000, 0.000000000000000000, 1.000000000000000000 ) ) ;
#8 = VERTEX_POINT ( 'NONE', #1150 ) ;
#9 = CIRCLE ( 'NONE', #1473, 18.75000000000000355 ) ;
#10 = EDGE_CURVE ( 'NONE', #631, #235, #1093, .T. ) ;
#11 = DIRECTION ( 'NONE',  ( -1.000000000000000000, -0.000000000000000000, -0.000000000000000000 ) ) ;
#12 = DIRECTION ( 'NONE',  ( 0.000000000000000000, 0.000000000000000000, -1.000000000000000000 ) ) ;
#13 = DIRECTION ( 'NONE',  ( -0.000000000000000000, 1.000000000000000000, -2.220446049250313081E-16 ) ) ;
#14 = ORIENTED_EDGE ( 'NONE', *, *, #735, .F. ) ;
#15 = DIRECTION ( 'NONE',  ( 1.000000000000000000, -0.000000000000000000, 0.000000000000000000 ) ) ;
#16 = ORIENTED_EDGE ( 'NONE', *, *, #1375, .F. ) ;
#17 = DIRECTION ( 'NONE',  ( 0.000000000000000000, -2.498001805406598272E-16, 1.000000000000000000 ) ) ;
#18 = ADVANCED_FACE ( 'NONE', ( #1518 ), #778, .T. ) ;
#19 = FACE_OUTER_BOUND ( 'NONE', #1497, .T. ) ;
#20 = CARTESIAN_POINT ( 'NONE',  ( 3.316624790355395813, 70.75000000000001421, 7.749999999999984901 ) ) ;
#21 = ORIENTED_EDGE ( 'NONE', *, *, #1184, .T. ) ;
#22 = AXIS2_PLACEMENT_3D ( 'NONE', #709, #1208, #962 ) ;
#23 = CYLINDRICAL_SURFACE ( 'NONE', #887, 17.74999999999999645 ) ;
#24 = VERTEX_POINT ( 'NONE', #1136 ) ;
#25 = DIRECTION ( 'NONE',  ( 0.000000000000000000, -7.401486830834375293E-16, -1.000000000000000000 ) ) ;
#26 = DIRECTION ( 'NONE',  ( 0.000000000000000000, 0.000000000000000000, 1.000000000000000000 ) ) ;
#27 = VECTOR ( 'NONE', #1300, 1000.000000000000000 ) ;
#28 = DIRECTION ( 'NONE',  ( -1.000000000000000000, 0.000000000000000000, -0.000000000000000000 ) ) ;
#29 = DIRECTION ( 'NONE',  ( 0.000000000000000000, 0.000000000000000000, -1.000000000000000000 ) ) ;
#30 = EDGE_CURVE ( 'NONE', #1642, #1406, #383, .T. ) ;
#31 = ORIENTED_EDGE ( 'NONE', *, *, #866, .F. ) ;
#32 = AXIS2_PLACEMENT_3D ( 'NONE', #102, #625, #878 ) ;
#33 = LINE ( 'NONE', #291, #1510 ) ;
#34 = DIRECTION ( 'NONE',  ( 0.000000000000000000, 0.000000000000000000, -1.000000000000000000 ) ) ;
#35 = VECTOR ( 'NONE', #1188, 1000.000000000000000 ) ;
#36 = DIRECTION ( 'NONE',  ( 0.000000000000000000, -7.818472004402512265E-16, -1.000000000000000000 ) ) ;
#37 = CARTESIAN_POINT ( 'NONE',  ( 20.00000000000000000, 89.50000000000001421, -1.987299214079030523E-14 ) ) ;
#38 = FACE_BOUND ( 'NONE', #208, .T. ) ;
#39 = EDGE_LOOP ( 'NONE', ( #83, #247, #1476, #1336 ) ) ;
#40 = DIRECTION ( 'NONE',  ( 1.000000000000000000, 0.000000000000000000, 0.000000000000000000 ) ) ;
#41 = PRODUCT_DEFINITION_CONTEXT ( 'detailed design', #1416, 'design' ) ;
#42 = LINE ( 'NONE', #167, #994 ) ;
#43 = CARTESIAN_POINT ( 'NONE',  ( 3.000000000000000888, 48.75000000000002132, 12.85000000000000320 ) ) ;
#44 = DIRECTION ( 'NONE',  ( 0.000000000000000000, 0.000000000000000000, -1.000000000000000000 ) ) ;
#45 = CARTESIAN_POINT ( 'NONE',  ( 19.99999999999999645, 78.75000000000000000, 12.74999999999998579 ) ) ;
#46 = ORIENTED_EDGE ( 'NONE', *, *, #1151, .T. ) ;
#47 = EDGE_CURVE ( 'NONE', #892, #1361, #373, .T. ) ;
#48 = CARTESIAN_POINT ( 'NONE',  ( 21.99999999999999645, 48.75000000000002132, 15.75000000000000355 ) ) ;
#49 = ORIENTED_EDGE ( 'NONE', *, *, #1355, .T. ) ;
#50 = AXIS2_PLACEMENT_3D ( 'NONE', #1451, #322, #705 ) ;
#51 = EDGE_CURVE ( 'NONE', #662, #6, #1318, .T. ) ;
#52 = CARTESIAN_POINT ( 'NONE',  ( 8.877749860236930246, 72.42662892103614070, 7.749999999999984901 ) ) ;
#53 = CARTESIAN_POINT ( 'NONE',  ( 20.00000000000000000, 0.000000000000000000, 0.000000000000000000 ) ) ;
#54 = CARTESIAN_POINT ( 'NONE',  ( 20.00000000000000000, 0.000000000000000000, 0.000000000000000000 ) ) ;
#55 = LINE ( 'NONE', #1545, #1100 ) ;
#56 = AXIS2_PLACEMENT_3D ( 'NONE', #829, #1189, #1588 ) ;
#57 = ORIENTED_EDGE ( 'NONE', *, *, #243, .T. ) ;
#58 = CARTESIAN_POINT ( 'NONE',  ( 0.000000000000000000, 78.75000000000000000, 12.74999999999998757 ) ) ;
#59 = EDGE_LOOP ( 'NONE', ( #889, #1528 ) ) ;
#60 = CIRCLE ( 'NONE', #605, 6.000000000000001776 ) ;
#61 = CARTESIAN_POINT ( 'NONE',  ( 0.000000000000000000, 89.50000000000001421, -1.987299214079030523E-14 ) ) ;
#62 = DIRECTION ( 'NONE',  ( 1.000000000000000000, 0.000000000000000000, 0.000000000000000000 ) ) ;
#63 = ADVANCED_FACE ( 'NONE', ( #643 ), #897, .F. ) ;
#64 = LINE ( 'NONE', #1309, #782 ) ;
#65 = CARTESIAN_POINT ( 'NONE',  ( 19.99999999999999645, 17.07388400413131180, 7.748494686436246504 ) ) ;
#66 = ORIENTED_EDGE ( 'NONE', *, *, #139, .T. ) ;
#67 = CARTESIAN_POINT ( 'NONE',  ( 0.000000000000000000, 17.49285568453590400, 6.750000000000001776 ) ) ;
#68 = VERTEX_POINT ( 'NONE', #135 ) ;
#69 = LINE ( 'NONE', #1499, #400 ) ;
#70 = DIRECTION ( 'NONE',  ( -1.000000000000000000, -0.000000000000000000, -0.000000000000000000 ) ) ;
#71 = DIRECTION ( 'NONE',  ( -1.000000000000000000, 0.000000000000000000, -0.000000000000000000 ) ) ;
#72 = EDGE_CURVE ( 'NONE', #662, #180, #253, .T. ) ;
#73 = DIRECTION ( 'NONE',  ( 1.000000000000000000, 0.000000000000000000, 0.000000000000000000 ) ) ;
#74 = ORIENTED_EDGE ( 'NONE', *, *, #1046, .T. ) ;
#75 = CARTESIAN_POINT ( 'NONE',  ( 6.000000000000000888, -0.2500000000000036637, 18.75000000000000355 ) ) ;
#76 = VERTEX_POINT ( 'NONE', #528 ) ;
#77 = VECTOR ( 'NONE', #1429, 1000.000000000000000 ) ;
#78 = DIRECTION ( 'NONE',  ( 0.000000000000000000, 1.000000000000000000, -2.220446049250313081E-16 ) ) ;
#79 = VECTOR ( 'NONE', #617, 1000.000000000000000 ) ;
#80 = DIRECTION ( 'NONE',  ( -0.000000000000000000, 1.000000000000000000, -2.220446049250313081E-16 ) ) ;
#81 = DIRECTION ( 'NONE',  ( 0.000000000000000000, 2.220446049250313081E-16, 1.000000000000000000 ) ) ;
#82 = AXIS2_PLACEMENT_3D ( 'NONE', #684, #1562, #1313 ) ;
#83 = ORIENTED_EDGE ( 'NONE', *, *, #1135, .T. ) ;
#84 = EDGE_CURVE ( 'NONE', #913, #1547, #1536, .T. ) ;
#85 = DIRECTION ( 'NONE',  ( 0.000000000000000000, -1.000000000000000000, 4.440892098500626162E-16 ) ) ;
#86 = ORIENTED_EDGE ( 'NONE', *, *, #270, .T. ) ;
#87 = DIRECTION ( 'NONE',  ( 0.000000000000000000, 1.549686305205948328E-16, 1.000000000000000000 ) ) ;
#88 = DIRECTION ( 'NONE',  ( 1.000000000000000000, 0.000000000000000000, 0.000000000000000000 ) ) ;
#89 = CARTESIAN_POINT ( 'NONE',  ( 0.000000000000000000, 2.173748068486551246E-15, -17.74999999999999645 ) ) ;
#90 = ORIENTED_EDGE ( 'NONE', *, *, #487, .F. ) ;
#91 = FACE_OUTER_BOUND ( 'NONE', #1358, .T. ) ;
#92 = EDGE_CURVE ( 'NONE', #6, #1126, #282, .T. ) ;
#93 = ORIENTED_EDGE ( 'NONE', *, *, #876, .T. ) ;
#94 = DIRECTION ( 'NONE',  ( -3.009265538105054926E-32, 1.000000000000000000, 2.498001805406598272E-16 ) ) ;
#95 = EDGE_CURVE ( 'NONE', #1509, #1482, #179, .T. ) ;
#96 = DIRECTION ( 'NONE',  ( 0.000000000000000000, 7.401486830834375293E-16, 1.000000000000000000 ) ) ;
#97 = VERTEX_POINT ( 'NONE', #660 ) ;
#98 = ORIENTED_EDGE ( 'NONE', *, *, #557, .T. ) ;
#99 = EDGE_CURVE ( 'NONE', #1612, #471, #1036, .T. ) ;
#100 = DIRECTION ( 'NONE',  ( -4.633944085122658377E-16, -4.440892098500626162E-16, -1.000000000000000000 ) ) ;
#101 = EDGE_CURVE ( 'NONE', #1482, #947, #1456, .T. ) ;
#102 = CARTESIAN_POINT ( 'NONE',  ( 3.000000000000000888, 40.74999999999999289, 15.75000000000000711 ) ) ;
#103 = AXIS2_PLACEMENT_3D ( 'NONE', #1078, #1295, #1577 ) ;
#104 = DIRECTION ( 'NONE',  ( 0.000000000000000000, -7.818472004402512265E-16, -1.000000000000000000 ) ) ;
#105 = VECTOR ( 'NONE', #956, 1000.000000000000000 ) ;
#106 = EDGE_LOOP ( 'NONE', ( #722, #773, #817, #1532 ) ) ;
#107 = AXIS2_PLACEMENT_3D ( 'NONE', #481, #119, #993 ) ;
#108 = CYLINDRICAL_SURFACE ( 'NONE', #1128, 17.74999999999999645 ) ;
#109 = ORIENTED_EDGE ( 'NONE', *, *, #930, .T. ) ;
#110 = DIRECTION ( 'NONE',  ( 0.000000000000000000, 0.000000000000000000, 1.000000000000000000 ) ) ;
#111 = CIRCLE ( 'NONE', #1442, 18.75000000000000355 ) ;
#112 = ORIENTED_EDGE ( 'NONE', *, *, #680, .T. ) ;
#113 = AXIS2_PLACEMENT_3D ( 'NONE', #686, #828, #295 ) ;
#114 = ORIENTED_EDGE ( 'NONE', *, *, #1184, .F. ) ;
#115 = CARTESIAN_POINT ( 'NONE',  ( 20.00000000000000000, 15.96871942267130606, 7.749999999999998224 ) ) ;
#116 = EDGE_LOOP ( 'NONE', ( #1479, #1626, #66, #540 ) ) ;
#117 = DIRECTION ( 'NONE',  ( -1.000000000000000000, -0.000000000000000000, -0.000000000000000000 ) ) ;
#118 = EDGE_CURVE ( 'NONE', #609, #550, #255, .T. ) ;
#119 = DIRECTION ( 'NONE',  ( -1.000000000000000000, -0.000000000000000000, -0.000000000000000000 ) ) ;
#120 = EDGE_LOOP ( 'NONE', ( #418, #1278, #264, #611, #1185, #720, #1583, #403 ) ) ;
#121 = VERTEX_POINT ( 'NONE', #161 ) ;
#122 = CYLINDRICAL_SURFACE ( 'NONE', #1330, 1.599999999999997202 ) ;
#123 = ORIENTED_EDGE ( 'NONE', *, *, #10, .T. ) ;
#124 = CARTESIAN_POINT ( 'NONE',  ( 6.000000000000000888, 89.75000000000002842, 12.74999999999998579 ) ) ;
#125 = CARTESIAN_POINT ( 'NONE',  ( 0.000000000000000000, 0.000000000000000000, 0.000000000000000000 ) ) ;
#126 = ORIENTED_EDGE ( 'NONE', *, *, #444, .F. ) ;
#127 = VECTOR ( 'NONE', #676, 1000.000000000000000 ) ;
#128 = ORIENTED_EDGE ( 'NONE', *, *, #979, .F. ) ;
#129 = ADVANCED_FACE ( 'NONE', ( #38, #554, #544 ), #1072, .T. ) ;
#130 = CIRCLE ( 'NONE', #756, 2.899999999999999911 ) ;
#131 = LINE ( 'NONE', #115, #1273 ) ;
#132 = VERTEX_POINT ( 'NONE', #1310 ) ;
#133 =( LENGTH_UNIT ( ) NAMED_UNIT ( * ) SI_UNIT ( .MILLI., .METRE. ) );
#134 = PLANE ( 'NONE',  #265 ) ;
#135 = CARTESIAN_POINT ( 'NONE',  ( 0.000000000000000000, 0.000000000000000000, 17.74999999999999645 ) ) ;
#136 = VECTOR ( 'NONE', #88, 1000.000000000000000 ) ;
#137 = AXIS2_PLACEMENT_3D ( 'NONE', #449, #810, #1214 ) ;
#138 = ORIENTED_EDGE ( 'NONE', *, *, #512, .F. ) ;
#139 = EDGE_CURVE ( 'NONE', #1312, #235, #1560, .T. ) ;
#140 = ORIENTED_EDGE ( 'NONE', *, *, #1632, .F. ) ;
#141 = DIRECTION ( 'NONE',  ( 0.000000000000000000, -7.401486830834375293E-16, -1.000000000000000000 ) ) ;
#142 = DIRECTION ( 'NONE',  ( 0.000000000000000000, 2.498001805406598272E-16, -1.000000000000000000 ) ) ;
#143 = DIRECTION ( 'NONE',  ( 0.000000000000000000, 0.000000000000000000, -1.000000000000000000 ) ) ;
#144 = ORIENTED_EDGE ( 'NONE', *, *, #1646, .T. ) ;
#145 = CARTESIAN_POINT ( 'NONE',  ( 3.316624790355395813, 18.75000000000000711, 7.749999999999996447 ) ) ;
#146 = ORIENTED_EDGE ( 'NONE', *, *, #635, .F. ) ;
#147 = DIRECTION ( 'NONE',  ( 1.000000000000000000, -0.000000000000000000, -5.782411586589356653E-16 ) ) ;
#148 = CARTESIAN_POINT ( 'NONE',  ( 3.000000000000000888, 40.74999999999999289, 12.85000000000000675 ) ) ;
#149 = EDGE_CURVE ( 'NONE', #249, #279, #450, .T. ) ;
#150 = FACE_OUTER_BOUND ( 'NONE', #39, .T. ) ;
#151 = DIRECTION ( 'NONE',  ( 1.000000000000000000, 0.000000000000000000, 0.000000000000000000 ) ) ;
#152 = ORIENTED_EDGE ( 'NONE', *, *, #646, .T. ) ;
#153 = VECTOR ( 'NONE', #100, 1000.000000000000000 ) ;
#154 = CARTESIAN_POINT ( 'NONE',  ( 6.000000000000000888, 48.75000000000002132, 15.75000000000000355 ) ) ;
#155 = VERTEX_POINT ( 'NONE', #562 ) ;
#156 = AXIS2_PLACEMENT_3D ( 'NONE', #1066, #40, #1058 ) ;
#157 = CARTESIAN_POINT ( 'NONE',  ( 20.00000000000000000, 89.50000000000002842, 18.74999999999998224 ) ) ;
#158 = CARTESIAN_POINT ( 'NONE',  ( 4.336808689942017736E-15, 12.20121023694247420, 14.23702808713708556 ) ) ;
#159 = LINE ( 'NONE', #1171, #432 ) ;
#160 = EDGE_CURVE ( 'NONE', #742, #1048, #55, .T. ) ;
#161 = CARTESIAN_POINT ( 'NONE',  ( 6.000000000000000888, 48.75000000000002132, 12.85000000000000320 ) ) ;
#162 = AXIS2_PLACEMENT_3D ( 'NONE', #1445, #1598, #178 ) ;
#163 = ORIENTED_EDGE ( 'NONE', *, *, #474, .F. ) ;
#164 = VECTOR ( 'NONE', #380, 1000.000000000000000 ) ;
#165 = CYLINDRICAL_SURFACE ( 'NONE', #82, 2.899999999999999911 ) ;
#166 = AXIS2_PLACEMENT_3D ( 'NONE', #1260, #117, #1643 ) ;
#167 = CARTESIAN_POINT ( 'NONE',  ( 6.000000000000000888, -0.2500000000000036637, 18.75000000000000355 ) ) ;
#168 = CARTESIAN_POINT ( 'NONE',  ( 0.000000000000000000, 40.74999999999999289, 14.15000000000000746 ) ) ;
#169 = DIRECTION ( 'NONE',  ( 0.000000000000000000, 0.000000000000000000, 1.000000000000000000 ) ) ;
#170 = DIRECTION ( 'NONE',  ( -1.000000000000000000, 0.000000000000000000, -0.000000000000000000 ) ) ;
#171 = EDGE_CURVE ( 'NONE', #713, #913, #1250, .T. ) ;
#172 = EDGE_LOOP ( 'NONE', ( #775, #448, #1593, #93 ) ) ;
#173 = EDGE_CURVE ( 'NONE', #1376, #727, #926, .T. ) ;
#174 = DIRECTION ( 'NONE',  ( -0.000000000000000000, 1.000000000000000000, -0.000000000000000000 ) ) ;
#175 = VERTEX_POINT ( 'NONE', #1183 ) ;
#176 = LINE ( 'NONE', #1586, #398 ) ;
#177 = CARTESIAN_POINT ( 'NONE',  ( 22.00000000000000355, 17.49285568453590400, 6.750000000000001776 ) ) ;
#178 = DIRECTION ( 'NONE',  ( 0.000000000000000000, 0.000000000000000000, -1.000000000000000000 ) ) ;
#179 = LINE ( 'NONE', #1301, #1246 ) ;
#180 = VERTEX_POINT ( 'NONE', #407 ) ;
#181 = DIRECTION ( 'NONE',  ( 0.000000000000000000, -4.440892098500626162E-16, -1.000000000000000000 ) ) ;
#182 = EDGE_CURVE ( 'NONE', #1457, #919, #751, .T. ) ;
#183 = VERTEX_POINT ( 'NONE', #1582 ) ;
#184 = DIRECTION ( 'NONE',  ( 0.000000000000000000, -1.000000000000000000, 2.220446049250313081E-16 ) ) ;
#185 = DIRECTION ( 'NONE',  ( 0.000000000000000000, 0.000000000000000000, -1.000000000000000000 ) ) ;
#186 = AXIS2_PLACEMENT_3D ( 'NONE', #871, #195, #361 ) ;
#187 = AXIS2_PLACEMENT_3D ( 'NONE', #1138, #385, #648 ) ;
#188 = DIRECTION ( 'NONE',  ( 0.000000000000000000, 1.000000000000000000, -4.440892098500626162E-16 ) ) ;
#189 = PLANE ( 'NONE',  #22 ) ;
#190 = ORIENTED_EDGE ( 'NONE', *, *, #1151, .F. ) ;
#191 = CARTESIAN_POINT ( 'NONE',  ( 21.99999999999999645, 40.74999999999999289, 15.75000000000000711 ) ) ;
#192 = ORIENTED_EDGE ( 'NONE', *, *, #934, .T. ) ;
#193 = MECHANICAL_DESIGN_GEOMETRIC_PRESENTATION_REPRESENTATION (  '', ( #1181 ), #1237 ) ;
#194 = EDGE_CURVE ( 'NONE', #1003, #1406, #963, .T. ) ;
#195 = DIRECTION ( 'NONE',  ( 0.000000000000000000, 6.899460366793282029E-16, -1.000000000000000000 ) ) ;
#196 = FACE_OUTER_BOUND ( 'NONE', #1249, .T. ) ;
#197 = FACE_OUTER_BOUND ( 'NONE', #1115, .T. ) ;
#198 = EDGE_CURVE ( 'NONE', #1376, #631, #425, .T. ) ;
#199 = FACE_OUTER_BOUND ( 'NONE', #745, .T. ) ;
#200 = VERTEX_POINT ( 'NONE', #670 ) ;
#201 = DIRECTION ( 'NONE',  ( 0.000000000000000000, -0.000000000000000000, -1.000000000000000000 ) ) ;
#202 = ORIENTED_EDGE ( 'NONE', *, *, #1435, .F. ) ;
#203 = DIRECTION ( 'NONE',  ( -1.000000000000000000, -0.000000000000000000, -0.000000000000000000 ) ) ;
#204 = CARTESIAN_POINT ( 'NONE',  ( 0.000000000000000000, 20.75000000000000355, 6.749999999999999112 ) ) ;
#205 = CARTESIAN_POINT ( 'NONE',  ( 22.00000000000000000, 68.75000000000000000, 6.749999999999982236 ) ) ;
#206 = ORIENTED_EDGE ( 'NONE', *, *, #646, .F. ) ;
#207 = DIRECTION ( 'NONE',  ( 0.000000000000000000, 1.000000000000000000, -2.220446049250313081E-16 ) ) ;
#208 = EDGE_LOOP ( 'NONE', ( #1002, #831 ) ) ;
#209 = CARTESIAN_POINT ( 'NONE',  ( 22.00000000000000355, 68.75000000000000000, 14.23702808713707668 ) ) ;
#210 = CIRCLE ( 'NONE', #1564, 2.899999999999999911 ) ;
#211 = DIRECTION ( 'NONE',  ( 1.000000000000000000, -0.000000000000000000, -0.000000000000000000 ) ) ;
#212 = LINE ( 'NONE', #1609, #1357 ) ;
#213 = AXIS2_PLACEMENT_3D ( 'NONE', #154, #672, #1176 ) ;
#214 = EDGE_CURVE ( 'NONE', #1430, #1130, #945, .T. ) ;
#215 = CIRCLE ( 'NONE', #645, 17.74999999999999645 ) ;
#216 = ADVANCED_BREP_SHAPE_REPRESENTATION ( 'cap holder back', ( #1411, #1154 ), #1209 ) ;
#217 = ORIENTED_EDGE ( 'NONE', *, *, #1477, .F. ) ;
#218 = VECTOR ( 'NONE', #553, 1000.000000000000000 ) ;
#219 = CARTESIAN_POINT ( 'NONE',  ( 0.000000000000000000, 20.75000000000000355, 12.74999999999999645 ) ) ;
#220 = VERTEX_POINT ( 'NONE', #935 ) ;
#221 = ADVANCED_FACE ( 'NONE', ( #1447 ), #803, .F. ) ;
#222 = CARTESIAN_POINT ( 'NONE',  ( 6.000000000000000888, -0.2500000000000036637, 18.75000000000000355 ) ) ;
#223 = CARTESIAN_POINT ( 'NONE',  ( 0.000000000000000000, 0.000000000000000000, 0.000000000000000000 ) ) ;
#224 = CARTESIAN_POINT ( 'NONE',  ( 0.000000000000000000, 8.749999999999994671, 12.75000000000000178 ) ) ;
#225 = ORIENTED_EDGE ( 'NONE', *, *, #149, .F. ) ;
#226 = EDGE_CURVE ( 'NONE', #1025, #1474, #461, .T. ) ;
#227 = DIRECTION ( 'NONE',  ( -3.009265538105054926E-32, 1.000000000000000000, 2.498001805406598272E-16 ) ) ;
#228 = VERTEX_POINT ( 'NONE', #349 ) ;
#229 = EDGE_CURVE ( 'NONE', #453, #8, #212, .T. ) ;
#230 = LINE ( 'NONE', #587, #700 ) ;
#231 = EDGE_LOOP ( 'NONE', ( #577, #856, #927, #846 ) ) ;
#232 = CARTESIAN_POINT ( 'NONE',  ( 20.00000000000000000, 0.000000000000000000, 0.000000000000000000 ) ) ;
#233 = EDGE_LOOP ( 'NONE', ( #1386, #367, #359, #909 ) ) ;
#234 = VECTOR ( 'NONE', #918, 1000.000000000000000 ) ;
#235 = VERTEX_POINT ( 'NONE', #597 ) ;
#236 = EDGE_CURVE ( 'NONE', #446, #503, #683, .T. ) ;
#237 = CARTESIAN_POINT ( 'NONE',  ( 19.99999999999999645, 70.75000000000001421, 12.74999999999998934 ) ) ;
#238 = DIRECTION ( 'NONE',  ( -0.000000000000000000, 1.000000000000000000, -2.220446049250313081E-16 ) ) ;
#239 = AXIS2_PLACEMENT_3D ( 'NONE', #1572, #795, #29 ) ;
#240 = EDGE_LOOP ( 'NONE', ( #391, #1159, #547, #868 ) ) ;
#241 = ORIENTED_EDGE ( 'NONE', *, *, #911, .T. ) ;
#242 = CARTESIAN_POINT ( 'NONE',  ( 3.000000000000000888, 40.74999999999999289, 15.75000000000000711 ) ) ;
#243 = EDGE_CURVE ( 'NONE', #1241, #805, #1091, .T. ) ;
#244 = CARTESIAN_POINT ( 'NONE',  ( 6.000000000000001776, 89.50000000000001421, 18.74999999999998224 ) ) ;
#245 = COLOUR_RGB ( '',0.7921568627450980005, 0.8196078431372548767, 0.9333333333333333481 ) ;
#246 = ORIENTED_EDGE ( 'NONE', *, *, #1080, .F. ) ;
#247 = ORIENTED_EDGE ( 'NONE', *, *, #72, .F. ) ;
#248 = FACE_OUTER_BOUND ( 'NONE', #975, .T. ) ;
#249 = VERTEX_POINT ( 'NONE', #89 ) ;
#250 = CARTESIAN_POINT ( 'NONE',  ( 0.000000000000000000, 89.50000000000001421, -1.987299214079030523E-14 ) ) ;
#251 = CARTESIAN_POINT ( 'NONE',  ( 6.000000000000000888, 40.74999999999999289, 12.85000000000000675 ) ) ;
#252 = EDGE_CURVE ( 'NONE', #759, #947, #1472, .T. ) ;
#253 = LINE ( 'NONE', #653, #364 ) ;
#254 = ORIENTED_EDGE ( 'NONE', *, *, #1321, .F. ) ;
#255 = B_SPLINE_CURVE_WITH_KNOTS ( 'NONE', 3,
 ( #536, #308, #1283, #20 ),
 .UNSPECIFIED., .F., .F.,
 ( 4, 4 ),
 ( 0.000000000000000000, 1.000000000000000000 ),
 .UNSPECIFIED. ) ;
#256 = CARTESIAN_POINT ( 'NONE',  ( 3.314704594097634072, 17.07452600576558766, 7.747455082220760403 ) ) ;
#257 = EDGE_LOOP ( 'NONE', ( #1343, #1422, #1110, #1314 ) ) ;
#258 = CARTESIAN_POINT ( 'NONE',  ( 0.000000000000000000, 49.75000000000001421, 6.749999999999992006 ) ) ;
#259 = CARTESIAN_POINT ( 'NONE',  ( 0.000000000000000000, 89.50000000000001421, -1.987299214079030523E-14 ) ) ;
#260 = VECTOR ( 'NONE', #818, 1000.000000000000000 ) ;
#261 = ADVANCED_FACE ( 'NONE', ( #327 ), #1109, .T. ) ;
#262 = VERTEX_POINT ( 'NONE', #841 ) ;
#263 = DIRECTION ( 'NONE',  ( -1.000000000000000000, -0.000000000000000000, -0.000000000000000000 ) ) ;
#264 = ORIENTED_EDGE ( 'NONE', *, *, #410, .T. ) ;
#265 = AXIS2_PLACEMENT_3D ( 'NONE', #1164, #1644, #416 ) ;
#266 =( NAMED_UNIT ( * ) SI_UNIT ( $, .STERADIAN. ) SOLID_ANGLE_UNIT ( ) );
#267 = CYLINDRICAL_SURFACE ( 'NONE', #2, 18.75000000000000355 ) ;
#268 = ORIENTED_EDGE ( 'NONE', *, *, #535, .F. ) ;
#269 = VECTOR ( 'NONE', #792, 1000.000000000000000 ) ;
#270 = EDGE_CURVE ( 'NONE', #220, #352, #507, .T. ) ;
#271 = EDGE_LOOP ( 'NONE', ( #815, #1257, #1175, #654, #138, #321 ) ) ;
#272 = VECTOR ( 'NONE', #1098, 1000.000000000000000 ) ;
#273 = DIRECTION ( 'NONE',  ( -8.881784197001254296E-16, 0.000000000000000000, -1.000000000000000000 ) ) ;
#274 = EDGE_CURVE ( 'NONE', #1394, #180, #333, .T. ) ;
#275 = EDGE_LOOP ( 'NONE', ( #1014, #600, #964, #1374 ) ) ;
#276 = CARTESIAN_POINT ( 'NONE',  ( 21.99999999999999645, 40.74999999999999289, 14.15000000000000746 ) ) ;
#277 = CARTESIAN_POINT ( 'NONE',  ( 19.99999999999999645, 73.53128057732870104, 7.749999999999984901 ) ) ;
#278 = DIRECTION ( 'NONE',  ( 1.000000000000000000, -0.000000000000000000, 0.000000000000000000 ) ) ;
#279 = VERTEX_POINT ( 'NONE', #1101 ) ;
#280 = DIRECTION ( 'NONE',  ( 0.000000000000000000, 0.000000000000000000, 1.000000000000000000 ) ) ;
#281 = EDGE_LOOP ( 'NONE', ( #734, #1498, #163, #254, #140, #375, #591 ) ) ;
#282 = CIRCLE ( 'NONE', #1221, 17.74999999999999645 ) ;
#283 = EDGE_CURVE ( 'NONE', #262, #1130, #210, .T. ) ;
#284 = CARTESIAN_POINT ( 'NONE',  ( 3.000000000000000888, 48.75000000000002132, 15.75000000000000355 ) ) ;
#285 = DIRECTION ( 'NONE',  ( 0.000000000000000000, -7.401486830834374307E-16, -1.000000000000000000 ) ) ;
#286 = CARTESIAN_POINT ( 'NONE',  ( 0.000000000000000000, 70.75000000000001421, 7.749999999999984901 ) ) ;
#287 = CARTESIAN_POINT ( 'NONE',  ( 6.000000000000001776, 89.50000000000001421, -1.987299214079030523E-14 ) ) ;
#288 = AXIS2_PLACEMENT_3D ( 'NONE', #287, #814, #1454 ) ;
#289 = VERTEX_POINT ( 'NONE', #1599 ) ;
#290 = CIRCLE ( 'NONE', #1228, 2.500000000000000444 ) ;
#291 = CARTESIAN_POINT ( 'NONE',  ( 0.000000000000000000, 89.50000000000001421, 7.749999999999977796 ) ) ;
#292 = AXIS2_PLACEMENT_3D ( 'NONE', #576, #420, #412 ) ;
#293 = PLANE ( 'NONE',  #103 ) ;
#294 = AXIS2_PLACEMENT_3D ( 'NONE', #728, #335, #201 ) ;
#295 = DIRECTION ( 'NONE',  ( 1.000000000000000000, 0.000000000000000000, 0.000000000000000000 ) ) ;
#296 = ADVANCED_FACE ( 'NONE', ( #199 ), #1225, .F. ) ;
#297 = AXIS2_PLACEMENT_3D ( 'NONE', #840, #1453, #169 ) ;
#298 = DIRECTION ( 'NONE',  ( 1.000000000000000000, 0.000000000000000000, 0.000000000000000000 ) ) ;
#299 = DIRECTION ( 'NONE',  ( -0.000000000000000000, 2.891205793294677833E-16, 1.000000000000000000 ) ) ;
#300 = B_SPLINE_CURVE_WITH_KNOTS ( 'NONE', 3,
 ( #1195, #52, #1461, #1168 ),
 .UNSPECIFIED., .F., .F.,
 ( 4, 4 ),
 ( 0.000000000000000000, 1.000000000000000000 ),
 .UNSPECIFIED. ) ;
#301 = ORIENTED_EDGE ( 'NONE', *, *, #236, .T. ) ;
#302 = CIRCLE ( 'NONE', #651, 17.74999999999999645 ) ;
#303 = DIRECTION ( 'NONE',  ( 0.000000000000000000, 0.000000000000000000, 1.000000000000000000 ) ) ;
#304 = ORIENTED_EDGE ( 'NONE', *, *, #667, .F. ) ;
#305 = DIRECTION ( 'NONE',  ( 1.000000000000000000, 0.000000000000000000, 0.000000000000000000 ) ) ;
#306 = CARTESIAN_POINT ( 'NONE',  ( 3.000000000000000888, 40.74999999999999289, 18.65000000000000568 ) ) ;
#307 = LINE ( 'NONE', #1570, #937 ) ;
#308 = CARTESIAN_POINT ( 'NONE',  ( 3.316624790355399810, 71.86774900561358947, 7.747991692939152131 ) ) ;
#309 = EDGE_CURVE ( 'NONE', #1292, #1202, #1481, .T. ) ;
#310 = ORIENTED_EDGE ( 'NONE', *, *, #410, .F. ) ;
#311 = LINE ( 'NONE', #1431, #1625 ) ;
#312 = ORIENTED_EDGE ( 'NONE', *, *, #1613, .T. ) ;
#313 = LINE ( 'NONE', #931, #619 ) ;
#314 = CARTESIAN_POINT ( 'NONE',  ( 22.00000000000000000, 2.296212748401287972E-15, -18.75000000000000711 ) ) ;
#315 = DIRECTION ( 'NONE',  ( 0.000000000000000000, 7.818472004402512265E-16, 1.000000000000000000 ) ) ;
#316 = FACE_BOUND ( 'NONE', #59, .T. ) ;
#317 = ORIENTED_EDGE ( 'NONE', *, *, #524, .F. ) ;
#318 = ADVANCED_FACE ( 'NONE', ( #316, #830, #1329 ), #189, .F. ) ;
#319 = PLANE ( 'NONE',  #1384 ) ;
#320 = AXIS2_PLACEMENT_3D ( 'NONE', #1190, #151, #143 ) ;
#321 = ORIENTED_EDGE ( 'NONE', *, *, #1268, .F. ) ;
#322 = DIRECTION ( 'NONE',  ( -1.000000000000000000, -0.000000000000000000, -0.000000000000000000 ) ) ;
#323 = EDGE_CURVE ( 'NONE', #228, #365, #1464, .T. ) ;
#324 = LINE ( 'NONE', #571, #411 ) ;
#325 = AXIS2_PLACEMENT_3D ( 'NONE', #985, #1360, #1211 ) ;
#326 = FACE_OUTER_BOUND ( 'NONE', #977, .T. ) ;
#327 = FACE_OUTER_BOUND ( 'NONE', #873, .T. ) ;
#328 = VERTEX_POINT ( 'NONE', #1204 ) ;
#329 = DIRECTION ( 'NONE',  ( 0.000000000000000000, 1.000000000000000000, -2.220446049250313081E-16 ) ) ;
#330 = ADVANCED_FACE ( 'NONE', ( #923 ), #293, .F. ) ;
#331 = DIRECTION ( 'NONE',  ( 0.000000000000000000, -0.000000000000000000, 1.000000000000000000 ) ) ;
#332 = DIRECTION ( 'NONE',  ( -1.000000000000000000, -0.000000000000000000, -0.000000000000000000 ) ) ;
#333 = LINE ( 'NONE', #452, #1170 ) ;
#334 = ORIENTED_EDGE ( 'NONE', *, *, #1632, .T. ) ;
#335 = DIRECTION ( 'NONE',  ( 0.000000000000000000, -1.000000000000000000, 0.000000000000000000 ) ) ;
#336 = ORIENTED_EDGE ( 'NONE', *, *, #399, .T. ) ;
#337 = PLANE ( 'NONE',  #1042 ) ;
#338 = DIRECTION ( 'NONE',  ( 0.000000000000000000, 0.000000000000000000, 1.000000000000000000 ) ) ;
#339 = ADVANCED_FACE ( 'NONE', ( #1324 ), #441, .T. ) ;
#340 = DIRECTION ( 'NONE',  ( 0.000000000000000000, -1.000000000000000000, 2.220446049250313081E-16 ) ) ;
#341 = DIRECTION ( 'NONE',  ( 0.000000000000000000, 0.000000000000000000, -1.000000000000000000 ) ) ;
#342 = EDGE_CURVE ( 'NONE', #1647, #457, #1381, .T. ) ;
#343 = ORIENTED_EDGE ( 'NONE', *, *, #635, .T. ) ;
#344 = CARTESIAN_POINT ( 'NONE',  ( 5.642372883946976535E-31, 70.75000000000001421, -2.455674552592767176E-14 ) ) ;
#345 = ORIENTED_EDGE ( 'NONE', *, *, #160, .F. ) ;
#346 = DIRECTION ( 'NONE',  ( 1.000000000000000000, -0.000000000000000000, -0.000000000000000000 ) ) ;
#347 = CARTESIAN_POINT ( 'NONE',  ( 4.336808689942017736E-15, 12.20121023694247420, 14.23702808713708556 ) ) ;
#348 = EDGE_CURVE ( 'NONE', #1048, #155, #176, .T. ) ;
#349 = CARTESIAN_POINT ( 'NONE',  ( 20.00000000000000000, 89.50000000000001421, -17.75000000000001421 ) ) ;
#350 = EDGE_CURVE ( 'NONE', #1048, #1642, #42, .T. ) ;
#351 = CIRCLE ( 'NONE', #56, 2.500000000000000444 ) ;
#352 = VERTEX_POINT ( 'NONE', #1069 ) ;
#353 = CYLINDRICAL_SURFACE ( 'NONE', #1603, 1.599999999999997202 ) ;
#354 = EDGE_LOOP ( 'NONE', ( #1238, #1017, #555, #1029 ) ) ;
#355 = CIRCLE ( 'NONE', #514, 1.599999999999997202 ) ;
#356 = CARTESIAN_POINT ( 'NONE',  ( 22.00000000000000355, 20.75000000000000355, 14.23702808713708556 ) ) ;
#357 = AXIS2_PLACEMENT_3D ( 'NONE', #250, #639, #141 ) ;
#358 = CARTESIAN_POINT ( 'NONE',  ( 6.000000000000001776, 89.50000000000001421, -1.987299214079030523E-14 ) ) ;
#359 = ORIENTED_EDGE ( 'NONE', *, *, #1535, .T. ) ;
#360 = ORIENTED_EDGE ( 'NONE', *, *, #214, .F. ) ;
#361 = DIRECTION ( 'NONE',  ( 0.000000000000000000, 1.000000000000000000, 6.899460366793282029E-16 ) ) ;
#362 = APPLICATION_PROTOCOL_DEFINITION ( 'draft international standard', 'automotive_design', 1998, #1416 ) ;
#363 = FACE_OUTER_BOUND ( 'NONE', #884, .T. ) ;
#364 = VECTOR ( 'NONE', #13, 1000.000000000000000 ) ;
#365 = VERTEX_POINT ( 'NONE', #959 ) ;
#366 = EDGE_CURVE ( 'NONE', #1448, #862, #950, .T. ) ;
#367 = ORIENTED_EDGE ( 'NONE', *, *, #1477, .T. ) ;
#368 = CARTESIAN_POINT ( 'NONE',  ( 21.99999999999999645, 48.75000000000002132, 15.75000000000000355 ) ) ;
#369 = ORIENTED_EDGE ( 'NONE', *, *, #876, .F. ) ;
#370 = CARTESIAN_POINT ( 'NONE',  ( 2.999999999999999112, 40.74999999999999289, 17.35000000000000497 ) ) ;
#371 = CIRCLE ( 'NONE', #881, 6.000000000000003553 ) ;
#372 = VECTOR ( 'NONE', #346, 1000.000000000000000 ) ;
#373 = LINE ( 'NONE', #1037, #478 ) ;
#374 = AXIS2_PLACEMENT_3D ( 'NONE', #1270, #1530, #392 ) ;
#375 = ORIENTED_EDGE ( 'NONE', *, *, #92, .F. ) ;
#376 = AXIS2_PLACEMENT_3D ( 'NONE', #344, #227, #142 ) ;
#377 = CARTESIAN_POINT ( 'NONE',  ( 19.99999999999999645, 12.34908903522846302, 12.75000000000000000 ) ) ;
#378 = EDGE_LOOP ( 'NONE', ( #1142, #1520, #981, #360 ) ) ;
#379 = EDGE_CURVE ( 'NONE', #457, #1474, #1557, .T. ) ;
#380 = DIRECTION ( 'NONE',  ( -0.000000000000000000, -4.440892098500626162E-16, -1.000000000000000000 ) ) ;
#381 = AXIS2_PLACEMENT_3D ( 'NONE', #1274, #525, #3 ) ;
#382 = DIRECTION ( 'NONE',  ( 0.000000000000000000, -0.9999983858622341071, -0.001796739526549871518 ) ) ;
#383 = LINE ( 'NONE', #628, #661 ) ;
#384 = ORIENTED_EDGE ( 'NONE', *, *, #582, .F. ) ;
#385 = DIRECTION ( 'NONE',  ( 1.000000000000000000, 0.000000000000000000, 0.000000000000000000 ) ) ;
#386 = ORIENTED_EDGE ( 'NONE', *, *, #1162, .T. ) ;
#387 = PLANE ( 'NONE',  #381 ) ;
#388 = EDGE_CURVE ( 'NONE', #1086, #1647, #1566, .T. ) ;
#389 = FACE_OUTER_BOUND ( 'NONE', #1575, .T. ) ;
#390 = ORIENTED_EDGE ( 'NONE', *, *, #1449, .T. ) ;
#391 = ORIENTED_EDGE ( 'NONE', *, *, #434, .T. ) ;
#392 = DIRECTION ( 'NONE',  ( 0.000000000000000000, 0.000000000000000000, 1.000000000000000000 ) ) ;
#393 = ORIENTED_EDGE ( 'NONE', *, *, #1203, .T. ) ;
#394 = DIRECTION ( 'NONE',  ( 1.000000000000000000, 0.000000000000000000, 0.000000000000000000 ) ) ;
#395 = EDGE_CURVE ( 'NONE', #1617, #262, #313, .T. ) ;
#396 = LINE ( 'NONE', #1420, #731 ) ;
#397 = CARTESIAN_POINT ( 'NONE',  ( 4.336808689942017736E-15, 17.49285568453590400, 6.750000000000001776 ) ) ;
#398 = VECTOR ( 'NONE', #578, 1000.000000000000000 ) ;
#399 = EDGE_CURVE ( 'NONE', #1023, #1241, #1087, .T. ) ;
#400 = VECTOR ( 'NONE', #483, 1000.000000000000000 ) ;
#401 = ORIENTED_EDGE ( 'NONE', *, *, #1415, .T. ) ;
#402 = CARTESIAN_POINT ( 'NONE',  ( 0.000000000000000000, 40.74999999999999289, 15.75000000000000711 ) ) ;
#403 = ORIENTED_EDGE ( 'NONE', *, *, #1631, .T. ) ;
#404 = CIRCLE ( 'NONE', #1333, 6.000000000000003553 ) ;
#405 = CARTESIAN_POINT ( 'NONE',  ( 19.99999999999999645, 15.96871942267130606, 7.749999999999998224 ) ) ;
#406 = DIRECTION ( 'NONE',  ( 0.000000000000000000, 0.000000000000000000, -1.000000000000000000 ) ) ;
#407 = CARTESIAN_POINT ( 'NONE',  ( 19.99999999999999645, 18.75000000000000711, 12.75000000000000000 ) ) ;
#408 = VECTOR ( 'NONE', #17, 1000.000000000000000 ) ;
#409 = ORIENTED_EDGE ( 'NONE', *, *, #1298, .F. ) ;
#410 = EDGE_CURVE ( 'NONE', #1474, #862, #371, .T. ) ;
#411 = VECTOR ( 'NONE', #1180, 1000.000000000000000 ) ;
#412 = DIRECTION ( 'NONE',  ( 0.000000000000000000, -7.401486830834374307E-16, -1.000000000000000000 ) ) ;
#413 = ORIENTED_EDGE ( 'NONE', *, *, #627, .F. ) ;
#414 = CYLINDRICAL_SURFACE ( 'NONE', #907, 2.899999999999999911 ) ;
#415 = FACE_OUTER_BOUND ( 'NONE', #1345, .T. ) ;
#416 = DIRECTION ( 'NONE',  ( 0.000000000000000000, -1.000000000000000000, 2.220446049250313081E-16 ) ) ;
#417 = CARTESIAN_POINT ( 'NONE',  ( 0.000000000000000000, 18.75000000000000355, 10.24999999999999822 ) ) ;
#418 = ORIENTED_EDGE ( 'NONE', *, *, #1468, .F. ) ;
#419 = EDGE_CURVE ( 'NONE', #609, #1241, #300, .T. ) ;
#420 = DIRECTION ( 'NONE',  ( -1.000000000000000000, -0.000000000000000000, -0.000000000000000000 ) ) ;
#421 = ORIENTED_EDGE ( 'NONE', *, *, #342, .T. ) ;
#422 = FACE_OUTER_BOUND ( 'NONE', #240, .T. ) ;
#423 = DIRECTION ( 'NONE',  ( 0.000000000000000000, -4.440892098500626162E-16, -1.000000000000000000 ) ) ;
#424 = DIRECTION ( 'NONE',  ( -1.000000000000000000, 0.000000000000000000, -0.000000000000000000 ) ) ;
#425 = LINE ( 'NONE', #445, #1015 ) ;
#426 = ORIENTED_EDGE ( 'NONE', *, *, #512, .T. ) ;
#427 = FACE_OUTER_BOUND ( 'NONE', #703, .T. ) ;
#428 = ORIENTED_EDGE ( 'NONE', *, *, #465, .T. ) ;
#429 = AXIS2_PLACEMENT_3D ( 'NONE', #556, #174, #273 ) ;
#430 = UNCERTAINTY_MEASURE_WITH_UNIT (LENGTH_MEASURE( 1.000000000000000082E-05 ), #753, 'distance_accuracy_value', 'NONE');
#431 = CARTESIAN_POINT ( 'NONE',  ( 19.99999999999999645, 78.75000000000000000, 7.749999999999984013 ) ) ;
#432 = VECTOR ( 'NONE', #1141, 1000.000000000000000 ) ;
#433 = DIRECTION ( 'NONE',  ( 1.000000000000000000, -0.000000000000000000, 0.000000000000000000 ) ) ;
#434 = EDGE_CURVE ( 'NONE', #1624, #892, #565, .T. ) ;
#435 = AXIS2_PLACEMENT_3D ( 'NONE', #1317, #943, #589 ) ;
#436 = CARTESIAN_POINT ( 'NONE',  ( 22.00000000000000000, 89.50000000000001421, -1.987299214079030523E-14 ) ) ;
#437 = CARTESIAN_POINT ( 'NONE',  ( 0.000000000000000000, 40.74999999999999289, 15.75000000000000711 ) ) ;
#438 = ORIENTED_EDGE ( 'NONE', *, *, #701, .T. ) ;
#439 = CARTESIAN_POINT ( 'NONE',  ( 6.000000000000000888, 68.75000000000000000, 12.74999999999998934 ) ) ;
#440 = ORIENTED_EDGE ( 'NONE', *, *, #930, .F. ) ;
#441 = CYLINDRICAL_SURFACE ( 'NONE', #50, 18.75000000000000355 ) ;
#442 = PLANE ( 'NONE',  #137 ) ;
#443 = CARTESIAN_POINT ( 'NONE',  ( 19.99999999999999645, 72.42611599586871307, 7.748494686436234069 ) ) ;
#444 = EDGE_CURVE ( 'NONE', #97, #1457, #570, .T. ) ;
#445 = CARTESIAN_POINT ( 'NONE',  ( 20.00000000000000000, 77.15091096477155475, 12.74999999999998401 ) ) ;
#446 = VERTEX_POINT ( 'NONE', #1551 ) ;
#447 = DIRECTION ( 'NONE',  ( 0.000000000000000000, 1.000000000000000000, -2.220446049250313081E-16 ) ) ;
#448 = ORIENTED_EDGE ( 'NONE', *, *, #1415, .F. ) ;
#449 = CARTESIAN_POINT ( 'NONE',  ( 5.642372883946976535E-31, 18.74999999999999645, -1.301042606982604216E-14 ) ) ;
#450 = CIRCLE ( 'NONE', #320, 17.74999999999999645 ) ;
#451 = CARTESIAN_POINT ( 'NONE',  ( 22.00000000000000000, 72.00714431546410310, 6.749999999999989342 ) ) ;
#452 = CARTESIAN_POINT ( 'NONE',  ( 19.99999999999999645, 18.74999999999999645, -1.301042606982604216E-14 ) ) ;
#453 = VERTEX_POINT ( 'NONE', #1443 ) ;
#454 = ADVANCED_FACE ( 'NONE', ( #422 ), #414, .F. ) ;
#455 = DIRECTION ( 'NONE',  ( 0.000000000000000000, 4.440892098500626162E-16, 1.000000000000000000 ) ) ;
#456 = AXIS2_PLACEMENT_3D ( 'NONE', #1118, #733, #341 ) ;
#457 = VERTEX_POINT ( 'NONE', #551 ) ;
#458 = CARTESIAN_POINT ( 'NONE',  ( 6.000000000000001776, 77.29878976305754179, 14.23702808713707313 ) ) ;
#459 = CIRCLE ( 'NONE', #836, 2.899999999999999911 ) ;
#460 = CARTESIAN_POINT ( 'NONE',  ( 6.000000000000001776, 20.75000000000000355, 14.23702808713708556 ) ) ;
#461 = LINE ( 'NONE', #205, #537 ) ;
#462 = CIRCLE ( 'NONE', #1362, 2.899999999999999911 ) ;
#463 = ORIENTED_EDGE ( 'NONE', *, *, #419, .T. ) ;
#464 = CARTESIAN_POINT ( 'NONE',  ( 2.500000000000000000, 49.75000000000000711, 10.24999999999998757 ) ) ;
#465 = EDGE_CURVE ( 'NONE', #1448, #1292, #1433, .T. ) ;
#466 = EDGE_LOOP ( 'NONE', ( #1540, #428, #939, #563, #46 ) ) ;
#467 = AXIS2_PLACEMENT_3D ( 'NONE', #1501, #755, #500 ) ;
#468 = CARTESIAN_POINT ( 'NONE',  ( 22.00000000000000355, 20.75000000000000355, 14.23702808713708556 ) ) ;
#469 = SURFACE_STYLE_USAGE ( .BOTH. , #1615 ) ;
#470 = DIRECTION ( 'NONE',  ( 1.000000000000000000, 0.000000000000000000, 0.000000000000000000 ) ) ;
#471 = VERTEX_POINT ( 'NONE', #685 ) ;
#472 = FACE_OUTER_BOUND ( 'NONE', #750, .T. ) ;
#473 = VERTEX_POINT ( 'NONE', #1127 ) ;
#474 = EDGE_CURVE ( 'NONE', #503, #1394, #863, .T. ) ;
#475 = CARTESIAN_POINT ( 'NONE',  ( 1.138412281109779656E-15, 70.75000000000001421, 7.749999999999985789 ) ) ;
#476 = ORIENTED_EDGE ( 'NONE', *, *, #569, .F. ) ;
#477 = EDGE_CURVE ( 'NONE', #586, #501, #230, .T. ) ;
#478 = VECTOR ( 'NONE', #763, 1000.000000000000000 ) ;
#479 = DIRECTION ( 'NONE',  ( 0.000000000000000000, 0.000000000000000000, -1.000000000000000000 ) ) ;
#480 = VERTEX_POINT ( 'NONE', #1338 ) ;
#481 = CARTESIAN_POINT ( 'NONE',  ( 20.00000000000000000, 89.50000000000001421, -1.987299214079030523E-14 ) ) ;
#482 = ORIENTED_EDGE ( 'NONE', *, *, #1581, .T. ) ;
#483 = DIRECTION ( 'NONE',  ( 0.000000000000000000, -1.000000000000000000, 2.220446049250313081E-16 ) ) ;
#484 =( NAMED_UNIT ( * ) PLANE_ANGLE_UNIT ( ) SI_UNIT ( $, .RADIAN. ) );
#485 = VECTOR ( 'NONE', #1589, 1000.000000000000000 ) ;
#486 = FACE_BOUND ( 'NONE', #1370, .T. ) ;
#487 = EDGE_CURVE ( 'NONE', #1139, #1474, #1247, .T. ) ;
#488 = CIRCLE ( 'NONE', #374, 1.599999999999997202 ) ;
#489 = ORIENTED_EDGE ( 'NONE', *, *, #965, .F. ) ;
#490 = ORIENTED_EDGE ( 'NONE', *, *, #198, .F. ) ;
#491 = CARTESIAN_POINT ( 'NONE',  ( 0.000000000000000000, 70.75000000000001421, 10.24999999999998757 ) ) ;
#492 = CIRCLE ( 'NONE', #546, 17.74999999999999645 ) ;
#493 = CARTESIAN_POINT ( 'NONE',  ( 0.000000000000000000, 89.50000000000001421, -1.987299214079030523E-14 ) ) ;
#494 = ADVANCED_FACE ( 'NONE', ( #1223 ), #1233, .T. ) ;
#495 = CARTESIAN_POINT ( 'NONE',  ( 6.000000000000000888, -0.2500000000000036637, 18.75000000000000355 ) ) ;
#496 = ORIENTED_EDGE ( 'NONE', *, *, #252, .F. ) ;
#497 = PRODUCT_RELATED_PRODUCT_CATEGORY ( 'part', '', ( #1022 ) ) ;
#498 = CARTESIAN_POINT ( 'NONE',  ( 0.000000000000000000, -0.2500000000000023315, 18.74833325925267857 ) ) ;
#499 = ORIENTED_EDGE ( 'NONE', *, *, #902, .F. ) ;
#500 = DIRECTION ( 'NONE',  ( 0.000000000000000000, 7.401486830834375293E-16, 1.000000000000000000 ) ) ;
#501 = VERTEX_POINT ( 'NONE', #1213 ) ;
#502 = AXIS2_PLACEMENT_3D ( 'NONE', #437, #953, #697 ) ;
#503 = VERTEX_POINT ( 'NONE', #996 ) ;
#504 = FACE_OUTER_BOUND ( 'NONE', #233, .T. ) ;
#505 = ORIENTED_EDGE ( 'NONE', *, *, #274, .T. ) ;
#506 = CARTESIAN_POINT ( 'NONE',  ( 0.000000000000000000, 89.50000000000001421, -1.987299214079030523E-14 ) ) ;
#507 = CIRCLE ( 'NONE', #699, 6.000000000000001776 ) ;
#508 = DIRECTION ( 'NONE',  ( 0.000000000000000000, -0.001796739526549871518, 0.9999983858622341071 ) ) ;
#509 = ORIENTED_EDGE ( 'NONE', *, *, #101, .F. ) ;
#510 = AXIS2_PLACEMENT_3D ( 'NONE', #1412, #659, #406 ) ;
#511 = ORIENTED_EDGE ( 'NONE', *, *, #1565, .F. ) ;
#512 = EDGE_CURVE ( 'NONE', #328, #1457, #69, .T. ) ;
#513 = DIRECTION ( 'NONE',  ( -4.633944085122658377E-16, 0.000000000000000000, -1.000000000000000000 ) ) ;
#514 = AXIS2_PLACEMENT_3D ( 'NONE', #1125, #211, #864 ) ;
#515 = ORIENTED_EDGE ( 'NONE', *, *, #342, .F. ) ;
#516 = VECTOR ( 'NONE', #340, 1000.000000000000000 ) ;
#517 = CARTESIAN_POINT ( 'NONE',  ( 0.000000000000000000, 68.75000000000000000, 6.749999999999988454 ) ) ;
#518 = EDGE_CURVE ( 'NONE', #1312, #228, #1541, .T. ) ;
#519 = DIRECTION ( 'NONE',  ( 1.000000000000000000, 0.000000000000000000, 0.000000000000000000 ) ) ;
#520 = VERTEX_POINT ( 'NONE', #475 ) ;
#521 = ORIENTED_EDGE ( 'NONE', *, *, #139, .F. ) ;
#522 = CYLINDRICAL_SURFACE ( 'NONE', #1173, 2.500000000000000444 ) ;
#523 = ORIENTED_EDGE ( 'NONE', *, *, #627, .T. ) ;
#524 = EDGE_CURVE ( 'NONE', #289, #155, #715, .T. ) ;
#525 = DIRECTION ( 'NONE',  ( 0.000000000000000000, -1.134035246529390918E-15, -1.000000000000000000 ) ) ;
#526 = ADVANCED_FACE ( 'NONE', ( #1097 ), #337, .T. ) ;
#527 = FACE_OUTER_BOUND ( 'NONE', #1418, .T. ) ;
#528 = CARTESIAN_POINT ( 'NONE',  ( 0.000000000000000000, 48.75000000000002132, 17.35000000000000142 ) ) ;
#529 = ORIENTED_EDGE ( 'NONE', *, *, #717, .F. ) ;
#530 = DIRECTION ( 'NONE',  ( 0.000000000000000000, 0.000000000000000000, -1.000000000000000000 ) ) ;
#531 = ORIENTED_EDGE ( 'NONE', *, *, #1565, .T. ) ;
#532 = CARTESIAN_POINT ( 'NONE',  ( 20.00000000000000000, 0.000000000000000000, 0.000000000000000000 ) ) ;
#533 = AXIS2_PLACEMENT_3D ( 'NONE', #1083, #1165, #1044 ) ;
#534 = DIRECTION ( 'NONE',  ( 0.000000000000000000, -1.000000000000000000, 2.220446049250313081E-16 ) ) ;
#535 = EDGE_CURVE ( 'NONE', #473, #1025, #746, .T. ) ;
#536 = CARTESIAN_POINT ( 'NONE',  ( 3.314704594097634072, 72.42547399423442300, 7.747455082220747968 ) ) ;
#537 = VECTOR ( 'NONE', #590, 1000.000000000000000 ) ;
#538 = ORIENTED_EDGE ( 'NONE', *, *, #1287, .T. ) ;
#539 = PLANE ( 'NONE',  #1359 ) ;
#540 = ORIENTED_EDGE ( 'NONE', *, *, #1524, .T. ) ;
#541 = CARTESIAN_POINT ( 'NONE',  ( 3.000000000000000888, 48.75000000000002132, 15.75000000000000355 ) ) ;
#542 = LINE ( 'NONE', #1041, #1004 ) ;
#543 = CARTESIAN_POINT ( 'NONE',  ( 4.336808689942017736E-15, 17.07473707520512107, 7.746989984027073284 ) ) ;
#544 = FACE_BOUND ( 'NONE', #1191, .T. ) ;
#545 = EDGE_CURVE ( 'NONE', #742, #1406, #1620, .T. ) ;
#546 = AXIS2_PLACEMENT_3D ( 'NONE', #506, #1018, #36 ) ;
#547 = ORIENTED_EDGE ( 'NONE', *, *, #1124, .F. ) ;
#548 = VECTOR ( 'NONE', #1296, 1000.000000000000000 ) ;
#549 = LINE ( 'NONE', #1166, #568 ) ;
#550 = VERTEX_POINT ( 'NONE', #1353 ) ;
#551 = CARTESIAN_POINT ( 'NONE',  ( 0.000000000000000000, 72.00714431546410310, 6.749999999999989342 ) ) ;
#552 = CARTESIAN_POINT ( 'NONE',  ( 22.00000000000000000, 89.50000000000001421, -1.987299214079030523E-14 ) ) ;
#553 = DIRECTION ( 'NONE',  ( 1.000000000000000000, -2.567906592516314325E-31, -5.782411586589356653E-16 ) ) ;
#554 = FACE_OUTER_BOUND ( 'NONE', #1133, .T. ) ;
#555 = ORIENTED_EDGE ( 'NONE', *, *, #1435, .T. ) ;
#556 = CARTESIAN_POINT ( 'NONE',  ( 0.000000000000000000, 39.75000000000000711, 10.24999999999999289 ) ) ;
#557 = EDGE_CURVE ( 'NONE', #6, #68, #1485, .T. ) ;
#558 = ORIENTED_EDGE ( 'NONE', *, *, #323, .T. ) ;
#559 = CARTESIAN_POINT ( 'NONE',  ( 0.000000000000000000, 68.75000000000000000, 12.74999999999998579 ) ) ;
#560 = DIRECTION ( 'NONE',  ( 0.000000000000000000, 0.000000000000000000, 1.000000000000000000 ) ) ;
#561 = CARTESIAN_POINT ( 'NONE',  ( 20.00000000000000000, 89.50000000000001421, -1.987299214079030523E-14 ) ) ;
#562 = CARTESIAN_POINT ( 'NONE',  ( 0.000000000000000000, 89.75000000000002842, 18.74999999999998579 ) ) ;
#563 = ORIENTED_EDGE ( 'NONE', *, *, #620, .T. ) ;
#564 = AXIS2_PLACEMENT_3D ( 'NONE', #1488, #470, #479 ) ;
#565 = CIRCLE ( 'NONE', #1490, 2.899999999999999911 ) ;
#566 = CARTESIAN_POINT ( 'NONE',  ( 19.99999999999999645, 70.75000000000001421, 7.749999999999984901 ) ) ;
#567 = EDGE_LOOP ( 'NONE', ( #1153, #206, #922, #594, #1503, #1200 ) ) ;
#568 = VECTOR ( 'NONE', #1574, 1000.000000000000000 ) ;
#569 = EDGE_CURVE ( 'NONE', #1292, #453, #1371, .T. ) ;
#570 = LINE ( 'NONE', #157, #1407 ) ;
#571 = CARTESIAN_POINT ( 'NONE',  ( 2.500000000000000000, -0.2500000000000048850, 7.295643942682144889 ) ) ;
#572 = FACE_OUTER_BOUND ( 'NONE', #1513, .T. ) ;
#573 = DIRECTION ( 'NONE',  ( 1.000000000000000000, 0.000000000000000000, 0.000000000000000000 ) ) ;
#574 = ORIENTED_EDGE ( 'NONE', *, *, #754, .F. ) ;
#575 = AXIS2_PLACEMENT_3D ( 'NONE', #1444, #62, #423 ) ;
#576 = CARTESIAN_POINT ( 'NONE',  ( 22.00000000000000000, 89.50000000000001421, -1.987299214079030523E-14 ) ) ;
#577 = ORIENTED_EDGE ( 'NONE', *, *, #395, .F. ) ;
#578 = DIRECTION ( 'NONE',  ( 0.000000000000000000, 1.000000000000000000, -2.220446049250313081E-16 ) ) ;
#579 = FACE_OUTER_BOUND ( 'NONE', #761, .T. ) ;
#580 = EDGE_CURVE ( 'NONE', #1642, #1003, #730, .T. ) ;
#581 = LINE ( 'NONE', #1062, #1149 ) ;
#582 = EDGE_CURVE ( 'NONE', #1303, #471, #739, .T. ) ;
#583 = DIRECTION ( 'NONE',  ( -0.000000000000000000, 1.000000000000000000, -0.000000000000000000 ) ) ;
#584 = EDGE_LOOP ( 'NONE', ( #1645, #14 ) ) ;
#585 = CARTESIAN_POINT ( 'NONE',  ( 6.000000000000001776, 68.75000000000000000, 14.23702808713707668 ) ) ;
#586 = VERTEX_POINT ( 'NONE', #458 ) ;
#587 = CARTESIAN_POINT ( 'NONE',  ( 4.336808689942017736E-15, 77.29878976305754179, 14.23702808713707313 ) ) ;
#588 = CARTESIAN_POINT ( 'NONE',  ( 6.000000000000000888, -0.2500000000000036637, 18.75000000000000355 ) ) ;
#589 = DIRECTION ( 'NONE',  ( -0.000000000000000000, 0.000000000000000000, 1.000000000000000000 ) ) ;
#590 = DIRECTION ( 'NONE',  ( -1.000000000000000000, 0.000000000000000000, 0.000000000000000000 ) ) ;
#591 = ORIENTED_EDGE ( 'NONE', *, *, #51, .F. ) ;
#592 = VECTOR ( 'NONE', #1554, 1000.000000000000000 ) ;
#593 = DIRECTION ( 'NONE',  ( -0.000000000000000000, 1.000000000000000000, -0.000000000000000000 ) ) ;
#594 = ORIENTED_EDGE ( 'NONE', *, *, #194, .T. ) ;
#595 = FACE_OUTER_BOUND ( 'NONE', #615, .T. ) ;
#596 = CARTESIAN_POINT ( 'NONE',  ( 20.00000000000000000, 89.50000000000001421, -1.987299214079030523E-14 ) ) ;
#597 = CARTESIAN_POINT ( 'NONE',  ( 0.000000000000000000, 89.50000000000002842, 17.74999999999997513 ) ) ;
#598 = AXIS2_PLACEMENT_3D ( 'NONE', #37, #424, #1197 ) ;
#599 = VECTOR ( 'NONE', #812, 1000.000000000000000 ) ;
#600 = ORIENTED_EDGE ( 'NONE', *, *, #1065, .T. ) ;
#601 = EDGE_CURVE ( 'NONE', #1509, #520, #290, .T. ) ;
#602 = VECTOR ( 'NONE', #238, 1000.000000000000000 ) ;
#603 = FACE_OUTER_BOUND ( 'NONE', #120, .T. ) ;
#604 = ORIENTED_EDGE ( 'NONE', *, *, #1034, .T. ) ;
#605 = AXIS2_PLACEMENT_3D ( 'NONE', #658, #1027, #776 ) ;
#606 = CARTESIAN_POINT ( 'NONE',  ( 0.000000000000000000, 20.75000000000000355, 12.74999999999999645 ) ) ;
#607 = DIRECTION ( 'NONE',  ( 0.000000000000000000, -7.818472004402512265E-16, -1.000000000000000000 ) ) ;
#608 = DIRECTION ( 'NONE',  ( 0.000000000000000000, -0.9999983858622341071, 0.001796739526550315607 ) ) ;
#609 = VERTEX_POINT ( 'NONE', #1628 ) ;
#610 = DIRECTION ( 'NONE',  ( 0.000000000000000000, 0.000000000000000000, 1.000000000000000000 ) ) ;
#611 = ORIENTED_EDGE ( 'NONE', *, *, #366, .F. ) ;
#612 = ADVANCED_FACE ( 'NONE', ( #595 ), #969, .T. ) ;
#613 = DIRECTION ( 'NONE',  ( 0.000000000000000000, 0.000000000000000000, -1.000000000000000000 ) ) ;
#614 = DIRECTION ( 'NONE',  ( 0.000000000000000000, 0.000000000000000000, -1.000000000000000000 ) ) ;
#615 = EDGE_LOOP ( 'NONE', ( #1281, #955, #738, #808 ) ) ;
#616 = ORIENTED_EDGE ( 'NONE', *, *, #474, .T. ) ;
#617 = DIRECTION ( 'NONE',  ( -1.000000000000000000, -0.000000000000000000, -0.000000000000000000 ) ) ;
#618 = CARTESIAN_POINT ( 'NONE',  ( 0.000000000000000000, 89.50000000000001421, -18.75000000000002487 ) ) ;
#619 = VECTOR ( 'NONE', #1187, 1000.000000000000000 ) ;
#620 = EDGE_CURVE ( 'NONE', #453, #183, #1607, .T. ) ;
#621 = DIRECTION ( 'NONE',  ( 0.000000000000000000, -7.401486830834375293E-16, -1.000000000000000000 ) ) ;
#622 = AXIS2_PLACEMENT_3D ( 'NONE', #402, #1424, #280 ) ;
#623 = ORIENTED_EDGE ( 'NONE', *, *, #954, .F. ) ;
#624 = CIRCLE ( 'NONE', #1305, 17.74999999999999645 ) ;
#625 = DIRECTION ( 'NONE',  ( 1.000000000000000000, 0.000000000000000000, 0.000000000000000000 ) ) ;
#626 = CIRCLE ( 'NONE', #978, 18.75000000000000711 ) ;
#627 = EDGE_CURVE ( 'NONE', #1365, #1218, #1512, .T. ) ;
#628 = CARTESIAN_POINT ( 'NONE',  ( 6.000000000000000888, -0.2500000000000036637, 12.75000000000000355 ) ) ;
#629 = EDGE_LOOP ( 'NONE', ( #31, #1469, #1601, #870, #798 ) ) ;
#630 = CARTESIAN_POINT ( 'NONE',  ( 3.316624790355395813, 18.75000000000000711, 7.749999999999996447 ) ) ;
#631 = VERTEX_POINT ( 'NONE', #1505 ) ;
#632 = FACE_OUTER_BOUND ( 'NONE', #1050, .T. ) ;
#633 = LINE ( 'NONE', #1492, #806 ) ;
#634 = ORIENTED_EDGE ( 'NONE', *, *, #388, .F. ) ;
#635 = EDGE_CURVE ( 'NONE', #279, #1506, #131, .T. ) ;
#636 = ORIENTED_EDGE ( 'NONE', *, *, #1321, .T. ) ;
#637 = DIRECTION ( 'NONE',  ( 0.000000000000000000, 0.000000000000000000, 1.000000000000000000 ) ) ;
#638 = ORIENTED_EDGE ( 'NONE', *, *, #1193, .F. ) ;
#639 = DIRECTION ( 'NONE',  ( -1.000000000000000000, -0.000000000000000000, -0.000000000000000000 ) ) ;
#640 = VECTOR ( 'NONE', #719, 1000.000000000000000 ) ;
#641 = VECTOR ( 'NONE', #723, 1000.000000000000000 ) ;
#642 = DIRECTION ( 'NONE',  ( 0.000000000000000000, 0.000000000000000000, -1.000000000000000000 ) ) ;
#643 = FACE_OUTER_BOUND ( 'NONE', #671, .T. ) ;
#644 = CIRCLE ( 'NONE', #292, 18.75000000000000711 ) ;
#645 = AXIS2_PLACEMENT_3D ( 'NONE', #561, #972, #1463 ) ;
#646 = EDGE_CURVE ( 'NONE', #766, #1563, #1491, .T. ) ;
#647 = ORIENTED_EDGE ( 'NONE', *, *, #822, .F. ) ;
#648 = DIRECTION ( 'NONE',  ( 0.000000000000000000, 0.000000000000000000, -1.000000000000000000 ) ) ;
#649 = ADVANCED_FACE ( 'NONE', ( #248 ), #108, .F. ) ;
#650 = ORIENTED_EDGE ( 'NONE', *, *, #1646, .F. ) ;
#651 = AXIS2_PLACEMENT_3D ( 'NONE', #493, #1224, #607 ) ;
#652 = DIRECTION ( 'NONE',  ( 0.000000000000000000, -4.440892098500626162E-16, -1.000000000000000000 ) ) ;
#653 = CARTESIAN_POINT ( 'NONE',  ( 19.99999999999999645, 10.75000000000001954, 12.75000000000000000 ) ) ;
#654 = ORIENTED_EDGE ( 'NONE', *, *, #954, .T. ) ;
#655 = DIRECTION ( 'NONE',  ( 0.000000000000000000, 0.000000000000000000, 1.000000000000000000 ) ) ;
#656 = ORIENTED_EDGE ( 'NONE', *, *, #1114, .F. ) ;
#657 = ADVANCED_FACE ( 'NONE', ( #1279 ), #1024, .F. ) ;
#658 = CARTESIAN_POINT ( 'NONE',  ( 0.000000000000000000, 49.75000000000001421, 12.74999999999999467 ) ) ;
#659 = DIRECTION ( 'NONE',  ( 1.000000000000000000, 0.000000000000000000, 0.000000000000000000 ) ) ;
#660 = CARTESIAN_POINT ( 'NONE',  ( 22.00000000000000000, 89.50000000000002842, 18.74999999999998579 ) ) ;
#661 = VECTOR ( 'NONE', #771, 1000.000000000000000 ) ;
#662 = VERTEX_POINT ( 'NONE', #377 ) ;
#663 = DIRECTION ( 'NONE',  ( 0.000000000000000000, 7.818472004402512265E-16, 1.000000000000000000 ) ) ;
#664 = ORIENTED_EDGE ( 'NONE', *, *, #229, .T. ) ;
#665 = CARTESIAN_POINT ( 'NONE',  ( 0.000000000000000000, 89.75000000000002842, 6.749999999999983125 ) ) ;
#666 = FACE_OUTER_BOUND ( 'NONE', #257, .T. ) ;
#667 = EDGE_CURVE ( 'NONE', #446, #759, #1306, .T. ) ;
#668 = AXIS2_PLACEMENT_3D ( 'NONE', #61, #799, #25 ) ;
#669 = CARTESIAN_POINT ( 'NONE',  ( 22.00000000000000000, 68.75000000000000000, 6.749999999999982236 ) ) ;
#670 = CARTESIAN_POINT ( 'NONE',  ( 0.000000000000000000, 73.53128057732870104, 7.749999999999984901 ) ) ;
#671 = EDGE_LOOP ( 'NONE', ( #241, #826, #413, #114 ) ) ;
#672 = DIRECTION ( 'NONE',  ( -1.000000000000000000, -0.000000000000000000, -0.000000000000000000 ) ) ;
#673 = ORIENTED_EDGE ( 'NONE', *, *, #1581, .F. ) ;
#674 = VECTOR ( 'NONE', #1400, 1000.000000000000000 ) ;
#675 = CIRCLE ( 'NONE', #1606, 18.75000000000000711 ) ;
#676 = DIRECTION ( 'NONE',  ( -1.000000000000000000, 0.000000000000000000, -0.000000000000000000 ) ) ;
#677 = DIRECTION ( 'NONE',  ( 1.000000000000000000, 0.000000000000000000, 0.000000000000000000 ) ) ;
#678 = DIRECTION ( 'NONE',  ( 0.000000000000000000, 0.000000000000000000, -1.000000000000000000 ) ) ;
#679 = CARTESIAN_POINT ( 'NONE',  ( 0.000000000000000000, 89.75000000000002842, 12.74999999999998579 ) ) ;
#680 = EDGE_CURVE ( 'NONE', #1617, #1430, #130, .T. ) ;
#681 = ORIENTED_EDGE ( 'NONE', *, *, #789, .F. ) ;
#682 = AXIS2_PLACEMENT_3D ( 'NONE', #552, #1316, #285 ) ;
#683 = B_SPLINE_CURVE_WITH_KNOTS ( 'NONE', 3,
 ( #850, #974, #859, #65 ),
 .UNSPECIFIED., .F., .F.,
 ( 4, 4 ),
 ( 0.1506524394233611230, 0.9090909090909085055 ),
 .UNSPECIFIED. ) ;
#684 = CARTESIAN_POINT ( 'NONE',  ( 3.000000000000000888, 40.74999999999999289, 15.75000000000000711 ) ) ;
#685 = CARTESIAN_POINT ( 'NONE',  ( 0.000000000000000000, 40.74999999999999289, 17.35000000000000497 ) ) ;
#686 = CARTESIAN_POINT ( 'NONE',  ( 4.336808689942017736E-15, 77.29878976305754179, 14.23702808713707313 ) ) ;
#687 = DIRECTION ( 'NONE',  ( -0.000000000000000000, 1.000000000000000000, -2.220446049250313081E-16 ) ) ;
#688 = CARTESIAN_POINT ( 'NONE',  ( 20.00000000000000000, 0.000000000000000000, 0.000000000000000000 ) ) ;
#689 = EDGE_LOOP ( 'NONE', ( #369, #1210 ) ) ;
#690 = ADVANCED_FACE ( 'NONE', ( #1010 ), #522, .F. ) ;
#691 = AXIS2_PLACEMENT_3D ( 'NONE', #1267, #1157, #1502 ) ;
#692 = DIRECTION ( 'NONE',  ( 0.000000000000000000, 1.000000000000000000, -2.220446049250313081E-16 ) ) ;
#693 = ORIENTED_EDGE ( 'NONE', *, *, #1402, .F. ) ;
#694 = DIRECTION ( 'NONE',  ( 0.000000000000000000, -1.000000000000000000, 4.440892098500626162E-16 ) ) ;
#695 = DIRECTION ( 'NONE',  ( 0.000000000000000000, 0.000000000000000000, 1.000000000000000000 ) ) ;
#696 = PLANE ( 'NONE',  #1302 ) ;
#697 = DIRECTION ( 'NONE',  ( 0.000000000000000000, 0.000000000000000000, 1.000000000000000000 ) ) ;
#698 = ORIENTED_EDGE ( 'NONE', *, *, #1399, .T. ) ;
#699 = AXIS2_PLACEMENT_3D ( 'NONE', #991, #583, #1616 ) ;
#700 = VECTOR ( 'NONE', #980, 1000.000000000000000 ) ;
#701 = EDGE_CURVE ( 'NONE', #289, #919, #765, .T. ) ;
#702 = CARTESIAN_POINT ( 'NONE',  ( 22.00000000000000000, 0.000000000000000000, 18.75000000000000711 ) ) ;
#703 = EDGE_LOOP ( 'NONE', ( #345, #796, #784, #1413 ) ) ;
#704 = ADVANCED_FACE ( 'NONE', ( #504 ), #122, .F. ) ;
#705 = DIRECTION ( 'NONE',  ( 0.000000000000000000, 0.000000000000000000, 1.000000000000000000 ) ) ;
#706 = CIRCLE ( 'NONE', #510, 2.899999999999999911 ) ;
#707 = LINE ( 'NONE', #177, #272 ) ;
#708 = CARTESIAN_POINT ( 'NONE',  ( 22.00000000000000355, 72.00714431546410310, 6.749999999999989342 ) ) ;
#709 = CARTESIAN_POINT ( 'NONE',  ( 0.000000000000000000, 0.000000000000000000, 0.000000000000000000 ) ) ;
#710 = ORIENTED_EDGE ( 'NONE', *, *, #1135, .F. ) ;
#711 = CIRCLE ( 'NONE', #682, 18.75000000000000711 ) ;
#712 = DIRECTION ( 'NONE',  ( -1.000000000000000000, -0.000000000000000000, -0.000000000000000000 ) ) ;
#713 = VERTEX_POINT ( 'NONE', #891 ) ;
#714 = AXIS2_PLACEMENT_3D ( 'NONE', #819, #433, #716 ) ;
#715 = LINE ( 'NONE', #1346, #1568 ) ;
#716 = DIRECTION ( 'NONE',  ( 0.000000000000000000, 0.000000000000000000, -1.000000000000000000 ) ) ;
#717 = EDGE_CURVE ( 'NONE', #352, #24, #1388, .T. ) ;
#718 = FACE_OUTER_BOUND ( 'NONE', #281, .T. ) ;
#719 = DIRECTION ( 'NONE',  ( -0.000000000000000000, -1.000000000000000000, 0.000000000000000000 ) ) ;
#720 = ORIENTED_EDGE ( 'NONE', *, *, #813, .T. ) ;
#721 = CARTESIAN_POINT ( 'NONE',  ( 0.000000000000000000, 48.75000000000002132, 14.15000000000000391 ) ) ;
#722 = ORIENTED_EDGE ( 'NONE', *, *, #979, .T. ) ;
#723 = DIRECTION ( 'NONE',  ( 0.000000000000000000, 1.000000000000000000, -2.220446049250313081E-16 ) ) ;
#724 = LINE ( 'NONE', #1354, #811 ) ;
#725 = EDGE_CURVE ( 'NONE', #1009, #76, #488, .T. ) ;
#726 = DIRECTION ( 'NONE',  ( 0.000000000000000000, 6.938893903907224433E-16, 1.000000000000000000 ) ) ;
#727 = VERTEX_POINT ( 'NONE', #237 ) ;
#728 = CARTESIAN_POINT ( 'NONE',  ( 2.500000000000000000, 39.75000000000000711, 10.24999999999998757 ) ) ;
#729 = ORIENTED_EDGE ( 'NONE', *, *, #1487, .T. ) ;
#730 = LINE ( 'NONE', #222, #1297 ) ;
#731 = VECTOR ( 'NONE', #1275, 1000.000000000000000 ) ;
#732 = FACE_OUTER_BOUND ( 'NONE', #1389, .T. ) ;
#733 = DIRECTION ( 'NONE',  ( 1.000000000000000000, 0.000000000000000000, 0.000000000000000000 ) ) ;
#734 = ORIENTED_EDGE ( 'NONE', *, *, #72, .T. ) ;
#735 = EDGE_CURVE ( 'NONE', #892, #1624, #459, .T. ) ;
#736 = CARTESIAN_POINT ( 'NONE',  ( 0.000000000000000000, -0.2500000000000071609, 6.750000000000003553 ) ) ;
#737 = PRESENTATION_LAYER_ASSIGNMENT (  '', '', ( #1181 ) ) ;
#738 = ORIENTED_EDGE ( 'NONE', *, *, #866, .T. ) ;
#739 = LINE ( 'NONE', #1243, #79 ) ;
#740 = AXIS2_PLACEMENT_3D ( 'NONE', #1462, #70, #560 ) ;
#741 = CYLINDRICAL_SURFACE ( 'NONE', #843, 18.75000000000000355 ) ;
#742 = VERTEX_POINT ( 'NONE', #498 ) ;
#743 = DIRECTION ( 'NONE',  ( -0.000000000000000000, -1.000000000000000000, -0.000000000000000000 ) ) ;
#744 = ADVANCED_FACE ( 'NONE', ( #1039, #877 ), #1377, .T. ) ;
#745 = EDGE_LOOP ( 'NONE', ( #1145, #992, #1439, #1555 ) ) ;
#746 = LINE ( 'NONE', #209, #153 ) ;
#747 = DIRECTION ( 'NONE',  ( -1.000000000000000000, -0.000000000000000000, -0.000000000000000000 ) ) ;
#748 = AXIS2_PLACEMENT_3D ( 'NONE', #417, #1054, #1198 ) ;
#749 = ORIENTED_EDGE ( 'NONE', *, *, #1203, .F. ) ;
#750 = EDGE_LOOP ( 'NONE', ( #764, #86, #1167, #681 ) ) ;
#751 = CIRCLE ( 'NONE', #288, 18.75000000000000355 ) ;
#752 = CARTESIAN_POINT ( 'NONE',  ( 3.000000000000000888, 48.75000000000002132, 15.75000000000000355 ) ) ;
#753 =( LENGTH_UNIT ( ) NAMED_UNIT ( * ) SI_UNIT ( .MILLI., .METRE. ) );
#754 = EDGE_CURVE ( 'NONE', #132, #1076, #1648, .T. ) ;
#755 = DIRECTION ( 'NONE',  ( -1.000000000000000000, 0.000000000000000000, -0.000000000000000000 ) ) ;
#756 = AXIS2_PLACEMENT_3D ( 'NONE', #1144, #760, #1258 ) ;
#757 = AXIS2_PLACEMENT_3D ( 'NONE', #925, #1428, #534 ) ;
#758 = EDGE_LOOP ( 'NONE', ( #531, #1387, #1441, #438, #1573, #126 ) ) ;
#759 = VERTEX_POINT ( 'NONE', #145 ) ;
#760 = DIRECTION ( 'NONE',  ( 1.000000000000000000, 0.000000000000000000, 0.000000000000000000 ) ) ;
#761 = EDGE_LOOP ( 'NONE', ( #1561, #476, #875, #1591 ) ) ;
#762 = CYLINDRICAL_SURFACE ( 'NONE', #166, 18.75000000000000355 ) ;
#763 = DIRECTION ( 'NONE',  ( 1.000000000000000000, 0.000000000000000000, 0.000000000000000000 ) ) ;
#764 = ORIENTED_EDGE ( 'NONE', *, *, #1160, .F. ) ;
#765 = LINE ( 'NONE', #1641, #968 ) ;
#766 = VERTEX_POINT ( 'NONE', #702 ) ;
#767 = DIRECTION ( 'NONE',  ( 0.000000000000000000, 0.000000000000000000, -1.000000000000000000 ) ) ;
#768 = PRODUCT_DEFINITION_SHAPE ( 'NONE', 'NONE',  #1549 ) ;
#769 = ADVANCED_FACE ( 'NONE', ( #1201 ), #165, .F. ) ;
#770 = CARTESIAN_POINT ( 'NONE',  ( 22.00000000000000000, 89.50000000000001421, -18.75000000000002842 ) ) ;
#771 = DIRECTION ( 'NONE',  ( -0.000000000000000000, -0.000000000000000000, -1.000000000000000000 ) ) ;
#772 = EDGE_CURVE ( 'NONE', #200, #520, #33, .T. ) ;
#773 = ORIENTED_EDGE ( 'NONE', *, *, #477, .F. ) ;
#774 = DIRECTION ( 'NONE',  ( -0.000000000000000000, -0.000000000000000000, 1.000000000000000000 ) ) ;
#775 = ORIENTED_EDGE ( 'NONE', *, *, #1449, .F. ) ;
#776 = DIRECTION ( 'NONE',  ( 0.000000000000000000, 0.000000000000000000, 1.000000000000000000 ) ) ;
#777 = CARTESIAN_POINT ( 'NONE',  ( 0.000000000000000000, 8.749999999999994671, 7.750000000000000000 ) ) ;
#778 = PLANE ( 'NONE',  #1219 ) ;
#779 = AXIS2_PLACEMENT_3D ( 'NONE', #242, #1152, #1521 ) ;
#780 = ORIENTED_EDGE ( 'NONE', *, *, #465, .F. ) ;
#781 = ADVANCED_FACE ( 'NONE', ( #807 ), #23, .F. ) ;
#782 = VECTOR ( 'NONE', #687, 1000.000000000000000 ) ;
#783 = DIRECTION ( 'NONE',  ( -1.000000000000000000, -0.000000000000000000, -0.000000000000000000 ) ) ;
#784 = ORIENTED_EDGE ( 'NONE', *, *, #30, .F. ) ;
#785 = CARTESIAN_POINT ( 'NONE',  ( 6.000000000000000888, 20.75000000000000355, 12.75000000000000000 ) ) ;
#786 = CARTESIAN_POINT ( 'NONE',  ( 20.00000000000000000, 89.50000000000001421, -1.987299214079030523E-14 ) ) ;
#787 = DIRECTION ( 'NONE',  ( 0.000000000000000000, 0.000000000000000000, -1.000000000000000000 ) ) ;
#788 = ORIENTED_EDGE ( 'NONE', *, *, #309, .F. ) ;
#789 = EDGE_CURVE ( 'NONE', #480, #24, #1299, .T. ) ;
#790 = DIRECTION ( 'NONE',  ( 1.000000000000000000, 0.000000000000000000, 0.000000000000000000 ) ) ;
#791 = ORIENTED_EDGE ( 'NONE', *, *, #518, .T. ) ;
#792 = DIRECTION ( 'NONE',  ( -1.000000000000000000, -0.000000000000000000, -0.000000000000000000 ) ) ;
#793 = ADVANCED_FACE ( 'NONE', ( #427 ), #1085, .F. ) ;
#794 = LINE ( 'NONE', #1290, #1174 ) ;
#795 = DIRECTION ( 'NONE',  ( 1.000000000000000000, -0.000000000000000000, 0.000000000000000000 ) ) ;
#796 = ORIENTED_EDGE ( 'NONE', *, *, #545, .T. ) ;
#797 = LINE ( 'NONE', #1285, #1229 ) ;
#798 = ORIENTED_EDGE ( 'NONE', *, *, #1487, .F. ) ;
#799 = DIRECTION ( 'NONE',  ( -1.000000000000000000, -0.000000000000000000, -0.000000000000000000 ) ) ;
#800 = PLANE ( 'NONE',  #575 ) ;
#801 = AXIS2_PLACEMENT_3D ( 'NONE', #679, #821, #81 ) ;
#802 = CARTESIAN_POINT ( 'NONE',  ( 22.00000000000000000, 89.50000000000001421, -1.987299214079030523E-14 ) ) ;
#803 = PLANE ( 'NONE',  #801 ) ;
#804 = AXIS2_PLACEMENT_3D ( 'NONE', #1322, #1293, #938 ) ;
#805 = VERTEX_POINT ( 'NONE', #566 ) ;
#806 = VECTOR ( 'NONE', #1344, 1000.000000000000000 ) ;
#807 = FACE_OUTER_BOUND ( 'NONE', #1550, .T. ) ;
#808 = ORIENTED_EDGE ( 'NONE', *, *, #243, .F. ) ;
#809 = CARTESIAN_POINT ( 'NONE',  ( 6.000000000000000888, 20.75000000000000355, 12.75000000000000355 ) ) ;
#810 = DIRECTION ( 'NONE',  ( -3.009265538105054926E-32, -1.000000000000000000, 6.938893903907224433E-16 ) ) ;
#811 = VECTOR ( 'NONE', #80, 1000.000000000000000 ) ;
#812 = DIRECTION ( 'NONE',  ( 0.000000000000000000, -1.000000000000000000, 1.134035246529390918E-15 ) ) ;
#813 = EDGE_CURVE ( 'NONE', #1294, #352, #797, .T. ) ;
#814 = DIRECTION ( 'NONE',  ( -1.000000000000000000, -0.000000000000000000, -0.000000000000000000 ) ) ;
#815 = ORIENTED_EDGE ( 'NONE', *, *, #348, .F. ) ;
#816 = DIRECTION ( 'NONE',  ( 8.673617379884036705E-17, 2.220446049250313081E-16, 1.000000000000000000 ) ) ;
#817 = ORIENTED_EDGE ( 'NONE', *, *, #1261, .F. ) ;
#818 = DIRECTION ( 'NONE',  ( 0.000000000000000000, 1.000000000000000000, -2.220446049250313081E-16 ) ) ;
#819 = CARTESIAN_POINT ( 'NONE',  ( 6.000000000000000888, -0.2500000000000036637, 12.75000000000000355 ) ) ;
#820 = DIRECTION ( 'NONE',  ( 0.000000000000000000, -7.401486830834374307E-16, -1.000000000000000000 ) ) ;
#821 = DIRECTION ( 'NONE',  ( 0.000000000000000000, -1.000000000000000000, 2.220446049250313081E-16 ) ) ;
#822 = EDGE_CURVE ( 'NONE', #1509, #727, #549, .T. ) ;
#823 = ORIENTED_EDGE ( 'NONE', *, *, #198, .T. ) ;
#824 = ADVANCED_FACE ( 'NONE', ( #1440 ), #1450, .F. ) ;
#825 = DIRECTION ( 'NONE',  ( 1.000000000000000000, 0.000000000000000000, 0.000000000000000000 ) ) ;
#826 = ORIENTED_EDGE ( 'NONE', *, *, #1468, .T. ) ;
#827 = DIRECTION ( 'NONE',  ( -1.000000000000000000, 0.000000000000000000, -0.000000000000000000 ) ) ;
#828 = DIRECTION ( 'NONE',  ( -0.000000000000000000, 4.440892098500626162E-16, 1.000000000000000000 ) ) ;
#829 = CARTESIAN_POINT ( 'NONE',  ( 0.000000000000000000, 49.75000000000000711, 10.24999999999999112 ) ) ;
#830 = FACE_BOUND ( 'NONE', #689, .T. ) ;
#831 = ORIENTED_EDGE ( 'NONE', *, *, #283, .F. ) ;
#832 = AXIS2_PLACEMENT_3D ( 'NONE', #848, #1122, #1494 ) ;
#833 = DIRECTION ( 'NONE',  ( 0.000000000000000000, 1.000000000000000000, -2.220446049250313081E-16 ) ) ;
#834 = ADVANCED_FACE ( 'NONE', ( #928 ), #539, .F. ) ;
#835 = ORIENTED_EDGE ( 'NONE', *, *, #894, .F. ) ;
#836 = AXIS2_PLACEMENT_3D ( 'NONE', #1405, #263, #530 ) ;
#837 = DIRECTION ( 'NONE',  ( 0.000000000000000000, 0.000000000000000000, 1.000000000000000000 ) ) ;
#838 = CIRCLE ( 'NONE', #107, 17.74999999999999645 ) ;
#839 = PLANE ( 'NONE',  #1523 ) ;
#840 = CARTESIAN_POINT ( 'NONE',  ( 20.00000000000000000, 0.000000000000000000, 0.000000000000000000 ) ) ;
#841 = CARTESIAN_POINT ( 'NONE',  ( 6.000000000000000888, 40.74999999999999289, 18.65000000000000568 ) ) ;
#842 = ORIENTED_EDGE ( 'NONE', *, *, #1579, .T. ) ;
#843 = AXIS2_PLACEMENT_3D ( 'NONE', #596, #1366, #96 ) ;
#844 = AXIS2_PLACEMENT_3D ( 'NONE', #532, #1140, #26 ) ;
#845 = PLANE ( 'NONE',  #294 ) ;
#846 = ORIENTED_EDGE ( 'NONE', *, *, #1280, .T. ) ;
#847 = EDGE_CURVE ( 'NONE', #890, #473, #1049, .T. ) ;
#848 = CARTESIAN_POINT ( 'NONE',  ( 20.00000000000000000, 89.50000000000001421, -1.987299214079030523E-14 ) ) ;
#849 = FACE_OUTER_BOUND ( 'NONE', #116, .T. ) ;
#850 = CARTESIAN_POINT ( 'NONE',  ( 3.314704594097634072, 17.07452600576558766, 7.747455082220760403 ) ) ;
#851 = ORIENTED_EDGE ( 'NONE', *, *, #1193, .T. ) ;
#852 = LINE ( 'NONE', #861, #105 ) ;
#853 = ORIENTED_EDGE ( 'NONE', *, *, #1446, .T. ) ;
#854 = CARTESIAN_POINT ( 'NONE',  ( 19.99999999999999645, 17.07473707520512107, 7.746989984027073284 ) ) ;
#855 = PRODUCT_CONTEXT ( 'NONE', #1332, 'mechanical' ) ;
#856 = ORIENTED_EDGE ( 'NONE', *, *, #1046, .F. ) ;
#857 = DIRECTION ( 'NONE',  ( 1.000000000000000000, 0.000000000000000000, 0.000000000000000000 ) ) ;
#858 = EDGE_CURVE ( 'NONE', #279, #947, #920, .T. ) ;
#859 = CARTESIAN_POINT ( 'NONE',  ( 14.43811788910464777, 17.07473707520512107, 7.746989984027073284 ) ) ;
#860 = ORIENTED_EDGE ( 'NONE', *, *, #173, .T. ) ;
#861 = CARTESIAN_POINT ( 'NONE',  ( 20.00000000000000000, 0.000000000000000000, 18.75000000000000355 ) ) ;
#862 = VERTEX_POINT ( 'NONE', #439 ) ;
#863 = LINE ( 'NONE', #854, #885 ) ;
#864 = DIRECTION ( 'NONE',  ( 0.000000000000000000, 0.000000000000000000, 1.000000000000000000 ) ) ;
#865 = CARTESIAN_POINT ( 'NONE',  ( 6.000000000000000888, -0.2500000000000036637, 14.23702808713708556 ) ) ;
#866 = EDGE_CURVE ( 'NONE', #550, #805, #311, .T. ) ;
#867 = CIRCLE ( 'NONE', #162, 18.75000000000000711 ) ;
#868 = ORIENTED_EDGE ( 'NONE', *, *, #1423, .F. ) ;
#869 = PLANE ( 'NONE',  #376 ) ;
#870 = ORIENTED_EDGE ( 'NONE', *, *, #822, .T. ) ;
#871 = CARTESIAN_POINT ( 'NONE',  ( 4.336808689942017736E-15, 17.49285568453590400, 6.750000000000001776 ) ) ;
#872 = LINE ( 'NONE', #1486, #602 ) ;
#873 = EDGE_LOOP ( 'NONE', ( #144, #152, #538, #903, #906, #664 ) ) ;
#874 = EDGE_CURVE ( 'NONE', #501, #97, #644, .T. ) ;
#875 = ORIENTED_EDGE ( 'NONE', *, *, #309, .T. ) ;
#876 = EDGE_CURVE ( 'NONE', #471, #1612, #910, .T. ) ;
#877 = FACE_BOUND ( 'NONE', #1030, .T. ) ;
#878 = DIRECTION ( 'NONE',  ( 0.000000000000000000, 0.000000000000000000, -1.000000000000000000 ) ) ;
#879 = DIRECTION ( 'NONE',  ( -1.000000000000000000, -0.000000000000000000, -0.000000000000000000 ) ) ;
#880 = EDGE_LOOP ( 'NONE', ( #1529, #1245, #791, #386, #336, #57, #729 ) ) ;
#881 = AXIS2_PLACEMENT_3D ( 'NONE', #559, #694, #837 ) ;
#882 = EDGE_CURVE ( 'NONE', #1361, #121, #1542, .T. ) ;
#883 = DIRECTION ( 'NONE',  ( 0.000000000000000000, 0.000000000000000000, -1.000000000000000000 ) ) ;
#884 = EDGE_LOOP ( 'NONE', ( #74, #112 ) ) ;
#885 = VECTOR ( 'NONE', #1614, 1000.000000000000114 ) ;
#886 = FACE_OUTER_BOUND ( 'NONE', #758, .T. ) ;
#887 = AXIS2_PLACEMENT_3D ( 'NONE', #1304, #1417, #663 ) ;
#888 = AXIS2_PLACEMENT_3D ( 'NONE', #1043, #1028, #12 ) ;
#889 = ORIENTED_EDGE ( 'NONE', *, *, #1337, .T. ) ;
#890 = VERTEX_POINT ( 'NONE', #585 ) ;
#891 = CARTESIAN_POINT ( 'NONE',  ( 0.000000000000000000, 2.296212748401287578E-15, -18.75000000000000355 ) ) ;
#892 = VERTEX_POINT ( 'NONE', #1369 ) ;
#893 = AXIS2_PLACEMENT_3D ( 'NONE', #1134, #1052, #767 ) ;
#894 = EDGE_CURVE ( 'NONE', #766, #1003, #852, .T. ) ;
#895 = LINE ( 'NONE', #1390, #1081 ) ;
#896 = PLANE ( 'NONE',  #1627 ) ;
#897 = PLANE ( 'NONE',  #1531 ) ;
#898 = ORIENTED_EDGE ( 'NONE', *, *, #84, .F. ) ;
#899 = DIRECTION ( 'NONE',  ( 1.000000000000000000, 0.000000000000000000, 0.000000000000000000 ) ) ;
#900 = EDGE_LOOP ( 'NONE', ( #1194, #1284, #1585 ) ) ;
#901 = DIRECTION ( 'NONE',  ( 0.000000000000000000, 0.000000000000000000, -1.000000000000000000 ) ) ;
#902 = EDGE_CURVE ( 'NONE', #1132, #68, #1045, .T. ) ;
#903 = ORIENTED_EDGE ( 'NONE', *, *, #1571, .T. ) ;
#904 = EDGE_LOOP ( 'NONE', ( #647, #1484, #490, #860 ) ) ;
#905 = CARTESIAN_POINT ( 'NONE',  ( 2.500000000000000000, 49.75000000000000711, 10.24999999999998757 ) ) ;
#906 = ORIENTED_EDGE ( 'NONE', *, *, #620, .F. ) ;
#907 = AXIS2_PLACEMENT_3D ( 'NONE', #284, #305, #34 ) ;
#908 = CARTESIAN_POINT ( 'NONE',  ( 2.999999999999999112, 48.75000000000002132, 14.15000000000000391 ) ) ;
#909 = ORIENTED_EDGE ( 'NONE', *, *, #725, .F. ) ;
#910 = CIRCLE ( 'NONE', #622, 1.599999999999997202 ) ;
#911 = EDGE_CURVE ( 'NONE', #1633, #1139, #1095, .T. ) ;
#912 = CIRCLE ( 'NONE', #1047, 18.75000000000000355 ) ;
#913 = VERTEX_POINT ( 'NONE', #67 ) ;
#914 = DIRECTION ( 'NONE',  ( 0.000000000000000000, 1.000000000000000000, -2.220446049250313081E-16 ) ) ;
#915 = ORIENTED_EDGE ( 'NONE', *, *, #1034, .F. ) ;
#916 =( NAMED_UNIT ( * ) PLANE_ANGLE_UNIT ( ) SI_UNIT ( $, .RADIAN. ) );
#917 = PLANE ( 'NONE',  #757 ) ;
#918 = DIRECTION ( 'NONE',  ( -1.000000000000000000, 0.000000000000000000, -0.000000000000000000 ) ) ;
#919 = VERTEX_POINT ( 'NONE', #1220 ) ;
#920 = LINE ( 'NONE', #1192, #1569 ) ;
#921 = ADVANCED_FACE ( 'NONE', ( #1604 ), #319, .F. ) ;
#922 = ORIENTED_EDGE ( 'NONE', *, *, #894, .T. ) ;
#923 = FACE_OUTER_BOUND ( 'NONE', #880, .T. ) ;
#924 = LINE ( 'NONE', #1308, #1112 ) ;
#925 = CARTESIAN_POINT ( 'NONE',  ( 0.000000000000000000, 78.75000000000000000, 7.749999999999983125 ) ) ;
#926 = LINE ( 'NONE', #45, #77 ) ;
#927 = ORIENTED_EDGE ( 'NONE', *, *, #214, .T. ) ;
#928 = FACE_OUTER_BOUND ( 'NONE', #904, .T. ) ;
#929 = EDGE_LOOP ( 'NONE', ( #1414, #1256, #343, #636, #1383, #1323 ) ) ;
#930 = EDGE_CURVE ( 'NONE', #913, #1294, #1105, .T. ) ;
#931 = CARTESIAN_POINT ( 'NONE',  ( 3.000000000000000888, 40.74999999999999289, 18.65000000000000568 ) ) ;
#932 = CARTESIAN_POINT ( 'NONE',  ( 4.336808689942017736E-15, 18.75000000000000711, 7.749999999999996447 ) ) ;
#933 = CARTESIAN_POINT ( 'NONE',  ( 6.000000000000000888, 89.75000000000002842, 18.74999999999998224 ) ) ;
#934 = EDGE_CURVE ( 'NONE', #480, #1365, #1240, .T. ) ;
#935 = CARTESIAN_POINT ( 'NONE',  ( 2.500000000000000000, 39.75000000000000711, 7.295643942682135119 ) ) ;
#936 = ORIENTED_EDGE ( 'NONE', *, *, #1121, .F. ) ;
#937 = VECTOR ( 'NONE', #961, 1000.000000000000000 ) ;
#938 = DIRECTION ( 'NONE',  ( 0.000000000000000000, 2.220446049250313081E-16, 1.000000000000000000 ) ) ;
#939 = ORIENTED_EDGE ( 'NONE', *, *, #569, .T. ) ;
#940 = DIRECTION ( 'NONE',  ( -1.000000000000000000, -0.000000000000000000, -0.000000000000000000 ) ) ;
#941 = DIRECTION ( 'NONE',  ( 1.000000000000000000, -0.000000000000000000, 0.000000000000000000 ) ) ;
#942 = ADVANCED_FACE ( 'NONE', ( #91 ), #1459, .T. ) ;
#943 = DIRECTION ( 'NONE',  ( -1.000000000000000000, 0.000000000000000000, -0.000000000000000000 ) ) ;
#944 = EDGE_CURVE ( 'NONE', #1294, #1448, #404, .T. ) ;
#945 = LINE ( 'NONE', #1172, #592 ) ;
#946 = CIRCLE ( 'NONE', #1342, 17.74999999999999645 ) ;
#947 = VERTEX_POINT ( 'NONE', #1113 ) ;
#948 = DIRECTION ( 'NONE',  ( 0.000000000000000000, -1.000000000000000000, 4.440892098500626162E-16 ) ) ;
#949 = ORIENTED_EDGE ( 'NONE', *, *, #99, .T. ) ;
#950 = LINE ( 'NONE', #1060, #260 ) ;
#951 = FACE_OUTER_BOUND ( 'NONE', #1382, .T. ) ;
#952 = CARTESIAN_POINT ( 'NONE',  ( 6.000000000000001776, 12.20121023694247420, 14.23702808713708556 ) ) ;
#953 = DIRECTION ( 'NONE',  ( -1.000000000000000000, 0.000000000000000000, 0.000000000000000000 ) ) ;
#954 = EDGE_CURVE ( 'NONE', #1003, #1457, #1230, .T. ) ;
#955 = ORIENTED_EDGE ( 'NONE', *, *, #118, .T. ) ;
#956 = DIRECTION ( 'NONE',  ( -1.000000000000000000, -0.000000000000000000, -0.000000000000000000 ) ) ;
#957 = AXIS2_PLACEMENT_3D ( 'NONE', #1063, #278, #1438 ) ;
#958 = ORIENTED_EDGE ( 'NONE', *, *, #399, .F. ) ;
#959 = CARTESIAN_POINT ( 'NONE',  ( 0.000000000000000000, 89.50000000000001421, -17.75000000000001421 ) ) ;
#960 = CARTESIAN_POINT ( 'NONE',  ( 6.000000000000000888, 68.75000000000000000, 12.74999999999999467 ) ) ;
#961 = DIRECTION ( 'NONE',  ( -0.000000000000000000, -0.000000000000000000, 1.000000000000000000 ) ) ;
#962 = DIRECTION ( 'NONE',  ( 0.000000000000000000, 0.000000000000000000, -1.000000000000000000 ) ) ;
#963 = CIRCLE ( 'NONE', #239, 18.75000000000000355 ) ;
#964 = ORIENTED_EDGE ( 'NONE', *, *, #1337, .F. ) ;
#965 = EDGE_CURVE ( 'NONE', #1376, #1312, #838, .T. ) ;
#966 = DIRECTION ( 'NONE',  ( 0.000000000000000000, 0.000000000000000000, 1.000000000000000000 ) ) ;
#967 = ORIENTED_EDGE ( 'NONE', *, *, #51, .T. ) ;
#968 = VECTOR ( 'NONE', #15, 1000.000000000000000 ) ;
#969 = PLANE ( 'NONE',  #1436 ) ;
#970 = CIRCLE ( 'NONE', #888, 1.599999999999998979 ) ;
#971 = APPLICATION_PROTOCOL_DEFINITION ( 'draft international standard', 'automotive_design', 1998, #1332 ) ;
#972 = DIRECTION ( 'NONE',  ( -1.000000000000000000, -0.000000000000000000, -0.000000000000000000 ) ) ;
#973 = AXIS2_PLACEMENT_3D ( 'NONE', #1559, #1099, #44 ) ;
#974 = CARTESIAN_POINT ( 'NONE',  ( 8.876235778209299099, 17.07473707520512107, 7.746989984027073284 ) ) ;
#975 = EDGE_LOOP ( 'NONE', ( #1056, #853, #409, #1272 ) ) ;
#976 = CYLINDRICAL_SURFACE ( 'NONE', #1019, 6.000000000000001776 ) ;
#977 = EDGE_LOOP ( 'NONE', ( #967, #98, #499, #1493 ) ) ;
#978 = AXIS2_PLACEMENT_3D ( 'NONE', #1595, #677, #1629 ) ;
#979 = EDGE_CURVE ( 'NONE', #473, #501, #633, .T. ) ;
#980 = DIRECTION ( 'NONE',  ( 1.000000000000000000, 0.000000000000000000, 0.000000000000000000 ) ) ;
#981 = ORIENTED_EDGE ( 'NONE', *, *, #283, .T. ) ;
#982 = SURFACE_STYLE_FILL_AREA ( #1637 ) ;
#983 = DIRECTION ( 'NONE',  ( 0.000000000000000000, 0.000000000000000000, -1.000000000000000000 ) ) ;
#984 = ORIENTED_EDGE ( 'NONE', *, *, #366, .T. ) ;
#985 = CARTESIAN_POINT ( 'NONE',  ( 0.000000000000000000, 0.000000000000000000, 0.000000000000000000 ) ) ;
#986 = ORIENTED_EDGE ( 'NONE', *, *, #379, .F. ) ;
#987 = DIRECTION ( 'NONE',  ( 0.000000000000000000, 1.000000000000000000, 0.000000000000000000 ) ) ;
#988 = ORIENTED_EDGE ( 'NONE', *, *, #1571, .F. ) ;
#989 = ADVANCED_FACE ( 'NONE', ( #1335 ), #353, .F. ) ;
#990 = DIRECTION ( 'NONE',  ( 1.000000000000000000, 0.000000000000000000, 0.000000000000000000 ) ) ;
#991 = CARTESIAN_POINT ( 'NONE',  ( 0.000000000000000000, 39.75000000000000711, 12.74999999999999645 ) ) ;
#992 = ORIENTED_EDGE ( 'NONE', *, *, #735, .T. ) ;
#993 = DIRECTION ( 'NONE',  ( 0.000000000000000000, -7.818472004402512265E-16, -1.000000000000000000 ) ) ;
#994 = VECTOR ( 'NONE', #147, 1000.000000000000000 ) ;
#995 = ORIENTED_EDGE ( 'NONE', *, *, #1124, .T. ) ;
#996 = CARTESIAN_POINT ( 'NONE',  ( 19.99999999999999645, 17.07388400413131180, 7.748494686436246504 ) ) ;
#997 = VECTOR ( 'NONE', #774, 1000.000000000000000 ) ;
#998 = VECTOR ( 'NONE', #207, 1000.000000000000000 ) ;
#999 = CARTESIAN_POINT ( 'NONE',  ( 0.000000000000000000, 0.000000000000000000, 0.000000000000000000 ) ) ;
#1000 = ADVANCED_FACE ( 'NONE', ( #603 ), #976, .T. ) ;
#1001 = ADVANCED_FACE ( 'NONE', ( #472 ), #845, .F. ) ;
#1002 = ORIENTED_EDGE ( 'NONE', *, *, #1280, .F. ) ;
#1003 = VERTEX_POINT ( 'NONE', #1611 ) ;
#1004 = VECTOR ( 'NONE', #1543, 1000.000000000000000 ) ;
#1005 = DIRECTION ( 'NONE',  ( 0.000000000000000000, 0.9999983858622341071, -0.001796739526550315607 ) ) ;
#1006 = ORIENTED_EDGE ( 'NONE', *, *, #1254, .F. ) ;
#1007 = CYLINDRICAL_SURFACE ( 'NONE', #467, 18.75000000000000355 ) ;
#1008 = DIRECTION ( 'NONE',  ( 5.782411586589356653E-16, 2.220446049250313081E-16, 1.000000000000000000 ) ) ;
#1009 = VERTEX_POINT ( 'NONE', #721 ) ;
#1010 = FACE_OUTER_BOUND ( 'NONE', #1269, .T. ) ;
#1011 = CYLINDRICAL_SURFACE ( 'NONE', #1077, 17.74999999999999645 ) ;
#1012 = ORIENTED_EDGE ( 'NONE', *, *, #1613, .F. ) ;
#1013 = ADVANCED_FACE ( 'NONE', ( #1483 ), #869, .T. ) ;
#1014 = ORIENTED_EDGE ( 'NONE', *, *, #754, .T. ) ;
#1015 = VECTOR ( 'NONE', #170, 1000.000000000000000 ) ;
#1016 = DIRECTION ( 'NONE',  ( -1.000000000000000000, 0.000000000000000000, -0.000000000000000000 ) ) ;
#1017 = ORIENTED_EDGE ( 'NONE', *, *, #1268, .T. ) ;
#1018 = DIRECTION ( 'NONE',  ( -1.000000000000000000, -0.000000000000000000, -0.000000000000000000 ) ) ;
#1019 = AXIS2_PLACEMENT_3D ( 'NONE', #1467, #329, #1475 ) ;
#1020 = LINE ( 'NONE', #286, #27 ) ;
#1021 = ORIENTED_EDGE ( 'NONE', *, *, #101, .T. ) ;
#1022 = PRODUCT ( 'cap holder back', 'cap holder back', '', ( #855 ) ) ;
#1023 = VERTEX_POINT ( 'NONE', #277 ) ;
#1024 = CYLINDRICAL_SURFACE ( 'NONE', #779, 2.899999999999999911 ) ;
#1025 = VERTEX_POINT ( 'NONE', #669 ) ;
#1026 = EDGE_CURVE ( 'NONE', #200, #1023, #159, .T. ) ;
#1027 = DIRECTION ( 'NONE',  ( 0.000000000000000000, -1.000000000000000000, -0.000000000000000000 ) ) ;
#1028 = DIRECTION ( 'NONE',  ( -1.000000000000000000, -0.000000000000000000, -0.000000000000000000 ) ) ;
#1029 = ORIENTED_EDGE ( 'NONE', *, *, #701, .F. ) ;
#1030 = EDGE_LOOP ( 'NONE', ( #574, #217 ) ) ;
#1031 = CARTESIAN_POINT ( 'NONE',  ( 3.316624790355398034, 17.63224738597591923, 7.749999999999996447 ) ) ;
#1032 = ORIENTED_EDGE ( 'NONE', *, *, #171, .F. ) ;
#1033 = DIRECTION ( 'NONE',  ( 0.000000000000000000, 0.000000000000000000, -1.000000000000000000 ) ) ;
#1034 = EDGE_CURVE ( 'NONE', #947, #24, #1156, .T. ) ;
#1035 = CARTESIAN_POINT ( 'NONE',  ( 0.000000000000000000, -0.2500000000000036637, 18.75000000000000711 ) ) ;
#1036 = CIRCLE ( 'NONE', #502, 1.599999999999997202 ) ;
#1037 = CARTESIAN_POINT ( 'NONE',  ( 3.000000000000000888, 48.75000000000002132, 18.65000000000000213 ) ) ;
#1038 = ORIENTED_EDGE ( 'NONE', *, *, #789, .T. ) ;
#1039 = FACE_OUTER_BOUND ( 'NONE', #584, .T. ) ;
#1040 = ORIENTED_EDGE ( 'NONE', *, *, #1455, .T. ) ;
#1041 = CARTESIAN_POINT ( 'NONE',  ( 20.00000000000000000, 12.34908903522846302, 12.74999999999999822 ) ) ;
#1042 = AXIS2_PLACEMENT_3D ( 'NONE', #606, #987, #331 ) ;
#1043 = CARTESIAN_POINT ( 'NONE',  ( 2.999999999999999112, 40.74999999999999289, 15.75000000000000711 ) ) ;
#1044 = DIRECTION ( 'NONE',  ( 0.000000000000000000, 0.000000000000000000, -1.000000000000000000 ) ) ;
#1045 = CIRCLE ( 'NONE', #325, 17.74999999999999645 ) ;
#1046 = EDGE_CURVE ( 'NONE', #1430, #1617, #706, .T. ) ;
#1047 = AXIS2_PLACEMENT_3D ( 'NONE', #125, #1534, #642 ) ;
#1048 = VERTEX_POINT ( 'NONE', #1035 ) ;
#1049 = LINE ( 'NONE', #1556, #1408 ) ;
#1050 = EDGE_LOOP ( 'NONE', ( #986, #1251, #393, #1119 ) ) ;
#1051 = DIRECTION ( 'NONE',  ( 0.000000000000000000, 0.000000000000000000, -1.000000000000000000 ) ) ;
#1052 = DIRECTION ( 'NONE',  ( -1.000000000000000000, -0.000000000000000000, -0.000000000000000000 ) ) ;
#1053 = PLANE ( 'NONE',  #1466 ) ;
#1054 = DIRECTION ( 'NONE',  ( 3.009265538105054926E-32, 1.000000000000000000, -6.938893903907224433E-16 ) ) ;
#1055 = PRODUCT_DEFINITION_FORMATION_WITH_SPECIFIED_SOURCE ( 'ANY', '', #1022, .NOT_KNOWN. ) ;
#1056 = ORIENTED_EDGE ( 'NONE', *, *, #92, .T. ) ;
#1057 = ADVANCED_FACE ( 'NONE', ( #150 ), #134, .F. ) ;
#1058 = DIRECTION ( 'NONE',  ( 0.000000000000000000, 0.000000000000000000, -1.000000000000000000 ) ) ;
#1059 = EDGE_LOOP ( 'NONE', ( #1064, #334, #146, #225 ) ) ;
#1060 = CARTESIAN_POINT ( 'NONE',  ( 6.000000000000000888, -0.2500000000000036637, 12.75000000000000355 ) ) ;
#1061 = DIRECTION ( 'NONE',  ( 1.000000000000000000, 0.000000000000000000, -0.000000000000000000 ) ) ;
#1062 = CARTESIAN_POINT ( 'NONE',  ( 20.00000000000000000, 2.296212748401287578E-15, -18.75000000000000355 ) ) ;
#1063 = CARTESIAN_POINT ( 'NONE',  ( 6.000000000000000888, -0.2500000000000036637, 12.75000000000000355 ) ) ;
#1064 = ORIENTED_EDGE ( 'NONE', *, *, #1446, .F. ) ;
#1065 = EDGE_CURVE ( 'NONE', #1076, #1009, #794, .T. ) ;
#1066 = CARTESIAN_POINT ( 'NONE',  ( 2.999999999999999112, 48.75000000000002132, 15.75000000000000355 ) ) ;
#1067 = ORIENTED_EDGE ( 'NONE', *, *, #182, .T. ) ;
#1068 = ADVANCED_FACE ( 'NONE', ( #1553 ), #896, .T. ) ;
#1069 = CARTESIAN_POINT ( 'NONE',  ( 0.000000000000000000, 39.75000000000000711, 6.749999999999993783 ) ) ;
#1070 = LINE ( 'NONE', #960, #35 ) ;
#1071 = CARTESIAN_POINT ( 'NONE',  ( 6.000000000000000888, 89.75000000000002842, 14.23702808713706780 ) ) ;
#1072 = PLANE ( 'NONE',  #957 ) ;
#1073 = ORIENTED_EDGE ( 'NONE', *, *, #379, .T. ) ;
#1074 = VECTOR ( 'NONE', #833, 1000.000000000000000 ) ;
#1075 = DIRECTION ( 'NONE',  ( -0.000000000000000000, 1.000000000000000000, 0.000000000000000000 ) ) ;
#1076 = VERTEX_POINT ( 'NONE', #908 ) ;
#1077 = AXIS2_PLACEMENT_3D ( 'NONE', #232, #747, #110 ) ;
#1078 = CARTESIAN_POINT ( 'NONE',  ( 20.00000000000000000, 89.50000000000001421, -1.987299214079030523E-14 ) ) ;
#1079 = DIRECTION ( 'NONE',  ( 0.000000000000000000, 0.000000000000000000, -1.000000000000000000 ) ) ;
#1080 = EDGE_CURVE ( 'NONE', #742, #713, #912, .T. ) ;
#1081 = VECTOR ( 'NONE', #11, 1000.000000000000000 ) ;
#1082 = DIRECTION ( 'NONE',  ( 0.000000000000000000, 7.401486830834375293E-16, 1.000000000000000000 ) ) ;
#1083 = CARTESIAN_POINT ( 'NONE',  ( 0.000000000000000000, 0.000000000000000000, 0.000000000000000000 ) ) ;
#1084 = ORIENTED_EDGE ( 'NONE', *, *, #1631, .F. ) ;
#1085 = PLANE ( 'NONE',  #804 ) ;
#1086 = VERTEX_POINT ( 'NONE', #770 ) ;
#1087 = LINE ( 'NONE', #431, #1538 ) ;
#1088 = CYLINDRICAL_SURFACE ( 'NONE', #740, 1.599999999999997202 ) ;
#1089 = PLANE ( 'NONE',  #435 ) ;
#1090 = ADVANCED_FACE ( 'NONE', ( #19 ), #1053, .T. ) ;
#1091 = LINE ( 'NONE', #1356, #1327 ) ;
#1092 = EDGE_LOOP ( 'NONE', ( #842, #505, #710, #1021, #496 ) ) ;
#1093 = CIRCLE ( 'NONE', #1397, 17.74999999999999645 ) ;
#1094 = ADVANCED_FACE ( 'NONE', ( #389 ), #917, .F. ) ;
#1095 = LINE ( 'NONE', #1592, #1514 ) ;
#1096 = ORIENTED_EDGE ( 'NONE', *, *, #601, .T. ) ;
#1097 = FACE_OUTER_BOUND ( 'NONE', #466, .T. ) ;
#1098 = DIRECTION ( 'NONE',  ( 0.000000000000000000, 1.000000000000000000, 6.899460366793282029E-16 ) ) ;
#1099 = DIRECTION ( 'NONE',  ( 1.000000000000000000, 0.000000000000000000, 0.000000000000000000 ) ) ;
#1100 = VECTOR ( 'NONE', #299, 1000.000000000000000 ) ;
#1101 = CARTESIAN_POINT ( 'NONE',  ( 0.000000000000000000, 15.96871942267130606, 7.749999999999998224 ) ) ;
#1102 = ORIENTED_EDGE ( 'NONE', *, *, #1026, .T. ) ;
#1103 = VECTOR ( 'NONE', #203, 1000.000000000000000 ) ;
#1104 = VECTOR ( 'NONE', #883, 1000.000000000000000 ) ;
#1105 = LINE ( 'NONE', #736, #998 ) ;
#1106 = ORIENTED_EDGE ( 'NONE', *, *, #847, .F. ) ;
#1107 = CARTESIAN_POINT ( 'NONE',  ( 4.336808689942017736E-15, 72.42526292479489314, 7.746989984027061737 ) ) ;
#1108 = PLANE ( 'NONE',  #32 ) ;
#1109 = PLANE ( 'NONE',  #456 ) ;
#1110 = ORIENTED_EDGE ( 'NONE', *, *, #171, .T. ) ;
#1111 = CIRCLE ( 'NONE', #357, 18.75000000000000355 ) ;
#1112 = VECTOR ( 'NONE', #1558, 1000.000000000000000 ) ;
#1113 = CARTESIAN_POINT ( 'NONE',  ( 1.138412281109779656E-15, 18.75000000000000355, 7.749999999999997335 ) ) ;
#1114 = EDGE_CURVE ( 'NONE', #550, #520, #1020, .T. ) ;
#1115 = EDGE_LOOP ( 'NONE', ( #521, #489, #823, #123 ) ) ;
#1116 = CARTESIAN_POINT ( 'NONE',  ( 0.000000000000000000, -0.2500000000000071609, 6.750000000000003553 ) ) ;
#1117 = DIRECTION ( 'NONE',  ( -1.000000000000000000, -0.000000000000000000, -0.000000000000000000 ) ) ;
#1118 = CARTESIAN_POINT ( 'NONE',  ( 22.00000000000000000, 0.000000000000000000, 0.000000000000000000 ) ) ;
#1119 = ORIENTED_EDGE ( 'NONE', *, *, #226, .T. ) ;
#1120 = CARTESIAN_POINT ( 'NONE',  ( 0.000000000000000000, 10.75000000000001599, 7.749999999999998224 ) ) ;
#1121 = EDGE_CURVE ( 'NONE', #175, #1303, #970, .T. ) ;
#1122 = DIRECTION ( 'NONE',  ( -1.000000000000000000, -0.000000000000000000, -0.000000000000000000 ) ) ;
#1123 =( NAMED_UNIT ( * ) SI_UNIT ( $, .STERADIAN. ) SOLID_ANGLE_UNIT ( ) );
#1124 = EDGE_CURVE ( 'NONE', #121, #1361, #462, .T. ) ;
#1125 = CARTESIAN_POINT ( 'NONE',  ( 0.000000000000000000, 48.75000000000002132, 15.75000000000000355 ) ) ;
#1126 = VERTEX_POINT ( 'NONE', #1391 ) ;
#1127 = CARTESIAN_POINT ( 'NONE',  ( 22.00000000000000355, 68.75000000000000000, 14.23702808713707668 ) ) ;
#1128 = AXIS2_PLACEMENT_3D ( 'NONE', #1395, #783, #7 ) ;
#1129 = LINE ( 'NONE', #347, #1516 ) ;
#1130 = VERTEX_POINT ( 'NONE', #251 ) ;
#1131 = VECTOR ( 'NONE', #394, 1000.000000000000000 ) ;
#1132 = VERTEX_POINT ( 'NONE', #1266 ) ;
#1133 = EDGE_LOOP ( 'NONE', ( #788, #780, #984, #312, #1143, #698, #623, #673 ) ) ;
#1134 = CARTESIAN_POINT ( 'NONE',  ( 2.999999999999999112, 40.74999999999999289, 15.75000000000000711 ) ) ;
#1135 = EDGE_CURVE ( 'NONE', #1482, #180, #1148, .T. ) ;
#1136 = CARTESIAN_POINT ( 'NONE',  ( 0.000000000000000000, 39.75000000000000711, 7.749999999999991118 ) ) ;
#1137 = ORIENTED_EDGE ( 'NONE', *, *, #1402, .T. ) ;
#1138 = CARTESIAN_POINT ( 'NONE',  ( 22.00000000000000000, 0.000000000000000000, 0.000000000000000000 ) ) ;
#1139 = VERTEX_POINT ( 'NONE', #258 ) ;
#1140 = DIRECTION ( 'NONE',  ( -1.000000000000000000, -0.000000000000000000, -0.000000000000000000 ) ) ;
#1141 = DIRECTION ( 'NONE',  ( 1.000000000000000000, -0.000000000000000000, 0.000000000000000000 ) ) ;
#1142 = ORIENTED_EDGE ( 'NONE', *, *, #680, .F. ) ;
#1143 = ORIENTED_EDGE ( 'NONE', *, *, #1261, .T. ) ;
#1144 = CARTESIAN_POINT ( 'NONE',  ( 3.000000000000000888, 40.74999999999999289, 15.75000000000000711 ) ) ;
#1145 = ORIENTED_EDGE ( 'NONE', *, *, #47, .F. ) ;
#1146 = VECTOR ( 'NONE', #513, 1000.000000000000000 ) ;
#1147 = VECTOR ( 'NONE', #593, 1000.000000000000000 ) ;
#1148 = LINE ( 'NONE', #1527, #674 ) ;
#1149 = VECTOR ( 'NONE', #1340, 1000.000000000000000 ) ;
#1150 = CARTESIAN_POINT ( 'NONE',  ( 22.00000000000000000, 12.20121023694247953, 14.23702808713708556 ) ) ;
#1151 = EDGE_CURVE ( 'NONE', #183, #1294, #396, .T. ) ;
#1152 = DIRECTION ( 'NONE',  ( 1.000000000000000000, -0.000000000000000000, -0.000000000000000000 ) ) ;
#1153 = ORIENTED_EDGE ( 'NONE', *, *, #1271, .F. ) ;
#1154 = AXIS2_PLACEMENT_3D ( 'NONE', #223, #338, #1621 ) ;
#1155 = ADVANCED_FACE ( 'NONE', ( #527 ), #267, .T. ) ;
#1156 = LINE ( 'NONE', #777, #1232 ) ;
#1157 = DIRECTION ( 'NONE',  ( 1.000000000000000000, 0.000000000000000000, 0.000000000000000000 ) ) ;
#1158 = EDGE_LOOP ( 'NONE', ( #301, #616, #1619, #304 ) ) ;
#1159 = ORIENTED_EDGE ( 'NONE', *, *, #47, .T. ) ;
#1160 = EDGE_CURVE ( 'NONE', #220, #480, #307, .T. ) ;
#1161 = LINE ( 'NONE', #1288, #408 ) ;
#1162 = EDGE_CURVE ( 'NONE', #228, #1023, #215, .T. ) ;
#1163 = CLOSED_SHELL ( 'NONE', ( #454, #781, #1239, #824, #1368, #1155, #657, #649, #1226, #1622, #1496, #339, #318, #1057, #1526, #1068, #129, #1511, #690, #989, #1334, #1242, #261, #18, #1000, #793, #1639, #1393, #769, #921, #1590, #494, #526, #834, #1013, #612, #1347, #704, #1216, #330, #1090, #221, #1546, #744, #296, #1094, #1602, #1458, #942, #63, #1001, #1277 ) ) ;
#1164 = CARTESIAN_POINT ( 'NONE',  ( 0.000000000000000000, 10.75000000000001954, 12.75000000000000178 ) ) ;
#1165 = DIRECTION ( 'NONE',  ( 1.000000000000000000, 0.000000000000000000, 0.000000000000000000 ) ) ;
#1166 = CARTESIAN_POINT ( 'NONE',  ( 0.000000000000000000, 70.75000000000001421, 12.74999999999998934 ) ) ;
#1167 = ORIENTED_EDGE ( 'NONE', *, *, #717, .T. ) ;
#1168 = CARTESIAN_POINT ( 'NONE',  ( 19.99999999999999645, 72.42611599586871307, 7.748494686436234069 ) ) ;
#1169 = CYLINDRICAL_SURFACE ( 'NONE', #844, 18.75000000000000355 ) ;
#1170 = VECTOR ( 'NONE', #726, 1000.000000000000000 ) ;
#1171 = CARTESIAN_POINT ( 'NONE',  ( 20.00000000000000000, 73.53128057732870104, 7.749999999999984901 ) ) ;
#1172 = CARTESIAN_POINT ( 'NONE',  ( 3.000000000000000888, 40.74999999999999289, 12.85000000000000675 ) ) ;
#1173 = AXIS2_PLACEMENT_3D ( 'NONE', #1635, #1539, #655 ) ;
#1174 = VECTOR ( 'NONE', #28, 1000.000000000000000 ) ;
#1175 = ORIENTED_EDGE ( 'NONE', *, *, #580, .T. ) ;
#1176 = DIRECTION ( 'NONE',  ( 0.000000000000000000, 0.000000000000000000, -1.000000000000000000 ) ) ;
#1177 = ORIENTED_EDGE ( 'NONE', *, *, #118, .F. ) ;
#1178 = UNCERTAINTY_MEASURE_WITH_UNIT (LENGTH_MEASURE( 1.000000000000000082E-05 ), #133, 'distance_accuracy_value', 'NONE');
#1179 = DIRECTION ( 'NONE',  ( 0.000000000000000000, -1.000000000000000000, 2.220446049250313081E-16 ) ) ;
#1180 = DIRECTION ( 'NONE',  ( 0.000000000000000000, 1.000000000000000000, -2.220446049250313081E-16 ) ) ;
#1181 = STYLED_ITEM ( 'NONE', ( #1480 ), #1411 ) ;
#1182 = LINE ( 'NONE', #933, #218 ) ;
#1183 = CARTESIAN_POINT ( 'NONE',  ( 2.999999999999999112, 40.74999999999999289, 14.15000000000000746 ) ) ;
#1184 = EDGE_CURVE ( 'NONE', #1633, #1365, #351, .T. ) ;
#1185 = ORIENTED_EDGE ( 'NONE', *, *, #944, .F. ) ;
#1186 = DIRECTION ( 'NONE',  ( -1.000000000000000000, 0.000000000000000000, -0.000000000000000000 ) ) ;
#1187 = DIRECTION ( 'NONE',  ( 1.000000000000000000, -0.000000000000000000, -0.000000000000000000 ) ) ;
#1188 = DIRECTION ( 'NONE',  ( 0.000000000000000000, 4.440892098500626162E-16, 1.000000000000000000 ) ) ;
#1189 = DIRECTION ( 'NONE',  ( 0.000000000000000000, -1.000000000000000000, -0.000000000000000000 ) ) ;
#1190 = CARTESIAN_POINT ( 'NONE',  ( 0.000000000000000000, 0.000000000000000000, 0.000000000000000000 ) ) ;
#1191 = EDGE_LOOP ( 'NONE', ( #995, #1350 ) ) ;
#1192 = CARTESIAN_POINT ( 'NONE',  ( 0.000000000000000000, 0.000000000000000000, 7.749999999999997335 ) ) ;
#1193 = EDGE_CURVE ( 'NONE', #1086, #1253, #675, .T. ) ;
#1194 = ORIENTED_EDGE ( 'NONE', *, *, #194, .F. ) ;
#1195 = CARTESIAN_POINT ( 'NONE',  ( 3.314704594097634072, 72.42547399423442300, 7.747455082220747968 ) ) ;
#1196 = FACE_OUTER_BOUND ( 'NONE', #1092, .T. ) ;
#1197 = DIRECTION ( 'NONE',  ( 0.000000000000000000, 7.818472004402512265E-16, 1.000000000000000000 ) ) ;
#1198 = DIRECTION ( 'NONE',  ( 0.000000000000000000, 0.000000000000000000, -1.000000000000000000 ) ) ;
#1199 = AXIS2_PLACEMENT_3D ( 'NONE', #48, #1186, #303 ) ;
#1200 = ORIENTED_EDGE ( 'NONE', *, *, #1080, .T. ) ;
#1201 = FACE_OUTER_BOUND ( 'NONE', #231, .T. ) ;
#1202 = VERTEX_POINT ( 'NONE', #952 ) ;
#1203 = EDGE_CURVE ( 'NONE', #1253, #1025, #1207, .T. ) ;
#1204 = CARTESIAN_POINT ( 'NONE',  ( 6.000000000000000888, 89.75000000000002842, 18.74999999999998224 ) ) ;
#1205 = FACE_OUTER_BOUND ( 'NONE', #900, .T. ) ;
#1206 = AXIS2_PLACEMENT_3D ( 'NONE', #1409, #1525, #1033 ) ;
#1207 = LINE ( 'NONE', #708, #599 ) ;
#1208 = DIRECTION ( 'NONE',  ( 1.000000000000000000, 0.000000000000000000, 0.000000000000000000 ) ) ;
#1209 =( GEOMETRIC_REPRESENTATION_CONTEXT ( 3 ) GLOBAL_UNCERTAINTY_ASSIGNED_CONTEXT ( ( #430 ) ) GLOBAL_UNIT_ASSIGNED_CONTEXT ( ( #753, #484, #1123 ) ) REPRESENTATION_CONTEXT ( 'NONE', 'WORKASPACE' ) );
#1210 = ORIENTED_EDGE ( 'NONE', *, *, #99, .F. ) ;
#1211 = DIRECTION ( 'NONE',  ( 0.000000000000000000, 0.000000000000000000, -1.000000000000000000 ) ) ;
#1212 = ORIENTED_EDGE ( 'NONE', *, *, #535, .T. ) ;
#1213 = CARTESIAN_POINT ( 'NONE',  ( 22.00000000000000000, 77.29878976305754179, 14.23702808713707313 ) ) ;
#1214 = DIRECTION ( 'NONE',  ( 0.000000000000000000, -6.938893903907224433E-16, -1.000000000000000000 ) ) ;
#1215 = LINE ( 'NONE', #1071, #1234 ) ;
#1216 = ADVANCED_FACE ( 'NONE', ( #197 ), #1580, .F. ) ;
#1217 = CARTESIAN_POINT ( 'NONE',  ( 20.00000000000000000, 89.50000000000001421, -17.75000000000001421 ) ) ;
#1218 = VERTEX_POINT ( 'NONE', #1328 ) ;
#1219 = AXIS2_PLACEMENT_3D ( 'NONE', #495, #1008, #1276 ) ;
#1220 = CARTESIAN_POINT ( 'NONE',  ( 6.000000000000000888, 89.75000000000002842, 18.74833325925265726 ) ) ;
#1221 = AXIS2_PLACEMENT_3D ( 'NONE', #688, #1291, #787 ) ;
#1222 = ORIENTED_EDGE ( 'NONE', *, *, #1160, .T. ) ;
#1223 = FACE_OUTER_BOUND ( 'NONE', #1610, .T. ) ;
#1224 = DIRECTION ( 'NONE',  ( -1.000000000000000000, -0.000000000000000000, -0.000000000000000000 ) ) ;
#1225 = CYLINDRICAL_SURFACE ( 'NONE', #564, 2.899999999999999911 ) ;
#1226 = ADVANCED_FACE ( 'NONE', ( #326 ), #1471, .F. ) ;
#1227 = ORIENTED_EDGE ( 'NONE', *, *, #348, .T. ) ;
#1228 = AXIS2_PLACEMENT_3D ( 'NONE', #491, #94, #613 ) ;
#1229 = VECTOR ( 'NONE', #914, 1000.000000000000000 ) ;
#1230 = LINE ( 'NONE', #75, #1074 ) ;
#1231 = ORIENTED_EDGE ( 'NONE', *, *, #902, .T. ) ;
#1232 = VECTOR ( 'NONE', #4, 1000.000000000000000 ) ;
#1233 = PLANE ( 'NONE',  #186 ) ;
#1234 = VECTOR ( 'NONE', #188, 1000.000000000000000 ) ;
#1235 = LINE ( 'NONE', #1244, #136 ) ;
#1236 = CARTESIAN_POINT ( 'NONE',  ( 6.000000000000000888, 40.74999999999999289, 15.75000000000000711 ) ) ;
#1237 =( GEOMETRIC_REPRESENTATION_CONTEXT ( 3 ) GLOBAL_UNCERTAINTY_ASSIGNED_CONTEXT ( ( #1178 ) ) GLOBAL_UNIT_ASSIGNED_CONTEXT ( ( #133, #916, #266 ) ) REPRESENTATION_CONTEXT ( 'NONE', 'WORKASPACE' ) );
#1238 = ORIENTED_EDGE ( 'NONE', *, *, #524, .T. ) ;
#1239 = ADVANCED_FACE ( 'NONE', ( #849 ), #1348, .F. ) ;
#1240 = LINE ( 'NONE', #464, #1147 ) ;
#1241 = VERTEX_POINT ( 'NONE', #443 ) ;
#1242 = ADVANCED_FACE ( 'NONE', ( #718 ), #696, .F. ) ;
#1243 = CARTESIAN_POINT ( 'NONE',  ( 21.99999999999999645, 40.74999999999999289, 17.35000000000000497 ) ) ;
#1244 = CARTESIAN_POINT ( 'NONE',  ( 4.336808689942017736E-15, 72.00714431546410310, 6.749999999999989342 ) ) ;
#1245 = ORIENTED_EDGE ( 'NONE', *, *, #965, .T. ) ;
#1246 = VECTOR ( 'NONE', #1319, 1000.000000000000000 ) ;
#1247 = LINE ( 'NONE', #1116, #641 ) ;
#1248 = LINE ( 'NONE', #224, #516 ) ;
#1249 = EDGE_LOOP ( 'NONE', ( #936, #390, #949, #384 ) ) ;
#1250 = CIRCLE ( 'NONE', #533, 18.75000000000000355 ) ;
#1251 = ORIENTED_EDGE ( 'NONE', *, *, #1375, .T. ) ;
#1252 = VECTOR ( 'NONE', #1363, 1000.000000000000000 ) ;
#1253 = VERTEX_POINT ( 'NONE', #451 ) ;
#1254 = EDGE_CURVE ( 'NONE', #1633, #520, #64, .T. ) ;
#1255 = CARTESIAN_POINT ( 'NONE',  ( 6.000000000000000888, -0.2500000000000036637, 18.74833325925267857 ) ) ;
#1256 = ORIENTED_EDGE ( 'NONE', *, *, #858, .F. ) ;
#1257 = ORIENTED_EDGE ( 'NONE', *, *, #350, .T. ) ;
#1258 = DIRECTION ( 'NONE',  ( 0.000000000000000000, 0.000000000000000000, -1.000000000000000000 ) ) ;
#1259 = ORIENTED_EDGE ( 'NONE', *, *, #1026, .F. ) ;
#1260 = CARTESIAN_POINT ( 'NONE',  ( 20.00000000000000000, 0.000000000000000000, 0.000000000000000000 ) ) ;
#1261 = EDGE_CURVE ( 'NONE', #890, #586, #1215, .T. ) ;
#1262 = ORIENTED_EDGE ( 'NONE', *, *, #160, .T. ) ;
#1263 = CARTESIAN_POINT ( 'NONE',  ( 3.316624790355398034, 18.19112369298795784, 7.749999999999996447 ) ) ;
#1264 = ORIENTED_EDGE ( 'NONE', *, *, #1298, .T. ) ;
#1265 = CARTESIAN_POINT ( 'NONE',  ( 3.000000000000000888, 48.75000000000002132, 12.85000000000000320 ) ) ;
#1266 = CARTESIAN_POINT ( 'NONE',  ( 0.000000000000000000, 12.34908903522846302, 12.75000000000000178 ) ) ;
#1267 = CARTESIAN_POINT ( 'NONE',  ( 20.00000000000000000, 0.000000000000000000, 0.000000000000000000 ) ) ;
#1268 = EDGE_CURVE ( 'NONE', #155, #328, #1182, .T. ) ;
#1269 = EDGE_LOOP ( 'NONE', ( #1006, #21, #1537, #1038, #915, #509, #1489, #1096 ) ) ;
#1270 = CARTESIAN_POINT ( 'NONE',  ( 0.000000000000000000, 48.75000000000002132, 15.75000000000000355 ) ) ;
#1271 = EDGE_CURVE ( 'NONE', #1563, #713, #581, .T. ) ;
#1272 = ORIENTED_EDGE ( 'NONE', *, *, #557, .F. ) ;
#1273 = VECTOR ( 'NONE', #899, 1000.000000000000000 ) ;
#1274 = CARTESIAN_POINT ( 'NONE',  ( 4.336808689942017736E-15, 72.00714431546410310, 6.749999999999989342 ) ) ;
#1275 = DIRECTION ( 'NONE',  ( -1.000000000000000000, 0.000000000000000000, 0.000000000000000000 ) ) ;
#1276 = DIRECTION ( 'NONE',  ( 1.000000000000000000, 0.000000000000000000, -5.782411586589356653E-16 ) ) ;
#1277 = ADVANCED_FACE ( 'NONE', ( #572 ), #1089, .T. ) ;
#1278 = ORIENTED_EDGE ( 'NONE', *, *, #487, .T. ) ;
#1279 = FACE_OUTER_BOUND ( 'NONE', #378, .T. ) ;
#1280 = EDGE_CURVE ( 'NONE', #1130, #262, #1364, .T. ) ;
#1281 = ORIENTED_EDGE ( 'NONE', *, *, #419, .F. ) ;
#1282 = DIRECTION ( 'NONE',  ( -1.000000000000000000, 0.000000000000000000, -0.000000000000000000 ) ) ;
#1283 = CARTESIAN_POINT ( 'NONE',  ( 3.316624790355399810, 71.30887450280680184, 7.748995846469568960 ) ) ;
#1284 = ORIENTED_EDGE ( 'NONE', *, *, #580, .F. ) ;
#1285 = CARTESIAN_POINT ( 'NONE',  ( 0.000000000000000000, -0.2500000000000071609, 6.750000000000003553 ) ) ;
#1286 = ORIENTED_EDGE ( 'NONE', *, *, #149, .T. ) ;
#1287 = EDGE_CURVE ( 'NONE', #1563, #1547, #867, .T. ) ;
#1288 = CARTESIAN_POINT ( 'NONE',  ( 19.99999999999999645, 70.75000000000001421, -2.455674552592767176E-14 ) ) ;
#1289 = VECTOR ( 'NONE', #573, 1000.000000000000000 ) ;
#1290 = CARTESIAN_POINT ( 'NONE',  ( 21.99999999999999645, 48.75000000000002132, 14.15000000000000391 ) ) ;
#1291 = DIRECTION ( 'NONE',  ( 1.000000000000000000, 0.000000000000000000, 0.000000000000000000 ) ) ;
#1292 = VERTEX_POINT ( 'NONE', #460 ) ;
#1293 = DIRECTION ( 'NONE',  ( 0.000000000000000000, 1.000000000000000000, -2.220446049250313081E-16 ) ) ;
#1294 = VERTEX_POINT ( 'NONE', #204 ) ;
#1295 = DIRECTION ( 'NONE',  ( 1.000000000000000000, 0.000000000000000000, 0.000000000000000000 ) ) ;
#1296 = DIRECTION ( 'NONE',  ( 1.000000000000000000, 0.000000000000000000, 0.000000000000000000 ) ) ;
#1297 = VECTOR ( 'NONE', #78, 1000.000000000000000 ) ;
#1298 = EDGE_CURVE ( 'NONE', #68, #249, #624, .T. ) ;
#1299 = CIRCLE ( 'NONE', #429, 2.500000000000000444 ) ;
#1300 = DIRECTION ( 'NONE',  ( -1.000000000000000000, -1.925929944387236127E-32, -4.336808689942018352E-17 ) ) ;
#1301 = CARTESIAN_POINT ( 'NONE',  ( 0.000000000000000000, 8.749999999999994671, 12.75000000000000178 ) ) ;
#1302 = AXIS2_PLACEMENT_3D ( 'NONE', #54, #298, #678 ) ;
#1303 = VERTEX_POINT ( 'NONE', #370 ) ;
#1304 = CARTESIAN_POINT ( 'NONE',  ( 20.00000000000000000, 89.50000000000001421, -1.987299214079030523E-14 ) ) ;
#1305 = AXIS2_PLACEMENT_3D ( 'NONE', #999, #857, #614 ) ;
#1306 = B_SPLINE_CURVE_WITH_KNOTS ( 'NONE', 3,
 ( #256, #1031, #1263, #630 ),
 .UNSPECIFIED., .F., .F.,
 ( 4, 4 ),
 ( 0.000000000000000000, 1.000000000000000000 ),
 .UNSPECIFIED. ) ;
#1307 = DIRECTION ( 'NONE',  ( -0.000000000000000000, 0.000000000000000000, 1.000000000000000000 ) ) ;
#1308 = CARTESIAN_POINT ( 'NONE',  ( 21.99999999999999645, 48.75000000000002132, 17.35000000000000142 ) ) ;
#1309 = CARTESIAN_POINT ( 'NONE',  ( 0.000000000000000000, 8.749999999999994671, 7.750000000000000000 ) ) ;
#1310 = CARTESIAN_POINT ( 'NONE',  ( 2.999999999999999112, 48.75000000000002132, 17.35000000000000142 ) ) ;
#1311 = EDGE_CURVE ( 'NONE', #1509, #631, #872, .T. ) ;
#1312 = VERTEX_POINT ( 'NONE', #1373 ) ;
#1313 = DIRECTION ( 'NONE',  ( 0.000000000000000000, 0.000000000000000000, -1.000000000000000000 ) ) ;
#1314 = ORIENTED_EDGE ( 'NONE', *, *, #84, .T. ) ;
#1315 = DIRECTION ( 'NONE',  ( -1.000000000000000000, 0.000000000000000000, -0.000000000000000000 ) ) ;
#1316 = DIRECTION ( 'NONE',  ( -1.000000000000000000, -0.000000000000000000, -0.000000000000000000 ) ) ;
#1317 = CARTESIAN_POINT ( 'NONE',  ( 2.500000000000000000, 0.000000000000000000, 0.000000000000000000 ) ) ;
#1318 = CIRCLE ( 'NONE', #691, 17.74999999999999645 ) ;
#1319 = DIRECTION ( 'NONE',  ( 0.000000000000000000, -1.000000000000000000, 2.220446049250313081E-16 ) ) ;
#1320 = ORIENTED_EDGE ( 'NONE', *, *, #477, .T. ) ;
#1321 = EDGE_CURVE ( 'NONE', #1506, #503, #724, .T. ) ;
#1322 = CARTESIAN_POINT ( 'NONE',  ( 0.000000000000000000, -0.2500000000000036637, 12.75000000000000355 ) ) ;
#1323 = ORIENTED_EDGE ( 'NONE', *, *, #667, .T. ) ;
#1324 = FACE_OUTER_BOUND ( 'NONE', #567, .T. ) ;
#1325 = EDGE_CURVE ( 'NONE', #1202, #8, #1129, .T. ) ;
#1326 = DIRECTION ( 'NONE',  ( 1.000000000000000000, 0.000000000000000000, 0.000000000000000000 ) ) ;
#1327 = VECTOR ( 'NONE', #608, 1000.000000000000114 ) ;
#1328 = CARTESIAN_POINT ( 'NONE',  ( 2.500000000000000000, 49.75000000000000711, 7.295643942682134231 ) ) ;
#1329 = FACE_OUTER_BOUND ( 'NONE', #1378, .T. ) ;
#1330 = AXIS2_PLACEMENT_3D ( 'NONE', #368, #1016, #637 ) ;
#1331 = ORIENTED_EDGE ( 'NONE', *, *, #1311, .F. ) ;
#1332 = APPLICATION_CONTEXT ( 'automotive_design' ) ;
#1333 = AXIS2_PLACEMENT_3D ( 'NONE', #219, #743, #610 ) ;
#1334 = ADVANCED_FACE ( 'NONE', ( #1379 ), #1011, .F. ) ;
#1335 = FACE_OUTER_BOUND ( 'NONE', #172, .T. ) ;
#1336 = ORIENTED_EDGE ( 'NONE', *, *, #1355, .F. ) ;
#1337 = EDGE_CURVE ( 'NONE', #76, #1009, #355, .T. ) ;
#1338 = CARTESIAN_POINT ( 'NONE',  ( 2.500000000000000000, 39.75000000000000711, 10.24999999999998757 ) ) ;
#1339 = CARTESIAN_POINT ( 'NONE',  ( 6.000000000000001776, 0.000000000000000000, 0.000000000000000000 ) ) ;
#1340 = DIRECTION ( 'NONE',  ( -1.000000000000000000, -0.000000000000000000, -0.000000000000000000 ) ) ;
#1341 = DIRECTION ( 'NONE',  ( -0.000000000000000000, -1.000000000000000000, -0.000000000000000000 ) ) ;
#1342 = AXIS2_PLACEMENT_3D ( 'NONE', #53, #1326, #185 ) ;
#1343 = ORIENTED_EDGE ( 'NONE', *, *, #1287, .F. ) ;
#1344 = DIRECTION ( 'NONE',  ( -0.000000000000000000, 1.000000000000000000, -4.440892098500626162E-16 ) ) ;
#1345 = EDGE_LOOP ( 'NONE', ( #835, #650, #1367, #482 ) ) ;
#1346 = CARTESIAN_POINT ( 'NONE',  ( 0.000000000000000000, 89.75000000000002842, 18.74999999999998579 ) ) ;
#1347 = ADVANCED_FACE ( 'NONE', ( #732 ), #741, .T. ) ;
#1348 = CYLINDRICAL_SURFACE ( 'NONE', #1515, 17.74999999999999645 ) ;
#1349 = CARTESIAN_POINT ( 'NONE',  ( 0.000000000000000000, 18.75000000000000355, 7.749999999999996447 ) ) ;
#1350 = ORIENTED_EDGE ( 'NONE', *, *, #882, .T. ) ;
#1351 = DIRECTION ( 'NONE',  ( 0.000000000000000000, 0.000000000000000000, -1.000000000000000000 ) ) ;
#1352 = ORIENTED_EDGE ( 'NONE', *, *, #772, .T. ) ;
#1353 = CARTESIAN_POINT ( 'NONE',  ( 3.316624790355395813, 70.75000000000001421, 7.749999999999984901 ) ) ;
#1354 = CARTESIAN_POINT ( 'NONE',  ( 19.99999999999999645, 10.75000000000001599, 7.749999999999999112 ) ) ;
#1355 = EDGE_CURVE ( 'NONE', #1482, #1132, #1248, .T. ) ;
#1356 = CARTESIAN_POINT ( 'NONE',  ( 19.99999999999999645, 72.42526292479489314, 7.746989984027061737 ) ) ;
#1357 = VECTOR ( 'NONE', #1341, 1000.000000000000000 ) ;
#1358 = EDGE_LOOP ( 'NONE', ( #310, #1432, #268, #1106, #1012 ) ) ;
#1359 = AXIS2_PLACEMENT_3D ( 'NONE', #58, #816, #692 ) ;
#1360 = DIRECTION ( 'NONE',  ( 1.000000000000000000, 0.000000000000000000, 0.000000000000000000 ) ) ;
#1361 = VERTEX_POINT ( 'NONE', #1495 ) ;
#1362 = AXIS2_PLACEMENT_3D ( 'NONE', #1517, #1544, #901 ) ;
#1363 = DIRECTION ( 'NONE',  ( 1.000000000000000000, 0.000000000000000000, 0.000000000000000000 ) ) ;
#1364 = CIRCLE ( 'NONE', #973, 2.899999999999999911 ) ;
#1365 = VERTEX_POINT ( 'NONE', #1623 ) ;
#1366 = DIRECTION ( 'NONE',  ( -1.000000000000000000, 0.000000000000000000, -0.000000000000000000 ) ) ;
#1367 = ORIENTED_EDGE ( 'NONE', *, *, #1325, .F. ) ;
#1368 = ADVANCED_FACE ( 'NONE', ( #886 ), #1007, .T. ) ;
#1369 = CARTESIAN_POINT ( 'NONE',  ( 3.000000000000000888, 48.75000000000002132, 18.65000000000000213 ) ) ;
#1370 = EDGE_LOOP ( 'NONE', ( #401, #1460 ) ) ;
#1371 = LINE ( 'NONE', #356, #372 ) ;
#1372 = ORIENTED_EDGE ( 'NONE', *, *, #444, .T. ) ;
#1373 = CARTESIAN_POINT ( 'NONE',  ( 20.00000000000000000, 89.50000000000002842, 17.74999999999997513 ) ) ;
#1374 = ORIENTED_EDGE ( 'NONE', *, *, #1535, .F. ) ;
#1375 = EDGE_CURVE ( 'NONE', #457, #1253, #1235, .T. ) ;
#1376 = VERTEX_POINT ( 'NONE', #1630 ) ;
#1377 = PLANE ( 'NONE',  #1600 ) ;
#1378 = EDGE_LOOP ( 'NONE', ( #1640, #1425, #1396, #693, #1401, #1605, #1331, #1403, #49, #1231, #1264, #1286, #1465, #604, #529, #1634, #440, #1032, #246, #1262, #1227, #317, #1040, #421, #1073, #90 ) ) ;
#1379 = FACE_OUTER_BOUND ( 'NONE', #1059, .T. ) ;
#1380 = ORIENTED_EDGE ( 'NONE', *, *, #874, .F. ) ;
#1381 = CIRCLE ( 'NONE', #668, 18.75000000000000355 ) ;
#1382 = EDGE_LOOP ( 'NONE', ( #1067, #202, #426 ) ) ;
#1383 = ORIENTED_EDGE ( 'NONE', *, *, #236, .F. ) ;
#1384 = AXIS2_PLACEMENT_3D ( 'NONE', #1120, #1584, #447 ) ;
#1385 = LINE ( 'NONE', #124, #164 ) ;
#1386 = ORIENTED_EDGE ( 'NONE', *, *, #1065, .F. ) ;
#1387 = ORIENTED_EDGE ( 'NONE', *, *, #388, .T. ) ;
#1388 = LINE ( 'NONE', #1649, #997 ) ;
#1389 = EDGE_LOOP ( 'NONE', ( #634, #851, #16, #515 ) ) ;
#1390 = CARTESIAN_POINT ( 'NONE',  ( 20.00000000000000000, 2.173748068486551246E-15, -17.74999999999999645 ) ) ;
#1391 = CARTESIAN_POINT ( 'NONE',  ( 20.00000000000000000, 2.173748068486551246E-15, -17.74999999999999645 ) ) ;
#1392 = DIRECTION ( 'NONE',  ( 0.000000000000000000, -0.000000000000000000, 1.000000000000000000 ) ) ;
#1393 = ADVANCED_FACE ( 'NONE', ( #363, #486 ), #1108, .T. ) ;
#1394 = VERTEX_POINT ( 'NONE', #1507 ) ;
#1395 = CARTESIAN_POINT ( 'NONE',  ( 20.00000000000000000, 0.000000000000000000, 0.000000000000000000 ) ) ;
#1396 = ORIENTED_EDGE ( 'NONE', *, *, #772, .F. ) ;
#1397 = AXIS2_PLACEMENT_3D ( 'NONE', #259, #879, #104 ) ;
#1398 = LINE ( 'NONE', #276, #269 ) ;
#1399 = EDGE_CURVE ( 'NONE', #586, #1457, #111, .T. ) ;
#1400 = DIRECTION ( 'NONE',  ( 1.000000000000000000, 0.000000000000000000, -8.673617379884036705E-17 ) ) ;
#1401 = ORIENTED_EDGE ( 'NONE', *, *, #1524, .F. ) ;
#1402 = EDGE_CURVE ( 'NONE', #365, #200, #302, .T. ) ;
#1403 = ORIENTED_EDGE ( 'NONE', *, *, #95, .T. ) ;
#1404 = VECTOR ( 'NONE', #1315, 1000.000000000000000 ) ;
#1405 = CARTESIAN_POINT ( 'NONE',  ( 3.000000000000000888, 48.75000000000002132, 15.75000000000000355 ) ) ;
#1406 = VERTEX_POINT ( 'NONE', #1255 ) ;
#1407 = VECTOR ( 'NONE', #827, 1000.000000000000000 ) ;
#1408 = VECTOR ( 'NONE', #1548, 1000.000000000000000 ) ;
#1409 = CARTESIAN_POINT ( 'NONE',  ( 2.999999999999999112, 48.75000000000002132, 15.75000000000000355 ) ) ;
#1410 = AXIS2_PLACEMENT_3D ( 'NONE', #1618, #85, #455 ) ;
#1411 = MANIFOLD_SOLID_BREP ( 'Cut-Extrude7', #1163 ) ;
#1412 = CARTESIAN_POINT ( 'NONE',  ( 3.000000000000000888, 40.74999999999999289, 15.75000000000000711 ) ) ;
#1413 = ORIENTED_EDGE ( 'NONE', *, *, #350, .F. ) ;
#1414 = ORIENTED_EDGE ( 'NONE', *, *, #252, .T. ) ;
#1415 = EDGE_CURVE ( 'NONE', #1303, #175, #1576, .T. ) ;
#1416 = APPLICATION_CONTEXT ( 'automotive_design' ) ;
#1417 = DIRECTION ( 'NONE',  ( -1.000000000000000000, 0.000000000000000000, -0.000000000000000000 ) ) ;
#1418 = EDGE_LOOP ( 'NONE', ( #1522, #1372, #1636, #1320 ) ) ;
#1419 = LINE ( 'NONE', #1265, #1131 ) ;
#1420 = CARTESIAN_POINT ( 'NONE',  ( 22.00000000000000000, 20.75000000000000355, 6.749999999999992895 ) ) ;
#1421 = CARTESIAN_POINT ( 'NONE',  ( 20.00000000000000000, 89.50000000000002842, 17.74999999999997513 ) ) ;
#1422 = ORIENTED_EDGE ( 'NONE', *, *, #1271, .T. ) ;
#1423 = EDGE_CURVE ( 'NONE', #1624, #121, #1419, .T. ) ;
#1424 = DIRECTION ( 'NONE',  ( -1.000000000000000000, 0.000000000000000000, 0.000000000000000000 ) ) ;
#1425 = ORIENTED_EDGE ( 'NONE', *, *, #1254, .T. ) ;
#1426 = CARTESIAN_POINT ( 'NONE',  ( 20.00000000000000000, 89.50000000000001421, -18.75000000000002487 ) ) ;
#1427 = LINE ( 'NONE', #932, #548 ) ;
#1428 = DIRECTION ( 'NONE',  ( 4.336808689942018352E-17, -2.220446049250313081E-16, -1.000000000000000000 ) ) ;
#1429 = DIRECTION ( 'NONE',  ( 0.000000000000000000, -1.000000000000000000, 2.220446049250313081E-16 ) ) ;
#1430 = VERTEX_POINT ( 'NONE', #148 ) ;
#1431 = CARTESIAN_POINT ( 'NONE',  ( 4.336808689942017736E-15, 70.75000000000001421, 7.749999999999984901 ) ) ;
#1432 = ORIENTED_EDGE ( 'NONE', *, *, #226, .F. ) ;
#1433 = LINE ( 'NONE', #809, #1597 ) ;
#1434 = PLANE ( 'NONE',  #113 ) ;
#1435 = EDGE_CURVE ( 'NONE', #328, #919, #1385, .T. ) ;
#1436 = AXIS2_PLACEMENT_3D ( 'NONE', #1107, #1470, #1005 ) ;
#1437 = CARTESIAN_POINT ( 'NONE',  ( 20.00000000000000000, 89.50000000000001421, -1.987299214079030523E-14 ) ) ;
#1438 = DIRECTION ( 'NONE',  ( 0.000000000000000000, 0.000000000000000000, -1.000000000000000000 ) ) ;
#1439 = ORIENTED_EDGE ( 'NONE', *, *, #1423, .T. ) ;
#1440 = FACE_OUTER_BOUND ( 'NONE', #275, .T. ) ;
#1441 = ORIENTED_EDGE ( 'NONE', *, *, #1455, .F. ) ;
#1442 = AXIS2_PLACEMENT_3D ( 'NONE', #358, #1117, #621 ) ;
#1443 = CARTESIAN_POINT ( 'NONE',  ( 22.00000000000000355, 20.75000000000000355, 14.23702808713708556 ) ) ;
#1444 = CARTESIAN_POINT ( 'NONE',  ( 6.000000000000000888, 89.75000000000002842, 12.74999999999998579 ) ) ;
#1445 = CARTESIAN_POINT ( 'NONE',  ( 22.00000000000000000, 0.000000000000000000, 0.000000000000000000 ) ) ;
#1446 = EDGE_CURVE ( 'NONE', #1126, #249, #895, .T. ) ;
#1447 = FACE_OUTER_BOUND ( 'NONE', #354, .T. ) ;
#1448 = VERTEX_POINT ( 'NONE', #785 ) ;
#1449 = EDGE_CURVE ( 'NONE', #175, #1612, #1398, .T. ) ;
#1450 = CYLINDRICAL_SURFACE ( 'NONE', #1199, 1.599999999999997202 ) ;
#1451 = CARTESIAN_POINT ( 'NONE',  ( 20.00000000000000000, 0.000000000000000000, 0.000000000000000000 ) ) ;
#1452 = FACE_OUTER_BOUND ( 'NONE', #106, .T. ) ;
#1453 = DIRECTION ( 'NONE',  ( -1.000000000000000000, -0.000000000000000000, -0.000000000000000000 ) ) ;
#1454 = DIRECTION ( 'NONE',  ( 0.000000000000000000, -7.401486830834375293E-16, -1.000000000000000000 ) ) ;
#1455 = EDGE_CURVE ( 'NONE', #289, #1647, #1111, .T. ) ;
#1456 = CIRCLE ( 'NONE', #748, 2.500000000000000444 ) ;
#1457 = VERTEX_POINT ( 'NONE', #244 ) ;
#1458 = ADVANCED_FACE ( 'NONE', ( #632 ), #387, .T. ) ;
#1459 = PLANE ( 'NONE',  #1410 ) ;
#1460 = ORIENTED_EDGE ( 'NONE', *, *, #1121, .T. ) ;
#1461 = CARTESIAN_POINT ( 'NONE',  ( 14.43887493011846423, 72.42662892103614070, 7.749999999999985789 ) ) ;
#1462 = CARTESIAN_POINT ( 'NONE',  ( 21.99999999999999645, 40.74999999999999289, 15.75000000000000711 ) ) ;
#1463 = DIRECTION ( 'NONE',  ( 0.000000000000000000, -7.818472004402512265E-16, -1.000000000000000000 ) ) ;
#1464 = LINE ( 'NONE', #1217, #127 ) ;
#1465 = ORIENTED_EDGE ( 'NONE', *, *, #858, .T. ) ;
#1466 = AXIS2_PLACEMENT_3D ( 'NONE', #802, #519, #652 ) ;
#1467 = CARTESIAN_POINT ( 'NONE',  ( 0.000000000000000000, -0.2500000000000036637, 12.75000000000000355 ) ) ;
#1468 = EDGE_CURVE ( 'NONE', #1139, #1218, #60, .T. ) ;
#1469 = ORIENTED_EDGE ( 'NONE', *, *, #1114, .T. ) ;
#1470 = DIRECTION ( 'NONE',  ( 0.000000000000000000, 0.001796739526550315607, 0.9999983858622341071 ) ) ;
#1471 = CYLINDRICAL_SURFACE ( 'NONE', #297, 17.74999999999999645 ) ;
#1472 = LINE ( 'NONE', #1349, #485 ) ;
#1473 = AXIS2_PLACEMENT_3D ( 'NONE', #1339, #941, #1079 ) ;
#1474 = VERTEX_POINT ( 'NONE', #517 ) ;
#1475 = DIRECTION ( 'NONE',  ( 0.000000000000000000, 2.258754526011466749E-16, 1.000000000000000000 ) ) ;
#1476 = ORIENTED_EDGE ( 'NONE', *, *, #1504, .T. ) ;
#1477 = EDGE_CURVE ( 'NONE', #1076, #132, #1519, .T. ) ;
#1478 = CARTESIAN_POINT ( 'NONE',  ( 20.00000000000000000, -0.2500000000000023315, 18.74833325925267857 ) ) ;
#1479 = ORIENTED_EDGE ( 'NONE', *, *, #323, .F. ) ;
#1480 = PRESENTATION_STYLE_ASSIGNMENT (( #469 ) ) ;
#1481 = LINE ( 'NONE', #865, #640 ) ;
#1482 = VERTEX_POINT ( 'NONE', #1533 ) ;
#1483 = FACE_OUTER_BOUND ( 'NONE', #629, .T. ) ;
#1484 = ORIENTED_EDGE ( 'NONE', *, *, #1311, .T. ) ;
#1485 = LINE ( 'NONE', #1594, #1103 ) ;
#1486 = CARTESIAN_POINT ( 'NONE',  ( 0.000000000000000000, 80.75000000000001421, 12.74999999999998579 ) ) ;
#1487 = EDGE_CURVE ( 'NONE', #805, #727, #1161, .T. ) ;
#1488 = CARTESIAN_POINT ( 'NONE',  ( 3.000000000000000888, 48.75000000000002132, 15.75000000000000355 ) ) ;
#1489 = ORIENTED_EDGE ( 'NONE', *, *, #95, .F. ) ;
#1490 = AXIS2_PLACEMENT_3D ( 'NONE', #541, #940, #1051 ) ;
#1491 = CIRCLE ( 'NONE', #187, 18.75000000000000711 ) ;
#1492 = CARTESIAN_POINT ( 'NONE',  ( 22.00000000000000355, 77.29878976305754179, 14.23702808713707313 ) ) ;
#1493 = ORIENTED_EDGE ( 'NONE', *, *, #1504, .F. ) ;
#1494 = DIRECTION ( 'NONE',  ( 0.000000000000000000, -7.818472004402512265E-16, -1.000000000000000000 ) ) ;
#1495 = CARTESIAN_POINT ( 'NONE',  ( 6.000000000000000888, 48.75000000000002132, 18.65000000000000213 ) ) ;
#1496 = ADVANCED_FACE ( 'NONE', ( #666 ), #1169, .T. ) ;
#1497 = EDGE_LOOP ( 'NONE', ( #1380, #128, #1212, #749, #638, #511 ) ) ;
#1498 = ORIENTED_EDGE ( 'NONE', *, *, #274, .F. ) ;
#1499 = CARTESIAN_POINT ( 'NONE',  ( 6.000000000000000888, 89.75000000000002842, 18.74999999999998224 ) ) ;
#1500 = SHAPE_DEFINITION_REPRESENTATION ( #768, #216 ) ;
#1501 = CARTESIAN_POINT ( 'NONE',  ( 20.00000000000000000, 89.50000000000001421, -1.987299214079030523E-14 ) ) ;
#1502 = DIRECTION ( 'NONE',  ( 0.000000000000000000, 0.000000000000000000, -1.000000000000000000 ) ) ;
#1503 = ORIENTED_EDGE ( 'NONE', *, *, #545, .F. ) ;
#1504 = EDGE_CURVE ( 'NONE', #662, #1132, #542, .T. ) ;
#1505 = CARTESIAN_POINT ( 'NONE',  ( 0.000000000000000000, 77.15091096477155475, 12.74999999999998757 ) ) ;
#1506 = VERTEX_POINT ( 'NONE', #405 ) ;
#1507 = CARTESIAN_POINT ( 'NONE',  ( 19.99999999999999645, 18.75000000000000711, 7.749999999999996447 ) ) ;
#1508 = CARTESIAN_POINT ( 'NONE',  ( 20.00000000000000000, 0.000000000000000000, 17.74999999999999645 ) ) ;
#1509 = VERTEX_POINT ( 'NONE', #1552 ) ;
#1510 = VECTOR ( 'NONE', #948, 1000.000000000000000 ) ;
#1511 = ADVANCED_FACE ( 'NONE', ( #415 ), #762, .T. ) ;
#1512 = LINE ( 'NONE', #905, #1104 ) ;
#1513 = EDGE_LOOP ( 'NONE', ( #1222, #192, #523, #1084 ) ) ;
#1514 = VECTOR ( 'NONE', #1351, 1000.000000000000000 ) ;
#1515 = AXIS2_PLACEMENT_3D ( 'NONE', #1437, #71, #315 ) ;
#1516 = VECTOR ( 'NONE', #990, 1000.000000000000000 ) ;
#1517 = CARTESIAN_POINT ( 'NONE',  ( 6.000000000000000888, 48.75000000000002132, 15.75000000000000355 ) ) ;
#1518 = FACE_OUTER_BOUND ( 'NONE', #271, .T. ) ;
#1519 = CIRCLE ( 'NONE', #1206, 1.599999999999998979 ) ;
#1520 = ORIENTED_EDGE ( 'NONE', *, *, #395, .T. ) ;
#1521 = DIRECTION ( 'NONE',  ( 0.000000000000000000, 0.000000000000000000, -1.000000000000000000 ) ) ;
#1522 = ORIENTED_EDGE ( 'NONE', *, *, #874, .T. ) ;
#1523 = AXIS2_PLACEMENT_3D ( 'NONE', #158, #695, #1061 ) ;
#1524 = EDGE_CURVE ( 'NONE', #235, #365, #492, .T. ) ;
#1525 = DIRECTION ( 'NONE',  ( 1.000000000000000000, 0.000000000000000000, 0.000000000000000000 ) ) ;
#1526 = ADVANCED_FACE ( 'NONE', ( #1196 ), #442, .T. ) ;
#1527 = CARTESIAN_POINT ( 'NONE',  ( 0.000000000000000000, 18.75000000000000711, 12.75000000000000000 ) ) ;
#1528 = ORIENTED_EDGE ( 'NONE', *, *, #725, .T. ) ;
#1529 = ORIENTED_EDGE ( 'NONE', *, *, #173, .F. ) ;
#1530 = DIRECTION ( 'NONE',  ( 1.000000000000000000, -0.000000000000000000, -0.000000000000000000 ) ) ;
#1531 = AXIS2_PLACEMENT_3D ( 'NONE', #5, #1638, #1392 ) ;
#1532 = ORIENTED_EDGE ( 'NONE', *, *, #847, .T. ) ;
#1533 = CARTESIAN_POINT ( 'NONE',  ( 0.000000000000000000, 18.75000000000000355, 12.75000000000000000 ) ) ;
#1534 = DIRECTION ( 'NONE',  ( 1.000000000000000000, 0.000000000000000000, 0.000000000000000000 ) ) ;
#1535 = EDGE_CURVE ( 'NONE', #132, #76, #924, .T. ) ;
#1536 = LINE ( 'NONE', #397, #1289 ) ;
#1537 = ORIENTED_EDGE ( 'NONE', *, *, #934, .F. ) ;
#1538 = VECTOR ( 'NONE', #1179, 1000.000000000000000 ) ;
#1539 = DIRECTION ( 'NONE',  ( -0.000000000000000000, 1.000000000000000000, -2.220446049250313081E-16 ) ) ;
#1540 = ORIENTED_EDGE ( 'NONE', *, *, #944, .T. ) ;
#1541 = CIRCLE ( 'NONE', #832, 17.74999999999999645 ) ;
#1542 = CIRCLE ( 'NONE', #213, 2.899999999999999911 ) ;
#1543 = DIRECTION ( 'NONE',  ( -1.000000000000000000, -0.000000000000000000, -0.000000000000000000 ) ) ;
#1544 = DIRECTION ( 'NONE',  ( -1.000000000000000000, -0.000000000000000000, -0.000000000000000000 ) ) ;
#1545 = CARTESIAN_POINT ( 'NONE',  ( 0.000000000000000000, -0.2500000000000036637, 18.75000000000000711 ) ) ;
#1546 = ADVANCED_FACE ( 'NONE', ( #951 ), #800, .T. ) ;
#1547 = VERTEX_POINT ( 'NONE', #1578 ) ;
#1548 = DIRECTION ( 'NONE',  ( 1.000000000000000000, 0.000000000000000000, 0.000000000000000000 ) ) ;
#1549 = PRODUCT_DEFINITION ( 'UNKNOWN', '', #1055, #41 ) ;
#1550 = EDGE_LOOP ( 'NONE', ( #1, #558, #1137, #1102 ) ) ;
#1551 = CARTESIAN_POINT ( 'NONE',  ( 3.314704594097634072, 17.07452600576558766, 7.747455082220760403 ) ) ;
#1552 = CARTESIAN_POINT ( 'NONE',  ( 0.000000000000000000, 70.75000000000001421, 12.74999999999998934 ) ) ;
#1553 = FACE_OUTER_BOUND ( 'NONE', #1158, .T. ) ;
#1554 = DIRECTION ( 'NONE',  ( 1.000000000000000000, -0.000000000000000000, -0.000000000000000000 ) ) ;
#1555 = ORIENTED_EDGE ( 'NONE', *, *, #882, .F. ) ;
#1556 = CARTESIAN_POINT ( 'NONE',  ( 22.00000000000000355, 68.75000000000000000, 14.23702808713707668 ) ) ;
#1557 = LINE ( 'NONE', #665, #1596 ) ;
#1558 = DIRECTION ( 'NONE',  ( -1.000000000000000000, 0.000000000000000000, -0.000000000000000000 ) ) ;
#1559 = CARTESIAN_POINT ( 'NONE',  ( 6.000000000000000888, 40.74999999999999289, 15.75000000000000711 ) ) ;
#1560 = LINE ( 'NONE', #1421, #234 ) ;
#1561 = ORIENTED_EDGE ( 'NONE', *, *, #229, .F. ) ;
#1562 = DIRECTION ( 'NONE',  ( 1.000000000000000000, -0.000000000000000000, -0.000000000000000000 ) ) ;
#1563 = VERTEX_POINT ( 'NONE', #314 ) ;
#1564 = AXIS2_PLACEMENT_3D ( 'NONE', #1236, #73, #983 ) ;
#1565 = EDGE_CURVE ( 'NONE', #97, #1086, #711, .T. ) ;
#1566 = LINE ( 'NONE', #1426, #1404 ) ;
#1567 = CARTESIAN_POINT ( 'NONE',  ( 0.000000000000000000, 49.75000000000000711, 7.749999999999991118 ) ) ;
#1568 = VECTOR ( 'NONE', #87, 1000.000000000000000 ) ;
#1569 = VECTOR ( 'NONE', #1075, 1000.000000000000000 ) ;
#1570 = CARTESIAN_POINT ( 'NONE',  ( 2.500000000000000000, 39.75000000000000711, 10.24999999999998757 ) ) ;
#1571 = EDGE_CURVE ( 'NONE', #1547, #183, #707, .T. ) ;
#1572 = CARTESIAN_POINT ( 'NONE',  ( 6.000000000000001776, 0.000000000000000000, 0.000000000000000000 ) ) ;
#1573 = ORIENTED_EDGE ( 'NONE', *, *, #182, .F. ) ;
#1574 = DIRECTION ( 'NONE',  ( 1.000000000000000000, -3.851859888774472253E-32, -8.673617379884036705E-17 ) ) ;
#1575 = EDGE_LOOP ( 'NONE', ( #1352, #656, #1177, #463, #958, #1259 ) ) ;
#1576 = CIRCLE ( 'NONE', #893, 1.599999999999998979 ) ;
#1577 = DIRECTION ( 'NONE',  ( 0.000000000000000000, -4.440892098500626162E-16, -1.000000000000000000 ) ) ;
#1578 = CARTESIAN_POINT ( 'NONE',  ( 22.00000000000000000, 17.49285568453590756, 6.750000000000001776 ) ) ;
#1579 = EDGE_CURVE ( 'NONE', #759, #1394, #1427, .T. ) ;
#1580 = CYLINDRICAL_SURFACE ( 'NONE', #598, 17.74999999999999645 ) ;
#1581 = EDGE_CURVE ( 'NONE', #1202, #1003, #9, .T. ) ;
#1582 = CARTESIAN_POINT ( 'NONE',  ( 22.00000000000000000, 20.75000000000000355, 6.749999999999992895 ) ) ;
#1583 = ORIENTED_EDGE ( 'NONE', *, *, #270, .F. ) ;
#1584 = DIRECTION ( 'NONE',  ( 4.336808689942018352E-17, -2.220446049250313081E-16, -1.000000000000000000 ) ) ;
#1585 = ORIENTED_EDGE ( 'NONE', *, *, #30, .T. ) ;
#1586 = CARTESIAN_POINT ( 'NONE',  ( 0.000000000000000000, -0.2500000000000036637, 18.75000000000000711 ) ) ;
#1587 = PLANE ( 'NONE',  #714 ) ;
#1588 = DIRECTION ( 'NONE',  ( 0.000000000000000000, 0.000000000000000000, 1.000000000000000000 ) ) ;
#1589 = DIRECTION ( 'NONE',  ( -1.000000000000000000, -0.000000000000000000, -4.336808689942018352E-17 ) ) ;
#1590 = ADVANCED_FACE ( 'NONE', ( #579 ), #839, .T. ) ;
#1591 = ORIENTED_EDGE ( 'NONE', *, *, #1325, .T. ) ;
#1592 = CARTESIAN_POINT ( 'NONE',  ( 0.000000000000000000, 49.75000000000000711, 10.24999999999998757 ) ) ;
#1593 = ORIENTED_EDGE ( 'NONE', *, *, #582, .T. ) ;
#1594 = CARTESIAN_POINT ( 'NONE',  ( 20.00000000000000000, 0.000000000000000000, 17.74999999999999645 ) ) ;
#1595 = CARTESIAN_POINT ( 'NONE',  ( 22.00000000000000000, 0.000000000000000000, 0.000000000000000000 ) ) ;
#1596 = VECTOR ( 'NONE', #184, 1000.000000000000000 ) ;
#1597 = VECTOR ( 'NONE', #1307, 1000.000000000000000 ) ;
#1598 = DIRECTION ( 'NONE',  ( 1.000000000000000000, 0.000000000000000000, 0.000000000000000000 ) ) ;
#1599 = CARTESIAN_POINT ( 'NONE',  ( 0.000000000000000000, 89.75000000000002842, 18.74833325925265726 ) ) ;
#1600 = AXIS2_PLACEMENT_3D ( 'NONE', #752, #790, #181 ) ;
#1601 = ORIENTED_EDGE ( 'NONE', *, *, #601, .F. ) ;
#1602 = ADVANCED_FACE ( 'NONE', ( #1452 ), #1434, .T. ) ;
#1603 = AXIS2_PLACEMENT_3D ( 'NONE', #191, #712, #966 ) ;
#1604 = FACE_OUTER_BOUND ( 'NONE', #929, .T. ) ;
#1605 = ORIENTED_EDGE ( 'NONE', *, *, #10, .F. ) ;
#1606 = AXIS2_PLACEMENT_3D ( 'NONE', #436, #332, #820 ) ;
#1607 = LINE ( 'NONE', #468, #1146 ) ;
#1608 = FILL_AREA_STYLE_COLOUR ( '', #245 ) ;
#1609 = CARTESIAN_POINT ( 'NONE',  ( 22.00000000000000355, 12.20121023694247420, 14.23702808713708556 ) ) ;
#1610 = EDGE_LOOP ( 'NONE', ( #109, #190, #988, #898 ) ) ;
#1611 = CARTESIAN_POINT ( 'NONE',  ( 6.000000000000001776, 4.163336342344337815E-15, 18.75000000000000355 ) ) ;
#1612 = VERTEX_POINT ( 'NONE', #168 ) ;
#1613 = EDGE_CURVE ( 'NONE', #862, #890, #1070, .T. ) ;
#1614 = DIRECTION ( 'NONE',  ( 0.000000000000000000, 0.9999983858622341071, 0.001796739526549871518 ) ) ;
#1615 = SURFACE_SIDE_STYLE ('',( #982 ) ) ;
#1616 = DIRECTION ( 'NONE',  ( 0.000000000000000000, 0.000000000000000000, -1.000000000000000000 ) ) ;
#1617 = VERTEX_POINT ( 'NONE', #306 ) ;
#1618 = CARTESIAN_POINT ( 'NONE',  ( 0.000000000000000000, 68.75000000000000000, 12.74999999999998579 ) ) ;
#1619 = ORIENTED_EDGE ( 'NONE', *, *, #1579, .F. ) ;
#1620 = LINE ( 'NONE', #1478, #1252 ) ;
#1621 = DIRECTION ( 'NONE',  ( 1.000000000000000000, 0.000000000000000000, 0.000000000000000000 ) ) ;
#1622 = ADVANCED_FACE ( 'NONE', ( #196 ), #1088, .F. ) ;
#1623 = CARTESIAN_POINT ( 'NONE',  ( 2.500000000000000000, 49.75000000000000711, 10.24999999999998757 ) ) ;
#1624 = VERTEX_POINT ( 'NONE', #43 ) ;
#1625 = VECTOR ( 'NONE', #825, 1000.000000000000000 ) ;
#1626 = ORIENTED_EDGE ( 'NONE', *, *, #518, .F. ) ;
#1627 = AXIS2_PLACEMENT_3D ( 'NONE', #543, #508, #382 ) ;
#1628 = CARTESIAN_POINT ( 'NONE',  ( 3.314704594097634072, 72.42547399423442300, 7.747455082220747968 ) ) ;
#1629 = DIRECTION ( 'NONE',  ( 0.000000000000000000, 0.000000000000000000, -1.000000000000000000 ) ) ;
#1630 = CARTESIAN_POINT ( 'NONE',  ( 19.99999999999999645, 77.15091096477155475, 12.74999999999998579 ) ) ;
#1631 = EDGE_CURVE ( 'NONE', #220, #1218, #324, .T. ) ;
#1632 = EDGE_CURVE ( 'NONE', #1126, #1506, #946, .T. ) ;
#1633 = VERTEX_POINT ( 'NONE', #1567 ) ;
#1634 = ORIENTED_EDGE ( 'NONE', *, *, #813, .F. ) ;
#1635 = CARTESIAN_POINT ( 'NONE',  ( 0.000000000000000000, 8.749999999999994671, 10.25000000000000000 ) ) ;
#1636 = ORIENTED_EDGE ( 'NONE', *, *, #1399, .F. ) ;
#1637 = FILL_AREA_STYLE ('',( #1608 ) ) ;
#1638 = DIRECTION ( 'NONE',  ( -0.000000000000000000, 1.000000000000000000, 0.000000000000000000 ) ) ;
#1639 = ADVANCED_FACE ( 'NONE', ( #1205 ), #1587, .T. ) ;
#1640 = ORIENTED_EDGE ( 'NONE', *, *, #911, .F. ) ;
#1641 = CARTESIAN_POINT ( 'NONE',  ( 20.00000000000000000, 89.75000000000002842, 18.74833325925265726 ) ) ;
#1642 = VERTEX_POINT ( 'NONE', #588 ) ;
#1643 = DIRECTION ( 'NONE',  ( 0.000000000000000000, 0.000000000000000000, 1.000000000000000000 ) ) ;
#1644 = DIRECTION ( 'NONE',  ( 8.673617379884036705E-17, 2.220446049250313081E-16, 1.000000000000000000 ) ) ;
#1645 = ORIENTED_EDGE ( 'NONE', *, *, #434, .F. ) ;
#1646 = EDGE_CURVE ( 'NONE', #8, #766, #626, .T. ) ;
#1647 = VERTEX_POINT ( 'NONE', #618 ) ;
#1648 = CIRCLE ( 'NONE', #156, 1.599999999999998979 ) ;
#1649 = CARTESIAN_POINT ( 'NONE',  ( 0.000000000000000000, 39.75000000000000711, 10.24999999999998757 ) ) ;
ENDSEC;
END-ISO-10303-21;
