ISO-10303-21;
HEADER;
FILE_DESCRIPTION (( 'STEP AP214' ),
    '1' );
FILE_NAME ('bracket.STEP',
    '2026-03-24T22:40:32',
    ( '' ),
    ( '' ),
    'SwSTEP 2.0',
    'SolidWorks 2026',
    '' );
FILE_SCHEMA (( 'AUTOMOTIVE_DESIGN' ));
ENDSEC;

DATA;
#1 = DIRECTION ( 'NONE',  ( 0.000000000000000000, 0.000000000000000000, -1.000000000000000000 ) ) ;
#2 = VERTEX_POINT ( 'NONE', #222 ) ;
#3 = CARTESIAN_POINT ( 'NONE',  ( 5.000000000000000000, -22.39999999999978897, -8.200000000003049294 ) ) ;
#4 = DIRECTION ( 'NONE',  ( 0.000000000000000000, 0.000000000000000000, 1.000000000000000000 ) ) ;
#5 = FACE_OUTER_BOUND ( 'NONE', #543, .T. ) ;
#6 = CYLINDRICAL_SURFACE ( 'NONE', #134, 1.599999999999998090 ) ;
#7 = ORIENTED_EDGE ( 'NONE', *, *, #2021, .T. ) ;
#8 = DIRECTION ( 'NONE',  ( 1.000000000000000000, 0.000000000000000000, 0.000000000000000000 ) ) ;
#9 = ORIENTED_EDGE ( 'NONE', *, *, #590, .F. ) ;
#10 = ADVANCED_FACE ( 'NONE', ( #2128 ), #876, .F. ) ;
#11 =( NAMED_UNIT ( * ) SI_UNIT ( $, .STERADIAN. ) SOLID_ANGLE_UNIT ( ) );
#12 = ORIENTED_EDGE ( 'NONE', *, *, #799, .F. ) ;
#13 = CYLINDRICAL_SURFACE ( 'NONE', #1416, 1.599999999999924372 ) ;
#14 = CARTESIAN_POINT ( 'NONE',  ( 5.000000000000000000, -37.00000000000000000, 11.50000000000000000 ) ) ;
#15 = ORIENTED_EDGE ( 'NONE', *, *, #1247, .F. ) ;
#16 = DIRECTION ( 'NONE',  ( -1.000000000000000000, -0.000000000000000000, -0.000000000000000000 ) ) ;
#17 = ADVANCED_FACE ( 'NONE', ( #1081 ), #1733, .T. ) ;
#18 = ORIENTED_EDGE ( 'NONE', *, *, #750, .F. ) ;
#19 = EDGE_CURVE ( 'NONE', #1373, #847, #1776, .T. ) ;
#20 = DIRECTION ( 'NONE',  ( 0.000000000000000000, 0.000000000000000000, -1.000000000000000000 ) ) ;
#21 = EDGE_LOOP ( 'NONE', ( #300, #1407, #1526, #2045, #613 ) ) ;
#22 = DIRECTION ( 'NONE',  ( 0.000000000000000000, 0.000000000000000000, 1.000000000000000000 ) ) ;
#23 = CIRCLE ( 'NONE', #58, 1.249999999999997558 ) ;
#24 = AXIS2_PLACEMENT_3D ( 'NONE', #2007, #469, #2020 ) ;
#25 = DIRECTION ( 'NONE',  ( 0.000000000000000000, -2.238352872228114012E-15, -1.000000000000000000 ) ) ;
#26 = EDGE_CURVE ( 'NONE', #1050, #124, #149, .T. ) ;
#27 = AXIS2_PLACEMENT_3D ( 'NONE', #1091, #243, #1273 ) ;
#28 = AXIS2_PLACEMENT_3D ( 'NONE', #1088, #81, #583 ) ;
#29 = ORIENTED_EDGE ( 'NONE', *, *, #412, .F. ) ;
#30 = CARTESIAN_POINT ( 'NONE',  ( 5.000000000000000000, 0.000000000000000000, 0.000000000000000000 ) ) ;
#31 = CIRCLE ( 'NONE', #172, 1.599999999999997202 ) ;
#32 = EDGE_CURVE ( 'NONE', #226, #617, #1852, .T. ) ;
#33 = AXIS2_PLACEMENT_3D ( 'NONE', #2166, #1991, #2044 ) ;
#34 = ORIENTED_EDGE ( 'NONE', *, *, #388, .F. ) ;
#35 = ADVANCED_FACE ( 'NONE', ( #2036 ), #1237, .F. ) ;
#36 = CARTESIAN_POINT ( 'NONE',  ( 4.899999999999963940, -41.49999999999999289, -18.50000000000000000 ) ) ;
#37 = ORIENTED_EDGE ( 'NONE', *, *, #1865, .T. ) ;
#38 = CARTESIAN_POINT ( 'NONE',  ( 5.000000000000000000, 33.18257239462433006, -14.07749880748777649 ) ) ;
#39 = CARTESIAN_POINT ( 'NONE',  ( 0.000000000000000000, -40.99999999999999289, 5.499999999999999112 ) ) ;
#40 = EDGE_CURVE ( 'NONE', #924, #1517, #1518, .T. ) ;
#41 = DIRECTION ( 'NONE',  ( -1.000000000000000000, -0.000000000000000000, -0.000000000000000000 ) ) ;
#42 = ORIENTED_EDGE ( 'NONE', *, *, #1144, .F. ) ;
#43 = DIRECTION ( 'NONE',  ( 0.000000000000000000, 0.000000000000000000, -1.000000000000000000 ) ) ;
#44 = VERTEX_POINT ( 'NONE', #1113 ) ;
#45 = LINE ( 'NONE', #398, #212 ) ;
#46 = ORIENTED_EDGE ( 'NONE', *, *, #942, .F. ) ;
#47 = DIRECTION ( 'NONE',  ( 1.000000000000000000, -0.000000000000000000, -0.000000000000000000 ) ) ;
#48 = CARTESIAN_POINT ( 'NONE',  ( 0.000000000000000000, 41.49999999999999289, 1.099999999999997646 ) ) ;
#49 = CARTESIAN_POINT ( 'NONE',  ( 4.522752246317248925, 44.00000000000000000, -14.69429888953824204 ) ) ;
#50 = ORIENTED_EDGE ( 'NONE', *, *, #1147, .F. ) ;
#51 = DIRECTION ( 'NONE',  ( 0.000000000000000000, 0.000000000000000000, -1.000000000000000000 ) ) ;
#52 = ORIENTED_EDGE ( 'NONE', *, *, #428, .F. ) ;
#53 = ADVANCED_FACE ( 'NONE', ( #598 ), #2208, .T. ) ;
#54 = DIRECTION ( 'NONE',  ( -1.000000000000000000, -0.000000000000000000, -0.000000000000000000 ) ) ;
#55 = ORIENTED_EDGE ( 'NONE', *, *, #2159, .F. ) ;
#56 = CARTESIAN_POINT ( 'NONE',  ( 4.899999999999994138, 41.23737616057569255, -18.50000000000000000 ) ) ;
#57 = CARTESIAN_POINT ( 'NONE',  ( 5.000000000000000000, -44.00000000000000000, -18.50000000000000000 ) ) ;
#58 = AXIS2_PLACEMENT_3D ( 'NONE', #1004, #1297, #1286 ) ;
#59 = VECTOR ( 'NONE', #624, 1000.000000000000000 ) ;
#60 = DIRECTION ( 'NONE',  ( -1.000000000000000000, -0.000000000000000000, -0.000000000000000000 ) ) ;
#61 = ORIENTED_EDGE ( 'NONE', *, *, #1264, .T. ) ;
#62 = AXIS2_PLACEMENT_3D ( 'NONE', #2096, #361, #1711 ) ;
#63 = AXIS2_PLACEMENT_3D ( 'NONE', #886, #1561, #708 ) ;
#64 = CARTESIAN_POINT ( 'NONE',  ( 5.000000000000000000, -37.00000000000000000, 8.499999999999998224 ) ) ;
#65 = VERTEX_POINT ( 'NONE', #1801 ) ;
#66 = CIRCLE ( 'NONE', #1246, 1.600000000000002531 ) ;
#67 = AXIS2_PLACEMENT_3D ( 'NONE', #2005, #144, #466 ) ;
#68 = LINE ( 'NONE', #1751, #813 ) ;
#69 = EDGE_LOOP ( 'NONE', ( #922, #2115, #137, #1181, #258 ) ) ;
#70 = CARTESIAN_POINT ( 'NONE',  ( 3.499999999999973355, -41.49999999999999289, -17.09999999999999787 ) ) ;
#71 = CARTESIAN_POINT ( 'NONE',  ( 4.400294712271333175, 44.00000000000000000, -0.3332739542855466808 ) ) ;
#72 = EDGE_CURVE ( 'NONE', #362, #1310, #2218, .T. ) ;
#73 = CARTESIAN_POINT ( 'NONE',  ( 5.000000000000000000, -22.98234004372574546, 13.29026174662831039 ) ) ;
#74 = ORIENTED_EDGE ( 'NONE', *, *, #698, .F. ) ;
#75 = CARTESIAN_POINT ( 'NONE',  ( 0.000000000000000000, -41.49999999999999289, -15.50000000000000000 ) ) ;
#76 = ORIENTED_EDGE ( 'NONE', *, *, #846, .F. ) ;
#77 = LINE ( 'NONE', #904, #1134 ) ;
#78 = EDGE_LOOP ( 'NONE', ( #290, #441, #397, #2214 ) ) ;
#79 = ADVANCED_FACE ( 'NONE', ( #1622 ), #663, .T. ) ;
#80 = DIRECTION ( 'NONE',  ( 1.000000000000000000, -0.000000000000000000, 0.000000000000000000 ) ) ;
#81 = DIRECTION ( 'NONE',  ( 1.000000000000000000, 0.000000000000000000, 0.000000000000000000 ) ) ;
#82 = DIRECTION ( 'NONE',  ( 0.000000000000000000, 0.000000000000000000, -1.000000000000000000 ) ) ;
#83 = CARTESIAN_POINT ( 'NONE',  ( 5.000000000000000000, -33.16741350944804623, -14.12074842475487024 ) ) ;
#84 = LINE ( 'NONE', #1298, #559 ) ;
#85 = ORIENTED_EDGE ( 'NONE', *, *, #321, .T. ) ;
#86 = EDGE_CURVE ( 'NONE', #964, #1335, #2138, .T. ) ;
#87 = ORIENTED_EDGE ( 'NONE', *, *, #2117, .T. ) ;
#88 = CARTESIAN_POINT ( 'NONE',  ( 4.899999999999994138, 41.50000000000000711, -18.50000000000000000 ) ) ;
#89 = CARTESIAN_POINT ( 'NONE',  ( 3.499999999999976907, -25.99999999999999645, 14.00000000000000000 ) ) ;
#90 = VECTOR ( 'NONE', #438, 1000.000000000000000 ) ;
#91 = FACE_OUTER_BOUND ( 'NONE', #960, .T. ) ;
#92 = CARTESIAN_POINT ( 'NONE',  ( 5.000000000000000000, -36.82660368508225446, 1.226869361897654498 ) ) ;
#93 = VECTOR ( 'NONE', #133, 1000.000000000000000 ) ;
#94 = DIRECTION ( 'NONE',  ( -1.000000000000000000, -0.000000000000000000, -0.000000000000000000 ) ) ;
#95 = AXIS2_PLACEMENT_3D ( 'NONE', #1676, #1845, #2041 ) ;
#96 = VERTEX_POINT ( 'NONE', #1450 ) ;
#97 = EDGE_CURVE ( 'NONE', #868, #249, #23, .T. ) ;
#98 = CIRCLE ( 'NONE', #28, 1.599999999999924372 ) ;
#99 = EDGE_CURVE ( 'NONE', #235, #1274, #1969, .T. ) ;
#100 = AXIS2_PLACEMENT_3D ( 'NONE', #933, #1231, #2102 ) ;
#101 = ORIENTED_EDGE ( 'NONE', *, *, #551, .T. ) ;
#102 = CARTESIAN_POINT ( 'NONE',  ( 4.935519588888908515, 40.97490702272841645, -18.50000000000000000 ) ) ;
#103 = AXIS2_PLACEMENT_3D ( 'NONE', #1879, #1533, #1228 ) ;
#104 = DIRECTION ( 'NONE',  ( 0.000000000000000000, 0.000000000000000000, -1.000000000000000000 ) ) ;
#105 = ORIENTED_EDGE ( 'NONE', *, *, #669, .F. ) ;
#106 = PRODUCT_DEFINITION_FORMATION_WITH_SPECIFIED_SOURCE ( 'ANY', '', #1430, .NOT_KNOWN. ) ;
#107 = CARTESIAN_POINT ( 'NONE',  ( 4.686711185517895117, -44.00000000000000711, -16.76374798391080034 ) ) ;
#108 = LINE ( 'NONE', #232, #703 ) ;
#109 = VERTEX_POINT ( 'NONE', #92 ) ;
#110 = ORIENTED_EDGE ( 'NONE', *, *, #1413, .F. ) ;
#111 = DIRECTION ( 'NONE',  ( 0.000000000000000000, 0.000000000000000000, -1.000000000000000000 ) ) ;
#112 = CARTESIAN_POINT ( 'NONE',  ( 4.873213749466110301, -23.99999999999977973, 11.79999999999689564 ) ) ;
#113 = ORIENTED_EDGE ( 'NONE', *, *, #2090, .F. ) ;
#114 = DIRECTION ( 'NONE',  ( 1.000000000000000000, 0.000000000000000000, 0.000000000000000000 ) ) ;
#115 = LINE ( 'NONE', #2209, #2074 ) ;
#116 = EDGE_CURVE ( 'NONE', #320, #1116, #1275, .T. ) ;
#117 = LINE ( 'NONE', #796, #1923 ) ;
#118 = ORIENTED_EDGE ( 'NONE', *, *, #1998, .T. ) ;
#119 = DIRECTION ( 'NONE',  ( -1.000000000000000000, -0.000000000000000000, -0.000000000000000000 ) ) ;
#120 = EDGE_CURVE ( 'NONE', #2101, #486, #159, .T. ) ;
#121 = VERTEX_POINT ( 'NONE', #1123 ) ;
#122 = CARTESIAN_POINT ( 'NONE',  ( 0.000000000000000000, -40.99999999999999289, 8.499999999999998224 ) ) ;
#123 = CARTESIAN_POINT ( 'NONE',  ( 5.000000000000000000, 31.40000000000257074, 11.80000000000025295 ) ) ;
#124 = VERTEX_POINT ( 'NONE', #774 ) ;
#125 = DIRECTION ( 'NONE',  ( 0.000000000000000000, 0.000000000000000000, 1.000000000000000000 ) ) ;
#126 = DIRECTION ( 'NONE',  ( -1.000000000000000000, -0.000000000000000000, -0.000000000000000000 ) ) ;
#127 = FACE_OUTER_BOUND ( 'NONE', #325, .T. ) ;
#128 = ORIENTED_EDGE ( 'NONE', *, *, #99, .T. ) ;
#129 = CIRCLE ( 'NONE', #375, 1.249999999999997558 ) ;
#130 = CARTESIAN_POINT ( 'NONE',  ( 5.000000000000000000, -44.00000000000000000, 18.50000000000000000 ) ) ;
#131 = VECTOR ( 'NONE', #944, 1000.000000000000000 ) ;
#132 = ORIENTED_EDGE ( 'NONE', *, *, #1564, .F. ) ;
#133 = DIRECTION ( 'NONE',  ( -1.000000000000000000, -0.000000000000000000, -0.000000000000000000 ) ) ;
#134 = AXIS2_PLACEMENT_3D ( 'NONE', #1563, #220, #865 ) ;
#135 = CIRCLE ( 'NONE', #209, 1.600000000000351141 ) ;
#136 = DIRECTION ( 'NONE',  ( 0.000000000000000000, 0.000000000000000000, -1.000000000000000000 ) ) ;
#137 = ORIENTED_EDGE ( 'NONE', *, *, #26, .T. ) ;
#138 = DIRECTION ( 'NONE',  ( 0.000000000000000000, 0.000000000000000000, -1.000000000000000000 ) ) ;
#139 = FACE_OUTER_BOUND ( 'NONE', #778, .T. ) ;
#140 = VECTOR ( 'NONE', #1082, 1000.000000000000000 ) ;
#141 = EDGE_CURVE ( 'NONE', #1357, #1044, #1813, .T. ) ;
#142 = DIRECTION ( 'NONE',  ( -1.000000000000000000, 0.000000000000000000, -0.000000000000000000 ) ) ;
#143 = ORIENTED_EDGE ( 'NONE', *, *, #660, .T. ) ;
#144 = DIRECTION ( 'NONE',  ( -1.000000000000000000, -0.000000000000000000, -0.000000000000000000 ) ) ;
#145 = ORIENTED_EDGE ( 'NONE', *, *, #1759, .F. ) ;
#146 = DIRECTION ( 'NONE',  ( -1.000000000000000000, 0.000000000000000000, -0.000000000000000000 ) ) ;
#147 = DIRECTION ( 'NONE',  ( 1.000000000000000000, 0.000000000000000000, 0.000000000000000000 ) ) ;
#148 = ORIENTED_EDGE ( 'NONE', *, *, #1478, .T. ) ;
#149 = LINE ( 'NONE', #1360, #2136 ) ;
#150 = CARTESIAN_POINT ( 'NONE',  ( 3.499999999999973355, -41.49999999999999289, -13.90000000000000213 ) ) ;
#151 = EDGE_CURVE ( 'NONE', #712, #44, #1507, .T. ) ;
#152 = CARTESIAN_POINT ( 'NONE',  ( 0.000000000000000000, 37.00000000000000000, 8.499999999999998224 ) ) ;
#153 = VERTEX_POINT ( 'NONE', #1338 ) ;
#154 = CARTESIAN_POINT ( 'NONE',  ( 0.000000000000000000, -22.39999999999985292, 11.79999999999683880 ) ) ;
#155 = EDGE_LOOP ( 'NONE', ( #866, #2165 ) ) ;
#156 = EDGE_CURVE ( 'NONE', #1804, #1308, #308, .T. ) ;
#157 = FACE_BOUND ( 'NONE', #843, .T. ) ;
#158 = ORIENTED_EDGE ( 'NONE', *, *, #1843, .T. ) ;
#159 = LINE ( 'NONE', #430, #90 ) ;
#160 = DIRECTION ( 'NONE',  ( -1.000000000000000000, 0.000000000000000000, -0.000000000000000000 ) ) ;
#161 = ORIENTED_EDGE ( 'NONE', *, *, #777, .T. ) ;
#162 = CARTESIAN_POINT ( 'NONE',  ( 4.873213749466110301, -23.99999999999977973, 11.79999999999689564 ) ) ;
#163 = CIRCLE ( 'NONE', #1598, 1.600000000000002531 ) ;
#164 = ORIENTED_EDGE ( 'NONE', *, *, #1395, .F. ) ;
#165 = ADVANCED_FACE ( 'NONE', ( #996 ), #1685, .F. ) ;
#166 = CONICAL_SURFACE ( 'NONE', #341, 1.599999999999998090, 0.7853981633974509435 ) ;
#167 = AXIS2_PLACEMENT_3D ( 'NONE', #1792, #1451, #2140 ) ;
#168 = VERTEX_POINT ( 'NONE', #1379 ) ;
#169 = CARTESIAN_POINT ( 'NONE',  ( 0.000000000000000000, -44.00000000000000000, -18.50000000000000000 ) ) ;
#170 = AXIS2_PLACEMENT_3D ( 'NONE', #382, #1248, #1269 ) ;
#171 = CARTESIAN_POINT ( 'NONE',  ( -5.000000000000000000, -33.16741350944804623, -14.12074842475487024 ) ) ;
#172 = AXIS2_PLACEMENT_3D ( 'NONE', #248, #424, #1266 ) ;
#173 = VECTOR ( 'NONE', #1715, 1000.000000000000000 ) ;
#174 = CARTESIAN_POINT ( 'NONE',  ( 0.000000000000000000, 28.46963292914841404, 12.68888888888675659 ) ) ;
#175 = EDGE_CURVE ( 'NONE', #1194, #1724, #200, .T. ) ;
#176 = ORIENTED_EDGE ( 'NONE', *, *, #1525, .F. ) ;
#177 = CARTESIAN_POINT ( 'NONE',  ( 0.000000000000000000, 37.00000000000000000, 11.50000000000000000 ) ) ;
#178 = ORIENTED_EDGE ( 'NONE', *, *, #1478, .F. ) ;
#179 = DIRECTION ( 'NONE',  ( -1.000000000000000000, 0.000000000000000000, -0.000000000000000000 ) ) ;
#180 = VERTEX_POINT ( 'NONE', #505 ) ;
#181 = FACE_OUTER_BOUND ( 'NONE', #1136, .T. ) ;
#182 = DIRECTION ( 'NONE',  ( -0.000000000000000000, -1.000000000000000000, -0.000000000000000000 ) ) ;
#183 = EDGE_CURVE ( 'NONE', #334, #1954, #1914, .T. ) ;
#184 = CARTESIAN_POINT ( 'NONE',  ( 5.000000000000000000, 31.40000000000257074, 11.80000000000025295 ) ) ;
#185 = ORIENTED_EDGE ( 'NONE', *, *, #1122, .T. ) ;
#186 = DIRECTION ( 'NONE',  ( 0.000000000000000000, 0.000000000000000000, -1.000000000000000000 ) ) ;
#187 = ADVANCED_FACE ( 'NONE', ( #1028 ), #1402, .F. ) ;
#188 = ORIENTED_EDGE ( 'NONE', *, *, #1435, .T. ) ;
#189 = EDGE_CURVE ( 'NONE', #1308, #1804, #1740, .T. ) ;
#190 = DIRECTION ( 'NONE',  ( 1.000000000000000000, 0.000000000000000000, 0.000000000000000000 ) ) ;
#191 = VERTEX_POINT ( 'NONE', #1883 ) ;
#192 = PLANE ( 'NONE',  #628 ) ;
#193 = CARTESIAN_POINT ( 'NONE',  ( 3.499999999999973355, -41.49999999999999289, -13.90000000000000213 ) ) ;
#194 = PRODUCT_RELATED_PRODUCT_CATEGORY ( 'part', '', ( #1430 ) ) ;
#195 = CARTESIAN_POINT ( 'NONE',  ( 5.000000000000000000, -41.49999999999999289, -1.400000000000001021 ) ) ;
#196 = ADVANCED_FACE ( 'NONE', ( #1729 ), #484, .F. ) ;
#197 = CARTESIAN_POINT ( 'NONE',  ( 5.000000000000000000, 26.80667409058156281, 13.79999999999679439 ) ) ;
#198 = DIRECTION ( 'NONE',  ( 1.000000000000000000, -0.000000000000000000, 0.000000000000000000 ) ) ;
#199 = ORIENTED_EDGE ( 'NONE', *, *, #1524, .F. ) ;
#200 = CIRCLE ( 'NONE', #945, 3.100000000000008971 ) ;
#201 = FACE_OUTER_BOUND ( 'NONE', #1646, .T. ) ;
#202 = VERTEX_POINT ( 'NONE', #695 ) ;
#203 = CARTESIAN_POINT ( 'NONE',  ( 0.000000000000000000, -0.000000000000000000, 8.499999999999998224 ) ) ;
#204 = AXIS2_PLACEMENT_3D ( 'NONE', #1940, #236, #250 ) ;
#205 = EDGE_CURVE ( 'NONE', #537, #168, #129, .T. ) ;
#206 = AXIS2_PLACEMENT_3D ( 'NONE', #611, #276, #1970 ) ;
#207 = CARTESIAN_POINT ( 'NONE',  ( 0.000000000000000000, -41.49999999999999289, -4.599999999999996980 ) ) ;
#208 = DIRECTION ( 'NONE',  ( -1.000000000000000000, -0.000000000000000000, -0.000000000000000000 ) ) ;
#209 = AXIS2_PLACEMENT_3D ( 'NONE', #2025, #296, #473 ) ;
#210 = ORIENTED_EDGE ( 'NONE', *, *, #26, .F. ) ;
#211 = CARTESIAN_POINT ( 'NONE',  ( 3.500000000000014211, 41.49999999999999289, -2.099999999999998757 ) ) ;
#212 = VECTOR ( 'NONE', #556, 1000.000000000000000 ) ;
#213 = AXIS2_PLACEMENT_3D ( 'NONE', #154, #1309, #1654 ) ;
#214 = ORIENTED_EDGE ( 'NONE', *, *, #785, .T. ) ;
#215 = CIRCLE ( 'NONE', #607, 1.599999999999998090 ) ;
#216 = CARTESIAN_POINT ( 'NONE',  ( 5.000000000000000000, -44.00000000000000000, 18.50000000000000000 ) ) ;
#217 = ORIENTED_EDGE ( 'NONE', *, *, #364, .T. ) ;
#218 = DIRECTION ( 'NONE',  ( 0.000000000000000000, 0.000000000000000000, 1.000000000000000000 ) ) ;
#219 = CARTESIAN_POINT ( 'NONE',  ( 4.476344936519837781, 44.00000000000000000, -1.141994808806378936 ) ) ;
#220 = DIRECTION ( 'NONE',  ( -1.000000000000000000, -0.000000000000000000, -0.000000000000000000 ) ) ;
#221 = EDGE_CURVE ( 'NONE', #734, #557, #1562, .T. ) ;
#222 = CARTESIAN_POINT ( 'NONE',  ( 4.899999999999963940, -41.49999999999999289, -18.50000000000000000 ) ) ;
#223 = FACE_OUTER_BOUND ( 'NONE', #1055, .T. ) ;
#224 = ORIENTED_EDGE ( 'NONE', *, *, #620, .T. ) ;
#225 = LINE ( 'NONE', #1592, #1928 ) ;
#226 = VERTEX_POINT ( 'NONE', #717 ) ;
#227 = DIRECTION ( 'NONE',  ( 0.000000000000000000, 0.000000000000000000, -1.000000000000000000 ) ) ;
#228 = ADVANCED_FACE ( 'NONE', ( #345 ), #701, .F. ) ;
#229 = CARTESIAN_POINT ( 'NONE',  ( 4.415830001827180773, 44.00000000000000000, -0.8224975979704107765 ) ) ;
#230 = DIRECTION ( 'NONE',  ( -1.000000000000000000, -0.000000000000000000, -0.000000000000000000 ) ) ;
#231 = ORIENTED_EDGE ( 'NONE', *, *, #2149, .F. ) ;
#232 = CARTESIAN_POINT ( 'NONE',  ( -5.000000000000000000, -36.82660368508225446, 1.226869361897654498 ) ) ;
#233 = EDGE_LOOP ( 'NONE', ( #1479, #2081, #1569, #1971 ) ) ;
#234 = CARTESIAN_POINT ( 'NONE',  ( 0.000000000000000000, -44.00000000000000000, 5.499999999999998224 ) ) ;
#235 = VERTEX_POINT ( 'NONE', #1187 ) ;
#236 = DIRECTION ( 'NONE',  ( 1.000000000000000000, 0.000000000000000000, 0.000000000000000000 ) ) ;
#237 = DIRECTION ( 'NONE',  ( 1.000000000000000000, 0.000000000000000000, 0.000000000000000000 ) ) ;
#238 = VECTOR ( 'NONE', #1931, 1000.000000000000000 ) ;
#239 = AXIS2_PLACEMENT_3D ( 'NONE', #1467, #1624, #1263 ) ;
#240 = CARTESIAN_POINT ( 'NONE',  ( 5.000000000000000000, 41.49999999999999289, 2.600000000000004974 ) ) ;
#241 = ORIENTED_EDGE ( 'NONE', *, *, #1943, .T. ) ;
#242 = AXIS2_PLACEMENT_3D ( 'NONE', #1639, #1153, #104 ) ;
#243 = DIRECTION ( 'NONE',  ( -1.000000000000000000, -0.000000000000000000, -0.000000000000000000 ) ) ;
#244 = ADVANCED_FACE ( 'NONE', ( #1721 ), #335, .F. ) ;
#245 = ORIENTED_EDGE ( 'NONE', *, *, #1978, .F. ) ;
#246 = AXIS2_PLACEMENT_3D ( 'NONE', #539, #1719, #514 ) ;
#247 = AXIS2_PLACEMENT_3D ( 'NONE', #1203, #1056, #43 ) ;
#248 = CARTESIAN_POINT ( 'NONE',  ( 3.499999999999973799, 41.50000000000000711, -15.49999999999999289 ) ) ;
#249 = VERTEX_POINT ( 'NONE', #687 ) ;
#250 = DIRECTION ( 'NONE',  ( 0.000000000000000000, 0.000000000000000000, -1.000000000000000000 ) ) ;
#251 = CARTESIAN_POINT ( 'NONE',  ( 5.000000000000000000, -42.28102496759079543, -18.50000000000000000 ) ) ;
#252 = CARTESIAN_POINT ( 'NONE',  ( 0.000000000000000000, -23.99999999999977973, -8.200000000003104361 ) ) ;
#253 = CARTESIAN_POINT ( 'NONE',  ( 5.000000000000000000, 31.40000000000257074, 11.80000000000025295 ) ) ;
#254 = ADVANCED_FACE ( 'NONE', ( #181 ), #13, .F. ) ;
#255 = FACE_OUTER_BOUND ( 'NONE', #1602, .T. ) ;
#256 = ORIENTED_EDGE ( 'NONE', *, *, #2090, .T. ) ;
#257 = DIRECTION ( 'NONE',  ( -1.000000000000000000, -0.000000000000000000, -0.000000000000000000 ) ) ;
#258 = ORIENTED_EDGE ( 'NONE', *, *, #962, .F. ) ;
#259 = CARTESIAN_POINT ( 'NONE',  ( -5.000000000000000000, -33.16741350944804623, -14.12074842475487024 ) ) ;
#260 = EDGE_CURVE ( 'NONE', #65, #1230, #163, .T. ) ;
#261 = DIRECTION ( 'NONE',  ( 0.000000000000000000, -0.000000000000000000, -1.000000000000000000 ) ) ;
#262 = CARTESIAN_POINT ( 'NONE',  ( 5.000000000000000000, 44.00000000000000000, -17.33303027798235973 ) ) ;
#263 = ADVANCED_FACE ( 'NONE', ( #885 ), #192, .F. ) ;
#264 = DIRECTION ( 'NONE',  ( 1.000000000000000000, 0.000000000000000000, 0.000000000000000000 ) ) ;
#265 = EDGE_CURVE ( 'NONE', #1044, #537, #541, .T. ) ;
#266 = CARTESIAN_POINT ( 'NONE',  ( 5.000000000000000000, -23.99999999999977973, 11.79999999999689564 ) ) ;
#267 = ORIENTED_EDGE ( 'NONE', *, *, #265, .T. ) ;
#268 = ORIENTED_EDGE ( 'NONE', *, *, #1525, .T. ) ;
#269 = DIRECTION ( 'NONE',  ( 1.000000000000000000, 0.000000000000000000, 0.000000000000000000 ) ) ;
#270 = DIRECTION ( 'NONE',  ( 0.000000000000000000, 1.000000000000000000, 0.000000000000000000 ) ) ;
#271 = EDGE_CURVE ( 'NONE', #1981, #1444, #2175, .T. ) ;
#272 = LINE ( 'NONE', #2151, #140 ) ;
#273 = CARTESIAN_POINT ( 'NONE',  ( 4.686711185517896006, 44.00000000000001421, -14.23625201608921209 ) ) ;
#274 = DIRECTION ( 'NONE',  ( 1.000000000000000000, 0.000000000000000000, 0.000000000000000000 ) ) ;
#275 = AXIS2_PLACEMENT_3D ( 'NONE', #2121, #1632, #1599 ) ;
#276 = DIRECTION ( 'NONE',  ( 1.000000000000000000, 0.000000000000000000, 0.000000000000000000 ) ) ;
#277 = VECTOR ( 'NONE', #208, 1000.000000000000000 ) ;
#278 = ORIENTED_EDGE ( 'NONE', *, *, #1212, .F. ) ;
#279 = VECTOR ( 'NONE', #1066, 1000.000000000000000 ) ;
#280 = AXIS2_PLACEMENT_3D ( 'NONE', #1409, #257, #1948 ) ;
#281 = EDGE_LOOP ( 'NONE', ( #826, #307, #1469, #1236 ) ) ;
#282 = FACE_OUTER_BOUND ( 'NONE', #545, .T. ) ;
#283 = CIRCLE ( 'NONE', #1789, 1.999999999999750200 ) ;
#284 = CARTESIAN_POINT ( 'NONE',  ( 3.499999999999973799, 41.50000000000000711, -15.49999999999999289 ) ) ;
#285 = ORIENTED_EDGE ( 'NONE', *, *, #1844, .F. ) ;
#286 =( LENGTH_UNIT ( ) NAMED_UNIT ( * ) SI_UNIT ( .MILLI., .METRE. ) );
#287 = CYLINDRICAL_SURFACE ( 'NONE', #1961, 1.600000000000002531 ) ;
#288 = EDGE_CURVE ( 'NONE', #452, #444, #1051, .T. ) ;
#289 = CARTESIAN_POINT ( 'NONE',  ( 4.686711185517903999, -44.00000000000001421, -4.263747983910779027 ) ) ;
#290 = ORIENTED_EDGE ( 'NONE', *, *, #1294, .F. ) ;
#291 = CARTESIAN_POINT ( 'NONE',  ( 5.000000000000000000, 31.00000000000000000, 18.50000000000000000 ) ) ;
#292 = EDGE_LOOP ( 'NONE', ( #298, #1572, #694, #1702 ) ) ;
#293 = CARTESIAN_POINT ( 'NONE',  ( 0.000000000000000000, -41.49999999999999289, -2.999999999999999112 ) ) ;
#294 = FILL_AREA_STYLE ('',( #1657 ) ) ;
#295 = DIRECTION ( 'NONE',  ( 0.000000000000000000, 0.000000000000000000, 1.000000000000000000 ) ) ;
#296 = DIRECTION ( 'NONE',  ( 1.000000000000000000, 0.000000000000000000, 0.000000000000000000 ) ) ;
#297 = DIRECTION ( 'NONE',  ( 0.000000000000000000, 0.000000000000000000, 1.000000000000000000 ) ) ;
#298 = ORIENTED_EDGE ( 'NONE', *, *, #972, .F. ) ;
#299 = DIRECTION ( 'NONE',  ( 0.000000000000000000, 0.000000000000000000, -1.000000000000000000 ) ) ;
#300 = ORIENTED_EDGE ( 'NONE', *, *, #1678, .F. ) ;
#301 = DIRECTION ( 'NONE',  ( 0.000000000000000000, 0.000000000000000000, -1.000000000000000000 ) ) ;
#302 = CYLINDRICAL_SURFACE ( 'NONE', #1207, 2.999999999999999112 ) ;
#303 = ADVANCED_FACE ( 'NONE', ( #426 ), #1606, .F. ) ;
#304 = VERTEX_POINT ( 'NONE', #1291 ) ;
#305 = CARTESIAN_POINT ( 'NONE',  ( -5.000000000000000000, 44.00000000000000000, 8.499999999999998224 ) ) ;
#306 = CARTESIAN_POINT ( 'NONE',  ( 0.000000000000000000, 30.99999999999999645, 15.50000000000000000 ) ) ;
#307 = ORIENTED_EDGE ( 'NONE', *, *, #1941, .F. ) ;
#308 = CIRCLE ( 'NONE', #1312, 1.600000000000002531 ) ;
#309 = DIRECTION ( 'NONE',  ( 0.000000000000000000, 0.000000000000000000, -1.000000000000000000 ) ) ;
#310 = AXIS2_PLACEMENT_3D ( 'NONE', #75, #1083, #1777 ) ;
#311 = VERTEX_POINT ( 'NONE', #594 ) ;
#312 = CARTESIAN_POINT ( 'NONE',  ( 5.000000000000000000, -25.99999999999999645, -15.10000000000003340 ) ) ;
#313 = CIRCLE ( 'NONE', #811, 3.100000000000033396 ) ;
#314 = ORIENTED_EDGE ( 'NONE', *, *, #271, .T. ) ;
#315 = DIRECTION ( 'NONE',  ( 0.000000000000000000, 0.000000000000000000, -1.000000000000000000 ) ) ;
#316 = AXIS2_PLACEMENT_3D ( 'NONE', #746, #1582, #1761 ) ;
#317 = DIRECTION ( 'NONE',  ( -1.000000000000000000, -0.000000000000000000, -0.000000000000000000 ) ) ;
#318 = AXIS2_PLACEMENT_3D ( 'NONE', #1837, #1512, #299 ) ;
#319 = CARTESIAN_POINT ( 'NONE',  ( 0.000000000000000000, -19.40667409058077908, 11.79999999999684590 ) ) ;
#320 = VERTEX_POINT ( 'NONE', #70 ) ;
#321 = EDGE_CURVE ( 'NONE', #1274, #465, #2070, .T. ) ;
#322 = DIRECTION ( 'NONE',  ( 0.000000000000000000, -0.000000000000000000, 1.000000000000000000 ) ) ;
#323 = VERTEX_POINT ( 'NONE', #748 ) ;
#324 = DIRECTION ( 'NONE',  ( 1.000000000000000000, 0.000000000000000000, 0.000000000000000000 ) ) ;
#325 = EDGE_LOOP ( 'NONE', ( #37, #1937, #1365, #1353 ) ) ;
#326 = DIRECTION ( 'NONE',  ( 1.000000000000000000, 0.000000000000000000, 0.000000000000000000 ) ) ;
#327 = DIRECTION ( 'NONE',  ( 1.000000000000000000, 0.000000000000000000, 0.000000000000000000 ) ) ;
#328 = EDGE_CURVE ( 'NONE', #323, #593, #1992, .T. ) ;
#329 = DIRECTION ( 'NONE',  ( 0.000000000000000000, 0.000000000000000000, -1.000000000000000000 ) ) ;
#330 = ORIENTED_EDGE ( 'NONE', *, *, #584, .F. ) ;
#331 = LINE ( 'NONE', #1477, #567 ) ;
#332 = ORIENTED_EDGE ( 'NONE', *, *, #1919, .F. ) ;
#333 = CYLINDRICAL_SURFACE ( 'NONE', #246, 2.999999999999999112 ) ;
#334 = VERTEX_POINT ( 'NONE', #758 ) ;
#335 = CYLINDRICAL_SURFACE ( 'NONE', #1916, 1.599999999999990319 ) ;
#336 = CARTESIAN_POINT ( 'NONE',  ( 5.000000000000000000, -30.99999999999999645, 18.50000000000000000 ) ) ;
#337 = CARTESIAN_POINT ( 'NONE',  ( 5.000000000000000000, -44.00000000000000000, 5.499999999999998224 ) ) ;
#338 = ORIENTED_EDGE ( 'NONE', *, *, #2008, .T. ) ;
#339 = FACE_OUTER_BOUND ( 'NONE', #580, .T. ) ;
#340 = VERTEX_POINT ( 'NONE', #1424 ) ;
#341 = AXIS2_PLACEMENT_3D ( 'NONE', #2129, #787, #396 ) ;
#342 = CARTESIAN_POINT ( 'NONE',  ( 5.000000000000000000, 44.00000000000000000, 18.50000000000000000 ) ) ;
#343 = CIRCLE ( 'NONE', #1710, 3.100000000000008971 ) ;
#344 = ORIENTED_EDGE ( 'NONE', *, *, #1506, .F. ) ;
#345 = FACE_OUTER_BOUND ( 'NONE', #990, .T. ) ;
#346 = AXIS2_PLACEMENT_3D ( 'NONE', #608, #1426, #2118 ) ;
#347 = CARTESIAN_POINT ( 'NONE',  ( 3.499999999999986677, -41.49999999999999289, -2.999999999999999112 ) ) ;
#348 = EDGE_CURVE ( 'NONE', #1826, #540, #1024, .T. ) ;
#349 = CIRCLE ( 'NONE', #1463, 1.599999999999997202 ) ;
#350 = CIRCLE ( 'NONE', #2190, 3.100000000000033396 ) ;
#351 = CARTESIAN_POINT ( 'NONE',  ( 0.000000000000000000, -19.40667409058060500, -10.20000000000307594 ) ) ;
#352 = ORIENTED_EDGE ( 'NONE', *, *, #1080, .F. ) ;
#353 = EDGE_CURVE ( 'NONE', #2145, #109, #1385, .T. ) ;
#354 = CARTESIAN_POINT ( 'NONE',  ( 3.499999999999973355, -41.49999999999999289, -15.50000000000000000 ) ) ;
#355 = EDGE_CURVE ( 'NONE', #153, #692, #2125, .T. ) ;
#356 = EDGE_LOOP ( 'NONE', ( #995, #1265, #2122, #395 ) ) ;
#357 = CARTESIAN_POINT ( 'NONE',  ( 4.915030422794754550, -23.99999999999977973, 11.74348640540713085 ) ) ;
#358 = ORIENTED_EDGE ( 'NONE', *, *, #151, .T. ) ;
#359 = DIRECTION ( 'NONE',  ( 0.000000000000000000, 0.000000000000000000, 1.000000000000000000 ) ) ;
#360 = CARTESIAN_POINT ( 'NONE',  ( 5.000000000000000000, -41.49999999999999289, -15.50000000000000000 ) ) ;
#361 = DIRECTION ( 'NONE',  ( 1.000000000000000000, -0.000000000000000000, 0.000000000000000000 ) ) ;
#362 = VERTEX_POINT ( 'NONE', #400 ) ;
#363 = CARTESIAN_POINT ( 'NONE',  ( 4.518042191571487898, -23.80495679651740559, 12.57053801592921438 ) ) ;
#364 = EDGE_CURVE ( 'NONE', #1444, #468, #581, .T. ) ;
#365 = ORIENTED_EDGE ( 'NONE', *, *, #1941, .T. ) ;
#366 = DIRECTION ( 'NONE',  ( 1.000000000000000000, 0.000000000000000000, 0.000000000000000000 ) ) ;
#367 = ORIENTED_EDGE ( 'NONE', *, *, #1147, .T. ) ;
#368 = DIRECTION ( 'NONE',  ( 0.000000000000000000, 0.000000000000000000, 1.000000000000000000 ) ) ;
#369 = EDGE_CURVE ( 'NONE', #1202, #1290, #806, .T. ) ;
#370 = DIRECTION ( 'NONE',  ( 0.000000000000000000, 0.000000000000000000, 1.000000000000000000 ) ) ;
#371 = CARTESIAN_POINT ( 'NONE',  ( 5.000000000000000000, -44.00000000000000000, -18.50000000000000000 ) ) ;
#372 = ORIENTED_EDGE ( 'NONE', *, *, #698, .T. ) ;
#373 = CARTESIAN_POINT ( 'NONE',  ( 5.000000000000000000, -44.00000000000000000, -13.66696972201761007 ) ) ;
#374 = ORIENTED_EDGE ( 'NONE', *, *, #648, .T. ) ;
#375 = AXIS2_PLACEMENT_3D ( 'NONE', #38, #1550, #1411 ) ;
#376 = CARTESIAN_POINT ( 'NONE',  ( 5.000000000000000000, -25.99999999999999645, 14.00000000000000000 ) ) ;
#377 = ORIENTED_EDGE ( 'NONE', *, *, #355, .T. ) ;
#378 = CARTESIAN_POINT ( 'NONE',  ( 3.499999999999976907, -25.99999999999999645, 14.00000000000000000 ) ) ;
#379 = VECTOR ( 'NONE', #827, 1000.000000000000000 ) ;
#380 = EDGE_CURVE ( 'NONE', #1230, #65, #1635, .T. ) ;
#381 = VECTOR ( 'NONE', #1976, 1000.000000000000000 ) ;
#382 = CARTESIAN_POINT ( 'NONE',  ( 5.000000000000000000, 29.80000000000222116, 11.79999999999850857 ) ) ;
#383 = CARTESIAN_POINT ( 'NONE',  ( 5.000000000000000000, -41.49999999999999289, -2.999999999999999112 ) ) ;
#384 = COLOUR_RGB ( '',0.7921568627450980005, 0.8196078431372548767, 0.9333333333333333481 ) ;
#385 = EDGE_LOOP ( 'NONE', ( #1397, #1142 ) ) ;
#386 = CARTESIAN_POINT ( 'NONE',  ( 4.515240948601176640, -23.75905733044722012, 12.64895136833710509 ) ) ;
#387 = AXIS2_PLACEMENT_3D ( 'NONE', #354, #1238, #1555 ) ;
#388 = EDGE_CURVE ( 'NONE', #1866, #924, #1087, .T. ) ;
#389 = ORIENTED_EDGE ( 'NONE', *, *, #353, .F. ) ;
#390 = FACE_OUTER_BOUND ( 'NONE', #788, .T. ) ;
#391 = VERTEX_POINT ( 'NONE', #1278 ) ;
#392 = DIRECTION ( 'NONE',  ( 1.000000000000000000, 0.000000000000000000, 0.000000000000000000 ) ) ;
#393 = CARTESIAN_POINT ( 'NONE',  ( 4.477645950643678319, 43.99999999999999289, 0.1471838812671206198 ) ) ;
#394 = CARTESIAN_POINT ( 'NONE',  ( 0.000000000000000000, -37.00000000000000000, 8.499999999999998224 ) ) ;
#395 = ORIENTED_EDGE ( 'NONE', *, *, #2185, .T. ) ;
#396 = DIRECTION ( 'NONE',  ( 0.000000000000000000, 0.000000000000000000, -1.000000000000000000 ) ) ;
#397 = ORIENTED_EDGE ( 'NONE', *, *, #328, .F. ) ;
#398 = CARTESIAN_POINT ( 'NONE',  ( 5.000000000000000000, -25.99999999999999645, -10.39999999999999858 ) ) ;
#399 = ORIENTED_EDGE ( 'NONE', *, *, #1442, .F. ) ;
#400 = CARTESIAN_POINT ( 'NONE',  ( 0.000000000000000000, 44.00000000000000000, 5.499999999999998224 ) ) ;
#401 = CARTESIAN_POINT ( 'NONE',  ( 5.000000000000000000, -44.00000000000000000, -18.50000000000000000 ) ) ;
#402 = EDGE_CURVE ( 'NONE', #1335, #1472, #2139, .T. ) ;
#403 = CYLINDRICAL_SURFACE ( 'NONE', #632, 1.599999999999997202 ) ;
#404 = ORIENTED_EDGE ( 'NONE', *, *, #1497, .T. ) ;
#405 = DIRECTION ( 'NONE',  ( -1.000000000000000000, -0.000000000000000000, 0.000000000000000000 ) ) ;
#406 = ORIENTED_EDGE ( 'NONE', *, *, #2048, .T. ) ;
#407 = CYLINDRICAL_SURFACE ( 'NONE', #1787, 1.600000000000002531 ) ;
#408 = ORIENTED_EDGE ( 'NONE', *, *, #518, .T. ) ;
#409 = LINE ( 'NONE', #1771, #984 ) ;
#410 = CYLINDRICAL_SURFACE ( 'NONE', #346, 1.999999999999750200 ) ;
#411 = AXIS2_PLACEMENT_3D ( 'NONE', #2082, #862, #1197 ) ;
#412 = EDGE_CURVE ( 'NONE', #1816, #732, #409, .T. ) ;
#413 = VECTOR ( 'NONE', #1311, 1000.000000000000000 ) ;
#414 = CARTESIAN_POINT ( 'NONE',  ( 0.000000000000000000, -21.06963292914698016, 12.68888888888571387 ) ) ;
#415 = ADVANCED_FACE ( 'NONE', ( #1096 ), #1076, .F. ) ;
#416 = ORIENTED_EDGE ( 'NONE', *, *, #1144, .T. ) ;
#417 = AXIS2_PLACEMENT_3D ( 'NONE', #383, #2224, #889 ) ;
#418 = AXIS2_PLACEMENT_3D ( 'NONE', #1798, #907, #261 ) ;
#419 = DIRECTION ( 'NONE',  ( -1.000000000000000000, -0.000000000000000000, -0.000000000000000000 ) ) ;
#420 = ORIENTED_EDGE ( 'NONE', *, *, #498, .F. ) ;
#421 = AXIS2_PLACEMENT_3D ( 'NONE', #1516, #1328, #625 ) ;
#422 = EDGE_CURVE ( 'NONE', #1116, #320, #1708, .T. ) ;
#423 = CIRCLE ( 'NONE', #1174, 1.600000000000267875 ) ;
#424 = DIRECTION ( 'NONE',  ( 1.000000000000000000, 0.000000000000000000, 0.000000000000000000 ) ) ;
#425 = ORIENTED_EDGE ( 'NONE', *, *, #402, .F. ) ;
#426 = FACE_OUTER_BOUND ( 'NONE', #1625, .T. ) ;
#427 = CARTESIAN_POINT ( 'NONE',  ( 4.833525990092349289, 43.99999999999999289, -2.051491322018248020 ) ) ;
#428 = EDGE_CURVE ( 'NONE', #1487, #96, #1453, .T. ) ;
#429 = CARTESIAN_POINT ( 'NONE',  ( 4.520412350850543604, 43.99999999999999289, -16.29821474836398920 ) ) ;
#430 = CARTESIAN_POINT ( 'NONE',  ( 5.000000000000000000, -19.40667409058060500, -8.200000000003026202 ) ) ;
#431 = DIRECTION ( 'NONE',  ( -1.000000000000000000, -0.000000000000000000, -0.000000000000000000 ) ) ;
#432 = ORIENTED_EDGE ( 'NONE', *, *, #1362, .T. ) ;
#433 = EDGE_CURVE ( 'NONE', #168, #537, #2177, .T. ) ;
#434 = ORIENTED_EDGE ( 'NONE', *, *, #1917, .T. ) ;
#435 = DIRECTION ( 'NONE',  ( 0.000000000000000000, 0.000000000000000000, -1.000000000000000000 ) ) ;
#436 = CYLINDRICAL_SURFACE ( 'NONE', #1716, 1.600000000000002531 ) ;
#437 = DIRECTION ( 'NONE',  ( -1.000000000000000000, -0.000000000000000000, -0.000000000000000000 ) ) ;
#438 = DIRECTION ( 'NONE',  ( -1.000000000000000000, -0.000000000000000000, -0.000000000000000000 ) ) ;
#439 = CARTESIAN_POINT ( 'NONE',  ( 5.000000000000000000, 31.00000000000000000, 18.50000000000000000 ) ) ;
#440 = EDGE_LOOP ( 'NONE', ( #1930, #1748, #457, #1980 ) ) ;
#441 = ORIENTED_EDGE ( 'NONE', *, *, #812, .F. ) ;
#442 = DIRECTION ( 'NONE',  ( 0.000000000000000000, 0.000000000000000000, -1.000000000000000000 ) ) ;
#443 = DIRECTION ( 'NONE',  ( 0.000000000000000000, 0.000000000000000000, -1.000000000000000000 ) ) ;
#444 = VERTEX_POINT ( 'NONE', #1618 ) ;
#445 = CARTESIAN_POINT ( 'NONE',  ( 0.000000000000000000, -36.82660368508225446, -0.02313063810234321227 ) ) ;
#446 = ADVANCED_FACE ( 'NONE', ( #1963 ), #1656, .T. ) ;
#447 = AXIS2_PLACEMENT_3D ( 'NONE', #1164, #930, #326 ) ;
#448 = CARTESIAN_POINT ( 'NONE',  ( 5.000000000000000000, -44.00000000000000000, -13.66696972201761007 ) ) ;
#449 = AXIS2_PLACEMENT_3D ( 'NONE', #1850, #1829, #301 ) ;
#450 = CARTESIAN_POINT ( 'NONE',  ( 5.000000000000000000, -33.99999999999999289, 11.50000000000000000 ) ) ;
#451 = VECTOR ( 'NONE', #1773, 1000.000000000000000 ) ;
#452 = VERTEX_POINT ( 'NONE', #122 ) ;
#453 = DIRECTION ( 'NONE',  ( -1.000000000000000000, -0.000000000000000000, -0.000000000000000000 ) ) ;
#454 = CIRCLE ( 'NONE', #170, 1.600000000000351141 ) ;
#455 = ADVANCED_FACE ( 'NONE', ( #1470 ), #2180, .F. ) ;
#456 = AXIS2_PLACEMENT_3D ( 'NONE', #792, #2169, #2206 ) ;
#457 = ORIENTED_EDGE ( 'NONE', *, *, #1698, .F. ) ;
#458 = CARTESIAN_POINT ( 'NONE',  ( 0.000000000000000000, -41.49999999999999289, -17.09999999999999787 ) ) ;
#459 = CIRCLE ( 'NONE', #2113, 1.249999999999997558 ) ;
#460 = DIRECTION ( 'NONE',  ( 0.000000000000000000, 0.000000000000000000, -1.000000000000000000 ) ) ;
#461 = VERTEX_POINT ( 'NONE', #638 ) ;
#462 = DIRECTION ( 'NONE',  ( -1.000000000000000000, -0.000000000000000000, -0.000000000000000000 ) ) ;
#463 = CARTESIAN_POINT ( 'NONE',  ( 3.499999999999976907, -25.99999999999999645, -10.39999999999999858 ) ) ;
#464 = DIRECTION ( 'NONE',  ( 0.000000000000000000, 0.000000000000000000, -1.000000000000000000 ) ) ;
#465 = VERTEX_POINT ( 'NONE', #801 ) ;
#466 = DIRECTION ( 'NONE',  ( 0.000000000000000000, 0.000000000000000000, 1.000000000000000000 ) ) ;
#467 = EDGE_CURVE ( 'NONE', #1290, #1202, #1129, .T. ) ;
#468 = VERTEX_POINT ( 'NONE', #1140 ) ;
#469 = DIRECTION ( 'NONE',  ( 1.000000000000000000, -0.000000000000000000, 0.000000000000000000 ) ) ;
#470 = CARTESIAN_POINT ( 'NONE',  ( 5.000000000000000000, -25.99999999999999645, -12.00000000000000000 ) ) ;
#471 = ORIENTED_EDGE ( 'NONE', *, *, #1300, .F. ) ;
#472 = DIRECTION ( 'NONE',  ( -1.000000000000000000, -0.000000000000000000, -0.000000000000000000 ) ) ;
#473 = DIRECTION ( 'NONE',  ( 0.000000000000000000, 0.000000000000000000, 1.000000000000000000 ) ) ;
#474 = EDGE_CURVE ( 'NONE', #444, #1864, #1098, .T. ) ;
#475 = CARTESIAN_POINT ( 'NONE',  ( 5.000000000000000000, 29.80000000000222116, 11.79999999999850857 ) ) ;
#476 = ORIENTED_EDGE ( 'NONE', *, *, #2008, .F. ) ;
#477 = CARTESIAN_POINT ( 'NONE',  ( 5.000000000000000000, 31.40000000000257074, -8.200000000006461676 ) ) ;
#478 = EDGE_LOOP ( 'NONE', ( #50, #2207, #1523, #1869 ) ) ;
#479 = CARTESIAN_POINT ( 'NONE',  ( 0.000000000000000000, -33.99999999999999289, 0.000000000000000000 ) ) ;
#480 = DIRECTION ( 'NONE',  ( 1.000000000000000000, 0.000000000000000000, 0.000000000000000000 ) ) ;
#481 = CARTESIAN_POINT ( 'NONE',  ( 3.499999999999973355, -41.49999999999999289, -15.50000000000000000 ) ) ;
#482 = DIRECTION ( 'NONE',  ( 1.000000000000000000, 0.000000000000000000, 0.000000000000000000 ) ) ;
#483 = ADVANCED_FACE ( 'NONE', ( #282, #1839, #614, #2195, #1127, #2168 ), #1817, .T. ) ;
#484 = CONICAL_SURFACE ( 'NONE', #1634, 1.599999999999997202, 0.7853981633974511656 ) ;
#485 = LINE ( 'NONE', #1167, #1059 ) ;
#486 = VERTEX_POINT ( 'NONE', #978 ) ;
#487 = AXIS2_PLACEMENT_3D ( 'NONE', #815, #442, #146 ) ;
#488 = DIRECTION ( 'NONE',  ( 0.000000000000000000, 0.000000000000000000, -1.000000000000000000 ) ) ;
#489 = ORIENTED_EDGE ( 'NONE', *, *, #32, .T. ) ;
#490 = AXIS2_PLACEMENT_3D ( 'NONE', #2095, #550, #2220 ) ;
#491 = VECTOR ( 'NONE', #1552, 1000.000000000000000 ) ;
#492 = DIRECTION ( 'NONE',  ( 0.000000000000000000, 0.000000000000000000, -1.000000000000000000 ) ) ;
#493 = ORIENTED_EDGE ( 'NONE', *, *, #2213, .F. ) ;
#494 = DIRECTION ( 'NONE',  ( 1.000000000000000000, 0.000000000000000000, 0.000000000000000000 ) ) ;
#495 = PRESENTATION_LAYER_ASSIGNMENT (  '', '', ( #2222 ) ) ;
#496 = EDGE_CURVE ( 'NONE', #468, #732, #1667, .T. ) ;
#497 = CARTESIAN_POINT ( 'NONE',  ( 3.499999999999976907, -25.99999999999999645, 14.00000000000000000 ) ) ;
#498 = EDGE_CURVE ( 'NONE', #1864, #692, #647, .T. ) ;
#499 = CARTESIAN_POINT ( 'NONE',  ( 0.000000000000000000, 40.99999999999999289, 5.499999999999998224 ) ) ;
#500 = VERTEX_POINT ( 'NONE', #458 ) ;
#501 = LINE ( 'NONE', #130, #1892 ) ;
#502 = ORIENTED_EDGE ( 'NONE', *, *, #1349, .T. ) ;
#503 = FACE_BOUND ( 'NONE', #1107, .T. ) ;
#504 = ORIENTED_EDGE ( 'NONE', *, *, #1524, .T. ) ;
#505 = CARTESIAN_POINT ( 'NONE',  ( 0.000000000000000000, -33.16741350944804623, -15.37074842475486847 ) ) ;
#506 = DIRECTION ( 'NONE',  ( -1.000000000000000000, 0.000000000000000000, -0.000000000000000000 ) ) ;
#507 = CARTESIAN_POINT ( 'NONE',  ( 4.899999999999963940, -41.23610709073133762, -18.50000000000000000 ) ) ;
#508 = ORIENTED_EDGE ( 'NONE', *, *, #260, .T. ) ;
#509 = DIRECTION ( 'NONE',  ( 1.000000000000000000, -0.000000000000000000, 0.000000000000000000 ) ) ;
#510 = B_SPLINE_CURVE_WITH_KNOTS ( 'NONE', 3,
 ( #1809, #1765, #273, #49, #1596, #1587, #740, #938, #1079, #729, #429, #1438, #2127, #262 ),
 .UNSPECIFIED., .F., .F.,
 ( 4, 2, 2, 2, 2, 2, 4 ),
 ( 1.939479807224432123E-18, 0.0009707064153100152188, 0.001456059622965018979, 0.001941412830620022848, 0.002426766038275031487, 0.002912119245930040127, 0.003882825661240047865 ),
 .UNSPECIFIED. ) ;
#511 = VERTEX_POINT ( 'NONE', #312 ) ;
#512 = APPLICATION_CONTEXT ( 'automotive_design' ) ;
#513 = ADVANCED_FACE ( 'NONE', ( #2205 ), #1670, .F. ) ;
#514 = DIRECTION ( 'NONE',  ( 0.000000000000000000, 0.000000000000000000, 1.000000000000000000 ) ) ;
#515 = EDGE_LOOP ( 'NONE', ( #1549, #1343, #1341, #602 ) ) ;
#516 = CARTESIAN_POINT ( 'NONE',  ( 5.000000000000000000, -41.49999999999999289, -15.50000000000000000 ) ) ;
#517 = CARTESIAN_POINT ( 'NONE',  ( 0.000000000000000000, 0.000000000000000000, 0.000000000000000000 ) ) ;
#518 = EDGE_CURVE ( 'NONE', #1838, #191, #958, .T. ) ;
#519 = LINE ( 'NONE', #1875, #2182 ) ;
#520 = CARTESIAN_POINT ( 'NONE',  ( 4.935251822447868086, -40.97596982609776006, -18.50000000000000000 ) ) ;
#521 = ORIENTED_EDGE ( 'NONE', *, *, #1759, .T. ) ;
#522 = DIRECTION ( 'NONE',  ( 0.000000000000000000, 0.000000000000000000, -1.000000000000000000 ) ) ;
#523 = AXIS2_PLACEMENT_3D ( 'NONE', #1810, #818, #951 ) ;
#524 = ORIENTED_EDGE ( 'NONE', *, *, #2178, .F. ) ;
#525 = AXIS2_PLACEMENT_3D ( 'NONE', #940, #94, #588 ) ;
#526 = LINE ( 'NONE', #2065, #1065 ) ;
#527 = AXIS2_PLACEMENT_3D ( 'NONE', #1953, #2153, #82 ) ;
#528 = ORIENTED_EDGE ( 'NONE', *, *, #1876, .F. ) ;
#529 = CARTESIAN_POINT ( 'NONE',  ( 5.000000000000000000, -22.39999999999985292, 11.79999999999683880 ) ) ;
#530 = VECTOR ( 'NONE', #1485, 1000.000000000000000 ) ;
#531 = DIRECTION ( 'NONE',  ( 0.7071067811865456854, 8.659560562354955045E-17, 0.7071067811865493491 ) ) ;
#532 = AXIS2_PLACEMENT_3D ( 'NONE', #1903, #366, #1048 ) ;
#533 = AXIS2_PLACEMENT_3D ( 'NONE', #845, #682, #2087 ) ;
#534 = DIRECTION ( 'NONE',  ( 1.000000000000000000, -0.000000000000000000, -0.000000000000000000 ) ) ;
#535 = ORIENTED_EDGE ( 'NONE', *, *, #2159, .T. ) ;
#536 = FACE_OUTER_BOUND ( 'NONE', #1345, .T. ) ;
#537 = VERTEX_POINT ( 'NONE', #1994 ) ;
#538 = ADVANCED_FACE ( 'NONE', ( #1514 ), #1418, .F. ) ;
#539 = CARTESIAN_POINT ( 'NONE',  ( -5.000000000000000000, -37.00000000000000000, 11.50000000000000000 ) ) ;
#540 = VERTEX_POINT ( 'NONE', #1982 ) ;
#541 = LINE ( 'NONE', #1905, #1884 ) ;
#542 = FACE_OUTER_BOUND ( 'NONE', #1419, .T. ) ;
#543 = EDGE_LOOP ( 'NONE', ( #176, #1415, #699, #74, #1828, #1871 ) ) ;
#544 = CARTESIAN_POINT ( 'NONE',  ( 4.781893946370771253, -23.23628905923677124, 13.17294615474074071 ) ) ;
#545 = EDGE_LOOP ( 'NONE', ( #1583, #1227, #1158, #1149, #1633, #1556, #521, #1841, #1989, #85, #148, #757, #1768, #404, #1375, #1184, #2064, #1117, #623, #2056, #1655, #1039, #2062, #1760, #2042, #143 ) ) ;
#546 = EDGE_CURVE ( 'NONE', #180, #226, #1648, .T. ) ;
#547 = DIRECTION ( 'NONE',  ( -1.000000000000000000, -0.000000000000000000, -0.000000000000000000 ) ) ;
#548 = VERTEX_POINT ( 'NONE', #64 ) ;
#549 = DIRECTION ( 'NONE',  ( 1.000000000000000000, 0.000000000000000000, 0.000000000000000000 ) ) ;
#550 = DIRECTION ( 'NONE',  ( -1.000000000000000000, 0.000000000000000000, -0.000000000000000000 ) ) ;
#551 = EDGE_CURVE ( 'NONE', #1513, #765, #1431, .T. ) ;
#552 = DIRECTION ( 'NONE',  ( 1.000000000000000000, -0.000000000000000000, -0.000000000000000000 ) ) ;
#553 = ORIENTED_EDGE ( 'NONE', *, *, #1198, .F. ) ;
#554 = CARTESIAN_POINT ( 'NONE',  ( 5.000000000000000000, -25.99999999999999645, -12.00000000000000000 ) ) ;
#555 = VERTEX_POINT ( 'NONE', #1115 ) ;
#556 = DIRECTION ( 'NONE',  ( -1.000000000000000000, -0.000000000000000000, -0.000000000000000000 ) ) ;
#557 = VERTEX_POINT ( 'NONE', #931 ) ;
#558 = CARTESIAN_POINT ( 'NONE',  ( 5.000000000000000000, -36.82660368508225446, -0.02313063810234321227 ) ) ;
#559 = VECTOR ( 'NONE', #419, 1000.000000000000000 ) ;
#560 = VECTOR ( 'NONE', #230, 1000.000000000000000 ) ;
#561 = CARTESIAN_POINT ( 'NONE',  ( 5.000000000000000000, -44.00000000000000000, -18.50000000000000000 ) ) ;
#562 = EDGE_CURVE ( 'NONE', #1230, #511, #1956, .T. ) ;
#563 = AXIS2_PLACEMENT_3D ( 'NONE', #347, #327, #1225 ) ;
#564 = LINE ( 'NONE', #394, #2072 ) ;
#565 = ORIENTED_EDGE ( 'NONE', *, *, #1283, .T. ) ;
#566 = DIRECTION ( 'NONE',  ( 1.000000000000000000, 0.000000000000000000, 0.000000000000000000 ) ) ;
#567 = VECTOR ( 'NONE', #453, 1000.000000000000000 ) ;
#568 = ORIENTED_EDGE ( 'NONE', *, *, #799, .T. ) ;
#569 = DIRECTION ( 'NONE',  ( -1.000000000000000000, -0.000000000000000000, -0.000000000000000000 ) ) ;
#570 = ORIENTED_EDGE ( 'NONE', *, *, #353, .T. ) ;
#571 = EDGE_CURVE ( 'NONE', #1981, #847, #84, .T. ) ;
#572 = DIRECTION ( 'NONE',  ( 1.000000000000000000, 0.000000000000000000, 0.000000000000000000 ) ) ;
#573 = CARTESIAN_POINT ( 'NONE',  ( 5.000000000000000000, -33.99999999999999289, 11.50000000000000000 ) ) ;
#574 = CYLINDRICAL_SURFACE ( 'NONE', #1855, 2.999999999999999112 ) ;
#575 = VERTEX_POINT ( 'NONE', #439 ) ;
#576 = CARTESIAN_POINT ( 'NONE',  ( 3.500000000000014211, 41.49999999999999289, 1.099999999999997646 ) ) ;
#577 = ORIENTED_EDGE ( 'NONE', *, *, #979, .F. ) ;
#578 = EDGE_CURVE ( 'NONE', #249, #109, #108, .T. ) ;
#579 = CARTESIAN_POINT ( 'NONE',  ( -5.000000000000000000, 33.18257239462433006, -15.32749880748777471 ) ) ;
#580 = EDGE_LOOP ( 'NONE', ( #12, #476, #9, #2075 ) ) ;
#581 = LINE ( 'NONE', #1245, #131 ) ;
#582 = EDGE_CURVE ( 'NONE', #109, #2145, #1814, .T. ) ;
#583 = DIRECTION ( 'NONE',  ( 0.000000000000000000, 0.000000000000000000, -1.000000000000000000 ) ) ;
#584 = EDGE_CURVE ( 'NONE', #964, #1013, #1802, .T. ) ;
#585 = PLANE ( 'NONE',  #1568 ) ;
#586 = ADVANCED_FACE ( 'NONE', ( #255 ), #166, .F. ) ;
#587 = EDGE_LOOP ( 'NONE', ( #1173, #158, #781, #764 ) ) ;
#588 = DIRECTION ( 'NONE',  ( 0.000000000000000000, 0.000000000000000000, 1.000000000000000000 ) ) ;
#589 = ORIENTED_EDGE ( 'NONE', *, *, #189, .F. ) ;
#590 = EDGE_CURVE ( 'NONE', #1310, #1301, #2141, .T. ) ;
#591 = CARTESIAN_POINT ( 'NONE',  ( 5.000000000000000000, -41.49999999999999289, -4.599999999999996980 ) ) ;
#592 = EDGE_CURVE ( 'NONE', #1803, #2227, #2164, .T. ) ;
#593 = VERTEX_POINT ( 'NONE', #1946 ) ;
#594 = CARTESIAN_POINT ( 'NONE',  ( 5.000000000000000000, 44.00000000000000000, -17.33303027798235973 ) ) ;
#595 = CARTESIAN_POINT ( 'NONE',  ( 4.686711185517909328, 44.00000000000000711, 0.7637479839107602642 ) ) ;
#596 = AXIS2_PLACEMENT_3D ( 'NONE', #1594, #1805, #935 ) ;
#597 = CARTESIAN_POINT ( 'NONE',  ( 0.000000000000000000, 33.18257239462433006, -12.82749880748778004 ) ) ;
#598 = FACE_OUTER_BOUND ( 'NONE', #478, .T. ) ;
#599 = AXIS2_PLACEMENT_3D ( 'NONE', #306, #142, #842 ) ;
#600 = ADVANCED_FACE ( 'NONE', ( #1767 ), #1811, .F. ) ;
#601 = DIRECTION ( 'NONE',  ( 0.000000000000000000, 0.000000000000000000, 1.000000000000000000 ) ) ;
#602 = ORIENTED_EDGE ( 'NONE', *, *, #2130, .F. ) ;
#603 = CIRCLE ( 'NONE', #421, 3.100000000000035172 ) ;
#604 = AXIS2_PLACEMENT_3D ( 'NONE', #1725, #16, #1193 ) ;
#605 = ORIENTED_EDGE ( 'NONE', *, *, #355, .F. ) ;
#606 = DIRECTION ( 'NONE',  ( 0.000000000000000000, 0.000000000000000000, -1.000000000000000000 ) ) ;
#607 = AXIS2_PLACEMENT_3D ( 'NONE', #1985, #1253, #771 ) ;
#608 = CARTESIAN_POINT ( 'NONE',  ( 5.000000000000000000, 26.80667409058170492, -10.20000000000277574 ) ) ;
#609 = CYLINDRICAL_SURFACE ( 'NONE', #527, 2.999999999999999112 ) ;
#610 = DIRECTION ( 'NONE',  ( 0.000000000000000000, 0.000000000000000000, 1.000000000000000000 ) ) ;
#611 = CARTESIAN_POINT ( 'NONE',  ( 0.000000000000000000, 41.50000000000000711, -15.49999999999999289 ) ) ;
#612 = EDGE_LOOP ( 'NONE', ( #389, #1704 ) ) ;
#613 = ORIENTED_EDGE ( 'NONE', *, *, #1629, .F. ) ;
#614 = FACE_BOUND ( 'NONE', #641, .T. ) ;
#615 = EDGE_CURVE ( 'NONE', #1126, #2101, #844, .T. ) ;
#616 = DIRECTION ( 'NONE',  ( 0.000000000000000000, 0.000000000000000000, -1.000000000000000000 ) ) ;
#617 = VERTEX_POINT ( 'NONE', #910 ) ;
#618 = CARTESIAN_POINT ( 'NONE',  ( 0.000000000000000000, 41.50000000000000711, -15.49999999999999289 ) ) ;
#619 = LINE ( 'NONE', #463, #530 ) ;
#620 = EDGE_CURVE ( 'NONE', #909, #500, #1279, .T. ) ;
#621 = ORIENTED_EDGE ( 'NONE', *, *, #1907, .T. ) ;
#622 = DIRECTION ( 'NONE',  ( -1.000000000000000000, 0.000000000000000000, -0.000000000000000000 ) ) ;
#623 = ORIENTED_EDGE ( 'NONE', *, *, #1774, .T. ) ;
#624 = DIRECTION ( 'NONE',  ( 1.000000000000000000, -0.000000000000000000, -0.000000000000000000 ) ) ;
#625 = DIRECTION ( 'NONE',  ( 0.000000000000000000, 0.000000000000000000, -1.000000000000000000 ) ) ;
#626 = ORIENTED_EDGE ( 'NONE', *, *, #1612, .F. ) ;
#627 = CARTESIAN_POINT ( 'NONE',  ( 3.500000000000014211, 41.49999999999999289, -0.5000000000000005551 ) ) ;
#628 = AXIS2_PLACEMENT_3D ( 'NONE', #872, #1560, #22 ) ;
#629 = CARTESIAN_POINT ( 'NONE',  ( 5.000000000000000000, 44.00000000000000000, 1.333030277982340861 ) ) ;
#630 = VECTOR ( 'NONE', #1440, 1000.000000000000000 ) ;
#631 = CARTESIAN_POINT ( 'NONE',  ( 4.520412350850552485, -44.00000000000000000, -2.201785251635996588 ) ) ;
#632 = AXIS2_PLACEMENT_3D ( 'NONE', #2137, #752, #1462 ) ;
#633 = ORIENTED_EDGE ( 'NONE', *, *, #120, .T. ) ;
#634 = CARTESIAN_POINT ( 'NONE',  ( 0.000000000000000000, 33.99999999999999289, 15.50000000000000000 ) ) ;
#635 = CIRCLE ( 'NONE', #1422, 1.599999999999924372 ) ;
#636 = AXIS2_PLACEMENT_3D ( 'NONE', #1853, #324, #1 ) ;
#637 = ORIENTED_EDGE ( 'NONE', *, *, #498, .T. ) ;
#638 = CARTESIAN_POINT ( 'NONE',  ( 0.000000000000000000, -25.99999999999999645, -13.60000000000000320 ) ) ;
#639 = VECTOR ( 'NONE', #1502, 1000.000000000000000 ) ;
#640 = EDGE_CURVE ( 'NONE', #2010, #2006, #776, .T. ) ;
#641 = EDGE_LOOP ( 'NONE', ( #681, #245 ) ) ;
#642 = DIRECTION ( 'NONE',  ( 0.000000000000000000, 0.000000000000000000, -1.000000000000000000 ) ) ;
#643 = CARTESIAN_POINT ( 'NONE',  ( 4.522752246317248037, -43.99999999999999289, -16.30570111046176507 ) ) ;
#644 = ORIENTED_EDGE ( 'NONE', *, *, #1215, .F. ) ;
#645 = PLANE ( 'NONE',  #780 ) ;
#646 = EDGE_LOOP ( 'NONE', ( #1095, #861 ) ) ;
#647 = LINE ( 'NONE', #479, #413 ) ;
#648 = EDGE_CURVE ( 'NONE', #732, #1008, #1387, .T. ) ;
#649 =( LENGTH_UNIT ( ) NAMED_UNIT ( * ) SI_UNIT ( .MILLI., .METRE. ) );
#650 = ORIENTED_EDGE ( 'NONE', *, *, #1034, .F. ) ;
#651 = DIRECTION ( 'NONE',  ( 0.000000000000000000, 1.000000000000000000, 0.000000000000000000 ) ) ;
#652 = APPLICATION_PROTOCOL_DEFINITION ( 'draft international standard', 'automotive_design', 1998, #512 ) ;
#653 = CARTESIAN_POINT ( 'NONE',  ( 5.000000000000000000, -23.99999999999977973, 11.63145614353473434 ) ) ;
#654 = LINE ( 'NONE', #1340, #1673 ) ;
#655 = EDGE_CURVE ( 'NONE', #1554, #1274, #1166, .T. ) ;
#656 = EDGE_LOOP ( 'NONE', ( #977, #605, #18, #1222 ) ) ;
#657 = CARTESIAN_POINT ( 'NONE',  ( 5.000000000000000000, 28.46963292914841404, 12.68888888888675659 ) ) ;
#658 = ORIENTED_EDGE ( 'NONE', *, *, #1376, .T. ) ;
#659 = EDGE_CURVE ( 'NONE', #1743, #1590, #762, .T. ) ;
#660 = EDGE_CURVE ( 'NONE', #2142, #575, #1638, .T. ) ;
#661 = FACE_OUTER_BOUND ( 'NONE', #1086, .T. ) ;
#662 = ORIENTED_EDGE ( 'NONE', *, *, #1623, .T. ) ;
#663 = PLANE ( 'NONE',  #1706 ) ;
#664 = CARTESIAN_POINT ( 'NONE',  ( 4.477645950643651673, -44.00000000000000711, -16.14718388126714999 ) ) ;
#665 = AXIS2_PLACEMENT_3D ( 'NONE', #1346, #494, #839 ) ;
#666 = CARTESIAN_POINT ( 'NONE',  ( 5.000000000000000000, 42.28102496759068885, -18.50000000000000000 ) ) ;
#667 = EDGE_LOOP ( 'NONE', ( #161, #377, #420, #893 ) ) ;
#668 = AXIS2_PLACEMENT_3D ( 'NONE', #1336, #1161, #991 ) ;
#669 = EDGE_CURVE ( 'NONE', #191, #1590, #1021, .T. ) ;
#670 = DIRECTION ( 'NONE',  ( -0.000000000000000000, 1.000000000000000000, 0.000000000000000000 ) ) ;
#671 = AXIS2_PLACEMENT_3D ( 'NONE', #351, #689, #1216 ) ;
#672 = ORIENTED_EDGE ( 'NONE', *, *, #288, .T. ) ;
#673 = AXIS2_PLACEMENT_3D ( 'NONE', #39, #160, #719 ) ;
#674 = AXIS2_PLACEMENT_3D ( 'NONE', #123, #1471, #2022 ) ;
#675 = DIRECTION ( 'NONE',  ( -1.000000000000000000, -0.000000000000000000, -0.000000000000000000 ) ) ;
#676 = ORIENTED_EDGE ( 'NONE', *, *, #820, .T. ) ;
#677 = CARTESIAN_POINT ( 'NONE',  ( 0.000000000000000000, 29.80000000000222116, 11.79999999999850857 ) ) ;
#678 = AXIS2_PLACEMENT_3D ( 'NONE', #1832, #114, #125 ) ;
#679 = CARTESIAN_POINT ( 'NONE',  ( 5.000000000000000000, -41.49999999999999289, -15.50000000000000000 ) ) ;
#680 = CARTESIAN_POINT ( 'NONE',  ( 5.000000000000000000, 41.50000000000000711, -15.49999999999999289 ) ) ;
#681 = ORIENTED_EDGE ( 'NONE', *, *, #32, .F. ) ;
#682 = DIRECTION ( 'NONE',  ( -1.000000000000000000, 0.000000000000000000, -0.000000000000000000 ) ) ;
#683 = VERTEX_POINT ( 'NONE', #954 ) ;
#684 = EDGE_CURVE ( 'NONE', #1864, #1369, #1307, .T. ) ;
#685 = FACE_BOUND ( 'NONE', #385, .T. ) ;
#686 = ORIENTED_EDGE ( 'NONE', *, *, #156, .T. ) ;
#687 = CARTESIAN_POINT ( 'NONE',  ( 0.000000000000000000, -36.82660368508225446, 1.226869361897654498 ) ) ;
#688 = CARTESIAN_POINT ( 'NONE',  ( 5.000000000000000000, 44.00000000000000000, 8.499999999999998224 ) ) ;
#689 = DIRECTION ( 'NONE',  ( -1.000000000000000000, -0.000000000000000000, -0.000000000000000000 ) ) ;
#690 = ORIENTED_EDGE ( 'NONE', *, *, #942, .T. ) ;
#691 = DIRECTION ( 'NONE',  ( -1.000000000000000000, 0.000000000000000000, -0.000000000000000000 ) ) ;
#692 = VERTEX_POINT ( 'NONE', #1135 ) ;
#693 = DIRECTION ( 'NONE',  ( 0.000000000000000000, 0.000000000000000000, 1.000000000000000000 ) ) ;
#694 = ORIENTED_EDGE ( 'NONE', *, *, #571, .T. ) ;
#695 = CARTESIAN_POINT ( 'NONE',  ( 5.000000000000000000, -21.06963292914698016, 12.68888888888571387 ) ) ;
#696 = DIRECTION ( 'NONE',  ( 0.000000000000000000, 0.000000000000000000, -1.000000000000000000 ) ) ;
#697 = DIRECTION ( 'NONE',  ( -0.000000000000000000, -0.000000000000000000, -1.000000000000000000 ) ) ;
#698 = EDGE_CURVE ( 'NONE', #465, #555, #1510, .T. ) ;
#699 = ORIENTED_EDGE ( 'NONE', *, *, #1808, .F. ) ;
#700 = CARTESIAN_POINT ( 'NONE',  ( 3.499999999999976907, -25.99999999999999645, 15.60000000000000320 ) ) ;
#701 = CONICAL_SURFACE ( 'NONE', #1955, 1.600000000000002531, 0.7853981633974517207 ) ;
#702 = ORIENTED_EDGE ( 'NONE', *, *, #1851, .F. ) ;
#703 = VECTOR ( 'NONE', #1254, 1000.000000000000000 ) ;
#704 = CARTESIAN_POINT ( 'NONE',  ( 0.000000000000000000, -25.99999999999999645, -12.00000000000000000 ) ) ;
#705 = ORIENTED_EDGE ( 'NONE', *, *, #1212, .T. ) ;
#706 = DIRECTION ( 'NONE',  ( -1.000000000000000000, 0.000000000000000000, -0.000000000000000000 ) ) ;
#707 = VECTOR ( 'NONE', #1842, 1000.000000000000000 ) ;
#708 = DIRECTION ( 'NONE',  ( 0.000000000000000000, 0.000000000000000000, 1.000000000000000000 ) ) ;
#709 = VECTOR ( 'NONE', #1002, 1000.000000000000000 ) ;
#710 = CIRCLE ( 'NONE', #1754, 1.599999999999998090 ) ;
#711 = DIRECTION ( 'NONE',  ( 1.000000000000000000, 0.000000000000000000, -0.000000000000000000 ) ) ;
#712 = VERTEX_POINT ( 'NONE', #152 ) ;
#713 = CARTESIAN_POINT ( 'NONE',  ( -5.000000000000000000, 40.99999999999999289, 8.499999999999998224 ) ) ;
#714 = ORIENTED_EDGE ( 'NONE', *, *, #615, .T. ) ;
#715 = CARTESIAN_POINT ( 'NONE',  ( 3.499999999999973799, 41.50000000000000711, -13.89999999999999503 ) ) ;
#716 = ORIENTED_EDGE ( 'NONE', *, *, #205, .F. ) ;
#717 = CARTESIAN_POINT ( 'NONE',  ( 5.000000000000000000, -33.16741350944804623, -15.37074842475486847 ) ) ;
#718 = EDGE_CURVE ( 'NONE', #1439, #334, #117, .T. ) ;
#719 = DIRECTION ( 'NONE',  ( 0.000000000000000000, 0.000000000000000000, -1.000000000000000000 ) ) ;
#720 = DIRECTION ( 'NONE',  ( -1.000000000000000000, -0.000000000000000000, -0.000000000000000000 ) ) ;
#721 = ORIENTED_EDGE ( 'NONE', *, *, #1046, .T. ) ;
#722 = CARTESIAN_POINT ( 'NONE',  ( 4.554667942613591869, -23.60115320587093279, 12.86029775596271030 ) ) ;
#723 = VERTEX_POINT ( 'NONE', #666 ) ;
#724 = ADVANCED_FACE ( 'NONE', ( #127 ), #833, .F. ) ;
#725 = CARTESIAN_POINT ( 'NONE',  ( 4.935519588888889864, -42.02509297727166881, -18.50000000000000000 ) ) ;
#726 = ORIENTED_EDGE ( 'NONE', *, *, #402, .T. ) ;
#727 = DIRECTION ( 'NONE',  ( 1.000000000000000000, -0.000000000000000000, -0.000000000000000000 ) ) ;
#728 = CARTESIAN_POINT ( 'NONE',  ( 4.935251822447885850, 42.02403017390216888, -18.50000000000000000 ) ) ;
#729 = CARTESIAN_POINT ( 'NONE',  ( 4.476344936519808471, 43.99999999999999289, -16.14199480880638049 ) ) ;
#730 = ORIENTED_EDGE ( 'NONE', *, *, #1998, .F. ) ;
#731 = CARTESIAN_POINT ( 'NONE',  ( 0.000000000000000000, -22.39999999999985292, 13.39999999999676383 ) ) ;
#732 = VERTEX_POINT ( 'NONE', #319 ) ;
#733 = CYLINDRICAL_SURFACE ( 'NONE', #280, 1.599999999999997202 ) ;
#734 = VERTEX_POINT ( 'NONE', #1520 ) ;
#735 = CARTESIAN_POINT ( 'NONE',  ( 5.000000000000000000, 31.40000000000257074, 11.80000000000025295 ) ) ;
#736 = AXIS2_PLACEMENT_3D ( 'NONE', #916, #782, #2104 ) ;
#737 = AXIS2_PLACEMENT_3D ( 'NONE', #985, #464, #1148 ) ;
#738 = DIRECTION ( 'NONE',  ( 0.000000000000000000, 0.000000000000000000, -1.000000000000000000 ) ) ;
#739 = CONICAL_SURFACE ( 'NONE', #563, 1.599999999999998090, 0.7853981633974509435 ) ;
#740 = CARTESIAN_POINT ( 'NONE',  ( 4.400294712271302089, 44.00000000000000000, -15.33327395428553608 ) ) ;
#741 =( GEOMETRIC_REPRESENTATION_CONTEXT ( 3 ) GLOBAL_UNCERTAINTY_ASSIGNED_CONTEXT ( ( #2046 ) ) GLOBAL_UNIT_ASSIGNED_CONTEXT ( ( #649, #994, #11 ) ) REPRESENTATION_CONTEXT ( 'NONE', 'WORKASPACE' ) );
#742 = ORIENTED_EDGE ( 'NONE', *, *, #1349, .F. ) ;
#743 = CARTESIAN_POINT ( 'NONE',  ( 3.499999999999976907, -25.99999999999999645, -13.60000000000000320 ) ) ;
#744 = ORIENTED_EDGE ( 'NONE', *, *, #260, .F. ) ;
#745 = ADVANCED_FACE ( 'NONE', ( #807 ), #1835, .F. ) ;
#746 = CARTESIAN_POINT ( 'NONE',  ( 5.000000000000000000, 41.49999999999999289, -0.5000000000000005551 ) ) ;
#747 = ORIENTED_EDGE ( 'NONE', *, *, #1080, .T. ) ;
#748 = CARTESIAN_POINT ( 'NONE',  ( 5.000000000000000000, -40.99999999999999289, 8.499999999999998224 ) ) ;
#749 = EDGE_CURVE ( 'NONE', #452, #323, #1499, .T. ) ;
#750 = EDGE_CURVE ( 'NONE', #2217, #153, #949, .T. ) ;
#751 = CARTESIAN_POINT ( 'NONE',  ( 4.522752246317272906, 43.99999999999998579, 0.3057011104617429198 ) ) ;
#752 = DIRECTION ( 'NONE',  ( -1.000000000000000000, -0.000000000000000000, -0.000000000000000000 ) ) ;
#753 = ORIENTED_EDGE ( 'NONE', *, *, #582, .T. ) ;
#754 = DIRECTION ( 'NONE',  ( -1.000000000000000000, -0.000000000000000000, -0.000000000000000000 ) ) ;
#755 = ORIENTED_EDGE ( 'NONE', *, *, #546, .F. ) ;
#756 = DIRECTION ( 'NONE',  ( -1.000000000000000000, 0.000000000000000000, -0.000000000000000000 ) ) ;
#757 = ORIENTED_EDGE ( 'NONE', *, *, #1215, .T. ) ;
#758 = CARTESIAN_POINT ( 'NONE',  ( 0.000000000000000000, -44.00000000000000000, -18.50000000000000000 ) ) ;
#759 = CARTESIAN_POINT ( 'NONE',  ( 0.000000000000000000, 29.80000000000222116, 13.39999999999885816 ) ) ;
#760 = DIRECTION ( 'NONE',  ( 0.000000000000000000, -0.000000000000000000, 1.000000000000000000 ) ) ;
#761 = DIRECTION ( 'NONE',  ( -1.000000000000000000, -0.000000000000000000, -0.000000000000000000 ) ) ;
#762 = LINE ( 'NONE', #2155, #1995 ) ;
#763 = EDGE_CURVE ( 'NONE', #1752, #1878, #1818, .T. ) ;
#764 = ORIENTED_EDGE ( 'NONE', *, *, #369, .F. ) ;
#765 = VERTEX_POINT ( 'NONE', #822 ) ;
#766 = DIRECTION ( 'NONE',  ( -0.000000000000000000, -1.000000000000000000, -0.000000000000000000 ) ) ;
#767 = VECTOR ( 'NONE', #651, 1000.000000000000000 ) ;
#768 = B_SPLINE_CURVE_WITH_KNOTS ( 'NONE', 3,
 ( #1386, #1910, #544, #1374, #2076, #722, #1901, #386, #363, #1045, #877, #2099, #1072, #162 ),
 .UNSPECIFIED., .F., .F.,
 ( 4, 2, 2, 2, 2, 2, 4 ),
 ( 0.000000000000000000, 0.0005301329397647379241, 0.0007951994096471110603, 0.001060265879529484305, 0.001325332349411857333, 0.001590398819294230577, 0.002120531759058975115 ),
 .UNSPECIFIED. ) ;
#769 = CARTESIAN_POINT ( 'NONE',  ( 4.399713313328149411, 44.00000000000001421, -0.6577674711008992814 ) ) ;
#770 = AXIS2_PLACEMENT_3D ( 'NONE', #293, #1302, #1327 ) ;
#771 = DIRECTION ( 'NONE',  ( 0.000000000000000000, 0.000000000000000000, -1.000000000000000000 ) ) ;
#772 = VECTOR ( 'NONE', #41, 1000.000000000000000 ) ;
#773 = DIRECTION ( 'NONE',  ( 0.000000000000000000, 1.000000000000000000, 0.000000000000000000 ) ) ;
#774 = CARTESIAN_POINT ( 'NONE',  ( 5.000000000000000000, -23.99999999999977973, -8.200000000003104361 ) ) ;
#775 = VECTOR ( 'NONE', #1447, 1000.000000000000000 ) ;
#776 = LINE ( 'NONE', #1288, #1566 ) ;
#777 = EDGE_CURVE ( 'NONE', #1369, #153, #654, .T. ) ;
#778 = EDGE_LOOP ( 'NONE', ( #1796, #1423, #185, #1521 ) ) ;
#779 = CIRCLE ( 'NONE', #636, 1.600000000000267875 ) ;
#780 = AXIS2_PLACEMENT_3D ( 'NONE', #1827, #670, #322 ) ;
#781 = ORIENTED_EDGE ( 'NONE', *, *, #854, .T. ) ;
#782 = DIRECTION ( 'NONE',  ( -1.000000000000000000, 0.000000000000000000, -0.000000000000000000 ) ) ;
#783 = CARTESIAN_POINT ( 'NONE',  ( 0.000000000000000000, 41.49999999999999289, -2.099999999999998757 ) ) ;
#784 = ORIENTED_EDGE ( 'NONE', *, *, #348, .T. ) ;
#785 = EDGE_CURVE ( 'NONE', #712, #1073, #485, .T. ) ;
#786 = CARTESIAN_POINT ( 'NONE',  ( 4.416500804524973844, -44.00000000000000000, -15.82766542154645606 ) ) ;
#787 = DIRECTION ( 'NONE',  ( 1.000000000000000000, 0.000000000000000000, 0.000000000000000000 ) ) ;
#788 = EDGE_LOOP ( 'NONE', ( #1821, #1075, #932, #1726 ) ) ;
#789 = LINE ( 'NONE', #798, #1427 ) ;
#790 = EDGE_LOOP ( 'NONE', ( #1993, #256, #432 ) ) ;
#791 = CARTESIAN_POINT ( 'NONE',  ( -5.000000000000000000, -33.16741350944804623, -15.37074842475486847 ) ) ;
#792 = CARTESIAN_POINT ( 'NONE',  ( 3.499999999999986677, -41.49999999999999289, -2.999999999999999112 ) ) ;
#793 = VERTEX_POINT ( 'NONE', #2210 ) ;
#794 = DIRECTION ( 'NONE',  ( -1.000000000000000000, -0.000000000000000000, -0.000000000000000000 ) ) ;
#795 = CARTESIAN_POINT ( 'NONE',  ( 0.000000000000000000, 31.40000000000257074, 11.80000000000025295 ) ) ;
#796 = CARTESIAN_POINT ( 'NONE',  ( 5.000000000000000000, -44.00000000000000000, -18.50000000000000000 ) ) ;
#797 = EDGE_LOOP ( 'NONE', ( #1893, #1861, #658, #570 ) ) ;
#798 = CARTESIAN_POINT ( 'NONE',  ( -5.000000000000000000, -33.16741350944804623, -12.87074842475487380 ) ) ;
#799 = EDGE_CURVE ( 'NONE', #44, #362, #1744, .T. ) ;
#800 = ORIENTED_EDGE ( 'NONE', *, *, #2178, .T. ) ;
#801 = CARTESIAN_POINT ( 'NONE',  ( 5.000000000000000000, -44.00000000000000000, -4.833030277982365064 ) ) ;
#802 = DIRECTION ( 'NONE',  ( -1.000000000000000000, -0.000000000000000000, -0.000000000000000000 ) ) ;
#803 = DIRECTION ( 'NONE',  ( 0.000000000000000000, 0.000000000000000000, 1.000000000000000000 ) ) ;
#804 = CLOSED_SHELL ( 'NONE', ( #863, #415, #187, #10, #1219, #196, #538, #1064, #2100, #254, #2094, #1546, #600, #1687, #1097, #1585, #1006, #165, #1894, #483, #79, #2069, #1615, #1591, #879, #1182, #809, #869, #1974, #1692, #1163, #745, #17, #446, #2015, #303, #956, #244, #1292, #53, #1446, #455, #1481, #1714, #228, #513, #2028, #586, #35, #1255, #1192, #928, #1176, #1315, #263, #724, #1454, #1619, #976, #1042, #992, #2054 ) ) ;
#805 = DIRECTION ( 'NONE',  ( -0.000000000000000000, 0.000000000000000000, -1.000000000000000000 ) ) ;
#806 = CIRCLE ( 'NONE', #1019, 1.599999999999998090 ) ;
#807 = FACE_OUTER_BOUND ( 'NONE', #292, .T. ) ;
#808 = ORIENTED_EDGE ( 'NONE', *, *, #1917, .F. ) ;
#809 = ADVANCED_FACE ( 'NONE', ( #1007 ), #1383, .F. ) ;
#810 = CARTESIAN_POINT ( 'NONE',  ( 5.000000000000000000, -25.99999999999999645, 12.39999999999999858 ) ) ;
#811 = AXIS2_PLACEMENT_3D ( 'NONE', #360, #1722, #25 ) ;
#812 = EDGE_CURVE ( 'NONE', #593, #1780, #1226, .T. ) ;
#813 = VECTOR ( 'NONE', #569, 1000.000000000000000 ) ;
#814 = ORIENTED_EDGE ( 'NONE', *, *, #2012, .F. ) ;
#815 = CARTESIAN_POINT ( 'NONE',  ( 5.000000000000000000, -19.40667409058009341, 11.79999999999684590 ) ) ;
#816 = CARTESIAN_POINT ( 'NONE',  ( 5.000000000000000000, -25.99999999999999645, 14.00000000000000000 ) ) ;
#817 = ORIENTED_EDGE ( 'NONE', *, *, #1843, .F. ) ;
#818 = DIRECTION ( 'NONE',  ( 1.000000000000000000, -0.000000000000000000, 0.000000000000000000 ) ) ;
#819 = PRODUCT_CONTEXT ( 'NONE', #1146, 'mechanical' ) ;
#820 = EDGE_CURVE ( 'NONE', #96, #486, #2181, .T. ) ;
#821 = CYLINDRICAL_SURFACE ( 'NONE', #1496, 1.599999999999997202 ) ;
#822 = CARTESIAN_POINT ( 'NONE',  ( 0.000000000000000000, -23.99999999999977973, 11.79999999999689564 ) ) ;
#823 = ORIENTED_EDGE ( 'NONE', *, *, #911, .F. ) ;
#824 = CARTESIAN_POINT ( 'NONE',  ( 5.000000000000000000, 41.49999999999999289, -0.5000000000000005551 ) ) ;
#825 = EDGE_CURVE ( 'NONE', #1044, #1357, #1530, .T. ) ;
#826 = ORIENTED_EDGE ( 'NONE', *, *, #763, .F. ) ;
#827 = DIRECTION ( 'NONE',  ( -1.000000000000000000, -0.000000000000000000, -0.000000000000000000 ) ) ;
#828 = FACE_OUTER_BOUND ( 'NONE', #1647, .T. ) ;
#829 = VERTEX_POINT ( 'NONE', #1888 ) ;
#830 = DIRECTION ( 'NONE',  ( -0.000000000000000000, -0.000000000000000000, -1.000000000000000000 ) ) ;
#831 = CARTESIAN_POINT ( 'NONE',  ( 4.476344936519808471, -44.00000000000000000, -14.85800519119360352 ) ) ;
#832 = EDGE_CURVE ( 'NONE', #683, #1439, #1732, .T. ) ;
#833 = PLANE ( 'NONE',  #737 ) ;
#834 = EDGE_LOOP ( 'NONE', ( #29, #1735, #217, #884 ) ) ;
#835 = DIRECTION ( 'NONE',  ( 0.000000000000000000, 1.000000000000000000, 0.000000000000000000 ) ) ;
#836 = EDGE_LOOP ( 'NONE', ( #808, #1880, #535, #1062 ) ) ;
#837 = FACE_BOUND ( 'NONE', #155, .T. ) ;
#838 = ORIENTED_EDGE ( 'NONE', *, *, #2188, .F. ) ;
#839 = DIRECTION ( 'NONE',  ( 0.000000000000000000, 0.000000000000000000, -1.000000000000000000 ) ) ;
#840 = CARTESIAN_POINT ( 'NONE',  ( 5.000000000000000000, -19.40667409058060500, -10.20000000000307594 ) ) ;
#841 = VECTOR ( 'NONE', #1014, 1000.000000000000000 ) ;
#842 = DIRECTION ( 'NONE',  ( 0.000000000000000000, 0.000000000000000000, -1.000000000000000000 ) ) ;
#843 = EDGE_LOOP ( 'NONE', ( #1718, #1191 ) ) ;
#844 = CIRCLE ( 'NONE', #1957, 2.000000000000050182 ) ;
#845 = CARTESIAN_POINT ( 'NONE',  ( 5.000000000000000000, 41.50000000000000711, -15.49999999999999289 ) ) ;
#846 = EDGE_CURVE ( 'NONE', #180, #1636, #2216, .T. ) ;
#847 = VERTEX_POINT ( 'NONE', #174 ) ;
#848 = CIRCLE ( 'NONE', #2001, 1.599999999999998090 ) ;
#849 = DIRECTION ( 'NONE',  ( 0.000000000000000000, -1.000000000000000000, 0.000000000000000000 ) ) ;
#850 = ORIENTED_EDGE ( 'NONE', *, *, #1645, .T. ) ;
#851 = DIRECTION ( 'NONE',  ( -1.000000000000000000, 0.000000000000000000, -0.000000000000000000 ) ) ;
#852 = CIRCLE ( 'NONE', #1249, 1.599999999999997202 ) ;
#853 = DIRECTION ( 'NONE',  ( 1.000000000000000000, -0.000000000000000000, -0.000000000000000000 ) ) ;
#854 = EDGE_CURVE ( 'NONE', #1900, #1290, #1576, .T. ) ;
#855 = CIRCLE ( 'NONE', #1250, 1.249999999999997558 ) ;
#856 = CARTESIAN_POINT ( 'NONE',  ( 0.000000000000000000, -36.82660368508225446, -1.273130638102340839 ) ) ;
#857 = ORIENTED_EDGE ( 'NONE', *, *, #546, .T. ) ;
#858 = CARTESIAN_POINT ( 'NONE',  ( 0.000000000000000000, 33.99999999999999289, 11.50000000000000000 ) ) ;
#859 = ORIENTED_EDGE ( 'NONE', *, *, #1376, .F. ) ;
#860 = CARTESIAN_POINT ( 'NONE',  ( 5.000000000000000000, -23.99999999999977973, 11.63145614353473434 ) ) ;
#861 = ORIENTED_EDGE ( 'NONE', *, *, #2083, .T. ) ;
#862 = DIRECTION ( 'NONE',  ( 0.000000000000000000, 0.000000000000000000, -1.000000000000000000 ) ) ;
#863 = ADVANCED_FACE ( 'NONE', ( #1017 ), #1033, .F. ) ;
#864 = DIRECTION ( 'NONE',  ( 0.000000000000000000, 0.000000000000000000, -1.000000000000000000 ) ) ;
#865 = DIRECTION ( 'NONE',  ( 0.000000000000000000, 0.000000000000000000, 1.000000000000000000 ) ) ;
#866 = ORIENTED_EDGE ( 'NONE', *, *, #1650, .T. ) ;
#867 = LINE ( 'NONE', #700, #1862 ) ;
#868 = VERTEX_POINT ( 'NONE', #856 ) ;
#869 = ADVANCED_FACE ( 'NONE', ( #1541 ), #6, .F. ) ;
#870 = CARTESIAN_POINT ( 'NONE',  ( 0.000000000000000000, -30.99999999999999645, 15.50000000000000000 ) ) ;
#871 = ORIENTED_EDGE ( 'NONE', *, *, #1497, .F. ) ;
#872 = CARTESIAN_POINT ( 'NONE',  ( -5.000000000000000000, -33.99999999999999289, 8.499999999999998224 ) ) ;
#873 = LINE ( 'NONE', #336, #491 ) ;
#874 = CARTESIAN_POINT ( 'NONE',  ( -5.000000000000000000, -36.82660368508225446, -0.02313063810234321227 ) ) ;
#875 = ORIENTED_EDGE ( 'NONE', *, *, #1665, .F. ) ;
#876 = CONICAL_SURFACE ( 'NONE', #1668, 1.599999999999997202, 0.7853981633974431720 ) ;
#877 = CARTESIAN_POINT ( 'NONE',  ( 4.572115554959665928, -23.91129135179883036, 12.33172622886591441 ) ) ;
#878 = VECTOR ( 'NONE', #1797, 1000.000000000000000 ) ;
#879 = ADVANCED_FACE ( 'NONE', ( #1404 ), #1908, .F. ) ;
#880 = EDGE_LOOP ( 'NONE', ( #1003, #1503 ) ) ;
#881 = VECTOR ( 'NONE', #431, 1000.000000000000000 ) ;
#882 = DIRECTION ( 'NONE',  ( 0.7071067811865512365, 0.000000000000000000, -0.7071067811865439090 ) ) ;
#883 = AXIS2_PLACEMENT_3D ( 'NONE', #475, #2191, #297 ) ;
#884 = ORIENTED_EDGE ( 'NONE', *, *, #496, .T. ) ;
#885 = FACE_OUTER_BOUND ( 'NONE', #667, .T. ) ;
#886 = CARTESIAN_POINT ( 'NONE',  ( 0.000000000000000000, 26.80667409058156281, 13.79999999999679439 ) ) ;
#887 = CIRCLE ( 'NONE', #2147, 3.100000000000019185 ) ;
#888 = CIRCLE ( 'NONE', #1393, 3.100000000000005418 ) ;
#889 = DIRECTION ( 'NONE',  ( 0.000000000000000000, 0.000000000000000000, 1.000000000000000000 ) ) ;
#890 = ORIENTED_EDGE ( 'NONE', *, *, #1943, .F. ) ;
#891 = CARTESIAN_POINT ( 'NONE',  ( 5.000000000000000000, 33.99999999999999289, 11.50000000000000000 ) ) ;
#892 = EDGE_CURVE ( 'NONE', #340, #1882, #1372, .T. ) ;
#893 = ORIENTED_EDGE ( 'NONE', *, *, #684, .T. ) ;
#894 = EDGE_CURVE ( 'NONE', #540, #1194, #343, .T. ) ;
#895 = CARTESIAN_POINT ( 'NONE',  ( 0.000000000000000000, -25.99999999999999645, -10.39999999999999858 ) ) ;
#896 = ORIENTED_EDGE ( 'NONE', *, *, #1229, .T. ) ;
#897 = CARTESIAN_POINT ( 'NONE',  ( 5.000000000000000000, 26.80667409058156281, 13.79999999999679439 ) ) ;
#898 = CARTESIAN_POINT ( 'NONE',  ( 5.000000000000000000, 40.99999999999999289, 8.499999999999998224 ) ) ;
#899 = EDGE_CURVE ( 'NONE', #2142, #2010, #1190, .T. ) ;
#900 = CARTESIAN_POINT ( 'NONE',  ( 5.000000000000000000, -40.71897503240919747, -18.50000000000000000 ) ) ;
#901 = EDGE_LOOP ( 'NONE', ( #1713, #716 ) ) ;
#902 = DIRECTION ( 'NONE',  ( 0.000000000000000000, 0.000000000000000000, -1.000000000000000000 ) ) ;
#903 = EDGE_LOOP ( 'NONE', ( #268, #1151, #1999, #1689 ) ) ;
#904 = CARTESIAN_POINT ( 'NONE',  ( 5.000000000000000000, -23.99999999999977973, -8.200000000003104361 ) ) ;
#905 = ORIENTED_EDGE ( 'NONE', *, *, #1442, .T. ) ;
#906 = DIRECTION ( 'NONE',  ( 1.000000000000000000, 0.000000000000000000, 0.000000000000000000 ) ) ;
#907 = DIRECTION ( 'NONE',  ( 0.000000000000000000, -1.000000000000000000, 0.000000000000000000 ) ) ;
#908 = LINE ( 'NONE', #252, #381 ) ;
#909 = VERTEX_POINT ( 'NONE', #1070 ) ;
#910 = CARTESIAN_POINT ( 'NONE',  ( 5.000000000000000000, -33.16741350944804623, -12.87074842475487380 ) ) ;
#911 = EDGE_CURVE ( 'NONE', #557, #2, #2013, .T. ) ;
#912 = ORIENTED_EDGE ( 'NONE', *, *, #615, .F. ) ;
#913 = VECTOR ( 'NONE', #1977, 1000.000000000000000 ) ;
#914 = DIRECTION ( 'NONE',  ( -1.000000000000000000, -0.000000000000000000, -0.000000000000000000 ) ) ;
#915 = ORIENTED_EDGE ( 'NONE', *, *, #1049, .T. ) ;
#916 = CARTESIAN_POINT ( 'NONE',  ( 5.000000000000000000, -41.49999999999999289, -2.999999999999999112 ) ) ;
#917 = AXIS2_PLACEMENT_3D ( 'NONE', #1627, #80, #1637 ) ;
#918 = CIRCLE ( 'NONE', #1205, 3.100000000000033396 ) ;
#919 = DIRECTION ( 'NONE',  ( 0.000000000000000000, 0.000000000000000000, -1.000000000000000000 ) ) ;
#920 = CIRCLE ( 'NONE', #242, 1.599999999999998090 ) ;
#921 = CARTESIAN_POINT ( 'NONE',  ( 5.000000000000000000, -41.49999999999999289, -15.50000000000000000 ) ) ;
#922 = ORIENTED_EDGE ( 'NONE', *, *, #551, .F. ) ;
#923 = DIRECTION ( 'NONE',  ( -1.000000000000000000, 0.000000000000000000, -0.000000000000000000 ) ) ;
#924 = VERTEX_POINT ( 'NONE', #184 ) ;
#925 = CARTESIAN_POINT ( 'NONE',  ( 3.500000000000014211, 41.49999999999999289, -0.5000000000000005551 ) ) ;
#926 = ORIENTED_EDGE ( 'NONE', *, *, #380, .T. ) ;
#927 = CARTESIAN_POINT ( 'NONE',  ( 3.499999999999976907, -25.99999999999999645, -12.00000000000000000 ) ) ;
#928 = ADVANCED_FACE ( 'NONE', ( #1396 ), #2085, .F. ) ;
#929 = DIRECTION ( 'NONE',  ( -0.000000000000000000, -0.000000000000000000, 1.000000000000000000 ) ) ;
#930 = DIRECTION ( 'NONE',  ( -0.000000000000000000, 0.000000000000000000, 1.000000000000000000 ) ) ;
#931 = CARTESIAN_POINT ( 'NONE',  ( 5.000000000000000000, -40.71897503240919747, -18.50000000000000000 ) ) ;
#932 = ORIENTED_EDGE ( 'NONE', *, *, #1730, .T. ) ;
#933 = CARTESIAN_POINT ( 'NONE',  ( 5.000000000000000000, 37.00000000000000000, 11.50000000000000000 ) ) ;
#934 = ORIENTED_EDGE ( 'NONE', *, *, #763, .T. ) ;
#935 = DIRECTION ( 'NONE',  ( 0.000000000000000000, 0.000000000000000000, -1.000000000000000000 ) ) ;
#936 = CARTESIAN_POINT ( 'NONE',  ( 0.000000000000000000, -22.39999999999985292, 11.79999999999683880 ) ) ;
#937 = DIRECTION ( 'NONE',  ( 0.7071067811865424657, 0.000000000000000000, -0.7071067811865526798 ) ) ;
#938 = CARTESIAN_POINT ( 'NONE',  ( 4.399713313328115660, 44.00000000000000000, -15.65776747110089318 ) ) ;
#939 = DIRECTION ( 'NONE',  ( 1.000000000000000000, 0.000000000000000000, 0.000000000000000000 ) ) ;
#940 = CARTESIAN_POINT ( 'NONE',  ( 5.000000000000000000, -25.99999999999999645, 14.00000000000000000 ) ) ;
#941 = ORIENTED_EDGE ( 'NONE', *, *, #2203, .T. ) ;
#942 = EDGE_CURVE ( 'NONE', #1724, #311, #510, .T. ) ;
#943 = ORIENTED_EDGE ( 'NONE', *, *, #433, .T. ) ;
#944 = DIRECTION ( 'NONE',  ( -0.000000000000000000, -1.000000000000000000, -0.000000000000000000 ) ) ;
#945 = AXIS2_PLACEMENT_3D ( 'NONE', #1370, #706, #1705 ) ;
#946 = CARTESIAN_POINT ( 'NONE',  ( 5.000000000000000000, 28.46963292914913524, -9.088888888893960072 ) ) ;
#947 = VECTOR ( 'NONE', #1475, 1000.000000000000000 ) ;
#948 = LINE ( 'NONE', #1660, #1681 ) ;
#949 = CIRCLE ( 'NONE', #95, 2.999999999999999112 ) ;
#950 = DIRECTION ( 'NONE',  ( -1.000000000000000000, -0.000000000000000000, -0.000000000000000000 ) ) ;
#951 = DIRECTION ( 'NONE',  ( 0.000000000000000000, 0.000000000000000000, -1.000000000000000000 ) ) ;
#952 = VECTOR ( 'NONE', #2060, 1000.000000000000000 ) ;
#953 = AXIS2_PLACEMENT_3D ( 'NONE', #1368, #1736, #492 ) ;
#954 = CARTESIAN_POINT ( 'NONE',  ( 5.000000000000000000, -44.00000000000000000, -17.33303027798238816 ) ) ;
#955 = ORIENTED_EDGE ( 'NONE', *, *, #1794, .T. ) ;
#956 = ADVANCED_FACE ( 'NONE', ( #1296 ), #585, .T. ) ;
#957 = ORIENTED_EDGE ( 'NONE', *, *, #1600, .T. ) ;
#958 = LINE ( 'NONE', #1683, #379 ) ;
#959 = LINE ( 'NONE', #1649, #1927 ) ;
#960 = EDGE_LOOP ( 'NONE', ( #2157, #915, #1177, #1904 ) ) ;
#961 = CARTESIAN_POINT ( 'NONE',  ( 4.399713313328116548, -44.00000000000000711, -15.34223252889909794 ) ) ;
#962 = EDGE_CURVE ( 'NONE', #765, #1487, #908, .T. ) ;
#963 = CARTESIAN_POINT ( 'NONE',  ( 4.522752246317256919, -44.00000000000000000, -3.805701110461753967 ) ) ;
#964 = VERTEX_POINT ( 'NONE', #1448 ) ;
#965 = CARTESIAN_POINT ( 'NONE',  ( 5.000000000000000000, 44.00000000000000000, -18.50000000000000000 ) ) ;
#966 = ORIENTED_EDGE ( 'NONE', *, *, #899, .T. ) ;
#967 = CARTESIAN_POINT ( 'NONE',  ( 5.000000000000000000, -19.40667409058077908, 11.79999999999684590 ) ) ;
#968 = CARTESIAN_POINT ( 'NONE',  ( 5.000000000000000000, -44.00000000000000000, 18.50000000000000000 ) ) ;
#969 = ORIENTED_EDGE ( 'NONE', *, *, #1629, .T. ) ;
#970 = DIRECTION ( 'NONE',  ( 1.000000000000000000, 0.000000000000000000, 0.000000000000000000 ) ) ;
#971 = FACE_OUTER_BOUND ( 'NONE', #2097, .T. ) ;
#972 = EDGE_CURVE ( 'NONE', #2120, #1373, #1414, .T. ) ;
#973 = CARTESIAN_POINT ( 'NONE',  ( 4.476344936519820017, -44.00000000000000711, -2.358005191193610628 ) ) ;
#974 = ORIENTED_EDGE ( 'NONE', *, *, #1270, .F. ) ;
#975 = LINE ( 'NONE', #2202, #1642 ) ;
#976 = ADVANCED_FACE ( 'NONE', ( #1251 ), #2108, .T. ) ;
#977 = ORIENTED_EDGE ( 'NONE', *, *, #1623, .F. ) ;
#978 = CARTESIAN_POINT ( 'NONE',  ( 0.000000000000000000, -19.40667409058060500, -8.200000000003026202 ) ) ;
#979 = EDGE_CURVE ( 'NONE', #548, #444, #564, .T. ) ;
#980 = FACE_OUTER_BOUND ( 'NONE', #656, .T. ) ;
#981 = ORIENTED_EDGE ( 'NONE', *, *, #1964, .T. ) ;
#982 = CARTESIAN_POINT ( 'NONE',  ( 5.000000000000000000, 44.00000000000000000, 18.50000000000000000 ) ) ;
#983 = EDGE_CURVE ( 'NONE', #1954, #362, #1944, .T. ) ;
#984 = VECTOR ( 'NONE', #766, 1000.000000000000000 ) ;
#985 = CARTESIAN_POINT ( 'NONE',  ( -5.000000000000000000, -44.00000000000000000, 8.499999999999998224 ) ) ;
#986 = VECTOR ( 'NONE', #929, 1000.000000000000000 ) ;
#987 = ORIENTED_EDGE ( 'NONE', *, *, #832, .T. ) ;
#988 = DIRECTION ( 'NONE',  ( -1.000000000000000000, 0.000000000000000000, -0.000000000000000000 ) ) ;
#989 = AXIS2_PLACEMENT_3D ( 'NONE', #14, #506, #1031 ) ;
#990 = EDGE_LOOP ( 'NONE', ( #2167, #110, #1812, #1947, #626, #1972, #2019 ) ) ;
#991 = DIRECTION ( 'NONE',  ( 0.000000000000000000, 0.000000000000000000, -1.000000000000000000 ) ) ;
#992 = ADVANCED_FACE ( 'NONE', ( #2119 ), #574, .F. ) ;
#993 = CIRCLE ( 'NONE', #213, 1.599999999999924372 ) ;
#994 =( NAMED_UNIT ( * ) PLANE_ANGLE_UNIT ( ) SI_UNIT ( $, .RADIAN. ) );
#995 = ORIENTED_EDGE ( 'NONE', *, *, #648, .F. ) ;
#996 = FACE_OUTER_BOUND ( 'NONE', #1950, .T. ) ;
#997 = DIRECTION ( 'NONE',  ( 0.000000000000000000, 0.000000000000000000, 1.000000000000000000 ) ) ;
#998 = CARTESIAN_POINT ( 'NONE',  ( 4.416500804524988055, -43.99999999999998579, -3.327665421546452507 ) ) ;
#999 = ORIENTED_EDGE ( 'NONE', *, *, #183, .F. ) ;
#1000 = CARTESIAN_POINT ( 'NONE',  ( 0.000000000000000000, -33.16741350944804623, -14.12074842475487024 ) ) ;
#1001 = EDGE_LOOP ( 'NONE', ( #871, #1483, #2133, #1545, #1232, #1682, #524, #1559, #502, #784 ) ) ;
#1002 = DIRECTION ( 'NONE',  ( -0.000000000000000000, 1.000000000000000000, -0.000000000000000000 ) ) ;
#1003 = ORIENTED_EDGE ( 'NONE', *, *, #2149, .T. ) ;
#1004 = CARTESIAN_POINT ( 'NONE',  ( 0.000000000000000000, -36.82660368508225446, -0.02313063810234321227 ) ) ;
#1005 = LINE ( 'NONE', #193, #1023 ) ;
#1006 = ADVANCED_FACE ( 'NONE', ( #91 ), #403, .F. ) ;
#1007 = FACE_OUTER_BOUND ( 'NONE', #587, .T. ) ;
#1008 = VERTEX_POINT ( 'NONE', #414 ) ;
#1009 = LINE ( 'NONE', #291, #1137 ) ;
#1010 = EDGE_LOOP ( 'NONE', ( #224, #1684 ) ) ;
#1011 = EDGE_CURVE ( 'NONE', #1866, #2170, #1089, .T. ) ;
#1012 = FACE_OUTER_BOUND ( 'NONE', #903, .T. ) ;
#1013 = VERTEX_POINT ( 'NONE', #240 ) ;
#1014 = DIRECTION ( 'NONE',  ( 0.000000000000000000, 1.000000000000000000, 0.000000000000000000 ) ) ;
#1015 = FACE_OUTER_BOUND ( 'NONE', #1626, .T. ) ;
#1016 = VECTOR ( 'NONE', #761, 1000.000000000000000 ) ;
#1017 = FACE_OUTER_BOUND ( 'NONE', #1593, .T. ) ;
#1018 = ORIENTED_EDGE ( 'NONE', *, *, #1987, .F. ) ;
#1019 = AXIS2_PLACEMENT_3D ( 'NONE', #2134, #392, #1973 ) ;
#1020 = LINE ( 'NONE', #1036, #1501 ) ;
#1021 = CIRCLE ( 'NONE', #206, 1.599999999999997202 ) ;
#1022 = ORIENTED_EDGE ( 'NONE', *, *, #983, .T. ) ;
#1023 = VECTOR ( 'NONE', #1898, 1000.000000000000114 ) ;
#1024 = B_SPLINE_CURVE_WITH_KNOTS ( 'NONE', 3,
 ( #88, #56, #102, #1436 ),
 .UNSPECIFIED., .F., .F.,
 ( 4, 4 ),
 ( 0.0007872237361601140768, 0.001570661686991462521 ),
 .UNSPECIFIED. ) ;
#1025 = VECTOR ( 'NONE', #1929, 1000.000000000000000 ) ;
#1026 = FACE_BOUND ( 'NONE', #1452, .T. ) ;
#1027 = ORIENTED_EDGE ( 'NONE', *, *, #1224, .T. ) ;
#1028 = FACE_OUTER_BOUND ( 'NONE', #1831, .T. ) ;
#1029 = DIRECTION ( 'NONE',  ( 1.000000000000000000, 0.000000000000000000, 0.000000000000000000 ) ) ;
#1030 = AXIS2_PLACEMENT_3D ( 'NONE', #2029, #988, #488 ) ;
#1031 = DIRECTION ( 'NONE',  ( 0.000000000000000000, 0.000000000000000000, -1.000000000000000000 ) ) ;
#1032 = CIRCLE ( 'NONE', #2152, 2.000000000000034639 ) ;
#1033 = CYLINDRICAL_SURFACE ( 'NONE', #1281, 1.249999999999997558 ) ;
#1034 = EDGE_CURVE ( 'NONE', #1329, #683, #918, .T. ) ;
#1035 = ORIENTED_EDGE ( 'NONE', *, *, #684, .F. ) ;
#1036 = CARTESIAN_POINT ( 'NONE',  ( 0.000000000000000000, 33.99999999999999289, 0.000000000000000000 ) ) ;
#1037 = VERTEX_POINT ( 'NONE', #73 ) ;
#1038 = CARTESIAN_POINT ( 'NONE',  ( 0.000000000000000000, -33.16741350944804623, -12.87074842475487380 ) ) ;
#1039 = ORIENTED_EDGE ( 'NONE', *, *, #590, .T. ) ;
#1040 = CARTESIAN_POINT ( 'NONE',  ( 3.499999999999976907, -25.99999999999999645, -12.00000000000000000 ) ) ;
#1041 = CARTESIAN_POINT ( 'NONE',  ( 3.499999999999973799, 41.50000000000000711, -13.89999999999999503 ) ) ;
#1042 = ADVANCED_FACE ( 'NONE', ( #1621 ), #609, .T. ) ;
#1043 = DIRECTION ( 'NONE',  ( 0.000000000000000000, 0.000000000000000000, -1.000000000000000000 ) ) ;
#1044 = VERTEX_POINT ( 'NONE', #597 ) ;
#1045 = CARTESIAN_POINT ( 'NONE',  ( 4.546405679937135069, -23.88050045213525507, 12.41298519174677750 ) ) ;
#1046 = EDGE_CURVE ( 'NONE', #2170, #1517, #1968, .T. ) ;
#1047 = EDGE_LOOP ( 'NONE', ( #1468, #705, #644, #1846, #650, #1378, #1909 ) ) ;
#1048 = DIRECTION ( 'NONE',  ( 0.000000000000000000, 0.000000000000000000, 1.000000000000000000 ) ) ;
#1049 = EDGE_CURVE ( 'NONE', #320, #500, #2038, .T. ) ;
#1050 = VERTEX_POINT ( 'NONE', #653 ) ;
#1051 = LINE ( 'NONE', #203, #238 ) ;
#1052 = CARTESIAN_POINT ( 'NONE',  ( -5.000000000000000000, 33.99999999999999289, 15.50000000000000000 ) ) ;
#1053 = CARTESIAN_POINT ( 'NONE',  ( 5.000000000000000000, 33.99999999999999289, 8.499999999999998224 ) ) ;
#1054 = EDGE_CURVE ( 'NONE', #683, #2066, #1068, .T. ) ;
#1055 = EDGE_LOOP ( 'NONE', ( #416, #2211, #1896, #2031 ) ) ;
#1056 = DIRECTION ( 'NONE',  ( 1.000000000000000000, 0.000000000000000000, 0.000000000000000000 ) ) ;
#1057 = AXIS2_PLACEMENT_3D ( 'NONE', #2116, #1786, #435 ) ;
#1058 = VERTEX_POINT ( 'NONE', #1165 ) ;
#1059 = VECTOR ( 'NONE', #1860, 1000.000000000000000 ) ;
#1060 = CARTESIAN_POINT ( 'NONE',  ( 5.000000000000000000, 44.00000000000000000, -13.66696972201762428 ) ) ;
#1061 = CIRCLE ( 'NONE', #63, 1.999999999999946265 ) ;
#1062 = ORIENTED_EDGE ( 'NONE', *, *, #1815, .T. ) ;
#1063 = DIRECTION ( 'NONE',  ( -1.000000000000000000, -0.000000000000000000, -0.000000000000000000 ) ) ;
#1064 = ADVANCED_FACE ( 'NONE', ( #1339 ), #1352, .F. ) ;
#1065 = VECTOR ( 'NONE', #1537, 1000.000000000000114 ) ;
#1066 = DIRECTION ( 'NONE',  ( 0.000000000000000000, 1.000000000000000000, 0.000000000000000000 ) ) ;
#1067 = VECTOR ( 'NONE', #835, 1000.000000000000000 ) ;
#1068 = B_SPLINE_CURVE_WITH_KNOTS ( 'NONE', 3,
 ( #1641, #1833, #107, #643, #664, #786, #1474, #961, #1331, #831, #2172, #1519, #2014, #448 ),
 .UNSPECIFIED., .F., .F.,
 ( 4, 2, 2, 2, 2, 2, 4 ),
 ( 0.000000000000000000, 0.0009707064153100161946, 0.001456059622965029388, 0.001941412830620042364, 0.002426766038275054906, 0.002912119245930068750, 0.003882825661240094269 ),
 .UNSPECIFIED. ) ;
#1069 = VECTOR ( 'NONE', #937, 1000.000000000000000 ) ;
#1070 = CARTESIAN_POINT ( 'NONE',  ( 0.000000000000000000, -41.49999999999999289, -13.90000000000000213 ) ) ;
#1071 = ORIENTED_EDGE ( 'NONE', *, *, #1114, .F. ) ;
#1072 = CARTESIAN_POINT ( 'NONE',  ( 4.767005259920791715, -23.99999999999977263, 11.94353660973586884 ) ) ;
#1073 = VERTEX_POINT ( 'NONE', #1508 ) ;
#1074 = FACE_OUTER_BOUND ( 'NONE', #1314, .T. ) ;
#1075 = ORIENTED_EDGE ( 'NONE', *, *, #1413, .T. ) ;
#1076 = CYLINDRICAL_SURFACE ( 'NONE', #1778, 1.249999999999997558 ) ;
#1077 = CARTESIAN_POINT ( 'NONE',  ( 0.000000000000000000, 33.18257239462433006, -15.32749880748777471 ) ) ;
#1078 = EDGE_CURVE ( 'NONE', #65, #829, #619, .T. ) ;
#1079 = CARTESIAN_POINT ( 'NONE',  ( 4.415830001827149687, 44.00000000000000000, -15.82249759797040767 ) ) ;
#1080 = EDGE_CURVE ( 'NONE', #202, #1803, #1784, .T. ) ;
#1081 = FACE_OUTER_BOUND ( 'NONE', #1757, .T. ) ;
#1082 = DIRECTION ( 'NONE',  ( -1.000000000000000000, -0.000000000000000000, -0.000000000000000000 ) ) ;
#1083 = DIRECTION ( 'NONE',  ( 1.000000000000000000, 0.000000000000000000, 0.000000000000000000 ) ) ;
#1084 = ORIENTED_EDGE ( 'NONE', *, *, #175, .F. ) ;
#1085 = DIRECTION ( 'NONE',  ( 0.000000000000000000, 2.238352872228124267E-15, -1.000000000000000000 ) ) ;
#1086 = EDGE_LOOP ( 'NONE', ( #1022, #1476, #332, #188, #838, #690, #1071, #800 ) ) ;
#1087 = LINE ( 'NONE', #735, #1601 ) ;
#1088 = CARTESIAN_POINT ( 'NONE',  ( 5.000000000000000000, -22.39999999999985292, 11.79999999999683880 ) ) ;
#1089 = LINE ( 'NONE', #1102, #451 ) ;
#1090 = EDGE_LOOP ( 'NONE', ( #87, #1578, #565, #1511, #374, #1617, #1262, #1139, #1289, #676, #367, #434, #1272, #721 ) ) ;
#1091 = CARTESIAN_POINT ( 'NONE',  ( 0.000000000000000000, -19.40667409058077908, 13.79999999999688143 ) ) ;
#1092 = ORIENTED_EDGE ( 'NONE', *, *, #571, .F. ) ;
#1093 = VECTOR ( 'NONE', #939, 1000.000000000000000 ) ;
#1094 = DIRECTION ( 'NONE',  ( 0.000000000000000000, 0.000000000000000000, -1.000000000000000000 ) ) ;
#1095 = ORIENTED_EDGE ( 'NONE', *, *, #1988, .T. ) ;
#1096 = FACE_OUTER_BOUND ( 'NONE', #1693, .T. ) ;
#1097 = ADVANCED_FACE ( 'NONE', ( #1133 ), #1495, .F. ) ;
#1098 = CIRCLE ( 'NONE', #24, 2.999999999999999112 ) ;
#1099 = UNCERTAINTY_MEASURE_WITH_UNIT (LENGTH_MEASURE( 1.000000000000000082E-05 ), #286, 'distance_accuracy_value', 'NONE');
#1100 = CARTESIAN_POINT ( 'NONE',  ( 4.899999999999994138, 41.76389290926861975, -18.50000000000000000 ) ) ;
#1101 = AXIS2_PLACEMENT_3D ( 'NONE', #840, #2084, #370 ) ;
#1102 = CARTESIAN_POINT ( 'NONE',  ( 5.000000000000000000, 31.40000000000257074, -8.200000000006461676 ) ) ;
#1103 = VECTOR ( 'NONE', #1257, 1000.000000000000000 ) ;
#1104 = CARTESIAN_POINT ( 'NONE',  ( 5.000000000000000000, 44.00000000000000000, 5.499999999999998224 ) ) ;
#1105 = VECTOR ( 'NONE', #462, 1000.000000000000000 ) ;
#1106 = CARTESIAN_POINT ( 'NONE',  ( 5.000000000000000000, -19.40667409058060500, -10.20000000000307594 ) ) ;
#1107 = EDGE_LOOP ( 'NONE', ( #1536, #1653 ) ) ;
#1108 = DIRECTION ( 'NONE',  ( -1.000000000000000000, -0.000000000000000000, -0.000000000000000000 ) ) ;
#1109 = ORIENTED_EDGE ( 'NONE', *, *, #1730, .F. ) ;
#1110 = DIRECTION ( 'NONE',  ( -1.000000000000000000, -0.000000000000000000, -0.000000000000000000 ) ) ;
#1111 = DIRECTION ( 'NONE',  ( 0.7071067811865451302, 0.000000000000000000, -0.7071067811865500152 ) ) ;
#1112 = DIRECTION ( 'NONE',  ( 1.000000000000000000, 0.000000000000000000, 0.000000000000000000 ) ) ;
#1113 = CARTESIAN_POINT ( 'NONE',  ( 0.000000000000000000, 40.99999999999999289, 8.499999999999998224 ) ) ;
#1114 = EDGE_CURVE ( 'NONE', #1945, #311, #2189, .T. ) ;
#1115 = CARTESIAN_POINT ( 'NONE',  ( 5.000000000000000000, -44.00000000000000000, -1.166969722017633604 ) ) ;
#1116 = VERTEX_POINT ( 'NONE', #150 ) ;
#1117 = ORIENTED_EDGE ( 'NONE', *, *, #1857, .T. ) ;
#1118 = DIRECTION ( 'NONE',  ( 1.000000000000000000, -0.000000000000000000, -0.000000000000000000 ) ) ;
#1119 = DIRECTION ( 'NONE',  ( 1.000000000000000000, 0.000000000000000000, 0.000000000000000000 ) ) ;
#1120 = LINE ( 'NONE', #1807, #1105 ) ;
#1121 = DIRECTION ( 'NONE',  ( -1.000000000000000000, 0.000000000000000000, 0.000000000000000000 ) ) ;
#1122 = EDGE_CURVE ( 'NONE', #1116, #909, #115, .T. ) ;
#1123 = CARTESIAN_POINT ( 'NONE',  ( 3.499999999999976907, -25.99999999999999645, 12.39999999999999858 ) ) ;
#1124 = CARTESIAN_POINT ( 'NONE',  ( 5.000000000000000000, -22.39999999999985292, 13.39999999999676383 ) ) ;
#1125 = ORIENTED_EDGE ( 'NONE', *, *, #1899, .F. ) ;
#1126 = VERTEX_POINT ( 'NONE', #1823 ) ;
#1127 = FACE_BOUND ( 'NONE', #646, .T. ) ;
#1128 = LINE ( 'NONE', #1820, #1321 ) ;
#1129 = CIRCLE ( 'NONE', #770, 1.599999999999998090 ) ;
#1130 = VERTEX_POINT ( 'NONE', #629 ) ;
#1131 = DIRECTION ( 'NONE',  ( 0.000000000000000000, 0.000000000000000000, -1.000000000000000000 ) ) ;
#1132 = AXIS2_PLACEMENT_3D ( 'NONE', #1630, #1112, #1933 ) ;
#1133 = FACE_OUTER_BOUND ( 'NONE', #2079, .T. ) ;
#1134 = VECTOR ( 'NONE', #547, 1000.000000000000000 ) ;
#1135 = CARTESIAN_POINT ( 'NONE',  ( 0.000000000000000000, -33.99999999999999289, 15.50000000000000000 ) ) ;
#1136 = EDGE_LOOP ( 'NONE', ( #747, #1659, #1125, #1359 ) ) ;
#1137 = VECTOR ( 'NONE', #119, 1000.000000000000000 ) ;
#1138 = CARTESIAN_POINT ( 'NONE',  ( 5.000000000000000000, -44.00000000000000000, 8.499999999999998224 ) ) ;
#1139 = ORIENTED_EDGE ( 'NONE', *, *, #962, .T. ) ;
#1140 = CARTESIAN_POINT ( 'NONE',  ( 5.000000000000000000, -19.40667409058077908, 11.79999999999684590 ) ) ;
#1141 = DIRECTION ( 'NONE',  ( -1.000000000000000000, 0.000000000000000000, -0.000000000000000000 ) ) ;
#1142 = ORIENTED_EDGE ( 'NONE', *, *, #2221, .T. ) ;
#1143 = DIRECTION ( 'NONE',  ( -0.000000000000000000, -0.000000000000000000, 1.000000000000000000 ) ) ;
#1144 = EDGE_CURVE ( 'NONE', #924, #2120, #135, .T. ) ;
#1145 = DIRECTION ( 'NONE',  ( 0.000000000000000000, 0.000000000000000000, -1.000000000000000000 ) ) ;
#1146 = APPLICATION_CONTEXT ( 'automotive_design' ) ;
#1147 = EDGE_CURVE ( 'NONE', #486, #1882, #1319, .T. ) ;
#1148 = DIRECTION ( 'NONE',  ( -1.000000000000000000, 0.000000000000000000, -0.000000000000000000 ) ) ;
#1149 = ORIENTED_EDGE ( 'NONE', *, *, #1247, .T. ) ;
#1150 = CARTESIAN_POINT ( 'NONE',  ( 3.499999999999976907, -25.99999999999999645, 15.60000000000000320 ) ) ;
#1151 = ORIENTED_EDGE ( 'NONE', *, *, #1834, .T. ) ;
#1152 = DIRECTION ( 'NONE',  ( 0.000000000000000000, 0.000000000000000000, 1.000000000000000000 ) ) ;
#1153 = DIRECTION ( 'NONE',  ( 1.000000000000000000, 0.000000000000000000, 0.000000000000000000 ) ) ;
#1154 = EDGE_LOOP ( 'NONE', ( #1196, #577, #15, #1035 ) ) ;
#1155 = SHAPE_DEFINITION_REPRESENTATION ( #2098, #1580 ) ;
#1156 = DIRECTION ( 'NONE',  ( -0.000000000000000000, -0.000000000000000000, 1.000000000000000000 ) ) ;
#1157 = DIRECTION ( 'NONE',  ( 1.000000000000000000, 0.000000000000000000, 0.000000000000000000 ) ) ;
#1158 = ORIENTED_EDGE ( 'NONE', *, *, #777, .F. ) ;
#1159 = LINE ( 'NONE', #2193, #1967 ) ;
#1160 = ORIENTED_EDGE ( 'NONE', *, *, #1577, .F. ) ;
#1161 = DIRECTION ( 'NONE',  ( 1.000000000000000000, 0.000000000000000000, 0.000000000000000000 ) ) ;
#1162 = DIRECTION ( 'NONE',  ( 0.000000000000000000, 0.000000000000000000, 1.000000000000000000 ) ) ;
#1163 = ADVANCED_FACE ( 'NONE', ( #1868 ), #287, .F. ) ;
#1164 = CARTESIAN_POINT ( 'NONE',  ( 5.000000000000000000, 26.80667409058170492, -8.200000000003026202 ) ) ;
#1165 = CARTESIAN_POINT ( 'NONE',  ( 0.000000000000000000, 28.46963292914913524, -9.088888888893960072 ) ) ;
#1166 = CIRCLE ( 'NONE', #1959, 3.100000000000019185 ) ;
#1167 = CARTESIAN_POINT ( 'NONE',  ( 5.000000000000000000, 37.00000000000000000, 8.499999999999998224 ) ) ;
#1168 = VECTOR ( 'NONE', #950, 1000.000000000000000 ) ;
#1169 = ORIENTED_EDGE ( 'NONE', *, *, #2130, .T. ) ;
#1170 = CARTESIAN_POINT ( 'NONE',  ( 3.499999999999986677, -41.49999999999999289, -2.999999999999999112 ) ) ;
#1171 = AXIS2_PLACEMENT_3D ( 'NONE', #1306, #1686, #1145 ) ;
#1172 = VECTOR ( 'NONE', #443, 1000.000000000000000 ) ;
#1173 = ORIENTED_EDGE ( 'NONE', *, *, #1834, .F. ) ;
#1174 = AXIS2_PLACEMENT_3D ( 'NONE', #2063, #1890, #1734 ) ;
#1175 = CARTESIAN_POINT ( 'NONE',  ( 3.499999999999973799, 41.50000000000000711, -17.09999999999999076 ) ) ;
#1176 = ADVANCED_FACE ( 'NONE', ( #971 ), #1661, .F. ) ;
#1177 = ORIENTED_EDGE ( 'NONE', *, *, #620, .F. ) ;
#1178 = DIRECTION ( 'NONE',  ( -1.000000000000000000, -0.000000000000000000, -0.000000000000000000 ) ) ;
#1179 = DIRECTION ( 'NONE',  ( -1.000000000000000000, -0.000000000000000000, -0.000000000000000000 ) ) ;
#1180 = DIRECTION ( 'NONE',  ( -1.000000000000000000, 0.000000000000000000, -0.000000000000000000 ) ) ;
#1181 = ORIENTED_EDGE ( 'NONE', *, *, #1779, .T. ) ;
#1182 = ADVANCED_FACE ( 'NONE', ( #139 ), #821, .F. ) ;
#1183 = DIRECTION ( 'NONE',  ( 0.000000000000000000, 0.000000000000000000, -1.000000000000000000 ) ) ;
#1184 = ORIENTED_EDGE ( 'NONE', *, *, #175, .T. ) ;
#1185 = FACE_BOUND ( 'NONE', #1010, .T. ) ;
#1186 = ORIENTED_EDGE ( 'NONE', *, *, #1054, .T. ) ;
#1187 = CARTESIAN_POINT ( 'NONE',  ( 3.499999999999986677, -41.49999999999999289, -4.599999999999996980 ) ) ;
#1188 = LINE ( 'NONE', #1052, #952 ) ;
#1189 = EDGE_CURVE ( 'NONE', #1073, #1301, #1199, .T. ) ;
#1190 = LINE ( 'NONE', #1053, #2034 ) ;
#1191 = ORIENTED_EDGE ( 'NONE', *, *, #825, .T. ) ;
#1192 = ADVANCED_FACE ( 'NONE', ( #542 ), #1575, .F. ) ;
#1193 = DIRECTION ( 'NONE',  ( 0.000000000000000000, 0.000000000000000000, 1.000000000000000000 ) ) ;
#1194 = VERTEX_POINT ( 'NONE', #1540 ) ;
#1195 = CARTESIAN_POINT ( 'NONE',  ( 4.957318079514378972, -23.99999999999977973, 11.68731913849016379 ) ) ;
#1196 = ORIENTED_EDGE ( 'NONE', *, *, #474, .F. ) ;
#1197 = DIRECTION ( 'NONE',  ( -1.000000000000000000, 0.000000000000000000, -0.000000000000000000 ) ) ;
#1198 = EDGE_CURVE ( 'NONE', #1743, #1194, #1709, .T. ) ;
#1199 = LINE ( 'NONE', #688, #1996 ) ;
#1200 = AXIS2_PLACEMENT_3D ( 'NONE', #897, #1223, #368 ) ;
#1201 = CARTESIAN_POINT ( 'NONE',  ( 4.899999999999963940, -41.49999999999999289, -18.50000000000000000 ) ) ;
#1202 = VERTEX_POINT ( 'NONE', #207 ) ;
#1203 = CARTESIAN_POINT ( 'NONE',  ( 5.000000000000000000, 40.99999999999999289, 5.499999999999998224 ) ) ;
#1204 = B_SPLINE_CURVE_WITH_KNOTS ( 'NONE', 3,
 ( #36, #1616, #725, #1276 ),
 .UNSPECIFIED., .F., .F.,
 ( 4, 4 ),
 ( 0.0007872237361602358327, 0.001570661686991705816 ),
 .UNSPECIFIED. ) ;
#1205 = AXIS2_PLACEMENT_3D ( 'NONE', #921, #1271, #1610 ) ;
#1206 = ORIENTED_EDGE ( 'NONE', *, *, #1665, .T. ) ;
#1207 = AXIS2_PLACEMENT_3D ( 'NONE', #1482, #147, #460 ) ;
#1208 = CIRCLE ( 'NONE', #532, 1.599999999999990319 ) ;
#1209 = FACE_BOUND ( 'NONE', #2092, .T. ) ;
#1210 = ORIENTED_EDGE ( 'NONE', *, *, #1189, .T. ) ;
#1211 = DIRECTION ( 'NONE',  ( -1.000000000000000000, -0.000000000000000000, -0.000000000000000000 ) ) ;
#1212 = EDGE_CURVE ( 'NONE', #1116, #734, #1005, .T. ) ;
#1213 = AXIS2_PLACEMENT_3D ( 'NONE', #1589, #794, #803 ) ;
#1214 = CARTESIAN_POINT ( 'NONE',  ( 5.000000000000000000, -41.49999999999999289, -6.100000000000018296 ) ) ;
#1215 = EDGE_CURVE ( 'NONE', #2066, #734, #313, .T. ) ;
#1216 = DIRECTION ( 'NONE',  ( 0.000000000000000000, 0.000000000000000000, 1.000000000000000000 ) ) ;
#1217 = ORIENTED_EDGE ( 'NONE', *, *, #655, .F. ) ;
#1218 = FACE_OUTER_BOUND ( 'NONE', #790, .T. ) ;
#1219 = ADVANCED_FACE ( 'NONE', ( #5 ), #739, .F. ) ;
#1220 = EDGE_LOOP ( 'NONE', ( #1018, #2196, #2017, #1984 ) ) ;
#1221 = DIRECTION ( 'NONE',  ( 0.000000000000000000, 0.000000000000000000, -1.000000000000000000 ) ) ;
#1222 = ORIENTED_EDGE ( 'NONE', *, *, #1264, .F. ) ;
#1223 = DIRECTION ( 'NONE',  ( -1.000000000000000000, -0.000000000000000000, -0.000000000000000000 ) ) ;
#1224 = EDGE_CURVE ( 'NONE', #1878, #2142, #1188, .T. ) ;
#1225 = DIRECTION ( 'NONE',  ( 0.000000000000000000, 0.000000000000000000, -1.000000000000000000 ) ) ;
#1226 = LINE ( 'NONE', #337, #772 ) ;
#1227 = ORIENTED_EDGE ( 'NONE', *, *, #750, .T. ) ;
#1228 = DIRECTION ( 'NONE',  ( 0.000000000000000000, 0.000000000000000000, -1.000000000000000000 ) ) ;
#1229 = EDGE_CURVE ( 'NONE', #1752, #1299, #519, .T. ) ;
#1230 = VERTEX_POINT ( 'NONE', #1363 ) ;
#1231 = DIRECTION ( 'NONE',  ( -1.000000000000000000, 0.000000000000000000, -0.000000000000000000 ) ) ;
#1232 = ORIENTED_EDGE ( 'NONE', *, *, #718, .T. ) ;
#1233 = CARTESIAN_POINT ( 'NONE',  ( 0.000000000000000000, -25.99999999999999645, 14.00000000000000000 ) ) ;
#1234 = DIRECTION ( 'NONE',  ( 0.7071067811865512365, 8.659560562354889717E-17, 0.7071067811865439090 ) ) ;
#1235 = CARTESIAN_POINT ( 'NONE',  ( 5.000000000000000000, 26.80667409058170492, -8.200000000003026202 ) ) ;
#1236 = ORIENTED_EDGE ( 'NONE', *, *, #1224, .F. ) ;
#1237 = CONICAL_SURFACE ( 'NONE', #665, 1.599999999999997202, 0.7853981633974431720 ) ;
#1238 = DIRECTION ( 'NONE',  ( 1.000000000000000000, 0.000000000000000000, 0.000000000000000000 ) ) ;
#1239 = AXIS2_PLACEMENT_3D ( 'NONE', #558, #269, #227 ) ;
#1240 = ORIENTED_EDGE ( 'NONE', *, *, #1779, .F. ) ;
#1241 = AXIS2_PLACEMENT_3D ( 'NONE', #499, #1180, #329 ) ;
#1242 = CARTESIAN_POINT ( 'NONE',  ( 0.000000000000000000, -25.99999999999999645, 12.39999999999999858 ) ) ;
#1243 = CIRCLE ( 'NONE', #1531, 1.600000000000002531 ) ;
#1244 = ORIENTED_EDGE ( 'NONE', *, *, #1283, .F. ) ;
#1245 = CARTESIAN_POINT ( 'NONE',  ( 5.000000000000000000, -19.40667409058009341, 11.79999999999684590 ) ) ;
#1246 = AXIS2_PLACEMENT_3D ( 'NONE', #704, #1390, #1221 ) ;
#1247 = EDGE_CURVE ( 'NONE', #1369, #548, #1858, .T. ) ;
#1248 = DIRECTION ( 'NONE',  ( 1.000000000000000000, 0.000000000000000000, 0.000000000000000000 ) ) ;
#1249 = AXIS2_PLACEMENT_3D ( 'NONE', #618, #566, #295 ) ;
#1250 = AXIS2_PLACEMENT_3D ( 'NONE', #445, #1935, #51 ) ;
#1251 = FACE_OUTER_BOUND ( 'NONE', #78, .T. ) ;
#1252 = DIRECTION ( 'NONE',  ( 1.000000000000000000, 0.000000000000000000, 0.000000000000000000 ) ) ;
#1253 = DIRECTION ( 'NONE',  ( 1.000000000000000000, 0.000000000000000000, 0.000000000000000000 ) ) ;
#1254 = DIRECTION ( 'NONE',  ( 1.000000000000000000, -0.000000000000000000, -0.000000000000000000 ) ) ;
#1255 = ADVANCED_FACE ( 'NONE', ( #1739 ), #1697, .F. ) ;
#1256 = ORIENTED_EDGE ( 'NONE', *, *, #1650, .F. ) ;
#1257 = DIRECTION ( 'NONE',  ( 0.000000000000000000, 0.000000000000000000, -1.000000000000000000 ) ) ;
#1258 = EDGE_LOOP ( 'NONE', ( #210, #1492, #1399, #1267, #1326, #352, #1429, #2089, #1581, #1367, #42, #34, #132, #55, #1160, #912, #1565 ) ) ;
#1259 = DIRECTION ( 'NONE',  ( 0.000000000000000000, 0.000000000000000000, 1.000000000000000000 ) ) ;
#1260 = CARTESIAN_POINT ( 'NONE',  ( 4.899999999999994138, 41.50000000000000711, -18.50000000000000000 ) ) ;
#1261 = CARTESIAN_POINT ( 'NONE',  ( -5.000000000000000000, 37.00000000000000000, 11.50000000000000000 ) ) ;
#1262 = ORIENTED_EDGE ( 'NONE', *, *, #1449, .T. ) ;
#1263 = DIRECTION ( 'NONE',  ( 0.000000000000000000, 0.000000000000000000, -1.000000000000000000 ) ) ;
#1264 = EDGE_CURVE ( 'NONE', #1299, #2217, #873, .T. ) ;
#1265 = ORIENTED_EDGE ( 'NONE', *, *, #496, .F. ) ;
#1266 = DIRECTION ( 'NONE',  ( 0.000000000000000000, 0.000000000000000000, -1.000000000000000000 ) ) ;
#1267 = ORIENTED_EDGE ( 'NONE', *, *, #1544, .T. ) ;
#1268 = DIRECTION ( 'NONE',  ( -0.000000000000000000, -0.000000000000000000, 1.000000000000000000 ) ) ;
#1269 = DIRECTION ( 'NONE',  ( 0.000000000000000000, 0.000000000000000000, 1.000000000000000000 ) ) ;
#1270 = EDGE_CURVE ( 'NONE', #1900, #1554, #1381, .T. ) ;
#1271 = DIRECTION ( 'NONE',  ( -1.000000000000000000, 0.000000000000000000, -0.000000000000000000 ) ) ;
#1272 = ORIENTED_EDGE ( 'NONE', *, *, #1987, .T. ) ;
#1273 = DIRECTION ( 'NONE',  ( 0.000000000000000000, 0.000000000000000000, -1.000000000000000000 ) ) ;
#1274 = VERTEX_POINT ( 'NONE', #1214 ) ;
#1275 = CIRCLE ( 'NONE', #2030, 1.599999999999997202 ) ;
#1276 = CARTESIAN_POINT ( 'NONE',  ( 5.000000000000000000, -42.28102496759079543, -18.50000000000000000 ) ) ;
#1277 = ORIENTED_EDGE ( 'NONE', *, *, #983, .F. ) ;
#1278 = CARTESIAN_POINT ( 'NONE',  ( 5.000000000000000000, -25.99999999999999645, 17.10000000000003695 ) ) ;
#1279 = CIRCLE ( 'NONE', #310, 1.599999999999997202 ) ;
#1280 = PRODUCT_DEFINITION_CONTEXT ( 'detailed design', #512, 'design' ) ;
#1281 = AXIS2_PLACEMENT_3D ( 'NONE', #874, #534, #1364 ) ;
#1282 = CARTESIAN_POINT ( 'NONE',  ( 0.000000000000000000, -25.99999999999999645, 15.60000000000000320 ) ) ;
#1283 = EDGE_CURVE ( 'NONE', #847, #1816, #1061, .T. ) ;
#1284 = CARTESIAN_POINT ( 'NONE',  ( 5.000000000000000000, 29.80000000000222116, 13.39999999999885816 ) ) ;
#1285 = CONICAL_SURFACE ( 'NONE', #1425, 1.599999999999998090, 0.7853981633974554954 ) ;
#1286 = DIRECTION ( 'NONE',  ( 0.000000000000000000, 0.000000000000000000, -1.000000000000000000 ) ) ;
#1287 = CONICAL_SURFACE ( 'NONE', #387, 1.599999999999997202, 0.7853981633974511656 ) ;
#1288 = CARTESIAN_POINT ( 'NONE',  ( 0.000000000000000000, 33.99999999999999289, 11.50000000000000000 ) ) ;
#1289 = ORIENTED_EDGE ( 'NONE', *, *, #428, .T. ) ;
#1290 = VERTEX_POINT ( 'NONE', #1394 ) ;
#1291 = CARTESIAN_POINT ( 'NONE',  ( 5.000000000000000000, -25.99999999999999645, 10.89999999999996483 ) ) ;
#1292 = ADVANCED_FACE ( 'NONE', ( #1015 ), #1906, .T. ) ;
#1293 = CARTESIAN_POINT ( 'NONE',  ( 5.000000000000000000, -41.49999999999999289, 0.1000000000000202116 ) ) ;
#1294 = EDGE_CURVE ( 'NONE', #1780, #452, #1712, .T. ) ;
#1295 =( NAMED_UNIT ( * ) SI_UNIT ( $, .STERADIAN. ) SOLID_ANGLE_UNIT ( ) );
#1296 = FACE_OUTER_BOUND ( 'NONE', #69, .T. ) ;
#1297 = DIRECTION ( 'NONE',  ( 1.000000000000000000, -0.000000000000000000, 0.000000000000000000 ) ) ;
#1298 = CARTESIAN_POINT ( 'NONE',  ( 5.000000000000000000, 28.46963292914841404, 12.68888888888675659 ) ) ;
#1299 = VERTEX_POINT ( 'NONE', #1403 ) ;
#1300 = EDGE_CURVE ( 'NONE', #1013, #1130, #1458, .T. ) ;
#1301 = VERTEX_POINT ( 'NONE', #898 ) ;
#1302 = DIRECTION ( 'NONE',  ( 1.000000000000000000, 0.000000000000000000, 0.000000000000000000 ) ) ;
#1303 = LINE ( 'NONE', #968, #1172 ) ;
#1304 = EDGE_LOOP ( 'NONE', ( #52, #1240, #1889, #504 ) ) ;
#1305 = CARTESIAN_POINT ( 'NONE',  ( 5.000000000000000000, 33.99999999999999289, 15.50000000000000000 ) ) ;
#1306 = CARTESIAN_POINT ( 'NONE',  ( 5.000000000000000000, -22.39999999999985292, 11.79999999999683880 ) ) ;
#1307 = LINE ( 'NONE', #450, #1457 ) ;
#1308 = VERTEX_POINT ( 'NONE', #1282 ) ;
#1309 = DIRECTION ( 'NONE',  ( 1.000000000000000000, 0.000000000000000000, 0.000000000000000000 ) ) ;
#1310 = VERTEX_POINT ( 'NONE', #1788 ) ;
#1311 = DIRECTION ( 'NONE',  ( 0.000000000000000000, 0.000000000000000000, 1.000000000000000000 ) ) ;
#1312 = AXIS2_PLACEMENT_3D ( 'NONE', #2024, #1854, #315 ) ;
#1313 = DIRECTION ( 'NONE',  ( -1.000000000000000000, -0.000000000000000000, -0.000000000000000000 ) ) ;
#1314 = EDGE_LOOP ( 'NONE', ( #330, #493, #1169, #2112, #1766, #471 ) ) ;
#1315 = ADVANCED_FACE ( 'NONE', ( #1586 ), #1608, .F. ) ;
#1316 = B_SPLINE_CURVE_WITH_KNOTS ( 'NONE', 3,
 ( #1881, #357, #1195, #860 ),
 .UNSPECIFIED., .F., .F.,
 ( 4, 4 ),
 ( 0.000000000000000000, 0.0002109070526928398157 ),
 .UNSPECIFIED. ) ;
#1317 = FACE_OUTER_BOUND ( 'NONE', #515, .T. ) ;
#1318 = VECTOR ( 'NONE', #1043, 1000.000000000000000 ) ;
#1319 = LINE ( 'NONE', #1348, #707 ) ;
#1320 = CIRCLE ( 'NONE', #1819, 1.600000000000002531 ) ;
#1321 = VECTOR ( 'NONE', #270, 1000.000000000000000 ) ;
#1322 = CARTESIAN_POINT ( 'NONE',  ( 5.000000000000000000, -44.00000000000000000, -1.166969722017633604 ) ) ;
#1323 = ORIENTED_EDGE ( 'NONE', *, *, #659, .T. ) ;
#1324 = CYLINDRICAL_SURFACE ( 'NONE', #67, 1.599999999999997202 ) ;
#1325 =( GEOMETRIC_REPRESENTATION_CONTEXT ( 3 ) GLOBAL_UNCERTAINTY_ASSIGNED_CONTEXT ( ( #1099 ) ) GLOBAL_UNIT_ASSIGNED_CONTEXT ( ( #286, #1460, #1295 ) ) REPRESENTATION_CONTEXT ( 'NONE', 'WORKASPACE' ) );
#1326 = ORIENTED_EDGE ( 'NONE', *, *, #1334, .F. ) ;
#1327 = DIRECTION ( 'NONE',  ( 0.000000000000000000, 0.000000000000000000, -1.000000000000000000 ) ) ;
#1328 = DIRECTION ( 'NONE',  ( -1.000000000000000000, 0.000000000000000000, -0.000000000000000000 ) ) ;
#1329 = VERTEX_POINT ( 'NONE', #251 ) ;
#1330 = CYLINDRICAL_SURFACE ( 'NONE', #1213, 1.600000000000351141 ) ;
#1331 = CARTESIAN_POINT ( 'NONE',  ( 4.415830001827148799, -44.00000000000000000, -15.17750240202957634 ) ) ;
#1332 = ORIENTED_EDGE ( 'NONE', *, *, #518, .F. ) ;
#1333 = DIRECTION ( 'NONE',  ( 0.000000000000000000, 0.000000000000000000, -1.000000000000000000 ) ) ;
#1334 = EDGE_CURVE ( 'NONE', #1803, #1037, #98, .T. ) ;
#1335 = VERTEX_POINT ( 'NONE', #48 ) ;
#1336 = CARTESIAN_POINT ( 'NONE',  ( 3.499999999999976907, -25.99999999999999645, -12.00000000000000000 ) ) ;
#1337 = ORIENTED_EDGE ( 'NONE', *, *, #205, .T. ) ;
#1338 = CARTESIAN_POINT ( 'NONE',  ( 5.000000000000000000, -33.99999999999999289, 15.50000000000000000 ) ) ;
#1339 = FACE_OUTER_BOUND ( 'NONE', #1762, .T. ) ;
#1340 = CARTESIAN_POINT ( 'NONE',  ( 5.000000000000000000, -33.99999999999999289, 8.499999999999998224 ) ) ;
#1341 = ORIENTED_EDGE ( 'NONE', *, *, #1774, .F. ) ;
#1342 = LINE ( 'NONE', #1138, #1067 ) ;
#1343 = ORIENTED_EDGE ( 'NONE', *, *, #584, .T. ) ;
#1344 = DIRECTION ( 'NONE',  ( 0.000000000000000000, 0.000000000000000000, -1.000000000000000000 ) ) ;
#1345 = EDGE_LOOP ( 'NONE', ( #278, #1913, #957, #823, #2179 ) ) ;
#1346 = CARTESIAN_POINT ( 'NONE',  ( 3.499999999999973799, 41.50000000000000711, -15.49999999999999289 ) ) ;
#1347 = AXIS2_PLACEMENT_3D ( 'NONE', #1233, #2059, #2093 ) ;
#1348 = CARTESIAN_POINT ( 'NONE',  ( 0.000000000000000000, 26.80667409058170492, -8.200000000003026202 ) ) ;
#1349 = EDGE_CURVE ( 'NONE', #723, #1826, #1949, .T. ) ;
#1350 = VECTOR ( 'NONE', #720, 1000.000000000000000 ) ;
#1351 = CARTESIAN_POINT ( 'NONE',  ( -5.000000000000000000, -40.99999999999999289, 8.499999999999998224 ) ) ;
#1352 = CONICAL_SURFACE ( 'NONE', #1925, 1.600000000000002531, 0.7853981633974517207 ) ;
#1353 = ORIENTED_EDGE ( 'NONE', *, *, #749, .T. ) ;
#1354 = LINE ( 'NONE', #810, #639 ) ;
#1355 = CIRCLE ( 'NONE', #456, 1.599999999999998090 ) ;
#1356 = CIRCLE ( 'NONE', #1679, 2.999999999999999112 ) ;
#1357 = VERTEX_POINT ( 'NONE', #1077 ) ;
#1358 = CARTESIAN_POINT ( 'NONE',  ( 0.000000000000000000, 41.50000000000000711, -13.89999999999999503 ) ) ;
#1359 = ORIENTED_EDGE ( 'NONE', *, *, #2185, .F. ) ;
#1360 = CARTESIAN_POINT ( 'NONE',  ( 5.000000000000000000, -23.99999999999977973, -8.200000000003104361 ) ) ;
#1361 = AXIS2_PLACEMENT_3D ( 'NONE', #517, #4, #1029 ) ;
#1362 = EDGE_CURVE ( 'NONE', #723, #1945, #1628, .T. ) ;
#1363 = CARTESIAN_POINT ( 'NONE',  ( 3.499999999999976907, -25.99999999999999645, -13.60000000000000320 ) ) ;
#1364 = DIRECTION ( 'NONE',  ( 0.000000000000000000, 0.000000000000000000, -1.000000000000000000 ) ) ;
#1365 = ORIENTED_EDGE ( 'NONE', *, *, #288, .F. ) ;
#1366 = CYLINDRICAL_SURFACE ( 'NONE', #604, 2.000000000000036415 ) ;
#1367 = ORIENTED_EDGE ( 'NONE', *, *, #1408, .F. ) ;
#1368 = CARTESIAN_POINT ( 'NONE',  ( 0.000000000000000000, 0.000000000000000000, 0.000000000000000000 ) ) ;
#1369 = VERTEX_POINT ( 'NONE', #573 ) ;
#1370 = CARTESIAN_POINT ( 'NONE',  ( 5.000000000000000000, 41.50000000000000711, -15.49999999999999289 ) ) ;
#1371 = DIRECTION ( 'NONE',  ( 1.000000000000000000, -0.000000000000000000, -0.000000000000000000 ) ) ;
#1372 = LINE ( 'NONE', #1235, #277 ) ;
#1373 = VERTEX_POINT ( 'NONE', #759 ) ;
#1374 = CARTESIAN_POINT ( 'NONE',  ( 4.651497215662483420, -23.42346550273680705, 13.03231834292351898 ) ) ;
#1375 = ORIENTED_EDGE ( 'NONE', *, *, #894, .T. ) ;
#1376 = EDGE_CURVE ( 'NONE', #868, #2145, #2126, .T. ) ;
#1377 = DIRECTION ( 'NONE',  ( 0.000000000000000000, -0.000000000000000000, -1.000000000000000000 ) ) ;
#1378 = ORIENTED_EDGE ( 'NONE', *, *, #1747, .F. ) ;
#1379 = CARTESIAN_POINT ( 'NONE',  ( 5.000000000000000000, 33.18257239462433006, -15.32749880748777471 ) ) ;
#1380 = EDGE_CURVE ( 'NONE', #1439, #1329, #2105, .T. ) ;
#1381 = LINE ( 'NONE', #2071, #1389 ) ;
#1382 = AXIS2_PLACEMENT_3D ( 'NONE', #516, #851, #1539 ) ;
#1383 = CYLINDRICAL_SURFACE ( 'NONE', #417, 1.599999999999998090 ) ;
#1384 = ORIENTED_EDGE ( 'NONE', *, *, #1078, .T. ) ;
#1385 = CIRCLE ( 'NONE', #1239, 1.249999999999997558 ) ;
#1386 = CARTESIAN_POINT ( 'NONE',  ( 5.000000000000000000, -22.98234004372574546, 13.29026174662831039 ) ) ;
#1387 = CIRCLE ( 'NONE', #27, 2.000000000000034639 ) ;
#1388 = EDGE_LOOP ( 'NONE', ( #890, #926, #955, #814 ) ) ;
#1389 = VECTOR ( 'NONE', #531, 1000.000000000000000 ) ;
#1390 = DIRECTION ( 'NONE',  ( 1.000000000000000000, 0.000000000000000000, 0.000000000000000000 ) ) ;
#1391 = ORIENTED_EDGE ( 'NONE', *, *, #562, .T. ) ;
#1392 = DIRECTION ( 'NONE',  ( 0.000000000000000000, 0.000000000000000000, -1.000000000000000000 ) ) ;
#1393 = AXIS2_PLACEMENT_3D ( 'NONE', #824, #622, #1333 ) ;
#1394 = CARTESIAN_POINT ( 'NONE',  ( 0.000000000000000000, -41.49999999999999289, -1.400000000000001021 ) ) ;
#1395 = EDGE_CURVE ( 'NONE', #121, #304, #1966, .T. ) ;
#1396 = FACE_OUTER_BOUND ( 'NONE', #797, .T. ) ;
#1397 = ORIENTED_EDGE ( 'NONE', *, *, #97, .T. ) ;
#1398 = DIRECTION ( 'NONE',  ( 0.000000000000000000, 0.000000000000000000, -1.000000000000000000 ) ) ;
#1399 = ORIENTED_EDGE ( 'NONE', *, *, #1876, .T. ) ;
#1400 = FACE_OUTER_BOUND ( 'NONE', #2161, .T. ) ;
#1401 = ORIENTED_EDGE ( 'NONE', *, *, #1851, .T. ) ;
#1402 = CYLINDRICAL_SURFACE ( 'NONE', #2106, 1.249999999999997558 ) ;
#1403 = CARTESIAN_POINT ( 'NONE',  ( 0.000000000000000000, -30.99999999999999645, 18.50000000000000000 ) ) ;
#1404 = FACE_OUTER_BOUND ( 'NONE', #1001, .T. ) ;
#1405 = ORIENTED_EDGE ( 'NONE', *, *, #2213, .T. ) ;
#1406 = CARTESIAN_POINT ( 'NONE',  ( 0.000000000000000000, -25.99999999999999645, -12.00000000000000000 ) ) ;
#1407 = ORIENTED_EDGE ( 'NONE', *, *, #1198, .T. ) ;
#1408 = EDGE_CURVE ( 'NONE', #2120, #1981, #454, .T. ) ;
#1409 = CARTESIAN_POINT ( 'NONE',  ( 5.000000000000000000, 41.50000000000000711, -15.49999999999999289 ) ) ;
#1410 = EDGE_LOOP ( 'NONE', ( #744, #1384, #1695, #2004 ) ) ;
#1411 = DIRECTION ( 'NONE',  ( 0.000000000000000000, 0.000000000000000000, -1.000000000000000000 ) ) ;
#1412 = CARTESIAN_POINT ( 'NONE',  ( -5.000000000000000000, -36.82660368508225446, -1.273130638102340839 ) ) ;
#1413 = EDGE_CURVE ( 'NONE', #121, #1849, #1243, .T. ) ;
#1414 = LINE ( 'NONE', #1284, #560 ) ;
#1415 = ORIENTED_EDGE ( 'NONE', *, *, #1270, .T. ) ;
#1416 = AXIS2_PLACEMENT_3D ( 'NONE', #529, #1211, #359 ) ;
#1417 = CARTESIAN_POINT ( 'NONE',  ( 0.000000000000000000, 31.40000000000257074, -8.200000000006461676 ) ) ;
#1418 = CONICAL_SURFACE ( 'NONE', #1918, 1.600000000000002531, 0.7853981633974511656 ) ;
#1419 = EDGE_LOOP ( 'NONE', ( #1770, #76, #857, #489 ) ) ;
#1420 = AXIS2_PLACEMENT_3D ( 'NONE', #1742, #552, #2052 ) ;
#1421 = CARTESIAN_POINT ( 'NONE',  ( 4.899999999999994138, 41.50000000000000711, -18.50000000000000000 ) ) ;
#1422 = AXIS2_PLACEMENT_3D ( 'NONE', #936, #1975, #616 ) ;
#1423 = ORIENTED_EDGE ( 'NONE', *, *, #116, .T. ) ;
#1424 = CARTESIAN_POINT ( 'NONE',  ( 5.000000000000000000, 26.80667409058170492, -8.200000000003026202 ) ) ;
#1425 = AXIS2_PLACEMENT_3D ( 'NONE', #925, #1795, #1094 ) ;
#1426 = DIRECTION ( 'NONE',  ( -1.000000000000000000, -0.000000000000000000, -0.000000000000000000 ) ) ;
#1427 = VECTOR ( 'NONE', #2176, 1000.000000000000000 ) ;
#1428 = CARTESIAN_POINT ( 'NONE',  ( 0.000000000000000000, 44.00000000000000000, 18.50000000000000000 ) ) ;
#1429 = ORIENTED_EDGE ( 'NONE', *, *, #2199, .F. ) ;
#1430 = PRODUCT ( 'bracket', 'bracket', '', ( #819 ) ) ;
#1431 = LINE ( 'NONE', #266, #630 ) ;
#1432 = ORIENTED_EDGE ( 'NONE', *, *, #718, .F. ) ;
#1433 = DIRECTION ( 'NONE',  ( -1.000000000000000000, -0.000000000000000000, -0.000000000000000000 ) ) ;
#1434 = ORIENTED_EDGE ( 'NONE', *, *, #1781, .T. ) ;
#1435 = EDGE_CURVE ( 'NONE', #1130, #2156, #1551, .T. ) ;
#1436 = CARTESIAN_POINT ( 'NONE',  ( 5.000000000000000000, 40.71897503240933247, -18.50000000000000000 ) ) ;
#1437 = CARTESIAN_POINT ( 'NONE',  ( 5.000000000000000000, 26.80667409058156281, 11.79999999999684590 ) ) ;
#1438 = CARTESIAN_POINT ( 'NONE',  ( 4.684276345874073044, 44.00000000000000711, -16.75878447490261891 ) ) ;
#1439 = VERTEX_POINT ( 'NONE', #57 ) ;
#1440 = DIRECTION ( 'NONE',  ( -1.000000000000000000, -0.000000000000000000, -0.000000000000000000 ) ) ;
#1441 = ORIENTED_EDGE ( 'NONE', *, *, #189, .T. ) ;
#1442 = EDGE_CURVE ( 'NONE', #1849, #121, #1320, .T. ) ;
#1443 = LINE ( 'NONE', #216, #1103 ) ;
#1444 = VERTEX_POINT ( 'NONE', #1437 ) ;
#1445 = CARTESIAN_POINT ( 'NONE',  ( -5.000000000000000000, -33.99999999999999289, 15.50000000000000000 ) ) ;
#1446 = ADVANCED_FACE ( 'NONE', ( #1915 ), #410, .T. ) ;
#1447 = DIRECTION ( 'NONE',  ( 1.000000000000000000, -0.000000000000000000, -0.000000000000000000 ) ) ;
#1448 = CARTESIAN_POINT ( 'NONE',  ( 3.500000000000014211, 41.49999999999999289, 1.099999999999997646 ) ) ;
#1449 = EDGE_CURVE ( 'NONE', #2227, #765, #635, .T. ) ;
#1450 = CARTESIAN_POINT ( 'NONE',  ( 0.000000000000000000, -21.06963292914684516, -9.088888888891938578 ) ) ;
#1451 = DIRECTION ( 'NONE',  ( 1.000000000000000000, -0.000000000000000000, 0.000000000000000000 ) ) ;
#1452 = EDGE_LOOP ( 'NONE', ( #726, #850 ) ) ;
#1453 = CIRCLE ( 'NONE', #2107, 1.599999999999990319 ) ;
#1454 = ADVANCED_FACE ( 'NONE', ( #980 ), #302, .T. ) ;
#1455 = VERTEX_POINT ( 'NONE', #946 ) ;
#1456 = DIRECTION ( 'NONE',  ( 0.000000000000000000, 0.000000000000000000, 1.000000000000000000 ) ) ;
#1457 = VECTOR ( 'NONE', #1825, 1000.000000000000000 ) ;
#1458 = CIRCLE ( 'NONE', #490, 3.100000000000005418 ) ;
#1459 = CARTESIAN_POINT ( 'NONE',  ( 3.499999999999976907, -25.99999999999999645, 12.39999999999999858 ) ) ;
#1460 =( NAMED_UNIT ( * ) PLANE_ANGLE_UNIT ( ) SI_UNIT ( $, .RADIAN. ) );
#1461 = AXIS2_PLACEMENT_3D ( 'NONE', #305, #805, #1674 ) ;
#1462 = DIRECTION ( 'NONE',  ( 0.000000000000000000, 0.000000000000000000, 1.000000000000000000 ) ) ;
#1463 = AXIS2_PLACEMENT_3D ( 'NONE', #284, #480, #136 ) ;
#1464 = DIRECTION ( 'NONE',  ( 0.000000000000000000, 0.000000000000000000, 1.000000000000000000 ) ) ;
#1465 = EDGE_CURVE ( 'NONE', #964, #2053, #920, .T. ) ;
#1466 = CIRCLE ( 'NONE', #533, 3.100000000000008971 ) ;
#1467 = CARTESIAN_POINT ( 'NONE',  ( 5.000000000000000000, 40.99999999999999289, 5.499999999999998224 ) ) ;
#1468 = ORIENTED_EDGE ( 'NONE', *, *, #422, .F. ) ;
#1469 = ORIENTED_EDGE ( 'NONE', *, *, #660, .F. ) ;
#1470 = FACE_OUTER_BOUND ( 'NONE', #1220, .T. ) ;
#1471 = DIRECTION ( 'NONE',  ( 0.000000000000000000, -1.000000000000000000, 0.000000000000000000 ) ) ;
#1472 = VERTEX_POINT ( 'NONE', #783 ) ;
#1473 = CARTESIAN_POINT ( 'NONE',  ( 3.500000000000014211, 41.49999999999999289, -2.099999999999998757 ) ) ;
#1474 = CARTESIAN_POINT ( 'NONE',  ( 4.400294712271301201, -43.99999999999999289, -15.66672604571446215 ) ) ;
#1475 = DIRECTION ( 'NONE',  ( 0.7071067811865454633, 0.000000000000000000, -0.7071067811865495711 ) ) ;
#1476 = ORIENTED_EDGE ( 'NONE', *, *, #72, .T. ) ;
#1477 = CARTESIAN_POINT ( 'NONE',  ( 5.000000000000000000, 41.49999999999999289, -2.099999999999998757 ) ) ;
#1478 = EDGE_CURVE ( 'NONE', #465, #2066, #1303, .T. ) ;
#1479 = ORIENTED_EDGE ( 'NONE', *, *, #1046, .F. ) ;
#1480 = CARTESIAN_POINT ( 'NONE',  ( 3.499999999999976907, -25.99999999999999645, -12.00000000000000000 ) ) ;
#1481 = ADVANCED_FACE ( 'NONE', ( #1669 ), #1983, .T. ) ;
#1482 = CARTESIAN_POINT ( 'NONE',  ( 5.000000000000000000, -30.99999999999999645, 15.50000000000000000 ) ) ;
#1483 = ORIENTED_EDGE ( 'NONE', *, *, #911, .T. ) ;
#1484 = LINE ( 'NONE', #2011, #1643 ) ;
#1485 = DIRECTION ( 'NONE',  ( 0.7071067811865454633, 8.659560562354956277E-17, 0.7071067811865495711 ) ) ;
#1486 = CARTESIAN_POINT ( 'NONE',  ( 4.834090082931794541, -44.00000000000000711, -4.552445309425507958 ) ) ;
#1487 = VERTEX_POINT ( 'NONE', #2160 ) ;
#1488 = CARTESIAN_POINT ( 'NONE',  ( 0.000000000000000000, 26.80667409058170492, -8.200000000003026202 ) ) ;
#1489 = ORIENTED_EDGE ( 'NONE', *, *, #1034, .T. ) ;
#1490 = DIRECTION ( 'NONE',  ( -1.000000000000000000, -0.000000000000000000, -0.000000000000000000 ) ) ;
#1491 = SURFACE_STYLE_USAGE ( .BOTH. , #1505 ) ;
#1492 = ORIENTED_EDGE ( 'NONE', *, *, #1515, .T. ) ;
#1493 = DIRECTION ( 'NONE',  ( 0.000000000000000000, 0.000000000000000000, -1.000000000000000000 ) ) ;
#1494 = VECTOR ( 'NONE', #1986, 1000.000000000000000 ) ;
#1495 = CYLINDRICAL_SURFACE ( 'NONE', #1570, 1.599999999999998090 ) ;
#1496 = AXIS2_PLACEMENT_3D ( 'NONE', #679, #1731, #1886 ) ;
#1497 = EDGE_CURVE ( 'NONE', #557, #540, #1128, .T. ) ;
#1498 = CIRCLE ( 'NONE', #1640, 2.999999999999999112 ) ;
#1499 = LINE ( 'NONE', #1351, #1782 ) ;
#1500 = ORIENTED_EDGE ( 'NONE', *, *, #1645, .F. ) ;
#1501 = VECTOR ( 'NONE', #2055, 1000.000000000000000 ) ;
#1502 = DIRECTION ( 'NONE',  ( -1.000000000000000000, -0.000000000000000000, -0.000000000000000000 ) ) ;
#1503 = ORIENTED_EDGE ( 'NONE', *, *, #669, .T. ) ;
#1504 = CARTESIAN_POINT ( 'NONE',  ( 5.000000000000000000, 29.80000000000230287, -8.200000000004907363 ) ) ;
#1505 = SURFACE_SIDE_STYLE ('',( #1806 ) ) ;
#1506 = EDGE_CURVE ( 'NONE', #1838, #1743, #349, .T. ) ;
#1507 = LINE ( 'NONE', #2197, #767 ) ;
#1508 = CARTESIAN_POINT ( 'NONE',  ( 5.000000000000000000, 37.00000000000000000, 8.499999999999998224 ) ) ;
#1509 = CARTESIAN_POINT ( 'NONE',  ( 4.400294712271313635, -44.00000000000000000, -3.166726045714454152 ) ) ;
#1510 = B_SPLINE_CURVE_WITH_KNOTS ( 'NONE', 3,
 ( #1699, #1486, #289, #963, #2016, #998, #1509, #2173, #1652, #973, #631, #2200, #1662, #1322 ),
 .UNSPECIFIED., .F., .F.,
 ( 4, 2, 2, 2, 2, 2, 4 ),
 ( 0.000000000000000000, 0.0009707064153100086051, 0.001456059622965013341, 0.001941412830620018078, 0.002426766038275022814, 0.002912119245930027550, 0.003882825661240037890 ),
 .UNSPECIFIED. ) ;
#1511 = ORIENTED_EDGE ( 'NONE', *, *, #412, .T. ) ;
#1512 = DIRECTION ( 'NONE',  ( 1.000000000000000000, 0.000000000000000000, 0.000000000000000000 ) ) ;
#1513 = VERTEX_POINT ( 'NONE', #112 ) ;
#1514 = FACE_OUTER_BOUND ( 'NONE', #1410, .T. ) ;
#1515 = EDGE_CURVE ( 'NONE', #1050, #304, #2039, .T. ) ;
#1516 = CARTESIAN_POINT ( 'NONE',  ( 5.000000000000000000, -25.99999999999999645, 14.00000000000000000 ) ) ;
#1517 = VERTEX_POINT ( 'NONE', #1840 ) ;
#1518 = LINE ( 'NONE', #253, #1016 ) ;
#1519 = CARTESIAN_POINT ( 'NONE',  ( 4.684276345874072156, -44.00000000000000000, -14.24121552509735444 ) ) ;
#1520 = CARTESIAN_POINT ( 'NONE',  ( 5.000000000000000000, -41.49999999999999289, -12.39999999999996660 ) ) ;
#1521 = ORIENTED_EDGE ( 'NONE', *, *, #1548, .F. ) ;
#1522 = CARTESIAN_POINT ( 'NONE',  ( 3.499999999999986677, -41.49999999999999289, -1.400000000000001021 ) ) ;
#1523 = ORIENTED_EDGE ( 'NONE', *, *, #1577, .T. ) ;
#1524 = EDGE_CURVE ( 'NONE', #1126, #96, #959, .T. ) ;
#1525 = EDGE_CURVE ( 'NONE', #1900, #235, #1355, .T. ) ;
#1526 = ORIENTED_EDGE ( 'NONE', *, *, #894, .F. ) ;
#1527 = CARTESIAN_POINT ( 'NONE',  ( 5.000000000000000000, 41.49999999999999289, 1.099999999999997646 ) ) ;
#1528 = VECTOR ( 'NONE', #1867, 1000.000000000000000 ) ;
#1529 = CARTESIAN_POINT ( 'NONE',  ( -5.000000000000000000, 33.18257239462433006, -14.07749880748777649 ) ) ;
#1530 = CIRCLE ( 'NONE', #62, 1.249999999999997558 ) ;
#1531 = AXIS2_PLACEMENT_3D ( 'NONE', #1942, #237, #919 ) ;
#1532 = EDGE_LOOP ( 'NONE', ( #145, #1902, #941, #1432, #2103, #1186, #178, #372 ) ) ;
#1533 = DIRECTION ( 'NONE',  ( -1.000000000000000000, 0.000000000000000000, -0.000000000000000000 ) ) ;
#1534 = MECHANICAL_DESIGN_GEOMETRIC_PRESENTATION_REPRESENTATION (  '', ( #2222 ), #741 ) ;
#1535 = AXIS2_PLACEMENT_3D ( 'NONE', #1406, #8, #522 ) ;
#1536 = ORIENTED_EDGE ( 'NONE', *, *, #467, .T. ) ;
#1537 = DIRECTION ( 'NONE',  ( 0.7071067811865455743, 0.000000000000000000, -0.7071067811865495711 ) ) ;
#1538 = ORIENTED_EDGE ( 'NONE', *, *, #2083, .F. ) ;
#1539 = DIRECTION ( 'NONE',  ( 0.000000000000000000, 0.000000000000000000, -1.000000000000000000 ) ) ;
#1540 = CARTESIAN_POINT ( 'NONE',  ( 5.000000000000000000, 41.50000000000000711, -12.39999999999998437 ) ) ;
#1541 = FACE_OUTER_BOUND ( 'NONE', #1785, .T. ) ;
#1542 = ORIENTED_EDGE ( 'NONE', *, *, #820, .F. ) ;
#1543 = DIRECTION ( 'NONE',  ( 0.7071067811865451302, 8.659560562354961208E-17, 0.7071067811865500152 ) ) ;
#1544 = EDGE_CURVE ( 'NONE', #391, #1037, #603, .T. ) ;
#1545 = ORIENTED_EDGE ( 'NONE', *, *, #1380, .F. ) ;
#1546 = ADVANCED_FACE ( 'NONE', ( #828 ), #436, .F. ) ;
#1547 = FACE_BOUND ( 'NONE', #1090, .T. ) ;
#1548 = EDGE_CURVE ( 'NONE', #500, #909, #1675, .T. ) ;
#1549 = ORIENTED_EDGE ( 'NONE', *, *, #1465, .F. ) ;
#1550 = DIRECTION ( 'NONE',  ( 1.000000000000000000, 0.000000000000000000, 0.000000000000000000 ) ) ;
#1551 = B_SPLINE_CURVE_WITH_KNOTS ( 'NONE', 3,
 ( #1755, #1932, #595, #751, #393, #1764, #71, #769, #229, #219, #1595, #1772, #427, #1952 ),
 .UNSPECIFIED., .F., .F.,
 ( 4, 2, 2, 2, 2, 2, 4 ),
 ( 6.505213034913026604E-19, 0.0009707064153099942937, 0.001456059622964991007, 0.001941412830619987937, 0.002426766038274985084, 0.002912119245929981580, 0.003882825661239976307 ),
 .UNSPECIFIED. ) ;
#1552 = DIRECTION ( 'NONE',  ( 1.000000000000000000, 0.000000000000000000, 0.000000000000000000 ) ) ;
#1553 = DIRECTION ( 'NONE',  ( 0.000000000000000000, 0.000000000000000000, 1.000000000000000000 ) ) ;
#1554 = VERTEX_POINT ( 'NONE', #1293 ) ;
#1555 = DIRECTION ( 'NONE',  ( 0.000000000000000000, 0.000000000000000000, -1.000000000000000000 ) ) ;
#1556 = ORIENTED_EDGE ( 'NONE', *, *, #328, .T. ) ;
#1557 = MANIFOLD_SOLID_BREP ( 'Fillet2', #804 ) ;
#1558 = FACE_BOUND ( 'NONE', #1775, .T. ) ;
#1559 = ORIENTED_EDGE ( 'NONE', *, *, #1362, .F. ) ;
#1560 = DIRECTION ( 'NONE',  ( 0.000000000000000000, 1.000000000000000000, -0.000000000000000000 ) ) ;
#1561 = DIRECTION ( 'NONE',  ( -1.000000000000000000, -0.000000000000000000, -0.000000000000000000 ) ) ;
#1562 = CIRCLE ( 'NONE', #1382, 3.100000000000033396 ) ;
#1563 = CARTESIAN_POINT ( 'NONE',  ( 5.000000000000000000, 41.49999999999999289, -0.5000000000000005551 ) ) ;
#1564 = EDGE_CURVE ( 'NONE', #1455, #1866, #779, .T. ) ;
#1565 = ORIENTED_EDGE ( 'NONE', *, *, #1658, .F. ) ;
#1566 = VECTOR ( 'NONE', #405, 1000.000000000000000 ) ;
#1567 = CYLINDRICAL_SURFACE ( 'NONE', #247, 3.000000000000000000 ) ;
#1568 = AXIS2_PLACEMENT_3D ( 'NONE', #1790, #773, #760 ) ;
#1569 = ORIENTED_EDGE ( 'NONE', *, *, #388, .T. ) ;
#1570 = AXIS2_PLACEMENT_3D ( 'NONE', #1856, #317, #997 ) ;
#1571 = LINE ( 'NONE', #2057, #709 ) ;
#1572 = ORIENTED_EDGE ( 'NONE', *, *, #1408, .T. ) ;
#1573 = CARTESIAN_POINT ( 'NONE',  ( -5.000000000000000000, 33.18257239462433006, -14.07749880748777649 ) ) ;
#1574 = CIRCLE ( 'NONE', #103, 3.100000000000033396 ) ;
#1575 = CYLINDRICAL_SURFACE ( 'NONE', #2111, 1.249999999999997558 ) ;
#1576 = LINE ( 'NONE', #195, #1350 ) ;
#1577 = EDGE_CURVE ( 'NONE', #2101, #340, #1571, .T. ) ;
#1578 = ORIENTED_EDGE ( 'NONE', *, *, #19, .T. ) ;
#1579 = DIRECTION ( 'NONE',  ( 0.000000000000000000, 0.000000000000000000, -1.000000000000000000 ) ) ;
#1580 = ADVANCED_BREP_SHAPE_REPRESENTATION ( 'bracket', ( #1557, #1361 ), #1325 ) ;
#1581 = ORIENTED_EDGE ( 'NONE', *, *, #271, .F. ) ;
#1582 = DIRECTION ( 'NONE',  ( -1.000000000000000000, 0.000000000000000000, -0.000000000000000000 ) ) ;
#1583 = ORIENTED_EDGE ( 'NONE', *, *, #1844, .T. ) ;
#1584 = DIRECTION ( 'NONE',  ( 1.000000000000000000, 0.000000000000000000, 0.000000000000000000 ) ) ;
#1585 = ADVANCED_FACE ( 'NONE', ( #1012 ), #1694, .F. ) ;
#1586 = FACE_OUTER_BOUND ( 'NONE', #2174, .T. ) ;
#1587 = CARTESIAN_POINT ( 'NONE',  ( 4.416500804524975621, 43.99999999999999289, -15.17233457845353861 ) ) ;
#1588 = ORIENTED_EDGE ( 'NONE', *, *, #141, .F. ) ;
#1589 = CARTESIAN_POINT ( 'NONE',  ( 5.000000000000000000, 29.80000000000222116, 11.79999999999850857 ) ) ;
#1590 = VERTEX_POINT ( 'NONE', #1358 ) ;
#1591 = ADVANCED_FACE ( 'NONE', ( #661 ), #2033, .F. ) ;
#1592 = CARTESIAN_POINT ( 'NONE',  ( 5.000000000000000000, 28.46963292914913524, -9.088888888893960072 ) ) ;
#1593 = EDGE_LOOP ( 'NONE', ( #2201, #1728, #753, #859 ) ) ;
#1594 = CARTESIAN_POINT ( 'NONE',  ( 3.499999999999973355, -41.49999999999999289, -15.50000000000000000 ) ) ;
#1595 = CARTESIAN_POINT ( 'NONE',  ( 4.520412350850569361, 44.00000000000000000, -1.298214748363990978 ) ) ;
#1596 = CARTESIAN_POINT ( 'NONE',  ( 4.477645950643652561, 44.00000000000000711, -14.85281611873286600 ) ) ;
#1597 = ORIENTED_EDGE ( 'NONE', *, *, #474, .T. ) ;
#1598 = AXIS2_PLACEMENT_3D ( 'NONE', #1040, #549, #1753 ) ;
#1599 = DIRECTION ( 'NONE',  ( 0.000000000000000000, 0.000000000000000000, -1.000000000000000000 ) ) ;
#1600 = EDGE_CURVE ( 'NONE', #320, #2, #526, .T. ) ;
#1601 = VECTOR ( 'NONE', #1268, 1000.000000000000000 ) ;
#1602 = EDGE_LOOP ( 'NONE', ( #974, #817, #128, #1217 ) ) ;
#1603 = CARTESIAN_POINT ( 'NONE',  ( 3.499999999999973799, 41.50000000000000711, -17.09999999999999076 ) ) ;
#1604 = AXIS2_PLACEMENT_3D ( 'NONE', #1529, #853, #864 ) ;
#1605 = ORIENTED_EDGE ( 'NONE', *, *, #1078, .F. ) ;
#1606 = CYLINDRICAL_SURFACE ( 'NONE', #1885, 1.599999999999924372 ) ;
#1607 = AXIS2_PLACEMENT_3D ( 'NONE', #2009, #1119, #1997 ) ;
#1608 = PLANE ( 'NONE',  #418 ) ;
#1609 = CIRCLE ( 'NONE', #678, 1.600000000000351141 ) ;
#1610 = DIRECTION ( 'NONE',  ( 0.000000000000000000, 0.000000000000000000, -1.000000000000000000 ) ) ;
#1611 = ORIENTED_EDGE ( 'NONE', *, *, #1294, .T. ) ;
#1612 = EDGE_CURVE ( 'NONE', #1513, #1050, #1316, .T. ) ;
#1613 = DIRECTION ( 'NONE',  ( 0.000000000000000000, 0.000000000000000000, -1.000000000000000000 ) ) ;
#1614 = ORIENTED_EDGE ( 'NONE', *, *, #265, .F. ) ;
#1615 = ADVANCED_FACE ( 'NONE', ( #685, #1209, #157, #837, #1558, #2047, #1026, #503, #1185, #201, #1547 ), #1872, .F. ) ;
#1616 = CARTESIAN_POINT ( 'NONE',  ( 4.899999999999963940, -41.76262383942435719, -18.50000000000000000 ) ) ;
#1617 = ORIENTED_EDGE ( 'NONE', *, *, #1899, .T. ) ;
#1618 = CARTESIAN_POINT ( 'NONE',  ( 0.000000000000000000, -37.00000000000000000, 8.499999999999998224 ) ) ;
#1619 = ADVANCED_FACE ( 'NONE', ( #2080 ), #333, .F. ) ;
#1620 = CARTESIAN_POINT ( 'NONE',  ( 5.000000000000000000, 42.28102496759068885, -18.50000000000000000 ) ) ;
#1621 = FACE_OUTER_BOUND ( 'NONE', #281, .T. ) ;
#1622 = FACE_OUTER_BOUND ( 'NONE', #2058, .T. ) ;
#1623 = EDGE_CURVE ( 'NONE', #692, #1299, #1498, .T. ) ;
#1624 = DIRECTION ( 'NONE',  ( 1.000000000000000000, -0.000000000000000000, 0.000000000000000000 ) ) ;
#1625 = EDGE_LOOP ( 'NONE', ( #2131, #2192, #2023, #101, #1962 ) ) ;
#1626 = EDGE_LOOP ( 'NONE', ( #1542, #199, #714, #633 ) ) ;
#1627 = CARTESIAN_POINT ( 'NONE',  ( 5.000000000000000000, -40.99999999999999289, 5.499999999999999112 ) ) ;
#1628 = LINE ( 'NONE', #401, #279 ) ;
#1629 = EDGE_CURVE ( 'NONE', #1838, #1826, #1895, .T. ) ;
#1630 = CARTESIAN_POINT ( 'NONE',  ( -5.000000000000000000, -40.99999999999999289, 5.499999999999999112 ) ) ;
#1631 = DIRECTION ( 'NONE',  ( 0.000000000000000000, 0.000000000000000000, -1.000000000000000000 ) ) ;
#1632 = DIRECTION ( 'NONE',  ( 1.000000000000000000, 0.000000000000000000, 0.000000000000000000 ) ) ;
#1633 = ORIENTED_EDGE ( 'NONE', *, *, #1865, .F. ) ;
#1634 = AXIS2_PLACEMENT_3D ( 'NONE', #2067, #1584, #1874 ) ;
#1635 = CIRCLE ( 'NONE', #2032, 1.600000000000002531 ) ;
#1636 = VERTEX_POINT ( 'NONE', #1038 ) ;
#1637 = DIRECTION ( 'NONE',  ( 0.000000000000000000, 0.000000000000000000, -1.000000000000000000 ) ) ;
#1638 = CIRCLE ( 'NONE', #167, 2.999999999999999112 ) ;
#1639 = CARTESIAN_POINT ( 'NONE',  ( 3.500000000000014211, 41.49999999999999289, -0.5000000000000005551 ) ) ;
#1640 = AXIS2_PLACEMENT_3D ( 'NONE', #870, #179, #1344 ) ;
#1641 = CARTESIAN_POINT ( 'NONE',  ( 5.000000000000000000, -44.00000000000000000, -17.33303027798238816 ) ) ;
#1642 = VECTOR ( 'NONE', #1847, 1000.000000000000000 ) ;
#1643 = VECTOR ( 'NONE', #1143, 1000.000000000000000 ) ;
#1644 = CARTESIAN_POINT ( 'NONE',  ( 5.000000000000000000, -41.49999999999999289, -2.999999999999999112 ) ) ;
#1645 = EDGE_CURVE ( 'NONE', #1472, #1335, #848, .T. ) ;
#1646 = EDGE_LOOP ( 'NONE', ( #637, #662, #2194, #934, #118, #7, #358, #568, #1277, #999, #1793, #1611, #672, #1597 ) ) ;
#1647 = EDGE_LOOP ( 'NONE', ( #508, #241, #1256, #1700 ) ) ;
#1648 = LINE ( 'NONE', #791, #59 ) ;
#1649 = CARTESIAN_POINT ( 'NONE',  ( 5.000000000000000000, -21.06963292914684516, -9.088888888891938578 ) ) ;
#1650 = EDGE_CURVE ( 'NONE', #1666, #461, #66, .T. ) ;
#1651 = DIRECTION ( 'NONE',  ( 0.000000000000000000, 0.000000000000000000, -1.000000000000000000 ) ) ;
#1652 = CARTESIAN_POINT ( 'NONE',  ( 4.415830001827162121, -44.00000000000000000, -2.677502402029582562 ) ) ;
#1653 = ORIENTED_EDGE ( 'NONE', *, *, #369, .T. ) ;
#1654 = DIRECTION ( 'NONE',  ( 0.000000000000000000, 0.000000000000000000, -1.000000000000000000 ) ) ;
#1655 = ORIENTED_EDGE ( 'NONE', *, *, #1919, .T. ) ;
#1656 = PLANE ( 'NONE',  #487 ) ;
#1657 = FILL_AREA_STYLE_COLOUR ( '', #384 ) ;
#1658 = EDGE_CURVE ( 'NONE', #124, #1126, #1208, .T. ) ;
#1659 = ORIENTED_EDGE ( 'NONE', *, *, #592, .T. ) ;
#1660 = CARTESIAN_POINT ( 'NONE',  ( 0.000000000000000000, -44.00000000000000000, 18.50000000000000000 ) ) ;
#1661 = PLANE ( 'NONE',  #1461 ) ;
#1662 = CARTESIAN_POINT ( 'NONE',  ( 4.833525990092345737, -44.00000000000000711, -1.448508677981731330 ) ) ;
#1663 = ORIENTED_EDGE ( 'NONE', *, *, #380, .F. ) ;
#1664 = DIRECTION ( 'NONE',  ( 1.000000000000000000, 0.000000000000000000, 0.000000000000000000 ) ) ;
#1665 = EDGE_CURVE ( 'NONE', #1357, #168, #1960, .T. ) ;
#1666 = VERTEX_POINT ( 'NONE', #895 ) ;
#1667 = LINE ( 'NONE', #967, #93 ) ;
#1668 = AXIS2_PLACEMENT_3D ( 'NONE', #2109, #1252, #1934 ) ;
#1669 = FACE_OUTER_BOUND ( 'NONE', #233, .T. ) ;
#1670 = CONICAL_SURFACE ( 'NONE', #668, 1.600000000000002531, 0.7853981633974511656 ) ;
#1671 = ORIENTED_EDGE ( 'NONE', *, *, #1921, .F. ) ;
#1672 = DIRECTION ( 'NONE',  ( 1.000000000000000000, 0.000000000000000000, 0.000000000000000000 ) ) ;
#1673 = VECTOR ( 'NONE', #2026, 1000.000000000000000 ) ;
#1674 = DIRECTION ( 'NONE',  ( -1.000000000000000000, 0.000000000000000000, 0.000000000000000000 ) ) ;
#1675 = CIRCLE ( 'NONE', #1607, 1.599999999999997202 ) ;
#1676 = CARTESIAN_POINT ( 'NONE',  ( 5.000000000000000000, -30.99999999999999645, 15.50000000000000000 ) ) ;
#1677 = ORIENTED_EDGE ( 'NONE', *, *, #86, .T. ) ;
#1678 = EDGE_CURVE ( 'NONE', #1743, #1838, #31, .T. ) ;
#1679 = AXIS2_PLACEMENT_3D ( 'NONE', #177, #198, #186 ) ;
#1680 = FACE_OUTER_BOUND ( 'NONE', #2027, .T. ) ;
#1681 = VECTOR ( 'NONE', #1493, 1000.000000000000000 ) ;
#1682 = ORIENTED_EDGE ( 'NONE', *, *, #183, .T. ) ;
#1683 = CARTESIAN_POINT ( 'NONE',  ( 5.000000000000000000, 41.50000000000000711, -17.09999999999999076 ) ) ;
#1684 = ORIENTED_EDGE ( 'NONE', *, *, #1548, .T. ) ;
#1685 = PLANE ( 'NONE',  #411 ) ;
#1686 = DIRECTION ( 'NONE',  ( 1.000000000000000000, 0.000000000000000000, 0.000000000000000000 ) ) ;
#1687 = ADVANCED_FACE ( 'NONE', ( #1400 ), #733, .F. ) ;
#1688 = DIRECTION ( 'NONE',  ( -1.000000000000000000, -0.000000000000000000, -0.000000000000000000 ) ) ;
#1689 = ORIENTED_EDGE ( 'NONE', *, *, #854, .F. ) ;
#1690 = PRODUCT_DEFINITION ( 'UNKNOWN', '', #106, #1280 ) ;
#1691 = DIRECTION ( 'NONE',  ( 1.000000000000000000, -0.000000000000000000, 0.000000000000000000 ) ) ;
#1692 = ADVANCED_FACE ( 'NONE', ( #390 ), #407, .F. ) ;
#1693 = EDGE_LOOP ( 'NONE', ( #702, #981, #2204, #755 ) ) ;
#1694 = CYLINDRICAL_SURFACE ( 'NONE', #2187, 1.599999999999998090 ) ;
#1695 = ORIENTED_EDGE ( 'NONE', *, *, #1988, .F. ) ;
#1696 = CARTESIAN_POINT ( 'NONE',  ( 3.499999999999986677, -41.49999999999999289, -4.599999999999996980 ) ) ;
#1697 = CYLINDRICAL_SURFACE ( 'NONE', #1604, 1.249999999999997558 ) ;
#1698 = EDGE_CURVE ( 'NONE', #1073, #2010, #1965, .T. ) ;
#1699 = CARTESIAN_POINT ( 'NONE',  ( 5.000000000000000000, -44.00000000000000000, -4.833030277982365064 ) ) ;
#1700 = ORIENTED_EDGE ( 'NONE', *, *, #1794, .F. ) ;
#1701 = CARTESIAN_POINT ( 'NONE',  ( 0.000000000000000000, 44.00000000000000000, -18.50000000000000000 ) ) ;
#1702 = ORIENTED_EDGE ( 'NONE', *, *, #19, .F. ) ;
#1703 = CARTESIAN_POINT ( 'NONE',  ( 5.000000000000000000, -41.49999999999999289, -2.999999999999999112 ) ) ;
#1704 = ORIENTED_EDGE ( 'NONE', *, *, #582, .F. ) ;
#1705 = DIRECTION ( 'NONE',  ( 0.000000000000000000, -2.238352872228131761E-15, -1.000000000000000000 ) ) ;
#1706 = AXIS2_PLACEMENT_3D ( 'NONE', #2154, #2050, #1791 ) ;
#1707 = APPLICATION_PROTOCOL_DEFINITION ( 'draft international standard', 'automotive_design', 1998, #1146 ) ;
#1708 = CIRCLE ( 'NONE', #596, 1.599999999999997202 ) ;
#1709 = LINE ( 'NONE', #1041, #2144 ) ;
#1710 = AXIS2_PLACEMENT_3D ( 'NONE', #680, #1723, #2061 ) ;
#1711 = DIRECTION ( 'NONE',  ( 0.000000000000000000, 0.000000000000000000, -1.000000000000000000 ) ) ;
#1712 = CIRCLE ( 'NONE', #673, 3.000000000000000000 ) ;
#1713 = ORIENTED_EDGE ( 'NONE', *, *, #433, .F. ) ;
#1714 = ADVANCED_FACE ( 'NONE', ( #1074 ), #1285, .F. ) ;
#1715 = DIRECTION ( 'NONE',  ( -1.000000000000000000, -0.000000000000000000, -0.000000000000000000 ) ) ;
#1716 = AXIS2_PLACEMENT_3D ( 'NONE', #470, #1313, #1162 ) ;
#1717 = CIRCLE ( 'NONE', #318, 1.249999999999997558 ) ;
#1718 = ORIENTED_EDGE ( 'NONE', *, *, #141, .T. ) ;
#1719 = DIRECTION ( 'NONE',  ( -1.000000000000000000, 0.000000000000000000, 0.000000000000000000 ) ) ;
#1720 = ORIENTED_EDGE ( 'NONE', *, *, #846, .T. ) ;
#1721 = FACE_OUTER_BOUND ( 'NONE', #1304, .T. ) ;
#1722 = DIRECTION ( 'NONE',  ( -1.000000000000000000, 0.000000000000000000, -0.000000000000000000 ) ) ;
#1723 = DIRECTION ( 'NONE',  ( -1.000000000000000000, 0.000000000000000000, -0.000000000000000000 ) ) ;
#1724 = VERTEX_POINT ( 'NONE', #1060 ) ;
#1725 = CARTESIAN_POINT ( 'NONE',  ( 5.000000000000000000, -19.40667409058077908, 13.79999999999688143 ) ) ;
#1726 = ORIENTED_EDGE ( 'NONE', *, *, #156, .F. ) ;
#1727 = CARTESIAN_POINT ( 'NONE',  ( 0.000000000000000000, 41.49999999999999289, -0.5000000000000005551 ) ) ;
#1728 = ORIENTED_EDGE ( 'NONE', *, *, #578, .T. ) ;
#1729 = FACE_OUTER_BOUND ( 'NONE', #1047, .T. ) ;
#1730 = EDGE_CURVE ( 'NONE', #1849, #1308, #68, .T. ) ;
#1731 = DIRECTION ( 'NONE',  ( -1.000000000000000000, -0.000000000000000000, -0.000000000000000000 ) ) ;
#1732 = LINE ( 'NONE', #1877, #1318 ) ;
#1733 = CYLINDRICAL_SURFACE ( 'NONE', #1848, 1.999999999999946265 ) ;
#1734 = DIRECTION ( 'NONE',  ( 0.000000000000000000, 0.000000000000000000, -1.000000000000000000 ) ) ;
#1735 = ORIENTED_EDGE ( 'NONE', *, *, #1781, .F. ) ;
#1736 = DIRECTION ( 'NONE',  ( 1.000000000000000000, -0.000000000000000000, 0.000000000000000000 ) ) ;
#1737 = ORIENTED_EDGE ( 'NONE', *, *, #825, .F. ) ;
#1738 = DIRECTION ( 'NONE',  ( 1.000000000000000000, 0.000000000000000000, 0.000000000000000000 ) ) ;
#1739 = FACE_OUTER_BOUND ( 'NONE', #2049, .T. ) ;
#1740 = CIRCLE ( 'NONE', #1347, 1.600000000000002531 ) ;
#1741 = AXIS2_PLACEMENT_3D ( 'NONE', #1504, #1490, #1152 ) ;
#1742 = CARTESIAN_POINT ( 'NONE',  ( -5.000000000000000000, -36.82660368508225446, -0.02313063810234321227 ) ) ;
#1743 = VERTEX_POINT ( 'NONE', #715 ) ;
#1744 = CIRCLE ( 'NONE', #1241, 3.000000000000000000 ) ;
#1745 = LINE ( 'NONE', #713, #173 ) ;
#1746 = VECTOR ( 'NONE', #1156, 1000.000000000000000 ) ;
#1747 = EDGE_CURVE ( 'NONE', #2, #1329, #1204, .T. ) ;
#1748 = ORIENTED_EDGE ( 'NONE', *, *, #640, .F. ) ;
#1749 = AXIS2_PLACEMENT_3D ( 'NONE', #342, #849, #1377 ) ;
#1750 = CIRCLE ( 'NONE', #316, 3.100000000000005418 ) ;
#1751 = CARTESIAN_POINT ( 'NONE',  ( 5.000000000000000000, -25.99999999999999645, 15.60000000000000320 ) ) ;
#1752 = VERTEX_POINT ( 'NONE', #2091 ) ;
#1753 = DIRECTION ( 'NONE',  ( 0.000000000000000000, 0.000000000000000000, -1.000000000000000000 ) ) ;
#1754 = AXIS2_PLACEMENT_3D ( 'NONE', #1170, #1664, #309 ) ;
#1755 = CARTESIAN_POINT ( 'NONE',  ( 5.000000000000000000, 44.00000000000000000, 1.333030277982340861 ) ) ;
#1756 = DIRECTION ( 'NONE',  ( 0.000000000000000000, 0.000000000000000000, -1.000000000000000000 ) ) ;
#1757 = EDGE_LOOP ( 'NONE', ( #1244, #1092, #314, #1434 ) ) ;
#1758 = CARTESIAN_POINT ( 'NONE',  ( 5.000000000000000000, 29.80000000000222116, 13.39999999999885816 ) ) ;
#1759 = EDGE_CURVE ( 'NONE', #593, #555, #1443, .T. ) ;
#1760 = ORIENTED_EDGE ( 'NONE', *, *, #1698, .T. ) ;
#1761 = DIRECTION ( 'NONE',  ( 0.000000000000000000, 0.000000000000000000, -1.000000000000000000 ) ) ;
#1762 = EDGE_LOOP ( 'NONE', ( #399, #406, #528, #164 ) ) ;
#1763 = DIRECTION ( 'NONE',  ( 0.000000000000000000, 0.000000000000000000, -1.000000000000000000 ) ) ;
#1764 = CARTESIAN_POINT ( 'NONE',  ( 4.416500804525004931, 44.00000000000001421, -0.1723345784535502967 ) ) ;
#1765 = CARTESIAN_POINT ( 'NONE',  ( 4.834090082931789212, 43.99999999999999289, -13.94755469057448316 ) ) ;
#1766 = ORIENTED_EDGE ( 'NONE', *, *, #1435, .F. ) ;
#1767 = FACE_OUTER_BOUND ( 'NONE', #2086, .T. ) ;
#1768 = ORIENTED_EDGE ( 'NONE', *, *, #221, .T. ) ;
#1769 = CARTESIAN_POINT ( 'NONE',  ( 5.000000000000000000, -41.49999999999999289, -2.999999999999999112 ) ) ;
#1770 = ORIENTED_EDGE ( 'NONE', *, *, #1964, .F. ) ;
#1771 = CARTESIAN_POINT ( 'NONE',  ( 0.000000000000000000, -19.40667409058009341, 11.79999999999684590 ) ) ;
#1772 = CARTESIAN_POINT ( 'NONE',  ( 4.684276345874086367, 44.00000000000000711, -1.758784474902607364 ) ) ;
#1773 = DIRECTION ( 'NONE',  ( -1.000000000000000000, -0.000000000000000000, -0.000000000000000000 ) ) ;
#1774 = EDGE_CURVE ( 'NONE', #793, #1013, #1750, .T. ) ;
#1775 = EDGE_LOOP ( 'NONE', ( #1441, #686 ) ) ;
#1776 = CIRCLE ( 'NONE', #2068, 1.600000000000351141 ) ;
#1777 = DIRECTION ( 'NONE',  ( 0.000000000000000000, 0.000000000000000000, -1.000000000000000000 ) ) ;
#1778 = AXIS2_PLACEMENT_3D ( 'NONE', #259, #1118, #1763 ) ;
#1779 = EDGE_CURVE ( 'NONE', #124, #1487, #77, .T. ) ;
#1780 = VERTEX_POINT ( 'NONE', #234 ) ;
#1781 = EDGE_CURVE ( 'NONE', #1444, #1816, #1938, .T. ) ;
#1782 = VECTOR ( 'NONE', #1157, 1000.000000000000000 ) ;
#1783 = DIRECTION ( 'NONE',  ( 0.000000000000000000, 0.000000000000000000, 1.000000000000000000 ) ) ;
#1784 = CIRCLE ( 'NONE', #1171, 1.599999999999924372 ) ;
#1785 = EDGE_LOOP ( 'NONE', ( #1671, #1405, #1677, #1500 ) ) ;
#1786 = DIRECTION ( 'NONE',  ( 1.000000000000000000, 0.000000000000000000, 0.000000000000000000 ) ) ;
#1787 = AXIS2_PLACEMENT_3D ( 'NONE', #376, #1108, #1783 ) ;
#1788 = CARTESIAN_POINT ( 'NONE',  ( 5.000000000000000000, 44.00000000000000000, 5.499999999999998224 ) ) ;
#1789 = AXIS2_PLACEMENT_3D ( 'NONE', #2110, #437, #642 ) ;
#1790 = CARTESIAN_POINT ( 'NONE',  ( 5.000000000000000000, -23.99999999999977973, -8.200000000003104361 ) ) ;
#1791 = DIRECTION ( 'NONE',  ( 0.000000000000000000, 0.000000000000000000, -1.000000000000000000 ) ) ;
#1792 = CARTESIAN_POINT ( 'NONE',  ( 5.000000000000000000, 30.99999999999999645, 15.50000000000000000 ) ) ;
#1793 = ORIENTED_EDGE ( 'NONE', *, *, #2203, .F. ) ;
#1794 = EDGE_CURVE ( 'NONE', #65, #1666, #45, .T. ) ;
#1795 = DIRECTION ( 'NONE',  ( 1.000000000000000000, 0.000000000000000000, 0.000000000000000000 ) ) ;
#1796 = ORIENTED_EDGE ( 'NONE', *, *, #1049, .F. ) ;
#1797 = DIRECTION ( 'NONE',  ( -1.000000000000000000, -0.000000000000000000, -0.000000000000000000 ) ) ;
#1798 = CARTESIAN_POINT ( 'NONE',  ( -5.000000000000000000, 33.99999999999999289, 8.499999999999998224 ) ) ;
#1799 = LINE ( 'NONE', #1473, #1069 ) ;
#1800 = DIRECTION ( 'NONE',  ( 0.000000000000000000, 0.000000000000000000, 1.000000000000000000 ) ) ;
#1801 = CARTESIAN_POINT ( 'NONE',  ( 3.499999999999976907, -25.99999999999999645, -10.39999999999999858 ) ) ;
#1802 = LINE ( 'NONE', #576, #2215 ) ;
#1803 = VERTEX_POINT ( 'NONE', #2123 ) ;
#1804 = VERTEX_POINT ( 'NONE', #1242 ) ;
#1805 = DIRECTION ( 'NONE',  ( 1.000000000000000000, 0.000000000000000000, 0.000000000000000000 ) ) ;
#1806 = SURFACE_STYLE_FILL_AREA ( #294 ) ;
#1807 = CARTESIAN_POINT ( 'NONE',  ( 5.000000000000000000, 44.00000000000000000, -18.50000000000000000 ) ) ;
#1808 = EDGE_CURVE ( 'NONE', #555, #1554, #887, .T. ) ;
#1809 = CARTESIAN_POINT ( 'NONE',  ( 5.000000000000000000, 44.00000000000000000, -13.66696972201762428 ) ) ;
#1810 = CARTESIAN_POINT ( 'NONE',  ( 0.000000000000000000, 33.18257239462433006, -14.07749880748777649 ) ) ;
#1811 = CYLINDRICAL_SURFACE ( 'NONE', #525, 1.600000000000002531 ) ;
#1812 = ORIENTED_EDGE ( 'NONE', *, *, #1395, .T. ) ;
#1813 = CIRCLE ( 'NONE', #523, 1.249999999999997558 ) ;
#1814 = CIRCLE ( 'NONE', #275, 1.249999999999997558 ) ;
#1815 = EDGE_CURVE ( 'NONE', #1455, #1058, #225, .T. ) ;
#1816 = VERTEX_POINT ( 'NONE', #2132 ) ;
#1817 = PLANE ( 'NONE',  #449 ) ;
#1818 = CIRCLE ( 'NONE', #599, 2.999999999999999112 ) ;
#1819 = AXIS2_PLACEMENT_3D ( 'NONE', #89, #2148, #738 ) ;
#1820 = CARTESIAN_POINT ( 'NONE',  ( 5.000000000000000000, -44.00000000000000000, -18.50000000000000000 ) ) ;
#1821 = ORIENTED_EDGE ( 'NONE', *, *, #1907, .F. ) ;
#1822 = CARTESIAN_POINT ( 'NONE',  ( 5.000000000000000000, -19.40667409058077908, 13.79999999999688143 ) ) ;
#1823 = CARTESIAN_POINT ( 'NONE',  ( 5.000000000000000000, -21.06963292914684516, -9.088888888891938578 ) ) ;
#1824 = CIRCLE ( 'NONE', #1535, 1.600000000000002531 ) ;
#1825 = DIRECTION ( 'NONE',  ( 1.000000000000000000, -0.000000000000000000, 0.000000000000000000 ) ) ;
#1826 = VERTEX_POINT ( 'NONE', #1421 ) ;
#1827 = CARTESIAN_POINT ( 'NONE',  ( 5.000000000000000000, -44.00000000000000000, 18.50000000000000000 ) ) ;
#1828 = ORIENTED_EDGE ( 'NONE', *, *, #321, .F. ) ;
#1829 = DIRECTION ( 'NONE',  ( 1.000000000000000000, -0.000000000000000000, 0.000000000000000000 ) ) ;
#1830 = DIRECTION ( 'NONE',  ( 0.000000000000000000, -1.119176436114056414E-15, -1.000000000000000000 ) ) ;
#1831 = EDGE_LOOP ( 'NONE', ( #1737, #267, #1337, #875 ) ) ;
#1832 = CARTESIAN_POINT ( 'NONE',  ( 0.000000000000000000, 29.80000000000222116, 11.79999999999850857 ) ) ;
#1833 = CARTESIAN_POINT ( 'NONE',  ( 4.834090082931789212, -44.00000000000000711, -17.05244530942552927 ) ) ;
#1834 = EDGE_CURVE ( 'NONE', #235, #1202, #2114, .T. ) ;
#1835 = CYLINDRICAL_SURFACE ( 'NONE', #883, 1.600000000000351141 ) ;
#1836 = EDGE_LOOP ( 'NONE', ( #1605, #1663, #1391, #1538 ) ) ;
#1837 = CARTESIAN_POINT ( 'NONE',  ( 5.000000000000000000, -33.16741350944804623, -14.12074842475487024 ) ) ;
#1838 = VERTEX_POINT ( 'NONE', #1603 ) ;
#1839 = FACE_BOUND ( 'NONE', #612, .T. ) ;
#1840 = CARTESIAN_POINT ( 'NONE',  ( 0.000000000000000000, 31.40000000000257074, 11.80000000000025295 ) ) ;
#1841 = ORIENTED_EDGE ( 'NONE', *, *, #1808, .T. ) ;
#1842 = DIRECTION ( 'NONE',  ( -0.000000000000000000, 1.000000000000000000, -0.000000000000000000 ) ) ;
#1843 = EDGE_CURVE ( 'NONE', #235, #1900, #710, .T. ) ;
#1844 = EDGE_CURVE ( 'NONE', #575, #2217, #501, .T. ) ;
#1845 = DIRECTION ( 'NONE',  ( 1.000000000000000000, -0.000000000000000000, 0.000000000000000000 ) ) ;
#1846 = ORIENTED_EDGE ( 'NONE', *, *, #1054, .F. ) ;
#1847 = DIRECTION ( 'NONE',  ( -1.000000000000000000, -0.000000000000000000, -0.000000000000000000 ) ) ;
#1848 = AXIS2_PLACEMENT_3D ( 'NONE', #197, #1178, #1464 ) ;
#1849 = VERTEX_POINT ( 'NONE', #1150 ) ;
#1850 = CARTESIAN_POINT ( 'NONE',  ( 5.000000000000000000, 0.000000000000000000, 0.000000000000000000 ) ) ;
#1851 = EDGE_CURVE ( 'NONE', #1636, #180, #459, .T. ) ;
#1852 = CIRCLE ( 'NONE', #1990, 1.249999999999997558 ) ;
#1853 = CARTESIAN_POINT ( 'NONE',  ( 5.000000000000000000, 29.80000000000230287, -8.200000000004907363 ) ) ;
#1854 = DIRECTION ( 'NONE',  ( 1.000000000000000000, 0.000000000000000000, 0.000000000000000000 ) ) ;
#1855 = AXIS2_PLACEMENT_3D ( 'NONE', #1261, #1121, #1800 ) ;
#1856 = CARTESIAN_POINT ( 'NONE',  ( 5.000000000000000000, 41.49999999999999289, -0.5000000000000005551 ) ) ;
#1857 = EDGE_CURVE ( 'NONE', #2156, #793, #888, .T. ) ;
#1858 = CIRCLE ( 'NONE', #989, 2.999999999999999112 ) ;
#1859 = VECTOR ( 'NONE', #1433, 1000.000000000000000 ) ;
#1860 = DIRECTION ( 'NONE',  ( 1.000000000000000000, 0.000000000000000000, 0.000000000000000000 ) ) ;
#1861 = ORIENTED_EDGE ( 'NONE', *, *, #97, .F. ) ;
#1862 = VECTOR ( 'NONE', #1543, 1000.000000000000114 ) ;
#1863 = DIRECTION ( 'NONE',  ( -0.000000000000000000, -1.000000000000000000, -0.000000000000000000 ) ) ;
#1864 = VERTEX_POINT ( 'NONE', #1870 ) ;
#1865 = EDGE_CURVE ( 'NONE', #323, #548, #1342, .T. ) ;
#1866 = VERTEX_POINT ( 'NONE', #477 ) ;
#1867 = DIRECTION ( 'NONE',  ( -1.000000000000000000, -0.000000000000000000, -0.000000000000000000 ) ) ;
#1868 = FACE_OUTER_BOUND ( 'NONE', #1388, .T. ) ;
#1869 = ORIENTED_EDGE ( 'NONE', *, *, #892, .T. ) ;
#1870 = CARTESIAN_POINT ( 'NONE',  ( 0.000000000000000000, -33.99999999999999289, 11.50000000000000000 ) ) ;
#1871 = ORIENTED_EDGE ( 'NONE', *, *, #99, .F. ) ;
#1872 = PLANE ( 'NONE',  #953 ) ;
#1873 = ORIENTED_EDGE ( 'NONE', *, *, #1380, .T. ) ;
#1874 = DIRECTION ( 'NONE',  ( 0.000000000000000000, 0.000000000000000000, -1.000000000000000000 ) ) ;
#1875 = CARTESIAN_POINT ( 'NONE',  ( 0.000000000000000000, -44.00000000000000000, 18.50000000000000000 ) ) ;
#1876 = EDGE_CURVE ( 'NONE', #304, #391, #2150, .T. ) ;
#1877 = CARTESIAN_POINT ( 'NONE',  ( 5.000000000000000000, -44.00000000000000000, 18.50000000000000000 ) ) ;
#1878 = VERTEX_POINT ( 'NONE', #634 ) ;
#1879 = CARTESIAN_POINT ( 'NONE',  ( 5.000000000000000000, -25.99999999999999645, -12.00000000000000000 ) ) ;
#1880 = ORIENTED_EDGE ( 'NONE', *, *, #892, .F. ) ;
#1881 = CARTESIAN_POINT ( 'NONE',  ( 4.873213749466110301, -23.99999999999977973, 11.79999999999689564 ) ) ;
#1882 = VERTEX_POINT ( 'NONE', #1488 ) ;
#1883 = CARTESIAN_POINT ( 'NONE',  ( 0.000000000000000000, 41.50000000000000711, -17.09999999999999076 ) ) ;
#1884 = VECTOR ( 'NONE', #727, 1000.000000000000000 ) ;
#1885 = AXIS2_PLACEMENT_3D ( 'NONE', #1951, #1110, #1456 ) ;
#1886 = DIRECTION ( 'NONE',  ( 0.000000000000000000, 0.000000000000000000, 1.000000000000000000 ) ) ;
#1887 = AXIS2_PLACEMENT_3D ( 'NONE', #2073, #1920, #1756 ) ;
#1888 = CARTESIAN_POINT ( 'NONE',  ( 5.000000000000000000, -25.99999999999999645, -8.899999999999966604 ) ) ;
#1889 = ORIENTED_EDGE ( 'NONE', *, *, #1658, .T. ) ;
#1890 = DIRECTION ( 'NONE',  ( 1.000000000000000000, 0.000000000000000000, 0.000000000000000000 ) ) ;
#1891 = AXIS2_PLACEMENT_3D ( 'NONE', #816, #1141, #1830 ) ;
#1892 = VECTOR ( 'NONE', #1863, 1000.000000000000000 ) ;
#1893 = ORIENTED_EDGE ( 'NONE', *, *, #578, .F. ) ;
#1894 = ADVANCED_FACE ( 'NONE', ( #2212 ), #645, .F. ) ;
#1895 = LINE ( 'NONE', #1175, #2077 ) ;
#1896 = ORIENTED_EDGE ( 'NONE', *, *, #2117, .F. ) ;
#1897 = DIRECTION ( 'NONE',  ( 0.000000000000000000, 0.000000000000000000, -1.000000000000000000 ) ) ;
#1898 = DIRECTION ( 'NONE',  ( 0.7071067811865455743, 8.659560562354957510E-17, 0.7071067811865495711 ) ) ;
#1899 = EDGE_CURVE ( 'NONE', #1008, #2227, #993, .T. ) ;
#1900 = VERTEX_POINT ( 'NONE', #1522 ) ;
#1901 = CARTESIAN_POINT ( 'NONE',  ( 4.533573340690048248, -23.65767772707573258, 12.79297632804641083 ) ) ;
#1902 = ORIENTED_EDGE ( 'NONE', *, *, #812, .T. ) ;
#1903 = CARTESIAN_POINT ( 'NONE',  ( 5.000000000000000000, -22.39999999999978897, -8.200000000003049294 ) ) ;
#1904 = ORIENTED_EDGE ( 'NONE', *, *, #1122, .F. ) ;
#1905 = CARTESIAN_POINT ( 'NONE',  ( -5.000000000000000000, 33.18257239462433006, -12.82749880748778004 ) ) ;
#1906 = CYLINDRICAL_SURFACE ( 'NONE', #1101, 2.000000000000050182 ) ;
#1907 = EDGE_CURVE ( 'NONE', #121, #1804, #1354, .T. ) ;
#1908 = PLANE ( 'NONE',  #2143 ) ;
#1909 = ORIENTED_EDGE ( 'NONE', *, *, #1600, .F. ) ;
#1910 = CARTESIAN_POINT ( 'NONE',  ( 4.886726910711441718, -23.11048075951507386, 13.24018901933427017 ) ) ;
#1911 = ORIENTED_EDGE ( 'NONE', *, *, #659, .F. ) ;
#1912 = CARTESIAN_POINT ( 'NONE',  ( 5.000000000000000000, 26.80667409058156281, 11.79999999999684590 ) ) ;
#1913 = ORIENTED_EDGE ( 'NONE', *, *, #116, .F. ) ;
#1914 = LINE ( 'NONE', #169, #841 ) ;
#1915 = FACE_OUTER_BOUND ( 'NONE', #836, .T. ) ;
#1916 = AXIS2_PLACEMENT_3D ( 'NONE', #3, #1063, #218 ) ;
#1917 = EDGE_CURVE ( 'NONE', #1882, #1058, #2078, .T. ) ;
#1918 = AXIS2_PLACEMENT_3D ( 'NONE', #1480, #2158, #111 ) ;
#1919 = EDGE_CURVE ( 'NONE', #1130, #1310, #1159, .T. ) ;
#1920 = DIRECTION ( 'NONE',  ( 1.000000000000000000, -0.000000000000000000, 0.000000000000000000 ) ) ;
#1921 = EDGE_CURVE ( 'NONE', #2053, #1472, #331, .T. ) ;
#1922 = ORIENTED_EDGE ( 'NONE', *, *, #86, .F. ) ;
#1923 = VECTOR ( 'NONE', #1688, 1000.000000000000000 ) ;
#1924 = FACE_OUTER_BOUND ( 'NONE', #356, .T. ) ;
#1925 = AXIS2_PLACEMENT_3D ( 'NONE', #497, #482, #1651 ) ;
#1926 = ORIENTED_EDGE ( 'NONE', *, *, #1465, .T. ) ;
#1927 = VECTOR ( 'NONE', #802, 1000.000000000000000 ) ;
#1928 = VECTOR ( 'NONE', #54, 1000.000000000000000 ) ;
#1929 = DIRECTION ( 'NONE',  ( 1.000000000000000000, -0.000000000000000000, -0.000000000000000000 ) ) ;
#1930 = ORIENTED_EDGE ( 'NONE', *, *, #2021, .F. ) ;
#1931 = DIRECTION ( 'NONE',  ( 0.000000000000000000, 1.000000000000000000, 0.000000000000000000 ) ) ;
#1932 = CARTESIAN_POINT ( 'NONE',  ( 4.834090082931798094, 44.00000000000000711, 1.052445309425487530 ) ) ;
#1933 = DIRECTION ( 'NONE',  ( 0.000000000000000000, 0.000000000000000000, -1.000000000000000000 ) ) ;
#1934 = DIRECTION ( 'NONE',  ( 0.000000000000000000, 0.000000000000000000, -1.000000000000000000 ) ) ;
#1935 = DIRECTION ( 'NONE',  ( 1.000000000000000000, -0.000000000000000000, 0.000000000000000000 ) ) ;
#1936 = DIRECTION ( 'NONE',  ( -1.000000000000000000, -0.000000000000000000, -0.000000000000000000 ) ) ;
#1937 = ORIENTED_EDGE ( 'NONE', *, *, #979, .T. ) ;
#1938 = LINE ( 'NONE', #1912, #1859 ) ;
#1939 = ORIENTED_EDGE ( 'NONE', *, *, #151, .F. ) ;
#1940 = CARTESIAN_POINT ( 'NONE',  ( 5.000000000000000000, 33.18257239462433006, -14.07749880748777649 ) ) ;
#1941 = EDGE_CURVE ( 'NONE', #575, #1752, #1009, .T. ) ;
#1942 = CARTESIAN_POINT ( 'NONE',  ( 3.499999999999976907, -25.99999999999999645, 14.00000000000000000 ) ) ;
#1943 = EDGE_CURVE ( 'NONE', #1230, #461, #975, .T. ) ;
#1944 = LINE ( 'NONE', #1428, #986 ) ;
#1945 = VERTEX_POINT ( 'NONE', #965 ) ;
#1946 = CARTESIAN_POINT ( 'NONE',  ( 5.000000000000000000, -44.00000000000000000, 5.499999999999998224 ) ) ;
#1947 = ORIENTED_EDGE ( 'NONE', *, *, #1515, .F. ) ;
#1948 = DIRECTION ( 'NONE',  ( 0.000000000000000000, 0.000000000000000000, 1.000000000000000000 ) ) ;
#1949 = B_SPLINE_CURVE_WITH_KNOTS ( 'NONE', 3,
 ( #1620, #728, #1100, #1260 ),
 .UNSPECIFIED., .F., .F.,
 ( 4, 4 ),
 ( 0.000000000000000000, 0.0007872237361601140768 ),
 .UNSPECIFIED. ) ;
#1950 = EDGE_LOOP ( 'NONE', ( #896, #61, #285, #365 ) ) ;
#1951 = CARTESIAN_POINT ( 'NONE',  ( 5.000000000000000000, -22.39999999999985292, 11.79999999999683880 ) ) ;
#1952 = CARTESIAN_POINT ( 'NONE',  ( 5.000000000000000000, 44.00000000000000000, -2.333030277982341971 ) ) ;
#1953 = CARTESIAN_POINT ( 'NONE',  ( -5.000000000000000000, 30.99999999999999645, 15.50000000000000000 ) ) ;
#1954 = VERTEX_POINT ( 'NONE', #1701 ) ;
#1955 = AXIS2_PLACEMENT_3D ( 'NONE', #378, #1738, #1392 ) ;
#1956 = LINE ( 'NONE', #743, #947 ) ;
#1957 = AXIS2_PLACEMENT_3D ( 'NONE', #1106, #1936, #601 ) ;
#1958 = ORIENTED_EDGE ( 'NONE', *, *, #1506, .T. ) ;
#1959 = AXIS2_PLACEMENT_3D ( 'NONE', #1644, #923, #1613 ) ;
#1960 = LINE ( 'NONE', #579, #1025 ) ;
#1961 = AXIS2_PLACEMENT_3D ( 'NONE', #2002, #1179, #2198 ) ;
#1962 = ORIENTED_EDGE ( 'NONE', *, *, #1449, .F. ) ;
#1963 = FACE_OUTER_BOUND ( 'NONE', #834, .T. ) ;
#1964 = EDGE_CURVE ( 'NONE', #1636, #617, #789, .T. ) ;
#1965 = CIRCLE ( 'NONE', #100, 2.999999999999999112 ) ;
#1966 = LINE ( 'NONE', #1459, #2219 ) ;
#1967 = VECTOR ( 'NONE', #2018, 1000.000000000000000 ) ;
#1968 = LINE ( 'NONE', #795, #1494 ) ;
#1969 = LINE ( 'NONE', #1696, #913 ) ;
#1970 = DIRECTION ( 'NONE',  ( 0.000000000000000000, 0.000000000000000000, 1.000000000000000000 ) ) ;
#1971 = ORIENTED_EDGE ( 'NONE', *, *, #40, .T. ) ;
#1972 = ORIENTED_EDGE ( 'NONE', *, *, #2088, .F. ) ;
#1973 = DIRECTION ( 'NONE',  ( 0.000000000000000000, 0.000000000000000000, -1.000000000000000000 ) ) ;
#1974 = ADVANCED_FACE ( 'NONE', ( #1680 ), #1324, .F. ) ;
#1975 = DIRECTION ( 'NONE',  ( 1.000000000000000000, 0.000000000000000000, 0.000000000000000000 ) ) ;
#1976 = DIRECTION ( 'NONE',  ( -0.000000000000000000, -0.000000000000000000, -1.000000000000000000 ) ) ;
#1977 = DIRECTION ( 'NONE',  ( 0.7071067811865456854, 0.000000000000000000, -0.7071067811865493491 ) ) ;
#1978 = EDGE_CURVE ( 'NONE', #617, #226, #1717, .T. ) ;
#1979 = DIRECTION ( 'NONE',  ( 0.7071067811865424657, 8.659560562354995721E-17, 0.7071067811865526798 ) ) ;
#1980 = ORIENTED_EDGE ( 'NONE', *, *, #785, .F. ) ;
#1981 = VERTEX_POINT ( 'NONE', #657 ) ;
#1982 = CARTESIAN_POINT ( 'NONE',  ( 5.000000000000000000, 40.71897503240933247, -18.50000000000000000 ) ) ;
#1983 = PLANE ( 'NONE',  #674 ) ;
#1984 = ORIENTED_EDGE ( 'NONE', *, *, #1011, .T. ) ;
#1985 = CARTESIAN_POINT ( 'NONE',  ( 3.500000000000014211, 41.49999999999999289, -0.5000000000000005551 ) ) ;
#1986 = DIRECTION ( 'NONE',  ( -0.000000000000000000, -0.000000000000000000, 1.000000000000000000 ) ) ;
#1987 = EDGE_CURVE ( 'NONE', #1058, #2170, #423, .T. ) ;
#1988 = EDGE_CURVE ( 'NONE', #511, #829, #1574, .T. ) ;
#1989 = ORIENTED_EDGE ( 'NONE', *, *, #655, .T. ) ;
#1990 = AXIS2_PLACEMENT_3D ( 'NONE', #83, #264, #1631 ) ;
#1991 = DIRECTION ( 'NONE',  ( -1.000000000000000000, -0.000000000000000000, -0.000000000000000000 ) ) ;
#1992 = CIRCLE ( 'NONE', #917, 3.000000000000000000 ) ;
#1993 = ORIENTED_EDGE ( 'NONE', *, *, #1114, .T. ) ;
#1994 = CARTESIAN_POINT ( 'NONE',  ( 5.000000000000000000, 33.18257239462433006, -12.82749880748778004 ) ) ;
#1995 = VECTOR ( 'NONE', #754, 1000.000000000000000 ) ;
#1996 = VECTOR ( 'NONE', #2051, 1000.000000000000000 ) ;
#1997 = DIRECTION ( 'NONE',  ( 0.000000000000000000, 0.000000000000000000, -1.000000000000000000 ) ) ;
#1998 = EDGE_CURVE ( 'NONE', #1878, #2006, #1020, .T. ) ;
#1999 = ORIENTED_EDGE ( 'NONE', *, *, #467, .F. ) ;
#2000 = CARTESIAN_POINT ( 'NONE',  ( 5.000000000000000000, 44.00000000000000000, -2.333030277982341971 ) ) ;
#2001 = AXIS2_PLACEMENT_3D ( 'NONE', #1727, #190, #20 ) ;
#2002 = CARTESIAN_POINT ( 'NONE',  ( 5.000000000000000000, -25.99999999999999645, -12.00000000000000000 ) ) ;
#2003 = AXIS2_PLACEMENT_3D ( 'NONE', #30, #509, #1579 ) ;
#2004 = ORIENTED_EDGE ( 'NONE', *, *, #562, .F. ) ;
#2005 = CARTESIAN_POINT ( 'NONE',  ( 5.000000000000000000, 41.50000000000000711, -15.49999999999999289 ) ) ;
#2006 = VERTEX_POINT ( 'NONE', #858 ) ;
#2007 = CARTESIAN_POINT ( 'NONE',  ( 0.000000000000000000, -37.00000000000000000, 11.50000000000000000 ) ) ;
#2008 = EDGE_CURVE ( 'NONE', #1301, #44, #1745, .T. ) ;
#2009 = CARTESIAN_POINT ( 'NONE',  ( 0.000000000000000000, -41.49999999999999289, -15.50000000000000000 ) ) ;
#2010 = VERTEX_POINT ( 'NONE', #891 ) ;
#2011 = CARTESIAN_POINT ( 'NONE',  ( 5.000000000000000000, 44.00000000000000000, 18.50000000000000000 ) ) ;
#2012 = EDGE_CURVE ( 'NONE', #461, #1666, #1824, .T. ) ;
#2013 = B_SPLINE_CURVE_WITH_KNOTS ( 'NONE', 3,
 ( #900, #520, #507, #1201 ),
 .UNSPECIFIED., .F., .F.,
 ( 4, 4 ),
 ( 0.000000000000000000, 0.0007872237361602358327 ),
 .UNSPECIFIED. ) ;
#2014 = CARTESIAN_POINT ( 'NONE',  ( 4.833525990092343072, -44.00000000000000000, -13.94850867798171201 ) ) ;
#2015 = ADVANCED_FACE ( 'NONE', ( #1924 ), #1366, .T. ) ;
#2016 = CARTESIAN_POINT ( 'NONE',  ( 4.477645950643661443, -44.00000000000000000, -3.647183881267128669 ) ) ;
#2017 = ORIENTED_EDGE ( 'NONE', *, *, #1564, .T. ) ;
#2018 = DIRECTION ( 'NONE',  ( -0.000000000000000000, -0.000000000000000000, 1.000000000000000000 ) ) ;
#2019 = ORIENTED_EDGE ( 'NONE', *, *, #1544, .F. ) ;
#2020 = DIRECTION ( 'NONE',  ( 0.000000000000000000, 0.000000000000000000, -1.000000000000000000 ) ) ;
#2021 = EDGE_CURVE ( 'NONE', #2006, #712, #1356, .T. ) ;
#2022 = DIRECTION ( 'NONE',  ( 0.000000000000000000, -0.000000000000000000, -1.000000000000000000 ) ) ;
#2023 = ORIENTED_EDGE ( 'NONE', *, *, #2088, .T. ) ;
#2024 = CARTESIAN_POINT ( 'NONE',  ( 0.000000000000000000, -25.99999999999999645, 14.00000000000000000 ) ) ;
#2025 = CARTESIAN_POINT ( 'NONE',  ( 5.000000000000000000, 29.80000000000222116, 11.79999999999850857 ) ) ;
#2026 = DIRECTION ( 'NONE',  ( 0.000000000000000000, 0.000000000000000000, 1.000000000000000000 ) ) ;
#2027 = EDGE_LOOP ( 'NONE', ( #1332, #1958, #1323, #105 ) ) ;
#2028 = ADVANCED_FACE ( 'NONE', ( #536 ), #1287, .F. ) ;
#2029 = CARTESIAN_POINT ( 'NONE',  ( 5.000000000000000000, -25.99999999999999645, 14.00000000000000000 ) ) ;
#2030 = AXIS2_PLACEMENT_3D ( 'NONE', #481, #1672, #138 ) ;
#2031 = ORIENTED_EDGE ( 'NONE', *, *, #40, .F. ) ;
#2032 = AXIS2_PLACEMENT_3D ( 'NONE', #927, #906, #606 ) ;
#2033 = PLANE ( 'NONE',  #1749 ) ;
#2034 = VECTOR ( 'NONE', #697, 1000.000000000000000 ) ;
#2035 = ORIENTED_EDGE ( 'NONE', *, *, #640, .T. ) ;
#2036 = FACE_OUTER_BOUND ( 'NONE', #2124, .T. ) ;
#2037 = VECTOR ( 'NONE', #2135, 1000.000000000000000 ) ;
#2038 = LINE ( 'NONE', #2163, #1168 ) ;
#2039 = CIRCLE ( 'NONE', #1891, 3.100000000000035172 ) ;
#2040 = AXIS2_PLACEMENT_3D ( 'NONE', #627, #970, #1131 ) ;
#2041 = DIRECTION ( 'NONE',  ( 0.000000000000000000, 0.000000000000000000, -1.000000000000000000 ) ) ;
#2042 = ORIENTED_EDGE ( 'NONE', *, *, #899, .F. ) ;
#2043 = CONICAL_SURFACE ( 'NONE', #2040, 1.599999999999998090, 0.7853981633974554954 ) ;
#2044 = DIRECTION ( 'NONE',  ( 0.000000000000000000, 0.000000000000000000, -1.000000000000000000 ) ) ;
#2045 = ORIENTED_EDGE ( 'NONE', *, *, #348, .F. ) ;
#2046 = UNCERTAINTY_MEASURE_WITH_UNIT (LENGTH_MEASURE( 1.000000000000000082E-05 ), #649, 'distance_accuracy_value', 'NONE');
#2047 = FACE_BOUND ( 'NONE', #880, .T. ) ;
#2048 = EDGE_CURVE ( 'NONE', #1849, #391, #867, .T. ) ;
#2049 = EDGE_LOOP ( 'NONE', ( #1614, #1588, #1206, #943 ) ) ;
#2050 = DIRECTION ( 'NONE',  ( 1.000000000000000000, -0.000000000000000000, 0.000000000000000000 ) ) ;
#2051 = DIRECTION ( 'NONE',  ( -0.000000000000000000, 1.000000000000000000, -0.000000000000000000 ) ) ;
#2052 = DIRECTION ( 'NONE',  ( 0.000000000000000000, 0.000000000000000000, -1.000000000000000000 ) ) ;
#2053 = VERTEX_POINT ( 'NONE', #211 ) ;
#2054 = ADVANCED_FACE ( 'NONE', ( #339 ), #1567, .T. ) ;
#2055 = DIRECTION ( 'NONE',  ( 0.000000000000000000, 0.000000000000000000, -1.000000000000000000 ) ) ;
#2056 = ORIENTED_EDGE ( 'NONE', *, *, #1300, .T. ) ;
#2057 = CARTESIAN_POINT ( 'NONE',  ( 5.000000000000000000, 26.80667409058170492, -8.200000000003026202 ) ) ;
#2058 = EDGE_LOOP ( 'NONE', ( #1873, #1489, #987 ) ) ;
#2059 = DIRECTION ( 'NONE',  ( 1.000000000000000000, 0.000000000000000000, 0.000000000000000000 ) ) ;
#2060 = DIRECTION ( 'NONE',  ( 1.000000000000000000, 0.000000000000000000, 0.000000000000000000 ) ) ;
#2061 = DIRECTION ( 'NONE',  ( 0.000000000000000000, 0.000000000000000000, -1.000000000000000000 ) ) ;
#2062 = ORIENTED_EDGE ( 'NONE', *, *, #1189, .F. ) ;
#2063 = CARTESIAN_POINT ( 'NONE',  ( 0.000000000000000000, 29.80000000000230287, -8.200000000004907363 ) ) ;
#2064 = ORIENTED_EDGE ( 'NONE', *, *, #2188, .T. ) ;
#2065 = CARTESIAN_POINT ( 'NONE',  ( 3.499999999999973355, -41.49999999999999289, -17.09999999999999787 ) ) ;
#2066 = VERTEX_POINT ( 'NONE', #373 ) ;
#2067 = CARTESIAN_POINT ( 'NONE',  ( 3.499999999999973355, -41.49999999999999289, -15.50000000000000000 ) ) ;
#2068 = AXIS2_PLACEMENT_3D ( 'NONE', #677, #274, #610 ) ;
#2069 = ADVANCED_FACE ( 'NONE', ( #1218 ), #2226, .T. ) ;
#2070 = CIRCLE ( 'NONE', #736, 3.100000000000019185 ) ;
#2071 = CARTESIAN_POINT ( 'NONE',  ( 3.499999999999986677, -41.49999999999999289, -1.400000000000001021 ) ) ;
#2072 = VECTOR ( 'NONE', #60, 1000.000000000000000 ) ;
#2073 = CARTESIAN_POINT ( 'NONE',  ( 0.000000000000000000, -33.16741350944804623, -14.12074842475487024 ) ) ;
#2074 = VECTOR ( 'NONE', #126, 1000.000000000000000 ) ;
#2075 = ORIENTED_EDGE ( 'NONE', *, *, #72, .F. ) ;
#2076 = CARTESIAN_POINT ( 'NONE',  ( 4.613831919978542473, -23.48401297985585501, 12.97979498845218238 ) ) ;
#2077 = VECTOR ( 'NONE', #882, 1000.000000000000000 ) ;
#2078 = CIRCLE ( 'NONE', #33, 1.999999999999750200 ) ;
#2079 = EDGE_LOOP ( 'NONE', ( #1926, #2184, #425, #1922 ) ) ;
#2080 = FACE_OUTER_BOUND ( 'NONE', #1154, .T. ) ;
#2081 = ORIENTED_EDGE ( 'NONE', *, *, #1011, .F. ) ;
#2082 = CARTESIAN_POINT ( 'NONE',  ( 5.000000000000000000, -44.00000000000000000, 18.50000000000000000 ) ) ;
#2083 = EDGE_CURVE ( 'NONE', #829, #511, #350, .T. ) ;
#2084 = DIRECTION ( 'NONE',  ( -1.000000000000000000, -0.000000000000000000, -0.000000000000000000 ) ) ;
#2085 = CYLINDRICAL_SURFACE ( 'NONE', #1420, 1.249999999999997558 ) ;
#2086 = EDGE_LOOP ( 'NONE', ( #905, #621, #589, #1109 ) ) ;
#2087 = DIRECTION ( 'NONE',  ( 0.000000000000000000, -4.476705744456263522E-15, -1.000000000000000000 ) ) ;
#2088 = EDGE_CURVE ( 'NONE', #1037, #1513, #768, .T. ) ;
#2089 = ORIENTED_EDGE ( 'NONE', *, *, #364, .F. ) ;
#2090 = EDGE_CURVE ( 'NONE', #311, #723, #1466, .T. ) ;
#2091 = CARTESIAN_POINT ( 'NONE',  ( 0.000000000000000000, 31.00000000000000000, 18.50000000000000000 ) ) ;
#2092 = EDGE_LOOP ( 'NONE', ( #1720, #1401 ) ) ;
#2093 = DIRECTION ( 'NONE',  ( 0.000000000000000000, 0.000000000000000000, -1.000000000000000000 ) ) ;
#2094 = ADVANCED_FACE ( 'NONE', ( #223 ), #1330, .F. ) ;
#2095 = CARTESIAN_POINT ( 'NONE',  ( 5.000000000000000000, 41.49999999999999289, -0.5000000000000005551 ) ) ;
#2096 = CARTESIAN_POINT ( 'NONE',  ( 0.000000000000000000, 33.18257239462433006, -14.07749880748777649 ) ) ;
#2097 = EDGE_LOOP ( 'NONE', ( #1939, #214, #1210, #338 ) ) ;
#2098 = PRODUCT_DEFINITION_SHAPE ( 'NONE', 'NONE',  #1690 ) ;
#2099 = CARTESIAN_POINT ( 'NONE',  ( 4.671373356712801517, -23.98099687837832761, 12.09561157033376588 ) ) ;
#2100 = ADVANCED_FACE ( 'NONE', ( #1317 ), #2043, .F. ) ;
#2101 = VERTEX_POINT ( 'NONE', #2162 ) ;
#2102 = DIRECTION ( 'NONE',  ( 0.000000000000000000, 0.000000000000000000, -1.000000000000000000 ) ) ;
#2103 = ORIENTED_EDGE ( 'NONE', *, *, #832, .F. ) ;
#2104 = DIRECTION ( 'NONE',  ( 0.000000000000000000, 0.000000000000000000, -1.000000000000000000 ) ) ;
#2105 = LINE ( 'NONE', #561, #2037 ) ;
#2106 = AXIS2_PLACEMENT_3D ( 'NONE', #1573, #47, #1897 ) ;
#2107 = AXIS2_PLACEMENT_3D ( 'NONE', #2146, #572, #1259 ) ;
#2108 = CYLINDRICAL_SURFACE ( 'NONE', #1132, 3.000000000000000000 ) ;
#2109 = CARTESIAN_POINT ( 'NONE',  ( 3.499999999999973799, 41.50000000000000711, -15.49999999999999289 ) ) ;
#2110 = CARTESIAN_POINT ( 'NONE',  ( 5.000000000000000000, 26.80667409058170492, -10.20000000000277574 ) ) ;
#2111 = AXIS2_PLACEMENT_3D ( 'NONE', #171, #1371, #696 ) ;
#2112 = ORIENTED_EDGE ( 'NONE', *, *, #1857, .F. ) ;
#2113 = AXIS2_PLACEMENT_3D ( 'NONE', #1000, #1691, #1183 ) ;
#2114 = LINE ( 'NONE', #591, #2223 ) ;
#2115 = ORIENTED_EDGE ( 'NONE', *, *, #1612, .T. ) ;
#2116 = CARTESIAN_POINT ( 'NONE',  ( 0.000000000000000000, 41.49999999999999289, -0.5000000000000005551 ) ) ;
#2117 = EDGE_CURVE ( 'NONE', #1517, #1373, #1609, .T. ) ;
#2118 = DIRECTION ( 'NONE',  ( 0.000000000000000000, 0.000000000000000000, 1.000000000000000000 ) ) ;
#2119 = FACE_OUTER_BOUND ( 'NONE', #440, .T. ) ;
#2120 = VERTEX_POINT ( 'NONE', #1758 ) ;
#2121 = CARTESIAN_POINT ( 'NONE',  ( 5.000000000000000000, -36.82660368508225446, -0.02313063810234321227 ) ) ;
#2122 = ORIENTED_EDGE ( 'NONE', *, *, #2199, .T. ) ;
#2123 = CARTESIAN_POINT ( 'NONE',  ( 5.000000000000000000, -22.39999999999985292, 13.39999999999676383 ) ) ;
#2124 = EDGE_LOOP ( 'NONE', ( #553, #344, #969, #742, #113, #46, #1084 ) ) ;
#2125 = LINE ( 'NONE', #1445, #878 ) ;
#2126 = LINE ( 'NONE', #1412, #775 ) ;
#2127 = CARTESIAN_POINT ( 'NONE',  ( 4.833525990092342184, 44.00000000000000000, -17.05149132201826490 ) ) ;
#2128 = FACE_OUTER_BOUND ( 'NONE', #21, .T. ) ;
#2129 = CARTESIAN_POINT ( 'NONE',  ( 3.499999999999986677, -41.49999999999999289, -2.999999999999999112 ) ) ;
#2130 = EDGE_CURVE ( 'NONE', #2053, #793, #1799, .T. ) ;
#2131 = ORIENTED_EDGE ( 'NONE', *, *, #592, .F. ) ;
#2132 = CARTESIAN_POINT ( 'NONE',  ( 0.000000000000000000, 26.80667409058156281, 11.79999999999684590 ) ) ;
#2133 = ORIENTED_EDGE ( 'NONE', *, *, #1747, .T. ) ;
#2134 = CARTESIAN_POINT ( 'NONE',  ( 0.000000000000000000, -41.49999999999999289, -2.999999999999999112 ) ) ;
#2135 = DIRECTION ( 'NONE',  ( 0.000000000000000000, 1.000000000000000000, 0.000000000000000000 ) ) ;
#2136 = VECTOR ( 'NONE', #830, 1000.000000000000000 ) ;
#2137 = CARTESIAN_POINT ( 'NONE',  ( 5.000000000000000000, -41.49999999999999289, -15.50000000000000000 ) ) ;
#2138 = LINE ( 'NONE', #1527, #1528 ) ;
#2139 = CIRCLE ( 'NONE', #1057, 1.599999999999998090 ) ;
#2140 = DIRECTION ( 'NONE',  ( 0.000000000000000000, 0.000000000000000000, -1.000000000000000000 ) ) ;
#2141 = CIRCLE ( 'NONE', #239, 3.000000000000000000 ) ;
#2142 = VERTEX_POINT ( 'NONE', #1305 ) ;
#2143 = AXIS2_PLACEMENT_3D ( 'NONE', #371, #1553, #711 ) ;
#2144 = VECTOR ( 'NONE', #1234, 1000.000000000000000 ) ;
#2145 = VERTEX_POINT ( 'NONE', #2171 ) ;
#2146 = CARTESIAN_POINT ( 'NONE',  ( 0.000000000000000000, -22.39999999999978897, -8.200000000003049294 ) ) ;
#2147 = AXIS2_PLACEMENT_3D ( 'NONE', #1769, #756, #1085 ) ;
#2148 = DIRECTION ( 'NONE',  ( 1.000000000000000000, 0.000000000000000000, 0.000000000000000000 ) ) ;
#2149 = EDGE_CURVE ( 'NONE', #1590, #191, #852, .T. ) ;
#2150 = CIRCLE ( 'NONE', #1030, 3.100000000000035172 ) ;
#2151 = CARTESIAN_POINT ( 'NONE',  ( 5.000000000000000000, -21.06963292914698016, 12.68888888888571387 ) ) ;
#2152 = AXIS2_PLACEMENT_3D ( 'NONE', #1822, #472, #902 ) ;
#2153 = DIRECTION ( 'NONE',  ( 1.000000000000000000, 0.000000000000000000, 0.000000000000000000 ) ) ;
#2154 = CARTESIAN_POINT ( 'NONE',  ( 5.000000000000000000, 0.000000000000000000, 0.000000000000000000 ) ) ;
#2155 = CARTESIAN_POINT ( 'NONE',  ( 5.000000000000000000, 41.50000000000000711, -13.89999999999999503 ) ) ;
#2156 = VERTEX_POINT ( 'NONE', #2000 ) ;
#2157 = ORIENTED_EDGE ( 'NONE', *, *, #422, .T. ) ;
#2158 = DIRECTION ( 'NONE',  ( 1.000000000000000000, 0.000000000000000000, 0.000000000000000000 ) ) ;
#2159 = EDGE_CURVE ( 'NONE', #340, #1455, #283, .T. ) ;
#2160 = CARTESIAN_POINT ( 'NONE',  ( 0.000000000000000000, -23.99999999999977973, -8.200000000003104361 ) ) ;
#2161 = EDGE_LOOP ( 'NONE', ( #2225, #408, #231, #1911 ) ) ;
#2162 = CARTESIAN_POINT ( 'NONE',  ( 5.000000000000000000, -19.40667409058060500, -8.200000000003026202 ) ) ;
#2163 = CARTESIAN_POINT ( 'NONE',  ( 5.000000000000000000, -41.49999999999999289, -17.09999999999999787 ) ) ;
#2164 = LINE ( 'NONE', #1124, #881 ) ;
#2165 = ORIENTED_EDGE ( 'NONE', *, *, #2012, .T. ) ;
#2166 = CARTESIAN_POINT ( 'NONE',  ( 0.000000000000000000, 26.80667409058170492, -10.20000000000277574 ) ) ;
#2167 = ORIENTED_EDGE ( 'NONE', *, *, #2048, .F. ) ;
#2168 = FACE_BOUND ( 'NONE', #1258, .T. ) ;
#2169 = DIRECTION ( 'NONE',  ( 1.000000000000000000, 0.000000000000000000, 0.000000000000000000 ) ) ;
#2170 = VERTEX_POINT ( 'NONE', #1417 ) ;
#2171 = CARTESIAN_POINT ( 'NONE',  ( 5.000000000000000000, -36.82660368508225446, -1.273130638102340839 ) ) ;
#2172 = CARTESIAN_POINT ( 'NONE',  ( 4.520412350850542715, -43.99999999999999289, -14.70178525163598415 ) ) ;
#2173 = CARTESIAN_POINT ( 'NONE',  ( 4.399713313328128983, -44.00000000000000000, -2.842232528899096611 ) ) ;
#2174 = EDGE_LOOP ( 'NONE', ( #730, #1027, #966, #2035 ) ) ;
#2175 = CIRCLE ( 'NONE', #1200, 1.999999999999946265 ) ;
#2176 = DIRECTION ( 'NONE',  ( 1.000000000000000000, -0.000000000000000000, -0.000000000000000000 ) ) ;
#2177 = CIRCLE ( 'NONE', #204, 1.249999999999997558 ) ;
#2178 = EDGE_CURVE ( 'NONE', #1945, #1954, #1120, .T. ) ;
#2179 = ORIENTED_EDGE ( 'NONE', *, *, #221, .F. ) ;
#2180 = CYLINDRICAL_SURFACE ( 'NONE', #1741, 1.600000000000267875 ) ;
#2181 = CIRCLE ( 'NONE', #671, 2.000000000000050182 ) ;
#2182 = VECTOR ( 'NONE', #182, 1000.000000000000000 ) ;
#2183 = PRESENTATION_STYLE_ASSIGNMENT (( #1491 ) ) ;
#2184 = ORIENTED_EDGE ( 'NONE', *, *, #1921, .T. ) ;
#2185 = EDGE_CURVE ( 'NONE', #202, #1008, #272, .T. ) ;
#2186 = CARTESIAN_POINT ( 'NONE',  ( 5.000000000000000000, -30.99999999999999645, 18.50000000000000000 ) ) ;
#2187 = AXIS2_PLACEMENT_3D ( 'NONE', #1703, #675, #693 ) ;
#2188 = EDGE_CURVE ( 'NONE', #1724, #2156, #1484, .T. ) ;
#2189 = LINE ( 'NONE', #982, #1746 ) ;
#2190 = AXIS2_PLACEMENT_3D ( 'NONE', #554, #691, #1398 ) ;
#2191 = DIRECTION ( 'NONE',  ( -1.000000000000000000, -0.000000000000000000, -0.000000000000000000 ) ) ;
#2192 = ORIENTED_EDGE ( 'NONE', *, *, #1334, .T. ) ;
#2193 = CARTESIAN_POINT ( 'NONE',  ( 5.000000000000000000, 44.00000000000000000, 18.50000000000000000 ) ) ;
#2194 = ORIENTED_EDGE ( 'NONE', *, *, #1229, .F. ) ;
#2195 = FACE_BOUND ( 'NONE', #901, .T. ) ;
#2196 = ORIENTED_EDGE ( 'NONE', *, *, #1815, .F. ) ;
#2197 = CARTESIAN_POINT ( 'NONE',  ( 0.000000000000000000, -0.000000000000000000, 8.499999999999998224 ) ) ;
#2198 = DIRECTION ( 'NONE',  ( 0.000000000000000000, 0.000000000000000000, 1.000000000000000000 ) ) ;
#2199 = EDGE_CURVE ( 'NONE', #468, #202, #1032, .T. ) ;
#2200 = CARTESIAN_POINT ( 'NONE',  ( 4.684276345874075709, -44.00000000000000000, -1.741215525097373096 ) ) ;
#2201 = ORIENTED_EDGE ( 'NONE', *, *, #2221, .F. ) ;
#2202 = CARTESIAN_POINT ( 'NONE',  ( 5.000000000000000000, -25.99999999999999645, -13.60000000000000320 ) ) ;
#2203 = EDGE_CURVE ( 'NONE', #1780, #334, #948, .T. ) ;
#2204 = ORIENTED_EDGE ( 'NONE', *, *, #1978, .T. ) ;
#2205 = FACE_OUTER_BOUND ( 'NONE', #1836, .T. ) ;
#2206 = DIRECTION ( 'NONE',  ( 0.000000000000000000, 0.000000000000000000, -1.000000000000000000 ) ) ;
#2207 = ORIENTED_EDGE ( 'NONE', *, *, #120, .F. ) ;
#2208 = PLANE ( 'NONE',  #447 ) ;
#2209 = CARTESIAN_POINT ( 'NONE',  ( 5.000000000000000000, -41.49999999999999289, -13.90000000000000213 ) ) ;
#2210 = CARTESIAN_POINT ( 'NONE',  ( 5.000000000000000000, 41.49999999999999289, -3.600000000000005862 ) ) ;
#2211 = ORIENTED_EDGE ( 'NONE', *, *, #972, .T. ) ;
#2212 = FACE_OUTER_BOUND ( 'NONE', #1532, .T. ) ;
#2213 = EDGE_CURVE ( 'NONE', #2053, #964, #215, .T. ) ;
#2214 = ORIENTED_EDGE ( 'NONE', *, *, #749, .F. ) ;
#2215 = VECTOR ( 'NONE', #1979, 1000.000000000000000 ) ;
#2216 = CIRCLE ( 'NONE', #1887, 1.249999999999997558 ) ;
#2217 = VERTEX_POINT ( 'NONE', #2186 ) ;
#2218 = LINE ( 'NONE', #1104, #1093 ) ;
#2219 = VECTOR ( 'NONE', #1111, 1000.000000000000114 ) ;
#2220 = DIRECTION ( 'NONE',  ( 0.000000000000000000, 2.238352872228134128E-15, -1.000000000000000000 ) ) ;
#2221 = EDGE_CURVE ( 'NONE', #249, #868, #855, .T. ) ;
#2222 = STYLED_ITEM ( 'NONE', ( #2183 ), #1557 ) ;
#2223 = VECTOR ( 'NONE', #914, 1000.000000000000000 ) ;
#2224 = DIRECTION ( 'NONE',  ( -1.000000000000000000, -0.000000000000000000, -0.000000000000000000 ) ) ;
#2225 = ORIENTED_EDGE ( 'NONE', *, *, #1678, .T. ) ;
#2226 = PLANE ( 'NONE',  #2003 ) ;
#2227 = VERTEX_POINT ( 'NONE', #731 ) ;
ENDSEC;
END-ISO-10303-21;
