ISO-10303-21;
HEADER;
FILE_DESCRIPTION (( 'STEP AP214' ),
    '1' );
FILE_NAME ('plate-v2.STEP',
    '2026-03-24T22:37:02',
    ( '' ),
    ( '' ),
    'SwSTEP 2.0',
    'SolidWorks 2026',
    '' );
FILE_SCHEMA (( 'AUTOMOTIVE_DESIGN' ));
ENDSEC;

DATA;
#1 = CARTESIAN_POINT ( 'NONE',  ( 24.50000000000000355, 0.000000000000000000, -30.39999999999999858 ) ) ;
#2 = CIRCLE ( 'NONE', #4305, 1.599999999999998090 ) ;
#3 = ORIENTED_EDGE ( 'NONE', *, *, #8182, .F. ) ;
#4 = AXIS2_PLACEMENT_3D ( 'NONE', #9363, #7883, #474 ) ;
#5 = DIRECTION ( 'NONE',  ( 0.000000000000000000, 0.000000000000000000, 1.000000000000000000 ) ) ;
#6 = CARTESIAN_POINT ( 'NONE',  ( -38.49196988955008436, -3.500000000000000000, 76.34538790275394149 ) ) ;
#7 = AXIS2_PLACEMENT_3D ( 'NONE', #8386, #4000, #1785 ) ;
#8 = ADVANCED_FACE ( 'NONE', ( #6728 ), #5485, .F. ) ;
#9 = AXIS2_PLACEMENT_3D ( 'NONE', #952, #3733, #8839 ) ;
#10 = AXIS2_PLACEMENT_3D ( 'NONE', #2673, #5509, #1906 ) ;
#11 = DIRECTION ( 'NONE',  ( -0.000000000000000000, -1.000000000000000000, 0.000000000000000000 ) ) ;
#12 = VECTOR ( 'NONE', #916, 1000.000000000000000 ) ;
#13 = AXIS2_PLACEMENT_3D ( 'NONE', #4777, #9105, #8438 ) ;
#14 = LINE ( 'NONE', #4433, #7624 ) ;
#15 = ORIENTED_EDGE ( 'NONE', *, *, #8413, .T. ) ;
#16 = DIRECTION ( 'NONE',  ( -0.000000000000000000, 0.000000000000000000, 1.000000000000000000 ) ) ;
#17 = ORIENTED_EDGE ( 'NONE', *, *, #2226, .F. ) ;
#18 = ORIENTED_EDGE ( 'NONE', *, *, #8429, .T. ) ;
#19 = VERTEX_POINT ( 'NONE', #7887 ) ;
#20 = ORIENTED_EDGE ( 'NONE', *, *, #414, .F. ) ;
#21 = DIRECTION ( 'NONE',  ( 4.869399230812090436E-16, 0.000000000000000000, 1.000000000000000000 ) ) ;
#22 = DIRECTION ( 'NONE',  ( -0.000000000000000000, -1.000000000000000000, 0.000000000000000000 ) ) ;
#23 = CARTESIAN_POINT ( 'NONE',  ( -21.00000000000000355, -3.907554294897225944, -32.76573807342501965 ) ) ;
#24 = DIRECTION ( 'NONE',  ( -0.000000000000000000, -1.000000000000000000, -0.000000000000000000 ) ) ;
#25 = ORIENTED_EDGE ( 'NONE', *, *, #6756, .T. ) ;
#26 = DIRECTION ( 'NONE',  ( 0.000000000000000000, 0.000000000000000000, -1.000000000000000000 ) ) ;
#27 = AXIS2_PLACEMENT_3D ( 'NONE', #1981, #6898, #9155 ) ;
#28 = CARTESIAN_POINT ( 'NONE',  ( 45.68185326600102059, -3.000000000000000000, -35.61486041224296173 ) ) ;
#29 = ORIENTED_EDGE ( 'NONE', *, *, #821, .F. ) ;
#30 = ORIENTED_EDGE ( 'NONE', *, *, #5118, .F. ) ;
#31 = ORIENTED_EDGE ( 'NONE', *, *, #363, .T. ) ;
#32 = ORIENTED_EDGE ( 'NONE', *, *, #9168, .T. ) ;
#33 = LINE ( 'NONE', #7301, #882 ) ;
#34 = DIRECTION ( 'NONE',  ( 0.000000000000000000, -1.000000000000000000, 0.000000000000000000 ) ) ;
#35 = LINE ( 'NONE', #8800, #1090 ) ;
#36 = DIRECTION ( 'NONE',  ( 0.000000000000000000, 0.000000000000000000, -1.000000000000000000 ) ) ;
#37 = AXIS2_PLACEMENT_3D ( 'NONE', #9126, #2629, #1181 ) ;
#38 = DIRECTION ( 'NONE',  ( -0.000000000000000000, 1.000000000000000000, -0.000000000000000000 ) ) ;
#39 = AXIS2_PLACEMENT_3D ( 'NONE', #1580, #5952, #3654 ) ;
#40 = LINE ( 'NONE', #1340, #2502 ) ;
#41 = ORIENTED_EDGE ( 'NONE', *, *, #1394, .T. ) ;
#42 = EDGE_CURVE ( 'NONE', #8941, #6722, #9257, .T. ) ;
#43 = ADVANCED_FACE ( 'NONE', ( #6249 ), #7699, .F. ) ;
#44 = DIRECTION ( 'NONE',  ( -0.5150380749100558209, 0.000000000000000000, 0.8571673007021114454 ) ) ;
#45 = ADVANCED_FACE ( 'NONE', ( #1823 ), #9324, .F. ) ;
#46 = CARTESIAN_POINT ( 'NONE',  ( -26.92597670932315879, -9.242640687119289211, -24.34519281399293433 ) ) ;
#47 = CYLINDRICAL_SURFACE ( 'NONE', #272, 4.999999999999997335 ) ;
#48 = CARTESIAN_POINT ( 'NONE',  ( 36.00000000000000711, -5.000000000000000000, -52.00000000000000000 ) ) ;
#49 = LINE ( 'NONE', #2413, #2028 ) ;
#50 = LINE ( 'NONE', #2985, #5599 ) ;
#51 = ORIENTED_EDGE ( 'NONE', *, *, #7986, .F. ) ;
#52 = VECTOR ( 'NONE', #4630, 1000.000000000000114 ) ;
#53 = EDGE_CURVE ( 'NONE', #1321, #2048, #6324, .T. ) ;
#54 = DIRECTION ( 'NONE',  ( -0.000000000000000000, 1.000000000000000000, -0.000000000000000000 ) ) ;
#55 = DIRECTION ( 'NONE',  ( -0.000000000000000000, -1.000000000000000000, -0.000000000000000000 ) ) ;
#56 = CYLINDRICAL_SURFACE ( 'NONE', #963, 1.500000000000001332 ) ;
#57 = CIRCLE ( 'NONE', #8803, 2.100000000000000977 ) ;
#58 = DIRECTION ( 'NONE',  ( -0.000000000000000000, -0.000000000000000000, 1.000000000000000000 ) ) ;
#59 = EDGE_CURVE ( 'NONE', #5381, #6317, #3866, .T. ) ;
#60 = CIRCLE ( 'NONE', #3457, 4.599999999999909939 ) ;
#61 = FACE_OUTER_BOUND ( 'NONE', #8576, .T. ) ;
#62 = ORIENTED_EDGE ( 'NONE', *, *, #5218, .T. ) ;
#63 = VECTOR ( 'NONE', #8867, 1000.000000000000000 ) ;
#64 = DIRECTION ( 'NONE',  ( -0.000000000000000000, -1.000000000000000000, -0.000000000000000000 ) ) ;
#65 = VERTEX_POINT ( 'NONE', #5529 ) ;
#66 = ORIENTED_EDGE ( 'NONE', *, *, #4785, .F. ) ;
#67 = CARTESIAN_POINT ( 'NONE',  ( -44.99999999999998579, -2.500000000000000000, -48.27890335241848163 ) ) ;
#68 = ORIENTED_EDGE ( 'NONE', *, *, #8584, .T. ) ;
#69 = VECTOR ( 'NONE', #9110, 1000.000000000000114 ) ;
#70 = ORIENTED_EDGE ( 'NONE', *, *, #6691, .F. ) ;
#71 = PLANE ( 'NONE',  #7719 ) ;
#72 = CARTESIAN_POINT ( 'NONE',  ( -72.39969434600203613, -5.000000000000000000, 37.04435528667602284 ) ) ;
#73 = DIRECTION ( 'NONE',  ( 0.000000000000000000, 0.000000000000000000, 1.000000000000000000 ) ) ;
#74 = CARTESIAN_POINT ( 'NONE',  ( -75.93522825193483072, -5.000000000000000000, 33.50882138074332062 ) ) ;
#75 = ORIENTED_EDGE ( 'NONE', *, *, #109, .T. ) ;
#76 = DIRECTION ( 'NONE',  ( 0.000000000000000000, -1.000000000000000000, 0.000000000000000000 ) ) ;
#77 = EDGE_CURVE ( 'NONE', #1167, #8420, #5236, .T. ) ;
#78 = AXIS2_PLACEMENT_3D ( 'NONE', #5057, #2894, #4965 ) ;
#79 = LINE ( 'NONE', #3020, #164 ) ;
#80 = VERTEX_POINT ( 'NONE', #3365 ) ;
#81 = ORIENTED_EDGE ( 'NONE', *, *, #4574, .T. ) ;
#82 = ORIENTED_EDGE ( 'NONE', *, *, #3045, .T. ) ;
#83 = VERTEX_POINT ( 'NONE', #9232 ) ;
#84 = DIRECTION ( 'NONE',  ( -0.8571673007021110013, 0.000000000000000000, -0.5150380749100563760 ) ) ;
#85 = CARTESIAN_POINT ( 'NONE',  ( 65.00578709921543918, -4.962188990616987816, -15.14870946590309941 ) ) ;
#86 = FACE_OUTER_BOUND ( 'NONE', #8057, .T. ) ;
#87 = CIRCLE ( 'NONE', #255, 3.100000000000075140 ) ;
#88 = CIRCLE ( 'NONE', #5471, 1.600000000000002531 ) ;
#89 = CARTESIAN_POINT ( 'NONE',  ( 36.00000000000000711, -9.525483399593907663, -66.00000000000000000 ) ) ;
#90 = AXIS2_PLACEMENT_3D ( 'NONE', #3399, #1907, #6278 ) ;
#91 = DIRECTION ( 'NONE',  ( 0.000000000000000000, 1.000000000000000000, 0.000000000000000000 ) ) ;
#92 = DIRECTION ( 'NONE',  ( 0.000000000000000000, 0.000000000000000000, -1.000000000000000000 ) ) ;
#93 = ORIENTED_EDGE ( 'NONE', *, *, #3941, .F. ) ;
#94 = DIRECTION ( 'NONE',  ( 0.000000000000000000, 1.000000000000000000, 0.000000000000000000 ) ) ;
#95 = AXIS2_PLACEMENT_3D ( 'NONE', #6899, #3913, #6747 ) ;
#96 = DIRECTION ( 'NONE',  ( -0.000000000000000000, -1.000000000000000000, -0.000000000000000000 ) ) ;
#97 = DIRECTION ( 'NONE',  ( 1.387778780781446464E-15, 0.000000000000000000, -1.000000000000000000 ) ) ;
#98 = CARTESIAN_POINT ( 'NONE',  ( -33.58757210636075285, 0.000000000000000000, 51.97234841721098775 ) ) ;
#99 = DIRECTION ( 'NONE',  ( 0.000000000000000000, 1.000000000000000000, -0.000000000000000000 ) ) ;
#100 = EDGE_CURVE ( 'NONE', #5508, #5743, #8501, .T. ) ;
#101 = DIRECTION ( 'NONE',  ( 0.000000000000000000, 1.000000000000000000, 0.000000000000000000 ) ) ;
#102 = CARTESIAN_POINT ( 'NONE',  ( 20.20000000000000284, -3.500000000000006661, -18.00000000000000355 ) ) ;
#103 = ORIENTED_EDGE ( 'NONE', *, *, #3476, .T. ) ;
#104 = CARTESIAN_POINT ( 'NONE',  ( 24.18305191657981013, -5.000000000000000000, 17.11198410471387277 ) ) ;
#105 = AXIS2_PLACEMENT_3D ( 'NONE', #7811, #1077, #7136 ) ;
#106 = FACE_OUTER_BOUND ( 'NONE', #4349, .T. ) ;
#107 = DIRECTION ( 'NONE',  ( 0.000000000000000000, 0.000000000000000000, -1.000000000000000000 ) ) ;
#108 = LINE ( 'NONE', #3966, #5482 ) ;
#109 = EDGE_CURVE ( 'NONE', #2403, #1923, #641, .T. ) ;
#110 = EDGE_CURVE ( 'NONE', #7143, #8514, #6793, .T. ) ;
#111 = EDGE_CURVE ( 'NONE', #3544, #9273, #1192, .T. ) ;
#112 = EDGE_CURVE ( 'NONE', #7393, #6477, #6018, .T. ) ;
#113 = CARTESIAN_POINT ( 'NONE',  ( -24.25000000000000711, -3.500000000000003997, -55.34999999999999432 ) ) ;
#114 = DIRECTION ( 'NONE',  ( -0.000000000000000000, -1.000000000000000000, -0.000000000000000000 ) ) ;
#115 = ORIENTED_EDGE ( 'NONE', *, *, #8991, .T. ) ;
#116 = CARTESIAN_POINT ( 'NONE',  ( 24.20000000000000284, 0.000000000000000000, -58.50000000000000000 ) ) ;
#117 = ORIENTED_EDGE ( 'NONE', *, *, #2342, .T. ) ;
#118 = CYLINDRICAL_SURFACE ( 'NONE', #2482, 2.500000000000002220 ) ;
#119 = ORIENTED_EDGE ( 'NONE', *, *, #5590, .F. ) ;
#120 = ORIENTED_EDGE ( 'NONE', *, *, #1214, .T. ) ;
#121 = CARTESIAN_POINT ( 'NONE',  ( -79.50000000000000000, -1.500000000000000000, -9.149999999999998579 ) ) ;
#122 = DIRECTION ( 'NONE',  ( -0.000000000000000000, -1.000000000000000000, -0.000000000000000000 ) ) ;
#123 = DIRECTION ( 'NONE',  ( 0.000000000000000000, 0.000000000000000000, -1.000000000000000000 ) ) ;
#124 = DIRECTION ( 'NONE',  ( -0.000000000000000000, 1.000000000000000000, -0.000000000000000000 ) ) ;
#125 = DIRECTION ( 'NONE',  ( -0.000000000000000000, -1.000000000000000000, 0.000000000000000000 ) ) ;
#126 = ORIENTED_EDGE ( 'NONE', *, *, #2761, .F. ) ;
#127 = CIRCLE ( 'NONE', #9048, 1.599999999999997202 ) ;
#128 = EDGE_LOOP ( 'NONE', ( #7708, #5668, #8264, #6652 ) ) ;
#129 = CIRCLE ( 'NONE', #5664, 1.600000000000004086 ) ;
#130 = VERTEX_POINT ( 'NONE', #1286 ) ;
#131 = ORIENTED_EDGE ( 'NONE', *, *, #7871, .T. ) ;
#132 = DIRECTION ( 'NONE',  ( 0.000000000000000000, -0.7071067811865465735, -0.7071067811865484609 ) ) ;
#133 = DIRECTION ( 'NONE',  ( 0.000000000000000000, 0.000000000000000000, 1.000000000000000000 ) ) ;
#134 = DIRECTION ( 'NONE',  ( -0.000000000000000000, -1.000000000000000000, 0.000000000000000000 ) ) ;
#135 = EDGE_CURVE ( 'NONE', #4641, #1094, #1878, .T. ) ;
#136 = FACE_OUTER_BOUND ( 'NONE', #7676, .T. ) ;
#137 = VECTOR ( 'NONE', #4208, 1000.000000000000114 ) ;
#138 = DIRECTION ( 'NONE',  ( 6.219998500209268303E-17, 0.000000000000000000, 1.000000000000000000 ) ) ;
#139 = ORIENTED_EDGE ( 'NONE', *, *, #7577, .T. ) ;
#140 = DIRECTION ( 'NONE',  ( 0.000000000000000000, 0.000000000000000000, 1.000000000000000000 ) ) ;
#141 = ORIENTED_EDGE ( 'NONE', *, *, #1561, .T. ) ;
#142 = CARTESIAN_POINT ( 'NONE',  ( 20.20000000000000284, -5.000000000000000000, -18.00000000000000355 ) ) ;
#143 = AXIS2_PLACEMENT_3D ( 'NONE', #8154, #64, #3149 ) ;
#144 = DIRECTION ( 'NONE',  ( 0.000000000000000000, -1.000000000000000000, 0.000000000000000000 ) ) ;
#145 = DIRECTION ( 'NONE',  ( -0.8571673007021111124, 0.000000000000000000, 0.5150380749100561539 ) ) ;
#146 = DIRECTION ( 'NONE',  ( 0.000000000000000000, 0.000000000000000000, -1.000000000000000000 ) ) ;
#147 = CARTESIAN_POINT ( 'NONE',  ( 33.50000000000000000, -5.000000000000000888, -64.16696972201768290 ) ) ;
#148 = CARTESIAN_POINT ( 'NONE',  ( -33.58757210636075285, -3.499999999999972911, 51.97234841721098775 ) ) ;
#149 = DIRECTION ( 'NONE',  ( -0.000000000000000000, 1.000000000000000000, -0.000000000000000000 ) ) ;
#150 = CIRCLE ( 'NONE', #2619, 3.100000000000047162 ) ;
#151 = ORIENTED_EDGE ( 'NONE', *, *, #3432, .F. ) ;
#152 = CIRCLE ( 'NONE', #1848, 3.099999999999991651 ) ;
#153 = DIRECTION ( 'NONE',  ( 0.000000000000000000, 1.000000000000000000, 0.000000000000000000 ) ) ;
#154 = LINE ( 'NONE', #6023, #5511 ) ;
#155 = CARTESIAN_POINT ( 'NONE',  ( 20.00000000000000000, -60.00000000000000000, 75.00000000000000000 ) ) ;
#156 = LINE ( 'NONE', #3097, #2678 ) ;
#157 = AXIS2_PLACEMENT_3D ( 'NONE', #5389, #8238, #3851 ) ;
#158 = CIRCLE ( 'NONE', #3543, 5.000000000000000888 ) ;
#159 = EDGE_CURVE ( 'NONE', #83, #1205, #7566, .T. ) ;
#160 = DIRECTION ( 'NONE',  ( -0.000000000000000000, 1.000000000000000000, -0.000000000000000000 ) ) ;
#161 = EDGE_CURVE ( 'NONE', #939, #2137, #8786, .T. ) ;
#162 = ORIENTED_EDGE ( 'NONE', *, *, #3358, .T. ) ;
#163 = EDGE_CURVE ( 'NONE', #8353, #1072, #5889, .T. ) ;
#164 = VECTOR ( 'NONE', #125, 1000.000000000000000 ) ;
#165 = LINE ( 'NONE', #8105, #3828 ) ;
#166 = ORIENTED_EDGE ( 'NONE', *, *, #7649, .F. ) ;
#167 = CARTESIAN_POINT ( 'NONE',  ( -79.50000000000000000, -10.93969696196701413, -5.000000000000000000 ) ) ;
#168 = CIRCLE ( 'NONE', #5404, 87.99999999999934630 ) ;
#169 = ORIENTED_EDGE ( 'NONE', *, *, #4929, .T. ) ;
#170 = EDGE_CURVE ( 'NONE', #1134, #8941, #9496, .T. ) ;
#171 = CARTESIAN_POINT ( 'NONE',  ( 33.50000000000000000, -23.60398284226499754, -68.73438437000001500 ) ) ;
#172 = LINE ( 'NONE', #1042, #3105 ) ;
#173 = CARTESIAN_POINT ( 'NONE',  ( -21.00000000000000355, -5.000000000000004441, -35.48496231131971967 ) ) ;
#174 = AXIS2_PLACEMENT_3D ( 'NONE', #793, #3204, #8209 ) ;
#175 = B_SPLINE_CURVE_WITH_KNOTS ( 'NONE', 3,
 ( #6395, #8615, #1971, #9491, #7333, #5676 ),
 .UNSPECIFIED., .F., .F.,
 ( 4, 2, 4 ),
 ( 8.673617379884035472E-19, 0.0007853308434936077422, 0.001570661686987214617 ),
 .UNSPECIFIED. ) ;
#176 = CIRCLE ( 'NONE', #1870, 1.600000000000004086 ) ;
#177 = DIRECTION ( 'NONE',  ( -1.387778780781446464E-15, 0.000000000000000000, -1.000000000000000000 ) ) ;
#178 = AXIS2_PLACEMENT_3D ( 'NONE', #6183, #9122, #2581 ) ;
#179 = CARTESIAN_POINT ( 'NONE',  ( 33.50000000000000000, -5.000000000000000888, -68.73438437000001500 ) ) ;
#180 = VERTEX_POINT ( 'NONE', #5792 ) ;
#181 = EDGE_CURVE ( 'NONE', #8660, #2509, #8916, .T. ) ;
#182 = ORIENTED_EDGE ( 'NONE', *, *, #9284, .T. ) ;
#183 = ORIENTED_EDGE ( 'NONE', *, *, #9210, .F. ) ;
#184 = ORIENTED_EDGE ( 'NONE', *, *, #2041, .T. ) ;
#185 = CARTESIAN_POINT ( 'NONE',  ( -24.50000000000000355, -10.93969696196700170, -32.50000000000000000 ) ) ;
#186 = CONICAL_SURFACE ( 'NONE', #5565, 1.600000000000004086, 0.7853981633974465026 ) ;
#187 = FACE_OUTER_BOUND ( 'NONE', #329, .T. ) ;
#188 = DIRECTION ( 'NONE',  ( 8.659560562354996953E-17, -0.7071067811865422437, 0.7071067811865526798 ) ) ;
#189 = CIRCLE ( 'NONE', #3424, 1.999999999999998224 ) ;
#190 = LINE ( 'NONE', #1666, #2002 ) ;
#191 = CARTESIAN_POINT ( 'NONE',  ( -43.96751866459680258, 0.000000000000000000, -34.58478426242284343 ) ) ;
#192 = VERTEX_POINT ( 'NONE', #2780 ) ;
#193 = AXIS2_PLACEMENT_3D ( 'NONE', #1107, #4085, #6250 ) ;
#194 = CARTESIAN_POINT ( 'NONE',  ( -33.58757210636075285, -5.000000000000000000, 55.07234841721103891 ) ) ;
#195 = ORIENTED_EDGE ( 'NONE', *, *, #3746, .F. ) ;
#196 = EDGE_CURVE ( 'NONE', #5617, #8156, #6768, .T. ) ;
#197 = CARTESIAN_POINT ( 'NONE',  ( 62.67442126558891857, -5.000000000000000000, -13.15929021731400361 ) ) ;
#198 = ORIENTED_EDGE ( 'NONE', *, *, #8932, .F. ) ;
#199 = CARTESIAN_POINT ( 'NONE',  ( -6.800116025829083810E-13, -5.000000000000000000, 8.326672684688674053E-14 ) ) ;
#200 = CARTESIAN_POINT ( 'NONE',  ( 15.00000000000000178, 0.000000000000000000, 10.99999999999999645 ) ) ;
#201 = DIRECTION ( 'NONE',  ( 0.000000000000000000, 0.000000000000000000, -1.000000000000000000 ) ) ;
#202 = CYLINDRICAL_SURFACE ( 'NONE', #1853, 1.599999999999997202 ) ;
#203 = CARTESIAN_POINT ( 'NONE',  ( -24.50000000000000355, -5.000000000000000000, -32.50000000000000000 ) ) ;
#204 = DIRECTION ( 'NONE',  ( 0.000000000000000000, 1.000000000000000000, -0.000000000000000000 ) ) ;
#205 = VERTEX_POINT ( 'NONE', #2198 ) ;
#206 = LINE ( 'NONE', #3143, #1441 ) ;
#207 = DIRECTION ( 'NONE',  ( -0.000000000000000000, 1.000000000000000000, -0.000000000000000000 ) ) ;
#208 = CARTESIAN_POINT ( 'NONE',  ( 33.50000000000000000, 0.000000000000000000, -61.50000000000000000 ) ) ;
#209 = DIRECTION ( 'NONE',  ( -0.000000000000000000, 1.000000000000000000, -0.000000000000000000 ) ) ;
#210 = CARTESIAN_POINT ( 'NONE',  ( -45.84000822534369490, -5.000000000000000000, -56.70929064889124760 ) ) ;
#211 = ORIENTED_EDGE ( 'NONE', *, *, #3758, .F. ) ;
#212 = CARTESIAN_POINT ( 'NONE',  ( 45.84000822534345332, -5.000000000000000000, -56.70929064889151050 ) ) ;
#213 = ORIENTED_EDGE ( 'NONE', *, *, #2340, .F. ) ;
#214 = CIRCLE ( 'NONE', #5734, 3.099999999999991651 ) ;
#215 = CARTESIAN_POINT ( 'NONE',  ( -21.00000000000000355, 0.000000000000000000, -21.00000000000000000 ) ) ;
#216 = ORIENTED_EDGE ( 'NONE', *, *, #7322, .F. ) ;
#217 = CARTESIAN_POINT ( 'NONE',  ( -44.99999999999998579, 0.000000000000000000, -48.27890335241848163 ) ) ;
#218 = DIRECTION ( 'NONE',  ( 0.000000000000000000, -1.000000000000000000, 0.000000000000000000 ) ) ;
#219 = ADVANCED_FACE ( 'NONE', ( #2863 ), #4016, .F. ) ;
#220 = DIRECTION ( 'NONE',  ( 0.000000000000000000, 0.000000000000000000, -1.000000000000000000 ) ) ;
#221 = ADVANCED_FACE ( 'NONE', ( #5122 ), #1512, .F. ) ;
#222 = FACE_BOUND ( 'NONE', #6998, .T. ) ;
#223 = CARTESIAN_POINT ( 'NONE',  ( 42.96326182188430920, -3.000000000000000000, 4.517536233858021610 ) ) ;
#224 = ORIENTED_EDGE ( 'NONE', *, *, #1645, .T. ) ;
#225 = AXIS2_PLACEMENT_3D ( 'NONE', #3094, #153, #6647 ) ;
#226 = VERTEX_POINT ( 'NONE', #8116 ) ;
#227 = ORIENTED_EDGE ( 'NONE', *, *, #6037, .T. ) ;
#228 = ORIENTED_EDGE ( 'NONE', *, *, #2674, .F. ) ;
#229 = DIRECTION ( 'NONE',  ( 0.000000000000000000, 0.000000000000000000, 1.000000000000000000 ) ) ;
#230 = DIRECTION ( 'NONE',  ( 0.000000000000000000, 0.000000000000000000, 1.000000000000000000 ) ) ;
#231 = CARTESIAN_POINT ( 'NONE',  ( 0.000000000000000000, -2.500000000000000000, 0.000000000000000000 ) ) ;
#232 = VECTOR ( 'NONE', #3317, 1000.000000000000000 ) ;
#233 = EDGE_CURVE ( 'NONE', #4744, #3006, #2247, .T. ) ;
#234 = FACE_OUTER_BOUND ( 'NONE', #1659, .T. ) ;
#235 = EDGE_CURVE ( 'NONE', #9113, #1130, #3547, .T. ) ;
#236 = ADVANCED_FACE ( 'NONE', ( #4260 ), #6454, .F. ) ;
#237 = DIRECTION ( 'NONE',  ( 0.000000000000000000, 1.000000000000000000, -0.000000000000000000 ) ) ;
#238 = AXIS2_PLACEMENT_3D ( 'NONE', #8537, #1936, #6404 ) ;
#239 = EDGE_LOOP ( 'NONE', ( #5021, #4986, #5781, #2392 ) ) ;
#240 = EDGE_CURVE ( 'NONE', #2356, #427, #1470, .T. ) ;
#241 = DIRECTION ( 'NONE',  ( 0.000000000000000000, 0.000000000000000000, -1.000000000000000000 ) ) ;
#242 = VERTEX_POINT ( 'NONE', #707 ) ;
#243 = FACE_BOUND ( 'NONE', #4162, .T. ) ;
#244 = AXIS2_PLACEMENT_3D ( 'NONE', #7349, #1336, #9333 ) ;
#245 = VERTEX_POINT ( 'NONE', #661 ) ;
#246 = ORIENTED_EDGE ( 'NONE', *, *, #5910, .F. ) ;
#247 = DIRECTION ( 'NONE',  ( -0.000000000000000000, -1.000000000000000000, -0.000000000000000000 ) ) ;
#248 = DIRECTION ( 'NONE',  ( 0.000000000000000000, 0.000000000000000000, -1.000000000000000000 ) ) ;
#249 = DIRECTION ( 'NONE',  ( -0.000000000000000000, 1.000000000000000000, -0.000000000000000000 ) ) ;
#250 = DIRECTION ( 'NONE',  ( 0.000000000000000000, 0.000000000000000000, -1.000000000000000000 ) ) ;
#251 = CYLINDRICAL_SURFACE ( 'NONE', #7396, 1.600000000000000755 ) ;
#252 = EDGE_CURVE ( 'NONE', #2368, #1425, #4786, .T. ) ;
#253 = AXIS2_PLACEMENT_3D ( 'NONE', #1115, #7075, #7028 ) ;
#254 = DIRECTION ( 'NONE',  ( -0.000000000000000000, -1.000000000000000000, -0.000000000000000000 ) ) ;
#255 = AXIS2_PLACEMENT_3D ( 'NONE', #4268, #3651, #2155 ) ;
#256 = VECTOR ( 'NONE', #4019, 1000.000000000000000 ) ;
#257 = ORIENTED_EDGE ( 'NONE', *, *, #7584, .T. ) ;
#258 = DIRECTION ( 'NONE',  ( 0.000000000000000000, -0.7071067811865487940, -0.7071067811865463515 ) ) ;
#259 = CARTESIAN_POINT ( 'NONE',  ( -69.01672159629590908, 0.000000000000000000, -18.13676211729601917 ) ) ;
#260 = CARTESIAN_POINT ( 'NONE',  ( -17.11198410471442699, -5.000000000000000000, 24.18305191657944064 ) ) ;
#261 = DIRECTION ( 'NONE',  ( 0.000000000000000000, 1.000000000000000000, -0.000000000000000000 ) ) ;
#262 = ORIENTED_EDGE ( 'NONE', *, *, #100, .F. ) ;
#263 = AXIS2_PLACEMENT_3D ( 'NONE', #4146, #4912, #7858 ) ;
#264 = CARTESIAN_POINT ( 'NONE',  ( 36.00000000000000711, -5.000000000000000000, -62.90000000000001279 ) ) ;
#265 = ORIENTED_EDGE ( 'NONE', *, *, #2762, .T. ) ;
#266 = DIRECTION ( 'NONE',  ( 0.000000000000000000, 0.000000000000000000, 1.000000000000000000 ) ) ;
#267 = VERTEX_POINT ( 'NONE', #3640 ) ;
#268 = DIRECTION ( 'NONE',  ( 0.000000000000000000, 0.000000000000000000, -1.000000000000000000 ) ) ;
#269 = VERTEX_POINT ( 'NONE', #5022 ) ;
#270 = CARTESIAN_POINT ( 'NONE',  ( -33.50882138074143057, -5.000000000000000000, 75.93522825193562653 ) ) ;
#271 = DIRECTION ( 'NONE',  ( 0.000000000000000000, 0.000000000000000000, -1.000000000000000000 ) ) ;
#272 = AXIS2_PLACEMENT_3D ( 'NONE', #4283, #8040, #5813 ) ;
#273 = CARTESIAN_POINT ( 'NONE',  ( -17.00000000000000000, -3.200000000000000178, 13.00000000000000178 ) ) ;
#274 = DIRECTION ( 'NONE',  ( 0.000000000000000000, 1.000000000000000000, -0.000000000000000000 ) ) ;
#275 = DIRECTION ( 'NONE',  ( 0.000000000000000000, 0.000000000000000000, -1.000000000000000000 ) ) ;
#276 = ORIENTED_EDGE ( 'NONE', *, *, #42, .F. ) ;
#277 = ADVANCED_FACE ( 'NONE', ( #5840 ), #7339, .F. ) ;
#278 = ORIENTED_EDGE ( 'NONE', *, *, #4708, .F. ) ;
#279 = VERTEX_POINT ( 'NONE', #5074 ) ;
#280 = EDGE_LOOP ( 'NONE', ( #8588, #1284, #2635, #5797 ) ) ;
#281 = FACE_OUTER_BOUND ( 'NONE', #7644, .T. ) ;
#282 = DIRECTION ( 'NONE',  ( 0.000000000000000000, 0.000000000000000000, -1.000000000000000000 ) ) ;
#283 = DIRECTION ( 'NONE',  ( 0.000000000000000000, 1.000000000000000000, -0.000000000000000000 ) ) ;
#284 = CARTESIAN_POINT ( 'NONE',  ( 0.000000000000000000, 0.000000000000000000, 0.000000000000000000 ) ) ;
#285 = DIRECTION ( 'NONE',  ( 0.000000000000000000, 0.000000000000000000, -1.000000000000000000 ) ) ;
#286 = VERTEX_POINT ( 'NONE', #1368 ) ;
#287 = DIRECTION ( 'NONE',  ( 0.000000000000000000, 1.000000000000000000, -0.000000000000000000 ) ) ;
#288 = EDGE_LOOP ( 'NONE', ( #2523, #4078, #1803, #2573, #6621, #3974, #2843, #8842, #8418, #7205, #8374, #7829, #4907, #7330 ) ) ;
#289 = AXIS2_PLACEMENT_3D ( 'NONE', #2616, #7037, #447 ) ;
#290 = FACE_BOUND ( 'NONE', #9145, .T. ) ;
#291 = ADVANCED_FACE ( 'NONE', ( #8022 ), #5551, .F. ) ;
#292 = EDGE_CURVE ( 'NONE', #4887, #9286, #60, .T. ) ;
#293 = ORIENTED_EDGE ( 'NONE', *, *, #6596, .T. ) ;
#294 = ORIENTED_EDGE ( 'NONE', *, *, #7771, .F. ) ;
#295 = LINE ( 'NONE', #6934, #4924 ) ;
#296 = DIRECTION ( 'NONE',  ( 0.000000000000000000, -1.000000000000000000, 0.000000000000000000 ) ) ;
#297 = DIRECTION ( 'NONE',  ( 1.000000000000000000, 0.000000000000000000, 0.000000000000000000 ) ) ;
#298 = DIRECTION ( 'NONE',  ( 0.000000000000000000, 0.000000000000000000, -1.000000000000000000 ) ) ;
#299 = EDGE_CURVE ( 'NONE', #1218, #1457, #5167, .T. ) ;
#300 = CYLINDRICAL_SURFACE ( 'NONE', #4328, 1.599999999999998090 ) ;
#301 = DIRECTION ( 'NONE',  ( 0.000000000000000000, 0.000000000000000000, -1.000000000000000000 ) ) ;
#302 = ORIENTED_EDGE ( 'NONE', *, *, #4523, .F. ) ;
#303 = CIRCLE ( 'NONE', #2293, 2.500000000000002220 ) ;
#304 = CARTESIAN_POINT ( 'NONE',  ( 17.11198410471442699, -3.500000000000015987, 25.78305191657943851 ) ) ;
#305 = ADVANCED_FACE ( 'NONE', ( #5941 ), #1714, .F. ) ;
#306 = DIRECTION ( 'NONE',  ( 0.000000000000000000, 0.000000000000000000, -1.000000000000000000 ) ) ;
#307 = CARTESIAN_POINT ( 'NONE',  ( -24.20000000000000639, -9.242640687119289211, -22.50000000000000355 ) ) ;
#308 = CARTESIAN_POINT ( 'NONE',  ( 21.00000000000000355, -23.60398284226499754, -63.00000000000000000 ) ) ;
#309 = ORIENTED_EDGE ( 'NONE', *, *, #3924, .F. ) ;
#310 = CONICAL_SURFACE ( 'NONE', #5683, 1.599999999999997202, 0.7853981633974557175 ) ;
#311 = AXIS2_PLACEMENT_3D ( 'NONE', #3173, #6199, #285 ) ;
#312 = ORIENTED_EDGE ( 'NONE', *, *, #7989, .T. ) ;
#313 = LINE ( 'NONE', #6957, #5306 ) ;
#314 = ORIENTED_EDGE ( 'NONE', *, *, #4582, .F. ) ;
#315 = EDGE_CURVE ( 'NONE', #4254, #7730, #848, .T. ) ;
#316 = DIRECTION ( 'NONE',  ( 0.000000000000000000, 0.000000000000000000, 1.000000000000000000 ) ) ;
#317 = ORIENTED_EDGE ( 'NONE', *, *, #384, .F. ) ;
#318 = DIRECTION ( 'NONE',  ( 1.000000000000000000, 0.000000000000000000, 0.000000000000000000 ) ) ;
#319 = ORIENTED_EDGE ( 'NONE', *, *, #8758, .T. ) ;
#320 = CARTESIAN_POINT ( 'NONE',  ( 0.000000000000000000, 0.000000000000000000, 0.000000000000000000 ) ) ;
#321 = FACE_OUTER_BOUND ( 'NONE', #8305, .T. ) ;
#322 = AXIS2_PLACEMENT_3D ( 'NONE', #3127, #4462, #5853 ) ;
#323 = VECTOR ( 'NONE', #2657, 1000.000000000000000 ) ;
#324 = CYLINDRICAL_SURFACE ( 'NONE', #8033, 1.500000000000001332 ) ;
#325 = DIRECTION ( 'NONE',  ( -0.000000000000000000, -1.000000000000000000, -0.000000000000000000 ) ) ;
#326 = ORIENTED_EDGE ( 'NONE', *, *, #3994, .F. ) ;
#327 = CIRCLE ( 'NONE', #776, 3.099999999999991651 ) ;
#328 = VERTEX_POINT ( 'NONE', #3116 ) ;
#329 = EDGE_LOOP ( 'NONE', ( #5876, #4784, #7122, #6333 ) ) ;
#330 = ORIENTED_EDGE ( 'NONE', *, *, #741, .F. ) ;
#331 = CARTESIAN_POINT ( 'NONE',  ( -75.93522825193483072, 0.000000000000000000, 33.50882138074332062 ) ) ;
#332 = FACE_OUTER_BOUND ( 'NONE', #7097, .T. ) ;
#333 = VECTOR ( 'NONE', #5360, 1000.000000000000000 ) ;
#334 = VECTOR ( 'NONE', #8369, 1000.000000000000000 ) ;
#335 = CARTESIAN_POINT ( 'NONE',  ( 79.50000000000000000, -5.000000000000000000, -0.3999999999999525047 ) ) ;
#336 = DIRECTION ( 'NONE',  ( 0.000000000000000000, -0.7071067811865422437, -0.7071067811865529018 ) ) ;
#337 = AXIS2_PLACEMENT_3D ( 'NONE', #3919, #8362, #7480 ) ;
#338 = VERTEX_POINT ( 'NONE', #1608 ) ;
#339 = FACE_OUTER_BOUND ( 'NONE', #4182, .T. ) ;
#340 = ORIENTED_EDGE ( 'NONE', *, *, #7455, .T. ) ;
#341 = CIRCLE ( 'NONE', #640, 3.100000000000075140 ) ;
#342 = CIRCLE ( 'NONE', #4030, 2.000000000000001776 ) ;
#343 = CIRCLE ( 'NONE', #5249, 1.599999999999997202 ) ;
#344 = ORIENTED_EDGE ( 'NONE', *, *, #3016, .T. ) ;
#345 = ORIENTED_EDGE ( 'NONE', *, *, #4627, .T. ) ;
#346 = DIRECTION ( 'NONE',  ( 4.869399230812090436E-16, 0.000000000000000000, 1.000000000000000000 ) ) ;
#347 = CYLINDRICAL_SURFACE ( 'NONE', #8702, 1.599999999999997202 ) ;
#348 = CARTESIAN_POINT ( 'NONE',  ( 5.500000000000001776, -3.499999999999945821, 17.50000000000000000 ) ) ;
#349 = DIRECTION ( 'NONE',  ( -0.000000000000000000, -1.000000000000000000, -0.000000000000000000 ) ) ;
#350 = DIRECTION ( 'NONE',  ( 8.659560562354995721E-17, -0.7071067811865422437, 0.7071067811865526798 ) ) ;
#351 = CARTESIAN_POINT ( 'NONE',  ( 24.50000000000000355, -2.500000000000064837, -32.50000000000000000 ) ) ;
#352 = AXIS2_PLACEMENT_3D ( 'NONE', #2610, #5495, #6260 ) ;
#353 = ADVANCED_FACE ( 'NONE', ( #3781 ), #8368, .T. ) ;
#354 = PRODUCT_DEFINITION_SHAPE ( 'NONE', 'NONE',  #5950 ) ;
#355 = EDGE_CURVE ( 'NONE', #6200, #4527, #6717, .T. ) ;
#356 = ORIENTED_EDGE ( 'NONE', *, *, #6679, .T. ) ;
#357 = CONICAL_SURFACE ( 'NONE', #9109, 1.599999999999997202, 0.7853981633974533860 ) ;
#358 = DIRECTION ( 'NONE',  ( -0.000000000000000000, -1.000000000000000000, -0.000000000000000000 ) ) ;
#359 = DIRECTION ( 'NONE',  ( 0.7071067811865380248, -0.000000000000000000, -0.7071067811865570096 ) ) ;
#360 = LINE ( 'NONE', #5500, #7511 ) ;
#361 = FACE_OUTER_BOUND ( 'NONE', #3104, .T. ) ;
#362 = ORIENTED_EDGE ( 'NONE', *, *, #6642, .T. ) ;
#363 = EDGE_CURVE ( 'NONE', #3129, #5286, #8823, .T. ) ;
#364 = ORIENTED_EDGE ( 'NONE', *, *, #8440, .F. ) ;
#365 = CARTESIAN_POINT ( 'NONE',  ( 62.67442126558891857, 0.000000000000000000, -13.15929021731400361 ) ) ;
#366 = VERTEX_POINT ( 'NONE', #2490 ) ;
#367 = CARTESIAN_POINT ( 'NONE',  ( 20.20000000000000639, 0.000000000000000000, 3.531095219467716095 ) ) ;
#368 = ORIENTED_EDGE ( 'NONE', *, *, #8042, .F. ) ;
#369 = LINE ( 'NONE', #6230, #637 ) ;
#370 = ORIENTED_EDGE ( 'NONE', *, *, #7399, .T. ) ;
#371 = CARTESIAN_POINT ( 'NONE',  ( -21.00000000000000355, -5.000000000000000888, -63.00000000000000000 ) ) ;
#372 = ADVANCED_FACE ( 'NONE', ( #5988 ), #3308, .F. ) ;
#373 = DIRECTION ( 'NONE',  ( -0.000000000000000000, 1.000000000000000000, -0.000000000000000000 ) ) ;
#374 = CARTESIAN_POINT ( 'NONE',  ( -21.00000000000000711, 0.000000000000000000, -63.00000000000000000 ) ) ;
#375 = EDGE_LOOP ( 'NONE', ( #3488, #1505, #4876, #6857 ) ) ;
#376 = AXIS2_PLACEMENT_3D ( 'NONE', #2373, #5300, #8200 ) ;
#377 = EDGE_LOOP ( 'NONE', ( #2895, #3122, #8234, #3673 ) ) ;
#378 = ORIENTED_EDGE ( 'NONE', *, *, #4518, .F. ) ;
#379 = ORIENTED_EDGE ( 'NONE', *, *, #5696, .F. ) ;
#380 = FACE_BOUND ( 'NONE', #6059, .T. ) ;
#381 = CARTESIAN_POINT ( 'NONE',  ( -36.00000000000000711, -3.499999999999946709, -67.60000000000000853 ) ) ;
#382 = CYLINDRICAL_SURFACE ( 'NONE', #1387, 2.500000000000002220 ) ;
#383 = ADVANCED_FACE ( 'NONE', ( #222, #1764 ), #4650, .T. ) ;
#384 = EDGE_CURVE ( 'NONE', #9360, #5598, #8676, .T. ) ;
#385 = DIRECTION ( 'NONE',  ( 0.000000000000000000, 0.000000000000000000, 1.000000000000000000 ) ) ;
#386 = DIRECTION ( 'NONE',  ( -0.000000000000000000, 1.000000000000000000, -0.000000000000000000 ) ) ;
#387 = PLANE ( 'NONE',  #6178 ) ;
#388 = VERTEX_POINT ( 'NONE', #6039 ) ;
#389 = VERTEX_POINT ( 'NONE', #897 ) ;
#390 = CIRCLE ( 'NONE', #1599, 3.000000000000002665 ) ;
#391 = ORIENTED_EDGE ( 'NONE', *, *, #6294, .T. ) ;
#392 = ORIENTED_EDGE ( 'NONE', *, *, #7816, .T. ) ;
#393 = CYLINDRICAL_SURFACE ( 'NONE', #782, 1.250000000000001110 ) ;
#394 = CARTESIAN_POINT ( 'NONE',  ( 25.89590055950304759, -3.000000000000000000, -26.05952741539715589 ) ) ;
#395 = CARTESIAN_POINT ( 'NONE',  ( -20.20000000000000639, -3.499999999999962252, 3.531095219467716095 ) ) ;
#396 = LINE ( 'NONE', #7663, #5823 ) ;
#397 = CIRCLE ( 'NONE', #7772, 85.49999999999998579 ) ;
#398 = CARTESIAN_POINT ( 'NONE',  ( 33.26989437906256342, -9.525483399593907663, -1.324434976139800213 ) ) ;
#399 = ADVANCED_FACE ( 'NONE', ( #1045 ), #8976, .F. ) ;
#400 = DIRECTION ( 'NONE',  ( 0.000000000000000000, 0.000000000000000000, -1.000000000000000000 ) ) ;
#401 = ORIENTED_EDGE ( 'NONE', *, *, #6818, .F. ) ;
#402 = CARTESIAN_POINT ( 'NONE',  ( -79.50000000000000000, 0.000000000000000000, -0.8500000000000026423 ) ) ;
#403 = ADVANCED_FACE ( 'NONE', ( #5266 ), #1301, .F. ) ;
#404 = CARTESIAN_POINT ( 'NONE',  ( -17.00000000000000000, -3.200000000000000178, 11.00000000000000178 ) ) ;
#405 = DIRECTION ( 'NONE',  ( 0.000000000000000000, 0.000000000000000000, -1.000000000000000000 ) ) ;
#406 = EDGE_LOOP ( 'NONE', ( #3647, #2237, #5489, #1228 ) ) ;
#407 = CIRCLE ( 'NONE', #7311, 4.149999999999997691 ) ;
#408 = CIRCLE ( 'NONE', #556, 88.00000000000009948 ) ;
#409 = ORIENTED_EDGE ( 'NONE', *, *, #7956, .F. ) ;
#410 = AXIS2_PLACEMENT_3D ( 'NONE', #3715, #2419, #7472 ) ;
#411 = DIRECTION ( 'NONE',  ( 0.000000000000000000, 0.000000000000000000, -1.000000000000000000 ) ) ;
#412 = ORIENTED_EDGE ( 'NONE', *, *, #8048, .T. ) ;
#413 = DIRECTION ( 'NONE',  ( -0.000000000000000000, -1.000000000000000000, -0.000000000000000000 ) ) ;
#414 = EDGE_CURVE ( 'NONE', #603, #1867, #8382, .T. ) ;
#415 = ORIENTED_EDGE ( 'NONE', *, *, #135, .T. ) ;
#416 = EDGE_CURVE ( 'NONE', #2494, #7730, #2537, .T. ) ;
#417 = ADVANCED_FACE ( 'NONE', ( #2387 ), #5314, .T. ) ;
#418 = DIRECTION ( 'NONE',  ( 0.000000000000000000, 0.000000000000000000, 1.000000000000000000 ) ) ;
#419 = ADVANCED_FACE ( 'NONE', ( #950 ), #3881, .F. ) ;
#420 = CYLINDRICAL_SURFACE ( 'NONE', #6804, 1.599999999999997202 ) ;
#421 = CARTESIAN_POINT ( 'NONE',  ( -5.499999999999998224, -5.000000000000000000, 14.39999999999995239 ) ) ;
#422 = ORIENTED_EDGE ( 'NONE', *, *, #435, .F. ) ;
#423 = ORIENTED_EDGE ( 'NONE', *, *, #2639, .F. ) ;
#424 = VECTOR ( 'NONE', #6672, 1000.000000000000000 ) ;
#425 = EDGE_CURVE ( 'NONE', #2137, #19, #4501, .T. ) ;
#426 = ORIENTED_EDGE ( 'NONE', *, *, #2385, .T. ) ;
#427 = VERTEX_POINT ( 'NONE', #3978 ) ;
#428 = CARTESIAN_POINT ( 'NONE',  ( 45.00000000000000000, -2.500000000000000000, -76.77890335241848163 ) ) ;
#429 = DIRECTION ( 'NONE',  ( -0.8571673007021155533, 0.000000000000000000, -0.5150380749100488265 ) ) ;
#430 = CARTESIAN_POINT ( 'NONE',  ( -20.20000000000000639, -3.500000000000006661, -19.50000000000000355 ) ) ;
#431 = DIRECTION ( 'NONE',  ( 0.000000000000000000, 0.000000000000000000, 1.000000000000000000 ) ) ;
#432 = DIRECTION ( 'NONE',  ( 0.000000000000000000, -1.000000000000000000, 0.000000000000000000 ) ) ;
#433 = ORIENTED_EDGE ( 'NONE', *, *, #741, .T. ) ;
#434 = ORIENTED_EDGE ( 'NONE', *, *, #9104, .F. ) ;
#435 = EDGE_CURVE ( 'NONE', #1476, #2602, #6913, .T. ) ;
#436 = EDGE_LOOP ( 'NONE', ( #8684, #5731, #1582, #3968 ) ) ;
#437 = VERTEX_POINT ( 'NONE', #2721 ) ;
#438 = DIRECTION ( 'NONE',  ( 0.000000000000000000, 0.000000000000000000, 1.000000000000000000 ) ) ;
#439 = LINE ( 'NONE', #9193, #4242 ) ;
#440 = DIRECTION ( 'NONE',  ( -0.000000000000000000, 1.000000000000000000, -0.000000000000000000 ) ) ;
#441 = DIRECTION ( 'NONE',  ( -0.000000000000000000, -1.000000000000000000, 0.000000000000000000 ) ) ;
#442 = DIRECTION ( 'NONE',  ( 0.000000000000000000, 0.000000000000000000, 1.000000000000000000 ) ) ;
#443 = CARTESIAN_POINT ( 'NONE',  ( 24.18305191657981013, 0.000000000000000000, 17.11198410471387277 ) ) ;
#444 = VERTEX_POINT ( 'NONE', #4804 ) ;
#445 = DIRECTION ( 'NONE',  ( 0.000000000000000000, 1.000000000000000000, 0.000000000000000000 ) ) ;
#446 = CIRCLE ( 'NONE', #6577, 5.000000000000000888 ) ;
#447 = DIRECTION ( 'NONE',  ( 0.000000000000000000, 0.000000000000000000, 1.000000000000000000 ) ) ;
#448 = DIRECTION ( 'NONE',  ( -0.000000000000000000, -1.000000000000000000, -0.000000000000000000 ) ) ;
#449 = ORIENTED_EDGE ( 'NONE', *, *, #1168, .F. ) ;
#450 = VECTOR ( 'NONE', #3484, 1000.000000000000000 ) ;
#451 = CIRCLE ( 'NONE', #5811, 3.000000000000002665 ) ;
#452 = AXIS2_PLACEMENT_3D ( 'NONE', #4466, #4325, #2835 ) ;
#453 = ORIENTED_EDGE ( 'NONE', *, *, #2586, .F. ) ;
#454 = FACE_OUTER_BOUND ( 'NONE', #7602, .T. ) ;
#455 = DIRECTION ( 'NONE',  ( 0.000000000000000000, 0.000000000000000000, -1.000000000000000000 ) ) ;
#456 = ORIENTED_EDGE ( 'NONE', *, *, #7113, .T. ) ;
#457 = AXIS2_PLACEMENT_3D ( 'NONE', #8204, #2378, #16 ) ;
#458 = FACE_OUTER_BOUND ( 'NONE', #8703, .T. ) ;
#459 = AXIS2_PLACEMENT_3D ( 'NONE', #2503, #5325, #8272 ) ;
#460 = EDGE_CURVE ( 'NONE', #4506, #4313, #4653, .T. ) ;
#461 = EDGE_CURVE ( 'NONE', #3058, #603, #7739, .T. ) ;
#462 = DIRECTION ( 'NONE',  ( -0.000000000000000000, -1.000000000000000000, -0.000000000000000000 ) ) ;
#463 = EDGE_CURVE ( 'NONE', #3312, #328, #4196, .T. ) ;
#464 = VECTOR ( 'NONE', #5213, 1000.000000000000000 ) ;
#465 = LINE ( 'NONE', #3401, #5699 ) ;
#466 = ORIENTED_EDGE ( 'NONE', *, *, #7275, .T. ) ;
#467 = EDGE_CURVE ( 'NONE', #5270, #7807, #4071, .T. ) ;
#468 = FACE_OUTER_BOUND ( 'NONE', #7843, .T. ) ;
#469 = ORIENTED_EDGE ( 'NONE', *, *, #762, .T. ) ;
#470 = ORIENTED_EDGE ( 'NONE', *, *, #5976, .F. ) ;
#471 = EDGE_LOOP ( 'NONE', ( #4880, #7879, #9303, #5632 ) ) ;
#472 = CARTESIAN_POINT ( 'NONE',  ( -24.25000000000000711, 0.000000000000000000, -40.75000000000000000 ) ) ;
#473 = CIRCLE ( 'NONE', #5382, 3.000000000000058176 ) ;
#474 = DIRECTION ( 'NONE',  ( 0.000000000000000000, 0.000000000000000000, -1.000000000000000000 ) ) ;
#475 = CARTESIAN_POINT ( 'NONE',  ( -45.00000000000000000, -3.500000000000000000, -72.69972489631578583 ) ) ;
#476 = CARTESIAN_POINT ( 'NONE',  ( -33.49999999999999289, -4.399713313328077469, -66.15776747110092515 ) ) ;
#477 = EDGE_CURVE ( 'NONE', #944, #4800, #8549, .T. ) ;
#478 = AXIS2_PLACEMENT_3D ( 'NONE', #1297, #1378, #8710 ) ;
#479 = DIRECTION ( 'NONE',  ( 0.000000000000000000, 0.000000000000000000, -1.000000000000000000 ) ) ;
#480 = EDGE_LOOP ( 'NONE', ( #5570, #9433, #7265, #32 ) ) ;
#481 = CIRCLE ( 'NONE', #2474, 85.49999999999998579 ) ;
#482 = VERTEX_POINT ( 'NONE', #7685 ) ;
#483 = ORIENTED_EDGE ( 'NONE', *, *, #1306, .F. ) ;
#484 = CIRCLE ( 'NONE', #5072, 1.599999999999997202 ) ;
#485 = ORIENTED_EDGE ( 'NONE', *, *, #1306, .T. ) ;
#486 = LINE ( 'NONE', #8613, #7726 ) ;
#487 = DIRECTION ( 'NONE',  ( -0.000000000000000000, -0.000000000000000000, -1.000000000000000000 ) ) ;
#488 = DIRECTION ( 'NONE',  ( 0.000000000000000000, 0.000000000000000000, 1.000000000000000000 ) ) ;
#489 = DIRECTION ( 'NONE',  ( 0.000000000000000000, 1.000000000000000000, 0.000000000000000000 ) ) ;
#490 = AXIS2_PLACEMENT_3D ( 'NONE', #2859, #6426, #7834 ) ;
#491 = DIRECTION ( 'NONE',  ( 0.000000000000000000, 1.000000000000000000, 0.000000000000000000 ) ) ;
#492 = CARTESIAN_POINT ( 'NONE',  ( -24.93692920003235258, 0.000000000000000000, -25.48331929071589386 ) ) ;
#493 = VECTOR ( 'NONE', #7921, 1000.000000000000000 ) ;
#494 = EDGE_CURVE ( 'NONE', #6148, #9108, #5578, .T. ) ;
#495 = ORIENTED_EDGE ( 'NONE', *, *, #1696, .T. ) ;
#496 = AXIS2_PLACEMENT_3D ( 'NONE', #2365, #1490, #8240 ) ;
#497 = CIRCLE ( 'NONE', #1715, 2.500000000000002220 ) ;
#498 = DIRECTION ( 'NONE',  ( -0.5150380749100555988, 0.000000000000000000, 0.8571673007021114454 ) ) ;
#499 = CARTESIAN_POINT ( 'NONE',  ( -79.50000000000000000, -1.500000000000000000, -0.8500000000000026423 ) ) ;
#500 = DIRECTION ( 'NONE',  ( -0.000000000000000000, -1.000000000000000000, -0.000000000000000000 ) ) ;
#501 = AXIS2_PLACEMENT_3D ( 'NONE', #6384, #2734, #5669 ) ;
#502 = CIRCLE ( 'NONE', #5857, 1.600000000000004086 ) ;
#503 = ADVANCED_FACE ( 'NONE', ( #4882 ), #420, .F. ) ;
#504 = VERTEX_POINT ( 'NONE', #1137 ) ;
#505 = CARTESIAN_POINT ( 'NONE',  ( -17.11198410471442699, -5.000000000000000000, 24.18305191657944064 ) ) ;
#506 = LINE ( 'NONE', #3443, #9219 ) ;
#507 = VERTEX_POINT ( 'NONE', #2585 ) ;
#508 = CIRCLE ( 'NONE', #2664, 3.100000000000047162 ) ;
#509 = CIRCLE ( 'NONE', #7138, 3.100000000000075140 ) ;
#510 = ADVANCED_FACE ( 'NONE', ( #5567 ), #324, .F. ) ;
#511 = CARTESIAN_POINT ( 'NONE',  ( -24.20000000000000284, 0.000000000000000000, -60.00000000000000000 ) ) ;
#512 = DIRECTION ( 'NONE',  ( 0.000000000000000000, -1.000000000000000000, 0.000000000000000000 ) ) ;
#513 = EDGE_LOOP ( 'NONE', ( #7442, #4769, #7329, #2146 ) ) ;
#514 = FACE_BOUND ( 'NONE', #8010, .T. ) ;
#515 = ORIENTED_EDGE ( 'NONE', *, *, #5799, .F. ) ;
#516 = ORIENTED_EDGE ( 'NONE', *, *, #3238, .T. ) ;
#517 = ORIENTED_EDGE ( 'NONE', *, *, #5184, .T. ) ;
#518 = ORIENTED_EDGE ( 'NONE', *, *, #4005, .T. ) ;
#519 = FACE_BOUND ( 'NONE', #4166, .T. ) ;
#520 = EDGE_CURVE ( 'NONE', #5476, #7560, #508, .T. ) ;
#521 = CARTESIAN_POINT ( 'NONE',  ( 0.000000000000000000, 0.000000000000000000, 0.000000000000000000 ) ) ;
#522 = DIRECTION ( 'NONE',  ( 0.000000000000000000, 0.000000000000000000, -1.000000000000000000 ) ) ;
#523 = VERTEX_POINT ( 'NONE', #8457 ) ;
#524 = VECTOR ( 'NONE', #4378, 1000.000000000000000 ) ;
#525 = DIRECTION ( 'NONE',  ( 0.000000000000000000, 0.000000000000000000, 1.000000000000000000 ) ) ;
#526 = DIRECTION ( 'NONE',  ( 0.000000000000000000, -1.000000000000000000, 0.000000000000000000 ) ) ;
#527 = ORIENTED_EDGE ( 'NONE', *, *, #5218, .F. ) ;
#528 = VERTEX_POINT ( 'NONE', #2675 ) ;
#529 = ORIENTED_EDGE ( 'NONE', *, *, #2199, .F. ) ;
#530 = VERTEX_POINT ( 'NONE', #3354 ) ;
#531 = CARTESIAN_POINT ( 'NONE',  ( -28.11951362996199677, -5.000000000000000000, -9.896107983160918664 ) ) ;
#532 = EDGE_CURVE ( 'NONE', #6882, #2347, #6327, .T. ) ;
#533 = PLANE ( 'NONE',  #8247 ) ;
#534 = LINE ( 'NONE', #7662, #1941 ) ;
#535 = EDGE_CURVE ( 'NONE', #1950, #504, #2190, .T. ) ;
#536 = DIRECTION ( 'NONE',  ( 0.000000000000000000, 0.000000000000000000, -1.000000000000000000 ) ) ;
#537 = CIRCLE ( 'NONE', #4207, 1.599999999999997202 ) ;
#538 = ADVANCED_FACE ( 'NONE', ( #1994 ), #2083, .F. ) ;
#539 = DIRECTION ( 'NONE',  ( 0.000000000000000000, 0.000000000000000000, -1.000000000000000000 ) ) ;
#540 = FACE_OUTER_BOUND ( 'NONE', #8385, .T. ) ;
#541 = EDGE_CURVE ( 'NONE', #2090, #8336, #6188, .T. ) ;
#542 = ORIENTED_EDGE ( 'NONE', *, *, #4926, .F. ) ;
#543 = AXIS2_PLACEMENT_3D ( 'NONE', #6134, #4549, #8262 ) ;
#544 = CARTESIAN_POINT ( 'NONE',  ( -53.94915334338372048, -5.000000000000000000, -69.52329719980296829 ) ) ;
#545 = CIRCLE ( 'NONE', #841, 1.500000000000001332 ) ;
#546 = CARTESIAN_POINT ( 'NONE',  ( 0.000000000000000000, 0.000000000000000000, 0.000000000000000000 ) ) ;
#547 = DIRECTION ( 'NONE',  ( 0.000000000000000000, 0.000000000000000000, 1.000000000000000000 ) ) ;
#548 = AXIS2_PLACEMENT_3D ( 'NONE', #7913, #3585, #1271 ) ;
#549 = ORIENTED_EDGE ( 'NONE', *, *, #4776, .F. ) ;
#550 = DIRECTION ( 'NONE',  ( 0.000000000000000000, 1.000000000000000000, 0.000000000000000000 ) ) ;
#551 = FACE_OUTER_BOUND ( 'NONE', #8393, .T. ) ;
#552 = EDGE_LOOP ( 'NONE', ( #6721, #7753, #7672, #5284 ) ) ;
#553 = CIRCLE ( 'NONE', #858, 5.000000000000004441 ) ;
#554 = EDGE_CURVE ( 'NONE', #6543, #3932, #6239, .T. ) ;
#555 = AXIS2_PLACEMENT_3D ( 'NONE', #7425, #114, #3050 ) ;
#556 = AXIS2_PLACEMENT_3D ( 'NONE', #8724, #2763, #3494 ) ;
#557 = CIRCLE ( 'NONE', #7163, 4.600000000000048495 ) ;
#558 = DIRECTION ( 'NONE',  ( -0.000000000000000000, -1.000000000000000000, -0.000000000000000000 ) ) ;
#559 = AXIS2_PLACEMENT_3D ( 'NONE', #881, #6022, #7420 ) ;
#560 = DIRECTION ( 'NONE',  ( -0.000000000000000000, -1.000000000000000000, -0.000000000000000000 ) ) ;
#561 = EDGE_LOOP ( 'NONE', ( #2680, #3918, #8021, #7744 ) ) ;
#562 = FACE_OUTER_BOUND ( 'NONE', #4090, .T. ) ;
#563 = ORIENTED_EDGE ( 'NONE', *, *, #8372, .F. ) ;
#564 = ORIENTED_EDGE ( 'NONE', *, *, #1012, .T. ) ;
#565 = EDGE_LOOP ( 'NONE', ( #4818, #2422, #2650, #656 ) ) ;
#566 = FACE_BOUND ( 'NONE', #6106, .T. ) ;
#567 = FACE_OUTER_BOUND ( 'NONE', #1229, .T. ) ;
#568 = DIRECTION ( 'NONE',  ( 8.659560562354998186E-17, -0.7071067811865422437, 0.7071067811865529018 ) ) ;
#569 = ORIENTED_EDGE ( 'NONE', *, *, #9338, .F. ) ;
#570 = DIRECTION ( 'NONE',  ( 0.000000000000000000, 1.000000000000000000, -0.000000000000000000 ) ) ;
#571 = EDGE_CURVE ( 'NONE', #130, #3444, #3773, .T. ) ;
#572 = CARTESIAN_POINT ( 'NONE',  ( 24.25000000000000711, -5.000000000000000000, -40.75000000000000000 ) ) ;
#573 = ORIENTED_EDGE ( 'NONE', *, *, #3535, .T. ) ;
#574 = CIRCLE ( 'NONE', #7484, 1.600000000000004086 ) ;
#575 = ORIENTED_EDGE ( 'NONE', *, *, #7111, .T. ) ;
#576 = VERTEX_POINT ( 'NONE', #8510 ) ;
#577 = ORIENTED_EDGE ( 'NONE', *, *, #4061, .F. ) ;
#578 = CARTESIAN_POINT ( 'NONE',  ( 38.49196988955184651, -1.750000000000000000, 76.34538790275306042 ) ) ;
#579 = CARTESIAN_POINT ( 'NONE',  ( 25.11316633020091160, -9.242640687119289211, -25.19001145094802396 ) ) ;
#580 = CARTESIAN_POINT ( 'NONE',  ( -24.25000000000000711, -5.000000000000000000, -53.75000000000000000 ) ) ;
#581 = DIRECTION ( 'NONE',  ( -0.000000000000000000, -1.000000000000000000, -0.000000000000000000 ) ) ;
#582 = VECTOR ( 'NONE', #7219, 1000.000000000000000 ) ;
#583 = DIRECTION ( 'NONE',  ( 2.238352872228084035E-15, 0.000000000000000000, -1.000000000000000000 ) ) ;
#584 = ORIENTED_EDGE ( 'NONE', *, *, #1710, .T. ) ;
#585 = EDGE_CURVE ( 'NONE', #7812, #5015, #9160, .T. ) ;
#586 = EDGE_CURVE ( 'NONE', #8647, #1476, #7468, .T. ) ;
#587 = EDGE_CURVE ( 'NONE', #3359, #7840, #7160, .T. ) ;
#588 = CARTESIAN_POINT ( 'NONE',  ( -33.58757210636075285, -3.499999999999972911, 51.97234841721098775 ) ) ;
#589 = EDGE_CURVE ( 'NONE', #242, #2525, #4542, .T. ) ;
#590 = CARTESIAN_POINT ( 'NONE',  ( 1.000000000000003997, -3.200000000000000178, 50.11904464837144246 ) ) ;
#591 = LINE ( 'NONE', #1305, #6098 ) ;
#592 = VERTEX_POINT ( 'NONE', #597 ) ;
#593 = EDGE_CURVE ( 'NONE', #2737, #4505, #408, .T. ) ;
#594 = LINE ( 'NONE', #1215, #4998 ) ;
#595 = VECTOR ( 'NONE', #5643, 1000.000000000000000 ) ;
#596 = DIRECTION ( 'NONE',  ( 0.000000000000000000, -0.7071067811865453523, -0.7071067811865497932 ) ) ;
#597 = CARTESIAN_POINT ( 'NONE',  ( 35.52742507837845665, -3.500000000000000000, 80.50963959241281032 ) ) ;
#598 = CARTESIAN_POINT ( 'NONE',  ( 33.26989437906256342, -5.000000000000000000, 1.775565023860191438 ) ) ;
#599 = VERTEX_POINT ( 'NONE', #2849 ) ;
#600 = CIRCLE ( 'NONE', #5197, 3.000000000000002665 ) ;
#601 = DIRECTION ( 'NONE',  ( 0.000000000000000000, 0.000000000000000000, -1.000000000000000000 ) ) ;
#602 = ORIENTED_EDGE ( 'NONE', *, *, #8868, .T. ) ;
#603 = VERTEX_POINT ( 'NONE', #8773 ) ;
#604 = EDGE_LOOP ( 'NONE', ( #2433, #5818, #1027, #8612 ) ) ;
#605 = ORIENTED_EDGE ( 'NONE', *, *, #4656, .F. ) ;
#606 = CARTESIAN_POINT ( 'NONE',  ( -51.97234841721098775, -3.499999999999972911, 35.18757210636076138 ) ) ;
#607 = DIRECTION ( 'NONE',  ( -0.000000000000000000, 1.000000000000000000, -0.000000000000000000 ) ) ;
#608 = AXIS2_PLACEMENT_3D ( 'NONE', #1600, #6654, #2279 ) ;
#609 = FACE_OUTER_BOUND ( 'NONE', #3921, .T. ) ;
#610 = AXIS2_PLACEMENT_3D ( 'NONE', #1963, #4893, #1237 ) ;
#611 = ORIENTED_EDGE ( 'NONE', *, *, #4022, .F. ) ;
#612 = CARTESIAN_POINT ( 'NONE',  ( 3.000000000000003997, -3.200000000000000178, 52.11904464837144246 ) ) ;
#613 = LINE ( 'NONE', #3509, #8480 ) ;
#614 = VERTEX_POINT ( 'NONE', #9401 ) ;
#615 = EDGE_LOOP ( 'NONE', ( #3470, #312 ) ) ;
#616 = EDGE_LOOP ( 'NONE', ( #3675, #6167, #8522, #4250 ) ) ;
#617 = EDGE_LOOP ( 'NONE', ( #8949, #1571 ) ) ;
#618 = DIRECTION ( 'NONE',  ( 0.000000000000000000, 1.000000000000000000, 0.000000000000000000 ) ) ;
#619 = AXIS2_PLACEMENT_3D ( 'NONE', #5838, #6613, #7335 ) ;
#620 = FACE_OUTER_BOUND ( 'NONE', #436, .T. ) ;
#621 = CARTESIAN_POINT ( 'NONE',  ( 20.20000000000000284, 0.000000000000000000, -18.00000000000000355 ) ) ;
#622 = CARTESIAN_POINT ( 'NONE',  ( 45.16312671864703532, -3.500000000000015099, -42.30297844118579320 ) ) ;
#623 = CARTESIAN_POINT ( 'NONE',  ( 38.49196988955198151, 0.000000000000000000, 76.34538790275297515 ) ) ;
#624 = DIRECTION ( 'NONE',  ( 8.659560562354996953E-17, -0.7071067811865422437, 0.7071067811865526798 ) ) ;
#625 = AXIS2_PLACEMENT_3D ( 'NONE', #8697, #2099, #3732 ) ;
#626 = ORIENTED_EDGE ( 'NONE', *, *, #2993, .F. ) ;
#627 = AXIS2_PLACEMENT_3D ( 'NONE', #1817, #962, #3273 ) ;
#628 = CARTESIAN_POINT ( 'NONE',  ( 36.00000000000000711, 0.000000000000000000, -66.00000000000000000 ) ) ;
#629 = AXIS2_PLACEMENT_3D ( 'NONE', #895, #4402, #7435 ) ;
#630 = DIRECTION ( 'NONE',  ( 0.000000000000000000, 1.000000000000000000, 0.000000000000000000 ) ) ;
#631 = FACE_OUTER_BOUND ( 'NONE', #3005, .T. ) ;
#632 = CARTESIAN_POINT ( 'NONE',  ( -64.86043691757630825, -5.000000000000000000, -15.35732014642475107 ) ) ;
#633 = EDGE_CURVE ( 'NONE', #5673, #3441, #7912, .T. ) ;
#634 = AXIS2_PLACEMENT_3D ( 'NONE', #4351, #4442, #7194 ) ;
#635 = EDGE_CURVE ( 'NONE', #5743, #1756, #8679, .T. ) ;
#636 = VECTOR ( 'NONE', #5164, 1000.000000000000000 ) ;
#637 = VECTOR ( 'NONE', #318, 1000.000000000000000 ) ;
#638 = VERTEX_POINT ( 'NONE', #6504 ) ;
#639 = CARTESIAN_POINT ( 'NONE',  ( 51.97234841721098775, -5.000000000000000000, 30.48757210636077275 ) ) ;
#640 = AXIS2_PLACEMENT_3D ( 'NONE', #531, #1155, #6300 ) ;
#641 = CIRCLE ( 'NONE', #5564, 1.599999999999997202 ) ;
#642 = DIRECTION ( 'NONE',  ( -0.000000000000000000, 1.000000000000000000, -0.000000000000000000 ) ) ;
#643 = CIRCLE ( 'NONE', #1393, 3.099999999999936140 ) ;
#644 = CIRCLE ( 'NONE', #3263, 4.600000000000047606 ) ;
#645 = EDGE_CURVE ( 'NONE', #4980, #4209, #3008, .T. ) ;
#646 = EDGE_CURVE ( 'NONE', #9296, #3780, #1312, .T. ) ;
#647 = EDGE_CURVE ( 'NONE', #2000, #6523, #2563, .T. ) ;
#648 = CONICAL_SURFACE ( 'NONE', #6634, 1.599999999999997202, 0.7853981633974533860 ) ;
#649 = LINE ( 'NONE', #3584, #2442 ) ;
#650 = DIRECTION ( 'NONE',  ( 0.000000000000000000, 0.000000000000000000, -1.000000000000000000 ) ) ;
#651 = VERTEX_POINT ( 'NONE', #731 ) ;
#652 = CARTESIAN_POINT ( 'NONE',  ( 28.11951362996199677, -3.499999999999959588, -9.896107983160918664 ) ) ;
#653 = ORIENTED_EDGE ( 'NONE', *, *, #7899, .T. ) ;
#654 = ORIENTED_EDGE ( 'NONE', *, *, #3358, .F. ) ;
#655 = ORIENTED_EDGE ( 'NONE', *, *, #7956, .T. ) ;
#656 = ORIENTED_EDGE ( 'NONE', *, *, #6578, .F. ) ;
#657 = ADVANCED_FACE ( 'NONE', ( #2893 ), #9481, .F. ) ;
#658 = CARTESIAN_POINT ( 'NONE',  ( 17.11198410471442699, -9.525483399593907663, 24.18305191657944064 ) ) ;
#659 = LINE ( 'NONE', #8790, #8913 ) ;
#660 = ORIENTED_EDGE ( 'NONE', *, *, #9455, .T. ) ;
#661 = CARTESIAN_POINT ( 'NONE',  ( 45.16312671864703532, -3.500000000000015099, -43.90297844118579462 ) ) ;
#662 = CARTESIAN_POINT ( 'NONE',  ( -36.00000000000000711, -3.499999999999972911, -53.59999999999999432 ) ) ;
#663 = EDGE_LOOP ( 'NONE', ( #1558, #8961, #3842, #577, #1509, #8994 ) ) ;
#664 = ORIENTED_EDGE ( 'NONE', *, *, #299, .F. ) ;
#665 = VERTEX_POINT ( 'NONE', #6415 ) ;
#666 = ORIENTED_EDGE ( 'NONE', *, *, #7340, .T. ) ;
#667 = DIRECTION ( 'NONE',  ( -0.000000000000000000, -1.000000000000000000, 0.000000000000000000 ) ) ;
#668 = DIRECTION ( 'NONE',  ( -4.163336342344333082E-15, 0.000000000000000000, -1.000000000000000000 ) ) ;
#669 = CARTESIAN_POINT ( 'NONE',  ( -20.20000000000000639, -9.330591249311714463, 0.4689047805322805185 ) ) ;
#670 = DIRECTION ( 'NONE',  ( -0.000000000000000000, 1.000000000000000000, -0.000000000000000000 ) ) ;
#671 = DIRECTION ( 'NONE',  ( 0.000000000000000000, 1.000000000000000000, -0.000000000000000000 ) ) ;
#672 = CARTESIAN_POINT ( 'NONE',  ( 36.00000000000000711, 0.000000000000000000, -67.60000000000000853 ) ) ;
#673 = EDGE_LOOP ( 'NONE', ( #3720, #5774, #7297, #3649, #6581, #8172, #4119, #2783 ) ) ;
#674 = DIRECTION ( 'NONE',  ( 0.000000000000000000, 0.000000000000000000, -1.000000000000000000 ) ) ;
#675 = CIRCLE ( 'NONE', #2960, 2.000000000000001776 ) ;
#676 = DIRECTION ( 'NONE',  ( 0.000000000000000000, 0.000000000000000000, 1.000000000000000000 ) ) ;
#677 = CARTESIAN_POINT ( 'NONE',  ( -27.22361107568131189, -5.000000000000000000, 62.57895013500979076 ) ) ;
#678 = CARTESIAN_POINT ( 'NONE',  ( 24.25000000000000711, -10.00000000000000000, -39.15000000000000568 ) ) ;
#679 = ADVANCED_FACE ( 'NONE', ( #5107 ), #3821, .F. ) ;
#680 = CARTESIAN_POINT ( 'NONE',  ( -42.00000000000000000, 0.000000000000000000, -48.27890335241848163 ) ) ;
#681 = ORIENTED_EDGE ( 'NONE', *, *, #1890, .T. ) ;
#682 = EDGE_CURVE ( 'NONE', #2546, #5533, #5010, .T. ) ;
#683 = DIRECTION ( 'NONE',  ( -0.000000000000000000, -1.000000000000000000, -0.000000000000000000 ) ) ;
#684 = CARTESIAN_POINT ( 'NONE',  ( -24.50000000000000355, -5.000000000000000000, -27.90000000000009450 ) ) ;
#685 = CIRCLE ( 'NONE', #7291, 1.599999999999997202 ) ;
#686 = AXIS2_PLACEMENT_3D ( 'NONE', #628, #4099, #3522 ) ;
#687 = DIRECTION ( 'NONE',  ( 0.000000000000000000, 0.000000000000000000, -1.000000000000000000 ) ) ;
#688 = EDGE_CURVE ( 'NONE', #9272, #4610, #4387, .T. ) ;
#689 = DIRECTION ( 'NONE',  ( -0.000000000000000000, -1.000000000000000000, -0.000000000000000000 ) ) ;
#690 = EDGE_CURVE ( 'NONE', #2435, #9093, #3666, .T. ) ;
#691 = ORIENTED_EDGE ( 'NONE', *, *, #3467, .T. ) ;
#692 = EDGE_CURVE ( 'NONE', #8685, #1911, #1212, .T. ) ;
#693 = CIRCLE ( 'NONE', #1935, 5.000000000000000888 ) ;
#694 = CARTESIAN_POINT ( 'NONE',  ( 33.26989437906256342, 0.000000000000000000, -2.924434976139798525 ) ) ;
#695 = ORIENTED_EDGE ( 'NONE', *, *, #7999, .T. ) ;
#696 = ORIENTED_EDGE ( 'NONE', *, *, #3583, .F. ) ;
#697 = VERTEX_POINT ( 'NONE', #7185 ) ;
#698 = ORIENTED_EDGE ( 'NONE', *, *, #6505, .T. ) ;
#699 = EDGE_CURVE ( 'NONE', #8841, #4554, #6461, .T. ) ;
#700 = CARTESIAN_POINT ( 'NONE',  ( -36.00000000000000711, -3.499999999999946709, -67.60000000000000853 ) ) ;
#701 = DIRECTION ( 'NONE',  ( 0.000000000000000000, 1.000000000000000000, 0.000000000000000000 ) ) ;
#702 = DIRECTION ( 'NONE',  ( 0.000000000000000000, 0.000000000000000000, 1.000000000000000000 ) ) ;
#703 = AXIS2_PLACEMENT_3D ( 'NONE', #4094, #5635, #3375 ) ;
#704 = CARTESIAN_POINT ( 'NONE',  ( -5.499999999999998224, -3.499999999999946709, 19.10000000000000142 ) ) ;
#705 = CIRCLE ( 'NONE', #3003, 1.599999999999997202 ) ;
#706 = ORIENTED_EDGE ( 'NONE', *, *, #315, .F. ) ;
#707 = CARTESIAN_POINT ( 'NONE',  ( 75.93522825193564074, 0.000000000000000000, 38.50882138074144478 ) ) ;
#708 = CARTESIAN_POINT ( 'NONE',  ( 36.00000000000000711, -5.000000000000000000, -62.90000000000001279 ) ) ;
#709 = ORIENTED_EDGE ( 'NONE', *, *, #6996, .T. ) ;
#710 = EDGE_CURVE ( 'NONE', #2160, #3293, #649, .T. ) ;
#711 = ORIENTED_EDGE ( 'NONE', *, *, #4398, .F. ) ;
#712 = VERTEX_POINT ( 'NONE', #781 ) ;
#713 = ORIENTED_EDGE ( 'NONE', *, *, #9117, .T. ) ;
#714 = FACE_OUTER_BOUND ( 'NONE', #6969, .T. ) ;
#715 = LINE ( 'NONE', #3606, #3002 ) ;
#716 = FACE_OUTER_BOUND ( 'NONE', #8381, .T. ) ;
#717 = DIRECTION ( 'NONE',  ( 0.000000000000000000, 0.000000000000000000, -1.000000000000000000 ) ) ;
#718 = DIRECTION ( 'NONE',  ( 0.000000000000000000, 0.000000000000000000, 1.000000000000000000 ) ) ;
#720 = DIRECTION ( 'NONE',  ( 0.000000000000000000, -1.000000000000000000, 0.000000000000000000 ) ) ;
#719 = CIRCLE ( 'NONE', #105, 3.100000000000075140 ) ;
#721 = ORIENTED_EDGE ( 'NONE', *, *, #2405, .F. ) ;
#722 = DIRECTION ( 'NONE',  ( 0.8571673007021113344, 0.000000000000000000, 0.5150380749100557098 ) ) ;
#723 = DIRECTION ( 'NONE',  ( -0.000000000000000000, 1.000000000000000000, -0.000000000000000000 ) ) ;
#724 = LINE ( 'NONE', #6540, #3958 ) ;
#725 = DIRECTION ( 'NONE',  ( 0.000000000000000000, 0.000000000000000000, -1.000000000000000000 ) ) ;
#726 = VECTOR ( 'NONE', #2883, 1000.000000000000000 ) ;
#727 = CARTESIAN_POINT ( 'NONE',  ( 75.93522825193564074, -5.000000000000000000, 38.50882138074144478 ) ) ;
#728 = EDGE_LOOP ( 'NONE', ( #9483, #4302, #2449, #9316 ) ) ;
#729 = CARTESIAN_POINT ( 'NONE',  ( 24.18305191657981013, -9.525483399593907663, 18.71198410471387419 ) ) ;
#730 = LINE ( 'NONE', #6594, #1503 ) ;
#731 = CARTESIAN_POINT ( 'NONE',  ( -44.99999999999998579, 0.000000000000000000, -56.07536029467892291 ) ) ;
#732 = DIRECTION ( 'NONE',  ( 0.000000000000000000, 0.000000000000000000, 1.000000000000000000 ) ) ;
#733 = VERTEX_POINT ( 'NONE', #8099 ) ;
#734 = CARTESIAN_POINT ( 'NONE',  ( 20.20000000000000639, -9.330591249311714463, 1.999999999999998224 ) ) ;
#735 = ORIENTED_EDGE ( 'NONE', *, *, #5976, .T. ) ;
#736 = ORIENTED_EDGE ( 'NONE', *, *, #1980, .F. ) ;
#737 = CIRCLE ( 'NONE', #5959, 1.599999999999997202 ) ;
#738 = ORIENTED_EDGE ( 'NONE', *, *, #7324, .F. ) ;
#739 = VERTEX_POINT ( 'NONE', #113 ) ;
#740 = CARTESIAN_POINT ( 'NONE',  ( -79.50000000000000000, -5.000000000000000000, -5.000000000000000000 ) ) ;
#741 = EDGE_CURVE ( 'NONE', #6722, #8941, #2130, .T. ) ;
#742 = DIRECTION ( 'NONE',  ( 0.000000000000000000, -1.000000000000000000, 0.000000000000000000 ) ) ;
#743 = EDGE_CURVE ( 'NONE', #4800, #192, #7369, .T. ) ;
#744 = EDGE_CURVE ( 'NONE', #7892, #8512, #7515, .T. ) ;
#745 = CARTESIAN_POINT ( 'NONE',  ( 3.000000000000003997, -3.200000000000000178, 13.00000000000000000 ) ) ;
#746 = VERTEX_POINT ( 'NONE', #5926 ) ;
#747 = CARTESIAN_POINT ( 'NONE',  ( 36.00000000000000711, -9.525483399593907663, -52.00000000000000000 ) ) ;
#748 = AXIS2_PLACEMENT_3D ( 'NONE', #5782, #5110, #4968 ) ;
#749 = EDGE_CURVE ( 'NONE', #3819, #5713, #8871, .T. ) ;
#750 = DIRECTION ( 'NONE',  ( 0.000000000000000000, 1.000000000000000000, 0.000000000000000000 ) ) ;
#751 = ORIENTED_EDGE ( 'NONE', *, *, #3803, .F. ) ;
#752 = EDGE_LOOP ( 'NONE', ( #910, #3961 ) ) ;
#753 = ORIENTED_EDGE ( 'NONE', *, *, #877, .F. ) ;
#754 = ORIENTED_EDGE ( 'NONE', *, *, #1517, .T. ) ;
#755 = CARTESIAN_POINT ( 'NONE',  ( 26.92597670932315879, -3.000000000000000000, -24.34519281399293433 ) ) ;
#756 = CYLINDRICAL_SURFACE ( 'NONE', #2705, 5.000000000000000888 ) ;
#757 = DIRECTION ( 'NONE',  ( 0.000000000000000000, 0.000000000000000000, -1.000000000000000000 ) ) ;
#758 = CIRCLE ( 'NONE', #7981, 1.599999999999997202 ) ;
#759 = CIRCLE ( 'NONE', #6136, 1.599999999999998090 ) ;
#760 = DIRECTION ( 'NONE',  ( -0.000000000000000000, -1.000000000000000000, -0.000000000000000000 ) ) ;
#761 = EDGE_CURVE ( 'NONE', #1072, #9270, #2892, .T. ) ;
#762 = EDGE_CURVE ( 'NONE', #9128, #4861, #908, .T. ) ;
#763 = CARTESIAN_POINT ( 'NONE',  ( 24.18305191657981013, -5.000000000000000000, 14.01198410471388200 ) ) ;
#764 = DIRECTION ( 'NONE',  ( 0.000000000000000000, 0.000000000000000000, -1.000000000000000000 ) ) ;
#765 = VERTEX_POINT ( 'NONE', #672 ) ;
#766 = AXIS2_PLACEMENT_3D ( 'NONE', #797, #9412, #8066 ) ;
#767 = DIRECTION ( 'NONE',  ( 0.000000000000000000, 0.000000000000000000, -1.000000000000000000 ) ) ;
#768 = CARTESIAN_POINT ( 'NONE',  ( 36.00000000000000711, -5.000000000000000000, -48.90000000000006253 ) ) ;
#769 = CARTESIAN_POINT ( 'NONE',  ( 33.58757210636075285, -5.000000000000000000, 51.97234841721098775 ) ) ;
#770 = CARTESIAN_POINT ( 'NONE',  ( 33.50000000000000000, -4.686711185517912881, -67.26374798391074705 ) ) ;
#771 = DIRECTION ( 'NONE',  ( -0.000000000000000000, -1.000000000000000000, -0.000000000000000000 ) ) ;
#772 = EDGE_CURVE ( 'NONE', #8843, #8825, #4589, .T. ) ;
#773 = CARTESIAN_POINT ( 'NONE',  ( -5.499999999999998224, -3.499999999999946709, 17.50000000000000000 ) ) ;
#774 = CIRCLE ( 'NONE', #2006, 1.500000000000001332 ) ;
#775 = ORIENTED_EDGE ( 'NONE', *, *, #8486, .F. ) ;
#776 = AXIS2_PLACEMENT_3D ( 'NONE', #6925, #3274, #1146 ) ;
#777 = FACE_OUTER_BOUND ( 'NONE', #6345, .T. ) ;
#778 = CARTESIAN_POINT ( 'NONE',  ( 20.20000000000000284, -5.000000000000000000, -21.00000000000000000 ) ) ;
#779 = CARTESIAN_POINT ( 'NONE',  ( -24.18305191657981013, -3.499999999999976907, 15.51198410471387135 ) ) ;
#780 = AXIS2_PLACEMENT_3D ( 'NONE', #2248, #7389, #5168 ) ;
#781 = CARTESIAN_POINT ( 'NONE',  ( -83.38965392397047083, 0.000000000000000000, -18.87897291804910438 ) ) ;
#782 = AXIS2_PLACEMENT_3D ( 'NONE', #8661, #8569, #3331 ) ;
#783 = AXIS2_PLACEMENT_3D ( 'NONE', #7587, #993, #3925 ) ;
#784 = CARTESIAN_POINT ( 'NONE',  ( 48.41519859989359986, -5.000000000000000000, -52.42345414538088022 ) ) ;
#785 = ORIENTED_EDGE ( 'NONE', *, *, #8310, .T. ) ;
#786 = CIRCLE ( 'NONE', #7403, 2.000000000000000000 ) ;
#787 = DIRECTION ( 'NONE',  ( 0.000000000000000000, 0.000000000000000000, -1.000000000000000000 ) ) ;
#788 = ORIENTED_EDGE ( 'NONE', *, *, #2286, .T. ) ;
#789 = ORIENTED_EDGE ( 'NONE', *, *, #5150, .F. ) ;
#790 = DIRECTION ( 'NONE',  ( 0.000000000000000000, 0.000000000000000000, 1.000000000000000000 ) ) ;
#791 = ORIENTED_EDGE ( 'NONE', *, *, #7509, .F. ) ;
#792 = VERTEX_POINT ( 'NONE', #7213 ) ;
#793 = CARTESIAN_POINT ( 'NONE',  ( 5.000000000000004441, -3.200000000000000178, 15.00000000000000000 ) ) ;
#794 = LINE ( 'NONE', #8112, #2085 ) ;
#795 = AXIS2_PLACEMENT_3D ( 'NONE', #3419, #3463, #4128 ) ;
#796 = DIRECTION ( 'NONE',  ( 8.659560562354959975E-17, -0.7071067811865453523, 0.7071067811865497932 ) ) ;
#797 = CARTESIAN_POINT ( 'NONE',  ( 51.97234841721098775, 0.000000000000000000, 33.58757210636076707 ) ) ;
#798 = ORIENTED_EDGE ( 'NONE', *, *, #7944, .T. ) ;
#799 = DIRECTION ( 'NONE',  ( -0.000000000000000000, 1.000000000000000000, -0.000000000000000000 ) ) ;
#800 = DIRECTION ( 'NONE',  ( -0.000000000000000000, -1.000000000000000000, 0.000000000000000000 ) ) ;
#801 = EDGE_LOOP ( 'NONE', ( #7786, #1552, #5940, #6981 ) ) ;
#802 = ADVANCED_FACE ( 'NONE', ( #5764 ), #5855, .F. ) ;
#803 = ORIENTED_EDGE ( 'NONE', *, *, #8231, .F. ) ;
#804 = VERTEX_POINT ( 'NONE', #5180 ) ;
#805 = ORIENTED_EDGE ( 'NONE', *, *, #5685, .F. ) ;
#806 = CARTESIAN_POINT ( 'NONE',  ( -5.000000000000000000, -3.200000000000000178, 15.00000000000000000 ) ) ;
#807 = DIRECTION ( 'NONE',  ( 0.5150380749100563760, 0.000000000000000000, -0.8571673007021110013 ) ) ;
#808 = DIRECTION ( 'NONE',  ( 0.7071067811865563435, -0.000000000000000000, 0.7071067811865388020 ) ) ;
#809 = CARTESIAN_POINT ( 'NONE',  ( -20.20000000000000639, -3.500000000000006661, -18.00000000000000355 ) ) ;
#810 = FACE_OUTER_BOUND ( 'NONE', #6099, .T. ) ;
#811 = DIRECTION ( 'NONE',  ( -0.000000000000000000, 1.000000000000000000, -0.000000000000000000 ) ) ;
#812 = ORIENTED_EDGE ( 'NONE', *, *, #3347, .T. ) ;
#813 = DIRECTION ( 'NONE',  ( -0.5150380749100488265, -0.000000000000000000, 0.8571673007021156643 ) ) ;
#814 = DIRECTION ( 'NONE',  ( -0.000000000000000000, -1.000000000000000000, -0.000000000000000000 ) ) ;
#815 = EDGE_CURVE ( 'NONE', #6317, #6087, #4273, .T. ) ;
#816 = EDGE_CURVE ( 'NONE', #8609, #3998, #6962, .T. ) ;
#817 = EDGE_CURVE ( 'NONE', #9272, #9454, #5417, .T. ) ;
#818 = FACE_OUTER_BOUND ( 'NONE', #8423, .T. ) ;
#819 = CARTESIAN_POINT ( 'NONE',  ( 45.16312671864703532, -3.500000000000015099, -40.70297844118579889 ) ) ;
#820 = DIRECTION ( 'NONE',  ( -0.000000000000000000, 1.000000000000000000, -0.000000000000000000 ) ) ;
#821 = EDGE_CURVE ( 'NONE', #6508, #1425, #8899, .T. ) ;
#822 = CARTESIAN_POINT ( 'NONE',  ( 17.11198410471442699, -5.000000000000000000, 24.18305191657944064 ) ) ;
#823 = CARTESIAN_POINT ( 'NONE',  ( -20.20000000000000639, -9.330591249311714463, 1.999999999999998224 ) ) ;
#824 = ORIENTED_EDGE ( 'NONE', *, *, #9217, .F. ) ;
#825 = CIRCLE ( 'NONE', #8530, 3.100000000000048939 ) ;
#826 = FACE_OUTER_BOUND ( 'NONE', #6321, .T. ) ;
#827 = ADVANCED_FACE ( 'NONE', ( #2258 ), #6680, .T. ) ;
#828 = CARTESIAN_POINT ( 'NONE',  ( 33.58757210636075285, 0.000000000000000000, 51.97234841721098775 ) ) ;
#829 = DIRECTION ( 'NONE',  ( 0.000000000000000000, -1.000000000000000000, 0.000000000000000000 ) ) ;
#830 = AXIS2_PLACEMENT_3D ( 'NONE', #8619, #2923, #8129 ) ;
#831 = CARTESIAN_POINT ( 'NONE',  ( 24.20000000000000284, 0.000000000000000000, -60.00000000000000000 ) ) ;
#832 = AXIS2_PLACEMENT_3D ( 'NONE', #8933, #4702, #2343 ) ;
#833 = CYLINDRICAL_SURFACE ( 'NONE', #5761, 1.599999999999997202 ) ;
#834 = ORIENTED_EDGE ( 'NONE', *, *, #8535, .F. ) ;
#835 = CIRCLE ( 'NONE', #6220, 2.000000000000001776 ) ;
#836 = EDGE_CURVE ( 'NONE', #1384, #892, #8189, .T. ) ;
#837 = CARTESIAN_POINT ( 'NONE',  ( -45.16312671864703532, -3.499999999999944933, -42.30297844118579320 ) ) ;
#838 = EDGE_LOOP ( 'NONE', ( #4733, #4723 ) ) ;
#839 = CARTESIAN_POINT ( 'NONE',  ( 36.00000000000000711, -5.000000000000000000, -69.09999999999999432 ) ) ;
#840 = ORIENTED_EDGE ( 'NONE', *, *, #9282, .F. ) ;
#841 = AXIS2_PLACEMENT_3D ( 'NONE', #5684, #7217, #1258 ) ;
#842 = ORIENTED_EDGE ( 'NONE', *, *, #6756, .F. ) ;
#843 = DIRECTION ( 'NONE',  ( 0.000000000000000000, -1.000000000000000000, 0.000000000000000000 ) ) ;
#844 = DIRECTION ( 'NONE',  ( 8.673617379884036705E-17, 0.000000000000000000, 1.000000000000000000 ) ) ;
#845 = CARTESIAN_POINT ( 'NONE',  ( -21.00000000000000711, -3.900428716802589069, -32.22461342963826780 ) ) ;
#846 = DIRECTION ( 'NONE',  ( 0.000000000000000000, 1.000000000000000000, -0.000000000000000000 ) ) ;
#847 = ORIENTED_EDGE ( 'NONE', *, *, #9210, .T. ) ;
#848 = LINE ( 'NONE', #9024, #7445 ) ;
#849 = AXIS2_PLACEMENT_3D ( 'NONE', #9078, #7639, #6280 ) ;
#850 = LINE ( 'NONE', #6618, #4788 ) ;
#851 = ORIENTED_EDGE ( 'NONE', *, *, #5983, .T. ) ;
#852 = ORIENTED_EDGE ( 'NONE', *, *, #4110, .T. ) ;
#853 = ORIENTED_EDGE ( 'NONE', *, *, #4281, .F. ) ;
#854 = ORIENTED_EDGE ( 'NONE', *, *, #6112, .T. ) ;
#855 = CARTESIAN_POINT ( 'NONE',  ( -62.57895013500902337, 0.000000000000000000, 29.29467888754832927 ) ) ;
#856 = CARTESIAN_POINT ( 'NONE',  ( 24.25000000000000711, -10.00000000000000000, -53.75000000000000000 ) ) ;
#857 = DIRECTION ( 'NONE',  ( 0.000000000000000000, 0.000000000000000000, -1.000000000000000000 ) ) ;
#858 = AXIS2_PLACEMENT_3D ( 'NONE', #1376, #7260, #668 ) ;
#859 = AXIS2_PLACEMENT_3D ( 'NONE', #3969, #4689, #7626 ) ;
#860 = LINE ( 'NONE', #4416, #2912 ) ;
#861 = AXIS2_PLACEMENT_3D ( 'NONE', #1407, #7278, #4964 ) ;
#862 = DIRECTION ( 'NONE',  ( 0.000000000000000000, -1.000000000000000000, 0.000000000000000000 ) ) ;
#863 = EDGE_CURVE ( 'NONE', #739, #8067, #1432, .T. ) ;
#864 = ORIENTED_EDGE ( 'NONE', *, *, #2354, .F. ) ;
#865 = AXIS2_PLACEMENT_3D ( 'NONE', #3751, #4520, #8236 ) ;
#866 = DIRECTION ( 'NONE',  ( -0.000000000000000000, 1.000000000000000000, -0.000000000000000000 ) ) ;
#867 = ORIENTED_EDGE ( 'NONE', *, *, #240, .F. ) ;
#868 = AXIS2_PLACEMENT_3D ( 'NONE', #7671, #929, #6171 ) ;
#869 = CARTESIAN_POINT ( 'NONE',  ( 5.500000000000001776, -5.000000000000000000, 17.50000000000000000 ) ) ;
#870 = DIRECTION ( 'NONE',  ( 0.000000000000000000, -0.7071067811865422437, -0.7071067811865526798 ) ) ;
#871 = DIRECTION ( 'NONE',  ( 0.000000000000000000, 1.000000000000000000, 0.000000000000000000 ) ) ;
#872 = CARTESIAN_POINT ( 'NONE',  ( -20.20000000000000639, -9.330591249311714463, -18.00000000000000355 ) ) ;
#873 = DIRECTION ( 'NONE',  ( 0.000000000000000000, 0.000000000000000000, -1.000000000000000000 ) ) ;
#874 = LINE ( 'NONE', #3906, #5083 ) ;
#875 = DIRECTION ( 'NONE',  ( 0.000000000000000000, 0.000000000000000000, -1.000000000000000000 ) ) ;
#876 = EDGE_CURVE ( 'NONE', #3797, #6571, #2115, .T. ) ;
#877 = EDGE_CURVE ( 'NONE', #4657, #5476, #5953, .T. ) ;
#878 = EDGE_CURVE ( 'NONE', #8653, #1247, #8346, .T. ) ;
#879 = ORIENTED_EDGE ( 'NONE', *, *, #5525, .F. ) ;
#880 = ADVANCED_FACE ( 'NONE', ( #1382 ), #2307, .F. ) ;
#881 = CARTESIAN_POINT ( 'NONE',  ( 24.20000000000000639, -5.000000000000000000, -24.00000000000000355 ) ) ;
#882 = VECTOR ( 'NONE', #84, 1000.000000000000000 ) ;
#883 = CARTESIAN_POINT ( 'NONE',  ( 24.20000000000000639, -9.242640687119289211, -22.50000000000000355 ) ) ;
#884 = CARTESIAN_POINT ( 'NONE',  ( -80.50963959241281032, -3.500000000000000000, 35.52742507837844954 ) ) ;
#885 = CARTESIAN_POINT ( 'NONE',  ( 5.500000000000001776, -3.499999999999945821, 15.90000000000000391 ) ) ;
#886 = EDGE_CURVE ( 'NONE', #2435, #2766, #9470, .T. ) ;
#887 = CYLINDRICAL_SURFACE ( 'NONE', #4992, 2.100000000000000977 ) ;
#888 = ORIENTED_EDGE ( 'NONE', *, *, #2296, .F. ) ;
#889 = CARTESIAN_POINT ( 'NONE',  ( -36.00000000000000711, 0.000000000000000000, -64.40000000000000568 ) ) ;
#890 = ORIENTED_EDGE ( 'NONE', *, *, #7406, .T. ) ;
#891 = FACE_OUTER_BOUND ( 'NONE', #7784, .T. ) ;
#892 = VERTEX_POINT ( 'NONE', #8083 ) ;
#893 = DIRECTION ( 'NONE',  ( 0.000000000000000000, 1.000000000000000000, 0.000000000000000000 ) ) ;
#894 = DIRECTION ( 'NONE',  ( 0.000000000000000000, 1.000000000000000000, 0.000000000000000000 ) ) ;
#895 = CARTESIAN_POINT ( 'NONE',  ( 45.16312671864703532, -3.500000000000015099, -42.30297844118579320 ) ) ;
#896 = ADVANCED_FACE ( 'NONE', ( #1482 ), #357, .F. ) ;
#897 = CARTESIAN_POINT ( 'NONE',  ( 79.50000000000000000, -1.500000000000000000, -7.100000000000005862 ) ) ;
#898 = CARTESIAN_POINT ( 'NONE',  ( 53.45905091433236578, 0.000000000000000000, -61.28727335539450394 ) ) ;
#899 = ORIENTED_EDGE ( 'NONE', *, *, #1671, .F. ) ;
#900 = ORIENTED_EDGE ( 'NONE', *, *, #1820, .T. ) ;
#901 = ORIENTED_EDGE ( 'NONE', *, *, #3602, .F. ) ;
#902 = EDGE_LOOP ( 'NONE', ( #1999, #4074, #6624, #3267, #4037, #7595, #3200, #3051 ) ) ;
#903 = DIRECTION ( 'NONE',  ( 0.000000000000000000, 0.000000000000000000, 1.000000000000000000 ) ) ;
#904 = CARTESIAN_POINT ( 'NONE',  ( -42.96326182188430920, -3.000000000000000000, 4.517536233858021610 ) ) ;
#905 = CARTESIAN_POINT ( 'NONE',  ( 36.00000000000000711, 0.000000000000000000, -52.00000000000000000 ) ) ;
#906 = CARTESIAN_POINT ( 'NONE',  ( -51.97234841721098775, -9.525483399593916545, 33.58757210636076707 ) ) ;
#907 = CIRCLE ( 'NONE', #6741, 3.031095219467760948 ) ;
#908 = CIRCLE ( 'NONE', #8738, 3.100000000000047162 ) ;
#909 = CARTESIAN_POINT ( 'NONE',  ( 54.46452831460407396, -4.935363795444180468, 35.33803289608722764 ) ) ;
#910 = ORIENTED_EDGE ( 'NONE', *, *, #7509, .T. ) ;
#911 = CARTESIAN_POINT ( 'NONE',  ( 24.50000000000000355, -5.000000000000000000, -32.50000000000000000 ) ) ;
#912 = ORIENTED_EDGE ( 'NONE', *, *, #2229, .T. ) ;
#913 = DIRECTION ( 'NONE',  ( -0.000000000000000000, 1.000000000000000000, -0.000000000000000000 ) ) ;
#914 = CONICAL_SURFACE ( 'NONE', #143, 3.000000000000002665, 0.7853981633974510546 ) ;
#915 = VERTEX_POINT ( 'NONE', #6632 ) ;
#916 = DIRECTION ( 'NONE',  ( 8.659560562354951347E-17, -0.7071067811865462405, 0.7071067811865489050 ) ) ;
#917 = CARTESIAN_POINT ( 'NONE',  ( 79.50000000000000000, -1.500000000000000000, -0.8500000000000035305 ) ) ;
#918 = LINE ( 'NONE', #6158, #9022 ) ;
#919 = DIRECTION ( 'NONE',  ( 0.000000000000000000, 1.000000000000000000, 0.000000000000000000 ) ) ;
#920 = DIRECTION ( 'NONE',  ( 0.000000000000000000, 0.000000000000000000, -1.000000000000000000 ) ) ;
#921 = LINE ( 'NONE', #3288, #9429 ) ;
#922 = AXIS2_PLACEMENT_3D ( 'NONE', #1265, #4339, #5691 ) ;
#923 = VERTEX_POINT ( 'NONE', #7945 ) ;
#924 = CIRCLE ( 'NONE', #7990, 2.000000000000001776 ) ;
#925 = CARTESIAN_POINT ( 'NONE',  ( -44.18533111883267850, -3.500000000000000000, -76.10293367485326144 ) ) ;
#926 = DIRECTION ( 'NONE',  ( 0.000000000000000000, 0.000000000000000000, -1.000000000000000000 ) ) ;
#927 = EDGE_CURVE ( 'NONE', #4724, #7560, #40, .T. ) ;
#928 = CARTESIAN_POINT ( 'NONE',  ( 30.75914498161563060, 0.000000000000000000, 66.11448404094181797 ) ) ;
#929 = DIRECTION ( 'NONE',  ( -0.000000000000000000, -1.000000000000000000, -0.000000000000000000 ) ) ;
#930 = ADVANCED_FACE ( 'NONE', ( #5903 ), #1076, .F. ) ;
#931 = VECTOR ( 'NONE', #5119, 1000.000000000000000 ) ;
#932 = CIRCLE ( 'NONE', #7700, 2.099999999999997868 ) ;
#933 = AXIS2_PLACEMENT_3D ( 'NONE', #7077, #9377, #4865 ) ;
#934 = LINE ( 'NONE', #3868, #1609 ) ;
#935 = ORIENTED_EDGE ( 'NONE', *, *, #817, .F. ) ;
#936 = AXIS2_PLACEMENT_3D ( 'NONE', #1657, #2965, #5891 ) ;
#937 = FACE_OUTER_BOUND ( 'NONE', #6758, .T. ) ;
#938 = EDGE_CURVE ( 'NONE', #4861, #9128, #5724, .T. ) ;
#939 = VERTEX_POINT ( 'NONE', #4870 ) ;
#940 = EDGE_CURVE ( 'NONE', #739, #3123, #9498, .T. ) ;
#941 = ADVANCED_FACE ( 'NONE', ( #8578 ), #1061, .F. ) ;
#942 = CARTESIAN_POINT ( 'NONE',  ( -28.11951362996199677, -9.525483399593907663, -9.896107983160918664 ) ) ;
#943 = CONICAL_SURFACE ( 'NONE', #3858, 3.099999999999991651, 0.7853981633974514986 ) ;
#944 = VERTEX_POINT ( 'NONE', #2665 ) ;
#945 = DIRECTION ( 'NONE',  ( 8.659560562354918067E-17, -0.7071067811865487940, 0.7071067811865463515 ) ) ;
#946 = DIRECTION ( 'NONE',  ( 0.000000000000000000, 0.000000000000000000, -1.000000000000000000 ) ) ;
#947 = DIRECTION ( 'NONE',  ( -0.000000000000000000, 1.000000000000000000, -0.000000000000000000 ) ) ;
#948 = CIRCLE ( 'NONE', #3702, 3.000000000000002665 ) ;
#949 = CONICAL_SURFACE ( 'NONE', #496, 1.500000000000001332, 0.7853981633974557175 ) ;
#950 = FACE_OUTER_BOUND ( 'NONE', #2636, .T. ) ;
#951 = VECTOR ( 'NONE', #2533, 1000.000000000000000 ) ;
#952 = CARTESIAN_POINT ( 'NONE',  ( -20.20000000000000639, 0.000000000000000000, -18.00000000000000355 ) ) ;
#953 = VERTEX_POINT ( 'NONE', #1797 ) ;
#954 = ORIENTED_EDGE ( 'NONE', *, *, #7083, .T. ) ;
#955 = EDGE_CURVE ( 'NONE', #7293, #1424, #7810, .T. ) ;
#956 = AXIS2_PLACEMENT_3D ( 'NONE', #3461, #4854, #7793 ) ;
#957 = VERTEX_POINT ( 'NONE', #6216 ) ;
#958 = VERTEX_POINT ( 'NONE', #2571 ) ;
#959 = CARTESIAN_POINT ( 'NONE',  ( 0.000000000000000000, -13.19999999999999929, 49.00000000000000000 ) ) ;
#960 = AXIS2_PLACEMENT_3D ( 'NONE', #8474, #4816, #2690 ) ;
#961 = CARTESIAN_POINT ( 'NONE',  ( -37.61980861195274173, -3.500000000000000000, -76.77890335241866637 ) ) ;
#962 = DIRECTION ( 'NONE',  ( 0.000000000000000000, 1.000000000000000000, -0.000000000000000000 ) ) ;
#963 = AXIS2_PLACEMENT_3D ( 'NONE', #7572, #4532, #2271 ) ;
#964 = DIRECTION ( 'NONE',  ( -0.000000000000000000, 1.000000000000000000, -0.000000000000000000 ) ) ;
#965 = DIRECTION ( 'NONE',  ( 0.000000000000000000, 0.000000000000000000, -1.000000000000000000 ) ) ;
#966 = ORIENTED_EDGE ( 'NONE', *, *, #7499, .F. ) ;
#967 = DIRECTION ( 'NONE',  ( -0.000000000000000000, -1.000000000000000000, -0.000000000000000000 ) ) ;
#968 = ORIENTED_EDGE ( 'NONE', *, *, #3168, .F. ) ;
#969 = FACE_BOUND ( 'NONE', #1530, .T. ) ;
#970 = ORIENTED_EDGE ( 'NONE', *, *, #467, .T. ) ;
#971 = ORIENTED_EDGE ( 'NONE', *, *, #4994, .T. ) ;
#972 = CARTESIAN_POINT ( 'NONE',  ( -53.45905091433264289, -5.000000000000000000, -61.28727335539448973 ) ) ;
#973 = DIRECTION ( 'NONE',  ( 0.000000000000000000, 0.000000000000000000, -1.000000000000000000 ) ) ;
#974 = DIRECTION ( 'NONE',  ( 0.000000000000000000, 0.000000000000000000, -1.000000000000000000 ) ) ;
#975 = CARTESIAN_POINT ( 'NONE',  ( 15.00000000000000178, -3.200000000000000178, 10.99999999999999645 ) ) ;
#976 = DIRECTION ( 'NONE',  ( 0.000000000000000000, 1.000000000000000000, -0.000000000000000000 ) ) ;
#977 = DIRECTION ( 'NONE',  ( -1.387778780781446464E-15, 0.000000000000000000, -1.000000000000000000 ) ) ;
#978 = ORIENTED_EDGE ( 'NONE', *, *, #8183, .T. ) ;
#979 = DIRECTION ( 'NONE',  ( -0.000000000000000000, -1.000000000000000000, -0.000000000000000000 ) ) ;
#980 = CARTESIAN_POINT ( 'NONE',  ( 41.93318567206419090, -3.000000000000000000, 2.803201632453799164 ) ) ;
#981 = LINE ( 'NONE', #2324, #4803 ) ;
#982 = CARTESIAN_POINT ( 'NONE',  ( 72.39969434600294562, -5.000000000000000000, 37.04435528667422517 ) ) ;
#983 = EDGE_CURVE ( 'NONE', #6493, #7932, #360, .T. ) ;
#984 = CARTESIAN_POINT ( 'NONE',  ( 75.93522825193564074, -5.000000000000000000, 33.50882138074144478 ) ) ;
#985 = VERTEX_POINT ( 'NONE', #499 ) ;
#986 = LINE ( 'NONE', #3917, #6290 ) ;
#987 = ORIENTED_EDGE ( 'NONE', *, *, #2296, .T. ) ;
#988 = VECTOR ( 'NONE', #7519, 1000.000000000000000 ) ;
#989 = CARTESIAN_POINT ( 'NONE',  ( 33.26989437906256342, -5.000000000000000000, -1.324434976139800213 ) ) ;
#990 = VERTEX_POINT ( 'NONE', #4013 ) ;
#991 = LINE ( 'NONE', #8927, #2928 ) ;
#992 = FACE_OUTER_BOUND ( 'NONE', #6045, .T. ) ;
#993 = DIRECTION ( 'NONE',  ( 0.000000000000000000, 1.000000000000000000, -0.000000000000000000 ) ) ;
#994 = EDGE_CURVE ( 'NONE', #1360, #6297, #1030, .T. ) ;
#995 = ADVANCED_FACE ( 'NONE', ( #5596 ), #6360, .F. ) ;
#996 = CARTESIAN_POINT ( 'NONE',  ( -20.20000000000000639, -5.000000000000000000, -18.00000000000000355 ) ) ;
#997 = EDGE_CURVE ( 'NONE', #1272, #3530, #3965, .T. ) ;
#998 = DIRECTION ( 'NONE',  ( -0.000000000000000000, 1.000000000000000000, -0.000000000000000000 ) ) ;
#999 = ORIENTED_EDGE ( 'NONE', *, *, #3168, .T. ) ;
#1000 = AXIS2_PLACEMENT_3D ( 'NONE', #3962, #6213, #3910 ) ;
#1001 = EDGE_CURVE ( 'NONE', #2618, #6493, #2521, .T. ) ;
#1002 = ORIENTED_EDGE ( 'NONE', *, *, #3716, .F. ) ;
#1003 = VERTEX_POINT ( 'NONE', #5452 ) ;
#1004 = VERTEX_POINT ( 'NONE', #1165 ) ;
#1005 = CYLINDRICAL_SURFACE ( 'NONE', #4072, 1.500000000000001332 ) ;
#1006 = CARTESIAN_POINT ( 'NONE',  ( 3.000000000000003997, -3.200000000000000178, 13.00000000000000000 ) ) ;
#1007 = DIRECTION ( 'NONE',  ( -0.000000000000000000, 1.000000000000000000, -0.000000000000000000 ) ) ;
#1008 = CARTESIAN_POINT ( 'NONE',  ( -24.18305191657981013, -9.525483399593907663, 18.71198410471387419 ) ) ;
#1009 = DIRECTION ( 'NONE',  ( 0.000000000000000000, 0.000000000000000000, -1.000000000000000000 ) ) ;
#1010 = VECTOR ( 'NONE', #1139, 1000.000000000000000 ) ;
#1011 = ORIENTED_EDGE ( 'NONE', *, *, #3758, .T. ) ;
#1012 = EDGE_CURVE ( 'NONE', #9161, #614, #4102, .T. ) ;
#1013 = CARTESIAN_POINT ( 'NONE',  ( 79.50000000000000000, -5.000000000000000000, -5.000000000000000888 ) ) ;
#1014 = ORIENTED_EDGE ( 'NONE', *, *, #3519, .F. ) ;
#1015 = FACE_BOUND ( 'NONE', #2249, .T. ) ;
#1016 = CONICAL_SURFACE ( 'NONE', #555, 3.099999999999991651, 0.7853981633974514986 ) ;
#1017 = VERTEX_POINT ( 'NONE', #404 ) ;
#1018 = ORIENTED_EDGE ( 'NONE', *, *, #9292, .T. ) ;
#1019 = CARTESIAN_POINT ( 'NONE',  ( 17.11198410471442699, -3.500000000000015987, 24.18305191657944064 ) ) ;
#1020 = DIRECTION ( 'NONE',  ( 0.000000000000000000, 1.000000000000000000, -0.000000000000000000 ) ) ;
#1021 = DIRECTION ( 'NONE',  ( -0.000000000000000000, 1.000000000000000000, -0.000000000000000000 ) ) ;
#1022 = CARTESIAN_POINT ( 'NONE',  ( -20.00000000000000000, -60.00000000000000000, 76.59999999999999432 ) ) ;
#1023 = LINE ( 'NONE', #6892, #6024 ) ;
#1024 = CARTESIAN_POINT ( 'NONE',  ( 21.00000000000000711, -4.047546020304030101, -31.44184250943669312 ) ) ;
#1025 = CIRCLE ( 'NONE', #3339, 1.500000000000001332 ) ;
#1026 = EDGE_CURVE ( 'NONE', #2059, #9273, #3049, .T. ) ;
#1027 = ORIENTED_EDGE ( 'NONE', *, *, #6228, .F. ) ;
#1028 = CARTESIAN_POINT ( 'NONE',  ( 44.99999999999998579, 0.000000000000000000, -48.27890335241848163 ) ) ;
#1029 =( NAMED_UNIT ( * ) SI_UNIT ( $, .STERADIAN. ) SOLID_ANGLE_UNIT ( ) );
#1030 = LINE ( 'NONE', #307, #2601 ) ;
#1031 = LINE ( 'NONE', #2522, #3015 ) ;
#1032 = ORIENTED_EDGE ( 'NONE', *, *, #425, .T. ) ;
#1033 = ORIENTED_EDGE ( 'NONE', *, *, #4156, .F. ) ;
#1034 = CONICAL_SURFACE ( 'NONE', #6545, 3.099999999999991651, 0.7853981633974514986 ) ;
#1035 = CARTESIAN_POINT ( 'NONE',  ( 44.12936209638304774, -2.500000000000000000, -49.84826377083060578 ) ) ;
#1036 = ORIENTED_EDGE ( 'NONE', *, *, #8361, .F. ) ;
#1037 = DIRECTION ( 'NONE',  ( 0.000000000000000000, 0.000000000000000000, -1.000000000000000000 ) ) ;
#1038 = ORIENTED_EDGE ( 'NONE', *, *, #6277, .T. ) ;
#1039 = DIRECTION ( 'NONE',  ( 0.000000000000000000, 0.000000000000000000, 1.000000000000000000 ) ) ;
#1040 = ORIENTED_EDGE ( 'NONE', *, *, #4917, .T. ) ;
#1041 = CARTESIAN_POINT ( 'NONE',  ( 43.96751866459680258, 0.000000000000000000, -34.58478426242284343 ) ) ;
#1042 = CARTESIAN_POINT ( 'NONE',  ( -43.00000000000000000, 0.000000000000000000, -76.77890335241866637 ) ) ;
#1043 = VECTOR ( 'NONE', #7994, 1000.000000000000000 ) ;
#1044 = CARTESIAN_POINT ( 'NONE',  ( -47.86922714621221786, -4.899833574249623069, -43.62408310164036607 ) ) ;
#1045 = FACE_OUTER_BOUND ( 'NONE', #2284, .T. ) ;
#1046 = LINE ( 'NONE', #5568, #5614 ) ;
#1047 = ORIENTED_EDGE ( 'NONE', *, *, #2041, .F. ) ;
#1048 = ORIENTED_EDGE ( 'NONE', *, *, #161, .F. ) ;
#1049 = VERTEX_POINT ( 'NONE', #6949 ) ;
#1050 = VERTEX_POINT ( 'NONE', #1843 ) ;
#1051 = FACE_OUTER_BOUND ( 'NONE', #8648, .T. ) ;
#1052 = ADVANCED_FACE ( 'NONE', ( #4782 ), #1497, .F. ) ;
#1053 = ADVANCED_FACE ( 'NONE', ( #9203 ), #7765, .F. ) ;
#1054 = LINE ( 'NONE', #4040, #8778 ) ;
#1055 = ADVANCED_FACE ( 'NONE', ( #8539 ), #9254, .F. ) ;
#1056 = CARTESIAN_POINT ( 'NONE',  ( -20.00000000000000000, 0.000000000000000000, 75.00000000000000000 ) ) ;
#1057 = DIRECTION ( 'NONE',  ( 0.000000000000000000, 0.000000000000000000, -1.000000000000000000 ) ) ;
#1058 = EDGE_LOOP ( 'NONE', ( #1277, #8641, #9355, #1195 ) ) ;
#1059 = CARTESIAN_POINT ( 'NONE',  ( -33.26989437906256342, -3.499999999999972911, -1.324434976139800213 ) ) ;
#1060 = ORIENTED_EDGE ( 'NONE', *, *, #8768, .T. ) ;
#1061 = CONICAL_SURFACE ( 'NONE', #5961, 1.599999999999997202, 0.7853981633974557175 ) ;
#1062 = DIRECTION ( 'NONE',  ( 0.000000000000000000, -1.000000000000000000, 0.000000000000000000 ) ) ;
#1063 = VERTEX_POINT ( 'NONE', #6539 ) ;
#1064 = ORIENTED_EDGE ( 'NONE', *, *, #3876, .F. ) ;
#1065 = DIRECTION ( 'NONE',  ( 0.000000000000000000, 0.000000000000000000, -1.000000000000000000 ) ) ;
#1066 = DIRECTION ( 'NONE',  ( 0.000000000000000000, 0.000000000000000000, -1.000000000000000000 ) ) ;
#1067 = CARTESIAN_POINT ( 'NONE',  ( -36.26116050077946085, -5.000000000000000000, 53.54140070991186917 ) ) ;
#1068 = LINE ( 'NONE', #8340, #7846 ) ;
#1069 = ADVANCED_FACE ( 'NONE', ( #9519, #7135 ), #5770, .F. ) ;
#1070 = LINE ( 'NONE', #4139, #8018 ) ;
#1071 = CARTESIAN_POINT ( 'NONE',  ( -50.88386053978240398, -3.500000000000000000, -65.57310985890505606 ) ) ;
#1072 = VERTEX_POINT ( 'NONE', #7178 ) ;
#1073 = CIRCLE ( 'NONE', #7514, 4.999999999999997335 ) ;
#1074 = CARTESIAN_POINT ( 'NONE',  ( 45.68185326600102059, 0.000000000000000000, -35.61486041224296173 ) ) ;
#1075 = DIRECTION ( 'NONE',  ( 0.000000000000000000, 0.000000000000000000, -1.000000000000000000 ) ) ;
#1076 = PLANE ( 'NONE',  #27 ) ;
#1077 = DIRECTION ( 'NONE',  ( 0.000000000000000000, 1.000000000000000000, -0.000000000000000000 ) ) ;
#1078 = ORIENTED_EDGE ( 'NONE', *, *, #8102, .T. ) ;
#1079 = EDGE_CURVE ( 'NONE', #427, #6882, #8733, .T. ) ;
#1080 = VECTOR ( 'NONE', #5559, 1000.000000000000000 ) ;
#1081 = ORIENTED_EDGE ( 'NONE', *, *, #2709, .T. ) ;
#1082 = FACE_OUTER_BOUND ( 'NONE', #6787, .T. ) ;
#1083 = ORIENTED_EDGE ( 'NONE', *, *, #4976, .F. ) ;
#1084 = CARTESIAN_POINT ( 'NONE',  ( -20.20000000000000639, -5.000000000000000000, 1.999999999999998224 ) ) ;
#1085 = ORIENTED_EDGE ( 'NONE', *, *, #645, .F. ) ;
#1086 = CARTESIAN_POINT ( 'NONE',  ( 53.45905091433236578, -5.000000000000000000, -61.28727335539450394 ) ) ;
#1087 = ORIENTED_EDGE ( 'NONE', *, *, #2804, .T. ) ;
#1088 = CARTESIAN_POINT ( 'NONE',  ( 79.50000000000000000, 0.000000000000000000, -9.149999999999998579 ) ) ;
#1089 = AXIS2_PLACEMENT_3D ( 'NONE', #9512, #5900, #2305 ) ;
#1090 = VECTOR ( 'NONE', #808, 999.9999999999998863 ) ;
#1091 = CARTESIAN_POINT ( 'NONE',  ( -24.20000000000000639, -9.242640687119289211, -24.00000000000000355 ) ) ;
#1092 = AXIS2_PLACEMENT_3D ( 'NONE', #1369, #4312, #2735 ) ;
#1093 = CARTESIAN_POINT ( 'NONE',  ( -45.16312671864703532, -3.499999999999944933, -42.30297844118579320 ) ) ;
#1094 = VERTEX_POINT ( 'NONE', #5001 ) ;
#1095 = VECTOR ( 'NONE', #9034, 1000.000000000000000 ) ;
#1096 = EDGE_LOOP ( 'NONE', ( #5556, #485, #4064, #7590 ) ) ;
#1097 = ORIENTED_EDGE ( 'NONE', *, *, #4837, .T. ) ;
#1098 = EDGE_LOOP ( 'NONE', ( #1866, #4027, #6177, #2058 ) ) ;
#1099 = CARTESIAN_POINT ( 'NONE',  ( 67.30607546733547508, -5.000000000000000000, -11.27573523923572552 ) ) ;
#1100 = DIRECTION ( 'NONE',  ( -8.673617379884036705E-17, -0.000000000000000000, -1.000000000000000000 ) ) ;
#1101 = VECTOR ( 'NONE', #870, 1000.000000000000114 ) ;
#1102 = DIRECTION ( 'NONE',  ( 0.000000000000000000, -1.000000000000000000, 0.000000000000000000 ) ) ;
#1103 = CARTESIAN_POINT ( 'NONE',  ( 79.50000000000000000, -1.500000000000000000, -5.000000000000000888 ) ) ;
#1104 = AXIS2_PLACEMENT_3D ( 'NONE', #6774, #2499, #1773 ) ;
#1105 = CARTESIAN_POINT ( 'NONE',  ( -79.50000000000000000, -10.93969696196701413, -5.000000000000000000 ) ) ;
#1106 = EDGE_CURVE ( 'NONE', #388, #4641, #4198, .T. ) ;
#1107 = CARTESIAN_POINT ( 'NONE',  ( -44.99999999999998579, -2.500000000000000000, -48.27890335241848163 ) ) ;
#1108 = ORIENTED_EDGE ( 'NONE', *, *, #2976, .T. ) ;
#1109 = VECTOR ( 'NONE', #2020, 1000.000000000000000 ) ;
#1110 = AXIS2_PLACEMENT_3D ( 'NONE', #5422, #5189, #5141 ) ;
#1111 = VECTOR ( 'NONE', #3155, 999.9999999999998863 ) ;
#1112 = ORIENTED_EDGE ( 'NONE', *, *, #3114, .F. ) ;
#1113 = ORIENTED_EDGE ( 'NONE', *, *, #6948, .F. ) ;
#1114 = CARTESIAN_POINT ( 'NONE',  ( -64.86043691757630825, -5.000000000000000000, -15.35732014642475107 ) ) ;
#1115 = CARTESIAN_POINT ( 'NONE',  ( -45.16312671864703532, -5.000000000000000000, -42.30297844118579320 ) ) ;
#1116 = FACE_OUTER_BOUND ( 'NONE', #7692, .T. ) ;
#1117 = DIRECTION ( 'NONE',  ( 0.000000000000000000, -1.000000000000000000, 0.000000000000000000 ) ) ;
#1118 = CYLINDRICAL_SURFACE ( 'NONE', #9107, 1.599999999999997202 ) ;
#1119 = CARTESIAN_POINT ( 'NONE',  ( -42.96326182188430920, -3.000000000000000000, 4.517536233858021610 ) ) ;
#1120 = EDGE_LOOP ( 'NONE', ( #6824, #2693, #6240, #3784 ) ) ;
#1121 = EDGE_CURVE ( 'NONE', #8512, #8755, #9430, .T. ) ;
#1122 = EDGE_CURVE ( 'NONE', #8647, #8363, #5044, .T. ) ;
#1123 = EDGE_CURVE ( 'NONE', #7068, #8055, #4282, .T. ) ;
#1124 = CARTESIAN_POINT ( 'NONE',  ( -20.20000000000000639, -9.330591249311714463, -16.50000000000000000 ) ) ;
#1125 = APPLICATION_PROTOCOL_DEFINITION ( 'draft international standard', 'automotive_design', 1998, #8492 ) ;
#1126 = EDGE_CURVE ( 'NONE', #1885, #665, #129, .T. ) ;
#1127 = CARTESIAN_POINT ( 'NONE',  ( -5.499999999999998224, -3.499999999999946709, 17.50000000000000000 ) ) ;
#1128 = CARTESIAN_POINT ( 'NONE',  ( -62.67442126558891857, 0.000000000000000000, -13.15929021731400361 ) ) ;
#1129 = ORIENTED_EDGE ( 'NONE', *, *, #7605, .T. ) ;
#1130 = VERTEX_POINT ( 'NONE', #7903 ) ;
#1131 = PLANE ( 'NONE',  #2847 ) ;
#1132 = ORIENTED_EDGE ( 'NONE', *, *, #8520, .F. ) ;
#1133 = LINE ( 'NONE', #7002, #6590 ) ;
#1134 = VERTEX_POINT ( 'NONE', #6446 ) ;
#1135 = DIRECTION ( 'NONE',  ( 0.000000000000000000, 1.000000000000000000, 0.000000000000000000 ) ) ;
#1136 = EDGE_LOOP ( 'NONE', ( #805, #8462, #2259, #4850 ) ) ;
#1137 = CARTESIAN_POINT ( 'NONE',  ( -20.20000000000000639, 0.000000000000000000, -19.50000000000000355 ) ) ;
#1138 = ADVANCED_FACE ( 'NONE', ( #9386 ), #8624, .T. ) ;
#1139 = DIRECTION ( 'NONE',  ( 0.000000000000000000, -0.7071067811865516806, -0.7071067811865434649 ) ) ;
#1140 = ORIENTED_EDGE ( 'NONE', *, *, #6459, .F. ) ;
#1141 = AXIS2_PLACEMENT_3D ( 'NONE', #443, #3379, #4955 ) ;
#1142 = ORIENTED_EDGE ( 'NONE', *, *, #2993, .T. ) ;
#1143 = ORIENTED_EDGE ( 'NONE', *, *, #5705, .F. ) ;
#1144 = VERTEX_POINT ( 'NONE', #4330 ) ;
#1145 = FACE_BOUND ( 'NONE', #1319, .T. ) ;
#1146 = DIRECTION ( 'NONE',  ( 0.000000000000000000, 0.000000000000000000, -1.000000000000000000 ) ) ;
#1147 = DIRECTION ( 'NONE',  ( 0.000000000000000000, 1.000000000000000000, -0.000000000000000000 ) ) ;
#1148 = CARTESIAN_POINT ( 'NONE',  ( -33.50000000000000000, -5.000000000000000888, -67.83303027798245921 ) ) ;
#1149 = DIRECTION ( 'NONE',  ( 0.000000000000000000, 0.000000000000000000, 1.000000000000000000 ) ) ;
#1150 = ORIENTED_EDGE ( 'NONE', *, *, #7734, .F. ) ;
#1151 = ORIENTED_EDGE ( 'NONE', *, *, #5273, .F. ) ;
#1152 = AXIS2_PLACEMENT_3D ( 'NONE', #3456, #4079, #2684 ) ;
#1153 = ORIENTED_EDGE ( 'NONE', *, *, #3869, .T. ) ;
#1154 = ORIENTED_EDGE ( 'NONE', *, *, #7224, .T. ) ;
#1155 = DIRECTION ( 'NONE',  ( 0.000000000000000000, 1.000000000000000000, -0.000000000000000000 ) ) ;
#1156 = DIRECTION ( 'NONE',  ( 0.000000000000000000, 0.000000000000000000, 1.000000000000000000 ) ) ;
#1157 = CARTESIAN_POINT ( 'NONE',  ( 5.500000000000001776, -5.000000000000000000, 14.39999999999995417 ) ) ;
#1158 = LINE ( 'NONE', #4095, #7370 ) ;
#1159 = AXIS2_PLACEMENT_3D ( 'NONE', #9056, #979, #2417 ) ;
#1160 = DIRECTION ( 'NONE',  ( -0.000000000000000000, 1.000000000000000000, -0.000000000000000000 ) ) ;
#1161 = CARTESIAN_POINT ( 'NONE',  ( -0.9999999999999961142, -3.200000000000000178, 50.11904464837144246 ) ) ;
#1162 = ORIENTED_EDGE ( 'NONE', *, *, #3140, .T. ) ;
#1163 = VECTOR ( 'NONE', #5515, 1000.000000000000000 ) ;
#1164 = DIRECTION ( 'NONE',  ( 0.000000000000000000, 1.000000000000000000, 0.000000000000000000 ) ) ;
#1165 = CARTESIAN_POINT ( 'NONE',  ( -28.11951362996199677, -3.499999999999949374, -11.49610798316092009 ) ) ;
#1166 = DIRECTION ( 'NONE',  ( 0.000000000000000000, -1.000000000000000000, 0.000000000000000000 ) ) ;
#1167 = VERTEX_POINT ( 'NONE', #6406 ) ;
#1168 = EDGE_CURVE ( 'NONE', #6659, #712, #5808, .T. ) ;
#1169 = EDGE_CURVE ( 'NONE', #2968, #1676, #8586, .T. ) ;
#1170 = EDGE_CURVE ( 'NONE', #8255, #6358, #9341, .T. ) ;
#1171 = AXIS2_PLACEMENT_3D ( 'NONE', #984, #6903, #3391 ) ;
#1172 = VERTEX_POINT ( 'NONE', #8039 ) ;
#1173 = EDGE_CURVE ( 'NONE', #4610, #328, #3520, .T. ) ;
#1174 = CARTESIAN_POINT ( 'NONE',  ( -37.04435528667421096, -5.000000000000000000, 72.39969434600293141 ) ) ;
#1175 = FACE_OUTER_BOUND ( 'NONE', #1096, .T. ) ;
#1176 = ORIENTED_EDGE ( 'NONE', *, *, #5581, .T. ) ;
#1177 = CARTESIAN_POINT ( 'NONE',  ( -65.00455062002595241, -4.962327069829546744, -15.15036993867226123 ) ) ;
#1178 = EDGE_CURVE ( 'NONE', #328, #9454, #7948, .T. ) ;
#1179 = EDGE_CURVE ( 'NONE', #2444, #5934, #3815, .T. ) ;
#1180 = CIRCLE ( 'NONE', #3793, 5.000000000000004441 ) ;
#1181 = DIRECTION ( 'NONE',  ( 1.387778780781444492E-15, 0.000000000000000000, -1.000000000000000000 ) ) ;
#1182 = CARTESIAN_POINT ( 'NONE',  ( -24.20000000000000284, 0.000000000000000000, -60.00000000000000000 ) ) ;
#1183 = ORIENTED_EDGE ( 'NONE', *, *, #535, .T. ) ;
#1184 = ORIENTED_EDGE ( 'NONE', *, *, #4926, .T. ) ;
#1185 = AXIS2_PLACEMENT_3D ( 'NONE', #3904, #249, #9102 ) ;
#1186 = ORIENTED_EDGE ( 'NONE', *, *, #7579, .T. ) ;
#1187 = ORIENTED_EDGE ( 'NONE', *, *, #1444, .F. ) ;
#1188 = FACE_BOUND ( 'NONE', #9346, .T. ) ;
#1189 = EDGE_CURVE ( 'NONE', #8841, #9224, #4274, .T. ) ;
#1190 = CARTESIAN_POINT ( 'NONE',  ( -36.00000000000000711, -3.499999999999946709, -64.40000000000000568 ) ) ;
#1191 = CARTESIAN_POINT ( 'NONE',  ( -33.26989437906256342, 0.000000000000000000, -2.924434976139798525 ) ) ;
#1192 = LINE ( 'NONE', #4126, #2179 ) ;
#1193 = CARTESIAN_POINT ( 'NONE',  ( -24.93692920003235258, -3.000000000000000000, -25.48331929071589386 ) ) ;
#1194 = EDGE_LOOP ( 'NONE', ( #4942, #4121, #3967, #4222 ) ) ;
#1195 = ORIENTED_EDGE ( 'NONE', *, *, #1012, .F. ) ;
#1196 = VERTEX_POINT ( 'NONE', #1344 ) ;
#1197 = ORIENTED_EDGE ( 'NONE', *, *, #7455, .F. ) ;
#1198 = LINE ( 'NONE', #4862, #1877 ) ;
#1199 = FACE_OUTER_BOUND ( 'NONE', #1473, .T. ) ;
#1200 = DIRECTION ( 'NONE',  ( 0.000000000000000000, 0.000000000000000000, -1.000000000000000000 ) ) ;
#1201 = CARTESIAN_POINT ( 'NONE',  ( 33.26989437906256342, -3.500000000000011990, -1.324434976139800213 ) ) ;
#1202 = EDGE_CURVE ( 'NONE', #4301, #3451, #3574, .T. ) ;
#1203 = DIRECTION ( 'NONE',  ( -0.000000000000000000, -1.000000000000000000, -0.000000000000000000 ) ) ;
#1204 = CARTESIAN_POINT ( 'NONE',  ( 0.000000000000000000, -3.500000000000000000, 0.000000000000000000 ) ) ;
#1205 = VERTEX_POINT ( 'NONE', #8857 ) ;
#1206 = DIRECTION ( 'NONE',  ( -0.5150380749100562650, 0.000000000000000000, -0.8571673007021111124 ) ) ;
#1207 = AXIS2_PLACEMENT_3D ( 'NONE', #6897, #8444, #1842 ) ;
#1208 = CARTESIAN_POINT ( 'NONE',  ( -45.16312671864703532, -3.499999999999944933, -40.70297844118579889 ) ) ;
#1209 = DIRECTION ( 'NONE',  ( 0.000000000000000000, 0.000000000000000000, -1.000000000000000000 ) ) ;
#1210 = EDGE_CURVE ( 'NONE', #5533, #1614, #6738, .T. ) ;
#1211 = AXIS2_PLACEMENT_3D ( 'NONE', #7411, #8088, #8953 ) ;
#1212 = CIRCLE ( 'NONE', #4138, 5.000000000000000888 ) ;
#1213 = ORIENTED_EDGE ( 'NONE', *, *, #6458, .F. ) ;
#1214 = EDGE_CURVE ( 'NONE', #6523, #192, #9206, .T. ) ;
#1215 = CARTESIAN_POINT ( 'NONE',  ( -44.99999999999998579, -2.500000000000000000, -48.27890335241848163 ) ) ;
#1216 = ADVANCED_FACE ( 'NONE', ( #8089 ), #8190, .T. ) ;
#1217 = DIRECTION ( 'NONE',  ( 0.000000000000000000, 0.000000000000000000, 1.000000000000000000 ) ) ;
#1218 = VERTEX_POINT ( 'NONE', #3035 ) ;
#1219 = VECTOR ( 'NONE', #596, 1000.000000000000114 ) ;
#1220 = CONICAL_SURFACE ( 'NONE', #6592, 1.600000000000002531, 0.7853981633974560506 ) ;
#1221 = DIRECTION ( 'NONE',  ( 0.000000000000000000, 0.000000000000000000, 1.000000000000000000 ) ) ;
#1222 = ADVANCED_FACE ( 'NONE', ( #3135 ), #6639, .F. ) ;
#1223 = DIRECTION ( 'NONE',  ( -0.000000000000000000, -1.000000000000000000, 0.000000000000000000 ) ) ;
#1224 = ADVANCED_FACE ( 'NONE', ( #818 ), #6733, .F. ) ;
#1225 = ORIENTED_EDGE ( 'NONE', *, *, #1405, .T. ) ;
#1226 = EDGE_CURVE ( 'NONE', #9007, #4554, #6388, .T. ) ;
#1227 = FACE_BOUND ( 'NONE', #9131, .T. ) ;
#1228 = ORIENTED_EDGE ( 'NONE', *, *, #7406, .F. ) ;
#1229 = EDGE_LOOP ( 'NONE', ( #8701, #7875, #3545, #4265 ) ) ;
#1230 = AXIS2_PLACEMENT_3D ( 'NONE', #9293, #2700, #1974 ) ;
#1231 = VERTEX_POINT ( 'NONE', #5337 ) ;
#1232 = ORIENTED_EDGE ( 'NONE', *, *, #8064, .F. ) ;
#1233 = EDGE_CURVE ( 'NONE', #9486, #6868, #2565, .T. ) ;
#1234 = FACE_BOUND ( 'NONE', #5062, .T. ) ;
#1235 = AXIS2_PLACEMENT_3D ( 'NONE', #5033, #7980, #4321 ) ;
#1236 = LINE ( 'NONE', #5789, #3247 ) ;
#1237 = DIRECTION ( 'NONE',  ( 0.000000000000000000, 0.000000000000000000, -1.000000000000000000 ) ) ;
#1238 = CARTESIAN_POINT ( 'NONE',  ( -33.49999999999999289, -4.684276345874055281, -67.25878447490272549 ) ) ;
#1239 = CIRCLE ( 'NONE', #6460, 1.599999999999997202 ) ;
#1240 = CARTESIAN_POINT ( 'NONE',  ( -21.00000000000000355, -74.82324870126322480, -21.00000000000000000 ) ) ;
#1241 = VERTEX_POINT ( 'NONE', #1486 ) ;
#1242 = AXIS2_PLACEMENT_3D ( 'NONE', #4557, #7646, #8222 ) ;
#1243 = ORIENTED_EDGE ( 'NONE', *, *, #9507, .F. ) ;
#1244 = VECTOR ( 'NONE', #6556, 1000.000000000000000 ) ;
#1245 = ORIENTED_EDGE ( 'NONE', *, *, #6276, .F. ) ;
#1246 = CIRCLE ( 'NONE', #3552, 3.099999999999991651 ) ;
#1247 = VERTEX_POINT ( 'NONE', #6013 ) ;
#1248 = CARTESIAN_POINT ( 'NONE',  ( 42.00000000000000000, 0.000000000000000000, -48.27890335241848163 ) ) ;
#1249 = CARTESIAN_POINT ( 'NONE',  ( 1.530808498934191078E-16, -5.000000000000000888, 47.75000000000000000 ) ) ;
#1250 = CARTESIAN_POINT ( 'NONE',  ( -5.000000000000000888, 0.000000000000000000, 13.00000000000000000 ) ) ;
#1251 = CARTESIAN_POINT ( 'NONE',  ( 28.11951362996199677, 0.000000000000000000, -8.296107983160915467 ) ) ;
#1252 = CARTESIAN_POINT ( 'NONE',  ( -1.199689984899975966E-14, -5.000000000000000000, -1.249000902703301108E-13 ) ) ;
#1253 = CARTESIAN_POINT ( 'NONE',  ( 24.20000000000000639, -3.500000000000006661, -24.00000000000000355 ) ) ;
#1254 = AXIS2_PLACEMENT_3D ( 'NONE', #5675, #2653, #9192 ) ;
#1255 = ORIENTED_EDGE ( 'NONE', *, *, #1510, .T. ) ;
#1256 = EDGE_CURVE ( 'NONE', #9241, #7342, #5907, .T. ) ;
#1257 = AXIS2_PLACEMENT_3D ( 'NONE', #3617, #7995, #6641 ) ;
#1258 = DIRECTION ( 'NONE',  ( 0.000000000000000000, 0.000000000000000000, -1.000000000000000000 ) ) ;
#1259 = CARTESIAN_POINT ( 'NONE',  ( 16.99999999999999645, -3.200000000000000178, -27.00000000000000355 ) ) ;
#1260 = CARTESIAN_POINT ( 'NONE',  ( 62.57895013500979076, -5.000000000000000000, 27.22361107568131189 ) ) ;
#1261 = CIRCLE ( 'NONE', #4039, 1.599999999999997202 ) ;
#1262 = AXIS2_PLACEMENT_3D ( 'NONE', #7984, #3032, #8035 ) ;
#1263 = VERTEX_POINT ( 'NONE', #6685 ) ;
#1264 = CARTESIAN_POINT ( 'NONE',  ( 36.00000000000000711, -3.500000000000043077, -52.00000000000000000 ) ) ;
#1265 = CARTESIAN_POINT ( 'NONE',  ( -24.20000000000000284, -3.499999999999964917, -60.00000000000000000 ) ) ;
#1266 = ORIENTED_EDGE ( 'NONE', *, *, #3440, .T. ) ;
#1267 = VECTOR ( 'NONE', #7781, 1000.000000000000000 ) ;
#1268 = AXIS2_PLACEMENT_3D ( 'NONE', #7079, #7131, #7211 ) ;
#1269 = EDGE_CURVE ( 'NONE', #6719, #8103, #5186, .T. ) ;
#1270 = DIRECTION ( 'NONE',  ( -0.000000000000000000, -1.000000000000000000, 0.000000000000000000 ) ) ;
#1271 = DIRECTION ( 'NONE',  ( 0.000000000000000000, 0.000000000000000000, 1.000000000000000000 ) ) ;
#1272 = VERTEX_POINT ( 'NONE', #8955 ) ;
#1273 = CARTESIAN_POINT ( 'NONE',  ( -24.18305191657981013, -3.499999999999976907, 17.11198410471387277 ) ) ;
#1274 = ORIENTED_EDGE ( 'NONE', *, *, #7888, .T. ) ;
#1275 = ORIENTED_EDGE ( 'NONE', *, *, #5351, .T. ) ;
#1276 = EDGE_LOOP ( 'NONE', ( #1502, #5791 ) ) ;
#1277 = ORIENTED_EDGE ( 'NONE', *, *, #2342, .F. ) ;
#1278 = FACE_BOUND ( 'NONE', #6979, .T. ) ;
#1279 = ADVANCED_FACE ( 'NONE', ( #2262 ), #6839, .F. ) ;
#1280 = DIRECTION ( 'NONE',  ( 0.000000000000000000, 0.000000000000000000, 1.000000000000000000 ) ) ;
#1281 = EDGE_CURVE ( 'NONE', #388, #7659, #2712, .T. ) ;
#1282 = ADVANCED_FACE ( 'NONE', ( #2362 ), #8548, .F. ) ;
#1283 = CARTESIAN_POINT ( 'NONE',  ( -59.93369898680851549, 0.000000000000000000, -8.012597940657380846 ) ) ;
#1284 = ORIENTED_EDGE ( 'NONE', *, *, #1821, .T. ) ;
#1285 = AXIS2_PLACEMENT_3D ( 'NONE', #823, #149, #3039 ) ;
#1286 = CARTESIAN_POINT ( 'NONE',  ( 64.86043691757696195, -5.000000000000000000, -15.35732014642406185 ) ) ;
#1287 = EDGE_CURVE ( 'NONE', #2093, #6895, #1631, .T. ) ;
#1288 = DIRECTION ( 'NONE',  ( -0.000000000000000000, 1.000000000000000000, -0.000000000000000000 ) ) ;
#1289 = ORIENTED_EDGE ( 'NONE', *, *, #3995, .F. ) ;
#1290 = VERTEX_POINT ( 'NONE', #768 ) ;
#1291 = ORIENTED_EDGE ( 'NONE', *, *, #2039, .T. ) ;
#1292 = ORIENTED_EDGE ( 'NONE', *, *, #477, .F. ) ;
#1293 = DIRECTION ( 'NONE',  ( -1.387778780781444492E-15, 0.000000000000000000, 1.000000000000000000 ) ) ;
#1294 = CARTESIAN_POINT ( 'NONE',  ( 36.00000000000000711, -3.500000000000002220, -67.60000000000000853 ) ) ;
#1295 = CARTESIAN_POINT ( 'NONE',  ( -59.04341622907633536, -5.000000000000000000, 30.75914498161554533 ) ) ;
#1296 = VECTOR ( 'NONE', #3518, 1000.000000000000000 ) ;
#1297 = CARTESIAN_POINT ( 'NONE',  ( -43.00000000000000000, -5.000000000000000000, -76.77890335241866637 ) ) ;
#1298 = EDGE_CURVE ( 'NONE', #8317, #9489, #4472, .T. ) ;
#1299 = DIRECTION ( 'NONE',  ( 0.000000000000000000, 0.000000000000000000, 1.000000000000000000 ) ) ;
#1300 = ORIENTED_EDGE ( 'NONE', *, *, #3056, .F. ) ;
#1301 = CONICAL_SURFACE ( 'NONE', #6673, 1.600000000000004086, 0.7853981633974465026 ) ;
#1302 = DIRECTION ( 'NONE',  ( 0.000000000000000000, 0.000000000000000000, 1.000000000000000000 ) ) ;
#1303 = VECTOR ( 'NONE', #8622, 1000.000000000000000 ) ;
#1304 = DIRECTION ( 'NONE',  ( 0.000000000000000000, 1.000000000000000000, 0.000000000000000000 ) ) ;
#1305 = CARTESIAN_POINT ( 'NONE',  ( 20.20000000000000639, -9.330591249311714463, 0.4689047805322805185 ) ) ;
#1306 = EDGE_CURVE ( 'NONE', #4724, #8840, #3800, .T. ) ;
#1307 = AXIS2_PLACEMENT_3D ( 'NONE', #3538, #689, #9402 ) ;
#1308 = EDGE_LOOP ( 'NONE', ( #3672, #1849, #5498, #6434 ) ) ;
#1309 = CARTESIAN_POINT ( 'NONE',  ( 28.11951362996199677, -5.000000000000000000, -9.896107983160918664 ) ) ;
#1310 = DIRECTION ( 'NONE',  ( -0.000000000000000000, -1.000000000000000000, -0.000000000000000000 ) ) ;
#1311 = AXIS2_PLACEMENT_3D ( 'NONE', #6705, #9014, #3667 ) ;
#1312 = CIRCLE ( 'NONE', #6696, 2.100000000000000977 ) ;
#1314 = DIRECTION ( 'NONE',  ( 0.000000000000000000, 0.000000000000000000, 1.000000000000000000 ) ) ;
#1313 = AXIS2_PLACEMENT_3D ( 'NONE', #3937, #6872, #282 ) ;
#1315 = CARTESIAN_POINT ( 'NONE',  ( -24.50000000000000355, -2.500000000000064837, -34.60000000000000142 ) ) ;
#1316 = ORIENTED_EDGE ( 'NONE', *, *, #4276, .T. ) ;
#1317 = PLANE ( 'NONE',  #1835 ) ;
#1318 = ORIENTED_EDGE ( 'NONE', *, *, #9397, .T. ) ;
#1319 = EDGE_LOOP ( 'NONE', ( #1225, #6377 ) ) ;
#1320 = ORIENTED_EDGE ( 'NONE', *, *, #8292, .T. ) ;
#1321 = VERTEX_POINT ( 'NONE', #917 ) ;
#1322 = CARTESIAN_POINT ( 'NONE',  ( 24.25000000000000711, -3.500000000000003997, -52.14999999999999858 ) ) ;
#1323 = DIRECTION ( 'NONE',  ( 0.000000000000000000, 0.000000000000000000, 1.000000000000000000 ) ) ;
#1324 = CARTESIAN_POINT ( 'NONE',  ( 24.25000000000000711, -3.499999999999948486, -40.75000000000000000 ) ) ;
#1325 = EDGE_LOOP ( 'NONE', ( #7867, #5868 ) ) ;
#1326 = CARTESIAN_POINT ( 'NONE',  ( 24.20000000000000284, -9.242640687119289211, -58.50000000000000000 ) ) ;
#1327 = PLANE ( 'NONE',  #5554 ) ;
#1328 = EDGE_LOOP ( 'NONE', ( #2212, #4203 ) ) ;
#1329 = ADVANCED_FACE ( 'NONE', ( #3849 ), #347, .F. ) ;
#1330 = ORIENTED_EDGE ( 'NONE', *, *, #1447, .F. ) ;
#1331 = EDGE_CURVE ( 'NONE', #2000, #7336, #3374, .T. ) ;
#1332 = EDGE_CURVE ( 'NONE', #523, #5425, #2511, .T. ) ;
#1333 = ORIENTED_EDGE ( 'NONE', *, *, #1989, .T. ) ;
#1334 = ORIENTED_EDGE ( 'NONE', *, *, #2462, .T. ) ;
#1335 = CARTESIAN_POINT ( 'NONE',  ( -21.00000000000000355, -74.82324870126322480, -21.00000000000000000 ) ) ;
#1336 = DIRECTION ( 'NONE',  ( 0.000000000000000000, -1.000000000000000000, 0.000000000000000000 ) ) ;
#1337 = CARTESIAN_POINT ( 'NONE',  ( -36.00000000000000711, -9.525483399593907663, -64.40000000000000568 ) ) ;
#1338 = PLANE ( 'NONE',  #9523 ) ;
#1339 = DIRECTION ( 'NONE',  ( -0.000000000000000000, 1.000000000000000000, -0.000000000000000000 ) ) ;
#1340 = CARTESIAN_POINT ( 'NONE',  ( -5.499999999999998224, -3.499999999999946709, 15.90000000000000036 ) ) ;
#1341 = EDGE_LOOP ( 'NONE', ( #8795, #8908 ) ) ;
#1342 = CARTESIAN_POINT ( 'NONE',  ( 39.00000000000000000, -2.500000000000000000, -48.27890335241848163 ) ) ;
#1343 = ADVANCED_FACE ( 'NONE', ( #3229 ), #7801, .T. ) ;
#1344 = CARTESIAN_POINT ( 'NONE',  ( 24.50000000000000355, -2.500000000000064837, -30.39999999999999858 ) ) ;
#1345 = LINE ( 'NONE', #8809, #582 ) ;
#1346 = CYLINDRICAL_SURFACE ( 'NONE', #4799, 1.599999999999997202 ) ;
#1347 = VERTEX_POINT ( 'NONE', #1925 ) ;
#1348 = DIRECTION ( 'NONE',  ( 0.000000000000000000, 1.000000000000000000, -0.000000000000000000 ) ) ;
#1349 = ADVANCED_FACE ( 'NONE', ( #5587 ), #7712, .F. ) ;
#1350 = VECTOR ( 'NONE', #6495, 1000.000000000000000 ) ;
#1351 = DIRECTION ( 'NONE',  ( 0.000000000000000000, 0.000000000000000000, -1.000000000000000000 ) ) ;
#1352 = CIRCLE ( 'NONE', #2129, 1.600000000000002531 ) ;
#1353 = CARTESIAN_POINT ( 'NONE',  ( 0.000000000000000000, -3.500000000000000000, 85.49999999999998579 ) ) ;
#1354 = CARTESIAN_POINT ( 'NONE',  ( 24.20000000000000639, -5.000000000000000000, -24.00000000000000355 ) ) ;
#1355 = ORIENTED_EDGE ( 'NONE', *, *, #2107, .F. ) ;
#1356 = AXIS2_PLACEMENT_3D ( 'NONE', #3533, #1402, #6455 ) ;
#1357 = DIRECTION ( 'NONE',  ( 0.000000000000000000, 1.000000000000000000, 0.000000000000000000 ) ) ;
#1358 = VERTEX_POINT ( 'NONE', #394 ) ;
#1359 = EDGE_LOOP ( 'NONE', ( #7364, #9265 ) ) ;
#1360 = VERTEX_POINT ( 'NONE', #8338 ) ;
#1361 = ORIENTED_EDGE ( 'NONE', *, *, #8246, .F. ) ;
#1362 = DIRECTION ( 'NONE',  ( 0.000000000000000000, 1.000000000000000000, 0.000000000000000000 ) ) ;
#1363 = DIRECTION ( 'NONE',  ( 0.000000000000000000, 0.000000000000000000, -1.000000000000000000 ) ) ;
#1364 = VECTOR ( 'NONE', #6413, 999.9999999999998863 ) ;
#1365 = DIRECTION ( 'NONE',  ( -0.000000000000000000, -1.000000000000000000, 0.000000000000000000 ) ) ;
#1366 = CIRCLE ( 'NONE', #1679, 3.100000000000075140 ) ;
#1367 = ORIENTED_EDGE ( 'NONE', *, *, #2818, .T. ) ;
#1368 = CARTESIAN_POINT ( 'NONE',  ( -21.00000000000000355, -5.000000000000004441, -35.48496231131971967 ) ) ;
#1369 = CARTESIAN_POINT ( 'NONE',  ( 26.92597670932315879, -9.242640687119289211, -24.34519281399293433 ) ) ;
#1370 = ORIENTED_EDGE ( 'NONE', *, *, #435, .T. ) ;
#1371 = VERTEX_POINT ( 'NONE', #6257 ) ;
#1372 = VERTEX_POINT ( 'NONE', #9045 ) ;
#1373 = VERTEX_POINT ( 'NONE', #1736 ) ;
#1374 = CARTESIAN_POINT ( 'NONE',  ( -20.00000000000000000, -5.000000000000000000, 75.00000000000000000 ) ) ;
#1375 = AXIS2_PLACEMENT_3D ( 'NONE', #2196, #4354, #1467 ) ;
#1376 = CARTESIAN_POINT ( 'NONE',  ( 50.88386053978221923, 0.000000000000000000, -65.57310985890512711 ) ) ;
#1377 = CARTESIAN_POINT ( 'NONE',  ( -76.34538790275306042, -1.750000000000000000, 38.49196988955185361 ) ) ;
#1378 = DIRECTION ( 'NONE',  ( 0.000000000000000000, 0.000000000000000000, -1.000000000000000000 ) ) ;
#1379 = FACE_OUTER_BOUND ( 'NONE', #3603, .T. ) ;
#1380 = AXIS2_PLACEMENT_3D ( 'NONE', #89, #5951, #5231 ) ;
#1381 = EDGE_CURVE ( 'NONE', #1424, #5226, #5773, .T. ) ;
#1382 = FACE_OUTER_BOUND ( 'NONE', #663, .T. ) ;
#1383 = AXIS2_PLACEMENT_3D ( 'NONE', #2909, #2055, #8792 ) ;
#1384 = VERTEX_POINT ( 'NONE', #4672 ) ;
#1385 = AXIS2_PLACEMENT_3D ( 'NONE', #9508, #6628, #8709 ) ;
#1386 = CARTESIAN_POINT ( 'NONE',  ( -75.93522825193483072, -3.500000000000000000, 33.50882138074332062 ) ) ;
#1387 = AXIS2_PLACEMENT_3D ( 'NONE', #6876, #1102, #6146 ) ;
#1388 = CARTESIAN_POINT ( 'NONE',  ( -53.94915334338372048, -5.000000000000000000, -69.52329719980298250 ) ) ;
#1389 = DIRECTION ( 'NONE',  ( -0.000000000000000000, 1.000000000000000000, -0.000000000000000000 ) ) ;
#1390 = DIRECTION ( 'NONE',  ( 0.000000000000000000, 1.000000000000000000, -0.000000000000000000 ) ) ;
#1391 = VECTOR ( 'NONE', #6860, 1000.000000000000000 ) ;
#1392 = CARTESIAN_POINT ( 'NONE',  ( -15.00000000000000178, 0.000000000000000000, 13.00000000000000178 ) ) ;
#1393 = AXIS2_PLACEMENT_3D ( 'NONE', #2316, #1588, #8284 ) ;
#1394 = EDGE_CURVE ( 'NONE', #892, #4933, #439, .T. ) ;
#1395 = EDGE_CURVE ( 'NONE', #9224, #1063, #8387, .T. ) ;
#1396 = EDGE_CURVE ( 'NONE', #1753, #1218, #8852, .T. ) ;
#1397 = CIRCLE ( 'NONE', #337, 1.250000000000001110 ) ;
#1398 = VERTEX_POINT ( 'NONE', #3332 ) ;
#1399 = ADVANCED_FACE ( 'NONE', ( #1199 ), #3428, .F. ) ;
#1400 = LINE ( 'NONE', #7140, #6537 ) ;
#1401 = AXIS2_PLACEMENT_3D ( 'NONE', #1105, #386, #2552 ) ;
#1402 = DIRECTION ( 'NONE',  ( -0.000000000000000000, -1.000000000000000000, -0.000000000000000000 ) ) ;
#1403 = AXIS2_PLACEMENT_3D ( 'NONE', #1531, #287, #6100 ) ;
#1404 = AXIS2_PLACEMENT_3D ( 'NONE', #3193, #1745, #5400 ) ;
#1405 = EDGE_CURVE ( 'NONE', #1130, #9113, #557, .T. ) ;
#1406 = CIRCLE ( 'NONE', #4308, 1.531095219467717872 ) ;
#1407 = CARTESIAN_POINT ( 'NONE',  ( 0.000000000000000000, -5.000000000000000888, 49.00000000000000000 ) ) ;
#1408 = DIRECTION ( 'NONE',  ( -0.8571673007021155533, 0.000000000000000000, -0.5150380749100487154 ) ) ;
#1409 = ORIENTED_EDGE ( 'NONE', *, *, #7922, .F. ) ;
#1410 = CYLINDRICAL_SURFACE ( 'NONE', #4762, 1.531095219467717872 ) ;
#1411 = VERTEX_POINT ( 'NONE', #5539 ) ;
#1412 = ORIENTED_EDGE ( 'NONE', *, *, #6416, .F. ) ;
#1413 = ORIENTED_EDGE ( 'NONE', *, *, #6229, .T. ) ;
#1414 = ORIENTED_EDGE ( 'NONE', *, *, #2808, .T. ) ;
#1415 = DIRECTION ( 'NONE',  ( 0.000000000000000000, 0.000000000000000000, 1.000000000000000000 ) ) ;
#1416 = FACE_OUTER_BOUND ( 'NONE', #8555, .T. ) ;
#1417 = DIRECTION ( 'NONE',  ( 0.000000000000000000, 0.000000000000000000, -1.000000000000000000 ) ) ;
#1418 = EDGE_CURVE ( 'NONE', #3293, #3513, #3954, .T. ) ;
#1419 = FACE_OUTER_BOUND ( 'NONE', #7813, .T. ) ;
#1420 = ORIENTED_EDGE ( 'NONE', *, *, #4335, .F. ) ;
#1421 = CARTESIAN_POINT ( 'NONE',  ( -28.11951362996199677, -3.499999999999949374, -9.896107983160918664 ) ) ;
#1422 = DIRECTION ( 'NONE',  ( -0.000000000000000000, -1.000000000000000000, 0.000000000000000000 ) ) ;
#1423 = ORIENTED_EDGE ( 'NONE', *, *, #8868, .F. ) ;
#1424 = VERTEX_POINT ( 'NONE', #1887 ) ;
#1425 = VERTEX_POINT ( 'NONE', #9101 ) ;
#1426 = EDGE_LOOP ( 'NONE', ( #3757, #8666, #227, #6918 ) ) ;
#1427 = FACE_OUTER_BOUND ( 'NONE', #1771, .T. ) ;
#1428 = CARTESIAN_POINT ( 'NONE',  ( -20.00000000000000000, -60.00000000000000000, 73.39999999999999147 ) ) ;
#1429 = CARTESIAN_POINT ( 'NONE',  ( 33.58757210636075285, -3.500000000000015099, 53.57234841721098917 ) ) ;
#1430 = CARTESIAN_POINT ( 'NONE',  ( 28.50000000000000000, -5.000000000000000000, 5.551115123125782702E-14 ) ) ;
#1431 = DIRECTION ( 'NONE',  ( 1.000000000000000000, 0.000000000000000000, -0.000000000000000000 ) ) ;
#1432 = LINE ( 'NONE', #5090, #3275 ) ;
#1433 = ORIENTED_EDGE ( 'NONE', *, *, #5922, .F. ) ;
#1434 = CYLINDRICAL_SURFACE ( 'NONE', #4431, 1.599999999999997202 ) ;
#1435 = AXIS2_PLACEMENT_3D ( 'NONE', #4007, #254, #301 ) ;
#1436 = DIRECTION ( 'NONE',  ( -0.000000000000000000, -1.000000000000000000, -0.000000000000000000 ) ) ;
#1437 = LINE ( 'NONE', #677, #5650 ) ;
#1438 = DIRECTION ( 'NONE',  ( 0.000000000000000000, 1.000000000000000000, -0.000000000000000000 ) ) ;
#1439 = CARTESIAN_POINT ( 'NONE',  ( 62.57895013500987602, 0.000000000000000000, 34.29467888754678739 ) ) ;
#1440 = VERTEX_POINT ( 'NONE', #4726 ) ;
#1441 = VECTOR ( 'NONE', #3384, 1000.000000000000000 ) ;
#1442 = LINE ( 'NONE', #5820, #8087 ) ;
#1443 = DIRECTION ( 'NONE',  ( -0.000000000000000000, 1.000000000000000000, -0.000000000000000000 ) ) ;
#1444 = EDGE_CURVE ( 'NONE', #7919, #507, #4002, .T. ) ;
#1445 = ADVANCED_FACE ( 'NONE', ( #9147 ), #5492, .F. ) ;
#1446 = CIRCLE ( 'NONE', #2377, 3.100000000000047162 ) ;
#1447 = EDGE_CURVE ( 'NONE', #3329, #5928, #7755, .T. ) ;
#1448 = CIRCLE ( 'NONE', #8069, 5.000000000000000888 ) ;
#1449 = ADVANCED_FACE ( 'NONE', ( #4352 ), #5068, .F. ) ;
#1450 = DIRECTION ( 'NONE',  ( 0.000000000000000000, 0.000000000000000000, -1.000000000000000000 ) ) ;
#1451 = FACE_OUTER_BOUND ( 'NONE', #5649, .T. ) ;
#1452 = VERTEX_POINT ( 'NONE', #8832 ) ;
#1453 = CONICAL_SURFACE ( 'NONE', #9158, 1.599999999999997202, 0.7853981633974442822 ) ;
#1454 = AXIS2_PLACEMENT_3D ( 'NONE', #784, #6074, #3816 ) ;
#1455 = CARTESIAN_POINT ( 'NONE',  ( 0.000000000000000000, -3.500000000000000000, 0.000000000000000000 ) ) ;
#1456 = ORIENTED_EDGE ( 'NONE', *, *, #3997, .F. ) ;
#1457 = VERTEX_POINT ( 'NONE', #7380 ) ;
#1458 = EDGE_CURVE ( 'NONE', #7068, #1358, #794, .T. ) ;
#1459 = EDGE_CURVE ( 'NONE', #3405, #1799, #7126, .T. ) ;
#1460 = EDGE_LOOP ( 'NONE', ( #721, #8454 ) ) ;
#1461 = ORIENTED_EDGE ( 'NONE', *, *, #5344, .T. ) ;
#1462 = DIRECTION ( 'NONE',  ( -0.000000000000000000, 1.000000000000000000, -0.000000000000000000 ) ) ;
#1463 = DIRECTION ( 'NONE',  ( 0.000000000000000000, 0.000000000000000000, -1.000000000000000000 ) ) ;
#1464 = AXIS2_PLACEMENT_3D ( 'NONE', #4616, #4422, #8136 ) ;
#1465 = CARTESIAN_POINT ( 'NONE',  ( 53.54140070991198286, -5.000000000000000000, 36.26116050077934005 ) ) ;
#1466 = VECTOR ( 'NONE', #3215, 1000.000000000000000 ) ;
#1467 = DIRECTION ( 'NONE',  ( 0.000000000000000000, 0.000000000000000000, -1.000000000000000000 ) ) ;
#1468 = AXIS2_PLACEMENT_3D ( 'NONE', #365, #6269, #2577 ) ;
#1469 = ORIENTED_EDGE ( 'NONE', *, *, #7137, .T. ) ;
#1470 = LINE ( 'NONE', #612, #2775 ) ;
#1471 = DIRECTION ( 'NONE',  ( 0.000000000000000000, 0.000000000000000000, -1.000000000000000000 ) ) ;
#1472 = VERTEX_POINT ( 'NONE', #3677 ) ;
#1473 = EDGE_LOOP ( 'NONE', ( #2916, #851, #8094, #1183 ) ) ;
#1474 = ADVANCED_FACE ( 'NONE', ( #5936 ), #8883, .F. ) ;
#1475 = ORIENTED_EDGE ( 'NONE', *, *, #6229, .F. ) ;
#1476 = VERTEX_POINT ( 'NONE', #1249 ) ;
#1477 = CARTESIAN_POINT ( 'NONE',  ( 5.500000000000001776, -10.00000000000000000, 19.09999999999999787 ) ) ;
#1478 = CARTESIAN_POINT ( 'NONE',  ( -37.04435528667421096, 0.000000000000000000, 72.39969434600293141 ) ) ;
#1479 = DIRECTION ( 'NONE',  ( -0.000000000000000000, 1.000000000000000000, -0.000000000000000000 ) ) ;
#1480 = CYLINDRICAL_SURFACE ( 'NONE', #1380, 1.600000000000004086 ) ;
#1481 = DIRECTION ( 'NONE',  ( 0.000000000000000000, 1.000000000000000000, 0.000000000000000000 ) ) ;
#1482 = FACE_OUTER_BOUND ( 'NONE', #2738, .T. ) ;
#1483 = VERTEX_POINT ( 'NONE', #4400 ) ;
#1484 = CARTESIAN_POINT ( 'NONE',  ( 27.22361107568284666, 0.000000000000000000, 62.57895013500913706 ) ) ;
#1485 = EDGE_CURVE ( 'NONE', #5286, #6719, #4443, .T. ) ;
#1486 = CARTESIAN_POINT ( 'NONE',  ( -79.50000000000000000, -2.499999999999964029, -2.899999999999995470 ) ) ;
#1487 = DIRECTION ( 'NONE',  ( -0.000000000000000000, 1.000000000000000000, -0.000000000000000000 ) ) ;
#1488 = DIRECTION ( 'NONE',  ( -0.000000000000000000, 1.000000000000000000, 0.000000000000000000 ) ) ;
#1489 = CIRCLE ( 'NONE', #3963, 3.099999999999991651 ) ;
#1490 = DIRECTION ( 'NONE',  ( 0.000000000000000000, -1.000000000000000000, 0.000000000000000000 ) ) ;
#1491 = DIRECTION ( 'NONE',  ( 0.000000000000000000, 0.000000000000000000, -1.000000000000000000 ) ) ;
#1492 = ORIENTED_EDGE ( 'NONE', *, *, #3825, .F. ) ;
#1493 = CARTESIAN_POINT ( 'NONE',  ( 24.18305191657981013, -9.525483399593907663, 17.11198410471387277 ) ) ;
#1494 = CARTESIAN_POINT ( 'NONE',  ( 62.67442126558891857, -5.000000000000000000, -13.15929021731400361 ) ) ;
#1495 = ADVANCED_FACE ( 'NONE', ( #8016 ), #533, .F. ) ;
#1496 = CARTESIAN_POINT ( 'NONE',  ( 28.50000000000000000, 0.000000000000000000, -59.00000000000000000 ) ) ;
#1497 = CONICAL_SURFACE ( 'NONE', #2273, 1.600000000000000755, 0.7853981633974465026 ) ;
#1498 = LINE ( 'NONE', #2231, #1942 ) ;
#1499 = VERTEX_POINT ( 'NONE', #6557 ) ;
#1500 = DIRECTION ( 'NONE',  ( -0.000000000000000000, 1.000000000000000000, -0.000000000000000000 ) ) ;
#1501 = ORIENTED_EDGE ( 'NONE', *, *, #6805, .T. ) ;
#1502 = ORIENTED_EDGE ( 'NONE', *, *, #9199, .F. ) ;
#1503 = VECTOR ( 'NONE', #8910, 1000.000000000000000 ) ;
#1504 = ORIENTED_EDGE ( 'NONE', *, *, #5275, .F. ) ;
#1505 = ORIENTED_EDGE ( 'NONE', *, *, #6609, .T. ) ;
#1506 = DIRECTION ( 'NONE',  ( 0.000000000000000000, 0.000000000000000000, -1.000000000000000000 ) ) ;
#1507 = DIRECTION ( 'NONE',  ( 8.659560562354956277E-17, -0.7071067811865455743, 0.7071067811865493491 ) ) ;
#1508 = DIRECTION ( 'NONE',  ( 0.000000000000000000, 0.000000000000000000, -1.000000000000000000 ) ) ;
#1509 = ORIENTED_EDGE ( 'NONE', *, *, #416, .F. ) ;
#1510 = EDGE_CURVE ( 'NONE', #5171, #9256, #2194, .T. ) ;
#1511 = EDGE_CURVE ( 'NONE', #3123, #739, #6326, .T. ) ;
#1512 = CYLINDRICAL_SURFACE ( 'NONE', #7703, 2.100000000000000977 ) ;
#1513 = CONICAL_SURFACE ( 'NONE', #1667, 4.600000000000049383, 0.7853981633974498333 ) ;
#1514 = EDGE_CURVE ( 'NONE', #6831, #3648, #189, .T. ) ;
#1515 = DIRECTION ( 'NONE',  ( 0.000000000000000000, 0.000000000000000000, -1.000000000000000000 ) ) ;
#1516 = ORIENTED_EDGE ( 'NONE', *, *, #5250, .T. ) ;
#1517 = EDGE_CURVE ( 'NONE', #2137, #939, #7101, .T. ) ;
#1518 = ORIENTED_EDGE ( 'NONE', *, *, #1173, .T. ) ;
#1519 = EDGE_LOOP ( 'NONE', ( #3682, #5429 ) ) ;
#1520 = ORIENTED_EDGE ( 'NONE', *, *, #8483, .F. ) ;
#1521 = CARTESIAN_POINT ( 'NONE',  ( 30.75914498161563060, 0.000000000000000000, 66.11448404094181797 ) ) ;
#1522 = DIRECTION ( 'NONE',  ( 8.659560562354879857E-17, -0.7071067811865517916, 0.7071067811865431318 ) ) ;
#1523 = DIRECTION ( 'NONE',  ( 0.000000000000000000, 1.000000000000000000, 0.000000000000000000 ) ) ;
#1524 = VECTOR ( 'NONE', #6856, 1000.000000000000000 ) ;
#1525 = VECTOR ( 'NONE', #8802, 1000.000000000000000 ) ;
#1526 = CARTESIAN_POINT ( 'NONE',  ( 5.500000000000001776, -10.00000000000000000, 15.90000000000000391 ) ) ;
#1527 = CARTESIAN_POINT ( 'NONE',  ( 33.58757210636075285, -5.000000000000000000, 48.87234841721100054 ) ) ;
#1528 = DIRECTION ( 'NONE',  ( 0.000000000000000000, -1.000000000000000000, 0.000000000000000000 ) ) ;
#1529 = EDGE_CURVE ( 'NONE', #2796, #2267, #175, .T. ) ;
#1530 = EDGE_LOOP ( 'NONE', ( #7959, #4045 ) ) ;
#1531 = CARTESIAN_POINT ( 'NONE',  ( -31.00000000000000000, -5.000000000000000000, -61.50000000000000000 ) ) ;
#1532 = CIRCLE ( 'NONE', #8147, 1.600000000000000755 ) ;
#1533 = FACE_OUTER_BOUND ( 'NONE', #7798, .T. ) ;
#1534 = CARTESIAN_POINT ( 'NONE',  ( -24.50000000000000355, -2.500000000000064837, -32.50000000000000000 ) ) ;
#1535 = CARTESIAN_POINT ( 'NONE',  ( 83.38965392397032872, 0.000000000000000000, -18.87897291804976518 ) ) ;
#1536 = CARTESIAN_POINT ( 'NONE',  ( 33.50000000000000000, -4.400294712271337616, -66.16672604571445504 ) ) ;
#1537 = AXIS2_PLACEMENT_3D ( 'NONE', #3517, #670, #8664 ) ;
#1538 = CARTESIAN_POINT ( 'NONE',  ( -62.67442126558891857, -3.499999999999952927, -13.15929021731400361 ) ) ;
#1539 = DIRECTION ( 'NONE',  ( -0.000000000000000000, -1.000000000000000000, -0.000000000000000000 ) ) ;
#1540 = EDGE_CURVE ( 'NONE', #1747, #286, #5835, .T. ) ;
#1541 = ORIENTED_EDGE ( 'NONE', *, *, #5005, .T. ) ;
#1542 = AXIS2_PLACEMENT_3D ( 'NONE', #8560, #2050, #3505 ) ;
#1543 = DIRECTION ( 'NONE',  ( 0.000000000000000000, 0.000000000000000000, -1.000000000000000000 ) ) ;
#1544 = CARTESIAN_POINT ( 'NONE',  ( -1.199689984899975966E-14, -5.000000000000000000, 87.99999999999998579 ) ) ;
#1545 = LINE ( 'NONE', #6745, #4977 ) ;
#1546 = CONICAL_SURFACE ( 'NONE', #4469, 3.099999999999936140, 0.7853981633974421728 ) ;
#1547 = CIRCLE ( 'NONE', #2327, 1.600000000000000755 ) ;
#1548 = CARTESIAN_POINT ( 'NONE',  ( 20.20000000000000639, -5.000000000000000000, 1.999999999999998224 ) ) ;
#1549 = VECTOR ( 'NONE', #3083, 1000.000000000000000 ) ;
#1550 = CIRCLE ( 'NONE', #7728, 1.600000000000004086 ) ;
#1551 = FACE_OUTER_BOUND ( 'NONE', #6067, .T. ) ;
#1552 = ORIENTED_EDGE ( 'NONE', *, *, #9028, .T. ) ;
#1553 = AXIS2_PLACEMENT_3D ( 'NONE', #7289, #701, #3635 ) ;
#1554 = DIRECTION ( 'NONE',  ( -0.000000000000000000, 1.000000000000000000, 0.000000000000000000 ) ) ;
#1555 = ORIENTED_EDGE ( 'NONE', *, *, #7521, .T. ) ;
#1556 = CYLINDRICAL_SURFACE ( 'NONE', #7388, 2.100000000000004530 ) ;
#1557 = ORIENTED_EDGE ( 'NONE', *, *, #7592, .T. ) ;
#1558 = ORIENTED_EDGE ( 'NONE', *, *, #6488, .F. ) ;
#1559 = FACE_OUTER_BOUND ( 'NONE', #4015, .T. ) ;
#1560 = DIRECTION ( 'NONE',  ( 0.000000000000000000, -1.000000000000000000, 0.000000000000000000 ) ) ;
#1561 = EDGE_CURVE ( 'NONE', #2401, #7309, #644, .T. ) ;
#1562 = VECTOR ( 'NONE', #6682, 1000.000000000000000 ) ;
#1563 = CARTESIAN_POINT ( 'NONE',  ( -21.00000000000000355, -5.000000000000004441, -29.51503768868028033 ) ) ;
#1564 = DIRECTION ( 'NONE',  ( 0.000000000000000000, 0.000000000000000000, -1.000000000000000000 ) ) ;
#1565 = EDGE_LOOP ( 'NONE', ( #7153, #3632 ) ) ;
#1566 = DIRECTION ( 'NONE',  ( 0.000000000000000000, 0.000000000000000000, 1.000000000000000000 ) ) ;
#1567 = AXIS2_PLACEMENT_3D ( 'NONE', #5548, #4058, #9300 ) ;
#1568 = DIRECTION ( 'NONE',  ( 0.000000000000000000, 1.000000000000000000, -0.000000000000000000 ) ) ;
#1569 = ORIENTED_EDGE ( 'NONE', *, *, #4276, .F. ) ;
#1570 = EDGE_LOOP ( 'NONE', ( #8630, #5342, #602, #4872 ) ) ;
#1571 = ORIENTED_EDGE ( 'NONE', *, *, #761, .T. ) ;
#1572 = ORIENTED_EDGE ( 'NONE', *, *, #6505, .F. ) ;
#1573 = CYLINDRICAL_SURFACE ( 'NONE', #8542, 88.00000000000000000 ) ;
#1574 = ADVANCED_FACE ( 'NONE', ( #1416 ), #7847, .T. ) ;
#1575 = DIRECTION ( 'NONE',  ( -0.000000000000000000, 1.000000000000000000, -0.000000000000000000 ) ) ;
#1576 = EDGE_CURVE ( 'NONE', #5378, #8660, #8063, .T. ) ;
#1577 = FACE_OUTER_BOUND ( 'NONE', #5438, .T. ) ;
#1578 = EDGE_CURVE ( 'NONE', #4481, #504, #1709, .T. ) ;
#1579 = LINE ( 'NONE', #4511, #5547 ) ;
#1580 = CARTESIAN_POINT ( 'NONE',  ( -24.25000000000000711, -10.00000000000000000, -40.75000000000000000 ) ) ;
#1581 = ADVANCED_FACE ( 'NONE', ( #3061 ), #8210, .T. ) ;
#1582 = ORIENTED_EDGE ( 'NONE', *, *, #7176, .F. ) ;
#1583 = DIRECTION ( 'NONE',  ( 8.659560562354957510E-17, -0.7071067811865455743, 0.7071067811865495711 ) ) ;
#1584 = CARTESIAN_POINT ( 'NONE',  ( -24.50000000000000355, -5.000000000000000000, -32.50000000000000000 ) ) ;
#1585 = CARTESIAN_POINT ( 'NONE',  ( 24.20000000000000639, -9.242640687119289211, -24.00000000000000355 ) ) ;
#1586 = CARTESIAN_POINT ( 'NONE',  ( -43.00000000000000000, 0.000000000000000000, -76.77890335241866637 ) ) ;
#1587 = CARTESIAN_POINT ( 'NONE',  ( -45.00000000000000000, -2.500000000000000000, -72.69972489631578583 ) ) ;
#1588 = DIRECTION ( 'NONE',  ( 0.000000000000000000, 1.000000000000000000, -0.000000000000000000 ) ) ;
#1589 = CARTESIAN_POINT ( 'NONE',  ( -86.71302124127568334, -3.500000000000000000, -14.99506409489706549 ) ) ;
#1590 = ORIENTED_EDGE ( 'NONE', *, *, #4573, .F. ) ;
#1591 = CIRCLE ( 'NONE', #7902, 85.49999999999998579 ) ;
#1592 = FACE_OUTER_BOUND ( 'NONE', #5385, .T. ) ;
#1593 = FACE_OUTER_BOUND ( 'NONE', #4739, .T. ) ;
#1594 = CARTESIAN_POINT ( 'NONE',  ( -33.58757210636075285, 0.000000000000000000, 53.57234841721098917 ) ) ;
#1595 = CYLINDRICAL_SURFACE ( 'NONE', #4714, 1.600000000000004086 ) ;
#1596 = ADVANCED_FACE ( 'NONE', ( #4545 ), #6132, .F. ) ;
#1597 = LINE ( 'NONE', #4534, #256 ) ;
#1598 = ORIENTED_EDGE ( 'NONE', *, *, #2876, .T. ) ;
#1599 = AXIS2_PLACEMENT_3D ( 'NONE', #8176, #8319, #5227 ) ;
#1600 = CARTESIAN_POINT ( 'NONE',  ( -5.499999999999998224, -3.499999999999946709, 17.50000000000000000 ) ) ;
#1601 = EDGE_LOOP ( 'NONE', ( #3553, #6550, #7594, #4450, #2407, #8275, #6902, #6519, #9371, #8061, #2957, #2416, #15, #8012, #3325, #9043, #7539, #5458, #5126, #2460, #2235, #246, #2014, #3999, #7244, #8891, #4970, #8463, #2098, #3510, #5672, #7498, #2043, #9328, #4348, #8558, #7976, #2052, #4565, #66, #8244, #2517, #1413, #3010, #4086, #6955, #3771, #4266, #1274, #4200, #6978, #2621, #5334, #5384, #8996, #5616, #4645, #3633, #6028, #5014, #7198, #1969, #6400, #9153, #7108, #7581, #2389, #1829, #3107, #6669, #4690, #6751, #3884, #3018, #8267, #7743, #1367, #2277, #7607, #4755, #6603, #6376, #3464, #6989, #9420, #4410, #7238, #7386, #2692, #7432, #2493, #1967, #7242, #4988, #2726, #5990, #2829, #5158, #706, #9238, #8831, #8978, #7152, #8564, #2149, #7985, #7965, #4396, #5418, #1662, #6138, #7862, #4960, #5174, #2677 ) ) ;
#1602 = DIRECTION ( 'NONE',  ( 1.000000000000000000, 0.000000000000000000, 0.000000000000000000 ) ) ;
#1603 = VECTOR ( 'NONE', #2663, 1000.000000000000000 ) ;
#1604 = VERTEX_POINT ( 'NONE', #3824 ) ;
#1605 = DIRECTION ( 'NONE',  ( 0.000000000000000000, 0.000000000000000000, -1.000000000000000000 ) ) ;
#1606 = DIRECTION ( 'NONE',  ( 0.000000000000000000, 0.000000000000000000, 1.000000000000000000 ) ) ;
#1607 = CARTESIAN_POINT ( 'NONE',  ( -79.50000000000000000, -1.500000000000000000, -5.000000000000000000 ) ) ;
#1608 = CARTESIAN_POINT ( 'NONE',  ( -36.00000000000000711, -5.000000000000000000, -69.10000000000007958 ) ) ;
#1609 = VECTOR ( 'NONE', #6651, 1000.000000000000000 ) ;
#1610 = PLANE ( 'NONE',  #7860 ) ;
#1611 = ORIENTED_EDGE ( 'NONE', *, *, #7453, .T. ) ;
#1612 = ORIENTED_EDGE ( 'NONE', *, *, #8534, .F. ) ;
#1613 = EDGE_LOOP ( 'NONE', ( #4753, #1232 ) ) ;
#1614 = VERTEX_POINT ( 'NONE', #4747 ) ;
#1615 = CARTESIAN_POINT ( 'NONE',  ( -20.20000000000000639, 0.000000000000000000, -16.50000000000000000 ) ) ;
#1616 = CARTESIAN_POINT ( 'NONE',  ( 36.00000000000000711, -9.525483399593907663, -50.39999999999999858 ) ) ;
#1617 = LINE ( 'NONE', #9085, #3436 ) ;
#1618 = VECTOR ( 'NONE', #4135, 1000.000000000000000 ) ;
#1619 = CIRCLE ( 'NONE', #3623, 3.000000000000058176 ) ;
#1620 = LINE ( 'NONE', #4761, #2924 ) ;
#1621 = CARTESIAN_POINT ( 'NONE',  ( 53.54140070991198286, -5.000000000000000000, 36.26116050077934005 ) ) ;
#1622 = ORIENTED_EDGE ( 'NONE', *, *, #2612, .T. ) ;
#1623 = VECTOR ( 'NONE', #3283, 1000.000000000000000 ) ;
#1624 = EDGE_CURVE ( 'NONE', #6202, #1358, #2338, .T. ) ;
#1625 = DIRECTION ( 'NONE',  ( 0.000000000000000000, 1.000000000000000000, -0.000000000000000000 ) ) ;
#1626 = ORIENTED_EDGE ( 'NONE', *, *, #6498, .F. ) ;
#1627 = EDGE_CURVE ( 'NONE', #2435, #8523, #6020, .T. ) ;
#1628 = FACE_BOUND ( 'NONE', #2900, .T. ) ;
#1629 = ORIENTED_EDGE ( 'NONE', *, *, #8104, .T. ) ;
#1630 = CARTESIAN_POINT ( 'NONE',  ( -45.16312671864703532, 0.000000000000000000, -43.90297844118579462 ) ) ;
#1631 = LINE ( 'NONE', #2215, #8404 ) ;
#1632 = DIRECTION ( 'NONE',  ( -0.000000000000000000, -1.000000000000000000, -0.000000000000000000 ) ) ;
#1633 = LINE ( 'NONE', #7507, #3388 ) ;
#1634 = FACE_OUTER_BOUND ( 'NONE', #6512, .T. ) ;
#1635 = AXIS2_PLACEMENT_3D ( 'NONE', #6217, #500, #8625 ) ;
#1636 = DIRECTION ( 'NONE',  ( 0.000000000000000000, 0.000000000000000000, 1.000000000000000000 ) ) ;
#1637 = ORIENTED_EDGE ( 'NONE', *, *, #299, .T. ) ;
#1638 = ADVANCED_FACE ( 'NONE', ( #992 ), #5264, .T. ) ;
#1639 = EDGE_CURVE ( 'NONE', #3735, #1756, #8180, .T. ) ;
#1640 = DIRECTION ( 'NONE',  ( 0.000000000000000000, 0.000000000000000000, -1.000000000000000000 ) ) ;
#1641 = AXIS2_PLACEMENT_3D ( 'NONE', #6992, #1982, #6407 ) ;
#1642 = DIRECTION ( 'NONE',  ( -0.000000000000000000, -1.000000000000000000, -0.000000000000000000 ) ) ;
#1643 = FACE_OUTER_BOUND ( 'NONE', #1194, .T. ) ;
#1644 = CARTESIAN_POINT ( 'NONE',  ( -45.00000000000000000, -2.500000000000000000, -76.77890335241848163 ) ) ;
#1645 = EDGE_CURVE ( 'NONE', #1371, #2197, #7635, .T. ) ;
#1646 = FACE_OUTER_BOUND ( 'NONE', #3009, .T. ) ;
#1647 = ORIENTED_EDGE ( 'NONE', *, *, #9052, .F. ) ;
#1648 = DIRECTION ( 'NONE',  ( -0.000000000000000000, 1.000000000000000000, -0.000000000000000000 ) ) ;
#1649 = ORIENTED_EDGE ( 'NONE', *, *, #1880, .T. ) ;
#1650 = FACE_OUTER_BOUND ( 'NONE', #2139, .T. ) ;
#1651 = ORIENTED_EDGE ( 'NONE', *, *, #1189, .T. ) ;
#1652 = CARTESIAN_POINT ( 'NONE',  ( 17.11198410471442699, -5.000000000000000000, 21.08305191657944988 ) ) ;
#1653 = DIRECTION ( 'NONE',  ( 0.000000000000000000, -1.000000000000000000, 0.000000000000000000 ) ) ;
#1654 = LINE ( 'NONE', #4593, #2941 ) ;
#1655 = CARTESIAN_POINT ( 'NONE',  ( 0.000000000000000000, -3.500000000000000000, 0.000000000000000000 ) ) ;
#1656 = EDGE_CURVE ( 'NONE', #3502, #2672, #172, .T. ) ;
#1657 = CARTESIAN_POINT ( 'NONE',  ( 41.55417172183269514, -5.000000000000000000, -54.13410027434129290 ) ) ;
#1658 = ORIENTED_EDGE ( 'NONE', *, *, #9338, .T. ) ;
#1659 = EDGE_LOOP ( 'NONE', ( #7298, #2582, #6030, #5593, #6668, #549, #6329, #4899 ) ) ;
#1660 = VECTOR ( 'NONE', #3385, 1000.000000000000114 ) ;
#1661 = EDGE_LOOP ( 'NONE', ( #8889, #7139 ) ) ;
#1662 = ORIENTED_EDGE ( 'NONE', *, *, #6878, .T. ) ;
#1663 = CYLINDRICAL_SURFACE ( 'NONE', #6676, 1.250000000000001110 ) ;
#1664 = LINE ( 'NONE', #1616, #3327 ) ;
#1665 = CARTESIAN_POINT ( 'NONE',  ( 48.41519859989359986, 0.000000000000000000, -52.42345414538088022 ) ) ;
#1666 = CARTESIAN_POINT ( 'NONE',  ( 41.93318567206419090, -3.000000000000000000, 2.803201632453796943 ) ) ;
#1667 = AXIS2_PLACEMENT_3D ( 'NONE', #6538, #814, #8038 ) ;
#1668 = VECTOR ( 'NONE', #5873, 1000.000000000000000 ) ;
#1669 = CARTESIAN_POINT ( 'NONE',  ( -24.20000000000000284, 0.000000000000000000, -61.50000000000000000 ) ) ;
#1670 = EDGE_LOOP ( 'NONE', ( #8926, #3588, #162, #4077 ) ) ;
#1671 = EDGE_CURVE ( 'NONE', #6232, #7919, #6954, .T. ) ;
#1672 = FACE_OUTER_BOUND ( 'NONE', #4754, .T. ) ;
#1673 = EDGE_LOOP ( 'NONE', ( #368, #456, #4316, #4614 ) ) ;
#1674 = FACE_BOUND ( 'NONE', #7616, .T. ) ;
#1675 = CIRCLE ( 'NONE', #608, 1.600000000000000755 ) ;
#1676 = VERTEX_POINT ( 'NONE', #3777 ) ;
#1677 = VERTEX_POINT ( 'NONE', #5985 ) ;
#1678 = CARTESIAN_POINT ( 'NONE',  ( -79.50000000000000000, -5.000000000000000000, -0.3999999999999516165 ) ) ;
#1679 = AXIS2_PLACEMENT_3D ( 'NONE', #1916, #6291, #9365 ) ;
#1680 = DIRECTION ( 'NONE',  ( 0.000000000000000000, 1.000000000000000000, -0.000000000000000000 ) ) ;
#1681 = CYLINDRICAL_SURFACE ( 'NONE', #6692, 1.600000000000004086 ) ;
#1682 = CARTESIAN_POINT ( 'NONE',  ( -79.50000000000000000, -5.000000000000000000, -0.3999999999999516165 ) ) ;
#1683 = EDGE_CURVE ( 'NONE', #5585, #1452, #2384, .T. ) ;
#1684 = DIRECTION ( 'NONE',  ( 0.000000000000000000, 0.000000000000000000, -1.000000000000000000 ) ) ;
#1685 = CARTESIAN_POINT ( 'NONE',  ( 21.00000000000000711, -4.132137192898377442, -31.18435658819457501 ) ) ;
#1686 = VERTEX_POINT ( 'NONE', #5312 ) ;
#1687 = VECTOR ( 'NONE', #4728, 1000.000000000000000 ) ;
#1688 = DIRECTION ( 'NONE',  ( 1.000000000000000000, -0.000000000000000000, 0.000000000000000000 ) ) ;
#1689 = CIRCLE ( 'NONE', #6311, 5.000000000000000888 ) ;
#1690 = CARTESIAN_POINT ( 'NONE',  ( -62.57895013500902337, 0.000000000000000000, 34.29467888754832927 ) ) ;
#1691 = DIRECTION ( 'NONE',  ( 0.000000000000000000, 0.000000000000000000, -1.000000000000000000 ) ) ;
#1692 = DIRECTION ( 'NONE',  ( 0.000000000000000000, 0.000000000000000000, -1.000000000000000000 ) ) ;
#1693 = CIRCLE ( 'NONE', #9382, 1.600000000000002531 ) ;
#1694 = ADVANCED_FACE ( 'NONE', ( #8259 ), #6861, .F. ) ;
#1695 = EDGE_CURVE ( 'NONE', #8825, #8843, #4031, .T. ) ;
#1696 = EDGE_CURVE ( 'NONE', #1004, #3454, #2429, .T. ) ;
#1697 = AXIS2_PLACEMENT_3D ( 'NONE', #4474, #1438, #725 ) ;
#1698 = ADVANCED_FACE ( 'NONE', ( #321 ), #9398, .F. ) ;
#1699 = AXIS2_PLACEMENT_3D ( 'NONE', #8322, #4759, #5432 ) ;
#1700 = LINE ( 'NONE', #7732, #2398 ) ;
#1701 = EDGE_LOOP ( 'NONE', ( #1420, #5063, #5963, #3949 ) ) ;
#1702 = CIRCLE ( 'NONE', #8324, 4.149999999999997691 ) ;
#1703 = DIRECTION ( 'NONE',  ( 0.000000000000000000, 1.000000000000000000, 0.000000000000000000 ) ) ;
#1704 = ORIENTED_EDGE ( 'NONE', *, *, #4447, .T. ) ;
#1705 = DIRECTION ( 'NONE',  ( -0.000000000000000000, 1.000000000000000000, -0.000000000000000000 ) ) ;
#1706 = CIRCLE ( 'NONE', #1542, 1.599999999999997202 ) ;
#1707 = ORIENTED_EDGE ( 'NONE', *, *, #3413, .F. ) ;
#1708 = CARTESIAN_POINT ( 'NONE',  ( -37.04435528667421096, -5.000000000000000000, 72.39969434600293141 ) ) ;
#1709 = LINE ( 'NONE', #4647, #8344 ) ;
#1710 = EDGE_CURVE ( 'NONE', #665, #9329, #6186, .T. ) ;
#1711 = CARTESIAN_POINT ( 'NONE',  ( -47.46441486189568337, -4.935407510525756436, -44.29780388063179686 ) ) ;
#1712 = CIRCLE ( 'NONE', #2326, 2.000000000000000000 ) ;
#1713 = AXIS2_PLACEMENT_3D ( 'NONE', #3232, #1160, #4006 ) ;
#1714 = CYLINDRICAL_SURFACE ( 'NONE', #4215, 1.600000000000004086 ) ;
#1715 = AXIS2_PLACEMENT_3D ( 'NONE', #6709, #8971, #268 ) ;
#1716 = DIRECTION ( 'NONE',  ( 0.000000000000000000, 0.000000000000000000, -1.000000000000000000 ) ) ;
#1717 = ORIENTED_EDGE ( 'NONE', *, *, #9510, .T. ) ;
#1718 = EDGE_LOOP ( 'NONE', ( #7104, #6272, #7058, #1977, #7070, #4456 ) ) ;
#1719 = EDGE_LOOP ( 'NONE', ( #3521, #5744, #2201, #3946 ) ) ;
#1720 = ORIENTED_EDGE ( 'NONE', *, *, #4572, .F. ) ;
#1721 = CARTESIAN_POINT ( 'NONE',  ( -21.00000000000000355, 0.000000000000000000, -21.00000000000000000 ) ) ;
#1722 = CIRCLE ( 'NONE', #2033, 3.099999999999991651 ) ;
#1723 = DIRECTION ( 'NONE',  ( 0.000000000000000000, -1.000000000000000000, 0.000000000000000000 ) ) ;
#1724 = DIRECTION ( 'NONE',  ( -0.000000000000000000, -1.000000000000000000, 0.000000000000000000 ) ) ;
#1725 = AXIS2_PLACEMENT_3D ( 'NONE', #9072, #2485, #3260 ) ;
#1726 = EDGE_CURVE ( 'NONE', #1457, #4296, #343, .T. ) ;
#1727 = FACE_OUTER_BOUND ( 'NONE', #471, .T. ) ;
#1728 = FACE_OUTER_BOUND ( 'NONE', #3578, .T. ) ;
#1729 = VERTEX_POINT ( 'NONE', #6233 ) ;
#1730 = CYLINDRICAL_SURFACE ( 'NONE', #8787, 4.999999999999997335 ) ;
#1731 = VERTEX_POINT ( 'NONE', #1088 ) ;
#1732 = DIRECTION ( 'NONE',  ( 0.000000000000000000, -1.000000000000000000, 0.000000000000000000 ) ) ;
#1733 = EDGE_LOOP ( 'NONE', ( #6006, #5843, #5317, #8721 ) ) ;
#1734 = ORIENTED_EDGE ( 'NONE', *, *, #5028, .T. ) ;
#1735 = DIRECTION ( 'NONE',  ( 0.000000000000000000, 0.000000000000000000, -1.000000000000000000 ) ) ;
#1736 = CARTESIAN_POINT ( 'NONE',  ( 20.20000000000000284, 0.000000000000000000, -19.50000000000000355 ) ) ;
#1737 = LINE ( 'NONE', #2313, #9336 ) ;
#1738 = DIRECTION ( 'NONE',  ( -0.000000000000000000, 1.000000000000000000, -0.000000000000000000 ) ) ;
#1739 = AXIS2_PLACEMENT_3D ( 'NONE', #511, #3446, #9218 ) ;
#1740 = CONICAL_SURFACE ( 'NONE', #1268, 3.099999999999991651, 0.7853981633974501664 ) ;
#1741 = DIRECTION ( 'NONE',  ( 0.000000000000000000, 0.000000000000000000, -1.000000000000000000 ) ) ;
#1742 = CARTESIAN_POINT ( 'NONE',  ( 33.26989437906256342, 0.000000000000000000, -1.324434976139800213 ) ) ;
#1743 = VERTEX_POINT ( 'NONE', #3306 ) ;
#1744 = CARTESIAN_POINT ( 'NONE',  ( -30.75914498161409583, -5.000000000000000000, 59.04341622907708853 ) ) ;
#1745 = DIRECTION ( 'NONE',  ( -0.000000000000000000, 1.000000000000000000, -0.000000000000000000 ) ) ;
#1746 = CARTESIAN_POINT ( 'NONE',  ( 62.67442126558891857, -9.525483399593916545, -13.15929021731400361 ) ) ;
#1747 = VERTEX_POINT ( 'NONE', #371 ) ;
#1748 = VECTOR ( 'NONE', #3189, 1000.000000000000114 ) ;
#1749 = ORIENTED_EDGE ( 'NONE', *, *, #5060, .T. ) ;
#1750 = EDGE_CURVE ( 'NONE', #8843, #5892, #4028, .T. ) ;
#1751 = PLANE ( 'NONE',  #859 ) ;
#1752 = EDGE_CURVE ( 'NONE', #366, #2000, #9059, .T. ) ;
#1753 = VERTEX_POINT ( 'NONE', #8349 ) ;
#1754 = EDGE_CURVE ( 'NONE', #2246, #8317, #6475, .T. ) ;
#1755 = CARTESIAN_POINT ( 'NONE',  ( -5.499999999999998224, -10.00000000000000000, 17.50000000000000000 ) ) ;
#1756 = VERTEX_POINT ( 'NONE', #884 ) ;
#1757 = CIRCLE ( 'NONE', #6342, 2.000000000000000000 ) ;
#1758 = FACE_OUTER_BOUND ( 'NONE', #2047, .T. ) ;
#1759 = ORIENTED_EDGE ( 'NONE', *, *, #7284, .F. ) ;
#1760 = EDGE_CURVE ( 'NONE', #3361, #7309, #5196, .T. ) ;
#1761 = DIRECTION ( 'NONE',  ( -0.000000000000000000, -1.000000000000000000, -0.000000000000000000 ) ) ;
#1762 = DIRECTION ( 'NONE',  ( -0.000000000000000000, -1.000000000000000000, -0.000000000000000000 ) ) ;
#1763 = CARTESIAN_POINT ( 'NONE',  ( -24.20000000000000284, -5.000000000000000000, -60.00000000000000000 ) ) ;
#1764 = FACE_OUTER_BOUND ( 'NONE', #4792, .T. ) ;
#1765 = AXIS2_PLACEMENT_3D ( 'NONE', #260, #6142, #1772 ) ;
#1766 = DIRECTION ( 'NONE',  ( -0.000000000000000000, 1.000000000000000000, -0.000000000000000000 ) ) ;
#1767 = ORIENTED_EDGE ( 'NONE', *, *, #3195, .T. ) ;
#1768 = ADVANCED_FACE ( 'NONE', ( #3044 ), #4628, .F. ) ;
#1769 = ORIENTED_EDGE ( 'NONE', *, *, #8360, .T. ) ;
#1770 = VERTEX_POINT ( 'NONE', #4682 ) ;
#1771 = EDGE_LOOP ( 'NONE', ( #6409, #2908, #4350, #999, #9098, #2853 ) ) ;
#1772 = DIRECTION ( 'NONE',  ( 0.000000000000000000, 0.000000000000000000, -1.000000000000000000 ) ) ;
#1773 = DIRECTION ( 'NONE',  ( 0.000000000000000000, 0.000000000000000000, 1.000000000000000000 ) ) ;
#1774 = DIRECTION ( 'NONE',  ( -0.000000000000000000, -1.000000000000000000, -0.000000000000000000 ) ) ;
#1775 = CARTESIAN_POINT ( 'NONE',  ( -24.18305191657981013, -3.499999999999976907, 15.51198410471387135 ) ) ;
#1776 = CIRCLE ( 'NONE', #9443, 3.000000000000002665 ) ;
#1777 = ORIENTED_EDGE ( 'NONE', *, *, #1656, .T. ) ;
#1778 = FACE_OUTER_BOUND ( 'NONE', #4575, .T. ) ;
#1779 = EDGE_LOOP ( 'NONE', ( #8106, #7167, #4438, #4692, #1839, #2496, #184, #1504 ) ) ;
#1780 = FACE_BOUND ( 'NONE', #2817, .T. ) ;
#1781 = CONICAL_SURFACE ( 'NONE', #7924, 3.099999999999936140, 0.7853981633974421728 ) ;
#1782 = AXIS2_PLACEMENT_3D ( 'NONE', #5775, #6412, #4201 ) ;
#1783 = VERTEX_POINT ( 'NONE', #779 ) ;
#1784 = ORIENTED_EDGE ( 'NONE', *, *, #6164, .F. ) ;
#1785 = DIRECTION ( 'NONE',  ( 0.000000000000000000, 0.000000000000000000, -1.000000000000000000 ) ) ;
#1786 = CARTESIAN_POINT ( 'NONE',  ( -41.93318567206419090, 0.000000000000000000, 2.803201632453797387 ) ) ;
#1787 = CYLINDRICAL_SURFACE ( 'NONE', #703, 1.599999999999997202 ) ;
#1788 = CARTESIAN_POINT ( 'NONE',  ( 3.000000000000003997, 0.000000000000000000, 15.00000000000000000 ) ) ;
#1789 = AXIS2_PLACEMENT_3D ( 'NONE', #4204, #558, #687 ) ;
#1790 = DIRECTION ( 'NONE',  ( 0.5150380749100552658, 0.000000000000000000, -0.8571673007021115565 ) ) ;
#1791 = VECTOR ( 'NONE', #7661, 1000.000000000000000 ) ;
#1792 = CARTESIAN_POINT ( 'NONE',  ( -24.20000000000000639, -5.000000000000000000, -27.00000000000006040 ) ) ;
#1793 = CONICAL_SURFACE ( 'NONE', #8407, 1.599999999999997202, 0.7853981633974557175 ) ;
#1794 = ORIENTED_EDGE ( 'NONE', *, *, #4983, .F. ) ;
#1795 = EDGE_CURVE ( 'NONE', #8074, #8475, #981, .T. ) ;
#1796 = CARTESIAN_POINT ( 'NONE',  ( -33.58757210636075285, -3.499999999999972911, 50.37234841721099343 ) ) ;
#1797 = CARTESIAN_POINT ( 'NONE',  ( 86.71302124127555544, -5.000000000000000000, -14.99506409489776360 ) ) ;
#1798 = CARTESIAN_POINT ( 'NONE',  ( -24.18305191657981013, 0.000000000000000000, 18.71198410471387419 ) ) ;
#1799 = VERTEX_POINT ( 'NONE', #1594 ) ;
#1800 = VERTEX_POINT ( 'NONE', #5299 ) ;
#1801 = AXIS2_PLACEMENT_3D ( 'NONE', #6348, #7711, #6256 ) ;
#1802 = CARTESIAN_POINT ( 'NONE',  ( -36.00000000000000711, -5.000000000000000000, -66.00000000000000000 ) ) ;
#1803 = ORIENTED_EDGE ( 'NONE', *, *, #240, .T. ) ;
#1804 = LINE ( 'NONE', #3351, #2759 ) ;
#1805 = ORIENTED_EDGE ( 'NONE', *, *, #1980, .T. ) ;
#1806 = CARTESIAN_POINT ( 'NONE',  ( 43.96751866459680258, -3.000000000000000000, -34.58478426242284343 ) ) ;
#1807 = ORIENTED_EDGE ( 'NONE', *, *, #7941, .T. ) ;
#1808 = DIRECTION ( 'NONE',  ( -1.000000000000000000, -0.000000000000000000, -0.000000000000000000 ) ) ;
#1809 = ADVANCED_FACE ( 'NONE', ( #8295 ), #56, .F. ) ;
#1810 = CARTESIAN_POINT ( 'NONE',  ( -71.59191197084614089, -5.000000000000000000, -13.85092561378544218 ) ) ;
#1811 = LINE ( 'NONE', #4073, #1163 ) ;
#1812 = ORIENTED_EDGE ( 'NONE', *, *, #5391, .F. ) ;
#1813 = ORIENTED_EDGE ( 'NONE', *, *, #7937, .F. ) ;
#1814 = ORIENTED_EDGE ( 'NONE', *, *, #1121, .T. ) ;
#1815 = ORIENTED_EDGE ( 'NONE', *, *, #3307, .T. ) ;
#1816 = CARTESIAN_POINT ( 'NONE',  ( 79.50000000000000000, -1.500000000000000000, -9.149999999999998579 ) ) ;
#1817 = CARTESIAN_POINT ( 'NONE',  ( 24.18305191657981013, -5.000000000000000000, 17.11198410471387277 ) ) ;
#1818 = ADVANCED_FACE ( 'NONE', ( #3912 ), #3809, .F. ) ;
#1819 = DIRECTION ( 'NONE',  ( -0.000000000000000000, -1.000000000000000000, -0.000000000000000000 ) ) ;
#1820 = EDGE_CURVE ( 'NONE', #9495, #1604, #5747, .T. ) ;
#1821 = EDGE_CURVE ( 'NONE', #8456, #6383, #1545, .T. ) ;
#1822 = LINE ( 'NONE', #6147, #5365 ) ;
#1823 = FACE_OUTER_BOUND ( 'NONE', #4314, .T. ) ;
#1824 = VECTOR ( 'NONE', #6743, 1000.000000000000000 ) ;
#1825 = ADVANCED_FACE ( 'NONE', ( #1643 ), #6025, .T. ) ;
#1826 = CARTESIAN_POINT ( 'NONE',  ( -36.00000000000000711, -3.499999999999946709, -66.00000000000000000 ) ) ;
#1827 = ORIENTED_EDGE ( 'NONE', *, *, #2406, .T. ) ;
#1828 = VECTOR ( 'NONE', #2119, 1000.000000000000000 ) ;
#1829 = ORIENTED_EDGE ( 'NONE', *, *, #2810, .T. ) ;
#1830 = ORIENTED_EDGE ( 'NONE', *, *, #8361, .T. ) ;
#1831 = DIRECTION ( 'NONE',  ( -0.000000000000000000, -1.000000000000000000, 0.000000000000000000 ) ) ;
#1832 = DIRECTION ( 'NONE',  ( -0.000000000000000000, 1.000000000000000000, -0.000000000000000000 ) ) ;
#1833 = LINE ( 'NONE', #4773, #7310 ) ;
#1834 = DIRECTION ( 'NONE',  ( 8.659560562354947649E-17, -0.7071067811865464625, 0.7071067811865486830 ) ) ;
#1835 = AXIS2_PLACEMENT_3D ( 'NONE', #1455, #1357, #5703 ) ;
#1836 = LINE ( 'NONE', #3287, #4636 ) ;
#1837 = EDGE_CURVE ( 'NONE', #6868, #2648, #8964, .T. ) ;
#1838 = DIRECTION ( 'NONE',  ( -2.775557561562890957E-15, 0.000000000000000000, -1.000000000000000000 ) ) ;
#1839 = ORIENTED_EDGE ( 'NONE', *, *, #4334, .T. ) ;
#1840 = AXIS2_PLACEMENT_3D ( 'NONE', #2261, #5862, #4470 ) ;
#1841 = CARTESIAN_POINT ( 'NONE',  ( -53.90887556833368421, -4.899833574250057389, 35.89368564235806502 ) ) ;
#1842 = DIRECTION ( 'NONE',  ( 0.000000000000000000, 0.000000000000000000, -1.000000000000000000 ) ) ;
#1843 = CARTESIAN_POINT ( 'NONE',  ( 21.00000000000000355, -5.000000000000004441, -21.00000000000000000 ) ) ;
#1844 = CARTESIAN_POINT ( 'NONE',  ( 28.11951362996199677, -5.000000000000000000, -9.896107983160918664 ) ) ;
#1845 = ORIENTED_EDGE ( 'NONE', *, *, #7592, .F. ) ;
#1846 = CIRCLE ( 'NONE', #3996, 5.000000000000004441 ) ;
#1847 = EDGE_CURVE ( 'NONE', #5378, #5135, #2996, .T. ) ;
#1848 = AXIS2_PLACEMENT_3D ( 'NONE', #4941, #7747, #2732 ) ;
#1849 = ORIENTED_EDGE ( 'NONE', *, *, #4061, .T. ) ;
#1850 = CARTESIAN_POINT ( 'NONE',  ( -17.11198410471442699, 0.000000000000000000, 22.58305191657944277 ) ) ;
#1851 = ORIENTED_EDGE ( 'NONE', *, *, #6053, .F. ) ;
#1852 = DIRECTION ( 'NONE',  ( -0.000000000000000000, 1.000000000000000000, -0.000000000000000000 ) ) ;
#1853 = AXIS2_PLACEMENT_3D ( 'NONE', #6937, #4674, #5445 ) ;
#1854 = EDGE_LOOP ( 'NONE', ( #7168, #8544 ) ) ;
#1855 = FACE_OUTER_BOUND ( 'NONE', #2504, .T. ) ;
#1856 = ORIENTED_EDGE ( 'NONE', *, *, #1624, .T. ) ;
#1857 = CIRCLE ( 'NONE', #3686, 3.099999999999936140 ) ;
#1858 = AXIS2_PLACEMENT_3D ( 'NONE', #4943, #7928, #5714 ) ;
#1859 = CIRCLE ( 'NONE', #6315, 1.500000000000001332 ) ;
#1860 = DIRECTION ( 'NONE',  ( 0.000000000000000000, 1.000000000000000000, -0.000000000000000000 ) ) ;
#1861 = CONICAL_SURFACE ( 'NONE', #9240, 1.599999999999997202, 0.7853981633974557175 ) ;
#1862 = DIRECTION ( 'NONE',  ( 0.000000000000000000, 0.000000000000000000, -1.000000000000000000 ) ) ;
#1863 = ORIENTED_EDGE ( 'NONE', *, *, #3390, .T. ) ;
#1864 = VECTOR ( 'NONE', #8470, 1000.000000000000000 ) ;
#1865 = ORIENTED_EDGE ( 'NONE', *, *, #5647, .F. ) ;
#1866 = ORIENTED_EDGE ( 'NONE', *, *, #3959, .T. ) ;
#1867 = VERTEX_POINT ( 'NONE', #7518 ) ;
#1868 = LINE ( 'NONE', #5573, #2477 ) ;
#1869 = VECTOR ( 'NONE', #5210, 1000.000000000000000 ) ;
#1870 = AXIS2_PLACEMENT_3D ( 'NONE', #5245, #771, #5340 ) ;
#1871 = CARTESIAN_POINT ( 'NONE',  ( -85.19872855988081994, -5.000000000000000000, -22.02672585246718029 ) ) ;
#1872 = CARTESIAN_POINT ( 'NONE',  ( 79.50000000000000000, -1.500000000000000000, -5.000000000000000888 ) ) ;
#1873 = AXIS2_PLACEMENT_3D ( 'NONE', #2626, #6273, #8455 ) ;
#1874 = CARTESIAN_POINT ( 'NONE',  ( -33.49999999999998579, -4.476344936519779161, -66.64199480880641602 ) ) ;
#1875 = FACE_OUTER_BOUND ( 'NONE', #8979, .T. ) ;
#1876 = VERTEX_POINT ( 'NONE', #2372 ) ;
#1877 = VECTOR ( 'NONE', #1886, 1000.000000000000000 ) ;
#1878 = CIRCLE ( 'NONE', #501, 2.100000000000000977 ) ;
#1879 = AXIS2_PLACEMENT_3D ( 'NONE', #1059, #526, #6343 ) ;
#1880 = EDGE_CURVE ( 'NONE', #5561, #8402, #835, .T. ) ;
#1881 = ORIENTED_EDGE ( 'NONE', *, *, #4978, .F. ) ;
#1882 = VECTOR ( 'NONE', #5163, 999.9999999999998863 ) ;
#1883 = ADVANCED_FACE ( 'NONE', ( #5968 ), #3145, .F. ) ;
#1884 = ORIENTED_EDGE ( 'NONE', *, *, #8642, .T. ) ;
#1885 = VERTEX_POINT ( 'NONE', #6847 ) ;
#1886 = DIRECTION ( 'NONE',  ( 0.000000000000000000, 1.000000000000000000, 0.000000000000000000 ) ) ;
#1887 = CARTESIAN_POINT ( 'NONE',  ( -45.16312671864703532, -5.000000000000000000, -39.20297844118572073 ) ) ;
#1888 = DIRECTION ( 'NONE',  ( 0.000000000000000000, 0.000000000000000000, -1.000000000000000000 ) ) ;
#1889 = DIRECTION ( 'NONE',  ( 0.000000000000000000, -1.000000000000000000, 0.000000000000000000 ) ) ;
#1890 = EDGE_CURVE ( 'NONE', #4888, #4194, #5456, .T. ) ;
#1891 = CARTESIAN_POINT ( 'NONE',  ( 31.00000000000000000, -5.000000000000000000, -59.00000000000000000 ) ) ;
#1892 = DIRECTION ( 'NONE',  ( 1.000000000000000000, 0.000000000000000000, -3.717264591378873190E-16 ) ) ;
#1893 = CIRCLE ( 'NONE', #2946, 1.599999999999997202 ) ;
#1894 = ORIENTED_EDGE ( 'NONE', *, *, #4156, .T. ) ;
#1895 = DIRECTION ( 'NONE',  ( 0.000000000000000000, -0.000000000000000000, 1.000000000000000000 ) ) ;
#1896 = ADVANCED_FACE ( 'NONE', ( #4602 ), #7444, .T. ) ;
#1897 =( NAMED_UNIT ( * ) PLANE_ANGLE_UNIT ( ) SI_UNIT ( $, .RADIAN. ) );
#1898 = DIRECTION ( 'NONE',  ( 0.000000000000000000, -1.000000000000000000, 0.000000000000000000 ) ) ;
#1899 = CARTESIAN_POINT ( 'NONE',  ( -20.20000000000000639, -3.499999999999962252, 1.999999999999998224 ) ) ;
#1900 = EDGE_LOOP ( 'NONE', ( #422, #1704, #8567, #4394 ) ) ;
#1901 = ORIENTED_EDGE ( 'NONE', *, *, #8631, .F. ) ;
#1902 = DIRECTION ( 'NONE',  ( 0.000000000000000000, -1.000000000000000000, 0.000000000000000000 ) ) ;
#1903 = EDGE_CURVE ( 'NONE', #7678, #1263, #5321, .T. ) ;
#1904 = DIRECTION ( 'NONE',  ( -0.000000000000000000, 1.000000000000000000, -0.000000000000000000 ) ) ;
#1905 = VERTEX_POINT ( 'NONE', #6870 ) ;
#1906 = DIRECTION ( 'NONE',  ( 0.000000000000000000, 0.000000000000000000, 1.000000000000000000 ) ) ;
#1907 = DIRECTION ( 'NONE',  ( 0.000000000000000000, 1.000000000000000000, 0.000000000000000000 ) ) ;
#1908 = CARTESIAN_POINT ( 'NONE',  ( -45.16312671864703532, -3.499999999999944933, -42.30297844118579320 ) ) ;
#1909 = VERTEX_POINT ( 'NONE', #6825 ) ;
#1910 = AXIS2_PLACEMENT_3D ( 'NONE', #5912, #8861, #5191 ) ;
#1911 = VERTEX_POINT ( 'NONE', #855 ) ;
#1912 = EDGE_LOOP ( 'NONE', ( #4361, #5454, #3656, #5192, #4996, #1777, #2530, #7501, #3712, #3736, #7326, #8952, #6285, #7625, #392, #449, #9205, #8777, #7107, #8447, #6927, #4412, #3223, #2727, #7450, #7953, #1784, #2558, #6442, #5081, #8371, #6633, #139, #3887, #8433, #7750, #7187, #31, #6885, #3092, #8351, #9042, #8168, #2954, #8115, #9051, #8658, #7437, #6192, #120, #4087, #2446, #8646, #6140, #7252, #6155, #1014, #4966, #2508, #5846, #4503, #4467, #4253, #3460, #2192, #3499, #1881, #4347, #5707 ) ) ;
#1913 = ORIENTED_EDGE ( 'NONE', *, *, #1459, .T. ) ;
#1914 = FACE_BOUND ( 'NONE', #6252, .T. ) ;
#1915 = CARTESIAN_POINT ( 'NONE',  ( -39.00000000000000000, -2.500000000000000000, -51.27890335241848163 ) ) ;
#1916 = CARTESIAN_POINT ( 'NONE',  ( -62.67442126558891857, -5.000000000000000000, -13.15929021731400361 ) ) ;
#1917 = DIRECTION ( 'NONE',  ( 0.000000000000000000, 1.000000000000000000, 0.000000000000000000 ) ) ;
#1918 = CARTESIAN_POINT ( 'NONE',  ( -51.97234841721098775, 0.000000000000000000, 33.58757210636076707 ) ) ;
#1919 = VERTEX_POINT ( 'NONE', #3834 ) ;
#1920 = ADVANCED_FACE ( 'NONE', ( #281 ), #3788, .F. ) ;
#1921 = ORIENTED_EDGE ( 'NONE', *, *, #3583, .T. ) ;
#1922 = EDGE_LOOP ( 'NONE', ( #4141, #2138, #2736, #1197 ) ) ;
#1923 = VERTEX_POINT ( 'NONE', #7645 ) ;
#1924 = LINE ( 'NONE', #8482, #6017 ) ;
#1925 = CARTESIAN_POINT ( 'NONE',  ( -62.67442126558891857, -5.000000000000000000, -10.05929021731392936 ) ) ;
#1926 = CARTESIAN_POINT ( 'NONE',  ( -36.07987469485740917, -4.935407510525836372, 53.72268651583389243 ) ) ;
#1927 = CARTESIAN_POINT ( 'NONE',  ( 36.00000000000000711, -3.500000000000043077, -50.39999999999999858 ) ) ;
#1928 = AXIS2_PLACEMENT_3D ( 'NONE', #3573, #7035, #6445 ) ;
#1929 = FACE_OUTER_BOUND ( 'NONE', #1719, .T. ) ;
#1930 = CARTESIAN_POINT ( 'NONE',  ( -51.97234841721098775, 0.000000000000000000, 31.98757210636076564 ) ) ;
#1931 = EDGE_CURVE ( 'NONE', #1876, #3329, #3310, .T. ) ;
#1932 = EDGE_CURVE ( 'NONE', #2434, #923, #3612, .T. ) ;
#1933 = ADVANCED_FACE ( 'NONE', ( #1051 ), #1573, .T. ) ;
#1934 = ORIENTED_EDGE ( 'NONE', *, *, #5822, .F. ) ;
#1935 = AXIS2_PLACEMENT_3D ( 'NONE', #7279, #1223, #650 ) ;
#1936 = DIRECTION ( 'NONE',  ( 0.000000000000000000, 1.000000000000000000, -0.000000000000000000 ) ) ;
#1937 = CARTESIAN_POINT ( 'NONE',  ( 42.00000000000000000, -2.500000000000000000, -51.27890335241848163 ) ) ;
#1938 = DIRECTION ( 'NONE',  ( 0.7071067811865388020, -0.000000000000000000, -0.7071067811865563435 ) ) ;
#1939 = ORIENTED_EDGE ( 'NONE', *, *, #8915, .F. ) ;
#1940 = AXIS2_PLACEMENT_3D ( 'NONE', #46, #3084, #6109 ) ;
#1941 = VECTOR ( 'NONE', #1972, 1000.000000000000000 ) ;
#1942 = VECTOR ( 'NONE', #8054, 1000.000000000000000 ) ;
#1943 = EDGE_CURVE ( 'NONE', #1003, #1130, #9083, .T. ) ;
#1944 = ADVANCED_FACE ( 'NONE', ( #3071 ), #3271, .F. ) ;
#1945 = ADVANCED_FACE ( 'NONE', ( #6093 ), #1663, .F. ) ;
#1946 = ORIENTED_EDGE ( 'NONE', *, *, #6878, .F. ) ;
#1947 = EDGE_CURVE ( 'NONE', #5066, #65, #8220, .T. ) ;
#1948 = DIRECTION ( 'NONE',  ( 0.000000000000000000, 0.000000000000000000, 1.000000000000000000 ) ) ;
#1949 = DIRECTION ( 'NONE',  ( -0.000000000000000000, -1.000000000000000000, 0.000000000000000000 ) ) ;
#1950 = VERTEX_POINT ( 'NONE', #1615 ) ;
#1951 = CIRCLE ( 'NONE', #7796, 3.100000000000047162 ) ;
#1952 = DIRECTION ( 'NONE',  ( 0.000000000000000000, 1.000000000000000000, -0.000000000000000000 ) ) ;
#1953 = CARTESIAN_POINT ( 'NONE',  ( -79.50000000000000000, -1.500000000000000000, -0.8500000000000026423 ) ) ;
#1954 = ORIENTED_EDGE ( 'NONE', *, *, #9177, .F. ) ;
#1955 = FACE_BOUND ( 'NONE', #1661, .T. ) ;
#1956 = ORIENTED_EDGE ( 'NONE', *, *, #7227, .T. ) ;
#1957 = ORIENTED_EDGE ( 'NONE', *, *, #2915, .T. ) ;
#1958 = ORIENTED_EDGE ( 'NONE', *, *, #5648, .T. ) ;
#1959 = ORIENTED_EDGE ( 'NONE', *, *, #6596, .F. ) ;
#1960 = FACE_BOUND ( 'NONE', #6670, .T. ) ;
#1961 = CARTESIAN_POINT ( 'NONE',  ( 62.67442126558891857, -5.000000000000000000, -13.15929021731400361 ) ) ;
#1962 = EDGE_CURVE ( 'NONE', #7604, #6270, #3756, .T. ) ;
#1963 = CARTESIAN_POINT ( 'NONE',  ( -43.96751866459680258, -3.000000000000000000, -34.58478426242284343 ) ) ;
#1964 = CARTESIAN_POINT ( 'NONE',  ( 51.97234841721098775, -5.000000000000000000, 33.58757210636076707 ) ) ;
#1965 = DIRECTION ( 'NONE',  ( 0.000000000000000000, 0.000000000000000000, 1.000000000000000000 ) ) ;
#1966 = ORIENTED_EDGE ( 'NONE', *, *, #5281, .F. ) ;
#1967 = ORIENTED_EDGE ( 'NONE', *, *, #3995, .T. ) ;
#1968 = ORIENTED_EDGE ( 'NONE', *, *, #8043, .T. ) ;
#1969 = ORIENTED_EDGE ( 'NONE', *, *, #2826, .F. ) ;
#1970 = LINE ( 'NONE', #1248, #6261 ) ;
#1971 = CARTESIAN_POINT ( 'NONE',  ( 35.52140724479490075, -4.900167633572868553, 54.28115396589689823 ) ) ;
#1972 = DIRECTION ( 'NONE',  ( -0.000000000000000000, 1.000000000000000000, -0.000000000000000000 ) ) ;
#1973 = DIRECTION ( 'NONE',  ( -0.000000000000000000, 1.000000000000000000, -0.000000000000000000 ) ) ;
#1974 = DIRECTION ( 'NONE',  ( 0.000000000000000000, 0.000000000000000000, 1.000000000000000000 ) ) ;
#1975 = DIRECTION ( 'NONE',  ( 0.000000000000000000, 1.000000000000000000, 0.000000000000000000 ) ) ;
#1976 = AXIS2_PLACEMENT_3D ( 'NONE', #1937, #2799, #6585 ) ;
#1977 = ORIENTED_EDGE ( 'NONE', *, *, #2810, .F. ) ;
#1978 = CARTESIAN_POINT ( 'NONE',  ( 24.20000000000000639, -3.500000000000006661, -22.50000000000000355 ) ) ;
#1979 = AXIS2_PLACEMENT_3D ( 'NONE', #5298, #55, #4385 ) ;
#1980 = EDGE_CURVE ( 'NONE', #7560, #5476, #1446, .T. ) ;
#1981 = CARTESIAN_POINT ( 'NONE',  ( 42.96326182188430920, -3.000000000000000000, 4.517536233858021610 ) ) ;
#1982 = DIRECTION ( 'NONE',  ( 0.000000000000000000, -1.000000000000000000, 0.000000000000000000 ) ) ;
#1983 = AXIS2_PLACEMENT_3D ( 'NONE', #8230, #7105, #4612 ) ;
#1984 = ORIENTED_EDGE ( 'NONE', *, *, #1405, .F. ) ;
#1985 = DIRECTION ( 'NONE',  ( 0.000000000000000000, 0.000000000000000000, -1.000000000000000000 ) ) ;
#1986 = CARTESIAN_POINT ( 'NONE',  ( -0.9999999999999961142, 0.000000000000000000, 50.11904464837144246 ) ) ;
#1987 = EDGE_CURVE ( 'NONE', #3441, #9406, #390, .T. ) ;
#1988 = VERTEX_POINT ( 'NONE', #1721 ) ;
#1989 = EDGE_CURVE ( 'NONE', #3932, #6645, #4659, .T. ) ;
#1990 = VECTOR ( 'NONE', #5307, 999.9999999999998863 ) ;
#1991 = ADVANCED_FACE ( 'NONE', ( #2300 ), #1005, .F. ) ;
#1992 = CIRCLE ( 'NONE', #2898, 3.100000000000012523 ) ;
#1993 = EDGE_CURVE ( 'NONE', #8402, #7342, #3362, .T. ) ;
#1994 = FACE_OUTER_BOUND ( 'NONE', #5657, .T. ) ;
#1995 = CIRCLE ( 'NONE', #9375, 3.000000000000002665 ) ;
#1996 = DIRECTION ( 'NONE',  ( -0.000000000000000000, 1.000000000000000000, -0.000000000000000000 ) ) ;
#1997 = ORIENTED_EDGE ( 'NONE', *, *, #1993, .T. ) ;
#1998 = DIRECTION ( 'NONE',  ( 0.000000000000000000, 0.000000000000000000, -1.000000000000000000 ) ) ;
#1999 = ORIENTED_EDGE ( 'NONE', *, *, #4760, .T. ) ;
#2000 = VERTEX_POINT ( 'NONE', #8559 ) ;
#2001 = ADVANCED_FACE ( 'NONE', ( #9182 ), #9320, .F. ) ;
#2002 = VECTOR ( 'NONE', #2922, 1000.000000000000000 ) ;
#2003 = ORIENTED_EDGE ( 'NONE', *, *, #9230, .T. ) ;
#2004 = EDGE_LOOP ( 'NONE', ( #3570, #529, #2911, #1845 ) ) ;
#2005 = FACE_BOUND ( 'NONE', #3059, .T. ) ;
#2006 = AXIS2_PLACEMENT_3D ( 'NONE', #5636, #1889, #9195 ) ;
#2007 = DIRECTION ( 'NONE',  ( -0.000000000000000000, -1.000000000000000000, -0.000000000000000000 ) ) ;
#2008 = DIRECTION ( 'NONE',  ( 0.000000000000000000, -1.000000000000000000, 0.000000000000000000 ) ) ;
#2009 = ORIENTED_EDGE ( 'NONE', *, *, #6336, .T. ) ;
#2010 = DIRECTION ( 'NONE',  ( 0.000000000000000000, 0.000000000000000000, -1.000000000000000000 ) ) ;
#2011 = AXIS2_PLACEMENT_3D ( 'NONE', #7018, #3942, #3172 ) ;
#2012 = DIRECTION ( 'NONE',  ( 0.000000000000000000, 0.000000000000000000, 1.000000000000000000 ) ) ;
#2013 = VERTEX_POINT ( 'NONE', #4851 ) ;
#2014 = ORIENTED_EDGE ( 'NONE', *, *, #5459, .T. ) ;
#2015 = CIRCLE ( 'NONE', #6319, 1.600000000000004086 ) ;
#2016 = ADVANCED_FACE ( 'NONE', ( #1960, #1145, #5620, #1914, #7016, #6972, #566, #1188, #4170, #4890, #7788, #6378, #6334, #519, #2730, #380, #7833, #2005, #5663, #4937, #1234, #6194, #7882, #1278, #9276, #2637 ), #2547, .T. ) ;
#2017 = ORIENTED_EDGE ( 'NONE', *, *, #2792, .T. ) ;
#2018 = AXIS2_PLACEMENT_3D ( 'NONE', #6040, #7051, #7783 ) ;
#2019 = VERTEX_POINT ( 'NONE', #4213 ) ;
#2020 = DIRECTION ( 'NONE',  ( -0.000000000000000000, -1.000000000000000000, 0.000000000000000000 ) ) ;
#2021 = CARTESIAN_POINT ( 'NONE',  ( -62.67442126558891857, -9.525483399593916545, -13.15929021731400361 ) ) ;
#2022 = DIRECTION ( 'NONE',  ( -0.000000000000000000, 1.000000000000000000, -0.000000000000000000 ) ) ;
#2023 = AXIS2_PLACEMENT_3D ( 'NONE', #2121, #7950, #5772 ) ;
#2024 = PLANE ( 'NONE',  #7540 ) ;
#2025 = DIRECTION ( 'NONE',  ( 0.000000000000000000, 0.000000000000000000, 1.000000000000000000 ) ) ;
#2026 = AXIS2_PLACEMENT_3D ( 'NONE', #1019, #8235, #1065 ) ;
#2027 = ORIENTED_EDGE ( 'NONE', *, *, #7285, .T. ) ;
#2028 = VECTOR ( 'NONE', #5911, 1000.000000000000000 ) ;
#2029 = AXIS2_PLACEMENT_3D ( 'NONE', #8905, #9521, #5866 ) ;
#2030 = CARTESIAN_POINT ( 'NONE',  ( 62.57895013500987602, 0.000000000000000000, 29.29467888754678739 ) ) ;
#2031 = CARTESIAN_POINT ( 'NONE',  ( 62.67442126558891857, -3.499999999999963141, -13.15929021731400361 ) ) ;
#2032 = CARTESIAN_POINT ( 'NONE',  ( 21.00000000000000355, 0.000000000000000000, -21.00000000000000000 ) ) ;
#2033 = AXIS2_PLACEMENT_3D ( 'NONE', #3336, #9151, #7664 ) ;
#2034 = AXIS2_PLACEMENT_3D ( 'NONE', #7407, #3655, #92 ) ;
#2035 = ORIENTED_EDGE ( 'NONE', *, *, #53, .F. ) ;
#2036 = DIRECTION ( 'NONE',  ( -0.000000000000000000, -1.000000000000000000, -0.000000000000000000 ) ) ;
#2037 = CARTESIAN_POINT ( 'NONE',  ( 39.00000000000000000, -2.500000000000000000, -51.27890335241848163 ) ) ;
#2038 = EDGE_CURVE ( 'NONE', #1398, #19, #8986, .T. ) ;
#2039 = EDGE_CURVE ( 'NONE', #5659, #3210, #685, .T. ) ;
#2040 = CARTESIAN_POINT ( 'NONE',  ( 17.00000000000000000, 0.000000000000000000, 10.99999999999999645 ) ) ;
#2041 = EDGE_CURVE ( 'NONE', #599, #7678, #8424, .T. ) ;
#2042 = CARTESIAN_POINT ( 'NONE',  ( 61.64803358821274060, 0.000000000000000000, -9.042674090477497373 ) ) ;
#2043 = ORIENTED_EDGE ( 'NONE', *, *, #9175, .T. ) ;
#2044 = LINE ( 'NONE', #2089, #3055 ) ;
#2045 = ORIENTED_EDGE ( 'NONE', *, *, #5923, .T. ) ;
#2046 = ORIENTED_EDGE ( 'NONE', *, *, #2471, .T. ) ;
#2047 = EDGE_LOOP ( 'NONE', ( #1959, #1060, #1612, #9409, #3330, #9381 ) ) ;
#2048 = VERTEX_POINT ( 'NONE', #1816 ) ;
#2049 = SURFACE_SIDE_STYLE ('',( #8650 ) ) ;
#2050 = DIRECTION ( 'NONE',  ( -0.000000000000000000, -1.000000000000000000, -0.000000000000000000 ) ) ;
#2051 = CARTESIAN_POINT ( 'NONE',  ( -3.000000000000000444, -3.200000000000000178, 15.00000000000000000 ) ) ;
#2052 = ORIENTED_EDGE ( 'NONE', *, *, #4504, .T. ) ;
#2053 = EDGE_CURVE ( 'NONE', #4411, #3289, #4756, .T. ) ;
#2054 = VECTOR ( 'NONE', #6644, 1000.000000000000000 ) ;
#2055 = DIRECTION ( 'NONE',  ( 0.000000000000000000, 1.000000000000000000, -0.000000000000000000 ) ) ;
#2056 = EDGE_CURVE ( 'NONE', #6943, #8841, #6245, .T. ) ;
#2057 = DIRECTION ( 'NONE',  ( 0.000000000000000000, -1.000000000000000000, 0.000000000000000000 ) ) ;
#2058 = ORIENTED_EDGE ( 'NONE', *, *, #4797, .F. ) ;
#2059 = VERTEX_POINT ( 'NONE', #6288 ) ;
#2060 = EDGE_LOOP ( 'NONE', ( #4987, #2379, #6387, #6238 ) ) ;
#2061 = ORIENTED_EDGE ( 'NONE', *, *, #1331, .T. ) ;
#2062 = LINE ( 'NONE', #4267, #5645 ) ;
#2063 = DIRECTION ( 'NONE',  ( 0.000000000000000000, -1.000000000000000000, 0.000000000000000000 ) ) ;
#2064 = DIRECTION ( 'NONE',  ( 0.000000000000000000, 0.000000000000000000, 1.000000000000000000 ) ) ;
#2065 = LINE ( 'NONE', #2833, #6597 ) ;
#2066 = DIRECTION ( 'NONE',  ( 0.7071067811865561215, -0.000000000000000000, 0.7071067811865388020 ) ) ;
#2067 = EDGE_CURVE ( 'NONE', #8058, #7045, #1868, .T. ) ;
#2068 = ORIENTED_EDGE ( 'NONE', *, *, #5910, .T. ) ;
#2069 = AXIS2_PLACEMENT_3D ( 'NONE', #4310, #6520, #3683 ) ;
#2070 = AXIS2_PLACEMENT_3D ( 'NONE', #185, #3124, #2497 ) ;
#2071 = DIRECTION ( 'NONE',  ( 0.000000000000000000, 0.000000000000000000, -1.000000000000000000 ) ) ;
#2072 = CIRCLE ( 'NONE', #2222, 4.149999999999997691 ) ;
#2073 = DIRECTION ( 'NONE',  ( 0.000000000000000000, 0.000000000000000000, 1.000000000000000000 ) ) ;
#2074 = FACE_OUTER_BOUND ( 'NONE', #1058, .T. ) ;
#2075 = CARTESIAN_POINT ( 'NONE',  ( -64.93047118578103039, -4.975130043339885511, -15.25259324117716275 ) ) ;
#2076 = EDGE_CURVE ( 'NONE', #3129, #2525, #8007, .T. ) ;
#2077 = EDGE_CURVE ( 'NONE', #1770, #1472, #7966, .T. ) ;
#2078 = VECTOR ( 'NONE', #2492, 1000.000000000000000 ) ;
#2079 = EDGE_LOOP ( 'NONE', ( #8227, #2772, #6499, #4608 ) ) ;
#2080 = DIRECTION ( 'NONE',  ( -0.000000000000000000, -1.000000000000000000, -0.000000000000000000 ) ) ;
#2081 = CARTESIAN_POINT ( 'NONE',  ( 61.64803358821274060, -3.000000000000000000, -9.042674090477497373 ) ) ;
#2082 = CIRCLE ( 'NONE', #8243, 3.100000000000075140 ) ;
#2083 = CONICAL_SURFACE ( 'NONE', #5000, 3.099999999999991651, 0.7853981633974514986 ) ;
#2084 = EDGE_CURVE ( 'NONE', #180, #6222, #948, .T. ) ;
#2085 = VECTOR ( 'NONE', #4187, 1000.000000000000227 ) ;
#2086 = CARTESIAN_POINT ( 'NONE',  ( 20.20000000000000284, -5.000000000000000000, -15.00000000000000000 ) ) ;
#2087 = DIRECTION ( 'NONE',  ( 0.000000000000000000, 1.000000000000000000, -0.000000000000000000 ) ) ;
#2088 = ORIENTED_EDGE ( 'NONE', *, *, #9200, .F. ) ;
#2089 = CARTESIAN_POINT ( 'NONE',  ( -35.52742507837646713, -5.000000000000000000, 80.50963959241370560 ) ) ;
#2090 = VERTEX_POINT ( 'NONE', #606 ) ;
#2091 = VERTEX_POINT ( 'NONE', #4256 ) ;
#2092 = EDGE_LOOP ( 'NONE', ( #2788, #6665, #9068, #379 ) ) ;
#2093 = VERTEX_POINT ( 'NONE', #6424 ) ;
#2094 = LINE ( 'NONE', #5018, #4315 ) ;
#2095 = EDGE_CURVE ( 'NONE', #9270, #1072, #2785, .T. ) ;
#2096 = DIRECTION ( 'NONE',  ( 0.000000000000000000, 1.000000000000000000, 0.000000000000000000 ) ) ;
#2097 = CARTESIAN_POINT ( 'NONE',  ( -36.00000000000000711, -3.499999999999946709, -66.00000000000000000 ) ) ;
#2098 = ORIENTED_EDGE ( 'NONE', *, *, #8342, .T. ) ;
#2099 = DIRECTION ( 'NONE',  ( -0.000000000000000000, -1.000000000000000000, -0.000000000000000000 ) ) ;
#2100 = CARTESIAN_POINT ( 'NONE',  ( -33.50000000000000000, -23.60398284226499754, -63.00000000000000000 ) ) ;
#2101 = ORIENTED_EDGE ( 'NONE', *, *, #2067, .T. ) ;
#2102 = AXIS2_PLACEMENT_3D ( 'NONE', #806, #8707, #2106 ) ;
#2103 = VERTEX_POINT ( 'NONE', #9449 ) ;
#2104 = ORIENTED_EDGE ( 'NONE', *, *, #7987, .F. ) ;
#2105 = VERTEX_POINT ( 'NONE', #9490 ) ;
#2106 = DIRECTION ( 'NONE',  ( 0.000000000000000000, 0.000000000000000000, 1.000000000000000000 ) ) ;
#2107 = EDGE_CURVE ( 'NONE', #5381, #338, #7288, .T. ) ;
#2108 = DIRECTION ( 'NONE',  ( -0.000000000000000000, -1.000000000000000000, -0.000000000000000000 ) ) ;
#2109 = ADVANCED_FACE ( 'NONE', ( #5708 ), #3634, .F. ) ;
#2110 = DIRECTION ( 'NONE',  ( -0.000000000000000000, 1.000000000000000000, -0.000000000000000000 ) ) ;
#2111 = ADVANCED_FACE ( 'NONE', ( #2857 ), #8784, .T. ) ;
#2112 = DIRECTION ( 'NONE',  ( -0.7071067811865386910, 0.000000000000000000, 0.7071067811865564545 ) ) ;
#2113 = CYLINDRICAL_SURFACE ( 'NONE', #4001, 1.600000000000004086 ) ;
#2114 = ADVANCED_FACE ( 'NONE', ( #2903 ), #6470, .F. ) ;
#2115 = LINE ( 'NONE', #6580, #3717 ) ;
#2116 = EDGE_LOOP ( 'NONE', ( #8330, #8791, #9225, #9445 ) ) ;
#2117 = MANIFOLD_SOLID_BREP ( 'Chamfer2', #3439 ) ;
#2118 = FACE_OUTER_BOUND ( 'NONE', #8219, .T. ) ;
#2119 = DIRECTION ( 'NONE',  ( 0.000000000000000000, 1.000000000000000000, 0.000000000000000000 ) ) ;
#2120 = LINE ( 'NONE', #8671, #6410 ) ;
#2121 = CARTESIAN_POINT ( 'NONE',  ( -20.20000000000000639, -5.000000000000000000, 1.999999999999998224 ) ) ;
#2122 = EDGE_CURVE ( 'NONE', #2368, #2590, #2238, .T. ) ;
#2123 = LINE ( 'NONE', #2318, #2054 ) ;
#2124 = EDGE_LOOP ( 'NONE', ( #1187, #6173, #4152, #7974, #3394, #4184 ) ) ;
#2125 = VECTOR ( 'NONE', #5347, 1000.000000000000000 ) ;
#2126 = CARTESIAN_POINT ( 'NONE',  ( -24.18305191657981013, -3.499999999999976907, 17.11198410471387277 ) ) ;
#2127 = VECTOR ( 'NONE', #8445, 1000.000000000000000 ) ;
#2128 = CARTESIAN_POINT ( 'NONE',  ( 0.000000000000000000, -3.500000000000000000, 85.49999999999998579 ) ) ;
#2129 = AXIS2_PLACEMENT_3D ( 'NONE', #652, #6510, #2852 ) ;
#2130 = CIRCLE ( 'NONE', #7826, 1.500000000000001332 ) ;
#2131 = DIRECTION ( 'NONE',  ( 1.665334536937734495E-14, 0.000000000000000000, -1.000000000000000000 ) ) ;
#2132 = DIRECTION ( 'NONE',  ( -0.5150380749100487154, 0.000000000000000000, 0.8571673007021155533 ) ) ;
#2133 = VERTEX_POINT ( 'NONE', #5115 ) ;
#2134 = CIRCLE ( 'NONE', #5048, 3.100000000000047162 ) ;
#2135 = DIRECTION ( 'NONE',  ( 0.000000000000000000, 1.000000000000000000, -0.000000000000000000 ) ) ;
#2136 = AXIS2_PLACEMENT_3D ( 'NONE', #2644, #8604, #522 ) ;
#2137 = VERTEX_POINT ( 'NONE', #1322 ) ;
#2138 = ORIENTED_EDGE ( 'NONE', *, *, #5149, .F. ) ;
#2139 = EDGE_LOOP ( 'NONE', ( #3269, #6526, #1316, #5073 ) ) ;
#2140 = ORIENTED_EDGE ( 'NONE', *, *, #7992, .F. ) ;
#2141 = LINE ( 'NONE', #5067, #1391 ) ;
#2142 = DIRECTION ( 'NONE',  ( 0.000000000000000000, 1.000000000000000000, -0.000000000000000000 ) ) ;
#2143 = DIRECTION ( 'NONE',  ( 0.000000000000000000, 1.000000000000000000, 0.000000000000000000 ) ) ;
#2144 = CARTESIAN_POINT ( 'NONE',  ( -24.20000000000000284, -3.499999999999964917, -61.50000000000000000 ) ) ;
#2145 = AXIS2_PLACEMENT_3D ( 'NONE', #8652, #7884, #3506 ) ;
#2146 = ORIENTED_EDGE ( 'NONE', *, *, #8298, .F. ) ;
#2147 = CARTESIAN_POINT ( 'NONE',  ( -24.18305191657981013, -3.499999999999976907, 17.11198410471387277 ) ) ;
#2148 = CARTESIAN_POINT ( 'NONE',  ( 86.71302124127556965, -5.000000000000000000, -14.99506409489776537 ) ) ;
#2149 = ORIENTED_EDGE ( 'NONE', *, *, #4101, .T. ) ;
#2150 = B_SPLINE_CURVE_WITH_KNOTS ( 'NONE', 3,
 ( #1621, #4663, #4559, #7601, #909, #3841 ),
 .UNSPECIFIED., .F., .F.,
 ( 4, 2, 4 ),
 ( 0.000000000000000000, 0.0007853308434949235299, 0.001570661686989847060 ),
 .UNSPECIFIED. ) ;
#2151 = VERTEX_POINT ( 'NONE', #5745 ) ;
#2152 = ORIENTED_EDGE ( 'NONE', *, *, #6385, .T. ) ;
#2153 = EDGE_LOOP ( 'NONE', ( #2855, #8175, #8875, #6286, #2613, #8780 ) ) ;
#2154 = DIRECTION ( 'NONE',  ( 0.000000000000000000, -0.000000000000000000, 1.000000000000000000 ) ) ;
#2155 = DIRECTION ( 'NONE',  ( 0.000000000000000000, 0.000000000000000000, -1.000000000000000000 ) ) ;
#2156 = CARTESIAN_POINT ( 'NONE',  ( -24.25000000000000711, -10.00000000000000000, -52.14999999999999858 ) ) ;
#2157 = CARTESIAN_POINT ( 'NONE',  ( 62.57895013500979076, -5.000000000000000000, 27.22361107568131189 ) ) ;
#2158 = CARTESIAN_POINT ( 'NONE',  ( -79.50000000000000000, -1.500000000000000000, -5.000000000000000000 ) ) ;
#2159 = DIRECTION ( 'NONE',  ( 0.000000000000000000, 0.000000000000000000, 1.000000000000000000 ) ) ;
#2160 = VERTEX_POINT ( 'NONE', #8688 ) ;
#2161 = CIRCLE ( 'NONE', #5997, 1.599999999999997202 ) ;
#2162 = EDGE_CURVE ( 'NONE', #7531, #7932, #2094, .T. ) ;
#2163 = EDGE_CURVE ( 'NONE', #5091, #2403, #2141, .T. ) ;
#2164 = ADVANCED_FACE ( 'NONE', ( #8258 ), #3877, .T. ) ;
#2165 = AXIS2_PLACEMENT_3D ( 'NONE', #3829, #4597, #1515 ) ;
#2166 = CARTESIAN_POINT ( 'NONE',  ( -53.54140070991284261, -5.000000000000000000, 36.26116050077890662 ) ) ;
#2167 = AXIS2_PLACEMENT_3D ( 'NONE', #7746, #9184, #2440 ) ;
#2168 = ADVANCED_FACE ( 'NONE', ( #6759 ), #71, .F. ) ;
#2169 = DIRECTION ( 'NONE',  ( 0.000000000000000000, -1.000000000000000000, 0.000000000000000000 ) ) ;
#2170 = DIRECTION ( 'NONE',  ( 0.000000000000000000, -1.000000000000000000, 0.000000000000000000 ) ) ;
#2171 = LINE ( 'NONE', #7269, #2491 ) ;
#2172 = AXIS2_PLACEMENT_3D ( 'NONE', #3546, #2193, #21 ) ;
#2173 = FACE_OUTER_BOUND ( 'NONE', #5931, .T. ) ;
#2174 = AXIS2_PLACEMENT_3D ( 'NONE', #2426, #4493, #7430 ) ;
#2175 = ORIENTED_EDGE ( 'NONE', *, *, #940, .F. ) ;
#2176 = EDGE_CURVE ( 'NONE', #2869, #6645, #1712, .T. ) ;
#2177 = EDGE_CURVE ( 'NONE', #3512, #2963, #8493, .T. ) ;
#2178 = LINE ( 'NONE', #8818, #4715 ) ;
#2179 = VECTOR ( 'NONE', #9279, 1000.000000000000000 ) ;
#2180 = LINE ( 'NONE', #7141, #1364 ) ;
#2181 = CIRCLE ( 'NONE', #7409, 1.500000000000001332 ) ;
#2182 = AXIS2_PLACEMENT_3D ( 'NONE', #4697, #894, #1606 ) ;
#2183 = CARTESIAN_POINT ( 'NONE',  ( 75.93522825193564074, 0.000000000000000000, 33.50882138074144478 ) ) ;
#2184 = EDGE_CURVE ( 'NONE', #2991, #6344, #6131, .T. ) ;
#2185 = CARTESIAN_POINT ( 'NONE',  ( 81.78614503438491568, -3.500000000000000000, -14.14307181677856917 ) ) ;
#2186 = ORIENTED_EDGE ( 'NONE', *, *, #7453, .F. ) ;
#2187 = CARTESIAN_POINT ( 'NONE',  ( -53.94915334338352864, -3.500000000000000000, -69.52329719980266987 ) ) ;
#2188 = ORIENTED_EDGE ( 'NONE', *, *, #8183, .F. ) ;
#2189 = ORIENTED_EDGE ( 'NONE', *, *, #876, .F. ) ;
#2190 = CIRCLE ( 'NONE', #5102, 1.500000000000001332 ) ;
#2191 = VERTEX_POINT ( 'NONE', #8973 ) ;
#2192 = ORIENTED_EDGE ( 'NONE', *, *, #2915, .F. ) ;
#2193 = DIRECTION ( 'NONE',  ( -1.000000000000000000, 0.000000000000000000, 4.869399230812090436E-16 ) ) ;
#2194 = LINE ( 'NONE', #5634, #6275 ) ;
#2195 = FACE_OUTER_BOUND ( 'NONE', #6078, .T. ) ;
#2196 = CARTESIAN_POINT ( 'NONE',  ( 20.00000000000000000, 0.000000000000000000, 75.00000000000000000 ) ) ;
#2197 = VERTEX_POINT ( 'NONE', #1708 ) ;
#2198 = CARTESIAN_POINT ( 'NONE',  ( 21.00000000000000355, 0.000000000000000000, -63.00000000000000000 ) ) ;
#2199 = EDGE_CURVE ( 'NONE', #6971, #8074, #2015, .T. ) ;
#2200 = FACE_OUTER_BOUND ( 'NONE', #7466, .T. ) ;
#2201 = ORIENTED_EDGE ( 'NONE', *, *, #3898, .T. ) ;
#2202 = EDGE_LOOP ( 'NONE', ( #7355, #8037 ) ) ;
#2203 = ORIENTED_EDGE ( 'NONE', *, *, #110, .T. ) ;
#2204 = VERTEX_POINT ( 'NONE', #5419 ) ;
#2205 = DIRECTION ( 'NONE',  ( -0.000000000000000000, 1.000000000000000000, -0.000000000000000000 ) ) ;
#2206 = FACE_OUTER_BOUND ( 'NONE', #3511, .T. ) ;
#2207 = DIRECTION ( 'NONE',  ( 0.000000000000000000, 1.000000000000000000, -0.000000000000000000 ) ) ;
#2208 = DIRECTION ( 'NONE',  ( 0.000000000000000000, 0.000000000000000000, -1.000000000000000000 ) ) ;
#2209 = CARTESIAN_POINT ( 'NONE',  ( 64.73088509278518643, -5.000000000000000000, -15.56157174274629185 ) ) ;
#2210 = CARTESIAN_POINT ( 'NONE',  ( 24.20000000000000639, -5.000000000000000000, -27.00000000000000711 ) ) ;
#2211 = EDGE_CURVE ( 'NONE', #5701, #6968, #7555, .T. ) ;
#2212 = ORIENTED_EDGE ( 'NONE', *, *, #5027, .F. ) ;
#2213 = DIRECTION ( 'NONE',  ( 0.000000000000000000, 0.000000000000000000, -1.000000000000000000 ) ) ;
#2214 = CIRCLE ( 'NONE', #6829, 5.000000000000000888 ) ;
#2215 = CARTESIAN_POINT ( 'NONE',  ( 24.18305191657981013, -9.525483399593907663, 15.51198410471387135 ) ) ;
#2216 = DIRECTION ( 'NONE',  ( 0.7071067811865561215, -0.000000000000000000, 0.7071067811865388020 ) ) ;
#2217 = CARTESIAN_POINT ( 'NONE',  ( 33.49999999999999289, -4.416500804525007595, -66.32766542154647027 ) ) ;
#2218 = EDGE_CURVE ( 'NONE', #5619, #3830, #5311, .T. ) ;
#2219 = DIRECTION ( 'NONE',  ( 1.219480077240285625E-16, -0.000000000000000000, 1.000000000000000000 ) ) ;
#2220 = CARTESIAN_POINT ( 'NONE',  ( 30.75914498161554889, 0.000000000000000000, 59.04341622907634246 ) ) ;
#2221 = ORIENTED_EDGE ( 'NONE', *, *, #233, .F. ) ;
#2222 = AXIS2_PLACEMENT_3D ( 'NONE', #5728, #1164, #7175 ) ;
#2223 = DIRECTION ( 'NONE',  ( -0.000000000000000000, -1.000000000000000000, -0.000000000000000000 ) ) ;
#2224 = CARTESIAN_POINT ( 'NONE',  ( -67.30607546733556035, -5.000000000000000000, -11.27573523923519438 ) ) ;
#2225 = EDGE_CURVE ( 'NONE', #2151, #2737, #7094, .T. ) ;
#2226 = EDGE_CURVE ( 'NONE', #7022, #5617, #5935, .T. ) ;
#2227 = ADVANCED_FACE ( 'NONE', ( #6661 ), #8331, .F. ) ;
#2228 = CIRCLE ( 'NONE', #6231, 1.599999999999997202 ) ;
#2229 = EDGE_CURVE ( 'NONE', #2632, #8972, #991, .T. ) ;
#2230 = CARTESIAN_POINT ( 'NONE',  ( 31.00000000000000355, 0.000000000000000000, -61.50000000000000000 ) ) ;
#2231 = CARTESIAN_POINT ( 'NONE',  ( 43.96751866459680258, -3.000000000000000000, -36.58478426242284343 ) ) ;
#2232 = ORIENTED_EDGE ( 'NONE', *, *, #6103, .T. ) ;
#2233 = PLANE ( 'NONE',  #4595 ) ;
#2234 = VERTEX_POINT ( 'NONE', #121 ) ;
#2235 = ORIENTED_EDGE ( 'NONE', *, *, #6815, .T. ) ;
#2236 = VERTEX_POINT ( 'NONE', #9020 ) ;
#2237 = ORIENTED_EDGE ( 'NONE', *, *, #816, .T. ) ;
#2238 = LINE ( 'NONE', #7379, #493 ) ;
#2239 = CARTESIAN_POINT ( 'NONE',  ( -62.67442126558891857, -3.499999999999952927, -14.75929021731400859 ) ) ;
#2240 = EDGE_CURVE ( 'NONE', #915, #1729, #3922, .T. ) ;
#2241 = AXIS2_PLACEMENT_3D ( 'NONE', #5288, #6789, #6061 ) ;
#2242 = CARTESIAN_POINT ( 'NONE',  ( -21.00000000000000355, -4.438355818501580785, -34.56557400217806730 ) ) ;
#2243 = CIRCLE ( 'NONE', #1313, 3.099999999999991651 ) ;
#2244 = DIRECTION ( 'NONE',  ( -0.000000000000000000, 1.000000000000000000, -0.000000000000000000 ) ) ;
#2245 = VECTOR ( 'NONE', #2322, 1000.000000000000000 ) ;
#2246 = VERTEX_POINT ( 'NONE', #5984 ) ;
#2247 = LINE ( 'NONE', #2823, #5224 ) ;
#2248 = CARTESIAN_POINT ( 'NONE',  ( 79.50000000000000000, -1.500000000000000000, -5.000000000000000888 ) ) ;
#2249 = EDGE_LOOP ( 'NONE', ( #276, #330 ) ) ;
#2250 = ORIENTED_EDGE ( 'NONE', *, *, #196, .F. ) ;
#2251 = ORIENTED_EDGE ( 'NONE', *, *, #5523, .T. ) ;
#2252 = ORIENTED_EDGE ( 'NONE', *, *, #1529, .F. ) ;
#2253 = CARTESIAN_POINT ( 'NONE',  ( -17.00000000000000000, 0.000000000000000000, 11.00000000000000178 ) ) ;
#2254 = CARTESIAN_POINT ( 'NONE',  ( 64.86043691757696195, -5.000000000000000000, -15.35732014642406185 ) ) ;
#2255 = CARTESIAN_POINT ( 'NONE',  ( 69.01672159629573855, -5.000000000000000000, -18.13676211729656274 ) ) ;
#2256 = LINE ( 'NONE', #5178, #8914 ) ;
#2257 = LINE ( 'NONE', #3567, #7687 ) ;
#2258 = FACE_OUTER_BOUND ( 'NONE', #3984, .T. ) ;
#2259 = ORIENTED_EDGE ( 'NONE', *, *, #8699, .T. ) ;
#2260 = DIRECTION ( 'NONE',  ( 0.000000000000000000, 0.000000000000000000, 1.000000000000000000 ) ) ;
#2261 = CARTESIAN_POINT ( 'NONE',  ( -24.50000000000000355, -5.000000000000000000, -32.50000000000000000 ) ) ;
#2262 = FACE_OUTER_BOUND ( 'NONE', #3496, .T. ) ;
#2263 = CARTESIAN_POINT ( 'NONE',  ( -43.64752027346841601, -3.000000000000000000, 1.773125482633686856 ) ) ;
#2264 = DIRECTION ( 'NONE',  ( -0.000000000000000000, -1.000000000000000000, 0.000000000000000000 ) ) ;
#2265 = CARTESIAN_POINT ( 'NONE',  ( -43.96751866459680258, -3.000000000000000000, -34.58478426242284343 ) ) ;
#2266 = DIRECTION ( 'NONE',  ( -0.000000000000000000, 1.000000000000000000, -0.000000000000000000 ) ) ;
#2267 = VERTEX_POINT ( 'NONE', #2337 ) ;
#2268 = ADVANCED_FACE ( 'NONE', ( #4696, #4544 ), #3060, .T. ) ;
#2269 = LINE ( 'NONE', #7318, #2245 ) ;
#2270 = CARTESIAN_POINT ( 'NONE',  ( -75.93522825193483072, 0.000000000000000000, 33.50882138074332062 ) ) ;
#2271 = DIRECTION ( 'NONE',  ( 0.000000000000000000, 0.000000000000000000, 1.000000000000000000 ) ) ;
#2272 = DIRECTION ( 'NONE',  ( 0.000000000000000000, 1.000000000000000000, 0.000000000000000000 ) ) ;
#2273 = AXIS2_PLACEMENT_3D ( 'NONE', #1127, #6265, #6312 ) ;
#2274 = EDGE_CURVE ( 'NONE', #5355, #2468, #8882, .T. ) ;
#2275 = CARTESIAN_POINT ( 'NONE',  ( 36.00000000000000711, -3.500000000000043077, -53.59999999999999432 ) ) ;
#2276 = ADVANCED_FACE ( 'NONE', ( #1559 ), #5558, .F. ) ;
#2277 = ORIENTED_EDGE ( 'NONE', *, *, #6449, .T. ) ;
#2278 = EDGE_CURVE ( 'NONE', #5425, #2672, #4021, .T. ) ;
#2279 = DIRECTION ( 'NONE',  ( 0.000000000000000000, 0.000000000000000000, -1.000000000000000000 ) ) ;
#2280 = ORIENTED_EDGE ( 'NONE', *, *, #7999, .F. ) ;
#2281 = VERTEX_POINT ( 'NONE', #3259 ) ;
#2282 = VECTOR ( 'NONE', #2418, 999.9999999999998863 ) ;
#2283 = DIRECTION ( 'NONE',  ( -0.000000000000000000, -1.000000000000000000, -0.000000000000000000 ) ) ;
#2284 = EDGE_LOOP ( 'NONE', ( #9019, #6619, #6917, #7258 ) ) ;
#2285 = ORIENTED_EDGE ( 'NONE', *, *, #6307, .T. ) ;
#2286 = EDGE_CURVE ( 'NONE', #8055, #5561, #8323, .T. ) ;
#2287 = CARTESIAN_POINT ( 'NONE',  ( -51.97234841721098775, -3.499999999999972911, 31.98757210636076564 ) ) ;
#2288 = CARTESIAN_POINT ( 'NONE',  ( -17.00000000000000000, -3.200000000000000178, 13.00000000000000178 ) ) ;
#2289 = LINE ( 'NONE', #5837, #2472 ) ;
#2290 = CARTESIAN_POINT ( 'NONE',  ( -25.67942337021199606, -9.242640687119289211, -24.24760147752104800 ) ) ;
#2291 = VERTEX_POINT ( 'NONE', #6205 ) ;
#2292 = CARTESIAN_POINT ( 'NONE',  ( 36.00000000000000711, -9.525483399593907663, -66.00000000000000000 ) ) ;
#2293 = AXIS2_PLACEMENT_3D ( 'NONE', #6010, #7312, #2881 ) ;
#2294 = LINE ( 'NONE', #179, #7548 ) ;
#2295 = ORIENTED_EDGE ( 'NONE', *, *, #4703, .T. ) ;
#2296 = EDGE_CURVE ( 'NONE', #7831, #1371, #3902, .T. ) ;
#2297 = EDGE_LOOP ( 'NONE', ( #7710, #4972, #2667, #4969, #5783, #1541 ) ) ;
#2298 = EDGE_LOOP ( 'NONE', ( #5029, #18, #4298, #5409 ) ) ;
#2299 = EDGE_LOOP ( 'NONE', ( #5661, #847 ) ) ;
#2300 = FACE_OUTER_BOUND ( 'NONE', #8059, .T. ) ;
#2301 = CARTESIAN_POINT ( 'NONE',  ( -79.50000000000000000, 0.000000000000000000, -9.149999999999998579 ) ) ;
#2302 = CARTESIAN_POINT ( 'NONE',  ( -36.00000000000000711, -3.499999999999946709, -66.00000000000000000 ) ) ;
#2303 = AXIS2_PLACEMENT_3D ( 'NONE', #6029, #5929, #2424 ) ;
#2304 = CIRCLE ( 'NONE', #4143, 4.149999999999997691 ) ;
#2305 = DIRECTION ( 'NONE',  ( 0.000000000000000000, 0.000000000000000000, -1.000000000000000000 ) ) ;
#2306 = CARTESIAN_POINT ( 'NONE',  ( 36.00000000000000711, -9.525483399593907663, -53.59999999999999432 ) ) ;
#2307 = CYLINDRICAL_SURFACE ( 'NONE', #4487, 4.999999999999997335 ) ;
#2308 = LINE ( 'NONE', #5237, #5092 ) ;
#2309 = EDGE_CURVE ( 'NONE', #7431, #3557, #295, .T. ) ;
#2310 = CIRCLE ( 'NONE', #619, 2.000000000000001776 ) ;
#2311 = CYLINDRICAL_SURFACE ( 'NONE', #1211, 1.531095219467717872 ) ;
#2312 = DIRECTION ( 'NONE',  ( -0.5150380749100552658, 0.000000000000000000, -0.8571673007021115565 ) ) ;
#2313 = CARTESIAN_POINT ( 'NONE',  ( 33.26989437906256342, -5.000000000000000000, 1.775565023860191438 ) ) ;
#2314 = LINE ( 'NONE', #6735, #9097 ) ;
#2315 = AXIS2_PLACEMENT_3D ( 'NONE', #6015, #1390, #9475 ) ;
#2316 = CARTESIAN_POINT ( 'NONE',  ( 36.00000000000000711, -5.000000000000000000, -52.00000000000000000 ) ) ;
#2317 = AXIS2_PLACEMENT_3D ( 'NONE', #2147, #8068, #4451 ) ;
#2318 = CARTESIAN_POINT ( 'NONE',  ( -43.00000000000000000, -5.000000000000000000, -76.77890335241866637 ) ) ;
#2319 = AXIS2_PLACEMENT_3D ( 'NONE', #4661, #6195, #2439 ) ;
#2320 = CIRCLE ( 'NONE', #7709, 2.000000000000001776 ) ;
#2321 = ORIENTED_EDGE ( 'NONE', *, *, #8642, .F. ) ;
#2322 = DIRECTION ( 'NONE',  ( 0.000000000000000000, 0.000000000000000000, 1.000000000000000000 ) ) ;
#2323 = FACE_OUTER_BOUND ( 'NONE', #4840, .T. ) ;
#2324 = CARTESIAN_POINT ( 'NONE',  ( 20.00000000000000000, -3.499999999999954703, 76.59999999999999432 ) ) ;
#2325 = FACE_OUTER_BOUND ( 'NONE', #8765, .T. ) ;
#2326 = AXIS2_PLACEMENT_3D ( 'NONE', #2428, #7482, #6081 ) ;
#2327 = AXIS2_PLACEMENT_3D ( 'NONE', #3318, #8467, #6246 ) ;
#2328 = AXIS2_PLACEMENT_3D ( 'NONE', #199, #3134, #8997 ) ;
#2329 = VECTOR ( 'NONE', #1507, 1000.000000000000114 ) ;
#2330 = CARTESIAN_POINT ( 'NONE',  ( -81.78614503438502936, 0.000000000000000000, -14.14307181677791547 ) ) ;
#2331 = ORIENTED_EDGE ( 'NONE', *, *, #9165, .F. ) ;
#2332 = VECTOR ( 'NONE', #8785, 1000.000000000000000 ) ;
#2333 = CARTESIAN_POINT ( 'NONE',  ( -69.01672159629590908, -5.000000000000000000, -18.13676211729601917 ) ) ;
#2334 = ORIENTED_EDGE ( 'NONE', *, *, #1298, .T. ) ;
#2335 = DIRECTION ( 'NONE',  ( 0.000000000000000000, 0.000000000000000000, 1.000000000000000000 ) ) ;
#2336 = VERTEX_POINT ( 'NONE', #5442 ) ;
#2337 = CARTESIAN_POINT ( 'NONE',  ( 36.26116050077870057, -5.000000000000000000, 53.54140070991304867 ) ) ;
#2338 = LINE ( 'NONE', #9021, #4183 ) ;
#2339 = CIRCLE ( 'NONE', #4946, 4.149999999999997691 ) ;
#2340 = EDGE_CURVE ( 'NONE', #7408, #4888, #9044, .T. ) ;
#2341 = DIRECTION ( 'NONE',  ( 0.000000000000000000, 0.000000000000000000, 1.000000000000000000 ) ) ;
#2342 = EDGE_CURVE ( 'NONE', #1134, #9161, #7383, .T. ) ;
#2343 = DIRECTION ( 'NONE',  ( 0.000000000000000000, 0.000000000000000000, 1.000000000000000000 ) ) ;
#2344 = DIRECTION ( 'NONE',  ( 0.000000000000000000, -1.000000000000000000, 0.000000000000000000 ) ) ;
#2345 = ORIENTED_EDGE ( 'NONE', *, *, #3476, .F. ) ;
#2346 = ORIENTED_EDGE ( 'NONE', *, *, #4643, .T. ) ;
#2347 = VERTEX_POINT ( 'NONE', #3799 ) ;
#2348 = ORIENTED_EDGE ( 'NONE', *, *, #3943, .F. ) ;
#2349 = CARTESIAN_POINT ( 'NONE',  ( -17.00000000000000000, -3.200000000000000178, 13.00000000000000178 ) ) ;
#2350 = DIRECTION ( 'NONE',  ( -0.8571673007021110013, 0.000000000000000000, -0.5150380749100563760 ) ) ;
#2351 = DIRECTION ( 'NONE',  ( -0.000000000000000000, 1.000000000000000000, -0.000000000000000000 ) ) ;
#2352 = EDGE_CURVE ( 'NONE', #1729, #80, #7609, .T. ) ;
#2353 = CARTESIAN_POINT ( 'NONE',  ( 28.50000000000000000, -5.000000000000000000, -61.50000000000000000 ) ) ;
#2354 = EDGE_CURVE ( 'NONE', #5441, #2103, #3252, .T. ) ;
#2355 = CARTESIAN_POINT ( 'NONE',  ( 47.33237102498875970, -5.000000000000000000, -44.51756172916662280 ) ) ;
#2356 = VERTEX_POINT ( 'NONE', #7660 ) ;
#2357 = DIRECTION ( 'NONE',  ( -0.000000000000000000, -1.000000000000000000, -0.000000000000000000 ) ) ;
#2358 = ORIENTED_EDGE ( 'NONE', *, *, #6536, .F. ) ;
#2359 = CARTESIAN_POINT ( 'NONE',  ( -66.11448404094181797, 0.000000000000000000, 30.75914498161564126 ) ) ;
#2360 = EDGE_LOOP ( 'NONE', ( #5757, #785 ) ) ;
#2361 = DIRECTION ( 'NONE',  ( 0.5150380749100553768, 0.000000000000000000, -0.8571673007021115565 ) ) ;
#2362 = FACE_OUTER_BOUND ( 'NONE', #3079, .T. ) ;
#2363 = LINE ( 'NONE', #1586, #7805 ) ;
#2364 = LINE ( 'NONE', #3137, #3080 ) ;
#2365 = CARTESIAN_POINT ( 'NONE',  ( -24.20000000000000639, -3.499999999999964917, -24.00000000000000355 ) ) ;
#2366 = EDGE_CURVE ( 'NONE', #8318, #7022, #6471, .T. ) ;
#2367 = CARTESIAN_POINT ( 'NONE',  ( 21.00000000000000711, -4.438355818501580785, -30.43442599782193270 ) ) ;
#2368 = VERTEX_POINT ( 'NONE', #6060 ) ;
#2369 = VECTOR ( 'NONE', #7418, 1000.000000000000227 ) ;
#2370 = DIRECTION ( 'NONE',  ( -0.000000000000000000, -1.000000000000000000, -0.000000000000000000 ) ) ;
#2371 = DIRECTION ( 'NONE',  ( -0.000000000000000000, -1.000000000000000000, -0.000000000000000000 ) ) ;
#2372 = CARTESIAN_POINT ( 'NONE',  ( -75.93522825193483072, 0.000000000000000000, 38.50882138074332062 ) ) ;
#2373 = CARTESIAN_POINT ( 'NONE',  ( -24.20000000000000639, -3.499999999999964917, -24.00000000000000355 ) ) ;
#2374 = EDGE_CURVE ( 'NONE', #1676, #651, #9146, .T. ) ;
#2375 = CYLINDRICAL_SURFACE ( 'NONE', #7915, 1.599999999999997202 ) ;
#2376 = ORIENTED_EDGE ( 'NONE', *, *, #8102, .F. ) ;
#2377 = AXIS2_PLACEMENT_3D ( 'NONE', #2394, #5372, #8375 ) ;
#2378 = DIRECTION ( 'NONE',  ( -1.000000000000000000, 0.000000000000000000, -0.000000000000000000 ) ) ;
#2379 = ORIENTED_EDGE ( 'NONE', *, *, #7790, .T. ) ;
#2380 = CARTESIAN_POINT ( 'NONE',  ( -44.99999999999996447, -2.500000000000000000, -48.39927897128465162 ) ) ;
#2381 = AXIS2_PLACEMENT_3D ( 'NONE', #8715, #1206, #2748 ) ;
#2382 = ORIENTED_EDGE ( 'NONE', *, *, #6716, .F. ) ;
#2383 = DIRECTION ( 'NONE',  ( 0.000000000000000000, 0.000000000000000000, -1.000000000000000000 ) ) ;
#2384 = LINE ( 'NONE', #3976, #1111 ) ;
#2385 = EDGE_CURVE ( 'NONE', #1919, #5335, #5336, .T. ) ;
#2386 = FACE_OUTER_BOUND ( 'NONE', #3021, .T. ) ;
#2387 = FACE_OUTER_BOUND ( 'NONE', #5654, .T. ) ;
#2388 = PLANE ( 'NONE',  #936 ) ;
#2389 = ORIENTED_EDGE ( 'NONE', *, *, #2225, .F. ) ;
#2390 = ADVANCED_FACE ( 'NONE', ( #3228 ), #2451, .F. ) ;
#2391 = ORIENTED_EDGE ( 'NONE', *, *, #8938, .F. ) ;
#2392 = ORIENTED_EDGE ( 'NONE', *, *, #7223, .F. ) ;
#2393 = EDGE_LOOP ( 'NONE', ( #515, #8783, #9373, #9283 ) ) ;
#2394 = CARTESIAN_POINT ( 'NONE',  ( -5.499999999999998224, -5.000000000000000000, 17.50000000000000000 ) ) ;
#2395 = CARTESIAN_POINT ( 'NONE',  ( -28.11951362996199677, 0.000000000000000000, -11.49610798316092009 ) ) ;
#2396 = CARTESIAN_POINT ( 'NONE',  ( -17.11198410471442699, -3.499999999999945821, 25.78305191657943851 ) ) ;
#2397 = VECTOR ( 'NONE', #7611, 1000.000000000000114 ) ;
#2398 = VECTOR ( 'NONE', #9118, 1000.000000000000000 ) ;
#2399 = CARTESIAN_POINT ( 'NONE',  ( -42.93744251477669138, -3.000000000000000000, -36.29911886382706143 ) ) ;
#2400 = DIRECTION ( 'NONE',  ( 0.000000000000000000, 0.000000000000000000, -1.000000000000000000 ) ) ;
#2401 = VERTEX_POINT ( 'NONE', #1678 ) ;
#2402 = FACE_OUTER_BOUND ( 'NONE', #8513, .T. ) ;
#2403 = VERTEX_POINT ( 'NONE', #6108 ) ;
#2404 = FACE_BOUND ( 'NONE', #2299, .T. ) ;
#2405 = EDGE_CURVE ( 'NONE', #9108, #6148, #7392, .T. ) ;
#2406 = EDGE_CURVE ( 'NONE', #1770, #2632, #8173, .T. ) ;
#2407 = ORIENTED_EDGE ( 'NONE', *, *, #2184, .T. ) ;
#2408 = DIRECTION ( 'NONE',  ( 0.000000000000000000, 0.000000000000000000, -1.000000000000000000 ) ) ;
#2409 = DIRECTION ( 'NONE',  ( -0.000000000000000000, -1.000000000000000000, 0.000000000000000000 ) ) ;
#2410 = CARTESIAN_POINT ( 'NONE',  ( 0.000000000000000000, -3.500000000000000000, 0.000000000000000000 ) ) ;
#2411 = DIRECTION ( 'NONE',  ( -0.000000000000000000, -1.000000000000000000, -0.000000000000000000 ) ) ;
#2412 = EDGE_CURVE ( 'NONE', #7106, #8406, #5386, .T. ) ;
#2413 = CARTESIAN_POINT ( 'NONE',  ( 51.97234841721098775, -9.525483399593916545, 35.18757210636076138 ) ) ;
#2414 = CONICAL_SURFACE ( 'NONE', #4401, 3.100000000000047162, 0.7853981633974502774 ) ;
#2415 = DIRECTION ( 'NONE',  ( 0.000000000000000000, 0.000000000000000000, 1.000000000000000000 ) ) ;
#2416 = ORIENTED_EDGE ( 'NONE', *, *, #6459, .T. ) ;
#2417 = DIRECTION ( 'NONE',  ( 0.000000000000000000, 0.000000000000000000, 1.000000000000000000 ) ) ;
#2418 = DIRECTION ( 'NONE',  ( -0.5150380749100488265, -0.000000000000000000, 0.8571673007021156643 ) ) ;
#2419 = DIRECTION ( 'NONE',  ( -0.000000000000000000, 1.000000000000000000, 0.000000000000000000 ) ) ;
#2420 = FACE_OUTER_BOUND ( 'NONE', #4024, .T. ) ;
#2421 = CARTESIAN_POINT ( 'NONE',  ( 33.26989437906256342, -5.000000000000000000, -4.424434976139791864 ) ) ;
#2422 = ORIENTED_EDGE ( 'NONE', *, *, #5474, .F. ) ;
#2423 = ADVANCED_FACE ( 'NONE', ( #8954 ), #8337, .T. ) ;
#2424 = DIRECTION ( 'NONE',  ( 0.000000000000000000, 0.000000000000000000, 1.000000000000000000 ) ) ;
#2425 = ORIENTED_EDGE ( 'NONE', *, *, #4700, .F. ) ;
#2426 = CARTESIAN_POINT ( 'NONE',  ( -62.67442126558891857, -3.499999999999952927, -13.15929021731400361 ) ) ;
#2427 = EDGE_LOOP ( 'NONE', ( #6122, #2003, #2856, #3370 ) ) ;
#2428 = CARTESIAN_POINT ( 'NONE',  ( 43.64752027346841601, 0.000000000000000000, 1.773125482633685746 ) ) ;
#2429 = LINE ( 'NONE', #8928, #7401 ) ;
#2430 = DIRECTION ( 'NONE',  ( 0.5150380749100487154, 0.000000000000000000, -0.8571673007021155533 ) ) ;
#2431 = DIRECTION ( 'NONE',  ( 0.000000000000000000, 1.000000000000000000, 0.000000000000000000 ) ) ;
#2432 = DIRECTION ( 'NONE',  ( 0.000000000000000000, 1.000000000000000000, -0.000000000000000000 ) ) ;
#2433 = ORIENTED_EDGE ( 'NONE', *, *, #4640, .T. ) ;
#2434 = VERTEX_POINT ( 'NONE', #1630 ) ;
#2435 = VERTEX_POINT ( 'NONE', #6788 ) ;
#2436 = ORIENTED_EDGE ( 'NONE', *, *, #9440, .T. ) ;
#2437 = DIRECTION ( 'NONE',  ( -0.000000000000000000, 1.000000000000000000, -0.000000000000000000 ) ) ;
#2438 = CARTESIAN_POINT ( 'NONE',  ( 24.20000000000000639, -5.000000000000000000, -21.00000000000000000 ) ) ;
#2439 = DIRECTION ( 'NONE',  ( 0.000000000000000000, 0.000000000000000000, 1.000000000000000000 ) ) ;
#2440 = DIRECTION ( 'NONE',  ( 0.000000000000000000, 0.000000000000000000, 1.000000000000000000 ) ) ;
#2441 = AXIS2_PLACEMENT_3D ( 'NONE', #1273, #9357, #8011 ) ;
#2442 = VECTOR ( 'NONE', #6704, 1000.000000000000000 ) ;
#2443 = CARTESIAN_POINT ( 'NONE',  ( 62.57895013500987602, -5.000000000000000000, 34.29467888754678739 ) ) ;
#2444 = VERTEX_POINT ( 'NONE', #4615 ) ;
#2445 = CARTESIAN_POINT ( 'NONE',  ( 43.96751866459680258, -3.000000000000000000, -36.58478426242284343 ) ) ;
#2446 = ORIENTED_EDGE ( 'NONE', *, *, #3692, .F. ) ;
#2447 = FACE_BOUND ( 'NONE', #1359, .T. ) ;
#2448 = VECTOR ( 'NONE', #8357, 1000.000000000000000 ) ;
#2449 = ORIENTED_EDGE ( 'NONE', *, *, #4530, .F. ) ;
#2450 = VERTEX_POINT ( 'NONE', #4671 ) ;
#2451 = CYLINDRICAL_SURFACE ( 'NONE', #9393, 4.999999999999997335 ) ;
#2452 = CIRCLE ( 'NONE', #311, 2.500000000000002220 ) ;
#2453 = CARTESIAN_POINT ( 'NONE',  ( -20.20000000000000639, -9.330591249311714463, -18.00000000000000355 ) ) ;
#2454 = CARTESIAN_POINT ( 'NONE',  ( -71.59191197084614089, 0.000000000000000000, -13.85092561378543863 ) ) ;
#2455 = DIRECTION ( 'NONE',  ( 1.239088197126290817E-16, 0.000000000000000000, 1.000000000000000000 ) ) ;
#2456 = DIRECTION ( 'NONE',  ( 0.000000000000000000, 0.000000000000000000, 1.000000000000000000 ) ) ;
#2457 = DIRECTION ( 'NONE',  ( -0.000000000000000000, -1.000000000000000000, -0.000000000000000000 ) ) ;
#2458 = EDGE_CURVE ( 'NONE', #2590, #3544, #6622, .T. ) ;
#2459 = EDGE_CURVE ( 'NONE', #1411, #4254, #7561, .T. ) ;
#2460 = ORIENTED_EDGE ( 'NONE', *, *, #6636, .T. ) ;
#2461 = AXIS2_PLACEMENT_3D ( 'NONE', #8389, #8282, #3334 ) ;
#2462 = EDGE_CURVE ( 'NONE', #1218, #1753, #7864, .T. ) ;
#2463 = LINE ( 'NONE', #1796, #4528 ) ;
#2464 = CIRCLE ( 'NONE', #1697, 3.000000000000058176 ) ;
#2465 = CARTESIAN_POINT ( 'NONE',  ( -17.11198410471442699, -3.499999999999945821, 24.18305191657944064 ) ) ;
#2466 = DIRECTION ( 'NONE',  ( 0.000000000000000000, 0.000000000000000000, -1.000000000000000000 ) ) ;
#2467 = FACE_OUTER_BOUND ( 'NONE', #616, .T. ) ;
#2468 = VERTEX_POINT ( 'NONE', #9331 ) ;
#2469 = VECTOR ( 'NONE', #6923, 1000.000000000000000 ) ;
#2470 = EDGE_CURVE ( 'NONE', #957, #389, #3261, .T. ) ;
#2471 = EDGE_CURVE ( 'NONE', #6482, #9007, #2695, .T. ) ;
#2472 = VECTOR ( 'NONE', #796, 1000.000000000000114 ) ;
#2473 = ORIENTED_EDGE ( 'NONE', *, *, #2584, .F. ) ;
#2474 = AXIS2_PLACEMENT_3D ( 'NONE', #231, #9134, #3169 ) ;
#2475 = DIRECTION ( 'NONE',  ( 0.000000000000000000, 0.000000000000000000, -1.000000000000000000 ) ) ;
#2476 = ORIENTED_EDGE ( 'NONE', *, *, #8877, .T. ) ;
#2477 = VECTOR ( 'NONE', #9226, 1000.000000000000000 ) ;
#2478 = CIRCLE ( 'NONE', #7385, 4.599999999999909939 ) ;
#2479 = DIRECTION ( 'NONE',  ( 0.000000000000000000, -1.000000000000000000, 0.000000000000000000 ) ) ;
#2480 = ORIENTED_EDGE ( 'NONE', *, *, #292, .F. ) ;
#2481 = CARTESIAN_POINT ( 'NONE',  ( -20.20000000000000639, -5.000000000000000000, -1.031095219467762725 ) ) ;
#2482 = AXIS2_PLACEMENT_3D ( 'NONE', #4644, #6079, #2335 ) ;
#2483 = ORIENTED_EDGE ( 'NONE', *, *, #5925, .F. ) ;
#2484 = DIRECTION ( 'NONE',  ( 0.000000000000000000, -1.000000000000000000, 0.000000000000000000 ) ) ;
#2485 = DIRECTION ( 'NONE',  ( 0.000000000000000000, -1.000000000000000000, 0.000000000000000000 ) ) ;
#2486 = CARTESIAN_POINT ( 'NONE',  ( -47.33237102498893734, -5.000000000000000000, -44.51756172916655885 ) ) ;
#2487 = CIRCLE ( 'NONE', #4476, 1.599999999999997202 ) ;
#2488 = EDGE_CURVE ( 'NONE', #9065, #3180, #5402, .T. ) ;
#2489 = CIRCLE ( 'NONE', #7236, 3.000000000000002665 ) ;
#2490 = CARTESIAN_POINT ( 'NONE',  ( 33.50000000000000000, -5.000000000000000888, -61.50000000000000000 ) ) ;
#2491 = VECTOR ( 'NONE', #1488, 1000.000000000000000 ) ;
#2492 = DIRECTION ( 'NONE',  ( -0.000000000000000000, 1.000000000000000000, -0.000000000000000000 ) ) ;
#2493 = ORIENTED_EDGE ( 'NONE', *, *, #181, .T. ) ;
#2494 = VERTEX_POINT ( 'NONE', #4048 ) ;
#2495 = ORIENTED_EDGE ( 'NONE', *, *, #3699, .F. ) ;
#2496 = ORIENTED_EDGE ( 'NONE', *, *, #3047, .F. ) ;
#2497 = DIRECTION ( 'NONE',  ( 0.000000000000000000, 0.000000000000000000, 1.000000000000000000 ) ) ;
#2498 = AXIS2_PLACEMENT_3D ( 'NONE', #1240, #8380, #7749 ) ;
#2499 = DIRECTION ( 'NONE',  ( -0.000000000000000000, 1.000000000000000000, -0.000000000000000000 ) ) ;
#2500 = CARTESIAN_POINT ( 'NONE',  ( -31.00000000000000355, 0.000000000000000000, -61.50000000000000000 ) ) ;
#2501 = EDGE_CURVE ( 'NONE', #1384, #2827, #486, .T. ) ;
#2502 = VECTOR ( 'NONE', #2977, 999.9999999999998863 ) ;
#2503 = CARTESIAN_POINT ( 'NONE',  ( 0.000000000000000000, -5.000000000000000888, 49.00000000000000000 ) ) ;
#2504 = EDGE_LOOP ( 'NONE', ( #7181, #6332, #6185, #9339 ) ) ;
#2505 = CYLINDRICAL_SURFACE ( 'NONE', #3422, 1.600000000000004086 ) ;
#2506 = VERTEX_POINT ( 'NONE', #5586 ) ;
#2507 = FACE_BOUND ( 'NONE', #7733, .T. ) ;
#2508 = ORIENTED_EDGE ( 'NONE', *, *, #6910, .F. ) ;
#2509 = VERTEX_POINT ( 'NONE', #1114 ) ;
#2510 = DIRECTION ( 'NONE',  ( 0.8571673007021115565, 0.000000000000000000, 0.5150380749100553768 ) ) ;
#2511 = LINE ( 'NONE', #6302, #1791 ) ;
#2512 = CARTESIAN_POINT ( 'NONE',  ( -35.52409925748294484, -4.899833574249748303, 54.27846195320836387 ) ) ;
#2513 = LINE ( 'NONE', #9047, #9067 ) ;
#2514 = VECTOR ( 'NONE', #4233, 1000.000000000000000 ) ;
#2515 = CARTESIAN_POINT ( 'NONE',  ( -5.499999999999998224, -10.00000000000000000, 17.50000000000000000 ) ) ;
#2516 = DIRECTION ( 'NONE',  ( 4.163336342344339393E-15, 0.000000000000000000, 1.000000000000000000 ) ) ;
#2517 = ORIENTED_EDGE ( 'NONE', *, *, #571, .T. ) ;
#2518 = LINE ( 'NONE', #5451, #6521 ) ;
#2519 = LINE ( 'NONE', #9057, #3048 ) ;
#2520 = EDGE_CURVE ( 'NONE', #2769, #5784, #2487, .T. ) ;
#2521 = LINE ( 'NONE', #9111, #2127 ) ;
#2522 = CARTESIAN_POINT ( 'NONE',  ( 62.67442126558891857, -9.525483399593916545, -14.75929021731400859 ) ) ;
#2523 = ORIENTED_EDGE ( 'NONE', *, *, #6653, .T. ) ;
#2524 = CIRCLE ( 'NONE', #7276, 4.999999999999997335 ) ;
#2525 = VERTEX_POINT ( 'NONE', #7894 ) ;
#2526 = LINE ( 'NONE', #9304, #3328 ) ;
#2527 = EDGE_LOOP ( 'NONE', ( #7241, #7890, #2295, #5449 ) ) ;
#2528 = CARTESIAN_POINT ( 'NONE',  ( -33.26989437906256342, -3.499999999999972911, -2.924434976139798525 ) ) ;
#2529 = EDGE_CURVE ( 'NONE', #2506, #592, #7246, .T. ) ;
#2530 = ORIENTED_EDGE ( 'NONE', *, *, #2278, .F. ) ;
#2531 = CIRCLE ( 'NONE', #2980, 1.500000000000001332 ) ;
#2532 = EDGE_CURVE ( 'NONE', #2506, #4091, #8526, .T. ) ;
#2533 = DIRECTION ( 'NONE',  ( -0.000000000000000000, -1.000000000000000000, -0.000000000000000000 ) ) ;
#2534 = ORIENTED_EDGE ( 'NONE', *, *, #3242, .F. ) ;
#2535 = CARTESIAN_POINT ( 'NONE',  ( 24.20000000000000639, -3.500000000000006661, -24.00000000000000355 ) ) ;
#2536 = EDGE_CURVE ( 'NONE', #2281, #6080, #3709, .T. ) ;
#2537 = CIRCLE ( 'NONE', #7909, 4.999999999999997335 ) ;
#2538 = DIRECTION ( 'NONE',  ( -0.000000000000000000, 1.000000000000000000, 0.000000000000000000 ) ) ;
#2539 = AXIS2_PLACEMENT_3D ( 'NONE', #3890, #5996, #8943 ) ;
#2540 = DIRECTION ( 'NONE',  ( -0.000000000000000000, -1.000000000000000000, -0.000000000000000000 ) ) ;
#2541 = ORIENTED_EDGE ( 'NONE', *, *, #4829, .F. ) ;
#2542 = VECTOR ( 'NONE', #445, 1000.000000000000000 ) ;
#2543 = ORIENTED_EDGE ( 'NONE', *, *, #4155, .F. ) ;
#2544 = ADVANCED_FACE ( 'NONE', ( #5721 ), #393, .F. ) ;
#2545 = ORIENTED_EDGE ( 'NONE', *, *, #2589, .T. ) ;
#2546 = VERTEX_POINT ( 'NONE', #6436 ) ;
#2547 = PLANE ( 'NONE',  #6517 ) ;
#2548 = CARTESIAN_POINT ( 'NONE',  ( -62.57895013500912285, -5.000000000000000000, 27.22361107568285021 ) ) ;
#2549 = CYLINDRICAL_SURFACE ( 'NONE', #5390, 1.500000000000001332 ) ;
#2550 = CARTESIAN_POINT ( 'NONE',  ( -20.20000000000000639, -5.000000000000000000, -15.00000000000000000 ) ) ;
#2551 = VECTOR ( 'NONE', #5927, 1000.000000000000000 ) ;
#2552 = DIRECTION ( 'NONE',  ( 0.000000000000000000, 0.000000000000000000, 1.000000000000000000 ) ) ;
#2553 = PLANE ( 'NONE',  #193 ) ;
#2554 = VERTEX_POINT ( 'NONE', #2789 ) ;
#2555 = AXIS2_PLACEMENT_3D ( 'NONE', #98, #1632, #3036 ) ;
#2556 = CIRCLE ( 'NONE', #2714, 3.100000000000048939 ) ;
#2557 = ORIENTED_EDGE ( 'NONE', *, *, #7340, .F. ) ;
#2558 = ORIENTED_EDGE ( 'NONE', *, *, #3236, .T. ) ;
#2559 = CARTESIAN_POINT ( 'NONE',  ( 28.11951362996199677, -5.000000000000000000, -6.796107983160870170 ) ) ;
#2560 = CARTESIAN_POINT ( 'NONE',  ( 33.50000000000000000, 0.000000000000000000, -68.73438437000001500 ) ) ;
#2561 = DIRECTION ( 'NONE',  ( 0.000000000000000000, 0.000000000000000000, 1.000000000000000000 ) ) ;
#2562 = CARTESIAN_POINT ( 'NONE',  ( 28.11951362996199677, -9.525483399593907663, -8.296107983160915467 ) ) ;
#2563 = CIRCLE ( 'NONE', #7929, 2.500000000000002220 ) ;
#2564 = CARTESIAN_POINT ( 'NONE',  ( -62.67810973803285179, 0.000000000000000000, -7.328339489073273150 ) ) ;
#2565 = CIRCLE ( 'NONE', #9309, 4.999999999999997335 ) ;
#2566 = DIRECTION ( 'NONE',  ( -0.000000000000000000, -1.000000000000000000, -0.000000000000000000 ) ) ;
#2567 = VECTOR ( 'NONE', #1522, 1000.000000000000114 ) ;
#2568 = ORIENTED_EDGE ( 'NONE', *, *, #3347, .F. ) ;
#2569 = CARTESIAN_POINT ( 'NONE',  ( 20.20000000000000639, -3.499999999999962252, 3.531095219467716095 ) ) ;
#2570 = APPLICATION_PROTOCOL_DEFINITION ( 'draft international standard', 'automotive_design', 1998, #2868 ) ;
#2571 = CARTESIAN_POINT ( 'NONE',  ( -20.20000000000000639, 0.000000000000000000, 3.531095219467716095 ) ) ;
#2572 = CARTESIAN_POINT ( 'NONE',  ( 45.16312671864703532, -5.000000000000000000, -42.30297844118579320 ) ) ;
#2573 = ORIENTED_EDGE ( 'NONE', *, *, #1079, .T. ) ;
#2574 = ORIENTED_EDGE ( 'NONE', *, *, #1511, .F. ) ;
#2575 = EDGE_CURVE ( 'NONE', #4259, #3006, #341, .T. ) ;
#2576 = CIRCLE ( 'NONE', #6090, 1.599999999999997202 ) ;
#2577 = DIRECTION ( 'NONE',  ( 0.000000000000000000, 0.000000000000000000, 1.000000000000000000 ) ) ;
#2578 = ORIENTED_EDGE ( 'NONE', *, *, #6051, .F. ) ;
#2579 = DIRECTION ( 'NONE',  ( 0.000000000000000000, -1.000000000000000000, 0.000000000000000000 ) ) ;
#2580 = EDGE_LOOP ( 'NONE', ( #3982, #8714, #6180, #563 ) ) ;
#2581 = DIRECTION ( 'NONE',  ( 0.000000000000000000, 0.000000000000000000, 1.000000000000000000 ) ) ;
#2582 = ORIENTED_EDGE ( 'NONE', *, *, #8960, .T. ) ;
#2583 = EDGE_CURVE ( 'NONE', #1241, #2204, #1924, .T. ) ;
#2584 = EDGE_CURVE ( 'NONE', #1905, #9319, #1198, .T. ) ;
#2585 = CARTESIAN_POINT ( 'NONE',  ( 21.00000000000000711, -5.000000000000004441, -63.00000000000000000 ) ) ;
#2586 = EDGE_CURVE ( 'NONE', #4971, #267, #4821, .T. ) ;
#2587 = CARTESIAN_POINT ( 'NONE',  ( 24.25000000000000711, 0.000000000000000000, -53.75000000000000000 ) ) ;
#2588 = VERTEX_POINT ( 'NONE', #7754 ) ;
#2589 = EDGE_CURVE ( 'NONE', #638, #651, #5777, .T. ) ;
#2590 = VERTEX_POINT ( 'NONE', #9287 ) ;
#2591 = VERTEX_POINT ( 'NONE', #4092 ) ;
#2592 = ORIENTED_EDGE ( 'NONE', *, *, #3166, .T. ) ;
#2593 = CARTESIAN_POINT ( 'NONE',  ( -44.67759642328852721, -3.000000000000000000, 3.487460084037908192 ) ) ;
#2594 = CARTESIAN_POINT ( 'NONE',  ( 45.16312671864703532, -5.000000000000000000, -42.30297844118579320 ) ) ;
#2595 = FACE_OUTER_BOUND ( 'NONE', #3539, .T. ) ;
#2596 = CYLINDRICAL_SURFACE ( 'NONE', #610, 2.000000000000001776 ) ;
#2597 = CARTESIAN_POINT ( 'NONE',  ( -33.50000000000000000, -4.415830001827115048, -66.32249759797043964 ) ) ;
#2598 = EDGE_CURVE ( 'NONE', #915, #9082, #1970, .T. ) ;
#2599 = DIRECTION ( 'NONE',  ( 0.000000000000000000, 1.000000000000000000, -0.000000000000000000 ) ) ;
#2600 = ORIENTED_EDGE ( 'NONE', *, *, #2176, .F. ) ;
#2601 = VECTOR ( 'NONE', #4145, 1000.000000000000000 ) ;
#2602 = VERTEX_POINT ( 'NONE', #4186 ) ;
#2603 = VERTEX_POINT ( 'NONE', #3471 ) ;
#2604 = ORIENTED_EDGE ( 'NONE', *, *, #6679, .F. ) ;
#2605 = DIRECTION ( 'NONE',  ( 8.659560562354898346E-17, -0.7071067811865503483, 0.7071067811865446862 ) ) ;
#2606 = CARTESIAN_POINT ( 'NONE',  ( 79.50000000000000000, -5.000000000000000000, -5.000000000000000888 ) ) ;
#2607 = DIRECTION ( 'NONE',  ( 0.000000000000000000, 1.000000000000000000, 0.000000000000000000 ) ) ;
#2608 = CARTESIAN_POINT ( 'NONE',  ( -28.11951362996199677, -3.499999999999949374, -9.896107983160918664 ) ) ;
#2609 = VECTOR ( 'NONE', #4421, 1000.000000000000000 ) ;
#2610 = CARTESIAN_POINT ( 'NONE',  ( 5.500000000000001776, -5.000000000000000000, 17.50000000000000000 ) ) ;
#2611 = CARTESIAN_POINT ( 'NONE',  ( -36.00000000000000711, 0.000000000000000000, -66.00000000000000000 ) ) ;
#2612 = EDGE_CURVE ( 'NONE', #5934, #6831, #6394, .T. ) ;
#2613 = ORIENTED_EDGE ( 'NONE', *, *, #8133, .F. ) ;
#2614 = VECTOR ( 'NONE', #7908, 1000.000000000000000 ) ;
#2615 = CARTESIAN_POINT ( 'NONE',  ( 0.000000000000000000, -2.500000000000000000, 0.000000000000000000 ) ) ;
#2616 = CARTESIAN_POINT ( 'NONE',  ( -17.11198410471442699, -9.525483399593907663, 24.18305191657944064 ) ) ;
#2617 = DIRECTION ( 'NONE',  ( 0.000000000000000000, 1.000000000000000000, 0.000000000000000000 ) ) ;
#2618 = VERTEX_POINT ( 'NONE', #2830 ) ;
#2619 = AXIS2_PLACEMENT_3D ( 'NONE', #7273, #4246, #1351 ) ;
#2620 = VECTOR ( 'NONE', #4465, 1000.000000000000114 ) ;
#2621 = ORIENTED_EDGE ( 'NONE', *, *, #3883, .T. ) ;
#2622 = DIRECTION ( 'NONE',  ( 0.000000000000000000, 1.000000000000000000, -0.000000000000000000 ) ) ;
#2623 = FACE_OUTER_BOUND ( 'NONE', #4076, .T. ) ;
#2624 = CIRCLE ( 'NONE', #5056, 3.100000000000047162 ) ;
#2625 = ORIENTED_EDGE ( 'NONE', *, *, #4164, .T. ) ;
#2626 = CARTESIAN_POINT ( 'NONE',  ( 45.16312671864703532, -9.525483399593916545, -42.30297844118579320 ) ) ;
#2627 = AXIS2_PLACEMENT_3D ( 'NONE', #3554, #9414, #9457 ) ;
#2628 = CIRCLE ( 'NONE', #4920, 1.599999999999998090 ) ;
#2629 = DIRECTION ( 'NONE',  ( 0.000000000000000000, 1.000000000000000000, -0.000000000000000000 ) ) ;
#2630 = VECTOR ( 'NONE', #8888, 1000.000000000000000 ) ;
#2631 = LINE ( 'NONE', #6916, #8394 ) ;
#2632 = VERTEX_POINT ( 'NONE', #2970 ) ;
#2633 = AXIS2_PLACEMENT_3D ( 'NONE', #3893, #1819, #5621 ) ;
#2634 = VERTEX_POINT ( 'NONE', #2253 ) ;
#2635 = ORIENTED_EDGE ( 'NONE', *, *, #3883, .F. ) ;
#2636 = EDGE_LOOP ( 'NONE', ( #5440, #7283, #8158, #8568 ) ) ;
#2637 = FACE_OUTER_BOUND ( 'NONE', #1601, .T. ) ;
#2638 = EDGE_CURVE ( 'NONE', #1358, #4807, #9013, .T. ) ;
#2639 = EDGE_CURVE ( 'NONE', #8972, #1472, #1951, .T. ) ;
#2640 = VECTOR ( 'NONE', #247, 1000.000000000000000 ) ;
#2641 = EDGE_CURVE ( 'NONE', #7431, #5464, #8864, .T. ) ;
#2642 = CIRCLE ( 'NONE', #7866, 3.000000000000058176 ) ;
#2643 = CARTESIAN_POINT ( 'NONE',  ( 51.97234841721098775, -5.000000000000000000, 33.58757210636076707 ) ) ;
#2644 = CARTESIAN_POINT ( 'NONE',  ( -28.11951362996199677, -3.499999999999949374, -9.896107983160918664 ) ) ;
#2645 = AXIS2_PLACEMENT_3D ( 'NONE', #4713, #283, #3216 ) ;
#2646 = CARTESIAN_POINT ( 'NONE',  ( -33.49999999999998579, -4.522752246317216063, -65.19429888953817454 ) ) ;
#2647 = DIRECTION ( 'NONE',  ( 0.000000000000000000, -1.000000000000000000, 0.000000000000000000 ) ) ;
#2648 = VERTEX_POINT ( 'NONE', #1521 ) ;
#2649 = AXIS2_PLACEMENT_3D ( 'NONE', #7020, #6429, #4894 ) ;
#2650 = ORIENTED_EDGE ( 'NONE', *, *, #2226, .T. ) ;
#2651 = ORIENTED_EDGE ( 'NONE', *, *, #4573, .T. ) ;
#2652 = ORIENTED_EDGE ( 'NONE', *, *, #4881, .T. ) ;
#2653 = DIRECTION ( 'NONE',  ( 0.000000000000000000, -1.000000000000000000, 0.000000000000000000 ) ) ;
#2654 = EDGE_CURVE ( 'NONE', #7440, #5981, #7348, .T. ) ;
#2655 = DIRECTION ( 'NONE',  ( 0.000000000000000000, 1.000000000000000000, 0.000000000000000000 ) ) ;
#2656 = FACE_OUTER_BOUND ( 'NONE', #5856, .T. ) ;
#2657 = DIRECTION ( 'NONE',  ( 8.673617379884036705E-17, -0.000000000000000000, 1.000000000000000000 ) ) ;
#2658 = EDGE_CURVE ( 'NONE', #7106, #3544, #1180, .T. ) ;
#2659 = CARTESIAN_POINT ( 'NONE',  ( 36.00000000000000711, 0.000000000000000000, -64.40000000000000568 ) ) ;
#2660 = DIRECTION ( 'NONE',  ( -0.000000000000000000, -1.000000000000000000, 0.000000000000000000 ) ) ;
#2661 = CIRCLE ( 'NONE', #8025, 3.100000000000047162 ) ;
#2662 = EDGE_LOOP ( 'NONE', ( #5295, #5487, #569, #1097, #6433 ) ) ;
#2663 = DIRECTION ( 'NONE',  ( -0.000000000000000000, 1.000000000000000000, -0.000000000000000000 ) ) ;
#2664 = AXIS2_PLACEMENT_3D ( 'NONE', #5655, #1860, #4032 ) ;
#2665 = CARTESIAN_POINT ( 'NONE',  ( 28.50000000000000000, -4.999999999999997335, -63.00000000000000000 ) ) ;
#2666 = DIRECTION ( 'NONE',  ( -0.000000000000000000, -1.000000000000000000, -0.000000000000000000 ) ) ;
#2667 = ORIENTED_EDGE ( 'NONE', *, *, #1298, .F. ) ;
#2668 = ADVANCED_FACE ( 'NONE', ( #1427 ), #2872, .T. ) ;
#2669 = ORIENTED_EDGE ( 'NONE', *, *, #6703, .T. ) ;
#2670 = DIRECTION ( 'NONE',  ( 0.000000000000000000, 1.000000000000000000, 0.000000000000000000 ) ) ;
#2671 = DIRECTION ( 'NONE',  ( 0.000000000000000000, -0.7071067811865423547, -0.7071067811865526798 ) ) ;
#2672 = VERTEX_POINT ( 'NONE', #3562 ) ;
#2673 = CARTESIAN_POINT ( 'NONE',  ( -62.67442126558891857, 0.000000000000000000, -13.15929021731400361 ) ) ;
#2674 = EDGE_CURVE ( 'NONE', #6344, #1988, #5758, .T. ) ;
#2675 = CARTESIAN_POINT ( 'NONE',  ( -62.67442126558891857, -3.499999999999952927, -11.55929021731400042 ) ) ;
#2676 = CARTESIAN_POINT ( 'NONE',  ( -5.499999999999998224, -10.00000000000000000, 19.10000000000000142 ) ) ;
#2677 = ORIENTED_EDGE ( 'NONE', *, *, #5923, .F. ) ;
#2678 = VECTOR ( 'NONE', #6026, 1000.000000000000000 ) ;
#2679 = FACE_BOUND ( 'NONE', #2899, .T. ) ;
#2680 = ORIENTED_EDGE ( 'NONE', *, *, #3490, .F. ) ;
#2681 = ORIENTED_EDGE ( 'NONE', *, *, #5060, .F. ) ;
#2682 = VERTEX_POINT ( 'NONE', #4318 ) ;
#2683 = ORIENTED_EDGE ( 'NONE', *, *, #4703, .F. ) ;
#2684 = DIRECTION ( 'NONE',  ( 0.000000000000000000, 0.000000000000000000, 1.000000000000000000 ) ) ;
#2685 = DIRECTION ( 'NONE',  ( -0.000000000000000000, 1.000000000000000000, -0.000000000000000000 ) ) ;
#2686 = DIRECTION ( 'NONE',  ( 0.000000000000000000, -0.7071067811865517916, -0.7071067811865431318 ) ) ;
#2687 = CARTESIAN_POINT ( 'NONE',  ( -33.50000000000000000, -4.400294712271263897, -65.83327395428554496 ) ) ;
#2688 = CIRCLE ( 'NONE', #5902, 1.599999999999997202 ) ;
#2689 = EDGE_CURVE ( 'NONE', #1911, #2191, #2062, .T. ) ;
#2690 = DIRECTION ( 'NONE',  ( 0.000000000000000000, 0.000000000000000000, -1.000000000000000000 ) ) ;
#2691 = ORIENTED_EDGE ( 'NONE', *, *, #8133, .T. ) ;
#2692 = ORIENTED_EDGE ( 'NONE', *, *, #8534, .T. ) ;
#2693 = ORIENTED_EDGE ( 'NONE', *, *, #9165, .T. ) ;
#2694 = ORIENTED_EDGE ( 'NONE', *, *, #59, .F. ) ;
#2695 = LINE ( 'NONE', #7169, #1109 ) ;
#2696 = DIRECTION ( 'NONE',  ( -0.000000000000000000, 1.000000000000000000, -0.000000000000000000 ) ) ;
#2697 = DIRECTION ( 'NONE',  ( 1.000000000000000000, 0.000000000000000000, 0.000000000000000000 ) ) ;
#2698 = CARTESIAN_POINT ( 'NONE',  ( -28.50000000000000000, -5.000000000000000000, -61.50000000000000000 ) ) ;
#2699 = AXIS2_PLACEMENT_3D ( 'NONE', #2587, #8460, #1862 ) ;
#2700 = DIRECTION ( 'NONE',  ( -0.000000000000000000, -1.000000000000000000, -0.000000000000000000 ) ) ;
#2701 = CARTESIAN_POINT ( 'NONE',  ( 24.50000000000000355, 0.000000000000000000, -32.50000000000000000 ) ) ;
#2702 = ORIENTED_EDGE ( 'NONE', *, *, #5433, .T. ) ;
#2703 = ADVANCED_FACE ( 'NONE', ( #4363 ), #6625, .T. ) ;
#2704 = ADVANCED_FACE ( 'NONE', ( #3605 ), #8747, .F. ) ;
#2705 = AXIS2_PLACEMENT_3D ( 'NONE', #8076, #2063, #5084 ) ;
#2706 = EDGE_CURVE ( 'NONE', #6943, #279, #33, .T. ) ;
#2707 = CIRCLE ( 'NONE', #5630, 3.100000000000075140 ) ;
#2708 = FACE_OUTER_BOUND ( 'NONE', #375, .T. ) ;
#2709 = EDGE_CURVE ( 'NONE', #3148, #7150, #5175, .T. ) ;
#2710 = DIRECTION ( 'NONE',  ( 0.000000000000000000, 0.000000000000000000, 1.000000000000000000 ) ) ;
#2711 = DIRECTION ( 'NONE',  ( -0.000000000000000000, -1.000000000000000000, -0.000000000000000000 ) ) ;
#2712 = CIRCLE ( 'NONE', #3013, 2.099999999999997868 ) ;
#2713 = CONICAL_SURFACE ( 'NONE', #868, 3.099999999999991651, 0.7853981633974463916 ) ;
#2714 = AXIS2_PLACEMENT_3D ( 'NONE', #1309, #6364, #1985 ) ;
#2715 = ORIENTED_EDGE ( 'NONE', *, *, #477, .T. ) ;
#2716 = ADVANCED_FACE ( 'NONE', ( #714 ), #7642, .F. ) ;
#2717 = FACE_OUTER_BOUND ( 'NONE', #4185, .T. ) ;
#2718 = CARTESIAN_POINT ( 'NONE',  ( -62.67442126558891857, -9.525483399593916545, -11.55929021731400042 ) ) ;
#2719 = EDGE_LOOP ( 'NONE', ( #4827, #5881, #5234, #6781 ) ) ;
#2720 = VECTOR ( 'NONE', #4413, 1000.000000000000000 ) ;
#2721 = CARTESIAN_POINT ( 'NONE',  ( 24.25000000000000711, 0.000000000000000000, -55.34999999999999432 ) ) ;
#2722 = ADVANCED_FACE ( 'NONE', ( #8075 ), #7207, .F. ) ;
#2723 = LINE ( 'NONE', #8640, #4231 ) ;
#2724 = ORIENTED_EDGE ( 'NONE', *, *, #9510, .F. ) ;
#2725 = DIRECTION ( 'NONE',  ( -0.7071067811865389130, 0.000000000000000000, 0.7071067811865562325 ) ) ;
#2726 = ORIENTED_EDGE ( 'NONE', *, *, #1381, .T. ) ;
#2727 = ORIENTED_EDGE ( 'NONE', *, *, #8649, .T. ) ;
#2728 = VERTEX_POINT ( 'NONE', #8844 ) ;
#2729 = ORIENTED_EDGE ( 'NONE', *, *, #2792, .F. ) ;
#2730 = FACE_BOUND ( 'NONE', #3420, .T. ) ;
#2731 = PLANE ( 'NONE',  #4 ) ;
#2732 = DIRECTION ( 'NONE',  ( 0.000000000000000000, 0.000000000000000000, -1.000000000000000000 ) ) ;
#2733 = ORIENTED_EDGE ( 'NONE', *, *, #9437, .F. ) ;
#2734 = DIRECTION ( 'NONE',  ( 0.000000000000000000, 1.000000000000000000, 0.000000000000000000 ) ) ;
#2735 = DIRECTION ( 'NONE',  ( 0.000000000000000000, 0.000000000000000000, 1.000000000000000000 ) ) ;
#2736 = ORIENTED_EDGE ( 'NONE', *, *, #9135, .T. ) ;
#2737 = VERTEX_POINT ( 'NONE', #8798 ) ;
#2738 = EDGE_LOOP ( 'NONE', ( #3161, #1048, #5536, #9403 ) ) ;
#2739 = ORIENTED_EDGE ( 'NONE', *, *, #635, .T. ) ;
#2740 = DIRECTION ( 'NONE',  ( 0.000000000000000000, 1.000000000000000000, 0.000000000000000000 ) ) ;
#2741 = CARTESIAN_POINT ( 'NONE',  ( -26.92597670932315879, 0.000000000000000000, -24.34519281399293433 ) ) ;
#2742 = CARTESIAN_POINT ( 'NONE',  ( 24.25000000000000711, -3.499999999999948486, -40.75000000000000000 ) ) ;
#2743 = CARTESIAN_POINT ( 'NONE',  ( 24.25000000000000711, -5.000000000000000000, -43.85000000000004405 ) ) ;
#2744 = FACE_OUTER_BOUND ( 'NONE', #4210, .T. ) ;
#2745 = DIRECTION ( 'NONE',  ( 0.000000000000000000, 0.000000000000000000, -1.000000000000000000 ) ) ;
#2746 = AXIS2_PLACEMENT_3D ( 'NONE', #1259, #2169, #2935 ) ;
#2747 = EDGE_LOOP ( 'NONE', ( #262, #5741, #4148, #3725, #68, #4362 ) ) ;
#2748 = DIRECTION ( 'NONE',  ( -0.8571673007021111124, 0.000000000000000000, 0.5150380749100562650 ) ) ;
#2749 = DIRECTION ( 'NONE',  ( 0.000000000000000000, 1.000000000000000000, 0.000000000000000000 ) ) ;
#2750 = DIRECTION ( 'NONE',  ( 0.000000000000000000, 0.000000000000000000, 1.000000000000000000 ) ) ;
#2751 = EDGE_CURVE ( 'NONE', #5585, #697, #5128, .T. ) ;
#2752 = ADVANCED_FACE ( 'NONE', ( #8498 ), #4783, .F. ) ;
#2753 = EDGE_CURVE ( 'NONE', #5226, #792, #719, .T. ) ;
#2754 = CONICAL_SURFACE ( 'NONE', #1840, 4.599999999999909939, 0.7853981633974425058 ) ;
#2755 = ORIENTED_EDGE ( 'NONE', *, *, #2366, .F. ) ;
#2756 = CARTESIAN_POINT ( 'NONE',  ( -75.93522825193483072, -5.000000000000000000, 38.50882138074332062 ) ) ;
#2757 = LINE ( 'NONE', #8047, #1219 ) ;
#2758 = ORIENTED_EDGE ( 'NONE', *, *, #8878, .T. ) ;
#2759 = VECTOR ( 'NONE', #1852, 1000.000000000000000 ) ;
#2760 = CIRCLE ( 'NONE', #7216, 2.100000000000004086 ) ;
#2761 = EDGE_CURVE ( 'NONE', #3210, #5659, #2576, .T. ) ;
#2762 = EDGE_CURVE ( 'NONE', #5516, #5135, #574, .T. ) ;
#2763 = DIRECTION ( 'NONE',  ( 0.000000000000000000, 1.000000000000000000, -0.000000000000000000 ) ) ;
#2764 = AXIS2_PLACEMENT_3D ( 'NONE', #2906, #5939, #7197 ) ;
#2765 = CARTESIAN_POINT ( 'NONE',  ( 20.00000000000000000, -5.000000000000000000, 75.00000000000000000 ) ) ;
#2766 = VERTEX_POINT ( 'NONE', #8579 ) ;
#2767 = FACE_OUTER_BOUND ( 'NONE', #4106, .T. ) ;
#2768 = ORIENTED_EDGE ( 'NONE', *, *, #688, .F. ) ;
#2769 = VERTEX_POINT ( 'NONE', #5501 ) ;
#2770 = CONICAL_SURFACE ( 'NONE', #8148, 4.599999999999909939, 0.7853981633974425058 ) ;
#2771 = ORIENTED_EDGE ( 'NONE', *, *, #8743, .F. ) ;
#2772 = ORIENTED_EDGE ( 'NONE', *, *, #1695, .F. ) ;
#2773 = CARTESIAN_POINT ( 'NONE',  ( 41.67480094162660009, -5.000000000000000000, -71.77890335241865216 ) ) ;
#2774 = EDGE_CURVE ( 'NONE', #5205, #3558, #5937, .T. ) ;
#2775 = VECTOR ( 'NONE', #7387, 1000.000000000000000 ) ;
#2776 = VECTOR ( 'NONE', #2110, 1000.000000000000000 ) ;
#2777 = DIRECTION ( 'NONE',  ( 0.000000000000000000, 0.000000000000000000, 1.000000000000000000 ) ) ;
#2778 = LINE ( 'NONE', #2051, #5204 ) ;
#2779 = VERTEX_POINT ( 'NONE', #8540 ) ;
#2780 = CARTESIAN_POINT ( 'NONE',  ( 28.50000000000000000, 0.000000000000000000, -61.50000000000000000 ) ) ;
#2781 = CIRCLE ( 'NONE', #9384, 88.00000000000000000 ) ;
#2782 = CYLINDRICAL_SURFACE ( 'NONE', #6801, 1.500000000000001332 ) ;
#2783 = ORIENTED_EDGE ( 'NONE', *, *, #3100, .T. ) ;
#2784 = ORIENTED_EDGE ( 'NONE', *, *, #7381, .F. ) ;
#2785 = CIRCLE ( 'NONE', #634, 3.031095219467760948 ) ;
#2786 = EDGE_LOOP ( 'NONE', ( #3631, #4623, #4252, #4225 ) ) ;
#2787 = AXIS2_PLACEMENT_3D ( 'NONE', #5611, #4845, #275 ) ;
#2788 = ORIENTED_EDGE ( 'NONE', *, *, #2177, .F. ) ;
#2789 = CARTESIAN_POINT ( 'NONE',  ( -44.12936209638336038, -2.500000000000000000, -49.84826377083043525 ) ) ;
#2790 = DIRECTION ( 'NONE',  ( -0.000000000000000000, -1.000000000000000000, -0.000000000000000000 ) ) ;
#2791 = CARTESIAN_POINT ( 'NONE',  ( -24.25000000000000711, -5.000000000000000000, -40.75000000000000000 ) ) ;
#2792 = EDGE_CURVE ( 'NONE', #3180, #9065, #7951, .T. ) ;
#2793 = FACE_OUTER_BOUND ( 'NONE', #7542, .T. ) ;
#2794 = CARTESIAN_POINT ( 'NONE',  ( -24.20000000000000639, -3.000000000000000000, -24.00000000000000355 ) ) ;
#2795 = AXIS2_PLACEMENT_3D ( 'NONE', #5287, #2510, #2361 ) ;
#2796 = VERTEX_POINT ( 'NONE', #4199 ) ;
#2797 = AXIS2_PLACEMENT_3D ( 'NONE', #8365, #8974, #7533 ) ;
#2798 = CARTESIAN_POINT ( 'NONE',  ( -36.00000000000000711, -9.525483399593907663, -50.39999999999999858 ) ) ;
#2799 = DIRECTION ( 'NONE',  ( 0.000000000000000000, -1.000000000000000000, 0.000000000000000000 ) ) ;
#2800 = FACE_OUTER_BOUND ( 'NONE', #4884, .T. ) ;
#2801 = AXIS2_PLACEMENT_3D ( 'NONE', #2515, #6210, #4866 ) ;
#2802 = VECTOR ( 'NONE', #624, 1000.000000000000114 ) ;
#2803 = EDGE_LOOP ( 'NONE', ( #8731, #8203, #2784, #4397, #2061, #5201 ) ) ;
#2804 = EDGE_CURVE ( 'NONE', #4018, #8336, #5009, .T. ) ;
#2805 = FACE_OUTER_BOUND ( 'NONE', #5370, .T. ) ;
#2806 = LINE ( 'NONE', #5733, #4435 ) ;
#2807 = CARTESIAN_POINT ( 'NONE',  ( -42.96326182188430920, -3.000000000000000000, 4.517536233858021610 ) ) ;
#2808 = EDGE_CURVE ( 'NONE', #1003, #8728, #7319, .T. ) ;
#2809 = LINE ( 'NONE', #8680, #7304 ) ;
#2810 = EDGE_CURVE ( 'NONE', #2151, #2197, #8719, .T. ) ;
#2811 = ORIENTED_EDGE ( 'NONE', *, *, #1121, .F. ) ;
#2812 = EDGE_CURVE ( 'NONE', #65, #9026, #3031, .T. ) ;
#2813 = CARTESIAN_POINT ( 'NONE',  ( -24.25000000000000711, -3.499999999999948486, -39.15000000000000568 ) ) ;
#2814 = ORIENTED_EDGE ( 'NONE', *, *, #8582, .T. ) ;
#2815 = EDGE_LOOP ( 'NONE', ( #879, #8085, #3895, #1469 ) ) ;
#2816 = ORIENTED_EDGE ( 'NONE', *, *, #9135, .F. ) ;
#2817 = EDGE_LOOP ( 'NONE', ( #7015, #1759 ) ) ;
#2818 = EDGE_CURVE ( 'NONE', #1247, #2468, #7032, .T. ) ;
#2819 = CARTESIAN_POINT ( 'NONE',  ( 0.000000000000000000, -3.500000000000000000, 0.000000000000000000 ) ) ;
#2820 = FACE_OUTER_BOUND ( 'NONE', #5904, .T. ) ;
#2821 = VERTEX_POINT ( 'NONE', #5597 ) ;
#2822 = AXIS2_PLACEMENT_3D ( 'NONE', #351, #3233, #400 ) ;
#2823 = CARTESIAN_POINT ( 'NONE',  ( -28.11951362996199677, -3.499999999999949374, -8.296107983160915467 ) ) ;
#2824 = DIRECTION ( 'NONE',  ( -0.000000000000000000, 1.000000000000000000, -0.000000000000000000 ) ) ;
#2825 = ORIENTED_EDGE ( 'NONE', *, *, #1123, .F. ) ;
#2826 = EDGE_CURVE ( 'NONE', #9486, #2796, #9204, .T. ) ;
#2827 = VERTEX_POINT ( 'NONE', #4103 ) ;
#2828 = VERTEX_POINT ( 'NONE', #4833 ) ;
#2829 = ORIENTED_EDGE ( 'NONE', *, *, #9397, .F. ) ;
#2830 = CARTESIAN_POINT ( 'NONE',  ( -24.20000000000000284, -5.000000000000000000, -63.00000000000000000 ) ) ;
#2831 = LINE ( 'NONE', #579, #3927 ) ;
#2832 = DIRECTION ( 'NONE',  ( 0.000000000000000000, 0.000000000000000000, -1.000000000000000000 ) ) ;
#2833 = CARTESIAN_POINT ( 'NONE',  ( -21.00000000000000711, 0.000000000000000000, -76.77890335241860953 ) ) ;
#2834 = CARTESIAN_POINT ( 'NONE',  ( 3.000000000000003997, -3.200000000000000178, 13.00000000000000000 ) ) ;
#2835 = DIRECTION ( 'NONE',  ( 0.000000000000000000, 0.000000000000000000, -1.000000000000000000 ) ) ;
#2836 = ORIENTED_EDGE ( 'NONE', *, *, #6637, .F. ) ;
#2837 = EDGE_CURVE ( 'NONE', #1196, #2862, #4247, .T. ) ;
#2838 = CARTESIAN_POINT ( 'NONE',  ( -62.67442126558891857, -5.000000000000000000, -13.15929021731400361 ) ) ;
#2839 = AXIS2_PLACEMENT_3D ( 'NONE', #4482, #8962, #6742 ) ;
#2840 = DIRECTION ( 'NONE',  ( 0.000000000000000000, 0.000000000000000000, -1.000000000000000000 ) ) ;
#2841 = FACE_OUTER_BOUND ( 'NONE', #6811, .T. ) ;
#2842 = CYLINDRICAL_SURFACE ( 'NONE', #8935, 2.000000000000001776 ) ;
#2843 = ORIENTED_EDGE ( 'NONE', *, *, #4063, .T. ) ;
#2844 = CYLINDRICAL_SURFACE ( 'NONE', #8400, 4.999999999999997335 ) ;
#2845 = CARTESIAN_POINT ( 'NONE',  ( 62.67442126558891857, -5.000000000000000000, -10.05929021731395778 ) ) ;
#2846 = CIRCLE ( 'NONE', #9307, 5.000000000000004441 ) ;
#2847 = AXIS2_PLACEMENT_3D ( 'NONE', #6318, #4838, #8355 ) ;
#2848 = AXIS2_PLACEMENT_3D ( 'NONE', #5116, #1560, #1506 ) ;
#2849 = CARTESIAN_POINT ( 'NONE',  ( 44.99999999999998579, -2.500000000000000000, -56.07536029467944871 ) ) ;
#2850 = DIRECTION ( 'NONE',  ( -0.000000000000000000, -1.000000000000000000, -0.000000000000000000 ) ) ;
#2851 = ORIENTED_EDGE ( 'NONE', *, *, #587, .F. ) ;
#2852 = DIRECTION ( 'NONE',  ( 0.000000000000000000, 0.000000000000000000, -1.000000000000000000 ) ) ;
#2853 = ORIENTED_EDGE ( 'NONE', *, *, #2529, .F. ) ;
#2854 = VERTEX_POINT ( 'NONE', #2032 ) ;
#2855 = ORIENTED_EDGE ( 'NONE', *, *, #6515, .F. ) ;
#2856 = ORIENTED_EDGE ( 'NONE', *, *, #5250, .F. ) ;
#2857 = FACE_OUTER_BOUND ( 'NONE', #1733, .T. ) ;
#2858 = ADVANCED_FACE ( 'NONE', ( #6950 ), #5496, .F. ) ;
#2859 = CARTESIAN_POINT ( 'NONE',  ( 24.20000000000000639, 0.000000000000000000, -24.00000000000000355 ) ) ;
#2860 = ADVANCED_FACE ( 'NONE', ( #361 ), #1034, .F. ) ;
#2861 = DIRECTION ( 'NONE',  ( 0.000000000000000000, 1.000000000000000000, -0.000000000000000000 ) ) ;
#2862 = VERTEX_POINT ( 'NONE', #4014 ) ;
#2863 = FACE_OUTER_BOUND ( 'NONE', #3352, .T. ) ;
#2864 = ADVANCED_FACE ( 'NONE', ( #9255 ), #2414, .F. ) ;
#2865 = LINE ( 'NONE', #708, #3112 ) ;
#2866 = EDGE_LOOP ( 'NONE', ( #1333, #735, #9190, #6451 ) ) ;
#2867 = CIRCLE ( 'NONE', #9476, 4.999999999999997335 ) ;
#2868 = APPLICATION_CONTEXT ( 'automotive_design' ) ;
#2869 = VERTEX_POINT ( 'NONE', #7088 ) ;
#2870 = ORIENTED_EDGE ( 'NONE', *, *, #1683, .T. ) ;
#2871 = EDGE_LOOP ( 'NONE', ( #265, #8120 ) ) ;
#2872 = PLANE ( 'NONE',  #9327 ) ;
#2873 = DIRECTION ( 'NONE',  ( -0.000000000000000000, 1.000000000000000000, -0.000000000000000000 ) ) ;
#2874 = CARTESIAN_POINT ( 'NONE',  ( -28.50000000000000000, 0.000000000000000000, -61.50000000000000000 ) ) ;
#2875 = CARTESIAN_POINT ( 'NONE',  ( 28.11951362996199677, 0.000000000000000000, -11.49610798316092009 ) ) ;
#2876 = EDGE_CURVE ( 'NONE', #3289, #7841, #3438, .T. ) ;
#2877 = ADVANCED_FACE ( 'NONE', ( #2841 ), #4240, .F. ) ;
#2878 = DIRECTION ( 'NONE',  ( -0.000000000000000000, 1.000000000000000000, -0.000000000000000000 ) ) ;
#2879 = DIRECTION ( 'NONE',  ( 0.000000000000000000, 1.000000000000000000, -0.000000000000000000 ) ) ;
#2880 = ORIENTED_EDGE ( 'NONE', *, *, #8932, .T. ) ;
#2881 = DIRECTION ( 'NONE',  ( 0.000000000000000000, 0.000000000000000000, -1.000000000000000000 ) ) ;
#2882 = DIRECTION ( 'NONE',  ( 0.000000000000000000, 0.000000000000000000, 1.000000000000000000 ) ) ;
#2883 = DIRECTION ( 'NONE',  ( 1.000000000000000000, 0.000000000000000000, -1.239088197126290817E-16 ) ) ;
#2884 = DIRECTION ( 'NONE',  ( 0.000000000000000000, 0.000000000000000000, -1.000000000000000000 ) ) ;
#2885 = CARTESIAN_POINT ( 'NONE',  ( -24.25000000000000711, -5.000000000000000000, -50.64999999999998437 ) ) ;
#2886 = VERTEX_POINT ( 'NONE', #4423 ) ;
#2887 = AXIS2_PLACEMENT_3D ( 'NONE', #2270, #5195, #7366 ) ;
#2888 = DIRECTION ( 'NONE',  ( -0.000000000000000000, 1.000000000000000000, -0.000000000000000000 ) ) ;
#2889 = AXIS2_PLACEMENT_3D ( 'NONE', #546, #5729, #7993 ) ;
#2890 = CARTESIAN_POINT ( 'NONE',  ( -24.25000000000000711, 0.000000000000000000, -53.75000000000000000 ) ) ;
#2891 = AXIS2_PLACEMENT_3D ( 'NONE', #869, #9518, #767 ) ;
#2892 = CIRCLE ( 'NONE', #5043, 3.031095219467760948 ) ;
#2893 = FACE_OUTER_BOUND ( 'NONE', #8108, .T. ) ;
#2894 = DIRECTION ( 'NONE',  ( 0.000000000000000000, 1.000000000000000000, 0.000000000000000000 ) ) ;
#2895 = ORIENTED_EDGE ( 'NONE', *, *, #7113, .F. ) ;
#2896 = VECTOR ( 'NONE', #2671, 1000.000000000000000 ) ;
#2897 = CARTESIAN_POINT ( 'NONE',  ( 45.00000000000000000, -2.500000000000000000, -76.77890335241848163 ) ) ;
#2898 = AXIS2_PLACEMENT_3D ( 'NONE', #9138, #237, #1009 ) ;
#2899 = EDGE_LOOP ( 'NONE', ( #126, #3507 ) ) ;
#2900 = EDGE_LOOP ( 'NONE', ( #9079, #1361 ) ) ;
#2901 = ORIENTED_EDGE ( 'NONE', *, *, #8079, .T. ) ;
#2902 = VERTEX_POINT ( 'NONE', #3575 ) ;
#2903 = FACE_OUTER_BOUND ( 'NONE', #1701, .T. ) ;
#2904 = DIRECTION ( 'NONE',  ( 0.000000000000000000, -1.000000000000000000, 0.000000000000000000 ) ) ;
#2905 = CARTESIAN_POINT ( 'NONE',  ( -6.800116025829083810E-13, -5.000000000000000000, 8.326672684688674053E-14 ) ) ;
#2906 = CARTESIAN_POINT ( 'NONE',  ( 0.000000000000000000, -3.500000000000000000, 0.000000000000000000 ) ) ;
#2907 = CIRCLE ( 'NONE', #7367, 1.600000000000004086 ) ;
#2908 = ORIENTED_EDGE ( 'NONE', *, *, #817, .T. ) ;
#2909 = CARTESIAN_POINT ( 'NONE',  ( -62.67442126558891857, -5.000000000000000000, -13.15929021731400361 ) ) ;
#2910 = DIRECTION ( 'NONE',  ( 0.000000000000000000, 1.000000000000000000, 0.000000000000000000 ) ) ;
#2911 = ORIENTED_EDGE ( 'NONE', *, *, #8298, .T. ) ;
#2912 = VECTOR ( 'NONE', #8896, 1000.000000000000000 ) ;
#2913 = EDGE_CURVE ( 'NONE', #2090, #1247, #724, .T. ) ;
#2914 = ORIENTED_EDGE ( 'NONE', *, *, #7790, .F. ) ;
#2915 = EDGE_CURVE ( 'NONE', #8155, #3177, #3705, .T. ) ;
#2916 = ORIENTED_EDGE ( 'NONE', *, *, #1578, .F. ) ;
#2917 = ORIENTED_EDGE ( 'NONE', *, *, #955, .F. ) ;
#2918 = CARTESIAN_POINT ( 'NONE',  ( -24.18305191657981013, -9.525483399593907663, 17.11198410471387277 ) ) ;
#2919 = VECTOR ( 'NONE', #8031, 1000.000000000000000 ) ;
#2920 = LINE ( 'NONE', #9422, #5469 ) ;
#2921 = CARTESIAN_POINT ( 'NONE',  ( -24.18305191657981013, -5.000000000000000000, 17.11198410471387277 ) ) ;
#2922 = DIRECTION ( 'NONE',  ( -0.000000000000000000, -1.000000000000000000, -0.000000000000000000 ) ) ;
#2923 = DIRECTION ( 'NONE',  ( 0.7071067811865376918, 0.000000000000000000, -0.7071067811865574537 ) ) ;
#2924 = VECTOR ( 'NONE', #6828, 1000.000000000000227 ) ;
#2925 = CARTESIAN_POINT ( 'NONE',  ( -51.97234841721098775, -5.000000000000000000, 33.58757210636076707 ) ) ;
#2926 = ORIENTED_EDGE ( 'NONE', *, *, #4831, .T. ) ;
#2927 = CIRCLE ( 'NONE', #8320, 5.000000000000004441 ) ;
#2928 = VECTOR ( 'NONE', #945, 1000.000000000000000 ) ;
#2929 = AXIS2_PLACEMENT_3D ( 'NONE', #5842, #2057, #4984 ) ;
#2930 = LINE ( 'NONE', #3798, #5356 ) ;
#2931 = ADVANCED_FACE ( 'NONE', ( #2800 ), #47, .T. ) ;
#2932 = EDGE_CURVE ( 'NONE', #245, #5829, #3616, .T. ) ;
#2933 = EDGE_CURVE ( 'NONE', #192, #6101, #8717, .T. ) ;
#2934 = CIRCLE ( 'NONE', #2633, 1.600000000000004086 ) ;
#2935 = DIRECTION ( 'NONE',  ( 0.000000000000000000, -0.000000000000000000, -1.000000000000000000 ) ) ;
#2936 = DIRECTION ( 'NONE',  ( -0.8571673007021111124, 0.000000000000000000, 0.5150380749100561539 ) ) ;
#2937 = DIRECTION ( 'NONE',  ( 0.000000000000000000, -0.7071067811865516806, -0.7071067811865434649 ) ) ;
#2938 = EDGE_CURVE ( 'NONE', #746, #4889, #5908, .T. ) ;
#2939 = VECTOR ( 'NONE', #4591, 1000.000000000000114 ) ;
#2940 = PLANE ( 'NONE',  #3142 ) ;
#2941 = VECTOR ( 'NONE', #2430, 1000.000000000000114 ) ;
#2942 = AXIS2_PLACEMENT_3D ( 'NONE', #4693, #5309, #790 ) ;
#2943 = ORIENTED_EDGE ( 'NONE', *, *, #6284, .T. ) ;
#2944 = DIRECTION ( 'NONE',  ( 0.000000000000000000, -1.000000000000000000, 0.000000000000000000 ) ) ;
#2945 = FACE_OUTER_BOUND ( 'NONE', #5124, .T. ) ;
#2946 = AXIS2_PLACEMENT_3D ( 'NONE', #8228, #967, #2260 ) ;
#2947 = AXIS2_PLACEMENT_3D ( 'NONE', #8851, #8754, #2159 ) ;
#2948 = DIRECTION ( 'NONE',  ( -0.000000000000000000, 1.000000000000000000, -0.000000000000000000 ) ) ;
#2949 = CARTESIAN_POINT ( 'NONE',  ( 25.67942337021199606, -9.242640687119289211, -24.24760147752104800 ) ) ;
#2950 = VERTEX_POINT ( 'NONE', #5771 ) ;
#2951 = EDGE_CURVE ( 'NONE', #5701, #8255, #1437, .T. ) ;
#2952 = DIRECTION ( 'NONE',  ( 0.000000000000000000, -1.000000000000000000, 0.000000000000000000 ) ) ;
#2953 = ORIENTED_EDGE ( 'NONE', *, *, #571, .F. ) ;
#2954 = ORIENTED_EDGE ( 'NONE', *, *, #8601, .T. ) ;
#2955 = VECTOR ( 'NONE', #8415, 999.9999999999998863 ) ;
#2956 = EDGE_LOOP ( 'NONE', ( #1894, #6468, #391, #2733 ) ) ;
#2957 = ORIENTED_EDGE ( 'NONE', *, *, #1987, .T. ) ;
#2958 = SURFACE_STYLE_USAGE ( .BOTH. , #2049 ) ;
#2959 = CARTESIAN_POINT ( 'NONE',  ( -24.25000000000000711, -3.500000000000003997, -53.75000000000000000 ) ) ;
#2960 = AXIS2_PLACEMENT_3D ( 'NONE', #1161, #1339, #6306 ) ;
#2961 = CARTESIAN_POINT ( 'NONE',  ( 24.20000000000000284, -5.000000000000000000, -56.99999999999999289 ) ) ;
#2962 = DIRECTION ( 'NONE',  ( 0.000000000000000000, -1.000000000000000000, 0.000000000000000000 ) ) ;
#2963 = VERTEX_POINT ( 'NONE', #8858 ) ;
#2964 = CARTESIAN_POINT ( 'NONE',  ( -36.00000000000000711, -9.525483399593907663, -53.59999999999999432 ) ) ;
#2965 = DIRECTION ( 'NONE',  ( 0.5150380749100297306, -0.000000000000000000, 0.8571673007021270996 ) ) ;
#2966 = ORIENTED_EDGE ( 'NONE', *, *, #9053, .T. ) ;
#2967 = ORIENTED_EDGE ( 'NONE', *, *, #7690, .F. ) ;
#2968 = VERTEX_POINT ( 'NONE', #5865 ) ;
#2969 = ORIENTED_EDGE ( 'NONE', *, *, #1656, .F. ) ;
#2970 = CARTESIAN_POINT ( 'NONE',  ( -20.00000000000000000, -3.499999999999954703, 76.59999999999999432 ) ) ;
#2971 = DIRECTION ( 'NONE',  ( 0.000000000000000000, 0.000000000000000000, -1.000000000000000000 ) ) ;
#2972 = DIRECTION ( 'NONE',  ( 0.000000000000000000, 0.000000000000000000, -1.000000000000000000 ) ) ;
#2973 = CARTESIAN_POINT ( 'NONE',  ( 72.39969434600294562, -5.000000000000000000, 37.04435528667422517 ) ) ;
#2974 = CIRCLE ( 'NONE', #1910, 4.599999999999909939 ) ;
#2975 = PLANE ( 'NONE',  #4679 ) ;
#2976 = EDGE_CURVE ( 'NONE', #2444, #3648, #2120, .T. ) ;
#2977 = DIRECTION ( 'NONE',  ( 0.000000000000000000, -0.7071067811865489050, -0.7071067811865462405 ) ) ;
#2978 = EDGE_LOOP ( 'NONE', ( #4111, #3992, #6204, #7742 ) ) ;
#2979 = LINE ( 'NONE', #3703, #7200 ) ;
#2980 = AXIS2_PLACEMENT_3D ( 'NONE', #1253, #4192, #9337 ) ;
#2981 = CARTESIAN_POINT ( 'NONE',  ( 34.29467888754832217, -5.000000000000000000, 62.57895013500903758 ) ) ;
#2982 = DIRECTION ( 'NONE',  ( -0.000000000000000000, -1.000000000000000000, -0.000000000000000000 ) ) ;
#2983 = DIRECTION ( 'NONE',  ( 0.000000000000000000, 1.000000000000000000, -0.000000000000000000 ) ) ;
#2984 = CARTESIAN_POINT ( 'NONE',  ( -45.68185326600102059, 0.000000000000000000, -35.61486041224296173 ) ) ;
#2985 = CARTESIAN_POINT ( 'NONE',  ( 79.50000000000000000, -1.500000000000000000, -9.149999999999998579 ) ) ;
#2986 = AXIS2_PLACEMENT_3D ( 'NONE', #996, #9076, #7638 ) ;
#2987 = ADVANCED_FACE ( 'NONE', ( #8761 ), #4331, .T. ) ;
#2988 = ADVANCED_FACE ( 'NONE', ( #2074 ), #8098, .F. ) ;
#2989 = AXIS2_PLACEMENT_3D ( 'NONE', #8268, #6723, #5431 ) ;
#2990 = EDGE_CURVE ( 'NONE', #2267, #6191, #1489, .T. ) ;
#2991 = VERTEX_POINT ( 'NONE', #9520 ) ;
#2992 = AXIS2_PLACEMENT_3D ( 'NONE', #8144, #6698, #1543 ) ;
#2993 = EDGE_CURVE ( 'NONE', #6836, #6148, #591, .T. ) ;
#2994 = DIRECTION ( 'NONE',  ( 0.8571673007021113344, 0.000000000000000000, 0.5150380749100557098 ) ) ;
#2995 = DIRECTION ( 'NONE',  ( 0.000000000000000000, 0.000000000000000000, 1.000000000000000000 ) ) ;
#2996 = LINE ( 'NONE', #5920, #5899 ) ;
#2997 = CIRCLE ( 'NONE', #849, 1.500000000000001332 ) ;
#2998 = EDGE_CURVE ( 'NONE', #5286, #804, #4375, .T. ) ;
#2999 = CARTESIAN_POINT ( 'NONE',  ( -6.800116025829083810E-13, -5.000000000000000000, 8.326672684688674053E-14 ) ) ;
#3000 = DIRECTION ( 'NONE',  ( 0.000000000000000000, 0.000000000000000000, 1.000000000000000000 ) ) ;
#3001 = ORIENTED_EDGE ( 'NONE', *, *, #4055, .F. ) ;
#3002 = VECTOR ( 'NONE', #2873, 1000.000000000000000 ) ;
#3003 = AXIS2_PLACEMENT_3D ( 'NONE', #1264, #2036, #9392 ) ;
#3004 = CARTESIAN_POINT ( 'NONE',  ( -20.00000000000000000, -5.000000000000000000, 78.10000000000005116 ) ) ;
#3005 = EDGE_LOOP ( 'NONE', ( #8706, #4601, #7917, #2009, #9391, #978 ) ) ;
#3006 = VERTEX_POINT ( 'NONE', #7949 ) ;
#3007 = CARTESIAN_POINT ( 'NONE',  ( -75.93522825193483072, -5.000000000000000000, 38.50882138074332062 ) ) ;
#3008 = CIRCLE ( 'NONE', #4238, 3.099999999999991651 ) ;
#3009 = EDGE_LOOP ( 'NONE', ( #151, #3452, #3785, #415 ) ) ;
#3010 = ORIENTED_EDGE ( 'NONE', *, *, #8741, .T. ) ;
#3011 = DIRECTION ( 'NONE',  ( 0.000000000000000000, 1.000000000000000000, -0.000000000000000000 ) ) ;
#3012 = CARTESIAN_POINT ( 'NONE',  ( 45.16312671864703532, -9.525483399593916545, -42.30297844118579320 ) ) ;
#3013 = AXIS2_PLACEMENT_3D ( 'NONE', #1534, #5242, #973 ) ;
#3014 = CARTESIAN_POINT ( 'NONE',  ( 24.25000000000000711, -3.500000000000003997, -55.34999999999999432 ) ) ;
#3015 = VECTOR ( 'NONE', #3763, 1000.000000000000000 ) ;
#3016 = EDGE_CURVE ( 'NONE', #8728, #957, #1345, .T. ) ;
#3017 = CYLINDRICAL_SURFACE ( 'NONE', #2764, 85.49999999999998579 ) ;
#3018 = ORIENTED_EDGE ( 'NONE', *, *, #8486, .T. ) ;
#3019 = DIRECTION ( 'NONE',  ( -2.775557561562890957E-15, 0.000000000000000000, -1.000000000000000000 ) ) ;
#3020 = CARTESIAN_POINT ( 'NONE',  ( -42.00000000000000000, -2.500000000000000000, -48.27890335241848163 ) ) ;
#3021 = EDGE_LOOP ( 'NONE', ( #8967, #1414, #344, #4817 ) ) ;
#3022 = ORIENTED_EDGE ( 'NONE', *, *, #6609, .F. ) ;
#3023 = ORIENTED_EDGE ( 'NONE', *, *, #3926, .F. ) ;
#3024 = EDGE_LOOP ( 'NONE', ( #6193, #1901, #7492, #7243 ) ) ;
#3025 = DIRECTION ( 'NONE',  ( 0.000000000000000000, 0.000000000000000000, -1.000000000000000000 ) ) ;
#3026 = CARTESIAN_POINT ( 'NONE',  ( 64.93050680000560249, -4.975117396328332831, -15.25253998485575835 ) ) ;
#3027 = DIRECTION ( 'NONE',  ( -0.000000000000000000, -1.000000000000000000, -0.000000000000000000 ) ) ;
#3028 = FACE_OUTER_BOUND ( 'NONE', #801, .T. ) ;
#3029 = ADVANCED_FACE ( 'NONE', ( #631 ), #6496, .T. ) ;
#3030 = FACE_OUTER_BOUND ( 'NONE', #6091, .T. ) ;
#3032 = DIRECTION ( 'NONE',  ( -0.000000000000000000, -1.000000000000000000, -0.000000000000000000 ) ) ;
#3031 = CIRCLE ( 'NONE', #1641, 2.000000000000000000 ) ;
#3033 = LINE ( 'NONE', #5954, #9258 ) ;
#3034 = LINE ( 'NONE', #1484, #2609 ) ;
#3035 = CARTESIAN_POINT ( 'NONE',  ( -36.00000000000000711, -3.499999999999972911, -53.59999999999999432 ) ) ;
#3036 = DIRECTION ( 'NONE',  ( 0.000000000000000000, 0.000000000000000000, 1.000000000000000000 ) ) ;
#3037 = CYLINDRICAL_SURFACE ( 'NONE', #2029, 3.000000000000002665 ) ;
#3038 = CYLINDRICAL_SURFACE ( 'NONE', #8944, 5.000000000000004441 ) ;
#3039 = DIRECTION ( 'NONE',  ( 0.000000000000000000, 0.000000000000000000, 1.000000000000000000 ) ) ;
#3040 = ORIENTED_EDGE ( 'NONE', *, *, #2654, .T. ) ;
#3041 = DIRECTION ( 'NONE',  ( 0.000000000000000000, 0.000000000000000000, -1.000000000000000000 ) ) ;
#3042 = DIRECTION ( 'NONE',  ( 0.000000000000000000, 0.000000000000000000, -1.000000000000000000 ) ) ;
#3043 = ADVANCED_FACE ( 'NONE', ( #8281 ), #6110, .F. ) ;
#3044 = FACE_OUTER_BOUND ( 'NONE', #6900, .T. ) ;
#3045 = EDGE_CURVE ( 'NONE', #5784, #2769, #6879, .T. ) ;
#3046 = DIRECTION ( 'NONE',  ( -8.673617379884036705E-17, -0.000000000000000000, -1.000000000000000000 ) ) ;
#3047 = EDGE_CURVE ( 'NONE', #599, #7841, #2867, .T. ) ;
#3048 = VECTOR ( 'NONE', #359, 1000.000000000000000 ) ;
#3049 = CIRCLE ( 'NONE', #6121, 5.000000000000004441 ) ;
#3050 = DIRECTION ( 'NONE',  ( 0.000000000000000000, 0.000000000000000000, -1.000000000000000000 ) ) ;
#3051 = ORIENTED_EDGE ( 'NONE', *, *, #8348, .T. ) ;
#3052 = FACE_OUTER_BOUND ( 'NONE', #3503, .T. ) ;
#3053 = ORIENTED_EDGE ( 'NONE', *, *, #6945, .F. ) ;
#3054 = ADVANCED_FACE ( 'NONE', ( #7506 ), #8260, .F. ) ;
#3055 = VECTOR ( 'NONE', #5013, 1000.000000000000000 ) ;
#3056 = EDGE_CURVE ( 'NONE', #8431, #7336, #2363, .T. ) ;
#3057 = CARTESIAN_POINT ( 'NONE',  ( -33.26989437906256342, -5.000000000000000000, -4.424434976139847819 ) ) ;
#3058 = VERTEX_POINT ( 'NONE', #2454 ) ;
#3059 = EDGE_LOOP ( 'NONE', ( #3407, #1129 ) ) ;
#3060 = PLANE ( 'NONE',  #5698 ) ;
#3061 = FACE_OUTER_BOUND ( 'NONE', #2297, .T. ) ;
#3062 = DIRECTION ( 'NONE',  ( -0.000000000000000000, -1.000000000000000000, -0.000000000000000000 ) ) ;
#3063 = DIRECTION ( 'NONE',  ( 0.000000000000000000, -0.000000000000000000, 1.000000000000000000 ) ) ;
#3064 = CIRCLE ( 'NONE', #2303, 2.000000000000001776 ) ;
#3065 = CARTESIAN_POINT ( 'NONE',  ( -20.20000000000000639, -5.000000000000000000, 1.999999999999998224 ) ) ;
#3066 = ORIENTED_EDGE ( 'NONE', *, *, #1943, .F. ) ;
#3067 = EDGE_LOOP ( 'NONE', ( #4131, #4122 ) ) ;
#3068 = ADVANCED_FACE ( 'NONE', ( #3801 ), #5243, .F. ) ;
#3069 = ORIENTED_EDGE ( 'NONE', *, *, #6253, .T. ) ;
#3070 = ORIENTED_EDGE ( 'NONE', *, *, #2818, .F. ) ;
#3071 = FACE_OUTER_BOUND ( 'NONE', #1426, .T. ) ;
#3072 = DIRECTION ( 'NONE',  ( 1.000000000000000000, 0.000000000000000000, -3.717264591378873190E-16 ) ) ;
#3073 = CARTESIAN_POINT ( 'NONE',  ( -20.00000000000000000, 0.000000000000000000, 73.39999999999999147 ) ) ;
#3074 = CIRCLE ( 'NONE', #6914, 1.600000000000000755 ) ;
#3075 = DIRECTION ( 'NONE',  ( -0.000000000000000000, -1.000000000000000000, -0.000000000000000000 ) ) ;
#3076 = DIRECTION ( 'NONE',  ( 0.000000000000000000, -1.000000000000000000, 0.000000000000000000 ) ) ;
#3077 = ORIENTED_EDGE ( 'NONE', *, *, #6187, .F. ) ;
#3078 = FACE_OUTER_BOUND ( 'NONE', #2747, .T. ) ;
#3079 = EDGE_LOOP ( 'NONE', ( #6041, #4678, #4849, #1966 ) ) ;
#3080 = VECTOR ( 'NONE', #5290, 1000.000000000000114 ) ;
#3081 = FACE_OUTER_BOUND ( 'NONE', #8273, .T. ) ;
#3082 = EDGE_CURVE ( 'NONE', #3234, #7604, #1737, .T. ) ;
#3083 = DIRECTION ( 'NONE',  ( -1.000000000000000000, -0.000000000000000000, -0.000000000000000000 ) ) ;
#3084 = DIRECTION ( 'NONE',  ( -0.000000000000000000, 1.000000000000000000, -0.000000000000000000 ) ) ;
#3085 = CARTESIAN_POINT ( 'NONE',  ( -36.00000000000000711, -9.525483399593907663, -66.00000000000000000 ) ) ;
#3086 = FACE_OUTER_BOUND ( 'NONE', #7299, .T. ) ;
#3087 = CONICAL_SURFACE ( 'NONE', #8473, 1.600000000000004086, 0.7853981633974465026 ) ;
#3088 = DIRECTION ( 'NONE',  ( 8.659560562354978464E-17, -0.7071067811865439090, 0.7071067811865512365 ) ) ;
#3089 = DIRECTION ( 'NONE',  ( 0.000000000000000000, 1.000000000000000000, -0.000000000000000000 ) ) ;
#3090 = VECTOR ( 'NONE', #7030, 1000.000000000000000 ) ;
#3091 = AXIS2_PLACEMENT_3D ( 'NONE', #9235, #8521, #7794 ) ;
#3092 = ORIENTED_EDGE ( 'NONE', *, *, #5806, .T. ) ;
#3093 = AXIS2_PLACEMENT_3D ( 'NONE', #5986, #3729, #73 ) ;
#3094 = CARTESIAN_POINT ( 'NONE',  ( -6.800116025829083810E-13, -5.000000000000000000, 8.326672684688674053E-14 ) ) ;
#3095 = CARTESIAN_POINT ( 'NONE',  ( -17.11198410471442699, -3.499999999999945821, 25.78305191657943851 ) ) ;
#3096 = DIRECTION ( 'NONE',  ( 8.659560562354918067E-17, -0.7071067811865487940, 0.7071067811865463515 ) ) ;
#3097 = CARTESIAN_POINT ( 'NONE',  ( 33.50000000000000000, 0.000000000000000000, -63.00000000000000000 ) ) ;
#3098 = CIRCLE ( 'NONE', #6009, 2.000000000000000000 ) ;
#3099 = CIRCLE ( 'NONE', #6464, 2.100000000000004530 ) ;
#3100 = EDGE_CURVE ( 'NONE', #5502, #5436, #7414, .T. ) ;
#3101 = AXIS2_PLACEMENT_3D ( 'NONE', #6293, #4043, #525 ) ;
#3102 = CIRCLE ( 'NONE', #5411, 4.599999999999909939 ) ;
#3103 = DIRECTION ( 'NONE',  ( -0.000000000000000000, 1.000000000000000000, -0.000000000000000000 ) ) ;
#3104 = EDGE_LOOP ( 'NONE', ( #9139, #3402, #8547, #824 ) ) ;
#3105 = VECTOR ( 'NONE', #1808, 1000.000000000000000 ) ;
#3106 = DIRECTION ( 'NONE',  ( 0.000000000000000000, 0.000000000000000000, -1.000000000000000000 ) ) ;
#3107 = ORIENTED_EDGE ( 'NONE', *, *, #1645, .F. ) ;
#3108 = DIRECTION ( 'NONE',  ( 0.000000000000000000, 0.000000000000000000, -1.000000000000000000 ) ) ;
#3109 = ORIENTED_EDGE ( 'NONE', *, *, #1170, .F. ) ;
#3110 = DIRECTION ( 'NONE',  ( 1.000000000000000000, 0.000000000000000000, -0.000000000000000000 ) ) ;
#3111 = DIRECTION ( 'NONE',  ( -0.000000000000000000, 1.000000000000000000, -0.000000000000000000 ) ) ;
#3112 = VECTOR ( 'NONE', #7889, 1000.000000000000000 ) ;
#3113 = DIRECTION ( 'NONE',  ( 0.000000000000000000, 1.000000000000000000, -0.000000000000000000 ) ) ;
#3114 = EDGE_CURVE ( 'NONE', #4098, #3129, #918, .T. ) ;
#3115 = EDGE_CURVE ( 'NONE', #3998, #8609, #8574, .T. ) ;
#3116 = CARTESIAN_POINT ( 'NONE',  ( -38.49196988955008436, 0.000000000000000000, 76.34538790275394149 ) ) ;
#3117 = ADVANCED_FACE ( 'NONE', ( #4673 ), #1681, .F. ) ;
#3118 = DIRECTION ( 'NONE',  ( 0.000000000000000000, 0.000000000000000000, -1.000000000000000000 ) ) ;
#3119 = ORIENTED_EDGE ( 'NONE', *, *, #363, .F. ) ;
#3120 = ADVANCED_FACE ( 'NONE', ( #4617 ), #4088, .F. ) ;
#3121 = EDGE_LOOP ( 'NONE', ( #294, #4768, #8745, #75 ) ) ;
#3122 = ORIENTED_EDGE ( 'NONE', *, *, #7111, .F. ) ;
#3123 = VERTEX_POINT ( 'NONE', #8137 ) ;
#3124 = DIRECTION ( 'NONE',  ( -0.000000000000000000, 1.000000000000000000, -0.000000000000000000 ) ) ;
#3125 = CARTESIAN_POINT ( 'NONE',  ( 65.16227861655799813, -4.962327069829775894, -14.94939274690371178 ) ) ;
#3126 = LINE ( 'NONE', #2548, #2469 ) ;
#3127 = CARTESIAN_POINT ( 'NONE',  ( -24.50000000000000355, 0.000000000000000000, -32.50000000000000000 ) ) ;
#3128 = FACE_OUTER_BOUND ( 'NONE', #7328, .T. ) ;
#3129 = VERTEX_POINT ( 'NONE', #1535 ) ;
#3130 = DIRECTION ( 'NONE',  ( 1.000000000000000000, 0.000000000000000000, -0.000000000000000000 ) ) ;
#3131 = ORIENTED_EDGE ( 'NONE', *, *, #1943, .T. ) ;
#3132 = DIRECTION ( 'NONE',  ( -0.000000000000000000, 1.000000000000000000, -0.000000000000000000 ) ) ;
#3133 = ORIENTED_EDGE ( 'NONE', *, *, #6035, .F. ) ;
#3134 = DIRECTION ( 'NONE',  ( 0.000000000000000000, 1.000000000000000000, 0.000000000000000000 ) ) ;
#3135 = FACE_OUTER_BOUND ( 'NONE', #8673, .T. ) ;
#3136 = DIRECTION ( 'NONE',  ( 0.000000000000000000, 0.000000000000000000, 1.000000000000000000 ) ) ;
#3137 = CARTESIAN_POINT ( 'NONE',  ( -85.19872855988081994, -5.000000000000000000, -22.02672585246718029 ) ) ;
#3138 = CARTESIAN_POINT ( 'NONE',  ( -45.16312671864703532, -3.499999999999944933, -43.90297844118579462 ) ) ;
#3139 = FACE_OUTER_BOUND ( 'NONE', #7479, .T. ) ;
#3140 = EDGE_CURVE ( 'NONE', #8318, #8156, #6686, .T. ) ;
#3141 = ORIENTED_EDGE ( 'NONE', *, *, #877, .T. ) ;
#3142 = AXIS2_PLACEMENT_3D ( 'NONE', #3618, #8763, #6689 ) ;
#3143 = CARTESIAN_POINT ( 'NONE',  ( 21.00000000000000355, -5.000000000000004441, -21.00000000000000000 ) ) ;
#3144 = CYLINDRICAL_SURFACE ( 'NONE', #4752, 2.000000000000000000 ) ;
#3145 = CYLINDRICAL_SURFACE ( 'NONE', #4371, 2.500000000000002220 ) ;
#3146 = CARTESIAN_POINT ( 'NONE',  ( -39.00000000000000000, 0.000000000000000000, -51.27890335241848163 ) ) ;
#3147 = DIRECTION ( 'NONE',  ( -0.000000000000000000, 1.000000000000000000, -0.000000000000000000 ) ) ;
#3148 = VERTEX_POINT ( 'NONE', #819 ) ;
#3149 = DIRECTION ( 'NONE',  ( 0.000000000000000000, 0.000000000000000000, -1.000000000000000000 ) ) ;
#3150 = ORIENTED_EDGE ( 'NONE', *, *, #4081, .T. ) ;
#3151 = DIRECTION ( 'NONE',  ( -0.000000000000000000, 1.000000000000000000, -0.000000000000000000 ) ) ;
#3152 = CIRCLE ( 'NONE', #2992, 3.100000000000075140 ) ;
#3153 = ORIENTED_EDGE ( 'NONE', *, *, #3299, .F. ) ;
#3154 = DIRECTION ( 'NONE',  ( 0.000000000000000000, 0.000000000000000000, 1.000000000000000000 ) ) ;
#3155 = DIRECTION ( 'NONE',  ( 8.659560562354915602E-17, -0.7071067811865489050, 0.7071067811865462405 ) ) ;
#3156 = CARTESIAN_POINT ( 'NONE',  ( -48.00475301462217459, -4.935363795444077439, -43.39853017951794101 ) ) ;
#3157 = CARTESIAN_POINT ( 'NONE',  ( -69.01672159629590908, -5.000000000000000000, -18.13676211729601917 ) ) ;
#3158 = AXIS2_PLACEMENT_3D ( 'NONE', #6462, #4161, #3495 ) ;
#3159 = CARTESIAN_POINT ( 'NONE',  ( 20.00000000000000000, -5.000000000000000000, 75.00000000000000000 ) ) ;
#3160 = ORIENTED_EDGE ( 'NONE', *, *, #699, .T. ) ;
#3161 = ORIENTED_EDGE ( 'NONE', *, *, #425, .F. ) ;
#3162 = AXIS2_PLACEMENT_3D ( 'NONE', #1585, #3704, #8280 ) ;
#3163 = ORIENTED_EDGE ( 'NONE', *, *, #4113, .F. ) ;
#3164 = ORIENTED_EDGE ( 'NONE', *, *, #4648, .F. ) ;
#3165 = DIRECTION ( 'NONE',  ( -0.000000000000000000, 1.000000000000000000, -0.000000000000000000 ) ) ;
#3166 = EDGE_CURVE ( 'NONE', #1799, #3451, #9005, .T. ) ;
#3167 = LINE ( 'NONE', #6094, #2567 ) ;
#3168 = EDGE_CURVE ( 'NONE', #7317, #1049, #6380, .T. ) ;
#3169 = DIRECTION ( 'NONE',  ( 0.000000000000000000, 0.000000000000000000, -1.000000000000000000 ) ) ;
#3170 = EDGE_CURVE ( 'NONE', #5436, #180, #8904, .T. ) ;
#3171 = CIRCLE ( 'NONE', #5144, 1.600000000000002531 ) ;
#3172 = DIRECTION ( 'NONE',  ( 0.000000000000000000, 0.000000000000000000, -1.000000000000000000 ) ) ;
#3173 = CARTESIAN_POINT ( 'NONE',  ( -31.00000000000000000, 0.000000000000000000, -61.50000000000000000 ) ) ;
#3174 = ADVANCED_FACE ( 'NONE', ( #5338 ), #7563, .F. ) ;
#3175 = ORIENTED_EDGE ( 'NONE', *, *, #9352, .T. ) ;
#3176 = CARTESIAN_POINT ( 'NONE',  ( -79.50000000000000000, 0.000000000000000000, -5.000000000000000000 ) ) ;
#3177 = VERTEX_POINT ( 'NONE', #1250 ) ;
#3178 = FACE_BOUND ( 'NONE', #5796, .T. ) ;
#3179 = ORIENTED_EDGE ( 'NONE', *, *, #6104, .F. ) ;
#3180 = VERTEX_POINT ( 'NONE', #395 ) ;
#3181 = CARTESIAN_POINT ( 'NONE',  ( -45.00000000000000000, 0.000000000000000000, -76.77890335241848163 ) ) ;
#3182 = CARTESIAN_POINT ( 'NONE',  ( 31.00000000000000000, 0.000000000000000000, -61.50000000000000000 ) ) ;
#3183 = DIRECTION ( 'NONE',  ( 0.000000000000000000, 0.000000000000000000, -1.000000000000000000 ) ) ;
#3184 = ADVANCED_FACE ( 'NONE', ( #6936 ), #8388, .F. ) ;
#3185 = CARTESIAN_POINT ( 'NONE',  ( -17.11198410471442699, -5.000000000000000000, 21.08305191657936817 ) ) ;
#3186 = EDGE_CURVE ( 'NONE', #6358, #7831, #8242, .T. ) ;
#3187 = DIRECTION ( 'NONE',  ( 0.000000000000000000, 0.000000000000000000, -1.000000000000000000 ) ) ;
#3188 = AXIS2_PLACEMENT_3D ( 'NONE', #5644, #5549, #5687 ) ;
#3189 = DIRECTION ( 'NONE',  ( 0.7071067811865561215, -0.000000000000000000, 0.7071067811865388020 ) ) ;
#3190 = ORIENTED_EDGE ( 'NONE', *, *, #7819, .T. ) ;
#3191 = DIRECTION ( 'NONE',  ( 0.000000000000000000, 0.000000000000000000, -1.000000000000000000 ) ) ;
#3192 = AXIS2_PLACEMENT_3D ( 'NONE', #8191, #3752, #3183 ) ;
#3193 = CARTESIAN_POINT ( 'NONE',  ( 20.20000000000000639, -9.330591249311714463, 1.999999999999998224 ) ) ;
#3194 = DIRECTION ( 'NONE',  ( 0.000000000000000000, -1.000000000000000000, 0.000000000000000000 ) ) ;
#3195 = EDGE_CURVE ( 'NONE', #3819, #9486, #8571, .T. ) ;
#3196 = VERTEX_POINT ( 'NONE', #1157 ) ;
#3197 = CARTESIAN_POINT ( 'NONE',  ( 20.20000000000000639, -5.000000000000000000, -1.031095219467762725 ) ) ;
#3198 = ORIENTED_EDGE ( 'NONE', *, *, #1627, .T. ) ;
#3199 = CARTESIAN_POINT ( 'NONE',  ( 42.00000000000000000, 0.000000000000000000, -48.27890335241848163 ) ) ;
#3200 = ORIENTED_EDGE ( 'NONE', *, *, #3947, .T. ) ;
#3201 = CARTESIAN_POINT ( 'NONE',  ( 86.71302124127556965, -3.500000000000000000, -14.99506409489775649 ) ) ;
#3202 = ADVANCED_FACE ( 'NONE', ( #7802 ), #7848, .F. ) ;
#3203 = EDGE_LOOP ( 'NONE', ( #9460, #6308, #6854, #7683 ) ) ;
#3204 = DIRECTION ( 'NONE',  ( 0.000000000000000000, -1.000000000000000000, 0.000000000000000000 ) ) ;
#3205 = CARTESIAN_POINT ( 'NONE',  ( -31.00000000000000000, -10.00000000000000000, -61.50000000000000000 ) ) ;
#3206 = CARTESIAN_POINT ( 'NONE',  ( 79.50000000000000000, -10.93969696196701413, -5.000000000000000888 ) ) ;
#3207 = AXIS2_PLACEMENT_3D ( 'NONE', #5095, #7857, #4958 ) ;
#3208 = DIRECTION ( 'NONE',  ( 0.000000000000000000, 1.000000000000000000, 0.000000000000000000 ) ) ;
#3209 = CARTESIAN_POINT ( 'NONE',  ( 24.20000000000000284, -5.000000000000000000, -60.00000000000000000 ) ) ;
#3210 = VERTEX_POINT ( 'NONE', #9148 ) ;
#3211 = EDGE_LOOP ( 'NONE', ( #9405, #5739, #9330, #4666 ) ) ;
#3212 = EDGE_LOOP ( 'NONE', ( #7795, #2870, #2321, #654 ) ) ;
#3213 = ORIENTED_EDGE ( 'NONE', *, *, #4877, .F. ) ;
#3214 = DIRECTION ( 'NONE',  ( 0.000000000000000000, 1.000000000000000000, 0.000000000000000000 ) ) ;
#3215 = DIRECTION ( 'NONE',  ( -0.000000000000000000, 1.000000000000000000, -0.000000000000000000 ) ) ;
#3216 = DIRECTION ( 'NONE',  ( 0.000000000000000000, 0.000000000000000000, -1.000000000000000000 ) ) ;
#3217 = CARTESIAN_POINT ( 'NONE',  ( 20.20000000000000284, -9.330591249311714463, -16.50000000000000000 ) ) ;
#3218 = AXIS2_PLACEMENT_3D ( 'NONE', #2897, #7916, #8727 ) ;
#3219 = DIRECTION ( 'NONE',  ( -1.000000000000000000, 0.000000000000000000, 6.219998500209268303E-17 ) ) ;
#3220 = ORIENTED_EDGE ( 'NONE', *, *, #744, .T. ) ;
#3221 = ADVANCED_FACE ( 'NONE', ( #2656 ), #1787, .F. ) ;
#3222 = CYLINDRICAL_SURFACE ( 'NONE', #7100, 5.000000000000000888 ) ;
#3223 = ORIENTED_EDGE ( 'NONE', *, *, #3186, .T. ) ;
#3224 = CYLINDRICAL_SURFACE ( 'NONE', #7681, 1.500000000000001332 ) ;
#3225 = AXIS2_PLACEMENT_3D ( 'NONE', #2333, #4539, #787 ) ;
#3226 = ORIENTED_EDGE ( 'NONE', *, *, #8429, .F. ) ;
#3227 = ORIENTED_EDGE ( 'NONE', *, *, #5705, .T. ) ;
#3228 = FACE_OUTER_BOUND ( 'NONE', #3822, .T. ) ;
#3229 = FACE_OUTER_BOUND ( 'NONE', #4687, .T. ) ;
#3230 = DIRECTION ( 'NONE',  ( 0.000000000000000000, 1.000000000000000000, 0.000000000000000000 ) ) ;
#3231 = DIRECTION ( 'NONE',  ( -0.000000000000000000, -1.000000000000000000, 0.000000000000000000 ) ) ;
#3232 = CARTESIAN_POINT ( 'NONE',  ( -24.25000000000000711, -10.00000000000000000, -53.75000000000000000 ) ) ;
#3233 = DIRECTION ( 'NONE',  ( -0.000000000000000000, -1.000000000000000000, -0.000000000000000000 ) ) ;
#3234 = VERTEX_POINT ( 'NONE', #5588 ) ;
#3235 = AXIS2_PLACEMENT_3D ( 'NONE', #9001, #349, #250 ) ;
#3236 = EDGE_CURVE ( 'NONE', #4091, #6606, #2846, .T. ) ;
#3237 = ADVANCED_FACE ( 'NONE', ( #6303 ), #9289, .F. ) ;
#3238 = EDGE_CURVE ( 'NONE', #1196, #3780, #534, .T. ) ;
#3239 = CARTESIAN_POINT ( 'NONE',  ( -79.21095465983478334, -5.000000000000000000, -18.42890832028849957 ) ) ;
#3240 = CIRCLE ( 'NONE', #322, 2.100000000000000977 ) ;
#3241 = DIRECTION ( 'NONE',  ( -0.000000000000000000, 1.000000000000000000, -0.000000000000000000 ) ) ;
#3242 = EDGE_CURVE ( 'NONE', #4971, #4168, #9244, .T. ) ;
#3243 = CARTESIAN_POINT ( 'NONE',  ( -21.00000000000000355, -3.199999999999994404, -21.00000000000000000 ) ) ;
#3244 = DIRECTION ( 'NONE',  ( -0.000000000000000000, 1.000000000000000000, -0.000000000000000000 ) ) ;
#3245 = ORIENTED_EDGE ( 'NONE', *, *, #8744, .F. ) ;
#3246 = AXIS2_PLACEMENT_3D ( 'NONE', #2921, #2207, #7350 ) ;
#3247 = VECTOR ( 'NONE', #4892, 1000.000000000000114 ) ;
#3248 = ORIENTED_EDGE ( 'NONE', *, *, #9458, .T. ) ;
#3249 = EDGE_CURVE ( 'NONE', #9274, #5701, #6042, .T. ) ;
#3250 = DIRECTION ( 'NONE',  ( 0.000000000000000000, 1.000000000000000000, 0.000000000000000000 ) ) ;
#3251 = EDGE_LOOP ( 'NONE', ( #3133, #6124, #2382, #7255 ) ) ;
#3252 = CIRCLE ( 'NONE', #8627, 3.099999999999991651 ) ;
#3253 = AXIS2_PLACEMENT_3D ( 'NONE', #9187, #2599, #5531 ) ;
#3254 = LINE ( 'NONE', #6271, #8603 ) ;
#3255 = ORIENTED_EDGE ( 'NONE', *, *, #6335, .F. ) ;
#3256 = CARTESIAN_POINT ( 'NONE',  ( -33.58757210636075285, -9.525483399593916545, 51.97234841721098775 ) ) ;
#3257 = VECTOR ( 'NONE', #7004, 1000.000000000000000 ) ;
#3258 = EDGE_LOOP ( 'NONE', ( #8862, #3970, #8441, #8303, #5631, #9166 ) ) ;
#3259 = CARTESIAN_POINT ( 'NONE',  ( 36.00000000000000711, 0.000000000000000000, -50.39999999999999858 ) ) ;
#3260 = DIRECTION ( 'NONE',  ( 0.000000000000000000, 0.000000000000000000, -1.000000000000000000 ) ) ;
#3261 = CIRCLE ( 'NONE', #4029, 2.100000000000004086 ) ;
#3262 = AXIS2_PLACEMENT_3D ( 'NONE', #1607, #2143, #2341 ) ;
#3263 = AXIS2_PLACEMENT_3D ( 'NONE', #740, #2142, #5884 ) ;
#3264 = DIRECTION ( 'NONE',  ( 0.000000000000000000, 0.000000000000000000, 1.000000000000000000 ) ) ;
#3265 = EDGE_CURVE ( 'NONE', #3688, #5585, #7007, .T. ) ;
#3266 = FACE_OUTER_BOUND ( 'NONE', #9323, .T. ) ;
#3267 = ORIENTED_EDGE ( 'NONE', *, *, #1170, .T. ) ;
#3268 = EDGE_LOOP ( 'NONE', ( #6363, #4263, #4492, #6263 ) ) ;
#3269 = ORIENTED_EDGE ( 'NONE', *, *, #1696, .F. ) ;
#3270 = ORIENTED_EDGE ( 'NONE', *, *, #3981, .T. ) ;
#3271 = CYLINDRICAL_SURFACE ( 'NONE', #2070, 2.100000000000000977 ) ;
#3272 = CIRCLE ( 'NONE', #8637, 1.599999999999997202 ) ;
#3273 = DIRECTION ( 'NONE',  ( 0.000000000000000000, 0.000000000000000000, -1.000000000000000000 ) ) ;
#3274 = DIRECTION ( 'NONE',  ( 0.000000000000000000, 1.000000000000000000, -0.000000000000000000 ) ) ;
#3275 = VECTOR ( 'NONE', #811, 1000.000000000000000 ) ;
#3276 = FACE_OUTER_BOUND ( 'NONE', #7964, .T. ) ;
#3277 = EDGE_LOOP ( 'NONE', ( #2545, #5809, #9070, #345, #2232 ) ) ;
#3278 = DIRECTION ( 'NONE',  ( 0.000000000000000000, -1.000000000000000000, 0.000000000000000000 ) ) ;
#3279 = ORIENTED_EDGE ( 'NONE', *, *, #6051, .T. ) ;
#3280 = ORIENTED_EDGE ( 'NONE', *, *, #5216, .F. ) ;
#3281 = ORIENTED_EDGE ( 'NONE', *, *, #5150, .T. ) ;
#3282 = CARTESIAN_POINT ( 'NONE',  ( -30.75914498161400346, -5.000000000000000000, 66.11448404094257114 ) ) ;
#3283 = DIRECTION ( 'NONE',  ( 6.219998500209278164E-17, 0.000000000000000000, -1.000000000000000000 ) ) ;
#3284 = DIRECTION ( 'NONE',  ( 0.000000000000000000, -1.000000000000000000, 0.000000000000000000 ) ) ;
#3285 = CARTESIAN_POINT ( 'NONE',  ( -24.25000000000000711, -5.000000000000000000, -43.85000000000004405 ) ) ;
#3286 = ADVANCED_FACE ( 'NONE', ( #4003 ), #7076, .T. ) ;
#3287 = CARTESIAN_POINT ( 'NONE',  ( -24.18305191657981013, -9.525483399593907663, 15.51198410471387135 ) ) ;
#3288 = CARTESIAN_POINT ( 'NONE',  ( -24.20000000000000284, -9.242640687119289211, -58.50000000000000000 ) ) ;
#3289 = VERTEX_POINT ( 'NONE', #8436 ) ;
#3290 = LINE ( 'NONE', #5346, #6221 ) ;
#3291 = CARTESIAN_POINT ( 'NONE',  ( -24.25000000000000711, -3.500000000000003997, -53.75000000000000000 ) ) ;
#3292 = DIRECTION ( 'NONE',  ( 0.000000000000000000, 0.000000000000000000, -1.000000000000000000 ) ) ;
#3293 = VERTEX_POINT ( 'NONE', #5540 ) ;
#3294 = EDGE_CURVE ( 'NONE', #5502, #8599, #1833, .T. ) ;
#3295 = ADVANCED_FACE ( 'NONE', ( #1116 ), #1781, .F. ) ;
#3296 = ADVANCED_FACE ( 'NONE', ( #4990 ), #8616, .F. ) ;
#3297 = AXIS2_PLACEMENT_3D ( 'NONE', #1119, #8241, #1636 ) ;
#3298 = ORIENTED_EDGE ( 'NONE', *, *, #1903, .T. ) ;
#3299 = EDGE_CURVE ( 'NONE', #2950, #7776, #4236, .T. ) ;
#3300 = LINE ( 'NONE', #3197, #8695 ) ;
#3301 = ORIENTED_EDGE ( 'NONE', *, *, #5488, .T. ) ;
#3302 = DIRECTION ( 'NONE',  ( 0.000000000000000000, 0.000000000000000000, -1.000000000000000000 ) ) ;
#3303 = ORIENTED_EDGE ( 'NONE', *, *, #1458, .F. ) ;
#3304 = DIRECTION ( 'NONE',  ( -0.000000000000000000, -1.000000000000000000, 0.000000000000000000 ) ) ;
#3305 = ORIENTED_EDGE ( 'NONE', *, *, #4278, .F. ) ;
#3306 = CARTESIAN_POINT ( 'NONE',  ( -25.67942337021199606, 0.000000000000000000, -24.24760147752104444 ) ) ;
#3307 = EDGE_CURVE ( 'NONE', #8609, #4313, #715, .T. ) ;
#3308 = CONICAL_SURFACE ( 'NONE', #2986, 3.000000000000002665, 0.7853981633974510546 ) ;
#3309 = CARTESIAN_POINT ( 'NONE',  ( 62.67442126558891857, -5.000000000000000000, -13.15929021731400361 ) ) ;
#3310 = CIRCLE ( 'NONE', #4547, 5.000000000000000888 ) ;
#3311 = DIRECTION ( 'NONE',  ( 0.000000000000000000, 0.000000000000000000, 1.000000000000000000 ) ) ;
#3312 = VERTEX_POINT ( 'NONE', #1478 ) ;
#3313 = VECTOR ( 'NONE', #1688, 1000.000000000000000 ) ;
#3314 = ORIENTED_EDGE ( 'NONE', *, *, #9012, .F. ) ;
#3315 = EDGE_LOOP ( 'NONE', ( #9350, #6601, #1913, #6570 ) ) ;
#3316 = ORIENTED_EDGE ( 'NONE', *, *, #8358, .F. ) ;
#3317 = DIRECTION ( 'NONE',  ( 4.869399230812090436E-16, -0.000000000000000000, -1.000000000000000000 ) ) ;
#3318 = CARTESIAN_POINT ( 'NONE',  ( -5.499999999999998224, -3.499999999999946709, 17.50000000000000000 ) ) ;
#3319 = ADVANCED_FACE ( 'NONE', ( #4414 ), #756, .F. ) ;
#3320 = CYLINDRICAL_SURFACE ( 'NONE', #2167, 4.999999999999997335 ) ;
#3321 = FACE_OUTER_BOUND ( 'NONE', #5893, .T. ) ;
#3322 = VECTOR ( 'NONE', #4295, 1000.000000000000000 ) ;
#3323 = CARTESIAN_POINT ( 'NONE',  ( -33.50000000000000000, -5.000000000000000888, -64.16696972201754079 ) ) ;
#3324 = DIRECTION ( 'NONE',  ( 0.000000000000000000, 0.000000000000000000, 1.000000000000000000 ) ) ;
#3325 = ORIENTED_EDGE ( 'NONE', *, *, #6945, .T. ) ;
#3326 = ORIENTED_EDGE ( 'NONE', *, *, #8292, .F. ) ;
#3327 = VECTOR ( 'NONE', #1575, 1000.000000000000000 ) ;
#3328 = VECTOR ( 'NONE', #683, 1000.000000000000000 ) ;
#3329 = VERTEX_POINT ( 'NONE', #5800 ) ;
#3330 = ORIENTED_EDGE ( 'NONE', *, *, #181, .F. ) ;
#3331 = DIRECTION ( 'NONE',  ( 0.000000000000000000, 0.000000000000000000, 1.000000000000000000 ) ) ;
#3332 = CARTESIAN_POINT ( 'NONE',  ( 24.25000000000000711, -5.000000000000000000, -56.85000000000000853 ) ) ;
#3333 = CARTESIAN_POINT ( 'NONE',  ( 20.20000000000000284, -9.330591249311714463, -18.00000000000000355 ) ) ;
#3334 = DIRECTION ( 'NONE',  ( 0.000000000000000000, 0.000000000000000000, 1.000000000000000000 ) ) ;
#3335 = AXIS2_PLACEMENT_3D ( 'NONE', #3625, #7234, #9353 ) ;
#3336 = CARTESIAN_POINT ( 'NONE',  ( 33.58757210636075285, -5.000000000000000000, 51.97234841721098775 ) ) ;
#3337 = VECTOR ( 'NONE', #8161, 1000.000000000000000 ) ;
#3338 = DIRECTION ( 'NONE',  ( 0.000000000000000000, 1.000000000000000000, -0.000000000000000000 ) ) ;
#3339 = AXIS2_PLACEMENT_3D ( 'NONE', #4509, #5373, #133 ) ;
#3340 = ORIENTED_EDGE ( 'NONE', *, *, #1511, .T. ) ;
#3341 = DIRECTION ( 'NONE',  ( -0.5150380749100552658, 0.000000000000000000, -0.8571673007021115565 ) ) ;
#3342 = DIRECTION ( 'NONE',  ( -0.000000000000000000, 1.000000000000000000, -0.000000000000000000 ) ) ;
#3343 = DIRECTION ( 'NONE',  ( -0.000000000000000000, -1.000000000000000000, -0.000000000000000000 ) ) ;
#3344 = ORIENTED_EDGE ( 'NONE', *, *, #4875, .F. ) ;
#3345 = VERTEX_POINT ( 'NONE', #5850 ) ;
#3346 = AXIS2_PLACEMENT_3D ( 'NONE', #7766, #2711, #3485 ) ;
#3347 = EDGE_CURVE ( 'NONE', #4500, #9241, #8847, .T. ) ;
#3348 = CARTESIAN_POINT ( 'NONE',  ( 62.67810973803285179, -3.000000000000000000, -7.328339489073273150 ) ) ;
#3349 = ORIENTED_EDGE ( 'NONE', *, *, #4936, .F. ) ;
#3350 = EDGE_CURVE ( 'NONE', #338, #6087, #87, .T. ) ;
#3351 = CARTESIAN_POINT ( 'NONE',  ( 24.25000000000000711, -10.00000000000000000, -42.35000000000000142 ) ) ;
#3352 = EDGE_LOOP ( 'NONE', ( #2221, #7372, #9275, #5915 ) ) ;
#3353 = FACE_OUTER_BOUND ( 'NONE', #2060, .T. ) ;
#3354 = CARTESIAN_POINT ( 'NONE',  ( -31.00000000000000000, 0.000000000000000000, -59.00000000000000000 ) ) ;
#3355 = EDGE_CURVE ( 'NONE', #1770, #5304, #7895, .T. ) ;
#3356 = DIRECTION ( 'NONE',  ( 0.000000000000000000, 0.000000000000000000, -1.000000000000000000 ) ) ;
#3357 = ORIENTED_EDGE ( 'NONE', *, *, #5750, .F. ) ;
#3358 = EDGE_CURVE ( 'NONE', #3688, #3196, #2920, .T. ) ;
#3359 = VERTEX_POINT ( 'NONE', #1294 ) ;
#3360 = ORIENTED_EDGE ( 'NONE', *, *, #4517, .F. ) ;
#3361 = VERTEX_POINT ( 'NONE', #4364 ) ;
#3362 = LINE ( 'NONE', #3408, #8223 ) ;
#3363 = LINE ( 'NONE', #335, #1864 ) ;
#3364 = DIRECTION ( 'NONE',  ( 4.869399230812090436E-16, -0.000000000000000000, -1.000000000000000000 ) ) ;
#3365 = CARTESIAN_POINT ( 'NONE',  ( 44.99999999999998579, -2.500000000000000000, -48.39927897128429635 ) ) ;
#3366 = AXIS2_PLACEMENT_3D ( 'NONE', #4736, #6214, #4626 ) ;
#3367 = DIRECTION ( 'NONE',  ( 0.000000000000000000, 0.000000000000000000, -1.000000000000000000 ) ) ;
#3368 = ORIENTED_EDGE ( 'NONE', *, *, #3166, .F. ) ;
#3369 = ADVANCED_FACE ( 'NONE', ( #2206 ), #5129, .F. ) ;
#3370 = ORIENTED_EDGE ( 'NONE', *, *, #5332, .F. ) ;
#3371 = EDGE_LOOP ( 'NONE', ( #611, #3596, #2088, #5887 ) ) ;
#3372 = ORIENTED_EDGE ( 'NONE', *, *, #886, .F. ) ;
#3373 = DIRECTION ( 'NONE',  ( 0.000000000000000000, 0.000000000000000000, -1.000000000000000000 ) ) ;
#3374 = LINE ( 'NONE', #2560, #6699 ) ;
#3375 = DIRECTION ( 'NONE',  ( 0.000000000000000000, 0.000000000000000000, 1.000000000000000000 ) ) ;
#3376 = CARTESIAN_POINT ( 'NONE',  ( -15.00000000000000178, -3.200000000000000178, 13.00000000000000178 ) ) ;
#3377 = VECTOR ( 'NONE', #8149, 1000.000000000000000 ) ;
#3378 = LINE ( 'NONE', #7804, #7869 ) ;
#3379 = DIRECTION ( 'NONE',  ( 0.000000000000000000, 1.000000000000000000, 0.000000000000000000 ) ) ;
#3380 = ORIENTED_EDGE ( 'NONE', *, *, #4055, .T. ) ;
#3381 = VECTOR ( 'NONE', #9213, 1000.000000000000000 ) ;
#3382 = EDGE_CURVE ( 'NONE', #5012, #5895, #4701, .T. ) ;
#3383 = ADVANCED_FACE ( 'NONE', ( #620 ), #1453, .F. ) ;
#3384 = DIRECTION ( 'NONE',  ( 6.219998500209278164E-17, 0.000000000000000000, -1.000000000000000000 ) ) ;
#3385 = DIRECTION ( 'NONE',  ( 0.000000000000000000, -0.7071067811865455743, -0.7071067811865493491 ) ) ;
#3386 = CARTESIAN_POINT ( 'NONE',  ( -79.50000000000000000, -5.000000000000000000, -5.000000000000000000 ) ) ;
#3387 = EDGE_LOOP ( 'NONE', ( #1245, #1934, #3972, #4796, #6869, #9015 ) ) ;
#3388 = VECTOR ( 'NONE', #3231, 1000.000000000000000 ) ;
#3389 = EDGE_LOOP ( 'NONE', ( #2729, #1018, #5215, #5209 ) ) ;
#3390 = EDGE_CURVE ( 'NONE', #6779, #4807, #2831, .T. ) ;
#3391 = DIRECTION ( 'NONE',  ( 0.000000000000000000, 0.000000000000000000, -1.000000000000000000 ) ) ;
#3392 = CARTESIAN_POINT ( 'NONE',  ( 24.20000000000000639, 0.000000000000000000, -25.50000000000000355 ) ) ;
#3393 = CIRCLE ( 'NONE', #766, 1.599999999999997202 ) ;
#3394 = ORIENTED_EDGE ( 'NONE', *, *, #8119, .T. ) ;
#3395 = CARTESIAN_POINT ( 'NONE',  ( 42.96326182188430920, 0.000000000000000000, 4.517536233858021610 ) ) ;
#3396 = CIRCLE ( 'NONE', #1230, 85.49999999999998579 ) ;
#3397 = EDGE_CURVE ( 'NONE', #8109, #7892, #8030, .T. ) ;
#3398 = AXIS2_PLACEMENT_3D ( 'NONE', #5851, #1523, #3694 ) ;
#3399 = CARTESIAN_POINT ( 'NONE',  ( 24.20000000000000639, 0.000000000000000000, -24.00000000000000355 ) ) ;
#3400 = CONICAL_SURFACE ( 'NONE', #5574, 1.600000000000004086, 0.7853981633974557175 ) ;
#3401 = CARTESIAN_POINT ( 'NONE',  ( -24.25000000000000711, -3.500000000000003997, -55.34999999999999432 ) ) ;
#3402 = ORIENTED_EDGE ( 'NONE', *, *, #4477, .T. ) ;
#3403 = VECTOR ( 'NONE', #2685, 1000.000000000000000 ) ;
#3404 = FACE_BOUND ( 'NONE', #4742, .T. ) ;
#3405 = VERTEX_POINT ( 'NONE', #6486 ) ;
#3406 = ORIENTED_EDGE ( 'NONE', *, *, #9440, .F. ) ;
#3407 = ORIENTED_EDGE ( 'NONE', *, *, #6561, .T. ) ;
#3408 = CARTESIAN_POINT ( 'NONE',  ( 45.68185326600102769, -3.000000000000000000, -35.61486041224295462 ) ) ;
#3409 = VECTOR ( 'NONE', #8465, 1000.000000000000000 ) ;
#3410 = VECTOR ( 'NONE', #101, 1000.000000000000000 ) ;
#3411 = ADVANCED_FACE ( 'NONE', ( #5722 ), #7156, .F. ) ;
#3412 = CARTESIAN_POINT ( 'NONE',  ( 24.20000000000000639, 0.000000000000000000, -24.00000000000000355 ) ) ;
#3413 = EDGE_CURVE ( 'NONE', #7346, #6508, #553, .T. ) ;
#3414 = EDGE_CURVE ( 'NONE', #4047, #8431, #6528, .T. ) ;
#3415 = LINE ( 'NONE', #6339, #9062 ) ;
#3416 = CONICAL_SURFACE ( 'NONE', #5852, 3.099999999999991651, 0.7853981633974501664 ) ;
#3417 = DIRECTION ( 'NONE',  ( -0.000000000000000000, -1.000000000000000000, 0.000000000000000000 ) ) ;
#3418 = EDGE_CURVE ( 'NONE', #5015, #2281, #1664, .T. ) ;
#3419 = CARTESIAN_POINT ( 'NONE',  ( -41.55417172183311436, -5.000000000000000000, -54.13410027434100158 ) ) ;
#3420 = EDGE_LOOP ( 'NONE', ( #6554, #469 ) ) ;
#3421 = AXIS2_PLACEMENT_3D ( 'NONE', #7159, #570, #3508 ) ;
#3422 = AXIS2_PLACEMENT_3D ( 'NONE', #4896, #5486, #1149 ) ;
#3423 = ORIENTED_EDGE ( 'NONE', *, *, #2056, .T. ) ;
#3424 = AXIS2_PLACEMENT_3D ( 'NONE', #2741, #22, #1463 ) ;
#3425 = ORIENTED_EDGE ( 'NONE', *, *, #7899, .F. ) ;
#3426 = ORIENTED_EDGE ( 'NONE', *, *, #6241, .F. ) ;
#3427 = DIRECTION ( 'NONE',  ( -0.5150380749100555988, 0.000000000000000000, -0.8571673007021114454 ) ) ;
#3428 = CYLINDRICAL_SURFACE ( 'NONE', #5918, 1.500000000000001332 ) ;
#3429 = CARTESIAN_POINT ( 'NONE',  ( 64.73088509278518643, -5.000000000000000000, -15.56157174274629007 ) ) ;
#3430 = DIRECTION ( 'NONE',  ( 0.000000000000000000, 0.000000000000000000, 1.000000000000000000 ) ) ;
#3431 = CARTESIAN_POINT ( 'NONE',  ( -33.50000000000000000, -5.000000000000000888, -63.00000000000000000 ) ) ;
#3432 = EDGE_CURVE ( 'NONE', #7659, #1094, #4556, .T. ) ;
#3433 = DIRECTION ( 'NONE',  ( -0.000000000000000000, -1.000000000000000000, -0.000000000000000000 ) ) ;
#3434 = EDGE_LOOP ( 'NONE', ( #8525, #4535, #2285, #183 ) ) ;
#3435 = CARTESIAN_POINT ( 'NONE',  ( 17.00000000000000000, -74.82324870126322480, -21.00000000000000000 ) ) ;
#3436 = VECTOR ( 'NONE', #1007, 1000.000000000000000 ) ;
#3437 = DIRECTION ( 'NONE',  ( 0.000000000000000000, -1.000000000000000000, 0.000000000000000000 ) ) ;
#3438 = LINE ( 'NONE', #5045, #8565 ) ;
#3439 = CLOSED_SHELL ( 'NONE', ( #2716, #2858, #5874, #8626, #7084, #3626, #7665, #6168, #9364, #2860, #5407, #7416, #5406, #8100, #3120, #9037, #236, #3054, #291, #372, #8110, #6693, #2988, #9347, #7402, #9248, #7052, #4486, #9396, #3867, #4392, #5159, #1698, #3383, #6966, #5815, #7099, #7338, #7050, #403, #7707, #2001, #1920, #3221, #8580, #503, #2544, #9058, #6799, #417, #5100, #5152, #9407, #2722, #6816, #1445, #1279, #8162, #43, #3068, #6357, #3202, #1768, #8667, #3043, #8720, #1944, #221, #6919, #6995, #6875, #3286, #5583, #9125, #802, #305, #45, #6083, #6165, #1991, #1809, #1596, #4642, #5971, #7006, #5890, #3590, #7769, #3624, #1449, #5861, #8691, #3369, #5103, #1825, #1574, #1933, #8201, #2111, #6620, #7939, #2016, #5858, #4382, #7017, #3885, #3795, #1343, #5869, #4159, #5859, #8869, #827, #6198, #7647, #6999, #1138, #7343, #5106, #8414, #6994, #1349, #7164, #1495, #1069, #3497, #4177, #7873, #7952, #4874, #5330, #7876, #930, #7274, #3483, #2423, #8639, #5530, #5328, #2114, #7722, #3468, #3296, #995, #5602, #8, #1222, #7177, #510, #5973, #2168, #7212, #3029, #419, #277, #3117, #1329, #1474, #5222, #2703, #8536, #4844, #9456, #2877, #1224, #4464, #4340, #657, #7222, #3527, #7779, #1216, #2752, #5089, #2987, #6197, #4341, #2390, #1896, #3174, #2164, #3319, #2931, #1581, #8934, #880, #8051, #8194, #7761, #3237, #1399, #3811, #8759, #4277, #383, #4576, #2268, #6500, #5421, #6562, #6279, #7791, #7770, #5504, #1053, #5527, #3550, #1638, #4719, #353, #8466, #8804, #4581, #2668, #4120, #6448, #5666, #399, #8834, #5198, #9000, #6871, #3184, #2704, #2109, #8403, #7069, #1055, #5718, #6349, #9002, #1883, #6125, #5462, #1694, #4815, #6786, #1945, #6697, #4230, #5343, #3465, #1818, #4234, #8817, #6072, #9077, #2227, #8711, #2276, #4757, #896, #8239, #219, #1052, #4668, #7130, #5172, #679, #3295, #3582, #5512, #3646, #8950, #1282, #4409, #7043, #3411, #8693, #8326, #2864, #4070, #7524, #7706, #5405, #4420, #538, #7818, #9492, #941, #6576, #6038, #8550, #6928 ) ) ;
#3440 = EDGE_CURVE ( 'NONE', #1373, #8398, #1025, .T. ) ;
#3441 = VERTEX_POINT ( 'NONE', #6826 ) ;
#3442 = DIRECTION ( 'NONE',  ( 0.000000000000000000, 0.000000000000000000, -1.000000000000000000 ) ) ;
#3443 = CARTESIAN_POINT ( 'NONE',  ( -45.00000000000000000, 0.000000000000000000, -76.77890335241848163 ) ) ;
#3444 = VERTEX_POINT ( 'NONE', #8125 ) ;
#3445 = CIRCLE ( 'NONE', #6657, 1.500000000000001332 ) ;
#3446 = DIRECTION ( 'NONE',  ( -0.000000000000000000, -1.000000000000000000, -0.000000000000000000 ) ) ;
#3447 = FACE_OUTER_BOUND ( 'NONE', #3701, .T. ) ;
#3448 = EDGE_LOOP ( 'NONE', ( #6993, #517, #6466, #8828 ) ) ;
#3449 = CONICAL_SURFACE ( 'NONE', #7591, 1.600000000000000755, 0.7853981633974465026 ) ;
#3450 = FACE_BOUND ( 'NONE', #1276, .T. ) ;
#3451 = VERTEX_POINT ( 'NONE', #6773 ) ;
#3452 = ORIENTED_EDGE ( 'NONE', *, *, #5822, .T. ) ;
#3453 = ADVANCED_BREP_SHAPE_REPRESENTATION ( 'plate-v2', ( #2117, #3366 ), #7508 ) ;
#3454 = VERTEX_POINT ( 'NONE', #2395 ) ;
#3455 = EDGE_LOOP ( 'NONE', ( #5878, #7377, #1291, #542 ) ) ;
#3456 = CARTESIAN_POINT ( 'NONE',  ( 20.00000000000000000, -60.00000000000000000, 75.00000000000000000 ) ) ;
#3457 = AXIS2_PLACEMENT_3D ( 'NONE', #6616, #9368, #26 ) ;
#3458 = DIRECTION ( 'NONE',  ( -0.000000000000000000, -1.000000000000000000, -0.000000000000000000 ) ) ;
#3459 = LINE ( 'NONE', #6381, #7523 ) ;
#3460 = ORIENTED_EDGE ( 'NONE', *, *, #8535, .T. ) ;
#3461 = CARTESIAN_POINT ( 'NONE',  ( 0.000000000000000000, -3.500000000000000000, 0.000000000000000000 ) ) ;
#3462 = AXIS2_PLACEMENT_3D ( 'NONE', #5917, #2370, #8863 ) ;
#3463 = DIRECTION ( 'NONE',  ( -0.5150380749100489375, 0.000000000000000000, 0.8571673007021155533 ) ) ;
#3464 = ORIENTED_EDGE ( 'NONE', *, *, #4708, .T. ) ;
#3465 = ADVANCED_FACE ( 'NONE', ( #8945 ), #7446, .F. ) ;
#3466 = VERTEX_POINT ( 'NONE', #2301 ) ;
#3467 = EDGE_CURVE ( 'NONE', #2672, #8514, #7494, .T. ) ;
#3468 = ADVANCED_FACE ( 'NONE', ( #187 ), #7545, .F. ) ;
#3469 = EDGE_LOOP ( 'NONE', ( #7426, #378 ) ) ;
#3470 = ORIENTED_EDGE ( 'NONE', *, *, #3678, .T. ) ;
#3471 = CARTESIAN_POINT ( 'NONE',  ( -33.50000000000000000, 0.000000000000000000, -61.50000000000000000 ) ) ;
#3472 = DIRECTION ( 'NONE',  ( 0.8571673007021270996, 0.000000000000000000, -0.5150380749100296196 ) ) ;
#3473 = CARTESIAN_POINT ( 'NONE',  ( -35.89637765504679123, -4.900167633572493742, 53.90618355564455300 ) ) ;
#3474 = DIRECTION ( 'NONE',  ( 0.000000000000000000, 1.000000000000000000, 0.000000000000000000 ) ) ;
#3475 = CONICAL_SURFACE ( 'NONE', #6845, 1.599999999999997202, 0.7853981633974557175 ) ;
#3476 = EDGE_CURVE ( 'NONE', #5015, #1290, #3167, .T. ) ;
#3477 = CARTESIAN_POINT ( 'NONE',  ( 24.20000000000000639, -5.000000000000000000, -21.00000000000000000 ) ) ;
#3478 = CARTESIAN_POINT ( 'NONE',  ( -31.00000000000000355, -5.000000000000000000, -61.50000000000000000 ) ) ;
#3479 = ORIENTED_EDGE ( 'NONE', *, *, #9438, .F. ) ;
#3480 = AXIS2_PLACEMENT_3D ( 'NONE', #5677, #8708, #9506 ) ;
#3481 = CIRCLE ( 'NONE', #1171, 5.000000000000000888 ) ;
#3482 = DIRECTION ( 'NONE',  ( 0.000000000000000000, 0.000000000000000000, 1.000000000000000000 ) ) ;
#3483 = ADVANCED_FACE ( 'NONE', ( #8845 ), #8321, .T. ) ;
#3484 = DIRECTION ( 'NONE',  ( -0.000000000000000000, 1.000000000000000000, -0.000000000000000000 ) ) ;
#3485 = DIRECTION ( 'NONE',  ( 0.000000000000000000, 0.000000000000000000, 1.000000000000000000 ) ) ;
#3486 = VECTOR ( 'NONE', #2312, 1000.000000000000114 ) ;
#3487 = VECTOR ( 'NONE', #1723, 1000.000000000000000 ) ;
#3488 = ORIENTED_EDGE ( 'NONE', *, *, #1269, .T. ) ;
#3489 = DIRECTION ( 'NONE',  ( 0.000000000000000000, -0.7071067811865453523, -0.7071067811865497932 ) ) ;
#3490 = EDGE_CURVE ( 'NONE', #8523, #5833, #5176, .T. ) ;
#3491 = DIRECTION ( 'NONE',  ( 0.000000000000000000, 0.000000000000000000, 1.000000000000000000 ) ) ;
#3492 = EDGE_LOOP ( 'NONE', ( #2578, #8257, #5260, #1423 ) ) ;
#3493 = AXIS2_PLACEMENT_3D ( 'NONE', #2918, #2205, #5848 ) ;
#3494 = DIRECTION ( 'NONE',  ( 0.000000000000000000, 0.000000000000000000, -1.000000000000000000 ) ) ;
#3495 = DIRECTION ( 'NONE',  ( 0.000000000000000000, 0.000000000000000000, -1.000000000000000000 ) ) ;
#3496 = EDGE_LOOP ( 'NONE', ( #4721, #4494, #2346, #2724 ) ) ;
#3497 = ADVANCED_FACE ( 'NONE', ( #7597 ), #5229, .F. ) ;
#3498 = CARTESIAN_POINT ( 'NONE',  ( 36.00000000000000711, -9.525483399593907663, -67.60000000000000853 ) ) ;
#3499 = ORIENTED_EDGE ( 'NONE', *, *, #6691, .T. ) ;
#3500 = ORIENTED_EDGE ( 'NONE', *, *, #6336, .F. ) ;
#3501 = VECTOR ( 'NONE', #1487, 1000.000000000000000 ) ;
#3502 = VERTEX_POINT ( 'NONE', #3835 ) ;
#3503 = EDGE_LOOP ( 'NONE', ( #9306, #4948, #2068, #2715 ) ) ;
#3504 = CARTESIAN_POINT ( 'NONE',  ( 51.97234841721098775, -9.525483399593916545, 33.58757210636076707 ) ) ;
#3505 = DIRECTION ( 'NONE',  ( 0.000000000000000000, 0.000000000000000000, 1.000000000000000000 ) ) ;
#3506 = DIRECTION ( 'NONE',  ( 0.000000000000000000, 0.000000000000000000, -1.000000000000000000 ) ) ;
#3507 = ORIENTED_EDGE ( 'NONE', *, *, #2039, .F. ) ;
#3508 = DIRECTION ( 'NONE',  ( 0.000000000000000000, 0.000000000000000000, -1.000000000000000000 ) ) ;
#3509 = CARTESIAN_POINT ( 'NONE',  ( 60.96377513662862668, -3.000000000000000000, -6.298263339253157511 ) ) ;
#3510 = ORIENTED_EDGE ( 'NONE', *, *, #2412, .F. ) ;
#3511 = EDGE_LOOP ( 'NONE', ( #8185, #5945, #8886, #6347, #7880 ) ) ;
#3512 = VERTEX_POINT ( 'NONE', #8221 ) ;
#3513 = VERTEX_POINT ( 'NONE', #3739 ) ;
#3514 = DIRECTION ( 'NONE',  ( 0.000000000000000000, 1.000000000000000000, 0.000000000000000000 ) ) ;
#3515 = DIRECTION ( 'NONE',  ( 0.000000000000000000, -1.000000000000000000, 0.000000000000000000 ) ) ;
#3516 = DIRECTION ( 'NONE',  ( 0.000000000000000000, 0.000000000000000000, 1.000000000000000000 ) ) ;
#3517 = CARTESIAN_POINT ( 'NONE',  ( -45.16312671864703532, -9.525483399593916545, -42.30297844118579320 ) ) ;
#3518 = DIRECTION ( 'NONE',  ( -0.5150380749100555988, 0.000000000000000000, 0.8571673007021114454 ) ) ;
#3519 = EDGE_CURVE ( 'NONE', #8015, #1614, #6627, .T. ) ;
#3520 = CIRCLE ( 'NONE', #3977, 85.49999999999998579 ) ;
#3521 = ORIENTED_EDGE ( 'NONE', *, *, #7986, .T. ) ;
#3522 = DIRECTION ( 'NONE',  ( 0.000000000000000000, 0.000000000000000000, 1.000000000000000000 ) ) ;
#3523 = AXIS2_PLACEMENT_3D ( 'NONE', #5148, #1642, #2995 ) ;
#3524 = DIRECTION ( 'NONE',  ( -0.000000000000000000, -1.000000000000000000, -0.000000000000000000 ) ) ;
#3525 = DIRECTION ( 'NONE',  ( -0.000000000000000000, 1.000000000000000000, -0.000000000000000000 ) ) ;
#3526 = EDGE_CURVE ( 'NONE', #4034, #130, #5369, .T. ) ;
#3527 = ADVANCED_FACE ( 'NONE', ( #8178 ), #6047, .F. ) ;
#3528 = AXIS2_PLACEMENT_3D ( 'NONE', #6635, #4329, #5094 ) ;
#3529 = EDGE_CURVE ( 'NONE', #523, #3830, #9167, .T. ) ;
#3530 = VERTEX_POINT ( 'NONE', #5948 ) ;
#3531 = EDGE_CURVE ( 'NONE', #7824, #5441, #2243, .T. ) ;
#3532 = DIRECTION ( 'NONE',  ( -0.000000000000000000, 1.000000000000000000, -0.000000000000000000 ) ) ;
#3533 = CARTESIAN_POINT ( 'NONE',  ( -33.26989437906256342, 0.000000000000000000, -1.324434976139800213 ) ) ;
#3534 = AXIS2_PLACEMENT_3D ( 'NONE', #1755, #1904, #266 ) ;
#3535 = EDGE_CURVE ( 'NONE', #1729, #2236, #6143, .T. ) ;
#3536 = CARTESIAN_POINT ( 'NONE',  ( -24.20000000000000284, -3.499999999999964917, -60.00000000000000000 ) ) ;
#3537 = AXIS2_PLACEMENT_3D ( 'NONE', #1324, #4258, #5071 ) ;
#3538 = CARTESIAN_POINT ( 'NONE',  ( 33.58757210636075285, -5.000000000000000000, 51.97234841721098775 ) ) ;
#3539 = EDGE_LOOP ( 'NONE', ( #9372, #2334, #3316, #5371 ) ) ;
#3540 = CARTESIAN_POINT ( 'NONE',  ( -24.25000000000000711, -3.499999999999948486, -42.35000000000000142 ) ) ;
#3541 = ORIENTED_EDGE ( 'NONE', *, *, #8744, .T. ) ;
#3542 = ORIENTED_EDGE ( 'NONE', *, *, #3397, .T. ) ;
#3543 = AXIS2_PLACEMENT_3D ( 'NONE', #6630, #7448, #717 ) ;
#3544 = VERTEX_POINT ( 'NONE', #8397 ) ;
#3545 = ORIENTED_EDGE ( 'NONE', *, *, #8286, .T. ) ;
#3546 = CARTESIAN_POINT ( 'NONE',  ( -45.00000000000000000, -2.500000000000000000, -76.77890335241848163 ) ) ;
#3547 = CIRCLE ( 'NONE', #1858, 4.600000000000048495 ) ;
#3548 = CONICAL_SURFACE ( 'NONE', #4621, 3.099999999999991651, 0.7853981633974511656 ) ;
#3549 = DIRECTION ( 'NONE',  ( 0.000000000000000000, 1.000000000000000000, -0.000000000000000000 ) ) ;
#3550 = ADVANCED_FACE ( 'NONE', ( #9060 ), #9112, .F. ) ;
#3551 = CARTESIAN_POINT ( 'NONE',  ( 34.29467888754832217, 0.000000000000000000, 62.57895013500903758 ) ) ;
#3552 = AXIS2_PLACEMENT_3D ( 'NONE', #3556, #8700, #6522 ) ;
#3553 = ORIENTED_EDGE ( 'NONE', *, *, #1540, .T. ) ;
#3554 = CARTESIAN_POINT ( 'NONE',  ( 17.11198410471442699, -5.000000000000000000, 24.18305191657944064 ) ) ;
#3555 = CIRCLE ( 'NONE', #7376, 4.999999999999997335 ) ;
#3556 = CARTESIAN_POINT ( 'NONE',  ( 51.97234841721098775, -5.000000000000000000, 33.58757210636076707 ) ) ;
#3557 = VERTEX_POINT ( 'NONE', #4738 ) ;
#3558 = VERTEX_POINT ( 'NONE', #1798 ) ;
#3559 = AXIS2_PLACEMENT_3D ( 'NONE', #7532, #1761, #7585 ) ;
#3560 = ORIENTED_EDGE ( 'NONE', *, *, #1624, .F. ) ;
#3561 = ORIENTED_EDGE ( 'NONE', *, *, #384, .T. ) ;
#3562 = CARTESIAN_POINT ( 'NONE',  ( -37.61980861195274173, 0.000000000000000000, -76.77890335241866637 ) ) ;
#3563 = DIRECTION ( 'NONE',  ( 0.000000000000000000, 0.000000000000000000, -1.000000000000000000 ) ) ;
#3564 = DIRECTION ( 'NONE',  ( 0.000000000000000000, 1.000000000000000000, 0.000000000000000000 ) ) ;
#3565 = AXIS2_PLACEMENT_3D ( 'NONE', #3724, #5261, #6658 ) ;
#3566 = DIRECTION ( 'NONE',  ( -0.000000000000000000, -1.000000000000000000, -0.000000000000000000 ) ) ;
#3567 = CARTESIAN_POINT ( 'NONE',  ( 24.20000000000000284, -9.242640687119289211, -61.50000000000000000 ) ) ;
#3569 = CARTESIAN_POINT ( 'NONE',  ( 55.81821484150214019, -1.750000000000000000, -64.76555328187900784 ) ) ;
#3568 = VECTOR ( 'NONE', #5633, 1000.000000000000000 ) ;
#3570 = ORIENTED_EDGE ( 'NONE', *, *, #1795, .F. ) ;
#3571 = VECTOR ( 'NONE', #6133, 1000.000000000000000 ) ;
#3572 = AXIS2_PLACEMENT_3D ( 'NONE', #6119, #8911, #2466 ) ;
#3573 = CARTESIAN_POINT ( 'NONE',  ( -33.58757210636075285, -5.000000000000000000, 51.97234841721098775 ) ) ;
#3574 = LINE ( 'NONE', #5812, #1350 ) ;
#3575 = CARTESIAN_POINT ( 'NONE',  ( 36.00000000000000711, -5.000000000000000000, -55.09999999999993037 ) ) ;
#3576 = CARTESIAN_POINT ( 'NONE',  ( -65.32904437369954564, -5.000000000000000000, -14.76021999525104178 ) ) ;
#3577 = VECTOR ( 'NONE', #7603, 1000.000000000000000 ) ;
#3578 = EDGE_LOOP ( 'NONE', ( #9017, #751, #3213, #3643 ) ) ;
#3579 = DIRECTION ( 'NONE',  ( 0.000000000000000000, 0.000000000000000000, -1.000000000000000000 ) ) ;
#3580 = CARTESIAN_POINT ( 'NONE',  ( 17.11198410471442699, -9.525483399593907663, 22.58305191657944277 ) ) ;
#3581 = EDGE_CURVE ( 'NONE', #507, #205, #7621, .T. ) ;
#3582 = ADVANCED_FACE ( 'NONE', ( #5401 ), #2713, .F. ) ;
#3583 = EDGE_CURVE ( 'NONE', #1885, #7132, #1031, .T. ) ;
#3584 = CARTESIAN_POINT ( 'NONE',  ( -2.999999999999996003, 0.000000000000000000, 52.11904464837144246 ) ) ;
#3585 = DIRECTION ( 'NONE',  ( -0.000000000000000000, 1.000000000000000000, 0.000000000000000000 ) ) ;
#3586 = VERTEX_POINT ( 'NONE', #982 ) ;
#3587 = LINE ( 'NONE', #3498, #3665 ) ;
#3588 = ORIENTED_EDGE ( 'NONE', *, *, #3265, .F. ) ;
#3589 = ORIENTED_EDGE ( 'NONE', *, *, #6637, .T. ) ;
#3590 = ADVANCED_FACE ( 'NONE', ( #2467 ), #8965, .F. ) ;
#3591 = ORIENTED_EDGE ( 'NONE', *, *, #7250, .F. ) ;
#3592 = ORIENTED_EDGE ( 'NONE', *, *, #3814, .F. ) ;
#3593 = CARTESIAN_POINT ( 'NONE',  ( -20.00000000000000000, -3.499999999999954703, 73.39999999999999147 ) ) ;
#3594 = CARTESIAN_POINT ( 'NONE',  ( 62.67442126558891857, -9.525483399593916545, -11.55929021731400042 ) ) ;
#3595 = DIRECTION ( 'NONE',  ( 0.000000000000000000, 0.000000000000000000, -1.000000000000000000 ) ) ;
#3596 = ORIENTED_EDGE ( 'NONE', *, *, #1418, .F. ) ;
#3597 = CONICAL_SURFACE ( 'NONE', #376, 1.500000000000001332, 0.7853981633974557175 ) ;
#3598 = DIRECTION ( 'NONE',  ( -0.000000000000000000, 1.000000000000000000, -0.000000000000000000 ) ) ;
#3599 = DIRECTION ( 'NONE',  ( 0.000000000000000000, -0.7071067811865422437, -0.7071067811865529018 ) ) ;
#3600 = EDGE_LOOP ( 'NONE', ( #51, #6182, #7881, #1813 ) ) ;
#3601 = ORIENTED_EDGE ( 'NONE', *, *, #9199, .T. ) ;
#3602 = EDGE_CURVE ( 'NONE', #2546, #3530, #108, .T. ) ;
#3603 = EDGE_LOOP ( 'NONE', ( #6414, #1827, #2926, #5550 ) ) ;
#3604 = ORIENTED_EDGE ( 'NONE', *, *, #5646, .T. ) ;
#3605 = FACE_OUTER_BOUND ( 'NONE', #7060, .T. ) ;
#3606 = CARTESIAN_POINT ( 'NONE',  ( -24.20000000000000284, -9.242640687119289211, -61.50000000000000000 ) ) ;
#3607 = DIRECTION ( 'NONE',  ( 0.000000000000000000, 0.000000000000000000, 1.000000000000000000 ) ) ;
#3608 = CARTESIAN_POINT ( 'NONE',  ( -24.25000000000000711, -5.000000000000000000, -37.64999999999996305 ) ) ;
#3609 = CARTESIAN_POINT ( 'NONE',  ( -53.45905091433264289, -5.000000000000000000, -61.28727335539448973 ) ) ;
#3610 = DIRECTION ( 'NONE',  ( 0.7071067811865570096, -0.000000000000000000, 0.7071067811865381358 ) ) ;
#3611 = VERTEX_POINT ( 'NONE', #3810 ) ;
#3612 = CIRCLE ( 'NONE', #2539, 1.599999999999997202 ) ;
#3613 = DIRECTION ( 'NONE',  ( -0.000000000000000000, -1.000000000000000000, 0.000000000000000000 ) ) ;
#3614 = VECTOR ( 'NONE', #3191, 1000.000000000000000 ) ;
#3615 = CARTESIAN_POINT ( 'NONE',  ( -26.92597670932315879, -3.000000000000000000, -24.34519281399293433 ) ) ;
#3616 = LINE ( 'NONE', #8090, #3501 ) ;
#3617 = CARTESIAN_POINT ( 'NONE',  ( -24.18305191657981013, 0.000000000000000000, 17.11198410471387277 ) ) ;
#3618 = CARTESIAN_POINT ( 'NONE',  ( 24.93692920003235258, -3.000000000000000000, -25.48331929071589386 ) ) ;
#3619 = AXIS2_PLACEMENT_3D ( 'NONE', #3209, #9221, #6137 ) ;
#3620 = EDGE_LOOP ( 'NONE', ( #2592, #1038 ) ) ;
#3621 = CARTESIAN_POINT ( 'NONE',  ( 79.50000000000000000, 0.000000000000000000, -5.000000000000000888 ) ) ;
#3622 = DIRECTION ( 'NONE',  ( -0.000000000000000000, -1.000000000000000000, 0.000000000000000000 ) ) ;
#3623 = AXIS2_PLACEMENT_3D ( 'NONE', #7907, #1348, #8674 ) ;
#3624 = ADVANCED_FACE ( 'NONE', ( #8350 ), #1595, .F. ) ;
#3625 = CARTESIAN_POINT ( 'NONE',  ( 36.00000000000000711, -3.500000000000002220, -66.00000000000000000 ) ) ;
#3626 = ADVANCED_FACE ( 'NONE', ( #2420 ), #1793, .F. ) ;
#3627 = DIRECTION ( 'NONE',  ( 0.000000000000000000, 0.000000000000000000, -1.000000000000000000 ) ) ;
#3628 = VERTEX_POINT ( 'NONE', #5969 ) ;
#3629 = FACE_OUTER_BOUND ( 'NONE', #4167, .T. ) ;
#3630 = ORIENTED_EDGE ( 'NONE', *, *, #4261, .T. ) ;
#3631 = ORIENTED_EDGE ( 'NONE', *, *, #1287, .F. ) ;
#3632 = ORIENTED_EDGE ( 'NONE', *, *, #3898, .F. ) ;
#3633 = ORIENTED_EDGE ( 'NONE', *, *, #5803, .F. ) ;
#3634 = PLANE ( 'NONE',  #2172 ) ;
#3635 = DIRECTION ( 'NONE',  ( 0.000000000000000000, 0.000000000000000000, 1.000000000000000000 ) ) ;
#3636 = LINE ( 'NONE', #2961, #2329 ) ;
#3637 = LINE ( 'NONE', #6563, #5214 ) ;
#3638 = ORIENTED_EDGE ( 'NONE', *, *, #6561, .F. ) ;
#3639 = EDGE_CURVE ( 'NONE', #6222, #523, #8912, .T. ) ;
#3640 = CARTESIAN_POINT ( 'NONE',  ( 44.99999999999998579, 0.000000000000000000, -48.39927897128429635 ) ) ;
#3641 = EDGE_CURVE ( 'NONE', #6807, #4505, #4243, .T. ) ;
#3642 = LINE ( 'NONE', #6567, #7090 ) ;
#3643 = ORIENTED_EDGE ( 'NONE', *, *, #6117, .F. ) ;
#3644 = VECTOR ( 'NONE', #4521, 1000.000000000000000 ) ;
#3645 = B_SPLINE_CURVE_WITH_KNOTS ( 'NONE', 3,
 ( #5366, #6718, #8170, #5989, #7488, #8117 ),
 .UNSPECIFIED., .F., .F.,
 ( 4, 2, 4 ),
 ( 0.000000000000000000, 0.0007853308434957416689, 0.001570661686991483338 ),
 .UNSPECIFIED. ) ;
#3646 = ADVANCED_FACE ( 'NONE', ( #2325 ), #3597, .F. ) ;
#3647 = ORIENTED_EDGE ( 'NONE', *, *, #3307, .F. ) ;
#3648 = VERTEX_POINT ( 'NONE', #7473 ) ;
#3649 = ORIENTED_EDGE ( 'NONE', *, *, #8440, .T. ) ;
#3650 = CARTESIAN_POINT ( 'NONE',  ( -45.00000000000000000, -2.500000000000000000, -76.77890335241848163 ) ) ;
#3651 = DIRECTION ( 'NONE',  ( 0.000000000000000000, 1.000000000000000000, -0.000000000000000000 ) ) ;
#3652 = CYLINDRICAL_SURFACE ( 'NONE', #3855, 1.600000000000002531 ) ;
#3653 = LINE ( 'NONE', #2973, #4012 ) ;
#3654 = DIRECTION ( 'NONE',  ( 0.000000000000000000, 0.000000000000000000, 1.000000000000000000 ) ) ;
#3655 = DIRECTION ( 'NONE',  ( 0.000000000000000000, -1.000000000000000000, 0.000000000000000000 ) ) ;
#3656 = ORIENTED_EDGE ( 'NONE', *, *, #4398, .T. ) ;
#3657 = DIRECTION ( 'NONE',  ( 0.000000000000000000, 0.000000000000000000, 1.000000000000000000 ) ) ;
#3658 = DIRECTION ( 'NONE',  ( 0.000000000000000000, 0.000000000000000000, -1.000000000000000000 ) ) ;
#3659 = DIRECTION ( 'NONE',  ( 0.000000000000000000, 1.000000000000000000, 0.000000000000000000 ) ) ;
#3660 = CARTESIAN_POINT ( 'NONE',  ( 33.50000000000000000, -5.000000000000000888, -67.83303027798231710 ) ) ;
#3661 = DIRECTION ( 'NONE',  ( 0.000000000000000000, 0.000000000000000000, -1.000000000000000000 ) ) ;
#3662 = ORIENTED_EDGE ( 'NONE', *, *, #2038, .T. ) ;
#3663 = CARTESIAN_POINT ( 'NONE',  ( -62.67810973803285179, -3.000000000000000000, -7.328339489073273150 ) ) ;
#3664 = CARTESIAN_POINT ( 'NONE',  ( 5.500000000000001776, -3.499999999999945821, 17.50000000000000000 ) ) ;
#3665 = VECTOR ( 'NONE', #4251, 1000.000000000000000 ) ;
#3666 = LINE ( 'NONE', #6598, #5358 ) ;
#3667 = DIRECTION ( 'NONE',  ( 0.000000000000000000, 0.000000000000000000, -1.000000000000000000 ) ) ;
#3668 = ORIENTED_EDGE ( 'NONE', *, *, #2837, .T. ) ;
#3669 = CIRCLE ( 'NONE', #4908, 1.599999999999997202 ) ;
#3670 = PLANE ( 'NONE',  #5517 ) ;
#3671 = CONICAL_SURFACE ( 'NONE', #2145, 1.599999999999997202, 0.7853981633974557175 ) ;
#3672 = ORIENTED_EDGE ( 'NONE', *, *, #315, .T. ) ;
#3673 = ORIENTED_EDGE ( 'NONE', *, *, #6873, .T. ) ;
#3674 = ORIENTED_EDGE ( 'NONE', *, *, #6901, .F. ) ;
#3675 = ORIENTED_EDGE ( 'NONE', *, *, #4629, .T. ) ;
#3676 =( NAMED_UNIT ( * ) PLANE_ANGLE_UNIT ( ) SI_UNIT ( $, .RADIAN. ) );
#3677 = CARTESIAN_POINT ( 'NONE',  ( -20.00000000000000000, -5.000000000000000000, 71.89999999999994884 ) ) ;
#3678 = EDGE_CURVE ( 'NONE', #6607, #5335, #825, .T. ) ;
#3679 = CARTESIAN_POINT ( 'NONE',  ( 69.01672159629573855, -5.000000000000000000, -18.13676211729656274 ) ) ;
#3680 = DIRECTION ( 'NONE',  ( 0.000000000000000000, -0.7071067811865422437, -0.7071067811865526798 ) ) ;
#3681 = CIRCLE ( 'NONE', #3235, 1.500000000000001332 ) ;
#3682 = ORIENTED_EDGE ( 'NONE', *, *, #4632, .F. ) ;
#3683 = DIRECTION ( 'NONE',  ( 0.000000000000000000, 0.000000000000000000, -1.000000000000000000 ) ) ;
#3684 = DIRECTION ( 'NONE',  ( 0.000000000000000000, 0.000000000000000000, -1.000000000000000000 ) ) ;
#3685 = ORIENTED_EDGE ( 'NONE', *, *, #7277, .F. ) ;
#3686 = AXIS2_PLACEMENT_3D ( 'NONE', #48, #2983, #8762 ) ;
#3687 = ORIENTED_EDGE ( 'NONE', *, *, #3186, .F. ) ;
#3688 = VERTEX_POINT ( 'NONE', #885 ) ;
#3689 = ORIENTED_EDGE ( 'NONE', *, *, #2459, .F. ) ;
#3690 = CARTESIAN_POINT ( 'NONE',  ( 0.000000000000000000, -3.500000000000000000, 0.000000000000000000 ) ) ;
#3691 = AXIS2_PLACEMENT_3D ( 'NONE', #8487, #441, #5723 ) ;
#3692 = EDGE_CURVE ( 'NONE', #205, #4800, #156, .T. ) ;
#3693 = DIRECTION ( 'NONE',  ( 0.000000000000000000, 0.000000000000000000, -1.000000000000000000 ) ) ;
#3694 = DIRECTION ( 'NONE',  ( 0.000000000000000000, 0.000000000000000000, 1.000000000000000000 ) ) ;
#3695 = EDGE_CURVE ( 'NONE', #5682, #576, #8250, .T. ) ;
#3696 = CARTESIAN_POINT ( 'NONE',  ( 33.50000000000000000, -23.60398284226499754, -63.00000000000000000 ) ) ;
#3697 = DIRECTION ( 'NONE',  ( 0.000000000000000000, 0.000000000000000000, 1.000000000000000000 ) ) ;
#3698 = AXIS2_PLACEMENT_3D ( 'NONE', #8517, #4812, #5575 ) ;
#3699 = EDGE_CURVE ( 'NONE', #2093, #4209, #3862, .T. ) ;
#3700 = CARTESIAN_POINT ( 'NONE',  ( -62.57895013500912285, -5.000000000000000000, 27.22361107568285021 ) ) ;
#3701 = EDGE_LOOP ( 'NONE', ( #370, #6708, #4897, #6075 ) ) ;
#3702 = AXIS2_PLACEMENT_3D ( 'NONE', #9362, #1362, #9410 ) ;
#3703 = CARTESIAN_POINT ( 'NONE',  ( -41.98387587438938340, 0.000000000000000000, 77.33921493371822464 ) ) ;
#3704 = DIRECTION ( 'NONE',  ( -0.000000000000000000, 1.000000000000000000, -0.000000000000000000 ) ) ;
#3705 = LINE ( 'NONE', #5139, #726 ) ;
#3706 = DIRECTION ( 'NONE',  ( -0.000000000000000000, 1.000000000000000000, -0.000000000000000000 ) ) ;
#3707 = EDGE_CURVE ( 'NONE', #8074, #6971, #9129, .T. ) ;
#3708 = LINE ( 'NONE', #6688, #3410 ) ;
#3709 = CIRCLE ( 'NONE', #8940, 1.599999999999997202 ) ;
#3710 = LINE ( 'NONE', #1392, #524 ) ;
#3711 = AXIS2_PLACEMENT_3D ( 'NONE', #8957, #99, #2884 ) ;
#3712 = ORIENTED_EDGE ( 'NONE', *, *, #3529, .T. ) ;
#3713 = CYLINDRICAL_SURFACE ( 'NONE', #225, 88.00000000000076739 ) ;
#3714 = CYLINDRICAL_SURFACE ( 'NONE', #8128, 1.599999999999997202 ) ;
#3715 = CARTESIAN_POINT ( 'NONE',  ( 43.64752027346841601, -3.000000000000000000, 1.773125482633685746 ) ) ;
#3716 = EDGE_CURVE ( 'NONE', #4411, #9144, #214, .T. ) ;
#3717 = VECTOR ( 'NONE', #4369, 1000.000000000000000 ) ;
#3718 = DIRECTION ( 'NONE',  ( 0.000000000000000000, 1.000000000000000000, 0.000000000000000000 ) ) ;
#3719 = CARTESIAN_POINT ( 'NONE',  ( 33.26989437906256342, -9.525483399593907663, -1.324434976139800213 ) ) ;
#3720 = ORIENTED_EDGE ( 'NONE', *, *, #3170, .T. ) ;
#3721 = CARTESIAN_POINT ( 'NONE',  ( -24.20000000000000639, -9.242640687119289211, -25.50000000000000355 ) ) ;
#3722 = ORIENTED_EDGE ( 'NONE', *, *, #6509, .T. ) ;
#3723 = EDGE_LOOP ( 'NONE', ( #3662, #7785 ) ) ;
#3724 = CARTESIAN_POINT ( 'NONE',  ( 24.20000000000000284, -5.000000000000000000, -60.00000000000000000 ) ) ;
#3725 = ORIENTED_EDGE ( 'NONE', *, *, #5185, .F. ) ;
#3726 = ORIENTED_EDGE ( 'NONE', *, *, #7674, .T. ) ;
#3727 = DIRECTION ( 'NONE',  ( 0.000000000000000000, -0.000000000000000000, 1.000000000000000000 ) ) ;
#3728 = DIRECTION ( 'NONE',  ( 0.000000000000000000, 0.000000000000000000, 1.000000000000000000 ) ) ;
#3729 = DIRECTION ( 'NONE',  ( -0.000000000000000000, 1.000000000000000000, 0.000000000000000000 ) ) ;
#3730 = DIRECTION ( 'NONE',  ( 1.387778780781444492E-15, 0.000000000000000000, -1.000000000000000000 ) ) ;
#3731 = ORIENTED_EDGE ( 'NONE', *, *, #7223, .T. ) ;
#3732 = DIRECTION ( 'NONE',  ( 1.387778780781446464E-15, 0.000000000000000000, 1.000000000000000000 ) ) ;
#3733 = DIRECTION ( 'NONE',  ( 0.000000000000000000, 1.000000000000000000, 0.000000000000000000 ) ) ;
#3734 = VERTEX_POINT ( 'NONE', #8907 ) ;
#3735 = VERTEX_POINT ( 'NONE', #1589 ) ;
#3736 = ORIENTED_EDGE ( 'NONE', *, *, #2218, .F. ) ;
#3737 = VERTEX_POINT ( 'NONE', #6739 ) ;
#3738 = CARTESIAN_POINT ( 'NONE',  ( -25.89590055950304759, 0.000000000000000000, -26.05952741539715589 ) ) ;
#3739 = CARTESIAN_POINT ( 'NONE',  ( -2.999999999999996447, -3.200000000000000178, 50.11904464837144246 ) ) ;
#3740 = FACE_OUTER_BOUND ( 'NONE', #5461, .T. ) ;
#3741 = CARTESIAN_POINT ( 'NONE',  ( 20.00000000000000000, -3.499999999999954703, 75.00000000000000000 ) ) ;
#3742 = AXIS2_PLACEMENT_3D ( 'NONE', #5247, #7270, #5142 ) ;
#3743 = LINE ( 'NONE', #5805, #8354 ) ;
#3744 = DIRECTION ( 'NONE',  ( 0.000000000000000000, 1.000000000000000000, -0.000000000000000000 ) ) ;
#3745 = EDGE_LOOP ( 'NONE', ( #3726, #900, #3901, #812, #4898, #5706, #5704, #4286, #5490, #7162 ) ) ;
#3746 = EDGE_CURVE ( 'NONE', #6660, #1686, #8812, .T. ) ;
#3747 = CARTESIAN_POINT ( 'NONE',  ( -75.93522825193483072, -5.000000000000000000, 33.50882138074332062 ) ) ;
#3748 = EDGE_CURVE ( 'NONE', #2828, #7824, #4356, .T. ) ;
#3749 = FACE_OUTER_BOUND ( 'NONE', #3455, .T. ) ;
#3750 = VECTOR ( 'NONE', #2066, 1000.000000000000114 ) ;
#3751 = CARTESIAN_POINT ( 'NONE',  ( -59.93369898680851549, -3.000000000000000000, -8.012597940657380846 ) ) ;
#3752 = DIRECTION ( 'NONE',  ( 0.000000000000000000, 1.000000000000000000, -0.000000000000000000 ) ) ;
#3753 = CARTESIAN_POINT ( 'NONE',  ( 20.20000000000000284, -3.500000000000006661, -16.50000000000000000 ) ) ;
#3754 = CARTESIAN_POINT ( 'NONE',  ( 28.11951362996199677, -5.000000000000000000, -12.99610798316096627 ) ) ;
#3755 = DIRECTION ( 'NONE',  ( 0.000000000000000000, -1.000000000000000000, 0.000000000000000000 ) ) ;
#3756 = CIRCLE ( 'NONE', #9143, 3.099999999999991651 ) ;
#3757 = ORIENTED_EDGE ( 'NONE', *, *, #1281, .T. ) ;
#3758 = EDGE_CURVE ( 'NONE', #8055, #6202, #6589, .T. ) ;
#3759 = EDGE_CURVE ( 'NONE', #4481, #2105, #4427, .T. ) ;
#3760 = CARTESIAN_POINT ( 'NONE',  ( 24.50000000000000355, -10.93969696196700170, -32.50000000000000000 ) ) ;
#3761 = CARTESIAN_POINT ( 'NONE',  ( 25.67942337021199606, -3.000000000000000000, -24.24760147752104444 ) ) ;
#3762 = DIRECTION ( 'NONE',  ( -0.000000000000000000, 1.000000000000000000, -0.000000000000000000 ) ) ;
#3763 = DIRECTION ( 'NONE',  ( -0.000000000000000000, 1.000000000000000000, -0.000000000000000000 ) ) ;
#3764 = CIRCLE ( 'NONE', #2699, 1.599999999999997202 ) ;
#3765 = CARTESIAN_POINT ( 'NONE',  ( -36.00000000000000711, -5.000000000000000000, -52.00000000000000000 ) ) ;
#3766 = DIRECTION ( 'NONE',  ( 0.000000000000000000, 1.000000000000000000, -0.000000000000000000 ) ) ;
#3767 = ORIENTED_EDGE ( 'NONE', *, *, #1233, .F. ) ;
#3768 = VECTOR ( 'NONE', #2790, 1000.000000000000000 ) ;
#3769 = VECTOR ( 'NONE', #3489, 1000.000000000000114 ) ;
#3770 = DIRECTION ( 'NONE',  ( 0.000000000000000000, 1.000000000000000000, -0.000000000000000000 ) ) ;
#3771 = ORIENTED_EDGE ( 'NONE', *, *, #7575, .T. ) ;
#3772 = FACE_OUTER_BOUND ( 'NONE', #4820, .T. ) ;
#3773 = CIRCLE ( 'NONE', #8698, 3.100000000000047162 ) ;
#3774 = EDGE_LOOP ( 'NONE', ( #4370, #7583, #518, #3 ) ) ;
#3775 = ORIENTED_EDGE ( 'NONE', *, *, #815, .T. ) ;
#3776 = CARTESIAN_POINT ( 'NONE',  ( -33.58757210636075285, -5.000000000000000000, 51.97234841721098775 ) ) ;
#3777 = CARTESIAN_POINT ( 'NONE',  ( -45.00000000000000000, 0.000000000000000000, -72.69972489631578583 ) ) ;
#3778 = CYLINDRICAL_SURFACE ( 'NONE', #9395, 85.49999999999998579 ) ;
#3779 = AXIS2_PLACEMENT_3D ( 'NONE', #1006, #6724, #5322 ) ;
#3780 = VERTEX_POINT ( 'NONE', #1 ) ;
#3781 = FACE_OUTER_BOUND ( 'NONE', #2662, .T. ) ;
#3782 = EDGE_CURVE ( 'NONE', #5066, #8155, #3710, .T. ) ;
#3783 = CARTESIAN_POINT ( 'NONE',  ( 45.16312671864703532, -5.000000000000000000, -42.30297844118579320 ) ) ;
#3784 = ORIENTED_EDGE ( 'NONE', *, *, #2654, .F. ) ;
#3785 = ORIENTED_EDGE ( 'NONE', *, *, #1106, .T. ) ;
#3786 = ORIENTED_EDGE ( 'NONE', *, *, #235, .F. ) ;
#3787 = EDGE_LOOP ( 'NONE', ( #4652, #409, #834, #1590 ) ) ;
#3788 = CYLINDRICAL_SURFACE ( 'NONE', #2989, 1.599999999999997202 ) ;
#3789 = DIRECTION ( 'NONE',  ( 8.659560562354956277E-17, -0.7071067811865455743, 0.7071067811865493491 ) ) ;
#3790 = CARTESIAN_POINT ( 'NONE',  ( 79.21095465983462702, 0.000000000000000000, -18.42890832028913195 ) ) ;
#3791 = DIRECTION ( 'NONE',  ( 0.000000000000000000, -1.000000000000000000, 0.000000000000000000 ) ) ;
#3792 = PLANE ( 'NONE',  #4437 ) ;
#3794 = ORIENTED_EDGE ( 'NONE', *, *, #3748, .F. ) ;
#3793 = AXIS2_PLACEMENT_3D ( 'NONE', #7395, #667, #3025 ) ;
#3795 = ADVANCED_FACE ( 'NONE', ( #3805 ), #2940, .F. ) ;
#3796 = DIRECTION ( 'NONE',  ( 0.000000000000000000, -1.000000000000000000, 0.000000000000000000 ) ) ;
#3797 = VERTEX_POINT ( 'NONE', #8195 ) ;
#3798 = CARTESIAN_POINT ( 'NONE',  ( -24.25000000000000711, -3.499999999999948486, -42.35000000000000142 ) ) ;
#3799 = CARTESIAN_POINT ( 'NONE',  ( 3.000000000000003997, 0.000000000000000000, 50.11904464837144246 ) ) ;
#3800 = LINE ( 'NONE', #4567, #6852 ) ;
#3801 = FACE_OUTER_BOUND ( 'NONE', #4428, .T. ) ;
#3802 = CARTESIAN_POINT ( 'NONE',  ( -80.50963959241281032, -5.000000000000000000, 35.52742507837846375 ) ) ;
#3803 = EDGE_CURVE ( 'NONE', #5713, #8456, #2214, .T. ) ;
#3804 = CARTESIAN_POINT ( 'NONE',  ( -76.34538790275300357, 0.000000000000000000, 38.49196988955198151 ) ) ;
#3805 = FACE_OUTER_BOUND ( 'NONE', #2866, .T. ) ;
#3806 = ORIENTED_EDGE ( 'NONE', *, *, #6164, .T. ) ;
#3807 = LINE ( 'NONE', #7469, #8390 ) ;
#3808 = FACE_OUTER_BOUND ( 'NONE', #3212, .T. ) ;
#3809 = CYLINDRICAL_SURFACE ( 'NONE', #7768, 1.600000000000004086 ) ;
#3810 = CARTESIAN_POINT ( 'NONE',  ( -5.499999999999998224, 0.000000000000000000, 19.10000000000000142 ) ) ;
#3811 = ADVANCED_FACE ( 'NONE', ( #2173 ), #6019, .F. ) ;
#3812 = EDGE_CURVE ( 'NONE', #444, #6660, #2123, .T. ) ;
#3813 = CIRCLE ( 'NONE', #8443, 5.000000000000000888 ) ;
#3814 = EDGE_CURVE ( 'NONE', #733, #4527, #7600, .T. ) ;
#3815 = CIRCLE ( 'NONE', #5190, 1.999999999999998224 ) ;
#3816 = DIRECTION ( 'NONE',  ( 0.000000000000000000, 0.000000000000000000, -1.000000000000000000 ) ) ;
#3817 = VERTEX_POINT ( 'NONE', #2885 ) ;
#3818 = CARTESIAN_POINT ( 'NONE',  ( 62.67442126558891857, 0.000000000000000000, -13.15929021731400361 ) ) ;
#3819 = VERTEX_POINT ( 'NONE', #2220 ) ;
#3820 = DIRECTION ( 'NONE',  ( 0.8571673007021110013, 0.000000000000000000, -0.5150380749100563760 ) ) ;
#3821 = CONICAL_SURFACE ( 'NONE', #8291, 1.500000000000001332, 0.7853981633974557175 ) ;
#3822 = EDGE_LOOP ( 'NONE', ( #3767, #6130, #5160, #4224 ) ) ;
#3823 = DIRECTION ( 'NONE',  ( 0.000000000000000000, 1.000000000000000000, 0.000000000000000000 ) ) ;
#3824 = CARTESIAN_POINT ( 'NONE',  ( 44.67759642328852721, -3.000000000000000000, 3.487460084037908192 ) ) ;
#3825 = EDGE_CURVE ( 'NONE', #5378, #528, #4835, .T. ) ;
#3826 = CARTESIAN_POINT ( 'NONE',  ( -21.00000000000000355, -3.937913261306971169, -33.03339463490683414 ) ) ;
#3827 = CARTESIAN_POINT ( 'NONE',  ( -79.50000000000000000, -1.500000000000000000, -5.000000000000000000 ) ) ;
#3828 = VECTOR ( 'NONE', #1648, 1000.000000000000000 ) ;
#3829 = CARTESIAN_POINT ( 'NONE',  ( 3.469446951953614189E-13, -5.000000000000000000, 5.551115123125782702E-14 ) ) ;
#3830 = VERTEX_POINT ( 'NONE', #680 ) ;
#3831 = VERTEX_POINT ( 'NONE', #7316 ) ;
#3832 = VERTEX_POINT ( 'NONE', #727 ) ;
#3833 = ORIENTED_EDGE ( 'NONE', *, *, #355, .T. ) ;
#3834 = CARTESIAN_POINT ( 'NONE',  ( 28.11951362996199677, -3.499999999999959588, -8.296107983160915467 ) ) ;
#3835 = CARTESIAN_POINT ( 'NONE',  ( -33.50000000000000000, 0.000000000000000000, -76.77890335241846742 ) ) ;
#3836 = CARTESIAN_POINT ( 'NONE',  ( -39.00000000000000000, -2.500000000000000000, -76.08712111783438559 ) ) ;
#3837 = VECTOR ( 'NONE', #1310, 1000.000000000000000 ) ;
#3838 = EDGE_CURVE ( 'NONE', #286, #4887, #2974, .T. ) ;
#3839 = CIRCLE ( 'NONE', #5978, 88.00000000000000000 ) ;
#3840 = CARTESIAN_POINT ( 'NONE',  ( 1.000000000000003997, 0.000000000000000000, 52.11904464837144246 ) ) ;
#3841 = CARTESIAN_POINT ( 'NONE',  ( 54.64593681162960337, -5.000000000000000000, 35.15662439906169112 ) ) ;
#3842 = ORIENTED_EDGE ( 'NONE', *, *, #2589, .F. ) ;
#3843 = DIRECTION ( 'NONE',  ( 0.000000000000000000, 0.000000000000000000, -1.000000000000000000 ) ) ;
#3844 = ORIENTED_EDGE ( 'NONE', *, *, #9012, .T. ) ;
#3845 = VECTOR ( 'NONE', #3680, 1000.000000000000114 ) ;
#3846 = CARTESIAN_POINT ( 'NONE',  ( 20.00000000000000000, -60.00000000000000000, 76.59999999999999432 ) ) ;
#3847 = ORIENTED_EDGE ( 'NONE', *, *, #3941, .T. ) ;
#3848 = CARTESIAN_POINT ( 'NONE',  ( 45.00000000000000000, -2.500000000000000000, -76.77890335241848163 ) ) ;
#3849 = FACE_OUTER_BOUND ( 'NONE', #5766, .T. ) ;
#3850 = CARTESIAN_POINT ( 'NONE',  ( 48.41519859989359986, -2.500000000000000000, -52.42345414538088022 ) ) ;
#3851 = DIRECTION ( 'NONE',  ( 0.000000000000000000, 0.000000000000000000, 1.000000000000000000 ) ) ;
#3852 = CIRCLE ( 'NONE', #7368, 1.500000000000001332 ) ;
#3853 = FACE_OUTER_BOUND ( 'NONE', #2786, .T. ) ;
#3854 = CARTESIAN_POINT ( 'NONE',  ( -24.20000000000000284, -3.499999999999964917, -58.50000000000000000 ) ) ;
#3855 = AXIS2_PLACEMENT_3D ( 'NONE', #5085, #6675, #3607 ) ;
#3856 = AXIS2_PLACEMENT_3D ( 'NONE', #3065, #8313, #3684 ) ;
#3857 = ORIENTED_EDGE ( 'NONE', *, *, #196, .T. ) ;
#3858 = AXIS2_PLACEMENT_3D ( 'NONE', #2643, #1774, #8325 ) ;
#3859 = DIRECTION ( 'NONE',  ( -0.000000000000000000, 1.000000000000000000, -0.000000000000000000 ) ) ;
#3860 = DIRECTION ( 'NONE',  ( 0.000000000000000000, 0.000000000000000000, 1.000000000000000000 ) ) ;
#3861 = CARTESIAN_POINT ( 'NONE',  ( 43.96751866459680258, 0.000000000000000000, -34.58478426242284343 ) ) ;
#3862 = LINE ( 'NONE', #9011, #52 ) ;
#3863 = VECTOR ( 'NONE', #8732, 1000.000000000000114 ) ;
#3864 = AXIS2_PLACEMENT_3D ( 'NONE', #5392, #1203, #442 ) ;
#3865 = VECTOR ( 'NONE', #4025, 1000.000000000000000 ) ;
#3866 = CIRCLE ( 'NONE', #4801, 1.600000000000004086 ) ;
#3867 = ADVANCED_FACE ( 'NONE', ( #6542 ), #3449, .F. ) ;
#3868 = CARTESIAN_POINT ( 'NONE',  ( 33.58757210636075285, -9.525483399593916545, 50.37234841721099343 ) ) ;
#3869 = EDGE_CURVE ( 'NONE', #2048, #1731, #50, .T. ) ;
#3870 = ORIENTED_EDGE ( 'NONE', *, *, #7337, .F. ) ;
#3871 = EDGE_CURVE ( 'NONE', #3831, #5673, #3445, .T. ) ;
#3872 = DIRECTION ( 'NONE',  ( -0.000000000000000000, -1.000000000000000000, -0.000000000000000000 ) ) ;
#3873 = EDGE_LOOP ( 'NONE', ( #3406, #2652, #9281, #6422 ) ) ;
#3874 = DIRECTION ( 'NONE',  ( 0.000000000000000000, 0.000000000000000000, -1.000000000000000000 ) ) ;
#3875 = ORIENTED_EDGE ( 'NONE', *, *, #710, .T. ) ;
#3876 = EDGE_CURVE ( 'NONE', #7143, #8755, #2524, .T. ) ;
#3877 = CYLINDRICAL_SURFACE ( 'NONE', #8774, 5.000000000000004441 ) ;
#3878 = CARTESIAN_POINT ( 'NONE',  ( 0.000000000000000000, -3.500000000000000000, 0.000000000000000000 ) ) ;
#3879 = VECTOR ( 'NONE', #4855, 1000.000000000000000 ) ;
#3880 = CARTESIAN_POINT ( 'NONE',  ( -47.59806930370043432, -4.900167633572365844, -44.07536553541117996 ) ) ;
#3881 = CYLINDRICAL_SURFACE ( 'NONE', #6341, 1.600000000000004086 ) ;
#3882 = CARTESIAN_POINT ( 'NONE',  ( 24.25000000000000711, -3.499999999999948486, -40.75000000000000000 ) ) ;
#3883 = EDGE_CURVE ( 'NONE', #6980, #6383, #8816, .T. ) ;
#3884 = ORIENTED_EDGE ( 'NONE', *, *, #4774, .T. ) ;
#3885 = ADVANCED_FACE ( 'NONE', ( #3139 ), #6843, .T. ) ;
#3886 = AXIS2_PLACEMENT_3D ( 'NONE', #7821, #1952, #9173 ) ;
#3887 = ORIENTED_EDGE ( 'NONE', *, *, #7277, .T. ) ;
#3888 = ORIENTED_EDGE ( 'NONE', *, *, #927, .F. ) ;
#3889 = ORIENTED_EDGE ( 'NONE', *, *, #9175, .F. ) ;
#3890 = CARTESIAN_POINT ( 'NONE',  ( -45.16312671864703532, 0.000000000000000000, -42.30297844118579320 ) ) ;
#3891 = DIRECTION ( 'NONE',  ( -0.000000000000000000, 1.000000000000000000, -0.000000000000000000 ) ) ;
#3892 = CARTESIAN_POINT ( 'NONE',  ( 28.11951362996199677, -5.000000000000000000, -6.796107983160870170 ) ) ;
#3893 = CARTESIAN_POINT ( 'NONE',  ( -36.00000000000000711, 0.000000000000000000, -66.00000000000000000 ) ) ;
#3894 = CARTESIAN_POINT ( 'NONE',  ( -21.00000000000000711, -74.82324870126322480, -76.77890335241860953 ) ) ;
#3895 = ORIENTED_EDGE ( 'NONE', *, *, #5553, .T. ) ;
#3896 = DIRECTION ( 'NONE',  ( 0.000000000000000000, 1.000000000000000000, -0.000000000000000000 ) ) ;
#3897 = EDGE_LOOP ( 'NONE', ( #8118, #987, #224, #1807 ) ) ;
#3898 = EDGE_CURVE ( 'NONE', #8892, #482, #4675, .T. ) ;
#3899 = FACE_BOUND ( 'NONE', #752, .T. ) ;
#3900 = VERTEX_POINT ( 'NONE', #4571 ) ;
#3901 = ORIENTED_EDGE ( 'NONE', *, *, #5525, .T. ) ;
#3902 = LINE ( 'NONE', #3282, #2640 ) ;
#3903 = DIRECTION ( 'NONE',  ( 0.000000000000000000, 0.000000000000000000, -1.000000000000000000 ) ) ;
#3904 = CARTESIAN_POINT ( 'NONE',  ( 79.50000000000000000, -10.93969696196701413, -5.000000000000000888 ) ) ;
#3905 = FACE_OUTER_BOUND ( 'NONE', #4360, .T. ) ;
#3906 = CARTESIAN_POINT ( 'NONE',  ( -2.999999999999996003, -3.200000000000000178, 52.11904464837144246 ) ) ;
#3907 = CARTESIAN_POINT ( 'NONE',  ( 21.00000000000000355, -5.000000000000004441, -29.51503768868028033 ) ) ;
#3908 = ORIENTED_EDGE ( 'NONE', *, *, #1639, .F. ) ;
#3909 = AXIS2_PLACEMENT_3D ( 'NONE', #4336, #5047, #1491 ) ;
#3910 = DIRECTION ( 'NONE',  ( 0.000000000000000000, 0.000000000000000000, -1.000000000000000000 ) ) ;
#3911 = DIRECTION ( 'NONE',  ( 0.000000000000000000, -1.000000000000000000, 0.000000000000000000 ) ) ;
#3912 = FACE_OUTER_BOUND ( 'NONE', #1136, .T. ) ;
#3913 = DIRECTION ( 'NONE',  ( -0.000000000000000000, -1.000000000000000000, 0.000000000000000000 ) ) ;
#3914 = VECTOR ( 'NONE', #3859, 1000.000000000000000 ) ;
#3915 = LINE ( 'NONE', #6853, #4704 ) ;
#3916 = EDGE_LOOP ( 'NONE', ( #2755, #1162, #2250, #17 ) ) ;
#3917 = CARTESIAN_POINT ( 'NONE',  ( 33.50000000000000000, -23.60398284226499754, -76.77890335241846742 ) ) ;
#3918 = ORIENTED_EDGE ( 'NONE', *, *, #1627, .F. ) ;
#3919 = CARTESIAN_POINT ( 'NONE',  ( 0.000000000000000000, -3.200000000000000178, 49.00000000000000000 ) ) ;
#3920 = AXIS2_PLACEMENT_3D ( 'NONE', #7103, #512, #7237 ) ;
#3921 = EDGE_LOOP ( 'NONE', ( #364, #3190, #7885, #691, #6203, #4947, #5742, #5717 ) ) ;
#3922 = LINE ( 'NONE', #6712, #333 ) ;
#3923 = DIRECTION ( 'NONE',  ( 0.000000000000000000, -0.000000000000000000, 1.000000000000000000 ) ) ;
#3924 = EDGE_CURVE ( 'NONE', #7593, #9359, #1591, .T. ) ;
#3925 = DIRECTION ( 'NONE',  ( 0.000000000000000000, 0.000000000000000000, -1.000000000000000000 ) ) ;
#3926 = EDGE_CURVE ( 'NONE', #1919, #4638, #6209, .T. ) ;
#3928 = DIRECTION ( 'NONE',  ( -0.000000000000000000, 0.000000000000000000, 1.000000000000000000 ) ) ;
#3927 = VECTOR ( 'NONE', #3515, 1000.000000000000000 ) ;
#3929 = VECTOR ( 'NONE', #5257, 1000.000000000000000 ) ;
#3930 = DIRECTION ( 'NONE',  ( -0.000000000000000000, -1.000000000000000000, -0.000000000000000000 ) ) ;
#3931 = ORIENTED_EDGE ( 'NONE', *, *, #4974, .T. ) ;
#3932 = VERTEX_POINT ( 'NONE', #4778 ) ;
#3933 = VECTOR ( 'NONE', #871, 1000.000000000000000 ) ;
#3934 = ORIENTED_EDGE ( 'NONE', *, *, #4518, .T. ) ;
#3935 = ORIENTED_EDGE ( 'NONE', *, *, #159, .T. ) ;
#3936 = DIRECTION ( 'NONE',  ( 0.000000000000000000, 1.000000000000000000, 0.000000000000000000 ) ) ;
#3937 = CARTESIAN_POINT ( 'NONE',  ( 36.00000000000000711, -5.000000000000000000, -66.00000000000000000 ) ) ;
#3938 = DIRECTION ( 'NONE',  ( 0.000000000000000000, 0.000000000000000000, -1.000000000000000000 ) ) ;
#3939 = AXIS2_PLACEMENT_3D ( 'NONE', #5349, #6702, #5256 ) ;
#3940 = CONICAL_SURFACE ( 'NONE', #559, 3.000000000000002665, 0.7853981633974510546 ) ;
#3941 = EDGE_CURVE ( 'NONE', #6859, #3980, #9050, .T. ) ;
#3942 = DIRECTION ( 'NONE',  ( 0.000000000000000000, 1.000000000000000000, -0.000000000000000000 ) ) ;
#3943 = EDGE_CURVE ( 'NONE', #1371, #8255, #8669, .T. ) ;
#3944 = EDGE_CURVE ( 'NONE', #7919, #3345, #4342, .T. ) ;
#3945 = CYLINDRICAL_SURFACE ( 'NONE', #4596, 2.000000000000000000 ) ;
#3946 = ORIENTED_EDGE ( 'NONE', *, *, #4214, .F. ) ;
#3947 = EDGE_CURVE ( 'NONE', #1483, #4779, #5497, .T. ) ;
#3948 = DIRECTION ( 'NONE',  ( 0.000000000000000000, 0.000000000000000000, -1.000000000000000000 ) ) ;
#3949 = ORIENTED_EDGE ( 'NONE', *, *, #4688, .T. ) ;
#3950 = FACE_BOUND ( 'NONE', #7832, .T. ) ;
#3951 = ORIENTED_EDGE ( 'NONE', *, *, #7399, .F. ) ;
#3952 = ORIENTED_EDGE ( 'NONE', *, *, #3994, .T. ) ;
#3953 = CARTESIAN_POINT ( 'NONE',  ( -17.11198410471442699, -3.499999999999945821, 22.58305191657944277 ) ) ;
#3954 = LINE ( 'NONE', #8484, #5477 ) ;
#3955 = CARTESIAN_POINT ( 'NONE',  ( -33.26989437906256342, -3.499999999999972911, -1.324434976139800213 ) ) ;
#3956 = CARTESIAN_POINT ( 'NONE',  ( 25.11316633020091160, -3.000000000000000000, -25.19001145094802752 ) ) ;
#3957 = CARTESIAN_POINT ( 'NONE',  ( -33.50000000000000000, -5.000000000000000888, -61.50000000000000000 ) ) ;
#3958 = VECTOR ( 'NONE', #5096, 1000.000000000000000 ) ;
#3959 = EDGE_CURVE ( 'NONE', #7840, #3359, #7134, .T. ) ;
#3960 = CARTESIAN_POINT ( 'NONE',  ( 21.00000000000000000, -4.706913542642498172, -35.03329908638327339 ) ) ;
#3961 = ORIENTED_EDGE ( 'NONE', *, *, #6891, .T. ) ;
#3962 = CARTESIAN_POINT ( 'NONE',  ( 17.11198410471442699, -5.000000000000000000, 24.18305191657944064 ) ) ;
#3963 = AXIS2_PLACEMENT_3D ( 'NONE', #769, #6640, #9474 ) ;
#3964 = CARTESIAN_POINT ( 'NONE',  ( 30.75914498161554889, -5.000000000000000000, 59.04341622907634246 ) ) ;
#3965 = LINE ( 'NONE', #3243, #595 ) ;
#3966 = CARTESIAN_POINT ( 'NONE',  ( 16.99999999999999645, -3.200000000000000178, -27.00000000000000355 ) ) ;
#3967 = ORIENTED_EDGE ( 'NONE', *, *, #9054, .T. ) ;
#3968 = ORIENTED_EDGE ( 'NONE', *, *, #1394, .F. ) ;
#3969 = CARTESIAN_POINT ( 'NONE',  ( -2.999999999999996003, -3.200000000000000178, 52.11904464837144246 ) ) ;
#3970 = ORIENTED_EDGE ( 'NONE', *, *, #2529, .T. ) ;
#3971 = CARTESIAN_POINT ( 'NONE',  ( -44.12936209638336038, -5.000000000000000000, -49.84826377083042814 ) ) ;
#3972 = ORIENTED_EDGE ( 'NONE', *, *, #7547, .T. ) ;
#3973 = DIRECTION ( 'NONE',  ( 0.000000000000000000, 1.000000000000000000, -0.000000000000000000 ) ) ;
#3974 = ORIENTED_EDGE ( 'NONE', *, *, #2177, .T. ) ;
#3975 = DIRECTION ( 'NONE',  ( 0.000000000000000000, 0.000000000000000000, 1.000000000000000000 ) ) ;
#3976 = CARTESIAN_POINT ( 'NONE',  ( 5.500000000000001776, -3.499999999999945821, 19.09999999999999787 ) ) ;
#3977 = AXIS2_PLACEMENT_3D ( 'NONE', #7267, #1436, #676 ) ;
#3978 = CARTESIAN_POINT ( 'NONE',  ( 1.000000000000003997, -3.200000000000000178, 52.11904464837144246 ) ) ;
#3979 = CARTESIAN_POINT ( 'NONE',  ( -17.11198410471442699, -3.499999999999945821, 22.58305191657944277 ) ) ;
#3980 = VERTEX_POINT ( 'NONE', #1792 ) ;
#3981 = EDGE_CURVE ( 'NONE', #4956, #1263, #8343, .T. ) ;
#3982 = ORIENTED_EDGE ( 'NONE', *, *, #4829, .T. ) ;
#3983 = ORIENTED_EDGE ( 'NONE', *, *, #6690, .F. ) ;
#3984 = EDGE_LOOP ( 'NONE', ( #9370, #5689, #7390, #4046 ) ) ;
#3985 = DIRECTION ( 'NONE',  ( 0.000000000000000000, 0.000000000000000000, 1.000000000000000000 ) ) ;
#3986 = CYLINDRICAL_SURFACE ( 'NONE', #6456, 2.000000000000001776 ) ;
#3987 = LINE ( 'NONE', #1008, #5695 ) ;
#3988 = AXIS2_PLACEMENT_3D ( 'NONE', #8554, #1062, #5285 ) ;
#3989 = FACE_OUTER_BOUND ( 'NONE', #1570, .T. ) ;
#3990 = ORIENTED_EDGE ( 'NONE', *, *, #2575, .F. ) ;
#3991 = CARTESIAN_POINT ( 'NONE',  ( 59.04341622907708853, -5.000000000000000000, 30.75914498161409583 ) ) ;
#3992 = ORIENTED_EDGE ( 'NONE', *, *, #9177, .T. ) ;
#3993 = FACE_BOUND ( 'NONE', #1613, .T. ) ;
#3994 = EDGE_CURVE ( 'NONE', #2862, #1196, #6986, .T. ) ;
#3995 = EDGE_CURVE ( 'NONE', #2509, #1905, #8206, .T. ) ;
#3996 = AXIS2_PLACEMENT_3D ( 'NONE', #5463, #6905, #316 ) ;
#3997 = EDGE_CURVE ( 'NONE', #3998, #4506, #921, .T. ) ;
#3998 = VERTEX_POINT ( 'NONE', #3854 ) ;
#3999 = ORIENTED_EDGE ( 'NONE', *, *, #8631, .T. ) ;
#4000 = DIRECTION ( 'NONE',  ( -0.000000000000000000, -1.000000000000000000, -0.000000000000000000 ) ) ;
#4001 = AXIS2_PLACEMENT_3D ( 'NONE', #8082, #7983, #3697 ) ;
#4002 = LINE ( 'NONE', #4822, #1623 ) ;
#4003 = FACE_OUTER_BOUND ( 'NONE', #3251, .T. ) ;
#4004 = FACE_OUTER_BOUND ( 'NONE', #4457, .T. ) ;
#4005 = EDGE_CURVE ( 'NONE', #6895, #2336, #5279, .T. ) ;
#4006 = DIRECTION ( 'NONE',  ( 0.000000000000000000, 0.000000000000000000, 1.000000000000000000 ) ) ;
#4007 = CARTESIAN_POINT ( 'NONE',  ( 28.11951362996199677, -3.499999999999959588, -9.896107983160918664 ) ) ;
#4008 = VERTEX_POINT ( 'NONE', #8665 ) ;
#4009 = CIRCLE ( 'NONE', #157, 1.500000000000001332 ) ;
#4010 = FACE_OUTER_BOUND ( 'NONE', #673, .T. ) ;
#4011 = EDGE_CURVE ( 'NONE', #6720, #5327, #6503, .T. ) ;
#4012 = VECTOR ( 'NONE', #7404, 1000.000000000000000 ) ;
#4013 = CARTESIAN_POINT ( 'NONE',  ( -25.67942337021199606, -3.000000000000000000, -24.24760147752104444 ) ) ;
#4014 = CARTESIAN_POINT ( 'NONE',  ( 24.50000000000000355, -2.500000000000064837, -34.60000000000000142 ) ) ;
#4015 = EDGE_LOOP ( 'NONE', ( #3983, #2175, #7026, #8705 ) ) ;
#4016 = CONICAL_SURFACE ( 'NONE', #8150, 1.600000000000002531, 0.7853981633974560506 ) ;
#4017 = CIRCLE ( 'NONE', #2011, 5.000000000000000888 ) ;
#4018 = VERTEX_POINT ( 'NONE', #1930 ) ;
#4019 = DIRECTION ( 'NONE',  ( 0.000000000000000000, -0.7071067811865463515, -0.7071067811865487940 ) ) ;
#4020 = ORIENTED_EDGE ( 'NONE', *, *, #6037, .F. ) ;
#4021 = CIRCLE ( 'NONE', #5238, 85.49999999999998579 ) ;
#4022 = EDGE_CURVE ( 'NONE', #3513, #2356, #675, .T. ) ;
#4023 = DIRECTION ( 'NONE',  ( 0.000000000000000000, -1.000000000000000000, 0.000000000000000000 ) ) ;
#4024 = EDGE_LOOP ( 'NONE', ( #2604, #6671, #4928, #5282, #775, #4552 ) ) ;
#4025 = DIRECTION ( 'NONE',  ( 0.000000000000000000, 1.000000000000000000, 0.000000000000000000 ) ) ;
#4026 = CONICAL_SURFACE ( 'NONE', #7558, 3.099999999999991651, 0.7853981633974514986 ) ;
#4027 = ORIENTED_EDGE ( 'NONE', *, *, #8814, .T. ) ;
#4028 = LINE ( 'NONE', #5255, #6796 ) ;
#4029 = AXIS2_PLACEMENT_3D ( 'NONE', #9242, #2740, #7125 ) ;
#4030 = AXIS2_PLACEMENT_3D ( 'NONE', #2265, #8139, #7510 ) ;
#4031 = CIRCLE ( 'NONE', #7569, 1.599999999999997202 ) ;
#4032 = DIRECTION ( 'NONE',  ( 0.000000000000000000, 0.000000000000000000, -1.000000000000000000 ) ) ;
#4033 = DIRECTION ( 'NONE',  ( 0.000000000000000000, -1.000000000000000000, 0.000000000000000000 ) ) ;
#4034 = VERTEX_POINT ( 'NONE', #4272 ) ;
#4035 = ORIENTED_EDGE ( 'NONE', *, *, #252, .T. ) ;
#4036 = ORIENTED_EDGE ( 'NONE', *, *, #8164, .F. ) ;
#4037 = ORIENTED_EDGE ( 'NONE', *, *, #4054, .F. ) ;
#4038 = DIRECTION ( 'NONE',  ( -0.5150380749100555988, 0.000000000000000000, -0.8571673007021114454 ) ) ;
#4039 = AXIS2_PLACEMENT_3D ( 'NONE', #9247, #5591, #6939 ) ;
#4040 = CARTESIAN_POINT ( 'NONE',  ( 16.99999999999999645, 0.000000000000000000, -27.00000000000000355 ) ) ;
#4041 = DIRECTION ( 'NONE',  ( -0.000000000000000000, -1.000000000000000000, -0.000000000000000000 ) ) ;
#4042 = DIRECTION ( 'NONE',  ( -0.000000000000000000, 1.000000000000000000, -0.000000000000000000 ) ) ;
#4043 = DIRECTION ( 'NONE',  ( -0.000000000000000000, 1.000000000000000000, -0.000000000000000000 ) ) ;
#4044 = FACE_OUTER_BOUND ( 'NONE', #8253, .T. ) ;
#4045 = ORIENTED_EDGE ( 'NONE', *, *, #2520, .F. ) ;
#4046 = ORIENTED_EDGE ( 'NONE', *, *, #1447, .T. ) ;
#4047 = VERTEX_POINT ( 'NONE', #4140 ) ;
#4048 = CARTESIAN_POINT ( 'NONE',  ( -44.12936209638335328, -5.000000000000000000, -49.84826377083042814 ) ) ;
#4049 = CARTESIAN_POINT ( 'NONE',  ( -36.00000000000000711, -9.525483399593907663, -52.00000000000000000 ) ) ;
#4050 = CARTESIAN_POINT ( 'NONE',  ( 36.00000000000000711, -5.000000000000000000, -52.00000000000000000 ) ) ;
#4051 = PLANE ( 'NONE',  #8756 ) ;
#4052 = CARTESIAN_POINT ( 'NONE',  ( 37.04435528667600153, -5.000000000000000000, 72.39969434600202192 ) ) ;
#4053 = CARTESIAN_POINT ( 'NONE',  ( 21.00000000000000355, -3.907554294897225944, -32.23426192657498746 ) ) ;
#4054 = EDGE_CURVE ( 'NONE', #6837, #6358, #7033, .T. ) ;
#4055 = EDGE_CURVE ( 'NONE', #1743, #1063, #5543, .T. ) ;
#4056 = EDGE_LOOP ( 'NONE', ( #117, #3630, #433, #7961 ) ) ;
#4057 = CARTESIAN_POINT ( 'NONE',  ( 20.20000000000000284, 0.000000000000000000, -16.50000000000000000 ) ) ;
#4058 = DIRECTION ( 'NONE',  ( 0.000000000000000000, 1.000000000000000000, -0.000000000000000000 ) ) ;
#4059 = CARTESIAN_POINT ( 'NONE',  ( -24.18305191657981013, 0.000000000000000000, 17.11198410471387277 ) ) ;
#4060 = VERTEX_POINT ( 'NONE', #8575 ) ;
#4061 = EDGE_CURVE ( 'NONE', #7730, #638, #9294, .T. ) ;
#4062 = AXIS2_PLACEMENT_3D ( 'NONE', #8439, #3338, #8959 ) ;
#4063 = EDGE_CURVE ( 'NONE', #2963, #1677, #8491, .T. ) ;
#4064 = ORIENTED_EDGE ( 'NONE', *, *, #4891, .T. ) ;
#4065 = CARTESIAN_POINT ( 'NONE',  ( -44.18533111883277797, -5.000000000000000000, -76.10293367485351723 ) ) ;
#4066 = ORIENTED_EDGE ( 'NONE', *, *, #2084, .F. ) ;
#4067 = CARTESIAN_POINT ( 'NONE',  ( 24.20000000000000284, -3.500000000000006661, -61.50000000000000000 ) ) ;
#4068 = ORIENTED_EDGE ( 'NONE', *, *, #8768, .F. ) ;
#4069 = DIRECTION ( 'NONE',  ( 0.000000000000000000, -0.000000000000000000, 1.000000000000000000 ) ) ;
#4070 = ADVANCED_FACE ( 'NONE', ( #9379 ), #1740, .F. ) ;
#4071 = LINE ( 'NONE', #4749, #5426 ) ;
#4072 = AXIS2_PLACEMENT_3D ( 'NONE', #4508, #4810, #7154 ) ;
#4073 = CARTESIAN_POINT ( 'NONE',  ( -17.00000000000000355, -74.82324870126322480, -21.00000000000000000 ) ) ;
#4074 = ORIENTED_EDGE ( 'NONE', *, *, #3249, .T. ) ;
#4075 = AXIS2_PLACEMENT_3D ( 'NONE', #5297, #8245, #1640 ) ;
#4076 = EDGE_LOOP ( 'NONE', ( #6767, #9189, #3301, #7541 ) ) ;
#4077 = ORIENTED_EDGE ( 'NONE', *, *, #6821, .F. ) ;
#4078 = ORIENTED_EDGE ( 'NONE', *, *, #4022, .T. ) ;
#4079 = DIRECTION ( 'NONE',  ( -0.000000000000000000, 1.000000000000000000, -0.000000000000000000 ) ) ;
#4080 = DIRECTION ( 'NONE',  ( -0.000000000000000000, 1.000000000000000000, -0.000000000000000000 ) ) ;
#4081 = EDGE_CURVE ( 'NONE', #697, #2682, #537, .T. ) ;
#4082 = CARTESIAN_POINT ( 'NONE',  ( 60.96377513662862668, -3.000000000000000000, -6.298263339253157511 ) ) ;
#4083 = AXIS2_PLACEMENT_3D ( 'NONE', #5738, #1408, #2132 ) ;
#4084 = DIRECTION ( 'NONE',  ( 0.000000000000000000, 1.000000000000000000, 0.000000000000000000 ) ) ;
#4085 = DIRECTION ( 'NONE',  ( -0.000000000000000000, 0.000000000000000000, 1.000000000000000000 ) ) ;
#4086 = ORIENTED_EDGE ( 'NONE', *, *, #6411, .T. ) ;
#4087 = ORIENTED_EDGE ( 'NONE', *, *, #743, .F. ) ;
#4088 = CONICAL_SURFACE ( 'NONE', #4536, 3.099999999999991651, 0.7853981633974514986 ) ;
#4089 = VECTOR ( 'NONE', #6544, 1000.000000000000114 ) ;
#4090 = EDGE_LOOP ( 'NONE', ( #626, #7920, #8373, #4130 ) ) ;
#4091 = VERTEX_POINT ( 'NONE', #623 ) ;
#4092 = CARTESIAN_POINT ( 'NONE',  ( 24.25000000000000711, 0.000000000000000000, -52.14999999999999858 ) ) ;
#4093 = DIRECTION ( 'NONE',  ( 1.000000000000000000, 0.000000000000000000, 6.219998500209278164E-17 ) ) ;
#4094 = CARTESIAN_POINT ( 'NONE',  ( 24.25000000000000711, -10.00000000000000000, -40.75000000000000000 ) ) ;
#4095 = CARTESIAN_POINT ( 'NONE',  ( 24.25000000000000711, -10.00000000000000000, -52.14999999999999858 ) ) ;
#4096 = DIRECTION ( 'NONE',  ( -0.000000000000000000, -1.000000000000000000, -0.000000000000000000 ) ) ;
#4097 = CARTESIAN_POINT ( 'NONE',  ( 1.000000000000003997, -3.200000000000000178, 52.11904464837144246 ) ) ;
#4098 = VERTEX_POINT ( 'NONE', #6262 ) ;
#4099 = DIRECTION ( 'NONE',  ( 0.000000000000000000, 1.000000000000000000, 0.000000000000000000 ) ) ;
#4100 = FACE_OUTER_BOUND ( 'NONE', #6299, .T. ) ;
#4101 = EDGE_CURVE ( 'NONE', #8420, #338, #509, .T. ) ;
#4102 = LINE ( 'NONE', #8396, #1660 ) ;
#4103 = CARTESIAN_POINT ( 'NONE',  ( 24.25000000000000711, -5.000000000000000000, -37.64999999999996305 ) ) ;
#4104 = AXIS2_PLACEMENT_3D ( 'NONE', #3690, #6527, #9464 ) ;
#4105 = EDGE_LOOP ( 'NONE', ( #7331, #2851, #7891, #4706 ) ) ;
#4106 = EDGE_LOOP ( 'NONE', ( #8159, #5786, #9502, #8370 ) ) ;
#4107 = AXIS2_PLACEMENT_3D ( 'NONE', #872, #1021, #3136 ) ;
#4108 = FACE_OUTER_BOUND ( 'NONE', #6287, .T. ) ;
#4109 = LINE ( 'NONE', #2528, #2896 ) ;
#4110 = EDGE_CURVE ( 'NONE', #5943, #427, #9249, .T. ) ;
#4111 = ORIENTED_EDGE ( 'NONE', *, *, #9227, .F. ) ;
#4112 = EDGE_CURVE ( 'NONE', #990, #2444, #5427, .T. ) ;
#4113 = EDGE_CURVE ( 'NONE', #3780, #9296, #57, .T. ) ;
#4114 = CARTESIAN_POINT ( 'NONE',  ( -65.16095962225053029, -4.962188990616754225, -14.95098846135715398 ) ) ;
#4115 = EDGE_CURVE ( 'NONE', #3628, #8939, #7119, .T. ) ;
#4116 = CARTESIAN_POINT ( 'NONE',  ( -20.20000000000000639, 0.000000000000000000, -18.00000000000000355 ) ) ;
#4117 = CARTESIAN_POINT ( 'NONE',  ( -17.11198410471442699, 0.000000000000000000, 24.18305191657944064 ) ) ;
#4118 = EDGE_LOOP ( 'NONE', ( #6513, #5467, #4275, #7773 ) ) ;
#4119 = ORIENTED_EDGE ( 'NONE', *, *, #6509, .F. ) ;
#4120 = ADVANCED_FACE ( 'NONE', ( #5592 ), #7806, .T. ) ;
#4121 = ORIENTED_EDGE ( 'NONE', *, *, #593, .T. ) ;
#4122 = ORIENTED_EDGE ( 'NONE', *, *, #8468, .F. ) ;
#4123 = DIRECTION ( 'NONE',  ( 0.000000000000000000, 1.000000000000000000, -0.000000000000000000 ) ) ;
#4124 = DIRECTION ( 'NONE',  ( 0.000000000000000000, 1.000000000000000000, -0.000000000000000000 ) ) ;
#4125 = CARTESIAN_POINT ( 'NONE',  ( 0.000000000000000000, -3.500000000000000000, 0.000000000000000000 ) ) ;
#4126 = CARTESIAN_POINT ( 'NONE',  ( 44.18533111883305509, -5.000000000000000000, -76.10293367485348881 ) ) ;
#4127 = AXIS2_PLACEMENT_3D ( 'NONE', #6069, #2371, #926 ) ;
#4128 = DIRECTION ( 'NONE',  ( 0.8571673007021154422, 0.000000000000000000, 0.5150380749100488265 ) ) ;
#4129 = ORIENTED_EDGE ( 'NONE', *, *, #5275, .T. ) ;
#4130 = ORIENTED_EDGE ( 'NONE', *, *, #2405, .T. ) ;
#4131 = ORIENTED_EDGE ( 'NONE', *, *, #5651, .F. ) ;
#4132 = ORIENTED_EDGE ( 'NONE', *, *, #467, .F. ) ;
#4133 = CARTESIAN_POINT ( 'NONE',  ( 67.30607546733547508, 0.000000000000000000, -11.27573523923572552 ) ) ;
#4134 = CARTESIAN_POINT ( 'NONE',  ( 21.00000000000000355, -74.82324870126322480, -21.00000000000000000 ) ) ;
#4135 = DIRECTION ( 'NONE',  ( -0.000000000000000000, -1.000000000000000000, -0.000000000000000000 ) ) ;
#4136 = LINE ( 'NONE', #6438, #8151 ) ;
#4137 = VECTOR ( 'NONE', #7240, 1000.000000000000000 ) ;
#4138 = AXIS2_PLACEMENT_3D ( 'NONE', #8822, #1270, #9439 ) ;
#4139 = CARTESIAN_POINT ( 'NONE',  ( 66.11448404094257114, -5.000000000000000000, 30.75914498161400346 ) ) ;
#4140 = CARTESIAN_POINT ( 'NONE',  ( 37.61980861195274173, -3.500000000000000000, -76.77890335241866637 ) ) ;
#4141 = ORIENTED_EDGE ( 'NONE', *, *, #7233, .F. ) ;
#4142 = CIRCLE ( 'NONE', #5526, 5.000000000000004441 ) ;
#4143 = AXIS2_PLACEMENT_3D ( 'NONE', #8327, #9035, #6727 ) ;
#4144 = LINE ( 'NONE', #2798, #1603 ) ;
#4145 = DIRECTION ( 'NONE',  ( -0.000000000000000000, 1.000000000000000000, -0.000000000000000000 ) ) ;
#4146 = CARTESIAN_POINT ( 'NONE',  ( -51.97234841721098775, -5.000000000000000000, 33.58757210636076707 ) ) ;
#4147 = CONICAL_SURFACE ( 'NONE', #4605, 1.599999999999997202, 0.7853981633974465026 ) ;
#4148 = ORIENTED_EDGE ( 'NONE', *, *, #9400, .F. ) ;
#4149 = AXIS2_PLACEMENT_3D ( 'NONE', #8573, #5087, #9335 ) ;
#4150 = DIRECTION ( 'NONE',  ( 0.000000000000000000, 0.000000000000000000, -1.000000000000000000 ) ) ;
#4151 = DIRECTION ( 'NONE',  ( 1.000000000000000000, -0.000000000000000000, 0.000000000000000000 ) ) ;
#4152 = ORIENTED_EDGE ( 'NONE', *, *, #8413, .F. ) ;
#4153 = AXIS2_PLACEMENT_3D ( 'NONE', #3412, #2096, #2777 ) ;
#4154 = AXIS2_PLACEMENT_3D ( 'NONE', #1665, #134, #6827 ) ;
#4155 = EDGE_CURVE ( 'NONE', #1050, #2854, #7851, .T. ) ;
#4156 = EDGE_CURVE ( 'NONE', #8523, #2435, #2531, .T. ) ;
#4157 = DIRECTION ( 'NONE',  ( -0.000000000000000000, 1.000000000000000000, -0.000000000000000000 ) ) ;
#4158 = AXIS2_PLACEMENT_3D ( 'NONE', #4496, #843, #6911 ) ;
#4159 = ADVANCED_FACE ( 'NONE', ( #540 ), #5681, .T. ) ;
#4160 = VECTOR ( 'NONE', #5219, 999.9999999999998863 ) ;
#4161 = DIRECTION ( 'NONE',  ( -0.000000000000000000, -1.000000000000000000, 0.000000000000000000 ) ) ;
#4162 = EDGE_LOOP ( 'NONE', ( #9417, #7934 ) ) ;
#4163 = AXIS2_PLACEMENT_3D ( 'NONE', #8509, #3973, #4745 ) ;
#4164 = EDGE_CURVE ( 'NONE', #958, #1372, #4967, .T. ) ;
#4165 = FACE_BOUND ( 'NONE', #1565, .T. ) ;
#4166 = EDGE_LOOP ( 'NONE', ( #1884, #4670 ) ) ;
#4167 = EDGE_LOOP ( 'NONE', ( #3270, #8876, #1047, #2557 ) ) ;
#4168 = VERTEX_POINT ( 'NONE', #2209 ) ;
#4169 = ORIENTED_EDGE ( 'NONE', *, *, #1126, .F. ) ;
#4170 = FACE_BOUND ( 'NONE', #7189, .T. ) ;
#4171 = VECTOR ( 'NONE', #3427, 1000.000000000000000 ) ;
#4172 = CIRCLE ( 'NONE', #13, 5.000000000000000888 ) ;
#4173 = CARTESIAN_POINT ( 'NONE',  ( -24.20000000000000639, 0.000000000000000000, -22.50000000000000355 ) ) ;
#4174 = LINE ( 'NONE', #475, #8143 ) ;
#4175 = CIRCLE ( 'NONE', #2645, 3.099999999999991651 ) ;
#4176 = ORIENTED_EDGE ( 'NONE', *, *, #4627, .F. ) ;
#4177 = ADVANCED_FACE ( 'NONE', ( #3030 ), #2975, .F. ) ;
#4178 = DIRECTION ( 'NONE',  ( 0.000000000000000000, 1.000000000000000000, -0.000000000000000000 ) ) ;
#4179 = EDGE_CURVE ( 'NONE', #6344, #2105, #3743, .T. ) ;
#4180 = DIRECTION ( 'NONE',  ( -0.000000000000000000, -1.000000000000000000, -0.000000000000000000 ) ) ;
#4181 = ORIENTED_EDGE ( 'NONE', *, *, #3390, .F. ) ;
#4182 = EDGE_LOOP ( 'NONE', ( #5403, #3775, #7024, #1355 ) ) ;
#4183 = VECTOR ( 'NONE', #7586, 1000.000000000000000 ) ;
#4184 = ORIENTED_EDGE ( 'NONE', *, *, #3581, .F. ) ;
#4185 = EDGE_LOOP ( 'NONE', ( #6797, #8992, #2811, #6730, #3689, #4176 ) ) ;
#4186 = CARTESIAN_POINT ( 'NONE',  ( 1.530808498934191078E-16, -3.200000000000000178, 47.75000000000000000 ) ) ;
#4187 = DIRECTION ( 'NONE',  ( -0.8571673007021113344, 0.000000000000000000, 0.5150380749100557098 ) ) ;
#4188 = CARTESIAN_POINT ( 'NONE',  ( -79.50000000000000000, -1.500000000000000000, -5.000000000000000000 ) ) ;
#4189 = DIRECTION ( 'NONE',  ( -0.000000000000000000, 1.000000000000000000, -0.000000000000000000 ) ) ;
#4190 = AXIS2_PLACEMENT_3D ( 'NONE', #3700, #3610, #8713 ) ;
#4191 = DIRECTION ( 'NONE',  ( -0.000000000000000000, -1.000000000000000000, 0.000000000000000000 ) ) ;
#4192 = DIRECTION ( 'NONE',  ( -0.000000000000000000, -1.000000000000000000, -0.000000000000000000 ) ) ;
#4193 = EDGE_CURVE ( 'NONE', #7812, #6080, #9468, .T. ) ;
#4194 = VERTEX_POINT ( 'NONE', #7352 ) ;
#4195 = CARTESIAN_POINT ( 'NONE',  ( 20.00000000000000000, -5.000000000000000000, 78.10000000000005116 ) ) ;
#4196 = CIRCLE ( 'NONE', #37, 5.000000000000004441 ) ;
#4197 = AXIS2_PLACEMENT_3D ( 'NONE', #1204, #4906, #6356 ) ;
#4198 = LINE ( 'NONE', #5686, #4583 ) ;
#4199 = CARTESIAN_POINT ( 'NONE',  ( 35.15662439906287773, -5.000000000000000000, 54.64593681162889283 ) ) ;
#4200 = ORIENTED_EDGE ( 'NONE', *, *, #6035, .T. ) ;
#4201 = DIRECTION ( 'NONE',  ( 0.000000000000000000, 0.000000000000000000, -1.000000000000000000 ) ) ;
#4202 = CARTESIAN_POINT ( 'NONE',  ( 53.45905091433236578, -5.000000000000000000, -61.28727335539450394 ) ) ;
#4203 = ORIENTED_EDGE ( 'NONE', *, *, #5433, .F. ) ;
#4204 = CARTESIAN_POINT ( 'NONE',  ( 36.00000000000000711, -3.500000000000043077, -52.00000000000000000 ) ) ;
#4205 = LINE ( 'NONE', #4927, #6073 ) ;
#4206 = ORIENTED_EDGE ( 'NONE', *, *, #7203, .F. ) ;
#4207 = AXIS2_PLACEMENT_3D ( 'NONE', #4826, #7943, #2025 ) ;
#4208 = DIRECTION ( 'NONE',  ( 0.000000000000000000, -0.7071067811865455743, -0.7071067811865493491 ) ) ;
#4209 = VERTEX_POINT ( 'NONE', #763 ) ;
#4210 = EDGE_LOOP ( 'NONE', ( #8533, #9463, #2101, #5101, #8922, #1767, #4543, #5844 ) ) ;
#4211 = ORIENTED_EDGE ( 'NONE', *, *, #6163, .F. ) ;
#4212 = ORIENTED_EDGE ( 'NONE', *, *, #2077, .T. ) ;
#4213 = CARTESIAN_POINT ( 'NONE',  ( -43.96751866459680258, -3.000000000000000000, -36.58478426242284343 ) ) ;
#4214 = EDGE_CURVE ( 'NONE', #3234, #482, #9513, .T. ) ;
#4215 = AXIS2_PLACEMENT_3D ( 'NONE', #6817, #7438, #7588 ) ;
#4216 = FACE_OUTER_BOUND ( 'NONE', #9485, .T. ) ;
#4217 = DIRECTION ( 'NONE',  ( 8.659560562354959975E-17, -0.7071067811865453523, 0.7071067811865497932 ) ) ;
#4218 = ORIENTED_EDGE ( 'NONE', *, *, #5025, .F. ) ;
#4219 = DIRECTION ( 'NONE',  ( 0.000000000000000000, 0.000000000000000000, 1.000000000000000000 ) ) ;
#4220 = VECTOR ( 'NONE', #6947, 1000.000000000000000 ) ;
#4221 = DIRECTION ( 'NONE',  ( 1.508455196501601012E-15, 0.000000000000000000, -1.000000000000000000 ) ) ;
#4222 = ORIENTED_EDGE ( 'NONE', *, *, #9260, .F. ) ;
#4223 = ORIENTED_EDGE ( 'NONE', *, *, #815, .F. ) ;
#4224 = ORIENTED_EDGE ( 'NONE', *, *, #1837, .F. ) ;
#4225 = ORIENTED_EDGE ( 'NONE', *, *, #4828, .T. ) ;
#4226 = DIRECTION ( 'NONE',  ( -0.000000000000000000, -1.000000000000000000, -0.000000000000000000 ) ) ;
#4227 = EDGE_CURVE ( 'NONE', #8015, #4856, #1757, .T. ) ;
#4228 = DIRECTION ( 'NONE',  ( 0.000000000000000000, 0.000000000000000000, 1.000000000000000000 ) ) ;
#4229 = LINE ( 'NONE', #7209, #323 ) ;
#4230 = ADVANCED_FACE ( 'NONE', ( #810 ), #8712, .F. ) ;
#4231 = VECTOR ( 'NONE', #1996, 1000.000000000000000 ) ;
#4232 = FACE_OUTER_BOUND ( 'NONE', #4860, .T. ) ;
#4233 = DIRECTION ( 'NONE',  ( -0.000000000000000000, 1.000000000000000000, -0.000000000000000000 ) ) ;
#4234 = ADVANCED_FACE ( 'NONE', ( #1379 ), #2113, .F. ) ;
#4235 = ORIENTED_EDGE ( 'NONE', *, *, #994, .T. ) ;
#4236 = CIRCLE ( 'NONE', #6235, 1.599999999999997202 ) ;
#4237 = CYLINDRICAL_SURFACE ( 'NONE', #9299, 2.000000000000001776 ) ;
#4238 = AXIS2_PLACEMENT_3D ( 'NONE', #5824, #8006, #7323 ) ;
#4239 = CARTESIAN_POINT ( 'NONE',  ( -43.64752027346841601, -3.000000000000000000, 1.773125482633686856 ) ) ;
#4240 = CYLINDRICAL_SURFACE ( 'NONE', #6547, 2.000000000000000000 ) ;
#4241 = EDGE_CURVE ( 'NONE', #482, #8892, #759, .T. ) ;
#4242 = VECTOR ( 'NONE', #5443, 1000.000000000000114 ) ;
#4243 = CIRCLE ( 'NONE', #95, 5.000000000000004441 ) ;
#4244 = ORIENTED_EDGE ( 'NONE', *, *, #6996, .F. ) ;
#4245 = LINE ( 'NONE', #7182, #9159 ) ;
#4246 = DIRECTION ( 'NONE',  ( 0.000000000000000000, 1.000000000000000000, -0.000000000000000000 ) ) ;
#4247 = CIRCLE ( 'NONE', #1635, 2.099999999999997868 ) ;
#4248 = DIRECTION ( 'NONE',  ( -0.000000000000000000, 1.000000000000000000, -0.000000000000000000 ) ) ;
#4249 = FACE_OUTER_BOUND ( 'NONE', #6243, .T. ) ;
#4250 = ORIENTED_EDGE ( 'NONE', *, *, #2163, .F. ) ;
#4251 = DIRECTION ( 'NONE',  ( -0.000000000000000000, 1.000000000000000000, -0.000000000000000000 ) ) ;
#4252 = ORIENTED_EDGE ( 'NONE', *, *, #8182, .T. ) ;
#4253 = ORIENTED_EDGE ( 'NONE', *, *, #710, .F. ) ;
#4254 = VERTEX_POINT ( 'NONE', #3609 ) ;
#4255 = ORIENTED_EDGE ( 'NONE', *, *, #682, .T. ) ;
#4256 = CARTESIAN_POINT ( 'NONE',  ( 24.18305191657981013, -3.500000000000018652, 18.71198410471387419 ) ) ;
#4257 = CARTESIAN_POINT ( 'NONE',  ( 79.50000000000000000, -1.500000000000000000, -5.000000000000000888 ) ) ;
#4258 = DIRECTION ( 'NONE',  ( 0.000000000000000000, -1.000000000000000000, 0.000000000000000000 ) ) ;
#4259 = VERTEX_POINT ( 'NONE', #7449 ) ;
#4260 = FACE_OUTER_BOUND ( 'NONE', #7914, .T. ) ;
#4261 = EDGE_CURVE ( 'NONE', #9161, #6722, #2257, .T. ) ;
#4262 = DIRECTION ( 'NONE',  ( -8.673617379884036705E-17, 0.000000000000000000, -1.000000000000000000 ) ) ;
#4263 = ORIENTED_EDGE ( 'NONE', *, *, #2598, .T. ) ;
#4264 = ORIENTED_EDGE ( 'NONE', *, *, #3294, .F. ) ;
#4265 = ORIENTED_EDGE ( 'NONE', *, *, #983, .F. ) ;
#4266 = ORIENTED_EDGE ( 'NONE', *, *, #7363, .F. ) ;
#4267 = CARTESIAN_POINT ( 'NONE',  ( -62.57895013500902337, -5.000000000000000000, 29.29467888754832927 ) ) ;
#4268 = CARTESIAN_POINT ( 'NONE',  ( -36.00000000000000711, -5.000000000000000000, -66.00000000000000000 ) ) ;
#4269 = DIRECTION ( 'NONE',  ( -0.000000000000000000, -1.000000000000000000, -0.000000000000000000 ) ) ;
#4270 = DIRECTION ( 'NONE',  ( 0.000000000000000000, 0.000000000000000000, 1.000000000000000000 ) ) ;
#4271 = VECTOR ( 'NONE', #3241, 1000.000000000000000 ) ;
#4272 = CARTESIAN_POINT ( 'NONE',  ( 65.32904437369880668, -5.000000000000000000, -14.76021999525220174 ) ) ;
#4273 = LINE ( 'NONE', #8130, #2802 ) ;
#4274 = CIRCLE ( 'NONE', #5513, 2.000000000000000000 ) ;
#4275 = ORIENTED_EDGE ( 'NONE', *, *, #4278, .T. ) ;
#4276 = EDGE_CURVE ( 'NONE', #4744, #1440, #6532, .T. ) ;
#4277 = ADVANCED_FACE ( 'NONE', ( #6491 ), #8753, .F. ) ;
#4278 = EDGE_CURVE ( 'NONE', #4638, #6607, #6631, .T. ) ;
#4279 = CARTESIAN_POINT ( 'NONE',  ( 0.000000000000000000, -2.500000000000000000, 0.000000000000000000 ) ) ;
#4280 = VECTOR ( 'NONE', #5740, 1000.000000000000000 ) ;
#4281 = EDGE_CURVE ( 'NONE', #2368, #9273, #3839, .T. ) ;
#4282 = LINE ( 'NONE', #9473, #1828 ) ;
#4283 = CARTESIAN_POINT ( 'NONE',  ( -75.93522825193483072, -5.000000000000000000, 33.50882138074332062 ) ) ;
#4284 = CARTESIAN_POINT ( 'NONE',  ( 17.00000000000000000, 0.000000000000000000, 10.99999999999999645 ) ) ;
#4285 = CIRCLE ( 'NONE', #7686, 1.600000000000004086 ) ;
#4286 = ORIENTED_EDGE ( 'NONE', *, *, #1458, .T. ) ;
#4287 = EDGE_CURVE ( 'NONE', #1003, #389, #5901, .T. ) ;
#4288 = DIRECTION ( 'NONE',  ( 0.000000000000000000, 1.000000000000000000, 0.000000000000000000 ) ) ;
#4289 = CARTESIAN_POINT ( 'NONE',  ( 24.50000000000000355, -5.000000000000000000, -27.90000000000009450 ) ) ;
#4290 = CIRCLE ( 'NONE', #5534, 1.599999999999997202 ) ;
#4291 = AXIS2_PLACEMENT_3D ( 'NONE', #6097, #9089, #6002 ) ;
#4292 = DIRECTION ( 'NONE',  ( 0.000000000000000000, -1.000000000000000000, 0.000000000000000000 ) ) ;
#4293 = EDGE_CURVE ( 'NONE', #2291, #6191, #8850, .T. ) ;
#4294 = AXIS2_PLACEMENT_3D ( 'NONE', #7792, #2861, #3730 ) ;
#4295 = DIRECTION ( 'NONE',  ( -0.000000000000000000, 1.000000000000000000, -0.000000000000000000 ) ) ;
#4296 = VERTEX_POINT ( 'NONE', #7405 ) ;
#4297 = CARTESIAN_POINT ( 'NONE',  ( -27.22361107568131189, -5.000000000000000000, 62.57895013500979076 ) ) ;
#4298 = ORIENTED_EDGE ( 'NONE', *, *, #170, .T. ) ;
#4299 = ORIENTED_EDGE ( 'NONE', *, *, #6566, .F. ) ;
#4300 = CIRCLE ( 'NONE', #7852, 1.599999999999997202 ) ;
#4301 = VERTEX_POINT ( 'NONE', #5484 ) ;
#4302 = ORIENTED_EDGE ( 'NONE', *, *, #2471, .F. ) ;
#4303 = DIRECTION ( 'NONE',  ( -0.000000000000000000, -1.000000000000000000, -0.000000000000000000 ) ) ;
#4304 = VECTOR ( 'NONE', #6478, 1000.000000000000000 ) ;
#4305 = AXIS2_PLACEMENT_3D ( 'NONE', #8126, #5130, #2972 ) ;
#4306 = CARTESIAN_POINT ( 'NONE',  ( 75.93522825193564074, -3.500000000000000000, 33.50882138074144478 ) ) ;
#4307 = DIRECTION ( 'NONE',  ( -0.000000000000000000, -1.000000000000000000, 0.000000000000000000 ) ) ;
#4308 = AXIS2_PLACEMENT_3D ( 'NONE', #7341, #750, #6386 ) ;
#4309 = EDGE_LOOP ( 'NONE', ( #5157, #1658, #257, #6254, #5544, #1300 ) ) ;
#4310 = CARTESIAN_POINT ( 'NONE',  ( 20.20000000000000284, -5.000000000000000000, -18.00000000000000355 ) ) ;
#4311 = AXIS2_PLACEMENT_3D ( 'NONE', #4353, #742, #1417 ) ;
#4312 = DIRECTION ( 'NONE',  ( -0.000000000000000000, 1.000000000000000000, -0.000000000000000000 ) ) ;
#4313 = VERTEX_POINT ( 'NONE', #1669 ) ;
#4314 = EDGE_LOOP ( 'NONE', ( #6393, #9326, #1461, #6604 ) ) ;
#4315 = VECTOR ( 'NONE', #5787, 1000.000000000000000 ) ;
#4316 = ORIENTED_EDGE ( 'NONE', *, *, #4377, .T. ) ;
#4317 = ORIENTED_EDGE ( 'NONE', *, *, #997, .T. ) ;
#4318 = CARTESIAN_POINT ( 'NONE',  ( 5.500000000000001776, 0.000000000000000000, 15.90000000000000391 ) ) ;
#4319 = CIRCLE ( 'NONE', #3864, 1.599999999999997202 ) ;
#4320 = DIRECTION ( 'NONE',  ( 0.000000000000000000, 0.000000000000000000, -1.000000000000000000 ) ) ;
#4321 = DIRECTION ( 'NONE',  ( 4.869399230812090436E-16, 0.000000000000000000, -1.000000000000000000 ) ) ;
#4322 = CIRCLE ( 'NONE', #178, 1.600000000000004086 ) ;
#4323 = CARTESIAN_POINT ( 'NONE',  ( 0.000000000000000000, -3.500000000000000000, 0.000000000000000000 ) ) ;
#4324 = DIRECTION ( 'NONE',  ( 0.000000000000000000, 1.000000000000000000, 0.000000000000000000 ) ) ;
#4325 = DIRECTION ( 'NONE',  ( 0.000000000000000000, -1.000000000000000000, 0.000000000000000000 ) ) ;
#4326 = AXIS2_PLACEMENT_3D ( 'NONE', #5577, #3417, #8519 ) ;
#4327 = ORIENTED_EDGE ( 'NONE', *, *, #3782, .T. ) ;
#4328 = AXIS2_PLACEMENT_3D ( 'NONE', #398, #5447, #8391 ) ;
#4329 = DIRECTION ( 'NONE',  ( 0.000000000000000000, 1.000000000000000000, -0.000000000000000000 ) ) ;
#4330 = CARTESIAN_POINT ( 'NONE',  ( 66.11448404094257114, 0.000000000000000000, 30.75914498161400701 ) ) ;
#4331 = CYLINDRICAL_SURFACE ( 'NONE', #7652, 5.000000000000000888 ) ;
#4332 = CARTESIAN_POINT ( 'NONE',  ( 24.50000000000000355, -5.000000000000000000, -37.09999999999990905 ) ) ;
#4333 = CONICAL_SURFACE ( 'NONE', #3091, 3.031095219467760948, 0.7853981633974501664 ) ;
#4334 = EDGE_CURVE ( 'NONE', #80, #7841, #1822, .T. ) ;
#4335 = EDGE_CURVE ( 'NONE', #2950, #8524, #6830, .T. ) ;
#4336 = CARTESIAN_POINT ( 'NONE',  ( 36.00000000000000711, -5.000000000000000000, -66.00000000000000000 ) ) ;
#4337 = ORIENTED_EDGE ( 'NONE', *, *, #8216, .T. ) ;
#4338 = DIRECTION ( 'NONE',  ( 0.000000000000000000, 0.000000000000000000, -1.000000000000000000 ) ) ;
#4339 = DIRECTION ( 'NONE',  ( 0.000000000000000000, -1.000000000000000000, 0.000000000000000000 ) ) ;
#4340 = ADVANCED_FACE ( 'NONE', ( #5435 ), #3945, .F. ) ;
#4341 = ADVANCED_FACE ( 'NONE', ( #1728 ), #8378, .F. ) ;
#4343 = CARTESIAN_POINT ( 'NONE',  ( -80.50963959241282453, -5.000000000000000000, 35.52742507837847086 ) ) ;
#4342 = B_SPLINE_CURVE_WITH_KNOTS ( 'NONE', 3,
 ( #9106, #3960, #7615, #5293, #6065, #6794, #9152, #7718, #4053, #6893, #5341, #1024, #1685, #2367, #4620, #3907 ),
 .UNSPECIFIED., .F., .F.,
 ( 4, 2, 2, 2, 2, 2, 2, 4 ),
 ( 8.673617379884035472E-19, 0.001604471195526974711, 0.002406706793290452201, 0.003208942391053929474, 0.003610060189935657485, 0.004011177988817385930, 0.004813413586580843687, 0.006417884782107776548 ),
 .UNSPECIFIED. ) ;
#4344 = CARTESIAN_POINT ( 'NONE',  ( 51.97234841721098775, -5.000000000000000000, 30.48757210636077275 ) ) ;
#4345 = ORIENTED_EDGE ( 'NONE', *, *, #8052, .F. ) ;
#4346 = CARTESIAN_POINT ( 'NONE',  ( -20.20000000000000639, -5.000000000000000000, 1.999999999999998224 ) ) ;
#4347 = ORIENTED_EDGE ( 'NONE', *, *, #5523, .F. ) ;
#4348 = ORIENTED_EDGE ( 'NONE', *, *, #7762, .T. ) ;
#4349 = EDGE_LOOP ( 'NONE', ( #2836, #584, #1475, #6952 ) ) ;
#4350 = ORIENTED_EDGE ( 'NONE', *, *, #9163, .F. ) ;
#4351 = CARTESIAN_POINT ( 'NONE',  ( 20.20000000000000639, -5.000000000000000000, 1.999999999999998224 ) ) ;
#4352 = FACE_OUTER_BOUND ( 'NONE', #5269, .T. ) ;
#4353 = CARTESIAN_POINT ( 'NONE',  ( -45.16312671864703532, -3.499999999999944933, -42.30297844118579320 ) ) ;
#4354 = DIRECTION ( 'NONE',  ( 0.000000000000000000, 1.000000000000000000, -0.000000000000000000 ) ) ;
#4355 = ORIENTED_EDGE ( 'NONE', *, *, #6948, .T. ) ;
#4356 = CIRCLE ( 'NONE', #3909, 3.099999999999991651 ) ;
#4357 = CARTESIAN_POINT ( 'NONE',  ( 24.50000000000000355, -10.93969696196700170, -32.50000000000000000 ) ) ;
#4358 = DIRECTION ( 'NONE',  ( 0.000000000000000000, -1.000000000000000000, 0.000000000000000000 ) ) ;
#4359 = ORIENTED_EDGE ( 'NONE', *, *, #4774, .F. ) ;
#4360 = EDGE_LOOP ( 'NONE', ( #1957, #655, #4453, #4327 ) ) ;
#4361 = ORIENTED_EDGE ( 'NONE', *, *, #2162, .T. ) ;
#4362 = ORIENTED_EDGE ( 'NONE', *, *, #635, .F. ) ;
#4363 = FACE_OUTER_BOUND ( 'NONE', #3787, .T. ) ;
#4364 = CARTESIAN_POINT ( 'NONE',  ( -79.50000000000000000, -2.499999999999964029, -7.100000000000004974 ) ) ;
#4365 = DIRECTION ( 'NONE',  ( 0.000000000000000000, 0.000000000000000000, -1.000000000000000000 ) ) ;
#4366 = DIRECTION ( 'NONE',  ( 0.000000000000000000, 0.000000000000000000, -1.000000000000000000 ) ) ;
#4367 = DIRECTION ( 'NONE',  ( 0.000000000000000000, 0.000000000000000000, -1.000000000000000000 ) ) ;
#4368 = VECTOR ( 'NONE', #3341, 1000.000000000000114 ) ;
#4369 = DIRECTION ( 'NONE',  ( 0.000000000000000000, 1.000000000000000000, -0.000000000000000000 ) ) ;
#4370 = ORIENTED_EDGE ( 'NONE', *, *, #8164, .T. ) ;
#4371 = AXIS2_PLACEMENT_3D ( 'NONE', #6070, #9010, #1691 ) ;
#4372 = CARTESIAN_POINT ( 'NONE',  ( 42.00000000000000000, 0.000000000000000000, -51.27890335241848163 ) ) ;
#4373 = AXIS2_PLACEMENT_3D ( 'NONE', #2838, #4869, #7133 ) ;
#4374 = CARTESIAN_POINT ( 'NONE',  ( -38.49196988954994936, -1.750000000000000000, 76.34538790275401254 ) ) ;
#4375 = LINE ( 'NONE', #7314, #4735 ) ;
#4376 = CARTESIAN_POINT ( 'NONE',  ( 33.50000000000000000, -4.415830001827183438, -65.67750240202958878 ) ) ;
#4377 = EDGE_CURVE ( 'NONE', #3466, #8300, #2304, .T. ) ;
#4378 = DIRECTION ( 'NONE',  ( 0.000000000000000000, 1.000000000000000000, -0.000000000000000000 ) ) ;
#4379 = VECTOR ( 'NONE', #6573, 1000.000000000000000 ) ;
#4380 = AXIS2_PLACEMENT_3D ( 'NONE', #9312, #8593, #5656 ) ;
#4381 = ORIENTED_EDGE ( 'NONE', *, *, #6008, .T. ) ;
#4382 = ADVANCED_FACE ( 'NONE', ( #3128 ), #3792, .F. ) ;
#4383 = CARTESIAN_POINT ( 'NONE',  ( -15.00000000000000178, 0.000000000000000000, 13.00000000000000178 ) ) ;
#4384 = AXIS2_PLACEMENT_3D ( 'NONE', #4134, #4093, #6206 ) ;
#4385 = DIRECTION ( 'NONE',  ( 0.000000000000000000, 0.000000000000000000, -1.000000000000000000 ) ) ;
#4386 = AXIS2_PLACEMENT_3D ( 'NONE', #5505, #8299, #2475 ) ;
#4387 = LINE ( 'NONE', #1353, #6283 ) ;
#4388 = EDGE_CURVE ( 'NONE', #3817, #1172, #1992, .T. ) ;
#4389 = CARTESIAN_POINT ( 'NONE',  ( -24.50000000000000355, -10.93969696196700170, -32.50000000000000000 ) ) ;
#4390 = EDGE_CURVE ( 'NONE', #1783, #7689, #7497, .T. ) ;
#4391 = ORIENTED_EDGE ( 'NONE', *, *, #6805, .F. ) ;
#4392 = ADVANCED_FACE ( 'NONE', ( #4717 ), #1220, .F. ) ;
#4393 = PLANE ( 'NONE',  #3218 ) ;
#4394 = ORIENTED_EDGE ( 'NONE', *, *, #5027, .T. ) ;
#4395 = ORIENTED_EDGE ( 'NONE', *, *, #8036, .F. ) ;
#4396 = ORIENTED_EDGE ( 'NONE', *, *, #4963, .F. ) ;
#4397 = ORIENTED_EDGE ( 'NONE', *, *, #1752, .T. ) ;
#4398 = EDGE_CURVE ( 'NONE', #5161, #530, #2452, .T. ) ;
#4399 = FILL_AREA_STYLE ('',( #8062 ) ) ;
#4400 = CARTESIAN_POINT ( 'NONE',  ( -59.04341622907632825, -5.000000000000000000, 30.75914498161555599 ) ) ;
#4401 = AXIS2_PLACEMENT_3D ( 'NONE', #1844, #2666, #1209 ) ;
#4402 = DIRECTION ( 'NONE',  ( -0.000000000000000000, -1.000000000000000000, -0.000000000000000000 ) ) ;
#4403 = LINE ( 'NONE', #2144, #3845 ) ;
#4404 = ORIENTED_EDGE ( 'NONE', *, *, #532, .F. ) ;
#4405 = DIRECTION ( 'NONE',  ( 0.000000000000000000, -1.000000000000000000, 0.000000000000000000 ) ) ;
#4406 = FACE_OUTER_BOUND ( 'NONE', #406, .T. ) ;
#4407 = ORIENTED_EDGE ( 'NONE', *, *, #8699, .F. ) ;
#4408 = AXIS2_PLACEMENT_3D ( 'NONE', #8237, #6062, #146 ) ;
#4409 = ADVANCED_FACE ( 'NONE', ( #3989 ), #9220, .F. ) ;
#4410 = ORIENTED_EDGE ( 'NONE', *, *, #1754, .T. ) ;
#4411 = VERTEX_POINT ( 'NONE', #2355 ) ;
#4412 = ORIENTED_EDGE ( 'NONE', *, *, #4054, .T. ) ;
#4413 = DIRECTION ( 'NONE',  ( -0.000000000000000000, 1.000000000000000000, -0.000000000000000000 ) ) ;
#4414 = FACE_OUTER_BOUND ( 'NONE', #8479, .T. ) ;
#4415 = CARTESIAN_POINT ( 'NONE',  ( 45.84000822534345332, -5.000000000000000000, -56.70929064889151050 ) ) ;
#4416 = CARTESIAN_POINT ( 'NONE',  ( -21.00000000000000355, 0.000000000000000000, -21.00000000000000000 ) ) ;
#4417 = CARTESIAN_POINT ( 'NONE',  ( 79.50000000000000000, -10.93969696196701413, -7.100000000000005862 ) ) ;
#4418 = CARTESIAN_POINT ( 'NONE',  ( 24.25000000000000711, -3.500000000000003997, -53.75000000000000000 ) ) ;
#4419 = EDGE_LOOP ( 'NONE', ( #3340, #7931, #7559, #3280 ) ) ;
#4420 = ADVANCED_FACE ( 'NONE', ( #3276 ), #8751, .F. ) ;
#4421 = DIRECTION ( 'NONE',  ( -0.7071067811865574537, -0.000000000000000000, -0.7071067811865376918 ) ) ;
#4422 = DIRECTION ( 'NONE',  ( -0.000000000000000000, 1.000000000000000000, -0.000000000000000000 ) ) ;
#4423 = CARTESIAN_POINT ( 'NONE',  ( -20.20000000000000639, -5.000000000000000000, -1.031095219467762725 ) ) ;
#4424 = CARTESIAN_POINT ( 'NONE',  ( 33.50000000000000711, -4.834090082931798094, -67.55244530942549375 ) ) ;
#4425 = FACE_OUTER_BOUND ( 'NONE', #2719, .T. ) ;
#4426 = AXIS2_PLACEMENT_3D ( 'NONE', #590, #723, #2840 ) ;
#4427 = LINE ( 'NONE', #7362, #5446 ) ;
#4428 = EDGE_LOOP ( 'NONE', ( #6281, #9099, #3934, #6190 ) ) ;
#4429 = CARTESIAN_POINT ( 'NONE',  ( 71.59191197084602720, -5.000000000000000000, -13.85092561378600706 ) ) ;
#4430 = DIRECTION ( 'NONE',  ( 0.000000000000000000, 1.000000000000000000, 0.000000000000000000 ) ) ;
#4431 = AXIS2_PLACEMENT_3D ( 'NONE', #5183, #7991, #4516 ) ;
#4432 = DIRECTION ( 'NONE',  ( 0.000000000000000000, 0.000000000000000000, 1.000000000000000000 ) ) ;
#4433 = CARTESIAN_POINT ( 'NONE',  ( 44.67759642328852721, 0.000000000000000000, 3.487460084037908192 ) ) ;
#4434 = ORIENTED_EDGE ( 'NONE', *, *, #2077, .F. ) ;
#4435 = VECTOR ( 'NONE', #642, 1000.000000000000000 ) ;
#4436 = CARTESIAN_POINT ( 'NONE',  ( -51.97234841721098775, -3.499999999999972911, 33.58757210636076707 ) ) ;
#4437 = AXIS2_PLACEMENT_3D ( 'NONE', #3894, #3219, #138 ) ;
#4438 = ORIENTED_EDGE ( 'NONE', *, *, #2240, .T. ) ;
#4439 = ORIENTED_EDGE ( 'NONE', *, *, #3490, .T. ) ;
#4440 = VERTEX_POINT ( 'NONE', #2550 ) ;
#4441 = ORIENTED_EDGE ( 'NONE', *, *, #4101, .F. ) ;
#4442 = DIRECTION ( 'NONE',  ( 0.000000000000000000, 1.000000000000000000, -0.000000000000000000 ) ) ;
#4443 = LINE ( 'NONE', #6608, #7013 ) ;
#4444 = EDGE_CURVE ( 'NONE', #6477, #8058, #2150, .T. ) ;
#4445 = CARTESIAN_POINT ( 'NONE',  ( -21.00000000000000355, -3.932348756011613933, -31.95892217651545408 ) ) ;
#4446 = EDGE_CURVE ( 'NONE', #6423, #7440, #924, .T. ) ;
#4447 = EDGE_CURVE ( 'NONE', #1476, #8647, #5054, .T. ) ;
#4448 = LINE ( 'NONE', #9494, #7696 ) ;
#4449 = CIRCLE ( 'NONE', #7528, 85.49999999999998579 ) ;
#4450 = ORIENTED_EDGE ( 'NONE', *, *, #8591, .T. ) ;
#4451 = DIRECTION ( 'NONE',  ( 0.000000000000000000, 0.000000000000000000, -1.000000000000000000 ) ) ;
#4452 = CARTESIAN_POINT ( 'NONE',  ( 51.97234841721098775, -5.000000000000000000, 36.68757210636075428 ) ) ;
#4453 = ORIENTED_EDGE ( 'NONE', *, *, #1947, .F. ) ;
#4454 = CIRCLE ( 'NONE', #1089, 1.999999999999998224 ) ;
#4455 = ORIENTED_EDGE ( 'NONE', *, *, #8821, .F. ) ;
#4456 = ORIENTED_EDGE ( 'NONE', *, *, #9163, .T. ) ;
#4457 = EDGE_LOOP ( 'NONE', ( #2483, #6865, #7693, #3150 ) ) ;
#4458 = DIRECTION ( 'NONE',  ( -0.000000000000000000, 1.000000000000000000, -0.000000000000000000 ) ) ;
#4459 = CIRCLE ( 'NONE', #8764, 1.599999999999997202 ) ;
#4460 = DIRECTION ( 'NONE',  ( -0.000000000000000000, -1.000000000000000000, 0.000000000000000000 ) ) ;
#4461 = CARTESIAN_POINT ( 'NONE',  ( -62.67442126558891857, 0.000000000000000000, -14.75929021731400859 ) ) ;
#4462 = DIRECTION ( 'NONE',  ( 0.000000000000000000, 1.000000000000000000, 0.000000000000000000 ) ) ;
#4463 = EDGE_CURVE ( 'NONE', #5585, #3688, #7837, .T. ) ;
#4464 = ADVANCED_FACE ( 'NONE', ( #5712 ), #2596, .F. ) ;
#4465 = DIRECTION ( 'NONE',  ( 0.000000000000000000, -0.7071067811865453523, -0.7071067811865497932 ) ) ;
#4466 = CARTESIAN_POINT ( 'NONE',  ( -24.25000000000000711, -3.499999999999948486, -40.75000000000000000 ) ) ;
#4467 = ORIENTED_EDGE ( 'NONE', *, *, #9200, .T. ) ;
#4468 = DIRECTION ( 'NONE',  ( 0.000000000000000000, 1.000000000000000000, 0.000000000000000000 ) ) ;
#4469 = AXIS2_PLACEMENT_3D ( 'NONE', #5472, #8511, #3356 ) ;
#4470 = DIRECTION ( 'NONE',  ( 0.000000000000000000, 0.000000000000000000, -1.000000000000000000 ) ) ;
#4471 = CIRCLE ( 'NONE', #10, 1.600000000000004086 ) ;
#4472 = LINE ( 'NONE', #7413, #3933 ) ;
#4473 = DIRECTION ( 'NONE',  ( -0.000000000000000000, -1.000000000000000000, -0.000000000000000000 ) ) ;
#4474 = CARTESIAN_POINT ( 'NONE',  ( -24.20000000000000284, -5.000000000000000000, -60.00000000000000000 ) ) ;
#4475 = DIRECTION ( 'NONE',  ( 0.000000000000000000, -1.000000000000000000, 0.000000000000000000 ) ) ;
#4476 = AXIS2_PLACEMENT_3D ( 'NONE', #9374, #4950, #6982 ) ;
#4477 = EDGE_CURVE ( 'NONE', #3148, #2728, #7836, .T. ) ;
#4478 = DIRECTION ( 'NONE',  ( 0.000000000000000000, 0.000000000000000000, -1.000000000000000000 ) ) ;
#4479 = CIRCLE ( 'NONE', #5560, 3.099999999999991651 ) ;
#4480 = AXIS2_PLACEMENT_3D ( 'NONE', #6034, #7684, #6813 ) ;
#4481 = VERTEX_POINT ( 'NONE', #430 ) ;
#4482 = CARTESIAN_POINT ( 'NONE',  ( 20.20000000000000639, -3.499999999999962252, 1.999999999999998224 ) ) ;
#4483 = LINE ( 'NONE', #7421, #8897 ) ;
#4484 = CIRCLE ( 'NONE', #1403, 2.500000000000002220 ) ;
#4485 = DIRECTION ( 'NONE',  ( 8.659560562354898346E-17, -0.7071067811865503483, 0.7071067811865446862 ) ) ;
#4486 = ADVANCED_FACE ( 'NONE', ( #5667 ), #3671, .F. ) ;
#4487 = AXIS2_PLACEMENT_3D ( 'NONE', #7307, #720, #8805 ) ;
#4488 = DIRECTION ( 'NONE',  ( 0.000000000000000000, 1.000000000000000000, -0.000000000000000000 ) ) ;
#4489 = DIRECTION ( 'NONE',  ( -0.000000000000000000, 1.000000000000000000, -0.000000000000000000 ) ) ;
#4490 = EDGE_LOOP ( 'NONE', ( #6695, #5946, #6958, #966 ) ) ;
#4491 = CYLINDRICAL_SURFACE ( 'NONE', #3225, 5.000000000000000888 ) ;
#4492 = ORIENTED_EDGE ( 'NONE', *, *, #8288, .T. ) ;
#4493 = DIRECTION ( 'NONE',  ( 0.000000000000000000, -1.000000000000000000, 0.000000000000000000 ) ) ;
#4494 = ORIENTED_EDGE ( 'NONE', *, *, #9298, .T. ) ;
#4495 = ORIENTED_EDGE ( 'NONE', *, *, #2774, .F. ) ;
#4496 = CARTESIAN_POINT ( 'NONE',  ( -24.25000000000000711, -3.500000000000003997, -53.75000000000000000 ) ) ;
#4497 = DIRECTION ( 'NONE',  ( 0.000000000000000000, -1.000000000000000000, 0.000000000000000000 ) ) ;
#4498 = DIRECTION ( 'NONE',  ( 0.000000000000000000, 0.000000000000000000, -1.000000000000000000 ) ) ;
#4499 = LINE ( 'NONE', #2290, #464 ) ;
#4500 = VERTEX_POINT ( 'NONE', #4082 ) ;
#4501 = LINE ( 'NONE', #5363, #2955 ) ;
#4502 = DIRECTION ( 'NONE',  ( 0.000000000000000000, 0.000000000000000000, -1.000000000000000000 ) ) ;
#4503 = ORIENTED_EDGE ( 'NONE', *, *, #6889, .F. ) ;
#4504 = EDGE_CURVE ( 'NONE', #9144, #2728, #152, .T. ) ;
#4505 = VERTEX_POINT ( 'NONE', #7157 ) ;
#4506 = VERTEX_POINT ( 'NONE', #9278 ) ;
#4507 = ORIENTED_EDGE ( 'NONE', *, *, #9115, .F. ) ;
#4508 = CARTESIAN_POINT ( 'NONE',  ( -24.20000000000000284, -9.242640687119289211, -60.00000000000000000 ) ) ;
#4509 = CARTESIAN_POINT ( 'NONE',  ( 20.20000000000000284, 0.000000000000000000, -18.00000000000000355 ) ) ;
#4510 = DIRECTION ( 'NONE',  ( 0.000000000000000000, -1.000000000000000000, 0.000000000000000000 ) ) ;
#4511 = CARTESIAN_POINT ( 'NONE',  ( -17.11198410471442699, -9.525483399593907663, 25.78305191657943851 ) ) ;
#4512 = VECTOR ( 'NONE', #6940, 1000.000000000000000 ) ;
#4513 = CARTESIAN_POINT ( 'NONE',  ( 33.26989437906256342, 0.000000000000000000, -1.324434976139800213 ) ) ;
#4514 = ORIENTED_EDGE ( 'NONE', *, *, #9385, .F. ) ;
#4515 = FACE_OUTER_BOUND ( 'NONE', #5535, .T. ) ;
#4516 = DIRECTION ( 'NONE',  ( 0.000000000000000000, 0.000000000000000000, 1.000000000000000000 ) ) ;
#4517 = EDGE_CURVE ( 'NONE', #1676, #5682, #4174, .T. ) ;
#4518 = EDGE_CURVE ( 'NONE', #389, #957, #2760, .T. ) ;
#4519 = EDGE_CURVE ( 'NONE', #1004, #4744, #8605, .T. ) ;
#4520 = DIRECTION ( 'NONE',  ( 0.000000000000000000, 1.000000000000000000, 0.000000000000000000 ) ) ;
#4521 = DIRECTION ( 'NONE',  ( 4.869399230812090436E-16, 0.000000000000000000, 1.000000000000000000 ) ) ;
#4522 = LINE ( 'NONE', #8810, #6323 ) ;
#4523 = EDGE_CURVE ( 'NONE', #7812, #2902, #3415, .T. ) ;
#4524 = FACE_OUTER_BOUND ( 'NONE', #3387, .T. ) ;
#4525 = CARTESIAN_POINT ( 'NONE',  ( 45.16312671864703532, -5.000000000000000000, -42.30297844118579320 ) ) ;
#4526 = VECTOR ( 'NONE', #3165, 1000.000000000000000 ) ;
#4527 = VERTEX_POINT ( 'NONE', #1191 ) ;
#4528 = VECTOR ( 'NONE', #5398, 1000.000000000000000 ) ;
#4529 = CARTESIAN_POINT ( 'NONE',  ( 24.18305191657981013, -3.500000000000018652, 17.11198410471387277 ) ) ;
#4530 = EDGE_CURVE ( 'NONE', #279, #6482, #9366, .T. ) ;
#4531 = DIRECTION ( 'NONE',  ( 0.000000000000000000, -0.7071067811865422437, -0.7071067811865527908 ) ) ;
#4532 = DIRECTION ( 'NONE',  ( -0.000000000000000000, 1.000000000000000000, -0.000000000000000000 ) ) ;
#4533 = DIRECTION ( 'NONE',  ( 0.000000000000000000, 0.000000000000000000, 1.000000000000000000 ) ) ;
#4534 = CARTESIAN_POINT ( 'NONE',  ( 62.67442126558891857, -5.000000000000000000, -16.25929021731405300 ) ) ;
#4535 = ORIENTED_EDGE ( 'NONE', *, *, #5149, .T. ) ;
#4536 = AXIS2_PLACEMENT_3D ( 'NONE', #5187, #4473, #8339 ) ;
#4537 = EDGE_CURVE ( 'NONE', #1753, #9128, #3459, .T. ) ;
#4538 = CIRCLE ( 'NONE', #4386, 1.600000000000002531 ) ;
#4539 = DIRECTION ( 'NONE',  ( 0.000000000000000000, -1.000000000000000000, 0.000000000000000000 ) ) ;
#4540 = ORIENTED_EDGE ( 'NONE', *, *, #9314, .F. ) ;
#4541 = CARTESIAN_POINT ( 'NONE',  ( 42.96326182188430920, -3.000000000000000000, 4.517536233858021610 ) ) ;
#4542 = CIRCLE ( 'NONE', #4707, 5.000000000000000888 ) ;
#4543 = ORIENTED_EDGE ( 'NONE', *, *, #2826, .T. ) ;
#4544 = FACE_OUTER_BOUND ( 'NONE', #8314, .T. ) ;
#4545 = FACE_OUTER_BOUND ( 'NONE', #4056, .T. ) ;
#4546 = VECTOR ( 'NONE', #6662, 1000.000000000000000 ) ;
#4547 = AXIS2_PLACEMENT_3D ( 'NONE', #331, #4555, #7493 ) ;
#4548 = CARTESIAN_POINT ( 'NONE',  ( 0.000000000000000000, -3.500000000000000000, 0.000000000000000000 ) ) ;
#4549 = DIRECTION ( 'NONE',  ( 0.000000000000000000, 1.000000000000000000, -0.000000000000000000 ) ) ;
#4550 = LINE ( 'NONE', #5315, #4160 ) ;
#4551 = ORIENTED_EDGE ( 'NONE', *, *, #4011, .F. ) ;
#4552 = ORIENTED_EDGE ( 'NONE', *, *, #8360, .F. ) ;
#4553 = ORIENTED_EDGE ( 'NONE', *, *, #4700, .T. ) ;
#4554 = VERTEX_POINT ( 'NONE', #9322 ) ;
#4555 = DIRECTION ( 'NONE',  ( 0.000000000000000000, 1.000000000000000000, -0.000000000000000000 ) ) ;
#4556 = LINE ( 'NONE', #9032, #8692 ) ;
#4557 = CARTESIAN_POINT ( 'NONE',  ( 44.65177711618091649, -3.000000000000000000, -37.32919501364717974 ) ) ;
#4558 = LINE ( 'NONE', #1526, #8766 ) ;
#4559 = CARTESIAN_POINT ( 'NONE',  ( 53.90618355564457431, -4.900167633572537262, 35.89637765504674860 ) ) ;
#4561 = ORIENTED_EDGE ( 'NONE', *, *, #2076, .T. ) ;
#4560 = AXIS2_PLACEMENT_3D ( 'NONE', #3650, #5947, #5031 ) ;
#4562 = CARTESIAN_POINT ( 'NONE',  ( -24.20000000000000639, -3.499999999999964917, -25.50000000000000355 ) ) ;
#4563 = EDGE_LOOP ( 'NONE', ( #4507, #8508, #3227, #82 ) ) ;
#4564 = DIRECTION ( 'NONE',  ( 0.000000000000000000, 0.000000000000000000, -1.000000000000000000 ) ) ;
#4565 = ORIENTED_EDGE ( 'NONE', *, *, #7324, .T. ) ;
#4566 = CARTESIAN_POINT ( 'NONE',  ( 36.00000000000000711, -5.000000000000000000, -66.00000000000000000 ) ) ;
#4567 = CARTESIAN_POINT ( 'NONE',  ( -5.499999999999998224, -10.00000000000000000, 15.90000000000000036 ) ) ;
#4568 = CARTESIAN_POINT ( 'NONE',  ( -44.99999999999998579, -2.500000000000000000, -48.27890335241848163 ) ) ;
#4569 = LINE ( 'NONE', #1022, #7536 ) ;
#4570 = CARTESIAN_POINT ( 'NONE',  ( -41.67480094162640825, -5.000000000000000000, -71.77890335241865216 ) ) ;
#4571 = CARTESIAN_POINT ( 'NONE',  ( -24.25000000000000711, 0.000000000000000000, -52.14999999999999858 ) ) ;
#4572 = EDGE_CURVE ( 'NONE', #1347, #8660, #1366, .T. ) ;
#4573 = EDGE_CURVE ( 'NONE', #9026, #2160, #2778, .T. ) ;
#4574 = EDGE_CURVE ( 'NONE', #2236, #267, #5622, .T. ) ;
#4575 = EDGE_LOOP ( 'NONE', ( #7736, #6371, #3001, #7286 ) ) ;
#4576 = ADVANCED_FACE ( 'NONE', ( #7019 ), #7698, .F. ) ;
#4577 = CARTESIAN_POINT ( 'NONE',  ( 16.99999999999999645, 0.000000000000000000, -21.00000000000000000 ) ) ;
#4578 = DIRECTION ( 'NONE',  ( 0.000000000000000000, 0.000000000000000000, -1.000000000000000000 ) ) ;
#4579 = DIRECTION ( 'NONE',  ( 0.000000000000000000, 1.000000000000000000, 0.000000000000000000 ) ) ;
#4580 = DIRECTION ( 'NONE',  ( 0.000000000000000000, 0.000000000000000000, -1.000000000000000000 ) ) ;
#4581 = ADVANCED_FACE ( 'NONE', ( #3321 ), #9231, .T. ) ;
#4582 = EDGE_CURVE ( 'NONE', #1499, #915, #1995, .T. ) ;
#4583 = VECTOR ( 'NONE', #8808, 1000.000000000000000 ) ;
#4584 = CARTESIAN_POINT ( 'NONE',  ( 39.00000000000000000, 0.000000000000000000, -48.27890335241848163 ) ) ;
#4585 = ORIENTED_EDGE ( 'NONE', *, *, #6754, .F. ) ;
#4586 = CARTESIAN_POINT ( 'NONE',  ( -67.30607546733556035, -5.000000000000000000, -11.27573523923519438 ) ) ;
#4587 = VERTEX_POINT ( 'NONE', #8518 ) ;
#4588 = CYLINDRICAL_SURFACE ( 'NONE', #8629, 1.600000000000002531 ) ;
#4589 = CIRCLE ( 'NONE', #452, 1.599999999999997202 ) ;
#4590 = ORIENTED_EDGE ( 'NONE', *, *, #4983, .T. ) ;
#4591 = DIRECTION ( 'NONE',  ( 0.000000000000000000, -0.7071067811865453523, -0.7071067811865497932 ) ) ;
#4592 = DIRECTION ( 'NONE',  ( -0.000000000000000000, 1.000000000000000000, -0.000000000000000000 ) ) ;
#4593 = CARTESIAN_POINT ( 'NONE',  ( -67.30607546733556035, -2.500000000000000000, -11.27573523923519438 ) ) ;
#4594 = DIRECTION ( 'NONE',  ( -0.000000000000000000, 1.000000000000000000, -0.000000000000000000 ) ) ;
#4595 = AXIS2_PLACEMENT_3D ( 'NONE', #7427, #6707, #6808 ) ;
#4596 = AXIS2_PLACEMENT_3D ( 'NONE', #6777, #862, #1057 ) ;
#4597 = DIRECTION ( 'NONE',  ( 0.000000000000000000, 1.000000000000000000, -0.000000000000000000 ) ) ;
#4598 = ORIENTED_EDGE ( 'NONE', *, *, #1178, .T. ) ;
#4599 = ORIENTED_EDGE ( 'NONE', *, *, #8095, .F. ) ;
#4600 = ORIENTED_EDGE ( 'NONE', *, *, #5040, .T. ) ;
#4601 = ORIENTED_EDGE ( 'NONE', *, *, #77, .T. ) ;
#4602 = FACE_OUTER_BOUND ( 'NONE', #3258, .T. ) ;
#4603 = DIRECTION ( 'NONE',  ( -0.000000000000000000, 1.000000000000000000, -0.000000000000000000 ) ) ;
#4604 = DIRECTION ( 'NONE',  ( 0.000000000000000000, 0.000000000000000000, 1.000000000000000000 ) ) ;
#4605 = AXIS2_PLACEMENT_3D ( 'NONE', #7292, #6476, #1508 ) ;
#4606 = DIRECTION ( 'NONE',  ( 0.000000000000000000, 0.000000000000000000, -1.000000000000000000 ) ) ;
#4607 = CARTESIAN_POINT ( 'NONE',  ( 5.500000000000001776, -3.499999999999945821, 17.50000000000000000 ) ) ;
#4608 = ORIENTED_EDGE ( 'NONE', *, *, #5040, .F. ) ;
#4609 = DIRECTION ( 'NONE',  ( 0.000000000000000000, -1.000000000000000000, 0.000000000000000000 ) ) ;
#4610 = VERTEX_POINT ( 'NONE', #4853 ) ;
#4611 = CONICAL_SURFACE ( 'NONE', #5825, 1.600000000000004086, 0.7853981633974557175 ) ;
#4612 = DIRECTION ( 'NONE',  ( 0.000000000000000000, 0.000000000000000000, -1.000000000000000000 ) ) ;
#4613 = ORIENTED_EDGE ( 'NONE', *, *, #2584, .T. ) ;
#4614 = ORIENTED_EDGE ( 'NONE', *, *, #7467, .F. ) ;
#4615 = CARTESIAN_POINT ( 'NONE',  ( -25.11316633020091160, -3.000000000000000000, -25.19001145094802752 ) ) ;
#4616 = CARTESIAN_POINT ( 'NONE',  ( 17.11198410471442699, -9.525483399593907663, 24.18305191657944064 ) ) ;
#4617 = FACE_OUTER_BOUND ( 'NONE', #3916, .T. ) ;
#4618 = DIRECTION ( 'NONE',  ( 0.000000000000000000, 0.000000000000000000, 1.000000000000000000 ) ) ;
#4619 = LINE ( 'NONE', #7565, #4795 ) ;
#4620 = CARTESIAN_POINT ( 'NONE',  ( 21.00000000000000711, -4.706143296465167936, -29.96788790763750399 ) ) ;
#4621 = AXIS2_PLACEMENT_3D ( 'NONE', #6487, #3027, #4365 ) ;
#4622 = CIRCLE ( 'NONE', #780, 4.149999999999997691 ) ;
#4623 = ORIENTED_EDGE ( 'NONE', *, *, #7922, .T. ) ;
#4624 = VECTOR ( 'NONE', #4124, 1000.000000000000000 ) ;
#4625 = CARTESIAN_POINT ( 'NONE',  ( -53.72280920693816597, -4.935363795444347446, 36.07975200375360458 ) ) ;
#4626 = DIRECTION ( 'NONE',  ( 1.000000000000000000, 0.000000000000000000, 0.000000000000000000 ) ) ;
#4627 = EDGE_CURVE ( 'NONE', #2968, #1411, #5987, .T. ) ;
#4628 = CYLINDRICAL_SURFACE ( 'NONE', #1404, 1.531095219467717872 ) ;
#4629 = EDGE_CURVE ( 'NONE', #5091, #2291, #5545, .T. ) ;
#4630 = DIRECTION ( 'NONE',  ( 0.000000000000000000, -0.7071067811865455743, -0.7071067811865495711 ) ) ;
#4631 = VECTOR ( 'NONE', #8364, 1000.000000000000000 ) ;
#4632 = EDGE_CURVE ( 'NONE', #1205, #83, #7074, .T. ) ;
#4633 = CIRCLE ( 'NONE', #6174, 1.599999999999997202 ) ;
#4634 = CIRCLE ( 'NONE', #4930, 1.531095219467717872 ) ;
#4635 = AXIS2_PLACEMENT_3D ( 'NONE', #1964, #4178, #7116 ) ;
#4636 = VECTOR ( 'NONE', #9196, 1000.000000000000000 ) ;
#4637 = CARTESIAN_POINT ( 'NONE',  ( -17.11198410471442699, 0.000000000000000000, 25.78305191657943851 ) ) ;
#4638 = VERTEX_POINT ( 'NONE', #6664 ) ;
#4639 = DIRECTION ( 'NONE',  ( 0.000000000000000000, -1.000000000000000000, 0.000000000000000000 ) ) ;
#4640 = EDGE_CURVE ( 'NONE', #6317, #5381, #2907, .T. ) ;
#4641 = VERTEX_POINT ( 'NONE', #5165 ) ;
#4642 = ADVANCED_FACE ( 'NONE', ( #1419 ), #8835, .F. ) ;
#4643 = EDGE_CURVE ( 'NONE', #5598, #9360, #7997, .T. ) ;
#4644 = CARTESIAN_POINT ( 'NONE',  ( -31.00000000000000355, -10.00000000000000000, -61.50000000000000000 ) ) ;
#4645 = ORIENTED_EDGE ( 'NONE', *, *, #112, .T. ) ;
#4646 = CARTESIAN_POINT ( 'NONE',  ( 79.50000000000000000, -1.500000000000000000, -5.000000000000000888 ) ) ;
#4647 = CARTESIAN_POINT ( 'NONE',  ( -20.20000000000000639, -9.330591249311714463, -19.50000000000000355 ) ) ;
#4648 = EDGE_CURVE ( 'NONE', #576, #651, #3637, .T. ) ;
#4649 = CARTESIAN_POINT ( 'NONE',  ( 31.00000000000000000, 0.000000000000000000, -59.00000000000000000 ) ) ;
#4650 = PLANE ( 'NONE',  #6219 ) ;
#4651 = CARTESIAN_POINT ( 'NONE',  ( 33.50000000000000000, 0.000000000000000000, -76.77890335241846742 ) ) ;
#4652 = ORIENTED_EDGE ( 'NONE', *, *, #2812, .F. ) ;
#4653 = CIRCLE ( 'NONE', #1739, 1.500000000000001332 ) ;
#4654 = AXIS2_PLACEMENT_3D ( 'NONE', #2611, #5726, #1299 ) ;
#4655 = ORIENTED_EDGE ( 'NONE', *, *, #3294, .T. ) ;
#4656 = EDGE_CURVE ( 'NONE', #6882, #3512, #5748, .T. ) ;
#4657 = VERTEX_POINT ( 'NONE', #704 ) ;
#4658 = EDGE_LOOP ( 'NONE', ( #6525, #3952, #516, #4806 ) ) ;
#4659 = LINE ( 'NONE', #7596, #4843 ) ;
#4660 = CARTESIAN_POINT ( 'NONE',  ( -45.16312671864703532, -9.525483399593916545, -42.30297844118579320 ) ) ;
#4661 = CARTESIAN_POINT ( 'NONE',  ( -45.16312671864703532, 0.000000000000000000, -42.30297844118579320 ) ) ;
#4662 = LINE ( 'NONE', #7599, #8005 ) ;
#4663 = CARTESIAN_POINT ( 'NONE',  ( 53.72268651583397059, -4.935407510525863906, 36.07987469485733811 ) ) ;
#4664 = ORIENTED_EDGE ( 'NONE', *, *, #2038, .F. ) ;
#4665 = DIRECTION ( 'NONE',  ( 0.000000000000000000, 0.000000000000000000, 1.000000000000000000 ) ) ;
#4666 = ORIENTED_EDGE ( 'NONE', *, *, #8657, .F. ) ;
#4667 = DIRECTION ( 'NONE',  ( 0.000000000000000000, 0.000000000000000000, 1.000000000000000000 ) ) ;
#4668 = ADVANCED_FACE ( 'NONE', ( #7384 ), #4147, .F. ) ;
#4669 = ORIENTED_EDGE ( 'NONE', *, *, #4688, .F. ) ;
#4670 = ORIENTED_EDGE ( 'NONE', *, *, #6821, .T. ) ;
#4671 = CARTESIAN_POINT ( 'NONE',  ( 39.00000000000000000, 0.000000000000000000, -51.27890335241848163 ) ) ;
#4672 = CARTESIAN_POINT ( 'NONE',  ( 24.25000000000000711, -3.499999999999948486, -39.15000000000000568 ) ) ;
#4673 = FACE_OUTER_BOUND ( 'NONE', #4868, .T. ) ;
#4674 = DIRECTION ( 'NONE',  ( -0.000000000000000000, 1.000000000000000000, -0.000000000000000000 ) ) ;
#4675 = CIRCLE ( 'NONE', #5880, 1.599999999999998090 ) ;
#4676 = DIRECTION ( 'NONE',  ( -0.000000000000000000, 1.000000000000000000, -0.000000000000000000 ) ) ;
#4677 = CARTESIAN_POINT ( 'NONE',  ( 0.000000000000000000, -3.500000000000000000, 0.000000000000000000 ) ) ;
#4678 = ORIENTED_EDGE ( 'NONE', *, *, #5983, .F. ) ;
#4679 = AXIS2_PLACEMENT_3D ( 'NONE', #2834, #1431, #5232 ) ;
#4680 = DIRECTION ( 'NONE',  ( 0.000000000000000000, 0.000000000000000000, -1.000000000000000000 ) ) ;
#4681 = LINE ( 'NONE', #7669, #4271 ) ;
#4682 = CARTESIAN_POINT ( 'NONE',  ( -20.00000000000000000, -3.499999999999954703, 73.39999999999999147 ) ) ;
#4683 = DIRECTION ( 'NONE',  ( 0.000000000000000000, -1.000000000000000000, 0.000000000000000000 ) ) ;
#4684 = ORIENTED_EDGE ( 'NONE', *, *, #8987, .T. ) ;
#4685 = AXIS2_PLACEMENT_3D ( 'NONE', #8169, #6666, #3928 ) ;
#4686 = CIRCLE ( 'NONE', #4982, 1.599999999999997202 ) ;
#4687 = EDGE_LOOP ( 'NONE', ( #8028, #5258, #3685, #6331 ) ) ;
#4688 = EDGE_CURVE ( 'NONE', #3734, #8524, #3393, .T. ) ;
#4689 = DIRECTION ( 'NONE',  ( -1.000000000000000000, 0.000000000000000000, 1.219480077240285625E-16 ) ) ;
#4690 = ORIENTED_EDGE ( 'NONE', *, *, #2951, .F. ) ;
#4691 = CARTESIAN_POINT ( 'NONE',  ( -28.50000000000000000, 0.000000000000000000, -61.50000000000000000 ) ) ;
#4692 = ORIENTED_EDGE ( 'NONE', *, *, #2352, .T. ) ;
#4693 = CARTESIAN_POINT ( 'NONE',  ( -24.18305191657981013, -9.525483399593907663, 17.11198410471387277 ) ) ;
#4694 = AXIS2_PLACEMENT_3D ( 'NONE', #6189, #6967, #8417 ) ;
#4695 = ORIENTED_EDGE ( 'NONE', *, *, #8601, .F. ) ;
#4696 = FACE_BOUND ( 'NONE', #3469, .T. ) ;
#4697 = CARTESIAN_POINT ( 'NONE',  ( -81.78614503438502936, -5.000000000000000000, -14.14307181677791547 ) ) ;
#4698 = LINE ( 'NONE', #5362, #5849 ) ;
#4699 = B_SPLINE_CURVE_WITH_KNOTS ( 'NONE', 3,
 ( #2486, #1711, #3880, #1044, #3156, #6084 ),
 .UNSPECIFIED., .F., .F.,
 ( 4, 2, 4 ),
 ( 0.000000000000000000, 0.0007853308434956154677, 0.001570661686991230935 ),
 .UNSPECIFIED. ) ;
#4700 = EDGE_CURVE ( 'NONE', #5981, #5934, #4448, .T. ) ;
#4702 = DIRECTION ( 'NONE',  ( 0.000000000000000000, 1.000000000000000000, 0.000000000000000000 ) ) ;
#4701 = CIRCLE ( 'NONE', #8078, 1.600000000000002531 ) ;
#4703 = EDGE_CURVE ( 'NONE', #8609, #2618, #4403, .T. ) ;
#4704 = VECTOR ( 'NONE', #2622, 1000.000000000000000 ) ;
#4705 = DIRECTION ( 'NONE',  ( 0.000000000000000000, 0.000000000000000000, -1.000000000000000000 ) ) ;
#4706 = ORIENTED_EDGE ( 'NONE', *, *, #3531, .F. ) ;
#4707 = AXIS2_PLACEMENT_3D ( 'NONE', #2183, #7145, #2131 ) ;
#4708 = EDGE_CURVE ( 'NONE', #5928, #5508, #5375, .T. ) ;
#4709 = ORIENTED_EDGE ( 'NONE', *, *, #7705, .F. ) ;
#4710 = ORIENTED_EDGE ( 'NONE', *, *, #1395, .F. ) ;
#4711 = ORIENTED_EDGE ( 'NONE', *, *, #2520, .T. ) ;
#4712 = CARTESIAN_POINT ( 'NONE',  ( 45.00000000000000000, -3.500000000000000000, -72.69972489631578583 ) ) ;
#4713 = CARTESIAN_POINT ( 'NONE',  ( 51.97234841721098775, -5.000000000000000000, 33.58757210636076707 ) ) ;
#4714 = AXIS2_PLACEMENT_3D ( 'NONE', #1746, #209, #6848 ) ;
#4715 = VECTOR ( 'NONE', #2223, 1000.000000000000000 ) ;
#4716 = PLANE ( 'NONE',  #9246 ) ;
#4717 = FACE_OUTER_BOUND ( 'NONE', #8409, .T. ) ;
#4718 = ORIENTED_EDGE ( 'NONE', *, *, #3871, .T. ) ;
#4719 = ADVANCED_FACE ( 'NONE', ( #609 ), #3017, .T. ) ;
#4720 = CARTESIAN_POINT ( 'NONE',  ( -24.20000000000000639, 0.000000000000000000, -24.00000000000000355 ) ) ;
#4721 = ORIENTED_EDGE ( 'NONE', *, *, #2366, .T. ) ;
#4722 = PLANE ( 'NONE',  #3988 ) ;
#4723 = ORIENTED_EDGE ( 'NONE', *, *, #4929, .F. ) ;
#4724 = VERTEX_POINT ( 'NONE', #8885 ) ;
#4725 = DIRECTION ( 'NONE',  ( 4.869399230812090436E-16, -0.000000000000000000, -1.000000000000000000 ) ) ;
#4726 = CARTESIAN_POINT ( 'NONE',  ( -28.11951362996199677, 0.000000000000000000, -8.296107983160915467 ) ) ;
#4727 = CARTESIAN_POINT ( 'NONE',  ( 33.50882138074331351, 0.000000000000000000, 75.93522825193480230 ) ) ;
#4728 = DIRECTION ( 'NONE',  ( -0.000000000000000000, 1.000000000000000000, -0.000000000000000000 ) ) ;
#4729 = LINE ( 'NONE', #2564, #8502 ) ;
#4730 = VECTOR ( 'NONE', #8029, 1000.000000000000000 ) ;
#4731 = DIRECTION ( 'NONE',  ( 0.000000000000000000, 1.000000000000000000, 0.000000000000000000 ) ) ;
#4732 = EDGE_CURVE ( 'NONE', #2019, #3797, #2310, .T. ) ;
#4733 = ORIENTED_EDGE ( 'NONE', *, *, #4081, .F. ) ;
#4734 = DIRECTION ( 'NONE',  ( 0.000000000000000000, -0.000000000000000000, -1.000000000000000000 ) ) ;
#4735 = VECTOR ( 'NONE', #2936, 1000.000000000000114 ) ;
#4736 = CARTESIAN_POINT ( 'NONE',  ( 0.000000000000000000, 0.000000000000000000, 0.000000000000000000 ) ) ;
#4737 = CARTESIAN_POINT ( 'NONE',  ( 41.67480094162660009, -3.500000000000000000, -71.77890335241865216 ) ) ;
#4738 = CARTESIAN_POINT ( 'NONE',  ( 80.50963959241369139, -5.000000000000000000, 35.52742507837648134 ) ) ;
#4739 = EDGE_LOOP ( 'NONE', ( #6267, #1154, #3794, #9157, #864, #7552 ) ) ;
#4740 = EDGE_LOOP ( 'NONE', ( #6244, #2280, #4836, #4746 ) ) ;
#4741 = CARTESIAN_POINT ( 'NONE',  ( 3.000000000000003997, -3.200000000000000178, 15.00000000000000000 ) ) ;
#4742 = EDGE_LOOP ( 'NONE', ( #4669, #8123 ) ) ;
#4743 = CARTESIAN_POINT ( 'NONE',  ( 50.88386053978221923, -5.000000000000000000, -65.57310985890512711 ) ) ;
#4744 = VERTEX_POINT ( 'NONE', #7925 ) ;
#4745 = DIRECTION ( 'NONE',  ( 0.000000000000000000, 0.000000000000000000, -1.000000000000000000 ) ) ;
#4746 = ORIENTED_EDGE ( 'NONE', *, *, #1561, .F. ) ;
#4747 = CARTESIAN_POINT ( 'NONE',  ( 15.00000000000000178, 0.000000000000000000, 12.99999999999999467 ) ) ;
#4748 = AXIS2_PLACEMENT_3D ( 'NONE', #7517, #7320, #9009 ) ;
#4749 = CARTESIAN_POINT ( 'NONE',  ( -24.18305191657981013, -3.499999999999976907, 18.71198410471387419 ) ) ;
#4750 = LINE ( 'NONE', #7688, #2078 ) ;
#4751 = ORIENTED_EDGE ( 'NONE', *, *, #8538, .F. ) ;
#4752 = AXIS2_PLACEMENT_3D ( 'NONE', #5253, #5872, #3042 ) ;
#4753 = ORIENTED_EDGE ( 'NONE', *, *, #3382, .F. ) ;
#4754 = EDGE_LOOP ( 'NONE', ( #8686, #7202, #3131, #3786 ) ) ;
#4755 = ORIENTED_EDGE ( 'NONE', *, *, #7690, .T. ) ;
#4756 = LINE ( 'NONE', #1099, #5609 ) ;
#4757 = ADVANCED_FACE ( 'NONE', ( #2820 ), #8614, .F. ) ;
#4758 = EDGE_CURVE ( 'NONE', #2648, #3819, #6595, .T. ) ;
#4759 = DIRECTION ( 'NONE',  ( 0.000000000000000000, 1.000000000000000000, -0.000000000000000000 ) ) ;
#4760 = EDGE_CURVE ( 'NONE', #8653, #9274, #659, .T. ) ;
#4761 = CARTESIAN_POINT ( 'NONE',  ( -41.55417172183311436, 0.000000000000000000, -54.13410027434100158 ) ) ;
#4762 = AXIS2_PLACEMENT_3D ( 'NONE', #734, #8644, #8595 ) ;
#4763 = CARTESIAN_POINT ( 'NONE',  ( 51.97234841721098775, -9.525483399593916545, 31.98757210636076564 ) ) ;
#4764 = CARTESIAN_POINT ( 'NONE',  ( -33.49999999999998579, -4.686711185517874689, -64.73625201608916768 ) ) ;
#4765 = FACE_OUTER_BOUND ( 'NONE', #3203, .T. ) ;
#4766 = ORIENTED_EDGE ( 'NONE', *, *, #3869, .F. ) ;
#4767 = CIRCLE ( 'NONE', #1356, 1.599999999999998090 ) ;
#4768 = ORIENTED_EDGE ( 'NONE', *, *, #6754, .T. ) ;
#4769 = ORIENTED_EDGE ( 'NONE', *, *, #1795, .T. ) ;
#4770 = DIRECTION ( 'NONE',  ( -0.000000000000000000, -1.000000000000000000, -0.000000000000000000 ) ) ;
#4771 = VECTOR ( 'NONE', #38, 1000.000000000000000 ) ;
#4772 = DIRECTION ( 'NONE',  ( 0.000000000000000000, 0.000000000000000000, 1.000000000000000000 ) ) ;
#4773 = CARTESIAN_POINT ( 'NONE',  ( -44.99999999999998579, -5.000000000000000000, -48.39927897128458767 ) ) ;
#4774 = EDGE_CURVE ( 'NONE', #6968, #2821, #2624, .T. ) ;
#4775 = CARTESIAN_POINT ( 'NONE',  ( 28.50000000000000000, 0.000000000000000000, -63.00000000000000000 ) ) ;
#4776 = EDGE_CURVE ( 'NONE', #1743, #990, #4499, .T. ) ;
#4777 = CARTESIAN_POINT ( 'NONE',  ( 75.93522825193564074, 0.000000000000000000, 33.50882138074144478 ) ) ;
#4778 = CARTESIAN_POINT ( 'NONE',  ( 25.67942337021199606, 0.000000000000000000, -24.24760147752104800 ) ) ;
#4779 = VERTEX_POINT ( 'NONE', #8166 ) ;
#4780 = CARTESIAN_POINT ( 'NONE',  ( 62.67810973803285179, 0.000000000000000000, -7.328339489073273150 ) ) ;
#4781 =( LENGTH_UNIT ( ) NAMED_UNIT ( * ) SI_UNIT ( .MILLI., .METRE. ) );
#4782 = FACE_OUTER_BOUND ( 'NONE', #9503, .T. ) ;
#4783 = CYLINDRICAL_SURFACE ( 'NONE', #6408, 4.999999999999997335 ) ;
#4784 = ORIENTED_EDGE ( 'NONE', *, *, #6402, .T. ) ;
#4785 = EDGE_CURVE ( 'NONE', #4168, #3737, #1068, .T. ) ;
#4786 = CIRCLE ( 'NONE', #625, 4.999999999999997335 ) ;
#4787 = VECTOR ( 'NONE', #1973, 1000.000000000000000 ) ;
#4788 = VECTOR ( 'NONE', #6819, 1000.000000000000000 ) ;
#4789 = VECTOR ( 'NONE', #7789, 1000.000000000000000 ) ;
#4790 = ORIENTED_EDGE ( 'NONE', *, *, #6449, .F. ) ;
#4791 = LINE ( 'NONE', #2421, #9006 ) ;
#4792 = EDGE_LOOP ( 'NONE', ( #575, #7391 ) ) ;
#4793 = AXIS2_PLACEMENT_3D ( 'NONE', #3504, #1462, #5834 ) ;
#4794 = FACE_OUTER_BOUND ( 'NONE', #1120, .T. ) ;
#4795 = VECTOR ( 'NONE', #3088, 999.9999999999998863 ) ;
#4796 = ORIENTED_EDGE ( 'NONE', *, *, #3838, .F. ) ;
#4797 = EDGE_CURVE ( 'NONE', #7840, #6711, #396, .T. ) ;
#4798 = PLANE ( 'NONE',  #5563 ) ;
#4799 = AXIS2_PLACEMENT_3D ( 'NONE', #3256, #7682, #5465 ) ;
#4800 = VERTEX_POINT ( 'NONE', #4775 ) ;
#4801 = AXIS2_PLACEMENT_3D ( 'NONE', #6340, #8607, #2010 ) ;
#4802 = CIRCLE ( 'NONE', #8775, 4.999999999999997335 ) ;
#4803 = VECTOR ( 'NONE', #3096, 1000.000000000000000 ) ;
#4804 = CARTESIAN_POINT ( 'NONE',  ( -33.50000000000000000, -5.000000000000000888, -76.77890335241846742 ) ) ;
#4805 = LINE ( 'NONE', #7740, #1010 ) ;
#4806 = ORIENTED_EDGE ( 'NONE', *, *, #4113, .T. ) ;
#4807 = VERTEX_POINT ( 'NONE', #3956 ) ;
#4808 = ORIENTED_EDGE ( 'NONE', *, *, #4530, .T. ) ;
#4809 = ORIENTED_EDGE ( 'NONE', *, *, #3707, .T. ) ;
#4810 = DIRECTION ( 'NONE',  ( -0.000000000000000000, 1.000000000000000000, -0.000000000000000000 ) ) ;
#4811 = VECTOR ( 'NONE', #350, 1000.000000000000114 ) ;
#4812 = DIRECTION ( 'NONE',  ( 0.000000000000000000, 1.000000000000000000, -0.000000000000000000 ) ) ;
#4813 = DIRECTION ( 'NONE',  ( 0.000000000000000000, 0.000000000000000000, 1.000000000000000000 ) ) ;
#4814 = CARTESIAN_POINT ( 'NONE',  ( -33.49999999999999289, -4.520412350850516070, -66.79821474836404605 ) ) ;
#4815 = ADVANCED_FACE ( 'NONE', ( #4004 ), #202, .F. ) ;
#4816 = DIRECTION ( 'NONE',  ( 0.000000000000000000, -1.000000000000000000, 0.000000000000000000 ) ) ;
#4817 = ORIENTED_EDGE ( 'NONE', *, *, #2470, .T. ) ;
#4818 = ORIENTED_EDGE ( 'NONE', *, *, #3140, .F. ) ;
#4819 = ORIENTED_EDGE ( 'NONE', *, *, #7118, .F. ) ;
#4820 = EDGE_LOOP ( 'NONE', ( #8208, #4551, #2188, #3179 ) ) ;
#4821 = LINE ( 'NONE', #4133, #4171 ) ;
#4822 = CARTESIAN_POINT ( 'NONE',  ( 21.00000000000000355, -5.000000000000004441, -21.00000000000000000 ) ) ;
#4823 = DIRECTION ( 'NONE',  ( 0.000000000000000000, 0.000000000000000000, -1.000000000000000000 ) ) ;
#4824 = LINE ( 'NONE', #1295, #3090 ) ;
#4825 = CYLINDRICAL_SURFACE ( 'NONE', #2801, 1.600000000000000755 ) ;
#4826 = CARTESIAN_POINT ( 'NONE',  ( 5.500000000000001776, 0.000000000000000000, 17.50000000000000000 ) ) ;
#4827 = ORIENTED_EDGE ( 'NONE', *, *, #863, .F. ) ;
#4828 = EDGE_CURVE ( 'NONE', #2336, #6895, #7221, .T. ) ;
#4829 = EDGE_CURVE ( 'NONE', #6151, #4481, #3681, .T. ) ;
#4830 = LINE ( 'NONE', #5546, #8060 ) ;
#4831 = EDGE_CURVE ( 'NONE', #2632, #5415, #4569, .T. ) ;
#4832 = DIRECTION ( 'NONE',  ( -0.000000000000000000, -1.000000000000000000, -0.000000000000000000 ) ) ;
#4833 = CARTESIAN_POINT ( 'NONE',  ( 33.50000000000000000, -5.000000000000000888, -64.16696972201768290 ) ) ;
#4834 = VERTEX_POINT ( 'NONE', #3285 ) ;
#4835 = CIRCLE ( 'NONE', #3742, 1.600000000000004086 ) ;
#4836 = ORIENTED_EDGE ( 'NONE', *, *, #1760, .T. ) ;
#4837 = EDGE_CURVE ( 'NONE', #4047, #1425, #4449, .T. ) ;
#4838 = DIRECTION ( 'NONE',  ( 0.000000000000000000, 0.000000000000000000, 1.000000000000000000 ) ) ;
#4839 = CARTESIAN_POINT ( 'NONE',  ( 35.52742507837845665, -5.000000000000000000, 80.50963959241281032 ) ) ;
#4840 = EDGE_LOOP ( 'NONE', ( #6906, #1555, #791, #4915 ) ) ;
#4841 = DIRECTION ( 'NONE',  ( 0.000000000000000000, -1.000000000000000000, 0.000000000000000000 ) ) ;
#4842 = DIRECTION ( 'NONE',  ( 8.659560562354998186E-17, -0.7071067811865422437, 0.7071067811865529018 ) ) ;
#4843 = VECTOR ( 'NONE', #8893, 1000.000000000000000 ) ;
#4844 = ADVANCED_FACE ( 'NONE', ( #6063 ), #7714, .F. ) ;
#4845 = DIRECTION ( 'NONE',  ( 0.000000000000000000, -1.000000000000000000, 0.000000000000000000 ) ) ;
#4846 = ORIENTED_EDGE ( 'NONE', *, *, #2753, .F. ) ;
#4847 = CIRCLE ( 'NONE', #1928, 3.100000000000047162 ) ;
#4848 = ORIENTED_EDGE ( 'NONE', *, *, #9234, .F. ) ;
#4849 = ORIENTED_EDGE ( 'NONE', *, *, #3759, .T. ) ;
#4850 = ORIENTED_EDGE ( 'NONE', *, *, #4632, .T. ) ;
#4851 = CARTESIAN_POINT ( 'NONE',  ( 72.39969434600294562, 0.000000000000000000, 37.04435528667422517 ) ) ;
#4852 = DIRECTION ( 'NONE',  ( -0.000000000000000000, 1.000000000000000000, -0.000000000000000000 ) ) ;
#4853 = CARTESIAN_POINT ( 'NONE',  ( 0.000000000000000000, 0.000000000000000000, 85.49999999999998579 ) ) ;
#4854 = DIRECTION ( 'NONE',  ( -0.000000000000000000, -1.000000000000000000, -0.000000000000000000 ) ) ;
#4855 = DIRECTION ( 'NONE',  ( -0.000000000000000000, 1.000000000000000000, -0.000000000000000000 ) ) ;
#4856 = VERTEX_POINT ( 'NONE', #1788 ) ;
#4857 = ORIENTED_EDGE ( 'NONE', *, *, #7654, .T. ) ;
#4858 = AXIS2_PLACEMENT_3D ( 'NONE', #8485, #2697, #1888 ) ;
#4859 = CIRCLE ( 'NONE', #7926, 4.149999999999997691 ) ;
#4860 = EDGE_LOOP ( 'NONE', ( #8937, #5220, #968, #6044 ) ) ;
#4861 = VERTEX_POINT ( 'NONE', #6841 ) ;
#4862 = CARTESIAN_POINT ( 'NONE',  ( -64.73088509278532854, 0.000000000000000000, -15.56157174274577493 ) ) ;
#4863 = DIRECTION ( 'NONE',  ( 0.000000000000000000, 0.000000000000000000, -1.000000000000000000 ) ) ;
#4864 = DIRECTION ( 'NONE',  ( 0.000000000000000000, -1.000000000000000000, 0.000000000000000000 ) ) ;
#4865 = DIRECTION ( 'NONE',  ( 0.000000000000000000, 0.000000000000000000, 1.000000000000000000 ) ) ;
#4866 = DIRECTION ( 'NONE',  ( 0.000000000000000000, 0.000000000000000000, 1.000000000000000000 ) ) ;
#4867 = CARTESIAN_POINT ( 'NONE',  ( -45.84000822534369490, 0.000000000000000000, -56.70929064889124760 ) ) ;
#4868 = EDGE_LOOP ( 'NONE', ( #8073, #6511, #3931, #7853 ) ) ;
#4869 = DIRECTION ( 'NONE',  ( 0.000000000000000000, 1.000000000000000000, -0.000000000000000000 ) ) ;
#4870 = CARTESIAN_POINT ( 'NONE',  ( 24.25000000000000711, -3.500000000000003997, -55.34999999999999432 ) ) ;
#4871 = DIRECTION ( 'NONE',  ( 0.000000000000000000, 0.000000000000000000, -1.000000000000000000 ) ) ;
#4872 = ORIENTED_EDGE ( 'NONE', *, *, #1987, .F. ) ;
#4873 = EDGE_CURVE ( 'NONE', #6523, #6755, #1633, .T. ) ;
#4874 = ADVANCED_FACE ( 'NONE', ( #3905 ), #4051, .F. ) ;
#4875 = EDGE_CURVE ( 'NONE', #1919, #5012, #6208, .T. ) ;
#4876 = ORIENTED_EDGE ( 'NONE', *, *, #2998, .F. ) ;
#4877 = EDGE_CURVE ( 'NONE', #7045, #5713, #2513, .T. ) ;
#4878 = DIRECTION ( 'NONE',  ( -0.000000000000000000, 1.000000000000000000, -0.000000000000000000 ) ) ;
#4879 = DIRECTION ( 'NONE',  ( 8.659560562354959975E-17, -0.7071067811865453523, 0.7071067811865497932 ) ) ;
#4880 = ORIENTED_EDGE ( 'NONE', *, *, #5459, .F. ) ;
#4881 = EDGE_CURVE ( 'NONE', #1241, #2401, #8437, .T. ) ;
#4882 = FACE_OUTER_BOUND ( 'NONE', #4419, .T. ) ;
#4883 = LINE ( 'NONE', #2676, #334 ) ;
#4884 = EDGE_LOOP ( 'NONE', ( #4345, #278, #1330, #8806 ) ) ;
#4885 = FACE_BOUND ( 'NONE', #9036, .T. ) ;
#4886 = ORIENTED_EDGE ( 'NONE', *, *, #520, .F. ) ;
#4887 = VERTEX_POINT ( 'NONE', #5339 ) ;
#4888 = VERTEX_POINT ( 'NONE', #3185 ) ;
#4889 = VERTEX_POINT ( 'NONE', #6159 ) ;
#4890 = FACE_BOUND ( 'NONE', #3723, .T. ) ;
#4891 = EDGE_CURVE ( 'NONE', #8840, #3611, #1532, .T. ) ;
#4892 = DIRECTION ( 'NONE',  ( 8.659560562354995721E-17, -0.7071067811865422437, 0.7071067811865526798 ) ) ;
#4893 = DIRECTION ( 'NONE',  ( 0.000000000000000000, -1.000000000000000000, 0.000000000000000000 ) ) ;
#4894 = DIRECTION ( 'NONE',  ( 0.000000000000000000, 0.000000000000000000, 1.000000000000000000 ) ) ;
#4895 = PRODUCT_DEFINITION_FORMATION_WITH_SPECIFIED_SOURCE ( 'ANY', '', #7477, .NOT_KNOWN. ) ;
#4896 = CARTESIAN_POINT ( 'NONE',  ( -62.67442126558891857, -9.525483399593916545, -13.15929021731400361 ) ) ;
#4897 = ORIENTED_EDGE ( 'NONE', *, *, #6215, .T. ) ;
#4898 = ORIENTED_EDGE ( 'NONE', *, *, #1256, .T. ) ;
#4899 = ORIENTED_EDGE ( 'NONE', *, *, #994, .F. ) ;
#4900 = ORIENTED_EDGE ( 'NONE', *, *, #7820, .T. ) ;
#4901 = DIRECTION ( 'NONE',  ( -0.000000000000000000, -1.000000000000000000, -0.000000000000000000 ) ) ;
#4902 = CARTESIAN_POINT ( 'NONE',  ( -21.00000000000000711, -5.000000000000004441, -76.77890335241860953 ) ) ;
#4903 = DIRECTION ( 'NONE',  ( -0.000000000000000000, -1.000000000000000000, 0.000000000000000000 ) ) ;
#4904 = DIRECTION ( 'NONE',  ( -0.000000000000000000, -1.000000000000000000, -0.000000000000000000 ) ) ;
#4905 = CYLINDRICAL_SURFACE ( 'NONE', #1537, 1.599999999999997202 ) ;
#4906 = DIRECTION ( 'NONE',  ( -0.000000000000000000, 1.000000000000000000, -0.000000000000000000 ) ) ;
#4907 = ORIENTED_EDGE ( 'NONE', *, *, #1947, .T. ) ;
#4908 = AXIS2_PLACEMENT_3D ( 'NONE', #7865, #8769, #5052 ) ;
#4909 = VECTOR ( 'NONE', #2878, 1000.000000000000000 ) ;
#4910 = CARTESIAN_POINT ( 'NONE',  ( 51.97234841721098775, 0.000000000000000000, 31.98757210636076564 ) ) ;
#4911 = DIRECTION ( 'NONE',  ( 0.000000000000000000, 0.000000000000000000, -1.000000000000000000 ) ) ;
#4912 = DIRECTION ( 'NONE',  ( 0.000000000000000000, 1.000000000000000000, -0.000000000000000000 ) ) ;
#4913 = EDGE_CURVE ( 'NONE', #603, #8317, #2364, .T. ) ;
#4914 = AXIS2_PLACEMENT_3D ( 'NONE', #4125, #6248, #9185 ) ;
#4915 = ORIENTED_EDGE ( 'NONE', *, *, #6088, .F. ) ;
#4916 = CIRCLE ( 'NONE', #9233, 85.49999999999998579 ) ;
#4917 = EDGE_CURVE ( 'NONE', #6297, #1743, #4009, .T. ) ;
#4918 = CARTESIAN_POINT ( 'NONE',  ( 5.000000000000003553, 0.000000000000000000, 13.00000000000000000 ) ) ;
#4919 = CARTESIAN_POINT ( 'NONE',  ( 44.18533111883305509, -3.500000000000000000, -76.10293367485348881 ) ) ;
#4920 = AXIS2_PLACEMENT_3D ( 'NONE', #1201, #4904, #9334 ) ;
#4921 = EDGE_LOOP ( 'NONE', ( #4766, #2035, #3248, #8026 ) ) ;
#4922 = CIRCLE ( 'NONE', #6160, 3.100000000000047162 ) ;
#4923 = CARTESIAN_POINT ( 'NONE',  ( -51.97234841721098775, -9.525483399593916545, 35.18757210636076138 ) ) ;
#4924 = VECTOR ( 'NONE', #8279, 1000.000000000000000 ) ;
#4925 = CIRCLE ( 'NONE', #2929, 1.599999999999998090 ) ;
#4926 = EDGE_CURVE ( 'NONE', #8843, #3210, #6791, .T. ) ;
#4927 = CARTESIAN_POINT ( 'NONE',  ( 41.67480094162660720, -5.000000000000000000, -76.77890335241866637 ) ) ;
#4928 = ORIENTED_EDGE ( 'NONE', *, *, #2211, .F. ) ;
#4929 = EDGE_CURVE ( 'NONE', #2682, #697, #7230, .T. ) ;
#4930 = AXIS2_PLACEMENT_3D ( 'NONE', #5980, #8923, #5357 ) ;
#4931 = LINE ( 'NONE', #4586, #1990 ) ;
#4932 = ORIENTED_EDGE ( 'NONE', *, *, #2913, .T. ) ;
#4933 = VERTEX_POINT ( 'NONE', #2743 ) ;
#4934 = ORIENTED_EDGE ( 'NONE', *, *, #4976, .T. ) ;
#4935 = ORIENTED_EDGE ( 'NONE', *, *, #7522, .T. ) ;
#4936 = EDGE_CURVE ( 'NONE', #6837, #1483, #4824, .T. ) ;
#4937 = FACE_BOUND ( 'NONE', #8881, .T. ) ;
#4938 = AXIS2_PLACEMENT_3D ( 'NONE', #5537, #4770, #1293 ) ;
#4939 = CIRCLE ( 'NONE', #6953, 3.000000000000002665 ) ;
#4940 = CARTESIAN_POINT ( 'NONE',  ( -33.50000000000000000, -23.60398284226499754, -76.77890335241846742 ) ) ;
#4941 = CARTESIAN_POINT ( 'NONE',  ( 45.16312671864703532, -5.000000000000000000, -42.30297844118579320 ) ) ;
#4942 = ORIENTED_EDGE ( 'NONE', *, *, #9418, .F. ) ;
#4943 = CARTESIAN_POINT ( 'NONE',  ( 79.50000000000000000, -5.000000000000000000, -5.000000000000000888 ) ) ;
#4944 = LINE ( 'NONE', #662, #6457 ) ;
#4945 = EDGE_LOOP ( 'NONE', ( #5109, #8122 ) ) ;
#4946 = AXIS2_PLACEMENT_3D ( 'NONE', #3176, #4468, #5182 ) ;
#4947 = ORIENTED_EDGE ( 'NONE', *, *, #8049, .T. ) ;
#4948 = ORIENTED_EDGE ( 'NONE', *, *, #2933, .T. ) ;
#4949 = ORIENTED_EDGE ( 'NONE', *, *, #6489, .F. ) ;
#4950 = DIRECTION ( 'NONE',  ( 0.000000000000000000, 1.000000000000000000, -0.000000000000000000 ) ) ;
#4951 = DIRECTION ( 'NONE',  ( 0.000000000000000000, 0.000000000000000000, 1.000000000000000000 ) ) ;
#4952 = CARTESIAN_POINT ( 'NONE',  ( 44.99999999999998579, 0.000000000000000000, -56.07536029467944871 ) ) ;
#4953 = AXIS2_PLACEMENT_3D ( 'NONE', #2925, #3744, #7264 ) ;
#4954 = CARTESIAN_POINT ( 'NONE',  ( -41.98387587438938340, -5.000000000000000000, 77.33921493371822464 ) ) ;
#4955 = DIRECTION ( 'NONE',  ( 0.000000000000000000, 0.000000000000000000, 1.000000000000000000 ) ) ;
#4956 = VERTEX_POINT ( 'NONE', #4952 ) ;
#4957 = LINE ( 'NONE', #7085, #8543 ) ;
#4958 = DIRECTION ( 'NONE',  ( 0.000000000000000000, 0.000000000000000000, 1.000000000000000000 ) ) ;
#4959 = DIRECTION ( 'NONE',  ( -0.000000000000000000, -1.000000000000000000, -0.000000000000000000 ) ) ;
#4960 = ORIENTED_EDGE ( 'NONE', *, *, #6498, .T. ) ;
#4961 = CARTESIAN_POINT ( 'NONE',  ( 20.00000000000000000, -3.499999999999954703, 76.59999999999999432 ) ) ;
#4962 = CARTESIAN_POINT ( 'NONE',  ( 33.26989437906256342, -3.500000000000011990, -2.924434976139798525 ) ) ;
#4963 = EDGE_CURVE ( 'NONE', #6720, #1167, #6304, .T. ) ;
#4964 = DIRECTION ( 'NONE',  ( 0.000000000000000000, 0.000000000000000000, -1.000000000000000000 ) ) ;
#4965 = DIRECTION ( 'NONE',  ( 0.000000000000000000, 0.000000000000000000, 1.000000000000000000 ) ) ;
#4966 = ORIENTED_EDGE ( 'NONE', *, *, #4227, .T. ) ;
#4967 = CIRCLE ( 'NONE', #8820, 1.531095219467717872 ) ;
#4968 = DIRECTION ( 'NONE',  ( 0.000000000000000000, 0.000000000000000000, -1.000000000000000000 ) ) ;
#4969 = ORIENTED_EDGE ( 'NONE', *, *, #1754, .F. ) ;
#4970 = ORIENTED_EDGE ( 'NONE', *, *, #3531, .T. ) ;
#4971 = VERTEX_POINT ( 'NONE', #7940 ) ;
#4972 = ORIENTED_EDGE ( 'NONE', *, *, #7816, .F. ) ;
#4973 = VECTOR ( 'NONE', #124, 1000.000000000000000 ) ;
#4974 = EDGE_CURVE ( 'NONE', #6317, #8939, #5678, .T. ) ;
#4975 = CARTESIAN_POINT ( 'NONE',  ( -33.26989437906256342, -9.525483399593907663, 0.2755650238601978774 ) ) ;
#4976 = EDGE_CURVE ( 'NONE', #9251, #3234, #2628, .T. ) ;
#4977 = VECTOR ( 'NONE', #829, 1000.000000000000000 ) ;
#4978 = EDGE_CURVE ( 'NONE', #7109, #2634, #4229, .T. ) ;
#4979 = DIRECTION ( 'NONE',  ( 0.000000000000000000, 0.000000000000000000, -1.000000000000000000 ) ) ;
#4980 = VERTEX_POINT ( 'NONE', #7803 ) ;
#4981 = DIRECTION ( 'NONE',  ( 0.000000000000000000, -1.000000000000000000, 0.000000000000000000 ) ) ;
#4982 = AXIS2_PLACEMENT_3D ( 'NONE', #9340, #7808, #9383 ) ;
#4983 = EDGE_CURVE ( 'NONE', #4744, #1004, #1693, .T. ) ;
#4984 = DIRECTION ( 'NONE',  ( 0.000000000000000000, 0.000000000000000000, -1.000000000000000000 ) ) ;
#4985 = ORIENTED_EDGE ( 'NONE', *, *, #4293, .T. ) ;
#4986 = ORIENTED_EDGE ( 'NONE', *, *, #4537, .T. ) ;
#4987 = ORIENTED_EDGE ( 'NONE', *, *, #1880, .F. ) ;
#4988 = ORIENTED_EDGE ( 'NONE', *, *, #5694, .T. ) ;
#4989 = CARTESIAN_POINT ( 'NONE',  ( 79.50000000000000000, -5.000000000000000000, -5.000000000000000888 ) ) ;
#4990 = FACE_OUTER_BOUND ( 'NONE', #2116, .T. ) ;
#4991 = DIRECTION ( 'NONE',  ( 0.000000000000000000, 0.000000000000000000, -1.000000000000000000 ) ) ;
#4992 = AXIS2_PLACEMENT_3D ( 'NONE', #4389, #3147, #8966 ) ;
#4993 = DIRECTION ( 'NONE',  ( 0.7071067811865563435, -0.000000000000000000, 0.7071067811865388020 ) ) ;
#4994 = EDGE_CURVE ( 'NONE', #1172, #3817, #7854, .T. ) ;
#4995 = CARTESIAN_POINT ( 'NONE',  ( -27.22361107568131189, 0.000000000000000000, 62.57895013500979076 ) ) ;
#4996 = ORIENTED_EDGE ( 'NONE', *, *, #8366, .T. ) ;
#4997 = AXIS2_PLACEMENT_3D ( 'NONE', #7979, #8662, #4320 ) ;
#4998 = VECTOR ( 'NONE', #3532, 1000.000000000000000 ) ;
#4999 = FACE_OUTER_BOUND ( 'NONE', #4740, .T. ) ;
#5000 = AXIS2_PLACEMENT_3D ( 'NONE', #7048, #462, #6965 ) ;
#5001 = CARTESIAN_POINT ( 'NONE',  ( -24.50000000000000355, 0.000000000000000000, -34.60000000000000142 ) ) ;
#5002 = CARTESIAN_POINT ( 'NONE',  ( 28.50000000000000000, -5.000000000000000000, -61.50000000000000000 ) ) ;
#5003 = CARTESIAN_POINT ( 'NONE',  ( 43.96751866459680258, 0.000000000000000000, -36.58478426242284343 ) ) ;
#5004 = AXIS2_PLACEMENT_3D ( 'NONE', #5897, #4460, #6674 ) ;
#5005 = EDGE_CURVE ( 'NONE', #3735, #9359, #5069, .T. ) ;
#5006 = VERTEX_POINT ( 'NONE', #8529 ) ;
#5007 = DIRECTION ( 'NONE',  ( -0.000000000000000000, -1.000000000000000000, -0.000000000000000000 ) ) ;
#5008 = CARTESIAN_POINT ( 'NONE',  ( 0.000000000000000000, -3.500000000000000000, 0.000000000000000000 ) ) ;
#5009 = CIRCLE ( 'NONE', #3346, 1.599999999999997202 ) ;
#5010 = LINE ( 'NONE', #2040, #1668 ) ;
#5011 = DIRECTION ( 'NONE',  ( 5.551115123125781913E-15, 0.000000000000000000, -1.000000000000000000 ) ) ;
#5012 = VERTEX_POINT ( 'NONE', #1251 ) ;
#5013 = DIRECTION ( 'NONE',  ( -0.000000000000000000, -1.000000000000000000, -0.000000000000000000 ) ) ;
#5014 = ORIENTED_EDGE ( 'NONE', *, *, #6832, .T. ) ;
#5015 = VERTEX_POINT ( 'NONE', #1927 ) ;
#5016 = ORIENTED_EDGE ( 'NONE', *, *, #8211, .T. ) ;
#5017 = ORIENTED_EDGE ( 'NONE', *, *, #3440, .F. ) ;
#5018 = CARTESIAN_POINT ( 'NONE',  ( -33.50000000000000000, 0.000000000000000000, -63.00000000000000000 ) ) ;
#5019 = DIRECTION ( 'NONE',  ( 0.000000000000000000, 0.000000000000000000, -1.000000000000000000 ) ) ;
#5020 = CARTESIAN_POINT ( 'NONE',  ( 33.58757210636075285, -3.500000000000015099, 51.97234841721098775 ) ) ;
#5021 = ORIENTED_EDGE ( 'NONE', *, *, #1396, .F. ) ;
#5022 = CARTESIAN_POINT ( 'NONE',  ( 33.58757210636075285, -5.000000000000000000, 55.07234841721098206 ) ) ;
#5023 = FACE_OUTER_BOUND ( 'NONE', #5930, .T. ) ;
#5024 = ORIENTED_EDGE ( 'NONE', *, *, #1122, .F. ) ;
#5025 = EDGE_CURVE ( 'NONE', #4638, #5895, #4136, .T. ) ;
#5026 = ORIENTED_EDGE ( 'NONE', *, *, #9229, .F. ) ;
#5027 = EDGE_CURVE ( 'NONE', #8363, #2602, #6152, .T. ) ;
#5028 = EDGE_CURVE ( 'NONE', #8398, #1373, #1859, .T. ) ;
#5029 = ORIENTED_EDGE ( 'NONE', *, *, #4261, .F. ) ;
#5030 = ORIENTED_EDGE ( 'NONE', *, *, #1281, .F. ) ;
#5031 = DIRECTION ( 'NONE',  ( 4.869399230812090436E-16, 0.000000000000000000, 1.000000000000000000 ) ) ;
#5032 = DIRECTION ( 'NONE',  ( 0.000000000000000000, 1.000000000000000000, 0.000000000000000000 ) ) ;
#5033 = CARTESIAN_POINT ( 'NONE',  ( 45.00000000000000000, -2.500000000000000000, -76.77890335241848163 ) ) ;
#5034 = DIRECTION ( 'NONE',  ( 6.219998500209268303E-17, 0.000000000000000000, 1.000000000000000000 ) ) ;
#5035 = CARTESIAN_POINT ( 'NONE',  ( -20.20000000000000639, 0.000000000000000000, 1.999999999999998224 ) ) ;
#5036 = DIRECTION ( 'NONE',  ( 8.659560562354919300E-17, -0.7071067811865489050, 0.7071067811865462405 ) ) ;
#5037 = AXIS2_PLACEMENT_3D ( 'NONE', #3182, #2409, #248 ) ;
#5038 = ORIENTED_EDGE ( 'NONE', *, *, #6703, .F. ) ;
#5039 = DIRECTION ( 'NONE',  ( 0.000000000000000000, -1.000000000000000000, 0.000000000000000000 ) ) ;
#5040 = EDGE_CURVE ( 'NONE', #5892, #4834, #6599, .T. ) ;
#5041 = CIRCLE ( 'NONE', #748, 2.100000000000004530 ) ;
#5042 = EDGE_CURVE ( 'NONE', #1360, #6859, #774, .T. ) ;
#5043 = AXIS2_PLACEMENT_3D ( 'NONE', #1548, #4488, #7424 ) ;
#5044 = LINE ( 'NONE', #7313, #450 ) ;
#5045 = CARTESIAN_POINT ( 'NONE',  ( 44.12936209638304774, 0.000000000000000000, -49.84826377083060578 ) ) ;
#5046 = LINE ( 'NONE', #4332, #7868 ) ;
#5047 = DIRECTION ( 'NONE',  ( 0.000000000000000000, 1.000000000000000000, -0.000000000000000000 ) ) ;
#5048 = AXIS2_PLACEMENT_3D ( 'NONE', #5877, #3770, #3106 ) ;
#5049 = EDGE_LOOP ( 'NONE', ( #5994, #5331, #5582, #9063 ) ) ;
#5050 = CARTESIAN_POINT ( 'NONE',  ( -50.88386053978240398, -5.000000000000000000, -65.57310985890505606 ) ) ;
#5051 = EDGE_CURVE ( 'NONE', #2347, #5943, #5552, .T. ) ;
#5052 = DIRECTION ( 'NONE',  ( 0.000000000000000000, 0.000000000000000000, -1.000000000000000000 ) ) ;
#5053 = CONICAL_SURFACE ( 'NONE', #922, 1.500000000000001332, 0.7853981633974557175 ) ;
#5054 = CIRCLE ( 'NONE', #459, 1.250000000000001110 ) ;
#5055 = DIRECTION ( 'NONE',  ( 0.000000000000000000, 1.000000000000000000, 0.000000000000000000 ) ) ;
#5056 = AXIS2_PLACEMENT_3D ( 'NONE', #7436, #846, #1564 ) ;
#5057 = CARTESIAN_POINT ( 'NONE',  ( 51.97234841721098775, 0.000000000000000000, 33.58757210636076707 ) ) ;
#5058 = ORIENTED_EDGE ( 'NONE', *, *, #7363, .T. ) ;
#5059 = EDGE_CURVE ( 'NONE', #3980, #4060, #473, .T. ) ;
#5060 = EDGE_CURVE ( 'NONE', #2137, #2591, #1158, .T. ) ;
#5061 = DIRECTION ( 'NONE',  ( 0.7071067811865561215, 0.000000000000000000, 0.7071067811865388020 ) ) ;
#5062 = EDGE_LOOP ( 'NONE', ( #681, #1078 ) ) ;
#5063 = ORIENTED_EDGE ( 'NONE', *, *, #3299, .T. ) ;
#5064 = CIRCLE ( 'NONE', #8620, 2.000000000000000000 ) ;
#5065 = ORIENTED_EDGE ( 'NONE', *, *, #3526, .T. ) ;
#5066 = VERTEX_POINT ( 'NONE', #3376 ) ;
#5067 = CARTESIAN_POINT ( 'NONE',  ( 33.58757210636075285, -9.525483399593916545, 53.57234841721098917 ) ) ;
#5068 = CYLINDRICAL_SURFACE ( 'NONE', #7308, 1.599999999999997202 ) ;
#5069 = CIRCLE ( 'NONE', #7082, 5.000000000000000888 ) ;
#5070 = DIRECTION ( 'NONE',  ( 0.000000000000000000, 1.000000000000000000, -0.000000000000000000 ) ) ;
#5071 = DIRECTION ( 'NONE',  ( 0.000000000000000000, 0.000000000000000000, -1.000000000000000000 ) ) ;
#5072 = AXIS2_PLACEMENT_3D ( 'NONE', #3882, #2344, #4502 ) ;
#5073 = ORIENTED_EDGE ( 'NONE', *, *, #8310, .F. ) ;
#5074 = CARTESIAN_POINT ( 'NONE',  ( -60.96377513662862668, 0.000000000000000000, -6.298263339253157511 ) ) ;
#5075 = CIRCLE ( 'NONE', #7856, 2.500000000000002220 ) ;
#5076 = DIRECTION ( 'NONE',  ( 0.000000000000000000, 1.000000000000000000, 0.000000000000000000 ) ) ;
#5077 = VERTEX_POINT ( 'NONE', #2698 ) ;
#5078 = EDGE_CURVE ( 'NONE', #8067, #3900, #2161, .T. ) ;
#5079 = ORIENTED_EDGE ( 'NONE', *, *, #8689, .F. ) ;
#5080 = ORIENTED_EDGE ( 'NONE', *, *, #6636, .F. ) ;
#5081 = ORIENTED_EDGE ( 'NONE', *, *, #4758, .T. ) ;
#5082 = CARTESIAN_POINT ( 'NONE',  ( 45.16312671864703532, -9.525483399593916545, -40.70297844118579889 ) ) ;
#5083 = VECTOR ( 'NONE', #2219, 1000.000000000000000 ) ;
#5084 = DIRECTION ( 'NONE',  ( 0.000000000000000000, 0.000000000000000000, -1.000000000000000000 ) ) ;
#5085 = CARTESIAN_POINT ( 'NONE',  ( -28.11951362996199677, -9.525483399593907663, -9.896107983160918664 ) ) ;
#5086 = CIRCLE ( 'NONE', #8495, 5.000000000000004441 ) ;
#5087 = DIRECTION ( 'NONE',  ( 0.000000000000000000, -1.000000000000000000, 0.000000000000000000 ) ) ;
#5088 = DIRECTION ( 'NONE',  ( -0.000000000000000000, 1.000000000000000000, -0.000000000000000000 ) ) ;
#5089 = ADVANCED_FACE ( 'NONE', ( #3740 ), #6529, .F. ) ;
#5090 = CARTESIAN_POINT ( 'NONE',  ( -24.25000000000000711, -10.00000000000000000, -55.34999999999999432 ) ) ;
#5091 = VERTEX_POINT ( 'NONE', #1429 ) ;
#5092 = VECTOR ( 'NONE', #1583, 1000.000000000000114 ) ;
#5093 = VECTOR ( 'NONE', #7422, 1000.000000000000000 ) ;
#5094 = DIRECTION ( 'NONE',  ( 0.000000000000000000, 0.000000000000000000, -1.000000000000000000 ) ) ;
#5095 = CARTESIAN_POINT ( 'NONE',  ( 0.000000000000000000, 0.000000000000000000, 0.000000000000000000 ) ) ;
#5096 = DIRECTION ( 'NONE',  ( 8.659560562354998186E-17, -0.7071067811865422437, 0.7071067811865529018 ) ) ;
#5097 = LINE ( 'NONE', #678, #6629 ) ;
#5098 = CARTESIAN_POINT ( 'NONE',  ( -41.67480094162640825, -5.000000000000000000, -76.77890335241866637 ) ) ;
#5099 = EDGE_CURVE ( 'NONE', #6980, #3586, #35, .T. ) ;
#5100 = ADVANCED_FACE ( 'NONE', ( #7400 ), #5230, .F. ) ;
#5101 = ORIENTED_EDGE ( 'NONE', *, *, #4877, .T. ) ;
#5102 = AXIS2_PLACEMENT_3D ( 'NONE', #4116, #8592, #3264 ) ;
#5103 = ADVANCED_FACE ( 'NONE', ( #716 ), #9423, .T. ) ;
#5104 = CYLINDRICAL_SURFACE ( 'NONE', #7629, 1.600000000000000755 ) ;
#5105 = LINE ( 'NONE', #3580, #6752 ) ;
#5106 = ADVANCED_FACE ( 'NONE', ( #8077 ), #8895, .T. ) ;
#5107 = FACE_OUTER_BOUND ( 'NONE', #2527, .T. ) ;
#5108 = DIRECTION ( 'NONE',  ( 0.000000000000000000, 0.000000000000000000, 1.000000000000000000 ) ) ;
#5109 = ORIENTED_EDGE ( 'NONE', *, *, #2575, .T. ) ;
#5110 = DIRECTION ( 'NONE',  ( -0.000000000000000000, -1.000000000000000000, -0.000000000000000000 ) ) ;
#5111 = ORIENTED_EDGE ( 'NONE', *, *, #5965, .F. ) ;
#5112 = EDGE_LOOP ( 'NONE', ( #3857, #7622 ) ) ;
#5113 = ORIENTED_EDGE ( 'NONE', *, *, #6367, .T. ) ;
#5114 = ORIENTED_EDGE ( 'NONE', *, *, #8211, .F. ) ;
#5115 = CARTESIAN_POINT ( 'NONE',  ( 76.34538790275394149, -3.500000000000000000, 38.49196988955009857 ) ) ;
#5116 = CARTESIAN_POINT ( 'NONE',  ( -0.9999999999999961142, -3.200000000000000178, 50.11904464837144246 ) ) ;
#5117 = CARTESIAN_POINT ( 'NONE',  ( -21.00000000000000711, -3.899792132557649005, -32.62943767435318421 ) ) ;
#5118 = EDGE_CURVE ( 'NONE', #7689, #7807, #8003, .T. ) ;
#5119 = DIRECTION ( 'NONE',  ( -0.000000000000000000, -0.000000000000000000, -1.000000000000000000 ) ) ;
#5120 = ORIENTED_EDGE ( 'NONE', *, *, #77, .F. ) ;
#5121 = AXIS2_PLACEMENT_3D ( 'NONE', #8392, #7567, #977 ) ;
#5122 = FACE_OUTER_BOUND ( 'NONE', #5584, .T. ) ;
#5123 = CARTESIAN_POINT ( 'NONE',  ( 24.50000000000000355, -5.000000000000000000, -32.50000000000000000 ) ) ;
#5124 = EDGE_LOOP ( 'NONE', ( #5671, #2140, #70, #8335 ) ) ;
#5125 = ORIENTED_EDGE ( 'NONE', *, *, #112, .F. ) ;
#5126 = ORIENTED_EDGE ( 'NONE', *, *, #7520, .T. ) ;
#5127 = ORIENTED_EDGE ( 'NONE', *, *, #3238, .F. ) ;
#5128 = LINE ( 'NONE', #1477, #2720 ) ;
#5129 = PLANE ( 'NONE',  #244 ) ;
#5130 = DIRECTION ( 'NONE',  ( 0.000000000000000000, -1.000000000000000000, 0.000000000000000000 ) ) ;
#5131 = CARTESIAN_POINT ( 'NONE',  ( -72.39969434600203613, -5.000000000000000000, 37.04435528667602284 ) ) ;
#5132 = CARTESIAN_POINT ( 'NONE',  ( 0.000000000000000000, -3.500000000000000000, 0.000000000000000000 ) ) ;
#5133 = CONICAL_SURFACE ( 'NONE', #8226, 3.099999999999991651, 0.7853981633974511656 ) ;
#5134 = DIRECTION ( 'NONE',  ( 0.000000000000000000, -0.7071067811865455743, -0.7071067811865493491 ) ) ;
#5135 = VERTEX_POINT ( 'NONE', #4461 ) ;
#5136 = CARTESIAN_POINT ( 'NONE',  ( -62.67442126558891857, -5.000000000000000000, -16.25929021731407786 ) ) ;
#5137 = VECTOR ( 'NONE', #3103, 1000.000000000000000 ) ;
#5138 = DIRECTION ( 'NONE',  ( -0.000000000000000000, 1.000000000000000000, -0.000000000000000000 ) ) ;
#5139 = CARTESIAN_POINT ( 'NONE',  ( -17.00000000000000000, 0.000000000000000000, 13.00000000000000178 ) ) ;
#5140 = CARTESIAN_POINT ( 'NONE',  ( 15.00000000000000178, -3.200000000000000178, 10.99999999999999645 ) ) ;
#5141 = DIRECTION ( 'NONE',  ( 0.000000000000000000, 0.000000000000000000, -1.000000000000000000 ) ) ;
#5142 = DIRECTION ( 'NONE',  ( 0.000000000000000000, 0.000000000000000000, -1.000000000000000000 ) ) ;
#5143 = AXIS2_PLACEMENT_3D ( 'NONE', #3333, #6258, #488 ) ;
#5144 = AXIS2_PLACEMENT_3D ( 'NONE', #2126, #5601, #3579 ) ;
#5145 = ORIENTED_EDGE ( 'NONE', *, *, #6403, .T. ) ;
#5146 = CARTESIAN_POINT ( 'NONE',  ( 76.34538790275401254, -1.750000000000000000, 38.49196988954997067 ) ) ;
#5147 = VECTOR ( 'NONE', #2655, 1000.000000000000000 ) ;
#5148 = CARTESIAN_POINT ( 'NONE',  ( 0.000000000000000000, 0.000000000000000000, 0.000000000000000000 ) ) ;
#5149 = EDGE_CURVE ( 'NONE', #6200, #1231, #2, .T. ) ;
#5150 = EDGE_CURVE ( 'NONE', #9065, #1372, #5898, .T. ) ;
#5151 = VECTOR ( 'NONE', #54, 1000.000000000000000 ) ;
#5152 = ADVANCED_FACE ( 'NONE', ( #1577 ), #3652, .F. ) ;
#5153 = CARTESIAN_POINT ( 'NONE',  ( 43.64752027346841601, -3.000000000000000000, 1.773125482633685746 ) ) ;
#5154 = CARTESIAN_POINT ( 'NONE',  ( 33.58757210636075285, -9.525483399593916545, 51.97234841721098775 ) ) ;
#5155 = ORIENTED_EDGE ( 'NONE', *, *, #5028, .F. ) ;
#5156 = DIRECTION ( 'NONE',  ( 0.000000000000000000, 0.000000000000000000, 1.000000000000000000 ) ) ;
#5157 = ORIENTED_EDGE ( 'NONE', *, *, #3414, .F. ) ;
#5158 = ORIENTED_EDGE ( 'NONE', *, *, #416, .T. ) ;
#5159 = ADVANCED_FACE ( 'NONE', ( #86 ), #3548, .F. ) ;
#5160 = ORIENTED_EDGE ( 'NONE', *, *, #4758, .F. ) ;
#5161 = VERTEX_POINT ( 'NONE', #2874 ) ;
#5162 =( NAMED_UNIT ( * ) SI_UNIT ( $, .STERADIAN. ) SOLID_ANGLE_UNIT ( ) );
#5163 = DIRECTION ( 'NONE',  ( 0.000000000000000000, -0.7071067811865421326, -0.7071067811865530128 ) ) ;
#5164 = DIRECTION ( 'NONE',  ( 1.000000000000000000, 0.000000000000000000, 0.000000000000000000 ) ) ;
#5165 = CARTESIAN_POINT ( 'NONE',  ( -24.50000000000000355, 0.000000000000000000, -30.39999999999999858 ) ) ;
#5166 = ORIENTED_EDGE ( 'NONE', *, *, #6226, .T. ) ;
#5167 = LINE ( 'NONE', #2964, #9142 ) ;
#5168 = DIRECTION ( 'NONE',  ( 0.000000000000000000, 0.000000000000000000, 1.000000000000000000 ) ) ;
#5169 = ORIENTED_EDGE ( 'NONE', *, *, #4377, .F. ) ;
#5170 = VECTOR ( 'NONE', #2982, 1000.000000000000000 ) ;
#5171 = VERTEX_POINT ( 'NONE', #4415 ) ;
#5172 = ADVANCED_FACE ( 'NONE', ( #5949 ), #4611, .F. ) ;
#5173 = ORIENTED_EDGE ( 'NONE', *, *, #2406, .F. ) ;
#5174 = ORIENTED_EDGE ( 'NONE', *, *, #5778, .T. ) ;
#5175 = LINE ( 'NONE', #5082, #6867 ) ;
#5176 = LINE ( 'NONE', #2438, #8704 ) ;
#5177 = DIRECTION ( 'NONE',  ( 0.000000000000000000, -1.000000000000000000, 0.000000000000000000 ) ) ;
#5178 = CARTESIAN_POINT ( 'NONE',  ( -66.11448404094181797, 0.000000000000000000, 30.75914498161563770 ) ) ;
#5179 = DIRECTION ( 'NONE',  ( 0.000000000000000000, 0.000000000000000000, 1.000000000000000000 ) ) ;
#5180 = CARTESIAN_POINT ( 'NONE',  ( 71.59191197084602720, 0.000000000000000000, -13.85092561378600706 ) ) ;
#5181 = ORIENTED_EDGE ( 'NONE', *, *, #520, .T. ) ;
#5182 = DIRECTION ( 'NONE',  ( 0.000000000000000000, 0.000000000000000000, 1.000000000000000000 ) ) ;
#5183 = CARTESIAN_POINT ( 'NONE',  ( -24.25000000000000711, -10.00000000000000000, -40.75000000000000000 ) ) ;
#5184 = EDGE_CURVE ( 'NONE', #7408, #9471, #4459, .T. ) ;
#5185 = EDGE_CURVE ( 'NONE', #7593, #6659, #5760, .T. ) ;
#5186 = LINE ( 'NONE', #5956, #5627 ) ;
#5187 = CARTESIAN_POINT ( 'NONE',  ( 17.11198410471442699, -5.000000000000000000, 24.18305191657944064 ) ) ;
#5188 = DIRECTION ( 'NONE',  ( 0.000000000000000000, 0.000000000000000000, -1.000000000000000000 ) ) ;
#5189 = DIRECTION ( 'NONE',  ( 0.000000000000000000, 1.000000000000000000, -0.000000000000000000 ) ) ;
#5190 = AXIS2_PLACEMENT_3D ( 'NONE', #3615, #2749, #2882 ) ;
#5191 = DIRECTION ( 'NONE',  ( -7.542275982508005058E-16, 0.000000000000000000, -1.000000000000000000 ) ) ;
#5192 = ORIENTED_EDGE ( 'NONE', *, *, #6104, .T. ) ;
#5193 = CIRCLE ( 'NONE', #3523, 85.49999999999998579 ) ;
#5194 = DIRECTION ( 'NONE',  ( -0.000000000000000000, 1.000000000000000000, -0.000000000000000000 ) ) ;
#5195 = DIRECTION ( 'NONE',  ( 0.000000000000000000, 1.000000000000000000, -0.000000000000000000 ) ) ;
#5196 = LINE ( 'NONE', #8199, #5093 ) ;
#5197 = AXIS2_PLACEMENT_3D ( 'NONE', #4372, #3613, #2213 ) ;
#5198 = ADVANCED_FACE ( 'NONE', ( #6574 ), #8846, .F. ) ;
#5199 = CARTESIAN_POINT ( 'NONE',  ( 62.57895013500979076, 0.000000000000000000, 27.22361107568131189 ) ) ;
#5200 = DIRECTION ( 'NONE',  ( 5.551115123125781913E-15, 0.000000000000000000, -1.000000000000000000 ) ) ;
#5201 = ORIENTED_EDGE ( 'NONE', *, *, #9040, .F. ) ;
#5202 = VECTOR ( 'NONE', #6077, 1000.000000000000000 ) ;
#5203 = DIRECTION ( 'NONE',  ( 0.000000000000000000, -1.000000000000000000, 0.000000000000000000 ) ) ;
#5204 = VECTOR ( 'NONE', #1147, 1000.000000000000000 ) ;
#5205 = VERTEX_POINT ( 'NONE', #7261 ) ;
#5206 = ORIENTED_EDGE ( 'NONE', *, *, #109, .F. ) ;
#5207 = LINE ( 'NONE', #4541, #9390 ) ;
#5208 = ORIENTED_EDGE ( 'NONE', *, *, #5639, .T. ) ;
#5209 = ORIENTED_EDGE ( 'NONE', *, *, #5488, .F. ) ;
#5210 = DIRECTION ( 'NONE',  ( 0.000000000000000000, -0.7071067811865422437, -0.7071067811865529018 ) ) ;
#5211 = DIRECTION ( 'NONE',  ( -1.000000000000000000, 0.000000000000000000, 8.673617379884036705E-17 ) ) ;
#5212 = LINE ( 'NONE', #3014, #6626 ) ;
#5213 = DIRECTION ( 'NONE',  ( 0.000000000000000000, -1.000000000000000000, 0.000000000000000000 ) ) ;
#5214 = VECTOR ( 'NONE', #2244, 1000.000000000000000 ) ;
#5215 = ORIENTED_EDGE ( 'NONE', *, *, #8878, .F. ) ;
#5216 = EDGE_CURVE ( 'NONE', #3123, #3900, #5802, .T. ) ;
#5217 = DIRECTION ( 'NONE',  ( 0.000000000000000000, 0.000000000000000000, 1.000000000000000000 ) ) ;
#5218 = EDGE_CURVE ( 'NONE', #9471, #4194, #7695, .T. ) ;
#5219 = DIRECTION ( 'NONE',  ( 0.7071067811865563435, -0.000000000000000000, 0.7071067811865388020 ) ) ;
#5220 = ORIENTED_EDGE ( 'NONE', *, *, #9418, .T. ) ;
#5221 = CONICAL_SURFACE ( 'NONE', #4149, 1.599999999999997202, 0.7853981633974442822 ) ;
#5222 = ADVANCED_FACE ( 'NONE', ( #332 ), #3986, .F. ) ;
#5223 = ORIENTED_EDGE ( 'NONE', *, *, #3695, .F. ) ;
#5224 = VECTOR ( 'NONE', #7199, 1000.000000000000000 ) ;
#5225 = ORIENTED_EDGE ( 'NONE', *, *, #1189, .F. ) ;
#5226 = VERTEX_POINT ( 'NONE', #5481 ) ;
#5227 = DIRECTION ( 'NONE',  ( 0.000000000000000000, 0.000000000000000000, -1.000000000000000000 ) ) ;
#5228 = CIRCLE ( 'NONE', #2319, 1.599999999999997202 ) ;
#5229 = PLANE ( 'NONE',  #3779 ) ;
#5230 = CYLINDRICAL_SURFACE ( 'NONE', #1385, 1.599999999999998090 ) ;
#5231 = DIRECTION ( 'NONE',  ( 0.000000000000000000, 0.000000000000000000, 1.000000000000000000 ) ) ;
#5232 = DIRECTION ( 'NONE',  ( -0.000000000000000000, 0.000000000000000000, -1.000000000000000000 ) ) ;
#5233 = AXIS2_PLACEMENT_3D ( 'NONE', #658, #4852, #6516 ) ;
#5234 = ORIENTED_EDGE ( 'NONE', *, *, #5216, .T. ) ;
#5235 = EDGE_CURVE ( 'NONE', #5928, #1909, #3126, .T. ) ;
#5236 = B_SPLINE_CURVE_WITH_KNOTS ( 'NONE', 3,
 ( #3323, #9186, #4764, #2646, #7066, #8472, #2687, #476, #2597, #1874, #4814, #1238, #7748, #1148 ),
 .UNSPECIFIED., .F., .F.,
 ( 4, 2, 2, 2, 2, 2, 4 ),
 ( 0.000000000000000000, 0.0009707064153100803793, 0.001456059622965101379, 0.001941412830620122378, 0.002426766038275143811, 0.002912119245930164593, 0.003882825661240246490 ),
 .UNSPECIFIED. ) ;
#5237 = CARTESIAN_POINT ( 'NONE',  ( 24.18305191657981013, -5.000000000000000000, 20.21198410471386353 ) ) ;
#5238 = AXIS2_PLACEMENT_3D ( 'NONE', #320, #7634, #3975 ) ;
#5239 = AXIS2_PLACEMENT_3D ( 'NONE', #1908, #9174, #4705 ) ;
#5240 = FACE_BOUND ( 'NONE', #1341, .T. ) ;
#5241 = VECTOR ( 'NONE', #7530, 999.9999999999998863 ) ;
#5242 = DIRECTION ( 'NONE',  ( -0.000000000000000000, -1.000000000000000000, -0.000000000000000000 ) ) ;
#5243 = CYLINDRICAL_SURFACE ( 'NONE', #1185, 2.100000000000004086 ) ;
#5244 = DIRECTION ( 'NONE',  ( -0.000000000000000000, 1.000000000000000000, -0.000000000000000000 ) ) ;
#5245 = CARTESIAN_POINT ( 'NONE',  ( 62.67442126558891857, -3.499999999999963141, -13.15929021731400361 ) ) ;
#5246 = VECTOR ( 'NONE', #4226, 1000.000000000000000 ) ;
#5247 = CARTESIAN_POINT ( 'NONE',  ( -62.67442126558891857, -3.499999999999952927, -13.15929021731400361 ) ) ;
#5248 = AXIS2_PLACEMENT_3D ( 'NONE', #3206, #947, #7637 ) ;
#5249 = AXIS2_PLACEMENT_3D ( 'NONE', #6713, #122, #6964 ) ;
#5250 = EDGE_CURVE ( 'NONE', #923, #2434, #5228, .T. ) ;
#5251 = VERTEX_POINT ( 'NONE', #3836 ) ;
#5252 = DIRECTION ( 'NONE',  ( 0.000000000000000000, 0.000000000000000000, 1.000000000000000000 ) ) ;
#5253 = CARTESIAN_POINT ( 'NONE',  ( -15.00000000000000178, -3.200000000000000178, 11.00000000000000178 ) ) ;
#5254 = AXIS2_PLACEMENT_3D ( 'NONE', #8490, #3896, #241 ) ;
#5255 = CARTESIAN_POINT ( 'NONE',  ( -24.25000000000000711, -3.499999999999948486, -39.15000000000000568 ) ) ;
#5256 = DIRECTION ( 'NONE',  ( 0.000000000000000000, 0.000000000000000000, 1.000000000000000000 ) ) ;
#5257 = DIRECTION ( 'NONE',  ( -0.000000000000000000, 1.000000000000000000, -0.000000000000000000 ) ) ;
#5258 = ORIENTED_EDGE ( 'NONE', *, *, #6049, .T. ) ;
#5259 = PLANE ( 'NONE',  #457 ) ;
#5260 = ORIENTED_EDGE ( 'NONE', *, *, #8589, .F. ) ;
#5261 = DIRECTION ( 'NONE',  ( -0.000000000000000000, -1.000000000000000000, -0.000000000000000000 ) ) ;
#5262 = ORIENTED_EDGE ( 'NONE', *, *, #9229, .T. ) ;
#5263 = CARTESIAN_POINT ( 'NONE',  ( 20.00000000000000000, -3.499999999999954703, 75.00000000000000000 ) ) ;
#5264 = PLANE ( 'NONE',  #7729 ) ;
#5265 = CARTESIAN_POINT ( 'NONE',  ( -21.00000000000000000, -4.706143296465169712, -35.03211209236249601 ) ) ;
#5266 = FACE_OUTER_BOUND ( 'NONE', #5979, .T. ) ;
#5267 = FACE_OUTER_BOUND ( 'NONE', #3745, .T. ) ;
#5268 = ORIENTED_EDGE ( 'NONE', *, *, #4875, .T. ) ;
#5269 = EDGE_LOOP ( 'NONE', ( #2152, #8541, #2814, #5674 ) ) ;
#5270 = VERTEX_POINT ( 'NONE', #9033 ) ;
#5271 = ORIENTED_EDGE ( 'NONE', *, *, #1932, .T. ) ;
#5272 = DIRECTION ( 'NONE',  ( 1.000000000000000000, 0.000000000000000000, -1.239088197126290817E-16 ) ) ;
#5273 = EDGE_CURVE ( 'NONE', #4209, #4980, #7704, .T. ) ;
#5274 = CARTESIAN_POINT ( 'NONE',  ( 43.96751866459680258, -3.000000000000000000, -34.58478426242284343 ) ) ;
#5275 = EDGE_CURVE ( 'NONE', #4889, #7678, #481, .T. ) ;
#5276 = PLANE ( 'NONE',  #1242 ) ;
#5277 = EDGE_CURVE ( 'NONE', #507, #614, #6048, .T. ) ;
#5278 = DIRECTION ( 'NONE',  ( -0.000000000000000000, 1.000000000000000000, -0.000000000000000000 ) ) ;
#5279 = CIRCLE ( 'NONE', #1141, 1.600000000000000755 ) ;
#5280 = DIRECTION ( 'NONE',  ( 0.000000000000000000, 0.000000000000000000, -1.000000000000000000 ) ) ;
#5281 = EDGE_CURVE ( 'NONE', #4440, #2105, #5836, .T. ) ;
#5282 = ORIENTED_EDGE ( 'NONE', *, *, #3249, .F. ) ;
#5283 = CARTESIAN_POINT ( 'NONE',  ( 62.57895013500987602, -5.000000000000000000, 34.29467888754678739 ) ) ;
#5284 = ORIENTED_EDGE ( 'NONE', *, *, #2804, .F. ) ;
#5285 = DIRECTION ( 'NONE',  ( 0.000000000000000000, -0.000000000000000000, -1.000000000000000000 ) ) ;
#5286 = VERTEX_POINT ( 'NONE', #3790 ) ;
#5287 = CARTESIAN_POINT ( 'NONE',  ( -62.67810973803285179, -3.000000000000000000, -7.328339489073273150 ) ) ;
#5288 = CARTESIAN_POINT ( 'NONE',  ( 50.88386053978221923, -5.000000000000000000, -65.57310985890512711 ) ) ;
#5289 = DIRECTION ( 'NONE',  ( 8.659560562354948882E-17, -0.7071067811865462405, 0.7071067811865489050 ) ) ;
#5290 = DIRECTION ( 'NONE',  ( -0.8571673007021154422, -0.000000000000000000, -0.5150380749100489375 ) ) ;
#5291 = EDGE_CURVE ( 'NONE', #4254, #8512, #2927, .T. ) ;
#5292 = DIRECTION ( 'NONE',  ( 0.000000000000000000, -1.000000000000000000, 0.000000000000000000 ) ) ;
#5293 = CARTESIAN_POINT ( 'NONE',  ( 21.00000000000000711, -4.135323808926649747, -33.82432860607426761 ) ) ;
#5294 = AXIS2_PLACEMENT_3D ( 'NONE', #5521, #4123, #7694 ) ;
#5295 = ORIENTED_EDGE ( 'NONE', *, *, #4281, .T. ) ;
#5296 = AXIS2_PLACEMENT_3D ( 'NONE', #3760, #5194, #5252 ) ;
#5297 = CARTESIAN_POINT ( 'NONE',  ( 24.25000000000000711, 0.000000000000000000, -53.75000000000000000 ) ) ;
#5298 = CARTESIAN_POINT ( 'NONE',  ( -79.50000000000000000, -2.499999999999964029, -5.000000000000000000 ) ) ;
#5299 = CARTESIAN_POINT ( 'NONE',  ( 62.67442126558891857, 0.000000000000000000, -11.55929021731400042 ) ) ;
#5300 = DIRECTION ( 'NONE',  ( 0.000000000000000000, -1.000000000000000000, 0.000000000000000000 ) ) ;
#5301 = EDGE_CURVE ( 'NONE', #4956, #9027, #5394, .T. ) ;
#5302 = AXIS2_PLACEMENT_3D ( 'NONE', #3719, #6027, #8824 ) ;
#5303 = DIRECTION ( 'NONE',  ( -0.000000000000000000, 1.000000000000000000, -0.000000000000000000 ) ) ;
#5304 = VERTEX_POINT ( 'NONE', #3073 ) ;
#5305 = AXIS2_PLACEMENT_3D ( 'NONE', #2410, #6790, #5957 ) ;
#5306 = VECTOR ( 'NONE', #411, 1000.000000000000000 ) ;
#5307 = DIRECTION ( 'NONE',  ( -0.5150380749100488265, -0.000000000000000000, 0.8571673007021156643 ) ) ;
#5308 = ORIENTED_EDGE ( 'NONE', *, *, #3467, .F. ) ;
#5309 = DIRECTION ( 'NONE',  ( -0.000000000000000000, 1.000000000000000000, -0.000000000000000000 ) ) ;
#5310 = EDGE_LOOP ( 'NONE', ( #29, #1707, #8890, #3889, #7631, #4035 ) ) ;
#5311 = LINE ( 'NONE', #217, #4631 ) ;
#5312 = CARTESIAN_POINT ( 'NONE',  ( -41.67480094162640825, -3.500000000000000000, -76.77890335241866637 ) ) ;
#5313 = DIRECTION ( 'NONE',  ( 8.673617379884036705E-17, -0.000000000000000000, 1.000000000000000000 ) ) ;
#5314 = CYLINDRICAL_SURFACE ( 'NONE', #7117, 85.49999999999998579 ) ;
#5315 = CARTESIAN_POINT ( 'NONE',  ( 77.33921493371822464, 0.000000000000000000, 41.98387587438938340 ) ) ;
#5316 = ORIENTED_EDGE ( 'NONE', *, *, #7423, .F. ) ;
#5317 = ORIENTED_EDGE ( 'NONE', *, *, #111, .F. ) ;
#5318 = AXIS2_PLACEMENT_3D ( 'NONE', #3386, #6313, #4871 ) ;
#5319 = ORIENTED_EDGE ( 'NONE', *, *, #7055, .F. ) ;
#5320 = ORIENTED_EDGE ( 'NONE', *, *, #9399, .F. ) ;
#5321 = LINE ( 'NONE', #4712, #4526 ) ;
#5322 = DIRECTION ( 'NONE',  ( 1.000000000000000000, 0.000000000000000000, -3.717264591378874176E-16 ) ) ;
#5323 = CARTESIAN_POINT ( 'NONE',  ( 1.000000000000003997, -3.200000000000000178, 50.11904464837144246 ) ) ;
#5324 = CARTESIAN_POINT ( 'NONE',  ( 24.50000000000000355, -5.000000000000000000, -32.50000000000000000 ) ) ;
#5325 = DIRECTION ( 'NONE',  ( -0.000000000000000000, -1.000000000000000000, 0.000000000000000000 ) ) ;
#5327 = VERTEX_POINT ( 'NONE', #5999 ) ;
#5326 = AXIS2_PLACEMENT_3D ( 'NONE', #3955, #6888, #201 ) ;
#5328 = ADVANCED_FACE ( 'NONE', ( #7598 ), #8946, .F. ) ;
#5329 = FACE_OUTER_BOUND ( 'NONE', #280, .T. ) ;
#5330 = ADVANCED_FACE ( 'NONE', ( #7546 ), #5276, .F. ) ;
#5331 = ORIENTED_EDGE ( 'NONE', *, *, #163, .T. ) ;
#5332 = EDGE_CURVE ( 'NONE', #7293, #923, #1617, .T. ) ;
#5333 = FACE_BOUND ( 'NONE', #2360, .T. ) ;
#5334 = ORIENTED_EDGE ( 'NONE', *, *, #6117, .T. ) ;
#5335 = VERTEX_POINT ( 'NONE', #3892 ) ;
#5336 = LINE ( 'NONE', #2559, #12 ) ;
#5337 = CARTESIAN_POINT ( 'NONE',  ( -33.26989437906256342, -3.499999999999972911, 0.2755650238601978774 ) ) ;
#5338 = FACE_OUTER_BOUND ( 'NONE', #9501, .T. ) ;
#5339 = CARTESIAN_POINT ( 'NONE',  ( -24.50000000000000355, -5.000000000000000000, -37.09999999999990905 ) ) ;
#5340 = DIRECTION ( 'NONE',  ( 0.000000000000000000, 0.000000000000000000, -1.000000000000000000 ) ) ;
#5341 = CARTESIAN_POINT ( 'NONE',  ( 21.00000000000000000, -3.960448762031662628, -31.83436367797253652 ) ) ;
#5342 = ORIENTED_EDGE ( 'NONE', *, *, #3871, .F. ) ;
#5343 = ADVANCED_FACE ( 'NONE', ( #8376 ), #7495, .F. ) ;
#5344 = EDGE_CURVE ( 'NONE', #6080, #2281, #6617, .T. ) ;
#5345 = EDGE_CURVE ( 'NONE', #8058, #7570, #4175, .T. ) ;
#5346 = CARTESIAN_POINT ( 'NONE',  ( 20.00000000000000000, -3.499999999999954703, 73.39999999999999147 ) ) ;
#5347 = DIRECTION ( 'NONE',  ( 0.000000000000000000, 1.000000000000000000, 0.000000000000000000 ) ) ;
#5348 = DIRECTION ( 'NONE',  ( 0.000000000000000000, 0.000000000000000000, 1.000000000000000000 ) ) ;
#5349 = CARTESIAN_POINT ( 'NONE',  ( 33.58757210636075285, -9.525483399593916545, 51.97234841721098775 ) ) ;
#5350 = CIRCLE ( 'NONE', #1979, 2.100000000000004530 ) ;
#5351 = EDGE_CURVE ( 'NONE', #5533, #8131, #1054, .T. ) ;
#5352 = DIRECTION ( 'NONE',  ( 0.000000000000000000, -0.7071067811865462405, -0.7071067811865489050 ) ) ;
#5353 = EDGE_LOOP ( 'NONE', ( #1112, #8461, #8942, #7193, #7215, #3119 ) ) ;
#5354 = CARTESIAN_POINT ( 'NONE',  ( -3.000000000000000444, -3.200000000000000178, 15.00000000000000000 ) ) ;
#5355 = VERTEX_POINT ( 'NONE', #5522 ) ;
#5356 = VECTOR ( 'NONE', #6731, 1000.000000000000114 ) ;
#5357 = DIRECTION ( 'NONE',  ( 0.000000000000000000, 0.000000000000000000, -1.000000000000000000 ) ) ;
#5358 = VECTOR ( 'NONE', #2948, 1000.000000000000000 ) ;
#5359 = ORIENTED_EDGE ( 'NONE', *, *, #7487, .T. ) ;
#5360 = DIRECTION ( 'NONE',  ( 1.000000000000000000, -0.000000000000000000, -0.000000000000000000 ) ) ;
#5361 = DIRECTION ( 'NONE',  ( -0.000000000000000000, 1.000000000000000000, -0.000000000000000000 ) ) ;
#5362 = CARTESIAN_POINT ( 'NONE',  ( 75.93522825193564074, -5.000000000000000000, 38.50882138074144478 ) ) ;
#5363 = CARTESIAN_POINT ( 'NONE',  ( 24.25000000000000711, -3.500000000000003997, -52.14999999999999858 ) ) ;
#5364 = VECTOR ( 'NONE', #1554, 1000.000000000000000 ) ;
#5365 = VECTOR ( 'NONE', #8427, 1000.000000000000000 ) ;
#5366 = CARTESIAN_POINT ( 'NONE',  ( 48.13688621651795785, -5.000000000000000000, -43.17862360266529009 ) ) ;
#5367 = ORIENTED_EDGE ( 'NONE', *, *, #7354, .T. ) ;
#5368 = EDGE_LOOP ( 'NONE', ( #1255, #3604, #4211, #115 ) ) ;
#5369 = B_SPLINE_CURVE_WITH_KNOTS ( 'NONE', 3,
 ( #8894, #8269, #3125, #85, #3026, #2254 ),
 .UNSPECIFIED., .F., .F.,
 ( 4, 2, 4 ),
 ( 1.734723475976807094E-18, 0.0003798094033509691564, 0.0007596188067019365780 ),
 .UNSPECIFIED. ) ;
#5370 = EDGE_LOOP ( 'NONE', ( #3023, #426, #6480, #3305 ) ) ;
#5371 = ORIENTED_EDGE ( 'NONE', *, *, #461, .T. ) ;
#5372 = DIRECTION ( 'NONE',  ( 0.000000000000000000, 1.000000000000000000, -0.000000000000000000 ) ) ;
#5373 = DIRECTION ( 'NONE',  ( 0.000000000000000000, 1.000000000000000000, 0.000000000000000000 ) ) ;
#5374 = CARTESIAN_POINT ( 'NONE',  ( 33.50000000000000000, -5.000000000000000888, -63.00000000000000000 ) ) ;
#5375 = CIRCLE ( 'NONE', #6450, 5.000000000000000888 ) ;
#5376 = CARTESIAN_POINT ( 'NONE',  ( 20.20000000000000639, 0.000000000000000000, 0.4689047805322805185 ) ) ;
#5377 = DIRECTION ( 'NONE',  ( 0.000000000000000000, -1.000000000000000000, 0.000000000000000000 ) ) ;
#5378 = VERTEX_POINT ( 'NONE', #6973 ) ;
#5379 = AXIS2_PLACEMENT_3D ( 'NONE', #9467, #581, #7210 ) ;
#5380 = CARTESIAN_POINT ( 'NONE',  ( 3.000000000000003997, -3.200000000000000178, 50.11904464837144246 ) ) ;
#5381 = VERTEX_POINT ( 'NONE', #381 ) ;
#5382 = AXIS2_PLACEMENT_3D ( 'NONE', #8663, #7757, #9290 ) ;
#5383 = FACE_OUTER_BOUND ( 'NONE', #1912, .T. ) ;
#5384 = ORIENTED_EDGE ( 'NONE', *, *, #2067, .F. ) ;
#5385 = EDGE_LOOP ( 'NONE', ( #1033, #4439, #3638, #3372 ) ) ;
#5386 = LINE ( 'NONE', #9100, #1549 ) ;
#5387 = DIRECTION ( 'NONE',  ( -0.7071067811865388020, 0.000000000000000000, 0.7071067811865563435 ) ) ;
#5388 = DIRECTION ( 'NONE',  ( 0.000000000000000000, 0.000000000000000000, 1.000000000000000000 ) ) ;
#5389 = CARTESIAN_POINT ( 'NONE',  ( -24.20000000000000639, 0.000000000000000000, -24.00000000000000355 ) ) ;
#5390 = AXIS2_PLACEMENT_3D ( 'NONE', #8377, #4080, #6974 ) ;
#5391 = EDGE_CURVE ( 'NONE', #4724, #4657, #1547, .T. ) ;
#5392 = CARTESIAN_POINT ( 'NONE',  ( -36.00000000000000711, 0.000000000000000000, -52.00000000000000000 ) ) ;
#5393 = DIRECTION ( 'NONE',  ( -0.000000000000000000, -1.000000000000000000, -0.000000000000000000 ) ) ;
#5394 = CIRCLE ( 'NONE', #4154, 4.999999999999997335 ) ;
#5395 = MECHANICAL_DESIGN_GEOMETRIC_PRESENTATION_REPRESENTATION (  '', ( #6941 ), #9250 ) ;
#5396 = CIRCLE ( 'NONE', #9, 1.500000000000001332 ) ;
#5397 = ORIENTED_EDGE ( 'NONE', *, *, #1168, .T. ) ;
#5398 = DIRECTION ( 'NONE',  ( 0.000000000000000000, -0.7071067811865422437, -0.7071067811865529018 ) ) ;
#5399 = DIRECTION ( 'NONE',  ( 0.000000000000000000, 0.000000000000000000, -1.000000000000000000 ) ) ;
#5400 = DIRECTION ( 'NONE',  ( 0.000000000000000000, 0.000000000000000000, 1.000000000000000000 ) ) ;
#5401 = FACE_OUTER_BOUND ( 'NONE', #4105, .T. ) ;
#5402 = CIRCLE ( 'NONE', #6172, 1.531095219467717872 ) ;
#5403 = ORIENTED_EDGE ( 'NONE', *, *, #4640, .F. ) ;
#5404 = AXIS2_PLACEMENT_3D ( 'NONE', #2905, #5070, #7334 ) ;
#5405 = ADVANCED_FACE ( 'NONE', ( #9183 ), #4026, .F. ) ;
#5406 = ADVANCED_FACE ( 'NONE', ( #7582 ), #3416, .F. ) ;
#5407 = ADVANCED_FACE ( 'NONE', ( #1758 ), #6946, .F. ) ;
#5408 = CIRCLE ( 'NONE', #1257, 1.600000000000000755 ) ;
#5409 = ORIENTED_EDGE ( 'NONE', *, *, #42, .T. ) ;
#5410 = EDGE_CURVE ( 'NONE', #6836, #8353, #4634, .T. ) ;
#5411 = AXIS2_PLACEMENT_3D ( 'NONE', #911, #1625, #3843 ) ;
#5412 = LINE ( 'NONE', #1174, #6855 ) ;
#5413 = ORIENTED_EDGE ( 'NONE', *, *, #5685, .T. ) ;
#5414 = LINE ( 'NONE', #3971, #1524 ) ;
#5415 = VERTEX_POINT ( 'NONE', #6858 ) ;
#5416 = CYLINDRICAL_SURFACE ( 'NONE', #2942, 1.600000000000000755 ) ;
#5417 = CIRCLE ( 'NONE', #1262, 85.49999999999998579 ) ;
#5418 = ORIENTED_EDGE ( 'NONE', *, *, #4011, .T. ) ;
#5419 = CARTESIAN_POINT ( 'NONE',  ( -79.50000000000000000, -1.500000000000000000, -2.899999999999995470 ) ) ;
#5420 = CARTESIAN_POINT ( 'NONE',  ( -41.98387587438938340, -5.000000000000000000, 77.33921493371822464 ) ) ;
#5421 = ADVANCED_FACE ( 'NONE', ( #8157 ), #1556, .F. ) ;
#5422 = CARTESIAN_POINT ( 'NONE',  ( 24.20000000000000639, -5.000000000000000000, -24.00000000000000355 ) ) ;
#5423 = DIRECTION ( 'NONE',  ( 0.000000000000000000, -0.000000000000000000, 1.000000000000000000 ) ) ;
#5424 = DIRECTION ( 'NONE',  ( 0.000000000000000000, -0.7071067811865439090, -0.7071067811865512365 ) ) ;
#5425 = VERTEX_POINT ( 'NONE', #6031 ) ;
#5426 = VECTOR ( 'NONE', #4842, 1000.000000000000000 ) ;
#5427 = CIRCLE ( 'NONE', #5870, 1.500000000000001332 ) ;
#5428 = ORIENTED_EDGE ( 'NONE', *, *, #6411, .F. ) ;
#5429 = ORIENTED_EDGE ( 'NONE', *, *, #159, .F. ) ;
#5430 = ORIENTED_EDGE ( 'NONE', *, *, #6588, .T. ) ;
#5431 = DIRECTION ( 'NONE',  ( 0.000000000000000000, 0.000000000000000000, 1.000000000000000000 ) ) ;
#5432 = DIRECTION ( 'NONE',  ( 0.000000000000000000, 0.000000000000000000, -1.000000000000000000 ) ) ;
#5433 = EDGE_CURVE ( 'NONE', #2602, #8363, #1397, .T. ) ;
#5434 = DIRECTION ( 'NONE',  ( -0.000000000000000000, -1.000000000000000000, 0.000000000000000000 ) ) ;
#5435 = FACE_OUTER_BOUND ( 'NONE', #728, .T. ) ;
#5436 = VERTEX_POINT ( 'NONE', #67 ) ;
#5437 = DIRECTION ( 'NONE',  ( -0.5150380749100555988, 0.000000000000000000, 0.8571673007021114454 ) ) ;
#5438 = EDGE_LOOP ( 'NONE', ( #4590, #495, #803, #1569 ) ) ;
#5439 = FACE_BOUND ( 'NONE', #5572, .T. ) ;
#5440 = ORIENTED_EDGE ( 'NONE', *, *, #8814, .F. ) ;
#5441 = VERTEX_POINT ( 'NONE', #839 ) ;
#5442 = CARTESIAN_POINT ( 'NONE',  ( 24.18305191657981013, 0.000000000000000000, 18.71198410471387419 ) ) ;
#5443 = DIRECTION ( 'NONE',  ( 0.000000000000000000, -0.7071067811865503483, -0.7071067811865446862 ) ) ;
#5444 = CARTESIAN_POINT ( 'NONE',  ( -35.15662439906155612, -5.000000000000000000, 54.64593681162973837 ) ) ;
#5445 = DIRECTION ( 'NONE',  ( 0.000000000000000000, 0.000000000000000000, 1.000000000000000000 ) ) ;
#5446 = VECTOR ( 'NONE', #7463, 1000.000000000000114 ) ;
#5447 = DIRECTION ( 'NONE',  ( -0.000000000000000000, 1.000000000000000000, -0.000000000000000000 ) ) ;
#5448 = CARTESIAN_POINT ( 'NONE',  ( 62.57895013500987602, -5.000000000000000000, 34.29467888754678739 ) ) ;
#5449 = ORIENTED_EDGE ( 'NONE', *, *, #5778, .F. ) ;
#5450 = VECTOR ( 'NONE', #7173, 1000.000000000000000 ) ;
#5451 = CARTESIAN_POINT ( 'NONE',  ( -33.50000000000000000, 0.000000000000000000, -68.73438437000001500 ) ) ;
#5452 = CARTESIAN_POINT ( 'NONE',  ( 79.50000000000000000, -2.499999999999962252, -7.100000000000005862 ) ) ;
#5453 = CARTESIAN_POINT ( 'NONE',  ( -33.26989437906256342, -9.525483399593907663, -1.324434976139800213 ) ) ;
#5454 = ORIENTED_EDGE ( 'NONE', *, *, #8286, .F. ) ;
#5455 = AXIS2_PLACEMENT_3D ( 'NONE', #1655, #3208, #3063 ) ;
#5456 = CIRCLE ( 'NONE', #1765, 3.100000000000075140 ) ;
#5457 = AXIS2_PLACEMENT_3D ( 'NONE', #9201, #358, #8442 ) ;
#5458 = ORIENTED_EDGE ( 'NONE', *, *, #5277, .T. ) ;
#5459 = EDGE_CURVE ( 'NONE', #6101, #6755, #497, .T. ) ;
#5460 = DIRECTION ( 'NONE',  ( -0.000000000000000000, -1.000000000000000000, -0.000000000000000000 ) ) ;
#5461 = EDGE_LOOP ( 'NONE', ( #5428, #5065, #5719, #2534, #7817, #3022 ) ) ;
#5462 = ADVANCED_FACE ( 'NONE', ( #3772 ), #118, .F. ) ;
#5463 = CARTESIAN_POINT ( 'NONE',  ( -33.50882138074143057, -3.500000000000000000, 75.93522825193562653 ) ) ;
#5464 = VERTEX_POINT ( 'NONE', #3201 ) ;
#5465 = DIRECTION ( 'NONE',  ( 0.000000000000000000, 0.000000000000000000, 1.000000000000000000 ) ) ;
#5466 = CIRCLE ( 'NONE', #78, 1.599999999999997202 ) ;
#5467 = ORIENTED_EDGE ( 'NONE', *, *, #8877, .F. ) ;
#5468 = DIRECTION ( 'NONE',  ( 8.659560562354948882E-17, -0.7071067811865463515, 0.7071067811865487940 ) ) ;
#5470 = CARTESIAN_POINT ( 'NONE',  ( -24.25000000000000711, -10.00000000000000000, -53.75000000000000000 ) ) ;
#5469 = VECTOR ( 'NONE', #6437, 999.9999999999998863 ) ;
#5471 = AXIS2_PLACEMENT_3D ( 'NONE', #8632, #2670, #1948 ) ;
#5472 = CARTESIAN_POINT ( 'NONE',  ( 36.00000000000000711, -5.000000000000000000, -52.00000000000000000 ) ) ;
#5473 = EDGE_LOOP ( 'NONE', ( #7344, #7578, #5166, #4495 ) ) ;
#5474 = EDGE_CURVE ( 'NONE', #7022, #8318, #9090, .T. ) ;
#5475 = VECTOR ( 'NONE', #5697, 1000.000000000000000 ) ;
#5476 = VERTEX_POINT ( 'NONE', #9069 ) ;
#5477 = VECTOR ( 'NONE', #6887, 1000.000000000000000 ) ;
#5478 = ORIENTED_EDGE ( 'NONE', *, *, #5344, .F. ) ;
#5479 = ORIENTED_EDGE ( 'NONE', *, *, #4390, .F. ) ;
#5480 = DIRECTION ( 'NONE',  ( 0.000000000000000000, 0.000000000000000000, 1.000000000000000000 ) ) ;
#5481 = CARTESIAN_POINT ( 'NONE',  ( -45.16312671864703532, -5.000000000000000000, -45.40297844118586568 ) ) ;
#5482 = VECTOR ( 'NONE', #3046, 1000.000000000000000 ) ;
#5483 = FACE_OUTER_BOUND ( 'NONE', #2153, .T. ) ;
#5484 = CARTESIAN_POINT ( 'NONE',  ( -33.58757210636075285, -3.499999999999972911, 50.37234841721099343 ) ) ;
#5485 = CYLINDRICAL_SURFACE ( 'NONE', #2649, 1.500000000000001332 ) ;
#5486 = DIRECTION ( 'NONE',  ( -0.000000000000000000, 1.000000000000000000, -0.000000000000000000 ) ) ;
#5487 = ORIENTED_EDGE ( 'NONE', *, *, #1026, .F. ) ;
#5488 = EDGE_CURVE ( 'NONE', #9065, #2886, #6810, .T. ) ;
#5489 = ORIENTED_EDGE ( 'NONE', *, *, #3997, .T. ) ;
#5490 = ORIENTED_EDGE ( 'NONE', *, *, #2638, .T. ) ;
#5491 = CARTESIAN_POINT ( 'NONE',  ( 20.20000000000000639, 0.000000000000000000, 1.999999999999998224 ) ) ;
#5492 = CYLINDRICAL_SURFACE ( 'NONE', #6242, 1.600000000000002531 ) ;
#5493 = CARTESIAN_POINT ( 'NONE',  ( 75.93522825193564074, -5.000000000000000000, 33.50882138074144478 ) ) ;
#5494 = DIRECTION ( 'NONE',  ( 0.000000000000000000, 1.000000000000000000, 0.000000000000000000 ) ) ;
#5495 = DIRECTION ( 'NONE',  ( 0.000000000000000000, 1.000000000000000000, -0.000000000000000000 ) ) ;
#5496 = CONICAL_SURFACE ( 'NONE', #5318, 4.600000000000049383, 0.7853981633974498333 ) ;
#5497 = LINE ( 'NONE', #7512, #1748 ) ;
#5498 = ORIENTED_EDGE ( 'NONE', *, *, #6103, .F. ) ;
#5499 = PLANE ( 'NONE',  #8830 ) ;
#5500 = CARTESIAN_POINT ( 'NONE',  ( -28.50000000000000000, -10.00000000000000000, -63.00000000000000000 ) ) ;
#5501 = CARTESIAN_POINT ( 'NONE',  ( 24.25000000000000711, 0.000000000000000000, -42.35000000000000142 ) ) ;
#5502 = VERTEX_POINT ( 'NONE', #2380 ) ;
#5503 = EDGE_LOOP ( 'NONE', ( #182, #7738 ) ) ;
#5504 = ADVANCED_FACE ( 'NONE', ( #9018 ), #5416, .F. ) ;
#5505 = CARTESIAN_POINT ( 'NONE',  ( 24.18305191657981013, -3.500000000000018652, 17.11198410471387277 ) ) ;
#5506 = VERTEX_POINT ( 'NONE', #3057 ) ;
#5507 = DIRECTION ( 'NONE',  ( 8.659560562354956277E-17, -0.7071067811865455743, 0.7071067811865493491 ) ) ;
#5508 = VERTEX_POINT ( 'NONE', #3007 ) ;
#5509 = DIRECTION ( 'NONE',  ( -0.000000000000000000, -1.000000000000000000, -0.000000000000000000 ) ) ;
#5510 = ORIENTED_EDGE ( 'NONE', *, *, #7830, .T. ) ;
#5511 = VECTOR ( 'NONE', #4531, 1000.000000000000114 ) ;
#5512 = ADVANCED_FACE ( 'NONE', ( #891 ), #7098, .F. ) ;
#5513 = AXIS2_PLACEMENT_3D ( 'NONE', #4239, #630, #2073 ) ;
#5514 = CARTESIAN_POINT ( 'NONE',  ( 28.50000000000000000, -10.00000000000000000, -63.00000000000000000 ) ) ;
#5515 = DIRECTION ( 'NONE',  ( 0.000000000000000000, -1.000000000000000000, 0.000000000000000000 ) ) ;
#5516 = VERTEX_POINT ( 'NONE', #5932 ) ;
#5517 = AXIS2_PLACEMENT_3D ( 'NONE', #4297, #2725, #5061 ) ;
#5518 = ORIENTED_EDGE ( 'NONE', *, *, #6944, .T. ) ;
#5519 = ORIENTED_EDGE ( 'NONE', *, *, #8488, .T. ) ;
#5520 = ORIENTED_EDGE ( 'NONE', *, *, #5301, .F. ) ;
#5521 = CARTESIAN_POINT ( 'NONE',  ( 24.25000000000000711, -5.000000000000000000, -53.75000000000000000 ) ) ;
#5522 = CARTESIAN_POINT ( 'NONE',  ( -51.97234841721098775, -3.499999999999972911, 31.98757210636076564 ) ) ;
#5523 = EDGE_CURVE ( 'NONE', #1988, #7109, #8256, .T. ) ;
#5524 = DIRECTION ( 'NONE',  ( 0.000000000000000000, 0.000000000000000000, -1.000000000000000000 ) ) ;
#5525 = EDGE_CURVE ( 'NONE', #1604, #4500, #5207, .T. ) ;
#5526 = AXIS2_PLACEMENT_3D ( 'NONE', #4743, #1949, #3302 ) ;
#5527 = ADVANCED_FACE ( 'NONE', ( #1650 ), #4588, .F. ) ;
#5528 = CARTESIAN_POINT ( 'NONE',  ( 42.00000000000000000, -2.500000000000000000, -51.27890335241848163 ) ) ;
#5529 = CARTESIAN_POINT ( 'NONE',  ( -5.000000000000000888, -3.200000000000000178, 13.00000000000000000 ) ) ;
#5530 = ADVANCED_FACE ( 'NONE', ( #458 ), #9216, .F. ) ;
#5531 = DIRECTION ( 'NONE',  ( 0.000000000000000000, 0.000000000000000000, -1.000000000000000000 ) ) ;
#5532 = ORIENTED_EDGE ( 'NONE', *, *, #5474, .T. ) ;
#5533 = VERTEX_POINT ( 'NONE', #4284 ) ;
#5534 = AXIS2_PLACEMENT_3D ( 'NONE', #2890, #7955, #3491 ) ;
#5535 = EDGE_LOOP ( 'NONE', ( #2574, #6021, #5894, #5316 ) ) ;
#5536 = ORIENTED_EDGE ( 'NONE', *, *, #6416, .T. ) ;
#5537 = CARTESIAN_POINT ( 'NONE',  ( 33.50882138074331351, -3.500000000000000000, 75.93522825193480230 ) ) ;
#5538 = AXIS2_PLACEMENT_3D ( 'NONE', #1283, #5576, #8561 ) ;
#5539 = CARTESIAN_POINT ( 'NONE',  ( -53.45905091433264289, 0.000000000000000000, -61.28727335539448973 ) ) ;
#5540 = CARTESIAN_POINT ( 'NONE',  ( -2.999999999999996447, 0.000000000000000000, 50.11904464837144246 ) ) ;
#5541 = CARTESIAN_POINT ( 'NONE',  ( -33.50000000000000000, -5.000000000000000888, -68.73438437000001500 ) ) ;
#5542 = CARTESIAN_POINT ( 'NONE',  ( -25.89590055950304759, 0.000000000000000000, -26.05952741539715944 ) ) ;
#5543 = LINE ( 'NONE', #492, #1296 ) ;
#5544 = ORIENTED_EDGE ( 'NONE', *, *, #9040, .T. ) ;
#5545 = CIRCLE ( 'NONE', #9517, 1.599999999999997202 ) ;
#5546 = CARTESIAN_POINT ( 'NONE',  ( -28.50000000000000000, 0.000000000000000000, -59.00000000000000000 ) ) ;
#5547 = VECTOR ( 'NONE', #8224, 1000.000000000000000 ) ;
#5548 = CARTESIAN_POINT ( 'NONE',  ( -36.00000000000000711, -5.000000000000000000, -52.00000000000000000 ) ) ;
#5549 = DIRECTION ( 'NONE',  ( -0.000000000000000000, -1.000000000000000000, 0.000000000000000000 ) ) ;
#5550 = ORIENTED_EDGE ( 'NONE', *, *, #6746, .T. ) ;
#5551 = CONICAL_SURFACE ( 'NONE', #2069, 3.000000000000002665, 0.7853981633974510546 ) ;
#5552 = CIRCLE ( 'NONE', #3691, 2.000000000000001776 ) ;
#5553 = EDGE_CURVE ( 'NONE', #2869, #5006, #8718, .T. ) ;
#5554 = AXIS2_PLACEMENT_3D ( 'NONE', #8739, #6431, #4262 ) ;
#5555 = CIRCLE ( 'NONE', #6778, 85.49999999999998579 ) ;
#5556 = ORIENTED_EDGE ( 'NONE', *, *, #8915, .T. ) ;
#5557 = PLANE ( 'NONE',  #5914 ) ;
#5558 = CONICAL_SURFACE ( 'NONE', #4158, 1.599999999999997202, 0.7853981633974533860 ) ;
#5559 = DIRECTION ( 'NONE',  ( -0.000000000000000000, 1.000000000000000000, -0.000000000000000000 ) ) ;
#5560 = AXIS2_PLACEMENT_3D ( 'NONE', #822, #976, #3187 ) ;
#5561 = VERTEX_POINT ( 'NONE', #5003 ) ;
#5562 = DIRECTION ( 'NONE',  ( 0.000000000000000000, 0.000000000000000000, -1.000000000000000000 ) ) ;
#5563 = AXIS2_PLACEMENT_3D ( 'NONE', #7737, #1135, #4069 ) ;
#5564 = AXIS2_PLACEMENT_3D ( 'NONE', #5624, #1917, #8562 ) ;
#5565 = AXIS2_PLACEMENT_3D ( 'NONE', #6929, #2647, #479 ) ;
#5566 = VECTOR ( 'NONE', #6649, 1000.000000000000000 ) ;
#5567 = FACE_OUTER_BOUND ( 'NONE', #7011, .T. ) ;
#5568 = CARTESIAN_POINT ( 'NONE',  ( -21.00000000000000355, -23.60398284226499754, -63.00000000000000000 ) ) ;
#5569 = ORIENTED_EDGE ( 'NONE', *, *, #6873, .F. ) ;
#5570 = ORIENTED_EDGE ( 'NONE', *, *, #4063, .F. ) ;
#5571 = ORIENTED_EDGE ( 'NONE', *, *, #9298, .F. ) ;
#5572 = EDGE_LOOP ( 'NONE', ( #5569, #5169 ) ) ;
#5573 = CARTESIAN_POINT ( 'NONE',  ( 62.57895013500979076, -5.000000000000000000, 27.22361107568131189 ) ) ;
#5574 = AXIS2_PLACEMENT_3D ( 'NONE', #1826, #3278, #9280 ) ;
#5575 = DIRECTION ( 'NONE',  ( 0.000000000000000000, 0.000000000000000000, -1.000000000000000000 ) ) ;
#5576 = DIRECTION ( 'NONE',  ( -0.000000000000000000, -1.000000000000000000, 0.000000000000000000 ) ) ;
#5577 = CARTESIAN_POINT ( 'NONE',  ( -75.93522825193483072, -5.000000000000000000, 33.50882138074332062 ) ) ;
#5578 = CIRCLE ( 'NONE', #3886, 1.531095219467717872 ) ;
#5579 = CARTESIAN_POINT ( 'NONE',  ( -24.25000000000000711, -10.00000000000000000, -42.35000000000000142 ) ) ;
#5580 = ORIENTED_EDGE ( 'NONE', *, *, #5924, .F. ) ;
#5581 = EDGE_CURVE ( 'NONE', #8265, #2886, #7239, .T. ) ;
#5582 = ORIENTED_EDGE ( 'NONE', *, *, #2095, .F. ) ;
#5583 = ADVANCED_FACE ( 'NONE', ( #3353 ), #2842, .F. ) ;
#5584 = EDGE_LOOP ( 'NONE', ( #3668, #2901, #6055, #5127 ) ) ;
#5585 = VERTEX_POINT ( 'NONE', #9432 ) ;
#5586 = CARTESIAN_POINT ( 'NONE',  ( 38.49196988955198151, -3.500000000000000000, 76.34538790275297515 ) ) ;
#5587 = FACE_OUTER_BOUND ( 'NONE', #2124, .T. ) ;
#5588 = CARTESIAN_POINT ( 'NONE',  ( 33.26989437906256342, -3.500000000000011990, 0.2755650238601978774 ) ) ;
#5589 = DIRECTION ( 'NONE',  ( 0.000000000000000000, 0.000000000000000000, -1.000000000000000000 ) ) ;
#5590 = EDGE_CURVE ( 'NONE', #2191, #1909, #6011, .T. ) ;
#5591 = DIRECTION ( 'NONE',  ( -0.000000000000000000, -1.000000000000000000, -0.000000000000000000 ) ) ;
#5592 = FACE_OUTER_BOUND ( 'NONE', #9427, .T. ) ;
#5593 = ORIENTED_EDGE ( 'NONE', *, *, #2976, .F. ) ;
#5594 = CARTESIAN_POINT ( 'NONE',  ( -37.61980861195274173, -3.500000000000000000, -76.77890335241866637 ) ) ;
#5595 = EDGE_CURVE ( 'NONE', #5135, #5516, #4471, .T. ) ;
#5596 = FACE_OUTER_BOUND ( 'NONE', #552, .T. ) ;
#5597 = CARTESIAN_POINT ( 'NONE',  ( -33.58757210636075285, -5.000000000000000000, 48.87234841721094369 ) ) ;
#5598 = VERTEX_POINT ( 'NONE', #7046 ) ;
#5599 = VECTOR ( 'NONE', #2266, 1000.000000000000000 ) ;
#5600 = ORIENTED_EDGE ( 'NONE', *, *, #4444, .F. ) ;
#5601 = DIRECTION ( 'NONE',  ( 0.000000000000000000, -1.000000000000000000, 0.000000000000000000 ) ) ;
#5602 = ADVANCED_FACE ( 'NONE', ( #6908 ), #1346, .F. ) ;
#5603 = DIRECTION ( 'NONE',  ( -0.000000000000000000, -1.000000000000000000, 0.000000000000000000 ) ) ;
#5604 = EDGE_LOOP ( 'NONE', ( #5155, #5017 ) ) ;
#5605 = CARTESIAN_POINT ( 'NONE',  ( -65.24392156416183752, -4.975117396328184505, -14.85318653750329965 ) ) ;
#5606 = AXIS2_PLACEMENT_3D ( 'NONE', #6494, #9297, #3482 ) ;
#5607 = B_SPLINE_CURVE_WITH_KNOTS ( 'NONE', 3,
 ( #6990, #7721, #7764, #1841, #4625, #9008 ),
 .UNSPECIFIED., .F., .F.,
 ( 4, 2, 4 ),
 ( 9.851335625380350225E-18, 0.0007853308434938957062, 0.001570661686987781438 ),
 .UNSPECIFIED. ) ;
#5608 = DIRECTION ( 'NONE',  ( 0.000000000000000000, -1.000000000000000000, -0.000000000000000000 ) ) ;
#5609 = VECTOR ( 'NONE', #4038, 1000.000000000000000 ) ;
#5610 = PRODUCT_DEFINITION_CONTEXT ( 'detailed design', #2868, 'design' ) ;
#5611 = CARTESIAN_POINT ( 'NONE',  ( -20.00000000000000000, -3.499999999999954703, 75.00000000000000000 ) ) ;
#5612 = ORIENTED_EDGE ( 'NONE', *, *, #3529, .F. ) ;
#5613 = EDGE_CURVE ( 'NONE', #9478, #2204, #3099, .T. ) ;
#5614 = VECTOR ( 'NONE', #998, 1000.000000000000000 ) ;
#5615 = FACE_BOUND ( 'NONE', #7001, .T. ) ;
#5616 = ORIENTED_EDGE ( 'NONE', *, *, #7183, .T. ) ;
#5617 = VERTEX_POINT ( 'NONE', #9266 ) ;
#5618 = ORIENTED_EDGE ( 'NONE', *, *, #586, .T. ) ;
#5619 = VERTEX_POINT ( 'NONE', #7777 ) ;
#5620 = FACE_BOUND ( 'NONE', #5503, .T. ) ;
#5621 = DIRECTION ( 'NONE',  ( 0.000000000000000000, 0.000000000000000000, 1.000000000000000000 ) ) ;
#5622 = LINE ( 'NONE', #6975, #7065 ) ;
#5623 = CIRCLE ( 'NONE', #1454, 4.999999999999997335 ) ;
#5624 = CARTESIAN_POINT ( 'NONE',  ( 33.58757210636075285, 0.000000000000000000, 51.97234841721098775 ) ) ;
#5625 = FACE_OUTER_BOUND ( 'NONE', #1308, .T. ) ;
#5626 = ORIENTED_EDGE ( 'NONE', *, *, #1001, .T. ) ;
#5627 = VECTOR ( 'NONE', #145, 1000.000000000000114 ) ;
#5628 = ORIENTED_EDGE ( 'NONE', *, *, #4732, .F. ) ;
#5629 = AXIS2_PLACEMENT_3D ( 'NONE', #5274, #34, #2971 ) ;
#5630 = AXIS2_PLACEMENT_3D ( 'NONE', #1802, #7000, #9164 ) ;
#5631 = ORIENTED_EDGE ( 'NONE', *, *, #5648, .F. ) ;
#5632 = ORIENTED_EDGE ( 'NONE', *, *, #4873, .T. ) ;
#5633 = DIRECTION ( 'NONE',  ( -0.000000000000000000, 1.000000000000000000, -0.000000000000000000 ) ) ;
#5634 = CARTESIAN_POINT ( 'NONE',  ( 41.55417172183269514, -5.000000000000000000, -54.13410027434129290 ) ) ;
#5635 = DIRECTION ( 'NONE',  ( -0.000000000000000000, 1.000000000000000000, -0.000000000000000000 ) ) ;
#5636 = CARTESIAN_POINT ( 'NONE',  ( -24.20000000000000639, -3.499999999999964917, -24.00000000000000355 ) ) ;
#5637 = DIRECTION ( 'NONE',  ( 0.7071067811865388020, -0.000000000000000000, -0.7071067811865563435 ) ) ;
#5638 = DIRECTION ( 'NONE',  ( 0.000000000000000000, 1.000000000000000000, -0.000000000000000000 ) ) ;
#5639 = EDGE_CURVE ( 'NONE', #2509, #1867, #6894, .T. ) ;
#5640 = EDGE_CURVE ( 'NONE', #2105, #9406, #369, .T. ) ;
#5641 = ORIENTED_EDGE ( 'NONE', *, *, #5801, .T. ) ;
#5642 = PLANE ( 'NONE',  #2381 ) ;
#5643 = DIRECTION ( 'NONE',  ( 1.000000000000000000, 0.000000000000000000, 0.000000000000000000 ) ) ;
#5644 = CARTESIAN_POINT ( 'NONE',  ( -33.50882138074143057, -5.000000000000000000, 75.93522825193562653 ) ) ;
#5645 = VECTOR ( 'NONE', #5798, 1000.000000000000000 ) ;
#5646 = EDGE_CURVE ( 'NONE', #9256, #7346, #6497, .T. ) ;
#5647 = EDGE_CURVE ( 'NONE', #7892, #6660, #5086, .T. ) ;
#5648 = EDGE_CURVE ( 'NONE', #6606, #6807, #8672, .T. ) ;
#5649 = EDGE_LOOP ( 'NONE', ( #4218, #2476, #5268, #5882 ) ) ;
#5650 = VECTOR ( 'NONE', #2216, 1000.000000000000114 ) ;
#5651 = EDGE_CURVE ( 'NONE', #6711, #765, #4322, .T. ) ;
#5652 = LINE ( 'NONE', #2756, #6382 ) ;
#5653 = DIRECTION ( 'NONE',  ( 0.000000000000000000, 1.000000000000000000, 0.000000000000000000 ) ) ;
#5654 = EDGE_LOOP ( 'NONE', ( #935, #7844, #1518, #4598 ) ) ;
#5655 = CARTESIAN_POINT ( 'NONE',  ( -5.499999999999998224, -5.000000000000000000, 17.50000000000000000 ) ) ;
#5656 = DIRECTION ( 'NONE',  ( 0.000000000000000000, 0.000000000000000000, 1.000000000000000000 ) ) ;
#5657 = EDGE_LOOP ( 'NONE', ( #1954, #3153, #1968, #6346, #5600, #5125 ) ) ;
#5658 = CARTESIAN_POINT ( 'NONE',  ( 20.20000000000000284, -5.000000000000000000, -21.00000000000000355 ) ) ;
#5659 = VERTEX_POINT ( 'NONE', #8410 ) ;
#5660 = EDGE_LOOP ( 'NONE', ( #9361, #5173, #4212, #423 ) ) ;
#5661 = ORIENTED_EDGE ( 'NONE', *, *, #3814, .T. ) ;
#5662 = ORIENTED_EDGE ( 'NONE', *, *, #1517, .F. ) ;
#5663 = FACE_BOUND ( 'NONE', #8598, .T. ) ;
#5664 = AXIS2_PLACEMENT_3D ( 'NONE', #2031, #3524, #4911 ) ;
#5665 = CARTESIAN_POINT ( 'NONE',  ( -24.50000000000000355, -5.000000000000000000, -27.90000000000009450 ) ) ;
#5666 = ADVANCED_FACE ( 'NONE', ( #1855 ), #4798, .T. ) ;
#5667 = FACE_OUTER_BOUND ( 'NONE', #239, .T. ) ;
#5668 = ORIENTED_EDGE ( 'NONE', *, *, #585, .T. ) ;
#5669 = DIRECTION ( 'NONE',  ( 0.000000000000000000, 0.000000000000000000, 1.000000000000000000 ) ) ;
#5670 = CARTESIAN_POINT ( 'NONE',  ( 62.67442126558891857, 0.000000000000000000, -14.75929021731400859 ) ) ;
#5671 = ORIENTED_EDGE ( 'NONE', *, *, #5735, .F. ) ;
#5672 = ORIENTED_EDGE ( 'NONE', *, *, #2658, .T. ) ;
#5673 = VERTEX_POINT ( 'NONE', #3753 ) ;
#5674 = ORIENTED_EDGE ( 'NONE', *, *, #2709, .F. ) ;
#5675 = CARTESIAN_POINT ( 'NONE',  ( -36.00000000000000711, -3.499999999999972911, -52.00000000000000000 ) ) ;
#5676 = CARTESIAN_POINT ( 'NONE',  ( 36.26116050077870057, -5.000000000000000000, 53.54140070991304867 ) ) ;
#5677 = CARTESIAN_POINT ( 'NONE',  ( 59.93369898680851549, -3.000000000000000000, -8.012597940657382622 ) ) ;
#5678 = LINE ( 'NONE', #1337, #4787 ) ;
#5679 = CONICAL_SURFACE ( 'NONE', #1983, 1.599999999999997202, 0.7853981633974557175 ) ;
#5680 = FACE_OUTER_BOUND ( 'NONE', #3897, .T. ) ;
#5681 = PLANE ( 'NONE',  #830 ) ;
#5682 = VERTEX_POINT ( 'NONE', #1587 ) ;
#5683 = AXIS2_PLACEMENT_3D ( 'NONE', #8301, #4639, #7580 ) ;
#5684 = CARTESIAN_POINT ( 'NONE',  ( 24.20000000000000284, -3.500000000000006661, -60.00000000000000000 ) ) ;
#5685 = EDGE_CURVE ( 'NONE', #6971, #83, #4522, .T. ) ;
#5686 = CARTESIAN_POINT ( 'NONE',  ( -24.50000000000000355, -10.93969696196700170, -30.39999999999999858 ) ) ;
#5687 = DIRECTION ( 'NONE',  ( 0.000000000000000000, 0.000000000000000000, -1.000000000000000000 ) ) ;
#5688 = VECTOR ( 'NONE', #1834, 1000.000000000000000 ) ;
#5689 = ORIENTED_EDGE ( 'NONE', *, *, #6053, .T. ) ;
#5690 = CARTESIAN_POINT ( 'NONE',  ( -55.81821484150231072, -1.750000000000000000, -64.76555328187886573 ) ) ;
#5691 = DIRECTION ( 'NONE',  ( 0.000000000000000000, 0.000000000000000000, -1.000000000000000000 ) ) ;
#5692 = EDGE_CURVE ( 'NONE', #2862, #6232, #5046, .T. ) ;
#5693 = EDGE_CURVE ( 'NONE', #1004, #4259, #2314, .T. ) ;
#5694 = EDGE_CURVE ( 'NONE', #2588, #1424, #6175, .T. ) ;
#5695 = VECTOR ( 'NONE', #964, 1000.000000000000000 ) ;
#5696 = EDGE_CURVE ( 'NONE', #2963, #8015, #2171, .T. ) ;
#5697 = DIRECTION ( 'NONE',  ( 0.000000000000000000, 1.000000000000000000, 0.000000000000000000 ) ) ;
#5698 = AXIS2_PLACEMENT_3D ( 'NONE', #4646, #893, #3727 ) ;
#5699 = VECTOR ( 'NONE', #5424, 999.9999999999998863 ) ;
#5700 = DIRECTION ( 'NONE',  ( 0.000000000000000000, 1.000000000000000000, -0.000000000000000000 ) ) ;
#5701 = VERTEX_POINT ( 'NONE', #7315 ) ;
#5702 = AXIS2_PLACEMENT_3D ( 'NONE', #905, #6874, #6144 ) ;
#5703 = DIRECTION ( 'NONE',  ( 0.000000000000000000, -0.000000000000000000, 1.000000000000000000 ) ) ;
#5704 = ORIENTED_EDGE ( 'NONE', *, *, #8983, .T. ) ;
#5705 = EDGE_CURVE ( 'NONE', #1384, #5784, #5097, .T. ) ;
#5706 = ORIENTED_EDGE ( 'NONE', *, *, #6401, .T. ) ;
#5707 = ORIENTED_EDGE ( 'NONE', *, *, #5801, .F. ) ;
#5708 = FACE_OUTER_BOUND ( 'NONE', #6568, .T. ) ;
#5709 = AXIS2_PLACEMENT_3D ( 'NONE', #8884, #5938, #123 ) ;
#5710 = CARTESIAN_POINT ( 'NONE',  ( -51.97234841721098775, -3.499999999999972911, 33.58757210636076707 ) ) ;
#5711 = AXIS2_PLACEMENT_3D ( 'NONE', #3205, #1653, #946 ) ;
#5712 = FACE_OUTER_BOUND ( 'NONE', #8919, .T. ) ;
#5713 = VERTEX_POINT ( 'NONE', #6541 ) ;
#5714 = DIRECTION ( 'NONE',  ( 0.000000000000000000, 0.000000000000000000, -1.000000000000000000 ) ) ;
#5715 = PLANE ( 'NONE',  #8920 ) ;
#5716 = ORIENTED_EDGE ( 'NONE', *, *, #8348, .F. ) ;
#5717 = ORIENTED_EDGE ( 'NONE', *, *, #4517, .T. ) ;
#5718 = ADVANCED_FACE ( 'NONE', ( #3086 ), #3037, .F. ) ;
#5719 = ORIENTED_EDGE ( 'NONE', *, *, #7397, .F. ) ;
#5720 = ORIENTED_EDGE ( 'NONE', *, *, #2053, .T. ) ;
#5721 = FACE_OUTER_BOUND ( 'NONE', #8794, .T. ) ;
#5722 = FACE_OUTER_BOUND ( 'NONE', #7419, .T. ) ;
#5723 = DIRECTION ( 'NONE',  ( 0.000000000000000000, 0.000000000000000000, -1.000000000000000000 ) ) ;
#5724 = CIRCLE ( 'NONE', #1567, 3.100000000000047162 ) ;
#5725 = FACE_OUTER_BOUND ( 'NONE', #2427, .T. ) ;
#5726 = DIRECTION ( 'NONE',  ( -0.000000000000000000, -1.000000000000000000, -0.000000000000000000 ) ) ;
#5727 = EDGE_LOOP ( 'NONE', ( #7529, #1083, #9313, #6932 ) ) ;
#5728 = CARTESIAN_POINT ( 'NONE',  ( 79.50000000000000000, 0.000000000000000000, -5.000000000000000888 ) ) ;
#5729 = DIRECTION ( 'NONE',  ( -0.000000000000000000, -1.000000000000000000, -0.000000000000000000 ) ) ;
#5730 = DIRECTION ( 'NONE',  ( 0.000000000000000000, 0.000000000000000000, 1.000000000000000000 ) ) ;
#5731 = ORIENTED_EDGE ( 'NONE', *, *, #2501, .T. ) ;
#5732 = DIRECTION ( 'NONE',  ( 0.000000000000000000, 1.000000000000000000, -0.000000000000000000 ) ) ;
#5733 = CARTESIAN_POINT ( 'NONE',  ( -45.16312671864703532, -9.525483399593916545, -43.90297844118579462 ) ) ;
#5734 = AXIS2_PLACEMENT_3D ( 'NONE', #4525, #3089, #875 ) ;
#5735 = EDGE_CURVE ( 'NONE', #1017, #5066, #786, .T. ) ;
#5736 = DIRECTION ( 'NONE',  ( -0.8571673007021110013, 0.000000000000000000, -0.5150380749100563760 ) ) ;
#5737 = EDGE_CURVE ( 'NONE', #2103, #2828, #9295, .T. ) ;
#5738 = CARTESIAN_POINT ( 'NONE',  ( -67.30607546733556035, -5.000000000000000000, -11.27573523923519438 ) ) ;
#5739 = ORIENTED_EDGE ( 'NONE', *, *, #1750, .T. ) ;
#5740 = DIRECTION ( 'NONE',  ( 0.000000000000000000, -0.7071067811865489050, -0.7071067811865462405 ) ) ;
#5741 = ORIENTED_EDGE ( 'NONE', *, *, #8052, .T. ) ;
#5742 = ORIENTED_EDGE ( 'NONE', *, *, #1169, .T. ) ;
#5743 = VERTEX_POINT ( 'NONE', #3802 ) ;
#5744 = ORIENTED_EDGE ( 'NONE', *, *, #7649, .T. ) ;
#5745 = CARTESIAN_POINT ( 'NONE',  ( -35.52742507837646002, -5.000000000000000000, 80.50963959241369139 ) ) ;
#5746 = DIRECTION ( 'NONE',  ( 0.000000000000000000, 0.000000000000000000, 1.000000000000000000 ) ) ;
#5747 = CIRCLE ( 'NONE', #410, 2.000000000000000000 ) ;
#5748 = LINE ( 'NONE', #745, #931 ) ;
#5749 = ORIENTED_EDGE ( 'NONE', *, *, #5692, .F. ) ;
#5750 = EDGE_CURVE ( 'NONE', #3558, #5205, #5408, .T. ) ;
#5751 = DIRECTION ( 'NONE',  ( 0.000000000000000000, 0.000000000000000000, 1.000000000000000000 ) ) ;
#5752 = EDGE_CURVE ( 'NONE', #5506, #2779, #6766, .T. ) ;
#5753 = DIRECTION ( 'NONE',  ( -1.000000000000000000, 0.000000000000000000, 0.000000000000000000 ) ) ;
#5754 = ORIENTED_EDGE ( 'NONE', *, *, #3526, .F. ) ;
#5755 = ORIENTED_EDGE ( 'NONE', *, *, #6307, .F. ) ;
#5756 = ORIENTED_EDGE ( 'NONE', *, *, #4629, .F. ) ;
#5757 = ORIENTED_EDGE ( 'NONE', *, *, #8231, .T. ) ;
#5758 = LINE ( 'NONE', #1335, #4730 ) ;
#5759 = DIRECTION ( 'NONE',  ( -0.000000000000000000, -1.000000000000000000, -0.000000000000000000 ) ) ;
#5760 = LINE ( 'NONE', #1377, #2776 ) ;
#5761 = AXIS2_PLACEMENT_3D ( 'NONE', #7525, #5303, #3000 ) ;
#5762 = CARTESIAN_POINT ( 'NONE',  ( -24.50000000000000355, -2.500000000000064837, -32.50000000000000000 ) ) ;
#5763 = CARTESIAN_POINT ( 'NONE',  ( 33.26989437906256342, -9.525483399593907663, 0.2755650238601978774 ) ) ;
#5764 = FACE_OUTER_BOUND ( 'NONE', #9261, .T. ) ;
#5765 = EDGE_CURVE ( 'NONE', #1290, #2902, #1857, .T. ) ;
#5766 = EDGE_LOOP ( 'NONE', ( #664, #1334, #5519, #7287 ) ) ;
#5767 = AXIS2_PLACEMENT_3D ( 'NONE', #6396, #4903, #6984 ) ;
#5768 = CONICAL_SURFACE ( 'NONE', #7009, 3.100000000000047162, 0.7853981633974502774 ) ;
#5769 = DIRECTION ( 'NONE',  ( -0.000000000000000000, 1.000000000000000000, 0.000000000000000000 ) ) ;
#5770 = PLANE ( 'NONE',  #2746 ) ;
#5771 = CARTESIAN_POINT ( 'NONE',  ( 51.97234841721098775, -3.500000000000015099, 31.98757210636076564 ) ) ;
#5772 = DIRECTION ( 'NONE',  ( 0.000000000000000000, 0.000000000000000000, -1.000000000000000000 ) ) ;
#5773 = CIRCLE ( 'NONE', #253, 3.100000000000075140 ) ;
#5774 = ORIENTED_EDGE ( 'NONE', *, *, #2084, .T. ) ;
#5775 = CARTESIAN_POINT ( 'NONE',  ( 33.26989437906256342, -3.500000000000011990, -1.324434976139800213 ) ) ;
#5776 = LINE ( 'NONE', #8723, #7988 ) ;
#5777 = CIRCLE ( 'NONE', #1801, 4.999999999999997335 ) ;
#5778 = EDGE_CURVE ( 'NONE', #8557, #2618, #2464, .T. ) ;
#5779 = DIRECTION ( 'NONE',  ( 8.659560562354956277E-17, -0.7071067811865455743, 0.7071067811865493491 ) ) ;
#5780 = DIRECTION ( 'NONE',  ( 0.000000000000000000, 0.000000000000000000, -1.000000000000000000 ) ) ;
#5781 = ORIENTED_EDGE ( 'NONE', *, *, #938, .F. ) ;
#5782 = CARTESIAN_POINT ( 'NONE',  ( 79.50000000000000000, -2.499999999999962252, -5.000000000000000888 ) ) ;
#5783 = ORIENTED_EDGE ( 'NONE', *, *, #7522, .F. ) ;
#5784 = VERTEX_POINT ( 'NONE', #5909 ) ;
#5785 = ORIENTED_EDGE ( 'NONE', *, *, #4334, .F. ) ;
#5786 = ORIENTED_EDGE ( 'NONE', *, *, #5005, .F. ) ;
#5787 = DIRECTION ( 'NONE',  ( -1.000000000000000000, 0.000000000000000000, 0.000000000000000000 ) ) ;
#5788 = EDGE_CURVE ( 'NONE', #1063, #6943, #5064, .T. ) ;
#5789 = CARTESIAN_POINT ( 'NONE',  ( -24.20000000000000284, -3.499999999999964917, -58.50000000000000000 ) ) ;
#5790 = DIRECTION ( 'NONE',  ( 0.000000000000000000, 0.000000000000000000, -1.000000000000000000 ) ) ;
#5791 = ORIENTED_EDGE ( 'NONE', *, *, #4891, .F. ) ;
#5792 = CARTESIAN_POINT ( 'NONE',  ( -42.00000000000000000, -2.500000000000000000, -48.27890335241848163 ) ) ;
#5793 = LINE ( 'NONE', #2148, #6614 ) ;
#5794 = ORIENTED_EDGE ( 'NONE', *, *, #8104, .F. ) ;
#5795 = ORIENTED_EDGE ( 'NONE', *, *, #4537, .F. ) ;
#5796 = EDGE_LOOP ( 'NONE', ( #5847, #1087 ) ) ;
#5797 = ORIENTED_EDGE ( 'NONE', *, *, #6748, .F. ) ;
#5798 = DIRECTION ( 'NONE',  ( 0.000000000000000000, -1.000000000000000000, 0.000000000000000000 ) ) ;
#5799 = EDGE_CURVE ( 'NONE', #1677, #2546, #9380, .T. ) ;
#5800 = CARTESIAN_POINT ( 'NONE',  ( -72.39969434600203613, 0.000000000000000000, 37.04435528667602284 ) ) ;
#5801 = EDGE_CURVE ( 'NONE', #7531, #1988, #2065, .T. ) ;
#5802 = LINE ( 'NONE', #2156, #2919 ) ;
#5803 = EDGE_CURVE ( 'NONE', #2267, #6477, #6440, .T. ) ;
#5804 = CARTESIAN_POINT ( 'NONE',  ( 62.57895013500979076, -5.000000000000000000, 27.22361107568131189 ) ) ;
#5805 = CARTESIAN_POINT ( 'NONE',  ( -21.00000000000000355, -5.000000000000004441, -21.00000000000000000 ) ) ;
#5806 = EDGE_CURVE ( 'NONE', #804, #4971, #1689, .T. ) ;
#5807 = DIRECTION ( 'NONE',  ( 0.000000000000000000, 0.000000000000000000, -1.000000000000000000 ) ) ;
#5808 = CIRCLE ( 'NONE', #2889, 85.49999999999998579 ) ;
#5809 = ORIENTED_EDGE ( 'NONE', *, *, #2374, .F. ) ;
#5810 = CARTESIAN_POINT ( 'NONE',  ( -44.99999999999996447, 0.000000000000000000, -48.39927897128465162 ) ) ;
#5811 = AXIS2_PLACEMENT_3D ( 'NONE', #142, #7266, #674 ) ;
#5812 = CARTESIAN_POINT ( 'NONE',  ( -33.58757210636075285, -9.525483399593916545, 50.37234841721099343 ) ) ;
#5813 = DIRECTION ( 'NONE',  ( 0.000000000000000000, 0.000000000000000000, 1.000000000000000000 ) ) ;
#5814 = CARTESIAN_POINT ( 'NONE',  ( -15.00000000000000178, -3.200000000000000178, 11.00000000000000178 ) ) ;
#5815 = ADVANCED_FACE ( 'NONE', ( #7942 ), #5221, .F. ) ;
#5816 = CARTESIAN_POINT ( 'NONE',  ( 44.65177711618091649, 0.000000000000000000, -37.32919501364717974 ) ) ;
#5817 = AXIS2_PLACEMENT_3D ( 'NONE', #1084, #413, #455 ) ;
#5818 = ORIENTED_EDGE ( 'NONE', *, *, #9114, .T. ) ;
#5819 = VECTOR ( 'NONE', #4217, 1000.000000000000114 ) ;
#5820 = CARTESIAN_POINT ( 'NONE',  ( 21.00000000000000355, 0.000000000000000000, -21.00000000000000000 ) ) ;
#5821 = LINE ( 'NONE', #8675, #2614 ) ;
#5822 = EDGE_CURVE ( 'NONE', #7659, #388, #932, .T. ) ;
#5823 = VECTOR ( 'NONE', #1738, 1000.000000000000000 ) ;
#5824 = CARTESIAN_POINT ( 'NONE',  ( 24.18305191657981013, -5.000000000000000000, 17.11198410471387277 ) ) ;
#5825 = AXIS2_PLACEMENT_3D ( 'NONE', #2302, #7303, #757 ) ;
#5826 = LINE ( 'NONE', #7958, #3322 ) ;
#5827 = EDGE_LOOP ( 'NONE', ( #8432, #8596, #6484, #7476 ) ) ;
#5828 = CARTESIAN_POINT ( 'NONE',  ( -5.499999999999998224, 0.000000000000000000, 15.90000000000000036 ) ) ;
#5829 = VERTEX_POINT ( 'NONE', #9378 ) ;
#5830 = EDGE_LOOP ( 'NONE', ( #1516, #5271 ) ) ;
#5831 = VECTOR ( 'NONE', #6355, 1000.000000000000000 ) ;
#5832 = ORIENTED_EDGE ( 'NONE', *, *, #4463, .T. ) ;
#5833 = VERTEX_POINT ( 'NONE', #3477 ) ;
#5834 = DIRECTION ( 'NONE',  ( 0.000000000000000000, 0.000000000000000000, 1.000000000000000000 ) ) ;
#5835 = LINE ( 'NONE', #4902, #2332 ) ;
#5836 = CIRCLE ( 'NONE', #1699, 3.000000000000002665 ) ;
#5837 = CARTESIAN_POINT ( 'NONE',  ( 33.58757210636075285, -5.000000000000000000, 55.07234841721098206 ) ) ;
#5838 = CARTESIAN_POINT ( 'NONE',  ( -43.96751866459680258, -3.000000000000000000, -34.58478426242284343 ) ) ;
#5839 = ORIENTED_EDGE ( 'NONE', *, *, #6337, .T. ) ;
#5840 = FACE_OUTER_BOUND ( 'NONE', #128, .T. ) ;
#5841 = VECTOR ( 'NONE', #607, 1000.000000000000000 ) ;
#5842 = CARTESIAN_POINT ( 'NONE',  ( -33.26989437906256342, -3.499999999999972911, -1.324434976139800213 ) ) ;
#5843 = ORIENTED_EDGE ( 'NONE', *, *, #1026, .T. ) ;
#5844 = ORIENTED_EDGE ( 'NONE', *, *, #1529, .T. ) ;
#5845 = PRESENTATION_LAYER_ASSIGNMENT (  '', '', ( #6941 ) ) ;
#5846 = ORIENTED_EDGE ( 'NONE', *, *, #5051, .T. ) ;
#5847 = ORIENTED_EDGE ( 'NONE', *, *, #7041, .T. ) ;
#5848 = DIRECTION ( 'NONE',  ( 0.000000000000000000, 0.000000000000000000, 1.000000000000000000 ) ) ;
#5849 = VECTOR ( 'NONE', #8309, 1000.000000000000000 ) ;
#5850 = CARTESIAN_POINT ( 'NONE',  ( 21.00000000000000355, -5.000000000000004441, -29.51503768868028033 ) ) ;
#5851 = CARTESIAN_POINT ( 'NONE',  ( 3.469446951953614189E-13, -5.000000000000000000, 5.551115123125782702E-14 ) ) ;
#5852 = AXIS2_PLACEMENT_3D ( 'NONE', #989, #8207, #3874 ) ;
#5853 = DIRECTION ( 'NONE',  ( 0.000000000000000000, 0.000000000000000000, 1.000000000000000000 ) ) ;
#5854 = DIRECTION ( 'NONE',  ( 1.000000000000000000, 0.000000000000000000, 0.000000000000000000 ) ) ;
#5855 = CYLINDRICAL_SURFACE ( 'NONE', #2947, 1.599999999999997202 ) ;
#5856 = EDGE_LOOP ( 'NONE', ( #6268, #7025, #4711, #1143 ) ) ;
#5857 = AXIS2_PLACEMENT_3D ( 'NONE', #6987, #491, #6305 ) ;
#5858 = ADVANCED_FACE ( 'NONE', ( #2793 ), #7897, .T. ) ;
#5859 = ADVANCED_FACE ( 'NONE', ( #5680 ), #1338, .T. ) ;
#5860 = AXIS2_PLACEMENT_3D ( 'NONE', #8412, #4592, #8307 ) ;
#5861 = ADVANCED_FACE ( 'NONE', ( #4232 ), #7982, .T. ) ;
#5862 = DIRECTION ( 'NONE',  ( -0.000000000000000000, -1.000000000000000000, -0.000000000000000000 ) ) ;
#5863 = EDGE_CURVE ( 'NONE', #2506, #9272, #4916, .T. ) ;
#5864 = DIRECTION ( 'NONE',  ( -1.000000000000000000, 0.000000000000000000, -0.000000000000000000 ) ) ;
#5865 = CARTESIAN_POINT ( 'NONE',  ( -55.81821484150226098, 0.000000000000000000, -64.76555328187889415 ) ) ;
#5866 = DIRECTION ( 'NONE',  ( 0.000000000000000000, 0.000000000000000000, -1.000000000000000000 ) ) ;
#5867 = CARTESIAN_POINT ( 'NONE',  ( -33.26989437906256342, 0.000000000000000000, -1.324434976139800213 ) ) ;
#5868 = ORIENTED_EDGE ( 'NONE', *, *, #645, .T. ) ;
#5869 = ADVANCED_FACE ( 'NONE', ( #2744 ), #2024, .T. ) ;
#5870 = AXIS2_PLACEMENT_3D ( 'NONE', #2794, #3433, #7898 ) ;
#5871 = LINE ( 'NONE', #729, #5151 ) ;
#5872 = DIRECTION ( 'NONE',  ( 0.000000000000000000, -1.000000000000000000, 0.000000000000000000 ) ) ;
#5873 = DIRECTION ( 'NONE',  ( -0.000000000000000000, 1.000000000000000000, 0.000000000000000000 ) ) ;
#5874 = ADVANCED_FACE ( 'NONE', ( #7262 ), #7080, .F. ) ;
#5875 = CARTESIAN_POINT ( 'NONE',  ( 28.11951362996199677, -9.525483399593907663, -9.896107983160918664 ) ) ;
#5876 = ORIENTED_EDGE ( 'NONE', *, *, #9230, .F. ) ;
#5877 = CARTESIAN_POINT ( 'NONE',  ( -24.18305191657981013, -5.000000000000000000, 17.11198410471387277 ) ) ;
#5878 = ORIENTED_EDGE ( 'NONE', *, *, #772, .T. ) ;
#5879 = ORIENTED_EDGE ( 'NONE', *, *, #7534, .T. ) ;
#5880 = AXIS2_PLACEMENT_3D ( 'NONE', #1742, #4731, #2415 ) ;
#5881 = ORIENTED_EDGE ( 'NONE', *, *, #940, .T. ) ;
#5882 = ORIENTED_EDGE ( 'NONE', *, *, #3382, .T. ) ;
#5883 =( LENGTH_UNIT ( ) NAMED_UNIT ( * ) SI_UNIT ( .MILLI., .METRE. ) );
#5884 = DIRECTION ( 'NONE',  ( 0.000000000000000000, 0.000000000000000000, -1.000000000000000000 ) ) ;
#5885 = DIRECTION ( 'NONE',  ( -0.000000000000000000, 1.000000000000000000, -0.000000000000000000 ) ) ;
#5886 = DIRECTION ( 'NONE',  ( 0.000000000000000000, 0.000000000000000000, 1.000000000000000000 ) ) ;
#5887 = ORIENTED_EDGE ( 'NONE', *, *, #6284, .F. ) ;
#5888 = VECTOR ( 'NONE', #6678, 1000.000000000000000 ) ;
#5889 = LINE ( 'NONE', #7253, #5993 ) ;
#5890 = ADVANCED_FACE ( 'NONE', ( #5725 ), #4905, .F. ) ;
#5891 = DIRECTION ( 'NONE',  ( 0.8571673007021269886, 0.000000000000000000, -0.5150380749100296196 ) ) ;
#5892 = VERTEX_POINT ( 'NONE', #3608 ) ;
#5893 = EDGE_LOOP ( 'NONE', ( #8013, #5397, #798, #309 ) ) ;
#5894 = ORIENTED_EDGE ( 'NONE', *, *, #4994, .F. ) ;
#5895 = VERTEX_POINT ( 'NONE', #2875 ) ;
#5896 = DIRECTION ( 'NONE',  ( -0.000000000000000000, -1.000000000000000000, -0.000000000000000000 ) ) ;
#5897 = CARTESIAN_POINT ( 'NONE',  ( -42.00000000000000000, 0.000000000000000000, -51.27890335241848163 ) ) ;
#5898 = LINE ( 'NONE', #669, #8770 ) ;
#5899 = VECTOR ( 'NONE', #3762, 1000.000000000000000 ) ;
#5900 = DIRECTION ( 'NONE',  ( -0.000000000000000000, -1.000000000000000000, 0.000000000000000000 ) ) ;
#5901 = LINE ( 'NONE', #4417, #4771 ) ;
#5902 = AXIS2_PLACEMENT_3D ( 'NONE', #588, #5039, #2071 ) ;
#5903 = FACE_OUTER_BOUND ( 'NONE', #2815, .T. ) ;
#5904 = EDGE_LOOP ( 'NONE', ( #8422, #3591, #41, #2358 ) ) ;
#5905 = DIRECTION ( 'NONE',  ( 0.000000000000000000, 0.000000000000000000, 1.000000000000000000 ) ) ;
#5906 = AXIS2_PLACEMENT_3D ( 'NONE', #2765, #5700, #5780 ) ;
#5907 = LINE ( 'NONE', #7459, #3486 ) ;
#5908 = LINE ( 'NONE', #7268, #1043 ) ;
#5909 = CARTESIAN_POINT ( 'NONE',  ( 24.25000000000000711, 0.000000000000000000, -39.15000000000000568 ) ) ;
#5910 = EDGE_CURVE ( 'NONE', #6101, #944, #8032, .T. ) ;
#5911 = DIRECTION ( 'NONE',  ( -0.000000000000000000, 1.000000000000000000, -0.000000000000000000 ) ) ;
#5912 = CARTESIAN_POINT ( 'NONE',  ( -24.50000000000000355, -5.000000000000000000, -32.50000000000000000 ) ) ;
#5913 = VECTOR ( 'NONE', #8999, 1000.000000000000000 ) ;
#5914 = AXIS2_PLACEMENT_3D ( 'NONE', #6123, #1902, #7774 ) ;
#5915 = ORIENTED_EDGE ( 'NONE', *, *, #8232, .F. ) ;
#5916 = VECTOR ( 'NONE', #5779, 1000.000000000000114 ) ;
#5917 = CARTESIAN_POINT ( 'NONE',  ( -28.11951362996199677, 0.000000000000000000, -9.896107983160918664 ) ) ;
#5918 = AXIS2_PLACEMENT_3D ( 'NONE', #2453, #7610, #6157 ) ;
#5919 = CARTESIAN_POINT ( 'NONE',  ( -83.38965392397047083, -3.500000000000000000, -18.87897291804910438 ) ) ;
#5920 = CARTESIAN_POINT ( 'NONE',  ( -62.67442126558891857, -9.525483399593916545, -14.75929021731400859 ) ) ;
#5921 = VECTOR ( 'NONE', #3244, 1000.000000000000000 ) ;
#5922 = EDGE_CURVE ( 'NONE', #245, #3148, #4300, .T. ) ;
#5923 = EDGE_CURVE ( 'NONE', #1747, #2618, #7305, .T. ) ;
#5924 = EDGE_CURVE ( 'NONE', #4098, #2133, #3396, .T. ) ;
#5925 = EDGE_CURVE ( 'NONE', #3688, #2682, #4558, .T. ) ;
#5926 = CARTESIAN_POINT ( 'NONE',  ( 39.00000000000000000, 0.000000000000000000, -76.08712111783438559 ) ) ;
#5927 = DIRECTION ( 'NONE',  ( -0.000000000000000000, -0.000000000000000000, 1.000000000000000000 ) ) ;
#5928 = VERTEX_POINT ( 'NONE', #5131 ) ;
#5929 = DIRECTION ( 'NONE',  ( -0.000000000000000000, 1.000000000000000000, 0.000000000000000000 ) ) ;
#5930 = EDGE_LOOP ( 'NONE', ( #8829, #3560, #5111, #1863 ) ) ;
#5931 = EDGE_LOOP ( 'NONE', ( #789, #7071, #660, #2625 ) ) ;
#5932 = CARTESIAN_POINT ( 'NONE',  ( -62.67442126558891857, 0.000000000000000000, -11.55929021731400042 ) ) ;
#5933 = ORIENTED_EDGE ( 'NONE', *, *, #8287, .T. ) ;
#5934 = VERTEX_POINT ( 'NONE', #7496 ) ;
#5935 = LINE ( 'NONE', #1652, #2939 ) ;
#5936 = FACE_OUTER_BOUND ( 'NONE', #3371, .T. ) ;
#5937 = CIRCLE ( 'NONE', #8251, 1.600000000000000755 ) ;
#5938 = DIRECTION ( 'NONE',  ( 0.000000000000000000, 1.000000000000000000, -0.000000000000000000 ) ) ;
#5939 = DIRECTION ( 'NONE',  ( -0.000000000000000000, 1.000000000000000000, -0.000000000000000000 ) ) ;
#5940 = ORIENTED_EDGE ( 'NONE', *, *, #7041, .F. ) ;
#5941 = FACE_OUTER_BOUND ( 'NONE', #604, .T. ) ;
#5942 = FACE_OUTER_BOUND ( 'NONE', #3389, .T. ) ;
#5943 = VERTEX_POINT ( 'NONE', #3840 ) ;
#5944 = ORIENTED_EDGE ( 'NONE', *, *, #3692, .T. ) ;
#5945 = ORIENTED_EDGE ( 'NONE', *, *, #3981, .F. ) ;
#5946 = ORIENTED_EDGE ( 'NONE', *, *, #7992, .T. ) ;
#5947 = DIRECTION ( 'NONE',  ( -1.000000000000000000, 0.000000000000000000, 4.869399230812090436E-16 ) ) ;
#5948 = CARTESIAN_POINT ( 'NONE',  ( 17.00000000000000000, -3.199999999999994404, -21.00000000000000000 ) ) ;
#5949 = FACE_OUTER_BOUND ( 'NONE', #6866, .T. ) ;
#5950 = PRODUCT_DEFINITION ( 'UNKNOWN', '', #4895, #5610 ) ;
#5951 = DIRECTION ( 'NONE',  ( -0.000000000000000000, 1.000000000000000000, -0.000000000000000000 ) ) ;
#5952 = DIRECTION ( 'NONE',  ( -0.000000000000000000, 1.000000000000000000, -0.000000000000000000 ) ) ;
#5953 = LINE ( 'NONE', #9515, #6638 ) ;
#5954 = CARTESIAN_POINT ( 'NONE',  ( 20.20000000000000284, -9.330591249311714463, -19.50000000000000355 ) ) ;
#5955 = DIRECTION ( 'NONE',  ( -1.508455196501601012E-15, 0.000000000000000000, -1.000000000000000000 ) ) ;
#5956 = CARTESIAN_POINT ( 'NONE',  ( 85.19872855988063520, -5.000000000000000000, -22.02672585246786241 ) ) ;
#5957 = DIRECTION ( 'NONE',  ( 0.000000000000000000, 0.000000000000000000, 1.000000000000000000 ) ) ;
#5958 = CARTESIAN_POINT ( 'NONE',  ( 33.49999999999999289, -4.684276345874089031, -64.74121552509741662 ) ) ;
#5959 = AXIS2_PLACEMENT_3D ( 'NONE', #828, #4430, #8097 ) ;
#5960 = DIRECTION ( 'NONE',  ( 0.000000000000000000, 0.000000000000000000, 1.000000000000000000 ) ) ;
#5961 = AXIS2_PLACEMENT_3D ( 'NONE', #7620, #1898, #6170 ) ;
#5962 = DIRECTION ( 'NONE',  ( 0.000000000000000000, 0.000000000000000000, -1.000000000000000000 ) ) ;
#5963 = ORIENTED_EDGE ( 'NONE', *, *, #6566, .T. ) ;
#5964 = AXIS2_PLACEMENT_3D ( 'NONE', #197, #7606, #8995 ) ;
#5965 = EDGE_CURVE ( 'NONE', #6779, #6202, #4454, .T. ) ;
#5966 = DIRECTION ( 'NONE',  ( -0.000000000000000000, -1.000000000000000000, -0.000000000000000000 ) ) ;
#5967 = LINE ( 'NONE', #8198, #1824 ) ;
#5968 = FACE_OUTER_BOUND ( 'NONE', #3024, .T. ) ;
#5969 = CARTESIAN_POINT ( 'NONE',  ( -36.00000000000000711, 0.000000000000000000, -67.60000000000000853 ) ) ;
#5970 = AXIS2_PLACEMENT_3D ( 'NONE', #1584, #6582, #5955 ) ;
#5971 = ADVANCED_FACE ( 'NONE', ( #3028 ), #8271, .F. ) ;
#5972 = LINE ( 'NONE', #8918, #3929 ) ;
#5973 = ADVANCED_FACE ( 'NONE', ( #6776 ), #6001, .F. ) ;
#5974 = ORIENTED_EDGE ( 'NONE', *, *, #3115, .T. ) ;
#5975 = CIRCLE ( 'NONE', #9215, 1.599999999999997202 ) ;
#5976 = EDGE_CURVE ( 'NONE', #6645, #9495, #190, .T. ) ;
#5977 = LINE ( 'NONE', #8874, #5364 ) ;
#5978 = AXIS2_PLACEMENT_3D ( 'NONE', #5132, #1481, #5179 ) ;
#5979 = EDGE_LOOP ( 'NONE', ( #3951, #912, #6255, #4434 ) ) ;
#5980 = CARTESIAN_POINT ( 'NONE',  ( 20.20000000000000639, -3.499999999999962252, 1.999999999999998224 ) ) ;
#5981 = VERTEX_POINT ( 'NONE', #2399 ) ;
#5982 = ORIENTED_EDGE ( 'NONE', *, *, #4335, .T. ) ;
#5983 = EDGE_CURVE ( 'NONE', #4481, #6151, #3852, .T. ) ;
#5984 = CARTESIAN_POINT ( 'NONE',  ( -86.71302124127568334, -5.000000000000000000, -14.99506409489707615 ) ) ;
#5985 = CARTESIAN_POINT ( 'NONE',  ( 15.00000000000000178, -3.200000000000000178, 12.99999999999999467 ) ) ;
#5986 = CARTESIAN_POINT ( 'NONE',  ( 43.96751866459680258, -3.000000000000000000, -34.58478426242284343 ) ) ;
#5987 = CIRCLE ( 'NONE', #4294, 5.000000000000004441 ) ;
#5988 = FACE_OUTER_BOUND ( 'NONE', #7257, .T. ) ;
#5989 = CARTESIAN_POINT ( 'NONE',  ( 47.60003009529459206, -4.899833574249585766, -44.07210223019161077 ) ) ;
#5990 = ORIENTED_EDGE ( 'NONE', *, *, #2753, .T. ) ;
#5991 = VECTOR ( 'NONE', #4366, 1000.000000000000000 ) ;
#5992 = ORIENTED_EDGE ( 'NONE', *, *, #2184, .F. ) ;
#5993 = VECTOR ( 'NONE', #8654, 999.9999999999998863 ) ;
#5994 = ORIENTED_EDGE ( 'NONE', *, *, #8216, .F. ) ;
#5995 = ORIENTED_EDGE ( 'NONE', *, *, #1837, .T. ) ;
#5996 = DIRECTION ( 'NONE',  ( -0.000000000000000000, -1.000000000000000000, -0.000000000000000000 ) ) ;
#5997 = AXIS2_PLACEMENT_3D ( 'NONE', #7128, #3474, #6397 ) ;
#5998 = CARTESIAN_POINT ( 'NONE',  ( 3.000000000000003997, 0.000000000000000000, 13.00000000000000000 ) ) ;
#5999 = CARTESIAN_POINT ( 'NONE',  ( -31.00000000000000000, -5.000000000000000000, -59.00000000000000000 ) ) ;
#6000 = AXIS2_PLACEMENT_3D ( 'NONE', #3783, #2432, #1716 ) ;
#6001 = PLANE ( 'NONE',  #8000 ) ;
#6002 = DIRECTION ( 'NONE',  ( 0.000000000000000000, 0.000000000000000000, -1.000000000000000000 ) ) ;
#6003 = CIRCLE ( 'NONE', #3698, 3.100000000000040057 ) ;
#6004 = EDGE_LOOP ( 'NONE', ( #412, #8742, #3357, #6809 ) ) ;
#6005 = CARTESIAN_POINT ( 'NONE',  ( -59.04341622907632825, 0.000000000000000000, 30.75914498161555599 ) ) ;
#6006 = ORIENTED_EDGE ( 'NONE', *, *, #7584, .F. ) ;
#6007 = VECTOR ( 'NONE', #8306, 1000.000000000000000 ) ;
#6008 = EDGE_CURVE ( 'NONE', #8131, #2854, #860, .T. ) ;
#6009 = AXIS2_PLACEMENT_3D ( 'NONE', #8092, #6016, #6842 ) ;
#6010 = CARTESIAN_POINT ( 'NONE',  ( 31.00000000000000355, -5.000000000000000888, -61.50000000000000000 ) ) ;
#6011 = CIRCLE ( 'NONE', #4163, 5.000000000000000888 ) ;
#6012 = DIRECTION ( 'NONE',  ( 0.000000000000000000, 0.000000000000000000, -1.000000000000000000 ) ) ;
#6013 = CARTESIAN_POINT ( 'NONE',  ( -51.97234841721098775, -5.000000000000000000, 36.68757210636081112 ) ) ;
#6014 = DIRECTION ( 'NONE',  ( -0.000000000000000000, 1.000000000000000000, -0.000000000000000000 ) ) ;
#6015 = CARTESIAN_POINT ( 'NONE',  ( -33.26989437906256342, -5.000000000000000000, -1.324434976139800213 ) ) ;
#6016 = DIRECTION ( 'NONE',  ( -0.000000000000000000, -1.000000000000000000, 0.000000000000000000 ) ) ;
#6017 = VECTOR ( 'NONE', #7800, 1000.000000000000000 ) ;
#6018 = CIRCLE ( 'NONE', #4635, 3.099999999999991651 ) ;
#6019 = CYLINDRICAL_SURFACE ( 'NONE', #1285, 1.531095219467717872 ) ;
#6020 = CIRCLE ( 'NONE', #8789, 1.500000000000001332 ) ;
#6021 = ORIENTED_EDGE ( 'NONE', *, *, #6690, .T. ) ;
#6022 = DIRECTION ( 'NONE',  ( -0.000000000000000000, -1.000000000000000000, -0.000000000000000000 ) ) ;
#6023 = CARTESIAN_POINT ( 'NONE',  ( -45.16312671864703532, -3.499999999999944933, -43.90297844118579462 ) ) ;
#6024 = VECTOR ( 'NONE', #7759, 1000.000000000000000 ) ;
#6025 = CYLINDRICAL_SURFACE ( 'NONE', #6066, 88.00000000000009948 ) ;
#6026 = DIRECTION ( 'NONE',  ( 1.000000000000000000, -0.000000000000000000, -0.000000000000000000 ) ) ;
#6027 = DIRECTION ( 'NONE',  ( -0.000000000000000000, 1.000000000000000000, -0.000000000000000000 ) ) ;
#6028 = ORIENTED_EDGE ( 'NONE', *, *, #2990, .T. ) ;
#6029 = CARTESIAN_POINT ( 'NONE',  ( 43.96751866459680258, -3.000000000000000000, -34.58478426242284343 ) ) ;
#6030 = ORIENTED_EDGE ( 'NONE', *, *, #8287, .F. ) ;
#6031 = CARTESIAN_POINT ( 'NONE',  ( -39.00000000000000000, 0.000000000000000000, -76.08712111783438559 ) ) ;
#6032 = ORIENTED_EDGE ( 'NONE', *, *, #7166, .F. ) ;
#6033 = CARTESIAN_POINT ( 'NONE',  ( -21.00000000000000711, -5.000000000000004441, -76.77890335241860953 ) ) ;
#6034 = CARTESIAN_POINT ( 'NONE',  ( 0.000000000000000000, -3.500000000000000000, 0.000000000000000000 ) ) ;
#6035 = EDGE_CURVE ( 'NONE', #3832, #3586, #158, .T. ) ;
#6036 = CARTESIAN_POINT ( 'NONE',  ( -43.96751866459680258, 0.000000000000000000, -36.58478426242284343 ) ) ;
#6037 = EDGE_CURVE ( 'NONE', #1094, #4641, #3240, .T. ) ;
#6038 = ADVANCED_FACE ( 'NONE', ( #136 ), #2770, .F. ) ;
#6039 = CARTESIAN_POINT ( 'NONE',  ( -24.50000000000000355, -2.500000000000064837, -30.39999999999999858 ) ) ;
#6040 = CARTESIAN_POINT ( 'NONE',  ( 69.01672159629573855, -5.000000000000000000, -18.13676211729656274 ) ) ;
#6041 = ORIENTED_EDGE ( 'NONE', *, *, #9117, .F. ) ;
#6042 = B_SPLINE_CURVE_WITH_KNOTS ( 'NONE', 3,
 ( #1067, #1926, #3473, #2512, #9194, #5444 ),
 .UNSPECIFIED., .F., .F.,
 ( 4, 2, 4 ),
 ( 8.673617379884035472E-19, 0.0007853308434951063264, 0.001570661686990211785 ),
 .UNSPECIFIED. ) ;
#6043 = ORIENTED_EDGE ( 'NONE', *, *, #5025, .T. ) ;
#6044 = ORIENTED_EDGE ( 'NONE', *, *, #8813, .T. ) ;
#6045 = EDGE_LOOP ( 'NONE', ( #2203, #3326, #8215, #7014, #1064 ) ) ;
#6046 = CARTESIAN_POINT ( 'NONE',  ( 33.26989437906256342, -5.000000000000000000, -1.324434976139800213 ) ) ;
#6047 = CYLINDRICAL_SURFACE ( 'NONE', #5629, 2.000000000000001776 ) ;
#6048 = LINE ( 'NONE', #5374, #7089 ) ;
#6049 = EDGE_CURVE ( 'NONE', #3586, #2013, #3653, .T. ) ;
#6050 = DIRECTION ( 'NONE',  ( -0.000000000000000000, 1.000000000000000000, -0.000000000000000000 ) ) ;
#6051 = EDGE_CURVE ( 'NONE', #5673, #3831, #6452, .T. ) ;
#6052 = VECTOR ( 'NONE', #8044, 1000.000000000000000 ) ;
#6053 = EDGE_CURVE ( 'NONE', #1909, #8685, #2256, .T. ) ;
#6054 = DIRECTION ( 'NONE',  ( -0.000000000000000000, -1.000000000000000000, 0.000000000000000000 ) ) ;
#6055 = ORIENTED_EDGE ( 'NONE', *, *, #646, .T. ) ;
#6056 = CARTESIAN_POINT ( 'NONE',  ( 20.00000000000000000, -3.499999999999954703, 73.39999999999999147 ) ) ;
#6057 = ORIENTED_EDGE ( 'NONE', *, *, #3759, .F. ) ;
#6058 = FACE_BOUND ( 'NONE', #1519, .T. ) ;
#6059 = EDGE_LOOP ( 'NONE', ( #362, #7394 ) ) ;
#6060 = CARTESIAN_POINT ( 'NONE',  ( 53.94915334338337942, -3.500000000000000000, -69.52329719980279776 ) ) ;
#6061 = DIRECTION ( 'NONE',  ( 0.000000000000000000, 0.000000000000000000, 1.000000000000000000 ) ) ;
#6062 = DIRECTION ( 'NONE',  ( 0.000000000000000000, -1.000000000000000000, 0.000000000000000000 ) ) ;
#6063 = FACE_OUTER_BOUND ( 'NONE', #2393, .T. ) ;
#6064 = DIRECTION ( 'NONE',  ( 0.000000000000000000, 1.000000000000000000, -0.000000000000000000 ) ) ;
#6065 = CARTESIAN_POINT ( 'NONE',  ( 21.00000000000000355, -4.049615502116401977, -33.56535007873389276 ) ) ;
#6066 = AXIS2_PLACEMENT_3D ( 'NONE', #8249, #4579, #5348 ) ;
#6067 = EDGE_LOOP ( 'NONE', ( #9317, #4585, #4985, #7204, #2252, #401 ) ) ;
#6068 = CARTESIAN_POINT ( 'NONE',  ( -51.97234841721098775, 0.000000000000000000, 35.18757210636076138 ) ) ;
#6069 = CARTESIAN_POINT ( 'NONE',  ( 36.00000000000000711, -5.000000000000000000, -66.00000000000000000 ) ) ;
#6070 = CARTESIAN_POINT ( 'NONE',  ( 31.00000000000000355, -23.60398284226499754, -61.50000000000000000 ) ) ;
#6071 = CARTESIAN_POINT ( 'NONE',  ( 28.11951362996199677, -5.000000000000000000, -9.896107983160918664 ) ) ;
#6072 = ADVANCED_FACE ( 'NONE', ( #8181 ), #3087, .F. ) ;
#6073 = VECTOR ( 'NONE', #2850, 1000.000000000000000 ) ;
#6074 = DIRECTION ( 'NONE',  ( 0.000000000000000000, 1.000000000000000000, -0.000000000000000000 ) ) ;
#6075 = ORIENTED_EDGE ( 'NONE', *, *, #4831, .F. ) ;
#6076 = CIRCLE ( 'NONE', #6850, 2.100000000000004530 ) ;
#6077 = DIRECTION ( 'NONE',  ( -0.000000000000000000, 1.000000000000000000, -0.000000000000000000 ) ) ;
#6078 = EDGE_LOOP ( 'NONE', ( #6844, #4561, #2691, #5580 ) ) ;
#6079 = DIRECTION ( 'NONE',  ( 0.000000000000000000, 1.000000000000000000, -0.000000000000000000 ) ) ;
#6080 = VERTEX_POINT ( 'NONE', #6677 ) ;
#6081 = DIRECTION ( 'NONE',  ( 0.000000000000000000, 0.000000000000000000, -1.000000000000000000 ) ) ;
#6082 = DIRECTION ( 'NONE',  ( 0.000000000000000000, 0.000000000000000000, -1.000000000000000000 ) ) ;
#6083 = ADVANCED_FACE ( 'NONE', ( #8081 ), #1480, .F. ) ;
#6084 = CARTESIAN_POINT ( 'NONE',  ( -48.13688621651800048, -5.000000000000000000, -43.17862360266543220 ) ) ;
#6085 = DIRECTION ( 'NONE',  ( -0.000000000000000000, 1.000000000000000000, -0.000000000000000000 ) ) ;
#6086 = DIRECTION ( 'NONE',  ( 0.000000000000000000, 0.000000000000000000, -1.000000000000000000 ) ) ;
#6087 = VERTEX_POINT ( 'NONE', #6726 ) ;
#6088 = EDGE_CURVE ( 'NONE', #9471, #7918, #1579, .T. ) ;
#6089 = ORIENTED_EDGE ( 'NONE', *, *, #8008, .F. ) ;
#6090 = AXIS2_PLACEMENT_3D ( 'NONE', #6361, #2617, #2750 ) ;
#6091 = EDGE_LOOP ( 'NONE', ( #605, #8452, #9080, #7691 ) ) ;
#6092 = EDGE_LOOP ( 'NONE', ( #3163, #7797 ) ) ;
#6093 = FACE_OUTER_BOUND ( 'NONE', #1900, .T. ) ;
#6094 = CARTESIAN_POINT ( 'NONE',  ( 36.00000000000000711, -5.000000000000000000, -48.90000000000006253 ) ) ;
#6095 = DIRECTION ( 'NONE',  ( 0.000000000000000000, -1.000000000000000000, 0.000000000000000000 ) ) ;
#6096 = LINE ( 'NONE', #3217, #1095 ) ;
#6097 = CARTESIAN_POINT ( 'NONE',  ( 20.20000000000000284, -5.000000000000000000, -18.00000000000000355 ) ) ;
#6099 = EDGE_LOOP ( 'NONE', ( #5319, #6314, #1184, #9214 ) ) ;
#6098 = VECTOR ( 'NONE', #3525, 1000.000000000000000 ) ;
#6100 = DIRECTION ( 'NONE',  ( 0.000000000000000000, 0.000000000000000000, -1.000000000000000000 ) ) ;
#6101 = VERTEX_POINT ( 'NONE', #2353 ) ;
#6102 = FACE_BOUND ( 'NONE', #5604, .T. ) ;
#6103 = EDGE_CURVE ( 'NONE', #1411, #638, #1620, .T. ) ;
#6104 = EDGE_CURVE ( 'NONE', #530, #2603, #5075, .T. ) ;
#6105 = EDGE_CURVE ( 'NONE', #6270, #7604, #327, .T. ) ;
#6106 = EDGE_LOOP ( 'NONE', ( #854, #4600 ) ) ;
#6107 = ORIENTED_EDGE ( 'NONE', *, *, #3414, .T. ) ;
#6108 = CARTESIAN_POINT ( 'NONE',  ( 33.58757210636075285, 0.000000000000000000, 53.57234841721098917 ) ) ;
#6109 = DIRECTION ( 'NONE',  ( 0.000000000000000000, 0.000000000000000000, 1.000000000000000000 ) ) ;
#6110 = CYLINDRICAL_SURFACE ( 'NONE', #4107, 1.500000000000001332 ) ;
#6111 = DIRECTION ( 'NONE',  ( 1.000000000000000000, 0.000000000000000000, -1.239088197126290817E-16 ) ) ;
#6112 = EDGE_CURVE ( 'NONE', #4834, #5892, #6003, .T. ) ;
#6113 = FACE_OUTER_BOUND ( 'NONE', #6823, .T. ) ;
#6114 = CARTESIAN_POINT ( 'NONE',  ( 36.00000000000000711, -3.500000000000002220, -66.00000000000000000 ) ) ;
#6115 = ORIENTED_EDGE ( 'NONE', *, *, #6176, .T. ) ;
#6116 = CARTESIAN_POINT ( 'NONE',  ( -85.19872855988081994, 0.000000000000000000, -22.02672585246718029 ) ) ;
#6117 = EDGE_CURVE ( 'NONE', #6383, #7045, #4017, .T. ) ;
#6118 = CARTESIAN_POINT ( 'NONE',  ( -79.50000000000000000, -1.500000000000000000, -7.100000000000004974 ) ) ;
#6119 = CARTESIAN_POINT ( 'NONE',  ( -81.78614503438502936, -5.000000000000000000, -14.14307181677791547 ) ) ;
#6120 = DIRECTION ( 'NONE',  ( 0.000000000000000000, 1.000000000000000000, -0.000000000000000000 ) ) ;
#6121 = AXIS2_PLACEMENT_3D ( 'NONE', #4737, #4832, #7670 ) ;
#6122 = ORIENTED_EDGE ( 'NONE', *, *, #8938, .T. ) ;
#6123 = CARTESIAN_POINT ( 'NONE',  ( 3.469446951953614189E-13, 0.000000000000000000, 5.551115123125782702E-14 ) ) ;
#6124 = ORIENTED_EDGE ( 'NONE', *, *, #6515, .T. ) ;
#6125 = ADVANCED_FACE ( 'NONE', ( #1727 ), #382, .F. ) ;
#6126 = CARTESIAN_POINT ( 'NONE',  ( -36.00000000000000711, -5.000000000000000000, -48.89999999999994884 ) ) ;
#6127 = ORIENTED_EDGE ( 'NONE', *, *, #7842, .F. ) ;
#6128 = AXIS2_PLACEMENT_3D ( 'NONE', #7281, #6551, #601 ) ;
#6129 = DIRECTION ( 'NONE',  ( 0.000000000000000000, 0.000000000000000000, -1.000000000000000000 ) ) ;
#6130 = ORIENTED_EDGE ( 'NONE', *, *, #3195, .F. ) ;
#6131 = LINE ( 'NONE', #6033, #6007 ) ;
#6132 = CYLINDRICAL_SURFACE ( 'NONE', #5860, 1.500000000000001332 ) ;
#6133 = DIRECTION ( 'NONE',  ( -0.000000000000000000, 1.000000000000000000, 0.000000000000000000 ) ) ;
#6134 = CARTESIAN_POINT ( 'NONE',  ( 81.78614503438491568, 0.000000000000000000, -14.14307181677856917 ) ) ;
#6135 = VECTOR ( 'NONE', #8002, 1000.000000000000000 ) ;
#6136 = AXIS2_PLACEMENT_3D ( 'NONE', #4513, #4324, #7263 ) ;
#6137 = DIRECTION ( 'NONE',  ( 0.000000000000000000, 0.000000000000000000, -1.000000000000000000 ) ) ;
#6138 = ORIENTED_EDGE ( 'NONE', *, *, #8165, .F. ) ;
#6139 = ORIENTED_EDGE ( 'NONE', *, *, #6405, .T. ) ;
#6140 = ORIENTED_EDGE ( 'NONE', *, *, #6008, .F. ) ;
#6141 = EDGE_LOOP ( 'NONE', ( #5206, #5320 ) ) ;
#6142 = DIRECTION ( 'NONE',  ( 0.000000000000000000, 1.000000000000000000, -0.000000000000000000 ) ) ;
#6143 = LINE ( 'NONE', #9084, #1466 ) ;
#6144 = DIRECTION ( 'NONE',  ( 0.000000000000000000, 0.000000000000000000, 1.000000000000000000 ) ) ;
#6145 = AXIS2_PLACEMENT_3D ( 'NONE', #3551, #4307, #7251 ) ;
#6146 = DIRECTION ( 'NONE',  ( 0.000000000000000000, 0.000000000000000000, -1.000000000000000000 ) ) ;
#6147 = CARTESIAN_POINT ( 'NONE',  ( 67.30607546733547508, -2.500000000000000000, -11.27573523923572552 ) ) ;
#6148 = VERTEX_POINT ( 'NONE', #5376 ) ;
#6149 = AXIS2_PLACEMENT_3D ( 'NONE', #906, #6050, #7351 ) ;
#6150 = CARTESIAN_POINT ( 'NONE',  ( 3.000000000000003997, 0.000000000000000000, 52.11904464837144246 ) ) ;
#6151 = VERTEX_POINT ( 'NONE', #7549 ) ;
#6152 = CIRCLE ( 'NONE', #933, 1.250000000000001110 ) ;
#6153 = FACE_BOUND ( 'NONE', #7225, .T. ) ;
#6154 = ORIENTED_EDGE ( 'NONE', *, *, #53, .T. ) ;
#6155 = ORIENTED_EDGE ( 'NONE', *, *, #1210, .T. ) ;
#6156 = DIRECTION ( 'NONE',  ( 0.000000000000000000, -1.000000000000000000, 0.000000000000000000 ) ) ;
#6157 = DIRECTION ( 'NONE',  ( 0.000000000000000000, 0.000000000000000000, 1.000000000000000000 ) ) ;
#6158 = CARTESIAN_POINT ( 'NONE',  ( 83.38965392397038556, -1.750000000000000000, -18.87897291804962308 ) ) ;
#6159 = CARTESIAN_POINT ( 'NONE',  ( 39.00000000000000000, -2.500000000000000000, -76.08712111783438559 ) ) ;
#6160 = AXIS2_PLACEMENT_3D ( 'NONE', #1961, #3549, #1363 ) ;
#6161 = LINE ( 'NONE', #8531, #4811 ) ;
#6162 = DIRECTION ( 'NONE',  ( -0.000000000000000000, 1.000000000000000000, -0.000000000000000000 ) ) ;
#6163 = EDGE_CURVE ( 'NONE', #9027, #7346, #4662, .T. ) ;
#6164 = EDGE_CURVE ( 'NONE', #4091, #4610, #5555, .T. ) ;
#6165 = ADVANCED_FACE ( 'NONE', ( #234 ), #2549, .F. ) ;
#6166 = CIRCLE ( 'NONE', #2018, 5.000000000000000888 ) ;
#6167 = ORIENTED_EDGE ( 'NONE', *, *, #7771, .T. ) ;
#6168 = ADVANCED_FACE ( 'NONE', ( #7697 ), #943, .F. ) ;
#6169 = LINE ( 'NONE', #1028, #4220 ) ;
#6170 = DIRECTION ( 'NONE',  ( 0.000000000000000000, 0.000000000000000000, -1.000000000000000000 ) ) ;
#6171 = DIRECTION ( 'NONE',  ( 0.000000000000000000, 0.000000000000000000, -1.000000000000000000 ) ) ;
#6172 = AXIS2_PLACEMENT_3D ( 'NONE', #7073, #4901, #3373 ) ;
#6173 = ORIENTED_EDGE ( 'NONE', *, *, #3944, .T. ) ;
#6174 = AXIS2_PLACEMENT_3D ( 'NONE', #148, #5292, #1684 ) ;
#6175 = CIRCLE ( 'NONE', #3711, 3.100000000000075140 ) ;
#6176 = EDGE_CURVE ( 'NONE', #8728, #9113, #3363, .T. ) ;
#6177 = ORIENTED_EDGE ( 'NONE', *, *, #8468, .T. ) ;
#6178 = AXIS2_PLACEMENT_3D ( 'NONE', #1193, #7067, #5437 ) ;
#6179 = LINE ( 'NONE', #4741, #6694 ) ;
#6180 = ORIENTED_EDGE ( 'NONE', *, *, #7284, .T. ) ;
#6181 = LINE ( 'NONE', #7815, #7063 ) ;
#6182 = ORIENTED_EDGE ( 'NONE', *, *, #3082, .T. ) ;
#6183 = CARTESIAN_POINT ( 'NONE',  ( 36.00000000000000711, 0.000000000000000000, -66.00000000000000000 ) ) ;
#6184 = VECTOR ( 'NONE', #5134, 1000.000000000000114 ) ;
#6185 = ORIENTED_EDGE ( 'NONE', *, *, #2641, .T. ) ;
#6186 = LINE ( 'NONE', #9124, #8636 ) ;
#6187 = EDGE_CURVE ( 'NONE', #5673, #8398, #6096, .T. ) ;
#6188 = LINE ( 'NONE', #4923, #8401 ) ;
#6189 = CARTESIAN_POINT ( 'NONE',  ( -33.26989437906256342, -5.000000000000000000, -1.324434976139800213 ) ) ;
#6190 = ORIENTED_EDGE ( 'NONE', *, *, #3016, .F. ) ;
#6191 = VERTEX_POINT ( 'NONE', #6196 ) ;
#6192 = ORIENTED_EDGE ( 'NONE', *, *, #647, .T. ) ;
#6193 = ORIENTED_EDGE ( 'NONE', *, *, #1752, .F. ) ;
#6194 = FACE_BOUND ( 'NONE', #5112, .T. ) ;
#6195 = DIRECTION ( 'NONE',  ( -0.000000000000000000, -1.000000000000000000, -0.000000000000000000 ) ) ;
#6196 = CARTESIAN_POINT ( 'NONE',  ( 33.58757210636075285, -5.000000000000000000, 48.87234841721100054 ) ) ;
#6197 = ADVANCED_FACE ( 'NONE', ( #5483 ), #3320, .T. ) ;
#6198 = ADVANCED_FACE ( 'NONE', ( #2595 ), #4716, .T. ) ;
#6199 = DIRECTION ( 'NONE',  ( -0.000000000000000000, -1.000000000000000000, 0.000000000000000000 ) ) ;
#6200 = VERTEX_POINT ( 'NONE', #8426 ) ;
#6201 = LINE ( 'NONE', #5579, #3879 ) ;
#6202 = VERTEX_POINT ( 'NONE', #6289 ) ;
#6203 = ORIENTED_EDGE ( 'NONE', *, *, #110, .F. ) ;
#6204 = ORIENTED_EDGE ( 'NONE', *, *, #7183, .F. ) ;
#6205 = CARTESIAN_POINT ( 'NONE',  ( 33.58757210636075285, -3.500000000000015099, 50.37234841721099343 ) ) ;
#6206 = DIRECTION ( 'NONE',  ( 6.219998500209278164E-17, 0.000000000000000000, -1.000000000000000000 ) ) ;
#6207 = DIRECTION ( 'NONE',  ( 0.000000000000000000, 0.000000000000000000, 1.000000000000000000 ) ) ;
#6208 = LINE ( 'NONE', #2562, #1687 ) ;
#6209 = CIRCLE ( 'NONE', #1435, 1.600000000000002531 ) ;
#6210 = DIRECTION ( 'NONE',  ( -0.000000000000000000, 1.000000000000000000, -0.000000000000000000 ) ) ;
#6211 = DIRECTION ( 'NONE',  ( 0.000000000000000000, 0.000000000000000000, 1.000000000000000000 ) ) ;
#6212 = ORIENTED_EDGE ( 'NONE', *, *, #878, .F. ) ;
#6213 = DIRECTION ( 'NONE',  ( -0.000000000000000000, -1.000000000000000000, -0.000000000000000000 ) ) ;
#6214 = DIRECTION ( 'NONE',  ( 0.000000000000000000, 0.000000000000000000, 1.000000000000000000 ) ) ;
#6215 = EDGE_CURVE ( 'NONE', #5304, #5415, #7551, .T. ) ;
#6216 = CARTESIAN_POINT ( 'NONE',  ( 79.50000000000000000, -1.500000000000000000, -2.899999999999996803 ) ) ;
#6217 = CARTESIAN_POINT ( 'NONE',  ( 24.50000000000000355, -2.500000000000064837, -32.50000000000000000 ) ) ;
#6218 = EDGE_LOOP ( 'NONE', ( #2436, #7003, #8515, #9123 ) ) ;
#6219 = AXIS2_PLACEMENT_3D ( 'NONE', #3827, #2431, #5423 ) ;
#6220 = AXIS2_PLACEMENT_3D ( 'NONE', #3861, #6701, #107 ) ;
#6221 = VECTOR ( 'NONE', #258, 1000.000000000000000 ) ;
#6222 = VERTEX_POINT ( 'NONE', #1915 ) ;
#6223 = CARTESIAN_POINT ( 'NONE',  ( 21.00000000000000355, -5.000000000000004441, -35.48496231131971967 ) ) ;
#6224 = ORIENTED_EDGE ( 'NONE', *, *, #111, .T. ) ;
#6225 = CARTESIAN_POINT ( 'NONE',  ( -20.20000000000000639, -3.499999999999962252, 0.4689047805322805185 ) ) ;
#6226 = EDGE_CURVE ( 'NONE', #5270, #3558, #3987, .T. ) ;
#6227 = EDGE_LOOP ( 'NONE', ( #2917, #9488, #8045, #6298 ) ) ;
#6228 = EDGE_CURVE ( 'NONE', #8939, #3628, #2934, .T. ) ;
#6229 = EDGE_CURVE ( 'NONE', #3444, #9329, #4922, .T. ) ;
#6230 = CARTESIAN_POINT ( 'NONE',  ( -21.00000000000000355, -5.000000000000004441, -21.00000000000000000 ) ) ;
#6231 = AXIS2_PLACEMENT_3D ( 'NONE', #4117, #3930, #6864 ) ;
#6232 = VERTEX_POINT ( 'NONE', #8602 ) ;
#6233 = CARTESIAN_POINT ( 'NONE',  ( 44.99999999999998579, -2.500000000000000000, -48.27890335241848163 ) ) ;
#6234 = EDGE_CURVE ( 'NONE', #7431, #2133, #3555, .T. ) ;
#6236 = DIRECTION ( 'NONE',  ( 0.000000000000000000, 1.000000000000000000, -0.000000000000000000 ) ) ;
#6235 = AXIS2_PLACEMENT_3D ( 'NONE', #8799, #5759, #3693 ) ;
#6237 = FACE_OUTER_BOUND ( 'NONE', #8726, .T. ) ;
#6238 = ORIENTED_EDGE ( 'NONE', *, *, #1993, .F. ) ;
#6239 = CIRCLE ( 'NONE', #90, 1.500000000000001332 ) ;
#6240 = ORIENTED_EDGE ( 'NONE', *, *, #6588, .F. ) ;
#6241 = EDGE_CURVE ( 'NONE', #665, #1800, #8734, .T. ) ;
#6242 = AXIS2_PLACEMENT_3D ( 'NONE', #8435, #1832, #4772 ) ;
#6243 = EDGE_LOOP ( 'NONE', ( #1318, #698, #9413, #4613, #3674, #4264, #3722, #2966 ) ) ;
#6244 = ORIENTED_EDGE ( 'NONE', *, *, #4881, .F. ) ;
#6245 = LINE ( 'NONE', #2593, #3409 ) ;
#6246 = DIRECTION ( 'NONE',  ( 0.000000000000000000, 0.000000000000000000, -1.000000000000000000 ) ) ;
#6247 = DIRECTION ( 'NONE',  ( 0.8571673007021270996, 0.000000000000000000, -0.5150380749100296196 ) ) ;
#6248 = DIRECTION ( 'NONE',  ( -0.000000000000000000, 1.000000000000000000, -0.000000000000000000 ) ) ;
#6249 = FACE_OUTER_BOUND ( 'NONE', #6218, .T. ) ;
#6250 = DIRECTION ( 'NONE',  ( 1.000000000000000000, 0.000000000000000000, 0.000000000000000000 ) ) ;
#6251 = ORIENTED_EDGE ( 'NONE', *, *, #927, .T. ) ;
#6252 = EDGE_LOOP ( 'NONE', ( #466, #1557 ) ) ;
#6253 = EDGE_CURVE ( 'NONE', #3998, #8557, #1236, .T. ) ;
#6254 = ORIENTED_EDGE ( 'NONE', *, *, #2412, .T. ) ;
#6255 = ORIENTED_EDGE ( 'NONE', *, *, #9284, .F. ) ;
#6256 = DIRECTION ( 'NONE',  ( 0.000000000000000000, 0.000000000000000000, -1.000000000000000000 ) ) ;
#6257 = CARTESIAN_POINT ( 'NONE',  ( -30.75914498161400701, -5.000000000000000000, 66.11448404094257114 ) ) ;
#6258 = DIRECTION ( 'NONE',  ( -0.000000000000000000, 1.000000000000000000, -0.000000000000000000 ) ) ;
#6259 = DIRECTION ( 'NONE',  ( 0.000000000000000000, 0.000000000000000000, 1.000000000000000000 ) ) ;
#6260 = DIRECTION ( 'NONE',  ( 0.000000000000000000, 0.000000000000000000, -1.000000000000000000 ) ) ;
#6261 = VECTOR ( 'NONE', #7027, 1000.000000000000000 ) ;
#6262 = CARTESIAN_POINT ( 'NONE',  ( 83.38965392397032872, -3.500000000000000000, -18.87897291804976518 ) ) ;
#6263 = ORIENTED_EDGE ( 'NONE', *, *, #3535, .F. ) ;
#6264 = CARTESIAN_POINT ( 'NONE',  ( 33.50000000000000000, -5.000000000000000888, -68.73438437000001500 ) ) ;
#6265 = DIRECTION ( 'NONE',  ( 0.000000000000000000, -1.000000000000000000, 0.000000000000000000 ) ) ;
#6266 = CARTESIAN_POINT ( 'NONE',  ( 79.50000000000000000, -2.499999999999962252, -5.000000000000000888 ) ) ;
#6267 = ORIENTED_EDGE ( 'NONE', *, *, #3959, .F. ) ;
#6268 = ORIENTED_EDGE ( 'NONE', *, *, #836, .T. ) ;
#6269 = DIRECTION ( 'NONE',  ( 0.000000000000000000, 1.000000000000000000, 0.000000000000000000 ) ) ;
#6270 = VERTEX_POINT ( 'NONE', #7248 ) ;
#6271 = CARTESIAN_POINT ( 'NONE',  ( -43.96751866459680258, -3.000000000000000000, -36.58478426242284343 ) ) ;
#6272 = ORIENTED_EDGE ( 'NONE', *, *, #463, .F. ) ;
#6273 = DIRECTION ( 'NONE',  ( -0.000000000000000000, 1.000000000000000000, -0.000000000000000000 ) ) ;
#6274 = CONICAL_SURFACE ( 'NONE', #7963, 1.599999999999997202, 0.7853981633974465026 ) ;
#6275 = VECTOR ( 'NONE', #3472, 1000.000000000000227 ) ;
#6276 = EDGE_CURVE ( 'NONE', #388, #9286, #6338, .T. ) ;
#6277 = EDGE_CURVE ( 'NONE', #3451, #1799, #1706, .T. ) ;
#6278 = DIRECTION ( 'NONE',  ( 0.000000000000000000, 0.000000000000000000, 1.000000000000000000 ) ) ;
#6279 = ADVANCED_FACE ( 'NONE', ( #4216 ), #8690, .F. ) ;
#6280 = DIRECTION ( 'NONE',  ( 0.000000000000000000, 0.000000000000000000, -1.000000000000000000 ) ) ;
#6281 = ORIENTED_EDGE ( 'NONE', *, *, #8821, .T. ) ;
#6282 = CONICAL_SURFACE ( 'NONE', #9356, 1.599999999999997202, 0.7853981633974442822 ) ;
#6283 = VECTOR ( 'NONE', #4248, 1000.000000000000000 ) ;
#6284 = EDGE_CURVE ( 'NONE', #2356, #4587, #9450, .T. ) ;
#6285 = ORIENTED_EDGE ( 'NONE', *, *, #9522, .T. ) ;
#6286 = ORIENTED_EDGE ( 'NONE', *, *, #6234, .T. ) ;
#6287 = EDGE_LOOP ( 'NONE', ( #3875, #9222, #9121, #2651 ) ) ;
#6288 = CARTESIAN_POINT ( 'NONE',  ( 41.67480094162660720, -3.500000000000000000, -76.77890335241866637 ) ) ;
#6289 = CARTESIAN_POINT ( 'NONE',  ( 25.89590055950304759, 0.000000000000000000, -26.05952741539715944 ) ) ;
#6290 = VECTOR ( 'NONE', #1500, 1000.000000000000000 ) ;
#6291 = DIRECTION ( 'NONE',  ( 0.000000000000000000, 1.000000000000000000, -0.000000000000000000 ) ) ;
#6292 = VECTOR ( 'NONE', #336, 1000.000000000000000 ) ;
#6293 = CARTESIAN_POINT ( 'NONE',  ( 36.00000000000000711, -9.525483399593907663, -52.00000000000000000 ) ) ;
#6294 = EDGE_CURVE ( 'NONE', #9093, #6543, #6938, .T. ) ;
#6295 = FACE_OUTER_BOUND ( 'NONE', #5049, .T. ) ;
#6296 = ORIENTED_EDGE ( 'NONE', *, *, #4785, .T. ) ;
#6297 = VERTEX_POINT ( 'NONE', #4173 ) ;
#6298 = ORIENTED_EDGE ( 'NONE', *, *, #1381, .F. ) ;
#6299 = EDGE_LOOP ( 'NONE', ( #4848, #4751, #1769, #4359 ) ) ;
#6300 = DIRECTION ( 'NONE',  ( 0.000000000000000000, 0.000000000000000000, -1.000000000000000000 ) ) ;
#6301 = AXIS2_PLACEMENT_3D ( 'NONE', #4607, #7550, #965 ) ;
#6302 = CARTESIAN_POINT ( 'NONE',  ( -39.00000000000000000, 0.000000000000000000, -48.27890335241848163 ) ) ;
#6303 = FACE_OUTER_BOUND ( 'NONE', #8024, .T. ) ;
#6304 = LINE ( 'NONE', #5541, #6931 ) ;
#6305 = DIRECTION ( 'NONE',  ( 0.000000000000000000, 0.000000000000000000, 1.000000000000000000 ) ) ;
#6306 = DIRECTION ( 'NONE',  ( 0.000000000000000000, 0.000000000000000000, -1.000000000000000000 ) ) ;
#6307 = EDGE_CURVE ( 'NONE', #1231, #733, #7155, .T. ) ;
#6308 = ORIENTED_EDGE ( 'NONE', *, *, #7322, .T. ) ;
#6309 = AXIS2_PLACEMENT_3D ( 'NONE', #8694, #8114, #6518 ) ;
#6310 = CYLINDRICAL_SURFACE ( 'NONE', #5606, 85.49999999999998579 ) ;
#6311 = AXIS2_PLACEMENT_3D ( 'NONE', #9424, #4191, #8752 ) ;
#6312 = DIRECTION ( 'NONE',  ( 0.000000000000000000, 0.000000000000000000, -1.000000000000000000 ) ) ;
#6313 = DIRECTION ( 'NONE',  ( -0.000000000000000000, -1.000000000000000000, -0.000000000000000000 ) ) ;
#6314 = ORIENTED_EDGE ( 'NONE', *, *, #1695, .T. ) ;
#6315 = AXIS2_PLACEMENT_3D ( 'NONE', #621, #489, #3430 ) ;
#6316 = CIRCLE ( 'NONE', #2165, 87.99999999999965894 ) ;
#6317 = VERTEX_POINT ( 'NONE', #1190 ) ;
#6318 = CARTESIAN_POINT ( 'NONE',  ( 3.000000000000003997, -3.200000000000000178, 52.11904464837144246 ) ) ;
#6319 = AXIS2_PLACEMENT_3D ( 'NONE', #5263, #2484, #6812 ) ;
#6320 = CARTESIAN_POINT ( 'NONE',  ( -43.96751866459680258, -3.000000000000000000, -34.58478426242284343 ) ) ;
#6321 = EDGE_LOOP ( 'NONE', ( #1113, #1409, #7147, #1085 ) ) ;
#6322 = DIRECTION ( 'NONE',  ( 0.000000000000000000, 0.000000000000000000, -1.000000000000000000 ) ) ;
#6323 = VECTOR ( 'NONE', #3706, 1000.000000000000000 ) ;
#6324 = CIRCLE ( 'NONE', #7247, 4.149999999999997691 ) ;
#6325 = CIRCLE ( 'NONE', #352, 3.100000000000047162 ) ;
#6326 = CIRCLE ( 'NONE', #8503, 1.599999999999997202 ) ;
#6327 = LINE ( 'NONE', #7102, #9267 ) ;
#6328 = CARTESIAN_POINT ( 'NONE',  ( 80.50963959241367718, -3.500000000000000000, 35.52742507837647423 ) ) ;
#6329 = ORIENTED_EDGE ( 'NONE', *, *, #4917, .F. ) ;
#6330 = FACE_OUTER_BOUND ( 'NONE', #9239, .T. ) ;
#6331 = ORIENTED_EDGE ( 'NONE', *, *, #6748, .T. ) ;
#6332 = ORIENTED_EDGE ( 'NONE', *, *, #6234, .F. ) ;
#6333 = ORIENTED_EDGE ( 'NONE', *, *, #1932, .F. ) ;
#6334 = FACE_BOUND ( 'NONE', #8969, .T. ) ;
#6335 = EDGE_CURVE ( 'NONE', #8109, #8755, #2781, .T. ) ;
#6336 = EDGE_CURVE ( 'NONE', #444, #3502, #7112, .T. ) ;
#6337 = EDGE_CURVE ( 'NONE', #8431, #746, #6605, .T. ) ;
#6338 = LINE ( 'NONE', #5665, #8772 ) ;
#6339 = CARTESIAN_POINT ( 'NONE',  ( 36.00000000000000711, -5.000000000000000000, -55.09999999999993037 ) ) ;
#6340 = CARTESIAN_POINT ( 'NONE',  ( -36.00000000000000711, -3.499999999999946709, -66.00000000000000000 ) ) ;
#6341 = AXIS2_PLACEMENT_3D ( 'NONE', #2292, #6085, #5217 ) ;
#6342 = AXIS2_PLACEMENT_3D ( 'NONE', #8898, #671, #4367 ) ;
#6343 = DIRECTION ( 'NONE',  ( 0.000000000000000000, 0.000000000000000000, -1.000000000000000000 ) ) ;
#6344 = VERTEX_POINT ( 'NONE', #6379 ) ;
#6345 = EDGE_LOOP ( 'NONE', ( #6224, #853, #6392, #7039 ) ) ;
#6346 = ORIENTED_EDGE ( 'NONE', *, *, #5345, .F. ) ;
#6347 = ORIENTED_EDGE ( 'NONE', *, *, #6163, .T. ) ;
#6348 = CARTESIAN_POINT ( 'NONE',  ( -48.41519859989394092, 0.000000000000000000, -52.42345414538067416 ) ) ;
#6349 = ADVANCED_FACE ( 'NONE', ( #567 ), #2731, .F. ) ;
#6350 = DIRECTION ( 'NONE',  ( 0.000000000000000000, 0.000000000000000000, -1.000000000000000000 ) ) ;
#6351 = DIRECTION ( 'NONE',  ( 2.775557561562888984E-15, 0.000000000000000000, -1.000000000000000000 ) ) ;
#6352 = EDGE_CURVE ( 'NONE', #6779, #9093, #7091, .T. ) ;
#6353 = DIRECTION ( 'NONE',  ( 0.000000000000000000, 1.000000000000000000, -0.000000000000000000 ) ) ;
#6354 = EDGE_CURVE ( 'NONE', #5355, #2090, #1239, .T. ) ;
#6355 = DIRECTION ( 'NONE',  ( -1.000000000000000000, 0.000000000000000000, 0.000000000000000000 ) ) ;
#6356 = DIRECTION ( 'NONE',  ( 0.000000000000000000, 0.000000000000000000, 1.000000000000000000 ) ) ;
#6357 = ADVANCED_FACE ( 'NONE', ( #7923 ), #7968, .F. ) ;
#6358 = VERTEX_POINT ( 'NONE', #6474 ) ;
#6359 = CARTESIAN_POINT ( 'NONE',  ( 37.61980861195274173, 0.000000000000000000, -76.77890335241866637 ) ) ;
#6360 = CYLINDRICAL_SURFACE ( 'NONE', #8448, 1.599999999999997202 ) ;
#6361 = CARTESIAN_POINT ( 'NONE',  ( -24.25000000000000711, 0.000000000000000000, -40.75000000000000000 ) ) ;
#6362 = AXIS2_PLACEMENT_3D ( 'NONE', #7573, #3194, #4478 ) ;
#6363 = ORIENTED_EDGE ( 'NONE', *, *, #2240, .F. ) ;
#6364 = DIRECTION ( 'NONE',  ( 0.000000000000000000, 1.000000000000000000, -0.000000000000000000 ) ) ;
#6365 = DIRECTION ( 'NONE',  ( 4.869399230812090436E-16, 0.000000000000000000, 1.000000000000000000 ) ) ;
#6366 = ORIENTED_EDGE ( 'NONE', *, *, #3746, .T. ) ;
#6367 = EDGE_CURVE ( 'NONE', #5091, #269, #2289, .T. ) ;
#6368 = CIRCLE ( 'NONE', #4373, 3.100000000000075140 ) ;
#6369 = DIRECTION ( 'NONE',  ( -0.000000000000000000, 1.000000000000000000, -0.000000000000000000 ) ) ;
#6370 = CYLINDRICAL_SURFACE ( 'NONE', #4380, 1.600000000000004086 ) ;
#6371 = ORIENTED_EDGE ( 'NONE', *, *, #1395, .T. ) ;
#6372 = VECTOR ( 'NONE', #1766, 1000.000000000000000 ) ;
#6373 = FACE_BOUND ( 'NONE', #3067, .T. ) ;
#6374 = ORIENTED_EDGE ( 'NONE', *, *, #1962, .T. ) ;
#6375 = EDGE_LOOP ( 'NONE', ( #6770, #3833, #3592, #5755 ) ) ;
#6376 = ORIENTED_EDGE ( 'NONE', *, *, #5235, .F. ) ;
#6377 = ORIENTED_EDGE ( 'NONE', *, *, #235, .T. ) ;
#6378 = FACE_BOUND ( 'NONE', #4945, .T. ) ;
#6379 = CARTESIAN_POINT ( 'NONE',  ( -21.00000000000000355, -5.000000000000004441, -21.00000000000000000 ) ) ;
#6380 = CIRCLE ( 'NONE', #5305, 88.00000000000000000 ) ;
#6381 = CARTESIAN_POINT ( 'NONE',  ( -36.00000000000000711, -3.499999999999972911, -50.39999999999999858 ) ) ;
#6382 = VECTOR ( 'NONE', #7272, 1000.000000000000000 ) ;
#6383 = VERTEX_POINT ( 'NONE', #7485 ) ;
#6384 = CARTESIAN_POINT ( 'NONE',  ( -24.50000000000000355, 0.000000000000000000, -32.50000000000000000 ) ) ;
#6385 = EDGE_CURVE ( 'NONE', #3148, #245, #8924, .T. ) ;
#6386 = DIRECTION ( 'NONE',  ( 0.000000000000000000, 0.000000000000000000, 1.000000000000000000 ) ) ;
#6387 = ORIENTED_EDGE ( 'NONE', *, *, #6401, .F. ) ;
#6388 = CIRCLE ( 'NONE', #865, 2.000000000000000000 ) ;
#6389 = ORIENTED_EDGE ( 'NONE', *, *, #6642, .F. ) ;
#6390 = AXIS2_PLACEMENT_3D ( 'NONE', #4660, #7398, #230 ) ;
#6391 = AXIS2_PLACEMENT_3D ( 'NONE', #4529, #8767, #3041 ) ;
#6392 = ORIENTED_EDGE ( 'NONE', *, *, #2122, .T. ) ;
#6393 = ORIENTED_EDGE ( 'NONE', *, *, #7987, .T. ) ;
#6394 = LINE ( 'NONE', #3738, #7180 ) ;
#6395 = CARTESIAN_POINT ( 'NONE',  ( 35.15662439906287773, -5.000000000000000000, 54.64593681162889283 ) ) ;
#6396 = CARTESIAN_POINT ( 'NONE',  ( -34.29467888754678739, 0.000000000000000000, 62.57895013500987602 ) ) ;
#6397 = DIRECTION ( 'NONE',  ( 0.000000000000000000, 0.000000000000000000, 1.000000000000000000 ) ) ;
#6398 = DIRECTION ( 'NONE',  ( 0.000000000000000000, 1.000000000000000000, 0.000000000000000000 ) ) ;
#6399 = CARTESIAN_POINT ( 'NONE',  ( 21.00000000000000355, -74.82324870126322480, -21.00000000000000000 ) ) ;
#6400 = ORIENTED_EDGE ( 'NONE', *, *, #1233, .T. ) ;
#6401 = EDGE_CURVE ( 'NONE', #7342, #6880, #7232, .T. ) ;
#6402 = EDGE_CURVE ( 'NONE', #6623, #7293, #8489, .T. ) ;
#6403 = EDGE_CURVE ( 'NONE', #2246, #5743, #168, .T. ) ;
#6404 = DIRECTION ( 'NONE',  ( 0.000000000000000000, 0.000000000000000000, -1.000000000000000000 ) ) ;
#6405 = EDGE_CURVE ( 'NONE', #2991, #286, #7214, .T. ) ;
#6406 = CARTESIAN_POINT ( 'NONE',  ( -33.50000000000000000, -5.000000000000000888, -64.16696972201754079 ) ) ;
#6407 = DIRECTION ( 'NONE',  ( 0.000000000000000000, 0.000000000000000000, -1.000000000000000000 ) ) ;
#6408 = AXIS2_PLACEMENT_3D ( 'NONE', #7725, #1166, #9342 ) ;
#6409 = ORIENTED_EDGE ( 'NONE', *, *, #5863, .T. ) ;
#6410 = VECTOR ( 'NONE', #1389, 1000.000000000000000 ) ;
#6411 = EDGE_CURVE ( 'NONE', #4034, #8103, #6473, .T. ) ;
#6412 = DIRECTION ( 'NONE',  ( -0.000000000000000000, -1.000000000000000000, -0.000000000000000000 ) ) ;
#6413 = DIRECTION ( 'NONE',  ( 8.659560562354951347E-17, -0.7071067811865462405, 0.7071067811865489050 ) ) ;
#6414 = ORIENTED_EDGE ( 'NONE', *, *, #3355, .F. ) ;
#6415 = CARTESIAN_POINT ( 'NONE',  ( 62.67442126558891857, -3.499999999999963141, -11.55929021731400042 ) ) ;
#6416 = EDGE_CURVE ( 'NONE', #939, #1398, #5212, .T. ) ;
#6417 = DIRECTION ( 'NONE',  ( -0.000000000000000000, -1.000000000000000000, 0.000000000000000000 ) ) ;
#6418 = ORIENTED_EDGE ( 'NONE', *, *, #8419, .T. ) ;
#6419 = LINE ( 'NONE', #6602, #9207 ) ;
#6420 = ORIENTED_EDGE ( 'NONE', *, *, #586, .F. ) ;
#6421 = ORIENTED_EDGE ( 'NONE', *, *, #7203, .T. ) ;
#6422 = ORIENTED_EDGE ( 'NONE', *, *, #1760, .F. ) ;
#6423 = VERTEX_POINT ( 'NONE', #6036 ) ;
#6424 = CARTESIAN_POINT ( 'NONE',  ( 24.18305191657981013, -3.500000000000018652, 15.51198410471387135 ) ) ;
#6425 = VECTOR ( 'NONE', #6991, 1000.000000000000114 ) ;
#6426 = DIRECTION ( 'NONE',  ( 0.000000000000000000, 1.000000000000000000, 0.000000000000000000 ) ) ;
#6427 = DIRECTION ( 'NONE',  ( 0.000000000000000000, 1.000000000000000000, 0.000000000000000000 ) ) ;
#6428 = ORIENTED_EDGE ( 'NONE', *, *, #4523, .T. ) ;
#6429 = DIRECTION ( 'NONE',  ( -0.000000000000000000, 1.000000000000000000, -0.000000000000000000 ) ) ;
#6430 = AXIS2_PLACEMENT_3D ( 'NONE', #1494, #8819, #4578 ) ;
#6431 = DIRECTION ( 'NONE',  ( 1.000000000000000000, 0.000000000000000000, -8.673617379884036705E-17 ) ) ;
#6432 = ORIENTED_EDGE ( 'NONE', *, *, #4110, .F. ) ;
#6433 = ORIENTED_EDGE ( 'NONE', *, *, #252, .F. ) ;
#6434 = ORIENTED_EDGE ( 'NONE', *, *, #2459, .T. ) ;
#6435 = ORIENTED_EDGE ( 'NONE', *, *, #4837, .F. ) ;
#6436 = CARTESIAN_POINT ( 'NONE',  ( 17.00000000000000000, -3.200000000000000178, 10.99999999999999645 ) ) ;
#6437 = DIRECTION ( 'NONE',  ( 0.000000000000000000, -0.7071067811865489050, -0.7071067811865462405 ) ) ;
#6438 = CARTESIAN_POINT ( 'NONE',  ( 28.11951362996199677, -9.525483399593907663, -11.49610798316092009 ) ) ;
#6439 = CIRCLE ( 'NONE', #5970, 4.599999999999909939 ) ;
#6440 = LINE ( 'NONE', #5804, #7086 ) ;
#6441 = DIRECTION ( 'NONE',  ( 0.000000000000000000, 0.000000000000000000, 1.000000000000000000 ) ) ;
#6442 = ORIENTED_EDGE ( 'NONE', *, *, #8689, .T. ) ;
#6443 = VECTOR ( 'NONE', #5603, 1000.000000000000000 ) ;
#6444 = AXIS2_PLACEMENT_3D ( 'NONE', #2158, #5088, #718 ) ;
#6445 = DIRECTION ( 'NONE',  ( 0.000000000000000000, 0.000000000000000000, -1.000000000000000000 ) ) ;
#6446 = CARTESIAN_POINT ( 'NONE',  ( 24.20000000000000284, -3.500000000000006661, -58.50000000000000000 ) ) ;
#6447 = DIRECTION ( 'NONE',  ( -0.000000000000000000, 1.000000000000000000, 0.000000000000000000 ) ) ;
#6448 = ADVANCED_FACE ( 'NONE', ( #2195 ), #3778, .T. ) ;
#6449 = EDGE_CURVE ( 'NONE', #2468, #4779, #6783, .T. ) ;
#6450 = AXIS2_PLACEMENT_3D ( 'NONE', #74, #1365, #3595 ) ;
#6451 = ORIENTED_EDGE ( 'NONE', *, *, #7734, .T. ) ;
#6452 = CIRCLE ( 'NONE', #7226, 1.500000000000001332 ) ;
#6453 = CARTESIAN_POINT ( 'NONE',  ( 28.11951362996199677, -5.000000000000000000, -9.896107983160918664 ) ) ;
#6454 = CONICAL_SURFACE ( 'NONE', #2317, 1.600000000000002531, 0.7853981633974557175 ) ;
#6455 = DIRECTION ( 'NONE',  ( 0.000000000000000000, 0.000000000000000000, 1.000000000000000000 ) ) ;
#6456 = AXIS2_PLACEMENT_3D ( 'NONE', #5323, #6095, #3938 ) ;
#6457 = VECTOR ( 'NONE', #3599, 1000.000000000000000 ) ;
#6458 = EDGE_CURVE ( 'NONE', #2105, #4440, #2489, .T. ) ;
#6459 = EDGE_CURVE ( 'NONE', #9406, #1050, #8163, .T. ) ;
#6460 = AXIS2_PLACEMENT_3D ( 'NONE', #5710, #8651, #5019 ) ;
#6461 = LINE ( 'NONE', #2807, #6584 ) ;
#6462 = CARTESIAN_POINT ( 'NONE',  ( 59.93369898680851549, 0.000000000000000000, -8.012597940657382622 ) ) ;
#6463 = ORIENTED_EDGE ( 'NONE', *, *, #7499, .T. ) ;
#6464 = AXIS2_PLACEMENT_3D ( 'NONE', #7632, #7220, #1039 ) ;
#6465 = FACE_OUTER_BOUND ( 'NONE', #5660, .T. ) ;
#6466 = ORIENTED_EDGE ( 'NONE', *, *, #6088, .T. ) ;
#6467 = ORIENTED_EDGE ( 'NONE', *, *, #2056, .F. ) ;
#6468 = ORIENTED_EDGE ( 'NONE', *, *, #690, .T. ) ;
#6469 = ORIENTED_EDGE ( 'NONE', *, *, #6944, .F. ) ;
#6470 = CYLINDRICAL_SURFACE ( 'NONE', #4793, 1.599999999999997202 ) ;
#6471 = CIRCLE ( 'NONE', #2026, 1.599999999999997202 ) ;
#6472 = EDGE_CURVE ( 'NONE', #2204, #9478, #9095, .T. ) ;
#6473 = CIRCLE ( 'NONE', #8177, 5.000000000000000888 ) ;
#6474 = CARTESIAN_POINT ( 'NONE',  ( -30.75914498161409583, 0.000000000000000000, 59.04341622907708853 ) ) ;
#6475 = CIRCLE ( 'NONE', #3572, 5.000000000000000888 ) ;
#6476 = DIRECTION ( 'NONE',  ( 0.000000000000000000, -1.000000000000000000, 0.000000000000000000 ) ) ;
#6477 = VERTEX_POINT ( 'NONE', #1465 ) ;
#6478 = DIRECTION ( 'NONE',  ( -0.000000000000000000, 1.000000000000000000, -0.000000000000000000 ) ) ;
#6479 = FACE_OUTER_BOUND ( 'NONE', #7828, .T. ) ;
#6480 = ORIENTED_EDGE ( 'NONE', *, *, #3678, .F. ) ;
#6481 = AXIS2_PLACEMENT_3D ( 'NONE', #6833, #140, #3130 ) ;
#6482 = VERTEX_POINT ( 'NONE', #8019 ) ;
#6483 = ORIENTED_EDGE ( 'NONE', *, *, #2536, .F. ) ;
#6484 = ORIENTED_EDGE ( 'NONE', *, *, #1332, .T. ) ;
#6485 = CARTESIAN_POINT ( 'NONE',  ( 0.000000000000000000, -3.500000000000000000, 0.000000000000000000 ) ) ;
#6486 = CARTESIAN_POINT ( 'NONE',  ( -33.58757210636075285, -3.499999999999972911, 53.57234841721098917 ) ) ;
#6487 = CARTESIAN_POINT ( 'NONE',  ( 24.18305191657981013, -5.000000000000000000, 17.11198410471387277 ) ) ;
#6488 = EDGE_CURVE ( 'NONE', #576, #2554, #4802, .T. ) ;
#6489 = EDGE_CURVE ( 'NONE', #1134, #4008, #3636, .T. ) ;
#6490 = DIRECTION ( 'NONE',  ( 0.000000000000000000, 0.000000000000000000, -1.000000000000000000 ) ) ;
#6491 = FACE_OUTER_BOUND ( 'NONE', #377, .T. ) ;
#6492 = CARTESIAN_POINT ( 'NONE',  ( 24.25000000000000711, -3.499999999999948486, -40.75000000000000000 ) ) ;
#6493 = VERTEX_POINT ( 'NONE', #6814 ) ;
#6494 = CARTESIAN_POINT ( 'NONE',  ( 0.000000000000000000, -3.500000000000000000, 0.000000000000000000 ) ) ;
#6495 = DIRECTION ( 'NONE',  ( -0.000000000000000000, 1.000000000000000000, -0.000000000000000000 ) ) ;
#6496 = PLANE ( 'NONE',  #7321 ) ;
#6497 = LINE ( 'NONE', #1086, #3865 ) ;
#6498 = EDGE_CURVE ( 'NONE', #2618, #8557, #2642, .T. ) ;
#6499 = ORIENTED_EDGE ( 'NONE', *, *, #8657, .T. ) ;
#6500 = ADVANCED_FACE ( 'NONE', ( #2386 ), #8975, .F. ) ;
#6501 = LINE ( 'NONE', #639, #3769 ) ;
#6502 = DIRECTION ( 'NONE',  ( -0.000000000000000000, 1.000000000000000000, -0.000000000000000000 ) ) ;
#6503 = CIRCLE ( 'NONE', #8970, 2.500000000000002220 ) ;
#6504 = CARTESIAN_POINT ( 'NONE',  ( -45.84000822534369490, 0.000000000000000000, -56.70929064889124760 ) ) ;
#6505 = EDGE_CURVE ( 'NONE', #792, #2588, #4699, .T. ) ;
#6506 = PLANE ( 'NONE',  #4083 ) ;
#6507 = EDGE_CURVE ( 'NONE', #1272, #1017, #9023, .T. ) ;
#6508 = VERTEX_POINT ( 'NONE', #8261 ) ;
#6509 = EDGE_CURVE ( 'NONE', #5502, #2554, #1654, .T. ) ;
#6510 = DIRECTION ( 'NONE',  ( -0.000000000000000000, -1.000000000000000000, -0.000000000000000000 ) ) ;
#6511 = ORIENTED_EDGE ( 'NONE', *, *, #59, .T. ) ;
#6512 = EDGE_LOOP ( 'NONE', ( #7190, #25, #8174, #93 ) ) ;
#6513 = ORIENTED_EDGE ( 'NONE', *, *, #2385, .F. ) ;
#6514 = EDGE_LOOP ( 'NONE', ( #7072, #3423, #3160, #4684 ) ) ;
#6515 = EDGE_CURVE ( 'NONE', #3832, #242, #4698, .T. ) ;
#6516 = DIRECTION ( 'NONE',  ( 0.000000000000000000, 0.000000000000000000, 1.000000000000000000 ) ) ;
#6517 = AXIS2_PLACEMENT_3D ( 'NONE', #7061, #7745, #9133 ) ;
#6518 = DIRECTION ( 'NONE',  ( 0.000000000000000000, 0.000000000000000000, 1.000000000000000000 ) ) ;
#6519 = ORIENTED_EDGE ( 'NONE', *, *, #5281, .T. ) ;
#6520 = DIRECTION ( 'NONE',  ( -0.000000000000000000, -1.000000000000000000, -0.000000000000000000 ) ) ;
#6521 = VECTOR ( 'NONE', #4734, 1000.000000000000000 ) ;
#6522 = DIRECTION ( 'NONE',  ( 0.000000000000000000, 0.000000000000000000, -1.000000000000000000 ) ) ;
#6523 = VERTEX_POINT ( 'NONE', #4649 ) ;
#6524 = ORIENTED_EDGE ( 'NONE', *, *, #2176, .T. ) ;
#6525 = ORIENTED_EDGE ( 'NONE', *, *, #8079, .F. ) ;
#6526 = ORIENTED_EDGE ( 'NONE', *, *, #4519, .T. ) ;
#6527 = DIRECTION ( 'NONE',  ( 0.000000000000000000, 1.000000000000000000, 0.000000000000000000 ) ) ;
#6528 = LINE ( 'NONE', #9465, #7464 ) ;
#6529 = CYLINDRICAL_SURFACE ( 'NONE', #8477, 5.000000000000000888 ) ;
#6530 = CIRCLE ( 'NONE', #7148, 5.000000000000000888 ) ;
#6531 = DIRECTION ( 'NONE',  ( -0.7071067811865564545, 0.000000000000000000, -0.7071067811865386910 ) ) ;
#6532 = LINE ( 'NONE', #8034, #4909 ) ;
#6533 = DIRECTION ( 'NONE',  ( 0.000000000000000000, 0.000000000000000000, -1.000000000000000000 ) ) ;
#6534 = EDGE_LOOP ( 'NONE', ( #5832, #6591, #169, #8746 ) ) ;
#6535 = AXIS2_PLACEMENT_3D ( 'NONE', #5493, #2607, #2561 ) ;
#6536 = EDGE_CURVE ( 'NONE', #2827, #4933, #7096, .T. ) ;
#6537 = VECTOR ( 'NONE', #5007, 1000.000000000000000 ) ;
#6538 = CARTESIAN_POINT ( 'NONE',  ( -79.50000000000000000, -5.000000000000000000, -5.000000000000000000 ) ) ;
#6539 = CARTESIAN_POINT ( 'NONE',  ( -41.93318567206419090, 0.000000000000000000, 2.803201632453799164 ) ) ;
#6540 = CARTESIAN_POINT ( 'NONE',  ( -51.97234841721098775, -3.499999999999972911, 35.18757210636076138 ) ) ;
#6541 = CARTESIAN_POINT ( 'NONE',  ( 59.04341622907708853, 0.000000000000000000, 30.75914498161409583 ) ) ;
#6542 = FACE_OUTER_BOUND ( 'NONE', #8027, .T. ) ;
#6543 = VERTEX_POINT ( 'NONE', #6862 ) ;
#6544 = DIRECTION ( 'NONE',  ( 0.5150380749100552658, 0.000000000000000000, -0.8571673007021115565 ) ) ;
#6545 = AXIS2_PLACEMENT_3D ( 'NONE', #2572, #4959, #405 ) ;
#6546 = CARTESIAN_POINT ( 'NONE',  ( -41.93318567206419090, -3.000000000000000000, 2.803201632453799164 ) ) ;
#6547 = AXIS2_PLACEMENT_3D ( 'NONE', #2263, #2170, #9387 ) ;
#6548 = CARTESIAN_POINT ( 'NONE',  ( 24.50000000000000355, 0.000000000000000000, -32.50000000000000000 ) ) ;
#6549 = CARTESIAN_POINT ( 'NONE',  ( 45.00000000000000000, -2.500000000000000000, -72.69972489631578583 ) ) ;
#6550 = ORIENTED_EDGE ( 'NONE', *, *, #3838, .T. ) ;
#6551 = DIRECTION ( 'NONE',  ( 0.000000000000000000, -1.000000000000000000, 0.000000000000000000 ) ) ;
#6552 = ORIENTED_EDGE ( 'NONE', *, *, #7233, .T. ) ;
#6553 = ORIENTED_EDGE ( 'NONE', *, *, #761, .F. ) ;
#6554 = ORIENTED_EDGE ( 'NONE', *, *, #938, .T. ) ;
#6555 = ORIENTED_EDGE ( 'NONE', *, *, #2583, .T. ) ;
#6556 = DIRECTION ( 'NONE',  ( 0.000000000000000000, -0.7071067811865487940, -0.7071067811865463515 ) ) ;
#6557 = CARTESIAN_POINT ( 'NONE',  ( 39.00000000000000000, -2.500000000000000000, -51.27890335241848163 ) ) ;
#6558 = EDGE_CURVE ( 'NONE', #9241, #7627, #8367, .T. ) ;
#6559 = AXIS2_PLACEMENT_3D ( 'NONE', #8737, #4405, #6565 ) ;
#6560 = CARTESIAN_POINT ( 'NONE',  ( -21.00000000000000711, -4.706913542642500836, -29.96670091361675503 ) ) ;
#6561 = EDGE_CURVE ( 'NONE', #2766, #5833, #8635, .T. ) ;
#6562 = ADVANCED_FACE ( 'NONE', ( #3853 ), #251, .F. ) ;
#6563 = CARTESIAN_POINT ( 'NONE',  ( -44.99999999999998579, -5.000000000000000000, -56.07536029467892291 ) ) ;
#6564 = ORIENTED_EDGE ( 'NONE', *, *, #7487, .F. ) ;
#6565 = DIRECTION ( 'NONE',  ( 0.000000000000000000, 0.000000000000000000, -1.000000000000000000 ) ) ;
#6566 = EDGE_CURVE ( 'NONE', #7776, #3734, #49, .T. ) ;
#6567 = CARTESIAN_POINT ( 'NONE',  ( -79.50000000000000000, -1.500000000000000000, -9.149999999999998579 ) ) ;
#6568 = EDGE_LOOP ( 'NONE', ( #4655, #9132, #4599, #8014 ) ) ;
#6569 = ORIENTED_EDGE ( 'NONE', *, *, #699, .F. ) ;
#6570 = ORIENTED_EDGE ( 'NONE', *, *, #6277, .F. ) ;
#6571 = VERTEX_POINT ( 'NONE', #2984 ) ;
#6572 = DIRECTION ( 'NONE',  ( 0.000000000000000000, 0.000000000000000000, -1.000000000000000000 ) ) ;
#6573 = DIRECTION ( 'NONE',  ( -0.000000000000000000, 1.000000000000000000, -0.000000000000000000 ) ) ;
#6574 = FACE_OUTER_BOUND ( 'NONE', #9178, .T. ) ;
#6575 = CARTESIAN_POINT ( 'NONE',  ( 20.20000000000000284, -3.500000000000006661, -18.00000000000000355 ) ) ;
#6576 = ADVANCED_FACE ( 'NONE', ( #4524 ), #8332, .F. ) ;
#6577 = AXIS2_PLACEMENT_3D ( 'NONE', #259, #7619, #5399 ) ;
#6578 = EDGE_CURVE ( 'NONE', #8156, #5617, #4479, .T. ) ;
#6579 = CARTESIAN_POINT ( 'NONE',  ( 28.11951362996199677, -5.000000000000000000, -12.99610798316096627 ) ) ;
#6580 = CARTESIAN_POINT ( 'NONE',  ( -45.68185326600102769, 0.000000000000000000, -35.61486041224295462 ) ) ;
#6581 = ORIENTED_EDGE ( 'NONE', *, *, #3695, .T. ) ;
#6582 = DIRECTION ( 'NONE',  ( 0.000000000000000000, 1.000000000000000000, -0.000000000000000000 ) ) ;
#6583 = CIRCLE ( 'NONE', #9497, 1.599999999999997202 ) ;
#6584 = VECTOR ( 'NONE', #5736, 1000.000000000000000 ) ;
#6585 = DIRECTION ( 'NONE',  ( 0.000000000000000000, 0.000000000000000000, -1.000000000000000000 ) ) ;
#6586 = DIRECTION ( 'NONE',  ( -0.000000000000000000, -1.000000000000000000, -0.000000000000000000 ) ) ;
#6587 = CARTESIAN_POINT ( 'NONE',  ( 33.50000000000000711, -4.833525990092351066, -64.44850867798176353 ) ) ;
#6588 = EDGE_CURVE ( 'NONE', #5981, #2019, #342, .T. ) ;
#6589 = LINE ( 'NONE', #5816, #2369 ) ;
#6590 = VECTOR ( 'NONE', #4879, 1000.000000000000114 ) ;
#6591 = ORIENTED_EDGE ( 'NONE', *, *, #5925, .T. ) ;
#6592 = AXIS2_PLACEMENT_3D ( 'NONE', #7651, #3076, #6877 ) ;
#6593 = LINE ( 'NONE', #3663, #4089 ) ;
#6594 = CARTESIAN_POINT ( 'NONE',  ( -20.20000000000000639, -9.330591249311714463, 3.531095219467716095 ) ) ;
#6595 = CIRCLE ( 'NONE', #6145, 4.999999999999997335 ) ;
#6596 = EDGE_CURVE ( 'NONE', #528, #5378, #1550, .T. ) ;
#6597 = VECTOR ( 'NONE', #5034, 1000.000000000000000 ) ;
#6598 = CARTESIAN_POINT ( 'NONE',  ( 24.20000000000000639, -9.242640687119289211, -25.50000000000000355 ) ) ;
#6599 = CIRCLE ( 'NONE', #6772, 3.100000000000040057 ) ;
#6600 = CARTESIAN_POINT ( 'NONE',  ( -24.18305191657981013, -5.000000000000000000, 20.21198410471392037 ) ) ;
#6601 = ORIENTED_EDGE ( 'NONE', *, *, #8538, .T. ) ;
#6602 = CARTESIAN_POINT ( 'NONE',  ( -62.67442126558891857, -3.499999999999952927, -11.55929021731400042 ) ) ;
#6603 = ORIENTED_EDGE ( 'NONE', *, *, #5590, .T. ) ;
#6604 = ORIENTED_EDGE ( 'NONE', *, *, #3418, .F. ) ;
#6605 = CIRCLE ( 'NONE', #8315, 85.49999999999998579 ) ;
#6606 = VERTEX_POINT ( 'NONE', #7417 ) ;
#6607 = VERTEX_POINT ( 'NONE', #3754 ) ;
#6608 = CARTESIAN_POINT ( 'NONE',  ( 79.21095465983462702, -5.000000000000000000, -18.42890832028913195 ) ) ;
#6609 = EDGE_CURVE ( 'NONE', #8103, #804, #3708, .T. ) ;
#6610 = AXIS2_PLACEMENT_3D ( 'NONE', #8270, #2351, #4604 ) ;
#6611 = CARTESIAN_POINT ( 'NONE',  ( -20.20000000000000639, -5.000000000000000000, -18.00000000000000355 ) ) ;
#6612 = VECTOR ( 'NONE', #4725, 1000.000000000000000 ) ;
#6613 = DIRECTION ( 'NONE',  ( 0.000000000000000000, 1.000000000000000000, 0.000000000000000000 ) ) ;
#6614 = VECTOR ( 'NONE', #5076, 1000.000000000000000 ) ;
#6615 = ORIENTED_EDGE ( 'NONE', *, *, #5184, .F. ) ;
#6616 = CARTESIAN_POINT ( 'NONE',  ( -24.50000000000000355, -5.000000000000000000, -32.50000000000000000 ) ) ;
#6617 = CIRCLE ( 'NONE', #5702, 1.599999999999997202 ) ;
#6618 = CARTESIAN_POINT ( 'NONE',  ( -33.26989437906256342, -3.499999999999972911, 0.2755650238601978774 ) ) ;
#6619 = ORIENTED_EDGE ( 'NONE', *, *, #9314, .T. ) ;
#6620 = ADVANCED_FACE ( 'NONE', ( #8811 ), #3038, .T. ) ;
#6621 = ORIENTED_EDGE ( 'NONE', *, *, #4656, .T. ) ;
#6622 = CIRCLE ( 'NONE', #2328, 88.00000000000076739 ) ;
#6623 = VERTEX_POINT ( 'NONE', #3138 ) ;
#6624 = ORIENTED_EDGE ( 'NONE', *, *, #2951, .T. ) ;
#6625 = CYLINDRICAL_SURFACE ( 'NONE', #2102, 2.000000000000001776 ) ;
#6626 = VECTOR ( 'NONE', #8929, 999.9999999999998863 ) ;
#6627 = LINE ( 'NONE', #5998, #7933 ) ;
#6628 = DIRECTION ( 'NONE',  ( -0.000000000000000000, 1.000000000000000000, -0.000000000000000000 ) ) ;
#6629 = VECTOR ( 'NONE', #820, 1000.000000000000000 ) ;
#6630 = CARTESIAN_POINT ( 'NONE',  ( 75.93522825193564074, -5.000000000000000000, 33.50882138074144478 ) ) ;
#6631 = LINE ( 'NONE', #6579, #1525 ) ;
#6632 = CARTESIAN_POINT ( 'NONE',  ( 42.00000000000000000, -2.500000000000000000, -48.27890335241848163 ) ) ;
#6633 = ORIENTED_EDGE ( 'NONE', *, *, #3803, .T. ) ;
#6634 = AXIS2_PLACEMENT_3D ( 'NONE', #6780, #3796, #6729 ) ;
#6635 = CARTESIAN_POINT ( 'NONE',  ( 24.25000000000000711, -5.000000000000000000, -53.75000000000000000 ) ) ;
#6636 = EDGE_CURVE ( 'NONE', #4008, #614, #4939, .T. ) ;
#6637 = EDGE_CURVE ( 'NONE', #665, #1885, #176, .T. ) ;
#6638 = VECTOR ( 'NONE', #5036, 999.9999999999998863 ) ;
#6639 = CYLINDRICAL_SURFACE ( 'NONE', #3162, 1.500000000000001332 ) ;
#6640 = DIRECTION ( 'NONE',  ( 0.000000000000000000, 1.000000000000000000, -0.000000000000000000 ) ) ;
#6641 = DIRECTION ( 'NONE',  ( 0.000000000000000000, 0.000000000000000000, 1.000000000000000000 ) ) ;
#6642 = EDGE_CURVE ( 'NONE', #2902, #1290, #643, .T. ) ;
#6643 = CARTESIAN_POINT ( 'NONE',  ( 24.18305191657981013, -9.525483399593907663, 17.11198410471387277 ) ) ;
#6644 = DIRECTION ( 'NONE',  ( -1.000000000000000000, -0.000000000000000000, -0.000000000000000000 ) ) ;
#6645 = VERTEX_POINT ( 'NONE', #7462 ) ;
#6646 = VECTOR ( 'NONE', #2660, 1000.000000000000000 ) ;
#6647 = DIRECTION ( 'NONE',  ( 0.000000000000000000, 0.000000000000000000, 1.000000000000000000 ) ) ;
#6648 = LINE ( 'NONE', #1544, #2125 ) ;
#6649 = DIRECTION ( 'NONE',  ( -0.000000000000000000, 1.000000000000000000, 0.000000000000000000 ) ) ;
#6650 = DIRECTION ( 'NONE',  ( 0.000000000000000000, 0.000000000000000000, 1.000000000000000000 ) ) ;
#6651 = DIRECTION ( 'NONE',  ( -0.000000000000000000, 1.000000000000000000, -0.000000000000000000 ) ) ;
#6652 = ORIENTED_EDGE ( 'NONE', *, *, #2536, .T. ) ;
#6653 = EDGE_CURVE ( 'NONE', #9026, #3513, #874, .T. ) ;
#6654 = DIRECTION ( 'NONE',  ( 0.000000000000000000, -1.000000000000000000, 0.000000000000000000 ) ) ;
#6655 = ORIENTED_EDGE ( 'NONE', *, *, #2374, .T. ) ;
#6656 = ORIENTED_EDGE ( 'NONE', *, *, #2462, .F. ) ;
#6657 = AXIS2_PLACEMENT_3D ( 'NONE', #102, #1539, #5962 ) ;
#6658 = DIRECTION ( 'NONE',  ( 0.000000000000000000, 0.000000000000000000, -1.000000000000000000 ) ) ;
#6659 = VERTEX_POINT ( 'NONE', #3804 ) ;
#6660 = VERTEX_POINT ( 'NONE', #6737 ) ;
#6661 = FACE_OUTER_BOUND ( 'NONE', #8782, .T. ) ;
#6662 = DIRECTION ( 'NONE',  ( -0.000000000000000000, 1.000000000000000000, -0.000000000000000000 ) ) ;
#6663 = CARTESIAN_POINT ( 'NONE',  ( -21.00000000000001066, -4.047546020304030989, -33.55815749056332464 ) ) ;
#6664 = CARTESIAN_POINT ( 'NONE',  ( 28.11951362996199677, -3.499999999999959588, -11.49610798316092009 ) ) ;
#6665 = ORIENTED_EDGE ( 'NONE', *, *, #7886, .F. ) ;
#6666 = DIRECTION ( 'NONE',  ( -1.000000000000000000, 0.000000000000000000, -0.000000000000000000 ) ) ;
#6667 = CARTESIAN_POINT ( 'NONE',  ( -79.50000000000000000, -5.000000000000000000, -9.600000000000049383 ) ) ;
#6668 = ORIENTED_EDGE ( 'NONE', *, *, #4112, .F. ) ;
#6669 = ORIENTED_EDGE ( 'NONE', *, *, #3943, .T. ) ;
#6670 = EDGE_LOOP ( 'NONE', ( #954, #141 ) ) ;
#6671 = ORIENTED_EDGE ( 'NONE', *, *, #9234, .T. ) ;
#6672 = DIRECTION ( 'NONE',  ( -0.000000000000000000, -1.000000000000000000, -0.000000000000000000 ) ) ;
#6673 = AXIS2_PLACEMENT_3D ( 'NONE', #6763, #76, #7537 ) ;
#6674 = DIRECTION ( 'NONE',  ( 0.000000000000000000, 0.000000000000000000, -1.000000000000000000 ) ) ;
#6675 = DIRECTION ( 'NONE',  ( -0.000000000000000000, 1.000000000000000000, -0.000000000000000000 ) ) ;
#6676 = AXIS2_PLACEMENT_3D ( 'NONE', #959, #2437, #3985 ) ;
#6677 = CARTESIAN_POINT ( 'NONE',  ( 36.00000000000000711, 0.000000000000000000, -53.59999999999999432 ) ) ;
#6678 = DIRECTION ( 'NONE',  ( -0.000000000000000000, 1.000000000000000000, -0.000000000000000000 ) ) ;
#6679 = EDGE_CURVE ( 'NONE', #3405, #4301, #4633, .T. ) ;
#6680 = PLANE ( 'NONE',  #4190 ) ;
#6681 = ORIENTED_EDGE ( 'NONE', *, *, #233, .T. ) ;
#6682 = DIRECTION ( 'NONE',  ( -0.000000000000000000, -0.000000000000000000, -1.000000000000000000 ) ) ;
#6683 = CARTESIAN_POINT ( 'NONE',  ( 45.16312671864703532, 0.000000000000000000, -42.30297844118579320 ) ) ;
#6684 = CONICAL_SURFACE ( 'NONE', #3920, 1.600000000000004086, 0.7853981633974557175 ) ;
#6685 = CARTESIAN_POINT ( 'NONE',  ( 45.00000000000000000, 0.000000000000000000, -72.69972489631578583 ) ) ;
#6686 = LINE ( 'NONE', #8956, #2397 ) ;
#6687 = CARTESIAN_POINT ( 'NONE',  ( 33.50000000000000000, -4.520412350850570249, -65.20178525163602501 ) ) ;
#6688 = CARTESIAN_POINT ( 'NONE',  ( 71.59191197084602720, 0.000000000000000000, -13.85092561378600529 ) ) ;
#6689 = DIRECTION ( 'NONE',  ( 0.5150380749100555988, 0.000000000000000000, 0.8571673007021114454 ) ) ;
#6690 = EDGE_CURVE ( 'NONE', #3123, #3817, #4619, .T. ) ;
#6691 = EDGE_CURVE ( 'NONE', #8155, #2634, #3098, .T. ) ;
#6692 = AXIS2_PLACEMENT_3D ( 'NONE', #3085, #6014, #5388 ) ;
#6693 = ADVANCED_FACE ( 'NONE', ( #1634 ), #949, .F. ) ;
#6694 = VECTOR ( 'NONE', #5460, 1000.000000000000000 ) ;
#6695 = ORIENTED_EDGE ( 'NONE', *, *, #4978, .T. ) ;
#6696 = AXIS2_PLACEMENT_3D ( 'NONE', #6548, #5055, #1314 ) ;
#6697 = ADVANCED_FACE ( 'NONE', ( #4425 ), #7614, .F. ) ;
#6698 = DIRECTION ( 'NONE',  ( 0.000000000000000000, 1.000000000000000000, -0.000000000000000000 ) ) ;
#6699 = VECTOR ( 'NONE', #487, 1000.000000000000000 ) ;
#6700 = LINE ( 'NONE', #883, #9487 ) ;
#6701 = DIRECTION ( 'NONE',  ( -0.000000000000000000, -1.000000000000000000, 0.000000000000000000 ) ) ;
#6702 = DIRECTION ( 'NONE',  ( -0.000000000000000000, 1.000000000000000000, -0.000000000000000000 ) ) ;
#6703 = EDGE_CURVE ( 'NONE', #4296, #1457, #4319, .T. ) ;
#6704 = DIRECTION ( 'NONE',  ( 1.219480077240285625E-16, -0.000000000000000000, 1.000000000000000000 ) ) ;
#6705 = CARTESIAN_POINT ( 'NONE',  ( 59.93369898680851549, -3.000000000000000000, -8.012597940657382622 ) ) ;
#6706 = ORIENTED_EDGE ( 'NONE', *, *, #2762, .F. ) ;
#6707 = DIRECTION ( 'NONE',  ( 0.000000000000000000, -1.000000000000000000, -0.000000000000000000 ) ) ;
#6708 = ORIENTED_EDGE ( 'NONE', *, *, #3355, .T. ) ;
#6709 = CARTESIAN_POINT ( 'NONE',  ( 31.00000000000000000, -5.000000000000000000, -61.50000000000000000 ) ) ;
#6710 = EDGE_LOOP ( 'NONE', ( #5944, #1292, #8196, #8450, #6884 ) ) ;
#6711 = VERTEX_POINT ( 'NONE', #2659 ) ;
#6712 = CARTESIAN_POINT ( 'NONE',  ( 44.99999999999998579, -2.500000000000000000, -48.27890335241848163 ) ) ;
#6713 = CARTESIAN_POINT ( 'NONE',  ( -36.00000000000000711, 0.000000000000000000, -52.00000000000000000 ) ) ;
#6714 = AXIS2_PLACEMENT_3D ( 'NONE', #755, #8124, #7936 ) ;
#6715 = DIRECTION ( 'NONE',  ( 0.000000000000000000, 0.000000000000000000, 1.000000000000000000 ) ) ;
#6716 = EDGE_CURVE ( 'NONE', #2013, #242, #4172, .T. ) ;
#6717 = LINE ( 'NONE', #8312, #4973 ) ;
#6718 = CARTESIAN_POINT ( 'NONE',  ( 48.00484237961116918, -4.935407510525735120, -43.39838145120008051 ) ) ;
#6719 = VERTEX_POINT ( 'NONE', #8341 ) ;
#6720 = VERTEX_POINT ( 'NONE', #3957 ) ;
#6721 = ORIENTED_EDGE ( 'NONE', *, *, #9028, .F. ) ;
#6722 = VERTEX_POINT ( 'NONE', #7078 ) ;
#6723 = DIRECTION ( 'NONE',  ( -0.000000000000000000, 1.000000000000000000, -0.000000000000000000 ) ) ;
#6724 = DIRECTION ( 'NONE',  ( 3.717264591378874176E-16, 0.000000000000000000, 1.000000000000000000 ) ) ;
#6725 = DIRECTION ( 'NONE',  ( 0.000000000000000000, 0.000000000000000000, -1.000000000000000000 ) ) ;
#6726 = CARTESIAN_POINT ( 'NONE',  ( -36.00000000000000711, -5.000000000000000000, -62.89999999999992752 ) ) ;
#6727 = DIRECTION ( 'NONE',  ( 0.000000000000000000, 0.000000000000000000, 1.000000000000000000 ) ) ;
#6728 = FACE_OUTER_BOUND ( 'NONE', #2298, .T. ) ;
#6729 = DIRECTION ( 'NONE',  ( 0.000000000000000000, 0.000000000000000000, -1.000000000000000000 ) ) ;
#6730 = ORIENTED_EDGE ( 'NONE', *, *, #5291, .F. ) ;
#6731 = DIRECTION ( 'NONE',  ( 0.000000000000000000, -0.7071067811865503483, -0.7071067811865446862 ) ) ;
#6732 = CARTESIAN_POINT ( 'NONE',  ( 34.29467888754832217, -5.000000000000000000, 62.57895013500903758 ) ) ;
#6733 = CYLINDRICAL_SURFACE ( 'NONE', #1940, 1.999999999999998224 ) ;
#6734 = CARTESIAN_POINT ( 'NONE',  ( -45.00000000000000000, -2.500000000000000000, -76.77890335241848163 ) ) ;
#6735 = CARTESIAN_POINT ( 'NONE',  ( -28.11951362996199677, -3.499999999999949374, -11.49610798316092009 ) ) ;
#6736 = CONICAL_SURFACE ( 'NONE', #4127, 3.099999999999991651, 0.7853981633974463916 ) ;
#6737 = CARTESIAN_POINT ( 'NONE',  ( -41.67480094162640825, -5.000000000000000000, -76.77890335241866637 ) ) ;
#6738 = CIRCLE ( 'NONE', #7967, 2.000000000000000000 ) ;
#6739 = CARTESIAN_POINT ( 'NONE',  ( 48.13688621651795785, -5.000000000000000000, -43.17862360266529009 ) ) ;
#6740 = EDGE_LOOP ( 'NONE', ( #4819, #6552, #8494, #2816 ) ) ;
#6741 = AXIS2_PLACEMENT_3D ( 'NONE', #4346, #2135, #1998 ) ;
#6742 = DIRECTION ( 'NONE',  ( 0.000000000000000000, 0.000000000000000000, -1.000000000000000000 ) ) ;
#6743 = DIRECTION ( 'NONE',  ( -0.000000000000000000, 1.000000000000000000, -0.000000000000000000 ) ) ;
#6744 = EDGE_CURVE ( 'NONE', #6222, #5251, #3378, .T. ) ;
#6745 = CARTESIAN_POINT ( 'NONE',  ( 62.57895013500987602, -5.000000000000000000, 29.29467888754678739 ) ) ;
#6746 = EDGE_CURVE ( 'NONE', #5415, #5304, #502, .T. ) ;
#6747 = DIRECTION ( 'NONE',  ( 0.000000000000000000, 0.000000000000000000, -1.000000000000000000 ) ) ;
#6748 = EDGE_CURVE ( 'NONE', #1144, #6980, #1070, .T. ) ;
#6749 = CIRCLE ( 'NONE', #8458, 88.00000000000000000 ) ;
#6750 = FACE_OUTER_BOUND ( 'NONE', #8553, .T. ) ;
#6751 = ORIENTED_EDGE ( 'NONE', *, *, #2211, .T. ) ;
#6752 = VECTOR ( 'NONE', #6502, 1000.000000000000000 ) ;
#6753 = FACE_OUTER_BOUND ( 'NONE', #1779, .T. ) ;
#6754 = EDGE_CURVE ( 'NONE', #2291, #5091, #1261, .T. ) ;
#6755 = VERTEX_POINT ( 'NONE', #1891 ) ;
#6756 = EDGE_CURVE ( 'NONE', #1360, #4060, #6161, .T. ) ;
#6757 = CARTESIAN_POINT ( 'NONE',  ( 17.11198410471442699, -3.500000000000015987, 24.18305191657944064 ) ) ;
#6758 = EDGE_LOOP ( 'NONE', ( #6765, #62, #7977, #213 ) ) ;
#6759 = FACE_OUTER_BOUND ( 'NONE', #2803, .T. ) ;
#6760 = DIRECTION ( 'NONE',  ( -0.7071067811865386910, -0.000000000000000000, 0.7071067811865564545 ) ) ;
#6761 = CARTESIAN_POINT ( 'NONE',  ( -21.00000000000000711, -4.049615502116402865, -31.43464992126611435 ) ) ;
#6762 = AXIS2_PLACEMENT_3D ( 'NONE', #975, #1117, #298 ) ;
#6763 = CARTESIAN_POINT ( 'NONE',  ( -20.00000000000000000, -3.499999999999954703, 75.00000000000000000 ) ) ;
#6764 = CARTESIAN_POINT ( 'NONE',  ( -43.96751866459680258, 0.000000000000000000, -34.58478426242284343 ) ) ;
#6765 = ORIENTED_EDGE ( 'NONE', *, *, #9514, .F. ) ;
#6766 = CIRCLE ( 'NONE', #2315, 3.100000000000047162 ) ;
#6767 = ORIENTED_EDGE ( 'NONE', *, *, #9292, .F. ) ;
#6768 = CIRCLE ( 'NONE', #2627, 3.099999999999991651 ) ;
#6769 = ORIENTED_EDGE ( 'NONE', *, *, #2274, .F. ) ;
#6770 = ORIENTED_EDGE ( 'NONE', *, *, #7118, .T. ) ;
#6771 = CARTESIAN_POINT ( 'NONE',  ( 79.50000000000000000, -5.000000000000000000, -9.600000000000049383 ) ) ;
#6772 = AXIS2_PLACEMENT_3D ( 'NONE', #2791, #6353, #536 ) ;
#6773 = CARTESIAN_POINT ( 'NONE',  ( -33.58757210636075285, 0.000000000000000000, 50.37234841721099343 ) ) ;
#6774 = CARTESIAN_POINT ( 'NONE',  ( 24.25000000000000711, -10.00000000000000000, -40.75000000000000000 ) ) ;
#6775 = CIRCLE ( 'NONE', #6000, 3.099999999999991651 ) ;
#6776 = FACE_OUTER_BOUND ( 'NONE', #6710, .T. ) ;
#6777 = CARTESIAN_POINT ( 'NONE',  ( -59.93369898680851549, -3.000000000000000000, -8.012597940657380846 ) ) ;
#6778 = AXIS2_PLACEMENT_3D ( 'NONE', #284, #4041, #9088 ) ;
#6779 = VERTEX_POINT ( 'NONE', #7717 ) ;
#6780 = CARTESIAN_POINT ( 'NONE',  ( -24.25000000000000711, -3.500000000000003997, -53.75000000000000000 ) ) ;
#6781 = ORIENTED_EDGE ( 'NONE', *, *, #9282, .T. ) ;
#6782 = AXIS2_PLACEMENT_3D ( 'NONE', #1041, #1831, #1735 ) ;
#6783 = CIRCLE ( 'NONE', #5709, 3.100000000000047162 ) ;
#6784 = FACE_BOUND ( 'NONE', #1460, .T. ) ;
#6785 = EDGE_CURVE ( 'NONE', #1783, #5205, #1836, .T. ) ;
#6786 = ADVANCED_FACE ( 'NONE', ( #6113 ), #4825, .F. ) ;
#6787 = EDGE_LOOP ( 'NONE', ( #1830, #1997, #8796, #9358 ) ) ;
#6788 = CARTESIAN_POINT ( 'NONE',  ( 24.20000000000000639, -3.500000000000006661, -25.50000000000000355 ) ) ;
#6789 = DIRECTION ( 'NONE',  ( 0.000000000000000000, 1.000000000000000000, 0.000000000000000000 ) ) ;
#6790 = DIRECTION ( 'NONE',  ( 0.000000000000000000, 1.000000000000000000, 0.000000000000000000 ) ) ;
#6791 = LINE ( 'NONE', #7564, #8469 ) ;
#6792 = DIRECTION ( 'NONE',  ( 0.000000000000000000, 0.000000000000000000, 1.000000000000000000 ) ) ;
#6793 = CIRCLE ( 'NONE', #956, 85.49999999999998579 ) ;
#6794 = CARTESIAN_POINT ( 'NONE',  ( 21.00000000000000000, -3.932348756011613045, -33.04107782348454947 ) ) ;
#6795 = VECTOR ( 'NONE', #813, 999.9999999999998863 ) ;
#6796 = VECTOR ( 'NONE', #4485, 1000.000000000000114 ) ;
#6797 = ORIENTED_EDGE ( 'NONE', *, *, #8049, .F. ) ;
#6798 = CARTESIAN_POINT ( 'NONE',  ( 33.50000000000000000, -5.000000000000000888, -76.77890335241846742 ) ) ;
#6799 = ADVANCED_FACE ( 'NONE', ( #9049 ), #1118, .F. ) ;
#6800 = CARTESIAN_POINT ( 'NONE',  ( 17.11198410471442699, 0.000000000000000000, 25.78305191657943851 ) ) ;
#6801 = AXIS2_PLACEMENT_3D ( 'NONE', #7201, #2824, #2012 ) ;
#6802 = DIRECTION ( 'NONE',  ( 0.000000000000000000, 0.000000000000000000, 1.000000000000000000 ) ) ;
#6803 = CARTESIAN_POINT ( 'NONE',  ( -33.58757210636075285, -3.499999999999972911, 51.97234841721098775 ) ) ;
#6804 = AXIS2_PLACEMENT_3D ( 'NONE', #5470, #6369, #1221 ) ;
#6805 = EDGE_CURVE ( 'NONE', #6482, #6571, #4729, .T. ) ;
#6806 = CARTESIAN_POINT ( 'NONE',  ( 51.97234841721098775, -3.500000000000015099, 35.18757210636076138 ) ) ;
#6807 = VERTEX_POINT ( 'NONE', #4052 ) ;
#6808 = DIRECTION ( 'NONE',  ( 0.000000000000000000, 0.000000000000000000, -1.000000000000000000 ) ) ;
#6809 = ORIENTED_EDGE ( 'NONE', *, *, #6226, .F. ) ;
#6810 = LINE ( 'NONE', #2481, #5241 ) ;
#6811 = EDGE_LOOP ( 'NONE', ( #5225, #6467, #7667, #4710 ) ) ;
#6812 = DIRECTION ( 'NONE',  ( 0.000000000000000000, 0.000000000000000000, -1.000000000000000000 ) ) ;
#6813 = DIRECTION ( 'NONE',  ( 0.000000000000000000, 0.000000000000000000, 1.000000000000000000 ) ) ;
#6814 = CARTESIAN_POINT ( 'NONE',  ( -28.50000000000000000, -4.999999999999997335, -63.00000000000000000 ) ) ;
#6815 = EDGE_CURVE ( 'NONE', #614, #944, #1023, .T. ) ;
#6816 = ADVANCED_FACE ( 'NONE', ( #1929 ), #300, .F. ) ;
#6817 = CARTESIAN_POINT ( 'NONE',  ( -36.00000000000000711, -9.525483399593907663, -66.00000000000000000 ) ) ;
#6818 = EDGE_CURVE ( 'NONE', #269, #2796, #1722, .T. ) ;
#6819 = DIRECTION ( 'NONE',  ( 8.659560562354995721E-17, -0.7071067811865423547, 0.7071067811865526798 ) ) ;
#6820 = ORIENTED_EDGE ( 'NONE', *, *, #1710, .F. ) ;
#6821 = EDGE_CURVE ( 'NONE', #1452, #3196, #6325, .T. ) ;
#6822 = ORIENTED_EDGE ( 'NONE', *, *, #3397, .F. ) ;
#6823 = EDGE_LOOP ( 'NONE', ( #483, #7081, #7347, #3601 ) ) ;
#6824 = ORIENTED_EDGE ( 'NONE', *, *, #4446, .F. ) ;
#6825 = CARTESIAN_POINT ( 'NONE',  ( -66.11448404094181797, -5.000000000000000000, 30.75914498161564126 ) ) ;
#6826 = CARTESIAN_POINT ( 'NONE',  ( 20.20000000000000284, -5.000000000000000000, -15.00000000000000000 ) ) ;
#6827 = DIRECTION ( 'NONE',  ( 0.000000000000000000, 0.000000000000000000, -1.000000000000000000 ) ) ;
#6828 = DIRECTION ( 'NONE',  ( 0.8571673007021154422, -0.000000000000000000, 0.5150380749100488265 ) ) ;
#6829 = AXIS2_PLACEMENT_3D ( 'NONE', #1439, #7996, #8093 ) ;
#6830 = LINE ( 'NONE', #4763, #8459 ) ;
#6831 = VERTEX_POINT ( 'NONE', #5542 ) ;
#6832 = EDGE_CURVE ( 'NONE', #6191, #269, #7731, .T. ) ;
#6833 = CARTESIAN_POINT ( 'NONE',  ( 44.99999999999998579, -2.500000000000000000, -48.27890335241848163 ) ) ;
#6834 = ORIENTED_EDGE ( 'NONE', *, *, #2689, .F. ) ;
#6835 = FACE_BOUND ( 'NONE', #9130, .T. ) ;
#6836 = VERTEX_POINT ( 'NONE', #8187 ) ;
#6837 = VERTEX_POINT ( 'NONE', #6005 ) ;
#6838 = DIRECTION ( 'NONE',  ( 0.000000000000000000, 0.000000000000000000, -1.000000000000000000 ) ) ;
#6839 = CYLINDRICAL_SURFACE ( 'NONE', #1464, 1.599999999999997202 ) ;
#6840 = DIRECTION ( 'NONE',  ( 0.000000000000000000, 0.000000000000000000, -1.000000000000000000 ) ) ;
#6841 = CARTESIAN_POINT ( 'NONE',  ( -36.00000000000000711, -5.000000000000000000, -55.10000000000004405 ) ) ;
#6842 = DIRECTION ( 'NONE',  ( 0.000000000000000000, 0.000000000000000000, -1.000000000000000000 ) ) ;
#6843 = PLANE ( 'NONE',  #3297 ) ;
#6844 = ORIENTED_EDGE ( 'NONE', *, *, #3114, .T. ) ;
#6845 = AXIS2_PLACEMENT_3D ( 'NONE', #1093, #4033, #7010 ) ;
#6846 = LINE ( 'NONE', #6116, #69 ) ;
#6847 = CARTESIAN_POINT ( 'NONE',  ( 62.67442126558891857, -3.499999999999963141, -14.75929021731400859 ) ) ;
#6848 = DIRECTION ( 'NONE',  ( 0.000000000000000000, 0.000000000000000000, 1.000000000000000000 ) ) ;
#6849 = VECTOR ( 'NONE', #8528, 1000.000000000000000 ) ;
#6850 = AXIS2_PLACEMENT_3D ( 'NONE', #7954, #8545, #4338 ) ;
#6851 = ORIENTED_EDGE ( 'NONE', *, *, #2340, .T. ) ;
#6852 = VECTOR ( 'NONE', #7505, 1000.000000000000000 ) ;
#6853 = CARTESIAN_POINT ( 'NONE',  ( -31.00000000000000355, -10.00000000000000000, -59.00000000000000000 ) ) ;
#6854 = ORIENTED_EDGE ( 'NONE', *, *, #3170, .F. ) ;
#6855 = VECTOR ( 'NONE', #3250, 1000.000000000000000 ) ;
#6856 = DIRECTION ( 'NONE',  ( -0.000000000000000000, -1.000000000000000000, -0.000000000000000000 ) ) ;
#6857 = ORIENTED_EDGE ( 'NONE', *, *, #1485, .T. ) ;
#6858 = CARTESIAN_POINT ( 'NONE',  ( -20.00000000000000000, 0.000000000000000000, 76.59999999999999432 ) ) ;
#6859 = VERTEX_POINT ( 'NONE', #4562 ) ;
#6860 = DIRECTION ( 'NONE',  ( -0.000000000000000000, 1.000000000000000000, -0.000000000000000000 ) ) ;
#6861 = CYLINDRICAL_SURFACE ( 'NONE', #5711, 2.500000000000002220 ) ;
#6862 = CARTESIAN_POINT ( 'NONE',  ( 24.20000000000000639, 0.000000000000000000, -22.50000000000000355 ) ) ;
#6863 = DIRECTION ( 'NONE',  ( 0.000000000000000000, 1.000000000000000000, -0.000000000000000000 ) ) ;
#6864 = DIRECTION ( 'NONE',  ( 0.000000000000000000, 0.000000000000000000, 1.000000000000000000 ) ) ;
#6865 = ORIENTED_EDGE ( 'NONE', *, *, #3265, .T. ) ;
#6866 = EDGE_LOOP ( 'NONE', ( #4223, #2694, #8980, #4441, #5120, #6127 ) ) ;
#6867 = VECTOR ( 'NONE', #7978, 1000.000000000000000 ) ;
#6868 = VERTEX_POINT ( 'NONE', #9038 ) ;
#6869 = ORIENTED_EDGE ( 'NONE', *, *, #6405, .F. ) ;
#6870 = CARTESIAN_POINT ( 'NONE',  ( -64.73088509278532854, -5.000000000000000000, -15.56157174274577315 ) ) ;
#6871 = ADVANCED_FACE ( 'NONE', ( #7553 ), #8900, .F. ) ;
#6872 = DIRECTION ( 'NONE',  ( 0.000000000000000000, 1.000000000000000000, -0.000000000000000000 ) ) ;
#6873 = EDGE_CURVE ( 'NONE', #8300, #3466, #2339, .T. ) ;
#6874 = DIRECTION ( 'NONE',  ( 0.000000000000000000, 1.000000000000000000, 0.000000000000000000 ) ) ;
#6875 = ADVANCED_FACE ( 'NONE', ( #5329 ), #3222, .F. ) ;
#6876 = CARTESIAN_POINT ( 'NONE',  ( 31.00000000000000000, -10.00000000000000000, -61.50000000000000000 ) ) ;
#6877 = DIRECTION ( 'NONE',  ( 0.000000000000000000, 0.000000000000000000, -1.000000000000000000 ) ) ;
#6878 = EDGE_CURVE ( 'NONE', #5327, #5077, #4484, .T. ) ;
#6880 = VERTEX_POINT ( 'NONE', #2445 ) ;
#6879 = CIRCLE ( 'NONE', #3192, 1.599999999999997202 ) ;
#6881 = DIRECTION ( 'NONE',  ( 0.000000000000000000, 0.000000000000000000, -1.000000000000000000 ) ) ;
#6882 = VERTEX_POINT ( 'NONE', #5380 ) ;
#6883 = FACE_BOUND ( 'NONE', #6141, .T. ) ;
#6884 = ORIENTED_EDGE ( 'NONE', *, *, #3581, .T. ) ;
#6885 = ORIENTED_EDGE ( 'NONE', *, *, #2998, .T. ) ;
#6886 = DIRECTION ( 'NONE',  ( 0.000000000000000000, 1.000000000000000000, -0.000000000000000000 ) ) ;
#6887 = DIRECTION ( 'NONE',  ( -0.000000000000000000, -1.000000000000000000, -0.000000000000000000 ) ) ;
#6888 = DIRECTION ( 'NONE',  ( 0.000000000000000000, -1.000000000000000000, 0.000000000000000000 ) ) ;
#6889 = EDGE_CURVE ( 'NONE', #4587, #5943, #8274, .T. ) ;
#6890 = CARTESIAN_POINT ( 'NONE',  ( 0.000000000000000000, -3.500000000000000000, 0.000000000000000000 ) ) ;
#6891 = EDGE_CURVE ( 'NONE', #7935, #7918, #1893, .T. ) ;
#6892 = CARTESIAN_POINT ( 'NONE',  ( 33.50000000000000000, -5.000000000000000888, -63.00000000000000000 ) ) ;
#6893 = CARTESIAN_POINT ( 'NONE',  ( 21.00000000000000355, -3.937913261306970281, -31.96660536509315875 ) ) ;
#6894 = B_SPLINE_CURVE_WITH_KNOTS ( 'NONE', 3,
 ( #632, #2075, #1177, #4114, #5605, #3576 ),
 .UNSPECIFIED., .F., .F.,
 ( 4, 2, 4 ),
 ( 1.734723475976807094E-18, 0.0003798094033521368963, 0.0007596188067042720579 ),
 .UNSPECIFIED. ) ;
#6895 = VERTEX_POINT ( 'NONE', #8132 ) ;
#6896 = CARTESIAN_POINT ( 'NONE',  ( 0.000000000000000000, -3.200000000000000178, 50.25000000000000000 ) ) ;
#6897 = CARTESIAN_POINT ( 'NONE',  ( -33.58757210636075285, -3.499999999999972911, 51.97234841721098775 ) ) ;
#6898 = DIRECTION ( 'NONE',  ( 0.5150380749100563760, 0.000000000000000000, 0.8571673007021110013 ) ) ;
#6899 = CARTESIAN_POINT ( 'NONE',  ( 33.50882138074331351, -5.000000000000000000, 75.93522825193480230 ) ) ;
#6900 = EDGE_LOOP ( 'NONE', ( #4337, #1142, #9170, #4709 ) ) ;
#6901 = EDGE_CURVE ( 'NONE', #8599, #9319, #8329, .T. ) ;
#6902 = ORIENTED_EDGE ( 'NONE', *, *, #6458, .T. ) ;
#6903 = DIRECTION ( 'NONE',  ( -0.000000000000000000, -1.000000000000000000, 0.000000000000000000 ) ) ;
#6904 = EDGE_LOOP ( 'NONE', ( #1289, #5208, #20, #8925, #7633, #2473 ) ) ;
#6905 = DIRECTION ( 'NONE',  ( -0.000000000000000000, -1.000000000000000000, -0.000000000000000000 ) ) ;
#6906 = ORIENTED_EDGE ( 'NONE', *, *, #9514, .T. ) ;
#6907 = VECTOR ( 'NONE', #3132, 1000.000000000000000 ) ;
#6908 = FACE_OUTER_BOUND ( 'NONE', #3315, .T. ) ;
#6909 = ORIENTED_EDGE ( 'NONE', *, *, #2913, .F. ) ;
#6910 = EDGE_CURVE ( 'NONE', #2347, #4856, #7500, .T. ) ;
#6911 = DIRECTION ( 'NONE',  ( 0.000000000000000000, 0.000000000000000000, -1.000000000000000000 ) ) ;
#6912 = CARTESIAN_POINT ( 'NONE',  ( -24.25000000000000711, -3.499999999999948486, -40.75000000000000000 ) ) ;
#6913 = LINE ( 'NONE', #9268, #1267 ) ;
#6914 = AXIS2_PLACEMENT_3D ( 'NONE', #8507, #9264, #1217 ) ;
#6915 = AXIS2_PLACEMENT_3D ( 'NONE', #2443, #5377, #5280 ) ;
#6916 = CARTESIAN_POINT ( 'NONE',  ( -86.71302124127569755, -5.000000000000000000, -14.99506409489707970 ) ) ;
#6917 = ORIENTED_EDGE ( 'NONE', *, *, #8500, .F. ) ;
#6918 = ORIENTED_EDGE ( 'NONE', *, *, #1106, .F. ) ;
#6919 = ADVANCED_FACE ( 'NONE', ( #3078 ), #1730, .T. ) ;
#6920 = ORIENTED_EDGE ( 'NONE', *, *, #3115, .F. ) ;
#6921 = ORIENTED_EDGE ( 'NONE', *, *, #2689, .T. ) ;
#6922 = DIRECTION ( 'NONE',  ( 0.000000000000000000, 0.000000000000000000, -1.000000000000000000 ) ) ;
#6923 = DIRECTION ( 'NONE',  ( 0.7071067811865380248, -0.000000000000000000, -0.7071067811865570096 ) ) ;
#6924 = AXIS2_PLACEMENT_3D ( 'NONE', #1103, #4042, #385 ) ;
#6925 = CARTESIAN_POINT ( 'NONE',  ( 33.26989437906256342, -5.000000000000000000, -1.324434976139800213 ) ) ;
#6926 = DIRECTION ( 'NONE',  ( -0.000000000000000000, 1.000000000000000000, -0.000000000000000000 ) ) ;
#6927 = ORIENTED_EDGE ( 'NONE', *, *, #9507, .T. ) ;
#6928 = ADVANCED_FACE ( 'NONE', ( #1672 ), #7568, .F. ) ;
#6929 = CARTESIAN_POINT ( 'NONE',  ( 20.00000000000000000, -3.499999999999954703, 75.00000000000000000 ) ) ;
#6930 = ORIENTED_EDGE ( 'NONE', *, *, #9458, .F. ) ;
#6931 = VECTOR ( 'NONE', #4991, 1000.000000000000000 ) ;
#6932 = ORIENTED_EDGE ( 'NONE', *, *, #1962, .F. ) ;
#6933 = ORIENTED_EDGE ( 'NONE', *, *, #1514, .F. ) ;
#6934 = CARTESIAN_POINT ( 'NONE',  ( 80.50963959241369139, -5.000000000000000000, 35.52742507837648134 ) ) ;
#6935 = DIRECTION ( 'NONE',  ( 0.7071067811865563435, 0.000000000000000000, 0.7071067811865388020 ) ) ;
#6936 = FACE_OUTER_BOUND ( 'NONE', #5827, .T. ) ;
#6937 = CARTESIAN_POINT ( 'NONE',  ( 5.500000000000001776, -10.00000000000000000, 17.50000000000000000 ) ) ;
#6938 = CIRCLE ( 'NONE', #490, 1.500000000000001332 ) ;
#6939 = DIRECTION ( 'NONE',  ( 0.000000000000000000, 0.000000000000000000, -1.000000000000000000 ) ) ;
#6940 = DIRECTION ( 'NONE',  ( 4.869399230812090436E-16, -0.000000000000000000, -1.000000000000000000 ) ) ;
#6941 = STYLED_ITEM ( 'NONE', ( #7245 ), #2117 ) ;
#6942 = CIRCLE ( 'NONE', #8167, 1.500000000000001332 ) ;
#6943 = VERTEX_POINT ( 'NONE', #8951 ) ;
#6944 = EDGE_CURVE ( 'NONE', #3831, #1373, #3033, .T. ) ;
#6945 = EDGE_CURVE ( 'NONE', #226, #6232, #3102, .T. ) ;
#6946 = CONICAL_SURFACE ( 'NONE', #2174, 1.600000000000004086, 0.7853981633974557175 ) ;
#6947 = DIRECTION ( 'NONE',  ( 1.000000000000000000, -0.000000000000000000, -0.000000000000000000 ) ) ;
#6948 = EDGE_CURVE ( 'NONE', #2091, #4980, #2308, .T. ) ;
#6949 = CARTESIAN_POINT ( 'NONE',  ( -1.199689984899976281E-14, -3.500000000000000000, 88.00000000000000000 ) ) ;
#6950 = FACE_OUTER_BOUND ( 'NONE', #3873, .T. ) ;
#6951 = VECTOR ( 'NONE', #346, 1000.000000000000000 ) ;
#6952 = ORIENTED_EDGE ( 'NONE', *, *, #7820, .F. ) ;
#6953 = AXIS2_PLACEMENT_3D ( 'NONE', #8906, #6064, #9003 ) ;
#6954 = CIRCLE ( 'NONE', #2797, 4.599999999999909939 ) ;
#6955 = ORIENTED_EDGE ( 'NONE', *, *, #1269, .F. ) ;
#6956 = CONICAL_SURFACE ( 'NONE', #1879, 1.599999999999998090, 0.7853981633974554954 ) ;
#6957 = CARTESIAN_POINT ( 'NONE',  ( -33.50000000000000000, -5.000000000000000888, -68.73438437000001500 ) ) ;
#6958 = ORIENTED_EDGE ( 'NONE', *, *, #6507, .F. ) ;
#6959 = CARTESIAN_POINT ( 'NONE',  ( 45.16312671864703532, -5.000000000000000000, -45.40297844118578752 ) ) ;
#6960 = EDGE_LOOP ( 'NONE', ( #6909, #8880, #9030, #3070 ) ) ;
#6961 = CARTESIAN_POINT ( 'NONE',  ( -41.67480094162640825, -5.000000000000000000, -71.77890335241865216 ) ) ;
#6962 = CIRCLE ( 'NONE', #2034, 1.500000000000001332 ) ;
#6963 = ORIENTED_EDGE ( 'NONE', *, *, #9217, .T. ) ;
#6964 = DIRECTION ( 'NONE',  ( 0.000000000000000000, 0.000000000000000000, 1.000000000000000000 ) ) ;
#6965 = DIRECTION ( 'NONE',  ( 0.000000000000000000, 0.000000000000000000, -1.000000000000000000 ) ) ;
#6966 = ADVANCED_FACE ( 'NONE', ( #4515 ), #648, .F. ) ;
#6967 = DIRECTION ( 'NONE',  ( 0.000000000000000000, 1.000000000000000000, -0.000000000000000000 ) ) ;
#6968 = VERTEX_POINT ( 'NONE', #194 ) ;
#6969 = EDGE_LOOP ( 'NONE', ( #4455, #6115, #1984, #3066 ) ) ;
#6970 = ORIENTED_EDGE ( 'NONE', *, *, #554, .T. ) ;
#6971 = VERTEX_POINT ( 'NONE', #6056 ) ;
#6972 = FACE_BOUND ( 'NONE', #617, .T. ) ;
#6973 = CARTESIAN_POINT ( 'NONE',  ( -62.67442126558891857, -3.499999999999952927, -14.75929021731400859 ) ) ;
#6974 = DIRECTION ( 'NONE',  ( 0.000000000000000000, 0.000000000000000000, 1.000000000000000000 ) ) ;
#6975 = CARTESIAN_POINT ( 'NONE',  ( 45.00000000000000000, 0.000000000000000000, -76.77890335241848163 ) ) ;
#6976 = DIRECTION ( 'NONE',  ( 0.000000000000000000, 1.000000000000000000, 0.000000000000000000 ) ) ;
#6977 = PLANE ( 'NONE',  #2498 ) ;
#6978 = ORIENTED_EDGE ( 'NONE', *, *, #5099, .F. ) ;
#6979 = EDGE_LOOP ( 'NONE', ( #7491, #6374 ) ) ;
#6980 = VERTEX_POINT ( 'NONE', #8993 ) ;
#6981 = ORIENTED_EDGE ( 'NONE', *, *, #541, .F. ) ;
#6982 = DIRECTION ( 'NONE',  ( 0.000000000000000000, 0.000000000000000000, -1.000000000000000000 ) ) ;
#6983 = DIRECTION ( 'NONE',  ( -0.000000000000000000, 1.000000000000000000, -0.000000000000000000 ) ) ;
#6984 = DIRECTION ( 'NONE',  ( 0.000000000000000000, 0.000000000000000000, -1.000000000000000000 ) ) ;
#6985 = CARTESIAN_POINT ( 'NONE',  ( -17.00000000000000000, -3.200000000000000178, 13.00000000000000178 ) ) ;
#6986 = CIRCLE ( 'NONE', #2822, 2.099999999999997868 ) ;
#6987 = CARTESIAN_POINT ( 'NONE',  ( -20.00000000000000000, 0.000000000000000000, 75.00000000000000000 ) ) ;
#6988 = DIRECTION ( 'NONE',  ( 0.000000000000000000, 0.000000000000000000, -1.000000000000000000 ) ) ;
#6989 = ORIENTED_EDGE ( 'NONE', *, *, #100, .T. ) ;
#6990 = CARTESIAN_POINT ( 'NONE',  ( -54.64593681162907757, -5.000000000000000000, 35.15662439906270009 ) ) ;
#6991 = DIRECTION ( 'NONE',  ( 8.659560562354998186E-17, -0.7071067811865422437, 0.7071067811865527908 ) ) ;
#6992 = CARTESIAN_POINT ( 'NONE',  ( -5.000000000000000000, -3.200000000000000178, 15.00000000000000000 ) ) ;
#6993 = ORIENTED_EDGE ( 'NONE', *, *, #7521, .F. ) ;
#6994 = ADVANCED_FACE ( 'NONE', ( #2402 ), #6977, .F. ) ;
#6995 = ADVANCED_FACE ( 'NONE', ( #4044 ), #7701, .F. ) ;
#6996 = EDGE_CURVE ( 'NONE', #8611, #6297, #2181, .T. ) ;
#6997 = CIRCLE ( 'NONE', #2839, 1.531095219467717872 ) ;
#6998 = EDGE_LOOP ( 'NONE', ( #9446, #8266 ) ) ;
#6999 = ADVANCED_FACE ( 'NONE', ( #5625 ), #8563, .T. ) ;
#7000 = DIRECTION ( 'NONE',  ( 0.000000000000000000, 1.000000000000000000, -0.000000000000000000 ) ) ;
#7001 = EDGE_LOOP ( 'NONE', ( #6089, #9081 ) ) ;
#7002 = CARTESIAN_POINT ( 'NONE',  ( 51.97234841721098775, -5.000000000000000000, 36.68757210636075428 ) ) ;
#7003 = ORIENTED_EDGE ( 'NONE', *, *, #9438, .T. ) ;
#7004 = DIRECTION ( 'NONE',  ( 0.8571673007021110013, 0.000000000000000000, -0.5150380749100563760 ) ) ;
#7005 = CIRCLE ( 'NONE', #3619, 3.000000000000002665 ) ;
#7006 = ADVANCED_FACE ( 'NONE', ( #9092 ), #2505, .F. ) ;
#7008 = DIRECTION ( 'NONE',  ( -0.000000000000000000, 1.000000000000000000, -0.000000000000000000 ) ) ;
#7007 = CIRCLE ( 'NONE', #9451, 1.599999999999997202 ) ;
#7009 = AXIS2_PLACEMENT_3D ( 'NONE', #6453, #2080, #4150 ) ;
#7010 = DIRECTION ( 'NONE',  ( 0.000000000000000000, 0.000000000000000000, -1.000000000000000000 ) ) ;
#7011 = EDGE_LOOP ( 'NONE', ( #8107, #1611, #4235, #4244 ) ) ;
#7012 = ORIENTED_EDGE ( 'NONE', *, *, #135, .F. ) ;
#7013 = VECTOR ( 'NONE', #9332, 1000.000000000000000 ) ;
#7014 = ORIENTED_EDGE ( 'NONE', *, *, #6335, .T. ) ;
#7015 = ORIENTED_EDGE ( 'NONE', *, *, #535, .F. ) ;
#7016 = FACE_BOUND ( 'NONE', #7767, .T. ) ;
#7017 = ADVANCED_FACE ( 'NONE', ( #1778 ), #387, .T. ) ;
#7018 = CARTESIAN_POINT ( 'NONE',  ( 62.57895013500987602, -5.000000000000000000, 34.29467888754678739 ) ) ;
#7019 = FACE_OUTER_BOUND ( 'NONE', #4921, .T. ) ;
#7020 = CARTESIAN_POINT ( 'NONE',  ( 24.20000000000000284, -9.242640687119289211, -60.00000000000000000 ) ) ;
#7021 = CARTESIAN_POINT ( 'NONE',  ( -51.97234841721098775, -3.499999999999972911, 33.58757210636076707 ) ) ;
#7022 = VERTEX_POINT ( 'NONE', #7655 ) ;
#7023 = AXIS2_PLACEMENT_3D ( 'NONE', #4989, #5896, #6572 ) ;
#7024 = ORIENTED_EDGE ( 'NONE', *, *, #3350, .F. ) ;
#7025 = ORIENTED_EDGE ( 'NONE', *, *, #9115, .T. ) ;
#7026 = ORIENTED_EDGE ( 'NONE', *, *, #7423, .T. ) ;
#7027 = DIRECTION ( 'NONE',  ( 0.000000000000000000, 1.000000000000000000, -0.000000000000000000 ) ) ;
#7028 = DIRECTION ( 'NONE',  ( 0.000000000000000000, 0.000000000000000000, -1.000000000000000000 ) ) ;
#7029 = CARTESIAN_POINT ( 'NONE',  ( -34.29467888754678739, -5.000000000000000000, 62.57895013500987602 ) ) ;
#7030 = DIRECTION ( 'NONE',  ( -0.000000000000000000, -1.000000000000000000, -0.000000000000000000 ) ) ;
#7031 = CARTESIAN_POINT ( 'NONE',  ( 5.500000000000001776, -10.00000000000000000, 17.50000000000000000 ) ) ;
#7032 = CIRCLE ( 'NONE', #263, 3.100000000000047162 ) ;
#7033 = LINE ( 'NONE', #4995, #3750 ) ;
#7034 = ORIENTED_EDGE ( 'NONE', *, *, #8741, .F. ) ;
#7035 = DIRECTION ( 'NONE',  ( 0.000000000000000000, 1.000000000000000000, -0.000000000000000000 ) ) ;
#7036 = PRODUCT_CONTEXT ( 'NONE', #8492, 'mechanical' ) ;
#7037 = DIRECTION ( 'NONE',  ( -0.000000000000000000, 1.000000000000000000, -0.000000000000000000 ) ) ;
#7038 = DIRECTION ( 'NONE',  ( 0.000000000000000000, 0.000000000000000000, 1.000000000000000000 ) ) ;
#7039 = ORIENTED_EDGE ( 'NONE', *, *, #2458, .T. ) ;
#7040 = ORIENTED_EDGE ( 'NONE', *, *, #7762, .F. ) ;
#7041 = EDGE_CURVE ( 'NONE', #8336, #4018, #3272, .T. ) ;
#7042 = CARTESIAN_POINT ( 'NONE',  ( 36.00000000000000711, -3.500000000000002220, -64.40000000000000568 ) ) ;
#7043 = ADVANCED_FACE ( 'NONE', ( #7120 ), #6956, .F. ) ;
#7044 = LINE ( 'NONE', #9120, #8141 ) ;
#7045 = VERTEX_POINT ( 'NONE', #3991 ) ;
#7046 = CARTESIAN_POINT ( 'NONE',  ( 17.11198410471442699, 0.000000000000000000, 22.58305191657944277 ) ) ;
#7047 = AXIS2_PLACEMENT_3D ( 'NONE', #8760, #3658, #5864 ) ;
#7048 = CARTESIAN_POINT ( 'NONE',  ( 51.97234841721098775, -5.000000000000000000, 33.58757210636076707 ) ) ;
#7049 = UNCERTAINTY_MEASURE_WITH_UNIT (LENGTH_MEASURE( 1.000000000000000082E-05 ), #4781, 'distance_accuracy_value', 'NONE');
#7050 = ADVANCED_FACE ( 'NONE', ( #8430 ), #186, .F. ) ;
#7051 = DIRECTION ( 'NONE',  ( 0.000000000000000000, 1.000000000000000000, -0.000000000000000000 ) ) ;
#7052 = ADVANCED_FACE ( 'NONE', ( #339 ), #3400, .F. ) ;
#7053 = ORIENTED_EDGE ( 'NONE', *, *, #4388, .T. ) ;
#7054 = AXIS2_PLACEMENT_3D ( 'NONE', #8807, #44, #722 ) ;
#7055 = EDGE_CURVE ( 'NONE', #8825, #5659, #6201, .T. ) ;
#7056 = AXIS2_PLACEMENT_3D ( 'NONE', #5153, #8638, #7957 ) ;
#7057 = FACE_OUTER_BOUND ( 'NONE', #2079, .T. ) ;
#7058 = ORIENTED_EDGE ( 'NONE', *, *, #7941, .F. ) ;
#7059 = ORIENTED_EDGE ( 'NONE', *, *, #1179, .F. ) ;
#7060 = EDGE_LOOP ( 'NONE', ( #5223, #3360, #6655, #3164 ) ) ;
#7061 = CARTESIAN_POINT ( 'NONE',  ( 3.469446951953614189E-13, -5.000000000000000000, 5.551115123125782702E-14 ) ) ;
#7062 = DIRECTION ( 'NONE',  ( 0.000000000000000000, 1.000000000000000000, 0.000000000000000000 ) ) ;
#7063 = VECTOR ( 'NONE', #2579, 1000.000000000000000 ) ;
#7064 = DIRECTION ( 'NONE',  ( 0.000000000000000000, 1.000000000000000000, 0.000000000000000000 ) ) ;
#7065 = VECTOR ( 'NONE', #3364, 1000.000000000000000 ) ;
#7066 = CARTESIAN_POINT ( 'NONE',  ( -33.49999999999999289, -4.477645950643619699, -65.35281611873283225 ) ) ;
#7067 = DIRECTION ( 'NONE',  ( -0.8571673007021114454, 0.000000000000000000, -0.5150380749100555988 ) ) ;
#7068 = VERTEX_POINT ( 'NONE', #9140 ) ;
#7069 = ADVANCED_FACE ( 'NONE', ( #4765 ), #2553, .F. ) ;
#7070 = ORIENTED_EDGE ( 'NONE', *, *, #8813, .F. ) ;
#7071 = ORIENTED_EDGE ( 'NONE', *, *, #2488, .T. ) ;
#7072 = ORIENTED_EDGE ( 'NONE', *, *, #2706, .F. ) ;
#7073 = CARTESIAN_POINT ( 'NONE',  ( -20.20000000000000639, -3.499999999999962252, 1.999999999999998224 ) ) ;
#7074 = CIRCLE ( 'NONE', #1375, 1.600000000000004086 ) ;
#7075 = DIRECTION ( 'NONE',  ( 0.000000000000000000, 1.000000000000000000, -0.000000000000000000 ) ) ;
#7076 = CYLINDRICAL_SURFACE ( 'NONE', #6535, 4.999999999999997335 ) ;
#7077 = CARTESIAN_POINT ( 'NONE',  ( 0.000000000000000000, -3.200000000000000178, 49.00000000000000000 ) ) ;
#7078 = CARTESIAN_POINT ( 'NONE',  ( 24.20000000000000284, 0.000000000000000000, -61.50000000000000000 ) ) ;
#7079 = CARTESIAN_POINT ( 'NONE',  ( 33.26989437906256342, -5.000000000000000000, -1.324434976139800213 ) ) ;
#7080 = CONICAL_SURFACE ( 'NONE', #5379, 4.599999999999909939, 0.7853981633974425058 ) ;
#7081 = ORIENTED_EDGE ( 'NONE', *, *, #5391, .T. ) ;
#7082 = AXIS2_PLACEMENT_3D ( 'NONE', #7849, #4269, #3516 ) ;
#7083 = EDGE_CURVE ( 'NONE', #7309, #2401, #7231, .T. ) ;
#7084 = ADVANCED_FACE ( 'NONE', ( #1875 ), #8004, .F. ) ;
#7085 = CARTESIAN_POINT ( 'NONE',  ( -24.93692920003235258, -3.000000000000000000, -25.48331929071589386 ) ) ;
#7086 = VECTOR ( 'NONE', #5637, 1000.000000000000000 ) ;
#7087 = CARTESIAN_POINT ( 'NONE',  ( -51.97234841721098775, -9.525483399593916545, 33.58757210636076707 ) ) ;
#7088 = CARTESIAN_POINT ( 'NONE',  ( 44.67759642328852721, 0.000000000000000000, 3.487460084037908192 ) ) ;
#7089 = VECTOR ( 'NONE', #8425, 1000.000000000000000 ) ;
#7090 = VECTOR ( 'NONE', #1288, 1000.000000000000000 ) ;
#7091 = CIRCLE ( 'NONE', #4153, 1.500000000000001332 ) ;
#7092 = ORIENTED_EDGE ( 'NONE', *, *, #5788, .T. ) ;
#7093 = DIRECTION ( 'NONE',  ( 0.000000000000000000, 0.000000000000000000, 1.000000000000000000 ) ) ;
#7094 = CIRCLE ( 'NONE', #9388, 88.00000000000009948 ) ;
#7095 = LINE ( 'NONE', #2037, #3837 ) ;
#7096 = CIRCLE ( 'NONE', #783, 3.100000000000040057 ) ;
#7097 = EDGE_LOOP ( 'NONE', ( #7375, #6432, #9318, #4404 ) ) ;
#7098 = CONICAL_SURFACE ( 'NONE', #3565, 3.000000000000002665, 0.7853981633974510546 ) ;
#7099 = ADVANCED_FACE ( 'NONE', ( #6295 ), #4333, .F. ) ;
#7100 = AXIS2_PLACEMENT_3D ( 'NONE', #5283, #4609, #6881 ) ;
#7101 = CIRCLE ( 'NONE', #7249, 1.599999999999997202 ) ;
#7102 = CARTESIAN_POINT ( 'NONE',  ( 3.000000000000003997, 0.000000000000000000, 50.11904464837144246 ) ) ;
#7103 = CARTESIAN_POINT ( 'NONE',  ( -62.67442126558891857, -3.499999999999952927, -13.15929021731400361 ) ) ;
#7104 = ORIENTED_EDGE ( 'NONE', *, *, #1178, .F. ) ;
#7105 = DIRECTION ( 'NONE',  ( 0.000000000000000000, -1.000000000000000000, 0.000000000000000000 ) ) ;
#7106 = VERTEX_POINT ( 'NONE', #7254 ) ;
#7107 = ORIENTED_EDGE ( 'NONE', *, *, #9505, .T. ) ;
#7108 = ORIENTED_EDGE ( 'NONE', *, *, #3641, .T. ) ;
#7109 = VERTEX_POINT ( 'NONE', #9415 ) ;
#7110 = DIRECTION ( 'NONE',  ( 0.000000000000000000, 1.000000000000000000, 0.000000000000000000 ) ) ;
#7111 = EDGE_CURVE ( 'NONE', #985, #2234, #1702, .T. ) ;
#7112 = LINE ( 'NONE', #4940, #5841 ) ;
#7113 = EDGE_CURVE ( 'NONE', #2234, #3466, #3642, .T. ) ;
#7114 = CARTESIAN_POINT ( 'NONE',  ( 45.16312671864703532, -5.000000000000000000, -39.20297844118580599 ) ) ;
#7115 = VERTEX_POINT ( 'NONE', #7161 ) ;
#7116 = DIRECTION ( 'NONE',  ( 0.000000000000000000, 0.000000000000000000, -1.000000000000000000 ) ) ;
#7117 = AXIS2_PLACEMENT_3D ( 'NONE', #8887, #4594, #1566 ) ;
#7118 = EDGE_CURVE ( 'NONE', #1231, #6200, #4925, .T. ) ;
#7119 = CIRCLE ( 'NONE', #4654, 1.600000000000004086 ) ;
#7120 = FACE_OUTER_BOUND ( 'NONE', #1922, .T. ) ;
#7121 = ORIENTED_EDGE ( 'NONE', *, *, #7285, .F. ) ;
#7122 = ORIENTED_EDGE ( 'NONE', *, *, #5332, .T. ) ;
#7123 = VERTEX_POINT ( 'NONE', #7973 ) ;
#7124 = ORIENTED_EDGE ( 'NONE', *, *, #5078, .F. ) ;
#7125 = DIRECTION ( 'NONE',  ( 0.000000000000000000, 0.000000000000000000, 1.000000000000000000 ) ) ;
#7126 = LINE ( 'NONE', #7434, #4546 ) ;
#7127 = DIRECTION ( 'NONE',  ( 0.000000000000000000, 1.000000000000000000, -0.000000000000000000 ) ) ;
#7128 = CARTESIAN_POINT ( 'NONE',  ( -24.25000000000000711, 0.000000000000000000, -53.75000000000000000 ) ) ;
#7129 = DIRECTION ( 'NONE',  ( 0.000000000000000000, 0.000000000000000000, 1.000000000000000000 ) ) ;
#7130 = ADVANCED_FACE ( 'NONE', ( #8608 ), #1861, .F. ) ;
#7131 = DIRECTION ( 'NONE',  ( -0.000000000000000000, -1.000000000000000000, -0.000000000000000000 ) ) ;
#7132 = VERTEX_POINT ( 'NONE', #5670 ) ;
#7133 = DIRECTION ( 'NONE',  ( 0.000000000000000000, 0.000000000000000000, -1.000000000000000000 ) ) ;
#7134 = CIRCLE ( 'NONE', #7758, 1.600000000000004086 ) ;
#7135 = FACE_OUTER_BOUND ( 'NONE', #288, .T. ) ;
#7136 = DIRECTION ( 'NONE',  ( 0.000000000000000000, 0.000000000000000000, -1.000000000000000000 ) ) ;
#7137 = EDGE_CURVE ( 'NONE', #5006, #4500, #613, .T. ) ;
#7138 = AXIS2_PLACEMENT_3D ( 'NONE', #7760, #9197, #583 ) ;
#7139 = ORIENTED_EDGE ( 'NONE', *, *, #2774, .T. ) ;
#7140 = CARTESIAN_POINT ( 'NONE',  ( -17.00000000000000000, -3.200000000000000178, 11.00000000000000178 ) ) ;
#7141 = CARTESIAN_POINT ( 'NONE',  ( -20.20000000000000639, -5.000000000000000000, 5.031095219467759172 ) ) ;
#7142 = AXIS2_PLACEMENT_3D ( 'NONE', #3157, #6863, #3019 ) ;
#7143 = VERTEX_POINT ( 'NONE', #8793 ) ;
#7144 = AXIS2_PLACEMENT_3D ( 'NONE', #7544, #3936, #229 ) ;
#7145 = DIRECTION ( 'NONE',  ( 0.000000000000000000, 1.000000000000000000, -0.000000000000000000 ) ) ;
#7146 = CARTESIAN_POINT ( 'NONE',  ( -76.34538790275300357, -3.500000000000000000, 38.49196988955198151 ) ) ;
#7147 = ORIENTED_EDGE ( 'NONE', *, *, #3699, .T. ) ;
#7148 = AXIS2_PLACEMENT_3D ( 'NONE', #2185, #560, #8776 ) ;
#7149 = DIRECTION ( 'NONE',  ( 8.659560562354998186E-17, -0.7071067811865421326, 0.7071067811865530128 ) ) ;
#7150 = VERTEX_POINT ( 'NONE', #8655 ) ;
#7151 = ORIENTED_EDGE ( 'NONE', *, *, #4477, .F. ) ;
#7152 = ORIENTED_EDGE ( 'NONE', *, *, #3812, .F. ) ;
#7153 = ORIENTED_EDGE ( 'NONE', *, *, #4241, .F. ) ;
#7154 = DIRECTION ( 'NONE',  ( 0.000000000000000000, 0.000000000000000000, 1.000000000000000000 ) ) ;
#7155 = LINE ( 'NONE', #4975, #4789 ) ;
#7156 = CONICAL_SURFACE ( 'NONE', #4997, 1.600000000000002531, 0.7853981633974557175 ) ;
#7157 = CARTESIAN_POINT ( 'NONE',  ( 35.52742507837845665, -5.000000000000000000, 80.50963959241281032 ) ) ;
#7158 = ORIENTED_EDGE ( 'NONE', *, *, #9344, .F. ) ;
#7159 = CARTESIAN_POINT ( 'NONE',  ( 20.00000000000000000, 0.000000000000000000, 75.00000000000000000 ) ) ;
#7160 = CIRCLE ( 'NONE', #3335, 1.600000000000004086 ) ;
#7161 = CARTESIAN_POINT ( 'NONE',  ( 79.50000000000000000, 0.000000000000000000, -0.8500000000000035305 ) ) ;
#7162 = ORIENTED_EDGE ( 'NONE', *, *, #7579, .F. ) ;
#7163 = AXIS2_PLACEMENT_3D ( 'NONE', #2606, #1020, #1066 ) ;
#7164 = ADVANCED_FACE ( 'NONE', ( #2200 ), #1327, .F. ) ;
#7165 = EDGE_LOOP ( 'NONE', ( #6296, #8730, #5720, #1598, #5785, #434, #453, #7975 ) ) ;
#7166 = EDGE_CURVE ( 'NONE', #3345, #226, #2478, .T. ) ;
#7167 = ORIENTED_EDGE ( 'NONE', *, *, #4582, .T. ) ;
#7168 = ORIENTED_EDGE ( 'NONE', *, *, #6228, .T. ) ;
#7169 = CARTESIAN_POINT ( 'NONE',  ( -61.64803358821274060, -3.000000000000000000, -9.042674090477495596 ) ) ;
#7170 = DIRECTION ( 'NONE',  ( 0.000000000000000000, -1.000000000000000000, 0.000000000000000000 ) ) ;
#7171 = DIRECTION ( 'NONE',  ( 0.000000000000000000, 0.000000000000000000, -1.000000000000000000 ) ) ;
#7172 = DIRECTION ( 'NONE',  ( -0.000000000000000000, -1.000000000000000000, -0.000000000000000000 ) ) ;
#7173 = DIRECTION ( 'NONE',  ( 0.000000000000000000, 1.000000000000000000, 0.000000000000000000 ) ) ;
#7174 = ORIENTED_EDGE ( 'NONE', *, *, #6889, .T. ) ;
#7175 = DIRECTION ( 'NONE',  ( 0.000000000000000000, 0.000000000000000000, 1.000000000000000000 ) ) ;
#7176 = EDGE_CURVE ( 'NONE', #4933, #2827, #8771, .T. ) ;
#7177 = ADVANCED_FACE ( 'NONE', ( #4406 ), #2782, .F. ) ;
#7178 = CARTESIAN_POINT ( 'NONE',  ( 20.20000000000000639, -5.000000000000000000, 5.031095219467759172 ) ) ;
#7179 = DIRECTION ( 'NONE',  ( 0.000000000000000000, 0.000000000000000000, -1.000000000000000000 ) ) ;
#7180 = VECTOR ( 'NONE', #4458, 1000.000000000000000 ) ;
#7181 = ORIENTED_EDGE ( 'NONE', *, *, #5924, .T. ) ;
#7182 = CARTESIAN_POINT ( 'NONE',  ( 24.50000000000000355, -10.93969696196700170, -34.60000000000000142 ) ) ;
#7183 = EDGE_CURVE ( 'NONE', #7570, #7393, #1246, .T. ) ;
#7184 = DIRECTION ( 'NONE',  ( 0.000000000000000000, 0.000000000000000000, -1.000000000000000000 ) ) ;
#7185 = CARTESIAN_POINT ( 'NONE',  ( 5.500000000000001776, 0.000000000000000000, 19.09999999999999787 ) ) ;
#7186 = DIRECTION ( 'NONE',  ( 0.000000000000000000, 0.000000000000000000, -1.000000000000000000 ) ) ;
#7187 = ORIENTED_EDGE ( 'NONE', *, *, #2076, .F. ) ;
#7188 = CARTESIAN_POINT ( 'NONE',  ( 24.25000000000000711, -10.00000000000000000, -55.34999999999999432 ) ) ;
#7189 = EDGE_LOOP ( 'NONE', ( #8687, #7787 ) ) ;
#7190 = ORIENTED_EDGE ( 'NONE', *, *, #5042, .F. ) ;
#7191 = CONICAL_SURFACE ( 'NONE', #1207, 1.599999999999997202, 0.7853981633974557175 ) ;
#7192 = ORIENTED_EDGE ( 'NONE', *, *, #460, .T. ) ;
#7193 = ORIENTED_EDGE ( 'NONE', *, *, #7575, .F. ) ;
#7194 = DIRECTION ( 'NONE',  ( 0.000000000000000000, 0.000000000000000000, -1.000000000000000000 ) ) ;
#7195 = VECTOR ( 'NONE', #7218, 1000.000000000000000 ) ;
#7196 = DIRECTION ( 'NONE',  ( -0.000000000000000000, 1.000000000000000000, -0.000000000000000000 ) ) ;
#7197 = DIRECTION ( 'NONE',  ( 0.000000000000000000, 0.000000000000000000, 1.000000000000000000 ) ) ;
#7198 = ORIENTED_EDGE ( 'NONE', *, *, #6818, .T. ) ;
#7199 = DIRECTION ( 'NONE',  ( 8.659560562355001884E-17, -0.7071067811865421326, 0.7071067811865530128 ) ) ;
#7200 = VECTOR ( 'NONE', #8757, 1000.000000000000000 ) ;
#7201 = CARTESIAN_POINT ( 'NONE',  ( -24.20000000000000284, -9.242640687119289211, -60.00000000000000000 ) ) ;
#7202 = ORIENTED_EDGE ( 'NONE', *, *, #2808, .F. ) ;
#7203 = EDGE_CURVE ( 'NONE', #1372, #958, #1406, .T. ) ;
#7204 = ORIENTED_EDGE ( 'NONE', *, *, #2990, .F. ) ;
#7205 = ORIENTED_EDGE ( 'NONE', *, *, #997, .F. ) ;
#7206 = EDGE_LOOP ( 'NONE', ( #293, #9448, #6706, #7158 ) ) ;
#7207 = CYLINDRICAL_SURFACE ( 'NONE', #3493, 1.600000000000000755 ) ;
#7208 = CARTESIAN_POINT ( 'NONE',  ( 28.11951362996199677, 0.000000000000000000, -9.896107983160918664 ) ) ;
#7209 = CARTESIAN_POINT ( 'NONE',  ( -17.00000000000000000, 0.000000000000000000, 13.00000000000000178 ) ) ;
#7210 = DIRECTION ( 'NONE',  ( 0.000000000000000000, 0.000000000000000000, -1.000000000000000000 ) ) ;
#7211 = DIRECTION ( 'NONE',  ( 0.000000000000000000, 0.000000000000000000, -1.000000000000000000 ) ) ;
#7212 = ADVANCED_FACE ( 'NONE', ( #6479 ), #5715, .T. ) ;
#7213 = CARTESIAN_POINT ( 'NONE',  ( -47.33237102498893734, -5.000000000000000000, -44.51756172916655885 ) ) ;
#7214 = B_SPLINE_CURVE_WITH_KNOTS ( 'NONE', 3,
 ( #1563, #6560, #8788, #9493, #6761, #4445, #845, #5117, #23, #3826, #7290, #6663, #8833, #2242, #5265, #173 ),
 .UNSPECIFIED., .F., .F.,
 ( 4, 2, 2, 2, 2, 2, 2, 4 ),
 ( 8.673617379884035472E-19, 0.001604471195526973410, 0.002406706793290454369, 0.003208942391053935545, 0.003610060189935665725, 0.004011177988817396338, 0.004813413586580856697, 0.006417884782107777415 ),
 .UNSPECIFIED. ) ;
#7215 = ORIENTED_EDGE ( 'NONE', *, *, #1485, .F. ) ;
#7216 = AXIS2_PLACEMENT_3D ( 'NONE', #1872, #6427, #4813 ) ;
#7217 = DIRECTION ( 'NONE',  ( -0.000000000000000000, -1.000000000000000000, -0.000000000000000000 ) ) ;
#7218 = DIRECTION ( 'NONE',  ( 0.000000000000000000, -1.000000000000000000, 0.000000000000000000 ) ) ;
#7219 = DIRECTION ( 'NONE',  ( -0.000000000000000000, 1.000000000000000000, -0.000000000000000000 ) ) ;
#7220 = DIRECTION ( 'NONE',  ( 0.000000000000000000, 1.000000000000000000, 0.000000000000000000 ) ) ;
#7221 = CIRCLE ( 'NONE', #2461, 1.600000000000000755 ) ;
#7222 = ADVANCED_FACE ( 'NONE', ( #5023 ), #9459, .F. ) ;
#7223 = EDGE_CURVE ( 'NONE', #1218, #4861, #4944, .T. ) ;
#7224 = EDGE_CURVE ( 'NONE', #7840, #7824, #2865, .T. ) ;
#7225 = EDGE_LOOP ( 'NONE', ( #7012, #4020 ) ) ;
#7226 = AXIS2_PLACEMENT_3D ( 'NONE', #6575, #8801, #8849 ) ;
#7227 = EDGE_CURVE ( 'NONE', #953, #5464, #5793, .T. ) ;
#7228 = CARTESIAN_POINT ( 'NONE',  ( -79.50000000000000000, -1.500000000000000000, -5.000000000000000000 ) ) ;
#7229 = CARTESIAN_POINT ( 'NONE',  ( 24.50000000000000355, 0.000000000000000000, -34.60000000000000142 ) ) ;
#7230 = CIRCLE ( 'NONE', #9075, 1.599999999999997202 ) ;
#7231 = CIRCLE ( 'NONE', #3253, 4.600000000000047606 ) ;
#7232 = CIRCLE ( 'NONE', #3093, 2.000000000000001776 ) ;
#7233 = EDGE_CURVE ( 'NONE', #1231, #2779, #850, .T. ) ;
#7234 = DIRECTION ( 'NONE',  ( -0.000000000000000000, -1.000000000000000000, -0.000000000000000000 ) ) ;
#7235 = COLOUR_RGB ( '',0.7921568627450980005, 0.8196078431372548767, 0.9333333333333333481 ) ;
#7236 = AXIS2_PLACEMENT_3D ( 'NONE', #6611, #8212, #4498 ) ;
#7237 = DIRECTION ( 'NONE',  ( 0.000000000000000000, 0.000000000000000000, -1.000000000000000000 ) ) ;
#7238 = ORIENTED_EDGE ( 'NONE', *, *, #4913, .F. ) ;
#7239 = CIRCLE ( 'NONE', #2023, 3.031095219467760948 ) ;
#7240 = DIRECTION ( 'NONE',  ( -0.7071067811865574537, -0.000000000000000000, -0.7071067811865376918 ) ) ;
#7241 = ORIENTED_EDGE ( 'NONE', *, *, #6253, .F. ) ;
#7242 = ORIENTED_EDGE ( 'NONE', *, *, #8902, .F. ) ;
#7243 = ORIENTED_EDGE ( 'NONE', *, *, #647, .F. ) ;
#7244 = ORIENTED_EDGE ( 'NONE', *, *, #7381, .T. ) ;
#7245 = PRESENTATION_STYLE_ASSIGNMENT (( #2958 ) ) ;
#7246 = CIRCLE ( 'NONE', #4938, 5.000000000000004441 ) ;
#7247 = AXIS2_PLACEMENT_3D ( 'NONE', #7838, #4084, #4219 ) ;
#7248 = CARTESIAN_POINT ( 'NONE',  ( 33.26989437906256342, -5.000000000000000000, -4.424434976139791864 ) ) ;
#7249 = AXIS2_PLACEMENT_3D ( 'NONE', #9288, #4497, #8570 ) ;
#7250 = EDGE_CURVE ( 'NONE', #892, #1384, #484, .T. ) ;
#7251 = DIRECTION ( 'NONE',  ( 0.000000000000000000, 0.000000000000000000, -1.000000000000000000 ) ) ;
#7252 = ORIENTED_EDGE ( 'NONE', *, *, #5351, .F. ) ;
#7253 = CARTESIAN_POINT ( 'NONE',  ( 20.20000000000000639, -5.000000000000000000, 5.031095219467759172 ) ) ;
#7254 = CARTESIAN_POINT ( 'NONE',  ( 41.67480094162660720, -5.000000000000000000, -76.77890335241866637 ) ) ;
#7255 = ORIENTED_EDGE ( 'NONE', *, *, #6049, .F. ) ;
#7256 = ORIENTED_EDGE ( 'NONE', *, *, #460, .F. ) ;
#7257 = EDGE_LOOP ( 'NONE', ( #2541, #713, #1213, #6057 ) ) ;
#7258 = ORIENTED_EDGE ( 'NONE', *, *, #2938, .F. ) ;
#7259 = DIRECTION ( 'NONE',  ( 0.000000000000000000, 1.000000000000000000, -0.000000000000000000 ) ) ;
#7260 = DIRECTION ( 'NONE',  ( 0.000000000000000000, 1.000000000000000000, -0.000000000000000000 ) ) ;
#7261 = CARTESIAN_POINT ( 'NONE',  ( -24.18305191657981013, 0.000000000000000000, 15.51198410471387135 ) ) ;
#7262 = FACE_OUTER_BOUND ( 'NONE', #9198, .T. ) ;
#7263 = DIRECTION ( 'NONE',  ( 0.000000000000000000, 0.000000000000000000, 1.000000000000000000 ) ) ;
#7264 = DIRECTION ( 'NONE',  ( 0.000000000000000000, 0.000000000000000000, -1.000000000000000000 ) ) ;
#7265 = ORIENTED_EDGE ( 'NONE', *, *, #3519, .T. ) ;
#7266 = DIRECTION ( 'NONE',  ( 0.000000000000000000, 1.000000000000000000, -0.000000000000000000 ) ) ;
#7267 = CARTESIAN_POINT ( 'NONE',  ( 0.000000000000000000, 0.000000000000000000, 0.000000000000000000 ) ) ;
#7268 = CARTESIAN_POINT ( 'NONE',  ( 39.00000000000000000, -3.500000000000000000, -76.08712111783438559 ) ) ;
#7269 = CARTESIAN_POINT ( 'NONE',  ( 5.000000000000003553, -3.200000000000000178, 13.00000000000000000 ) ) ;
#7270 = DIRECTION ( 'NONE',  ( 0.000000000000000000, -1.000000000000000000, 0.000000000000000000 ) ) ;
#7271 = ORIENTED_EDGE ( 'NONE', *, *, #163, .F. ) ;
#7272 = DIRECTION ( 'NONE',  ( 0.000000000000000000, 1.000000000000000000, 0.000000000000000000 ) ) ;
#7273 = CARTESIAN_POINT ( 'NONE',  ( -20.00000000000000000, -5.000000000000000000, 75.00000000000000000 ) ) ;
#7274 = ADVANCED_FACE ( 'NONE', ( #5267 ), #1610, .T. ) ;
#7275 = EDGE_CURVE ( 'NONE', #7123, #8475, #2661, .T. ) ;
#7276 = AXIS2_PLACEMENT_3D ( 'NONE', #1071, #5393, #2516 ) ;
#7277 = EDGE_CURVE ( 'NONE', #1144, #2013, #4550, .T. ) ;
#7278 = DIRECTION ( 'NONE',  ( -0.000000000000000000, -1.000000000000000000, 0.000000000000000000 ) ) ;
#7279 = CARTESIAN_POINT ( 'NONE',  ( 81.78614503438491568, -5.000000000000000000, -14.14307181677856917 ) ) ;
#7280 = ORIENTED_EDGE ( 'NONE', *, *, #1126, .T. ) ;
#7281 = CARTESIAN_POINT ( 'NONE',  ( -20.00000000000000000, -3.499999999999954703, 75.00000000000000000 ) ) ;
#7282 = ORIENTED_EDGE ( 'NONE', *, *, #821, .T. ) ;
#7283 = ORIENTED_EDGE ( 'NONE', *, *, #587, .T. ) ;
#7284 = EDGE_CURVE ( 'NONE', #504, #1950, #5396, .T. ) ;
#7285 = EDGE_CURVE ( 'NONE', #6571, #6423, #2320, .T. ) ;
#7286 = ORIENTED_EDGE ( 'NONE', *, *, #4776, .T. ) ;
#7287 = ORIENTED_EDGE ( 'NONE', *, *, #1726, .F. ) ;
#7288 = LINE ( 'NONE', #700, #3863 ) ;
#7289 = CARTESIAN_POINT ( 'NONE',  ( -6.800116025829083810E-13, -5.000000000000000000, 8.326672684688674053E-14 ) ) ;
#7290 = CARTESIAN_POINT ( 'NONE',  ( -21.00000000000000711, -3.960448762031663517, -33.16563632202747414 ) ) ;
#7291 = AXIS2_PLACEMENT_3D ( 'NONE', #472, #7110, #5480 ) ;
#7292 = CARTESIAN_POINT ( 'NONE',  ( 5.500000000000001776, -3.499999999999945821, 17.50000000000000000 ) ) ;
#7293 = VERTEX_POINT ( 'NONE', #9025 ) ;
#7294 = DIRECTION ( 'NONE',  ( 0.000000000000000000, 0.000000000000000000, -1.000000000000000000 ) ) ;
#7295 = CIRCLE ( 'NONE', #1159, 1.500000000000001332 ) ;
#7296 = DIRECTION ( 'NONE',  ( -0.000000000000000000, 0.000000000000000000, -1.000000000000000000 ) ) ;
#7297 = ORIENTED_EDGE ( 'NONE', *, *, #6744, .T. ) ;
#7298 = ORIENTED_EDGE ( 'NONE', *, *, #5042, .T. ) ;
#7299 = EDGE_LOOP ( 'NONE', ( #4066, #216, #5612, #9447 ) ) ;
#7300 = ORIENTED_EDGE ( 'NONE', *, *, #9455, .F. ) ;
#7301 = CARTESIAN_POINT ( 'NONE',  ( -42.96326182188430920, 0.000000000000000000, 4.517536233858021610 ) ) ;
#7302 = DIRECTION ( 'NONE',  ( 0.000000000000000000, 0.000000000000000000, -1.000000000000000000 ) ) ;
#7303 = DIRECTION ( 'NONE',  ( 0.000000000000000000, -1.000000000000000000, 0.000000000000000000 ) ) ;
#7304 = VECTOR ( 'NONE', #8009, 1000.000000000000000 ) ;
#7305 = LINE ( 'NONE', #3431, #5831 ) ;
#7306 = DIRECTION ( 'NONE',  ( 0.000000000000000000, 0.000000000000000000, 1.000000000000000000 ) ) ;
#7307 = CARTESIAN_POINT ( 'NONE',  ( -48.41519859989394092, -5.000000000000000000, -52.42345414538067416 ) ) ;
#7308 = AXIS2_PLACEMENT_3D ( 'NONE', #3012, #2696, #3728 ) ;
#7309 = VERTEX_POINT ( 'NONE', #6667 ) ;
#7310 = VECTOR ( 'NONE', #7713, 1000.000000000000000 ) ;
#7311 = AXIS2_PLACEMENT_3D ( 'NONE', #7228, #550, #8722 ) ;
#7312 = DIRECTION ( 'NONE',  ( 0.000000000000000000, 1.000000000000000000, -0.000000000000000000 ) ) ;
#7313 = CARTESIAN_POINT ( 'NONE',  ( 0.000000000000000000, -13.19999999999999929, 50.25000000000000000 ) ) ;
#7314 = CARTESIAN_POINT ( 'NONE',  ( 85.19872855988063520, 0.000000000000000000, -22.02672585246786241 ) ) ;
#7315 = CARTESIAN_POINT ( 'NONE',  ( -35.15662439906155612, -5.000000000000000000, 54.64593681162973837 ) ) ;
#7316 = CARTESIAN_POINT ( 'NONE',  ( 20.20000000000000284, -3.500000000000006661, -19.50000000000000355 ) ) ;
#7317 = VERTEX_POINT ( 'NONE', #7439 ) ;
#7318 = CARTESIAN_POINT ( 'NONE',  ( -28.50000000000000000, -5.000000000000000000, 5.551115123125782702E-14 ) ) ;
#7319 = CIRCLE ( 'NONE', #9469, 2.100000000000004530 ) ;
#7320 = DIRECTION ( 'NONE',  ( -0.000000000000000000, -1.000000000000000000, -0.000000000000000000 ) ) ;
#7321 = AXIS2_PLACEMENT_3D ( 'NONE', #9431, #297, #974 ) ;
#7322 = EDGE_CURVE ( 'NONE', #3830, #180, #79, .T. ) ;
#7323 = DIRECTION ( 'NONE',  ( 0.000000000000000000, 0.000000000000000000, -1.000000000000000000 ) ) ;
#7324 = EDGE_CURVE ( 'NONE', #2728, #3737, #6775, .T. ) ;
#7325 = CYLINDRICAL_SURFACE ( 'NONE', #9453, 1.600000000000002531 ) ;
#7326 = ORIENTED_EDGE ( 'NONE', *, *, #9343, .F. ) ;
#7327 = LINE ( 'NONE', #7188, #8135 ) ;
#7328 = EDGE_LOOP ( 'NONE', ( #5992, #6139, #9461, #5359, #5641, #228 ) ) ;
#7329 = ORIENTED_EDGE ( 'NONE', *, *, #7275, .F. ) ;
#7330 = ORIENTED_EDGE ( 'NONE', *, *, #2812, .T. ) ;
#7331 = ORIENTED_EDGE ( 'NONE', *, *, #7224, .F. ) ;
#7332 = DIRECTION ( 'NONE',  ( 0.000000000000000000, 0.000000000000000000, 1.000000000000000000 ) ) ;
#7333 = CARTESIAN_POINT ( 'NONE',  ( 36.07975200375346247, -4.935363795444390078, 53.72280920693829387 ) ) ;
#7334 = DIRECTION ( 'NONE',  ( 0.000000000000000000, 0.000000000000000000, -1.000000000000000000 ) ) ;
#7335 = DIRECTION ( 'NONE',  ( 0.000000000000000000, 0.000000000000000000, 1.000000000000000000 ) ) ;
#7336 = VERTEX_POINT ( 'NONE', #4651 ) ;
#7337 = EDGE_CURVE ( 'NONE', #3737, #4411, #3645, .T. ) ;
#7338 = ADVANCED_FACE ( 'NONE', ( #5942 ), #9087, .F. ) ;
#7339 = CYLINDRICAL_SURFACE ( 'NONE', #8476, 1.599999999999997202 ) ;
#7340 = EDGE_CURVE ( 'NONE', #4956, #599, #8936, .T. ) ;
#7341 = CARTESIAN_POINT ( 'NONE',  ( -20.20000000000000639, 0.000000000000000000, 1.999999999999998224 ) ) ;
#7342 = VERTEX_POINT ( 'NONE', #28 ) ;
#7343 = ADVANCED_FACE ( 'NONE', ( #8977 ), #2388, .T. ) ;
#7344 = ORIENTED_EDGE ( 'NONE', *, *, #6785, .F. ) ;
#7345 = AXIS2_PLACEMENT_3D ( 'NONE', #3291, #3437, #8497 ) ;
#7346 = VERTEX_POINT ( 'NONE', #898 ) ;
#7347 = ORIENTED_EDGE ( 'NONE', *, *, #7451, .T. ) ;
#7348 = LINE ( 'NONE', #9421, #424 ) ;
#7349 = CARTESIAN_POINT ( 'NONE',  ( 3.469446951953614189E-13, 0.000000000000000000, 5.551115123125782702E-14 ) ) ;
#7350 = DIRECTION ( 'NONE',  ( 0.000000000000000000, 0.000000000000000000, -1.000000000000000000 ) ) ;
#7351 = DIRECTION ( 'NONE',  ( 0.000000000000000000, 0.000000000000000000, 1.000000000000000000 ) ) ;
#7352 = CARTESIAN_POINT ( 'NONE',  ( -17.11198410471442699, -5.000000000000000000, 27.28305191657951667 ) ) ;
#7353 = DIRECTION ( 'NONE',  ( 0.000000000000000000, -1.000000000000000000, 0.000000000000000000 ) ) ;
#7354 = EDGE_CURVE ( 'NONE', #2048, #1321, #4622, .T. ) ;
#7355 = ORIENTED_EDGE ( 'NONE', *, *, #5059, .T. ) ;
#7356 = CARTESIAN_POINT ( 'NONE',  ( -24.20000000000000639, 0.000000000000000000, -25.50000000000000355 ) ) ;
#7357 = CONICAL_SURFACE ( 'NONE', #6128, 1.600000000000004086, 0.7853981633974465026 ) ;
#7358 = CARTESIAN_POINT ( 'NONE',  ( -20.20000000000000639, -5.000000000000000000, -18.00000000000000355 ) ) ;
#7359 = CARTESIAN_POINT ( 'NONE',  ( 24.20000000000000284, -5.000000000000000000, -60.00000000000000000 ) ) ;
#7360 = CARTESIAN_POINT ( 'NONE',  ( 33.49999999999999289, -4.399713313328149411, -65.84223252889908906 ) ) ;
#7361 = DIRECTION ( 'NONE',  ( -0.000000000000000000, -1.000000000000000000, -0.000000000000000000 ) ) ;
#7362 = CARTESIAN_POINT ( 'NONE',  ( -20.20000000000000639, -5.000000000000000000, -21.00000000000000355 ) ) ;
#7363 = EDGE_CURVE ( 'NONE', #3557, #953, #6316, .T. ) ;
#7364 = ORIENTED_EDGE ( 'NONE', *, *, #4828, .F. ) ;
#7365 = CYLINDRICAL_SURFACE ( 'NONE', #5296, 2.100000000000000977 ) ;
#7366 = DIRECTION ( 'NONE',  ( 3.330669073875468990E-14, 0.000000000000000000, -1.000000000000000000 ) ) ;
#7367 = AXIS2_PLACEMENT_3D ( 'NONE', #2097, #2962, #5790 ) ;
#7368 = AXIS2_PLACEMENT_3D ( 'NONE', #809, #3075, #36 ) ;
#7369 = LINE ( 'NONE', #1496, #9055 ) ;
#7370 = VECTOR ( 'NONE', #4189, 1000.000000000000000 ) ;
#7371 = DIRECTION ( 'NONE',  ( 0.000000000000000000, 1.000000000000000000, -0.000000000000000000 ) ) ;
#7372 = ORIENTED_EDGE ( 'NONE', *, *, #4519, .F. ) ;
#7373 = DIRECTION ( 'NONE',  ( 0.000000000000000000, 0.000000000000000000, -1.000000000000000000 ) ) ;
#7374 = ORIENTED_EDGE ( 'NONE', *, *, #8488, .F. ) ;
#7375 = ORIENTED_EDGE ( 'NONE', *, *, #1079, .F. ) ;
#7376 = AXIS2_PLACEMENT_3D ( 'NONE', #4306, #2007, #9321 ) ;
#7377 = ORIENTED_EDGE ( 'NONE', *, *, #7055, .T. ) ;
#7378 = EDGE_LOOP ( 'NONE', ( #1629, #7643, #4391, #2046 ) ) ;
#7379 = CARTESIAN_POINT ( 'NONE',  ( 53.94915334338357837, -5.000000000000000000, -69.52329719980301093 ) ) ;
#7380 = CARTESIAN_POINT ( 'NONE',  ( -36.00000000000000711, 0.000000000000000000, -53.59999999999999432 ) ) ;
#7381 = EDGE_CURVE ( 'NONE', #366, #2828, #2294, .T. ) ;
#7382 = DIRECTION ( 'NONE',  ( -2.775557561562890957E-15, 0.000000000000000000, -1.000000000000000000 ) ) ;
#7383 = CIRCLE ( 'NONE', #7, 1.500000000000001332 ) ;
#7384 = FACE_OUTER_BOUND ( 'NONE', #1670, .T. ) ;
#7385 = AXIS2_PLACEMENT_3D ( 'NONE', #5123, #9369, #4221 ) ;
#7386 = ORIENTED_EDGE ( 'NONE', *, *, #414, .T. ) ;
#7387 = DIRECTION ( 'NONE',  ( 1.000000000000000000, -0.000000000000000000, -0.000000000000000000 ) ) ;
#7388 = AXIS2_PLACEMENT_3D ( 'NONE', #167, #1705, #8879 ) ;
#7389 = DIRECTION ( 'NONE',  ( 0.000000000000000000, 1.000000000000000000, 0.000000000000000000 ) ) ;
#7390 = ORIENTED_EDGE ( 'NONE', *, *, #9505, .F. ) ;
#7391 = ORIENTED_EDGE ( 'NONE', *, *, #8042, .T. ) ;
#7392 = CIRCLE ( 'NONE', #8633, 1.531095219467717872 ) ;
#7393 = VERTEX_POINT ( 'NONE', #4452 ) ;
#7394 = ORIENTED_EDGE ( 'NONE', *, *, #5765, .T. ) ;
#7395 = CARTESIAN_POINT ( 'NONE',  ( 41.67480094162660009, -5.000000000000000000, -71.77890335241865216 ) ) ;
#7396 = AXIS2_PLACEMENT_3D ( 'NONE', #6643, #8193, #6792 ) ;
#7397 = EDGE_CURVE ( 'NONE', #4168, #130, #6166, .T. ) ;
#7398 = DIRECTION ( 'NONE',  ( -0.000000000000000000, 1.000000000000000000, -0.000000000000000000 ) ) ;
#7399 = EDGE_CURVE ( 'NONE', #2632, #1770, #8628, .T. ) ;
#7400 = FACE_OUTER_BOUND ( 'NONE', #6375, .T. ) ;
#7401 = VECTOR ( 'NONE', #5361, 1000.000000000000000 ) ;
#7402 = ADVANCED_FACE ( 'NONE', ( #3266 ), #1546, .F. ) ;
#7403 = AXIS2_PLACEMENT_3D ( 'NONE', #5814, #5244, #873 ) ;
#7404 = DIRECTION ( 'NONE',  ( 0.000000000000000000, 1.000000000000000000, 0.000000000000000000 ) ) ;
#7405 = CARTESIAN_POINT ( 'NONE',  ( -36.00000000000000711, 0.000000000000000000, -50.39999999999999858 ) ) ;
#7406 = EDGE_CURVE ( 'NONE', #4313, #4506, #6942, .T. ) ;
#7407 = CARTESIAN_POINT ( 'NONE',  ( -24.20000000000000284, -3.499999999999964917, -60.00000000000000000 ) ) ;
#7408 = VERTEX_POINT ( 'NONE', #3979 ) ;
#7409 = AXIS2_PLACEMENT_3D ( 'NONE', #4720, #7839, #1965 ) ;
#7410 = CARTESIAN_POINT ( 'NONE',  ( -67.30607546733556035, 0.000000000000000000, -11.27573523923519438 ) ) ;
#7411 = CARTESIAN_POINT ( 'NONE',  ( -20.20000000000000639, -9.330591249311714463, 1.999999999999998224 ) ) ;
#7412 = AXIS2_PLACEMENT_3D ( 'NONE', #6492, #9426, #6533 ) ;
#7413 = CARTESIAN_POINT ( 'NONE',  ( -79.21095465983478334, -5.000000000000000000, -18.42890832028849957 ) ) ;
#7414 = LINE ( 'NONE', #6734, #3644 ) ;
#7415 = DIRECTION ( 'NONE',  ( 0.000000000000000000, 0.000000000000000000, -1.000000000000000000 ) ) ;
#7416 = ADVANCED_FACE ( 'NONE', ( #6237 ), #9389, .F. ) ;
#7417 = CARTESIAN_POINT ( 'NONE',  ( 37.04435528667600153, 0.000000000000000000, 72.39969434600202192 ) ) ;
#7418 = DIRECTION ( 'NONE',  ( -0.8571673007021113344, 0.000000000000000000, 0.5150380749100557098 ) ) ;
#7419 = EDGE_LOOP ( 'NONE', ( #4132, #2771, #7927, #198 ) ) ;
#7420 = DIRECTION ( 'NONE',  ( 0.000000000000000000, 0.000000000000000000, -1.000000000000000000 ) ) ;
#7421 = CARTESIAN_POINT ( 'NONE',  ( -79.50000000000000000, -10.93969696196701413, -7.100000000000004974 ) ) ;
#7422 = DIRECTION ( 'NONE',  ( 0.000000000000000000, -0.7071067811865464625, -0.7071067811865486830 ) ) ;
#7423 = EDGE_CURVE ( 'NONE', #739, #1172, #465, .T. ) ;
#7424 = DIRECTION ( 'NONE',  ( 0.000000000000000000, 0.000000000000000000, -1.000000000000000000 ) ) ;
#7425 = CARTESIAN_POINT ( 'NONE',  ( 33.58757210636075285, -5.000000000000000000, 51.97234841721098775 ) ) ;
#7426 = ORIENTED_EDGE ( 'NONE', *, *, #2470, .F. ) ;
#7427 = CARTESIAN_POINT ( 'NONE',  ( 0.000000000000000000, -2.500000000000000000, 0.000000000000000000 ) ) ;
#7428 = ORIENTED_EDGE ( 'NONE', *, *, #983, .T. ) ;
#7429 = AXIS2_PLACEMENT_3D ( 'NONE', #5867, #9477, #8140 ) ;
#7430 = DIRECTION ( 'NONE',  ( 0.000000000000000000, 0.000000000000000000, -1.000000000000000000 ) ) ;
#7431 = VERTEX_POINT ( 'NONE', #6328 ) ;
#7432 = ORIENTED_EDGE ( 'NONE', *, *, #4572, .T. ) ;
#7433 = DIRECTION ( 'NONE',  ( 0.000000000000000000, 1.000000000000000000, -0.000000000000000000 ) ) ;
#7434 = CARTESIAN_POINT ( 'NONE',  ( -33.58757210636075285, -9.525483399593916545, 53.57234841721098917 ) ) ;
#7435 = DIRECTION ( 'NONE',  ( 0.000000000000000000, 0.000000000000000000, -1.000000000000000000 ) ) ;
#7436 = CARTESIAN_POINT ( 'NONE',  ( -33.58757210636075285, -5.000000000000000000, 51.97234841721098775 ) ) ;
#7437 = ORIENTED_EDGE ( 'NONE', *, *, #1331, .F. ) ;
#7438 = DIRECTION ( 'NONE',  ( -0.000000000000000000, 1.000000000000000000, -0.000000000000000000 ) ) ;
#7439 = CARTESIAN_POINT ( 'NONE',  ( -35.52742507837646002, -3.500000000000000000, 80.50963959241367718 ) ) ;
#7440 = VERTEX_POINT ( 'NONE', #9269 ) ;
#7441 = EDGE_LOOP ( 'NONE', ( #5795, #6656, #3731, #8384 ) ) ;
#7442 = ORIENTED_EDGE ( 'NONE', *, *, #3707, .F. ) ;
#7443 = ORIENTED_EDGE ( 'NONE', *, *, #5692, .T. ) ;
#7444 = CYLINDRICAL_SURFACE ( 'NONE', #7144, 5.000000000000004441 ) ;
#7445 = VECTOR ( 'NONE', #7486, 1000.000000000000227 ) ;
#7446 = CYLINDRICAL_SURFACE ( 'NONE', #7474, 1.599999999999997202 ) ;
#7447 = CARTESIAN_POINT ( 'NONE',  ( 67.30607546733547508, -5.000000000000000000, -11.27573523923572552 ) ) ;
#7448 = DIRECTION ( 'NONE',  ( -0.000000000000000000, -1.000000000000000000, 0.000000000000000000 ) ) ;
#7449 = CARTESIAN_POINT ( 'NONE',  ( -28.11951362996199677, -5.000000000000000000, -12.99610798316099469 ) ) ;
#7450 = ORIENTED_EDGE ( 'NONE', *, *, #463, .T. ) ;
#7451 = EDGE_CURVE ( 'NONE', #4657, #3611, #4883, .T. ) ;
#7452 = CARTESIAN_POINT ( 'NONE',  ( 3.000000000000003997, 0.000000000000000000, 13.00000000000000000 ) ) ;
#7453 = EDGE_CURVE ( 'NONE', #6859, #1360, #2997, .T. ) ;
#7454 = EDGE_LOOP ( 'NONE', ( #9462, #1153, #8594, #6930 ) ) ;
#7455 = EDGE_CURVE ( 'NONE', #2779, #5506, #8838, .T. ) ;
#7456 = PLANE ( 'NONE',  #7054 ) ;
#7457 = CIRCLE ( 'NONE', #3158, 2.000000000000000000 ) ;
#7458 = CARTESIAN_POINT ( 'NONE',  ( -20.00000000000000000, -3.499999999999954703, 75.00000000000000000 ) ) ;
#7459 = CARTESIAN_POINT ( 'NONE',  ( 62.67810973803285179, -3.000000000000000000, -7.328339489073273150 ) ) ;
#7460 = DIRECTION ( 'NONE',  ( -0.000000000000000000, 1.000000000000000000, -0.000000000000000000 ) ) ;
#7461 = CARTESIAN_POINT ( 'NONE',  ( 33.50000000000000000, -4.477645950643681871, -66.64718388126711091 ) ) ;
#7462 = CARTESIAN_POINT ( 'NONE',  ( 41.93318567206419090, 0.000000000000000000, 2.803201632453799164 ) ) ;
#7463 = DIRECTION ( 'NONE',  ( 0.000000000000000000, -0.7071067811865455743, -0.7071067811865493491 ) ) ;
#7464 = VECTOR ( 'NONE', #8748, 1000.000000000000000 ) ;
#7465 = CIRCLE ( 'NONE', #1782, 1.599999999999998090 ) ;
#7466 = EDGE_LOOP ( 'NONE', ( #901, #4255, #1275, #1520 ) ) ;
#7467 = EDGE_CURVE ( 'NONE', #985, #8300, #8552, .T. ) ;
#7468 = CIRCLE ( 'NONE', #861, 1.250000000000001110 ) ;
#7469 = CARTESIAN_POINT ( 'NONE',  ( -44.65177711618091649, 0.000000000000000000, -37.32919501364717974 ) ) ;
#7470 = AXIS2_PLACEMENT_3D ( 'NONE', #8527, #296, #4863 ) ;
#7471 = DIRECTION ( 'NONE',  ( -0.000000000000000000, 1.000000000000000000, -0.000000000000000000 ) ) ;
#7472 = DIRECTION ( 'NONE',  ( 0.000000000000000000, 0.000000000000000000, 1.000000000000000000 ) ) ;
#7473 = CARTESIAN_POINT ( 'NONE',  ( -25.11316633020091160, 0.000000000000000000, -25.19001145094802752 ) ) ;
#7474 = AXIS2_PLACEMENT_3D ( 'NONE', #856, #4603, #8984 ) ;
#7475 = LINE ( 'NONE', #4584, #2551 ) ;
#7476 = ORIENTED_EDGE ( 'NONE', *, *, #7819, .F. ) ;
#7477 = PRODUCT ( 'plate-v2', 'plate-v2', '', ( #7036 ) ) ;
#7478 = LINE ( 'NONE', #212, #7835 ) ;
#7479 = EDGE_LOOP ( 'NONE', ( #6569, #1651, #1132, #9119, #7481, #2425, #5430, #9176, #5794, #8659 ) ) ;
#7480 = DIRECTION ( 'NONE',  ( 0.000000000000000000, 0.000000000000000000, 1.000000000000000000 ) ) ;
#7481 = ORIENTED_EDGE ( 'NONE', *, *, #1179, .T. ) ;
#7482 = DIRECTION ( 'NONE',  ( -0.000000000000000000, -1.000000000000000000, 0.000000000000000000 ) ) ;
#7483 = DIRECTION ( 'NONE',  ( 0.000000000000000000, 1.000000000000000000, 0.000000000000000000 ) ) ;
#7484 = AXIS2_PLACEMENT_3D ( 'NONE', #1128, #9301, #547 ) ;
#7485 = CARTESIAN_POINT ( 'NONE',  ( 62.57895013500987602, -5.000000000000000000, 29.29467888754678739 ) ) ;
#7486 = DIRECTION ( 'NONE',  ( 0.8571673007021154422, -0.000000000000000000, 0.5150380749100488265 ) ) ;
#7487 = EDGE_CURVE ( 'NONE', #1747, #7531, #1046, .T. ) ;
#7488 = CARTESIAN_POINT ( 'NONE',  ( 47.46450422688462112, -4.935363795444057011, -44.29765515231408557 ) ) ;
#7489 = ORIENTED_EDGE ( 'NONE', *, *, #2162, .F. ) ;
#7490 = ORIENTED_EDGE ( 'NONE', *, *, #6187, .T. ) ;
#7491 = ORIENTED_EDGE ( 'NONE', *, *, #6105, .T. ) ;
#7492 = ORIENTED_EDGE ( 'NONE', *, *, #4873, .F. ) ;
#7493 = DIRECTION ( 'NONE',  ( 0.000000000000000000, 0.000000000000000000, -1.000000000000000000 ) ) ;
#7494 = LINE ( 'NONE', #961, #3487 ) ;
#7495 = CYLINDRICAL_SURFACE ( 'NONE', #1104, 1.599999999999997202 ) ;
#7496 = CARTESIAN_POINT ( 'NONE',  ( -25.89590055950304759, -3.000000000000000000, -26.05952741539715589 ) ) ;
#7497 = LINE ( 'NONE', #1775, #6292 ) ;
#7498 = ORIENTED_EDGE ( 'NONE', *, *, #2458, .F. ) ;
#7499 = EDGE_CURVE ( 'NONE', #7109, #1272, #1811, .T. ) ;
#7500 = LINE ( 'NONE', #7452, #1562 ) ;
#7501 = ORIENTED_EDGE ( 'NONE', *, *, #1332, .F. ) ;
#7502 = CARTESIAN_POINT ( 'NONE',  ( 20.20000000000000284, -9.330591249311714463, -18.00000000000000355 ) ) ;
#7503 = ORIENTED_EDGE ( 'NONE', *, *, #9345, .T. ) ;
#7504 = DIRECTION ( 'NONE',  ( 0.000000000000000000, 1.000000000000000000, -0.000000000000000000 ) ) ;
#7505 = DIRECTION ( 'NONE',  ( -0.000000000000000000, 1.000000000000000000, -0.000000000000000000 ) ) ;
#7506 = FACE_OUTER_BOUND ( 'NONE', #6740, .T. ) ;
#7507 = CARTESIAN_POINT ( 'NONE',  ( 31.00000000000000355, -5.000000000000000888, -59.00000000000000000 ) ) ;
#7508 =( GEOMETRIC_REPRESENTATION_CONTEXT ( 3 ) GLOBAL_UNCERTAINTY_ASSIGNED_CONTEXT ( ( #7049 ) ) GLOBAL_UNIT_ASSIGNED_CONTEXT ( ( #4781, #1897, #1029 ) ) REPRESENTATION_CONTEXT ( 'NONE', 'WORKASPACE' ) );
#7509 = EDGE_CURVE ( 'NONE', #7918, #7935, #2228, .T. ) ;
#7510 = DIRECTION ( 'NONE',  ( 0.000000000000000000, 0.000000000000000000, 1.000000000000000000 ) ) ;
#7511 = VECTOR ( 'NONE', #7724, 1000.000000000000000 ) ;
#7512 = CARTESIAN_POINT ( 'NONE',  ( -27.22361107568131189, -5.000000000000000000, 62.57895013500979076 ) ) ;
#7513 = ORIENTED_EDGE ( 'NONE', *, *, #9437, .T. ) ;
#7514 = AXIS2_PLACEMENT_3D ( 'NONE', #1386, #96, #5905 ) ;
#7515 = CIRCLE ( 'NONE', #9208, 88.00000000000000000 ) ;
#7516 = FACE_OUTER_BOUND ( 'NONE', #3774, .T. ) ;
#7517 = CARTESIAN_POINT ( 'NONE',  ( -41.67480094162640825, -3.500000000000000000, -71.77890335241865216 ) ) ;
#7518 = CARTESIAN_POINT ( 'NONE',  ( -65.32904437369954564, -5.000000000000000000, -14.76021999525104178 ) ) ;
#7519 = DIRECTION ( 'NONE',  ( 4.869399230812090436E-16, 0.000000000000000000, 1.000000000000000000 ) ) ;
#7520 = EDGE_CURVE ( 'NONE', #614, #4008, #7005, .T. ) ;
#7521 = EDGE_CURVE ( 'NONE', #7408, #7935, #4750, .T. ) ;
#7522 = EDGE_CURVE ( 'NONE', #3735, #2246, #2631, .T. ) ;
#7523 = VECTOR ( 'NONE', #568, 1000.000000000000000 ) ;
#7524 = ADVANCED_FACE ( 'NONE', ( #9127 ), #3475, .F. ) ;
#7525 = CARTESIAN_POINT ( 'NONE',  ( 51.97234841721098775, -9.525483399593916545, 33.58757210636076707 ) ) ;
#7526 = ORIENTED_EDGE ( 'NONE', *, *, #6352, .F. ) ;
#7527 = DIRECTION ( 'NONE',  ( 0.000000000000000000, 0.000000000000000000, -1.000000000000000000 ) ) ;
#7528 = AXIS2_PLACEMENT_3D ( 'NONE', #6890, #2411, #4618 ) ;
#7529 = ORIENTED_EDGE ( 'NONE', *, *, #3082, .F. ) ;
#7530 = DIRECTION ( 'NONE',  ( 0.000000000000000000, -0.7071067811865462405, -0.7071067811865489050 ) ) ;
#7531 = VERTEX_POINT ( 'NONE', #374 ) ;
#7532 = CARTESIAN_POINT ( 'NONE',  ( 20.20000000000000639, -5.000000000000000000, 1.999999999999998224 ) ) ;
#7533 = DIRECTION ( 'NONE',  ( 0.000000000000000000, 0.000000000000000000, -1.000000000000000000 ) ) ;
#7534 = EDGE_CURVE ( 'NONE', #2591, #437, #3764, .T. ) ;
#7535 = DIRECTION ( 'NONE',  ( 0.000000000000000000, 1.000000000000000000, -0.000000000000000000 ) ) ;
#7536 = VECTOR ( 'NONE', #7612, 1000.000000000000000 ) ;
#7537 = DIRECTION ( 'NONE',  ( 0.000000000000000000, 0.000000000000000000, -1.000000000000000000 ) ) ;
#7538 = DIRECTION ( 'NONE',  ( -0.000000000000000000, 1.000000000000000000, 0.000000000000000000 ) ) ;
#7539 = ORIENTED_EDGE ( 'NONE', *, *, #1444, .T. ) ;
#7540 = AXIS2_PLACEMENT_3D ( 'NONE', #2157, #4993, #8618 ) ;
#7541 = ORIENTED_EDGE ( 'NONE', *, *, #5581, .F. ) ;
#7542 = EDGE_LOOP ( 'NONE', ( #5308, #2969, #3500, #7752, #6366, #1320 ) ) ;
#7543 = ORIENTED_EDGE ( 'NONE', *, *, #2286, .F. ) ;
#7544 = CARTESIAN_POINT ( 'NONE',  ( 33.50882138074331351, -5.000000000000000000, 75.93522825193480230 ) ) ;
#7545 = CYLINDRICAL_SURFACE ( 'NONE', #6390, 1.599999999999997202 ) ;
#7546 = FACE_OUTER_BOUND ( 'NONE', #9191, .T. ) ;
#7547 = EDGE_CURVE ( 'NONE', #7659, #4887, #4805, .T. ) ;
#7548 = VECTOR ( 'NONE', #3118, 1000.000000000000000 ) ;
#7549 = CARTESIAN_POINT ( 'NONE',  ( -20.20000000000000639, -3.500000000000006661, -16.50000000000000000 ) ) ;
#7550 = DIRECTION ( 'NONE',  ( 0.000000000000000000, -1.000000000000000000, 0.000000000000000000 ) ) ;
#7551 = CIRCLE ( 'NONE', #8623, 1.600000000000004086 ) ;
#7552 = ORIENTED_EDGE ( 'NONE', *, *, #8866, .F. ) ;
#7553 = FACE_OUTER_BOUND ( 'NONE', #3268, .T. ) ;
#7554 = ORIENTED_EDGE ( 'NONE', *, *, #4164, .F. ) ;
#7555 = CIRCLE ( 'NONE', #8930, 3.100000000000047162 ) ;
#7556 = AXIS2_PLACEMENT_3D ( 'NONE', #203, #7361, #8860 ) ;
#7557 = FACE_BOUND ( 'NONE', #2871, .T. ) ;
#7558 = AXIS2_PLACEMENT_3D ( 'NONE', #2594, #8304, #3108 ) ;
#7559 = ORIENTED_EDGE ( 'NONE', *, *, #5078, .T. ) ;
#7560 = VERTEX_POINT ( 'NONE', #421 ) ;
#7561 = LINE ( 'NONE', #972, #5246 ) ;
#7562 = DIRECTION ( 'NONE',  ( 0.000000000000000000, 0.000000000000000000, -1.000000000000000000 ) ) ;
#7563 = CYLINDRICAL_SURFACE ( 'NONE', #8399, 4.999999999999997335 ) ;
#7564 = CARTESIAN_POINT ( 'NONE',  ( -24.25000000000000711, -10.00000000000000000, -39.15000000000000568 ) ) ;
#7565 = CARTESIAN_POINT ( 'NONE',  ( -24.25000000000000711, -3.500000000000003997, -52.14999999999999858 ) ) ;
#7566 = CIRCLE ( 'NONE', #3421, 1.600000000000004086 ) ;
#7567 = DIRECTION ( 'NONE',  ( 0.000000000000000000, 1.000000000000000000, -0.000000000000000000 ) ) ;
#7568 = CONICAL_SURFACE ( 'NONE', #8186, 4.600000000000048495, 0.7853981633974496113 ) ;
#7569 = AXIS2_PLACEMENT_3D ( 'NONE', #6912, #218, #6082 ) ;
#7570 = VERTEX_POINT ( 'NONE', #4344 ) ;
#7571 = CARTESIAN_POINT ( 'NONE',  ( -20.20000000000000639, -5.000000000000000000, 5.031095219467759172 ) ) ;
#7572 = CARTESIAN_POINT ( 'NONE',  ( 24.20000000000000639, -9.242640687119289211, -24.00000000000000355 ) ) ;
#7573 = CARTESIAN_POINT ( 'NONE',  ( 20.00000000000000000, -3.499999999999954703, 75.00000000000000000 ) ) ;
#7574 = VECTOR ( 'NONE', #7008, 1000.000000000000000 ) ;
#7575 = EDGE_CURVE ( 'NONE', #6719, #953, #693, .T. ) ;
#7576 = FACE_OUTER_BOUND ( 'NONE', #3277, .T. ) ;
#7577 = EDGE_CURVE ( 'NONE', #8456, #1144, #8233, .T. ) ;
#7578 = ORIENTED_EDGE ( 'NONE', *, *, #8743, .T. ) ;
#7579 = EDGE_CURVE ( 'NONE', #9419, #4807, #8682, .T. ) ;
#7580 = DIRECTION ( 'NONE',  ( 0.000000000000000000, 0.000000000000000000, -1.000000000000000000 ) ) ;
#7581 = ORIENTED_EDGE ( 'NONE', *, *, #593, .F. ) ;
#7582 = FACE_OUTER_BOUND ( 'NONE', #3600, .T. ) ;
#7583 = ORIENTED_EDGE ( 'NONE', *, *, #1287, .T. ) ;
#7584 = EDGE_CURVE ( 'NONE', #2059, #7106, #4205, .T. ) ;
#7585 = DIRECTION ( 'NONE',  ( 0.000000000000000000, 0.000000000000000000, -1.000000000000000000 ) ) ;
#7586 = DIRECTION ( 'NONE',  ( -0.000000000000000000, -1.000000000000000000, -0.000000000000000000 ) ) ;
#7587 = CARTESIAN_POINT ( 'NONE',  ( 24.25000000000000711, -5.000000000000000000, -40.75000000000000000 ) ) ;
#7588 = DIRECTION ( 'NONE',  ( 0.000000000000000000, 0.000000000000000000, 1.000000000000000000 ) ) ;
#7589 = DIRECTION ( 'NONE',  ( 0.000000000000000000, -0.000000000000000000, 1.000000000000000000 ) ) ;
#7590 = ORIENTED_EDGE ( 'NONE', *, *, #7451, .F. ) ;
#7591 = AXIS2_PLACEMENT_3D ( 'NONE', #773, #3755, #3661 ) ;
#7592 = EDGE_CURVE ( 'NONE', #8475, #7123, #7778, .T. ) ;
#7593 = VERTEX_POINT ( 'NONE', #7146 ) ;
#7594 = ORIENTED_EDGE ( 'NONE', *, *, #292, .T. ) ;
#7595 = ORIENTED_EDGE ( 'NONE', *, *, #4936, .T. ) ;
#7596 = CARTESIAN_POINT ( 'NONE',  ( 24.93692920003235258, 0.000000000000000000, -25.48331929071589386 ) ) ;
#7597 = FACE_OUTER_BOUND ( 'NONE', #480, .T. ) ;
#7598 = FACE_OUTER_BOUND ( 'NONE', #7893, .T. ) ;
#7599 = CARTESIAN_POINT ( 'NONE',  ( 41.55417172183269514, 0.000000000000000000, -54.13410027434129290 ) ) ;
#7600 = CIRCLE ( 'NONE', #7429, 1.599999999999998090 ) ;
#7601 = CARTESIAN_POINT ( 'NONE',  ( 54.27846195320829992, -4.899833574249792711, 35.52409925748300168 ) ) ;
#7602 = EDGE_LOOP ( 'NONE', ( #867, #2943, #7174, #852 ) ) ;
#7603 = DIRECTION ( 'NONE',  ( 1.000000000000000000, -0.000000000000000000, -0.000000000000000000 ) ) ;
#7604 = VERTEX_POINT ( 'NONE', #598 ) ;
#7605 = EDGE_CURVE ( 'NONE', #5833, #2766, #1776, .T. ) ;
#7606 = DIRECTION ( 'NONE',  ( 0.000000000000000000, 1.000000000000000000, -0.000000000000000000 ) ) ;
#7607 = ORIENTED_EDGE ( 'NONE', *, *, #3947, .F. ) ;
#7608 = ORIENTED_EDGE ( 'NONE', *, *, #585, .F. ) ;
#7609 = LINE ( 'NONE', #3848, #6612 ) ;
#7610 = DIRECTION ( 'NONE',  ( -0.000000000000000000, 1.000000000000000000, -0.000000000000000000 ) ) ;
#7611 = DIRECTION ( 'NONE',  ( 8.659560562354959975E-17, -0.7071067811865453523, 0.7071067811865497932 ) ) ;
#7612 = DIRECTION ( 'NONE',  ( -0.000000000000000000, 1.000000000000000000, -0.000000000000000000 ) ) ;
#7613 = CIRCLE ( 'NONE', #3462, 1.600000000000002531 ) ;
#7614 = CYLINDRICAL_SURFACE ( 'NONE', #1713, 1.599999999999997202 ) ;
#7615 = CARTESIAN_POINT ( 'NONE',  ( 21.00000000000000355, -4.440295371260249979, -34.56852505045452517 ) ) ;
#7616 = EDGE_LOOP ( 'NONE', ( #317, #8815 ) ) ;
#7617 = AXIS2_PLACEMENT_3D ( 'NONE', #7874, #6417, #7186 ) ;
#7618 = FACE_OUTER_BOUND ( 'NONE', #565, .T. ) ;
#7619 = DIRECTION ( 'NONE',  ( -0.000000000000000000, -1.000000000000000000, 0.000000000000000000 ) ) ;
#7620 = CARTESIAN_POINT ( 'NONE',  ( -51.97234841721098775, -3.499999999999972911, 33.58757210636076707 ) ) ;
#7621 = LINE ( 'NONE', #308, #5921 ) ;
#7622 = ORIENTED_EDGE ( 'NONE', *, *, #6578, .T. ) ;
#7623 = AXIS2_PLACEMENT_3D ( 'NONE', #2021, #7938, #4951 ) ;
#7624 = VECTOR ( 'NONE', #7371, 1000.000000000000000 ) ;
#7625 = ORIENTED_EDGE ( 'NONE', *, *, #8358, .T. ) ;
#7626 = DIRECTION ( 'NONE',  ( 1.219480077240285625E-16, 0.000000000000000000, 1.000000000000000000 ) ) ;
#7627 = VERTEX_POINT ( 'NONE', #2042 ) ;
#7628 = VECTOR ( 'NONE', #6120, 1000.000000000000000 ) ;
#7629 = AXIS2_PLACEMENT_3D ( 'NONE', #1493, #2888, #5 ) ;
#7630 = LINE ( 'NONE', #9169, #1080 ) ;
#7631 = ORIENTED_EDGE ( 'NONE', *, *, #2122, .F. ) ;
#7632 = CARTESIAN_POINT ( 'NONE',  ( -79.50000000000000000, -1.500000000000000000, -5.000000000000000000 ) ) ;
#7633 = ORIENTED_EDGE ( 'NONE', *, *, #9522, .F. ) ;
#7634 = DIRECTION ( 'NONE',  ( -0.000000000000000000, -1.000000000000000000, -0.000000000000000000 ) ) ;
#7635 = LINE ( 'NONE', #5420, #9259 ) ;
#7636 = EDGE_CURVE ( 'NONE', #4098, #5464, #6530, .T. ) ;
#7637 = DIRECTION ( 'NONE',  ( 0.000000000000000000, 0.000000000000000000, 1.000000000000000000 ) ) ;
#7638 = DIRECTION ( 'NONE',  ( 0.000000000000000000, 0.000000000000000000, -1.000000000000000000 ) ) ;
#7639 = DIRECTION ( 'NONE',  ( 0.000000000000000000, -1.000000000000000000, 0.000000000000000000 ) ) ;
#7640 = ORIENTED_EDGE ( 'NONE', *, *, #8991, .F. ) ;
#7641 = ORIENTED_EDGE ( 'NONE', *, *, #1123, .T. ) ;
#7642 = CONICAL_SURFACE ( 'NONE', #7023, 4.600000000000048495, 0.7853981633974496113 ) ;
#7643 = ORIENTED_EDGE ( 'NONE', *, *, #876, .T. ) ;
#7644 = EDGE_LOOP ( 'NONE', ( #754, #3541, #8827, #2681 ) ) ;
#7645 = CARTESIAN_POINT ( 'NONE',  ( 33.58757210636075285, 0.000000000000000000, 50.37234841721099343 ) ) ;
#7646 = DIRECTION ( 'NONE',  ( -0.5150380749100558209, 0.000000000000000000, -0.8571673007021114454 ) ) ;
#7647 = ADVANCED_FACE ( 'NONE', ( #4249 ), #6506, .T. ) ;
#7648 = DIRECTION ( 'NONE',  ( 0.5150380749100488265, 0.000000000000000000, -0.8571673007021155533 ) ) ;
#7649 = EDGE_CURVE ( 'NONE', #9251, #8892, #2723, .T. ) ;
#7650 = EDGE_CURVE ( 'NONE', #7627, #5006, #7457, .T. ) ;
#7651 = CARTESIAN_POINT ( 'NONE',  ( -28.11951362996199677, -3.499999999999949374, -9.896107983160918664 ) ) ;
#7653 = ORIENTED_EDGE ( 'NONE', *, *, #2674, .T. ) ;
#7652 = AXIS2_PLACEMENT_3D ( 'NONE', #7904, #3659, #5730 ) ;
#7654 = EDGE_CURVE ( 'NONE', #8524, #3734, #5466, .T. ) ;
#7655 = CARTESIAN_POINT ( 'NONE',  ( 17.11198410471442699, -3.500000000000015987, 22.58305191657944277 ) ) ;
#7656 = EDGE_LOOP ( 'NONE', ( #7151, #1433, #6963, #1002, #3870, #738 ) ) ;
#7657 = CARTESIAN_POINT ( 'NONE',  ( -24.25000000000000711, -3.499999999999948486, -40.75000000000000000 ) ) ;
#7658 = ORIENTED_EDGE ( 'NONE', *, *, #8931, .F. ) ;
#7659 = VERTEX_POINT ( 'NONE', #1315 ) ;
#7660 = CARTESIAN_POINT ( 'NONE',  ( -0.9999999999999961142, -3.200000000000000178, 52.11904464837144246 ) ) ;
#7661 = DIRECTION ( 'NONE',  ( 0.000000000000000000, 0.000000000000000000, -1.000000000000000000 ) ) ;
#7662 = CARTESIAN_POINT ( 'NONE',  ( 24.50000000000000355, -10.93969696196700170, -30.39999999999999858 ) ) ;
#7663 = CARTESIAN_POINT ( 'NONE',  ( 36.00000000000000711, -9.525483399593907663, -64.40000000000000568 ) ) ;
#7664 = DIRECTION ( 'NONE',  ( 6.715058616684432754E-15, 0.000000000000000000, -1.000000000000000000 ) ) ;
#7665 = ADVANCED_FACE ( 'NONE', ( #8725 ), #9302, .F. ) ;
#7666 = CARTESIAN_POINT ( 'NONE',  ( 45.00000000000000000, 0.000000000000000000, -76.77890335241848163 ) ) ;
#7667 = ORIENTED_EDGE ( 'NONE', *, *, #5788, .F. ) ;
#7668 = LINE ( 'NONE', #1124, #3914 ) ;
#7669 = CARTESIAN_POINT ( 'NONE',  ( 17.11198410471442699, -9.525483399593907663, 25.78305191657943851 ) ) ;
#7670 = DIRECTION ( 'NONE',  ( 0.000000000000000000, 0.000000000000000000, 1.000000000000000000 ) ) ;
#7671 = CARTESIAN_POINT ( 'NONE',  ( 36.00000000000000711, -5.000000000000000000, -66.00000000000000000 ) ) ;
#7672 = ORIENTED_EDGE ( 'NONE', *, *, #541, .T. ) ;
#7673 = VECTOR ( 'NONE', #1304, 1000.000000000000000 ) ;
#7674 = EDGE_CURVE ( 'NONE', #9419, #9495, #2809, .T. ) ;
#7675 = PRODUCT_RELATED_PRODUCT_CATEGORY ( 'part', '', ( #7477 ) ) ;
#7676 = EDGE_LOOP ( 'NONE', ( #5026, #326, #7443, #3053 ) ) ;
#7677 = DIRECTION ( 'NONE',  ( 0.8571673007021115565, 0.000000000000000000, -0.5150380749100553768 ) ) ;
#7678 = VERTEX_POINT ( 'NONE', #6549 ) ;
#7679 = CYLINDRICAL_SURFACE ( 'NONE', #3534, 1.600000000000000755 ) ;
#7680 = EDGE_LOOP ( 'NONE', ( #4068, #1492, #9212, #1720 ) ) ;
#7681 = AXIS2_PLACEMENT_3D ( 'NONE', #7502, #913, #4667 ) ;
#7682 = DIRECTION ( 'NONE',  ( -0.000000000000000000, 1.000000000000000000, -0.000000000000000000 ) ) ;
#7683 = ORIENTED_EDGE ( 'NONE', *, *, #8095, .T. ) ;
#7684 = DIRECTION ( 'NONE',  ( 0.000000000000000000, 1.000000000000000000, 0.000000000000000000 ) ) ;
#7685 = CARTESIAN_POINT ( 'NONE',  ( 33.26989437906256342, 0.000000000000000000, 0.2755650238601978774 ) ) ;
#7686 = AXIS2_PLACEMENT_3D ( 'NONE', #3818, #1703, #5156 ) ;
#7687 = VECTOR ( 'NONE', #9425, 1000.000000000000000 ) ;
#7688 = CARTESIAN_POINT ( 'NONE',  ( -17.11198410471442699, -9.525483399593907663, 22.58305191657944277 ) ) ;
#7689 = VERTEX_POINT ( 'NONE', #9441 ) ;
#7690 = EDGE_CURVE ( 'NONE', #1483, #2191, #1448, .T. ) ;
#7691 = ORIENTED_EDGE ( 'NONE', *, *, #7886, .T. ) ;
#7692 = EDGE_LOOP ( 'NONE', ( #2345, #7608, #6428, #7763 ) ) ;
#7693 = ORIENTED_EDGE ( 'NONE', *, *, #2751, .T. ) ;
#7694 = DIRECTION ( 'NONE',  ( 0.000000000000000000, 0.000000000000000000, -1.000000000000000000 ) ) ;
#7695 = LINE ( 'NONE', #2396, #8311 ) ;
#7696 = VECTOR ( 'NONE', #7969, 1000.000000000000227 ) ;
#7697 = FACE_OUTER_BOUND ( 'NONE', #2978, .T. ) ;
#7698 = CYLINDRICAL_SURFACE ( 'NONE', #6924, 4.149999999999997691 ) ;
#7699 = CYLINDRICAL_SURFACE ( 'NONE', #1401, 2.100000000000004530 ) ;
#7700 = AXIS2_PLACEMENT_3D ( 'NONE', #5762, #7850, #539 ) ;
#7701 = CYLINDRICAL_SURFACE ( 'NONE', #960, 5.000000000000000888 ) ;
#7702 = ORIENTED_EDGE ( 'NONE', *, *, #4446, .T. ) ;
#7703 = AXIS2_PLACEMENT_3D ( 'NONE', #4357, #8837, #5751 ) ;
#7704 = CIRCLE ( 'NONE', #627, 3.099999999999991651 ) ;
#7705 = EDGE_CURVE ( 'NONE', #8353, #9108, #5826, .T. ) ;
#7706 = ADVANCED_FACE ( 'NONE', ( #7823 ), #6684, .F. ) ;
#7707 = ADVANCED_FACE ( 'NONE', ( #3447 ), #6370, .F. ) ;
#7708 = ORIENTED_EDGE ( 'NONE', *, *, #4193, .F. ) ;
#7709 = AXIS2_PLACEMENT_3D ( 'NONE', #6764, #800, #6086 ) ;
#7710 = ORIENTED_EDGE ( 'NONE', *, *, #7944, .F. ) ;
#7711 = DIRECTION ( 'NONE',  ( -0.000000000000000000, -1.000000000000000000, 0.000000000000000000 ) ) ;
#7712 = PLANE ( 'NONE',  #4384 ) ;
#7713 = DIRECTION ( 'NONE',  ( 0.000000000000000000, 1.000000000000000000, 0.000000000000000000 ) ) ;
#7714 = CYLINDRICAL_SURFACE ( 'NONE', #6762, 2.000000000000000000 ) ;
#7715 = AXIS2_PLACEMENT_3D ( 'NONE', #4257, #7196, #5746 ) ;
#7716 = EDGE_CURVE ( 'NONE', #746, #2450, #7475, .T. ) ;
#7717 = CARTESIAN_POINT ( 'NONE',  ( 25.11316633020091160, 0.000000000000000000, -25.19001145094802396 ) ) ;
#7718 = CARTESIAN_POINT ( 'NONE',  ( 21.00000000000000711, -3.899792132557649005, -32.37056232564682290 ) ) ;
#7719 = AXIS2_PLACEMENT_3D ( 'NONE', #171, #3110, #8160 ) ;
#7720 = ORIENTED_EDGE ( 'NONE', *, *, #554, .F. ) ;
#7721 = CARTESIAN_POINT ( 'NONE',  ( -54.46465100570731721, -4.935407510526028219, 35.33791020498446045 ) ) ;
#7722 = ADVANCED_FACE ( 'NONE', ( #8152 ), #2375, .F. ) ;
#7723 = SHAPE_DEFINITION_REPRESENTATION ( #354, #3453 ) ;
#7724 = DIRECTION ( 'NONE',  ( -0.000000000000000000, 1.000000000000000000, -0.000000000000000000 ) ) ;
#7725 = CARTESIAN_POINT ( 'NONE',  ( 48.41519859989359986, -5.000000000000000000, -52.42345414538088022 ) ) ;
#7726 = VECTOR ( 'NONE', #2605, 1000.000000000000114 ) ;
#7727 = ORIENTED_EDGE ( 'NONE', *, *, #955, .T. ) ;
#7728 = AXIS2_PLACEMENT_3D ( 'NONE', #1538, #4475, #920 ) ;
#7729 = AXIS2_PLACEMENT_3D ( 'NONE', #3878, #7483, #3923 ) ;
#7730 = VERTEX_POINT ( 'NONE', #210 ) ;
#7731 = CIRCLE ( 'NONE', #5254, 3.099999999999991651 ) ;
#7732 = CARTESIAN_POINT ( 'NONE',  ( -83.38965392397051346, -1.750000000000000000, -18.87897291804896582 ) ) ;
#7733 = EDGE_LOOP ( 'NONE', ( #840, #7124 ) ) ;
#7734 = EDGE_CURVE ( 'NONE', #9419, #3932, #8252, .T. ) ;
#7735 = LINE ( 'NONE', #4691, #3381 ) ;
#7736 = ORIENTED_EDGE ( 'NONE', *, *, #8520, .T. ) ;
#7737 = CARTESIAN_POINT ( 'NONE',  ( 0.000000000000000000, -3.500000000000000000, 0.000000000000000000 ) ) ;
#7738 = ORIENTED_EDGE ( 'NONE', *, *, #2639, .T. ) ;
#7739 = LINE ( 'NONE', #1810, #8352 ) ;
#7740 = CARTESIAN_POINT ( 'NONE',  ( -24.50000000000000355, -5.000000000000000000, -37.09999999999990905 ) ) ;
#7741 = ORIENTED_EDGE ( 'NONE', *, *, #1726, .T. ) ;
#7742 = ORIENTED_EDGE ( 'NONE', *, *, #8043, .F. ) ;
#7743 = ORIENTED_EDGE ( 'NONE', *, *, #878, .T. ) ;
#7744 = ORIENTED_EDGE ( 'NONE', *, *, #7605, .F. ) ;
#7745 = DIRECTION ( 'NONE',  ( 0.000000000000000000, -1.000000000000000000, 0.000000000000000000 ) ) ;
#7746 = CARTESIAN_POINT ( 'NONE',  ( 75.93522825193564074, -5.000000000000000000, 33.50882138074144478 ) ) ;
#7747 = DIRECTION ( 'NONE',  ( 0.000000000000000000, 1.000000000000000000, -0.000000000000000000 ) ) ;
#7748 = CARTESIAN_POINT ( 'NONE',  ( -33.49999999999999289, -4.833525990092335967, -67.55149132201836437 ) ) ;
#7749 = DIRECTION ( 'NONE',  ( 1.000000000000000000, 0.000000000000000000, 0.000000000000000000 ) ) ;
#7750 = ORIENTED_EDGE ( 'NONE', *, *, #589, .T. ) ;
#7751 = ORIENTED_EDGE ( 'NONE', *, *, #7809, .F. ) ;
#7752 = ORIENTED_EDGE ( 'NONE', *, *, #3812, .T. ) ;
#7753 = ORIENTED_EDGE ( 'NONE', *, *, #6354, .T. ) ;
#7754 = CARTESIAN_POINT ( 'NONE',  ( -48.13688621651800048, -5.000000000000000000, -43.17862360266543220 ) ) ;
#7755 = LINE ( 'NONE', #72, #3337 ) ;
#7756 = CARTESIAN_POINT ( 'NONE',  ( 30.75914498161554533, -5.000000000000000000, 59.04341622907634246 ) ) ;
#7757 = DIRECTION ( 'NONE',  ( 0.000000000000000000, 1.000000000000000000, -0.000000000000000000 ) ) ;
#7758 = AXIS2_PLACEMENT_3D ( 'NONE', #6114, #2457, #6988 ) ;
#7759 = DIRECTION ( 'NONE',  ( 1.000000000000000000, 0.000000000000000000, 0.000000000000000000 ) ) ;
#7760 = CARTESIAN_POINT ( 'NONE',  ( -36.00000000000000711, -5.000000000000000000, -66.00000000000000000 ) ) ;
#7761 = ADVANCED_FACE ( 'NONE', ( #1646 ), #887, .F. ) ;
#7762 = EDGE_CURVE ( 'NONE', #5171, #3289, #5623, .T. ) ;
#7763 = ORIENTED_EDGE ( 'NONE', *, *, #5765, .F. ) ;
#7764 = CARTESIAN_POINT ( 'NONE',  ( -54.28115396589692665, -4.900167633572799275, 35.52140724479483680 ) ) ;
#7765 = CYLINDRICAL_SURFACE ( 'NONE', #289, 1.599999999999997202 ) ;
#7766 = CARTESIAN_POINT ( 'NONE',  ( -51.97234841721098775, 0.000000000000000000, 33.58757210636076707 ) ) ;
#7767 = EDGE_LOOP ( 'NONE', ( #2758, #1176 ) ) ;
#7768 = AXIS2_PLACEMENT_3D ( 'NONE', #155, #8146, #6802 ) ;
#7769 = ADVANCED_FACE ( 'NONE', ( #61 ), #833, .F. ) ;
#7770 = ADVANCED_FACE ( 'NONE', ( #6750 ), #8872, .F. ) ;
#7771 = EDGE_CURVE ( 'NONE', #2291, #1923, #934, .T. ) ;
#7772 = AXIS2_PLACEMENT_3D ( 'NONE', #4279, #7947, #8577 ) ;
#7773 = ORIENTED_EDGE ( 'NONE', *, *, #7989, .F. ) ;
#7774 = DIRECTION ( 'NONE',  ( 0.000000000000000000, -0.000000000000000000, -1.000000000000000000 ) ) ;
#7775 = CARTESIAN_POINT ( 'NONE',  ( 79.50000000000000000, -5.000000000000000000, -0.3999999999999525047 ) ) ;
#7776 = VERTEX_POINT ( 'NONE', #6806 ) ;
#7777 = CARTESIAN_POINT ( 'NONE',  ( -44.99999999999998579, 0.000000000000000000, -48.27890335241848163 ) ) ;
#7778 = CIRCLE ( 'NONE', #5906, 3.100000000000047162 ) ;
#7779 = ADVANCED_FACE ( 'NONE', ( #8202 ), #8101, .F. ) ;
#7781 = DIRECTION ( 'NONE',  ( -0.000000000000000000, 1.000000000000000000, -0.000000000000000000 ) ) ;
#7780 = AXIS2_PLACEMENT_3D ( 'NONE', #4188, #440, #6207 ) ;
#7782 = AXIS2_PLACEMENT_3D ( 'NONE', #2330, #3766, #5200 ) ;
#7783 = DIRECTION ( 'NONE',  ( 1.942890293094023630E-14, 0.000000000000000000, -1.000000000000000000 ) ) ;
#7784 = EDGE_LOOP ( 'NONE', ( #4949, #3226, #564, #5080 ) ) ;
#7785 = ORIENTED_EDGE ( 'NONE', *, *, #8581, .T. ) ;
#7786 = ORIENTED_EDGE ( 'NONE', *, *, #8931, .T. ) ;
#7787 = ORIENTED_EDGE ( 'NONE', *, *, #6536, .T. ) ;
#7788 = FACE_BOUND ( 'NONE', #1325, .T. ) ;
#7789 = DIRECTION ( 'NONE',  ( -0.000000000000000000, 1.000000000000000000, -0.000000000000000000 ) ) ;
#7790 = EDGE_CURVE ( 'NONE', #5561, #6880, #1498, .T. ) ;
#7791 = ADVANCED_FACE ( 'NONE', ( #1451 ), #7325, .F. ) ;
#7792 = CARTESIAN_POINT ( 'NONE',  ( -50.88386053978240398, 0.000000000000000000, -65.57310985890505606 ) ) ;
#7793 = DIRECTION ( 'NONE',  ( 0.000000000000000000, 0.000000000000000000, 1.000000000000000000 ) ) ;
#7794 = DIRECTION ( 'NONE',  ( 0.000000000000000000, 0.000000000000000000, -1.000000000000000000 ) ) ;
#7795 = ORIENTED_EDGE ( 'NONE', *, *, #4463, .F. ) ;
#7796 = AXIS2_PLACEMENT_3D ( 'NONE', #1374, #7259, #9504 ) ;
#7797 = ORIENTED_EDGE ( 'NONE', *, *, #646, .F. ) ;
#7798 = EDGE_LOOP ( 'NONE', ( #5030, #8464, #2480, #8359 ) ) ;
#7799 = ORIENTED_EDGE ( 'NONE', *, *, #4241, .T. ) ;
#7800 = DIRECTION ( 'NONE',  ( -0.000000000000000000, 1.000000000000000000, -0.000000000000000000 ) ) ;
#7801 = PLANE ( 'NONE',  #9162 ) ;
#7802 = FACE_OUTER_BOUND ( 'NONE', #1673, .T. ) ;
#7803 = CARTESIAN_POINT ( 'NONE',  ( 24.18305191657981013, -5.000000000000000000, 20.21198410471386353 ) ) ;
#7804 = CARTESIAN_POINT ( 'NONE',  ( -39.00000000000000000, -2.500000000000000000, -48.27890335241848163 ) ) ;
#7805 = VECTOR ( 'NONE', #9046, 1000.000000000000000 ) ;
#7806 = CYLINDRICAL_SURFACE ( 'NONE', #4197, 85.49999999999998579 ) ;
#7807 = VERTEX_POINT ( 'NONE', #6600 ) ;
#7808 = DIRECTION ( 'NONE',  ( 0.000000000000000000, 1.000000000000000000, 0.000000000000000000 ) ) ;
#7809 = EDGE_CURVE ( 'NONE', #1604, #2869, #14, .T. ) ;
#7810 = LINE ( 'NONE', #1208, #6425 ) ;
#7811 = CARTESIAN_POINT ( 'NONE',  ( -45.16312671864703532, -5.000000000000000000, -42.30297844118579320 ) ) ;
#7812 = VERTEX_POINT ( 'NONE', #2275 ) ;
#7813 = EDGE_LOOP ( 'NONE', ( #356, #8478, #3368, #7906 ) ) ;
#7814 = LINE ( 'NONE', #5690, #8551 ) ;
#7815 = CARTESIAN_POINT ( 'NONE',  ( 44.99999999999998579, -5.000000000000000000, -48.39927897128427503 ) ) ;
#7816 = EDGE_CURVE ( 'NONE', #9489, #712, #8848, .T. ) ;
#7817 = ORIENTED_EDGE ( 'NONE', *, *, #5806, .F. ) ;
#7818 = ADVANCED_FACE ( 'NONE', ( #1551 ), #1016, .F. ) ;
#7819 = EDGE_CURVE ( 'NONE', #5251, #5425, #5972, .T. ) ;
#7820 = EDGE_CURVE ( 'NONE', #1885, #3444, #1597, .T. ) ;
#7821 = CARTESIAN_POINT ( 'NONE',  ( 20.20000000000000639, 0.000000000000000000, 1.999999999999998224 ) ) ;
#7822 = UNCERTAINTY_MEASURE_WITH_UNIT (LENGTH_MEASURE( 1.000000000000000082E-05 ), #5883, 'distance_accuracy_value', 'NONE');
#7823 = FACE_OUTER_BOUND ( 'NONE', #7680, .T. ) ;
#7824 = VERTEX_POINT ( 'NONE', #264 ) ;
#7825 = CIRCLE ( 'NONE', #3528, 3.100000000000012523 ) ;
#7826 = AXIS2_PLACEMENT_3D ( 'NONE', #831, #3718, #6650 ) ;
#7827 = FACE_BOUND ( 'NONE', #6092, .T. ) ;
#7828 = EDGE_LOOP ( 'NONE', ( #7428, #7489, #6564, #2045, #5626 ) ) ;
#7829 = ORIENTED_EDGE ( 'NONE', *, *, #5735, .T. ) ;
#7830 = EDGE_CURVE ( 'NONE', #6836, #9270, #3300, .T. ) ;
#7831 = VERTEX_POINT ( 'NONE', #9211 ) ;
#7832 = EDGE_LOOP ( 'NONE', ( #2669, #7741 ) ) ;
#7833 = FACE_BOUND ( 'NONE', #2202, .T. ) ;
#7834 = DIRECTION ( 'NONE',  ( 0.000000000000000000, 0.000000000000000000, 1.000000000000000000 ) ) ;
#7835 = VECTOR ( 'NONE', #3872, 1000.000000000000000 ) ;
#7836 = LINE ( 'NONE', #7114, #5819 ) ;
#7837 = CIRCLE ( 'NONE', #6301, 1.599999999999997202 ) ;
#7838 = CARTESIAN_POINT ( 'NONE',  ( 79.50000000000000000, -1.500000000000000000, -5.000000000000000888 ) ) ;
#7839 = DIRECTION ( 'NONE',  ( -0.000000000000000000, -1.000000000000000000, -0.000000000000000000 ) ) ;
#7840 = VERTEX_POINT ( 'NONE', #7042 ) ;
#7841 = VERTEX_POINT ( 'NONE', #1035 ) ;
#7842 = EDGE_CURVE ( 'NONE', #6087, #1167, #2707, .T. ) ;
#7843 = EDGE_LOOP ( 'NONE', ( #527, #6615, #6851, #2376 ) ) ;
#7844 = ORIENTED_EDGE ( 'NONE', *, *, #688, .T. ) ;
#7845 = CARTESIAN_POINT ( 'NONE',  ( 36.00000000000000711, 0.000000000000000000, -52.00000000000000000 ) ) ;
#7846 = VECTOR ( 'NONE', #9149, 1000.000000000000000 ) ;
#7847 = CYLINDRICAL_SURFACE ( 'NONE', #1553, 87.99999999999934630 ) ;
#7848 = CYLINDRICAL_SURFACE ( 'NONE', #7780, 4.149999999999997691 ) ;
#7849 = CARTESIAN_POINT ( 'NONE',  ( -81.78614503438502936, -3.500000000000000000, -14.14307181677791547 ) ) ;
#7850 = DIRECTION ( 'NONE',  ( -0.000000000000000000, -1.000000000000000000, -0.000000000000000000 ) ) ;
#7851 = LINE ( 'NONE', #6399, #2514 ) ;
#7852 = AXIS2_PLACEMENT_3D ( 'NONE', #622, #3566, #6490 ) ;
#7853 = ORIENTED_EDGE ( 'NONE', *, *, #4115, .F. ) ;
#7854 = CIRCLE ( 'NONE', #9237, 3.100000000000012523 ) ;
#7855 = CARTESIAN_POINT ( 'NONE',  ( -33.50000000000000000, -5.000000000000000888, -67.83303027798245921 ) ) ;
#7856 = AXIS2_PLACEMENT_3D ( 'NONE', #2500, #5434, #5524 ) ;
#7857 = DIRECTION ( 'NONE',  ( -0.000000000000000000, -1.000000000000000000, -0.000000000000000000 ) ) ;
#7858 = DIRECTION ( 'NONE',  ( 0.000000000000000000, 0.000000000000000000, -1.000000000000000000 ) ) ;
#7859 = AXIS2_PLACEMENT_3D ( 'NONE', #8516, #4303, #1415 ) ;
#7860 = AXIS2_PLACEMENT_3D ( 'NONE', #223, #7538, #7589 ) ;
#7861 = AXIS2_PLACEMENT_3D ( 'NONE', #6757, #2283, #6129 ) ;
#7862 = ORIENTED_EDGE ( 'NONE', *, *, #1001, .F. ) ;
#7863 = CARTESIAN_POINT ( 'NONE',  ( -24.25000000000000711, 0.000000000000000000, -55.34999999999999432 ) ) ;
#7864 = CIRCLE ( 'NONE', #1254, 1.599999999999997202 ) ;
#7865 = CARTESIAN_POINT ( 'NONE',  ( 51.97234841721098775, -3.500000000000015099, 33.58757210636076707 ) ) ;
#7866 = AXIS2_PLACEMENT_3D ( 'NONE', #1763, #7535, #220 ) ;
#7867 = ORIENTED_EDGE ( 'NONE', *, *, #5273, .T. ) ;
#7868 = VECTOR ( 'NONE', #2937, 1000.000000000000000 ) ;
#7869 = VECTOR ( 'NONE', #1741, 1000.000000000000000 ) ;
#7870 = EDGE_CURVE ( 'NONE', #8420, #444, #313, .T. ) ;
#7871 = EDGE_CURVE ( 'NONE', #5327, #530, #3915, .T. ) ;
#7872 = DIRECTION ( 'NONE',  ( 0.000000000000000000, 0.000000000000000000, -1.000000000000000000 ) ) ;
#7873 = ADVANCED_FACE ( 'NONE', ( #454 ), #1131, .F. ) ;
#7874 = CARTESIAN_POINT ( 'NONE',  ( 62.57895013500987602, 0.000000000000000000, 34.29467888754678739 ) ) ;
#7875 = ORIENTED_EDGE ( 'NONE', *, *, #9052, .T. ) ;
#7876 = ADVANCED_FACE ( 'NONE', ( #1082 ), #9064, .F. ) ;
#7877 = CARTESIAN_POINT ( 'NONE',  ( 36.00000000000000711, -5.000000000000000000, -69.09999999999999432 ) ) ;
#7878 = ORIENTED_EDGE ( 'NONE', *, *, #7650, .T. ) ;
#7879 = ORIENTED_EDGE ( 'NONE', *, *, #2933, .F. ) ;
#7880 = ORIENTED_EDGE ( 'NONE', *, *, #3413, .T. ) ;
#7881 = ORIENTED_EDGE ( 'NONE', *, *, #6105, .F. ) ;
#7882 = FACE_BOUND ( 'NONE', #615, .T. ) ;
#7883 = DIRECTION ( 'NONE',  ( 1.000000000000000000, 0.000000000000000000, 0.000000000000000000 ) ) ;
#7884 = DIRECTION ( 'NONE',  ( 0.000000000000000000, -1.000000000000000000, 0.000000000000000000 ) ) ;
#7885 = ORIENTED_EDGE ( 'NONE', *, *, #2278, .T. ) ;
#7886 = EDGE_CURVE ( 'NONE', #4856, #3512, #6179, .T. ) ;
#7887 = CARTESIAN_POINT ( 'NONE',  ( 24.25000000000000711, -5.000000000000000000, -50.64999999999998437 ) ) ;
#7888 = EDGE_CURVE ( 'NONE', #3557, #3832, #3481, .T. ) ;
#7889 = DIRECTION ( 'NONE',  ( 8.659560562354916834E-17, -0.7071067811865489050, 0.7071067811865462405 ) ) ;
#7890 = ORIENTED_EDGE ( 'NONE', *, *, #816, .F. ) ;
#7891 = ORIENTED_EDGE ( 'NONE', *, *, #8866, .T. ) ;
#7892 = VERTEX_POINT ( 'NONE', #4065 ) ;
#7893 = EDGE_LOOP ( 'NONE', ( #696, #7280, #8610, #3844 ) ) ;
#7894 = CARTESIAN_POINT ( 'NONE',  ( 76.34538790275394149, 0.000000000000000000, 38.49196988955009857 ) ) ;
#7895 = LINE ( 'NONE', #1428, #4379 ) ;
#7896 = CARTESIAN_POINT ( 'NONE',  ( 5.500000000000001776, 0.000000000000000000, 17.50000000000000000 ) ) ;
#7897 = PLANE ( 'NONE',  #478 ) ;
#7898 = DIRECTION ( 'NONE',  ( 0.000000000000000000, 0.000000000000000000, 1.000000000000000000 ) ) ;
#7899 = EDGE_CURVE ( 'NONE', #7132, #1800, #8080, .T. ) ;
#7900 = EDGE_LOOP ( 'NONE', ( #3479, #695, #6555, #9116 ) ) ;
#7901 = CARTESIAN_POINT ( 'NONE',  ( 5.000000000000004441, -3.200000000000000178, 15.00000000000000000 ) ) ;
#7902 = AXIS2_PLACEMENT_3D ( 'NONE', #4677, #2566, #6211 ) ;
#7903 = CARTESIAN_POINT ( 'NONE',  ( 79.50000000000000000, -5.000000000000000000, -9.600000000000049383 ) ) ;
#7904 = CARTESIAN_POINT ( 'NONE',  ( 81.78614503438491568, -5.000000000000000000, -14.14307181677856917 ) ) ;
#7905 = VECTOR ( 'NONE', #8184, 1000.000000000000000 ) ;
#7906 = ORIENTED_EDGE ( 'NONE', *, *, #1459, .F. ) ;
#7907 = CARTESIAN_POINT ( 'NONE',  ( -24.20000000000000639, -5.000000000000000000, -24.00000000000000355 ) ) ;
#7908 = DIRECTION ( 'NONE',  ( 8.659560562354998186E-17, -0.7071067811865422437, 0.7071067811865529018 ) ) ;
#7909 = AXIS2_PLACEMENT_3D ( 'NONE', #8213, #274, #177 ) ;
#7910 = VECTOR ( 'NONE', #5272, 1000.000000000000000 ) ;
#7911 = CIRCLE ( 'NONE', #238, 2.000000000000000000 ) ;
#7912 = LINE ( 'NONE', #2086, #5916 ) ;
#7913 = CARTESIAN_POINT ( 'NONE',  ( 24.20000000000000639, -3.000000000000000000, -24.00000000000000355 ) ) ;
#7914 = EDGE_LOOP ( 'NONE', ( #9181, #970, #30, #5479 ) ) ;
#7915 = AXIS2_PLACEMENT_3D ( 'NONE', #5154, #160, #5108 ) ;
#7916 = DIRECTION ( 'NONE',  ( 1.000000000000000000, 0.000000000000000000, 4.869399230812090436E-16 ) ) ;
#7917 = ORIENTED_EDGE ( 'NONE', *, *, #7870, .T. ) ;
#7918 = VERTEX_POINT ( 'NONE', #4637 ) ;
#7919 = VERTEX_POINT ( 'NONE', #6223 ) ;
#7920 = ORIENTED_EDGE ( 'NONE', *, *, #5410, .T. ) ;
#7921 = DIRECTION ( 'NONE',  ( -0.000000000000000000, -1.000000000000000000, -0.000000000000000000 ) ) ;
#7922 = EDGE_CURVE ( 'NONE', #2093, #2091, #4538, .T. ) ;
#7923 = FACE_OUTER_BOUND ( 'NONE', #7454, .T. ) ;
#7924 = AXIS2_PLACEMENT_3D ( 'NONE', #4050, #2108, #7302 ) ;
#7925 = CARTESIAN_POINT ( 'NONE',  ( -28.11951362996199677, -3.499999999999949374, -8.296107983160915467 ) ) ;
#7926 = AXIS2_PLACEMENT_3D ( 'NONE', #3621, #4288, #7093 ) ;
#7927 = ORIENTED_EDGE ( 'NONE', *, *, #4390, .T. ) ;
#7928 = DIRECTION ( 'NONE',  ( 0.000000000000000000, 1.000000000000000000, -0.000000000000000000 ) ) ;
#7929 = AXIS2_PLACEMENT_3D ( 'NONE', #2230, #11, #8053 ) ;
#7930 = CARTESIAN_POINT ( 'NONE',  ( -79.50000000000000000, -1.500000000000000000, -5.000000000000000000 ) ) ;
#7931 = ORIENTED_EDGE ( 'NONE', *, *, #863, .T. ) ;
#7932 = VERTEX_POINT ( 'NONE', #8451 ) ;
#7933 = VECTOR ( 'NONE', #3072, 1000.000000000000000 ) ;
#7934 = ORIENTED_EDGE ( 'NONE', *, *, #8582, .F. ) ;
#7935 = VERTEX_POINT ( 'NONE', #1850 ) ;
#7936 = DIRECTION ( 'NONE',  ( 0.000000000000000000, 0.000000000000000000, 1.000000000000000000 ) ) ;
#7937 = EDGE_CURVE ( 'NONE', #9251, #6270, #4791, .T. ) ;
#7938 = DIRECTION ( 'NONE',  ( -0.000000000000000000, 1.000000000000000000, -0.000000000000000000 ) ) ;
#7939 = ADVANCED_FACE ( 'NONE', ( #7576 ), #5557, .F. ) ;
#7940 = CARTESIAN_POINT ( 'NONE',  ( 64.73088509278518643, 0.000000000000000000, -15.56157174274629185 ) ) ;
#7941 = EDGE_CURVE ( 'NONE', #2197, #3312, #5412, .T. ) ;
#7942 = FACE_OUTER_BOUND ( 'NONE', #3211, .T. ) ;
#7943 = DIRECTION ( 'NONE',  ( 0.000000000000000000, 1.000000000000000000, 0.000000000000000000 ) ) ;
#7944 = EDGE_CURVE ( 'NONE', #712, #9359, #1700, .T. ) ;
#7945 = CARTESIAN_POINT ( 'NONE',  ( -45.16312671864703532, 0.000000000000000000, -40.70297844118579889 ) ) ;
#7946 = EDGE_LOOP ( 'NONE', ( #4809, #5413, #3935, #4407 ) ) ;
#7947 = DIRECTION ( 'NONE',  ( 0.000000000000000000, 1.000000000000000000, 0.000000000000000000 ) ) ;
#7948 = LINE ( 'NONE', #4374, #7195 ) ;
#7949 = CARTESIAN_POINT ( 'NONE',  ( -28.11951362996199677, -5.000000000000000000, -6.796107983160841748 ) ) ;
#7950 = DIRECTION ( 'NONE',  ( 0.000000000000000000, 1.000000000000000000, -0.000000000000000000 ) ) ;
#7951 = CIRCLE ( 'NONE', #9179, 1.531095219467717872 ) ;
#7952 = ADVANCED_FACE ( 'NONE', ( #4108 ), #1751, .F. ) ;
#7953 = ORIENTED_EDGE ( 'NONE', *, *, #1173, .F. ) ;
#7954 = CARTESIAN_POINT ( 'NONE',  ( -79.50000000000000000, -2.499999999999964029, -5.000000000000000000 ) ) ;
#7955 = DIRECTION ( 'NONE',  ( 0.000000000000000000, 1.000000000000000000, 0.000000000000000000 ) ) ;
#7956 = EDGE_CURVE ( 'NONE', #3177, #65, #2526, .T. ) ;
#7957 = DIRECTION ( 'NONE',  ( 0.000000000000000000, 0.000000000000000000, -1.000000000000000000 ) ) ;
#7958 = CARTESIAN_POINT ( 'NONE',  ( 20.20000000000000639, -9.330591249311714463, 3.531095219467716095 ) ) ;
#7959 = ORIENTED_EDGE ( 'NONE', *, *, #3045, .F. ) ;
#7960 = FACE_OUTER_BOUND ( 'NONE', #902, .T. ) ;
#7961 = ORIENTED_EDGE ( 'NONE', *, *, #170, .F. ) ;
#7962 = ORIENTED_EDGE ( 'NONE', *, *, #2309, .T. ) ;
#7963 = AXIS2_PLACEMENT_3D ( 'NONE', #3664, #8248, #8963 ) ;
#7964 = EDGE_LOOP ( 'NONE', ( #6820, #4169, #4900, #2953, #5754, #7034 ) ) ;
#7965 = ORIENTED_EDGE ( 'NONE', *, *, #7842, .T. ) ;
#7966 = LINE ( 'NONE', #3593, #1244 ) ;
#7967 = AXIS2_PLACEMENT_3D ( 'NONE', #200, #8998, #7562 ) ;
#7968 = CYLINDRICAL_SURFACE ( 'NONE', #7715, 4.149999999999997691 ) ;
#7969 = DIRECTION ( 'NONE',  ( 0.8571673007021113344, 0.000000000000000000, 0.5150380749100557098 ) ) ;
#7970 = ORIENTED_EDGE ( 'NONE', *, *, #9227, .T. ) ;
#7971 = DIRECTION ( 'NONE',  ( 0.000000000000000000, 0.000000000000000000, 1.000000000000000000 ) ) ;
#7972 = CIRCLE ( 'NONE', #2891, 3.100000000000047162 ) ;
#7973 = CARTESIAN_POINT ( 'NONE',  ( 20.00000000000000000, -5.000000000000000000, 71.89999999999994884 ) ) ;
#7974 = ORIENTED_EDGE ( 'NONE', *, *, #4155, .T. ) ;
#7975 = ORIENTED_EDGE ( 'NONE', *, *, #3242, .T. ) ;
#7976 = ORIENTED_EDGE ( 'NONE', *, *, #3716, .T. ) ;
#7977 = ORIENTED_EDGE ( 'NONE', *, *, #1890, .F. ) ;
#7978 = DIRECTION ( 'NONE',  ( -0.000000000000000000, 1.000000000000000000, -0.000000000000000000 ) ) ;
#7979 = CARTESIAN_POINT ( 'NONE',  ( -24.18305191657981013, -3.499999999999976907, 17.11198410471387277 ) ) ;
#7980 = DIRECTION ( 'NONE',  ( 1.000000000000000000, 0.000000000000000000, 4.869399230812090436E-16 ) ) ;
#7981 = AXIS2_PLACEMENT_3D ( 'NONE', #4436, #2952, #7373 ) ;
#7982 = CYLINDRICAL_SURFACE ( 'NONE', #9073, 88.00000000000009948 ) ;
#7983 = DIRECTION ( 'NONE',  ( -0.000000000000000000, 1.000000000000000000, -0.000000000000000000 ) ) ;
#7984 = CARTESIAN_POINT ( 'NONE',  ( 0.000000000000000000, -3.500000000000000000, 0.000000000000000000 ) ) ;
#7985 = ORIENTED_EDGE ( 'NONE', *, *, #3350, .T. ) ;
#7986 = EDGE_CURVE ( 'NONE', #3234, #9251, #7465, .T. ) ;
#7987 = EDGE_CURVE ( 'NONE', #5015, #7812, #705, .T. ) ;
#7988 = VECTOR ( 'NONE', #4151, 1000.000000000000000 ) ;
#7989 = EDGE_CURVE ( 'NONE', #5335, #6607, #2556, .T. ) ;
#7990 = AXIS2_PLACEMENT_3D ( 'NONE', #191, #6054, #2400 ) ;
#7991 = DIRECTION ( 'NONE',  ( -0.000000000000000000, 1.000000000000000000, -0.000000000000000000 ) ) ;
#7992 = EDGE_CURVE ( 'NONE', #2634, #1017, #1400, .T. ) ;
#7993 = DIRECTION ( 'NONE',  ( 0.000000000000000000, 0.000000000000000000, 1.000000000000000000 ) ) ;
#7994 = DIRECTION ( 'NONE',  ( 0.000000000000000000, -1.000000000000000000, 0.000000000000000000 ) ) ;
#7995 = DIRECTION ( 'NONE',  ( -0.000000000000000000, -1.000000000000000000, -0.000000000000000000 ) ) ;
#7996 = DIRECTION ( 'NONE',  ( -0.000000000000000000, -1.000000000000000000, 0.000000000000000000 ) ) ;
#7997 = CIRCLE ( 'NONE', #6309, 1.599999999999997202 ) ;
#7998 = ORIENTED_EDGE ( 'NONE', *, *, #8064, .T. ) ;
#7999 = EDGE_CURVE ( 'NONE', #3361, #1241, #6076, .T. ) ;
#8000 = AXIS2_PLACEMENT_3D ( 'NONE', #3696, #8127, #8988 ) ;
#8001 = DIRECTION ( 'NONE',  ( 0.000000000000000000, 0.000000000000000000, 1.000000000000000000 ) ) ;
#8002 = DIRECTION ( 'NONE',  ( 8.659560562354883554E-17, -0.7071067811865516806, 0.7071067811865434649 ) ) ;
#8003 = CIRCLE ( 'NONE', #3246, 3.100000000000047162 ) ;
#8004 = CONICAL_SURFACE ( 'NONE', #9262, 1.599999999999997202, 0.7853981633974557175 ) ;
#8005 = VECTOR ( 'NONE', #6247, 1000.000000000000227 ) ;
#8006 = DIRECTION ( 'NONE',  ( 0.000000000000000000, 1.000000000000000000, -0.000000000000000000 ) ) ;
#8007 = CIRCLE ( 'NONE', #7859, 85.49999999999998579 ) ;
#8008 = EDGE_CURVE ( 'NONE', #7115, #1731, #4859, .T. ) ;
#8009 = DIRECTION ( 'NONE',  ( 0.5150380749100555988, 0.000000000000000000, 0.8571673007021114454 ) ) ;
#8010 = EDGE_LOOP ( 'NONE', ( #7192, #890 ) ) ;
#8011 = DIRECTION ( 'NONE',  ( 0.000000000000000000, 0.000000000000000000, -1.000000000000000000 ) ) ;
#8012 = ORIENTED_EDGE ( 'NONE', *, *, #7166, .T. ) ;
#8013 = ORIENTED_EDGE ( 'NONE', *, *, #5185, .T. ) ;
#8014 = ORIENTED_EDGE ( 'NONE', *, *, #3100, .F. ) ;
#8015 = VERTEX_POINT ( 'NONE', #4918 ) ;
#8016 = FACE_OUTER_BOUND ( 'NONE', #4490, .T. ) ;
#8017 = AXIS2_PLACEMENT_3D ( 'NONE', #8428, #6976, #431 ) ;
#8018 = VECTOR ( 'NONE', #4096, 1000.000000000000000 ) ;
#8019 = CARTESIAN_POINT ( 'NONE',  ( -61.64803358821274060, 0.000000000000000000, -9.042674090477497373 ) ) ;
#8020 = DIRECTION ( 'NONE',  ( 0.7071067811865561215, -0.000000000000000000, 0.7071067811865388020 ) ) ;
#8021 = ORIENTED_EDGE ( 'NONE', *, *, #886, .T. ) ;
#8022 = FACE_OUTER_BOUND ( 'NONE', #3492, .T. ) ;
#8023 = CARTESIAN_POINT ( 'NONE',  ( -36.00000000000000711, -3.499999999999972911, -52.00000000000000000 ) ) ;
#8024 = EDGE_LOOP ( 'NONE', ( #6469, #4718, #7490, #1734 ) ) ;
#8025 = AXIS2_PLACEMENT_3D ( 'NONE', #3159, #1568, #8214 ) ;
#8026 = ORIENTED_EDGE ( 'NONE', *, *, #8008, .T. ) ;
#8027 = EDGE_LOOP ( 'NONE', ( #1939, #3141, #736, #3888 ) ) ;
#8028 = ORIENTED_EDGE ( 'NONE', *, *, #5099, .T. ) ;
#8029 = DIRECTION ( 'NONE',  ( -0.000000000000000000, 1.000000000000000000, -0.000000000000000000 ) ) ;
#8030 = LINE ( 'NONE', #9376, #3768 ) ;
#8031 = DIRECTION ( 'NONE',  ( -0.000000000000000000, 1.000000000000000000, -0.000000000000000000 ) ) ;
#8032 = LINE ( 'NONE', #1430, #5991 ) ;
#8033 = AXIS2_PLACEMENT_3D ( 'NONE', #1091, #4157, #9310 ) ;
#8034 = CARTESIAN_POINT ( 'NONE',  ( -28.11951362996199677, -9.525483399593907663, -8.296107983160915467 ) ) ;
#8035 = DIRECTION ( 'NONE',  ( 0.000000000000000000, 0.000000000000000000, 1.000000000000000000 ) ) ;
#8036 = EDGE_CURVE ( 'NONE', #4060, #3980, #1619, .T. ) ;
#8037 = ORIENTED_EDGE ( 'NONE', *, *, #8036, .T. ) ;
#8038 = DIRECTION ( 'NONE',  ( 0.000000000000000000, 0.000000000000000000, -1.000000000000000000 ) ) ;
#8039 = CARTESIAN_POINT ( 'NONE',  ( -24.25000000000000711, -5.000000000000000000, -56.85000000000000853 ) ) ;
#8040 = DIRECTION ( 'NONE',  ( 0.000000000000000000, 1.000000000000000000, 0.000000000000000000 ) ) ;
#8041 = CARTESIAN_POINT ( 'NONE',  ( 33.49999999999998579, -4.476344936519838669, -65.35800519119361240 ) ) ;
#8042 = EDGE_CURVE ( 'NONE', #2234, #985, #407, .T. ) ;
#8043 = EDGE_CURVE ( 'NONE', #2950, #7570, #6501, .T. ) ;
#8044 = DIRECTION ( 'NONE',  ( 0.000000000000000000, 1.000000000000000000, 0.000000000000000000 ) ) ;
#8045 = ORIENTED_EDGE ( 'NONE', *, *, #9385, .T. ) ;
#8046 = DIRECTION ( 'NONE',  ( 6.219998500209278164E-17, 0.000000000000000000, -1.000000000000000000 ) ) ;
#8047 = CARTESIAN_POINT ( 'NONE',  ( 45.16312671864703532, -5.000000000000000000, -45.40297844118578752 ) ) ;
#8048 = EDGE_CURVE ( 'NONE', #5270, #1783, #3171, .T. ) ;
#8049 = EDGE_CURVE ( 'NONE', #7143, #2968, #7814, .T. ) ;
#8050 = AXIS2_PLACEMENT_3D ( 'NONE', #5448, #204, #1838 ) ;
#8051 = ADVANCED_FACE ( 'NONE', ( #2717 ), #2844, .T. ) ;
#8052 = EDGE_CURVE ( 'NONE', #5508, #1876, #5652, .T. ) ;
#8053 = DIRECTION ( 'NONE',  ( 0.000000000000000000, 0.000000000000000000, -1.000000000000000000 ) ) ;
#8054 = DIRECTION ( 'NONE',  ( 0.000000000000000000, -1.000000000000000000, 0.000000000000000000 ) ) ;
#8055 = VERTEX_POINT ( 'NONE', #8585 ) ;
#8056 = LINE ( 'NONE', #9484, #4137 ) ;
#8057 = EDGE_LOOP ( 'NONE', ( #4036, #4355, #1151, #2495 ) ) ;
#8058 = VERTEX_POINT ( 'NONE', #9263 ) ;
#8059 = EDGE_LOOP ( 'NONE', ( #5974, #1815, #7256, #1456 ) ) ;
#8060 = VECTOR ( 'NONE', #4680, 1000.000000000000000 ) ;
#8061 = ORIENTED_EDGE ( 'NONE', *, *, #8589, .T. ) ;
#8062 = FILL_AREA_STYLE_COLOUR ( '', #7235 ) ;
#8063 = LINE ( 'NONE', #2239, #1882 ) ;
#8064 = EDGE_CURVE ( 'NONE', #5895, #5012, #88, .T. ) ;
#8065 = CARTESIAN_POINT ( 'NONE',  ( -21.00000000000000355, -5.000000000000004441, -21.00000000000000000 ) ) ;
#8066 = DIRECTION ( 'NONE',  ( 0.000000000000000000, 0.000000000000000000, 1.000000000000000000 ) ) ;
#8067 = VERTEX_POINT ( 'NONE', #7863 ) ;
#8068 = DIRECTION ( 'NONE',  ( 0.000000000000000000, -1.000000000000000000, 0.000000000000000000 ) ) ;
#8069 = AXIS2_PLACEMENT_3D ( 'NONE', #9482, #2087, #5011 ) ;
#8070 = DIRECTION ( 'NONE',  ( 0.000000000000000000, 1.000000000000000000, -0.000000000000000000 ) ) ;
#8071 = ORIENTED_EDGE ( 'NONE', *, *, #2598, .F. ) ;
#8072 = ORIENTED_EDGE ( 'NONE', *, *, #2837, .F. ) ;
#8073 = ORIENTED_EDGE ( 'NONE', *, *, #9114, .F. ) ;
#8074 = VERTEX_POINT ( 'NONE', #4961 ) ;
#8075 = FACE_OUTER_BOUND ( 'NONE', #6004, .T. ) ;
#8076 = CARTESIAN_POINT ( 'NONE',  ( -62.57895013500902337, -5.000000000000000000, 34.29467888754832927 ) ) ;
#8077 = FACE_OUTER_BOUND ( 'NONE', #7165, .T. ) ;
#8078 = AXIS2_PLACEMENT_3D ( 'NONE', #7208, #5032, #4228 ) ;
#8079 = EDGE_CURVE ( 'NONE', #2862, #9296, #4245, .T. ) ;
#8080 = CIRCLE ( 'NONE', #1468, 1.600000000000004086 ) ;
#8081 = FACE_OUTER_BOUND ( 'NONE', #1098, .T. ) ;
#8082 = CARTESIAN_POINT ( 'NONE',  ( -20.00000000000000000, -60.00000000000000000, 75.00000000000000000 ) ) ;
#8083 = CARTESIAN_POINT ( 'NONE',  ( 24.25000000000000711, -3.499999999999948486, -42.35000000000000142 ) ) ;
#8084 = AXIS2_PLACEMENT_3D ( 'NONE', #7358, #8903, #3903 ) ;
#8085 = ORIENTED_EDGE ( 'NONE', *, *, #7809, .T. ) ;
#8086 = AXIS2_PLACEMENT_3D ( 'NONE', #5453, #8296, #4533 ) ;
#8087 = VECTOR ( 'NONE', #8046, 1000.000000000000000 ) ;
#8088 = DIRECTION ( 'NONE',  ( -0.000000000000000000, 1.000000000000000000, -0.000000000000000000 ) ) ;
#8089 = FACE_OUTER_BOUND ( 'NONE', #5310, .T. ) ;
#8090 = CARTESIAN_POINT ( 'NONE',  ( 45.16312671864703532, -9.525483399593916545, -43.90297844118579462 ) ) ;
#8091 = DIRECTION ( 'NONE',  ( -0.000000000000000000, 1.000000000000000000, -0.000000000000000000 ) ) ;
#8092 = CARTESIAN_POINT ( 'NONE',  ( -15.00000000000000178, 0.000000000000000000, 11.00000000000000178 ) ) ;
#8093 = DIRECTION ( 'NONE',  ( 0.000000000000000000, 0.000000000000000000, -1.000000000000000000 ) ) ;
#8094 = ORIENTED_EDGE ( 'NONE', *, *, #8372, .T. ) ;
#8095 = EDGE_CURVE ( 'NONE', #5436, #5619, #594, .T. ) ;
#8096 = FACE_OUTER_BOUND ( 'NONE', #4658, .T. ) ;
#8097 = DIRECTION ( 'NONE',  ( 0.000000000000000000, 0.000000000000000000, 1.000000000000000000 ) ) ;
#8098 = CONICAL_SURFACE ( 'NONE', #8870, 3.000000000000002665, 0.7853981633974510546 ) ;
#8099 = CARTESIAN_POINT ( 'NONE',  ( -33.26989437906256342, 0.000000000000000000, 0.2755650238601978774 ) ) ;
#8100 = ADVANCED_FACE ( 'NONE', ( #2805 ), #5768, .F. ) ;
#8101 = CYLINDRICAL_SURFACE ( 'NONE', #1311, 2.000000000000000000 ) ;
#8102 = EDGE_CURVE ( 'NONE', #4194, #4888, #2082, .T. ) ;
#8103 = VERTEX_POINT ( 'NONE', #4429 ) ;
#8104 = EDGE_CURVE ( 'NONE', #9007, #3797, #6593, .T. ) ;
#8105 = CARTESIAN_POINT ( 'NONE',  ( -51.97234841721098775, -9.525483399593916545, 31.98757210636076564 ) ) ;
#8106 = ORIENTED_EDGE ( 'NONE', *, *, #8500, .T. ) ;
#8107 = ORIENTED_EDGE ( 'NONE', *, *, #8960, .F. ) ;
#8108 = EDGE_LOOP ( 'NONE', ( #8289, #470, #2600, #7751 ) ) ;
#8109 = VERTEX_POINT ( 'NONE', #925 ) ;
#8110 = ADVANCED_FACE ( 'NONE', ( #1592 ), #3940, .F. ) ;
#8111 = DIRECTION ( 'NONE',  ( 0.000000000000000000, 1.000000000000000000, 0.000000000000000000 ) ) ;
#8112 = CARTESIAN_POINT ( 'NONE',  ( 44.65177711618091649, -3.000000000000000000, -37.32919501364717974 ) ) ;
#8113 = CARTESIAN_POINT ( 'NONE',  ( -48.41519859989394092, -2.500000000000000000, -52.42345414538067416 ) ) ;
#8114 = DIRECTION ( 'NONE',  ( 0.000000000000000000, 1.000000000000000000, 0.000000000000000000 ) ) ;
#8115 = ORIENTED_EDGE ( 'NONE', *, *, #7716, .F. ) ;
#8116 = CARTESIAN_POINT ( 'NONE',  ( 24.50000000000000355, -5.000000000000000000, -27.90000000000009450 ) ) ;
#8117 = CARTESIAN_POINT ( 'NONE',  ( 47.33237102498875970, -5.000000000000000000, -44.51756172916662280 ) ) ;
#8118 = ORIENTED_EDGE ( 'NONE', *, *, #8649, .F. ) ;
#8119 = EDGE_CURVE ( 'NONE', #2854, #205, #1442, .T. ) ;
#8120 = ORIENTED_EDGE ( 'NONE', *, *, #5595, .T. ) ;
#8121 = VECTOR ( 'NONE', #8716, 1000.000000000000000 ) ;
#8122 = ORIENTED_EDGE ( 'NONE', *, *, #8232, .T. ) ;
#8123 = ORIENTED_EDGE ( 'NONE', *, *, #7654, .F. ) ;
#8124 = DIRECTION ( 'NONE',  ( -0.000000000000000000, 1.000000000000000000, 0.000000000000000000 ) ) ;
#8125 = CARTESIAN_POINT ( 'NONE',  ( 62.67442126558891857, -5.000000000000000000, -16.25929021731405300 ) ) ;
#8126 = CARTESIAN_POINT ( 'NONE',  ( -33.26989437906256342, -3.499999999999972911, -1.324434976139800213 ) ) ;
#8127 = DIRECTION ( 'NONE',  ( 0.000000000000000000, 0.000000000000000000, 1.000000000000000000 ) ) ;
#8128 = AXIS2_PLACEMENT_3D ( 'NONE', #8145, #7471, #3860 ) ;
#8129 = DIRECTION ( 'NONE',  ( -0.7071067811865574537, 0.000000000000000000, -0.7071067811865376918 ) ) ;
#8130 = CARTESIAN_POINT ( 'NONE',  ( -36.00000000000000711, -3.499999999999946709, -64.40000000000000568 ) ) ;
#8131 = VERTEX_POINT ( 'NONE', #4577 ) ;
#8132 = CARTESIAN_POINT ( 'NONE',  ( 24.18305191657981013, 0.000000000000000000, 15.51198410471387135 ) ) ;
#8133 = EDGE_CURVE ( 'NONE', #2525, #2133, #9479, .T. ) ;
#8134 = CARTESIAN_POINT ( 'NONE',  ( 0.000000000000000000, -5.000000000000000888, 50.25000000000000000 ) ) ;
#8135 = VECTOR ( 'NONE', #9444, 1000.000000000000000 ) ;
#8136 = DIRECTION ( 'NONE',  ( 0.000000000000000000, 0.000000000000000000, 1.000000000000000000 ) ) ;
#8137 = CARTESIAN_POINT ( 'NONE',  ( -24.25000000000000711, -3.500000000000003997, -52.14999999999999858 ) ) ;
#8138 = DIRECTION ( 'NONE',  ( 0.000000000000000000, -0.7071067811865421326, -0.7071067811865530128 ) ) ;
#8139 = DIRECTION ( 'NONE',  ( 0.000000000000000000, 1.000000000000000000, 0.000000000000000000 ) ) ;
#8140 = DIRECTION ( 'NONE',  ( 0.000000000000000000, 0.000000000000000000, 1.000000000000000000 ) ) ;
#8141 = VECTOR ( 'NONE', #5507, 1000.000000000000114 ) ;
#8142 = ORIENTED_EDGE ( 'NONE', *, *, #3047, .T. ) ;
#8143 = VECTOR ( 'NONE', #2008, 1000.000000000000000 ) ;
#8144 = CARTESIAN_POINT ( 'NONE',  ( -28.11951362996199677, -5.000000000000000000, -9.896107983160918664 ) ) ;
#8145 = CARTESIAN_POINT ( 'NONE',  ( -17.11198410471442699, -9.525483399593907663, 24.18305191657944064 ) ) ;
#8146 = DIRECTION ( 'NONE',  ( -0.000000000000000000, 1.000000000000000000, -0.000000000000000000 ) ) ;
#8147 = AXIS2_PLACEMENT_3D ( 'NONE', #9103, #919, #6259 ) ;
#8148 = AXIS2_PLACEMENT_3D ( 'NONE', #5324, #760, #4606 ) ;
#8149 = DIRECTION ( 'NONE',  ( 0.7071067811865388020, -0.000000000000000000, -0.7071067811865563435 ) ) ;
#8150 = AXIS2_PLACEMENT_3D ( 'NONE', #1421, #4981, #7294 ) ;
#8151 = VECTOR ( 'NONE', #2022, 1000.000000000000000 ) ;
#8152 = FACE_OUTER_BOUND ( 'NONE', #3121, .T. ) ;
#8153 = ORIENTED_EDGE ( 'NONE', *, *, #8483, .T. ) ;
#8154 = CARTESIAN_POINT ( 'NONE',  ( 24.20000000000000639, -5.000000000000000000, -24.00000000000000355 ) ) ;
#8155 = VERTEX_POINT ( 'NONE', #4383 ) ;
#8156 = VERTEX_POINT ( 'NONE', #8909 ) ;
#8157 = FACE_OUTER_BOUND ( 'NONE', #7900, .T. ) ;
#8158 = ORIENTED_EDGE ( 'NONE', *, *, #4797, .T. ) ;
#8159 = ORIENTED_EDGE ( 'NONE', *, *, #3924, .T. ) ;
#8160 = DIRECTION ( 'NONE',  ( -0.000000000000000000, 0.000000000000000000, -1.000000000000000000 ) ) ;
#8161 = DIRECTION ( 'NONE',  ( -0.000000000000000000, -1.000000000000000000, -0.000000000000000000 ) ) ;
#8162 = ADVANCED_FACE ( 'NONE', ( #7516 ), #5104, .F. ) ;
#8163 = LINE ( 'NONE', #8065, #636 ) ;
#8164 = EDGE_CURVE ( 'NONE', #2091, #2093, #8855, .T. ) ;
#8165 = EDGE_CURVE ( 'NONE', #6493, #5077, #2269, .T. ) ;
#8166 = CARTESIAN_POINT ( 'NONE',  ( -54.64593681162907757, -5.000000000000000000, 35.15662439906270009 ) ) ;
#8167 = AXIS2_PLACEMENT_3D ( 'NONE', #1182, #2540, #3311 ) ;
#8168 = ORIENTED_EDGE ( 'NONE', *, *, #8288, .F. ) ;
#8169 = CARTESIAN_POINT ( 'NONE',  ( 39.00000000000000000, -2.500000000000000000, -48.27890335241848163 ) ) ;
#8170 = CARTESIAN_POINT ( 'NONE',  ( 47.87118793780643244, -4.900167633572329429, -43.62081979642073293 ) ) ;
#8171 = ORIENTED_EDGE ( 'NONE', *, *, #3944, .F. ) ;
#8172 = ORIENTED_EDGE ( 'NONE', *, *, #6488, .T. ) ;
#8173 = CIRCLE ( 'NONE', #9094, 1.600000000000004086 ) ;
#8174 = ORIENTED_EDGE ( 'NONE', *, *, #5059, .F. ) ;
#8175 = ORIENTED_EDGE ( 'NONE', *, *, #7888, .F. ) ;
#8176 = CARTESIAN_POINT ( 'NONE',  ( 20.20000000000000284, -5.000000000000000000, -18.00000000000000355 ) ) ;
#8177 = AXIS2_PLACEMENT_3D ( 'NONE', #3679, #3113, #7382 ) ;
#8178 = FACE_OUTER_BOUND ( 'NONE', #8205, .T. ) ;
#8179 = DIRECTION ( 'NONE',  ( 0.8571673007021114454, 0.000000000000000000, -0.5150380749100555988 ) ) ;
#8180 = CIRCLE ( 'NONE', #4480, 88.00000000000000000 ) ;
#8181 = FACE_OUTER_BOUND ( 'NONE', #2004, .T. ) ;
#8182 = EDGE_CURVE ( 'NONE', #2091, #2336, #5871, .T. ) ;
#8183 = EDGE_CURVE ( 'NONE', #2603, #6720, #2178, .T. ) ;
#8184 = DIRECTION ( 'NONE',  ( -0.000000000000000000, 1.000000000000000000, -0.000000000000000000 ) ) ;
#8185 = ORIENTED_EDGE ( 'NONE', *, *, #9345, .F. ) ;
#8186 = AXIS2_PLACEMENT_3D ( 'NONE', #1013, #2357, #3948 ) ;
#8187 = CARTESIAN_POINT ( 'NONE',  ( 20.20000000000000639, -3.499999999999962252, 0.4689047805322805185 ) ) ;
#8188 = CARTESIAN_POINT ( 'NONE',  ( -24.20000000000000284, -5.000000000000000000, -56.99999999999994316 ) ) ;
#8189 = CIRCLE ( 'NONE', #7412, 1.599999999999997202 ) ;
#8190 = CYLINDRICAL_SURFACE ( 'NONE', #2241, 4.999999999999997335 ) ;
#8191 = CARTESIAN_POINT ( 'NONE',  ( 24.25000000000000711, 0.000000000000000000, -40.75000000000000000 ) ) ;
#8192 = CARTESIAN_POINT ( 'NONE',  ( 33.50000000000000000, -4.522752246317276459, -66.80570111046172599 ) ) ;
#8193 = DIRECTION ( 'NONE',  ( -0.000000000000000000, 1.000000000000000000, -0.000000000000000000 ) ) ;
#8194 = ADVANCED_FACE ( 'NONE', ( #8096 ), #7365, .F. ) ;
#8195 = CARTESIAN_POINT ( 'NONE',  ( -45.68185326600102059, -3.000000000000000000, -35.61486041224296173 ) ) ;
#8196 = ORIENTED_EDGE ( 'NONE', *, *, #6815, .F. ) ;
#8197 = DIRECTION ( 'NONE',  ( 0.000000000000000000, 0.000000000000000000, -1.000000000000000000 ) ) ;
#8198 = CARTESIAN_POINT ( 'NONE',  ( 79.50000000000000000, -1.500000000000000000, -0.8500000000000035305 ) ) ;
#8199 = CARTESIAN_POINT ( 'NONE',  ( -79.50000000000000000, -5.000000000000000000, -9.600000000000049383 ) ) ;
#8200 = DIRECTION ( 'NONE',  ( 0.000000000000000000, 0.000000000000000000, -1.000000000000000000 ) ) ;
#8201 = ADVANCED_FACE ( 'NONE', ( #777 ), #3713, .T. ) ;
#8202 = FACE_OUTER_BOUND ( 'NONE', #8740, .T. ) ;
#8203 = ORIENTED_EDGE ( 'NONE', *, *, #5737, .T. ) ;
#8204 = CARTESIAN_POINT ( 'NONE',  ( 28.50000000000000000, -10.00000000000000000, -59.00000000000000000 ) ) ;
#8205 = EDGE_LOOP ( 'NONE', ( #2914, #7543, #2825, #9500 ) ) ;
#8206 = CIRCLE ( 'NONE', #4062, 5.000000000000000888 ) ;
#8207 = DIRECTION ( 'NONE',  ( -0.000000000000000000, -1.000000000000000000, -0.000000000000000000 ) ) ;
#8208 = ORIENTED_EDGE ( 'NONE', *, *, #7871, .F. ) ;
#8209 = DIRECTION ( 'NONE',  ( 0.000000000000000000, 0.000000000000000000, -1.000000000000000000 ) ) ;
#8210 = CYLINDRICAL_SURFACE ( 'NONE', #2182, 5.000000000000000888 ) ;
#8211 = EDGE_CURVE ( 'NONE', #7440, #6831, #3807, .T. ) ;
#8212 = DIRECTION ( 'NONE',  ( 0.000000000000000000, 1.000000000000000000, -0.000000000000000000 ) ) ;
#8213 = CARTESIAN_POINT ( 'NONE',  ( -48.41519859989394092, -5.000000000000000000, -52.42345414538067416 ) ) ;
#8214 = DIRECTION ( 'NONE',  ( 0.000000000000000000, 0.000000000000000000, -1.000000000000000000 ) ) ;
#8215 = ORIENTED_EDGE ( 'NONE', *, *, #9352, .F. ) ;
#8216 = EDGE_CURVE ( 'NONE', #8353, #6836, #6997, .T. ) ;
#8217 = EDGE_LOOP ( 'NONE', ( #9408, #6043, #7998, #3344 ) ) ;
#8218 = ORIENTED_EDGE ( 'NONE', *, *, #5922, .T. ) ;
#8219 = EDGE_LOOP ( 'NONE', ( #5839, #9236, #4129, #3298, #7503, #7282, #6435, #6107 ) ) ;
#8220 = LINE ( 'NONE', #2349, #7910 ) ;
#8221 = CARTESIAN_POINT ( 'NONE',  ( 3.000000000000003997, -3.200000000000000178, 15.00000000000000000 ) ) ;
#8222 = DIRECTION ( 'NONE',  ( -0.8571673007021113344, 0.000000000000000000, 0.5150380749100557098 ) ) ;
#8223 = VECTOR ( 'NONE', #8600, 1000.000000000000000 ) ;
#8224 = DIRECTION ( 'NONE',  ( -0.000000000000000000, 1.000000000000000000, -0.000000000000000000 ) ) ;
#8225 = DIRECTION ( 'NONE',  ( 0.000000000000000000, 0.000000000000000000, -1.000000000000000000 ) ) ;
#8226 = AXIS2_PLACEMENT_3D ( 'NONE', #104, #5966, #8197 ) ;
#8227 = ORIENTED_EDGE ( 'NONE', *, *, #1750, .F. ) ;
#8228 = CARTESIAN_POINT ( 'NONE',  ( -17.11198410471442699, 0.000000000000000000, 24.18305191657944064 ) ) ;
#8229 = ORIENTED_EDGE ( 'NONE', *, *, #5640, .F. ) ;
#8230 = CARTESIAN_POINT ( 'NONE',  ( -17.11198410471442699, -3.499999999999945821, 24.18305191657944064 ) ) ;
#8231 = EDGE_CURVE ( 'NONE', #1440, #3454, #7613, .T. ) ;
#8232 = EDGE_CURVE ( 'NONE', #3006, #4259, #3152, .T. ) ;
#8233 = CIRCLE ( 'NONE', #7617, 5.000000000000000888 ) ;
#8234 = ORIENTED_EDGE ( 'NONE', *, *, #7467, .T. ) ;
#8235 = DIRECTION ( 'NONE',  ( -0.000000000000000000, -1.000000000000000000, -0.000000000000000000 ) ) ;
#8236 = DIRECTION ( 'NONE',  ( 0.000000000000000000, 0.000000000000000000, 1.000000000000000000 ) ) ;
#8237 = CARTESIAN_POINT ( 'NONE',  ( -24.20000000000000284, -3.499999999999964917, -60.00000000000000000 ) ) ;
#8238 = DIRECTION ( 'NONE',  ( -0.000000000000000000, -1.000000000000000000, -0.000000000000000000 ) ) ;
#8239 = ADVANCED_FACE ( 'NONE', ( #826 ), #5133, .F. ) ;
#8240 = DIRECTION ( 'NONE',  ( 0.000000000000000000, 0.000000000000000000, -1.000000000000000000 ) ) ;
#8241 = DIRECTION ( 'NONE',  ( 0.000000000000000000, 1.000000000000000000, 0.000000000000000000 ) ) ;
#8242 = CIRCLE ( 'NONE', #5767, 4.999999999999997335 ) ;
#8243 = AXIS2_PLACEMENT_3D ( 'NONE', #505, #5732, #3442 ) ;
#8244 = ORIENTED_EDGE ( 'NONE', *, *, #7397, .T. ) ;
#8245 = DIRECTION ( 'NONE',  ( 0.000000000000000000, 1.000000000000000000, -0.000000000000000000 ) ) ;
#8246 = EDGE_CURVE ( 'NONE', #437, #2591, #9436, .T. ) ;
#8247 = AXIS2_PLACEMENT_3D ( 'NONE', #2288, #5211, #844 ) ;
#8248 = DIRECTION ( 'NONE',  ( 0.000000000000000000, -1.000000000000000000, 0.000000000000000000 ) ) ;
#8249 = CARTESIAN_POINT ( 'NONE',  ( -1.199689984899975966E-14, -5.000000000000000000, -1.249000902703301108E-13 ) ) ;
#8250 = LINE ( 'NONE', #1644, #988 ) ;
#8251 = AXIS2_PLACEMENT_3D ( 'NONE', #4059, #3343, #7038 ) ;
#8252 = LINE ( 'NONE', #2949, #5137 ) ;
#8253 = EDGE_LOOP ( 'NONE', ( #1243, #6921, #2967, #3349 ) ) ;
#8254 = CARTESIAN_POINT ( 'NONE',  ( 45.84000822534345332, 0.000000000000000000, -56.70929064889151050 ) ) ;
#8255 = VERTEX_POINT ( 'NONE', #1744 ) ;
#8256 = LINE ( 'NONE', #215, #8334 ) ;
#8257 = ORIENTED_EDGE ( 'NONE', *, *, #633, .T. ) ;
#8258 = FACE_OUTER_BOUND ( 'NONE', #1718, .T. ) ;
#8259 = FACE_OUTER_BOUND ( 'NONE', #9091, .T. ) ;
#8260 = CONICAL_SURFACE ( 'NONE', #5326, 1.599999999999998090, 0.7853981633974554954 ) ;
#8261 = CARTESIAN_POINT ( 'NONE',  ( 55.81821484150213308, 0.000000000000000000, -64.76555328187900784 ) ) ;
#8262 = DIRECTION ( 'NONE',  ( 0.000000000000000000, 0.000000000000000000, -1.000000000000000000 ) ) ;
#8263 = CARTESIAN_POINT ( 'NONE',  ( 44.99999999999998579, -5.000000000000000000, -56.07536029467944871 ) ) ;
#8264 = ORIENTED_EDGE ( 'NONE', *, *, #3418, .T. ) ;
#8265 = VERTEX_POINT ( 'NONE', #7571 ) ;
#8266 = ORIENTED_EDGE ( 'NONE', *, *, #5613, .F. ) ;
#8267 = ORIENTED_EDGE ( 'NONE', *, *, #4760, .F. ) ;
#8268 = CARTESIAN_POINT ( 'NONE',  ( 24.25000000000000711, -10.00000000000000000, -53.75000000000000000 ) ) ;
#8269 = CARTESIAN_POINT ( 'NONE',  ( 65.24396482929479646, -4.975130043340036501, -14.85313928565856045 ) ) ;
#8270 = CARTESIAN_POINT ( 'NONE',  ( 62.67442126558891857, -9.525483399593916545, -13.15929021731400361 ) ) ;
#8271 = CYLINDRICAL_SURFACE ( 'NONE', #6149, 1.599999999999997202 ) ;
#8272 = DIRECTION ( 'NONE',  ( 0.000000000000000000, 0.000000000000000000, -1.000000000000000000 ) ) ;
#8273 = EDGE_LOOP ( 'NONE', ( #2017, #3281, #6421, #7300 ) ) ;
#8274 = LINE ( 'NONE', #6150, #3577 ) ;
#8275 = ORIENTED_EDGE ( 'NONE', *, *, #4179, .T. ) ;
#8276 = FACE_BOUND ( 'NONE', #3620, .T. ) ;
#8277 = ORIENTED_EDGE ( 'NONE', *, *, #6294, .F. ) ;
#8278 = ORIENTED_EDGE ( 'NONE', *, *, #4179, .F. ) ;
#8279 = DIRECTION ( 'NONE',  ( -0.000000000000000000, -1.000000000000000000, -0.000000000000000000 ) ) ;
#8280 = DIRECTION ( 'NONE',  ( 0.000000000000000000, 0.000000000000000000, 1.000000000000000000 ) ) ;
#8281 = FACE_OUTER_BOUND ( 'NONE', #2580, .T. ) ;
#8282 = DIRECTION ( 'NONE',  ( 0.000000000000000000, 1.000000000000000000, 0.000000000000000000 ) ) ;
#8283 = CONICAL_SURFACE ( 'NONE', #6430, 3.100000000000047162, 0.7853981633974500554 ) ;
#8284 = DIRECTION ( 'NONE',  ( 0.000000000000000000, 0.000000000000000000, -1.000000000000000000 ) ) ;
#8285 = DIRECTION ( 'NONE',  ( 0.000000000000000000, -0.7071067811865422437, -0.7071067811865526798 ) ) ;
#8286 = EDGE_CURVE ( 'NONE', #5161, #7932, #4830, .T. ) ;
#8287 = EDGE_CURVE ( 'NONE', #3648, #8611, #7295, .T. ) ;
#8288 = EDGE_CURVE ( 'NONE', #9082, #2236, #6169, .T. ) ;
#8289 = ORIENTED_EDGE ( 'NONE', *, *, #1820, .F. ) ;
#8290 = CIRCLE ( 'NONE', #2441, 1.600000000000002531 ) ;
#8291 = AXIS2_PLACEMENT_3D ( 'NONE', #3536, #4292, #1450 ) ;
#8292 = EDGE_CURVE ( 'NONE', #1686, #8514, #8293, .T. ) ;
#8293 = LINE ( 'NONE', #8395, #3313 ) ;
#8294 = CARTESIAN_POINT ( 'NONE',  ( -79.21095465983478334, 0.000000000000000000, -18.42890832028849957 ) ) ;
#8295 = FACE_OUTER_BOUND ( 'NONE', #2956, .T. ) ;
#8296 = DIRECTION ( 'NONE',  ( -0.000000000000000000, 1.000000000000000000, -0.000000000000000000 ) ) ;
#8297 = CIRCLE ( 'NONE', #9509, 2.000000000000001776 ) ;
#8298 = EDGE_CURVE ( 'NONE', #6971, #7123, #3290, .T. ) ;
#8299 = DIRECTION ( 'NONE',  ( -0.000000000000000000, -1.000000000000000000, -0.000000000000000000 ) ) ;
#8300 = VERTEX_POINT ( 'NONE', #402 ) ;
#8301 = CARTESIAN_POINT ( 'NONE',  ( -17.11198410471442699, -3.499999999999945821, 24.18305191657944064 ) ) ;
#8302 = AXIS2_PLACEMENT_3D ( 'NONE', #9452, #8735, #5886 ) ;
#8303 = ORIENTED_EDGE ( 'NONE', *, *, #3641, .F. ) ;
#8304 = DIRECTION ( 'NONE',  ( -0.000000000000000000, -1.000000000000000000, -0.000000000000000000 ) ) ;
#8305 = EDGE_LOOP ( 'NONE', ( #5662, #1032, #4664, #1412 ) ) ;
#8306 = DIRECTION ( 'NONE',  ( 6.219998500209268303E-17, 0.000000000000000000, 1.000000000000000000 ) ) ;
#8307 = DIRECTION ( 'NONE',  ( 0.000000000000000000, 0.000000000000000000, 1.000000000000000000 ) ) ;
#8308 = AXIS2_PLACEMENT_3D ( 'NONE', #5140, #8091, #7415 ) ;
#8309 = DIRECTION ( 'NONE',  ( 0.000000000000000000, 1.000000000000000000, 0.000000000000000000 ) ) ;
#8310 = EDGE_CURVE ( 'NONE', #3454, #1440, #9150, .T. ) ;
#8311 = VECTOR ( 'NONE', #188, 1000.000000000000114 ) ;
#8312 = CARTESIAN_POINT ( 'NONE',  ( -33.26989437906256342, -9.525483399593907663, -2.924434976139798525 ) ) ;
#8313 = DIRECTION ( 'NONE',  ( -0.000000000000000000, -1.000000000000000000, -0.000000000000000000 ) ) ;
#8314 = EDGE_LOOP ( 'NONE', ( #6154, #5367 ) ) ;
#8315 = AXIS2_PLACEMENT_3D ( 'NONE', #521, #3458, #1280 ) ;
#8316 = ORIENTED_EDGE ( 'NONE', *, *, #1514, .T. ) ;
#8317 = VERTEX_POINT ( 'NONE', #3239 ) ;
#8318 = VERTEX_POINT ( 'NONE', #304 ) ;
#8319 = DIRECTION ( 'NONE',  ( 0.000000000000000000, 1.000000000000000000, -0.000000000000000000 ) ) ;
#8320 = AXIS2_PLACEMENT_3D ( 'NONE', #8985, #1724, #6725 ) ;
#8321 = PLANE ( 'NONE',  #8854 ) ;
#8322 = CARTESIAN_POINT ( 'NONE',  ( -20.20000000000000639, -5.000000000000000000, -18.00000000000000355 ) ) ;
#8323 = CIRCLE ( 'NONE', #6782, 2.000000000000001776 ) ;
#8324 = AXIS2_PLACEMENT_3D ( 'NONE', #7930, #2910, #9499 ) ;
#8325 = DIRECTION ( 'NONE',  ( 0.000000000000000000, 0.000000000000000000, -1.000000000000000000 ) ) ;
#8326 = ADVANCED_FACE ( 'NONE', ( #7618 ), #8678, .F. ) ;
#8327 = CARTESIAN_POINT ( 'NONE',  ( -79.50000000000000000, 0.000000000000000000, -5.000000000000000000 ) ) ;
#8328 = ORIENTED_EDGE ( 'NONE', *, *, #5752, .T. ) ;
#8329 = LINE ( 'NONE', #7410, #6795 ) ;
#8330 = ORIENTED_EDGE ( 'NONE', *, *, #1847, .F. ) ;
#8331 = CONICAL_SURFACE ( 'NONE', #3559, 3.031095219467760948, 0.7853981633974501664 ) ;
#8332 = CONICAL_SURFACE ( 'NONE', #7556, 4.599999999999909939, 0.7853981633974425058 ) ;
#8333 = LINE ( 'NONE', #3846, #6907 ) ;
#8334 = VECTOR ( 'NONE', #1602, 1000.000000000000000 ) ;
#8335 = ORIENTED_EDGE ( 'NONE', *, *, #3782, .F. ) ;
#8336 = VERTEX_POINT ( 'NONE', #6068 ) ;
#8337 = PLANE ( 'NONE',  #2795 ) ;
#8338 = CARTESIAN_POINT ( 'NONE',  ( -24.20000000000000639, -3.499999999999964917, -22.50000000000000355 ) ) ;
#8339 = DIRECTION ( 'NONE',  ( 0.000000000000000000, 0.000000000000000000, -1.000000000000000000 ) ) ;
#8340 = CARTESIAN_POINT ( 'NONE',  ( 67.30607546733547508, -5.000000000000000000, -11.27573523923572552 ) ) ;
#8341 = CARTESIAN_POINT ( 'NONE',  ( 79.21095465983462702, -5.000000000000000000, -18.42890832028913195 ) ) ;
#8342 = EDGE_CURVE ( 'NONE', #2103, #8406, #9154, .T. ) ;
#8343 = LINE ( 'NONE', #7666, #4512 ) ;
#8344 = VECTOR ( 'NONE', #3111, 1000.000000000000000 ) ;
#8345 = ORIENTED_EDGE ( 'NONE', *, *, #2641, .F. ) ;
#8346 = CIRCLE ( 'NONE', #4953, 3.100000000000047162 ) ;
#8347 = LINE ( 'NONE', #4780, #4368 ) ;
#8348 = EDGE_CURVE ( 'NONE', #4779, #8653, #5607, .T. ) ;
#8349 = CARTESIAN_POINT ( 'NONE',  ( -36.00000000000000711, -3.499999999999972911, -50.39999999999999858 ) ) ;
#8350 = FACE_OUTER_BOUND ( 'NONE', #9516, .T. ) ;
#8351 = ORIENTED_EDGE ( 'NONE', *, *, #2586, .T. ) ;
#8352 = VECTOR ( 'NONE', #5608, 1000.000000000000000 ) ;
#8353 = VERTEX_POINT ( 'NONE', #2569 ) ;
#8354 = VECTOR ( 'NONE', #5854, 1000.000000000000000 ) ;
#8355 = DIRECTION ( 'NONE',  ( 1.000000000000000000, 0.000000000000000000, -0.000000000000000000 ) ) ;
#8356 = ORIENTED_EDGE ( 'NONE', *, *, #2352, .F. ) ;
#8357 = DIRECTION ( 'NONE',  ( 0.000000000000000000, 1.000000000000000000, 0.000000000000000000 ) ) ;
#8358 = EDGE_CURVE ( 'NONE', #3058, #9489, #6846, .T. ) ;
#8359 = ORIENTED_EDGE ( 'NONE', *, *, #7547, .F. ) ;
#8360 = EDGE_CURVE ( 'NONE', #4301, #2821, #2463, .T. ) ;
#8361 = EDGE_CURVE ( 'NONE', #7627, #8402, #8347, .T. ) ;
#8362 = DIRECTION ( 'NONE',  ( 0.000000000000000000, 1.000000000000000000, 0.000000000000000000 ) ) ;
#8363 = VERTEX_POINT ( 'NONE', #6896 ) ;
#8364 = DIRECTION ( 'NONE',  ( 1.000000000000000000, 0.000000000000000000, 0.000000000000000000 ) ) ;
#8365 = CARTESIAN_POINT ( 'NONE',  ( 24.50000000000000355, -5.000000000000000000, -32.50000000000000000 ) ) ;
#8366 = EDGE_CURVE ( 'NONE', #2603, #3502, #2518, .T. ) ;
#8367 = LINE ( 'NONE', #9074, #3571 ) ;
#8368 = PLANE ( 'NONE',  #5455 ) ;
#8369 = DIRECTION ( 'NONE',  ( -0.000000000000000000, 1.000000000000000000, -0.000000000000000000 ) ) ;
#8370 = ORIENTED_EDGE ( 'NONE', *, *, #8584, .F. ) ;
#8371 = ORIENTED_EDGE ( 'NONE', *, *, #749, .T. ) ;
#8372 = EDGE_CURVE ( 'NONE', #6151, #1950, #7668, .T. ) ;
#8373 = ORIENTED_EDGE ( 'NONE', *, *, #7705, .T. ) ;
#8374 = ORIENTED_EDGE ( 'NONE', *, *, #6507, .T. ) ;
#8375 = DIRECTION ( 'NONE',  ( 0.000000000000000000, 0.000000000000000000, -1.000000000000000000 ) ) ;
#8376 = FACE_OUTER_BOUND ( 'NONE', #4563, .T. ) ;
#8377 = CARTESIAN_POINT ( 'NONE',  ( -24.20000000000000639, -9.242640687119289211, -24.00000000000000355 ) ) ;
#8378 = CYLINDRICAL_SURFACE ( 'NONE', #6915, 5.000000000000000888 ) ;
#8379 = ORIENTED_EDGE ( 'NONE', *, *, #5410, .F. ) ;
#8380 = DIRECTION ( 'NONE',  ( -0.000000000000000000, 0.000000000000000000, 1.000000000000000000 ) ) ;
#8381 = EDGE_LOOP ( 'NONE', ( #1956, #8345, #7962, #5058 ) ) ;
#8382 = CIRCLE ( 'NONE', #7142, 5.000000000000000888 ) ;
#8383 = FACE_BOUND ( 'NONE', #1854, .T. ) ;
#8384 = ORIENTED_EDGE ( 'NONE', *, *, #762, .F. ) ;
#8385 = EDGE_LOOP ( 'NONE', ( #319, #5995, #5079, #1958 ) ) ;
#8386 = CARTESIAN_POINT ( 'NONE',  ( 24.20000000000000284, -3.500000000000006661, -60.00000000000000000 ) ) ;
#8387 = LINE ( 'NONE', #1786, #5147 ) ;
#8388 = PLANE ( 'NONE',  #4858 ) ;
#8389 = CARTESIAN_POINT ( 'NONE',  ( 24.18305191657981013, 0.000000000000000000, 17.11198410471387277 ) ) ;
#8390 = VECTOR ( 'NONE', #2994, 1000.000000000000227 ) ;
#8391 = DIRECTION ( 'NONE',  ( 0.000000000000000000, 0.000000000000000000, 1.000000000000000000 ) ) ;
#8392 = CARTESIAN_POINT ( 'NONE',  ( -34.29467888754678739, -5.000000000000000000, 62.57895013500987602 ) ) ;
#8393 = EDGE_LOOP ( 'NONE', ( #6920, #3069, #1626, #2683 ) ) ;
#8394 = VECTOR ( 'NONE', #325, 1000.000000000000000 ) ;
#8395 = CARTESIAN_POINT ( 'NONE',  ( -43.00000000000000000, -3.500000000000000000, -76.77890335241866637 ) ) ;
#8396 = CARTESIAN_POINT ( 'NONE',  ( 24.20000000000000284, -5.000000000000000000, -63.00000000000000000 ) ) ;
#8397 = CARTESIAN_POINT ( 'NONE',  ( 44.18533111883304088, -5.000000000000000000, -76.10293367485347460 ) ) ;
#8398 = VERTEX_POINT ( 'NONE', #4057 ) ;
#8399 = AXIS2_PLACEMENT_3D ( 'NONE', #7029, #3284, #4823 ) ;
#8400 = AXIS2_PLACEMENT_3D ( 'NONE', #5050, #9348, #8001 ) ;
#8401 = VECTOR ( 'NONE', #373, 1000.000000000000000 ) ;
#8402 = VERTEX_POINT ( 'NONE', #1074 ) ;
#8403 = ADVANCED_FACE ( 'NONE', ( #4010 ), #5499, .T. ) ;
#8404 = VECTOR ( 'NONE', #5138, 1000.000000000000000 ) ;
#8405 = DIRECTION ( 'NONE',  ( -0.5150380749100553768, 0.000000000000000000, -0.8571673007021115565 ) ) ;
#8406 = VERTEX_POINT ( 'NONE', #6798 ) ;
#8407 = AXIS2_PLACEMENT_3D ( 'NONE', #6803, #4683, #4580 ) ;
#8408 = LINE ( 'NONE', #8453, #6443 ) ;
#8409 = EDGE_LOOP ( 'NONE', ( #1794, #6681, #3990, #9188 ) ) ;
#8410 = CARTESIAN_POINT ( 'NONE',  ( -24.25000000000000711, 0.000000000000000000, -42.35000000000000142 ) ) ;
#8411 = ORIENTED_EDGE ( 'NONE', *, *, #5965, .T. ) ;
#8412 = CARTESIAN_POINT ( 'NONE',  ( 24.20000000000000284, -9.242640687119289211, -60.00000000000000000 ) ) ;
#8413 = EDGE_CURVE ( 'NONE', #1050, #3345, #206, .T. ) ;
#8414 = ADVANCED_FACE ( 'NONE', ( #2708 ), #5642, .T. ) ;
#8415 = DIRECTION ( 'NONE',  ( 8.659560562354978464E-17, -0.7071067811865439090, 0.7071067811865512365 ) ) ;
#8416 = EDGE_CURVE ( 'NONE', #1731, #7115, #2072, .T. ) ;
#8417 = DIRECTION ( 'NONE',  ( 0.000000000000000000, 0.000000000000000000, -1.000000000000000000 ) ) ;
#8418 = ORIENTED_EDGE ( 'NONE', *, *, #3602, .T. ) ;
#8419 = EDGE_CURVE ( 'NONE', #7150, #5829, #4686, .T. ) ;
#8420 = VERTEX_POINT ( 'NONE', #7855 ) ;
#8421 = VECTOR ( 'NONE', #1938, 1000.000000000000000 ) ;
#8422 = ORIENTED_EDGE ( 'NONE', *, *, #2501, .F. ) ;
#8423 = EDGE_LOOP ( 'NONE', ( #7059, #1108, #6933, #8645 ) ) ;
#8424 = LINE ( 'NONE', #428, #232 ) ;
#8425 = DIRECTION ( 'NONE',  ( 1.000000000000000000, 0.000000000000000000, 0.000000000000000000 ) ) ;
#8426 = CARTESIAN_POINT ( 'NONE',  ( -33.26989437906256342, -3.499999999999972911, -2.924434976139798525 ) ) ;
#8427 = DIRECTION ( 'NONE',  ( -0.5150380749100555988, 0.000000000000000000, -0.8571673007021114454 ) ) ;
#8428 = CARTESIAN_POINT ( 'NONE',  ( 24.20000000000000284, 0.000000000000000000, -60.00000000000000000 ) ) ;
#8429 = EDGE_CURVE ( 'NONE', #9161, #1134, #545, .T. ) ;
#8430 = FACE_OUTER_BOUND ( 'NONE', #513, .T. ) ;
#8431 = VERTEX_POINT ( 'NONE', #6359 ) ;
#8432 = ORIENTED_EDGE ( 'NONE', *, *, #6744, .F. ) ;
#8433 = ORIENTED_EDGE ( 'NONE', *, *, #6716, .T. ) ;
#8434 = DIRECTION ( 'NONE',  ( 0.000000000000000000, 0.000000000000000000, -1.000000000000000000 ) ) ;
#8435 = CARTESIAN_POINT ( 'NONE',  ( 28.11951362996199677, -9.525483399593907663, -9.896107983160918664 ) ) ;
#8436 = CARTESIAN_POINT ( 'NONE',  ( 44.12936209638304774, -5.000000000000000000, -49.84826377083060578 ) ) ;
#8437 = LINE ( 'NONE', #1682, #5688 ) ;
#8438 = DIRECTION ( 'NONE',  ( 0.000000000000000000, 0.000000000000000000, -1.000000000000000000 ) ) ;
#8439 = CARTESIAN_POINT ( 'NONE',  ( -69.01672159629590908, -5.000000000000000000, -18.13676211729601917 ) ) ;
#8440 = EDGE_CURVE ( 'NONE', #5251, #5682, #397, .T. ) ;
#8441 = ORIENTED_EDGE ( 'NONE', *, *, #9054, .F. ) ;
#8442 = DIRECTION ( 'NONE',  ( 0.000000000000000000, 0.000000000000000000, 1.000000000000000000 ) ) ;
#8443 = AXIS2_PLACEMENT_3D ( 'NONE', #1690, #9202, #306 ) ;
#8444 = DIRECTION ( 'NONE',  ( 0.000000000000000000, -1.000000000000000000, 0.000000000000000000 ) ) ;
#8445 = DIRECTION ( 'NONE',  ( -1.000000000000000000, 0.000000000000000000, 0.000000000000000000 ) ) ;
#8446 = DIRECTION ( 'NONE',  ( -0.000000000000000000, -1.000000000000000000, -0.000000000000000000 ) ) ;
#8447 = ORIENTED_EDGE ( 'NONE', *, *, #692, .T. ) ;
#8448 = AXIS2_PLACEMENT_3D ( 'NONE', #7087, #3342, #2710 ) ;
#8449 = CIRCLE ( 'NONE', #5964, 3.100000000000047162 ) ;
#8450 = ORIENTED_EDGE ( 'NONE', *, *, #5277, .F. ) ;
#8451 = CARTESIAN_POINT ( 'NONE',  ( -28.50000000000000000, 0.000000000000000000, -63.00000000000000000 ) ) ;
#8452 = ORIENTED_EDGE ( 'NONE', *, *, #532, .T. ) ;
#8453 = CARTESIAN_POINT ( 'NONE',  ( 15.00000000000000178, -3.200000000000000178, 12.99999999999999467 ) ) ;
#8454 = ORIENTED_EDGE ( 'NONE', *, *, #494, .F. ) ;
#8455 = DIRECTION ( 'NONE',  ( 0.000000000000000000, 0.000000000000000000, 1.000000000000000000 ) ) ;
#8456 = VERTEX_POINT ( 'NONE', #2030 ) ;
#8457 = CARTESIAN_POINT ( 'NONE',  ( -39.00000000000000000, 0.000000000000000000, -51.27890335241848163 ) ) ;
#8458 = AXIS2_PLACEMENT_3D ( 'NONE', #5008, #5653, #8634 ) ;
#8459 = VECTOR ( 'NONE', #6926, 1000.000000000000000 ) ;
#8460 = DIRECTION ( 'NONE',  ( 0.000000000000000000, 1.000000000000000000, -0.000000000000000000 ) ) ;
#8461 = ORIENTED_EDGE ( 'NONE', *, *, #7636, .T. ) ;
#8462 = ORIENTED_EDGE ( 'NONE', *, *, #2199, .T. ) ;
#8463 = ORIENTED_EDGE ( 'NONE', *, *, #2354, .T. ) ;
#8464 = ORIENTED_EDGE ( 'NONE', *, *, #6276, .T. ) ;
#8465 = DIRECTION ( 'NONE',  ( 0.000000000000000000, -1.000000000000000000, -0.000000000000000000 ) ) ;
#8466 = ADVANCED_FACE ( 'NONE', ( #2118 ), #6310, .T. ) ;
#8467 = DIRECTION ( 'NONE',  ( 0.000000000000000000, -1.000000000000000000, 0.000000000000000000 ) ) ;
#8468 = EDGE_CURVE ( 'NONE', #765, #6711, #8990, .T. ) ;
#8469 = VECTOR ( 'NONE', #9245, 1000.000000000000000 ) ;
#8470 = DIRECTION ( 'NONE',  ( 8.659560562354943952E-17, -0.7071067811865465735, 0.7071067811865484609 ) ) ;
#8471 = DIRECTION ( 'NONE',  ( 0.000000000000000000, 0.000000000000000000, -1.000000000000000000 ) ) ;
#8472 = CARTESIAN_POINT ( 'NONE',  ( -33.49999999999998579, -4.416500804524938317, -65.67233457845351552 ) ) ;
#8473 = AXIS2_PLACEMENT_3D ( 'NONE', #3741, #3791, #2208 ) ;
#8474 = CARTESIAN_POINT ( 'NONE',  ( -62.57895013500902337, -5.000000000000000000, 34.29467888754832927 ) ) ;
#8475 = VERTEX_POINT ( 'NONE', #4195 ) ;
#8476 = AXIS2_PLACEMENT_3D ( 'NONE', #747, #3598, #7971 ) ;
#8477 = AXIS2_PLACEMENT_3D ( 'NONE', #2255, #5177, #857 ) ;
#8478 = ORIENTED_EDGE ( 'NONE', *, *, #1202, .T. ) ;
#8479 = EDGE_LOOP ( 'NONE', ( #6834, #8696, #1851, #119 ) ) ;
#8480 = VECTOR ( 'NONE', #1422, 1000.000000000000000 ) ;
#8481 = EDGE_LOOP ( 'NONE', ( #3245, #9039, #1749, #5879 ) ) ;
#8482 = CARTESIAN_POINT ( 'NONE',  ( -79.50000000000000000, -10.93969696196701413, -2.899999999999995470 ) ) ;
#8483 = EDGE_CURVE ( 'NONE', #3530, #8131, #9253, .T. ) ;
#8484 = CARTESIAN_POINT ( 'NONE',  ( -2.999999999999996447, -3.200000000000000178, 50.11904464837144246 ) ) ;
#8485 = CARTESIAN_POINT ( 'NONE',  ( -39.00000000000000000, -2.500000000000000000, -48.27890335241848163 ) ) ;
#8486 = EDGE_CURVE ( 'NONE', #2821, #9274, #4847, .T. ) ;
#8487 = CARTESIAN_POINT ( 'NONE',  ( 1.000000000000003997, 0.000000000000000000, 50.11904464837144246 ) ) ;
#8488 = EDGE_CURVE ( 'NONE', #1753, #4296, #4144, .T. ) ;
#8489 = CIRCLE ( 'NONE', #4311, 1.599999999999997202 ) ;
#8490 = CARTESIAN_POINT ( 'NONE',  ( 33.58757210636075285, -5.000000000000000000, 51.97234841721098775 ) ) ;
#8491 = LINE ( 'NONE', #8532, #9137 ) ;
#8492 = APPLICATION_CONTEXT ( 'automotive_design' ) ;
#8493 = CIRCLE ( 'NONE', #174, 2.000000000000000000 ) ;
#8494 = ORIENTED_EDGE ( 'NONE', *, *, #5752, .F. ) ;
#8495 = AXIS2_PLACEMENT_3D ( 'NONE', #6961, #3304, #6322 ) ;
#8496 = DIRECTION ( 'NONE',  ( 0.000000000000000000, 1.000000000000000000, 0.000000000000000000 ) ) ;
#8497 = DIRECTION ( 'NONE',  ( 0.000000000000000000, 0.000000000000000000, -1.000000000000000000 ) ) ;
#8498 = FACE_OUTER_BOUND ( 'NONE', #8556, .T. ) ;
#8499 = ORIENTED_EDGE ( 'NONE', *, *, #4293, .F. ) ;
#8500 = EDGE_CURVE ( 'NONE', #4889, #1499, #9428, .T. ) ;
#8501 = CIRCLE ( 'NONE', #4326, 5.000000000000000888 ) ;
#8502 = VECTOR ( 'NONE', #1790, 1000.000000000000114 ) ;
#8503 = AXIS2_PLACEMENT_3D ( 'NONE', #2959, #2904, #6350 ) ;
#8504 = ORIENTED_EDGE ( 'NONE', *, *, #2876, .F. ) ;
#8505 = AXIS2_PLACEMENT_3D ( 'NONE', #572, #8070, #1471 ) ;
#8506 = DIRECTION ( 'NONE',  ( 0.000000000000000000, -0.7071067811865462405, -0.7071067811865489050 ) ) ;
#8507 = CARTESIAN_POINT ( 'NONE',  ( -5.499999999999998224, 0.000000000000000000, 17.50000000000000000 ) ) ;
#8508 = ORIENTED_EDGE ( 'NONE', *, *, #7250, .T. ) ;
#8509 = CARTESIAN_POINT ( 'NONE',  ( -62.57895013500902337, -5.000000000000000000, 34.29467888754832927 ) ) ;
#8510 = CARTESIAN_POINT ( 'NONE',  ( -44.99999999999998579, -2.500000000000000000, -56.07536029467892291 ) ) ;
#8511 = DIRECTION ( 'NONE',  ( -0.000000000000000000, -1.000000000000000000, -0.000000000000000000 ) ) ;
#8512 = VERTEX_POINT ( 'NONE', #544 ) ;
#8513 = EDGE_LOOP ( 'NONE', ( #4317, #8153, #4381, #2543, #1140, #8229, #8278, #7653, #2251, #6463 ) ) ;
#8514 = VERTEX_POINT ( 'NONE', #5594 ) ;
#8515 = ORIENTED_EDGE ( 'NONE', *, *, #5613, .T. ) ;
#8516 = CARTESIAN_POINT ( 'NONE',  ( 0.000000000000000000, 0.000000000000000000, 0.000000000000000000 ) ) ;
#8517 = CARTESIAN_POINT ( 'NONE',  ( -24.25000000000000711, -5.000000000000000000, -40.75000000000000000 ) ) ;
#8518 = CARTESIAN_POINT ( 'NONE',  ( -0.9999999999999961142, 0.000000000000000000, 52.11904464837144246 ) ) ;
#8519 = DIRECTION ( 'NONE',  ( 0.000000000000000000, 0.000000000000000000, -1.000000000000000000 ) ) ;
#8520 = EDGE_CURVE ( 'NONE', #990, #9224, #4957, .T. ) ;
#8521 = DIRECTION ( 'NONE',  ( -0.000000000000000000, -1.000000000000000000, -0.000000000000000000 ) ) ;
#8522 = ORIENTED_EDGE ( 'NONE', *, *, #9399, .T. ) ;
#8523 = VERTEX_POINT ( 'NONE', #1978 ) ;
#8524 = VERTEX_POINT ( 'NONE', #4910 ) ;
#8525 = ORIENTED_EDGE ( 'NONE', *, *, #355, .F. ) ;
#8526 = LINE ( 'NONE', #578, #3568 ) ;
#8527 = CARTESIAN_POINT ( 'NONE',  ( -36.00000000000000711, -3.499999999999972911, -52.00000000000000000 ) ) ;
#8528 = DIRECTION ( 'NONE',  ( 0.000000000000000000, -1.000000000000000000, -0.000000000000000000 ) ) ;
#8529 = CARTESIAN_POINT ( 'NONE',  ( 60.96377513662862668, 0.000000000000000000, -6.298263339253157511 ) ) ;
#8530 = AXIS2_PLACEMENT_3D ( 'NONE', #6071, #261, #1692 ) ;
#8531 = CARTESIAN_POINT ( 'NONE',  ( -24.20000000000000639, -3.499999999999964917, -22.50000000000000355 ) ) ;
#8532 = CARTESIAN_POINT ( 'NONE',  ( 3.000000000000003997, -3.200000000000000178, 13.00000000000000000 ) ) ;
#8533 = ORIENTED_EDGE ( 'NONE', *, *, #5803, .T. ) ;
#8534 = EDGE_CURVE ( 'NONE', #1867, #1347, #6368, .T. ) ;
#8535 = EDGE_CURVE ( 'NONE', #2160, #3177, #7911, .T. ) ;
#8536 = ADVANCED_FACE ( 'NONE', ( #8668 ), #4237, .T. ) ;
#8537 = CARTESIAN_POINT ( 'NONE',  ( -5.000000000000000000, 0.000000000000000000, 15.00000000000000000 ) ) ;
#8538 = EDGE_CURVE ( 'NONE', #4301, #3405, #2688, .T. ) ;
#8539 = FACE_OUTER_BOUND ( 'NONE', #8853, .T. ) ;
#8540 = CARTESIAN_POINT ( 'NONE',  ( -33.26989437906256342, -5.000000000000000000, 1.775565023860246949 ) ) ;
#8541 = ORIENTED_EDGE ( 'NONE', *, *, #2932, .T. ) ;
#8542 = AXIS2_PLACEMENT_3D ( 'NONE', #9031, #3214, #903 ) ;
#8543 = VECTOR ( 'NONE', #498, 1000.000000000000000 ) ;
#8544 = ORIENTED_EDGE ( 'NONE', *, *, #4115, .T. ) ;
#8545 = DIRECTION ( 'NONE',  ( -0.000000000000000000, -1.000000000000000000, -0.000000000000000000 ) ) ;
#8546 = CYLINDRICAL_SURFACE ( 'NONE', #9061, 2.000000000000001776 ) ;
#8547 = ORIENTED_EDGE ( 'NONE', *, *, #4504, .F. ) ;
#8548 = CONICAL_SURFACE ( 'NONE', #8084, 3.000000000000002665, 0.7853981633974510546 ) ;
#8549 = LINE ( 'NONE', #5514, #7574 ) ;
#8550 = ADVANCED_FACE ( 'NONE', ( #4999 ), #1513, .F. ) ;
#8551 = VECTOR ( 'NONE', #9434, 1000.000000000000000 ) ;
#8552 = LINE ( 'NONE', #1953, #6372 ) ;
#8553 = EDGE_LOOP ( 'NONE', ( #166, #4934, #9367, #7799 ) ) ;
#8554 = CARTESIAN_POINT ( 'NONE',  ( 3.469446951953614189E-13, 0.000000000000000000, 5.551115123125782702E-14 ) ) ;
#8555 = EDGE_LOOP ( 'NONE', ( #2739, #3908, #4935, #5145 ) ) ;
#8556 = EDGE_LOOP ( 'NONE', ( #5520, #666, #8142, #8504, #7040, #7640 ) ) ;
#8557 = VERTEX_POINT ( 'NONE', #8188 ) ;
#8558 = ORIENTED_EDGE ( 'NONE', *, *, #2053, .F. ) ;
#8559 = CARTESIAN_POINT ( 'NONE',  ( 33.50000000000000000, 0.000000000000000000, -61.50000000000000000 ) ) ;
#8560 = CARTESIAN_POINT ( 'NONE',  ( -33.58757210636075285, 0.000000000000000000, 51.97234841721098775 ) ) ;
#8561 = DIRECTION ( 'NONE',  ( 0.000000000000000000, 0.000000000000000000, -1.000000000000000000 ) ) ;
#8562 = DIRECTION ( 'NONE',  ( 0.000000000000000000, 0.000000000000000000, 1.000000000000000000 ) ) ;
#8563 = PLANE ( 'NONE',  #795 ) ;
#8564 = ORIENTED_EDGE ( 'NONE', *, *, #7870, .F. ) ;
#8565 = VECTOR ( 'NONE', #6447, 1000.000000000000000 ) ;
#8566 = EDGE_LOOP ( 'NONE', ( #6420, #9442 ) ) ;
#8567 = ORIENTED_EDGE ( 'NONE', *, *, #1122, .T. ) ;
#8568 = ORIENTED_EDGE ( 'NONE', *, *, #5651, .T. ) ;
#8569 = DIRECTION ( 'NONE',  ( -0.000000000000000000, 1.000000000000000000, -0.000000000000000000 ) ) ;
#8570 = DIRECTION ( 'NONE',  ( 0.000000000000000000, 0.000000000000000000, -1.000000000000000000 ) ) ;
#8571 = LINE ( 'NONE', #7756, #1618 ) ;
#8572 = DIRECTION ( 'NONE',  ( 0.000000000000000000, -1.000000000000000000, 0.000000000000000000 ) ) ;
#8573 = CARTESIAN_POINT ( 'NONE',  ( -24.25000000000000711, -3.499999999999948486, -40.75000000000000000 ) ) ;
#8574 = CIRCLE ( 'NONE', #4408, 1.500000000000001332 ) ;
#8575 = CARTESIAN_POINT ( 'NONE',  ( -24.20000000000000639, -5.000000000000000000, -20.99999999999994671 ) ) ;
#8576 = EDGE_LOOP ( 'NONE', ( #7970, #5982, #4857, #4299 ) ) ;
#8577 = DIRECTION ( 'NONE',  ( 0.000000000000000000, 0.000000000000000000, 1.000000000000000000 ) ) ;
#8578 = FACE_OUTER_BOUND ( 'NONE', #6960, .T. ) ;
#8579 = CARTESIAN_POINT ( 'NONE',  ( 24.20000000000000639, -5.000000000000000000, -27.00000000000000711 ) ) ;
#8580 = ADVANCED_FACE ( 'NONE', ( #3749 ), #1434, .F. ) ;
#8581 = EDGE_CURVE ( 'NONE', #19, #1398, #7825, .T. ) ;
#8582 = EDGE_CURVE ( 'NONE', #5829, #7150, #6583, .T. ) ;
#8583 = ORIENTED_EDGE ( 'NONE', *, *, #9104, .T. ) ;
#8584 = EDGE_CURVE ( 'NONE', #7593, #1756, #1073, .T. ) ;
#8585 = CARTESIAN_POINT ( 'NONE',  ( 42.93744251477669138, 0.000000000000000000, -36.29911886382706143 ) ) ;
#8586 = CIRCLE ( 'NONE', #3207, 85.49999999999998579 ) ;
#8587 = DIRECTION ( 'NONE',  ( -0.000000000000000000, 1.000000000000000000, -0.000000000000000000 ) ) ;
#8588 = ORIENTED_EDGE ( 'NONE', *, *, #7577, .F. ) ;
#8589 = EDGE_CURVE ( 'NONE', #9406, #3441, #451, .T. ) ;
#8590 = CIRCLE ( 'NONE', #4748, 5.000000000000004441 ) ;
#8591 = EDGE_CURVE ( 'NONE', #9286, #2991, #6439, .T. ) ;
#8592 = DIRECTION ( 'NONE',  ( 0.000000000000000000, 1.000000000000000000, 0.000000000000000000 ) ) ;
#8593 = DIRECTION ( 'NONE',  ( -0.000000000000000000, 1.000000000000000000, -0.000000000000000000 ) ) ;
#8594 = ORIENTED_EDGE ( 'NONE', *, *, #8416, .T. ) ;
#8595 = DIRECTION ( 'NONE',  ( 0.000000000000000000, 0.000000000000000000, 1.000000000000000000 ) ) ;
#8596 = ORIENTED_EDGE ( 'NONE', *, *, #3639, .T. ) ;
#8597 = ORIENTED_EDGE ( 'NONE', *, *, #6832, .F. ) ;
#8598 = EDGE_LOOP ( 'NONE', ( #8328, #340 ) ) ;
#8599 = VERTEX_POINT ( 'NONE', #5810 ) ;
#8600 = DIRECTION ( 'NONE',  ( 0.000000000000000000, -1.000000000000000000, -0.000000000000000000 ) ) ;
#8601 = EDGE_CURVE ( 'NONE', #9082, #2450, #600, .T. ) ;
#8602 = CARTESIAN_POINT ( 'NONE',  ( 24.50000000000000355, -5.000000000000000000, -37.09999999999990905 ) ) ;
#8603 = VECTOR ( 'NONE', #2479, 1000.000000000000000 ) ;
#8604 = DIRECTION ( 'NONE',  ( 0.000000000000000000, -1.000000000000000000, 0.000000000000000000 ) ) ;
#8605 = CIRCLE ( 'NONE', #2136, 1.600000000000002531 ) ;
#8606 = ORIENTED_EDGE ( 'NONE', *, *, #2932, .F. ) ;
#8607 = DIRECTION ( 'NONE',  ( 0.000000000000000000, -1.000000000000000000, 0.000000000000000000 ) ) ;
#8608 = FACE_OUTER_BOUND ( 'NONE', #7441, .T. ) ;
#8609 = VERTEX_POINT ( 'NONE', #8901 ) ;
#8610 = ORIENTED_EDGE ( 'NONE', *, *, #6241, .T. ) ;
#8611 = VERTEX_POINT ( 'NONE', #7356 ) ;
#8612 = ORIENTED_EDGE ( 'NONE', *, *, #4974, .F. ) ;
#8613 = CARTESIAN_POINT ( 'NONE',  ( 24.25000000000000711, -3.499999999999948486, -39.15000000000000568 ) ) ;
#8614 = CONICAL_SURFACE ( 'NONE', #3537, 1.599999999999997202, 0.7853981633974442822 ) ;
#8615 = CARTESIAN_POINT ( 'NONE',  ( 35.33791020498458124, -4.935407510526069075, 54.46465100570717510 ) ) ;
#8616 = CYLINDRICAL_SURFACE ( 'NONE', #7623, 1.600000000000004086 ) ;
#8617 = DIRECTION ( 'NONE',  ( 0.000000000000000000, 1.000000000000000000, -0.000000000000000000 ) ) ;
#8618 = DIRECTION ( 'NONE',  ( 0.7071067811865388020, 0.000000000000000000, -0.7071067811865563435 ) ) ;
#8619 = CARTESIAN_POINT ( 'NONE',  ( 27.22361107568284666, -5.000000000000000000, 62.57895013500913706 ) ) ;
#8620 = AXIS2_PLACEMENT_3D ( 'NONE', #8859, #2264, #5188 ) ;
#8621 = ORIENTED_EDGE ( 'NONE', *, *, #2706, .T. ) ;
#8622 = DIRECTION ( 'NONE',  ( -0.000000000000000000, -0.000000000000000000, 1.000000000000000000 ) ) ;
#8623 = AXIS2_PLACEMENT_3D ( 'NONE', #1056, #9136, #9228 ) ;
#8624 = PLANE ( 'NONE',  #7047 ) ;
#8625 = DIRECTION ( 'NONE',  ( 0.000000000000000000, 0.000000000000000000, -1.000000000000000000 ) ) ;
#8626 = ADVANCED_FACE ( 'NONE', ( #1533 ), #2754, .F. ) ;
#8627 = AXIS2_PLACEMENT_3D ( 'NONE', #4566, #7504, #2408 ) ;
#8628 = CIRCLE ( 'NONE', #2787, 1.600000000000004086 ) ;
#8629 = AXIS2_PLACEMENT_3D ( 'NONE', #942, #3151, #418 ) ;
#8630 = ORIENTED_EDGE ( 'NONE', *, *, #633, .F. ) ;
#8631 = EDGE_CURVE ( 'NONE', #6755, #366, #303, .T. ) ;
#8632 = CARTESIAN_POINT ( 'NONE',  ( 28.11951362996199677, 0.000000000000000000, -9.896107983160918664 ) ) ;
#8633 = AXIS2_PLACEMENT_3D ( 'NONE', #5491, #6886, #8434 ) ;
#8634 = DIRECTION ( 'NONE',  ( 0.000000000000000000, 0.000000000000000000, 1.000000000000000000 ) ) ;
#8635 = CIRCLE ( 'NONE', #1110, 3.000000000000002665 ) ;
#8636 = VECTOR ( 'NONE', #5468, 1000.000000000000000 ) ;
#8637 = AXIS2_PLACEMENT_3D ( 'NONE', #1918, #4180, #3324 ) ;
#8638 = DIRECTION ( 'NONE',  ( 0.000000000000000000, -1.000000000000000000, 0.000000000000000000 ) ) ;
#8639 = ADVANCED_FACE ( 'NONE', ( #8856 ), #7456, .T. ) ;
#8640 = CARTESIAN_POINT ( 'NONE',  ( 33.26989437906256342, -9.525483399593907663, -2.924434976139798525 ) ) ;
#8641 = ORIENTED_EDGE ( 'NONE', *, *, #6489, .T. ) ;
#8642 = EDGE_CURVE ( 'NONE', #3196, #1452, #7972, .T. ) ;
#8643 = VECTOR ( 'NONE', #1528, 1000.000000000000000 ) ;
#8644 = DIRECTION ( 'NONE',  ( -0.000000000000000000, 1.000000000000000000, -0.000000000000000000 ) ) ;
#8645 = ORIENTED_EDGE ( 'NONE', *, *, #2612, .F. ) ;
#8646 = ORIENTED_EDGE ( 'NONE', *, *, #8119, .F. ) ;
#8647 = VERTEX_POINT ( 'NONE', #8134 ) ;
#8648 = EDGE_LOOP ( 'NONE', ( #1814, #3255, #3542, #3220 ) ) ;
#8649 = EDGE_CURVE ( 'NONE', #7831, #3312, #2979, .T. ) ;
#8650 = SURFACE_STYLE_FILL_AREA ( #4399 ) ;
#8651 = DIRECTION ( 'NONE',  ( 0.000000000000000000, -1.000000000000000000, 0.000000000000000000 ) ) ;
#8652 = CARTESIAN_POINT ( 'NONE',  ( -36.00000000000000711, -3.499999999999972911, -52.00000000000000000 ) ) ;
#8653 = VERTEX_POINT ( 'NONE', #2166 ) ;
#8654 = DIRECTION ( 'NONE',  ( 8.659560562354951347E-17, -0.7071067811865462405, 0.7071067811865489050 ) ) ;
#8655 = CARTESIAN_POINT ( 'NONE',  ( 45.16312671864703532, 0.000000000000000000, -40.70297844118579889 ) ) ;
#8656 = EDGE_LOOP ( 'NONE', ( #4553, #1622, #5114, #3040 ) ) ;
#8657 = EDGE_CURVE ( 'NONE', #8825, #4834, #2930, .T. ) ;
#8658 = ORIENTED_EDGE ( 'NONE', *, *, #3056, .T. ) ;
#8659 = ORIENTED_EDGE ( 'NONE', *, *, #1226, .T. ) ;
#8660 = VERTEX_POINT ( 'NONE', #5136 ) ;
#8661 = CARTESIAN_POINT ( 'NONE',  ( 0.000000000000000000, -13.19999999999999929, 49.00000000000000000 ) ) ;
#8662 = DIRECTION ( 'NONE',  ( 0.000000000000000000, -1.000000000000000000, 0.000000000000000000 ) ) ;
#8663 = CARTESIAN_POINT ( 'NONE',  ( -24.20000000000000639, -5.000000000000000000, -24.00000000000000355 ) ) ;
#8664 = DIRECTION ( 'NONE',  ( 0.000000000000000000, 0.000000000000000000, 1.000000000000000000 ) ) ;
#8665 = CARTESIAN_POINT ( 'NONE',  ( 24.20000000000000284, -5.000000000000000000, -56.99999999999999289 ) ) ;
#8666 = ORIENTED_EDGE ( 'NONE', *, *, #3432, .T. ) ;
#8667 = ADVANCED_FACE ( 'NONE', ( #3081 ), #2311, .F. ) ;
#8668 = FACE_OUTER_BOUND ( 'NONE', #2092, .T. ) ;
#8669 = CIRCLE ( 'NONE', #5121, 4.999999999999997335 ) ;
#8670 = CARTESIAN_POINT ( 'NONE',  ( -30.75914498161409583, 0.000000000000000000, 59.04341622907708853 ) ) ;
#8671 = CARTESIAN_POINT ( 'NONE',  ( -25.11316633020091160, -9.242640687119289211, -25.19001145094802396 ) ) ;
#8672 = LINE ( 'NONE', #9171, #951 ) ;
#8673 = EDGE_LOOP ( 'NONE', ( #9180, #3198, #7513, #6970, #1150, #1186, #4181, #8836 ) ) ;
#8674 = DIRECTION ( 'NONE',  ( 0.000000000000000000, 0.000000000000000000, -1.000000000000000000 ) ) ;
#8675 = CARTESIAN_POINT ( 'NONE',  ( -33.58757210636075285, -3.499999999999972911, 53.57234841721098917 ) ) ;
#8676 = CIRCLE ( 'NONE', #832, 1.599999999999997202 ) ;
#8677 = VECTOR ( 'NONE', #132, 1000.000000000000000 ) ;
#8678 = CONICAL_SURFACE ( 'NONE', #1000, 3.099999999999991651, 0.7853981633974514986 ) ;
#8679 = LINE ( 'NONE', #4343, #5475 ) ;
#8680 = CARTESIAN_POINT ( 'NONE',  ( 24.93692920003235258, -3.000000000000000000, -25.48331929071589386 ) ) ;
#8681 = ORIENTED_EDGE ( 'NONE', *, *, #2532, .T. ) ;
#8682 = CIRCLE ( 'NONE', #548, 1.500000000000001332 ) ;
#8683 = LINE ( 'NONE', #5658, #137 ) ;
#8684 = ORIENTED_EDGE ( 'NONE', *, *, #836, .F. ) ;
#8685 = VERTEX_POINT ( 'NONE', #2359 ) ;
#8686 = ORIENTED_EDGE ( 'NONE', *, *, #6176, .F. ) ;
#8687 = ORIENTED_EDGE ( 'NONE', *, *, #7176, .T. ) ;
#8688 = CARTESIAN_POINT ( 'NONE',  ( -3.000000000000000444, 0.000000000000000000, 15.00000000000000000 ) ) ;
#8689 = EDGE_CURVE ( 'NONE', #6606, #2648, #3034, .T. ) ;
#8690 = CYLINDRICAL_SURFACE ( 'NONE', #5233, 1.599999999999997202 ) ;
#8691 = ADVANCED_FACE ( 'NONE', ( #5240, #6058, #1628, #969, #2679, #2507, #3450, #9271, #2404, #5333, #3899, #1955, #3950, #8383, #514, #8276, #3178, #7557, #9041, #6835, #243, #4885, #3404, #6883, #1015, #290, #6373, #9315, #7827, #6153, #6102, #1780, #1227, #6784, #5439, #5615, #2447, #1674, #3993, #4165, #5383 ), #4722, .F. ) ;
#8692 = VECTOR ( 'NONE', #3891, 1000.000000000000000 ) ;
#8693 = ADVANCED_FACE ( 'NONE', ( #468 ), #5679, .F. ) ;
#8694 = CARTESIAN_POINT ( 'NONE',  ( 17.11198410471442699, 0.000000000000000000, 24.18305191657944064 ) ) ;
#8695 = VECTOR ( 'NONE', #5352, 999.9999999999998863 ) ;
#8696 = ORIENTED_EDGE ( 'NONE', *, *, #692, .F. ) ;
#8697 = CARTESIAN_POINT ( 'NONE',  ( 50.88386053978221923, -3.500000000000000000, -65.57310985890512711 ) ) ;
#8698 = AXIS2_PLACEMENT_3D ( 'NONE', #3309, #6236, #7872 ) ;
#8699 = EDGE_CURVE ( 'NONE', #8074, #1205, #8333, .T. ) ;
#8700 = DIRECTION ( 'NONE',  ( 0.000000000000000000, 1.000000000000000000, -0.000000000000000000 ) ) ;
#8701 = ORIENTED_EDGE ( 'NONE', *, *, #8165, .T. ) ;
#8702 = AXIS2_PLACEMENT_3D ( 'NONE', #4049, #6983, #1156 ) ;
#8703 = EDGE_LOOP ( 'NONE', ( #8606, #8218, #1081, #6418 ) ) ;
#8704 = VECTOR ( 'NONE', #3789, 1000.000000000000114 ) ;
#8705 = ORIENTED_EDGE ( 'NONE', *, *, #4388, .F. ) ;
#8706 = ORIENTED_EDGE ( 'NONE', *, *, #4963, .T. ) ;
#8707 = DIRECTION ( 'NONE',  ( 0.000000000000000000, 1.000000000000000000, -0.000000000000000000 ) ) ;
#8708 = DIRECTION ( 'NONE',  ( -0.000000000000000000, 1.000000000000000000, 0.000000000000000000 ) ) ;
#8709 = DIRECTION ( 'NONE',  ( 0.000000000000000000, 0.000000000000000000, 1.000000000000000000 ) ) ;
#8710 = DIRECTION ( 'NONE',  ( -1.000000000000000000, 0.000000000000000000, -0.000000000000000000 ) ) ;
#8711 = ADVANCED_FACE ( 'NONE', ( #7057 ), #6282, .F. ) ;
#8712 = CYLINDRICAL_SURFACE ( 'NONE', #39, 1.599999999999997202 ) ;
#8713 = DIRECTION ( 'NONE',  ( 0.7071067811865381358, 0.000000000000000000, -0.7071067811865570096 ) ) ;
#8714 = ORIENTED_EDGE ( 'NONE', *, *, #1578, .T. ) ;
#8715 = CARTESIAN_POINT ( 'NONE',  ( 85.19872855988063520, -5.000000000000000000, -22.02672585246786241 ) ) ;
#8716 = DIRECTION ( 'NONE',  ( 0.000000000000000000, 1.000000000000000000, 0.000000000000000000 ) ) ;
#8717 = LINE ( 'NONE', #5002, #5170 ) ;
#8718 = LINE ( 'NONE', #3395, #3257 ) ;
#8719 = CIRCLE ( 'NONE', #3188, 5.000000000000004441 ) ;
#8720 = ADVANCED_FACE ( 'NONE', ( #6330 ), #3224, .F. ) ;
#8721 = ORIENTED_EDGE ( 'NONE', *, *, #2658, .F. ) ;
#8722 = DIRECTION ( 'NONE',  ( 0.000000000000000000, 0.000000000000000000, 1.000000000000000000 ) ) ;
#8723 = CARTESIAN_POINT ( 'NONE',  ( -43.00000000000000000, -3.500000000000000000, -76.77890335241866637 ) ) ;
#8724 = CARTESIAN_POINT ( 'NONE',  ( -1.199689984899975966E-14, -5.000000000000000000, -1.249000902703301108E-13 ) ) ;
#8725 = FACE_OUTER_BOUND ( 'NONE', #9029, .T. ) ;
#8726 = EDGE_LOOP ( 'NONE', ( #2391, #7727, #9141, #1572, #4846, #4514 ) ) ;
#8727 = DIRECTION ( 'NONE',  ( 4.869399230812090436E-16, 0.000000000000000000, -1.000000000000000000 ) ) ;
#8728 = VERTEX_POINT ( 'NONE', #9096 ) ;
#8729 = CIRCLE ( 'NONE', #2887, 5.000000000000000888 ) ;
#8730 = ORIENTED_EDGE ( 'NONE', *, *, #7337, .T. ) ;
#8731 = ORIENTED_EDGE ( 'NONE', *, *, #8342, .F. ) ;
#8732 = DIRECTION ( 'NONE',  ( 0.000000000000000000, -0.7071067811865422437, -0.7071067811865526798 ) ) ;
#8733 = CIRCLE ( 'NONE', #4426, 2.000000000000001776 ) ;
#8734 = LINE ( 'NONE', #3594, #3403 ) ;
#8735 = DIRECTION ( 'NONE',  ( -0.000000000000000000, 1.000000000000000000, -0.000000000000000000 ) ) ;
#8736 = EDGE_LOOP ( 'NONE', ( #6822, #3175, #195, #1865 ) ) ;
#8737 = CARTESIAN_POINT ( 'NONE',  ( 24.25000000000000711, -3.500000000000003997, -53.75000000000000000 ) ) ;
#8738 = AXIS2_PLACEMENT_3D ( 'NONE', #3765, #2879, #5807 ) ;
#8739 = CARTESIAN_POINT ( 'NONE',  ( 16.99999999999999645, -3.200000000000000178, -27.00000000000000355 ) ) ;
#8740 = EDGE_LOOP ( 'NONE', ( #2568, #9172, #8797, #9209 ) ) ;
#8741 = EDGE_CURVE ( 'NONE', #9329, #4034, #8449, .T. ) ;
#8742 = ORIENTED_EDGE ( 'NONE', *, *, #6785, .T. ) ;
#8743 = EDGE_CURVE ( 'NONE', #1783, #5270, #8290, .T. ) ;
#8744 = EDGE_CURVE ( 'NONE', #939, #437, #7327, .T. ) ;
#8745 = ORIENTED_EDGE ( 'NONE', *, *, #2163, .T. ) ;
#8746 = ORIENTED_EDGE ( 'NONE', *, *, #2751, .F. ) ;
#8747 = PLANE ( 'NONE',  #4560 ) ;
#8748 = DIRECTION ( 'NONE',  ( -0.000000000000000000, 1.000000000000000000, -0.000000000000000000 ) ) ;
#8749 = DIRECTION ( 'NONE',  ( -0.5150380749100555988, 0.000000000000000000, -0.8571673007021114454 ) ) ;
#8750 = CONICAL_SURFACE ( 'NONE', #5817, 3.031095219467760948, 0.7853981633974501664 ) ;
#8751 = CONICAL_SURFACE ( 'NONE', #9511, 3.100000000000047162, 0.7853981633974500554 ) ;
#8752 = DIRECTION ( 'NONE',  ( 0.000000000000000000, 0.000000000000000000, -1.000000000000000000 ) ) ;
#8753 = CYLINDRICAL_SURFACE ( 'NONE', #6444, 4.149999999999997691 ) ;
#8754 = DIRECTION ( 'NONE',  ( -0.000000000000000000, 1.000000000000000000, -0.000000000000000000 ) ) ;
#8755 = VERTEX_POINT ( 'NONE', #2187 ) ;
#8756 = AXIS2_PLACEMENT_3D ( 'NONE', #6985, #2455, #6111 ) ;
#8757 = DIRECTION ( 'NONE',  ( -0.7071067811865386910, -0.000000000000000000, 0.7071067811865564545 ) ) ;
#8758 = EDGE_CURVE ( 'NONE', #6807, #6868, #8056, .T. ) ;
#8759 = ADVANCED_FACE ( 'NONE', ( #562 ), #1410, .F. ) ;
#8760 = CARTESIAN_POINT ( 'NONE',  ( -43.00000000000000000, -5.000000000000000000, -76.77890335241866637 ) ) ;
#8761 = FACE_OUTER_BOUND ( 'NONE', #5353, .T. ) ;
#8762 = DIRECTION ( 'NONE',  ( 0.000000000000000000, 0.000000000000000000, -1.000000000000000000 ) ) ;
#8763 = DIRECTION ( 'NONE',  ( -0.8571673007021114454, 0.000000000000000000, 0.5150380749100555988 ) ) ;
#8764 = AXIS2_PLACEMENT_3D ( 'NONE', #9466, #4510, #2832 ) ;
#8765 = EDGE_LOOP ( 'NONE', ( #842, #2186, #3847, #4395 ) ) ;
#8766 = VECTOR ( 'NONE', #5278, 1000.000000000000000 ) ;
#8767 = DIRECTION ( 'NONE',  ( -0.000000000000000000, -1.000000000000000000, -0.000000000000000000 ) ) ;
#8768 = EDGE_CURVE ( 'NONE', #528, #1347, #6419, .T. ) ;
#8769 = DIRECTION ( 'NONE',  ( -0.000000000000000000, -1.000000000000000000, -0.000000000000000000 ) ) ;
#8770 = VECTOR ( 'NONE', #1479, 1000.000000000000000 ) ;
#8771 = CIRCLE ( 'NONE', #8505, 3.100000000000040057 ) ;
#8772 = VECTOR ( 'NONE', #9411, 1000.000000000000000 ) ;
#8773 = CARTESIAN_POINT ( 'NONE',  ( -71.59191197084614089, -5.000000000000000000, -13.85092561378543863 ) ) ;
#8774 = AXIS2_PLACEMENT_3D ( 'NONE', #270, #3823, #3154 ) ;
#8775 = AXIS2_PLACEMENT_3D ( 'NONE', #8113, #3062, #702 ) ;
#8776 = DIRECTION ( 'NONE',  ( -5.551115123125781913E-15, 0.000000000000000000, 1.000000000000000000 ) ) ;
#8777 = ORIENTED_EDGE ( 'NONE', *, *, #1931, .T. ) ;
#8778 = VECTOR ( 'NONE', #1100, 1000.000000000000000 ) ;
#8779 = LINE ( 'NONE', #7877, #4280 ) ;
#8780 = ORIENTED_EDGE ( 'NONE', *, *, #589, .F. ) ;
#8781 = ORIENTED_EDGE ( 'NONE', *, *, #5863, .F. ) ;
#8782 = EDGE_LOOP ( 'NONE', ( #7271, #8379, #5510, #6553 ) ) ;
#8783 = ORIENTED_EDGE ( 'NONE', *, *, #9168, .F. ) ;
#8784 = CYLINDRICAL_SURFACE ( 'NONE', #9086, 5.000000000000004441 ) ;
#8785 = DIRECTION ( 'NONE',  ( 6.219998500209268303E-17, 0.000000000000000000, 1.000000000000000000 ) ) ;
#8786 = CIRCLE ( 'NONE', #6559, 1.599999999999997202 ) ;
#8787 = AXIS2_PLACEMENT_3D ( 'NONE', #3747, #94, #4665 ) ;
#8788 = CARTESIAN_POINT ( 'NONE',  ( -21.00000000000000355, -4.440295371260250867, -30.43147494954547128 ) ) ;
#8789 = AXIS2_PLACEMENT_3D ( 'NONE', #2535, #1762, #271 ) ;
#8790 = CARTESIAN_POINT ( 'NONE',  ( -27.22361107568131189, -5.000000000000000000, 62.57895013500979076 ) ) ;
#8791 = ORIENTED_EDGE ( 'NONE', *, *, #3825, .T. ) ;
#8792 = DIRECTION ( 'NONE',  ( 0.000000000000000000, 0.000000000000000000, -1.000000000000000000 ) ) ;
#8793 = CARTESIAN_POINT ( 'NONE',  ( -55.81821484150226098, -3.500000000000000000, -64.76555328187889415 ) ) ;
#8794 = EDGE_LOOP ( 'NONE', ( #5618, #1370, #2702, #5024 ) ) ;
#8795 = ORIENTED_EDGE ( 'NONE', *, *, #6746, .F. ) ;
#8796 = ORIENTED_EDGE ( 'NONE', *, *, #1256, .F. ) ;
#8797 = ORIENTED_EDGE ( 'NONE', *, *, #7650, .F. ) ;
#8798 = CARTESIAN_POINT ( 'NONE',  ( -1.199689984899975966E-14, -5.000000000000000000, 87.99999999999998579 ) ) ;
#8799 = CARTESIAN_POINT ( 'NONE',  ( 51.97234841721098775, -3.500000000000015099, 33.58757210636076707 ) ) ;
#8800 = CARTESIAN_POINT ( 'NONE',  ( 77.33921493371822464, -5.000000000000000000, 41.98387587438938340 ) ) ;
#8801 = DIRECTION ( 'NONE',  ( -0.000000000000000000, -1.000000000000000000, -0.000000000000000000 ) ) ;
#8802 = DIRECTION ( 'NONE',  ( 0.000000000000000000, -0.7071067811865462405, -0.7071067811865489050 ) ) ;
#8803 = AXIS2_PLACEMENT_3D ( 'NONE', #2701, #1975, #6441 ) ;
#8804 = ADVANCED_FACE ( 'NONE', ( #2767 ), #1317, .T. ) ;
#8805 = DIRECTION ( 'NONE',  ( 0.000000000000000000, 0.000000000000000000, -1.000000000000000000 ) ) ;
#8806 = ORIENTED_EDGE ( 'NONE', *, *, #1931, .F. ) ;
#8807 = CARTESIAN_POINT ( 'NONE',  ( -44.65177711618091649, -3.000000000000000000, -37.32919501364717974 ) ) ;
#8808 = DIRECTION ( 'NONE',  ( -0.000000000000000000, 1.000000000000000000, -0.000000000000000000 ) ) ;
#8809 = CARTESIAN_POINT ( 'NONE',  ( 79.50000000000000000, -10.93969696196701413, -2.899999999999996803 ) ) ;
#8810 = CARTESIAN_POINT ( 'NONE',  ( 20.00000000000000000, -60.00000000000000000, 73.39999999999999147 ) ) ;
#8811 = FACE_OUTER_BOUND ( 'NONE', #8736, .T. ) ;
#8812 = LINE ( 'NONE', #5098, #6052 ) ;
#8813 = EDGE_CURVE ( 'NONE', #7317, #2151, #2044, .T. ) ;
#8814 = EDGE_CURVE ( 'NONE', #3359, #765, #3587, .T. ) ;
#8815 = ORIENTED_EDGE ( 'NONE', *, *, #4643, .F. ) ;
#8816 = CIRCLE ( 'NONE', #8050, 5.000000000000000888 ) ;
#8817 = ADVANCED_FACE ( 'NONE', ( #6465 ), #7357, .F. ) ;
#8818 = CARTESIAN_POINT ( 'NONE',  ( -33.50000000000000000, -23.60398284226499754, -61.50000000000000000 ) ) ;
#8819 = DIRECTION ( 'NONE',  ( -0.000000000000000000, -1.000000000000000000, -0.000000000000000000 ) ) ;
#8820 = AXIS2_PLACEMENT_3D ( 'NONE', #5035, #91, #7306 ) ;
#8821 = EDGE_CURVE ( 'NONE', #8728, #1003, #5041, .T. ) ;
#8822 = CARTESIAN_POINT ( 'NONE',  ( -62.57895013500902337, 0.000000000000000000, 34.29467888754832927 ) ) ;
#8823 = CIRCLE ( 'NONE', #543, 5.000000000000000888 ) ;
#8824 = DIRECTION ( 'NONE',  ( 0.000000000000000000, 0.000000000000000000, 1.000000000000000000 ) ) ;
#8825 = VERTEX_POINT ( 'NONE', #3540 ) ;
#8826 = FACE_OUTER_BOUND ( 'NONE', #6904, .T. ) ;
#8827 = ORIENTED_EDGE ( 'NONE', *, *, #8246, .T. ) ;
#8828 = ORIENTED_EDGE ( 'NONE', *, *, #6891, .F. ) ;
#8829 = ORIENTED_EDGE ( 'NONE', *, *, #2638, .F. ) ;
#8830 = AXIS2_PLACEMENT_3D ( 'NONE', #2615, #8496, #1895 ) ;
#8831 = ORIENTED_EDGE ( 'NONE', *, *, #744, .F. ) ;
#8832 = CARTESIAN_POINT ( 'NONE',  ( 5.500000000000001776, -5.000000000000000000, 20.60000000000004761 ) ) ;
#8833 = CARTESIAN_POINT ( 'NONE',  ( -21.00000000000000355, -4.132137192898376554, -33.81564341180543920 ) ) ;
#8834 = ADVANCED_FACE ( 'NONE', ( #3629 ), #4393, .F. ) ;
#8835 = CYLINDRICAL_SURFACE ( 'NONE', #8302, 1.599999999999997202 ) ;
#8836 = ORIENTED_EDGE ( 'NONE', *, *, #6352, .T. ) ;
#8837 = DIRECTION ( 'NONE',  ( -0.000000000000000000, 1.000000000000000000, -0.000000000000000000 ) ) ;
#8838 = CIRCLE ( 'NONE', #4694, 3.100000000000047162 ) ;
#8839 = DIRECTION ( 'NONE',  ( 0.000000000000000000, 0.000000000000000000, 1.000000000000000000 ) ) ;
#8840 = VERTEX_POINT ( 'NONE', #5828 ) ;
#8841 = VERTEX_POINT ( 'NONE', #9404 ) ;
#8842 = ORIENTED_EDGE ( 'NONE', *, *, #5799, .T. ) ;
#8843 = VERTEX_POINT ( 'NONE', #2813 ) ;
#8844 = CARTESIAN_POINT ( 'NONE',  ( 45.16312671864703532, -5.000000000000000000, -39.20297844118580599 ) ) ;
#8845 = FACE_OUTER_BOUND ( 'NONE', #6514, .T. ) ;
#8846 = PLANE ( 'NONE',  #1235 ) ;
#8847 = CIRCLE ( 'NONE', #3480, 2.000000000000000000 ) ;
#8848 = CIRCLE ( 'NONE', #7782, 5.000000000000000888 ) ;
#8849 = DIRECTION ( 'NONE',  ( 0.000000000000000000, 0.000000000000000000, -1.000000000000000000 ) ) ;
#8850 = LINE ( 'NONE', #1527, #2620 ) ;
#8851 = CARTESIAN_POINT ( 'NONE',  ( -36.00000000000000711, -9.525483399593907663, -52.00000000000000000 ) ) ;
#8852 = CIRCLE ( 'NONE', #7470, 1.599999999999997202 ) ;
#8853 = EDGE_LOOP ( 'NONE', ( #314, #4540, #4695, #8071 ) ) ;
#8854 = AXIS2_PLACEMENT_3D ( 'NONE', #904, #807, #2350 ) ;
#8855 = CIRCLE ( 'NONE', #6391, 1.600000000000002531 ) ;
#8856 = FACE_OUTER_BOUND ( 'NONE', #8656, .T. ) ;
#8857 = CARTESIAN_POINT ( 'NONE',  ( 20.00000000000000000, 0.000000000000000000, 76.59999999999999432 ) ) ;
#8858 = CARTESIAN_POINT ( 'NONE',  ( 5.000000000000003553, -3.200000000000000178, 13.00000000000000000 ) ) ;
#8859 = CARTESIAN_POINT ( 'NONE',  ( -43.64752027346841601, 0.000000000000000000, 1.773125482633686856 ) ) ;
#8860 = DIRECTION ( 'NONE',  ( 0.000000000000000000, 0.000000000000000000, -1.000000000000000000 ) ) ;
#8861 = DIRECTION ( 'NONE',  ( 0.000000000000000000, 1.000000000000000000, -0.000000000000000000 ) ) ;
#8862 = ORIENTED_EDGE ( 'NONE', *, *, #2532, .F. ) ;
#8863 = DIRECTION ( 'NONE',  ( 0.000000000000000000, 0.000000000000000000, 1.000000000000000000 ) ) ;
#8864 = CIRCLE ( 'NONE', #4104, 88.00000000000000000 ) ;
#8865 = LINE ( 'NONE', #2224, #2282 ) ;
#8866 = EDGE_CURVE ( 'NONE', #3359, #5441, #8779, .T. ) ;
#8867 = DIRECTION ( 'NONE',  ( -0.000000000000000000, 1.000000000000000000, 0.000000000000000000 ) ) ;
#8868 = EDGE_CURVE ( 'NONE', #3831, #9406, #8683, .T. ) ;
#8869 = ADVANCED_FACE ( 'NONE', ( #7960 ), #3670, .T. ) ;
#8870 = AXIS2_PLACEMENT_3D ( 'NONE', #7359, #6586, #7179 ) ;
#8871 = LINE ( 'NONE', #5199, #3377 ) ;
#8872 = CYLINDRICAL_SURFACE ( 'NONE', #5302, 1.599999999999998090 ) ;
#8873 = ORIENTED_EDGE ( 'NONE', *, *, #1396, .T. ) ;
#8874 = CARTESIAN_POINT ( 'NONE',  ( -60.96377513662862668, 0.000000000000000000, -6.298263339253157511 ) ) ;
#8875 = ORIENTED_EDGE ( 'NONE', *, *, #2309, .F. ) ;
#8876 = ORIENTED_EDGE ( 'NONE', *, *, #1903, .F. ) ;
#8877 = EDGE_CURVE ( 'NONE', #4638, #1919, #1352, .T. ) ;
#8878 = EDGE_CURVE ( 'NONE', #2886, #8265, #907, .T. ) ;
#8879 = DIRECTION ( 'NONE',  ( 0.000000000000000000, 0.000000000000000000, 1.000000000000000000 ) ) ;
#8880 = ORIENTED_EDGE ( 'NONE', *, *, #6354, .F. ) ;
#8881 = EDGE_LOOP ( 'NONE', ( #9223, #2880 ) ) ;
#8882 = LINE ( 'NONE', #2287, #1869 ) ;
#8883 = CYLINDRICAL_SURFACE ( 'NONE', #2848, 2.000000000000001776 ) ;
#8884 = CARTESIAN_POINT ( 'NONE',  ( -51.97234841721098775, -5.000000000000000000, 33.58757210636076707 ) ) ;
#8885 = CARTESIAN_POINT ( 'NONE',  ( -5.499999999999998224, -3.499999999999946709, 15.90000000000000036 ) ) ;
#8886 = ORIENTED_EDGE ( 'NONE', *, *, #5301, .T. ) ;
#8887 = CARTESIAN_POINT ( 'NONE',  ( 0.000000000000000000, -3.500000000000000000, 0.000000000000000000 ) ) ;
#8888 = DIRECTION ( 'NONE',  ( 0.000000000000000000, -1.000000000000000000, 0.000000000000000000 ) ) ;
#8889 = ORIENTED_EDGE ( 'NONE', *, *, #5750, .T. ) ;
#8890 = ORIENTED_EDGE ( 'NONE', *, *, #5646, .F. ) ;
#8891 = ORIENTED_EDGE ( 'NONE', *, *, #3748, .T. ) ;
#8892 = VERTEX_POINT ( 'NONE', #694 ) ;
#8893 = DIRECTION ( 'NONE',  ( 0.5150380749100555988, 0.000000000000000000, 0.8571673007021114454 ) ) ;
#8894 = CARTESIAN_POINT ( 'NONE',  ( 65.32904437369880668, -5.000000000000000000, -14.76021999525220174 ) ) ;
#8895 = PLANE ( 'NONE',  #8917 ) ;
#8896 = DIRECTION ( 'NONE',  ( 1.000000000000000000, 0.000000000000000000, 0.000000000000000000 ) ) ;
#8897 = VECTOR ( 'NONE', #1443, 1000.000000000000000 ) ;
#8898 = CARTESIAN_POINT ( 'NONE',  ( 5.000000000000004441, 0.000000000000000000, 15.00000000000000000 ) ) ;
#8899 = LINE ( 'NONE', #3569, #8643 ) ;
#8900 = PLANE ( 'NONE',  #6481 ) ;
#8901 = CARTESIAN_POINT ( 'NONE',  ( -24.20000000000000284, -3.499999999999964917, -61.50000000000000000 ) ) ;
#8902 = EDGE_CURVE ( 'NONE', #2588, #1905, #4931, .T. ) ;
#8903 = DIRECTION ( 'NONE',  ( -0.000000000000000000, -1.000000000000000000, -0.000000000000000000 ) ) ;
#8904 = LINE ( 'NONE', #4568, #5913 ) ;
#8905 = CARTESIAN_POINT ( 'NONE',  ( -42.00000000000000000, -2.500000000000000000, -51.27890335241848163 ) ) ;
#8906 = CARTESIAN_POINT ( 'NONE',  ( 24.20000000000000284, -5.000000000000000000, -60.00000000000000000 ) ) ;
#8907 = CARTESIAN_POINT ( 'NONE',  ( 51.97234841721098775, 0.000000000000000000, 35.18757210636076138 ) ) ;
#8908 = ORIENTED_EDGE ( 'NONE', *, *, #6215, .F. ) ;
#8909 = CARTESIAN_POINT ( 'NONE',  ( 17.11198410471442699, -5.000000000000000000, 27.28305191657943141 ) ) ;
#8910 = DIRECTION ( 'NONE',  ( -0.000000000000000000, 1.000000000000000000, -0.000000000000000000 ) ) ;
#8911 = DIRECTION ( 'NONE',  ( -0.000000000000000000, -1.000000000000000000, 0.000000000000000000 ) ) ;
#8912 = LINE ( 'NONE', #3146, #7628 ) ;
#8913 = VECTOR ( 'NONE', #8020, 1000.000000000000114 ) ;
#8914 = VECTOR ( 'NONE', #8947, 1000.000000000000000 ) ;
#8915 = EDGE_CURVE ( 'NONE', #4657, #4724, #1675, .T. ) ;
#8916 = CIRCLE ( 'NONE', #1383, 3.100000000000075140 ) ;
#8917 = AXIS2_PLACEMENT_3D ( 'NONE', #7447, #8179, #8749 ) ;
#8918 = CARTESIAN_POINT ( 'NONE',  ( -39.00000000000000000, -3.500000000000000000, -76.08712111783438559 ) ) ;
#8919 = EDGE_LOOP ( 'NONE', ( #2331, #7121, #2189, #5628 ) ) ;
#8920 = AXIS2_PLACEMENT_3D ( 'NONE', #2100, #7296, #5753 ) ;
#8921 = LINE ( 'NONE', #3721, #5202 ) ;
#8922 = ORIENTED_EDGE ( 'NONE', *, *, #749, .F. ) ;
#8923 = DIRECTION ( 'NONE',  ( -0.000000000000000000, -1.000000000000000000, -0.000000000000000000 ) ) ;
#8924 = CIRCLE ( 'NONE', #629, 1.599999999999997202 ) ;
#8925 = ORIENTED_EDGE ( 'NONE', *, *, #461, .F. ) ;
#8926 = ORIENTED_EDGE ( 'NONE', *, *, #1683, .F. ) ;
#8927 = CARTESIAN_POINT ( 'NONE',  ( -20.00000000000000000, -3.499999999999954703, 76.59999999999999432 ) ) ;
#8928 = CARTESIAN_POINT ( 'NONE',  ( -28.11951362996199677, -9.525483399593907663, -11.49610798316092009 ) ) ;
#8929 = DIRECTION ( 'NONE',  ( 0.000000000000000000, -0.7071067811865439090, -0.7071067811865512365 ) ) ;
#8930 = AXIS2_PLACEMENT_3D ( 'NONE', #3776, #3011, #2383 ) ;
#8931 = EDGE_CURVE ( 'NONE', #2090, #5355, #758, .T. ) ;
#8932 = EDGE_CURVE ( 'NONE', #7807, #7689, #2134, .T. ) ;
#8933 = CARTESIAN_POINT ( 'NONE',  ( 17.11198410471442699, 0.000000000000000000, 24.18305191657944064 ) ) ;
#8934 = ADVANCED_FACE ( 'NONE', ( #8826 ), #4491, .F. ) ;
#8935 = AXIS2_PLACEMENT_3D ( 'NONE', #1806, #4841, #5562 ) ;
#8936 = LINE ( 'NONE', #8263, #2630 ) ;
#8937 = ORIENTED_EDGE ( 'NONE', *, *, #2225, .T. ) ;
#8938 = EDGE_CURVE ( 'NONE', #7293, #6623, #5975, .T. ) ;
#8939 = VERTEX_POINT ( 'NONE', #889 ) ;
#8940 = AXIS2_PLACEMENT_3D ( 'NONE', #7845, #3514, #438 ) ;
#8941 = VERTEX_POINT ( 'NONE', #116 ) ;
#8942 = ORIENTED_EDGE ( 'NONE', *, *, #7227, .F. ) ;
#8943 = DIRECTION ( 'NONE',  ( 0.000000000000000000, 0.000000000000000000, 1.000000000000000000 ) ) ;
#8944 = AXIS2_PLACEMENT_3D ( 'NONE', #4570, #8958, #5960 ) ;
#8945 = FACE_OUTER_BOUND ( 'NONE', #8481, .T. ) ;
#8946 = CYLINDRICAL_SURFACE ( 'NONE', #6610, 1.600000000000004086 ) ;
#8947 = DIRECTION ( 'NONE',  ( 0.000000000000000000, 1.000000000000000000, 0.000000000000000000 ) ) ;
#8948 = CARTESIAN_POINT ( 'NONE',  ( 62.67442126558891857, -5.000000000000000000, -13.15929021731400361 ) ) ;
#8949 = ORIENTED_EDGE ( 'NONE', *, *, #2095, .T. ) ;
#8950 = ADVANCED_FACE ( 'NONE', ( #8968 ), #914, .F. ) ;
#8951 = CARTESIAN_POINT ( 'NONE',  ( -44.67759642328852721, 0.000000000000000000, 3.487460084037908192 ) ) ;
#8952 = ORIENTED_EDGE ( 'NONE', *, *, #6901, .T. ) ;
#8953 = DIRECTION ( 'NONE',  ( 0.000000000000000000, 0.000000000000000000, 1.000000000000000000 ) ) ;
#8954 = FACE_OUTER_BOUND ( 'NONE', #7378, .T. ) ;
#8955 = CARTESIAN_POINT ( 'NONE',  ( -17.00000000000000355, -3.200000000000000178, -21.00000000000000000 ) ) ;
#8956 = CARTESIAN_POINT ( 'NONE',  ( 17.11198410471442699, -5.000000000000000000, 27.28305191657943141 ) ) ;
#8957 = CARTESIAN_POINT ( 'NONE',  ( -45.16312671864703532, -5.000000000000000000, -42.30297844118579320 ) ) ;
#8958 = DIRECTION ( 'NONE',  ( 0.000000000000000000, 1.000000000000000000, 0.000000000000000000 ) ) ;
#8959 = DIRECTION ( 'NONE',  ( -1.526556658859589991E-13, 0.000000000000000000, -1.000000000000000000 ) ) ;
#8960 = EDGE_CURVE ( 'NONE', #6859, #8611, #8921, .T. ) ;
#8961 = ORIENTED_EDGE ( 'NONE', *, *, #4648, .T. ) ;
#8962 = DIRECTION ( 'NONE',  ( -0.000000000000000000, -1.000000000000000000, -0.000000000000000000 ) ) ;
#8963 = DIRECTION ( 'NONE',  ( 0.000000000000000000, 0.000000000000000000, -1.000000000000000000 ) ) ;
#8964 = LINE ( 'NONE', #928, #63 ) ;
#8965 = CYLINDRICAL_SURFACE ( 'NONE', #3939, 1.599999999999997202 ) ;
#8966 = DIRECTION ( 'NONE',  ( 0.000000000000000000, 0.000000000000000000, 1.000000000000000000 ) ) ;
#8967 = ORIENTED_EDGE ( 'NONE', *, *, #4287, .F. ) ;
#8968 = FACE_OUTER_BOUND ( 'NONE', #561, .T. ) ;
#8969 = EDGE_LOOP ( 'NONE', ( #1805, #5181 ) ) ;
#8970 = AXIS2_PLACEMENT_3D ( 'NONE', #3478, #5638, #2745 ) ;
#8971 = DIRECTION ( 'NONE',  ( 0.000000000000000000, 1.000000000000000000, -0.000000000000000000 ) ) ;
#8972 = VERTEX_POINT ( 'NONE', #3004 ) ;
#8973 = CARTESIAN_POINT ( 'NONE',  ( -62.57895013500902337, -5.000000000000000000, 29.29467888754832927 ) ) ;
#8974 = DIRECTION ( 'NONE',  ( 0.000000000000000000, 1.000000000000000000, -0.000000000000000000 ) ) ;
#8975 = CYLINDRICAL_SURFACE ( 'NONE', #5248, 2.100000000000004086 ) ;
#8976 = PLANE ( 'NONE',  #4685 ) ;
#8977 = FACE_OUTER_BOUND ( 'NONE', #5368, .T. ) ;
#8978 = ORIENTED_EDGE ( 'NONE', *, *, #5647, .T. ) ;
#8979 = EDGE_LOOP ( 'NONE', ( #7658, #4932, #6212, #5716, #4790, #6769 ) ) ;
#8980 = ORIENTED_EDGE ( 'NONE', *, *, #2107, .T. ) ;
#8981 = ORIENTED_EDGE ( 'NONE', *, *, #1989, .F. ) ;
#8982 = DIRECTION ( 'NONE',  ( 0.000000000000000000, 1.000000000000000000, -0.000000000000000000 ) ) ;
#8983 = EDGE_CURVE ( 'NONE', #6880, #7068, #3064, .T. ) ;
#8984 = DIRECTION ( 'NONE',  ( 0.000000000000000000, 0.000000000000000000, 1.000000000000000000 ) ) ;
#8985 = CARTESIAN_POINT ( 'NONE',  ( -50.88386053978240398, -5.000000000000000000, -65.57310985890505606 ) ) ;
#8986 = CIRCLE ( 'NONE', #5294, 3.100000000000012523 ) ;
#8987 = EDGE_CURVE ( 'NONE', #4554, #279, #5977, .T. ) ;
#8988 = DIRECTION ( 'NONE',  ( 1.000000000000000000, 0.000000000000000000, -0.000000000000000000 ) ) ;
#8989 = DIRECTION ( 'NONE',  ( -0.000000000000000000, -1.000000000000000000, -0.000000000000000000 ) ) ;
#8990 = CIRCLE ( 'NONE', #686, 1.600000000000004086 ) ;
#8991 = EDGE_CURVE ( 'NONE', #9027, #5171, #7478, .T. ) ;
#8992 = ORIENTED_EDGE ( 'NONE', *, *, #3876, .T. ) ;
#8993 = CARTESIAN_POINT ( 'NONE',  ( 66.11448404094257114, -5.000000000000000000, 30.75914498161400701 ) ) ;
#8994 = ORIENTED_EDGE ( 'NONE', *, *, #9053, .F. ) ;
#8995 = DIRECTION ( 'NONE',  ( 0.000000000000000000, 0.000000000000000000, -1.000000000000000000 ) ) ;
#8996 = ORIENTED_EDGE ( 'NONE', *, *, #5345, .T. ) ;
#8997 = DIRECTION ( 'NONE',  ( 0.000000000000000000, 0.000000000000000000, 1.000000000000000000 ) ) ;
#8998 = DIRECTION ( 'NONE',  ( -0.000000000000000000, -1.000000000000000000, 0.000000000000000000 ) ) ;
#8999 = DIRECTION ( 'NONE',  ( 1.000000000000000000, 0.000000000000000000, 0.000000000000000000 ) ) ;
#9000 = ADVANCED_FACE ( 'NONE', ( #6753 ), #2233, .F. ) ;
#9001 = CARTESIAN_POINT ( 'NONE',  ( -20.20000000000000639, -3.500000000000006661, -18.00000000000000355 ) ) ;
#9002 = ADVANCED_FACE ( 'NONE', ( #3052 ), #5259, .F. ) ;
#9003 = DIRECTION ( 'NONE',  ( 0.000000000000000000, 0.000000000000000000, -1.000000000000000000 ) ) ;
#9004 = CARTESIAN_POINT ( 'NONE',  ( -24.20000000000000639, -3.499999999999964917, -25.50000000000000355 ) ) ;
#9005 = CIRCLE ( 'NONE', #2555, 1.599999999999997202 ) ;
#9006 = VECTOR ( 'NONE', #8506, 999.9999999999998863 ) ;
#9007 = VERTEX_POINT ( 'NONE', #9016 ) ;
#9008 = CARTESIAN_POINT ( 'NONE',  ( -53.54140070991284261, -5.000000000000000000, 36.26116050077890662 ) ) ;
#9009 = DIRECTION ( 'NONE',  ( -2.775557561562888984E-15, 0.000000000000000000, 1.000000000000000000 ) ) ;
#9010 = DIRECTION ( 'NONE',  ( 0.000000000000000000, -1.000000000000000000, 0.000000000000000000 ) ) ;
#9011 = CARTESIAN_POINT ( 'NONE',  ( 24.18305191657981013, -5.000000000000000000, 14.01198410471388200 ) ) ;
#9012 = EDGE_CURVE ( 'NONE', #1800, #7132, #4285, .T. ) ;
#9013 = CIRCLE ( 'NONE', #6714, 1.999999999999998224 ) ;
#9014 = DIRECTION ( 'NONE',  ( 0.000000000000000000, -1.000000000000000000, 0.000000000000000000 ) ) ;
#9015 = ORIENTED_EDGE ( 'NONE', *, *, #8591, .F. ) ;
#9016 = CARTESIAN_POINT ( 'NONE',  ( -61.64803358821274060, -3.000000000000000000, -9.042674090477497373 ) ) ;
#9017 = ORIENTED_EDGE ( 'NONE', *, *, #1821, .F. ) ;
#9018 = FACE_OUTER_BOUND ( 'NONE', #5473, .T. ) ;
#9019 = ORIENTED_EDGE ( 'NONE', *, *, #7716, .T. ) ;
#9020 = CARTESIAN_POINT ( 'NONE',  ( 44.99999999999998579, 0.000000000000000000, -48.27890335241848163 ) ) ;
#9021 = CARTESIAN_POINT ( 'NONE',  ( 25.89590055950304404, -3.000000000000000000, -26.05952741539715589 ) ) ;
#9022 = VECTOR ( 'NONE', #7460, 1000.000000000000000 ) ;
#9023 = LINE ( 'NONE', #273, #9252 ) ;
#9024 = CARTESIAN_POINT ( 'NONE',  ( -41.55417172183311436, -5.000000000000000000, -54.13410027434100158 ) ) ;
#9025 = CARTESIAN_POINT ( 'NONE',  ( -45.16312671864703532, -3.499999999999944933, -40.70297844118579889 ) ) ;
#9026 = VERTEX_POINT ( 'NONE', #5354 ) ;
#9027 = VERTEX_POINT ( 'NONE', #8254 ) ;
#9028 = EDGE_CURVE ( 'NONE', #5355, #4018, #165, .T. ) ;
#9029 = EDGE_LOOP ( 'NONE', ( #5756, #5113, #8597, #8499 ) ) ;
#9030 = ORIENTED_EDGE ( 'NONE', *, *, #2274, .T. ) ;
#9031 = CARTESIAN_POINT ( 'NONE',  ( -6.800116025829083810E-13, -5.000000000000000000, 8.326672684688674053E-14 ) ) ;
#9032 = CARTESIAN_POINT ( 'NONE',  ( -24.50000000000000355, -10.93969696196700170, -34.60000000000000142 ) ) ;
#9033 = CARTESIAN_POINT ( 'NONE',  ( -24.18305191657981013, -3.499999999999976907, 18.71198410471387419 ) ) ;
#9034 = DIRECTION ( 'NONE',  ( -0.000000000000000000, 1.000000000000000000, -0.000000000000000000 ) ) ;
#9035 = DIRECTION ( 'NONE',  ( 0.000000000000000000, 1.000000000000000000, 0.000000000000000000 ) ) ;
#9036 = EDGE_LOOP ( 'NONE', ( #3314, #3425 ) ) ;
#9037 = ADVANCED_FACE ( 'NONE', ( #937 ), #310, .F. ) ;
#9038 = CARTESIAN_POINT ( 'NONE',  ( 30.75914498161563060, -5.000000000000000000, 66.11448404094181797 ) ) ;
#9039 = ORIENTED_EDGE ( 'NONE', *, *, #161, .T. ) ;
#9040 = EDGE_CURVE ( 'NONE', #8406, #7336, #986, .T. ) ;
#9041 = FACE_BOUND ( 'NONE', #5830, .T. ) ;
#9042 = ORIENTED_EDGE ( 'NONE', *, *, #4574, .F. ) ;
#9043 = ORIENTED_EDGE ( 'NONE', *, *, #1671, .T. ) ;
#9044 = LINE ( 'NONE', #3953, #1101 ) ;
#9045 = CARTESIAN_POINT ( 'NONE',  ( -20.20000000000000639, 0.000000000000000000, 0.4689047805322805185 ) ) ;
#9046 = DIRECTION ( 'NONE',  ( -1.000000000000000000, -0.000000000000000000, -0.000000000000000000 ) ) ;
#9047 = CARTESIAN_POINT ( 'NONE',  ( 59.04341622907708853, 0.000000000000000000, 30.75914498161409583 ) ) ;
#9048 = AXIS2_PLACEMENT_3D ( 'NONE', #2465, #3911, #1075 ) ;
#9049 = FACE_OUTER_BOUND ( 'NONE', #6534, .T. ) ;
#9050 = LINE ( 'NONE', #9004, #9291 ) ;
#9051 = ORIENTED_EDGE ( 'NONE', *, *, #6337, .F. ) ;
#9052 = EDGE_CURVE ( 'NONE', #5077, #5161, #7735, .T. ) ;
#9053 = EDGE_CURVE ( 'NONE', #2554, #2494, #5414, .T. ) ;
#9054 = EDGE_CURVE ( 'NONE', #4505, #592, #9066, .T. ) ;
#9055 = VECTOR ( 'NONE', #58, 1000.000000000000000 ) ;
#9056 = CARTESIAN_POINT ( 'NONE',  ( -24.20000000000000639, 0.000000000000000000, -24.00000000000000355 ) ) ;
#9057 = CARTESIAN_POINT ( 'NONE',  ( -62.57895013500912285, 0.000000000000000000, 27.22361107568285021 ) ) ;
#9058 = ADVANCED_FACE ( 'NONE', ( #1175 ), #7679, .F. ) ;
#9059 = LINE ( 'NONE', #208, #5566 ) ;
#9060 = FACE_OUTER_BOUND ( 'NONE', #3434, .T. ) ;
#9061 = AXIS2_PLACEMENT_3D ( 'NONE', #6320, #4023, #1037 ) ;
#9062 = VECTOR ( 'NONE', #2686, 1000.000000000000114 ) ;
#9063 = ORIENTED_EDGE ( 'NONE', *, *, #7830, .F. ) ;
#9064 = PLANE ( 'NONE',  #9308 ) ;
#9065 = VERTEX_POINT ( 'NONE', #6225 ) ;
#9066 = LINE ( 'NONE', #4839, #2448 ) ;
#9067 = VECTOR ( 'NONE', #5494, 1000.000000000000000 ) ;
#9068 = ORIENTED_EDGE ( 'NONE', *, *, #4227, .F. ) ;
#9069 = CARTESIAN_POINT ( 'NONE',  ( -5.499999999999998224, -5.000000000000000000, 20.60000000000004761 ) ) ;
#9070 = ORIENTED_EDGE ( 'NONE', *, *, #1169, .F. ) ;
#9071 = CARTESIAN_POINT ( 'NONE',  ( -1.199689984899975966E-14, -5.000000000000000000, -1.249000902703301108E-13 ) ) ;
#9072 = CARTESIAN_POINT ( 'NONE',  ( 24.25000000000000711, -3.500000000000003997, -53.75000000000000000 ) ) ;
#9073 = AXIS2_PLACEMENT_3D ( 'NONE', #1252, #6398, #7129 ) ;
#9074 = CARTESIAN_POINT ( 'NONE',  ( 61.64803358821274060, 0.000000000000000000, -9.042674090477495596 ) ) ;
#9075 = AXIS2_PLACEMENT_3D ( 'NONE', #7896, #3564, #2064 ) ;
#9076 = DIRECTION ( 'NONE',  ( -0.000000000000000000, -1.000000000000000000, -0.000000000000000000 ) ) ;
#9077 = ADVANCED_FACE ( 'NONE', ( #2623 ), #8750, .F. ) ;
#9078 = CARTESIAN_POINT ( 'NONE',  ( -24.20000000000000639, -3.499999999999964917, -24.00000000000000355 ) ) ;
#9079 = ORIENTED_EDGE ( 'NONE', *, *, #7534, .F. ) ;
#9080 = ORIENTED_EDGE ( 'NONE', *, *, #6910, .T. ) ;
#9081 = ORIENTED_EDGE ( 'NONE', *, *, #8416, .F. ) ;
#9082 = VERTEX_POINT ( 'NONE', #3199 ) ;
#9083 = LINE ( 'NONE', #6771, #8677 ) ;
#9084 = CARTESIAN_POINT ( 'NONE',  ( 44.99999999999998579, -2.500000000000000000, -48.27890335241848163 ) ) ;
#9085 = CARTESIAN_POINT ( 'NONE',  ( -45.16312671864703532, -9.525483399593916545, -40.70297844118579889 ) ) ;
#9086 = AXIS2_PLACEMENT_3D ( 'NONE', #2773, #8111, #7332 ) ;
#9087 = CONICAL_SURFACE ( 'NONE', #3856, 3.031095219467760948, 0.7853981633974501664 ) ;
#9088 = DIRECTION ( 'NONE',  ( 0.000000000000000000, 0.000000000000000000, 1.000000000000000000 ) ) ;
#9089 = DIRECTION ( 'NONE',  ( -0.000000000000000000, -1.000000000000000000, -0.000000000000000000 ) ) ;
#9090 = CIRCLE ( 'NONE', #7861, 1.599999999999997202 ) ;
#9091 = EDGE_LOOP ( 'NONE', ( #1946, #131, #711, #1647 ) ) ;
#9092 = FACE_OUTER_BOUND ( 'NONE', #7206, .T. ) ;
#9093 = VERTEX_POINT ( 'NONE', #3392 ) ;
#9094 = AXIS2_PLACEMENT_3D ( 'NONE', #7458, #6156, #6838 ) ;
#9095 = CIRCLE ( 'NONE', #3262, 2.100000000000004530 ) ;
#9096 = CARTESIAN_POINT ( 'NONE',  ( 79.50000000000000000, -2.499999999999962252, -2.899999999999996803 ) ) ;
#9097 = VECTOR ( 'NONE', #8138, 1000.000000000000000 ) ;
#9098 = ORIENTED_EDGE ( 'NONE', *, *, #9260, .T. ) ;
#9099 = ORIENTED_EDGE ( 'NONE', *, *, #4287, .T. ) ;
#9100 = CARTESIAN_POINT ( 'NONE',  ( -43.00000000000000000, -5.000000000000000000, -76.77890335241866637 ) ) ;
#9101 = CARTESIAN_POINT ( 'NONE',  ( 55.81821484150213308, -3.500000000000000000, -64.76555328187900784 ) ) ;
#9102 = DIRECTION ( 'NONE',  ( 0.000000000000000000, 0.000000000000000000, 1.000000000000000000 ) ) ;
#9103 = CARTESIAN_POINT ( 'NONE',  ( -5.499999999999998224, 0.000000000000000000, 17.50000000000000000 ) ) ;
#9104 = EDGE_CURVE ( 'NONE', #267, #80, #6181, .T. ) ;
#9105 = DIRECTION ( 'NONE',  ( 0.000000000000000000, 1.000000000000000000, -0.000000000000000000 ) ) ;
#9106 = CARTESIAN_POINT ( 'NONE',  ( 21.00000000000000355, -5.000000000000004441, -35.48496231131971967 ) ) ;
#9107 = AXIS2_PLACEMENT_3D ( 'NONE', #7031, #4676, #2456 ) ;
#9108 = VERTEX_POINT ( 'NONE', #367 ) ;
#9109 = AXIS2_PLACEMENT_3D ( 'NONE', #4418, #7353, #764 ) ;
#9110 = DIRECTION ( 'NONE',  ( -0.8571673007021154422, -0.000000000000000000, -0.5150380749100489375 ) ) ;
#9111 = CARTESIAN_POINT ( 'NONE',  ( -33.50000000000000000, -5.000000000000000888, -63.00000000000000000 ) ) ;
#9112 = CYLINDRICAL_SURFACE ( 'NONE', #8086, 1.599999999999998090 ) ;
#9113 = VERTEX_POINT ( 'NONE', #7775 ) ;
#9114 = EDGE_CURVE ( 'NONE', #5381, #3628, #7630, .T. ) ;
#9115 = EDGE_CURVE ( 'NONE', #892, #2769, #1804, .T. ) ;
#9116 = ORIENTED_EDGE ( 'NONE', *, *, #6472, .T. ) ;
#9117 = EDGE_CURVE ( 'NONE', #6151, #4440, #7044, .T. ) ;
#9118 = DIRECTION ( 'NONE',  ( 0.000000000000000000, -1.000000000000000000, 0.000000000000000000 ) ) ;
#9119 = ORIENTED_EDGE ( 'NONE', *, *, #4112, .T. ) ;
#9120 = CARTESIAN_POINT ( 'NONE',  ( -20.20000000000000639, -5.000000000000000000, -15.00000000000000000 ) ) ;
#9121 = ORIENTED_EDGE ( 'NONE', *, *, #6653, .F. ) ;
#9122 = DIRECTION ( 'NONE',  ( 0.000000000000000000, 1.000000000000000000, 0.000000000000000000 ) ) ;
#9123 = ORIENTED_EDGE ( 'NONE', *, *, #2583, .F. ) ;
#9124 = CARTESIAN_POINT ( 'NONE',  ( 62.67442126558891857, -5.000000000000000000, -10.05929021731395778 ) ) ;
#9125 = ADVANCED_FACE ( 'NONE', ( #4794 ), #8546, .F. ) ;
#9126 = CARTESIAN_POINT ( 'NONE',  ( -33.50882138074143057, 0.000000000000000000, 75.93522825193562653 ) ) ;
#9127 = FACE_OUTER_BOUND ( 'NONE', #6227, .T. ) ;
#9128 = VERTEX_POINT ( 'NONE', #6126 ) ;
#9129 = CIRCLE ( 'NONE', #6362, 1.600000000000004086 ) ;
#9130 = EDGE_LOOP ( 'NONE', ( #8981, #7720, #8277, #7526, #8411, #211, #788, #1649, #1036, #7878, #9416, #6524 ) ) ;
#9131 = EDGE_LOOP ( 'NONE', ( #7554, #4206 ) ) ;
#9132 = ORIENTED_EDGE ( 'NONE', *, *, #9343, .T. ) ;
#9133 = DIRECTION ( 'NONE',  ( 0.000000000000000000, -0.000000000000000000, -1.000000000000000000 ) ) ;
#9134 = DIRECTION ( 'NONE',  ( -0.000000000000000000, -1.000000000000000000, -0.000000000000000000 ) ) ;
#9135 = EDGE_CURVE ( 'NONE', #6200, #5506, #4109, .T. ) ;
#9136 = DIRECTION ( 'NONE',  ( 0.000000000000000000, 1.000000000000000000, 0.000000000000000000 ) ) ;
#9137 = VECTOR ( 'NONE', #1892, 1000.000000000000000 ) ;
#9138 = CARTESIAN_POINT ( 'NONE',  ( -24.25000000000000711, -5.000000000000000000, -53.75000000000000000 ) ) ;
#9139 = ORIENTED_EDGE ( 'NONE', *, *, #6385, .F. ) ;
#9140 = CARTESIAN_POINT ( 'NONE',  ( 42.93744251477669138, -3.000000000000000000, -36.29911886382706143 ) ) ;
#9141 = ORIENTED_EDGE ( 'NONE', *, *, #5694, .F. ) ;
#9142 = VECTOR ( 'NONE', #799, 1000.000000000000000 ) ;
#9143 = AXIS2_PLACEMENT_3D ( 'NONE', #6046, #8982, #6922 ) ;
#9144 = VERTEX_POINT ( 'NONE', #6959 ) ;
#9145 = EDGE_LOOP ( 'NONE', ( #5933, #709, #1040, #3380, #7092, #8621, #4808, #1501, #2027, #7702, #5016, #8316 ) ) ;
#9146 = LINE ( 'NONE', #3181, #6951 ) ;
#9147 = FACE_OUTER_BOUND ( 'NONE', #8217, .T. ) ;
#9148 = CARTESIAN_POINT ( 'NONE',  ( -24.25000000000000711, 0.000000000000000000, -39.15000000000000568 ) ) ;
#9149 = DIRECTION ( 'NONE',  ( -0.5150380749100555988, 0.000000000000000000, -0.8571673007021114454 ) ) ;
#9150 = CIRCLE ( 'NONE', #5457, 1.600000000000002531 ) ;
#9151 = DIRECTION ( 'NONE',  ( 0.000000000000000000, 1.000000000000000000, -0.000000000000000000 ) ) ;
#9152 = CARTESIAN_POINT ( 'NONE',  ( 21.00000000000000355, -3.900428716802588625, -32.77538657036173930 ) ) ;
#9153 = ORIENTED_EDGE ( 'NONE', *, *, #8758, .F. ) ;
#9154 = LINE ( 'NONE', #6264, #3614 ) ;
#9155 = DIRECTION ( 'NONE',  ( 0.8571673007021110013, 0.000000000000000000, -0.5150380749100563760 ) ) ;
#9156 = DIRECTION ( 'NONE',  ( 0.000000000000000000, 0.000000000000000000, -1.000000000000000000 ) ) ;
#9157 = ORIENTED_EDGE ( 'NONE', *, *, #5737, .F. ) ;
#9158 = AXIS2_PLACEMENT_3D ( 'NONE', #2742, #7170, #3563 ) ;
#9159 = VECTOR ( 'NONE', #4878, 1000.000000000000000 ) ;
#9160 = CIRCLE ( 'NONE', #1789, 1.599999999999997202 ) ;
#9161 = VERTEX_POINT ( 'NONE', #4067 ) ;
#9162 = AXIS2_PLACEMENT_3D ( 'NONE', #9243, #5387, #6935 ) ;
#9163 = EDGE_CURVE ( 'NONE', #7317, #9454, #1846, .T. ) ;
#9164 = DIRECTION ( 'NONE',  ( 0.000000000000000000, 0.000000000000000000, -1.000000000000000000 ) ) ;
#9165 = EDGE_CURVE ( 'NONE', #6423, #2019, #3254, .T. ) ;
#9166 = ORIENTED_EDGE ( 'NONE', *, *, #3236, .F. ) ;
#9167 = CIRCLE ( 'NONE', #5004, 3.000000000000002665 ) ;
#9168 = EDGE_CURVE ( 'NONE', #1614, #1677, #8408, .T. ) ;
#9169 = CARTESIAN_POINT ( 'NONE',  ( -36.00000000000000711, -9.525483399593907663, -67.60000000000000853 ) ) ;
#9170 = ORIENTED_EDGE ( 'NONE', *, *, #494, .T. ) ;
#9171 = CARTESIAN_POINT ( 'NONE',  ( 37.04435528667600153, -5.000000000000000000, 72.39969434600202192 ) ) ;
#9172 = ORIENTED_EDGE ( 'NONE', *, *, #7137, .F. ) ;
#9173 = DIRECTION ( 'NONE',  ( 0.000000000000000000, 0.000000000000000000, -1.000000000000000000 ) ) ;
#9174 = DIRECTION ( 'NONE',  ( 0.000000000000000000, -1.000000000000000000, 0.000000000000000000 ) ) ;
#9175 = EDGE_CURVE ( 'NONE', #2590, #9256, #4142, .T. ) ;
#9176 = ORIENTED_EDGE ( 'NONE', *, *, #4732, .T. ) ;
#9177 = EDGE_CURVE ( 'NONE', #7776, #7393, #1133, .T. ) ;
#9178 = EDGE_LOOP ( 'NONE', ( #8583, #8356, #573, #81 ) ) ;
#9179 = AXIS2_PLACEMENT_3D ( 'NONE', #1899, #8446, #9156 ) ;
#9180 = ORIENTED_EDGE ( 'NONE', *, *, #690, .F. ) ;
#9181 = ORIENTED_EDGE ( 'NONE', *, *, #8048, .F. ) ;
#9182 = FACE_OUTER_BOUND ( 'NONE', #7946, .T. ) ;
#9183 = FACE_OUTER_BOUND ( 'NONE', #7656, .T. ) ;
#9184 = DIRECTION ( 'NONE',  ( 0.000000000000000000, 1.000000000000000000, 0.000000000000000000 ) ) ;
#9185 = DIRECTION ( 'NONE',  ( 0.000000000000000000, 0.000000000000000000, 1.000000000000000000 ) ) ;
#9186 = CARTESIAN_POINT ( 'NONE',  ( -33.50000000000000000, -4.834090082931779442, -64.44755469057440678 ) ) ;
#9187 = CARTESIAN_POINT ( 'NONE',  ( -79.50000000000000000, -5.000000000000000000, -5.000000000000000000 ) ) ;
#9188 = ORIENTED_EDGE ( 'NONE', *, *, #5693, .F. ) ;
#9189 = ORIENTED_EDGE ( 'NONE', *, *, #2488, .F. ) ;
#9190 = ORIENTED_EDGE ( 'NONE', *, *, #7674, .F. ) ;
#9191 = EDGE_LOOP ( 'NONE', ( #1011, #1856, #3303, #7641 ) ) ;
#9192 = DIRECTION ( 'NONE',  ( 0.000000000000000000, 0.000000000000000000, -1.000000000000000000 ) ) ;
#9193 = CARTESIAN_POINT ( 'NONE',  ( 24.25000000000000711, -3.499999999999948486, -42.35000000000000142 ) ) ;
#9194 = CARTESIAN_POINT ( 'NONE',  ( -35.33803289608714238, -4.935363795444154711, 54.46452831460417343 ) ) ;
#9195 = DIRECTION ( 'NONE',  ( 0.000000000000000000, 0.000000000000000000, -1.000000000000000000 ) ) ;
#9196 = DIRECTION ( 'NONE',  ( -0.000000000000000000, 1.000000000000000000, -0.000000000000000000 ) ) ;
#9197 = DIRECTION ( 'NONE',  ( 0.000000000000000000, 1.000000000000000000, -0.000000000000000000 ) ) ;
#9198 = EDGE_LOOP ( 'NONE', ( #8072, #5262, #6032, #8171, #899, #5749 ) ) ;
#9199 = EDGE_CURVE ( 'NONE', #3611, #8840, #3074, .T. ) ;
#9200 = EDGE_CURVE ( 'NONE', #4587, #3293, #8297, .T. ) ;
#9201 = CARTESIAN_POINT ( 'NONE',  ( -28.11951362996199677, 0.000000000000000000, -9.896107983160918664 ) ) ;
#9202 = DIRECTION ( 'NONE',  ( -0.000000000000000000, -1.000000000000000000, 0.000000000000000000 ) ) ;
#9203 = FACE_OUTER_BOUND ( 'NONE', #3448, .T. ) ;
#9204 = LINE ( 'NONE', #1260, #8421 ) ;
#9205 = ORIENTED_EDGE ( 'NONE', *, *, #9400, .T. ) ;
#9206 = CIRCLE ( 'NONE', #5037, 2.500000000000002220 ) ;
#9207 = VECTOR ( 'NONE', #7149, 999.9999999999998863 ) ;
#9208 = AXIS2_PLACEMENT_3D ( 'NONE', #2999, #2272, #4432 ) ;
#9209 = ORIENTED_EDGE ( 'NONE', *, *, #6558, .F. ) ;
#9210 = EDGE_CURVE ( 'NONE', #4527, #733, #4767, .T. ) ;
#9211 = CARTESIAN_POINT ( 'NONE',  ( -30.75914498161400701, 0.000000000000000000, 66.11448404094257114 ) ) ;
#9212 = ORIENTED_EDGE ( 'NONE', *, *, #1576, .T. ) ;
#9213 = DIRECTION ( 'NONE',  ( 0.000000000000000000, 1.000000000000000000, -0.000000000000000000 ) ) ;
#9214 = ORIENTED_EDGE ( 'NONE', *, *, #2761, .T. ) ;
#9215 = AXIS2_PLACEMENT_3D ( 'NONE', #837, #5203, #7527 ) ;
#9216 = CYLINDRICAL_SURFACE ( 'NONE', #1873, 1.599999999999997202 ) ;
#9217 = EDGE_CURVE ( 'NONE', #245, #9144, #2757, .T. ) ;
#9218 = DIRECTION ( 'NONE',  ( 0.000000000000000000, 0.000000000000000000, 1.000000000000000000 ) ) ;
#9219 = VECTOR ( 'NONE', #6365, 1000.000000000000000 ) ;
#9220 = CONICAL_SURFACE ( 'NONE', #4291, 3.000000000000002665, 0.7853981633974510546 ) ;
#9221 = DIRECTION ( 'NONE',  ( 0.000000000000000000, 1.000000000000000000, -0.000000000000000000 ) ) ;
#9222 = ORIENTED_EDGE ( 'NONE', *, *, #1418, .T. ) ;
#9223 = ORIENTED_EDGE ( 'NONE', *, *, #5118, .T. ) ;
#9224 = VERTEX_POINT ( 'NONE', #6546 ) ;
#9225 = ORIENTED_EDGE ( 'NONE', *, *, #9344, .T. ) ;
#9226 = DIRECTION ( 'NONE',  ( 0.7071067811865388020, -0.000000000000000000, -0.7071067811865563435 ) ) ;
#9227 = EDGE_CURVE ( 'NONE', #7776, #2950, #3669, .T. ) ;
#9228 = DIRECTION ( 'NONE',  ( 0.000000000000000000, 0.000000000000000000, 1.000000000000000000 ) ) ;
#9229 = EDGE_CURVE ( 'NONE', #1196, #226, #9394, .T. ) ;
#9230 = EDGE_CURVE ( 'NONE', #6623, #2434, #2806, .T. ) ;
#9231 = CYLINDRICAL_SURFACE ( 'NONE', #4914, 85.49999999999998579 ) ;
#9232 = CARTESIAN_POINT ( 'NONE',  ( 20.00000000000000000, 0.000000000000000000, 73.39999999999999147 ) ) ;
#9233 = AXIS2_PLACEMENT_3D ( 'NONE', #4323, #7172, #4270 ) ;
#9234 = EDGE_CURVE ( 'NONE', #3405, #6968, #5821, .T. ) ;
#9235 = CARTESIAN_POINT ( 'NONE',  ( 20.20000000000000639, -5.000000000000000000, 1.999999999999998224 ) ) ;
#9236 = ORIENTED_EDGE ( 'NONE', *, *, #2938, .T. ) ;
#9237 = AXIS2_PLACEMENT_3D ( 'NONE', #580, #8617, #5589 ) ;
#9238 = ORIENTED_EDGE ( 'NONE', *, *, #5291, .T. ) ;
#9239 = EDGE_LOOP ( 'NONE', ( #3279, #5518, #1266, #3077 ) ) ;
#9240 = AXIS2_PLACEMENT_3D ( 'NONE', #8023, #4358, #9325 ) ;
#9241 = VERTEX_POINT ( 'NONE', #2081 ) ;
#9242 = CARTESIAN_POINT ( 'NONE',  ( 79.50000000000000000, -1.500000000000000000, -5.000000000000000888 ) ) ;
#9243 = CARTESIAN_POINT ( 'NONE',  ( 77.33921493371822464, -5.000000000000000000, 41.98387587438938340 ) ) ;
#9244 = LINE ( 'NONE', #3429, #6849 ) ;
#9245 = DIRECTION ( 'NONE',  ( -0.000000000000000000, 1.000000000000000000, -0.000000000000000000 ) ) ;
#9246 = AXIS2_PLACEMENT_3D ( 'NONE', #1871, #7648, #429 ) ;
#9247 = CARTESIAN_POINT ( 'NONE',  ( 33.58757210636075285, -3.500000000000015099, 51.97234841721098775 ) ) ;
#9248 = ADVANCED_FACE ( 'NONE', ( #551 ), #5053, .F. ) ;
#9249 = LINE ( 'NONE', #4097, #6646 ) ;
#9250 =( GEOMETRIC_REPRESENTATION_CONTEXT ( 3 ) GLOBAL_UNCERTAINTY_ASSIGNED_CONTEXT ( ( #7822 ) ) GLOBAL_UNIT_ASSIGNED_CONTEXT ( ( #5883, #3676, #5162 ) ) REPRESENTATION_CONTEXT ( 'NONE', 'WORKASPACE' ) );
#9251 = VERTEX_POINT ( 'NONE', #4962 ) ;
#9252 = VECTOR ( 'NONE', #5313, 1000.000000000000000 ) ;
#9253 = LINE ( 'NONE', #3435, #2542 ) ;
#9254 = CYLINDRICAL_SURFACE ( 'NONE', #1976, 3.000000000000002665 ) ;
#9255 = FACE_OUTER_BOUND ( 'NONE', #4118, .T. ) ;
#9256 = VERTEX_POINT ( 'NONE', #4202 ) ;
#9257 = CIRCLE ( 'NONE', #8017, 1.500000000000001332 ) ;
#9258 = VECTOR ( 'NONE', #866, 1000.000000000000000 ) ;
#9259 = VECTOR ( 'NONE', #6760, 1000.000000000000000 ) ;
#9260 = EDGE_CURVE ( 'NONE', #1049, #592, #6749, .T. ) ;
#9261 = EDGE_LOOP ( 'NONE', ( #8873, #1637, #5038, #7374 ) ) ;
#9262 = AXIS2_PLACEMENT_3D ( 'NONE', #7021, #432, #3367 ) ;
#9263 = CARTESIAN_POINT ( 'NONE',  ( 54.64593681162960337, -5.000000000000000000, 35.15662439906169112 ) ) ;
#9264 = DIRECTION ( 'NONE',  ( 0.000000000000000000, 1.000000000000000000, 0.000000000000000000 ) ) ;
#9265 = ORIENTED_EDGE ( 'NONE', *, *, #4005, .F. ) ;
#9266 = CARTESIAN_POINT ( 'NONE',  ( 17.11198410471442699, -5.000000000000000000, 21.08305191657944988 ) ) ;
#9267 = VECTOR ( 'NONE', #2538, 1000.000000000000000 ) ;
#9268 = CARTESIAN_POINT ( 'NONE',  ( 1.530808498934192064E-16, -13.19999999999999929, 47.75000000000000000 ) ) ;
#9269 = CARTESIAN_POINT ( 'NONE',  ( -42.93744251477669138, 0.000000000000000000, -36.29911886382706143 ) ) ;
#9270 = VERTEX_POINT ( 'NONE', #9480 ) ;
#9271 = FACE_BOUND ( 'NONE', #838, .T. ) ;
#9272 = VERTEX_POINT ( 'NONE', #2128 ) ;
#9273 = VERTEX_POINT ( 'NONE', #4919 ) ;
#9274 = VERTEX_POINT ( 'NONE', #9349 ) ;
#9275 = ORIENTED_EDGE ( 'NONE', *, *, #5693, .T. ) ;
#9276 = FACE_BOUND ( 'NONE', #8566, .T. ) ;
#9277 = CARTESIAN_POINT ( 'NONE',  ( -0.9999999999999961142, 0.000000000000000000, 52.11904464837144246 ) ) ;
#9278 = CARTESIAN_POINT ( 'NONE',  ( -24.20000000000000284, 0.000000000000000000, -58.50000000000000000 ) ) ;
#9279 = DIRECTION ( 'NONE',  ( 0.000000000000000000, 1.000000000000000000, 0.000000000000000000 ) ) ;
#9280 = DIRECTION ( 'NONE',  ( 0.000000000000000000, 0.000000000000000000, -1.000000000000000000 ) ) ;
#9281 = ORIENTED_EDGE ( 'NONE', *, *, #7083, .F. ) ;
#9282 = EDGE_CURVE ( 'NONE', #3900, #8067, #4290, .T. ) ;
#9283 = ORIENTED_EDGE ( 'NONE', *, *, #682, .F. ) ;
#9284 = EDGE_CURVE ( 'NONE', #1472, #8972, #150, .T. ) ;
#9285 = EDGE_LOOP ( 'NONE', ( #6483, #5478 ) ) ;
#9286 = VERTEX_POINT ( 'NONE', #684 ) ;
#9287 = CARTESIAN_POINT ( 'NONE',  ( 53.94915334338357837, -5.000000000000000000, -69.52329719980301093 ) ) ;
#9288 = CARTESIAN_POINT ( 'NONE',  ( 24.25000000000000711, -3.500000000000003997, -53.75000000000000000 ) ) ;
#9289 = CYLINDRICAL_SURFACE ( 'NONE', #5143, 1.500000000000001332 ) ;
#9290 = DIRECTION ( 'NONE',  ( 0.000000000000000000, 0.000000000000000000, -1.000000000000000000 ) ) ;
#9291 = VECTOR ( 'NONE', #8285, 1000.000000000000114 ) ;
#9292 = EDGE_CURVE ( 'NONE', #3180, #8265, #2180, .T. ) ;
#9293 = CARTESIAN_POINT ( 'NONE',  ( 0.000000000000000000, -3.500000000000000000, 0.000000000000000000 ) ) ;
#9294 = LINE ( 'NONE', #4867, #5450 ) ;
#9295 = B_SPLINE_CURVE_WITH_KNOTS ( 'NONE', 3,
 ( #3660, #4424, #770, #8192, #7461, #2217, #1536, #7360, #4376, #8041, #6687, #5958, #6587, #147 ),
 .UNSPECIFIED., .F., .F.,
 ( 4, 2, 2, 2, 2, 2, 4 ),
 ( 0.000000000000000000, 0.0009707064153100203145, 0.001456059622965010739, 0.001941412830620001381, 0.002426766038274992023, 0.002912119245929982447, 0.003882825661239925133 ),
 .UNSPECIFIED. ) ;
#9296 = VERTEX_POINT ( 'NONE', #7229 ) ;
#9297 = DIRECTION ( 'NONE',  ( -0.000000000000000000, 1.000000000000000000, -0.000000000000000000 ) ) ;
#9298 = EDGE_CURVE ( 'NONE', #7022, #5598, #5105, .T. ) ;
#9299 = AXIS2_PLACEMENT_3D ( 'NONE', #7901, #5769, #1302 ) ;
#9300 = DIRECTION ( 'NONE',  ( 0.000000000000000000, 0.000000000000000000, -1.000000000000000000 ) ) ;
#9301 = DIRECTION ( 'NONE',  ( -0.000000000000000000, -1.000000000000000000, -0.000000000000000000 ) ) ;
#9302 = CONICAL_SURFACE ( 'NONE', #1307, 3.099999999999991651, 0.7853981633974514986 ) ;
#9303 = ORIENTED_EDGE ( 'NONE', *, *, #1214, .F. ) ;
#9304 = CARTESIAN_POINT ( 'NONE',  ( -5.000000000000000888, -3.200000000000000178, 13.00000000000000000 ) ) ;
#9305 = LINE ( 'NONE', #2718, #9351 ) ;
#9306 = ORIENTED_EDGE ( 'NONE', *, *, #743, .T. ) ;
#9307 = AXIS2_PLACEMENT_3D ( 'NONE', #4727, #7127, #6351 ) ;
#9308 = AXIS2_PLACEMENT_3D ( 'NONE', #3348, #7677, #8405 ) ;
#9309 = AXIS2_PLACEMENT_3D ( 'NONE', #2981, #1680, #97 ) ;
#9310 = DIRECTION ( 'NONE',  ( 0.000000000000000000, 0.000000000000000000, 1.000000000000000000 ) ) ;
#9311 = VECTOR ( 'NONE', #2944, 1000.000000000000000 ) ;
#9312 = CARTESIAN_POINT ( 'NONE',  ( -20.00000000000000000, -60.00000000000000000, 75.00000000000000000 ) ) ;
#9313 = ORIENTED_EDGE ( 'NONE', *, *, #7937, .T. ) ;
#9314 = EDGE_CURVE ( 'NONE', #2450, #1499, #7095, .T. ) ;
#9315 = FACE_BOUND ( 'NONE', #9285, .T. ) ;
#9316 = ORIENTED_EDGE ( 'NONE', *, *, #8987, .F. ) ;
#9317 = ORIENTED_EDGE ( 'NONE', *, *, #6367, .F. ) ;
#9318 = ORIENTED_EDGE ( 'NONE', *, *, #5051, .F. ) ;
#9319 = VERTEX_POINT ( 'NONE', #9435 ) ;
#9320 = CYLINDRICAL_SURFACE ( 'NONE', #1152, 1.600000000000004086 ) ;
#9321 = DIRECTION ( 'NONE',  ( 2.775557561562892929E-15, 0.000000000000000000, 1.000000000000000000 ) ) ;
#9322 = CARTESIAN_POINT ( 'NONE',  ( -60.96377513662862668, -3.000000000000000000, -6.298263339253157511 ) ) ;
#9323 = EDGE_LOOP ( 'NONE', ( #2104, #103, #6389, #302 ) ) ;
#9324 = CYLINDRICAL_SURFACE ( 'NONE', #3101, 1.599999999999997202 ) ;
#9325 = DIRECTION ( 'NONE',  ( 0.000000000000000000, 0.000000000000000000, -1.000000000000000000 ) ) ;
#9326 = ORIENTED_EDGE ( 'NONE', *, *, #4193, .T. ) ;
#9327 = AXIS2_PLACEMENT_3D ( 'NONE', #6485, #618, #2154 ) ;
#9328 = ORIENTED_EDGE ( 'NONE', *, *, #1510, .F. ) ;
#9329 = VERTEX_POINT ( 'NONE', #2845 ) ;
#9330 = ORIENTED_EDGE ( 'NONE', *, *, #6112, .F. ) ;
#9331 = CARTESIAN_POINT ( 'NONE',  ( -51.97234841721098775, -5.000000000000000000, 30.48757210636071591 ) ) ;
#9332 = DIRECTION ( 'NONE',  ( -0.000000000000000000, -1.000000000000000000, -0.000000000000000000 ) ) ;
#9333 = DIRECTION ( 'NONE',  ( 0.000000000000000000, -0.000000000000000000, -1.000000000000000000 ) ) ;
#9334 = DIRECTION ( 'NONE',  ( 0.000000000000000000, 0.000000000000000000, -1.000000000000000000 ) ) ;
#9335 = DIRECTION ( 'NONE',  ( 0.000000000000000000, 0.000000000000000000, -1.000000000000000000 ) ) ;
#9336 = VECTOR ( 'NONE', #5289, 999.9999999999998863 ) ;
#9337 = DIRECTION ( 'NONE',  ( 0.000000000000000000, 0.000000000000000000, -1.000000000000000000 ) ) ;
#9338 = EDGE_CURVE ( 'NONE', #4047, #2059, #5776, .T. ) ;
#9339 = ORIENTED_EDGE ( 'NONE', *, *, #7636, .F. ) ;
#9340 = CARTESIAN_POINT ( 'NONE',  ( 45.16312671864703532, 0.000000000000000000, -42.30297844118579320 ) ) ;
#9341 = LINE ( 'NONE', #8670, #8121 ) ;
#9342 = DIRECTION ( 'NONE',  ( 0.000000000000000000, 0.000000000000000000, -1.000000000000000000 ) ) ;
#9343 = EDGE_CURVE ( 'NONE', #8599, #5619, #506, .T. ) ;
#9344 = EDGE_CURVE ( 'NONE', #528, #5516, #9305, .T. ) ;
#9345 = EDGE_CURVE ( 'NONE', #1263, #6508, #5193, .T. ) ;
#9346 = EDGE_LOOP ( 'NONE', ( #971, #7053 ) ) ;
#9347 = ADVANCED_FACE ( 'NONE', ( #1593 ), #6736, .F. ) ;
#9348 = DIRECTION ( 'NONE',  ( 0.000000000000000000, 1.000000000000000000, 0.000000000000000000 ) ) ;
#9349 = CARTESIAN_POINT ( 'NONE',  ( -36.26116050077946085, -5.000000000000000000, 53.54140070991186917 ) ) ;
#9350 = ORIENTED_EDGE ( 'NONE', *, *, #1202, .F. ) ;
#9351 = VECTOR ( 'NONE', #8587, 1000.000000000000000 ) ;
#9352 = EDGE_CURVE ( 'NONE', #8109, #1686, #8590, .T. ) ;
#9353 = DIRECTION ( 'NONE',  ( 0.000000000000000000, 0.000000000000000000, -1.000000000000000000 ) ) ;
#9354 = DIRECTION ( 'NONE',  ( 0.000000000000000000, 1.000000000000000000, -0.000000000000000000 ) ) ;
#9355 = ORIENTED_EDGE ( 'NONE', *, *, #7520, .F. ) ;
#9356 = AXIS2_PLACEMENT_3D ( 'NONE', #7657, #1732, #4564 ) ;
#9357 = DIRECTION ( 'NONE',  ( 0.000000000000000000, -1.000000000000000000, 0.000000000000000000 ) ) ;
#9358 = ORIENTED_EDGE ( 'NONE', *, *, #6558, .T. ) ;
#9359 = VERTEX_POINT ( 'NONE', #5919 ) ;
#9360 = VERTEX_POINT ( 'NONE', #6800 ) ;
#9361 = ORIENTED_EDGE ( 'NONE', *, *, #2229, .F. ) ;
#9362 = CARTESIAN_POINT ( 'NONE',  ( -42.00000000000000000, -2.500000000000000000, -51.27890335241848163 ) ) ;
#9363 = CARTESIAN_POINT ( 'NONE',  ( -28.50000000000000000, -10.00000000000000000, -59.00000000000000000 ) ) ;
#9364 = ADVANCED_FACE ( 'NONE', ( #106 ), #8283, .F. ) ;
#9365 = DIRECTION ( 'NONE',  ( 0.000000000000000000, 0.000000000000000000, -1.000000000000000000 ) ) ;
#9366 = CIRCLE ( 'NONE', #5538, 2.000000000000000000 ) ;
#9367 = ORIENTED_EDGE ( 'NONE', *, *, #4214, .T. ) ;
#9368 = DIRECTION ( 'NONE',  ( 0.000000000000000000, 1.000000000000000000, -0.000000000000000000 ) ) ;
#9369 = DIRECTION ( 'NONE',  ( 0.000000000000000000, 1.000000000000000000, -0.000000000000000000 ) ) ;
#9370 = ORIENTED_EDGE ( 'NONE', *, *, #5235, .T. ) ;
#9371 = ORIENTED_EDGE ( 'NONE', *, *, #5640, .T. ) ;
#9372 = ORIENTED_EDGE ( 'NONE', *, *, #4913, .T. ) ;
#9373 = ORIENTED_EDGE ( 'NONE', *, *, #1210, .F. ) ;
#9374 = CARTESIAN_POINT ( 'NONE',  ( 24.25000000000000711, 0.000000000000000000, -40.75000000000000000 ) ) ;
#9375 = AXIS2_PLACEMENT_3D ( 'NONE', #5528, #7064, #8471 ) ;
#9376 = CARTESIAN_POINT ( 'NONE',  ( -44.18533111883277797, -5.000000000000000000, -76.10293367485351723 ) ) ;
#9377 = DIRECTION ( 'NONE',  ( 0.000000000000000000, 1.000000000000000000, 0.000000000000000000 ) ) ;
#9378 = CARTESIAN_POINT ( 'NONE',  ( 45.16312671864703532, 0.000000000000000000, -43.90297844118579462 ) ) ;
#9379 = FACE_OUTER_BOUND ( 'NONE', #5727, .T. ) ;
#9380 = CIRCLE ( 'NONE', #8308, 2.000000000000000000 ) ;
#9381 = ORIENTED_EDGE ( 'NONE', *, *, #1576, .F. ) ;
#9382 = AXIS2_PLACEMENT_3D ( 'NONE', #2608, #8572, #7171 ) ;
#9383 = DIRECTION ( 'NONE',  ( 0.000000000000000000, 0.000000000000000000, 1.000000000000000000 ) ) ;
#9384 = AXIS2_PLACEMENT_3D ( 'NONE', #2819, #7062, #1323 ) ;
#9385 = EDGE_CURVE ( 'NONE', #6623, #5226, #154, .T. ) ;
#9386 = FACE_OUTER_BOUND ( 'NONE', #4309, .T. ) ;
#9387 = DIRECTION ( 'NONE',  ( 0.000000000000000000, 0.000000000000000000, -1.000000000000000000 ) ) ;
#9388 = AXIS2_PLACEMENT_3D ( 'NONE', #9071, #7433, #1605 ) ;
#9389 = CONICAL_SURFACE ( 'NONE', #5239, 1.599999999999997202, 0.7853981633974557175 ) ;
#9390 = VECTOR ( 'NONE', #3820, 1000.000000000000000 ) ;
#9391 = ORIENTED_EDGE ( 'NONE', *, *, #8366, .F. ) ;
#9392 = DIRECTION ( 'NONE',  ( 0.000000000000000000, 0.000000000000000000, -1.000000000000000000 ) ) ;
#9393 = AXIS2_PLACEMENT_3D ( 'NONE', #6732, #144, #6012 ) ;
#9394 = LINE ( 'NONE', #4289, #6135 ) ;
#9395 = AXIS2_PLACEMENT_3D ( 'NONE', #4548, #5885, #6715 ) ;
#9396 = ADVANCED_FACE ( 'NONE', ( #3808 ), #6274, .F. ) ;
#9397 = EDGE_CURVE ( 'NONE', #2494, #792, #8865, .T. ) ;
#9398 = CONICAL_SURFACE ( 'NONE', #1725, 1.599999999999997202, 0.7853981633974533860 ) ;
#9399 = EDGE_CURVE ( 'NONE', #1923, #2403, #737, .T. ) ;
#9400 = EDGE_CURVE ( 'NONE', #6659, #1876, #8729, .T. ) ;
#9401 = CARTESIAN_POINT ( 'NONE',  ( 24.20000000000000284, -5.000000000000000000, -63.00000000000000000 ) ) ;
#9402 = DIRECTION ( 'NONE',  ( 0.000000000000000000, 0.000000000000000000, -1.000000000000000000 ) ) ;
#9403 = ORIENTED_EDGE ( 'NONE', *, *, #8581, .F. ) ;
#9404 = CARTESIAN_POINT ( 'NONE',  ( -44.67759642328852721, -3.000000000000000000, 3.487460084037908192 ) ) ;
#9405 = ORIENTED_EDGE ( 'NONE', *, *, #772, .F. ) ;
#9406 = VERTEX_POINT ( 'NONE', #778 ) ;
#9407 = ADVANCED_FACE ( 'NONE', ( #2323 ), #3714, .F. ) ;
#9408 = ORIENTED_EDGE ( 'NONE', *, *, #3926, .T. ) ;
#9409 = ORIENTED_EDGE ( 'NONE', *, *, #5639, .F. ) ;
#9410 = DIRECTION ( 'NONE',  ( 0.000000000000000000, 0.000000000000000000, 1.000000000000000000 ) ) ;
#9411 = DIRECTION ( 'NONE',  ( 8.659560562354883554E-17, -0.7071067811865516806, 0.7071067811865434649 ) ) ;
#9412 = DIRECTION ( 'NONE',  ( 0.000000000000000000, 1.000000000000000000, 0.000000000000000000 ) ) ;
#9413 = ORIENTED_EDGE ( 'NONE', *, *, #8902, .T. ) ;
#9414 = DIRECTION ( 'NONE',  ( 0.000000000000000000, 1.000000000000000000, -0.000000000000000000 ) ) ;
#9415 = CARTESIAN_POINT ( 'NONE',  ( -17.00000000000000355, 0.000000000000000000, -21.00000000000000000 ) ) ;
#9416 = ORIENTED_EDGE ( 'NONE', *, *, #5553, .F. ) ;
#9417 = ORIENTED_EDGE ( 'NONE', *, *, #8419, .F. ) ;
#9418 = EDGE_CURVE ( 'NONE', #2737, #1049, #6648, .T. ) ;
#9419 = VERTEX_POINT ( 'NONE', #3761 ) ;
#9420 = ORIENTED_EDGE ( 'NONE', *, *, #6403, .F. ) ;
#9421 = CARTESIAN_POINT ( 'NONE',  ( -42.93744251477669138, -3.000000000000000000, -36.29911886382706143 ) ) ;
#9422 = CARTESIAN_POINT ( 'NONE',  ( 5.500000000000001776, -3.499999999999945821, 15.90000000000000391 ) ) ;
#9423 = CYLINDRICAL_SURFACE ( 'NONE', #3398, 87.99999999999965894 ) ;
#9424 = CARTESIAN_POINT ( 'NONE',  ( 69.01672159629573855, 0.000000000000000000, -18.13676211729656274 ) ) ;
#9425 = DIRECTION ( 'NONE',  ( -0.000000000000000000, 1.000000000000000000, -0.000000000000000000 ) ) ;
#9426 = DIRECTION ( 'NONE',  ( 0.000000000000000000, -1.000000000000000000, 0.000000000000000000 ) ) ;
#9427 = EDGE_LOOP ( 'NONE', ( #2768, #8781, #8681, #3806 ) ) ;
#9428 = LINE ( 'NONE', #1342, #1303 ) ;
#9429 = VECTOR ( 'NONE', #6162, 1000.000000000000000 ) ;
#9430 = LINE ( 'NONE', #1388, #7673 ) ;
#9431 = CARTESIAN_POINT ( 'NONE',  ( -33.50000000000000000, -23.60398284226499754, -68.73438437000001500 ) ) ;
#9432 = CARTESIAN_POINT ( 'NONE',  ( 5.500000000000001776, -3.499999999999945821, 19.09999999999999787 ) ) ;
#9433 = ORIENTED_EDGE ( 'NONE', *, *, #5696, .T. ) ;
#9434 = DIRECTION ( 'NONE',  ( -0.000000000000000000, 1.000000000000000000, -0.000000000000000000 ) ) ;
#9435 = CARTESIAN_POINT ( 'NONE',  ( -64.73088509278532854, 0.000000000000000000, -15.56157174274577315 ) ) ;
#9436 = CIRCLE ( 'NONE', #4075, 1.599999999999997202 ) ;
#9437 = EDGE_CURVE ( 'NONE', #8523, #6543, #6700, .T. ) ;
#9438 = EDGE_CURVE ( 'NONE', #3361, #9478, #4483, .T. ) ;
#9439 = DIRECTION ( 'NONE',  ( 0.000000000000000000, 0.000000000000000000, -1.000000000000000000 ) ) ;
#9440 = EDGE_CURVE ( 'NONE', #1241, #3361, #5350, .T. ) ;
#9441 = CARTESIAN_POINT ( 'NONE',  ( -24.18305191657981013, -5.000000000000000000, 14.01198410471382516 ) ) ;
#9442 = ORIENTED_EDGE ( 'NONE', *, *, #4447, .F. ) ;
#9443 = AXIS2_PLACEMENT_3D ( 'NONE', #1354, #9354, #3627 ) ;
#9444 = DIRECTION ( 'NONE',  ( -0.000000000000000000, 1.000000000000000000, -0.000000000000000000 ) ) ;
#9445 = ORIENTED_EDGE ( 'NONE', *, *, #5595, .F. ) ;
#9446 = ORIENTED_EDGE ( 'NONE', *, *, #6472, .F. ) ;
#9447 = ORIENTED_EDGE ( 'NONE', *, *, #3639, .F. ) ;
#9448 = ORIENTED_EDGE ( 'NONE', *, *, #1847, .T. ) ;
#9449 = CARTESIAN_POINT ( 'NONE',  ( 33.50000000000000000, -5.000000000000000888, -67.83303027798231710 ) ) ;
#9450 = LINE ( 'NONE', #9277, #4624 ) ;
#9451 = AXIS2_PLACEMENT_3D ( 'NONE', #348, #4864, #1200 ) ;
#9452 = CARTESIAN_POINT ( 'NONE',  ( -33.58757210636075285, -9.525483399593916545, 51.97234841721098775 ) ) ;
#9453 = AXIS2_PLACEMENT_3D ( 'NONE', #5875, #4489, #732 ) ;
#9454 = VERTEX_POINT ( 'NONE', #6 ) ;
#9455 = EDGE_CURVE ( 'NONE', #3180, #958, #730, .T. ) ;
#9456 = ADVANCED_FACE ( 'NONE', ( #2945 ), #3144, .F. ) ;
#9457 = DIRECTION ( 'NONE',  ( 0.000000000000000000, 0.000000000000000000, -1.000000000000000000 ) ) ;
#9458 = EDGE_CURVE ( 'NONE', #1321, #7115, #5967, .T. ) ;
#9459 = CYLINDRICAL_SURFACE ( 'NONE', #1092, 1.999999999999998224 ) ;
#9460 = ORIENTED_EDGE ( 'NONE', *, *, #2218, .T. ) ;
#9461 = ORIENTED_EDGE ( 'NONE', *, *, #1540, .F. ) ;
#9462 = ORIENTED_EDGE ( 'NONE', *, *, #7354, .F. ) ;
#9463 = ORIENTED_EDGE ( 'NONE', *, *, #4444, .T. ) ;
#9464 = DIRECTION ( 'NONE',  ( 0.000000000000000000, 0.000000000000000000, 1.000000000000000000 ) ) ;
#9465 = CARTESIAN_POINT ( 'NONE',  ( 37.61980861195274173, -3.500000000000000000, -76.77890335241866637 ) ) ;
#9466 = CARTESIAN_POINT ( 'NONE',  ( -17.11198410471442699, -3.499999999999945821, 24.18305191657944064 ) ) ;
#9467 = CARTESIAN_POINT ( 'NONE',  ( 24.50000000000000355, -5.000000000000000000, -32.50000000000000000 ) ) ;
#9468 = LINE ( 'NONE', #2306, #5888 ) ;
#9470 = LINE ( 'NONE', #2210, #6184 ) ;
#9469 = AXIS2_PLACEMENT_3D ( 'NONE', #6266, #448, #3292 ) ;
#9471 = VERTEX_POINT ( 'NONE', #3095 ) ;
#9472 = DIRECTION ( 'NONE',  ( 0.000000000000000000, 1.000000000000000000, 0.000000000000000000 ) ) ;
#9473 = CARTESIAN_POINT ( 'NONE',  ( 42.93744251477669138, 0.000000000000000000, -36.29911886382706143 ) ) ;
#9474 = DIRECTION ( 'NONE',  ( -2.238352872228144383E-15, 0.000000000000000000, -1.000000000000000000 ) ) ;
#9475 = DIRECTION ( 'NONE',  ( 0.000000000000000000, 0.000000000000000000, -1.000000000000000000 ) ) ;
#9476 = AXIS2_PLACEMENT_3D ( 'NONE', #3850, #3230, #6840 ) ;
#9477 = DIRECTION ( 'NONE',  ( -0.000000000000000000, -1.000000000000000000, -0.000000000000000000 ) ) ;
#9478 = VERTEX_POINT ( 'NONE', #6118 ) ;
#9479 = LINE ( 'NONE', #5146, #9311 ) ;
#9480 = CARTESIAN_POINT ( 'NONE',  ( 20.20000000000000639, -5.000000000000000000, -1.031095219467762725 ) ) ;
#9481 = CYLINDRICAL_SURFACE ( 'NONE', #7056, 2.000000000000000000 ) ;
#9482 = CARTESIAN_POINT ( 'NONE',  ( -62.57895013500902337, -5.000000000000000000, 34.29467888754832927 ) ) ;
#9483 = ORIENTED_EDGE ( 'NONE', *, *, #1226, .F. ) ;
#9484 = CARTESIAN_POINT ( 'NONE',  ( 27.22361107568284666, -5.000000000000000000, 62.57895013500913706 ) ) ;
#9485 = EDGE_LOOP ( 'NONE', ( #5571, #5532, #1717, #3561 ) ) ;
#9486 = VERTEX_POINT ( 'NONE', #3964 ) ;
#9487 = VECTOR ( 'NONE', #207, 1000.000000000000000 ) ;
#9488 = ORIENTED_EDGE ( 'NONE', *, *, #6402, .F. ) ;
#9489 = VERTEX_POINT ( 'NONE', #8294 ) ;
#9490 = CARTESIAN_POINT ( 'NONE',  ( -20.20000000000000639, -5.000000000000000000, -21.00000000000000000 ) ) ;
#9491 = CARTESIAN_POINT ( 'NONE',  ( 35.89368564235796555, -4.899833574250123114, 53.90887556833378369 ) ) ;
#9492 = ADVANCED_FACE ( 'NONE', ( #4100 ), #7191, .F. ) ;
#9493 = CARTESIAN_POINT ( 'NONE',  ( -21.00000000000000000, -4.135323808926648859, -31.17567139392573594 ) ) ;
#9494 = CARTESIAN_POINT ( 'NONE',  ( -44.65177711618091649, -3.000000000000000000, -37.32919501364717974 ) ) ;
#9495 = VERTEX_POINT ( 'NONE', #980 ) ;
#9496 = LINE ( 'NONE', #1326, #4304 ) ;
#9497 = AXIS2_PLACEMENT_3D ( 'NONE', #6683, #9472, #3657 ) ;
#9498 = CIRCLE ( 'NONE', #7345, 1.599999999999997202 ) ;
#9499 = DIRECTION ( 'NONE',  ( 0.000000000000000000, 0.000000000000000000, 1.000000000000000000 ) ) ;
#9500 = ORIENTED_EDGE ( 'NONE', *, *, #8983, .F. ) ;
#9501 = EDGE_LOOP ( 'NONE', ( #2348, #888, #3687, #3109 ) ) ;
#9502 = ORIENTED_EDGE ( 'NONE', *, *, #1639, .T. ) ;
#9503 = EDGE_LOOP ( 'NONE', ( #753, #1812, #6251, #4886 ) ) ;
#9504 = DIRECTION ( 'NONE',  ( 0.000000000000000000, 0.000000000000000000, -1.000000000000000000 ) ) ;
#9505 = EDGE_CURVE ( 'NONE', #3329, #8685, #2519, .T. ) ;
#9506 = DIRECTION ( 'NONE',  ( 0.000000000000000000, 0.000000000000000000, 1.000000000000000000 ) ) ;
#9507 = EDGE_CURVE ( 'NONE', #1911, #6837, #3813, .T. ) ;
#9508 = CARTESIAN_POINT ( 'NONE',  ( -33.26989437906256342, -9.525483399593907663, -1.324434976139800213 ) ) ;
#9509 = AXIS2_PLACEMENT_3D ( 'NONE', #1986, #3622, #7184 ) ;
#9510 = EDGE_CURVE ( 'NONE', #8318, #9360, #4681, .T. ) ;
#9511 = AXIS2_PLACEMENT_3D ( 'NONE', #8948, #8989, #8225 ) ;
#9512 = CARTESIAN_POINT ( 'NONE',  ( 26.92597670932315879, 0.000000000000000000, -24.34519281399293433 ) ) ;
#9513 = LINE ( 'NONE', #5763, #7905 ) ;
#9514 = EDGE_CURVE ( 'NONE', #9471, #7408, #127, .T. ) ;
#9515 = CARTESIAN_POINT ( 'NONE',  ( -5.499999999999998224, -3.499999999999946709, 19.10000000000000142 ) ) ;
#9516 = EDGE_LOOP ( 'NONE', ( #3589, #1921, #653, #3426 ) ) ;
#9517 = AXIS2_PLACEMENT_3D ( 'NONE', #5020, #24, #4979 ) ;
#9518 = DIRECTION ( 'NONE',  ( 0.000000000000000000, 1.000000000000000000, -0.000000000000000000 ) ) ;
#9519 = FACE_BOUND ( 'NONE', #1328, .T. ) ;
#9520 = CARTESIAN_POINT ( 'NONE',  ( -21.00000000000000355, -5.000000000000004441, -29.51503768868028033 ) ) ;
#9521 = DIRECTION ( 'NONE',  ( 0.000000000000000000, -1.000000000000000000, 0.000000000000000000 ) ) ;
#9522 = EDGE_CURVE ( 'NONE', #9319, #3058, #446, .T. ) ;
#9523 = AXIS2_PLACEMENT_3D ( 'NONE', #4954, #6531, #2112 ) ;
ENDSEC;
END-ISO-10303-21;
