ISO-10303-21;
HEADER;
FILE_DESCRIPTION (( 'STEP AP214' ),
    '1' );
FILE_NAME ('holder motor.STEP',
    '2026-03-24T22:40:17',
    ( '' ),
    ( '' ),
    'SwSTEP 2.0',
    'SolidWorks 2026',
    '' );
FILE_SCHEMA (( 'AUTOMOTIVE_DESIGN' ));
ENDSEC;

DATA;
#1 = DIRECTION ( 'NONE',  ( 0.000000000000000000, -0.5620916462564791161, -0.8270749550123502880 ) ) ;
#2 = LINE ( 'NONE', #993, #68 ) ;
#3 = FACE_OUTER_BOUND ( 'NONE', #897, .T. ) ;
#4 = ORIENTED_EDGE ( 'NONE', *, *, #1399, .F. ) ;
#5 = CARTESIAN_POINT ( 'NONE',  ( -5.000000000000000000, 16.30000000000000426, 5.494443205991492718 ) ) ;
#6 = LINE ( 'NONE', #455, #396 ) ;
#7 = PRODUCT ( 'holder motor', 'holder motor', '', ( #11 ) ) ;
#8 = DIRECTION ( 'NONE',  ( 0.000000000000000000, 0.000000000000000000, -1.000000000000000000 ) ) ;
#9 = VERTEX_POINT ( 'NONE', #1217 ) ;
#10 = CARTESIAN_POINT ( 'NONE',  ( -5.000000000000000000, 16.40881493652181078, 2.496417303903628149 ) ) ;
#11 = PRODUCT_CONTEXT ( 'NONE', #882, 'mechanical' ) ;
#12 = PLANE ( 'NONE',  #1199 ) ;
#13 = AXIS2_PLACEMENT_3D ( 'NONE', #1056, #1188, #53 ) ;
#14 = AXIS2_PLACEMENT_3D ( 'NONE', #597, #1152, #1283 ) ;
#15 = DIRECTION ( 'NONE',  ( 0.000000000000000000, 0.000000000000000000, -1.000000000000000000 ) ) ;
#16 = CIRCLE ( 'NONE', #939, 5.200000000000001066 ) ;
#17 = ORIENTED_EDGE ( 'NONE', *, *, #1098, .F. ) ;
#18 = DIRECTION ( 'NONE',  ( -1.000000000000000000, -0.000000000000000000, -0.000000000000000000 ) ) ;
#19 = VERTEX_POINT ( 'NONE', #542 ) ;
#20 = DIRECTION ( 'NONE',  ( 1.000000000000000000, 0.000000000000000000, 0.000000000000000000 ) ) ;
#21 = DIRECTION ( 'NONE',  ( 1.000000000000000000, 0.000000000000000000, 0.000000000000000000 ) ) ;
#22 = ORIENTED_EDGE ( 'NONE', *, *, #63, .T. ) ;
#23 = DIRECTION ( 'NONE',  ( 0.000000000000000000, 0.000000000000000000, -1.000000000000000000 ) ) ;
#24 = EDGE_CURVE ( 'NONE', #1266, #841, #1041, .T. ) ;
#25 = ORIENTED_EDGE ( 'NONE', *, *, #1276, .F. ) ;
#26 = DIRECTION ( 'NONE',  ( 0.000000000000000000, -0.7295372041400856045, -0.6839411288813292966 ) ) ;
#27 = DIRECTION ( 'NONE',  ( 0.000000000000000000, 2.373254339037517876E-16, -1.000000000000000000 ) ) ;
#28 = FACE_BOUND ( 'NONE', #908, .T. ) ;
#29 = UNCERTAINTY_MEASURE_WITH_UNIT (LENGTH_MEASURE( 1.000000000000000082E-05 ), #300, 'distance_accuracy_value', 'NONE');
#30 = VERTEX_POINT ( 'NONE', #346 ) ;
#31 = LINE ( 'NONE', #703, #234 ) ;
#32 = VERTEX_POINT ( 'NONE', #1236 ) ;
#33 = DIRECTION ( 'NONE',  ( 1.000000000000000000, 0.000000000000000000, 0.000000000000000000 ) ) ;
#34 = CIRCLE ( 'NONE', #866, 1.049999999999999822 ) ;
#35 = LINE ( 'NONE', #496, #237 ) ;
#36 = CIRCLE ( 'NONE', #868, 5.200000000000001066 ) ;
#37 = EDGE_CURVE ( 'NONE', #1140, #805, #108, .T. ) ;
#38 = EDGE_CURVE ( 'NONE', #30, #191, #226, .T. ) ;
#39 = EDGE_CURVE ( 'NONE', #1055, #1206, #2, .T. ) ;
#40 = ORIENTED_EDGE ( 'NONE', *, *, #972, .T. ) ;
#41 = CARTESIAN_POINT ( 'NONE',  ( 0.000000000000000000, 4.247561290063298856, -10.88166209816823837 ) ) ;
#42 = VECTOR ( 'NONE', #202, 1000.000000000000000 ) ;
#43 = COLOUR_RGB ( '',0.7921568627450980005, 0.8196078431372548767, 0.9333333333333333481 ) ;
#44 = ORIENTED_EDGE ( 'NONE', *, *, #1050, .T. ) ;
#45 = AXIS2_PLACEMENT_3D ( 'NONE', #170, #964, #1081 ) ;
#46 = DIRECTION ( 'NONE',  ( 1.000000000000000000, 0.000000000000000000, 0.000000000000000000 ) ) ;
#47 = ADVANCED_FACE ( 'NONE', ( #1105 ), #84, .T. ) ;
#48 = CARTESIAN_POINT ( 'NONE',  ( -5.000000000000000000, 16.51762987304361729, -0.5016085981842370867 ) ) ;
#49 = SURFACE_SIDE_STYLE ('',( #1091 ) ) ;
#50 = ORIENTED_EDGE ( 'NONE', *, *, #201, .T. ) ;
#51 = CARTESIAN_POINT ( 'NONE',  ( -0.5000000000000000000, 11.71333844946574665, 1.456754509497715455 ) ) ;
#52 = ORIENTED_EDGE ( 'NONE', *, *, #600, .T. ) ;
#53 = DIRECTION ( 'NONE',  ( 0.000000000000000000, 0.000000000000000000, 1.000000000000000000 ) ) ;
#54 = CARTESIAN_POINT ( 'NONE',  ( 0.000000000000000000, -0.2701252003102123656, -7.881662098168238373 ) ) ;
#55 = VERTEX_POINT ( 'NONE', #1448 ) ;
#56 = LINE ( 'NONE', #1106, #1436 ) ;
#57 = ORIENTED_EDGE ( 'NONE', *, *, #307, .T. ) ;
#58 = CARTESIAN_POINT ( 'NONE',  ( 0.000000000000000000, 6.791392954711368724, 2.336784365052066548 ) ) ;
#59 = CARTESIAN_POINT ( 'NONE',  ( 0.000000000000000000, 11.71333844946574665, 1.456754509497715455 ) ) ;
#60 = DIRECTION ( 'NONE',  ( 0.000000000000000000, 0.000000000000000000, 1.000000000000000000 ) ) ;
#61 = ORIENTED_EDGE ( 'NONE', *, *, #1126, .T. ) ;
#62 = CARTESIAN_POINT ( 'NONE',  ( -3.750000000000001776, 16.30000000000000426, 3.299999999999996714 ) ) ;
#63 = EDGE_CURVE ( 'NONE', #176, #568, #847, .T. ) ;
#64 = AXIS2_PLACEMENT_3D ( 'NONE', #1148, #26, #1262 ) ;
#65 = VECTOR ( 'NONE', #1239, 1000.000000000000000 ) ;
#66 = ORIENTED_EDGE ( 'NONE', *, *, #1462, .T. ) ;
#67 = CIRCLE ( 'NONE', #895, 2.100000000000002753 ) ;
#68 = VECTOR ( 'NONE', #657, 1000.000000000000000 ) ;
#69 = AXIS2_PLACEMENT_3D ( 'NONE', #59, #1303, #409 ) ;
#70 = FACE_OUTER_BOUND ( 'NONE', #697, .T. ) ;
#71 = CARTESIAN_POINT ( 'NONE',  ( -2.500000000000000000, -9.699999999999993960, 3.299999999999996714 ) ) ;
#72 = LINE ( 'NONE', #1423, #752 ) ;
#73 = EDGE_CURVE ( 'NONE', #450, #572, #149, .T. ) ;
#74 = ORIENTED_EDGE ( 'NONE', *, *, #723, .F. ) ;
#75 = DIRECTION ( 'NONE',  ( 0.000000000000000000, 0.000000000000000000, -1.000000000000000000 ) ) ;
#76 = ORIENTED_EDGE ( 'NONE', *, *, #446, .T. ) ;
#77 = DIRECTION ( 'NONE',  ( 0.000000000000000000, 0.000000000000000000, -1.000000000000000000 ) ) ;
#78 = DIRECTION ( 'NONE',  ( 0.000000000000000000, 0.000000000000000000, 1.000000000000000000 ) ) ;
#79 = ORIENTED_EDGE ( 'NONE', *, *, #529, .T. ) ;
#80 = CYLINDRICAL_SURFACE ( 'NONE', #135, 1.250000000000001776 ) ;
#81 = ORIENTED_EDGE ( 'NONE', *, *, #808, .F. ) ;
#82 = LINE ( 'NONE', #93, #42 ) ;
#83 = DIRECTION ( 'NONE',  ( 0.000000000000000000, 0.000000000000000000, 1.000000000000000000 ) ) ;
#84 = CYLINDRICAL_SURFACE ( 'NONE', #329, 1.750000000000000000 ) ;
#85 = DIRECTION ( 'NONE',  ( 1.000000000000000000, 0.000000000000000000, 0.000000000000000000 ) ) ;
#86 = EDGE_CURVE ( 'NONE', #407, #1290, #931, .T. ) ;
#87 = EDGE_CURVE ( 'NONE', #841, #772, #926, .T. ) ;
#88 = ORIENTED_EDGE ( 'NONE', *, *, #852, .F. ) ;
#89 = AXIS2_PLACEMENT_3D ( 'NONE', #1021, #417, #1322 ) ;
#90 = VECTOR ( 'NONE', #223, 1000.000000000000000 ) ;
#91 = CIRCLE ( 'NONE', #645, 3.000000000000000000 ) ;
#92 = CIRCLE ( 'NONE', #995, 1.250000000000000000 ) ;
#93 = CARTESIAN_POINT ( 'NONE',  ( -3.750000000000001776, 16.30000000000000426, 3.299999999999996714 ) ) ;
#94 = DIRECTION ( 'NONE',  ( 0.000000000000000000, 0.000000000000000000, -1.000000000000000000 ) ) ;
#95 = EDGE_LOOP ( 'NONE', ( #937, #1337 ) ) ;
#96 = LINE ( 'NONE', #1226, #235 ) ;
#97 = VERTEX_POINT ( 'NONE', #1385 ) ;
#98 = FACE_OUTER_BOUND ( 'NONE', #636, .T. ) ;
#99 = EDGE_LOOP ( 'NONE', ( #1101, #1092, #1339, #466 ) ) ;
#100 = DIRECTION ( 'NONE',  ( 1.000000000000000000, 0.000000000000000000, 0.000000000000000000 ) ) ;
#101 = ORIENTED_EDGE ( 'NONE', *, *, #461, .T. ) ;
#102 = CARTESIAN_POINT ( 'NONE',  ( -3.750000000000000000, -9.699999999999993960, 3.299999999999996714 ) ) ;
#103 = ORIENTED_EDGE ( 'NONE', *, *, #119, .T. ) ;
#104 = DIRECTION ( 'NONE',  ( -0.000000000000000000, -1.000000000000000000, -0.000000000000000000 ) ) ;
#105 = ORIENTED_EDGE ( 'NONE', *, *, #914, .F. ) ;
#106 = ADVANCED_FACE ( 'NONE', ( #1051 ), #1275, .T. ) ;
#107 = DIRECTION ( 'NONE',  ( 1.000000000000000000, -0.000000000000000000, -0.000000000000000000 ) ) ;
#108 = LINE ( 'NONE', #204, #524 ) ;
#109 = DIRECTION ( 'NONE',  ( 0.000000000000000000, 0.000000000000000000, -1.000000000000000000 ) ) ;
#110 = VERTEX_POINT ( 'NONE', #1159 ) ;
#111 = EDGE_CURVE ( 'NONE', #32, #323, #1246, .T. ) ;
#112 = CARTESIAN_POINT ( 'NONE',  ( -0.4999999999999995559, 11.71333844946574665, 1.456754509497715455 ) ) ;
#113 = AXIS2_PLACEMENT_3D ( 'NONE', #213, #426, #901 ) ;
#114 = CIRCLE ( 'NONE', #208, 1.249999999999999334 ) ;
#115 = DIRECTION ( 'NONE',  ( 0.000000000000000000, 0.000000000000000000, -1.000000000000000000 ) ) ;
#116 = ORIENTED_EDGE ( 'NONE', *, *, #1050, .F. ) ;
#117 = DIRECTION ( 'NONE',  ( -1.000000000000000000, 0.000000000000000000, 0.000000000000000000 ) ) ;
#118 = VECTOR ( 'NONE', #27, 1000.000000000000000 ) ;
#119 = EDGE_CURVE ( 'NONE', #1301, #364, #35, .T. ) ;
#120 = ORIENTED_EDGE ( 'NONE', *, *, #723, .T. ) ;
#121 = DIRECTION ( 'NONE',  ( 0.000000000000000000, 0.000000000000000000, 1.000000000000000000 ) ) ;
#122 = DIRECTION ( 'NONE',  ( 0.000000000000000000, 0.000000000000000000, -1.000000000000000000 ) ) ;
#123 = CARTESIAN_POINT ( 'NONE',  ( -1.000000000000000000, 16.60123225449077466, 2.509604997837756368 ) ) ;
#124 = UNCERTAINTY_MEASURE_WITH_UNIT (LENGTH_MEASURE( 1.000000000000000082E-05 ), #374, 'distance_accuracy_value', 'NONE');
#125 = ORIENTED_EDGE ( 'NONE', *, *, #460, .T. ) ;
#126 = DIRECTION ( 'NONE',  ( 0.000000000000000000, 0.000000000000000000, 1.000000000000000000 ) ) ;
#127 = DIRECTION ( 'NONE',  ( 0.000000000000000000, 0.000000000000000000, -1.000000000000000000 ) ) ;
#128 = DIRECTION ( 'NONE',  ( 0.000000000000000000, 0.000000000000000000, 1.000000000000000000 ) ) ;
#129 = ORIENTED_EDGE ( 'NONE', *, *, #768, .T. ) ;
#130 = CARTESIAN_POINT ( 'NONE',  ( -5.000000000000000000, -5.742043249779999137, 5.000000000000003553 ) ) ;
#131 = ORIENTED_EDGE ( 'NONE', *, *, #1142, .F. ) ;
#132 = LINE ( 'NONE', #1252, #936 ) ;
#133 = VECTOR ( 'NONE', #757, 1000.000000000000114 ) ;
#134 = CARTESIAN_POINT ( 'NONE',  ( -0.5000000000000000000, 6.742981701942025730, 0.9131059075999912178 ) ) ;
#135 = AXIS2_PLACEMENT_3D ( 'NONE', #1418, #1186, #85 ) ;
#136 = VECTOR ( 'NONE', #1069, 1000.000000000000000 ) ;
#137 = ORIENTED_EDGE ( 'NONE', *, *, #1467, .F. ) ;
#138 = DIRECTION ( 'NONE',  ( 1.000000000000000000, 0.000000000000000000, 0.000000000000000000 ) ) ;
#139 = ORIENTED_EDGE ( 'NONE', *, *, #700, .T. ) ;
#140 = DIRECTION ( 'NONE',  ( 0.000000000000000000, 0.000000000000000000, 1.000000000000000000 ) ) ;
#141 = DIRECTION ( 'NONE',  ( 0.000000000000000000, 1.652117596168385587E-15, -1.000000000000000000 ) ) ;
#142 = EDGE_LOOP ( 'NONE', ( #482, #1179, #1147, #429 ) ) ;
#143 = CARTESIAN_POINT ( 'NONE',  ( -1.000000000000000000, 8.980388614555460336, 3.949999999999988187 ) ) ;
#144 = VERTEX_POINT ( 'NONE', #376 ) ;
#145 = SHAPE_DEFINITION_REPRESENTATION ( #1029, #454 ) ;
#146 = CARTESIAN_POINT ( 'NONE',  ( -3.500000000000000000, 8.980388614555460336, 6.049999999999990941 ) ) ;
#147 = EDGE_CURVE ( 'NONE', #521, #971, #377, .T. ) ;
#148 = DIRECTION ( 'NONE',  ( 0.000000000000000000, 0.000000000000000000, 1.000000000000000000 ) ) ;
#149 = LINE ( 'NONE', #465, #778 ) ;
#150 = ORIENTED_EDGE ( 'NONE', *, *, #24, .F. ) ;
#151 = DIRECTION ( 'NONE',  ( -1.000000000000000000, -0.000000000000000000, -0.000000000000000000 ) ) ;
#152 = ADVANCED_FACE ( 'NONE', ( #28, #594, #824 ), #473, .T. ) ;
#153 = EDGE_LOOP ( 'NONE', ( #1048, #1042 ) ) ;
#154 = FACE_BOUND ( 'NONE', #268, .T. ) ;
#155 = DIRECTION ( 'NONE',  ( 0.000000000000000000, 0.000000000000000000, 1.000000000000000000 ) ) ;
#156 = AXIS2_PLACEMENT_3D ( 'NONE', #146, #254, #365 ) ;
#157 = DIRECTION ( 'NONE',  ( 0.000000000000000000, 0.000000000000000000, -1.000000000000000000 ) ) ;
#158 = AXIS2_PLACEMENT_3D ( 'NONE', #696, #379, #1267 ) ;
#159 = VERTEX_POINT ( 'NONE', #694 ) ;
#160 = CARTESIAN_POINT ( 'NONE',  ( 0.000000000000000000, 1.619172682387712170, -8.800000000000007816 ) ) ;
#161 = AXIS2_PLACEMENT_3D ( 'NONE', #975, #1304, #294 ) ;
#162 = ORIENTED_EDGE ( 'NONE', *, *, #1420, .F. ) ;
#163 = CARTESIAN_POINT ( 'NONE',  ( -5.000000000000000000, -5.742043249779999137, 6.050000000000004263 ) ) ;
#164 = CARTESIAN_POINT ( 'NONE',  ( -3.500000000000000000, -5.742043249779999137, 5.000000000000003553 ) ) ;
#165 = DIRECTION ( 'NONE',  ( 1.000000000000000000, 0.000000000000000000, -0.000000000000000000 ) ) ;
#166 = ORIENTED_EDGE ( 'NONE', *, *, #900, .T. ) ;
#167 = DIRECTION ( 'NONE',  ( 0.000000000000000000, 0.000000000000000000, 1.000000000000000000 ) ) ;
#168 = VERTEX_POINT ( 'NONE', #123 ) ;
#169 = DIRECTION ( 'NONE',  ( 0.000000000000000000, 0.000000000000000000, -1.000000000000000000 ) ) ;
#170 = CARTESIAN_POINT ( 'NONE',  ( 0.000000000000000000, 1.619172682387712170, -6.700000000000007283 ) ) ;
#171 = EDGE_CURVE ( 'NONE', #411, #407, #1090, .T. ) ;
#172 = DIRECTION ( 'NONE',  ( -0.000000000000000000, -1.000000000000000000, -0.000000000000000000 ) ) ;
#173 = ADVANCED_FACE ( 'NONE', ( #1370 ), #1376, .F. ) ;
#174 = EDGE_LOOP ( 'NONE', ( #1395, #1463, #200, #865, #44, #340 ) ) ;
#175 = DIRECTION ( 'NONE',  ( 1.000000000000000000, 0.000000000000000000, 0.000000000000000000 ) ) ;
#176 = VERTEX_POINT ( 'NONE', #804 ) ;
#177 = DIRECTION ( 'NONE',  ( 1.000000000000000000, -0.000000000000000000, -0.000000000000000000 ) ) ;
#178 = ADVANCED_FACE ( 'NONE', ( #384, #366 ), #921, .T. ) ;
#179 = DIRECTION ( 'NONE',  ( 1.000000000000000000, 0.000000000000000000, 0.000000000000000000 ) ) ;
#180 = PLANE ( 'NONE',  #688 ) ;
#181 = ADVANCED_FACE ( 'NONE', ( #361 ), #356, .F. ) ;
#182 = ORIENTED_EDGE ( 'NONE', *, *, #63, .F. ) ;
#183 = CARTESIAN_POINT ( 'NONE',  ( 0.000000000000000000, 1.619172682387724826, 1.799999999999996048 ) ) ;
#184 = VECTOR ( 'NONE', #1182, 1000.000000000000000 ) ;
#185 = ORIENTED_EDGE ( 'NONE', *, *, #308, .T. ) ;
#186 = AXIS2_PLACEMENT_3D ( 'NONE', #886, #1119, #440 ) ;
#187 = CIRCLE ( 'NONE', #1391, 2.100000000000002753 ) ;
#188 = FACE_BOUND ( 'NONE', #153, .T. ) ;
#189 = CARTESIAN_POINT ( 'NONE',  ( -5.000000000000000000, 1.619172682387712170, -7.750000000000007105 ) ) ;
#190 = PRESENTATION_STYLE_ASSIGNMENT (( #1312 ) ) ;
#191 = VERTEX_POINT ( 'NONE', #810 ) ;
#192 = CARTESIAN_POINT ( 'NONE',  ( -1.000000000000000000, 6.791392954711368724, 2.336784365052066548 ) ) ;
#193 = VERTEX_POINT ( 'NONE', #1258 ) ;
#194 = DIRECTION ( 'NONE',  ( 0.000000000000000000, 0.000000000000000000, 1.000000000000000000 ) ) ;
#195 = CYLINDRICAL_SURFACE ( 'NONE', #113, 1.249999999999999334 ) ;
#196 = EDGE_CURVE ( 'NONE', #323, #762, #569, .T. ) ;
#197 = ADVANCED_FACE ( 'NONE', ( #1253 ), #243, .F. ) ;
#198 = EDGE_LOOP ( 'NONE', ( #915, #57, #1352, #1094, #1299, #682, #560, #1046, #783 ) ) ;
#199 = FACE_BOUND ( 'NONE', #764, .T. ) ;
#200 = ORIENTED_EDGE ( 'NONE', *, *, #571, .T. ) ;
#201 = EDGE_CURVE ( 'NONE', #1324, #159, #92, .T. ) ;
#202 = DIRECTION ( 'NONE',  ( -0.000000000000000000, -0.000000000000000000, 1.000000000000000000 ) ) ;
#203 = DIRECTION ( 'NONE',  ( -1.000000000000000000, 0.000000000000000000, 0.000000000000000000 ) ) ;
#204 = CARTESIAN_POINT ( 'NONE',  ( -3.500000000000000000, 1.619172682387712392, -4.600000000000006750 ) ) ;
#205 = CARTESIAN_POINT ( 'NONE',  ( -1.000000000000000000, 11.71333844946574665, 1.456754509497715455 ) ) ;
#206 = ORIENTED_EDGE ( 'NONE', *, *, #1102, .T. ) ;
#207 = AXIS2_PLACEMENT_3D ( 'NONE', #1201, #1297, #169 ) ;
#208 = AXIS2_PLACEMENT_3D ( 'NONE', #112, #794, #1115 ) ;
#209 = EDGE_LOOP ( 'NONE', ( #1465, #953, #439, #312 ) ) ;
#210 = CIRCLE ( 'NONE', #447, 3.000000000000000000 ) ;
#211 = CIRCLE ( 'NONE', #349, 1.249999999999999334 ) ;
#212 = CIRCLE ( 'NONE', #45, 2.100000000000000089 ) ;
#213 = CARTESIAN_POINT ( 'NONE',  ( -5.000000000000000000, 11.71333844946574665, 1.456754509497715455 ) ) ;
#214 = DIRECTION ( 'NONE',  ( 0.000000000000000000, 0.000000000000000000, 1.000000000000000000 ) ) ;
#215 = CARTESIAN_POINT ( 'NONE',  ( -5.000000000000000000, 8.980388614555458560, 4.999999999999989342 ) ) ;
#216 = EDGE_LOOP ( 'NONE', ( #1359, #652, #602, #139 ) ) ;
#217 = DIRECTION ( 'NONE',  ( -1.000000000000000000, 0.000000000000000000, 0.000000000000000000 ) ) ;
#218 = CARTESIAN_POINT ( 'NONE',  ( -1.000000000000000000, 11.71333844946574665, -0.2932454905022845448 ) ) ;
#219 = EDGE_CURVE ( 'NONE', #841, #1225, #956, .T. ) ;
#220 = ORIENTED_EDGE ( 'NONE', *, *, #1200, .F. ) ;
#221 = CARTESIAN_POINT ( 'NONE',  ( -5.000000000000000000, -5.742043249779999137, 6.050000000000004263 ) ) ;
#222 = ORIENTED_EDGE ( 'NONE', *, *, #941, .F. ) ;
#223 = DIRECTION ( 'NONE',  ( 1.000000000000000000, 0.000000000000000000, 0.000000000000000000 ) ) ;
#224 = CARTESIAN_POINT ( 'NONE',  ( -2.500000000000000000, -9.699999999999993960, 3.299999999999996714 ) ) ;
#225 = ADVANCED_FACE ( 'NONE', ( #1076 ), #180, .T. ) ;
#226 = LINE ( 'NONE', #1012, #1344 ) ;
#227 = DIRECTION ( 'NONE',  ( 1.000000000000000000, 0.000000000000000000, 0.000000000000000000 ) ) ;
#228 = EDGE_CURVE ( 'NONE', #359, #1387, #187, .T. ) ;
#229 = ORIENTED_EDGE ( 'NONE', *, *, #595, .F. ) ;
#230 = CARTESIAN_POINT ( 'NONE',  ( -5.000000000000000000, 6.728786155100348942, -9.567937036937674833 ) ) ;
#231 = VECTOR ( 'NONE', #298, 1000.000000000000000 ) ;
#232 = MANIFOLD_SOLID_BREP ( 'Fillet4', #1270 ) ;
#233 = CARTESIAN_POINT ( 'NONE',  ( 0.000000000000000000, 0.000000000000000000, 0.000000000000000000 ) ) ;
#234 = VECTOR ( 'NONE', #1060, 1000.000000000000000 ) ;
#235 = VECTOR ( 'NONE', #1113, 1000.000000000000000 ) ;
#236 = CARTESIAN_POINT ( 'NONE',  ( 0.000000000000000000, -2.458736812730469179, -9.933485484812226929 ) ) ;
#237 = VECTOR ( 'NONE', #1144, 1000.000000000000000 ) ;
#238 = DIRECTION ( 'NONE',  ( -0.000000000000000000, -0.000000000000000000, 1.000000000000000000 ) ) ;
#239 = EDGE_LOOP ( 'NONE', ( #182, #691 ) ) ;
#240 = CARTESIAN_POINT ( 'NONE',  ( 0.000000000000000000, 1.619172682387712392, -4.600000000000006750 ) ) ;
#241 = EDGE_CURVE ( 'NONE', #1220, #793, #734, .T. ) ;
#242 = CARTESIAN_POINT ( 'NONE',  ( -3.500000000000000000, -5.742043249780005354, 3.949999999999998845 ) ) ;
#243 = CYLINDRICAL_SURFACE ( 'NONE', #1111, 2.100000000000002753 ) ;
#244 = EDGE_CURVE ( 'NONE', #144, #588, #1438, .T. ) ;
#245 = ADVANCED_FACE ( 'NONE', ( #980 ), #618, .F. ) ;
#246 = ORIENTED_EDGE ( 'NONE', *, *, #488, .F. ) ;
#247 = FACE_OUTER_BOUND ( 'NONE', #1378, .T. ) ;
#248 = ORIENTED_EDGE ( 'NONE', *, *, #755, .T. ) ;
#249 = FACE_OUTER_BOUND ( 'NONE', #394, .T. ) ;
#250 = DIRECTION ( 'NONE',  ( 0.000000000000000000, 0.000000000000000000, -1.000000000000000000 ) ) ;
#251 = EDGE_LOOP ( 'NONE', ( #1443, #1350 ) ) ;
#252 = FACE_OUTER_BOUND ( 'NONE', #1347, .T. ) ;
#253 = EDGE_LOOP ( 'NONE', ( #756, #397 ) ) ;
#254 = DIRECTION ( 'NONE',  ( 1.000000000000000000, -0.000000000000000000, -0.000000000000000000 ) ) ;
#255 = AXIS2_PLACEMENT_3D ( 'NONE', #271, #408, #1193 ) ;
#256 = AXIS2_PLACEMENT_3D ( 'NONE', #577, #1025, #911 ) ;
#257 = DIRECTION ( 'NONE',  ( 1.000000000000000000, 0.000000000000000000, -0.000000000000000000 ) ) ;
#258 = CIRCLE ( 'NONE', #965, 1.049999999999999822 ) ;
#259 = VECTOR ( 'NONE', #608, 1000.000000000000000 ) ;
#260 = CIRCLE ( 'NONE', #899, 3.000000000000000000 ) ;
#261 = VERTEX_POINT ( 'NONE', #272 ) ;
#262 = CYLINDRICAL_SURFACE ( 'NONE', #326, 1.250000000000001776 ) ;
#263 = ORIENTED_EDGE ( 'NONE', *, *, #1117, .T. ) ;
#264 = EDGE_CURVE ( 'NONE', #887, #945, #1384, .T. ) ;
#265 = DIRECTION ( 'NONE',  ( 1.000000000000000000, 0.000000000000000000, 0.000000000000000000 ) ) ;
#266 = CARTESIAN_POINT ( 'NONE',  ( -5.000000000000000000, -12.69999999999999396, 8.299999999999997158 ) ) ;
#267 = EDGE_CURVE ( 'NONE', #728, #144, #72, .T. ) ;
#268 = EDGE_LOOP ( 'NONE', ( #605, #530 ) ) ;
#269 = CYLINDRICAL_SURFACE ( 'NONE', #445, 1.249999999999999334 ) ;
#270 = ORIENTED_EDGE ( 'NONE', *, *, #1102, .F. ) ;
#271 = CARTESIAN_POINT ( 'NONE',  ( -5.000000000000000000, 1.619172682387724826, 1.799999999999996048 ) ) ;
#272 = CARTESIAN_POINT ( 'NONE',  ( 0.000000000000000000, -5.742043249780005354, 3.949999999999998845 ) ) ;
#273 = VERTEX_POINT ( 'NONE', #279 ) ;
#274 = CYLINDRICAL_SURFACE ( 'NONE', #800, 2.100000000000000089 ) ;
#275 = ORIENTED_EDGE ( 'NONE', *, *, #1273, .T. ) ;
#276 = DIRECTION ( 'NONE',  ( 0.000000000000000000, 0.000000000000000000, -1.000000000000000000 ) ) ;
#277 = LINE ( 'NONE', #1057, #1066 ) ;
#278 = AXIS2_PLACEMENT_3D ( 'NONE', #345, #140, #693 ) ;
#279 = CARTESIAN_POINT ( 'NONE',  ( 0.000000000000000000, -12.69999999999999218, 2.176871021500871972 ) ) ;
#280 = CIRCLE ( 'NONE', #1088, 2.100000000000002753 ) ;
#281 = VERTEX_POINT ( 'NONE', #505 ) ;
#282 = CARTESIAN_POINT ( 'NONE',  ( -2.500000000000000000, -9.699999999999993960, 8.299999999999997158 ) ) ;
#283 = AXIS2_PLACEMENT_3D ( 'NONE', #296, #977, #970 ) ;
#284 = STYLED_ITEM ( 'NONE', ( #190 ), #232 ) ;
#285 = ORIENTED_EDGE ( 'NONE', *, *, #683, .F. ) ;
#286 = DIRECTION ( 'NONE',  ( 1.000000000000000000, 0.000000000000000000, 0.000000000000000000 ) ) ;
#287 = FILL_AREA_STYLE ('',( #627 ) ) ;
#288 = ORIENTED_EDGE ( 'NONE', *, *, #1356, .T. ) ;
#289 = CARTESIAN_POINT ( 'NONE',  ( -5.000000000000000000, 19.30000000000000426, 8.299999999999997158 ) ) ;
#290 = VERTEX_POINT ( 'NONE', #950 ) ;
#291 = FACE_BOUND ( 'NONE', #1030, .T. ) ;
#292 = EDGE_CURVE ( 'NONE', #555, #335, #211, .T. ) ;
#293 = CARTESIAN_POINT ( 'NONE',  ( 0.000000000000000000, 8.980388614555460336, 6.049999999999990941 ) ) ;
#294 = DIRECTION ( 'NONE',  ( 0.000000000000000000, 0.000000000000000000, -1.000000000000000000 ) ) ;
#295 = ORIENTED_EDGE ( 'NONE', *, *, #1307, .F. ) ;
#296 = CARTESIAN_POINT ( 'NONE',  ( -2.500000000000000000, 16.30000000000000426, 3.299999999999996714 ) ) ;
#297 = ORIENTED_EDGE ( 'NONE', *, *, #1033, .T. ) ;
#298 = DIRECTION ( 'NONE',  ( 1.000000000000000000, 0.000000000000000000, 0.000000000000000000 ) ) ;
#299 = DIRECTION ( 'NONE',  ( 1.000000000000000000, 0.000000000000000000, 0.000000000000000000 ) ) ;
#300 =( LENGTH_UNIT ( ) NAMED_UNIT ( * ) SI_UNIT ( .MILLI., .METRE. ) );
#301 = ORIENTED_EDGE ( 'NONE', *, *, #1200, .T. ) ;
#302 = FACE_OUTER_BOUND ( 'NONE', #253, .T. ) ;
#303 = VECTOR ( 'NONE', #265, 1000.000000000000000 ) ;
#304 = CIRCLE ( 'NONE', #14, 2.100000000000002753 ) ;
#305 = VERTEX_POINT ( 'NONE', #1096 ) ;
#306 = CIRCLE ( 'NONE', #328, 1.050000000000000488 ) ;
#307 = EDGE_CURVE ( 'NONE', #1406, #168, #774, .T. ) ;
#308 = EDGE_CURVE ( 'NONE', #378, #667, #935, .T. ) ;
#309 = EDGE_CURVE ( 'NONE', #290, #969, #729, .T. ) ;
#310 = LINE ( 'NONE', #534, #758 ) ;
#311 = FACE_OUTER_BOUND ( 'NONE', #456, .T. ) ;
#312 = ORIENTED_EDGE ( 'NONE', *, *, #510, .F. ) ;
#313 = CARTESIAN_POINT ( 'NONE',  ( -1.249999999999998224, 16.30000000000000426, 3.299999999999996714 ) ) ;
#314 = EDGE_CURVE ( 'NONE', #333, #986, #890, .T. ) ;
#315 = EDGE_LOOP ( 'NONE', ( #735, #1024, #643, #827 ) ) ;
#316 = DIRECTION ( 'NONE',  ( 0.000000000000000000, 0.000000000000000000, -1.000000000000000000 ) ) ;
#317 = CARTESIAN_POINT ( 'NONE',  ( 0.000000000000000000, 6.742981701942024841, 0.9131059075999957697 ) ) ;
#318 = DIRECTION ( 'NONE',  ( 1.000000000000000000, 0.000000000000000000, 0.000000000000000000 ) ) ;
#319 = EDGE_LOOP ( 'NONE', ( #1169, #1083, #1079, #502 ) ) ;
#320 = CARTESIAN_POINT ( 'NONE',  ( -5.000000000000000000, 5.835960326050243729, -10.88166209816823837 ) ) ;
#321 = ORIENTED_EDGE ( 'NONE', *, *, #768, .F. ) ;
#322 = DIRECTION ( 'NONE',  ( 1.000000000000000000, 0.000000000000000000, 0.000000000000000000 ) ) ;
#323 = VERTEX_POINT ( 'NONE', #761 ) ;
#324 = CARTESIAN_POINT ( 'NONE',  ( 0.000000000000000000, 8.980388614555460336, 8.149999999999993250 ) ) ;
#325 = CIRCLE ( 'NONE', #613, 1.750000000000000000 ) ;
#326 = AXIS2_PLACEMENT_3D ( 'NONE', #610, #1396, #138 ) ;
#327 = ORIENTED_EDGE ( 'NONE', *, *, #751, .F. ) ;
#328 = AXIS2_PLACEMENT_3D ( 'NONE', #1194, #1327, #77 ) ;
#329 = AXIS2_PLACEMENT_3D ( 'NONE', #1441, #427, #770 ) ;
#330 = PRODUCT_DEFINITION ( 'UNKNOWN', '', #331, #1377 ) ;
#331 = PRODUCT_DEFINITION_FORMATION_WITH_SPECIFIED_SOURCE ( 'ANY', '', #7, .NOT_KNOWN. ) ;
#332 = LINE ( 'NONE', #1216, #444 ) ;
#333 = VERTEX_POINT ( 'NONE', #1116 ) ;
#334 = DIRECTION ( 'NONE',  ( 0.000000000000000000, 0.5620916462564790050, 0.8270749550123502880 ) ) ;
#335 = VERTEX_POINT ( 'NONE', #431 ) ;
#336 = DIRECTION ( 'NONE',  ( -1.000000000000000000, -0.000000000000000000, -0.000000000000000000 ) ) ;
#337 = ADVANCED_FACE ( 'NONE', ( #570 ), #1229, .T. ) ;
#338 = ORIENTED_EDGE ( 'NONE', *, *, #1332, .F. ) ;
#339 = CARTESIAN_POINT ( 'NONE',  ( 0.000000000000000000, 1.619172682387724826, -3.400000000000005240 ) ) ;
#340 = ORIENTED_EDGE ( 'NONE', *, *, #1263, .T. ) ;
#341 = CARTESIAN_POINT ( 'NONE',  ( -3.500000000000000000, 1.619172682387712392, -4.600000000000006750 ) ) ;
#342 = ORIENTED_EDGE ( 'NONE', *, *, #765, .F. ) ;
#343 = DIRECTION ( 'NONE',  ( 1.000000000000000000, 0.000000000000000000, 0.000000000000000000 ) ) ;
#344 = EDGE_LOOP ( 'NONE', ( #1209, #1408 ) ) ;
#345 = CARTESIAN_POINT ( 'NONE',  ( -2.500000000000000000, 16.30000000000000426, 8.299999999999997158 ) ) ;
#346 = CARTESIAN_POINT ( 'NONE',  ( -5.000000000000000000, -5.742043249779999137, 7.100000000000004974 ) ) ;
#347 = VERTEX_POINT ( 'NONE', #1334 ) ;
#348 = CARTESIAN_POINT ( 'NONE',  ( -5.000000000000000000, -12.69999999999999396, 8.299999999999997158 ) ) ;
#349 = AXIS2_PLACEMENT_3D ( 'NONE', #650, #520, #1416 ) ;
#350 = AXIS2_PLACEMENT_3D ( 'NONE', #653, #412, #850 ) ;
#351 = ADVANCED_FACE ( 'NONE', ( #767 ), #991, .F. ) ;
#352 = ADVANCED_FACE ( 'NONE', ( #1122 ), #869, .T. ) ;
#353 = AXIS2_PLACEMENT_3D ( 'NONE', #997, #1189, #1422 ) ;
#354 = DIRECTION ( 'NONE',  ( 1.000000000000000000, -0.000000000000000000, -0.000000000000000000 ) ) ;
#355 = VECTOR ( 'NONE', #494, 1000.000000000000000 ) ;
#356 = CYLINDRICAL_SURFACE ( 'NONE', #1461, 4.999999999999992895 ) ;
#357 = ORIENTED_EDGE ( 'NONE', *, *, #228, .T. ) ;
#358 = DIRECTION ( 'NONE',  ( 1.000000000000000000, 0.000000000000000000, 0.000000000000000000 ) ) ;
#359 = VERTEX_POINT ( 'NONE', #998 ) ;
#360 = CARTESIAN_POINT ( 'NONE',  ( -5.000000000000000000, -12.69999999999999218, 2.176871021500871972 ) ) ;
#361 = FACE_OUTER_BOUND ( 'NONE', #1326, .T. ) ;
#362 = ORIENTED_EDGE ( 'NONE', *, *, #1167, .F. ) ;
#363 = DIRECTION ( 'NONE',  ( 1.000000000000000000, -0.000000000000000000, -0.000000000000000000 ) ) ;
#364 = VERTEX_POINT ( 'NONE', #438 ) ;
#365 = DIRECTION ( 'NONE',  ( 0.000000000000000000, 0.000000000000000000, -1.000000000000000000 ) ) ;
#366 = FACE_OUTER_BOUND ( 'NONE', #198, .T. ) ;
#367 = EDGE_CURVE ( 'NONE', #359, #725, #332, .T. ) ;
#368 = ORIENTED_EDGE ( 'NONE', *, *, #1427, .F. ) ;
#369 = FACE_OUTER_BOUND ( 'NONE', #1397, .T. ) ;
#370 = ORIENTED_EDGE ( 'NONE', *, *, #1427, .T. ) ;
#371 = DIRECTION ( 'NONE',  ( 1.000000000000000000, -0.000000000000000000, -0.000000000000000000 ) ) ;
#372 = EDGE_CURVE ( 'NONE', #168, #1266, #884, .T. ) ;
#373 = CIRCLE ( 'NONE', #278, 1.250000000000001776 ) ;
#374 =( LENGTH_UNIT ( ) NAMED_UNIT ( * ) SI_UNIT ( .MILLI., .METRE. ) );
#375 = CIRCLE ( 'NONE', #567, 2.100000000000000089 ) ;
#376 = CARTESIAN_POINT ( 'NONE',  ( -3.500000000000000000, 8.980388614555458560, 7.099999999999990763 ) ) ;
#377 = CIRCLE ( 'NONE', #498, 2.100000000000002753 ) ;
#378 = VERTEX_POINT ( 'NONE', #1349 ) ;
#379 = DIRECTION ( 'NONE',  ( 1.000000000000000000, 0.000000000000000000, 0.000000000000000000 ) ) ;
#380 = ORIENTED_EDGE ( 'NONE', *, *, #989, .T. ) ;
#381 = EDGE_CURVE ( 'NONE', #159, #1324, #1062, .T. ) ;
#382 = CARTESIAN_POINT ( 'NONE',  ( -5.000000000000000000, 1.619172682387724826, -3.400000000000005240 ) ) ;
#383 = DIRECTION ( 'NONE',  ( 1.000000000000000000, 0.000000000000000000, 0.000000000000000000 ) ) ;
#384 = FACE_BOUND ( 'NONE', #95, .T. ) ;
#385 = ORIENTED_EDGE ( 'NONE', *, *, #367, .T. ) ;
#386 = DIRECTION ( 'NONE',  ( 1.000000000000000000, -0.000000000000000000, -0.000000000000000000 ) ) ;
#387 = EDGE_LOOP ( 'NONE', ( #74, #1455, #960, #1345 ) ) ;
#388 = DIRECTION ( 'NONE',  ( 0.000000000000000000, 0.000000000000000000, -1.000000000000000000 ) ) ;
#389 = CARTESIAN_POINT ( 'NONE',  ( -3.500000000000000000, 1.619172682387712170, -6.700000000000007283 ) ) ;
#390 = DIRECTION ( 'NONE',  ( 0.000000000000000000, 0.000000000000000000, -1.000000000000000000 ) ) ;
#391 = ORIENTED_EDGE ( 'NONE', *, *, #828, .F. ) ;
#392 = DIRECTION ( 'NONE',  ( 0.000000000000000000, 0.000000000000000000, -1.000000000000000000 ) ) ;
#393 = ADVANCED_FACE ( 'NONE', ( #1004 ), #195, .F. ) ;
#394 = EDGE_LOOP ( 'NONE', ( #79, #370 ) ) ;
#395 = DIRECTION ( 'NONE',  ( 0.000000000000000000, 0.000000000000000000, -1.000000000000000000 ) ) ;
#396 = VECTOR ( 'NONE', #907, 1000.000000000000000 ) ;
#397 = ORIENTED_EDGE ( 'NONE', *, *, #464, .F. ) ;
#398 = DIRECTION ( 'NONE',  ( 0.000000000000000000, 0.000000000000000000, -1.000000000000000000 ) ) ;
#399 = VECTOR ( 'NONE', #775, 1000.000000000000000 ) ;
#400 =( GEOMETRIC_REPRESENTATION_CONTEXT ( 3 ) GLOBAL_UNCERTAINTY_ASSIGNED_CONTEXT ( ( #29 ) ) GLOBAL_UNIT_ASSIGNED_CONTEXT ( ( #300, #535, #513 ) ) REPRESENTATION_CONTEXT ( 'NONE', 'WORKASPACE' ) );
#401 = VERTEX_POINT ( 'NONE', #669 ) ;
#402 = CYLINDRICAL_SURFACE ( 'NONE', #490, 2.100000000000002753 ) ;
#403 = DIRECTION ( 'NONE',  ( 0.000000000000000000, 0.000000000000000000, -1.000000000000000000 ) ) ;
#404 = CARTESIAN_POINT ( 'NONE',  ( 0.000000000000000000, 11.71333844946574665, 1.456754509497715455 ) ) ;
#405 = EDGE_LOOP ( 'NONE', ( #1335, #976, #553, #849 ) ) ;
#406 = PLANE ( 'NONE',  #350 ) ;
#407 = VERTEX_POINT ( 'NONE', #317 ) ;
#408 = DIRECTION ( 'NONE',  ( 1.000000000000000000, 0.000000000000000000, 0.000000000000000000 ) ) ;
#409 = DIRECTION ( 'NONE',  ( 0.000000000000000000, 0.000000000000000000, -1.000000000000000000 ) ) ;
#410 = CARTESIAN_POINT ( 'NONE',  ( -3.500000000000000000, 8.980388614555460336, 6.049999999999990941 ) ) ;
#411 = VERTEX_POINT ( 'NONE', #339 ) ;
#412 = DIRECTION ( 'NONE',  ( 1.000000000000000000, 0.000000000000000000, 0.000000000000000000 ) ) ;
#413 = ADVANCED_FACE ( 'NONE', ( #789 ), #1235, .F. ) ;
#414 = ORIENTED_EDGE ( 'NONE', *, *, #646, .F. ) ;
#415 = DIRECTION ( 'NONE',  ( 1.000000000000000000, 0.000000000000000000, 0.000000000000000000 ) ) ;
#416 = ADVANCED_FACE ( 'NONE', ( #1453 ), #662, .T. ) ;
#417 = DIRECTION ( 'NONE',  ( 0.000000000000000000, -1.000000000000000000, -2.373254339037517876E-16 ) ) ;
#418 = CIRCLE ( 'NONE', #1244, 1.050000000000000488 ) ;
#419 = ORIENTED_EDGE ( 'NONE', *, *, #983, .T. ) ;
#420 = DIRECTION ( 'NONE',  ( -0.000000000000000000, -0.000000000000000000, 1.000000000000000000 ) ) ;
#421 = AXIS2_PLACEMENT_3D ( 'NONE', #836, #1053, #23 ) ;
#422 = AXIS2_PLACEMENT_3D ( 'NONE', #1103, #430, #766 ) ;
#423 = ORIENTED_EDGE ( 'NONE', *, *, #651, .F. ) ;
#424 = PRESENTATION_LAYER_ASSIGNMENT (  '', '', ( #284 ) ) ;
#425 = CYLINDRICAL_SURFACE ( 'NONE', #707, 1.250000000000000000 ) ;
#426 = DIRECTION ( 'NONE',  ( 1.000000000000000000, 0.000000000000000000, 0.000000000000000000 ) ) ;
#427 = DIRECTION ( 'NONE',  ( 1.000000000000000000, -0.000000000000000000, -0.000000000000000000 ) ) ;
#428 = LINE ( 'NONE', #1291, #471 ) ;
#429 = ORIENTED_EDGE ( 'NONE', *, *, #1380, .T. ) ;
#430 = DIRECTION ( 'NONE',  ( 1.000000000000000000, 0.000000000000000000, 0.000000000000000000 ) ) ;
#431 = CARTESIAN_POINT ( 'NONE',  ( -0.4999999999999995559, 11.71333844946574665, 2.706754509497714789 ) ) ;
#432 = EDGE_LOOP ( 'NONE', ( #1433, #486, #4, #285 ) ) ;
#433 = CARTESIAN_POINT ( 'NONE',  ( -5.000000000000000000, 1.619172682387712170, -6.700000000000007283 ) ) ;
#434 = ORIENTED_EDGE ( 'NONE', *, *, #625, .F. ) ;
#435 = ADVANCED_FACE ( 'NONE', ( #311 ), #656, .F. ) ;
#436 = DIRECTION ( 'NONE',  ( 1.000000000000000000, 0.000000000000000000, 0.000000000000000000 ) ) ;
#437 = ADVANCED_FACE ( 'NONE', ( #1104 ), #540, .T. ) ;
#438 = CARTESIAN_POINT ( 'NONE',  ( -1.000000000000000000, 10.87173322995526803, -3.471906632688126937 ) ) ;
#439 = ORIENTED_EDGE ( 'NONE', *, *, #989, .F. ) ;
#440 = DIRECTION ( 'NONE',  ( 0.000000000000000000, 0.000000000000000000, -1.000000000000000000 ) ) ;
#441 = ADVANCED_FACE ( 'NONE', ( #1375 ), #1158, .F. ) ;
#442 = ORIENTED_EDGE ( 'NONE', *, *, #307, .F. ) ;
#443 = DIRECTION ( 'NONE',  ( 1.000000000000000000, 0.000000000000000000, 0.000000000000000000 ) ) ;
#444 = VECTOR ( 'NONE', #1211, 1000.000000000000000 ) ;
#445 = AXIS2_PLACEMENT_3D ( 'NONE', #1388, #826, #818 ) ;
#446 = EDGE_CURVE ( 'NONE', #193, #335, #132, .T. ) ;
#447 = AXIS2_PLACEMENT_3D ( 'NONE', #1425, #575, #903 ) ;
#448 = AXIS2_PLACEMENT_3D ( 'NONE', #690, #584, #15 ) ;
#449 = DIRECTION ( 'NONE',  ( 0.000000000000000000, 0.000000000000000000, -1.000000000000000000 ) ) ;
#450 = VERTEX_POINT ( 'NONE', #815 ) ;
#451 = FACE_OUTER_BOUND ( 'NONE', #702, .T. ) ;
#452 = ORIENTED_EDGE ( 'NONE', *, *, #171, .T. ) ;
#453 = CARTESIAN_POINT ( 'NONE',  ( -0.5000000000000000000, 7.675034838311629137, 4.404991939580232163 ) ) ;
#454 = ADVANCED_BREP_SHAPE_REPRESENTATION ( 'holder motor', ( #232, #1136 ), #1181 ) ;
#455 = CARTESIAN_POINT ( 'NONE',  ( -3.500000000000000000, 8.980388614555460336, 3.949999999999988187 ) ) ;
#456 = EDGE_LOOP ( 'NONE', ( #1192, #506, #1424, #452, #1099, #105, #719, #1007 ) ) ;
#457 = CYLINDRICAL_SURFACE ( 'NONE', #686, 1.049999999999999822 ) ;
#458 = ORIENTED_EDGE ( 'NONE', *, *, #604, .F. ) ;
#459 = DIRECTION ( 'NONE',  ( 0.000000000000000000, 0.000000000000000000, -1.000000000000000000 ) ) ;
#460 = EDGE_CURVE ( 'NONE', #1151, #261, #583, .T. ) ;
#461 = EDGE_CURVE ( 'NONE', #1206, #305, #373, .T. ) ;
#462 = APPLICATION_PROTOCOL_DEFINITION ( 'draft international standard', 'automotive_design', 1998, #612 ) ;
#463 = CARTESIAN_POINT ( 'NONE',  ( -1.000000000000000000, 5.835960326050243729, -10.88166209816823837 ) ) ;
#464 = EDGE_CURVE ( 'NONE', #281, #986, #663, .T. ) ;
#465 = CARTESIAN_POINT ( 'NONE',  ( 0.000000000000000000, -12.69999999999999218, 0.9905285816086129014 ) ) ;
#466 = ORIENTED_EDGE ( 'NONE', *, *, #727, .F. ) ;
#467 = DIRECTION ( 'NONE',  ( 0.000000000000000000, 0.000000000000000000, -1.000000000000000000 ) ) ;
#468 = AXIS2_PLACEMENT_3D ( 'NONE', #1383, #371, #122 ) ;
#469 = DIRECTION ( 'NONE',  ( 0.000000000000000000, 0.000000000000000000, 1.000000000000000000 ) ) ;
#470 = VECTOR ( 'NONE', #475, 1000.000000000000000 ) ;
#471 = VECTOR ( 'NONE', #736, 1000.000000000000000 ) ;
#472 = CARTESIAN_POINT ( 'NONE',  ( -3.500000000000000000, 1.619172682387712170, -6.700000000000007283 ) ) ;
#473 = PLANE ( 'NONE',  #548 ) ;
#474 = EDGE_LOOP ( 'NONE', ( #166, #598 ) ) ;
#475 = DIRECTION ( 'NONE',  ( 0.000000000000000000, 2.373254339037517876E-16, -1.000000000000000000 ) ) ;
#476 = VERTEX_POINT ( 'NONE', #360 ) ;
#477 = DIRECTION ( 'NONE',  ( 0.000000000000000000, 0.000000000000000000, -1.000000000000000000 ) ) ;
#478 = DIRECTION ( 'NONE',  ( -1.000000000000000000, -0.000000000000000000, -0.000000000000000000 ) ) ;
#479 = VERTEX_POINT ( 'NONE', #1143 ) ;
#480 = CARTESIAN_POINT ( 'NONE',  ( 0.000000000000000000, -1.569821237709211115, -10.88166209816823837 ) ) ;
#481 = ADVANCED_FACE ( 'NONE', ( #249, #1035 ), #12, .T. ) ;
#482 = ORIENTED_EDGE ( 'NONE', *, *, #37, .F. ) ;
#483 = DIRECTION ( 'NONE',  ( 1.000000000000000000, 0.000000000000000000, 0.000000000000000000 ) ) ;
#484 = CARTESIAN_POINT ( 'NONE',  ( -5.000000000000000000, -1.569821237709211115, -10.88166209816823837 ) ) ;
#485 = CARTESIAN_POINT ( 'NONE',  ( 0.000000000000000000, 19.30000000000000426, 8.299999999999997158 ) ) ;
#486 = ORIENTED_EDGE ( 'NONE', *, *, #646, .T. ) ;
#487 = CARTESIAN_POINT ( 'NONE',  ( -5.000000000000000000, 16.40881493652181078, 2.496417303903628149 ) ) ;
#488 = EDGE_CURVE ( 'NONE', #55, #290, #1049, .T. ) ;
#489 = VERTEX_POINT ( 'NONE', #925 ) ;
#490 = AXIS2_PLACEMENT_3D ( 'NONE', #1074, #1080, #388 ) ;
#491 = ADVANCED_FACE ( 'NONE', ( #809 ), #795, .F. ) ;
#492 = CARTESIAN_POINT ( 'NONE',  ( -5.000000000000000000, -12.69999999999999218, 0.9905285816086129014 ) ) ;
#493 = VECTOR ( 'NONE', #104, 1000.000000000000000 ) ;
#494 = DIRECTION ( 'NONE',  ( 0.000000000000000000, 1.000000000000000000, 0.000000000000000000 ) ) ;
#495 = VECTOR ( 'NONE', #928, 1000.000000000000000 ) ;
#496 = CARTESIAN_POINT ( 'NONE',  ( -1.000000000000000000, 10.87173322995526803, -3.471906632688126049 ) ) ;
#497 = CIRCLE ( 'NONE', #1065, 5.200000000000001066 ) ;
#498 = AXIS2_PLACEMENT_3D ( 'NONE', #1045, #478, #141 ) ;
#499 = CIRCLE ( 'NONE', #69, 4.999999999999992895 ) ;
#500 = ORIENTED_EDGE ( 'NONE', *, *, #1380, .F. ) ;
#501 = DIRECTION ( 'NONE',  ( 0.000000000000000000, 0.000000000000000000, -1.000000000000000000 ) ) ;
#502 = ORIENTED_EDGE ( 'NONE', *, *, #829, .T. ) ;
#503 = CARTESIAN_POINT ( 'NONE',  ( -5.000000000000000000, -12.69999999999999218, 2.176871021500871972 ) ) ;
#504 = CARTESIAN_POINT ( 'NONE',  ( -1.250000000000000000, -9.699999999999993960, 3.299999999999996714 ) ) ;
#505 = CARTESIAN_POINT ( 'NONE',  ( -0.5000000000000000000, 11.71333844946574665, 3.206754509497715677 ) ) ;
#506 = ORIENTED_EDGE ( 'NONE', *, *, #578, .F. ) ;
#507 = DIRECTION ( 'NONE',  ( 1.000000000000000000, 0.000000000000000000, 0.000000000000000000 ) ) ;
#508 = ORIENTED_EDGE ( 'NONE', *, *, #604, .T. ) ;
#509 = ADVANCED_FACE ( 'NONE', ( #1026 ), #698, .T. ) ;
#510 = EDGE_CURVE ( 'NONE', #1198, #588, #592, .T. ) ;
#511 = CARTESIAN_POINT ( 'NONE',  ( -5.000000000000000000, -12.69999999999999396, 8.299999999999997158 ) ) ;
#512 = LINE ( 'NONE', #504, #547 ) ;
#513 =( NAMED_UNIT ( * ) SI_UNIT ( $, .STERADIAN. ) SOLID_ANGLE_UNIT ( ) );
#514 = ORIENTED_EDGE ( 'NONE', *, *, #571, .F. ) ;
#515 = FACE_OUTER_BOUND ( 'NONE', #623, .T. ) ;
#516 = ORIENTED_EDGE ( 'NONE', *, *, #1263, .F. ) ;
#517 = DIRECTION ( 'NONE',  ( 0.000000000000000000, 0.000000000000000000, -1.000000000000000000 ) ) ;
#518 = CARTESIAN_POINT ( 'NONE',  ( -3.500000000000000000, 8.980388614555460336, 3.949999999999988187 ) ) ;
#519 = AXIS2_PLACEMENT_3D ( 'NONE', #803, #599, #477 ) ;
#520 = DIRECTION ( 'NONE',  ( -1.000000000000000000, -0.000000000000000000, -0.000000000000000000 ) ) ;
#521 = VERTEX_POINT ( 'NONE', #1044 ) ;
#522 = CARTESIAN_POINT ( 'NONE',  ( -1.000000000000000000, 11.71333844946574665, 1.456754509497715455 ) ) ;
#523 = CIRCLE ( 'NONE', #1343, 1.250000000000001776 ) ;
#524 = VECTOR ( 'NONE', #563, 1000.000000000000000 ) ;
#525 = ORIENTED_EDGE ( 'NONE', *, *, #1242, .F. ) ;
#526 = LINE ( 'NONE', #492, #1316 ) ;
#527 = DIRECTION ( 'NONE',  ( 1.000000000000000000, 0.000000000000000000, 0.000000000000000000 ) ) ;
#528 = DIRECTION ( 'NONE',  ( -1.000000000000000000, 0.000000000000000000, 0.000000000000000000 ) ) ;
#529 = EDGE_CURVE ( 'NONE', #1249, #1140, #891, .T. ) ;
#530 = ORIENTED_EDGE ( 'NONE', *, *, #745, .T. ) ;
#531 = CARTESIAN_POINT ( 'NONE',  ( -3.500000000000000000, 8.980388614555458560, 6.049999999999990052 ) ) ;
#532 = ORIENTED_EDGE ( 'NONE', *, *, #852, .T. ) ;
#533 = ADVANCED_FACE ( 'NONE', ( #606 ), #930, .F. ) ;
#534 = CARTESIAN_POINT ( 'NONE',  ( -3.500000000000000000, 1.619172682387712170, -8.800000000000007816 ) ) ;
#535 =( NAMED_UNIT ( * ) PLANE_ANGLE_UNIT ( ) SI_UNIT ( $, .RADIAN. ) );
#536 = ORIENTED_EDGE ( 'NONE', *, *, #765, .T. ) ;
#537 = FACE_OUTER_BOUND ( 'NONE', #1308, .T. ) ;
#538 = ORIENTED_EDGE ( 'NONE', *, *, #464, .T. ) ;
#539 = CARTESIAN_POINT ( 'NONE',  ( 0.000000000000000000, 10.87173322995526625, -3.471906632688126493 ) ) ;
#540 = CYLINDRICAL_SURFACE ( 'NONE', #1150, 1.750000000000000000 ) ;
#541 = AXIS2_PLACEMENT_3D ( 'NONE', #1459, #1342, #449 ) ;
#542 = CARTESIAN_POINT ( 'NONE',  ( -5.000000000000000000, 11.71333844946574665, 0.2067545094977161213 ) ) ;
#543 = DIRECTION ( 'NONE',  ( 0.000000000000000000, 0.000000000000000000, -1.000000000000000000 ) ) ;
#544 = CIRCLE ( 'NONE', #1363, 1.250000000000000000 ) ;
#545 = AXIS2_PLACEMENT_3D ( 'NONE', #1429, #655, #1446 ) ;
#546 = EDGE_LOOP ( 'NONE', ( #871, #50 ) ) ;
#547 = VECTOR ( 'NONE', #949, 1000.000000000000000 ) ;
#548 = AXIS2_PLACEMENT_3D ( 'NONE', #266, #1036, #718 ) ;
#549 = DIRECTION ( 'NONE',  ( 1.000000000000000000, 0.000000000000000000, 0.000000000000000000 ) ) ;
#550 = DIRECTION ( 'NONE',  ( 1.000000000000000000, -0.000000000000000000, -0.000000000000000000 ) ) ;
#551 = ORIENTED_EDGE ( 'NONE', *, *, #1356, .F. ) ;
#552 = DIRECTION ( 'NONE',  ( 0.000000000000000000, 0.000000000000000000, -1.000000000000000000 ) ) ;
#553 = ORIENTED_EDGE ( 'NONE', *, *, #1319, .T. ) ;
#554 = CARTESIAN_POINT ( 'NONE',  ( -5.000000000000000000, -5.742043249779999137, 5.000000000000003553 ) ) ;
#555 = VERTEX_POINT ( 'NONE', #821 ) ;
#556 = DIRECTION ( 'NONE',  ( 0.000000000000000000, 0.5620916462564791161, 0.8270749550123502880 ) ) ;
#557 = ORIENTED_EDGE ( 'NONE', *, *, #24, .T. ) ;
#558 = CARTESIAN_POINT ( 'NONE',  ( -5.000000000000000000, 1.619172682387725493, 6.999999999999997335 ) ) ;
#559 = EDGE_CURVE ( 'NONE', #820, #364, #1165, .T. ) ;
#560 = ORIENTED_EDGE ( 'NONE', *, *, #914, .T. ) ;
#561 = LINE ( 'NONE', #786, #90 ) ;
#562 = DIRECTION ( 'NONE',  ( 0.000000000000000000, 0.000000000000000000, 1.000000000000000000 ) ) ;
#563 = DIRECTION ( 'NONE',  ( 1.000000000000000000, -0.000000000000000000, -0.000000000000000000 ) ) ;
#564 = FACE_BOUND ( 'NONE', #1196, .T. ) ;
#565 = ORIENTED_EDGE ( 'NONE', *, *, #660, .F. ) ;
#566 = DIRECTION ( 'NONE',  ( 0.000000000000000000, 0.000000000000000000, -1.000000000000000000 ) ) ;
#567 = AXIS2_PLACEMENT_3D ( 'NONE', #1234, #780, #459 ) ;
#568 = VERTEX_POINT ( 'NONE', #1355 ) ;
#569 = CIRCLE ( 'NONE', #709, 1.049999999999999822 ) ;
#570 = FACE_OUTER_BOUND ( 'NONE', #216, .T. ) ;
#571 = EDGE_CURVE ( 'NONE', #1387, #971, #6, .T. ) ;
#572 = VERTEX_POINT ( 'NONE', #236 ) ;
#573 = ADVANCED_FACE ( 'NONE', ( #689, #579, #743, #291, #154, #70 ), #1285, .T. ) ;
#574 = ADVANCED_FACE ( 'NONE', ( #973, #188 ), #838, .T. ) ;
#575 = DIRECTION ( 'NONE',  ( -1.000000000000000000, -0.000000000000000000, -0.000000000000000000 ) ) ;
#576 = ORIENTED_EDGE ( 'NONE', *, *, #73, .F. ) ;
#577 = CARTESIAN_POINT ( 'NONE',  ( -5.000000000000000000, 1.619172682387724826, 1.799999999999996048 ) ) ;
#578 = EDGE_CURVE ( 'NONE', #715, #9, #587, .T. ) ;
#579 = FACE_BOUND ( 'NONE', #1175, .T. ) ;
#580 = DIRECTION ( 'NONE',  ( 1.000000000000000000, -0.000000000000000000, -0.000000000000000000 ) ) ;
#581 = ORIENTED_EDGE ( 'NONE', *, *, #381, .F. ) ;
#582 = DIRECTION ( 'NONE',  ( 1.000000000000000000, 0.000000000000000000, 0.000000000000000000 ) ) ;
#583 = LINE ( 'NONE', #242, #1265 ) ;
#584 = DIRECTION ( 'NONE',  ( 1.000000000000000000, 0.000000000000000000, 0.000000000000000000 ) ) ;
#585 = ORIENTED_EDGE ( 'NONE', *, *, #309, .F. ) ;
#586 = CARTESIAN_POINT ( 'NONE',  ( -3.500000000000000000, -5.742043249780005354, 6.050000000000001599 ) ) ;
#587 = CIRCLE ( 'NONE', #255, 5.200000000000001066 ) ;
#588 = VERTEX_POINT ( 'NONE', #1400 ) ;
#589 = APPLICATION_PROTOCOL_DEFINITION ( 'draft international standard', 'automotive_design', 1998, #882 ) ;
#590 = CIRCLE ( 'NONE', #894, 2.999999999999999112 ) ;
#591 = AXIS2_PLACEMENT_3D ( 'NONE', #522, #1100, #1084 ) ;
#592 = LINE ( 'NONE', #1274, #303 ) ;
#593 = AXIS2_PLACEMENT_3D ( 'NONE', #633, #724, #967 ) ;
#594 = FACE_BOUND ( 'NONE', #239, .T. ) ;
#595 = EDGE_CURVE ( 'NONE', #715, #411, #948, .T. ) ;
#596 = ORIENTED_EDGE ( 'NONE', *, *, #755, .F. ) ;
#597 = CARTESIAN_POINT ( 'NONE',  ( 0.000000000000000000, -5.742043249780005354, 6.050000000000001599 ) ) ;
#598 = ORIENTED_EDGE ( 'NONE', *, *, #1373, .T. ) ;
#599 = DIRECTION ( 'NONE',  ( -1.000000000000000000, -0.000000000000000000, -0.000000000000000000 ) ) ;
#600 = EDGE_CURVE ( 'NONE', #333, #1077, #325, .T. ) ;
#601 = DIRECTION ( 'NONE',  ( 0.000000000000000000, 0.6839411288813292966, -0.7295372041400856045 ) ) ;
#602 = ORIENTED_EDGE ( 'NONE', *, *, #1054, .T. ) ;
#603 = DIRECTION ( 'NONE',  ( 1.000000000000000000, 0.000000000000000000, 0.000000000000000000 ) ) ;
#604 = EDGE_CURVE ( 'NONE', #32, #1457, #1086, .T. ) ;
#605 = ORIENTED_EDGE ( 'NONE', *, *, #1276, .T. ) ;
#606 = FACE_OUTER_BOUND ( 'NONE', #927, .T. ) ;
#607 = DIRECTION ( 'NONE',  ( 0.000000000000000000, 0.000000000000000000, -1.000000000000000000 ) ) ;
#608 = DIRECTION ( 'NONE',  ( 1.000000000000000000, 0.000000000000000000, 0.000000000000000000 ) ) ;
#609 = ORIENTED_EDGE ( 'NONE', *, *, #889, .T. ) ;
#610 = CARTESIAN_POINT ( 'NONE',  ( -2.500000000000000000, 16.30000000000000426, 3.299999999999996714 ) ) ;
#611 = EDGE_LOOP ( 'NONE', ( #585, #246, #1256, #659 ) ) ;
#612 = APPLICATION_CONTEXT ( 'automotive_design' ) ;
#613 = AXIS2_PLACEMENT_3D ( 'NONE', #1421, #286, #845 ) ;
#614 = CARTESIAN_POINT ( 'NONE',  ( -5.000000000000000000, 1.619172682387712170, -6.700000000000007283 ) ) ;
#615 = CIRCLE ( 'NONE', #1063, 1.750000000000000000 ) ;
#616 = CARTESIAN_POINT ( 'NONE',  ( -1.000000000000000000, 16.40881493652181078, 2.496417303903628149 ) ) ;
#617 = VECTOR ( 'NONE', #1325, 1000.000000000000000 ) ;
#618 = CYLINDRICAL_SURFACE ( 'NONE', #1224, 3.000000000000000000 ) ;
#619 = ADVANCED_FACE ( 'NONE', ( #860 ), #402, .F. ) ;
#620 = EDGE_CURVE ( 'NONE', #347, #969, #526, .T. ) ;
#621 = EDGE_LOOP ( 'NONE', ( #634, #40, #947, #362 ) ) ;
#622 = CARTESIAN_POINT ( 'NONE',  ( -5.000000000000000000, -9.699999999999992184, 2.176871021500872416 ) ) ;
#623 = EDGE_LOOP ( 'NONE', ( #892, #924, #150, #1085, #442, #1037 ) ) ;
#624 = FACE_OUTER_BOUND ( 'NONE', #611, .T. ) ;
#625 = EDGE_CURVE ( 'NONE', #1271, #110, #722, .T. ) ;
#626 = CARTESIAN_POINT ( 'NONE',  ( -5.000000000000000000, 1.619172682387712170, -7.750000000000007105 ) ) ;
#627 = FILL_AREA_STYLE_COLOUR ( '', #43 ) ;
#628 = ORIENTED_EDGE ( 'NONE', *, *, #751, .T. ) ;
#629 = CARTESIAN_POINT ( 'NONE',  ( -0.5000000000000000000, 11.71333844946574665, -0.2932454905022845448 ) ) ;
#630 = ORIENTED_EDGE ( 'NONE', *, *, #1139, .T. ) ;
#631 = DIRECTION ( 'NONE',  ( 0.000000000000000000, 0.000000000000000000, -1.000000000000000000 ) ) ;
#632 = FACE_OUTER_BOUND ( 'NONE', #209, .T. ) ;
#633 = CARTESIAN_POINT ( 'NONE',  ( 0.000000000000000000, 4.247561290063298856, -7.881662098168238373 ) ) ;
#634 = ORIENTED_EDGE ( 'NONE', *, *, #1428, .F. ) ;
#635 = LINE ( 'NONE', #1197, #617 ) ;
#636 = EDGE_LOOP ( 'NONE', ( #1059, #630, #1120, #229 ) ) ;
#637 = EDGE_CURVE ( 'NONE', #762, #323, #34, .T. ) ;
#638 = DIRECTION ( 'NONE',  ( 1.000000000000000000, 0.000000000000000000, 0.000000000000000000 ) ) ;
#639 = FACE_BOUND ( 'NONE', #1293, .T. ) ;
#640 = VECTOR ( 'NONE', #1, 1000.000000000000000 ) ;
#641 = DIRECTION ( 'NONE',  ( -1.000000000000000000, -0.000000000000000000, -0.000000000000000000 ) ) ;
#642 = AXIS2_PLACEMENT_3D ( 'NONE', #1018, #436, #1466 ) ;
#643 = ORIENTED_EDGE ( 'NONE', *, *, #985, .T. ) ;
#644 = DIRECTION ( 'NONE',  ( 0.000000000000000000, 0.000000000000000000, -1.000000000000000000 ) ) ;
#645 = AXIS2_PLACEMENT_3D ( 'NONE', #982, #1432, #167 ) ;
#646 = EDGE_CURVE ( 'NONE', #476, #273, #1087, .T. ) ;
#647 = ORIENTED_EDGE ( 'NONE', *, *, #87, .T. ) ;
#648 = CARTESIAN_POINT ( 'NONE',  ( -5.000000000000000000, -1.569821237709211115, -10.88166209816823837 ) ) ;
#649 = CARTESIAN_POINT ( 'NONE',  ( 0.000000000000000000, -12.69999999999999396, 8.299999999999997158 ) ) ;
#650 = CARTESIAN_POINT ( 'NONE',  ( -0.4999999999999995559, 11.71333844946574665, 1.456754509497715455 ) ) ;
#651 = EDGE_CURVE ( 'NONE', #1452, #191, #418, .T. ) ;
#652 = ORIENTED_EDGE ( 'NONE', *, *, #219, .T. ) ;
#653 = CARTESIAN_POINT ( 'NONE',  ( -0.5000000000000000000, 11.71333844946574665, 1.456754509497715455 ) ) ;
#654 = ORIENTED_EDGE ( 'NONE', *, *, #932, .F. ) ;
#655 = DIRECTION ( 'NONE',  ( 1.000000000000000000, 0.000000000000000000, 0.000000000000000000 ) ) ;
#656 = CYLINDRICAL_SURFACE ( 'NONE', #1362, 5.200000000000001066 ) ;
#657 = DIRECTION ( 'NONE',  ( -0.000000000000000000, -0.000000000000000000, 1.000000000000000000 ) ) ;
#658 = DIRECTION ( 'NONE',  ( 1.000000000000000000, 0.000000000000000000, 0.000000000000000000 ) ) ;
#659 = ORIENTED_EDGE ( 'NONE', *, *, #796, .F. ) ;
#660 = EDGE_CURVE ( 'NONE', #1005, #667, #831, .T. ) ;
#661 = CARTESIAN_POINT ( 'NONE',  ( 0.000000000000000000, 16.60123225449077466, 2.509604997837757256 ) ) ;
#662 = PLANE ( 'NONE',  #89 ) ;
#663 = CIRCLE ( 'NONE', #519, 1.750000000000000000 ) ;
#664 = FACE_BOUND ( 'NONE', #742, .T. ) ;
#665 = CIRCLE ( 'NONE', #1014, 1.050000000000000488 ) ;
#666 = AXIS2_PLACEMENT_3D ( 'NONE', #1213, #658, #543 ) ;
#667 = VERTEX_POINT ( 'NONE', #58 ) ;
#668 = ORIENTED_EDGE ( 'NONE', *, *, #1142, .T. ) ;
#669 = CARTESIAN_POINT ( 'NONE',  ( 0.000000000000000000, -12.69999999999999396, 8.299999999999997158 ) ) ;
#670 = CARTESIAN_POINT ( 'NONE',  ( 0.000000000000000000, 5.835960326050243729, -10.88166209816823837 ) ) ;
#671 = ORIENTED_EDGE ( 'NONE', *, *, #39, .T. ) ;
#672 = CARTESIAN_POINT ( 'NONE',  ( -5.000000000000000000, 4.247561290063298856, -10.88166209816823837 ) ) ;
#673 = DIRECTION ( 'NONE',  ( 0.000000000000000000, -0.000000000000000000, 1.000000000000000000 ) ) ;
#674 = DIRECTION ( 'NONE',  ( 0.000000000000000000, 0.000000000000000000, -1.000000000000000000 ) ) ;
#675 = ORIENTED_EDGE ( 'NONE', *, *, #264, .T. ) ;
#676 = FACE_OUTER_BOUND ( 'NONE', #705, .T. ) ;
#677 = ADVANCED_FACE ( 'NONE', ( #1172 ), #1067, .F. ) ;
#678 = DIRECTION ( 'NONE',  ( 1.000000000000000000, 0.000000000000000000, 0.000000000000000000 ) ) ;
#679 = DIRECTION ( 'NONE',  ( 1.000000000000000000, 0.000000000000000000, 0.000000000000000000 ) ) ;
#680 = PLANE ( 'NONE',  #1269 ) ;
#681 = VECTOR ( 'NONE', #177, 1000.000000000000000 ) ;
#682 = ORIENTED_EDGE ( 'NONE', *, *, #1242, .T. ) ;
#683 = EDGE_CURVE ( 'NONE', #793, #401, #730, .T. ) ;
#684 = CARTESIAN_POINT ( 'NONE',  ( -3.500000000000000000, 1.619172682387712170, -7.750000000000007105 ) ) ;
#685 = CIRCLE ( 'NONE', #1292, 1.050000000000000488 ) ;
#686 = AXIS2_PLACEMENT_3D ( 'NONE', #1358, #880, #1330 ) ;
#687 = CIRCLE ( 'NONE', #186, 4.999999999999992895 ) ;
#688 = AXIS2_PLACEMENT_3D ( 'NONE', #848, #855, #165 ) ;
#689 = FACE_BOUND ( 'NONE', #251, .T. ) ;
#690 = CARTESIAN_POINT ( 'NONE',  ( -1.000000000000000000, 11.71333844946574665, 1.456754509497715455 ) ) ;
#691 = ORIENTED_EDGE ( 'NONE', *, *, #985, .F. ) ;
#692 = CARTESIAN_POINT ( 'NONE',  ( -5.000000000000000000, 4.247561290063298856, -7.881662098168238373 ) ) ;
#693 = DIRECTION ( 'NONE',  ( 1.000000000000000000, 0.000000000000000000, 0.000000000000000000 ) ) ;
#694 = CARTESIAN_POINT ( 'NONE',  ( -1.250000000000000000, -9.699999999999993960, 3.299999999999996714 ) ) ;
#695 = ORIENTED_EDGE ( 'NONE', *, *, #1382, .F. ) ;
#696 = CARTESIAN_POINT ( 'NONE',  ( 0.000000000000000000, 1.619172682387724826, 1.799999999999996048 ) ) ;
#697 = EDGE_LOOP ( 'NONE', ( #999, #837, #817, #788, #1017, #137, #1003, #1450, #825, #222, #1404 ) ) ;
#698 = PLANE ( 'NONE',  #64 ) ;
#699 = ADVANCED_FACE ( 'NONE', ( #624 ), #1414, .T. ) ;
#700 = EDGE_CURVE ( 'NONE', #1220, #772, #561, .T. ) ;
#701 = CARTESIAN_POINT ( 'NONE',  ( -2.500000000000000000, -9.699999999999993960, 3.299999999999996714 ) ) ;
#702 = EDGE_LOOP ( 'NONE', ( #695, #557, #647, #120, #813, #297, #922, #1357, #609, #675, #301, #342, #781, #654, #17, #1114, #951, #516 ) ) ;
#703 = CARTESIAN_POINT ( 'NONE',  ( -5.000000000000000000, 6.728786155100349831, -9.567937036937674833 ) ) ;
#704 = VECTOR ( 'NONE', #107, 1000.000000000000000 ) ;
#705 = EDGE_LOOP ( 'NONE', ( #81, #88, #904, #162 ) ) ;
#706 = CIRCLE ( 'NONE', #591, 4.999999999999992895 ) ;
#707 = AXIS2_PLACEMENT_3D ( 'NONE', #71, #877, #527 ) ;
#708 = CARTESIAN_POINT ( 'NONE',  ( -3.500000000000000000, 1.619172682387712170, -6.700000000000007283 ) ) ;
#709 = AXIS2_PLACEMENT_3D ( 'NONE', #913, #1364, #250 ) ;
#710 = AXIS2_PLACEMENT_3D ( 'NONE', #389, #839, #607 ) ;
#711 = DIRECTION ( 'NONE',  ( 1.000000000000000000, 0.000000000000000000, 0.000000000000000000 ) ) ;
#712 = ADVANCED_FACE ( 'NONE', ( #676 ), #1228, .T. ) ;
#713 = VERTEX_POINT ( 'NONE', #230 ) ;
#714 = CARTESIAN_POINT ( 'NONE',  ( -1.000000000000000000, 1.619172682387724826, 1.799999999999996048 ) ) ;
#715 = VERTEX_POINT ( 'NONE', #1456 ) ;
#716 = DIRECTION ( 'NONE',  ( 0.000000000000000000, 0.000000000000000000, -1.000000000000000000 ) ) ;
#717 = DIRECTION ( 'NONE',  ( 0.000000000000000000, 1.770863548392990641E-15, 1.000000000000000000 ) ) ;
#718 = DIRECTION ( 'NONE',  ( 1.000000000000000000, 0.000000000000000000, -0.000000000000000000 ) ) ;
#719 = ORIENTED_EDGE ( 'NONE', *, *, #660, .T. ) ;
#720 = CARTESIAN_POINT ( 'NONE',  ( 0.000000000000000000, 6.728786155100348942, -9.567937036937674833 ) ) ;
#721 = ORIENTED_EDGE ( 'NONE', *, *, #637, .T. ) ;
#722 = LINE ( 'NONE', #853, #681 ) ;
#723 = EDGE_CURVE ( 'NONE', #772, #401, #1141, .T. ) ;
#724 = DIRECTION ( 'NONE',  ( 1.000000000000000000, -0.000000000000000000, -0.000000000000000000 ) ) ;
#725 = VERTEX_POINT ( 'NONE', #324 ) ;
#726 = DIRECTION ( 'NONE',  ( 0.000000000000000000, 0.000000000000000000, -1.000000000000000000 ) ) ;
#727 = EDGE_CURVE ( 'NONE', #191, #1452, #685, .T. ) ;
#728 = VERTEX_POINT ( 'NONE', #1128 ) ;
#729 = CIRCLE ( 'NONE', #754, 3.000000000000000000 ) ;
#730 = LINE ( 'NONE', #511, #184 ) ;
#731 = VECTOR ( 'NONE', #358, 1000.000000000000000 ) ;
#732 = LINE ( 'NONE', #823, #136 ) ;
#733 = AXIS2_PLACEMENT_3D ( 'NONE', #433, #893, #1237 ) ;
#734 = LINE ( 'NONE', #1205, #1295 ) ;
#735 = ORIENTED_EDGE ( 'NONE', *, *, #201, .F. ) ;
#736 = DIRECTION ( 'NONE',  ( -1.000000000000000000, -0.000000000000000000, -0.000000000000000000 ) ) ;
#737 = VERTEX_POINT ( 'NONE', #554 ) ;
#738 = DIRECTION ( 'NONE',  ( -1.000000000000000000, -0.000000000000000000, -0.000000000000000000 ) ) ;
#739 = CARTESIAN_POINT ( 'NONE',  ( -3.500000000000000000, 1.619172682387712170, -8.800000000000007816 ) ) ;
#740 = ORIENTED_EDGE ( 'NONE', *, *, #372, .T. ) ;
#741 = CARTESIAN_POINT ( 'NONE',  ( -1.000000000000000000, 11.71333844946574665, 3.206754509497715677 ) ) ;
#742 = EDGE_LOOP ( 'NONE', ( #500, #327 ) ) ;
#743 = FACE_BOUND ( 'NONE', #1129, .T. ) ;
#744 = DIRECTION ( 'NONE',  ( 1.000000000000000000, 0.000000000000000000, 0.000000000000000000 ) ) ;
#745 = EDGE_CURVE ( 'NONE', #728, #1198, #665, .T. ) ;
#746 = DIRECTION ( 'NONE',  ( 1.000000000000000000, 0.000000000000000000, 0.000000000000000000 ) ) ;
#747 = ORIENTED_EDGE ( 'NONE', *, *, #461, .F. ) ;
#748 = FACE_OUTER_BOUND ( 'NONE', #1071, .T. ) ;
#749 = ORIENTED_EDGE ( 'NONE', *, *, #796, .T. ) ;
#750 = CARTESIAN_POINT ( 'NONE',  ( -3.500000000000000000, -5.742043249779999137, 6.050000000000004263 ) ) ;
#751 = EDGE_CURVE ( 'NONE', #805, #881, #375, .T. ) ;
#752 = VECTOR ( 'NONE', #746, 1000.000000000000000 ) ;
#753 = DIRECTION ( 'NONE',  ( 0.000000000000000000, 0.000000000000000000, -1.000000000000000000 ) ) ;
#754 = AXIS2_PLACEMENT_3D ( 'NONE', #782, #203, #562 ) ;
#755 = EDGE_CURVE ( 'NONE', #335, #555, #114, .T. ) ;
#756 = ORIENTED_EDGE ( 'NONE', *, *, #829, .F. ) ;
#757 = DIRECTION ( 'NONE',  ( 0.000000000000000000, 0.5620916462564790050, 0.8270749550123502880 ) ) ;
#758 = VECTOR ( 'NONE', #861, 1000.000000000000000 ) ;
#759 = VERTEX_POINT ( 'NONE', #672 ) ;
#760 = CARTESIAN_POINT ( 'NONE',  ( 0.000000000000000000, 8.980388614555460336, 6.049999999999990941 ) ) ;
#761 = CARTESIAN_POINT ( 'NONE',  ( -3.500000000000000000, 1.619172682387712392, -5.650000000000007461 ) ) ;
#762 = VERTEX_POINT ( 'NONE', #684 ) ;
#763 = DIRECTION ( 'NONE',  ( 1.000000000000000000, -0.000000000000000000, -0.000000000000000000 ) ) ;
#764 = EDGE_LOOP ( 'NONE', ( #1426, #248 ) ) ;
#765 = EDGE_CURVE ( 'NONE', #407, #1301, #1389, .T. ) ;
#766 = DIRECTION ( 'NONE',  ( 0.000000000000000000, 0.000000000000000000, -1.000000000000000000 ) ) ;
#767 = FACE_OUTER_BOUND ( 'NONE', #142, .T. ) ;
#768 = EDGE_CURVE ( 'NONE', #378, #489, #898, .T. ) ;
#769 = EDGE_CURVE ( 'NONE', #1225, #811, #590, .T. ) ;
#770 = DIRECTION ( 'NONE',  ( 0.000000000000000000, 0.000000000000000000, -1.000000000000000000 ) ) ;
#771 = DIRECTION ( 'NONE',  ( 0.000000000000000000, 0.000000000000000000, -1.000000000000000000 ) ) ;
#772 = VERTEX_POINT ( 'NONE', #1348 ) ;
#773 = DIRECTION ( 'NONE',  ( 0.000000000000000000, 0.8270749550123502880, -0.5620916462564791161 ) ) ;
#774 = CIRCLE ( 'NONE', #987, 3.000000000000000000 ) ;
#775 = DIRECTION ( 'NONE',  ( 1.000000000000000000, 0.000000000000000000, 0.000000000000000000 ) ) ;
#776 = AXIS2_PLACEMENT_3D ( 'NONE', #954, #1407, #395 ) ;
#777 = AXIS2_PLACEMENT_3D ( 'NONE', #205, #318, #552 ) ;
#778 = VECTOR ( 'NONE', #601, 1000.000000000000000 ) ;
#779 = EDGE_LOOP ( 'NONE', ( #1214, #1171, #785, #1145 ) ) ;
#780 = DIRECTION ( 'NONE',  ( 1.000000000000000000, 0.000000000000000000, 0.000000000000000000 ) ) ;
#781 = ORIENTED_EDGE ( 'NONE', *, *, #171, .F. ) ;
#782 = CARTESIAN_POINT ( 'NONE',  ( -5.000000000000000000, -0.2701252003102123656, -7.881662098168238373 ) ) ;
#783 = ORIENTED_EDGE ( 'NONE', *, *, #559, .F. ) ;
#784 = CARTESIAN_POINT ( 'NONE',  ( -5.000000000000000000, 19.30000000000000426, 5.494443205991493606 ) ) ;
#785 = ORIENTED_EDGE ( 'NONE', *, *, #889, .F. ) ;
#786 = CARTESIAN_POINT ( 'NONE',  ( -5.000000000000000000, 19.30000000000000426, 8.299999999999997158 ) ) ;
#787 = ADVANCED_FACE ( 'NONE', ( #98 ), #1121, .F. ) ;
#788 = ORIENTED_EDGE ( 'NONE', *, *, #983, .F. ) ;
#789 = FACE_OUTER_BOUND ( 'NONE', #996, .T. ) ;
#790 = EDGE_CURVE ( 'NONE', #1077, #333, #938, .T. ) ;
#791 = CARTESIAN_POINT ( 'NONE',  ( 0.000000000000000000, 16.30000000000000426, 5.494443205991492718 ) ) ;
#792 = CARTESIAN_POINT ( 'NONE',  ( -3.500000000000000000, -5.742043249780005354, 3.949999999999998845 ) ) ;
#793 = VERTEX_POINT ( 'NONE', #348 ) ;
#794 = DIRECTION ( 'NONE',  ( -1.000000000000000000, -0.000000000000000000, -0.000000000000000000 ) ) ;
#795 = CYLINDRICAL_SURFACE ( 'NONE', #1434, 2.100000000000002753 ) ;
#796 = EDGE_CURVE ( 'NONE', #969, #572, #1367, .T. ) ;
#797 = VECTOR ( 'NONE', #1280, 1000.000000000000000 ) ;
#798 = ORIENTED_EDGE ( 'NONE', *, *, #37, .T. ) ;
#799 = CARTESIAN_POINT ( 'NONE',  ( -5.000000000000000000, -2.458736812730469179, -9.933485484812226929 ) ) ;
#800 = AXIS2_PLACEMENT_3D ( 'NONE', #934, #386, #501 ) ;
#801 = AXIS2_PLACEMENT_3D ( 'NONE', #1191, #1442, #958 ) ;
#802 = VECTOR ( 'NONE', #1168, 1000.000000000000000 ) ;
#803 = CARTESIAN_POINT ( 'NONE',  ( -0.5000000000000000000, 11.71333844946574665, 1.456754509497715455 ) ) ;
#804 = CARTESIAN_POINT ( 'NONE',  ( -1.250000000000000000, -9.699999999999993960, 8.299999999999997158 ) ) ;
#805 = VERTEX_POINT ( 'NONE', #240 ) ;
#806 = PLANE ( 'NONE',  #917 ) ;
#807 = EDGE_LOOP ( 'NONE', ( #721, #1431 ) ) ;
#808 = EDGE_CURVE ( 'NONE', #713, #759, #1268, .T. ) ;
#809 = FACE_OUTER_BOUND ( 'NONE', #978, .T. ) ;
#810 = CARTESIAN_POINT ( 'NONE',  ( -3.500000000000000000, -5.742043249779999137, 7.100000000000004974 ) ) ;
#811 = VERTEX_POINT ( 'NONE', #10 ) ;
#812 = DIRECTION ( 'NONE',  ( -1.000000000000000000, 0.000000000000000000, 0.000000000000000000 ) ) ;
#813 = ORIENTED_EDGE ( 'NONE', *, *, #1399, .T. ) ;
#814 = ADVANCED_FACE ( 'NONE', ( #916 ), #806, .T. ) ;
#815 = CARTESIAN_POINT ( 'NONE',  ( 0.000000000000000000, -11.88861161242024878, 0.1250476348568846097 ) ) ;
#816 = CARTESIAN_POINT ( 'NONE',  ( -3.500000000000000000, -5.742043249780005354, 6.050000000000001599 ) ) ;
#817 = ORIENTED_EDGE ( 'NONE', *, *, #1428, .T. ) ;
#818 = DIRECTION ( 'NONE',  ( 0.000000000000000000, 0.000000000000000000, -1.000000000000000000 ) ) ;
#819 = AXIS2_PLACEMENT_3D ( 'NONE', #614, #638, #517 ) ;
#820 = VERTEX_POINT ( 'NONE', #888 ) ;
#821 = CARTESIAN_POINT ( 'NONE',  ( -0.4999999999999995559, 11.71333844946574665, 0.2067545094977161213 ) ) ;
#822 = AXIS2_PLACEMENT_3D ( 'NONE', #293, #299, #753 ) ;
#823 = CARTESIAN_POINT ( 'NONE',  ( -5.000000000000000000, 4.247561290063298856, -10.88166209816823837 ) ) ;
#824 = FACE_OUTER_BOUND ( 'NONE', #387, .T. ) ;
#825 = ORIENTED_EDGE ( 'NONE', *, *, #875, .T. ) ;
#826 = DIRECTION ( 'NONE',  ( 1.000000000000000000, 0.000000000000000000, 0.000000000000000000 ) ) ;
#827 = ORIENTED_EDGE ( 'NONE', *, *, #1445, .F. ) ;
#828 = EDGE_CURVE ( 'NONE', #737, #1452, #1338, .T. ) ;
#829 = EDGE_CURVE ( 'NONE', #986, #281, #615, .T. ) ;
#830 = EDGE_CURVE ( 'NONE', #971, #489, #990, .T. ) ;
#831 = LINE ( 'NONE', #1302, #797 ) ;
#832 =( NAMED_UNIT ( * ) SI_UNIT ( $, .STERADIAN. ) SOLID_ANGLE_UNIT ( ) );
#833 = CARTESIAN_POINT ( 'NONE',  ( -2.500000000000000000, -9.699999999999993960, 3.299999999999996714 ) ) ;
#834 = ADVANCED_FACE ( 'NONE', ( #946 ), #262, .F. ) ;
#835 = ORIENTED_EDGE ( 'NONE', *, *, #830, .F. ) ;
#836 = CARTESIAN_POINT ( 'NONE',  ( -1.000000000000000000, 8.980388614555460336, 6.049999999999990941 ) ) ;
#837 = ORIENTED_EDGE ( 'NONE', *, *, #769, .T. ) ;
#838 = PLANE ( 'NONE',  #207 ) ;
#839 = DIRECTION ( 'NONE',  ( 1.000000000000000000, 0.000000000000000000, 0.000000000000000000 ) ) ;
#840 = CARTESIAN_POINT ( 'NONE',  ( -1.000000000000000000, 16.30000000000000426, 5.494443205991492718 ) ) ;
#841 = VERTEX_POINT ( 'NONE', #1260 ) ;
#842 = DIRECTION ( 'NONE',  ( 0.000000000000000000, 0.000000000000000000, 1.000000000000000000 ) ) ;
#843 = ORIENTED_EDGE ( 'NONE', *, *, #1250, .F. ) ;
#844 = AXIS2_PLACEMENT_3D ( 'NONE', #878, #1010, #673 ) ;
#845 = DIRECTION ( 'NONE',  ( 0.000000000000000000, 0.000000000000000000, -1.000000000000000000 ) ) ;
#846 = AXIS2_PLACEMENT_3D ( 'NONE', #760, #415, #403 ) ;
#847 = CIRCLE ( 'NONE', #873, 1.250000000000000000 ) ;
#848 = CARTESIAN_POINT ( 'NONE',  ( -2.500000000000000000, 16.30000000000000426, 3.299999999999996714 ) ) ;
#849 = ORIENTED_EDGE ( 'NONE', *, *, #460, .F. ) ;
#850 = DIRECTION ( 'NONE',  ( 0.000000000000000000, 0.000000000000000000, -1.000000000000000000 ) ) ;
#851 = ORIENTED_EDGE ( 'NONE', *, *, #1167, .T. ) ;
#852 = EDGE_CURVE ( 'NONE', #945, #713, #31, .T. ) ;
#853 = CARTESIAN_POINT ( 'NONE',  ( -3.500000000000000000, -5.742043249780005354, 8.150000000000003908 ) ) ;
#854 = CARTESIAN_POINT ( 'NONE',  ( -5.000000000000000000, 1.619172682387724826, 1.799999999999996048 ) ) ;
#855 = DIRECTION ( 'NONE',  ( 0.000000000000000000, 0.000000000000000000, 1.000000000000000000 ) ) ;
#856 = ORIENTED_EDGE ( 'NONE', *, *, #1184, .F. ) ;
#857 = DIRECTION ( 'NONE',  ( 0.000000000000000000, 0.000000000000000000, 1.000000000000000000 ) ) ;
#858 = ORIENTED_EDGE ( 'NONE', *, *, #244, .F. ) ;
#859 = EDGE_CURVE ( 'NONE', #261, #110, #304, .T. ) ;
#860 = FACE_OUTER_BOUND ( 'NONE', #981, .T. ) ;
#861 = DIRECTION ( 'NONE',  ( 1.000000000000000000, -0.000000000000000000, -0.000000000000000000 ) ) ;
#862 = DIRECTION ( 'NONE',  ( 1.000000000000000000, 0.000000000000000000, 0.000000000000000000 ) ) ;
#863 = ORIENTED_EDGE ( 'NONE', *, *, #39, .F. ) ;
#864 = DIRECTION ( 'NONE',  ( -1.000000000000000000, -0.000000000000000000, -0.000000000000000000 ) ) ;
#865 = ORIENTED_EDGE ( 'NONE', *, *, #147, .F. ) ;
#866 = AXIS2_PLACEMENT_3D ( 'NONE', #940, #738, #631 ) ;
#867 = CYLINDRICAL_SURFACE ( 'NONE', #422, 1.050000000000000488 ) ;
#868 = AXIS2_PLACEMENT_3D ( 'NONE', #714, #18, #1072 ) ;
#869 = PLANE ( 'NONE',  #1108 ) ;
#870 = CIRCLE ( 'NONE', #666, 1.249999999999999334 ) ;
#871 = ORIENTED_EDGE ( 'NONE', *, *, #381, .T. ) ;
#872 = DIRECTION ( 'NONE',  ( 1.000000000000000000, -0.000000000000000000, -0.000000000000000000 ) ) ;
#873 = AXIS2_PLACEMENT_3D ( 'NONE', #885, #214, #1118 ) ;
#874 = ORIENTED_EDGE ( 'NONE', *, *, #559, .T. ) ;
#875 = EDGE_CURVE ( 'NONE', #347, #476, #1202, .T. ) ;
#876 = ADVANCED_FACE ( 'NONE', ( #369 ), #274, .F. ) ;
#877 = DIRECTION ( 'NONE',  ( -0.000000000000000000, -0.000000000000000000, 1.000000000000000000 ) ) ;
#878 = CARTESIAN_POINT ( 'NONE',  ( -5.000000000000000000, 19.30000000000000426, 8.299999999999997158 ) ) ;
#879 = ORIENTED_EDGE ( 'NONE', *, *, #1307, .T. ) ;
#880 = DIRECTION ( 'NONE',  ( 1.000000000000000000, 0.000000000000000000, 0.000000000000000000 ) ) ;
#881 = VERTEX_POINT ( 'NONE', #160 ) ;
#882 = APPLICATION_CONTEXT ( 'automotive_design' ) ;
#883 = DIRECTION ( 'NONE',  ( 1.000000000000000000, 0.000000000000000000, 0.000000000000000000 ) ) ;
#884 = LINE ( 'NONE', #1222, #704 ) ;
#885 = CARTESIAN_POINT ( 'NONE',  ( -2.500000000000000000, -9.699999999999993960, 8.299999999999997158 ) ) ;
#886 = CARTESIAN_POINT ( 'NONE',  ( -1.000000000000000000, 11.71333844946574665, 1.456754509497715455 ) ) ;
#887 = VERTEX_POINT ( 'NONE', #41 ) ;
#888 = CARTESIAN_POINT ( 'NONE',  ( -1.000000000000000000, 14.03640500800656632, 1.184666340585201594 ) ) ;
#889 = EDGE_CURVE ( 'NONE', #55, #887, #1047, .T. ) ;
#890 = LINE ( 'NONE', #218, #1011 ) ;
#891 = CIRCLE ( 'NONE', #1386, 2.100000000000000089 ) ;
#892 = ORIENTED_EDGE ( 'NONE', *, *, #769, .F. ) ;
#893 = DIRECTION ( 'NONE',  ( 1.000000000000000000, 0.000000000000000000, 0.000000000000000000 ) ) ;
#894 = AXIS2_PLACEMENT_3D ( 'NONE', #5, #1251, #121 ) ;
#895 = AXIS2_PLACEMENT_3D ( 'NONE', #974, #883, #979 ) ;
#896 = AXIS2_PLACEMENT_3D ( 'NONE', #701, #128, #257 ) ;
#897 = EDGE_LOOP ( 'NONE', ( #1392, #1124, #288, #1156 ) ) ;
#898 = LINE ( 'NONE', #453, #65 ) ;
#899 = AXIS2_PLACEMENT_3D ( 'NONE', #48, #1288, #148 ) ;
#900 = EDGE_CURVE ( 'NONE', #1151, #1271, #280, .T. ) ;
#901 = DIRECTION ( 'NONE',  ( 0.000000000000000000, 0.000000000000000000, -1.000000000000000000 ) ) ;
#902 = VERTEX_POINT ( 'NONE', #1379 ) ;
#903 = DIRECTION ( 'NONE',  ( 0.000000000000000000, 0.000000000000000000, -1.000000000000000000 ) ) ;
#904 = ORIENTED_EDGE ( 'NONE', *, *, #264, .F. ) ;
#905 = CARTESIAN_POINT ( 'NONE',  ( 0.000000000000000000, -12.69999999999999396, 8.299999999999997158 ) ) ;
#906 = ADVANCED_FACE ( 'NONE', ( #252 ), #269, .F. ) ;
#907 = DIRECTION ( 'NONE',  ( 1.000000000000000000, -0.000000000000000000, -0.000000000000000000 ) ) ;
#908 = EDGE_LOOP ( 'NONE', ( #747, #295 ) ) ;
#909 = CYLINDRICAL_SURFACE ( 'NONE', #1204, 1.050000000000000488 ) ;
#910 = EDGE_LOOP ( 'NONE', ( #419, #851, #874, #1134, #220, #532 ) ) ;
#911 = DIRECTION ( 'NONE',  ( 0.000000000000000000, 0.000000000000000000, -1.000000000000000000 ) ) ;
#912 = DIRECTION ( 'NONE',  ( 1.000000000000000000, 0.000000000000000000, 0.000000000000000000 ) ) ;
#913 = CARTESIAN_POINT ( 'NONE',  ( -3.500000000000000000, 1.619172682387712170, -6.700000000000007283 ) ) ;
#914 = EDGE_CURVE ( 'NONE', #1005, #1290, #36, .T. ) ;
#915 = ORIENTED_EDGE ( 'NONE', *, *, #1123, .T. ) ;
#916 = FACE_OUTER_BOUND ( 'NONE', #779, .T. ) ;
#917 = AXIS2_PLACEMENT_3D ( 'NONE', #648, #1002, #1451 ) ;
#918 = CIRCLE ( 'NONE', #1460, 1.050000000000000488 ) ;
#919 = VECTOR ( 'NONE', #641, 1000.000000000000000 ) ;
#920 = DIRECTION ( 'NONE',  ( 0.000000000000000000, 0.000000000000000000, -1.000000000000000000 ) ) ;
#921 = PLANE ( 'NONE',  #448 ) ;
#922 = ORIENTED_EDGE ( 'NONE', *, *, #73, .T. ) ;
#923 = DIRECTION ( 'NONE',  ( 1.000000000000000000, 0.000000000000000000, 0.000000000000000000 ) ) ;
#924 = ORIENTED_EDGE ( 'NONE', *, *, #219, .F. ) ;
#925 = CARTESIAN_POINT ( 'NONE',  ( -1.000000000000000000, 7.675034838311629137, 4.404991939580231275 ) ) ;
#926 = LINE ( 'NONE', #485, #966 ) ;
#927 = EDGE_LOOP ( 'NONE', ( #929, #740, #933, #116 ) ) ;
#928 = DIRECTION ( 'NONE',  ( 0.000000000000000000, 1.000000000000000000, 0.000000000000000000 ) ) ;
#929 = ORIENTED_EDGE ( 'NONE', *, *, #1015, .F. ) ;
#930 = CYLINDRICAL_SURFACE ( 'NONE', #468, 4.999999999999992895 ) ;
#931 = LINE ( 'NONE', #134, #802 ) ;
#932 = EDGE_CURVE ( 'NONE', #902, #411, #1435, .T. ) ;
#933 = ORIENTED_EDGE ( 'NONE', *, *, #1382, .T. ) ;
#934 = CARTESIAN_POINT ( 'NONE',  ( -3.500000000000000000, 1.619172682387712170, -6.700000000000007283 ) ) ;
#935 = CIRCLE ( 'NONE', #1221, 4.999999999999992895 ) ;
#936 = VECTOR ( 'NONE', #20, 1000.000000000000000 ) ;
#937 = ORIENTED_EDGE ( 'NONE', *, *, #600, .F. ) ;
#938 = CIRCLE ( 'NONE', #1317, 1.750000000000000000 ) ;
#939 = AXIS2_PLACEMENT_3D ( 'NONE', #183, #175, #644 ) ;
#940 = CARTESIAN_POINT ( 'NONE',  ( -3.500000000000000000, 1.619172682387712170, -6.700000000000007283 ) ) ;
#941 = EDGE_CURVE ( 'NONE', #793, #476, #1176, .T. ) ;
#942 = CIRCLE ( 'NONE', #1323, 3.000000000000000000 ) ;
#943 =( NAMED_UNIT ( * ) PLANE_ANGLE_UNIT ( ) SI_UNIT ( $, .RADIAN. ) );
#944 = DIRECTION ( 'NONE',  ( 0.000000000000000000, 0.000000000000000000, -1.000000000000000000 ) ) ;
#945 = VERTEX_POINT ( 'NONE', #720 ) ;
#946 = FACE_OUTER_BOUND ( 'NONE', #1034, .T. ) ;
#947 = ORIENTED_EDGE ( 'NONE', *, *, #1123, .F. ) ;
#948 = LINE ( 'NONE', #382, #961 ) ;
#949 = DIRECTION ( 'NONE',  ( -0.000000000000000000, -0.000000000000000000, 1.000000000000000000 ) ) ;
#950 = CARTESIAN_POINT ( 'NONE',  ( -5.000000000000000000, -0.2701252003102123656, -10.88166209816823837 ) ) ;
#951 = ORIENTED_EDGE ( 'NONE', *, *, #1398, .F. ) ;
#952 = CYLINDRICAL_SURFACE ( 'NONE', #1178, 3.000000000000000000 ) ;
#953 = ORIENTED_EDGE ( 'NONE', *, *, #267, .T. ) ;
#954 = CARTESIAN_POINT ( 'NONE',  ( -5.000000000000000000, -0.2701252003102123656, -7.881662098168238373 ) ) ;
#955 = DIRECTION ( 'NONE',  ( 1.000000000000000000, 0.000000000000000000, 0.000000000000000000 ) ) ;
#956 = LINE ( 'NONE', #1402, #919 ) ;
#957 = EDGE_LOOP ( 'NONE', ( #1112, #1227, #423, #391 ) ) ;
#958 = DIRECTION ( 'NONE',  ( 0.000000000000000000, 0.000000000000000000, 1.000000000000000000 ) ) ;
#959 = ADVANCED_FACE ( 'NONE', ( #247 ), #952, .T. ) ;
#960 = ORIENTED_EDGE ( 'NONE', *, *, #241, .T. ) ;
#961 = VECTOR ( 'NONE', #33, 1000.000000000000000 ) ;
#962 = DIRECTION ( 'NONE',  ( 0.000000000000000000, 0.000000000000000000, -1.000000000000000000 ) ) ;
#963 = AXIS2_PLACEMENT_3D ( 'NONE', #531, #864, #398 ) ;
#964 = DIRECTION ( 'NONE',  ( 1.000000000000000000, 0.000000000000000000, 0.000000000000000000 ) ) ;
#965 = AXIS2_PLACEMENT_3D ( 'NONE', #1351, #1336, #771 ) ;
#966 = VECTOR ( 'NONE', #1058, 1000.000000000000000 ) ;
#967 = DIRECTION ( 'NONE',  ( 0.000000000000000000, -1.734723475976807094E-15, 1.000000000000000000 ) ) ;
#968 = AXIS2_PLACEMENT_3D ( 'NONE', #1075, #955, #1281 ) ;
#969 = VERTEX_POINT ( 'NONE', #1146 ) ;
#970 = DIRECTION ( 'NONE',  ( 1.000000000000000000, 0.000000000000000000, 0.000000000000000000 ) ) ;
#971 = VERTEX_POINT ( 'NONE', #143 ) ;
#972 = EDGE_CURVE ( 'NONE', #811, #1406, #1372, .T. ) ;
#973 = FACE_OUTER_BOUND ( 'NONE', #474, .T. ) ;
#974 = CARTESIAN_POINT ( 'NONE',  ( 0.000000000000000000, -5.742043249780005354, 6.050000000000001599 ) ) ;
#975 = CARTESIAN_POINT ( 'NONE',  ( -3.500000000000000000, 8.980388614555458560, 6.049999999999990052 ) ) ;
#976 = ORIENTED_EDGE ( 'NONE', *, *, #625, .T. ) ;
#977 = DIRECTION ( 'NONE',  ( 0.000000000000000000, 0.000000000000000000, 1.000000000000000000 ) ) ;
#978 = EDGE_LOOP ( 'NONE', ( #434, #1277, #125, #1282 ) ) ;
#979 = DIRECTION ( 'NONE',  ( 0.000000000000000000, 0.000000000000000000, -1.000000000000000000 ) ) ;
#980 = FACE_OUTER_BOUND ( 'NONE', #621, .T. ) ;
#981 = EDGE_LOOP ( 'NONE', ( #1052, #385, #1163, #129, #835, #514 ) ) ;
#982 = CARTESIAN_POINT ( 'NONE',  ( 0.000000000000000000, -9.699999999999992184, 2.176871021500872416 ) ) ;
#983 = EDGE_CURVE ( 'NONE', #713, #97, #1278, .T. ) ;
#984 = ADVANCED_FACE ( 'NONE', ( #302, #199 ), #406, .T. ) ;
#985 = EDGE_CURVE ( 'NONE', #568, #176, #544, .T. ) ;
#986 = VERTEX_POINT ( 'NONE', #629 ) ;
#987 = AXIS2_PLACEMENT_3D ( 'NONE', #840, #1430, #157 ) ;
#988 = PLANE ( 'NONE',  #1154 ) ;
#989 = EDGE_CURVE ( 'NONE', #588, #144, #1341, .T. ) ;
#990 = CIRCLE ( 'NONE', #421, 2.100000000000002753 ) ;
#991 = CYLINDRICAL_SURFACE ( 'NONE', #541, 2.100000000000000089 ) ;
#992 = CIRCLE ( 'NONE', #353, 2.100000000000002753 ) ;
#993 = CARTESIAN_POINT ( 'NONE',  ( -1.249999999999998224, 16.30000000000000426, 3.299999999999996714 ) ) ;
#994 = CYLINDRICAL_SURFACE ( 'NONE', #801, 2.999999999999999112 ) ;
#995 = AXIS2_PLACEMENT_3D ( 'NONE', #833, #78, #1195 ) ;
#996 = EDGE_LOOP ( 'NONE', ( #1212, #25, #1417, #858 ) ) ;
#997 = CARTESIAN_POINT ( 'NONE',  ( -3.500000000000000000, -5.742043249780005354, 6.050000000000001599 ) ) ;
#998 = CARTESIAN_POINT ( 'NONE',  ( -3.500000000000000000, 8.980388614555460336, 8.149999999999993250 ) ) ;
#999 = ORIENTED_EDGE ( 'NONE', *, *, #1054, .F. ) ;
#1000 = LINE ( 'NONE', #102, #1016 ) ;
#1001 = VERTEX_POINT ( 'NONE', #62 ) ;
#1002 = DIRECTION ( 'NONE',  ( 0.000000000000000000, 0.000000000000000000, -1.000000000000000000 ) ) ;
#1003 = ORIENTED_EDGE ( 'NONE', *, *, #309, .T. ) ;
#1004 = FACE_OUTER_BOUND ( 'NONE', #1064, .T. ) ;
#1005 = VERTEX_POINT ( 'NONE', #192 ) ;
#1006 = CARTESIAN_POINT ( 'NONE',  ( -1.249999999999998224, 16.30000000000000426, 8.299999999999997158 ) ) ;
#1007 = ORIENTED_EDGE ( 'NONE', *, *, #1098, .T. ) ;
#1008 = PRODUCT_RELATED_PRODUCT_CATEGORY ( 'part', '', ( #7 ) ) ;
#1009 = CARTESIAN_POINT ( 'NONE',  ( -5.000000000000000000, 8.980388614555458560, 6.049999999999990052 ) ) ;
#1010 = DIRECTION ( 'NONE',  ( -0.000000000000000000, 1.000000000000000000, 0.000000000000000000 ) ) ;
#1011 = VECTOR ( 'NONE', #1110, 1000.000000000000000 ) ;
#1012 = CARTESIAN_POINT ( 'NONE',  ( -5.000000000000000000, -5.742043249779999137, 7.100000000000004974 ) ) ;
#1013 = CARTESIAN_POINT ( 'NONE',  ( -5.000000000000000000, 11.71333844946574665, 1.456754509497715455 ) ) ;
#1014 = AXIS2_PLACEMENT_3D ( 'NONE', #1009, #343, #1031 ) ;
#1015 = EDGE_CURVE ( 'NONE', #168, #521, #706, .T. ) ;
#1016 = VECTOR ( 'NONE', #1125, 1000.000000000000000 ) ;
#1017 = ORIENTED_EDGE ( 'NONE', *, *, #808, .T. ) ;
#1018 = CARTESIAN_POINT ( 'NONE',  ( 0.000000000000000000, 11.71333844946574665, 1.456754509497715455 ) ) ;
#1019 = CIRCLE ( 'NONE', #822, 2.100000000000002753 ) ;
#1020 = ADVANCED_FACE ( 'NONE', ( #748 ), #1314, .F. ) ;
#1021 = CARTESIAN_POINT ( 'NONE',  ( -5.000000000000000000, -12.69999999999999396, 8.299999999999997158 ) ) ;
#1022 = ORIENTED_EDGE ( 'NONE', *, *, #1033, .F. ) ;
#1023 = DIRECTION ( 'NONE',  ( 0.000000000000000000, 0.000000000000000000, 1.000000000000000000 ) ) ;
#1024 = ORIENTED_EDGE ( 'NONE', *, *, #1184, .T. ) ;
#1025 = DIRECTION ( 'NONE',  ( 1.000000000000000000, 0.000000000000000000, 0.000000000000000000 ) ) ;
#1026 = FACE_OUTER_BOUND ( 'NONE', #1315, .T. ) ;
#1027 = EDGE_CURVE ( 'NONE', #1001, #1055, #1180, .T. ) ;
#1028 = CARTESIAN_POINT ( 'NONE',  ( -5.000000000000000000, 1.619172682387712392, -5.650000000000007461 ) ) ;
#1029 = PRODUCT_DEFINITION_SHAPE ( 'NONE', 'NONE',  #330 ) ;
#1030 = EDGE_LOOP ( 'NONE', ( #61, #508 ) ) ;
#1031 = DIRECTION ( 'NONE',  ( 0.000000000000000000, 0.000000000000000000, -1.000000000000000000 ) ) ;
#1032 = ADVANCED_FACE ( 'NONE', ( #537 ), #80, .F. ) ;
#1033 = EDGE_CURVE ( 'NONE', #273, #450, #91, .T. ) ;
#1034 = EDGE_LOOP ( 'NONE', ( #1233, #1331, #879, #863 ) ) ;
#1035 = FACE_BOUND ( 'NONE', #807, .T. ) ;
#1036 = DIRECTION ( 'NONE',  ( 0.000000000000000000, 0.000000000000000000, 1.000000000000000000 ) ) ;
#1037 = ORIENTED_EDGE ( 'NONE', *, *, #972, .F. ) ;
#1038 = DIRECTION ( 'NONE',  ( 0.000000000000000000, 0.000000000000000000, -1.000000000000000000 ) ) ;
#1039 = AXIS2_PLACEMENT_3D ( 'NONE', #692, #217, #126 ) ;
#1040 = CIRCLE ( 'NONE', #846, 2.100000000000002753 ) ;
#1041 = CIRCLE ( 'NONE', #1155, 2.999999999999999112 ) ;
#1042 = ORIENTED_EDGE ( 'NONE', *, *, #727, .T. ) ;
#1043 = CIRCLE ( 'NONE', #710, 2.100000000000000089 ) ;
#1044 = CARTESIAN_POINT ( 'NONE',  ( -1.000000000000000000, 11.04888101762781361, 6.412407475684440250 ) ) ;
#1045 = CARTESIAN_POINT ( 'NONE',  ( -1.000000000000000000, 8.980388614555460336, 6.049999999999990941 ) ) ;
#1046 = ORIENTED_EDGE ( 'NONE', *, *, #1160, .T. ) ;
#1047 = LINE ( 'NONE', #480, #495 ) ;
#1048 = ORIENTED_EDGE ( 'NONE', *, *, #651, .T. ) ;
#1049 = LINE ( 'NONE', #1369, #1340 ) ;
#1050 = EDGE_CURVE ( 'NONE', #521, #479, #635, .T. ) ;
#1051 = FACE_OUTER_BOUND ( 'NONE', #546, .T. ) ;
#1052 = ORIENTED_EDGE ( 'NONE', *, *, #228, .F. ) ;
#1053 = DIRECTION ( 'NONE',  ( -1.000000000000000000, -0.000000000000000000, -0.000000000000000000 ) ) ;
#1054 = EDGE_CURVE ( 'NONE', #1225, #1220, #1078, .T. ) ;
#1055 = VERTEX_POINT ( 'NONE', #313 ) ;
#1056 = CARTESIAN_POINT ( 'NONE',  ( -5.000000000000000000, 0.000000000000000000, 0.000000000000000000 ) ) ;
#1057 = CARTESIAN_POINT ( 'NONE',  ( -5.000000000000000000, 11.71333844946574665, 0.2067545094977161213 ) ) ;
#1058 = DIRECTION ( 'NONE',  ( -0.000000000000000000, -0.000000000000000000, 1.000000000000000000 ) ) ;
#1059 = ORIENTED_EDGE ( 'NONE', *, *, #1354, .F. ) ;
#1060 = DIRECTION ( 'NONE',  ( -1.000000000000000000, -0.000000000000000000, -0.000000000000000000 ) ) ;
#1061 = EDGE_CURVE ( 'NONE', #1077, #281, #56, .T. ) ;
#1062 = CIRCLE ( 'NONE', #1177, 1.250000000000000000 ) ;
#1063 = AXIS2_PLACEMENT_3D ( 'NONE', #51, #151, #1038 ) ;
#1064 = EDGE_LOOP ( 'NONE', ( #1190, #1381, #1279, #596 ) ) ;
#1065 = AXIS2_PLACEMENT_3D ( 'NONE', #854, #549, #1437 ) ;
#1066 = VECTOR ( 'NONE', #383, 1000.000000000000000 ) ;
#1067 = CYLINDRICAL_SURFACE ( 'NONE', #1411, 1.050000000000000488 ) ;
#1068 = AXIS2_PLACEMENT_3D ( 'NONE', #1149, #711, #944 ) ;
#1069 = DIRECTION ( 'NONE',  ( 1.000000000000000000, 0.000000000000000000, 0.000000000000000000 ) ) ;
#1070 = DIRECTION ( 'NONE',  ( 1.000000000000000000, 0.000000000000000000, 0.000000000000000000 ) ) ;
#1071 = EDGE_LOOP ( 'NONE', ( #103, #1261, #1161, #536 ) ) ;
#1072 = DIRECTION ( 'NONE',  ( 0.000000000000000000, -3.544507102356455924E-15, -1.000000000000000000 ) ) ;
#1073 = ORIENTED_EDGE ( 'NONE', *, *, #637, .F. ) ;
#1074 = CARTESIAN_POINT ( 'NONE',  ( -3.500000000000000000, 8.980388614555460336, 6.049999999999990941 ) ) ;
#1075 = CARTESIAN_POINT ( 'NONE',  ( -3.500000000000000000, 8.980388614555460336, 6.049999999999990941 ) ) ;
#1076 = FACE_OUTER_BOUND ( 'NONE', #344, .T. ) ;
#1077 = VERTEX_POINT ( 'NONE', #741 ) ;
#1078 = LINE ( 'NONE', #289, #1390 ) ;
#1079 = ORIENTED_EDGE ( 'NONE', *, *, #314, .T. ) ;
#1080 = DIRECTION ( 'NONE',  ( 1.000000000000000000, -0.000000000000000000, -0.000000000000000000 ) ) ;
#1081 = DIRECTION ( 'NONE',  ( 0.000000000000000000, 0.000000000000000000, -1.000000000000000000 ) ) ;
#1082 = EDGE_CURVE ( 'NONE', #19, #193, #870, .T. ) ;
#1083 = ORIENTED_EDGE ( 'NONE', *, *, #790, .T. ) ;
#1084 = DIRECTION ( 'NONE',  ( 0.000000000000000000, 0.000000000000000000, -1.000000000000000000 ) ) ;
#1085 = ORIENTED_EDGE ( 'NONE', *, *, #372, .F. ) ;
#1086 = CIRCLE ( 'NONE', #819, 1.049999999999999822 ) ;
#1087 = LINE ( 'NONE', #503, #231 ) ;
#1088 = AXIS2_PLACEMENT_3D ( 'NONE', #586, #507, #726 ) ;
#1089 = CARTESIAN_POINT ( 'NONE',  ( -2.500000000000000000, 16.30000000000000426, 8.299999999999997158 ) ) ;
#1090 = CIRCLE ( 'NONE', #1068, 5.200000000000001066 ) ;
#1091 = SURFACE_STYLE_FILL_AREA ( #287 ) ;
#1092 = ORIENTED_EDGE ( 'NONE', *, *, #1273, .F. ) ;
#1093 = DIRECTION ( 'NONE',  ( 1.000000000000000000, 0.000000000000000000, 0.000000000000000000 ) ) ;
#1094 = ORIENTED_EDGE ( 'NONE', *, *, #147, .T. ) ;
#1095 = LINE ( 'NONE', #649, #118 ) ;
#1096 = CARTESIAN_POINT ( 'NONE',  ( -3.750000000000001776, 16.30000000000000426, 8.299999999999997158 ) ) ;
#1097 = ADVANCED_FACE ( 'NONE', ( #515 ), #994, .T. ) ;
#1098 = EDGE_CURVE ( 'NONE', #667, #902, #16, .T. ) ;
#1099 = ORIENTED_EDGE ( 'NONE', *, *, #86, .T. ) ;
#1100 = DIRECTION ( 'NONE',  ( 1.000000000000000000, 0.000000000000000000, 0.000000000000000000 ) ) ;
#1101 = ORIENTED_EDGE ( 'NONE', *, *, #38, .F. ) ;
#1102 = EDGE_CURVE ( 'NONE', #450, #347, #428, .T. ) ;
#1103 = CARTESIAN_POINT ( 'NONE',  ( -5.000000000000000000, 8.980388614555458560, 6.049999999999990052 ) ) ;
#1104 = FACE_OUTER_BOUND ( 'NONE', #319, .T. ) ;
#1105 = FACE_OUTER_BOUND ( 'NONE', #1219, .T. ) ;
#1106 = CARTESIAN_POINT ( 'NONE',  ( -1.000000000000000000, 11.71333844946574665, 3.206754509497715677 ) ) ;
#1107 = ORIENTED_EDGE ( 'NONE', *, *, #875, .F. ) ;
#1108 = AXIS2_PLACEMENT_3D ( 'NONE', #320, #773, #556 ) ;
#1109 = CARTESIAN_POINT ( 'NONE',  ( -1.000000000000000000, 6.742981701942024841, 0.9131059075999957697 ) ) ;
#1110 = DIRECTION ( 'NONE',  ( 1.000000000000000000, -0.000000000000000000, -0.000000000000000000 ) ) ;
#1111 = AXIS2_PLACEMENT_3D ( 'NONE', #816, #1264, #1174 ) ;
#1112 = ORIENTED_EDGE ( 'NONE', *, *, #1117, .F. ) ;
#1113 = DIRECTION ( 'NONE',  ( 1.000000000000000000, 0.000000000000000000, 0.000000000000000000 ) ) ;
#1114 = ORIENTED_EDGE ( 'NONE', *, *, #308, .F. ) ;
#1115 = DIRECTION ( 'NONE',  ( 0.000000000000000000, 0.000000000000000000, -1.000000000000000000 ) ) ;
#1116 = CARTESIAN_POINT ( 'NONE',  ( -1.000000000000000000, 11.71333844946574665, -0.2932454905022845448 ) ) ;
#1117 = EDGE_CURVE ( 'NONE', #30, #737, #918, .T. ) ;
#1118 = DIRECTION ( 'NONE',  ( 1.000000000000000000, 0.000000000000000000, 0.000000000000000000 ) ) ;
#1119 = DIRECTION ( 'NONE',  ( 1.000000000000000000, 0.000000000000000000, 0.000000000000000000 ) ) ;
#1120 = ORIENTED_EDGE ( 'NONE', *, *, #932, .T. ) ;
#1121 = CYLINDRICAL_SURFACE ( 'NONE', #256, 5.200000000000001066 ) ;
#1122 = FACE_OUTER_BOUND ( 'NONE', #910, .T. ) ;
#1123 = EDGE_CURVE ( 'NONE', #820, #1406, #210, .T. ) ;
#1124 = ORIENTED_EDGE ( 'NONE', *, *, #1126, .F. ) ;
#1125 = DIRECTION ( 'NONE',  ( -0.000000000000000000, -0.000000000000000000, 1.000000000000000000 ) ) ;
#1126 = EDGE_CURVE ( 'NONE', #1457, #32, #258, .T. ) ;
#1127 = ORIENTED_EDGE ( 'NONE', *, *, #314, .F. ) ;
#1128 = CARTESIAN_POINT ( 'NONE',  ( -5.000000000000000000, 8.980388614555458560, 7.099999999999990763 ) ) ;
#1129 = EDGE_LOOP ( 'NONE', ( #275, #263 ) ) ;
#1130 = CARTESIAN_POINT ( 'NONE',  ( -5.000000000000000000, 8.980388614555458560, 6.049999999999990052 ) ) ;
#1131 = CARTESIAN_POINT ( 'NONE',  ( 0.000000000000000000, 0.000000000000000000, 0.000000000000000000 ) ) ;
#1132 = AXIS2_PLACEMENT_3D ( 'NONE', #622, #812, #842 ) ;
#1133 = AXIS2_PLACEMENT_3D ( 'NONE', #1394, #238, #21 ) ;
#1134 = ORIENTED_EDGE ( 'NONE', *, *, #119, .F. ) ;
#1135 = DIRECTION ( 'NONE',  ( 0.000000000000000000, 0.000000000000000000, -1.000000000000000000 ) ) ;
#1136 = AXIS2_PLACEMENT_3D ( 'NONE', #233, #469, #1164 ) ;
#1137 = DIRECTION ( 'NONE',  ( -1.000000000000000000, -0.000000000000000000, -0.000000000000000000 ) ) ;
#1138 = CARTESIAN_POINT ( 'NONE',  ( -1.000000000000000000, 11.71333844946574665, 1.456754509497715455 ) ) ;
#1139 = EDGE_CURVE ( 'NONE', #9, #902, #1218, .T. ) ;
#1140 = VERTEX_POINT ( 'NONE', #341 ) ;
#1141 = LINE ( 'NONE', #905, #493 ) ;
#1142 = EDGE_CURVE ( 'NONE', #193, #19, #1223, .T. ) ;
#1143 = CARTESIAN_POINT ( 'NONE',  ( 0.000000000000000000, 11.04888101762781361, 6.412407475684440250 ) ) ;
#1144 = DIRECTION ( 'NONE',  ( -1.000000000000000000, 0.000000000000000000, 0.000000000000000000 ) ) ;
#1145 = ORIENTED_EDGE ( 'NONE', *, *, #488, .T. ) ;
#1146 = CARTESIAN_POINT ( 'NONE',  ( -5.000000000000000000, -2.458736812730469179, -9.933485484812226929 ) ) ;
#1147 = ORIENTED_EDGE ( 'NONE', *, *, #1250, .T. ) ;
#1148 = CARTESIAN_POINT ( 'NONE',  ( -5.000000000000000000, -12.69999999999999218, 0.9905285816086129014 ) ) ;
#1149 = CARTESIAN_POINT ( 'NONE',  ( 0.000000000000000000, 1.619172682387724826, 1.799999999999996048 ) ) ;
#1150 = AXIS2_PLACEMENT_3D ( 'NONE', #1439, #550, #127 ) ;
#1151 = VERTEX_POINT ( 'NONE', #792 ) ;
#1152 = DIRECTION ( 'NONE',  ( 1.000000000000000000, 0.000000000000000000, 0.000000000000000000 ) ) ;
#1153 = VECTOR ( 'NONE', #363, 1000.000000000000000 ) ;
#1154 = AXIS2_PLACEMENT_3D ( 'NONE', #1415, #179, #316 ) ;
#1155 = AXIS2_PLACEMENT_3D ( 'NONE', #791, #1231, #1329 ) ;
#1156 = ORIENTED_EDGE ( 'NONE', *, *, #196, .F. ) ;
#1157 = CIRCLE ( 'NONE', #1272, 1.250000000000001776 ) ;
#1158 = CYLINDRICAL_SURFACE ( 'NONE', #156, 2.100000000000002753 ) ;
#1159 = CARTESIAN_POINT ( 'NONE',  ( 0.000000000000000000, -5.742043249780005354, 8.150000000000003908 ) ) ;
#1160 = EDGE_CURVE ( 'NONE', #1290, #364, #687, .T. ) ;
#1161 = ORIENTED_EDGE ( 'NONE', *, *, #86, .F. ) ;
#1162 = CARTESIAN_POINT ( 'NONE',  ( -5.000000000000000000, -12.69999999999999396, 8.299999999999997158 ) ) ;
#1163 = ORIENTED_EDGE ( 'NONE', *, *, #1398, .T. ) ;
#1164 = DIRECTION ( 'NONE',  ( 1.000000000000000000, 0.000000000000000000, 0.000000000000000000 ) ) ;
#1165 = LINE ( 'NONE', #463, #640 ) ;
#1166 = LINE ( 'NONE', #484, #355 ) ;
#1167 = EDGE_CURVE ( 'NONE', #97, #820, #96, .T. ) ;
#1168 = DIRECTION ( 'NONE',  ( -1.000000000000000000, 0.000000000000000000, 0.000000000000000000 ) ) ;
#1169 = ORIENTED_EDGE ( 'NONE', *, *, #1061, .F. ) ;
#1170 = CARTESIAN_POINT ( 'NONE',  ( -5.000000000000000000, 5.835960326050243729, -10.88166209816823837 ) ) ;
#1171 = ORIENTED_EDGE ( 'NONE', *, *, #1420, .T. ) ;
#1172 = FACE_OUTER_BOUND ( 'NONE', #99, .T. ) ;
#1173 = CARTESIAN_POINT ( 'NONE',  ( -2.500000000000000000, 16.30000000000000426, 3.299999999999996714 ) ) ;
#1174 = DIRECTION ( 'NONE',  ( 0.000000000000000000, 0.000000000000000000, -1.000000000000000000 ) ) ;
#1175 = EDGE_LOOP ( 'NONE', ( #1284, #668 ) ) ;
#1176 = LINE ( 'NONE', #1162, #470 ) ;
#1177 = AXIS2_PLACEMENT_3D ( 'NONE', #224, #83, #678 ) ;
#1178 = AXIS2_PLACEMENT_3D ( 'NONE', #1405, #923, #392 ) ;
#1179 = ORIENTED_EDGE ( 'NONE', *, *, #529, .F. ) ;
#1180 = CIRCLE ( 'NONE', #283, 1.250000000000001776 ) ;
#1181 =( GEOMETRIC_REPRESENTATION_CONTEXT ( 3 ) GLOBAL_UNCERTAINTY_ASSIGNED_CONTEXT ( ( #124 ) ) GLOBAL_UNIT_ASSIGNED_CONTEXT ( ( #374, #943, #832 ) ) REPRESENTATION_CONTEXT ( 'NONE', 'WORKASPACE' ) );
#1182 = DIRECTION ( 'NONE',  ( 1.000000000000000000, 0.000000000000000000, 0.000000000000000000 ) ) ;
#1183 = DIRECTION ( 'NONE',  ( 1.000000000000000000, -0.000000000000000000, -0.000000000000000000 ) ) ;
#1184 = EDGE_CURVE ( 'NONE', #1324, #568, #1000, .T. ) ;
#1185 = EDGE_LOOP ( 'NONE', ( #856, #581, #1368, #22 ) ) ;
#1186 = DIRECTION ( 'NONE',  ( -0.000000000000000000, -0.000000000000000000, 1.000000000000000000 ) ) ;
#1187 = ORIENTED_EDGE ( 'NONE', *, *, #1319, .F. ) ;
#1188 = DIRECTION ( 'NONE',  ( -1.000000000000000000, 0.000000000000000000, 0.000000000000000000 ) ) ;
#1189 = DIRECTION ( 'NONE',  ( 1.000000000000000000, 0.000000000000000000, 0.000000000000000000 ) ) ;
#1190 = ORIENTED_EDGE ( 'NONE', *, *, #446, .F. ) ;
#1191 = CARTESIAN_POINT ( 'NONE',  ( -5.000000000000000000, 16.30000000000000426, 5.494443205991492718 ) ) ;
#1192 = ORIENTED_EDGE ( 'NONE', *, *, #1139, .F. ) ;
#1193 = DIRECTION ( 'NONE',  ( 0.000000000000000000, 0.000000000000000000, -1.000000000000000000 ) ) ;
#1194 = CARTESIAN_POINT ( 'NONE',  ( -5.000000000000000000, 8.980388614555458560, 6.049999999999990052 ) ) ;
#1195 = DIRECTION ( 'NONE',  ( 1.000000000000000000, 0.000000000000000000, 0.000000000000000000 ) ) ;
#1196 = EDGE_LOOP ( 'NONE', ( #1259, #1187 ) ) ;
#1197 = CARTESIAN_POINT ( 'NONE',  ( -0.5000000000000000000, 11.04888101762781361, 6.412407475684440250 ) ) ;
#1198 = VERTEX_POINT ( 'NONE', #215 ) ;
#1199 = AXIS2_PLACEMENT_3D ( 'NONE', #472, #912, #920 ) ;
#1200 = EDGE_CURVE ( 'NONE', #945, #1301, #1449, .T. ) ;
#1201 = CARTESIAN_POINT ( 'NONE',  ( -3.500000000000000000, -5.742043249780005354, 6.050000000000001599 ) ) ;
#1202 = CIRCLE ( 'NONE', #1132, 3.000000000000000000 ) ;
#1203 = FACE_OUTER_BOUND ( 'NONE', #1374, .T. ) ;
#1204 = AXIS2_PLACEMENT_3D ( 'NONE', #221, #227, #674 ) ;
#1205 = CARTESIAN_POINT ( 'NONE',  ( -5.000000000000000000, -12.69999999999999396, 8.299999999999997158 ) ) ;
#1206 = VERTEX_POINT ( 'NONE', #1006 ) ;
#1207 = DIRECTION ( 'NONE',  ( 0.000000000000000000, 0.000000000000000000, -1.000000000000000000 ) ) ;
#1208 = ADVANCED_FACE ( 'NONE', ( #1346 ), #1454, .F. ) ;
#1209 = ORIENTED_EDGE ( 'NONE', *, *, #1403, .T. ) ;
#1210 = CARTESIAN_POINT ( 'NONE',  ( -3.500000000000000000, -5.742043249780005354, 8.150000000000003908 ) ) ;
#1211 = DIRECTION ( 'NONE',  ( 1.000000000000000000, -0.000000000000000000, -0.000000000000000000 ) ) ;
#1212 = ORIENTED_EDGE ( 'NONE', *, *, #267, .F. ) ;
#1213 = CARTESIAN_POINT ( 'NONE',  ( -5.000000000000000000, 11.71333844946574665, 1.456754509497715455 ) ) ;
#1214 = ORIENTED_EDGE ( 'NONE', *, *, #1467, .T. ) ;
#1215 = CARTESIAN_POINT ( 'NONE',  ( -3.750000000000000000, -9.699999999999993960, 3.299999999999996714 ) ) ;
#1216 = CARTESIAN_POINT ( 'NONE',  ( -3.500000000000000000, 8.980388614555460336, 8.149999999999993250 ) ) ;
#1217 = CARTESIAN_POINT ( 'NONE',  ( -5.000000000000000000, 1.619172682387725493, 6.999999999999997335 ) ) ;
#1218 = LINE ( 'NONE', #558, #399 ) ;
#1219 = EDGE_LOOP ( 'NONE', ( #52, #1238, #538, #1127 ) ) ;
#1220 = VERTEX_POINT ( 'NONE', #1464 ) ;
#1221 = AXIS2_PLACEMENT_3D ( 'NONE', #404, #1070, #1289 ) ;
#1222 = CARTESIAN_POINT ( 'NONE',  ( -1.000000000000000000, 16.60123225449077466, 2.509604997837756368 ) ) ;
#1223 = CIRCLE ( 'NONE', #1321, 1.249999999999999334 ) ;
#1224 = AXIS2_PLACEMENT_3D ( 'NONE', #1298, #528, #60 ) ;
#1225 = VERTEX_POINT ( 'NONE', #784 ) ;
#1226 = CARTESIAN_POINT ( 'NONE',  ( -1.000000000000000000, 14.03640500800656454, 1.184666340585200706 ) ) ;
#1227 = ORIENTED_EDGE ( 'NONE', *, *, #38, .T. ) ;
#1228 = CYLINDRICAL_SURFACE ( 'NONE', #1245, 2.999999999999999112 ) ;
#1229 = PLANE ( 'NONE',  #844 ) ;
#1230 = ADVANCED_FACE ( 'NONE', ( #1232 ), #909, .F. ) ;
#1231 = DIRECTION ( 'NONE',  ( 1.000000000000000000, -0.000000000000000000, -0.000000000000000000 ) ) ;
#1232 = FACE_OUTER_BOUND ( 'NONE', #957, .T. ) ;
#1233 = ORIENTED_EDGE ( 'NONE', *, *, #1027, .F. ) ;
#1234 = CARTESIAN_POINT ( 'NONE',  ( 0.000000000000000000, 1.619172682387712170, -6.700000000000007283 ) ) ;
#1235 = CYLINDRICAL_SURFACE ( 'NONE', #1410, 1.050000000000000488 ) ;
#1236 = CARTESIAN_POINT ( 'NONE',  ( -5.000000000000000000, 1.619172682387712392, -5.650000000000007461 ) ) ;
#1237 = DIRECTION ( 'NONE',  ( 0.000000000000000000, 0.000000000000000000, -1.000000000000000000 ) ) ;
#1238 = ORIENTED_EDGE ( 'NONE', *, *, #1061, .T. ) ;
#1239 = DIRECTION ( 'NONE',  ( -1.000000000000000000, 0.000000000000000000, 0.000000000000000000 ) ) ;
#1240 = ADVANCED_FACE ( 'NONE', ( #664, #564, #451 ), #680, .F. ) ;
#1241 = ADVANCED_FACE ( 'NONE', ( #3 ), #457, .F. ) ;
#1242 = EDGE_CURVE ( 'NONE', #489, #1005, #1294, .T. ) ;
#1243 = DIRECTION ( 'NONE',  ( 1.000000000000000000, -0.000000000000000000, -0.000000000000000000 ) ) ;
#1244 = AXIS2_PLACEMENT_3D ( 'NONE', #750, #1393, #276 ) ;
#1245 = AXIS2_PLACEMENT_3D ( 'NONE', #1255, #443, #566 ) ;
#1246 = LINE ( 'NONE', #1028, #259 ) ;
#1247 = VECTOR ( 'NONE', #1333, 1000.000000000000000 ) ;
#1248 = MECHANICAL_DESIGN_GEOMETRIC_PRESENTATION_REPRESENTATION (  '', ( #284 ), #400 ) ;
#1249 = VERTEX_POINT ( 'NONE', #739 ) ;
#1250 = EDGE_CURVE ( 'NONE', #1249, #881, #310, .T. ) ;
#1251 = DIRECTION ( 'NONE',  ( -1.000000000000000000, 0.000000000000000000, 0.000000000000000000 ) ) ;
#1252 = CARTESIAN_POINT ( 'NONE',  ( -5.000000000000000000, 11.71333844946574665, 2.706754509497714789 ) ) ;
#1253 = FACE_OUTER_BOUND ( 'NONE', #405, .T. ) ;
#1254 = ORIENTED_EDGE ( 'NONE', *, *, #292, .F. ) ;
#1255 = CARTESIAN_POINT ( 'NONE',  ( -5.000000000000000000, 4.247561290063298856, -7.881662098168238373 ) ) ;
#1256 = ORIENTED_EDGE ( 'NONE', *, *, #1440, .F. ) ;
#1257 = DIRECTION ( 'NONE',  ( 0.000000000000000000, 0.000000000000000000, -1.000000000000000000 ) ) ;
#1258 = CARTESIAN_POINT ( 'NONE',  ( -5.000000000000000000, 11.71333844946574665, 2.706754509497714789 ) ) ;
#1259 = ORIENTED_EDGE ( 'NONE', *, *, #859, .F. ) ;
#1260 = CARTESIAN_POINT ( 'NONE',  ( 0.000000000000000000, 19.30000000000000426, 5.494443205991493606 ) ) ;
#1261 = ORIENTED_EDGE ( 'NONE', *, *, #1160, .F. ) ;
#1262 = DIRECTION ( 'NONE',  ( 0.000000000000000000, 0.6839411288813292966, -0.7295372041400856045 ) ) ;
#1263 = EDGE_CURVE ( 'NONE', #479, #725, #1040, .T. ) ;
#1264 = DIRECTION ( 'NONE',  ( 1.000000000000000000, -0.000000000000000000, -0.000000000000000000 ) ) ;
#1265 = VECTOR ( 'NONE', #354, 1000.000000000000000 ) ;
#1266 = VERTEX_POINT ( 'NONE', #661 ) ;
#1267 = DIRECTION ( 'NONE',  ( 0.000000000000000000, 0.000000000000000000, -1.000000000000000000 ) ) ;
#1268 = CIRCLE ( 'NONE', #1039, 3.000000000000000000 ) ;
#1269 = AXIS2_PLACEMENT_3D ( 'NONE', #1131, #117, #1023 ) ;
#1270 = CLOSED_SHELL ( 'NONE', ( #834, #1311, #619, #876, #197, #787, #1230, #1208, #1286, #47, #906, #393, #437, #413, #1241, #677, #352, #814, #509, #416, #152, #337, #573, #1240, #435, #574, #491, #481, #351, #1287, #441, #533, #181, #1020, #178, #984, #173, #106, #1032, #225, #712, #959, #699, #245, #1097 ) ) ;
#1271 = VERTEX_POINT ( 'NONE', #1210 ) ;
#1272 = AXIS2_PLACEMENT_3D ( 'NONE', #1173, #155, #1401 ) ;
#1273 = EDGE_CURVE ( 'NONE', #737, #30, #1413, .T. ) ;
#1274 = CARTESIAN_POINT ( 'NONE',  ( -5.000000000000000000, 8.980388614555458560, 4.999999999999989342 ) ) ;
#1275 = PLANE ( 'NONE',  #896 ) ;
#1276 = EDGE_CURVE ( 'NONE', #1198, #728, #306, .T. ) ;
#1277 = ORIENTED_EDGE ( 'NONE', *, *, #900, .F. ) ;
#1278 = LINE ( 'NONE', #1170, #133 ) ;
#1279 = ORIENTED_EDGE ( 'NONE', *, *, #1444, .T. ) ;
#1280 = DIRECTION ( 'NONE',  ( 1.000000000000000000, -0.000000000000000000, -0.000000000000000000 ) ) ;
#1281 = DIRECTION ( 'NONE',  ( 0.000000000000000000, 0.000000000000000000, -1.000000000000000000 ) ) ;
#1282 = ORIENTED_EDGE ( 'NONE', *, *, #859, .T. ) ;
#1283 = DIRECTION ( 'NONE',  ( 0.000000000000000000, 0.000000000000000000, -1.000000000000000000 ) ) ;
#1284 = ORIENTED_EDGE ( 'NONE', *, *, #1082, .T. ) ;
#1285 = PLANE ( 'NONE',  #13 ) ;
#1286 = ADVANCED_FACE ( 'NONE', ( #632 ), #867, .F. ) ;
#1287 = ADVANCED_FACE ( 'NONE', ( #1203, #639 ), #988, .T. ) ;
#1288 = DIRECTION ( 'NONE',  ( 1.000000000000000000, -0.000000000000000000, -0.000000000000000000 ) ) ;
#1289 = DIRECTION ( 'NONE',  ( 0.000000000000000000, 0.000000000000000000, -1.000000000000000000 ) ) ;
#1290 = VERTEX_POINT ( 'NONE', #1109 ) ;
#1291 = CARTESIAN_POINT ( 'NONE',  ( -5.000000000000000000, -11.88861161242024878, 0.1250476348568846097 ) ) ;
#1292 = AXIS2_PLACEMENT_3D ( 'NONE', #1353, #336, #1135 ) ;
#1293 = EDGE_LOOP ( 'NONE', ( #380, #1366 ) ) ;
#1294 = CIRCLE ( 'NONE', #777, 4.999999999999992895 ) ;
#1295 = VECTOR ( 'NONE', #172, 1000.000000000000000 ) ;
#1296 = CIRCLE ( 'NONE', #968, 2.100000000000002753 ) ;
#1297 = DIRECTION ( 'NONE',  ( 1.000000000000000000, 0.000000000000000000, 0.000000000000000000 ) ) ;
#1298 = CARTESIAN_POINT ( 'NONE',  ( -5.000000000000000000, 16.51762987304361729, -0.5016085981842370867 ) ) ;
#1299 = ORIENTED_EDGE ( 'NONE', *, *, #830, .T. ) ;
#1300 = CARTESIAN_POINT ( 'NONE',  ( -1.000000000000000000, 11.71333844946574665, 1.456754509497715455 ) ) ;
#1301 = VERTEX_POINT ( 'NONE', #539 ) ;
#1302 = CARTESIAN_POINT ( 'NONE',  ( -0.5000000000000000000, 6.791392954711368724, 2.336784365052071433 ) ) ;
#1303 = DIRECTION ( 'NONE',  ( 1.000000000000000000, 0.000000000000000000, 0.000000000000000000 ) ) ;
#1304 = DIRECTION ( 'NONE',  ( -1.000000000000000000, -0.000000000000000000, -0.000000000000000000 ) ) ;
#1305 = EDGE_LOOP ( 'NONE', ( #458, #1371, #1073, #551 ) ) ;
#1306 = DIRECTION ( 'NONE',  ( 1.000000000000000000, 0.000000000000000000, 0.000000000000000000 ) ) ;
#1307 = EDGE_CURVE ( 'NONE', #305, #1206, #523, .T. ) ;
#1308 = EDGE_LOOP ( 'NONE', ( #338, #1419, #671, #101 ) ) ;
#1309 = DIRECTION ( 'NONE',  ( 0.000000000000000000, 0.6839411288813292966, -0.7295372041400856045 ) ) ;
#1310 = LINE ( 'NONE', #189, #1247 ) ;
#1311 = ADVANCED_FACE ( 'NONE', ( #1320 ), #425, .F. ) ;
#1312 = SURFACE_STYLE_USAGE ( .BOTH. , #49 ) ;
#1313 = ORIENTED_EDGE ( 'NONE', *, *, #1444, .F. ) ;
#1314 = CYLINDRICAL_SURFACE ( 'NONE', #1365, 4.999999999999992895 ) ;
#1315 = EDGE_LOOP ( 'NONE', ( #576, #206, #1412, #749 ) ) ;
#1316 = VECTOR ( 'NONE', #1309, 1000.000000000000000 ) ;
#1317 = AXIS2_PLACEMENT_3D ( 'NONE', #1360, #582, #467 ) ;
#1318 = VECTOR ( 'NONE', #334, 1000.000000000000114 ) ;
#1319 = EDGE_CURVE ( 'NONE', #110, #261, #67, .T. ) ;
#1320 = FACE_OUTER_BOUND ( 'NONE', #315, .T. ) ;
#1321 = AXIS2_PLACEMENT_3D ( 'NONE', #1013, #322, #109 ) ;
#1322 = DIRECTION ( 'NONE',  ( 0.000000000000000000, 2.373254339037517876E-16, -1.000000000000000000 ) ) ;
#1323 = AXIS2_PLACEMENT_3D ( 'NONE', #54, #1183, #717 ) ;
#1324 = VERTEX_POINT ( 'NONE', #1215 ) ;
#1325 = DIRECTION ( 'NONE',  ( 1.000000000000000000, -0.000000000000000000, -0.000000000000000000 ) ) ;
#1326 = EDGE_LOOP ( 'NONE', ( #525, #321, #185, #565 ) ) ;
#1327 = DIRECTION ( 'NONE',  ( 1.000000000000000000, 0.000000000000000000, 0.000000000000000000 ) ) ;
#1328 = CARTESIAN_POINT ( 'NONE',  ( -5.000000000000000000, 1.619172682387724826, 1.799999999999996048 ) ) ;
#1329 = DIRECTION ( 'NONE',  ( 0.000000000000000000, 1.156482317317871725E-15, 1.000000000000000000 ) ) ;
#1330 = DIRECTION ( 'NONE',  ( 0.000000000000000000, 0.000000000000000000, -1.000000000000000000 ) ) ;
#1331 = ORIENTED_EDGE ( 'NONE', *, *, #1332, .T. ) ;
#1332 = EDGE_CURVE ( 'NONE', #1001, #305, #82, .T. ) ;
#1333 = DIRECTION ( 'NONE',  ( 1.000000000000000000, 0.000000000000000000, 0.000000000000000000 ) ) ;
#1334 = CARTESIAN_POINT ( 'NONE',  ( -5.000000000000000000, -11.88861161242024878, 0.1250476348568846097 ) ) ;
#1335 = ORIENTED_EDGE ( 'NONE', *, *, #1373, .F. ) ;
#1336 = DIRECTION ( 'NONE',  ( 1.000000000000000000, 0.000000000000000000, 0.000000000000000000 ) ) ;
#1337 = ORIENTED_EDGE ( 'NONE', *, *, #790, .F. ) ;
#1338 = LINE ( 'NONE', #130, #1458 ) ;
#1339 = ORIENTED_EDGE ( 'NONE', *, *, #828, .T. ) ;
#1340 = VECTOR ( 'NONE', #1137, 1000.000000000000000 ) ;
#1341 = CIRCLE ( 'NONE', #963, 1.050000000000000488 ) ;
#1342 = DIRECTION ( 'NONE',  ( 1.000000000000000000, -0.000000000000000000, -0.000000000000000000 ) ) ;
#1343 = AXIS2_PLACEMENT_3D ( 'NONE', #1089, #194, #744 ) ;
#1344 = VECTOR ( 'NONE', #679, 1000.000000000000000 ) ;
#1345 = ORIENTED_EDGE ( 'NONE', *, *, #683, .T. ) ;
#1346 = FACE_OUTER_BOUND ( 'NONE', #1305, .T. ) ;
#1347 = EDGE_LOOP ( 'NONE', ( #131, #76, #1254, #1313 ) ) ;
#1348 = CARTESIAN_POINT ( 'NONE',  ( 0.000000000000000000, 19.30000000000000426, 8.299999999999997158 ) ) ;
#1349 = CARTESIAN_POINT ( 'NONE',  ( 0.000000000000000000, 7.675034838311629137, 4.404991939580231275 ) ) ;
#1350 = ORIENTED_EDGE ( 'NONE', *, *, #1354, .T. ) ;
#1351 = CARTESIAN_POINT ( 'NONE',  ( -5.000000000000000000, 1.619172682387712170, -6.700000000000007283 ) ) ;
#1352 = ORIENTED_EDGE ( 'NONE', *, *, #1015, .T. ) ;
#1353 = CARTESIAN_POINT ( 'NONE',  ( -3.500000000000000000, -5.742043249779999137, 6.050000000000004263 ) ) ;
#1354 = EDGE_CURVE ( 'NONE', #9, #715, #497, .T. ) ;
#1355 = CARTESIAN_POINT ( 'NONE',  ( -3.750000000000000000, -9.699999999999993960, 8.299999999999997158 ) ) ;
#1356 = EDGE_CURVE ( 'NONE', #1457, #762, #1310, .T. ) ;
#1357 = ORIENTED_EDGE ( 'NONE', *, *, #1440, .T. ) ;
#1358 = CARTESIAN_POINT ( 'NONE',  ( -5.000000000000000000, 1.619172682387712170, -6.700000000000007283 ) ) ;
#1359 = ORIENTED_EDGE ( 'NONE', *, *, #87, .F. ) ;
#1360 = CARTESIAN_POINT ( 'NONE',  ( -1.000000000000000000, 11.71333844946574665, 1.456754509497715455 ) ) ;
#1361 = CARTESIAN_POINT ( 'NONE',  ( -3.500000000000000000, -5.742043249780005354, 6.050000000000001599 ) ) ;
#1362 = AXIS2_PLACEMENT_3D ( 'NONE', #1328, #1447, #94 ) ;
#1363 = AXIS2_PLACEMENT_3D ( 'NONE', #282, #857, #1306 ) ;
#1364 = DIRECTION ( 'NONE',  ( -1.000000000000000000, -0.000000000000000000, -0.000000000000000000 ) ) ;
#1365 = AXIS2_PLACEMENT_3D ( 'NONE', #1300, #872, #1207 ) ;
#1366 = ORIENTED_EDGE ( 'NONE', *, *, #244, .T. ) ;
#1367 = LINE ( 'NONE', #799, #731 ) ;
#1368 = ORIENTED_EDGE ( 'NONE', *, *, #1445, .T. ) ;
#1369 = CARTESIAN_POINT ( 'NONE',  ( -5.000000000000000000, -0.2701252003102123656, -10.88166209816823837 ) ) ;
#1370 = FACE_OUTER_BOUND ( 'NONE', #1185, .T. ) ;
#1371 = ORIENTED_EDGE ( 'NONE', *, *, #111, .T. ) ;
#1372 = LINE ( 'NONE', #487, #1153 ) ;
#1373 = EDGE_CURVE ( 'NONE', #1271, #1151, #992, .T. ) ;
#1374 = EDGE_LOOP ( 'NONE', ( #66, #357 ) ) ;
#1375 = FACE_OUTER_BOUND ( 'NONE', #174, .T. ) ;
#1376 = CYLINDRICAL_SURFACE ( 'NONE', #1133, 1.250000000000000000 ) ;
#1377 = PRODUCT_DEFINITION_CONTEXT ( 'detailed design', #612, 'design' ) ;
#1378 = EDGE_LOOP ( 'NONE', ( #1107, #270, #1022, #414 ) ) ;
#1379 = CARTESIAN_POINT ( 'NONE',  ( 0.000000000000000000, 1.619172682387725493, 6.999999999999997335 ) ) ;
#1380 = EDGE_CURVE ( 'NONE', #881, #805, #212, .T. ) ;
#1381 = ORIENTED_EDGE ( 'NONE', *, *, #1082, .F. ) ;
#1382 = EDGE_CURVE ( 'NONE', #1266, #479, #499, .T. ) ;
#1383 = CARTESIAN_POINT ( 'NONE',  ( -1.000000000000000000, 11.71333844946574665, 1.456754509497715455 ) ) ;
#1384 = CIRCLE ( 'NONE', #593, 3.000000000000000000 ) ;
#1385 = CARTESIAN_POINT ( 'NONE',  ( -5.000000000000000000, 14.03640500800656277, 1.184666340585198041 ) ) ;
#1386 = AXIS2_PLACEMENT_3D ( 'NONE', #708, #483, #716 ) ;
#1387 = VERTEX_POINT ( 'NONE', #518 ) ;
#1388 = CARTESIAN_POINT ( 'NONE',  ( -5.000000000000000000, 11.71333844946574665, 1.456754509497715455 ) ) ;
#1389 = CIRCLE ( 'NONE', #642, 4.999999999999992895 ) ;
#1390 = VECTOR ( 'NONE', #420, 1000.000000000000000 ) ;
#1391 = AXIS2_PLACEMENT_3D ( 'NONE', #410, #862, #390 ) ;
#1392 = ORIENTED_EDGE ( 'NONE', *, *, #111, .F. ) ;
#1393 = DIRECTION ( 'NONE',  ( -1.000000000000000000, -0.000000000000000000, -0.000000000000000000 ) ) ;
#1394 = CARTESIAN_POINT ( 'NONE',  ( -2.500000000000000000, -9.699999999999993960, 3.299999999999996714 ) ) ;
#1395 = ORIENTED_EDGE ( 'NONE', *, *, #367, .F. ) ;
#1396 = DIRECTION ( 'NONE',  ( -0.000000000000000000, -0.000000000000000000, 1.000000000000000000 ) ) ;
#1397 = EDGE_LOOP ( 'NONE', ( #368, #798, #628, #843 ) ) ;
#1398 = EDGE_CURVE ( 'NONE', #725, #378, #1019, .T. ) ;
#1399 = EDGE_CURVE ( 'NONE', #401, #273, #1095, .T. ) ;
#1400 = CARTESIAN_POINT ( 'NONE',  ( -3.500000000000000000, 8.980388614555458560, 4.999999999999989342 ) ) ;
#1401 = DIRECTION ( 'NONE',  ( 1.000000000000000000, 0.000000000000000000, 0.000000000000000000 ) ) ;
#1402 = CARTESIAN_POINT ( 'NONE',  ( -5.000000000000000000, 19.30000000000000426, 5.494443205991492718 ) ) ;
#1403 = EDGE_CURVE ( 'NONE', #1055, #1001, #1157, .T. ) ;
#1404 = ORIENTED_EDGE ( 'NONE', *, *, #241, .F. ) ;
#1405 = CARTESIAN_POINT ( 'NONE',  ( -5.000000000000000000, -9.699999999999992184, 2.176871021500872416 ) ) ;
#1406 = VERTEX_POINT ( 'NONE', #616 ) ;
#1407 = DIRECTION ( 'NONE',  ( 1.000000000000000000, 0.000000000000000000, 0.000000000000000000 ) ) ;
#1408 = ORIENTED_EDGE ( 'NONE', *, *, #1027, .T. ) ;
#1409 = CARTESIAN_POINT ( 'NONE',  ( -5.000000000000000000, -5.742043249779999137, 6.050000000000004263 ) ) ;
#1410 = AXIS2_PLACEMENT_3D ( 'NONE', #1130, #100, #115 ) ;
#1411 = AXIS2_PLACEMENT_3D ( 'NONE', #163, #46, #962 ) ;
#1412 = ORIENTED_EDGE ( 'NONE', *, *, #620, .T. ) ;
#1413 = CIRCLE ( 'NONE', #545, 1.050000000000000488 ) ;
#1414 = CYLINDRICAL_SURFACE ( 'NONE', #776, 2.999999999999999112 ) ;
#1415 = CARTESIAN_POINT ( 'NONE',  ( -3.500000000000000000, 8.980388614555460336, 6.049999999999990941 ) ) ;
#1416 = DIRECTION ( 'NONE',  ( 0.000000000000000000, 0.000000000000000000, -1.000000000000000000 ) ) ;
#1417 = ORIENTED_EDGE ( 'NONE', *, *, #510, .T. ) ;
#1418 = CARTESIAN_POINT ( 'NONE',  ( -2.500000000000000000, 16.30000000000000426, 3.299999999999996714 ) ) ;
#1419 = ORIENTED_EDGE ( 'NONE', *, *, #1403, .F. ) ;
#1420 = EDGE_CURVE ( 'NONE', #759, #887, #732, .T. ) ;
#1421 = CARTESIAN_POINT ( 'NONE',  ( -1.000000000000000000, 11.71333844946574665, 1.456754509497715455 ) ) ;
#1422 = DIRECTION ( 'NONE',  ( 0.000000000000000000, 0.000000000000000000, -1.000000000000000000 ) ) ;
#1423 = CARTESIAN_POINT ( 'NONE',  ( -5.000000000000000000, 8.980388614555458560, 7.099999999999990763 ) ) ;
#1424 = ORIENTED_EDGE ( 'NONE', *, *, #595, .T. ) ;
#1425 = CARTESIAN_POINT ( 'NONE',  ( -1.000000000000000000, 16.51762987304361729, -0.5016085981842370867 ) ) ;
#1426 = ORIENTED_EDGE ( 'NONE', *, *, #292, .T. ) ;
#1427 = EDGE_CURVE ( 'NONE', #1140, #1249, #1043, .T. ) ;
#1428 = EDGE_CURVE ( 'NONE', #811, #97, #260, .T. ) ;
#1429 = CARTESIAN_POINT ( 'NONE',  ( -5.000000000000000000, -5.742043249779999137, 6.050000000000004263 ) ) ;
#1430 = DIRECTION ( 'NONE',  ( 1.000000000000000000, 0.000000000000000000, 0.000000000000000000 ) ) ;
#1431 = ORIENTED_EDGE ( 'NONE', *, *, #196, .T. ) ;
#1432 = DIRECTION ( 'NONE',  ( 1.000000000000000000, -0.000000000000000000, -0.000000000000000000 ) ) ;
#1433 = ORIENTED_EDGE ( 'NONE', *, *, #941, .T. ) ;
#1434 = AXIS2_PLACEMENT_3D ( 'NONE', #1361, #1243, #1257 ) ;
#1435 = CIRCLE ( 'NONE', #158, 5.200000000000001066 ) ;
#1436 = VECTOR ( 'NONE', #763, 1000.000000000000000 ) ;
#1437 = DIRECTION ( 'NONE',  ( 0.000000000000000000, 0.000000000000000000, -1.000000000000000000 ) ) ;
#1438 = CIRCLE ( 'NONE', #161, 1.050000000000000488 ) ;
#1439 = CARTESIAN_POINT ( 'NONE',  ( -1.000000000000000000, 11.71333844946574665, 1.456754509497715455 ) ) ;
#1440 = EDGE_CURVE ( 'NONE', #572, #55, #942, .T. ) ;
#1441 = CARTESIAN_POINT ( 'NONE',  ( -1.000000000000000000, 11.71333844946574665, 1.456754509497715455 ) ) ;
#1442 = DIRECTION ( 'NONE',  ( -1.000000000000000000, 0.000000000000000000, 0.000000000000000000 ) ) ;
#1443 = ORIENTED_EDGE ( 'NONE', *, *, #578, .T. ) ;
#1444 = EDGE_CURVE ( 'NONE', #19, #555, #277, .T. ) ;
#1445 = EDGE_CURVE ( 'NONE', #159, #176, #512, .T. ) ;
#1446 = DIRECTION ( 'NONE',  ( 0.000000000000000000, 0.000000000000000000, -1.000000000000000000 ) ) ;
#1447 = DIRECTION ( 'NONE',  ( 1.000000000000000000, 0.000000000000000000, 0.000000000000000000 ) ) ;
#1448 = CARTESIAN_POINT ( 'NONE',  ( 0.000000000000000000, -0.2701252003102123656, -10.88166209816823837 ) ) ;
#1449 = LINE ( 'NONE', #670, #1318 ) ;
#1450 = ORIENTED_EDGE ( 'NONE', *, *, #620, .F. ) ;
#1451 = DIRECTION ( 'NONE',  ( -1.000000000000000000, 0.000000000000000000, -0.000000000000000000 ) ) ;
#1452 = VERTEX_POINT ( 'NONE', #164 ) ;
#1453 = FACE_OUTER_BOUND ( 'NONE', #432, .T. ) ;
#1454 = CYLINDRICAL_SURFACE ( 'NONE', #733, 1.049999999999999822 ) ;
#1455 = ORIENTED_EDGE ( 'NONE', *, *, #700, .F. ) ;
#1456 = CARTESIAN_POINT ( 'NONE',  ( -5.000000000000000000, 1.619172682387724826, -3.400000000000005240 ) ) ;
#1457 = VERTEX_POINT ( 'NONE', #626 ) ;
#1458 = VECTOR ( 'NONE', #603, 1000.000000000000000 ) ;
#1459 = CARTESIAN_POINT ( 'NONE',  ( -3.500000000000000000, 1.619172682387712170, -6.700000000000007283 ) ) ;
#1460 = AXIS2_PLACEMENT_3D ( 'NONE', #1409, #1093, #75 ) ;
#1461 = AXIS2_PLACEMENT_3D ( 'NONE', #1138, #580, #8 ) ;
#1462 = EDGE_CURVE ( 'NONE', #1387, #359, #1296, .T. ) ;
#1463 = ORIENTED_EDGE ( 'NONE', *, *, #1462, .F. ) ;
#1464 = CARTESIAN_POINT ( 'NONE',  ( -5.000000000000000000, 19.30000000000000426, 8.299999999999997158 ) ) ;
#1465 = ORIENTED_EDGE ( 'NONE', *, *, #745, .F. ) ;
#1466 = DIRECTION ( 'NONE',  ( 0.000000000000000000, 0.000000000000000000, -1.000000000000000000 ) ) ;
#1467 = EDGE_CURVE ( 'NONE', #290, #759, #1166, .T. ) ;
ENDSEC;
END-ISO-10303-21;
