ISO-10303-21;
HEADER;
FILE_DESCRIPTION (( 'STEP AP214' ),
    '1' );
FILE_NAME ('cap holder.STEP',
    '2026-03-22T00:25:05',
    ( '' ),
    ( '' ),
    'SwSTEP 2.0',
    'SolidWorks 2026',
    '' );
FILE_SCHEMA (( 'AUTOMOTIVE_DESIGN' ));
ENDSEC;

DATA;
#1 = CARTESIAN_POINT ( 'NONE',  ( 37.28869080179670448, 7.393280344830936990, -72.26888344794637931 ) ) ;
#2 = CARTESIAN_POINT ( 'NONE',  ( 38.71643384322186421, 11.78921496310070083, -76.23020648897841056 ) ) ;
#3 = DIRECTION ( 'NONE',  ( 0.000000000000000000, 1.000000000000000000, 0.000000000000000000 ) ) ;
#4 = ORIENTED_EDGE ( 'NONE', *, *, #741, .T. ) ;
#5 = CARTESIAN_POINT ( 'NONE',  ( 40.00000000000000000, 10.24999999999998401, -44.75000000000000711 ) ) ;
#6 = DIRECTION ( 'NONE',  ( 0.000000000000000000, 7.771561172376098741E-16, 1.000000000000000000 ) ) ;
#7 = VERTEX_POINT ( 'NONE', #1943 ) ;
#8 =( NAMED_UNIT ( * ) SI_UNIT ( $, .STERADIAN. ) SOLID_ANGLE_UNIT ( ) );
#9 = ADVANCED_FACE ( 'NONE', ( #427 ), #1815, .T. ) ;
#10 = CARTESIAN_POINT ( 'NONE',  ( 38.00546355118235908, 10.43955220934710226, -75.14383290830417650 ) ) ;
#11 = CARTESIAN_POINT ( 'NONE',  ( 34.24810329517746510, -4.946693378140579966, -119.2022522149169959 ) ) ;
#12 = EDGE_LOOP ( 'NONE', ( #34, #1347 ) ) ;
#13 = CIRCLE ( 'NONE', #1561, 5.100000000000007638 ) ;
#14 = CARTESIAN_POINT ( 'NONE',  ( 34.99999999999999289, -30.00000000000005684, -124.2499999999999716 ) ) ;
#15 = SURFACE_SIDE_STYLE ('',( #1398 ) ) ;
#16 = ORIENTED_EDGE ( 'NONE', *, *, #1624, .F. ) ;
#17 = LINE ( 'NONE', #35, #1593 ) ;
#18 = VECTOR ( 'NONE', #1895, 1000.000000000000000 ) ;
#19 = AXIS2_PLACEMENT_3D ( 'NONE', #1351, #284, #907 ) ;
#20 = CARTESIAN_POINT ( 'NONE',  ( 38.90490876715236368, 8.570665238346499848, -73.95601565701977620 ) ) ;
#21 = CARTESIAN_POINT ( 'NONE',  ( 38.48801418922022322, 3.595453524427641323, 31.01729114555459788 ) ) ;
#22 = ORIENTED_EDGE ( 'NONE', *, *, #1259, .F. ) ;
#23 = FACE_OUTER_BOUND ( 'NONE', #470, .T. ) ;
#24 = CARTESIAN_POINT ( 'NONE',  ( 36.81310917945974381, 4.672813753171176643, -119.4704453688348309 ) ) ;
#25 = ORIENTED_EDGE ( 'NONE', *, *, #441, .T. ) ;
#26 =( LENGTH_UNIT ( ) NAMED_UNIT ( * ) SI_UNIT ( .MILLI., .METRE. ) );
#27 = DIRECTION ( 'NONE',  ( 0.000000000000000000, 0.000000000000000000, 1.000000000000000000 ) ) ;
#28 = DIRECTION ( 'NONE',  ( -1.000000000000000000, -0.000000000000000000, -0.000000000000000000 ) ) ;
#29 = CARTESIAN_POINT ( 'NONE',  ( 30.04863898987228765, 0.7164336233084190875, -123.0248598228141788 ) ) ;
#30 = ADVANCED_FACE ( 'NONE', ( #1826, #1074 ), #1686, .T. ) ;
#31 = VERTEX_POINT ( 'NONE', #172 ) ;
#32 = FACE_BOUND ( 'NONE', #1264, .T. ) ;
#33 = ADVANCED_FACE ( 'NONE', ( #309 ), #465, .T. ) ;
#34 = ORIENTED_EDGE ( 'NONE', *, *, #1232, .F. ) ;
#35 = CARTESIAN_POINT ( 'NONE',  ( 34.99999999999999289, -29.99999999999999645, 29.65000000000000213 ) ) ;
#36 = EDGE_CURVE ( 'NONE', #1644, #1663, #1374, .T. ) ;
#37 = DIRECTION ( 'NONE',  ( -1.000000000000000000, 0.000000000000000000, 0.000000000000000000 ) ) ;
#38 = CARTESIAN_POINT ( 'NONE',  ( 30.01290431347275955, -0.3703736317720102145, -123.1825281209558653 ) ) ;
#39 = VERTEX_POINT ( 'NONE', #1095 ) ;
#40 = DIRECTION ( 'NONE',  ( -1.000000000000000000, -0.000000000000000000, -0.000000000000000000 ) ) ;
#41 = ADVANCED_FACE ( 'NONE', ( #290 ), #163, .T. ) ;
#42 = CARTESIAN_POINT ( 'NONE',  ( -2.000000000000000000, -3.477773624638302232E-14, -89.50000000000000000 ) ) ;
#43 = AXIS2_PLACEMENT_3D ( 'NONE', #1459, #1623, #995 ) ;
#44 = ORIENTED_EDGE ( 'NONE', *, *, #971, .T. ) ;
#45 = CARTESIAN_POINT ( 'NONE',  ( 34.00000000000000000, 12.74999999999999645, -13.74772708486752748 ) ) ;
#46 = STYLED_ITEM ( 'NONE', ( #1437 ), #1674 ) ;
#47 = VECTOR ( 'NONE', #1078, 1000.000000000000000 ) ;
#48 = EDGE_CURVE ( 'NONE', #1542, #1164, #761, .T. ) ;
#49 = FACE_OUTER_BOUND ( 'NONE', #346, .T. ) ;
#50 = CIRCLE ( 'NONE', #81, 10.00000000000000000 ) ;
#51 = AXIS2_PLACEMENT_3D ( 'NONE', #1785, #276, #732 ) ;
#52 = DIRECTION ( 'NONE',  ( -1.000000000000000000, -0.000000000000000000, -0.000000000000000000 ) ) ;
#53 = CARTESIAN_POINT ( 'NONE',  ( 32.71204482485823206, 4.449190218464967650, -119.6887461261644603 ) ) ;
#54 = ORIENTED_EDGE ( 'NONE', *, *, #963, .F. ) ;
#55 = DIRECTION ( 'NONE',  ( 1.000000000000000000, 0.000000000000000000, 0.000000000000000000 ) ) ;
#56 = DIRECTION ( 'NONE',  ( 0.000000000000000000, 1.000000000000000000, 0.000000000000000000 ) ) ;
#57 = ORIENTED_EDGE ( 'NONE', *, *, #901, .F. ) ;
#58 = CARTESIAN_POINT ( 'NONE',  ( 37.28869080179670448, 7.393280344830960082, -17.23111655205363490 ) ) ;
#59 = CARTESIAN_POINT ( 'NONE',  ( 40.00000000000000000, 0.000000000000000000, 0.000000000000000000 ) ) ;
#60 = CARTESIAN_POINT ( 'NONE',  ( 34.99999999999999289, -30.00000000000005684, -124.2499999999999716 ) ) ;
#61 = CARTESIAN_POINT ( 'NONE',  ( 30.00000000000000711, 0.09629333597588038418, -123.2450124378878655 ) ) ;
#62 = ORIENTED_EDGE ( 'NONE', *, *, #1392, .T. ) ;
#63 = DIRECTION ( 'NONE',  ( 0.000000000000000000, -7.771561172376094797E-16, -1.000000000000000000 ) ) ;
#64 = ORIENTED_EDGE ( 'NONE', *, *, #764, .T. ) ;
#65 = DIRECTION ( 'NONE',  ( 0.000000000000000000, 0.000000000000000000, 1.000000000000000000 ) ) ;
#66 = CARTESIAN_POINT ( 'NONE',  ( 40.00000000000000000, 8.249999999999982236, -44.75000000000000000 ) ) ;
#67 = CARTESIAN_POINT ( 'NONE',  ( 37.43745059045080126, -4.368898561097747546, -119.7670457628360339 ) ) ;
#68 = EDGE_CURVE ( 'NONE', #1887, #835, #618, .T. ) ;
#69 = CARTESIAN_POINT ( 'NONE',  ( 33.99999999999999289, 18.75000000000000355, -0.7500000000000041078 ) ) ;
#70 = CARTESIAN_POINT ( 'NONE',  ( 30.07433381674528405, 0.8727863756458692501, -122.9231600130254662 ) ) ;
#71 = EDGE_CURVE ( 'NONE', #191, #854, #513, .T. ) ;
#72 = ORIENTED_EDGE ( 'NONE', *, *, #157, .T. ) ;
#73 = DIRECTION ( 'NONE',  ( 0.000000000000000000, -7.771561172376094797E-16, -1.000000000000000000 ) ) ;
#74 = VERTEX_POINT ( 'NONE', #789 ) ;
#75 = CARTESIAN_POINT ( 'NONE',  ( 31.51184054020722414, 3.595396391808003411, 31.01735026198529255 ) ) ;
#76 = DIRECTION ( 'NONE',  ( 0.000000000000000000, 1.000000000000000000, 0.000000000000000000 ) ) ;
#77 = DIRECTION ( 'NONE',  ( 0.000000000000000000, 0.000000000000000000, 1.000000000000000000 ) ) ;
#78 = VECTOR ( 'NONE', #559, 1000.000000000000000 ) ;
#79 = B_SPLINE_CURVE_WITH_KNOTS ( 'NONE', 3,
 ( #231, #1888, #523, #1126, #695, #208, #827, #1300, #556, #1905, #409, #1312, #1024, #399, #1457, #75, #1919, #1013, #1621, #239, #86, #1322, #1520, #881, #575, #1488, #95, #1198, #136, #283 ),
 .UNSPECIFIED., .F., .F.,
 ( 4, 2, 2, 2, 2, 2, 2, 2, 2, 2, 2, 2, 2, 2, 4 ),
 ( 0.000000000000000000, 0.0002829091068374219096, 0.0005658182136748438193, 0.001131636427349686554, 0.001697454641024529398, 0.002263272854699372241, 0.003394909282049058796, 0.004526545709398745350, 0.005658182136748431471, 0.006224000350423270628, 0.006789818564098109785, 0.007355636777772948075, 0.007921454991447786365, 0.008487273205122625522, 0.009053091418797464679 ),
 .UNSPECIFIED. ) ;
#80 = CARTESIAN_POINT ( 'NONE',  ( 39.99999999999999289, 18.74999999999996803, -88.75000000000001421 ) ) ;
#81 = AXIS2_PLACEMENT_3D ( 'NONE', #91, #449, #879 ) ;
#82 = ORIENTED_EDGE ( 'NONE', *, *, #1508, .T. ) ;
#83 = DIRECTION ( 'NONE',  ( -0.000000000000000000, 7.771561172376093811E-16, 1.000000000000000000 ) ) ;
#84 = CARTESIAN_POINT ( 'NONE',  ( 36.47362826270823888, -4.792413133274069814, 29.85337416171072533 ) ) ;
#85 = ORIENTED_EDGE ( 'NONE', *, *, #1938, .F. ) ;
#86 = CARTESIAN_POINT ( 'NONE',  ( 32.71204482485823206, 4.449190218465028046, 30.18874612616445319 ) ) ;
#87 = CARTESIAN_POINT ( 'NONE',  ( 33.99999999999999289, 18.75000000000000355, -0.7500000000000041078 ) ) ;
#88 = CARTESIAN_POINT ( 'NONE',  ( 37.86311213309747359, -4.102311625525395300, -120.0264468918779812 ) ) ;
#89 = DIRECTION ( 'NONE',  ( 0.000000000000000000, 1.000000000000000000, 0.000000000000000000 ) ) ;
#90 = ORIENTED_EDGE ( 'NONE', *, *, #829, .T. ) ;
#91 = CARTESIAN_POINT ( 'NONE',  ( 0.000000000000000000, 0.000000000000000000, 0.000000000000000000 ) ) ;
#92 = ADVANCED_FACE ( 'NONE', ( #1254 ), #1325, .T. ) ;
#93 = FACE_OUTER_BOUND ( 'NONE', #1738, .T. ) ;
#94 = VERTEX_POINT ( 'NONE', #1774 ) ;
#95 = CARTESIAN_POINT ( 'NONE',  ( 34.24745885734583339, 4.946602383397291192, 29.70234139430143117 ) ) ;
#96 = CARTESIAN_POINT ( 'NONE',  ( 38.90490876715237079, 8.570665238346524717, -15.54398434298024867 ) ) ;
#97 = EDGE_CURVE ( 'NONE', #227, #1894, #1483, .T. ) ;
#98 = DIRECTION ( 'NONE',  ( 0.000000000000000000, 0.000000000000000000, 1.000000000000000000 ) ) ;
#99 = DIRECTION ( 'NONE',  ( 1.000000000000000000, -0.000000000000000000, -0.000000000000000000 ) ) ;
#100 = VERTEX_POINT ( 'NONE', #858 ) ;
#101 = FILL_AREA_STYLE ('',( #1956 ) ) ;
#102 = EDGE_LOOP ( 'NONE', ( #1280, #860, #1587, #1399 ) ) ;
#103 = DIRECTION ( 'NONE',  ( 0.000000000000000000, -7.771561172376092825E-16, -1.000000000000000000 ) ) ;
#104 = EDGE_CURVE ( 'NONE', #227, #1669, #1939, .T. ) ;
#105 = CARTESIAN_POINT ( 'NONE',  ( 34.00000000000000000, 12.74999999999998401, -44.75000000000000000 ) ) ;
#106 = ORIENTED_EDGE ( 'NONE', *, *, #417, .T. ) ;
#107 = CARTESIAN_POINT ( 'NONE',  ( 33.99999999999999289, 18.74999999999996803, -88.75000000000001421 ) ) ;
#108 = EDGE_CURVE ( 'NONE', #734, #1093, #1109, .T. ) ;
#109 = STYLED_ITEM ( 'NONE', ( #1683 ), #303 ) ;
#110 = CARTESIAN_POINT ( 'NONE',  ( 40.00000000000000000, 0.000000000000000000, 0.000000000000000000 ) ) ;
#111 = VECTOR ( 'NONE', #1640, 1000.000000000000000 ) ;
#112 = VERTEX_POINT ( 'NONE', #338 ) ;
#113 = APPLICATION_CONTEXT ( 'automotive_design' ) ;
#114 = CIRCLE ( 'NONE', #762, 9.999999999999994671 ) ;
#115 = CARTESIAN_POINT ( 'NONE',  ( 35.00000000000000000, 15.75000000000000355, -38.55000000000001137 ) ) ;
#116 = CIRCLE ( 'NONE', #1248, 2.200000000000000622 ) ;
#117 = EDGE_LOOP ( 'NONE', ( #1148, #340, #1250, #259, #581 ) ) ;
#118 = CARTESIAN_POINT ( 'NONE',  ( 32.26241514076424721, -4.196513235609398151, 30.43508591377556627 ) ) ;
#119 = DIRECTION ( 'NONE',  ( 0.000000000000000000, 7.771561172376092825E-16, 1.000000000000000000 ) ) ;
#120 = EDGE_LOOP ( 'NONE', ( #1113, #1616, #1317, #1123, #1191, #1725, #1237, #1290, #477, #938, #582, #360, #1268 ) ) ;
#121 = FACE_OUTER_BOUND ( 'NONE', #1142, .T. ) ;
#122 = EDGE_CURVE ( 'NONE', #31, #1584, #1473, .T. ) ;
#123 = EDGE_LOOP ( 'NONE', ( #1009, #1950, #720, #90 ) ) ;
#124 = CARTESIAN_POINT ( 'NONE',  ( 39.99999999999999289, -4.503071330180842833E-14, -107.2500000000000000 ) ) ;
#125 = ORIENTED_EDGE ( 'NONE', *, *, #1284, .F. ) ;
#126 = DIRECTION ( 'NONE',  ( -1.000000000000000000, 0.000000000000000000, 0.000000000000000000 ) ) ;
#127 = LINE ( 'NONE', #1967, #373 ) ;
#128 = FILL_AREA_STYLE ('',( #442 ) ) ;
#129 = EDGE_CURVE ( 'NONE', #620, #1167, #1450, .T. ) ;
#130 = CARTESIAN_POINT ( 'NONE',  ( 0.000000000000000000, -2.315696323390200434E-14, -71.75000000000000000 ) ) ;
#131 = CARTESIAN_POINT ( 'NONE',  ( 38.24942032373820666, 11.22456340977604761, -75.74904273614562555 ) ) ;
#132 = CARTESIAN_POINT ( 'NONE',  ( 40.00000000000000000, 12.74999999999996803, -88.75000000000001421 ) ) ;
#133 = ADVANCED_FACE ( 'NONE', ( #1101 ), #1636, .F. ) ;
#134 = ADVANCED_FACE ( 'NONE', ( #838 ), #411, .T. ) ;
#135 = ORIENTED_EDGE ( 'NONE', *, *, #677, .T. ) ;
#136 = CARTESIAN_POINT ( 'NONE',  ( 34.81152932036113867, 4.999999999999997335, 29.65000000000001990 ) ) ;
#137 = CARTESIAN_POINT ( 'NONE',  ( 38.48801418922022322, 3.595453524427575598, -120.5172911455545375 ) ) ;
#138 = ORIENTED_EDGE ( 'NONE', *, *, #1875, .T. ) ;
#139 = CARTESIAN_POINT ( 'NONE',  ( 34.99999999999999289, -29.99999999999999645, 30.65000000000000213 ) ) ;
#140 = DIRECTION ( 'NONE',  ( 0.000000000000000000, 0.000000000000000000, 1.000000000000000000 ) ) ;
#141 = CARTESIAN_POINT ( 'NONE',  ( 39.85139782735654279, 8.249999999999973355, -73.78376635449829735 ) ) ;
#142 = CARTESIAN_POINT ( 'NONE',  ( 35.37533093330772971, 4.989392217734251567, 29.66040105414106520 ) ) ;
#143 = PRESENTATION_LAYER_ASSIGNMENT (  '', '', ( #46 ) ) ;
#144 = PRESENTATION_LAYER_ASSIGNMENT (  '', '', ( #693 ) ) ;
#145 = AXIS2_PLACEMENT_3D ( 'NONE', #1377, #1258, #1104 ) ;
#146 = VERTEX_POINT ( 'NONE', #1614 ) ;
#147 = DIRECTION ( 'NONE',  ( -0.000000000000000000, -0.000000000000000000, -1.000000000000000000 ) ) ;
#148 = VECTOR ( 'NONE', #1945, 1000.000000000000000 ) ;
#149 = CARTESIAN_POINT ( 'NONE',  ( 40.00000000000000000, 6.749999999999984901, -44.75000000000000000 ) ) ;
#150 = ORIENTED_EDGE ( 'NONE', *, *, #914, .T. ) ;
#151 = CYLINDRICAL_SURFACE ( 'NONE', #884, 2.200000000000000622 ) ;
#152 = CARTESIAN_POINT ( 'NONE',  ( 35.37707024706737258, -5.000000000000018652, 29.64999999999997016 ) ) ;
#153 = CARTESIAN_POINT ( 'NONE',  ( 40.00000000000000000, 6.749999999999984901, -44.75000000000000711 ) ) ;
#154 = DIRECTION ( 'NONE',  ( -1.000000000000000000, -0.000000000000000000, -0.000000000000000000 ) ) ;
#155 = VERTEX_POINT ( 'NONE', #233 ) ;
#156 = CARTESIAN_POINT ( 'NONE',  ( 30.00000000000001066, -0.09675721076461553383, 33.74501243788786553 ) ) ;
#157 = EDGE_CURVE ( 'NONE', #1902, #973, #351, .T. ) ;
#158 = LINE ( 'NONE', #1702, #1844 ) ;
#159 = ORIENTED_EDGE ( 'NONE', *, *, #753, .T. ) ;
#160 = LINE ( 'NONE', #968, #275 ) ;
#161 = EDGE_CURVE ( 'NONE', #1200, #1644, #1907, .T. ) ;
#162 = PRODUCT_DEFINITION ( 'UNKNOWN', '', #1722, #983 ) ;
#163 = PLANE ( 'NONE',  #206 ) ;
#164 = CARTESIAN_POINT ( 'NONE',  ( 39.95166244463845118, 0.7144644898678228495, 33.52608232051958481 ) ) ;
#165 = ORIENTED_EDGE ( 'NONE', *, *, #874, .F. ) ;
#166 = DIRECTION ( 'NONE',  ( -1.000000000000000000, 0.000000000000000000, -0.000000000000000000 ) ) ;
#167 = CARTESIAN_POINT ( 'NONE',  ( 39.95166244463843697, 0.7144644898677597888, -123.0260823205195493 ) ) ;
#168 = EDGE_LOOP ( 'NONE', ( #1089, #1358, #640, #85 ) ) ;
#169 = EDGE_CURVE ( 'NONE', #1200, #915, #1765, .T. ) ;
#170 = DIRECTION ( 'NONE',  ( 0.000000000000000000, -7.771561172376092825E-16, -1.000000000000000000 ) ) ;
#171 = PRODUCT ( 'cap holder', 'cap holder', '', ( #1037 ) ) ;
#172 = CARTESIAN_POINT ( 'NONE',  ( 39.99999999999999289, 18.74999999999998579, -44.75000000000000711 ) ) ;
#173 = DIRECTION ( 'NONE',  ( 0.000000000000000000, 0.000000000000000000, 1.000000000000000000 ) ) ;
#174 = EDGE_LOOP ( 'NONE', ( #943, #801, #561, #1261 ) ) ;
#175 = AXIS2_PLACEMENT_3D ( 'NONE', #560, #701, #859 ) ;
#176 = B_SPLINE_CURVE_WITH_KNOTS ( 'NONE', 3,
 ( #746, #592, #1521, #708, #1552, #495, #24, #642, #1079, #1260, #137, #1368, #487, #945, #1105, #776, #1219, #1858, #167, #1693, #1228, #469, #1092, #1559 ),
 .UNSPECIFIED., .F., .F.,
 ( 4, 2, 2, 2, 2, 2, 2, 2, 2, 2, 2, 4 ),
 ( 0.009053091418797464679, 0.009618534968252521328, 0.01018397851770757624, 0.01131486561661769821, 0.01244575271552782018, 0.01357663981443794216, 0.01470752691334806413, 0.01583841401225818610, 0.01696930111116830980, 0.01753474466062337339, 0.01781746643535090172, 0.01810018821007843351 ),
 .UNSPECIFIED. ) ;
#177 = VECTOR ( 'NONE', #1523, 1000.000000000000000 ) ;
#178 = CARTESIAN_POINT ( 'NONE',  ( 33.99999999999999289, 18.74999999999998579, -44.75000000000000711 ) ) ;
#179 = CIRCLE ( 'NONE', #656, 4.099999999999999645 ) ;
#180 = CIRCLE ( 'NONE', #209, 2.200000000000000622 ) ;
#181 = DIRECTION ( 'NONE',  ( 1.000000000000000000, 0.000000000000000000, 0.000000000000000000 ) ) ;
#182 = VERTEX_POINT ( 'NONE', #1515 ) ;
#183 = VECTOR ( 'NONE', #260, 1000.000000000000000 ) ;
#184 = AXIS2_PLACEMENT_3D ( 'NONE', #1263, #1607, #980 ) ;
#185 = CARTESIAN_POINT ( 'NONE',  ( 33.99999999999999289, 18.74999999999996803, -88.75000000000001421 ) ) ;
#186 = CARTESIAN_POINT ( 'NONE',  ( 38.12327332918196277, -3.907881199682415652, -120.2150308978830964 ) ) ;
#187 = CARTESIAN_POINT ( 'NONE',  ( 39.92589216578131328, 0.8715711115244028084, 33.42398197034270169 ) ) ;
#188 = ADVANCED_FACE ( 'NONE', ( #1665, #1353 ), #296, .T. ) ;
#189 = ORIENTED_EDGE ( 'NONE', *, *, #68, .T. ) ;
#190 = DIRECTION ( 'NONE',  ( 1.000000000000000000, -0.000000000000000000, -0.000000000000000000 ) ) ;
#191 = VERTEX_POINT ( 'NONE', #1370 ) ;
#192 = DIRECTION ( 'NONE',  ( 0.000000000000000000, -7.771561172376093811E-16, -1.000000000000000000 ) ) ;
#193 = CARTESIAN_POINT ( 'NONE',  ( 34.99999999999999289, 20.00000000000001066, 30.65000000000000213 ) ) ;
#194 = EDGE_CURVE ( 'NONE', #886, #688, #1530, .T. ) ;
#195 = DIRECTION ( 'NONE',  ( 0.000000000000000000, 0.000000000000000000, -1.000000000000000000 ) ) ;
#196 = ORIENTED_EDGE ( 'NONE', *, *, #1824, .T. ) ;
#197 = CARTESIAN_POINT ( 'NONE',  ( 0.000000000000000000, 0.000000000000000000, 17.75000000000000000 ) ) ;
#198 = CARTESIAN_POINT ( 'NONE',  ( 40.00000000000000000, 12.74999999999998579, -44.75000000000000711 ) ) ;
#199 = ORIENTED_EDGE ( 'NONE', *, *, #1293, .T. ) ;
#200 = CARTESIAN_POINT ( 'NONE',  ( 40.00000000000000000, -4.857225732735058602E-14, -107.2500000000000000 ) ) ;
#201 = LINE ( 'NONE', #1449, #828 ) ;
#202 = CARTESIAN_POINT ( 'NONE',  ( 30.00276443568937879, 0.1896466776675407029, -123.2310475490230601 ) ) ;
#203 = VERTEX_POINT ( 'NONE', #1960 ) ;
#204 = DIRECTION ( 'NONE',  ( -0.000000000000000000, 0.000000000000000000, 1.000000000000000000 ) ) ;
#205 = CARTESIAN_POINT ( 'NONE',  ( 34.99999999999999289, -29.99999999999999645, 39.85000000000000142 ) ) ;
#206 = AXIS2_PLACEMENT_3D ( 'NONE', #1224, #320, #1840 ) ;
#207 = ORIENTED_EDGE ( 'NONE', *, *, #122, .F. ) ;
#208 = CARTESIAN_POINT ( 'NONE',  ( 30.04863898987228765, 0.7164336233084853678, 33.52485982281415744 ) ) ;
#209 = AXIS2_PLACEMENT_3D ( 'NONE', #1933, #897, #452 ) ;
#210 = ADVANCED_FACE ( 'NONE', ( #121 ), #909, .F. ) ;
#211 = FACE_BOUND ( 'NONE', #1217, .T. ) ;
#212 = CIRCLE ( 'NONE', #1027, 18.75000000000000355 ) ;
#213 = AXIS2_PLACEMENT_3D ( 'NONE', #1953, #1492, #1326 ) ;
#214 = CARTESIAN_POINT ( 'NONE',  ( 0.000000000000000000, 0.000000000000000000, 0.000000000000000000 ) ) ;
#215 = CARTESIAN_POINT ( 'NONE',  ( 30.60463462127314926, 2.401465078967145672, -121.6482241021756892 ) ) ;
#216 = ORIENTED_EDGE ( 'NONE', *, *, #1332, .T. ) ;
#217 = CARTESIAN_POINT ( 'NONE',  ( -2.000000000000000000, 0.000000000000000000, 18.75000000000000711 ) ) ;
#218 = DIRECTION ( 'NONE',  ( -0.000000000000000000, -0.000000000000000000, -1.000000000000000000 ) ) ;
#219 = ORIENTED_EDGE ( 'NONE', *, *, #326, .F. ) ;
#220 = DIRECTION ( 'NONE',  ( 0.000000000000000000, -3.885780586188046905E-16, -1.000000000000000000 ) ) ;
#221 = ADVANCED_FACE ( 'NONE', ( #1381 ), #887, .F. ) ;
#222 = CARTESIAN_POINT ( 'NONE',  ( 34.99999999999980815, 5.000000000001509903, 29.64999999999852776 ) ) ;
#223 = CARTESIAN_POINT ( 'NONE',  ( 35.74710625229815264, -4.957886257711829892, -119.1913087557519617 ) ) ;
#224 = ADVANCED_FACE ( 'NONE', ( #1823, #1979 ), #1064, .F. ) ;
#225 = DIRECTION ( 'NONE',  ( 0.000000000000000000, 1.000000000000000000, -3.885780586188046905E-16 ) ) ;
#226 = CARTESIAN_POINT ( 'NONE',  ( 34.99999999999999289, 19.99999999999995026, -119.1500000000000057 ) ) ;
#227 = VERTEX_POINT ( 'NONE', #139 ) ;
#228 = DIRECTION ( 'NONE',  ( -1.000000000000000000, 0.000000000000000000, 0.000000000000000000 ) ) ;
#229 =( NAMED_UNIT ( * ) SI_UNIT ( $, .STERADIAN. ) SOLID_ANGLE_UNIT ( ) );
#230 = EDGE_LOOP ( 'NONE', ( #1574, #25 ) ) ;
#231 = CARTESIAN_POINT ( 'NONE',  ( 30.00000000000000000, 1.040834085586084257E-14, 33.74501243788786553 ) ) ;
#232 = DIRECTION ( 'NONE',  ( 1.000000000000000000, 0.000000000000000000, 0.000000000000000000 ) ) ;
#233 = CARTESIAN_POINT ( 'NONE',  ( 30.00000000000000000, -5.059453823288594414E-14, -123.2450124378878513 ) ) ;
#234 = CARTESIAN_POINT ( 'NONE',  ( 30.91610055917229971, -2.899576984414153458, -121.1824603133665335 ) ) ;
#235 = ORIENTED_EDGE ( 'NONE', *, *, #1736, .F. ) ;
#236 = LINE ( 'NONE', #1745, #923 ) ;
#237 = CARTESIAN_POINT ( 'NONE',  ( 40.00000000000000000, 0.000000000000000000, 0.000000000000000000 ) ) ;
#238 = ORIENTED_EDGE ( 'NONE', *, *, #1197, .T. ) ;
#239 = CARTESIAN_POINT ( 'NONE',  ( 32.56167572121371734, 4.368414883213219468, 30.26751722955996371 ) ) ;
#240 = CARTESIAN_POINT ( 'NONE',  ( 38.24942032373822798, 11.22456340977607780, -13.75095726385434425 ) ) ;
#241 = CARTESIAN_POINT ( 'NONE',  ( 38.48084234989131858, -3.592881097645945321, -120.5193143884822717 ) ) ;
#242 = AXIS2_PLACEMENT_3D ( 'NONE', #917, #622, #1534 ) ;
#243 = AXIS2_PLACEMENT_3D ( 'NONE', #1539, #1862, #780 ) ;
#244 = CIRCLE ( 'NONE', #596, 2.000000000000001776 ) ;
#245 = CARTESIAN_POINT ( 'NONE',  ( 34.24745885734583339, 4.946602383397234348, -119.2023413943014276 ) ) ;
#246 = ADVANCED_FACE ( 'NONE', ( #728 ), #151, .F. ) ;
#247 = AXIS2_PLACEMENT_3D ( 'NONE', #299, #154, #173 ) ;
#248 = EDGE_LOOP ( 'NONE', ( #669, #1557 ) ) ;
#249 = LINE ( 'NONE', #712, #148 ) ;
#250 = EDGE_CURVE ( 'NONE', #1578, #833, #1183, .T. ) ;
#251 = CARTESIAN_POINT ( 'NONE',  ( 34.09925843831346981, 11.44522342025327788, -74.62513582919950750 ) ) ;
#252 = ORIENTED_EDGE ( 'NONE', *, *, #1205, .F. ) ;
#253 = CARTESIAN_POINT ( 'NONE',  ( 35.00000000000000000, 15.75000000000000000, -48.75000000000000000 ) ) ;
#254 = CARTESIAN_POINT ( 'NONE',  ( 38.06979825228304293, 10.78684956192949507, -14.09706199702361751 ) ) ;
#255 = ORIENTED_EDGE ( 'NONE', *, *, #1842, .T. ) ;
#256 = CARTESIAN_POINT ( 'NONE',  ( 37.72628768471405891, -4.194734255972286441, -119.9366023214208781 ) ) ;
#257 = LINE ( 'NONE', #1484, #981 ) ;
#258 = EDGE_CURVE ( 'NONE', #752, #1849, #747, .T. ) ;
#259 = ORIENTED_EDGE ( 'NONE', *, *, #262, .F. ) ;
#260 = DIRECTION ( 'NONE',  ( -1.156482317317871133E-15, 1.000000000000000000, -5.782411586589355667E-16 ) ) ;
#261 = EDGE_LOOP ( 'NONE', ( #1188, #1838 ) ) ;
#262 = EDGE_CURVE ( 'NONE', #1807, #682, #266, .T. ) ;
#263 = DIRECTION ( 'NONE',  ( 0.000000000000000000, 1.000000000000000000, 0.000000000000000000 ) ) ;
#264 = DIRECTION ( 'NONE',  ( 1.000000000000000000, 0.000000000000000000, 0.000000000000000000 ) ) ;
#265 = ORIENTED_EDGE ( 'NONE', *, *, #993, .T. ) ;
#266 = LINE ( 'NONE', #107, #177 ) ;
#267 = DIRECTION ( 'NONE',  ( 0.000000000000000000, -6.802837160693350791E-16, -1.000000000000000000 ) ) ;
#268 = VERTEX_POINT ( 'NONE', #1345 ) ;
#269 = EDGE_LOOP ( 'NONE', ( #1470, #1077 ) ) ;
#270 = DIRECTION ( 'NONE',  ( 0.000000000000000000, 3.885780586188046905E-16, 1.000000000000000000 ) ) ;
#271 = DIRECTION ( 'NONE',  ( 0.000000000000000000, 0.000000000000000000, 1.000000000000000000 ) ) ;
#272 = ORIENTED_EDGE ( 'NONE', *, *, #104, .F. ) ;
#273 = DIRECTION ( 'NONE',  ( 0.000000000000000000, 0.000000000000000000, -1.000000000000000000 ) ) ;
#274 = VECTOR ( 'NONE', #684, 1000.000000000000000 ) ;
#275 = VECTOR ( 'NONE', #1107, 1000.000000000000000 ) ;
#276 = DIRECTION ( 'NONE',  ( -0.000000000000000000, -1.000000000000000000, 7.771561172376093811E-16 ) ) ;
#277 = AXIS2_PLACEMENT_3D ( 'NONE', #825, #56, #1289 ) ;
#278 = CIRCLE ( 'NONE', #1307, 10.00000000000000000 ) ;
#279 = ORIENTED_EDGE ( 'NONE', *, *, #1184, .F. ) ;
#280 = AXIS2_PLACEMENT_3D ( 'NONE', #1297, #1445, #63 ) ;
#281 = DIRECTION ( 'NONE',  ( 0.000000000000000000, -7.771561172376094797E-16, -1.000000000000000000 ) ) ;
#282 = ORIENTED_EDGE ( 'NONE', *, *, #1231, .F. ) ;
#283 = CARTESIAN_POINT ( 'NONE',  ( 34.99999999999980815, 5.000000000001509903, 29.64999999999852776 ) ) ;
#284 = DIRECTION ( 'NONE',  ( 1.000000000000000000, 0.000000000000000000, 0.000000000000000000 ) ) ;
#285 = ORIENTED_EDGE ( 'NONE', *, *, #779, .F. ) ;
#286 = EDGE_CURVE ( 'NONE', #1365, #1608, #374, .T. ) ;
#287 = DIRECTION ( 'NONE',  ( 0.000000000000000000, -8.462065736472244640E-16, -1.000000000000000000 ) ) ;
#288 = ADVANCED_FACE ( 'NONE', ( #1951 ), #586, .T. ) ;
#289 = CARTESIAN_POINT ( 'NONE',  ( 38.24660188276261863, -3.805868397811505766, 30.81377658006760001 ) ) ;
#290 = FACE_OUTER_BOUND ( 'NONE', #174, .T. ) ;
#291 = DIRECTION ( 'NONE',  ( 0.000000000000000000, 1.000000000000000000, 0.000000000000000000 ) ) ;
#292 = ORIENTED_EDGE ( 'NONE', *, *, #1039, .T. ) ;
#293 = CARTESIAN_POINT ( 'NONE',  ( 30.16914261214723680, -1.326168206241820746, 33.09966832940412473 ) ) ;
#294 = DIRECTION ( 'NONE',  ( -1.000000000000000000, -0.000000000000000000, -0.000000000000000000 ) ) ;
#295 = VERTEX_POINT ( 'NONE', #1045 ) ;
#296 = PLANE ( 'NONE',  #1845 ) ;
#297 = CARTESIAN_POINT ( 'NONE',  ( 37.09800745696252022, 7.494186380448982554, -72.31238979061943439 ) ) ;
#298 = CARTESIAN_POINT ( 'NONE',  ( 37.99704776552203356, 10.20216662117142725, -74.97417540618674536 ) ) ;
#299 = CARTESIAN_POINT ( 'NONE',  ( 40.00000000000000000, 15.75000000000000000, -48.75000000000000000 ) ) ;
#300 = VERTEX_POINT ( 'NONE', #1813 ) ;
#301 = B_SPLINE_CURVE_WITH_KNOTS ( 'NONE', 3,
 ( #407, #1525, #748, #1478, #1233, #1058, #1969, #1666, #1020, #1618, #1825, #911, #1814, #597, #1202, #289, #1980, #851, #1011, #1516, #1839, #1832, #84, #1073, #152, #924 ),
 .UNSPECIFIED., .F., .F.,
 ( 4, 2, 2, 2, 2, 2, 2, 2, 2, 2, 2, 2, 4 ),
 ( 0.01810018821007843351, 0.01838493262423072927, 0.01866967703838302156, 0.01923916586668762002, 0.02037814352329681347, 0.02151712117990600692, 0.02265609883651519690, 0.02322558766481978842, 0.02379507649312437301, 0.02436456532142896453, 0.02493405414973355258, 0.02607303180634274950, 0.02721200946295194642 ),
 .UNSPECIFIED. ) ;
#302 = CARTESIAN_POINT ( 'NONE',  ( -2.000000000000000000, 1.224646799147353256E-15, 10.00000000000000000 ) ) ;
#303 = MANIFOLD_SOLID_BREP ( 'Mirror1[2]', #724 ) ;
#304 = FACE_OUTER_BOUND ( 'NONE', #1206, .T. ) ;
#305 = UNCERTAINTY_MEASURE_WITH_UNIT (LENGTH_MEASURE( 1.000000000000000082E-05 ), #1850, 'distance_accuracy_value', 'NONE');
#306 = EDGE_LOOP ( 'NONE', ( #125, #1767 ) ) ;
#307 = AXIS2_PLACEMENT_3D ( 'NONE', #1162, #718, #646 ) ;
#308 = CARTESIAN_POINT ( 'NONE',  ( 34.70998301283616883, 9.912342963186507205, -73.58316863519142714 ) ) ;
#309 = FACE_OUTER_BOUND ( 'NONE', #1679, .T. ) ;
#310 = CARTESIAN_POINT ( 'NONE',  ( 37.73176970633459604, 4.200353293541128963, 30.43135088688068990 ) ) ;
#311 = AXIS2_PLACEMENT_3D ( 'NONE', #966, #1158, #975 ) ;
#312 = CIRCLE ( 'NONE', #1692, 9.999999999999994671 ) ;
#313 = AXIS2_PLACEMENT_3D ( 'NONE', #214, #1016, #425 ) ;
#314 = ORIENTED_EDGE ( 'NONE', *, *, #1378, .T. ) ;
#315 = EDGE_CURVE ( 'NONE', #1619, #511, #1496, .T. ) ;
#316 = FACE_BOUND ( 'NONE', #1715, .T. ) ;
#317 = AXIS2_PLACEMENT_3D ( 'NONE', #719, #1798, #1335 ) ;
#318 = FACE_BOUND ( 'NONE', #964, .T. ) ;
#319 = ORIENTED_EDGE ( 'NONE', *, *, #1063, .F. ) ;
#320 = DIRECTION ( 'NONE',  ( 0.000000000000000000, 1.000000000000000000, -3.885780586188046905E-16 ) ) ;
#321 = DIRECTION ( 'NONE',  ( 0.000000000000000000, 0.000000000000000000, 1.000000000000000000 ) ) ;
#322 = EDGE_CURVE ( 'NONE', #590, #682, #1230, .T. ) ;
#323 = VERTEX_POINT ( 'NONE', #1729 ) ;
#324 = DIRECTION ( 'NONE',  ( 0.000000000000000000, -3.885780586188046905E-16, -1.000000000000000000 ) ) ;
#325 = CYLINDRICAL_SURFACE ( 'NONE', #1497, 4.099999999999999645 ) ;
#326 = EDGE_CURVE ( 'NONE', #742, #323, #160, .T. ) ;
#327 = ORIENTED_EDGE ( 'NONE', *, *, #580, .F. ) ;
#328 = DIRECTION ( 'NONE',  ( 0.000000000000000000, 1.000000000000000000, -7.771561172376093811E-16 ) ) ;
#329 = MANIFOLD_SOLID_BREP ( 'Cut-Extrude5', #853 ) ;
#330 = CARTESIAN_POINT ( 'NONE',  ( 39.42357549448234977, 8.329391026349798111, -73.82565738444975523 ) ) ;
#331 = CARTESIAN_POINT ( 'NONE',  ( 33.02581574969085665, -4.597047573599541970, -119.5444088849928903 ) ) ;
#332 = VERTEX_POINT ( 'NONE', #200 ) ;
#333 = CARTESIAN_POINT ( 'NONE',  ( 40.00000000000000000, 2.296212748401287578E-15, -18.75000000000000355 ) ) ;
#334 = CARTESIAN_POINT ( 'NONE',  ( 40.00000000000000000, 15.75000000000000355, -40.75000000000000711 ) ) ;
#335 = ORIENTED_EDGE ( 'NONE', *, *, #814, .F. ) ;
#336 = ADVANCED_FACE ( 'NONE', ( #931, #644 ), #503, .T. ) ;
#337 = LINE ( 'NONE', #970, #412 ) ;
#338 = CARTESIAN_POINT ( 'NONE',  ( 0.000000000000000000, -2.700617507400692338E-14, -79.50000000000000000 ) ) ;
#339 = CARTESIAN_POINT ( 'NONE',  ( 32.55382866059434122, -4.374613716740425318, -119.7615469745714307 ) ) ;
#340 = ORIENTED_EDGE ( 'NONE', *, *, #518, .T. ) ;
#341 = CIRCLE ( 'NONE', #1691, 18.75000000000000355 ) ;
#342 = VECTOR ( 'NONE', #1783, 1000.000000000000000 ) ;
#343 = DIRECTION ( 'NONE',  ( -0.000000000000000000, -3.885780586188046905E-16, -1.000000000000000000 ) ) ;
#344 = CIRCLE ( 'NONE', #1177, 6.000000000000000000 ) ;
#345 = CARTESIAN_POINT ( 'NONE',  ( 39.99999999999999289, 1.102066425543451988E-14, 17.75000000000000711 ) ) ;
#346 = EDGE_LOOP ( 'NONE', ( #1240, #1703, #1196, #327 ) ) ;
#347 = CARTESIAN_POINT ( 'NONE',  ( -2.000000000000000000, -3.477773624638302232E-14, -89.50000000000000000 ) ) ;
#348 = AXIS2_PLACEMENT_3D ( 'NONE', #619, #1416, #763 ) ;
#349 = EDGE_CURVE ( 'NONE', #752, #854, #889, .T. ) ;
#350 = CARTESIAN_POINT ( 'NONE',  ( 40.00000000000000000, -3.477773624638302232E-14, -89.50000000000000000 ) ) ;
#351 = B_SPLINE_CURVE_WITH_KNOTS ( 'NONE', 3,
 ( #700, #1315, #846, #1921, #1749, #709, #1713, #950, #1928, #402, #1015, #1565, #1605, #1262, #241, #1869, #186, #88, #256, #67, #525, #1171, #1028, #223, #685, #1302 ),
 .UNSPECIFIED., .F., .F.,
 ( 4, 2, 2, 2, 2, 2, 2, 2, 2, 2, 2, 2, 4 ),
 ( 0.01810018821007843351, 0.01838493262423074315, 0.01866967703838304932, 0.01923916586668766859, 0.02037814352329687245, 0.02151712117990607978, 0.02265609883651528711, 0.02322558766481987863, 0.02379507649312446668, 0.02436456532142905820, 0.02493405414973364972, 0.02607303180634279807, 0.02721200946295194642 ),
 .UNSPECIFIED. ) ;
#352 = CARTESIAN_POINT ( 'NONE',  ( 34.99999999999999289, -30.00000000000006040, -129.3499999999999659 ) ) ;
#353 = ORIENTED_EDGE ( 'NONE', *, *, #1063, .T. ) ;
#354 = CARTESIAN_POINT ( 'NONE',  ( 39.99999999999999289, -3.955339598830102877E-14, -108.2500000000000000 ) ) ;
#355 = DIRECTION ( 'NONE',  ( 0.000000000000000000, 7.771561172376098741E-16, 1.000000000000000000 ) ) ;
#356 = ORIENTED_EDGE ( 'NONE', *, *, #936, .F. ) ;
#357 = CARTESIAN_POINT ( 'NONE',  ( 35.00000000000000000, 15.74999999999999645, -50.95000000000000284 ) ) ;
#358 = FACE_BOUND ( 'NONE', #418, .T. ) ;
#359 = CARTESIAN_POINT ( 'NONE',  ( 30.01301401604006358, 0.3718870034681469039, -123.1820120888557426 ) ) ;
#360 = ORIENTED_EDGE ( 'NONE', *, *, #1259, .T. ) ;
#361 = DIRECTION ( 'NONE',  ( 1.000000000000000000, -0.000000000000000000, 0.000000000000000000 ) ) ;
#362 = EDGE_CURVE ( 'NONE', #1330, #1793, #17, .T. ) ;
#363 = PLANE ( 'NONE',  #759 ) ;
#364 = ORIENTED_EDGE ( 'NONE', *, *, #1004, .F. ) ;
#365 = CARTESIAN_POINT ( 'NONE',  ( 39.56259605974959470, 6.761989783422442279, -17.48824305882234142 ) ) ;
#366 = CARTESIAN_POINT ( 'NONE',  ( 34.99999999999999289, -30.00000000000005329, -120.1499999999999631 ) ) ;
#367 = CARTESIAN_POINT ( 'NONE',  ( 0.000000000000000000, 0.000000000000000000, 0.000000000000000000 ) ) ;
#368 = CARTESIAN_POINT ( 'NONE',  ( 40.00000000000000000, 0.000000000000000000, 0.000000000000000000 ) ) ;
#369 = ADVANCED_FACE ( 'NONE', ( #1269 ), #624, .F. ) ;
#370 = EDGE_LOOP ( 'NONE', ( #1116, #319 ) ) ;
#371 = PLANE ( 'NONE',  #793 ) ;
#372 = CARTESIAN_POINT ( 'NONE',  ( 0.000000000000000000, 1.224646799147353256E-15, 10.00000000000000000 ) ) ;
#373 = VECTOR ( 'NONE', #1180, 1000.000000000000000 ) ;
#374 = CIRCLE ( 'NONE', #818, 17.75000000000000355 ) ;
#375 = VERTEX_POINT ( 'NONE', #1241 ) ;
#376 = EDGE_CURVE ( 'NONE', #1453, #1986, #1987, .T. ) ;
#377 = B_SPLINE_CURVE_WITH_KNOTS ( 'NONE', 3,
 ( #1207, #1794, #745, #1660, #421, #1034, #1820, #1670, #1366, #1948, #118, #1958, #864, #1331, #1218, #1359, #1966, #1976, #293, #906, #602, #783, #1716, #916, #156, #1836 ),
 .UNSPECIFIED., .F., .F.,
 ( 4, 2, 2, 2, 2, 2, 2, 2, 2, 2, 2, 2, 4 ),
 ( 0.02721200946295194642, 0.02778055339800352547, 0.02834909733305510798, 0.02891764126810668703, 0.02948618520315826608, 0.03062327307326143111, 0.03176036094336458920, 0.03289744881346776118, 0.03403453668357093315, 0.03517162455367410512, 0.03574016848872569457, 0.03602444045625149277, 0.03630871242377728403 ),
 .UNSPECIFIED. ) ;
#378 = CARTESIAN_POINT ( 'NONE',  ( 34.09925843831348402, 11.44522342025330097, -14.87486417080048895 ) ) ;
#379 = AXIS2_PLACEMENT_3D ( 'NONE', #42, #1727, #355 ) ;
#380 = AXIS2_PLACEMENT_3D ( 'NONE', #754, #1189, #1810 ) ;
#381 = LINE ( 'NONE', #1604, #1304 ) ;
#382 =( GEOMETRIC_REPRESENTATION_CONTEXT ( 3 ) GLOBAL_UNCERTAINTY_ASSIGNED_CONTEXT ( ( #768 ) ) GLOBAL_UNIT_ASSIGNED_CONTEXT ( ( #1791, #1204, #1337 ) ) REPRESENTATION_CONTEXT ( 'NONE', 'WORKASPACE' ) );
#383 = CARTESIAN_POINT ( 'NONE',  ( 40.00000000000000000, 12.75000000000000178, -0.7500000000000006661 ) ) ;
#384 = AXIS2_PLACEMENT_3D ( 'NONE', #1199, #1343, #271 ) ;
#385 = DIRECTION ( 'NONE',  ( 0.000000000000000000, -7.771561172376092825E-16, -1.000000000000000000 ) ) ;
#386 = CARTESIAN_POINT ( 'NONE',  ( 30.47446696994474635, -2.145682648075649013, -121.8840352991133500 ) ) ;
#387 = ORIENTED_EDGE ( 'NONE', *, *, #1532, .T. ) ;
#388 = DIRECTION ( 'NONE',  ( 0.000000000000000000, 0.000000000000000000, -1.000000000000000000 ) ) ;
#389 = DIRECTION ( 'NONE',  ( -0.000000000000000000, -3.885780586188046905E-16, -1.000000000000000000 ) ) ;
#390 = ORIENTED_EDGE ( 'NONE', *, *, #315, .T. ) ;
#391 = CARTESIAN_POINT ( 'NONE',  ( 34.39796249702977349, 10.59367201668679037, -15.47190606083563047 ) ) ;
#392 = CARTESIAN_POINT ( 'NONE',  ( 39.42574677830893393, 12.17118983964423506, -12.92000335310297565 ) ) ;
#393 = DIRECTION ( 'NONE',  ( 0.000000000000000000, -3.885780586188046905E-16, -1.000000000000000000 ) ) ;
#394 = CARTESIAN_POINT ( 'NONE',  ( 30.47380551844070240, 2.144168594761640900, -121.8853901904288364 ) ) ;
#395 = ORIENTED_EDGE ( 'NONE', *, *, #250, .T. ) ;
#396 = CARTESIAN_POINT ( 'NONE',  ( -2.000000000000000000, -3.477773624638302232E-14, -89.50000000000000000 ) ) ;
#397 = DIRECTION ( 'NONE',  ( 0.000000000000000000, 0.000000000000000000, 1.000000000000000000 ) ) ;
#398 = EDGE_LOOP ( 'NONE', ( #432, #614, #314, #438 ) ) ;
#399 = CARTESIAN_POINT ( 'NONE',  ( 30.91603870062927228, 2.899574355530772696, 31.68247090637232333 ) ) ;
#400 = CARTESIAN_POINT ( 'NONE',  ( 38.71643384322187131, 11.78921496310072925, -13.26979351102157167 ) ) ;
#401 = ADVANCED_FACE ( 'NONE', ( #1094 ), #637, .F. ) ;
#402 = CARTESIAN_POINT ( 'NONE',  ( 39.52371077860403403, -2.149695431651772903, -121.8804157164842650 ) ) ;
#403 = CARTESIAN_POINT ( 'NONE',  ( 34.62024350351369861, 4.989085919704617567, -119.1607013671384578 ) ) ;
#404 = ADVANCED_FACE ( 'NONE', ( #673 ), #1761, .T. ) ;
#405 = ORIENTED_EDGE ( 'NONE', *, *, #1965, .F. ) ;
#406 = DIRECTION ( 'NONE',  ( 0.000000000000000000, 1.000000000000000000, 0.000000000000000000 ) ) ;
#407 = CARTESIAN_POINT ( 'NONE',  ( 39.99999999999999289, 1.097841728897095335E-14, 33.74501243788792948 ) ) ;
#408 = ORIENTED_EDGE ( 'NONE', *, *, #462, .F. ) ;
#409 = CARTESIAN_POINT ( 'NONE',  ( 30.31082042317321878, 1.741427218744922900, 32.74038588147494266 ) ) ;
#410 = LINE ( 'NONE', #1949, #1852 ) ;
#411 = CYLINDRICAL_SURFACE ( 'NONE', #307, 4.999999999999997335 ) ;
#412 = VECTOR ( 'NONE', #979, 1000.000000000000000 ) ;
#413 = VECTOR ( 'NONE', #1642, 1000.000000000000000 ) ;
#414 = EDGE_CURVE ( 'NONE', #1033, #268, #1620, .T. ) ;
#415 = AXIS2_PLACEMENT_3D ( 'NONE', #1747, #220, #1160 ) ;
#416 = LINE ( 'NONE', #1929, #1406 ) ;
#417 = EDGE_CURVE ( 'NONE', #835, #323, #1212, .T. ) ;
#418 = EDGE_LOOP ( 'NONE', ( #726, #880 ) ) ;
#419 = DIRECTION ( 'NONE',  ( -0.000000000000000000, -1.000000000000000000, 7.771561172376093811E-16 ) ) ;
#420 = ORIENTED_EDGE ( 'NONE', *, *, #571, .F. ) ;
#421 = CARTESIAN_POINT ( 'NONE',  ( 34.06542673161069246, -4.915324457727783702, 29.73299431578849195 ) ) ;
#422 = DIRECTION ( 'NONE',  ( 1.000000000000000000, 0.000000000000000000, 0.000000000000000000 ) ) ;
#423 = ORIENTED_EDGE ( 'NONE', *, *, #104, .T. ) ;
#424 = DIRECTION ( 'NONE',  ( 1.000000000000000000, 0.000000000000000000, 0.000000000000000000 ) ) ;
#425 = DIRECTION ( 'NONE',  ( 1.000000000000000000, 0.000000000000000000, 0.000000000000000000 ) ) ;
#426 = CARTESIAN_POINT ( 'NONE',  ( 40.00000000000000000, 12.24999999999997513, -79.25000000000002842 ) ) ;
#427 = FACE_OUTER_BOUND ( 'NONE', #967, .T. ) ;
#428 = ORIENTED_EDGE ( 'NONE', *, *, #1121, .T. ) ;
#429 = ADVANCED_FACE ( 'NONE', ( #844 ), #1448, .F. ) ;
#430 = CARTESIAN_POINT ( 'NONE',  ( 34.99999999999999289, -29.99999999999999645, 38.85000000000000142 ) ) ;
#431 = FACE_OUTER_BOUND ( 'NONE', #481, .T. ) ;
#432 = ORIENTED_EDGE ( 'NONE', *, *, #890, .F. ) ;
#433 = DIRECTION ( 'NONE',  ( 0.000000000000000000, 1.000000000000000000, 0.000000000000000000 ) ) ;
#434 = LINE ( 'NONE', #877, #1908 ) ;
#435 = ORIENTED_EDGE ( 'NONE', *, *, #462, .T. ) ;
#436 = LINE ( 'NONE', #1477, #183 ) ;
#437 = EDGE_CURVE ( 'NONE', #1560, #7, #659, .T. ) ;
#438 = ORIENTED_EDGE ( 'NONE', *, *, #1541, .T. ) ;
#439 = CARTESIAN_POINT ( 'NONE',  ( 35.00000000000000000, 15.75000000000000000, -48.75000000000000000 ) ) ;
#440 = DIRECTION ( 'NONE',  ( 0.000000000000000000, -8.462065736472244640E-16, -1.000000000000000000 ) ) ;
#441 = EDGE_CURVE ( 'NONE', #1986, #1409, #792, .T. ) ;
#442 = FILL_AREA_STYLE_COLOUR ( '', #1338 ) ;
#443 = AXIS2_PLACEMENT_3D ( 'NONE', #59, #1270, #1441 ) ;
#444 = AXIS2_PLACEMENT_3D ( 'NONE', #1414, #1136, #77 ) ;
#445 = AXIS2_PLACEMENT_3D ( 'NONE', #1273, #1900, #526 ) ;
#446 = CARTESIAN_POINT ( 'NONE',  ( 37.87047682888936606, 7.124370862468122567, -72.15515271428149902 ) ) ;
#447 = ORIENTED_EDGE ( 'NONE', *, *, #750, .F. ) ;
#448 = VECTOR ( 'NONE', #1706, 1000.000000000000000 ) ;
#449 = DIRECTION ( 'NONE',  ( -1.000000000000000000, 0.000000000000000000, 0.000000000000000000 ) ) ;
#450 = AXIS2_PLACEMENT_3D ( 'NONE', #1044, #264, #875 ) ;
#451 = ORIENTED_EDGE ( 'NONE', *, *, #1086, .T. ) ;
#452 = DIRECTION ( 'NONE',  ( 0.000000000000000000, 0.000000000000000000, -1.000000000000000000 ) ) ;
#453 = CARTESIAN_POINT ( 'NONE',  ( 34.99999999999999289, -30.00000000000005684, -124.2499999999999716 ) ) ;
#454 = DIRECTION ( 'NONE',  ( -1.000000000000000000, 0.000000000000000000, 0.000000000000000000 ) ) ;
#455 = LINE ( 'NONE', #1631, #985 ) ;
#456 = CARTESIAN_POINT ( 'NONE',  ( 38.06979825228303582, 10.78684956192947553, -75.40293800297638427 ) ) ;
#457 = CARTESIAN_POINT ( 'NONE',  ( 35.18834588121620754, 5.000000000000024869, 29.64999999999998437 ) ) ;
#458 = ORIENTED_EDGE ( 'NONE', *, *, #322, .F. ) ;
#459 = FACE_OUTER_BOUND ( 'NONE', #522, .T. ) ;
#460 = DIRECTION ( 'NONE',  ( 0.000000000000000000, 7.771561172376092825E-16, 1.000000000000000000 ) ) ;
#461 = SURFACE_STYLE_USAGE ( .BOTH. , #606 ) ;
#462 = EDGE_CURVE ( 'NONE', #94, #1330, #79, .T. ) ;
#463 = CARTESIAN_POINT ( 'NONE',  ( 38.91215795455004667, 6.845446518444409989, -72.04420094426990318 ) ) ;
#464 = EDGE_CURVE ( 'NONE', #498, #1835, #180, .T. ) ;
#465 = CYLINDRICAL_SURFACE ( 'NONE', #949, 4.999999999999997335 ) ;
#466 = CARTESIAN_POINT ( 'NONE',  ( 36.47338016304774300, 4.792283129139807585, 29.85350112009812662 ) ) ;
#467 = ORIENTED_EDGE ( 'NONE', *, *, #437, .T. ) ;
#468 = CARTESIAN_POINT ( 'NONE',  ( 33.99999999999999289, 18.75000000000000355, -0.7500000000000041078 ) ) ;
#469 = CARTESIAN_POINT ( 'NONE',  ( 39.99724619872439035, 0.1892946338252513294, -123.2311017202026875 ) ) ;
#470 = EDGE_LOOP ( 'NONE', ( #1789, #1864 ) ) ;
#471 = ADVANCED_FACE ( 'NONE', ( #1680 ), #1803, .T. ) ;
#472 = CARTESIAN_POINT ( 'NONE',  ( 39.29059136685148701, 12.12496032220406939, -76.53643978833049744 ) ) ;
#473 = LINE ( 'NONE', #926, #448 ) ;
#474 = AXIS2_PLACEMENT_3D ( 'NONE', #367, #1128, #27 ) ;
#475 = AXIS2_PLACEMENT_3D ( 'NONE', #1512, #126, #103 ) ;
#476 = CIRCLE ( 'NONE', #1433, 5.100000000000000533 ) ;
#477 = ORIENTED_EDGE ( 'NONE', *, *, #36, .T. ) ;
#478 = CARTESIAN_POINT ( 'NONE',  ( 0.000000000000000000, -3.477773624638302232E-14, -89.50000000000000000 ) ) ;
#479 = AXIS2_PLACEMENT_3D ( 'NONE', #1920, #845, #978 ) ;
#480 = CARTESIAN_POINT ( 'NONE',  ( -2.000000000000000000, -2.700617507400692653E-14, -79.50000000000000000 ) ) ;
#481 = EDGE_LOOP ( 'NONE', ( #272, #1873, #905, #655 ) ) ;
#482 = CARTESIAN_POINT ( 'NONE',  ( 34.99999999999999289, -30.00000000000005329, -120.1499999999999631 ) ) ;
#483 = DIRECTION ( 'NONE',  ( 5.782411586589356653E-16, -1.000000000000000000, 2.891205793294678326E-16 ) ) ;
#484 = CARTESIAN_POINT ( 'NONE',  ( 33.18921678115096086, -4.664066353220185590, -119.4789033107464888 ) ) ;
#485 = ORIENTED_EDGE ( 'NONE', *, *, #814, .T. ) ;
#486 = DIRECTION ( 'NONE',  ( 0.000000000000000000, -6.802837160693369527E-16, -1.000000000000000000 ) ) ;
#487 = CARTESIAN_POINT ( 'NONE',  ( 39.07942570593296949, 2.905966392977028523, -121.1764214998660094 ) ) ;
#488 = ORIENTED_EDGE ( 'NONE', *, *, #315, .F. ) ;
#489 = DIRECTION ( 'NONE',  ( 1.000000000000000000, -0.000000000000000000, -0.000000000000000000 ) ) ;
#490 = CARTESIAN_POINT ( 'NONE',  ( 34.99999999999999289, 19.99999999999994671, -124.2500000000000142 ) ) ;
#491 = CARTESIAN_POINT ( 'NONE',  ( 34.81177769307867464, -5.000000000000059508, -119.1500000000000057 ) ) ;
#492 = ORIENTED_EDGE ( 'NONE', *, *, #494, .T. ) ;
#493 = DIRECTION ( 'NONE',  ( -1.000000000000000000, 0.000000000000000000, 0.000000000000000000 ) ) ;
#494 = EDGE_CURVE ( 'NONE', #1669, #74, #737, .T. ) ;
#495 = CARTESIAN_POINT ( 'NONE',  ( 36.47338016304775721, 4.792283129139747189, -119.3535011200981018 ) ) ;
#496 = ORIENTED_EDGE ( 'NONE', *, *, #1954, .F. ) ;
#497 = ADVANCED_FACE ( 'NONE', ( #459 ), #1647, .T. ) ;
#498 = VERTEX_POINT ( 'NONE', #1043 ) ;
#499 = MECHANICAL_DESIGN_GEOMETRIC_PRESENTATION_REPRESENTATION (  '', ( #46 ), #1786 ) ;
#500 = DIRECTION ( 'NONE',  ( 0.000000000000000000, -7.771561172376093811E-16, -1.000000000000000000 ) ) ;
#501 = FACE_OUTER_BOUND ( 'NONE', #1012, .T. ) ;
#502 = ORIENTED_EDGE ( 'NONE', *, *, #971, .F. ) ;
#503 = PLANE ( 'NONE',  #986 ) ;
#504 = VECTOR ( 'NONE', #1510, 1000.000000000000000 ) ;
#505 = CARTESIAN_POINT ( 'NONE',  ( 34.00000000000000000, 12.75000000000000178, -0.7500000000000006661 ) ) ;
#506 =( NAMED_UNIT ( * ) PLANE_ANGLE_UNIT ( ) SI_UNIT ( $, .RADIAN. ) );
#507 = DIRECTION ( 'NONE',  ( 0.000000000000000000, 7.771561172376092825E-16, 1.000000000000000000 ) ) ;
#508 = EDGE_LOOP ( 'NONE', ( #1002, #870 ) ) ;
#509 = DIRECTION ( 'NONE',  ( 0.000000000000000000, -7.771561172376092825E-16, -1.000000000000000000 ) ) ;
#510 =( NAMED_UNIT ( * ) PLANE_ANGLE_UNIT ( ) SI_UNIT ( $, .RADIAN. ) );
#511 = VERTEX_POINT ( 'NONE', #722 ) ;
#512 = CARTESIAN_POINT ( 'NONE',  ( 39.12890157418905090, 6.809564317885978824, -17.46977346493455130 ) ) ;
#513 = B_SPLINE_CURVE_WITH_KNOTS ( 'NONE', 3,
 ( #1385, #925, #598, #1517, #472, #932, #772, #2, #1066, #1363, #1085, #131, #749, #1833, #456, #1676, #10, #298, #1548, #1698, #912, #627, #1405, #1247, #638, #20, #1705, #1526, #330, #941, #141, #1555 ),
 .UNSPECIFIED., .F., .F.,
 ( 4, 2, 2, 2, 2, 2, 2, 2, 2, 2, 2, 2, 2, 2, 2, 4 ),
 ( 0.000000000000000000, 0.0004383288520084403436, 0.0008766577040168806872, 0.001314986556025321031, 0.001753315408033761374, 0.002191644260042201718, 0.002629973112050642062, 0.003068301964059082405, 0.003506630816067522749, 0.003944959668075963960, 0.004383288520084403436, 0.005259946224101305808, 0.005698275076109747886, 0.006136603928118191699, 0.006574932780126633777, 0.007013261632135076723 ),
 .UNSPECIFIED. ) ;
#514 = CARTESIAN_POINT ( 'NONE',  ( 38.62253546756156197, 11.70534659270671440, -13.34397976868011249 ) ) ;
#515 = ADVANCED_FACE ( 'NONE', ( #1500 ), #1480, .T. ) ;
#516 = DIRECTION ( 'NONE',  ( 0.000000000000000000, 1.000000000000000000, -7.771561172376093811E-16 ) ) ;
#517 = CARTESIAN_POINT ( 'NONE',  ( 39.99999999999999289, 18.73499399519519670, -0.7500000000000041078 ) ) ;
#518 = EDGE_CURVE ( 'NONE', #1387, #590, #1069, .T. ) ;
#519 = ORIENTED_EDGE ( 'NONE', *, *, #1545, .T. ) ;
#520 = LINE ( 'NONE', #1425, #18 ) ;
#521 = CARTESIAN_POINT ( 'NONE',  ( 33.99999999999999289, 18.74999999999996803, -88.75000000000001421 ) ) ;
#522 = EDGE_LOOP ( 'NONE', ( #1341, #353, #1923, #1396, #1635, #408, #420 ) ) ;
#523 = CARTESIAN_POINT ( 'NONE',  ( 30.00276443568937879, 0.1896466776676050958, 33.73104754902304592 ) ) ;
#524 = PLANE ( 'NONE',  #1946 ) ;
#525 = CARTESIAN_POINT ( 'NONE',  ( 37.28450202937600011, -4.451008412902818456, -119.6869728055350492 ) ) ;
#526 = DIRECTION ( 'NONE',  ( 0.000000000000000000, 0.000000000000000000, 1.000000000000000000 ) ) ;
#527 = CARTESIAN_POINT ( 'NONE',  ( 40.00000000000000000, 12.24999999999999822, -12.84523257866513291 ) ) ;
#528 = EDGE_LOOP ( 'NONE', ( #1181, #1514, #1567, #1071, #1049, #1311 ) ) ;
#529 = CARTESIAN_POINT ( 'NONE',  ( -2.000000000000000000, -2.250227179657912360E-14, -70.75000000000000000 ) ) ;
#530 = CARTESIAN_POINT ( 'NONE',  ( 34.99999999999999289, 20.00000000000001066, 29.65000000000000213 ) ) ;
#531 = CLOSED_SHELL ( 'NONE', ( #548, #1645, #369, #471, #1626, #808, #1974, #616, #336, #1709, #1649, #959, #1988, #1741, #515, #429, #92, #1440 ) ) ;
#532 = ORIENTED_EDGE ( 'NONE', *, *, #675, .F. ) ;
#533 = DIRECTION ( 'NONE',  ( 1.000000000000000000, -0.000000000000000000, 0.000000000000000000 ) ) ;
#534 = AXIS2_PLACEMENT_3D ( 'NONE', #1732, #37, #806 ) ;
#535 = AXIS2_PLACEMENT_3D ( 'NONE', #253, #1590, #1428 ) ;
#536 = CARTESIAN_POINT ( 'NONE',  ( 39.85131732070283306, 12.25000000000000000, -12.84523257866513291 ) ) ;
#537 = B_SPLINE_CURVE_WITH_KNOTS ( 'NONE', 3,
 ( #933, #457, #142, #1216, #1677, #466, #1855, #1255, #310, #1236, #21, #1549, #1096, #1075, #1556, #1982, #628, #187, #164, #1375, #1841, #1102, #1834, #781 ),
 .UNSPECIFIED., .F., .F.,
 ( 4, 2, 2, 2, 2, 2, 2, 2, 2, 2, 2, 4 ),
 ( 0.009053091418797464679, 0.009618534968252516124, 0.01018397851770756757, 0.01131486561661768954, 0.01244575271552781325, 0.01357663981443793695, 0.01470752691334806239, 0.01583841401225818610, 0.01696930111116830980, 0.01753474466062336645, 0.01781746643535090172, 0.01810018821007843351 ),
 .UNSPECIFIED. ) ;
#538 = VECTOR ( 'NONE', #1328, 1000.000000000000000 ) ;
#539 = CARTESIAN_POINT ( 'NONE',  ( 39.99999999999999289, 18.74999999999996803, -88.75000000000001421 ) ) ;
#540 = VECTOR ( 'NONE', #830, 1000.000000000000000 ) ;
#541 = CARTESIAN_POINT ( 'NONE',  ( 40.00000000000000000, -3.477773624638302232E-14, -89.50000000000000000 ) ) ;
#542 = CARTESIAN_POINT ( 'NONE',  ( 30.04820647416039492, -0.7132887700948934429, -123.0266499779403944 ) ) ;
#543 = ORIENTED_EDGE ( 'NONE', *, *, #1032, .T. ) ;
#544 = FACE_OUTER_BOUND ( 'NONE', #1843, .T. ) ;
#545 = LINE ( 'NONE', #660, #791 ) ;
#546 = EDGE_LOOP ( 'NONE', ( #1639, #22, #1040, #238 ) ) ;
#547 = CARTESIAN_POINT ( 'NONE',  ( 34.99716897178378616, 9.415634927703205648, -16.21908054639857610 ) ) ;
#548 = ADVANCED_FACE ( 'NONE', ( #591 ), #1061, .F. ) ;
#549 = LINE ( 'NONE', #1580, #1057 ) ;
#550 = CARTESIAN_POINT ( 'NONE',  ( 40.00000000000000000, 15.75000000000000000, -48.75000000000000000 ) ) ;
#551 = CARTESIAN_POINT ( 'NONE',  ( 34.81152932036113867, 4.999999999999938716, -119.1500000000000057 ) ) ;
#552 = ORIENTED_EDGE ( 'NONE', *, *, #731, .F. ) ;
#553 = CARTESIAN_POINT ( 'NONE',  ( 40.00000000000000000, 15.74999999999999645, -50.95000000000000284 ) ) ;
#554 = CARTESIAN_POINT ( 'NONE',  ( 35.76171134254107642, 8.483557363824283826, -72.77542160206240851 ) ) ;
#555 = ORIENTED_EDGE ( 'NONE', *, *, #787, .F. ) ;
#556 = CARTESIAN_POINT ( 'NONE',  ( 30.17560522251162780, 1.321759206904965511, 33.09149236046071252 ) ) ;
#557 = EDGE_CURVE ( 'NONE', #1327, #1807, #1179, .T. ) ;
#558 = CARTESIAN_POINT ( 'NONE',  ( 38.68275830619711542, 8.738621698559628115, -15.45018584652234139 ) ) ;
#559 = DIRECTION ( 'NONE',  ( 0.000000000000000000, 1.000000000000000000, -7.771561172376093811E-16 ) ) ;
#560 = CARTESIAN_POINT ( 'NONE',  ( 0.000000000000000000, 0.000000000000000000, 0.000000000000000000 ) ) ;
#561 = ORIENTED_EDGE ( 'NONE', *, *, #1392, .F. ) ;
#562 = SURFACE_STYLE_USAGE ( .BOTH. , #1668 ) ;
#563 = ORIENTED_EDGE ( 'NONE', *, *, #1284, .T. ) ;
#564 = DIRECTION ( 'NONE',  ( 0.000000000000000000, 0.000000000000000000, 1.000000000000000000 ) ) ;
#565 = CLOSED_SHELL ( 'NONE', ( #1554, #1799, #134, #603, #847, #497, #224, #1678, #188 ) ) ;
#566 = CARTESIAN_POINT ( 'NONE',  ( 39.42357549448234977, 8.329391026349817650, -15.67434261555026431 ) ) ;
#567 = DIRECTION ( 'NONE',  ( 1.000000000000000000, 0.000000000000000000, 0.000000000000000000 ) ) ;
#568 = CIRCLE ( 'NONE', #474, 10.00000000000000000 ) ;
#569 = FACE_OUTER_BOUND ( 'NONE', #1718, .T. ) ;
#570 = CIRCLE ( 'NONE', #1596, 18.75000000000000355 ) ;
#571 = EDGE_CURVE ( 'NONE', #100, #94, #377, .T. ) ;
#572 = ORIENTED_EDGE ( 'NONE', *, *, #1205, .T. ) ;
#573 = DIRECTION ( 'NONE',  ( -0.000000000000000000, 3.885780586188046905E-16, 1.000000000000000000 ) ) ;
#574 = EDGE_LOOP ( 'NONE', ( #552, #395, #1321, #954 ) ) ;
#575 = CARTESIAN_POINT ( 'NONE',  ( 33.70641201899693584, 4.833261404128801786, 29.81336679898484121 ) ) ;
#576 = CARTESIAN_POINT ( 'NONE',  ( 37.99704776552202645, 10.20216662117145745, -14.52582459381324398 ) ) ;
#577 = ORIENTED_EDGE ( 'NONE', *, *, #1532, .F. ) ;
#578 = CARTESIAN_POINT ( 'NONE',  ( 40.00000000000000000, 0.000000000000000000, 0.000000000000000000 ) ) ;
#579 = FACE_BOUND ( 'NONE', #269, .T. ) ;
#580 = EDGE_CURVE ( 'NONE', #1047, #1663, #244, .T. ) ;
#581 = ORIENTED_EDGE ( 'NONE', *, *, #557, .F. ) ;
#582 = ORIENTED_EDGE ( 'NONE', *, *, #1589, .T. ) ;
#583 = CARTESIAN_POINT ( 'NONE',  ( 34.99999999999999289, -29.99999999999999645, 34.75000000000000000 ) ) ;
#584 = DIRECTION ( 'NONE',  ( 1.000000000000000000, -0.000000000000000000, -0.000000000000000000 ) ) ;
#585 = ORIENTED_EDGE ( 'NONE', *, *, #1576, .F. ) ;
#586 = CYLINDRICAL_SURFACE ( 'NONE', #1721, 4.999999999999997335 ) ;
#587 = CARTESIAN_POINT ( 'NONE',  ( 39.56259605974959470, 6.761989783422417410, -72.01175694117766568 ) ) ;
#588 = ORIENTED_EDGE ( 'NONE', *, *, #68, .F. ) ;
#589 = CARTESIAN_POINT ( 'NONE',  ( 33.99999999999999289, 18.74999999999998579, -44.75000000000000711 ) ) ;
#590 = VERTEX_POINT ( 'NONE', #1846 ) ;
#591 = FACE_OUTER_BOUND ( 'NONE', #1800, .T. ) ;
#592 = CARTESIAN_POINT ( 'NONE',  ( 35.18834588121621465, 4.999999999999968026, -119.1499999999999773 ) ) ;
#593 = CARTESIAN_POINT ( 'NONE',  ( 34.99999999999999289, -30.00000000000005684, -124.2499999999999716 ) ) ;
#594 = CIRCLE ( 'NONE', #1272, 2.200000000000000622 ) ;
#595 = VECTOR ( 'NONE', #799, 1000.000000000000000 ) ;
#596 = AXIS2_PLACEMENT_3D ( 'NONE', #5, #343, #1410 ) ;
#597 = CARTESIAN_POINT ( 'NONE',  ( 38.59209826778806729, -3.481449861171361349, 31.12654363561471271 ) ) ;
#598 = CARTESIAN_POINT ( 'NONE',  ( 39.70690246880385388, 12.23364084445280930, -76.63911432109802035 ) ) ;
#599 = AXIS2_PLACEMENT_3D ( 'NONE', #670, #361, #965 ) ;
#600 = CARTESIAN_POINT ( 'NONE',  ( 40.00000000000000000, 10.24999999999998401, -44.75000000000000000 ) ) ;
#601 = ORIENTED_EDGE ( 'NONE', *, *, #1603, .T. ) ;
#602 = CARTESIAN_POINT ( 'NONE',  ( 30.04820647416040558, -0.7132887700948329357, 33.52664997794041568 ) ) ;
#603 = ADVANCED_FACE ( 'NONE', ( #775 ), #1865, .T. ) ;
#604 = LINE ( 'NONE', #1099, #723 ) ;
#605 = ORIENTED_EDGE ( 'NONE', *, *, #1788, .T. ) ;
#606 = SURFACE_SIDE_STYLE ('',( #1672 ) ) ;
#607 = EDGE_CURVE ( 'NONE', #661, #636, #278, .T. ) ;
#608 = CARTESIAN_POINT ( 'NONE',  ( 34.99999999999999289, -30.00000000000005684, -124.2499999999999716 ) ) ;
#609 = DIRECTION ( 'NONE',  ( -0.000000000000000000, 7.771561172376093811E-16, 1.000000000000000000 ) ) ;
#610 = CARTESIAN_POINT ( 'NONE',  ( 40.00000000000000000, 15.75000000000000000, -46.55000000000000426 ) ) ;
#611 = ORIENTED_EDGE ( 'NONE', *, *, #823, .F. ) ;
#612 = CARTESIAN_POINT ( 'NONE',  ( 40.00000000000000000, 6.749999999999984901, -44.75000000000000711 ) ) ;
#613 = DIRECTION ( 'NONE',  ( 1.000000000000000000, 0.000000000000000000, 0.000000000000000000 ) ) ;
#614 = ORIENTED_EDGE ( 'NONE', *, *, #1583, .F. ) ;
#615 = ADVANCED_FACE ( 'NONE', ( #1543, #316 ), #1114, .T. ) ;
#616 = ADVANCED_FACE ( 'NONE', ( #32, #621 ), #1238, .F. ) ;
#617 = CARTESIAN_POINT ( 'NONE',  ( 35.22441154581113665, 9.094951651764246137, -73.09987431188015705 ) ) ;
#618 = LINE ( 'NONE', #1235, #1784 ) ;
#619 = CARTESIAN_POINT ( 'NONE',  ( 40.00000000000000000, 0.000000000000000000, 0.000000000000000000 ) ) ;
#620 = VERTEX_POINT ( 'NONE', #1091 ) ;
#621 = FACE_OUTER_BOUND ( 'NONE', #739, .T. ) ;
#622 = DIRECTION ( 'NONE',  ( 0.000000000000000000, 3.885780586188046905E-16, 1.000000000000000000 ) ) ;
#623 = ORIENTED_EDGE ( 'NONE', *, *, #1121, .F. ) ;
#624 = CYLINDRICAL_SURFACE ( 'NONE', #1083, 17.75000000000000355 ) ;
#625 = AXIS2_PLACEMENT_3D ( 'NONE', #840, #1573, #195 ) ;
#626 = AXIS2_PLACEMENT_3D ( 'NONE', #900, #433, #919 ) ;
#627 = CARTESIAN_POINT ( 'NONE',  ( 38.18771955246640459, 9.368451900041943503, -74.42112581664184745 ) ) ;
#628 = CARTESIAN_POINT ( 'NONE',  ( 39.83066975316383918, 1.326962343567632319, 33.09906707848074348 ) ) ;
#629 = AXIS2_PLACEMENT_3D ( 'NONE', #198, #389, #1267 ) ;
#630 = AXIS2_PLACEMENT_3D ( 'NONE', #1531, #147, #493 ) ;
#631 = EDGE_CURVE ( 'NONE', #1047, #714, #1568, .T. ) ;
#632 = CIRCLE ( 'NONE', #730, 2.000000000000001776 ) ;
#633 = ORIENTED_EDGE ( 'NONE', *, *, #1354, .T. ) ;
#634 = DIRECTION ( 'NONE',  ( 0.000000000000000000, 0.000000000000000000, 1.000000000000000000 ) ) ;
#635 = CARTESIAN_POINT ( 'NONE',  ( 40.00000000000000000, -3.477773624638302232E-14, -89.50000000000000000 ) ) ;
#636 = VERTEX_POINT ( 'NONE', #302 ) ;
#637 = CYLINDRICAL_SURFACE ( 'NONE', #1536, 2.200000000000000622 ) ;
#638 = CARTESIAN_POINT ( 'NONE',  ( 38.68275830619710121, 8.738621698559601469, -74.04981415347765505 ) ) ;
#639 = DIRECTION ( 'NONE',  ( -0.000000000000000000, -1.000000000000000000, 7.771561172376093811E-16 ) ) ;
#640 = ORIENTED_EDGE ( 'NONE', *, *, #1527, .T. ) ;
#641 = CYLINDRICAL_SURFACE ( 'NONE', #1275, 10.00000000000000000 ) ;
#642 = CARTESIAN_POINT ( 'NONE',  ( 37.44656385169420076, 4.374571817681151664, -119.7615890686661828 ) ) ;
#643 = ORIENTED_EDGE ( 'NONE', *, *, #1382, .F. ) ;
#644 = FACE_BOUND ( 'NONE', #261, .T. ) ;
#645 = CARTESIAN_POINT ( 'NONE',  ( -2.000000000000000000, 0.000000000000000000, 0.000000000000000000 ) ) ;
#646 = DIRECTION ( 'NONE',  ( -1.000000000000000000, 0.000000000000000000, 0.000000000000000000 ) ) ;
#647 = CARTESIAN_POINT ( 'NONE',  ( 30.02040104762608053, -0.4591887101608668753, -123.1475911043212221 ) ) ;
#648 = ORIENTED_EDGE ( 'NONE', *, *, #157, .F. ) ;
#649 = LINE ( 'NONE', #1690, #1371 ) ;
#650 = DIRECTION ( 'NONE',  ( 0.000000000000000000, 1.000000000000000000, 0.000000000000000000 ) ) ;
#651 = ORIENTED_EDGE ( 'NONE', *, *, #1775, .F. ) ;
#652 =( NAMED_UNIT ( * ) SI_UNIT ( $, .STERADIAN. ) SOLID_ANGLE_UNIT ( ) );
#653 = DIRECTION ( 'NONE',  ( 0.000000000000000000, 0.000000000000000000, 1.000000000000000000 ) ) ;
#654 = CARTESIAN_POINT ( 'NONE',  ( 30.00000000000000000, -5.059453823288594414E-14, -123.2450124378878513 ) ) ;
#655 = ORIENTED_EDGE ( 'NONE', *, *, #494, .F. ) ;
#656 = AXIS2_PLACEMENT_3D ( 'NONE', #676, #1451, #1422 ) ;
#657 = AXIS2_PLACEMENT_3D ( 'NONE', #583, #263, #564 ) ;
#658 = DIRECTION ( 'NONE',  ( 0.000000000000000000, 0.000000000000000000, 1.000000000000000000 ) ) ;
#659 = CIRCLE ( 'NONE', #1144, 2.200000000000000622 ) ;
#660 = CARTESIAN_POINT ( 'NONE',  ( 34.00000000000000000, 12.75000000000000178, -0.7500000000000006661 ) ) ;
#661 = VERTEX_POINT ( 'NONE', #1418 ) ;
#662 = CARTESIAN_POINT ( 'NONE',  ( 36.06200011392426319, 8.204178998206383966, -16.86208365781293139 ) ) ;
#663 = ADVANCED_FACE ( 'NONE', ( #23 ), #1701, .T. ) ;
#664 = MECHANICAL_DESIGN_GEOMETRIC_PRESENTATION_REPRESENTATION (  '', ( #857 ), #382 ) ;
#665 = DIRECTION ( 'NONE',  ( 1.156482317317871133E-15, -1.000000000000000000, 0.000000000000000000 ) ) ;
#666 = ADVANCED_FACE ( 'NONE', ( #1251 ), #641, .F. ) ;
#667 = DIRECTION ( 'NONE',  ( 0.000000000000000000, 7.771561172376092825E-16, 1.000000000000000000 ) ) ;
#668 = DIRECTION ( 'NONE',  ( -1.000000000000000000, -0.000000000000000000, -0.000000000000000000 ) ) ;
#669 = ORIENTED_EDGE ( 'NONE', *, *, #1775, .T. ) ;
#670 = CARTESIAN_POINT ( 'NONE',  ( -2.000000000000000000, -3.477773624638302232E-14, -89.50000000000000000 ) ) ;
#671 = LINE ( 'NONE', #1569, #1876 ) ;
#672 = ORIENTED_EDGE ( 'NONE', *, *, #1879, .F. ) ;
#673 = FACE_OUTER_BOUND ( 'NONE', #976, .T. ) ;
#674 = CYLINDRICAL_SURFACE ( 'NONE', #1756, 2.000000000000003553 ) ;
#675 = EDGE_CURVE ( 'NONE', #1925, #1542, #1265, .T. ) ;
#676 = CARTESIAN_POINT ( 'NONE',  ( 34.99999999999999289, 20.00000000000001066, 34.75000000000000000 ) ) ;
#677 = EDGE_CURVE ( 'NONE', #1650, #1503, #344, .T. ) ;
#678 = CARTESIAN_POINT ( 'NONE',  ( 30.17560522251163491, 1.321759206904896899, -122.5914923604607196 ) ) ;
#679 = ORIENTED_EDGE ( 'NONE', *, *, #250, .F. ) ;
#680 = CARTESIAN_POINT ( 'NONE',  ( 34.99999999999999289, -29.99999999999999645, 34.75000000000000000 ) ) ;
#681 = DIRECTION ( 'NONE',  ( 0.000000000000000000, 1.000000000000000000, 0.000000000000000000 ) ) ;
#682 = VERTEX_POINT ( 'NONE', #178 ) ;
#683 = DIRECTION ( 'NONE',  ( 0.000000000000000000, -8.462065736472216044E-16, -1.000000000000000000 ) ) ;
#684 = DIRECTION ( 'NONE',  ( 1.000000000000000000, 0.000000000000000000, 0.000000000000000000 ) ) ;
#685 = CARTESIAN_POINT ( 'NONE',  ( 35.37707024706736547, -5.000000000000074607, -119.1499999999999346 ) ) ;
#686 = DIRECTION ( 'NONE',  ( 0.000000000000000000, -3.885780586188046905E-16, -1.000000000000000000 ) ) ;
#687 = CARTESIAN_POINT ( 'NONE',  ( 30.13772886752947855, 1.175696746918930558, -122.7069474622563092 ) ) ;
#688 = VERTEX_POINT ( 'NONE', #802 ) ;
#689 = CARTESIAN_POINT ( 'NONE',  ( 40.00000000000000000, -4.934941344458819560E-14, -108.2500000000000000 ) ) ;
#690 = EDGE_CURVE ( 'NONE', #785, #1619, #649, .T. ) ;
#691 = CARTESIAN_POINT ( 'NONE',  ( 34.99999999999999289, -29.99999999999999645, 34.75000000000000000 ) ) ;
#692 = CIRCLE ( 'NONE', #317, 4.100000000000006750 ) ;
#693 = STYLED_ITEM ( 'NONE', ( #1719 ), #329 ) ;
#694 = EDGE_LOOP ( 'NONE', ( #679, #1918, #1728, #1632 ) ) ;
#695 = CARTESIAN_POINT ( 'NONE',  ( 30.02060174468137532, 0.4614176657160850570, 33.64667362420635044 ) ) ;
#696 = AXIS2_PLACEMENT_3D ( 'NONE', #185, #225, #686 ) ;
#697 = VECTOR ( 'NONE', #1872, 1000.000000000000000 ) ;
#698 = DIRECTION ( 'NONE',  ( -1.000000000000000000, -1.156482317317871133E-15, 4.493836536903547988E-31 ) ) ;
#699 = CIRCLE ( 'NONE', #1595, 17.75000000000000355 ) ;
#700 = CARTESIAN_POINT ( 'NONE',  ( 39.99999999999999289, -5.124910850175233352E-14, -123.2450124378879224 ) ) ;
#701 = DIRECTION ( 'NONE',  ( -1.000000000000000000, 0.000000000000000000, 0.000000000000000000 ) ) ;
#702 = ADVANCED_FACE ( 'NONE', ( #935 ), #1397, .T. ) ;
#703 = ORIENTED_EDGE ( 'NONE', *, *, #1141, .T. ) ;
#704 = DIRECTION ( 'NONE',  ( 0.000000000000000000, -6.802837160693369527E-16, -1.000000000000000000 ) ) ;
#705 = CARTESIAN_POINT ( 'NONE',  ( 39.12890157418905090, 6.809564317885955731, -72.03022653506546646 ) ) ;
#706 = ORIENTED_EDGE ( 'NONE', *, *, #326, .T. ) ;
#707 = CARTESIAN_POINT ( 'NONE',  ( 34.00000000000000000, 12.11060802457393137, -14.34071584849054659 ) ) ;
#708 = CARTESIAN_POINT ( 'NONE',  ( 35.74664524313167391, 4.947466916796214420, -119.2014941200296789 ) ) ;
#709 = CARTESIAN_POINT ( 'NONE',  ( 39.95119360442895129, -0.7178067024907500704, -123.0241494711461172 ) ) ;
#710 = CARTESIAN_POINT ( 'NONE',  ( 34.99999999999980815, 5.000000000001452172, -119.1499999999985278 ) ) ;
#711 = ORIENTED_EDGE ( 'NONE', *, *, #1408, .T. ) ;
#712 = CARTESIAN_POINT ( 'NONE',  ( 33.99999999999999289, 18.74999999999996803, -88.75000000000001421 ) ) ;
#713 = DIRECTION ( 'NONE',  ( 0.000000000000000000, 1.000000000000000000, -7.771561172376093811E-16 ) ) ;
#714 = VERTEX_POINT ( 'NONE', #1098 ) ;
#715 = DIRECTION ( 'NONE',  ( -1.156482317317871133E-15, 1.000000000000000000, -1.989149585786738144E-16 ) ) ;
#716 = CARTESIAN_POINT ( 'NONE',  ( 40.00000000000000000, 6.749999999999975131, -72.00714431546408889 ) ) ;
#717 = ORIENTED_EDGE ( 'NONE', *, *, #727, .T. ) ;
#718 = DIRECTION ( 'NONE',  ( -0.000000000000000000, -0.000000000000000000, -1.000000000000000000 ) ) ;
#719 = CARTESIAN_POINT ( 'NONE',  ( 34.99999999999999289, 19.99999999999994671, -124.2500000000000142 ) ) ;
#720 = ORIENTED_EDGE ( 'NONE', *, *, #262, .T. ) ;
#721 = ORIENTED_EDGE ( 'NONE', *, *, #1354, .F. ) ;
#722 = CARTESIAN_POINT ( 'NONE',  ( 30.00000000000000000, 1.040834085586084257E-14, 17.75000000000000711 ) ) ;
#723 = VECTOR ( 'NONE', #1985, 1000.000000000000000 ) ;
#724 = CLOSED_SHELL ( 'NONE', ( #1562, #1830, #288, #221, #33, #702, #1890, #210, #30 ) ) ;
#725 = CARTESIAN_POINT ( 'NONE',  ( 39.99999999999999289, 18.75000000000000355, -0.7500000000000041078 ) ) ;
#726 = ORIENTED_EDGE ( 'NONE', *, *, #1504, .F. ) ;
#727 = EDGE_CURVE ( 'NONE', #688, #1711, #1708, .T. ) ;
#728 = FACE_OUTER_BOUND ( 'NONE', #102, .T. ) ;
#729 = VECTOR ( 'NONE', #613, 1000.000000000000000 ) ;
#730 = AXIS2_PLACEMENT_3D ( 'NONE', #600, #1528, #1699 ) ;
#731 = EDGE_CURVE ( 'NONE', #1578, #295, #312, .T. ) ;
#732 = DIRECTION ( 'NONE',  ( 0.000000000000000000, -6.802837160693369527E-16, -1.000000000000000000 ) ) ;
#733 = VECTOR ( 'NONE', #1458, 1000.000000000000000 ) ;
#734 = VERTEX_POINT ( 'NONE', #553 ) ;
#735 = LINE ( 'NONE', #1518, #538 ) ;
#736 = EDGE_LOOP ( 'NONE', ( #1546, #1957, #984, #1186, #1770, #1550 ) ) ;
#737 = LINE ( 'NONE', #430, #111 ) ;
#738 = CARTESIAN_POINT ( 'NONE',  ( -2.000000000000000000, -4.377394421790646958E-14, -99.49999999999998579 ) ) ;
#739 = EDGE_LOOP ( 'NONE', ( #1780, #585 ) ) ;
#740 = DIRECTION ( 'NONE',  ( 0.000000000000000000, -7.771561172376093811E-16, -1.000000000000000000 ) ) ;
#741 = EDGE_CURVE ( 'NONE', #957, #39, #821, .T. ) ;
#742 = VERTEX_POINT ( 'NONE', #689 ) ;
#743 = DIRECTION ( 'NONE',  ( 0.000000000000000000, 0.000000000000000000, 1.000000000000000000 ) ) ;
#744 = EDGE_LOOP ( 'NONE', ( #405, #813 ) ) ;
#745 = CARTESIAN_POINT ( 'NONE',  ( 34.62052479622467160, -4.989100380006593838, 29.66068718526235770 ) ) ;
#746 = CARTESIAN_POINT ( 'NONE',  ( 34.99999999999980815, 5.000000000001452172, -119.1499999999985278 ) ) ;
#747 = LINE ( 'NONE', #1797, #1430 ) ;
#748 = CARTESIAN_POINT ( 'NONE',  ( 39.99720666230927435, -0.1906023245328389570, 33.73090026376195993 ) ) ;
#749 = CARTESIAN_POINT ( 'NONE',  ( 38.19504163624007020, 11.11952871387095776, -75.66388834001172370 ) ) ;
#750 = EDGE_CURVE ( 'NONE', #833, #112, #1340, .T. ) ;
#751 = CARTESIAN_POINT ( 'NONE',  ( 40.00000000000000000, 8.249999999999971578, -79.25000000000002842 ) ) ;
#752 = VERTEX_POINT ( 'NONE', #987 ) ;
#753 = EDGE_CURVE ( 'NONE', #323, #835, #1146, .T. ) ;
#754 = CARTESIAN_POINT ( 'NONE',  ( 40.00000000000000000, 12.74999999999998579, -44.75000000000000711 ) ) ;
#755 = PRODUCT_RELATED_PRODUCT_CATEGORY ( 'part', '', ( #171 ) ) ;
#756 = DIRECTION ( 'NONE',  ( 0.000000000000000000, 1.000000000000000000, 0.000000000000000000 ) ) ;
#757 = VERTEX_POINT ( 'NONE', #1288 ) ;
#758 = CARTESIAN_POINT ( 'NONE',  ( 0.000000000000000000, 0.000000000000000000, 0.000000000000000000 ) ) ;
#759 = AXIS2_PLACEMENT_3D ( 'NONE', #1586, #1759, #1896 ) ;
#760 = CARTESIAN_POINT ( 'NONE',  ( 34.00000000000000000, 12.74999999999997158, -75.75227291513247962 ) ) ;
#761 = LINE ( 'NONE', #1970, #1973 ) ;
#762 = AXIS2_PLACEMENT_3D ( 'NONE', #1041, #1629, #281 ) ;
#763 = DIRECTION ( 'NONE',  ( 0.000000000000000000, 0.000000000000000000, 1.000000000000000000 ) ) ;
#764 = EDGE_CURVE ( 'NONE', #1796, #1812, #476, .T. ) ;
#765 = ORIENTED_EDGE ( 'NONE', *, *, #48, .T. ) ;
#766 = DIRECTION ( 'NONE',  ( -1.000000000000000000, 0.000000000000000000, 0.000000000000000000 ) ) ;
#767 = CARTESIAN_POINT ( 'NONE',  ( 40.00000000000000000, 12.24999999999998579, -44.75000000000000711 ) ) ;
#768 = UNCERTAINTY_MEASURE_WITH_UNIT (LENGTH_MEASURE( 1.000000000000000082E-05 ), #1791, 'distance_accuracy_value', 'NONE');
#769 = ORIENTED_EDGE ( 'NONE', *, *, #874, .T. ) ;
#770 = CARTESIAN_POINT ( 'NONE',  ( 35.00000000000000000, 15.75000000000000355, -40.75000000000000711 ) ) ;
#771 = DIRECTION ( 'NONE',  ( 1.000000000000000000, 0.000000000000000000, 0.000000000000000000 ) ) ;
#772 = CARTESIAN_POINT ( 'NONE',  ( 38.92535193623828604, 11.94170219616588291, -76.36726388259346265 ) ) ;
#773 = DIRECTION ( 'NONE',  ( 0.000000000000000000, -8.462065736472244640E-16, -1.000000000000000000 ) ) ;
#774 = ORIENTED_EDGE ( 'NONE', *, *, #580, .T. ) ;
#775 = FACE_OUTER_BOUND ( 'NONE', #1930, .T. ) ;
#776 = CARTESIAN_POINT ( 'NONE',  ( 39.74403230519556729, 1.605995905696123272, -122.3597804110945901 ) ) ;
#777 = ORIENTED_EDGE ( 'NONE', *, *, #963, .T. ) ;
#778 = DIRECTION ( 'NONE',  ( 0.000000000000000000, 7.771561172376092825E-16, 1.000000000000000000 ) ) ;
#779 = EDGE_CURVE ( 'NONE', #146, #1447, #520, .T. ) ;
#780 = DIRECTION ( 'NONE',  ( 0.000000000000000000, 1.000000000000000000, -3.885780586188046905E-16 ) ) ;
#781 = CARTESIAN_POINT ( 'NONE',  ( 39.99999999999999289, 1.097841728897095335E-14, 33.74501243788792948 ) ) ;
#782 = ORIENTED_EDGE ( 'NONE', *, *, #823, .T. ) ;
#783 = CARTESIAN_POINT ( 'NONE',  ( 30.02040104762608053, -0.4591887101608056465, 33.64759110432125055 ) ) ;
#784 = FILL_AREA_STYLE ('',( #937 ) ) ;
#785 = VERTEX_POINT ( 'NONE', #834 ) ;
#786 = DIRECTION ( 'NONE',  ( 1.000000000000000000, 0.000000000000000000, 0.000000000000000000 ) ) ;
#787 = EDGE_CURVE ( 'NONE', #1902, #957, #1000, .T. ) ;
#788 = CIRCLE ( 'NONE', #19, 2.200000000000000622 ) ;
#789 = CARTESIAN_POINT ( 'NONE',  ( 34.99999999999999289, 20.00000000000001066, 38.85000000000000142 ) ) ;
#790 = LINE ( 'NONE', #1386, #1563 ) ;
#791 = VECTOR ( 'NONE', #1455, 1000.000000000000000 ) ;
#792 = CIRCLE ( 'NONE', #1753, 4.100000000000006750 ) ;
#793 = AXIS2_PLACEMENT_3D ( 'NONE', #197, #204, #822 ) ;
#794 = VERTEX_POINT ( 'NONE', #217 ) ;
#795 = CARTESIAN_POINT ( 'NONE',  ( 40.00000000000000000, 12.74999999999998579, -44.75000000000000000 ) ) ;
#796 = CIRCLE ( 'NONE', #213, 17.75000000000000355 ) ;
#797 = PLANE ( 'NONE',  #1021 ) ;
#798 = ORIENTED_EDGE ( 'NONE', *, *, #1055, .F. ) ;
#799 = DIRECTION ( 'NONE',  ( 0.000000000000000000, 1.000000000000000000, 0.000000000000000000 ) ) ;
#800 = CARTESIAN_POINT ( 'NONE',  ( 34.00000000000000000, 12.74999999999999645, -13.74772708486752748 ) ) ;
#801 = ORIENTED_EDGE ( 'NONE', *, *, #993, .F. ) ;
#802 = CARTESIAN_POINT ( 'NONE',  ( 40.00000000000000000, 2.296212748401287578E-15, -18.75000000000000355 ) ) ;
#803 = FACE_OUTER_BOUND ( 'NONE', #694, .T. ) ;
#804 = EDGE_LOOP ( 'NONE', ( #648, #1178, #54, #335, #623 ) ) ;
#805 = CARTESIAN_POINT ( 'NONE',  ( 40.00000000000000000, -3.477773624638302232E-14, -89.50000000000000000 ) ) ;
#806 = DIRECTION ( 'NONE',  ( 0.000000000000000000, 0.000000000000000000, 1.000000000000000000 ) ) ;
#807 = CARTESIAN_POINT ( 'NONE',  ( 32.56167572121370313, 4.368414883213157296, -119.7675172295599566 ) ) ;
#808 = ADVANCED_FACE ( 'NONE', ( #544 ), #842, .T. ) ;
#809 = EDGE_LOOP ( 'NONE', ( #1296, #1391, #863, #1412 ) ) ;
#810 = DIRECTION ( 'NONE',  ( 0.000000000000000000, 1.000000000000000000, 0.000000000000000000 ) ) ;
#811 = EDGE_CURVE ( 'NONE', #112, #833, #1056, .T. ) ;
#812 = DIRECTION ( 'NONE',  ( -1.156482317317871133E-15, 1.000000000000000000, -5.782411586589355667E-16 ) ) ;
#813 = ORIENTED_EDGE ( 'NONE', *, *, #437, .F. ) ;
#814 = EDGE_CURVE ( 'NONE', #155, #39, #1575, .T. ) ;
#815 = EDGE_CURVE ( 'NONE', #1068, #1130, #1821, .T. ) ;
#816 = DIRECTION ( 'NONE',  ( -1.000000000000000000, -1.156482317317871133E-15, 4.493836536903547988E-31 ) ) ;
#817 = CARTESIAN_POINT ( 'NONE',  ( 30.26207604350381786, 1.604340659758503040, -122.3585695513905733 ) ) ;
#818 = AXIS2_PLACEMENT_3D ( 'NONE', #758, #1506, #1072 ) ;
#819 = ORIENTED_EDGE ( 'NONE', *, *, #36, .F. ) ;
#820 = CIRCLE ( 'NONE', #311, 17.75000000000000355 ) ;
#821 = CIRCLE ( 'NONE', #1942, 4.999999999999997335 ) ;
#822 = DIRECTION ( 'NONE',  ( 1.000000000000000000, 0.000000000000000000, 0.000000000000000000 ) ) ;
#823 = EDGE_CURVE ( 'NONE', #688, #268, #1112, .T. ) ;
#824 = AXIS2_PLACEMENT_3D ( 'NONE', #1735, #974, #1454 ) ;
#825 = CARTESIAN_POINT ( 'NONE',  ( 34.99999999999999289, -29.99999999999999645, 34.75000000000000000 ) ) ;
#826 = ORIENTED_EDGE ( 'NONE', *, *, #910, .T. ) ;
#827 = CARTESIAN_POINT ( 'NONE',  ( 30.07433381674528405, 0.8727863756459403044, 33.42316001302545914 ) ) ;
#828 = VECTOR ( 'NONE', #837, 1000.000000000000000 ) ;
#829 = EDGE_CURVE ( 'NONE', #682, #1644, #236, .T. ) ;
#830 = DIRECTION ( 'NONE',  ( 0.000000000000000000, 1.000000000000000000, -7.771561172376093811E-16 ) ) ;
#831 = PLANE ( 'NONE',  #1054 ) ;
#832 = CARTESIAN_POINT ( 'NONE',  ( 30.25641321591254496, -1.607105364997812869, -122.3588039250798971 ) ) ;
#833 = VERTEX_POINT ( 'NONE', #1585 ) ;
#834 = CARTESIAN_POINT ( 'NONE',  ( 39.99999999999999289, 1.097841728897095335E-14, 33.74501243788792948 ) ) ;
#835 = VERTEX_POINT ( 'NONE', #529 ) ;
#836 = CARTESIAN_POINT ( 'NONE',  ( 40.00000000000000000, 6.749999999999995559, -17.49285568453590400 ) ) ;
#837 = DIRECTION ( 'NONE',  ( 1.000000000000000000, -0.000000000000000000, -0.000000000000000000 ) ) ;
#838 = FACE_OUTER_BOUND ( 'NONE', #1174, .T. ) ;
#839 = CARTESIAN_POINT ( 'NONE',  ( 34.99999999999999289, 19.99999999999995026, -120.1500000000000057 ) ) ;
#840 = CARTESIAN_POINT ( 'NONE',  ( -2.000000000000000000, 0.000000000000000000, 0.000000000000000000 ) ) ;
#841 = VERTEX_POINT ( 'NONE', #1609 ) ;
#842 = CYLINDRICAL_SURFACE ( 'NONE', #1792, 18.75000000000000355 ) ;
#843 = ORIENTED_EDGE ( 'NONE', *, *, #1588, .F. ) ;
#844 = FACE_OUTER_BOUND ( 'NONE', #1336, .T. ) ;
#845 = DIRECTION ( 'NONE',  ( -1.000000000000000000, 0.000000000000000000, 0.000000000000000000 ) ) ;
#846 = CARTESIAN_POINT ( 'NONE',  ( 39.99720666230928146, -0.1906023245329046822, -123.2309002637619528 ) ) ;
#847 = ADVANCED_FACE ( 'NONE', ( #1768 ), #371, .F. ) ;
#848 = FACE_OUTER_BOUND ( 'NONE', #1220, .T. ) ;
#849 = ORIENTED_EDGE ( 'NONE', *, *, #1090, .F. ) ;
#850 = CARTESIAN_POINT ( 'NONE',  ( 40.00000000000000000, -4.857225732735058602E-14, -107.2500000000000000 ) ) ;
#851 = CARTESIAN_POINT ( 'NONE',  ( 37.86311213309746648, -4.102311625525335792, 30.52644689187798122 ) ) ;
#852 = CIRCLE ( 'NONE', #1339, 17.75000000000000355 ) ;
#853 = CLOSED_SHELL ( 'NONE', ( #246, #666, #1222, #1150, #615, #1030, #1170, #1245, #1323, #1172, #404, #133, #41, #1466, #9, #401, #663, #1007 ) ) ;
#854 = VERTEX_POINT ( 'NONE', #1145 ) ;
#855 = CARTESIAN_POINT ( 'NONE',  ( 34.46709417320144553, 10.42145889351634658, -15.58836533610357833 ) ) ;
#856 = DIRECTION ( 'NONE',  ( 0.000000000000000000, 1.000000000000000000, 0.000000000000000000 ) ) ;
#857 = STYLED_ITEM ( 'NONE', ( #1048 ), #997 ) ;
#858 = CARTESIAN_POINT ( 'NONE',  ( 34.99999999999992895, -5.000000000000540012, 29.64999999999946212 ) ) ;
#859 = DIRECTION ( 'NONE',  ( 0.000000000000000000, 0.000000000000000000, 1.000000000000000000 ) ) ;
#860 = ORIENTED_EDGE ( 'NONE', *, *, #890, .T. ) ;
#861 = DIRECTION ( 'NONE',  ( 0.000000000000000000, 1.000000000000000000, -3.885780586188046905E-16 ) ) ;
#862 = CARTESIAN_POINT ( 'NONE',  ( 34.99999999999999289, 1.040834085586084257E-14, 17.75000000000000711 ) ) ;
#863 = ORIENTED_EDGE ( 'NONE', *, *, #1319, .F. ) ;
#864 = CARTESIAN_POINT ( 'NONE',  ( 31.51206939120272565, -3.595740160858639012, 31.01702480961757757 ) ) ;
#865 = CARTESIAN_POINT ( 'NONE',  ( 38.03879742022640187, 9.839472376903891870, -14.77391282574996545 ) ) ;
#866 = EDGE_LOOP ( 'NONE', ( #64, #601, #1828, #849, #1529, #651, #1253 ) ) ;
#867 = CARTESIAN_POINT ( 'NONE',  ( 40.00000000000000000, 6.749999999999984901, -44.75000000000000000 ) ) ;
#868 = SHAPE_DEFINITION_REPRESENTATION ( #1860, #1762 ) ;
#869 = DIRECTION ( 'NONE',  ( -0.000000000000000000, -1.000000000000000000, 7.771561172376093811E-16 ) ) ;
#870 = ORIENTED_EDGE ( 'NONE', *, *, #815, .T. ) ;
#871 = DIRECTION ( 'NONE',  ( 0.000000000000000000, 3.885780586188046905E-16, 1.000000000000000000 ) ) ;
#872 = EDGE_LOOP ( 'NONE', ( #1757, #1031, #1097, #532 ) ) ;
#873 = DIRECTION ( 'NONE',  ( 1.000000000000000000, 0.000000000000000000, 0.000000000000000000 ) ) ;
#874 = EDGE_CURVE ( 'NONE', #375, #203, #699, .T. ) ;
#875 = DIRECTION ( 'NONE',  ( 0.000000000000000000, 0.000000000000000000, -1.000000000000000000 ) ) ;
#876 = DIRECTION ( 'NONE',  ( 5.782411586589356653E-16, -1.000000000000000000, 4.880355379081415978E-16 ) ) ;
#877 = CARTESIAN_POINT ( 'NONE',  ( 40.00000000000000000, 6.750000000000002665, -0.7500000000000006661 ) ) ;
#878 = ORIENTED_EDGE ( 'NONE', *, *, #1076, .F. ) ;
#879 = DIRECTION ( 'NONE',  ( 0.000000000000000000, 0.000000000000000000, 1.000000000000000000 ) ) ;
#880 = ORIENTED_EDGE ( 'NONE', *, *, #1119, .F. ) ;
#881 = CARTESIAN_POINT ( 'NONE',  ( 33.52950891136070766, 4.782278845198836947, 29.86327930223979621 ) ) ;
#882 = EDGE_CURVE ( 'NONE', #332, #1257, #1617, .T. ) ;
#883 = AXIS2_PLACEMENT_3D ( 'NONE', #368, #668, #1724 ) ;
#884 = AXIS2_PLACEMENT_3D ( 'NONE', #770, #1535, #273 ) ;
#885 = FACE_OUTER_BOUND ( 'NONE', #809, .T. ) ;
#886 = VERTEX_POINT ( 'NONE', #1465 ) ;
#887 = PLANE ( 'NONE',  #1689 ) ;
#888 = AXIS2_PLACEMENT_3D ( 'NONE', #1147, #650, #1115 ) ;
#889 = CIRCLE ( 'NONE', #1111, 17.75000000000000355 ) ;
#890 = EDGE_CURVE ( 'NONE', #498, #757, #1364, .T. ) ;
#891 = AXIS2_PLACEMENT_3D ( 'NONE', #1778, #406, #743 ) ;
#892 = CARTESIAN_POINT ( 'NONE',  ( 34.99999999999999289, 19.99999999999994671, -124.2500000000000142 ) ) ;
#893 = AXIS2_PLACEMENT_3D ( 'NONE', #1502, #1052, #440 ) ;
#894 = ORIENTED_EDGE ( 'NONE', *, *, #414, .F. ) ;
#895 = CARTESIAN_POINT ( 'NONE',  ( 34.99999999999999289, -3.816391647148974346E-14, -107.2500000000000000 ) ) ;
#896 = ORIENTED_EDGE ( 'NONE', *, *, #1032, .F. ) ;
#897 = DIRECTION ( 'NONE',  ( 1.000000000000000000, 0.000000000000000000, 0.000000000000000000 ) ) ;
#898 = CARTESIAN_POINT ( 'NONE',  ( 40.00000000000000000, 12.24999999999998579, -44.75000000000000000 ) ) ;
#899 = ORIENTED_EDGE ( 'NONE', *, *, #518, .F. ) ;
#900 = CARTESIAN_POINT ( 'NONE',  ( 34.99999999999999289, -29.99999999999999645, 34.75000000000000000 ) ) ;
#901 = EDGE_CURVE ( 'NONE', #1669, #227, #1661, .T. ) ;
#902 = CARTESIAN_POINT ( 'NONE',  ( 34.00000000000001421, 12.11060802457390828, -75.15928415150948183 ) ) ;
#903 = DIRECTION ( 'NONE',  ( -1.000000000000000000, 0.000000000000000000, 0.000000000000000000 ) ) ;
#904 = DIRECTION ( 'NONE',  ( -0.000000000000000000, 7.771561172376093811E-16, 1.000000000000000000 ) ) ;
#905 = ORIENTED_EDGE ( 'NONE', *, *, #1914, .T. ) ;
#906 = CARTESIAN_POINT ( 'NONE',  ( 30.07409690562344196, -0.8714671583404041133, 33.42403878789865246 ) ) ;
#907 = DIRECTION ( 'NONE',  ( 0.000000000000000000, 0.000000000000000000, -1.000000000000000000 ) ) ;
#908 = ORIENTED_EDGE ( 'NONE', *, *, #169, .T. ) ;
#909 = CYLINDRICAL_SURFACE ( 'NONE', #982, 4.099999999999992539 ) ;
#910 = EDGE_CURVE ( 'NONE', #1167, #841, #1246, .T. ) ;
#911 = CARTESIAN_POINT ( 'NONE',  ( 39.08173245289722075, -2.902570959901193959, 31.67962105708585341 ) ) ;
#912 = CARTESIAN_POINT ( 'NONE',  ( 38.06741022117915207, 9.720407123291623819, -74.64753741739446014 ) ) ;
#913 = CARTESIAN_POINT ( 'NONE',  ( 34.00000000000001421, -3.477773624638302232E-14, -89.50000000000000000 ) ) ;
#914 = EDGE_CURVE ( 'NONE', #1807, #1200, #249, .T. ) ;
#915 = VERTEX_POINT ( 'NONE', #1356 ) ;
#916 = CARTESIAN_POINT ( 'NONE',  ( 30.00272206236529016, -0.1884495362686706976, 33.73125920217263030 ) ) ;
#917 = CARTESIAN_POINT ( 'NONE',  ( 40.00000000000000000, 12.74999999999996803, -88.75000000000001421 ) ) ;
#918 = ORIENTED_EDGE ( 'NONE', *, *, #1415, .T. ) ;
#919 = DIRECTION ( 'NONE',  ( 0.000000000000000000, -0.000000000000000000, 1.000000000000000000 ) ) ;
#920 = VECTOR ( 'NONE', #1394, 1000.000000000000000 ) ;
#921 = CIRCLE ( 'NONE', #1403, 18.75000000000000355 ) ;
#922 = AXIS2_PLACEMENT_3D ( 'NONE', #478, #166, #500 ) ;
#923 = VECTOR ( 'NONE', #1157, 1000.000000000000000 ) ;
#924 = CARTESIAN_POINT ( 'NONE',  ( 34.99999999999992895, -5.000000000000540012, 29.64999999999946212 ) ) ;
#925 = CARTESIAN_POINT ( 'NONE',  ( 39.85131732070283306, 12.24999999999997513, -76.65476742133485288 ) ) ;
#926 = CARTESIAN_POINT ( 'NONE',  ( 40.00000000000000000, 0.000000000000000000, 18.75000000000000355 ) ) ;
#927 = ORIENTED_EDGE ( 'NONE', *, *, #1965, .T. ) ;
#928 = CARTESIAN_POINT ( 'NONE',  ( -2.000000000000000000, 0.000000000000000000, 0.000000000000000000 ) ) ;
#929 = DIRECTION ( 'NONE',  ( 0.000000000000000000, 7.771561172376093811E-16, 1.000000000000000000 ) ) ;
#930 = EDGE_LOOP ( 'NONE', ( #1226, #150, #908, #1299 ) ) ;
#931 = FACE_OUTER_BOUND ( 'NONE', #946, .T. ) ;
#932 = CARTESIAN_POINT ( 'NONE',  ( 39.04175374856185243, 12.01082393788532521, -76.43062111232042355 ) ) ;
#933 = CARTESIAN_POINT ( 'NONE',  ( 34.99999999999980815, 5.000000000001509903, 29.64999999999852776 ) ) ;
#934 = EDGE_LOOP ( 'NONE', ( #777, #4 ) ) ;
#935 = FACE_OUTER_BOUND ( 'NONE', #1627, .T. ) ;
#936 = EDGE_CURVE ( 'NONE', #375, #1608, #735, .T. ) ;
#937 = FILL_AREA_STYLE_COLOUR ( '', #1972 ) ;
#938 = ORIENTED_EDGE ( 'NONE', *, *, #1266, .T. ) ;
#939 =( NAMED_UNIT ( * ) PLANE_ANGLE_UNIT ( ) SI_UNIT ( $, .RADIAN. ) );
#940 = EDGE_CURVE ( 'NONE', #854, #1047, #1494, .T. ) ;
#941 = CARTESIAN_POINT ( 'NONE',  ( 39.70649296813362383, 8.266352434913915914, -73.79232070860614101 ) ) ;
#942 = CARTESIAN_POINT ( 'NONE',  ( 34.99999999999999289, -30.00000000000005329, -119.1499999999999631 ) ) ;
#943 = ORIENTED_EDGE ( 'NONE', *, *, #1055, .T. ) ;
#944 = DIRECTION ( 'NONE',  ( 0.000000000000000000, 1.000000000000000000, 0.000000000000000000 ) ) ;
#945 = CARTESIAN_POINT ( 'NONE',  ( 39.39174568998656412, 2.408095629708942198, -121.6420949631558130 ) ) ;
#946 = EDGE_LOOP ( 'NONE', ( #1871, #1947 ) ) ;
#947 = FILL_AREA_STYLE ('',( #1571 ) ) ;
#948 = CIRCLE ( 'NONE', #1915, 4.099999999999999645 ) ;
#949 = AXIS2_PLACEMENT_3D ( 'NONE', #1667, #609, #1981 ) ;
#950 = CARTESIAN_POINT ( 'NONE',  ( 39.83017351783355764, -1.328360494217705412, -122.5977431228597538 ) ) ;
#951 = CARTESIAN_POINT ( 'NONE',  ( 34.99999999999999289, -29.99999999999999645, 34.75000000000000000 ) ) ;
#952 = AXIS2_PLACEMENT_3D ( 'NONE', #14, #1857, #486 ) ;
#953 = AXIS2_PLACEMENT_3D ( 'NONE', #1654, #1060, #291 ) ;
#954 = ORIENTED_EDGE ( 'NONE', *, *, #1673, .F. ) ;
#955 = CARTESIAN_POINT ( 'NONE',  ( -2.000000000000000000, 0.000000000000000000, 0.000000000000000000 ) ) ;
#956 = DIRECTION ( 'NONE',  ( 0.000000000000000000, 0.000000000000000000, -1.000000000000000000 ) ) ;
#957 = VERTEX_POINT ( 'NONE', #124 ) ;
#958 = DIRECTION ( 'NONE',  ( -1.000000000000000000, 0.000000000000000000, -0.000000000000000000 ) ) ;
#959 = ADVANCED_FACE ( 'NONE', ( #1348 ), #1165, .F. ) ;
#960 = CARTESIAN_POINT ( 'NONE',  ( 40.00000000000000000, -2.250227179657912675E-14, -70.75000000000000000 ) ) ;
#961 = DIRECTION ( 'NONE',  ( -1.000000000000000000, -0.000000000000000000, -0.000000000000000000 ) ) ;
#962 = EDGE_CURVE ( 'NONE', #295, #1578, #114, .T. ) ;
#963 = EDGE_CURVE ( 'NONE', #39, #957, #1630, .T. ) ;
#964 = EDGE_LOOP ( 'NONE', ( #292, #1435 ) ) ;
#965 = DIRECTION ( 'NONE',  ( 0.000000000000000000, -7.771561172376092825E-16, -1.000000000000000000 ) ) ;
#966 = CARTESIAN_POINT ( 'NONE',  ( 40.00000000000000000, 0.000000000000000000, 0.000000000000000000 ) ) ;
#967 = EDGE_LOOP ( 'NONE', ( #1417, #1023, #135, #44, #265, #1125 ) ) ;
#968 = CARTESIAN_POINT ( 'NONE',  ( 40.00000000000000000, -4.934941344458819560E-14, -108.2500000000000000 ) ) ;
#969 = LINE ( 'NONE', #1472, #1434 ) ;
#970 = CARTESIAN_POINT ( 'NONE',  ( 40.00000000000000000, 6.749999999999984901, -44.75000000000000000 ) ) ;
#971 = EDGE_CURVE ( 'NONE', #1503, #300, #436, .T. ) ;
#972 = CARTESIAN_POINT ( 'NONE',  ( 31.74343892471671325, -3.807873968648631369, -120.3120228040319120 ) ) ;
#973 = VERTEX_POINT ( 'NONE', #1963 ) ;
#974 = DIRECTION ( 'NONE',  ( 1.000000000000000000, 0.000000000000000000, 0.000000000000000000 ) ) ;
#975 = DIRECTION ( 'NONE',  ( 0.000000000000000000, 0.000000000000000000, -1.000000000000000000 ) ) ;
#976 = EDGE_LOOP ( 'NONE', ( #894, #1859, #1100, #252 ) ) ;
#977 = CARTESIAN_POINT ( 'NONE',  ( 39.78067409673266752, 6.749999999999999112, -17.49285568453591111 ) ) ;
#978 = DIRECTION ( 'NONE',  ( 0.000000000000000000, 0.000000000000000000, 1.000000000000000000 ) ) ;
#979 = DIRECTION ( 'NONE',  ( 5.782411586589356653E-16, -1.000000000000000000, 2.891205793294678326E-16 ) ) ;
#980 = DIRECTION ( 'NONE',  ( 0.000000000000000000, 0.000000000000000000, 1.000000000000000000 ) ) ;
#981 = VECTOR ( 'NONE', #99, 1000.000000000000000 ) ;
#982 = AXIS2_PLACEMENT_3D ( 'NONE', #593, #1210, #287 ) ;
#983 = PRODUCT_DEFINITION_CONTEXT ( 'detailed design', #113, 'design' ) ;
#984 = ORIENTED_EDGE ( 'NONE', *, *, #1475, .F. ) ;
#985 = VECTOR ( 'NONE', #1384, 1000.000000000000000 ) ;
#986 = AXIS2_PLACEMENT_3D ( 'NONE', #347, #958, #192 ) ;
#987 = CARTESIAN_POINT ( 'NONE',  ( 40.00000000000000000, -2.315696323390200434E-14, -71.75000000000000000 ) ) ;
#988 = AXIS2_PLACEMENT_3D ( 'NONE', #895, #904, #1486 ) ;
#989 = LINE ( 'NONE', #1577, #1847 ) ;
#990 = ORIENTED_EDGE ( 'NONE', *, *, #1588, .T. ) ;
#991 = CARTESIAN_POINT ( 'NONE',  ( 34.62326846342575948, 10.08056025420811430, -15.81095330087235062 ) ) ;
#992 = VECTOR ( 'NONE', #232, 1000.000000000000000 ) ;
#993 = EDGE_CURVE ( 'NONE', #300, #31, #1187, .T. ) ;
#994 = CARTESIAN_POINT ( 'NONE',  ( 33.99999999999999289, 18.73499399519516118, -88.75000000000001421 ) ) ;
#995 = DIRECTION ( 'NONE',  ( 0.000000000000000000, 7.771561172376093811E-16, 1.000000000000000000 ) ) ;
#996 = FACE_OUTER_BOUND ( 'NONE', #123, .T. ) ;
#997 = MANIFOLD_SOLID_BREP ( 'Mirror1[1]', #531 ) ;
#998 = CARTESIAN_POINT ( 'NONE',  ( 40.00000000000000000, 0.000000000000000000, 0.000000000000000000 ) ) ;
#999 = EDGE_LOOP ( 'NONE', ( #1203, #1975, #543, #1932 ) ) ;
#1000 = LINE ( 'NONE', #354, #1723 ) ;
#1001 = FACE_OUTER_BOUND ( 'NONE', #866, .T. ) ;
#1002 = ORIENTED_EDGE ( 'NONE', *, *, #1231, .T. ) ;
#1003 = CARTESIAN_POINT ( 'NONE',  ( 38.91215795455006798, 6.845446518444435746, -17.45579905573010393 ) ) ;
#1004 = EDGE_CURVE ( 'NONE', #1638, #1688, #50, .T. ) ;
#1005 = LINE ( 'NONE', #1748, #540 ) ;
#1006 = DIRECTION ( 'NONE',  ( 0.000000000000000000, 1.000000000000000000, -3.885780586188046905E-16 ) ) ;
#1007 = ADVANCED_FACE ( 'NONE', ( #1195 ), #1808, .F. ) ;
#1008 = CARTESIAN_POINT ( 'NONE',  ( 31.09842516904875254, 3.141949310484680069, -120.9518726037142358 ) ) ;
#1009 = ORIENTED_EDGE ( 'NONE', *, *, #161, .F. ) ;
#1010 = DIRECTION ( 'NONE',  ( -0.000000000000000000, 7.771561172376093811E-16, 1.000000000000000000 ) ) ;
#1011 = CARTESIAN_POINT ( 'NONE',  ( 37.72628768471405891, -4.194734255972225156, 30.43660232142088162 ) ) ;
#1012 = EDGE_LOOP ( 'NONE', ( #1106, #57, #492, #563 ) ) ;
#1013 = CARTESIAN_POINT ( 'NONE',  ( 32.13398387336778939, 4.100300964277582061, 30.52840038828848535 ) ) ;
#1014 = CARTESIAN_POINT ( 'NONE',  ( 38.45297434376745116, 11.52363804198332176, -13.50121110121938095 ) ) ;
#1015 = CARTESIAN_POINT ( 'NONE',  ( 39.39217168059312968, -2.407132302656460610, -121.6429720756538018 ) ) ;
#1016 = DIRECTION ( 'NONE',  ( 0.000000000000000000, 0.000000000000000000, 1.000000000000000000 ) ) ;
#1017 = CARTESIAN_POINT ( 'NONE',  ( 40.00000000000000000, -3.477773624638302232E-14, -89.50000000000000000 ) ) ;
#1018 = ORIENTED_EDGE ( 'NONE', *, *, #1184, .T. ) ;
#1019 = CARTESIAN_POINT ( 'NONE',  ( 34.99999999999999289, 19.99999999999994671, -124.2500000000000142 ) ) ;
#1020 = CARTESIAN_POINT ( 'NONE',  ( 39.74306428221581200, -1.608878762396732887, 32.85732197669238985 ) ) ;
#1021 = AXIS2_PLACEMENT_3D ( 'NONE', #635, #1252, #929 ) ;
#1022 = VECTOR ( 'NONE', #1547, 1000.000000000000000 ) ;
#1023 = ORIENTED_EDGE ( 'NONE', *, *, #1880, .T. ) ;
#1024 = CARTESIAN_POINT ( 'NONE',  ( 30.60463462127314926, 2.401465078967203404, 32.14822410217566784 ) ) ;
#1025 = AXIS2_PLACEMENT_3D ( 'NONE', #1926, #533, #1771 ) ;
#1026 = CARTESIAN_POINT ( 'NONE',  ( 38.06741022117914497, 9.720407123291643359, -14.85246258260553986 ) ) ;
#1027 = AXIS2_PLACEMENT_3D ( 'NONE', #913, #1687, #1407 ) ;
#1028 = CARTESIAN_POINT ( 'NONE',  ( 36.47362826270823888, -4.792413133274128434, -119.3533741617107466 ) ) ;
#1029 = FACE_OUTER_BOUND ( 'NONE', #1553, .T. ) ;
#1030 = ADVANCED_FACE ( 'NONE', ( #1249 ), #1088, .T. ) ;
#1031 = ORIENTED_EDGE ( 'NONE', *, *, #1382, .T. ) ;
#1032 = EDGE_CURVE ( 'NONE', #886, #794, #473, .T. ) ;
#1033 = VERTEX_POINT ( 'NONE', #800 ) ;
#1034 = CARTESIAN_POINT ( 'NONE',  ( 33.70675089429265370, -4.833357887567598432, 29.81327234091391176 ) ) ;
#1035 = DIRECTION ( 'NONE',  ( 0.000000000000000000, 0.000000000000000000, -1.000000000000000000 ) ) ;
#1036 = CARTESIAN_POINT ( 'NONE',  ( -2.000000000000000000, -4.377394421790646958E-14, -99.49999999999998579 ) ) ;
#1037 = PRODUCT_CONTEXT ( 'NONE', #1491, 'mechanical' ) ;
#1038 = DIRECTION ( 'NONE',  ( 0.000000000000000000, 0.000000000000000000, 1.000000000000000000 ) ) ;
#1039 = EDGE_CURVE ( 'NONE', #1093, #734, #1881, .T. ) ;
#1040 = ORIENTED_EDGE ( 'NONE', *, *, #882, .T. ) ;
#1041 = CARTESIAN_POINT ( 'NONE',  ( -2.000000000000000000, -3.477773624638302232E-14, -89.50000000000000000 ) ) ;
#1042 = EDGE_LOOP ( 'NONE', ( #1103, #711, #364, #1744 ) ) ;
#1043 = CARTESIAN_POINT ( 'NONE',  ( 35.00000000000000000, 15.75000000000000355, -38.55000000000001137 ) ) ;
#1044 = CARTESIAN_POINT ( 'NONE',  ( 0.000000000000000000, 0.000000000000000000, 0.000000000000000000 ) ) ;
#1045 = CARTESIAN_POINT ( 'NONE',  ( -2.000000000000000000, -2.700617507400692338E-14, -79.50000000000000000 ) ) ;
#1046 = DIRECTION ( 'NONE',  ( 0.000000000000000000, -3.885780586188046905E-16, -1.000000000000000000 ) ) ;
#1047 = VERTEX_POINT ( 'NONE', #1067 ) ;
#1048 = PRESENTATION_STYLE_ASSIGNMENT (( #562 ) ) ;
#1049 = ORIENTED_EDGE ( 'NONE', *, *, #1589, .F. ) ;
#1050 = CARTESIAN_POINT ( 'NONE',  ( 34.00000000000000000, 12.74999999999996625, -88.75000000000001421 ) ) ;
#1051 = VECTOR ( 'NONE', #1625, 1000.000000000000000 ) ;
#1052 = DIRECTION ( 'NONE',  ( 0.000000000000000000, 1.000000000000000000, -7.771561172376093811E-16 ) ) ;
#1053 = DIRECTION ( 'NONE',  ( 0.000000000000000000, -0.000000000000000000, 1.000000000000000000 ) ) ;
#1054 = AXIS2_PLACEMENT_3D ( 'NONE', #60, #516, #1572 ) ;
#1055 = EDGE_CURVE ( 'NONE', #1542, #31, #790, .T. ) ;
#1056 = CIRCLE ( 'NONE', #280, 9.999999999999994671 ) ;
#1057 = VECTOR ( 'NONE', #856, 1000.000000000000000 ) ;
#1058 = CARTESIAN_POINT ( 'NONE',  ( 39.95119360442895839, -0.7178067024906916727, 33.52414947114612431 ) ) ;
#1059 = ORIENTED_EDGE ( 'NONE', *, *, #1892, .T. ) ;
#1060 = DIRECTION ( 'NONE',  ( -0.000000000000000000, -3.885780586188046905E-16, -1.000000000000000000 ) ) ;
#1061 = CYLINDRICAL_SURFACE ( 'NONE', #1658, 2.200000000000000622 ) ;
#1062 = CARTESIAN_POINT ( 'NONE',  ( 35.00000000000000000, 15.74999999999999645, -50.95000000000000284 ) ) ;
#1063 = EDGE_CURVE ( 'NONE', #1812, #1796, #1501, .T. ) ;
#1064 = PLANE ( 'NONE',  #626 ) ;
#1065 = CARTESIAN_POINT ( 'NONE',  ( 34.99716897178377906, 9.415634927703182555, -73.28091945360142745 ) ) ;
#1066 = CARTESIAN_POINT ( 'NONE',  ( 38.62253546756156908, 11.70534659270668598, -76.15602023131989995 ) ) ;
#1067 = CARTESIAN_POINT ( 'NONE',  ( 40.00000000000000000, 8.249999999999982236, -44.75000000000000711 ) ) ;
#1068 = VERTEX_POINT ( 'NONE', #942 ) ;
#1069 = LINE ( 'NONE', #1350, #1498 ) ;
#1070 = CARTESIAN_POINT ( 'NONE',  ( 0.000000000000000000, 0.000000000000000000, 17.75000000000000355 ) ) ;
#1071 = ORIENTED_EDGE ( 'NONE', *, *, #882, .F. ) ;
#1072 = DIRECTION ( 'NONE',  ( 0.000000000000000000, 0.000000000000000000, -1.000000000000000000 ) ) ;
#1073 = CARTESIAN_POINT ( 'NONE',  ( 35.74710625229815975, -4.957886257711773048, 29.69130875575197592 ) ) ;
#1074 = FACE_BOUND ( 'NONE', #230, .T. ) ;
#1075 = CARTESIAN_POINT ( 'NONE',  ( 39.39174568998655701, 2.408095629708998597, 32.14209496315580594 ) ) ;
#1076 = EDGE_CURVE ( 'NONE', #1327, #1387, #212, .T. ) ;
#1077 = ORIENTED_EDGE ( 'NONE', *, *, #1938, .T. ) ;
#1078 = DIRECTION ( 'NONE',  ( 1.000000000000000000, 0.000000000000000000, 0.000000000000000000 ) ) ;
#1079 = CARTESIAN_POINT ( 'NONE',  ( 37.73176970633459604, 4.200353293541071231, -119.9313508868806650 ) ) ;
#1080 = ORIENTED_EDGE ( 'NONE', *, *, #1467, .T. ) ;
#1081 = SURFACE_STYLE_USAGE ( .BOTH. , #1579 ) ;
#1082 = AXIS2_PLACEMENT_3D ( 'NONE', #550, #28, #98 ) ;
#1083 = AXIS2_PLACEMENT_3D ( 'NONE', #1874, #1117, #170 ) ;
#1084 = AXIS2_PLACEMENT_3D ( 'NONE', #951, #3, #321 ) ;
#1085 = CARTESIAN_POINT ( 'NONE',  ( 38.37803297473873698, 11.42623382521514408, -75.91615555212953836 ) ) ;
#1086 = EDGE_CURVE ( 'NONE', #1447, #1584, #632, .T. ) ;
#1087 = VECTOR ( 'NONE', #1513, 1000.000000000000000 ) ;
#1088 = CYLINDRICAL_SURFACE ( 'NONE', #348, 18.75000000000000355 ) ;
#1089 = ORIENTED_EDGE ( 'NONE', *, *, #1408, .F. ) ;
#1090 = EDGE_CURVE ( 'NONE', #1330, #785, #537, .T. ) ;
#1091 = CARTESIAN_POINT ( 'NONE',  ( 34.99999999999980815, 5.000000000001452172, -119.1499999999985278 ) ) ;
#1092 = CARTESIAN_POINT ( 'NONE',  ( 40.00000000000000711, 0.09401655984335384464, -123.2450124378879508 ) ) ;
#1093 = VERTEX_POINT ( 'NONE', #610 ) ;
#1094 = FACE_OUTER_BOUND ( 'NONE', #398, .T. ) ;
#1095 = CARTESIAN_POINT ( 'NONE',  ( 30.00000000000000000, -4.441838990223475259E-14, -107.2500000000000000 ) ) ;
#1096 = CARTESIAN_POINT ( 'NONE',  ( 39.07942570593298370, 2.905966392977084922, 31.67642149986600586 ) ) ;
#1097 = ORIENTED_EDGE ( 'NONE', *, *, #48, .F. ) ;
#1098 = CARTESIAN_POINT ( 'NONE',  ( 40.00000000000000000, 6.749999999999984901, -44.75000000000000711 ) ) ;
#1099 = CARTESIAN_POINT ( 'NONE',  ( 40.00000000000000000, 2.173748068486552035E-15, -17.75000000000000355 ) ) ;
#1100 = ORIENTED_EDGE ( 'NONE', *, *, #677, .F. ) ;
#1101 = FACE_OUTER_BOUND ( 'NONE', #872, .T. ) ;
#1102 = CARTESIAN_POINT ( 'NONE',  ( 39.99724619872439035, 0.1892946338253118643, 33.73110172020268749 ) ) ;
#1103 = ORIENTED_EDGE ( 'NONE', *, *, #607, .T. ) ;
#1104 = DIRECTION ( 'NONE',  ( 0.000000000000000000, 0.000000000000000000, -1.000000000000000000 ) ) ;
#1105 = CARTESIAN_POINT ( 'NONE',  ( 39.52513122224295472, 2.146684136833763912, -121.8831539913837219 ) ) ;
#1106 = ORIENTED_EDGE ( 'NONE', *, *, #97, .F. ) ;
#1107 = DIRECTION ( 'NONE',  ( -1.000000000000000000, 0.000000000000000000, 0.000000000000000000 ) ) ;
#1108 = APPLICATION_PROTOCOL_DEFINITION ( 'draft international standard', 'automotive_design', 1998, #1491 ) ;
#1109 = CIRCLE ( 'NONE', #1082, 2.200000000000000622 ) ;
#1110 = CARTESIAN_POINT ( 'NONE',  ( 40.00000000000000000, -3.477773624638302232E-14, -89.50000000000000000 ) ) ;
#1111 = AXIS2_PLACEMENT_3D ( 'NONE', #805, #1421, #778 ) ;
#1112 = CIRCLE ( 'NONE', #824, 18.75000000000000355 ) ;
#1113 = ORIENTED_EDGE ( 'NONE', *, *, #940, .T. ) ;
#1114 = PLANE ( 'NONE',  #1787 ) ;
#1115 = DIRECTION ( 'NONE',  ( 0.000000000000000000, 0.000000000000000000, 1.000000000000000000 ) ) ;
#1116 = ORIENTED_EDGE ( 'NONE', *, *, #764, .F. ) ;
#1117 = DIRECTION ( 'NONE',  ( -1.000000000000000000, 0.000000000000000000, 0.000000000000000000 ) ) ;
#1118 = LINE ( 'NONE', #357, #274 ) ;
#1119 = EDGE_CURVE ( 'NONE', #1453, #1734, #1755, .T. ) ;
#1120 =( NAMED_UNIT ( * ) SI_UNIT ( $, .STERADIAN. ) SOLID_ANGLE_UNIT ( ) );
#1121 = EDGE_CURVE ( 'NONE', #973, #155, #1256, .T. ) ;
#1122 = CARTESIAN_POINT ( 'NONE',  ( 31.51206939120272565, -3.595740160858697188, -120.5170248096175669 ) ) ;
#1123 = ORIENTED_EDGE ( 'NONE', *, *, #1141, .F. ) ;
#1124 = DIRECTION ( 'NONE',  ( -0.000000000000000000, -1.000000000000000000, 7.771561172376093811E-16 ) ) ;
#1125 = ORIENTED_EDGE ( 'NONE', *, *, #122, .T. ) ;
#1126 = CARTESIAN_POINT ( 'NONE',  ( 30.01301401604006713, 0.3718870034682120185, 33.68201208885581366 ) ) ;
#1127 = LINE ( 'NONE', #1773, #992 ) ;
#1128 = DIRECTION ( 'NONE',  ( -1.000000000000000000, 0.000000000000000000, 0.000000000000000000 ) ) ;
#1129 = DIRECTION ( 'NONE',  ( 0.000000000000000000, 0.000000000000000000, 1.000000000000000000 ) ) ;
#1130 = VERTEX_POINT ( 'NONE', #352 ) ;
#1131 = DIRECTION ( 'NONE',  ( -1.000000000000000000, 0.000000000000000000, 0.000000000000000000 ) ) ;
#1132 = CARTESIAN_POINT ( 'NONE',  ( 34.99999999999999289, -29.99999999999999645, 29.65000000000000213 ) ) ;
#1133 = VERTEX_POINT ( 'NONE', #527 ) ;
#1134 = DIRECTION ( 'NONE',  ( 0.000000000000000000, 0.000000000000000000, -1.000000000000000000 ) ) ;
#1135 = PLANE ( 'NONE',  #479 ) ;
#1136 = DIRECTION ( 'NONE',  ( 0.000000000000000000, 1.000000000000000000, 0.000000000000000000 ) ) ;
#1137 = FACE_OUTER_BOUND ( 'NONE', #546, .T. ) ;
#1138 = CARTESIAN_POINT ( 'NONE',  ( 30.60549564568890091, -2.402938370262104328, -121.6468546233824952 ) ) ;
#1139 = AXIS2_PLACEMENT_3D ( 'NONE', #1017, #1173, #1316 ) ;
#1140 = AXIS2_PLACEMENT_3D ( 'NONE', #1651, #1868, #786 ) ;
#1141 = EDGE_CURVE ( 'NONE', #1887, #1511, #1468, .T. ) ;
#1142 = EDGE_LOOP ( 'NONE', ( #1482, #1570, #82, #1355 ) ) ;
#1143 = AXIS2_PLACEMENT_3D ( 'NONE', #608, #713, #1469 ) ;
#1144 = AXIS2_PLACEMENT_3D ( 'NONE', #1633, #1781, #65 ) ;
#1145 = CARTESIAN_POINT ( 'NONE',  ( 40.00000000000000000, 8.249999999999971578, -73.78376635449829735 ) ) ;
#1146 = CIRCLE ( 'NONE', #599, 18.75000000000000355 ) ;
#1147 = CARTESIAN_POINT ( 'NONE',  ( 34.99999999999999289, 20.00000000000001066, 34.75000000000000000 ) ) ;
#1148 = ORIENTED_EDGE ( 'NONE', *, *, #1076, .T. ) ;
#1149 = EDGE_CURVE ( 'NONE', #794, #1711, #1182, .T. ) ;
#1150 = ADVANCED_FACE ( 'NONE', ( #848 ), #1733, .T. ) ;
#1151 = DIRECTION ( 'NONE',  ( -0.000000000000000000, -1.000000000000000000, 7.771561172376093811E-16 ) ) ;
#1152 = AXIS2_PLACEMENT_3D ( 'NONE', #1717, #1544, #460 ) ;
#1153 = CARTESIAN_POINT ( 'NONE',  ( 39.04175374856185954, 12.01082393788535718, -13.06937888767957823 ) ) ;
#1154 = DIRECTION ( 'NONE',  ( 0.000000000000000000, 3.885780586188046905E-16, 1.000000000000000000 ) ) ;
#1155 = DIRECTION ( 'NONE',  ( -1.000000000000000000, -0.000000000000000000, -0.000000000000000000 ) ) ;
#1156 = EDGE_LOOP ( 'NONE', ( #1809, #605, #62, #502, #235 ) ) ;
#1157 = DIRECTION ( 'NONE',  ( 1.000000000000000000, 0.000000000000000000, 0.000000000000000000 ) ) ;
#1158 = DIRECTION ( 'NONE',  ( 1.000000000000000000, 0.000000000000000000, 0.000000000000000000 ) ) ;
#1159 = ORIENTED_EDGE ( 'NONE', *, *, #1234, .T. ) ;
#1160 = DIRECTION ( 'NONE',  ( 0.000000000000000000, 1.000000000000000000, -3.975407965780182760E-16 ) ) ;
#1161 = CARTESIAN_POINT ( 'NONE',  ( 34.99999999999999289, 19.99999999999994316, -128.3500000000000227 ) ) ;
#1162 = CARTESIAN_POINT ( 'NONE',  ( 34.99999999999999289, 1.040834085586084257E-14, 18.75000000000000711 ) ) ;
#1163 = LINE ( 'NONE', #426, #1051 ) ;
#1164 = VERTEX_POINT ( 'NONE', #517 ) ;
#1165 = PLANE ( 'NONE',  #1404 ) ;
#1166 = CARTESIAN_POINT ( 'NONE',  ( 34.39796249702977349, 10.59367201668676373, -74.02809393916434999 ) ) ;
#1167 = VERTEX_POINT ( 'NONE', #226 ) ;
#1168 = CARTESIAN_POINT ( 'NONE',  ( 35.22441154581112954, 9.094951651764262124, -16.40012568811986426 ) ) ;
#1169 = LINE ( 'NONE', #1934, #1087 ) ;
#1170 = ADVANCED_FACE ( 'NONE', ( #1742 ), #1423, .F. ) ;
#1171 = CARTESIAN_POINT ( 'NONE',  ( 36.81090707930368922, -4.673576489792801603, -119.4696985085953571 ) ) ;
#1172 = ADVANCED_FACE ( 'NONE', ( #1766 ), #1582, .F. ) ;
#1173 = DIRECTION ( 'NONE',  ( -1.000000000000000000, -0.000000000000000000, -0.000000000000000000 ) ) ;
#1174 = EDGE_LOOP ( 'NONE', ( #435, #1597, #1856, #390, #1493 ) ) ;
#1175 = AXIS2_PLACEMENT_3D ( 'NONE', #383, #393, #1006 ) ;
#1176 = CIRCLE ( 'NONE', #888, 5.100000000000000533 ) ;
#1177 = AXIS2_PLACEMENT_3D ( 'NONE', #795, #324, #944 ) ;
#1178 = ORIENTED_EDGE ( 'NONE', *, *, #787, .T. ) ;
#1179 = LINE ( 'NONE', #1050, #1911 ) ;
#1180 = DIRECTION ( 'NONE',  ( 0.000000000000000000, 3.885780586188046905E-16, 1.000000000000000000 ) ) ;
#1181 = ORIENTED_EDGE ( 'NONE', *, *, #349, .F. ) ;
#1182 = CIRCLE ( 'NONE', #184, 18.75000000000000711 ) ;
#1183 = LINE ( 'NONE', #1036, #413 ) ;
#1184 = EDGE_CURVE ( 'NONE', #155, #620, #1524, .T. ) ;
#1185 = CYLINDRICAL_SURFACE ( 'NONE', #1697, 17.75000000000000355 ) ;
#1186 = ORIENTED_EDGE ( 'NONE', *, *, #1772, .T. ) ;
#1187 = LINE ( 'NONE', #589, #1309 ) ;
#1188 = ORIENTED_EDGE ( 'NONE', *, *, #962, .T. ) ;
#1189 = DIRECTION ( 'NONE',  ( 0.000000000000000000, 3.885780586188046905E-16, 1.000000000000000000 ) ) ;
#1190 = CARTESIAN_POINT ( 'NONE',  ( 38.18771955246639749, 9.368451900041957714, -15.07887418335819163 ) ) ;
#1191 = ORIENTED_EDGE ( 'NONE', *, *, #1935, .F. ) ;
#1192 = CARTESIAN_POINT ( 'NONE',  ( 34.99999999999999289, -3.894107258872735303E-14, -108.2500000000000000 ) ) ;
#1193 = PLANE ( 'NONE',  #175 ) ;
#1194 = ORIENTED_EDGE ( 'NONE', *, *, #1842, .F. ) ;
#1195 = FACE_OUTER_BOUND ( 'NONE', #1819, .T. ) ;
#1196 = ORIENTED_EDGE ( 'NONE', *, *, #1266, .F. ) ;
#1197 = EDGE_CURVE ( 'NONE', #1257, #1849, #796, .T. ) ;
#1198 = CARTESIAN_POINT ( 'NONE',  ( 34.62024350351368440, 4.989085919704673522, 29.66070136713843297 ) ) ;
#1199 = CARTESIAN_POINT ( 'NONE',  ( 34.99999999999999289, -29.99999999999999645, 34.75000000000000000 ) ) ;
#1200 = VERTEX_POINT ( 'NONE', #80 ) ;
#1201 = DIRECTION ( 'NONE',  ( -1.000000000000000000, 0.000000000000000000, 0.000000000000000000 ) ) ;
#1202 = CARTESIAN_POINT ( 'NONE',  ( 38.48084234989130437, -3.592881097645891586, 31.01931438848229661 ) ) ;
#1203 = ORIENTED_EDGE ( 'NONE', *, *, #727, .F. ) ;
#1204 =( NAMED_UNIT ( * ) PLANE_ANGLE_UNIT ( ) SI_UNIT ( $, .RADIAN. ) );
#1205 = EDGE_CURVE ( 'NONE', #268, #1650, #434, .T. ) ;
#1206 = EDGE_LOOP ( 'NONE', ( #1983, #1159, #1479, #899 ) ) ;
#1207 = CARTESIAN_POINT ( 'NONE',  ( 34.99999999999992895, -5.000000000000540012, 29.64999999999946212 ) ) ;
#1208 = AXIS2_PLACEMENT_3D ( 'NONE', #578, #424, #1805 ) ;
#1209 = DIRECTION ( 'NONE',  ( 0.000000000000000000, -8.462065736472244640E-16, -1.000000000000000000 ) ) ;
#1210 = DIRECTION ( 'NONE',  ( 0.000000000000000000, 1.000000000000000000, -7.771561172376093811E-16 ) ) ;
#1211 = CIRCLE ( 'NONE', #1533, 18.75000000000000711 ) ;
#1212 = CIRCLE ( 'NONE', #1025, 18.75000000000000355 ) ;
#1213 = AXIS2_PLACEMENT_3D ( 'NONE', #1540, #639, #773 ) ;
#1214 = CARTESIAN_POINT ( 'NONE',  ( 36.06200011392426319, 8.204178998206364426, -72.63791634218708282 ) ) ;
#1215 = DIRECTION ( 'NONE',  ( 0.000000000000000000, -7.771561172376093811E-16, -1.000000000000000000 ) ) ;
#1216 = CARTESIAN_POINT ( 'NONE',  ( 35.74664524313165970, 4.947466916796270375, 29.70149412002967182 ) ) ;
#1217 = EDGE_LOOP ( 'NONE', ( #1349, #496 ) ) ;
#1218 = CARTESIAN_POINT ( 'NONE',  ( 30.91610055917230326, -2.899576984414089953, 31.68246031336657964 ) ) ;
#1219 = CARTESIAN_POINT ( 'NONE',  ( 39.83066975316383207, 1.326962343567566593, -122.5990670784807577 ) ) ;
#1220 = EDGE_LOOP ( 'NONE', ( #611, #717, #1509, #896, #1884, #643, #1964, #1369 ) ) ;
#1221 = CARTESIAN_POINT ( 'NONE',  ( 40.00000000000000000, 6.749999999999968914, -88.75000000000000000 ) ) ;
#1222 = ADVANCED_FACE ( 'NONE', ( #569 ), #1185, .F. ) ;
#1223 = CARTESIAN_POINT ( 'NONE',  ( 39.78067409673267463, 6.749999999999975131, -72.00714431546410310 ) ) ;
#1224 = CARTESIAN_POINT ( 'NONE',  ( 33.99999999999999289, 18.75000000000000355, -0.7500000000000041078 ) ) ;
#1225 = CARTESIAN_POINT ( 'NONE',  ( 34.62052479622467871, -4.989100380006652458, -119.1606871852623613 ) ) ;
#1226 = ORIENTED_EDGE ( 'NONE', *, *, #557, .T. ) ;
#1227 = DIRECTION ( 'NONE',  ( 0.000000000000000000, 0.000000000000000000, -1.000000000000000000 ) ) ;
#1228 = CARTESIAN_POINT ( 'NONE',  ( 39.98703154027743523, 0.3712390676349302532, -123.1822267602541103 ) ) ;
#1229 = ORIENTED_EDGE ( 'NONE', *, *, #1952, .T. ) ;
#1230 = LINE ( 'NONE', #1413, #1022 ) ;
#1231 = EDGE_CURVE ( 'NONE', #1130, #1068, #1664, .T. ) ;
#1232 = EDGE_CURVE ( 'NONE', #841, #1167, #13, .T. ) ;
#1233 = CARTESIAN_POINT ( 'NONE',  ( 39.97940410958245394, -0.4614388975184622876, 33.64669060532382616 ) ) ;
#1234 = EDGE_CURVE ( 'NONE', #1511, #714, #416, .T. ) ;
#1235 = CARTESIAN_POINT ( 'NONE',  ( 40.00000000000000000, -2.250227179657912675E-14, -70.75000000000000000 ) ) ;
#1236 = CARTESIAN_POINT ( 'NONE',  ( 38.25231824582152740, 3.811556053228844831, 30.80846198564698213 ) ) ;
#1237 = ORIENTED_EDGE ( 'NONE', *, *, #169, .F. ) ;
#1238 = PLANE ( 'NONE',  #922 ) ;
#1239 = LINE ( 'NONE', #480, #729 ) ;
#1240 = ORIENTED_EDGE ( 'NONE', *, *, #940, .F. ) ;
#1241 = CARTESIAN_POINT ( 'NONE',  ( 40.00000000000000000, 0.000000000000000000, 17.75000000000000355 ) ) ;
#1242 = AXIS2_PLACEMENT_3D ( 'NONE', #453, #1641, #1209 ) ;
#1243 =( GEOMETRIC_REPRESENTATION_CONTEXT ( 3 ) GLOBAL_UNCERTAINTY_ASSIGNED_CONTEXT ( ( #1694 ) ) GLOBAL_UNIT_ASSIGNED_CONTEXT ( ( #26, #939, #652 ) ) REPRESENTATION_CONTEXT ( 'NONE', 'WORKASPACE' ) );
#1244 = VECTOR ( 'NONE', #328, 1000.000000000000000 ) ;
#1245 = ADVANCED_FACE ( 'NONE', ( #579, #1029 ), #1193, .F. ) ;
#1246 = CIRCLE ( 'NONE', #1790, 5.100000000000007638 ) ;
#1247 = CARTESIAN_POINT ( 'NONE',  ( 38.58149004642199742, 8.833752785640431426, -74.10386620130580582 ) ) ;
#1248 = AXIS2_PLACEMENT_3D ( 'NONE', #1648, #422, #1035 ) ;
#1249 = FACE_OUTER_BOUND ( 'NONE', #999, .T. ) ;
#1250 = ORIENTED_EDGE ( 'NONE', *, *, #322, .T. ) ;
#1251 = FACE_OUTER_BOUND ( 'NONE', #1042, .T. ) ;
#1252 = DIRECTION ( 'NONE',  ( 1.000000000000000000, 0.000000000000000000, -0.000000000000000000 ) ) ;
#1253 = ORIENTED_EDGE ( 'NONE', *, *, #1357, .F. ) ;
#1254 = FACE_OUTER_BOUND ( 'NONE', #744, .T. ) ;
#1255 = CARTESIAN_POINT ( 'NONE',  ( 37.44656385169418655, 4.374571817681213837, 30.26158906866617215 ) ) ;
#1256 = B_SPLINE_CURVE_WITH_KNOTS ( 'NONE', 3,
 ( #1395, #491, #1225, #11, #1863, #1714, #1566, #484, #331, #339, #1443, #972, #1122, #1893, #234, #1138, #386, #832, #1883, #1754, #542, #647, #38, #1870, #1274, #654 ),
 .UNSPECIFIED., .F., .F.,
 ( 4, 2, 2, 2, 2, 2, 2, 2, 2, 2, 2, 2, 4 ),
 ( 0.02721200946295194642, 0.02778055339800353588, 0.02834909733305512880, 0.02891764126810671826, 0.02948618520315830771, 0.03062327307326146927, 0.03176036094336463084, 0.03289744881346779587, 0.03403453668357095396, 0.03517162455367411900, 0.03574016848872570151, 0.03602444045625149277, 0.03630871242377728403 ),
 .UNSPECIFIED. ) ;
#1257 = VERTEX_POINT ( 'NONE', #1460 ) ;
#1258 = DIRECTION ( 'NONE',  ( 1.000000000000000000, 0.000000000000000000, 0.000000000000000000 ) ) ;
#1259 = EDGE_CURVE ( 'NONE', #332, #752, #1344, .T. ) ;
#1260 = CARTESIAN_POINT ( 'NONE',  ( 38.25231824582152029, 3.811556053228785768, -120.3084619856469999 ) ) ;
#1261 = ORIENTED_EDGE ( 'NONE', *, *, #675, .T. ) ;
#1262 = CARTESIAN_POINT ( 'NONE',  ( 38.59209826778806729, -3.481449861171415971, -120.6265436356146949 ) ) ;
#1263 = CARTESIAN_POINT ( 'NONE',  ( -2.000000000000000000, 0.000000000000000000, 0.000000000000000000 ) ) ;
#1264 = EDGE_LOOP ( 'NONE', ( #1424, #447 ) ) ;
#1265 = LINE ( 'NONE', #468, #47 ) ;
#1266 = EDGE_CURVE ( 'NONE', #1663, #191, #1163, .T. ) ;
#1267 = DIRECTION ( 'NONE',  ( 0.000000000000000000, 1.000000000000000000, 0.000000000000000000 ) ) ;
#1268 = ORIENTED_EDGE ( 'NONE', *, *, #349, .T. ) ;
#1269 = FACE_OUTER_BOUND ( 'NONE', #528, .T. ) ;
#1270 = DIRECTION ( 'NONE',  ( 1.000000000000000000, 0.000000000000000000, 0.000000000000000000 ) ) ;
#1271 = PRESENTATION_LAYER_ASSIGNMENT (  '', '', ( #109 ) ) ;
#1272 = AXIS2_PLACEMENT_3D ( 'NONE', #334, #181, #956 ) ;
#1273 = CARTESIAN_POINT ( 'NONE',  ( 35.00000000000000000, 15.75000000000000000, -48.75000000000000000 ) ) ;
#1274 = CARTESIAN_POINT ( 'NONE',  ( 30.00000000000001421, -0.09675721076467533321, -123.2450124378878797 ) ) ;
#1275 = AXIS2_PLACEMENT_3D ( 'NONE', #955, #190, #1227 ) ;
#1276 = PRESENTATION_LAYER_ASSIGNMENT (  '', '', ( #857 ) ) ;
#1277 = ORIENTED_EDGE ( 'NONE', *, *, #286, .T. ) ;
#1278 = DIRECTION ( 'NONE',  ( -0.000000000000000000, 7.771561172376093811E-16, 1.000000000000000000 ) ) ;
#1279 = CARTESIAN_POINT ( 'NONE',  ( 34.99999999999999289, -30.00000000000006040, -128.3499999999999659 ) ) ;
#1280 = ORIENTED_EDGE ( 'NONE', *, *, #464, .F. ) ;
#1281 = CARTESIAN_POINT ( 'NONE',  ( 36.73353200199505864, 7.712607386622287287, -17.09071272692658994 ) ) ;
#1282 = CARTESIAN_POINT ( 'NONE',  ( 39.70690246880386098, 12.23364084445283417, -12.86088567890200274 ) ) ;
#1283 = DIRECTION ( 'NONE',  ( -1.000000000000000000, -0.000000000000000000, -0.000000000000000000 ) ) ;
#1284 = EDGE_CURVE ( 'NONE', #74, #1894, #948, .T. ) ;
#1285 = CARTESIAN_POINT ( 'NONE',  ( 33.02558099107344702, 4.596923107985579016, -119.5445302718828202 ) ) ;
#1286 = B_SPLINE_CURVE_WITH_KNOTS ( 'NONE', 3,
 ( #760, #902, #251, #1166, #1320, #1329, #308, #1065, #617, #554, #1214, #1961, #1675, #297, #1, #446, #1779, #463, #705, #587, #1223, #1373 ),
 .UNSPECIFIED., .F., .F.,
 ( 4, 2, 2, 2, 2, 2, 2, 2, 2, 2, 4 ),
 ( 0.000000000000000000, 0.002574435712299264194, 0.003218044640374078183, 0.003861653568448893039, 0.005148871424598536195, 0.006436089280748179785, 0.007079698208822994207, 0.007723307136897808629, 0.009010524993047440076, 0.009654133921122257100, 0.01029774284919707239 ),
 .UNSPECIFIED. ) ;
#1287 = EDGE_LOOP ( 'NONE', ( #1463, #1059 ) ) ;
#1288 = CARTESIAN_POINT ( 'NONE',  ( 40.00000000000000000, 15.75000000000000355, -38.55000000000001137 ) ) ;
#1289 = DIRECTION ( 'NONE',  ( 0.000000000000000000, 0.000000000000000000, 1.000000000000000000 ) ) ;
#1290 = ORIENTED_EDGE ( 'NONE', *, *, #161, .T. ) ;
#1291 = CARTESIAN_POINT ( 'NONE',  ( 37.09800745696251312, 7.494186380449003870, -17.18761020938058692 ) ) ;
#1292 = FACE_OUTER_BOUND ( 'NONE', #1156, .T. ) ;
#1293 = EDGE_CURVE ( 'NONE', #1327, #915, #257, .T. ) ;
#1294 = CARTESIAN_POINT ( 'NONE',  ( 40.00000000000000000, -3.477773624638302232E-14, -89.50000000000000000 ) ) ;
#1295 = CARTESIAN_POINT ( 'NONE',  ( 32.13398387336778228, 4.100300964277522553, -120.0284003882884747 ) ) ;
#1296 = ORIENTED_EDGE ( 'NONE', *, *, #1504, .T. ) ;
#1297 = CARTESIAN_POINT ( 'NONE',  ( 0.000000000000000000, -3.477773624638302232E-14, -89.50000000000000000 ) ) ;
#1298 = CARTESIAN_POINT ( 'NONE',  ( -2.000000000000000000, 2.296212748401287972E-15, -18.75000000000000711 ) ) ;
#1299 = ORIENTED_EDGE ( 'NONE', *, *, #1293, .F. ) ;
#1300 = CARTESIAN_POINT ( 'NONE',  ( 30.13772886752945723, 1.175696746919000502, 33.20694746225629501 ) ) ;
#1301 = CARTESIAN_POINT ( 'NONE',  ( 40.00000000000000000, 12.24999999999999822, -12.84523257866513291 ) ) ;
#1302 = CARTESIAN_POINT ( 'NONE',  ( 34.99999999999992895, -5.000000000000597744, -119.1499999999994515 ) ) ;
#1303 = CARTESIAN_POINT ( 'NONE',  ( 30.31082042317321523, 1.741427218744861172, -122.2403858814749071 ) ) ;
#1304 = VECTOR ( 'NONE', #1878, 1000.000000000000000 ) ;
#1305 = ORIENTED_EDGE ( 'NONE', *, *, #1599, .T. ) ;
#1306 = CIRCLE ( 'NONE', #534, 10.00000000000000000 ) ;
#1307 = AXIS2_PLACEMENT_3D ( 'NONE', #928, #766, #634 ) ;
#1308 = DIRECTION ( 'NONE',  ( 1.000000000000000000, -0.000000000000000000, 0.000000000000000000 ) ) ;
#1309 = VECTOR ( 'NONE', #1801, 1000.000000000000000 ) ;
#1310 = DIRECTION ( 'NONE',  ( 0.000000000000000000, 0.000000000000000000, 1.000000000000000000 ) ) ;
#1311 = ORIENTED_EDGE ( 'NONE', *, *, #71, .T. ) ;
#1312 = CARTESIAN_POINT ( 'NONE',  ( 30.47380551844069885, 2.144168594761701296, 32.38539019042879374 ) ) ;
#1313 = CIRCLE ( 'NONE', #1242, 4.099999999999992539 ) ;
#1314 = CARTESIAN_POINT ( 'NONE',  ( 39.29059136685148701, 12.12496032220409781, -12.96356021166951145 ) ) ;
#1315 = CARTESIAN_POINT ( 'NONE',  ( 39.99999999999999289, -0.09468917022411578455, -123.2450124378879366 ) ) ;
#1316 = DIRECTION ( 'NONE',  ( 0.000000000000000000, 7.771561172376092825E-16, 1.000000000000000000 ) ) ;
#1317 = ORIENTED_EDGE ( 'NONE', *, *, #1234, .F. ) ;
#1318 = DIRECTION ( 'NONE',  ( 1.000000000000000000, 0.000000000000000000, 0.000000000000000000 ) ) ;
#1319 = EDGE_CURVE ( 'NONE', #1409, #1986, #692, .T. ) ;
#1320 = CARTESIAN_POINT ( 'NONE',  ( 34.46709417320144553, 10.42145889351631993, -73.91163466389639325 ) ) ;
#1321 = ORIENTED_EDGE ( 'NONE', *, *, #750, .T. ) ;
#1322 = CARTESIAN_POINT ( 'NONE',  ( 33.02558099107344702, 4.596923107985634971, 30.04453027188280956 ) ) ;
#1323 = ADVANCED_FACE ( 'NONE', ( #1940, #211 ), #1135, .T. ) ;
#1324 = CARTESIAN_POINT ( 'NONE',  ( 39.02487560003521594, 8.497995280841198706, -15.58368654159177780 ) ) ;
#1325 = PLANE ( 'NONE',  #43 ) ;
#1326 = DIRECTION ( 'NONE',  ( 0.000000000000000000, 7.771561172376092825E-16, 1.000000000000000000 ) ) ;
#1327 = VERTEX_POINT ( 'NONE', #994 ) ;
#1328 = DIRECTION ( 'NONE',  ( -1.000000000000000000, -0.000000000000000000, -0.000000000000000000 ) ) ;
#1329 = CARTESIAN_POINT ( 'NONE',  ( 34.62326846342576658, 10.08056025420809299, -73.68904669912767247 ) ) ;
#1330 = VERTEX_POINT ( 'NONE', #222 ) ;
#1331 = CARTESIAN_POINT ( 'NONE',  ( 31.09682821631309224, -3.140104658005376859, 31.45363628662946454 ) ) ;
#1332 = EDGE_CURVE ( 'NONE', #1130, #841, #969, .T. ) ;
#1333 = CARTESIAN_POINT ( 'NONE',  ( 38.00346444113521471, 10.08060622672595308, -14.61044472082927648 ) ) ;
#1334 = CARTESIAN_POINT ( 'NONE',  ( 34.99999999999999289, -29.99999999999999645, 30.65000000000000213 ) ) ;
#1335 = DIRECTION ( 'NONE',  ( 0.000000000000000000, -8.462065736472216044E-16, -1.000000000000000000 ) ) ;
#1336 = EDGE_LOOP ( 'NONE', ( #1760, #467, #255, #1802 ) ) ;
#1337 =( NAMED_UNIT ( * ) SI_UNIT ( $, .STERADIAN. ) SOLID_ANGLE_UNIT ( ) );
#1338 = COLOUR_RGB ( '',0.7921568627450980005, 0.8196078431372548767, 0.9333333333333333481 ) ;
#1339 = AXIS2_PLACEMENT_3D ( 'NONE', #237, #771, #1442 ) ;
#1340 = CIRCLE ( 'NONE', #1851, 9.999999999999994671 ) ;
#1341 = ORIENTED_EDGE ( 'NONE', *, *, #1603, .F. ) ;
#1342 = DIRECTION ( 'NONE',  ( 0.000000000000000000, 0.000000000000000000, 1.000000000000000000 ) ) ;
#1343 = DIRECTION ( 'NONE',  ( 0.000000000000000000, 1.000000000000000000, 0.000000000000000000 ) ) ;
#1344 = CIRCLE ( 'NONE', #1139, 17.75000000000000355 ) ;
#1345 = CARTESIAN_POINT ( 'NONE',  ( 40.00000000000000000, 6.749999999999995559, -17.49285568453590400 ) ) ;
#1346 = DIRECTION ( 'NONE',  ( 0.000000000000000000, 3.885780586188046905E-16, 1.000000000000000000 ) ) ;
#1347 = ORIENTED_EDGE ( 'NONE', *, *, #910, .F. ) ;
#1348 = FACE_OUTER_BOUND ( 'NONE', #930, .T. ) ;
#1349 = ORIENTED_EDGE ( 'NONE', *, *, #607, .F. ) ;
#1350 = CARTESIAN_POINT ( 'NONE',  ( 34.00000000000000000, 12.74999999999996625, -88.75000000000001421 ) ) ;
#1351 = CARTESIAN_POINT ( 'NONE',  ( 35.00000000000000000, 15.75000000000000355, -40.75000000000000711 ) ) ;
#1352 = ORIENTED_EDGE ( 'NONE', *, *, #1039, .F. ) ;
#1353 = FACE_BOUND ( 'NONE', #306, .T. ) ;
#1354 = EDGE_CURVE ( 'NONE', #1068, #973, #1005, .T. ) ;
#1355 = ORIENTED_EDGE ( 'NONE', *, *, #441, .F. ) ;
#1356 = CARTESIAN_POINT ( 'NONE',  ( 39.99999999999999289, 18.73499399519516118, -88.75000000000001421 ) ) ;
#1357 = EDGE_CURVE ( 'NONE', #1796, #1682, #549, .T. ) ;
#1358 = ORIENTED_EDGE ( 'NONE', *, *, #1954, .T. ) ;
#1359 = CARTESIAN_POINT ( 'NONE',  ( 30.60549564568891157, -2.402938370262040824, 32.14685462338255206 ) ) ;
#1360 = CARTESIAN_POINT ( 'NONE',  ( 39.85139782735656411, 8.249999999999996447, -15.71623364550172397 ) ) ;
#1361 = CARTESIAN_POINT ( 'NONE',  ( 34.99999999999999289, 20.00000000000001066, 34.75000000000000000 ) ) ;
#1362 = CARTESIAN_POINT ( 'NONE',  ( 35.00000000000000000, 15.75000000000000355, -42.95000000000000995 ) ) ;
#1363 = CARTESIAN_POINT ( 'NONE',  ( 38.45297434376744405, 11.52363804198330044, -75.99878889878061727 ) ) ;
#1364 = LINE ( 'NONE', #115, #504 ) ;
#1365 = VERTEX_POINT ( 'NONE', #1591 ) ;
#1366 = CARTESIAN_POINT ( 'NONE',  ( 33.02581574969086375, -4.597047573599484238, 30.04440888499292583 ) ) ;
#1367 = VECTOR ( 'NONE', #1154, 1000.000000000000000 ) ;
#1368 = CARTESIAN_POINT ( 'NONE',  ( 38.90020573188991904, 3.143552811621506127, -120.9503403773737631 ) ) ;
#1369 = ORIENTED_EDGE ( 'NONE', *, *, #414, .T. ) ;
#1370 = CARTESIAN_POINT ( 'NONE',  ( 40.00000000000000000, 12.24999999999997513, -76.65476742133486709 ) ) ;
#1371 = VECTOR ( 'NONE', #1551, 1000.000000000000000 ) ;
#1372 = VECTOR ( 'NONE', #1010, 1000.000000000000000 ) ;
#1373 = CARTESIAN_POINT ( 'NONE',  ( 40.00000000000000000, 6.749999999999975131, -72.00714431546408889 ) ) ;
#1374 = LINE ( 'NONE', #153, #920 ) ;
#1375 = CARTESIAN_POINT ( 'NONE',  ( 39.97965302585768654, 0.4587056357815098018, 33.64782505698308057 ) ) ;
#1376 = ORIENTED_EDGE ( 'NONE', *, *, #815, .F. ) ;
#1377 = CARTESIAN_POINT ( 'NONE',  ( 35.00000000000000000, 15.75000000000000355, -40.75000000000000711 ) ) ;
#1378 = EDGE_CURVE ( 'NONE', #1835, #182, #201, .T. ) ;
#1379 = CARTESIAN_POINT ( 'NONE',  ( 34.99999999999999289, -29.99999999999999645, 38.85000000000000142 ) ) ;
#1380 = ORIENTED_EDGE ( 'NONE', *, *, #1475, .T. ) ;
#1381 = FACE_OUTER_BOUND ( 'NONE', #934, .T. ) ;
#1382 = EDGE_CURVE ( 'NONE', #1611, #1164, #1127, .T. ) ;
#1383 = EDGE_CURVE ( 'NONE', #1611, #1033, #570, .T. ) ;
#1384 = DIRECTION ( 'NONE',  ( 1.000000000000000000, 0.000000000000000000, 0.000000000000000000 ) ) ;
#1385 = CARTESIAN_POINT ( 'NONE',  ( 40.00000000000000000, 12.24999999999997513, -76.65476742133486709 ) ) ;
#1386 = CARTESIAN_POINT ( 'NONE',  ( 39.99999999999999289, 18.75000000000000355, -0.7500000000000041078 ) ) ;
#1387 = VERTEX_POINT ( 'NONE', #1889 ) ;
#1388 = CARTESIAN_POINT ( 'NONE',  ( 40.00000000000000000, 0.000000000000000000, 0.000000000000000000 ) ) ;
#1389 = CARTESIAN_POINT ( 'NONE',  ( -2.000000000000000000, -3.477773624638302232E-14, -89.50000000000000000 ) ) ;
#1390 = UNCERTAINTY_MEASURE_WITH_UNIT (LENGTH_MEASURE( 1.000000000000000082E-05 ), #1600, 'distance_accuracy_value', 'NONE');
#1391 = ORIENTED_EDGE ( 'NONE', *, *, #376, .T. ) ;
#1392 = EDGE_CURVE ( 'NONE', #1925, #300, #1899, .T. ) ;
#1393 = DIRECTION ( 'NONE',  ( 0.000000000000000000, 1.000000000000000000, 0.000000000000000000 ) ) ;
#1394 = DIRECTION ( 'NONE',  ( 5.782411586589356653E-16, -1.000000000000000000, 4.880355379081415978E-16 ) ) ;
#1395 = CARTESIAN_POINT ( 'NONE',  ( 34.99999999999992895, -5.000000000000597744, -119.1499999999994515 ) ) ;
#1396 = ORIENTED_EDGE ( 'NONE', *, *, #1684, .F. ) ;
#1397 = CYLINDRICAL_SURFACE ( 'NONE', #952, 5.099999999999993427 ) ;
#1398 = SURFACE_STYLE_FILL_AREA ( #784 ) ;
#1399 = ORIENTED_EDGE ( 'NONE', *, *, #1378, .F. ) ;
#1400 =( NAMED_UNIT ( * ) PLANE_ANGLE_UNIT ( ) SI_UNIT ( $, .RADIAN. ) );
#1401 = CIRCLE ( 'NONE', #450, 17.75000000000000355 ) ;
#1402 = COLOUR_RGB ( '',0.7921568627450980005, 0.8196078431372548767, 0.9333333333333333481 ) ;
#1403 = AXIS2_PLACEMENT_3D ( 'NONE', #350, #1283, #1712 ) ;
#1404 = AXIS2_PLACEMENT_3D ( 'NONE', #132, #871, #861 ) ;
#1405 = CARTESIAN_POINT ( 'NONE',  ( 38.31731283152110734, 9.136325660096005663, -74.28012646790104156 ) ) ;
#1406 = VECTOR ( 'NONE', #1346, 1000.000000000000000 ) ;
#1407 = DIRECTION ( 'NONE',  ( 1.110223024625156343E-15, -1.000000000000000000, 7.401486830834375293E-16 ) ) ;
#1408 = EDGE_CURVE ( 'NONE', #636, #1688, #381, .T. ) ;
#1409 = VERTEX_POINT ( 'NONE', #1161 ) ;
#1410 = DIRECTION ( 'NONE',  ( 0.000000000000000000, 1.000000000000000000, 0.000000000000000000 ) ) ;
#1411 = CARTESIAN_POINT ( 'NONE',  ( 39.99999999999999289, 18.74999999999998579, -44.75000000000000711 ) ) ;
#1412 = ORIENTED_EDGE ( 'NONE', *, *, #1508, .F. ) ;
#1413 = CARTESIAN_POINT ( 'NONE',  ( 34.00000000000000000, 12.74999999999998401, -44.75000000000000711 ) ) ;
#1414 = CARTESIAN_POINT ( 'NONE',  ( 34.99999999999999289, -29.99999999999999645, 34.75000000000000000 ) ) ;
#1415 = EDGE_CURVE ( 'NONE', #1164, #886, #1816, .T. ) ;
#1416 = DIRECTION ( 'NONE',  ( -1.000000000000000000, -0.000000000000000000, -0.000000000000000000 ) ) ;
#1417 = ORIENTED_EDGE ( 'NONE', *, *, #1086, .F. ) ;
#1418 = CARTESIAN_POINT ( 'NONE',  ( -2.000000000000000000, 0.000000000000000000, -10.00000000000000000 ) ) ;
#1419 = CYLINDRICAL_SURFACE ( 'NONE', #379, 9.999999999999994671 ) ;
#1420 = ORIENTED_EDGE ( 'NONE', *, *, #901, .T. ) ;
#1421 = DIRECTION ( 'NONE',  ( -1.000000000000000000, -0.000000000000000000, -0.000000000000000000 ) ) ;
#1422 = DIRECTION ( 'NONE',  ( 0.000000000000000000, 0.000000000000000000, 1.000000000000000000 ) ) ;
#1423 = CYLINDRICAL_SURFACE ( 'NONE', #883, 17.75000000000000355 ) ;
#1424 = ORIENTED_EDGE ( 'NONE', *, *, #811, .F. ) ;
#1425 = CARTESIAN_POINT ( 'NONE',  ( 40.00000000000000000, 8.249999999999996447, -10.24999999999997513 ) ) ;
#1426 = CARTESIAN_POINT ( 'NONE',  ( 34.99999999999999289, 20.00000000000001066, 39.85000000000000142 ) ) ;
#1427 = ORIENTED_EDGE ( 'NONE', *, *, #129, .T. ) ;
#1428 = DIRECTION ( 'NONE',  ( 0.000000000000000000, 0.000000000000000000, 1.000000000000000000 ) ) ;
#1429 = DIRECTION ( 'NONE',  ( 0.000000000000000000, 1.000000000000000000, -7.771561172376093811E-16 ) ) ;
#1430 = VECTOR ( 'NONE', #454, 1000.000000000000000 ) ;
#1431 = CIRCLE ( 'NONE', #1720, 5.100000000000000533 ) ;
#1432 = CARTESIAN_POINT ( 'NONE',  ( 31.74290569876076518, 3.807545463408208875, -120.3123428803780257 ) ) ;
#1433 = AXIS2_PLACEMENT_3D ( 'NONE', #680, #810, #658 ) ;
#1434 = VECTOR ( 'NONE', #1429, 1000.000000000000000 ) ;
#1435 = ORIENTED_EDGE ( 'NONE', *, *, #108, .T. ) ;
#1436 = DIRECTION ( 'NONE',  ( 0.000000000000000000, -7.771561172376094797E-16, -1.000000000000000000 ) ) ;
#1437 = PRESENTATION_STYLE_ASSIGNMENT (( #1769 ) ) ;
#1438 = ORIENTED_EDGE ( 'NONE', *, *, #1854, .F. ) ;
#1439 = CARTESIAN_POINT ( 'NONE',  ( 36.55966951035569679, 7.829917780890859547, -17.03742548403110035 ) ) ;
#1440 = ADVANCED_FACE ( 'NONE', ( #49 ), #674, .F. ) ;
#1441 = DIRECTION ( 'NONE',  ( 0.000000000000000000, 0.000000000000000000, -1.000000000000000000 ) ) ;
#1442 = DIRECTION ( 'NONE',  ( 0.000000000000000000, 0.000000000000000000, -1.000000000000000000 ) ) ;
#1443 = CARTESIAN_POINT ( 'NONE',  ( 32.26241514076424721, -4.196513235609452330, -119.9350859137755947 ) ) ;
#1444 = ORIENTED_EDGE ( 'NONE', *, *, #1541, .F. ) ;
#1445 = DIRECTION ( 'NONE',  ( 1.000000000000000000, -0.000000000000000000, 0.000000000000000000 ) ) ;
#1446 = CARTESIAN_POINT ( 'NONE',  ( 34.99999999999999289, 20.00000000000001066, 34.75000000000000000 ) ) ;
#1447 = VERTEX_POINT ( 'NONE', #66 ) ;
#1448 = CYLINDRICAL_SURFACE ( 'NONE', #535, 2.200000000000000622 ) ;
#1449 = CARTESIAN_POINT ( 'NONE',  ( 35.00000000000000000, 15.75000000000000355, -42.95000000000000995 ) ) ;
#1450 = LINE ( 'NONE', #1936, #78 ) ;
#1451 = DIRECTION ( 'NONE',  ( 0.000000000000000000, 1.000000000000000000, 0.000000000000000000 ) ) ;
#1452 = CARTESIAN_POINT ( 'NONE',  ( 30.00000000000000000, -5.059453823288594414E-14, -123.2450124378878513 ) ) ;
#1453 = VERTEX_POINT ( 'NONE', #366 ) ;
#1454 = DIRECTION ( 'NONE',  ( 0.000000000000000000, 0.000000000000000000, -1.000000000000000000 ) ) ;
#1455 = DIRECTION ( 'NONE',  ( 0.000000000000000000, -3.885780586188046905E-16, -1.000000000000000000 ) ) ;
#1456 = EDGE_LOOP ( 'NONE', ( #285, #672, #165, #1499, #577, #207, #798, #765, #918, #1746, #782, #572, #1519 ) ) ;
#1457 = CARTESIAN_POINT ( 'NONE',  ( 31.09842516904875964, 3.141949310484742686, 31.45187260371422155 ) ) ;
#1458 = DIRECTION ( 'NONE',  ( 0.000000000000000000, -3.885780586188046905E-16, -1.000000000000000000 ) ) ;
#1459 = CARTESIAN_POINT ( 'NONE',  ( 35.00000000000000000, 15.75000000000000000, -48.75000000000000000 ) ) ;
#1460 = CARTESIAN_POINT ( 'NONE',  ( 0.000000000000000000, -4.857225732735058602E-14, -107.2500000000000000 ) ) ;
#1461 =( GEOMETRIC_REPRESENTATION_CONTEXT ( 3 ) GLOBAL_UNCERTAINTY_ASSIGNED_CONTEXT ( ( #1743 ) ) GLOBAL_UNIT_ASSIGNED_CONTEXT ( ( #1564, #506, #1120 ) ) REPRESENTATION_CONTEXT ( 'NONE', 'WORKASPACE' ) );
#1462 = MECHANICAL_DESIGN_GEOMETRIC_PRESENTATION_REPRESENTATION (  '', ( #109 ), #1243 ) ;
#1463 = ORIENTED_EDGE ( 'NONE', *, *, #1149, .T. ) ;
#1464 = AXIS2_PLACEMENT_3D ( 'NONE', #1389, #1848, #6 ) ;
#1465 = CARTESIAN_POINT ( 'NONE',  ( 40.00000000000000000, 0.000000000000000000, 18.75000000000000355 ) ) ;
#1466 = ADVANCED_FACE ( 'NONE', ( #1292 ), #524, .T. ) ;
#1467 = EDGE_CURVE ( 'NONE', #1560, #734, #1118, .T. ) ;
#1468 = CIRCLE ( 'NONE', #1977, 18.75000000000000355 ) ;
#1469 = DIRECTION ( 'NONE',  ( 0.000000000000000000, -6.802837160693369527E-16, -1.000000000000000000 ) ) ;
#1470 = ORIENTED_EDGE ( 'NONE', *, *, #1004, .T. ) ;
#1471 = CARTESIAN_POINT ( 'NONE',  ( 34.70998301283616883, 9.912342963186526745, -15.91683136480857108 ) ) ;
#1472 = CARTESIAN_POINT ( 'NONE',  ( 34.99999999999999289, -30.00000000000006040, -129.3499999999999659 ) ) ;
#1473 = LINE ( 'NONE', #867, #342 ) ;
#1474 = CARTESIAN_POINT ( 'NONE',  ( 34.99999999999999289, 20.00000000000001066, 34.75000000000000000 ) ) ;
#1475 = EDGE_CURVE ( 'NONE', #1133, #146, #1507, .T. ) ;
#1476 = EDGE_LOOP ( 'NONE', ( #1420, #423 ) ) ;
#1477 = CARTESIAN_POINT ( 'NONE',  ( 34.00000000000000000, 12.74999999999998401, -44.75000000000000000 ) ) ;
#1478 = CARTESIAN_POINT ( 'NONE',  ( 39.98686142525566822, -0.3736533115637578617, 33.68142533086093238 ) ) ;
#1479 = ORIENTED_EDGE ( 'NONE', *, *, #1763, .T. ) ;
#1480 = PLANE ( 'NONE',  #380 ) ;
#1481 = CARTESIAN_POINT ( 'NONE',  ( 38.31731283152110024, 9.136325660096026979, -15.21987353209898330 ) ) ;
#1482 = ORIENTED_EDGE ( 'NONE', *, *, #376, .F. ) ;
#1483 = LINE ( 'NONE', #1334, #595 ) ;
#1484 = CARTESIAN_POINT ( 'NONE',  ( 40.00000000000000000, 18.73499399519516118, -88.75000000000001421 ) ) ;
#1485 = ORIENTED_EDGE ( 'NONE', *, *, #741, .F. ) ;
#1486 = DIRECTION ( 'NONE',  ( 1.000000000000000000, 0.000000000000000000, 0.000000000000000000 ) ) ;
#1487 = ORIENTED_EDGE ( 'NONE', *, *, #1824, .F. ) ;
#1488 = CARTESIAN_POINT ( 'NONE',  ( 34.06478242652001853, 4.915196207222144231, 29.73311996194696860 ) ) ;
#1489 = CYLINDRICAL_SURFACE ( 'NONE', #384, 4.099999999999999645 ) ;
#1490 = CARTESIAN_POINT ( 'NONE',  ( 0.000000000000000000, -4.857225732735058602E-14, -107.2500000000000000 ) ) ;
#1491 = APPLICATION_CONTEXT ( 'automotive_design' ) ;
#1492 = DIRECTION ( 'NONE',  ( -1.000000000000000000, -0.000000000000000000, -0.000000000000000000 ) ) ;
#1493 = ORIENTED_EDGE ( 'NONE', *, *, #1731, .F. ) ;
#1494 = LINE ( 'NONE', #751, #1913 ) ;
#1495 = CIRCLE ( 'NONE', #1152, 17.75000000000000355 ) ;
#1496 = CIRCLE ( 'NONE', #1140, 4.999999999999997335 ) ;
#1497 = AXIS2_PLACEMENT_3D ( 'NONE', #691, #1737, #1310 ) ;
#1498 = VECTOR ( 'NONE', #270, 1000.000000000000000 ) ;
#1499 = ORIENTED_EDGE ( 'NONE', *, *, #1772, .F. ) ;
#1500 = FACE_OUTER_BOUND ( 'NONE', #1904, .T. ) ;
#1501 = CIRCLE ( 'NONE', #1084, 5.100000000000000533 ) ;
#1502 = CARTESIAN_POINT ( 'NONE',  ( 34.99999999999999289, -30.00000000000005684, -124.2499999999999716 ) ) ;
#1503 = VERTEX_POINT ( 'NONE', #105 ) ;
#1504 = EDGE_CURVE ( 'NONE', #1734, #1453, #1313, .T. ) ;
#1505 = AXIS2_PLACEMENT_3D ( 'NONE', #1662, #294, #119 ) ;
#1506 = DIRECTION ( 'NONE',  ( 1.000000000000000000, 0.000000000000000000, 0.000000000000000000 ) ) ;
#1507 = B_SPLINE_CURVE_WITH_KNOTS ( 'NONE', 3,
 ( #1301, #536, #1282, #392, #1314, #1153, #1764, #400, #514, #1014, #1622, #240, #1782, #1634, #254, #1822, #1811, #576, #1333, #865, #1026, #1190, #1481, #1804, #558, #96, #1324, #1927, #566, #1959, #1360, #1795 ),
 .UNSPECIFIED., .F., .F.,
 ( 4, 2, 2, 2, 2, 2, 2, 2, 2, 2, 2, 2, 2, 2, 2, 4 ),
 ( 0.000000000000000000, 0.0004383288520084430541, 0.0008766577040168861083, 0.001314986556025329271, 0.001753315408033772217, 0.002191644260042215162, 0.002629973112050658542, 0.003068301964059101487, 0.003506630816067544433, 0.003944959668075987379, 0.004383288520084430324, 0.005259946224101313614, 0.005698275076109754825, 0.006136603928118195168, 0.006574932780126636379, 0.007013261632135076723 ),
 .UNSPECIFIED. ) ;
#1508 = EDGE_CURVE ( 'NONE', #1734, #1409, #1169, .T. ) ;
#1509 = ORIENTED_EDGE ( 'NONE', *, *, #1149, .F. ) ;
#1510 = DIRECTION ( 'NONE',  ( 1.000000000000000000, -0.000000000000000000, -0.000000000000000000 ) ) ;
#1511 = VERTEX_POINT ( 'NONE', #716 ) ;
#1512 = CARTESIAN_POINT ( 'NONE',  ( 40.00000000000000000, -3.477773624638302232E-14, -89.50000000000000000 ) ) ;
#1513 = DIRECTION ( 'NONE',  ( 0.000000000000000000, 1.000000000000000000, -7.771561172376093811E-16 ) ) ;
#1514 = ORIENTED_EDGE ( 'NONE', *, *, #258, .T. ) ;
#1515 = CARTESIAN_POINT ( 'NONE',  ( 40.00000000000000000, 15.75000000000000355, -42.95000000000000995 ) ) ;
#1516 = CARTESIAN_POINT ( 'NONE',  ( 37.43745059045080836, -4.368898561097689814, 30.26704576283603387 ) ) ;
#1517 = CARTESIAN_POINT ( 'NONE',  ( 39.42574677830890550, 12.17118983964421020, -76.57999664689701547 ) ) ;
#1518 = CARTESIAN_POINT ( 'NONE',  ( 40.00000000000000000, 0.000000000000000000, 17.75000000000000355 ) ) ;
#1519 = ORIENTED_EDGE ( 'NONE', *, *, #1880, .F. ) ;
#1520 = CARTESIAN_POINT ( 'NONE',  ( 33.18873913618607219, 4.663889908458375366, 29.97907584393741942 ) ) ;
#1521 = CARTESIAN_POINT ( 'NONE',  ( 35.37533093330772971, 4.989392217734192947, -119.1604010541410759 ) ) ;
#1522 = EDGE_LOOP ( 'NONE', ( #1487, #488 ) ) ;
#1523 = DIRECTION ( 'NONE',  ( 0.000000000000000000, 3.885780586188046905E-16, 1.000000000000000000 ) ) ;
#1524 = B_SPLINE_CURVE_WITH_KNOTS ( 'NONE', 3,
 ( #1452, #61, #202, #359, #1594, #29, #70, #687, #678, #817, #1303, #394, #215, #1912, #1008, #1615, #1432, #1295, #1901, #807, #53, #1285, #1776, #1806, #1643, #1637, #245, #403, #551, #710 ),
 .UNSPECIFIED., .F., .F.,
 ( 4, 2, 2, 2, 2, 2, 2, 2, 2, 2, 2, 2, 2, 2, 4 ),
 ( 0.000000000000000000, 0.0002829091068374088450, 0.0005658182136748175816, 0.001131636427349652727, 0.001697454641024487764, 0.002263272854699322802, 0.003394909282049020198, 0.004526545709398717594, 0.005658182136748413256, 0.006224000350423255883, 0.006789818564098097642, 0.007355636777772939401, 0.007921454991447781160, 0.008487273205122623787, 0.009053091418797464679 ),
 .UNSPECIFIED. ) ;
#1525 = CARTESIAN_POINT ( 'NONE',  ( 40.00000000000000000, -0.09468917022405481942, 33.74501243788793658 ) ) ;
#1526 = CARTESIAN_POINT ( 'NONE',  ( 39.28366056905760217, 8.377235746005755601, -73.85106612974445284 ) ) ;
#1527 = EDGE_CURVE ( 'NONE', #661, #1638, #410, .T. ) ;
#1528 = DIRECTION ( 'NONE',  ( 0.000000000000000000, -3.885780586188046905E-16, -1.000000000000000000 ) ) ;
#1529 = ORIENTED_EDGE ( 'NONE', *, *, #362, .T. ) ;
#1530 = CIRCLE ( 'NONE', #1208, 18.75000000000000355 ) ;
#1531 = CARTESIAN_POINT ( 'NONE',  ( 34.99999999999999289, 1.040834085586084257E-14, 18.75000000000000711 ) ) ;
#1532 = EDGE_CURVE ( 'NONE', #1584, #1133, #127, .T. ) ;
#1533 = AXIS2_PLACEMENT_3D ( 'NONE', #645, #1891, #653 ) ;
#1534 = DIRECTION ( 'NONE',  ( 0.000000000000000000, 1.000000000000000000, 0.000000000000000000 ) ) ;
#1535 = DIRECTION ( 'NONE',  ( 1.000000000000000000, -0.000000000000000000, -0.000000000000000000 ) ) ;
#1536 = AXIS2_PLACEMENT_3D ( 'NONE', #1861, #489, #1134 ) ;
#1537 = VECTOR ( 'NONE', #228, 1000.000000000000000 ) ;
#1538 = DIRECTION ( 'NONE',  ( 1.000000000000000000, 0.000000000000000000, 0.000000000000000000 ) ) ;
#1539 = CARTESIAN_POINT ( 'NONE',  ( 40.00000000000000000, 12.74999999999998579, -44.75000000000000000 ) ) ;
#1540 = CARTESIAN_POINT ( 'NONE',  ( 34.99999999999999289, -30.00000000000005684, -124.2499999999999716 ) ) ;
#1541 = EDGE_CURVE ( 'NONE', #182, #757, #116, .T. ) ;
#1542 = VERTEX_POINT ( 'NONE', #725 ) ;
#1543 = FACE_OUTER_BOUND ( 'NONE', #1456, .T. ) ;
#1544 = DIRECTION ( 'NONE',  ( -1.000000000000000000, -0.000000000000000000, -0.000000000000000000 ) ) ;
#1545 = EDGE_CURVE ( 'NONE', #1608, #1365, #1401, .T. ) ;
#1546 = ORIENTED_EDGE ( 'NONE', *, *, #1599, .F. ) ;
#1547 = DIRECTION ( 'NONE',  ( -1.156482317317871133E-15, 1.000000000000000000, -1.989149585786738144E-16 ) ) ;
#1548 = CARTESIAN_POINT ( 'NONE',  ( 38.00346444113521471, 10.08060622672592821, -74.88955527917070754 ) ) ;
#1549 = CARTESIAN_POINT ( 'NONE',  ( 38.90020573188991904, 3.143552811621570964, 31.45034037737375598 ) ) ;
#1550 = ORIENTED_EDGE ( 'NONE', *, *, #286, .F. ) ;
#1551 = DIRECTION ( 'NONE',  ( -0.000000000000000000, -0.000000000000000000, -1.000000000000000000 ) ) ;
#1552 = CARTESIAN_POINT ( 'NONE',  ( 35.93244389022882501, 4.915765969332809959, -119.2325618102450449 ) ) ;
#1553 = EDGE_LOOP ( 'NONE', ( #519, #1277 ) ) ;
#1554 = ADVANCED_FACE ( 'NONE', ( #431 ), #1489, .F. ) ;
#1555 = CARTESIAN_POINT ( 'NONE',  ( 40.00000000000000000, 8.249999999999971578, -73.78376635449829735 ) ) ;
#1556 = CARTESIAN_POINT ( 'NONE',  ( 39.52513122224296183, 2.146684136833822532, 32.38315399138372186 ) ) ;
#1557 = ORIENTED_EDGE ( 'NONE', *, *, #1684, .T. ) ;
#1558 = DIRECTION ( 'NONE',  ( 0.000000000000000000, 0.000000000000000000, -1.000000000000000000 ) ) ;
#1559 = CARTESIAN_POINT ( 'NONE',  ( 39.99999999999999289, -5.124910850175233352E-14, -123.2450124378879224 ) ) ;
#1560 = VERTEX_POINT ( 'NONE', #1062 ) ;
#1561 = AXIS2_PLACEMENT_3D ( 'NONE', #892, #869, #267 ) ;
#1562 = ADVANCED_FACE ( 'NONE', ( #885 ), #1671, .F. ) ;
#1563 = VECTOR ( 'NONE', #1827, 1000.000000000000000 ) ;
#1564 =( LENGTH_UNIT ( ) NAMED_UNIT ( * ) SI_UNIT ( .MILLI., .METRE. ) );
#1565 = CARTESIAN_POINT ( 'NONE',  ( 39.08173245289722786, -2.902570959901252134, -121.1796210570858818 ) ) ;
#1566 = CARTESIAN_POINT ( 'NONE',  ( 33.52955192784296656, -4.782283270572294853, -119.3632749257851344 ) ) ;
#1567 = ORIENTED_EDGE ( 'NONE', *, *, #1576, .T. ) ;
#1568 = LINE ( 'NONE', #612, #697 ) ;
#1569 = CARTESIAN_POINT ( 'NONE',  ( 34.00000000000000000, 12.75000000000000178, -0.7500000000000006661 ) ) ;
#1570 = ORIENTED_EDGE ( 'NONE', *, *, #1119, .T. ) ;
#1571 = FILL_AREA_STYLE_COLOUR ( '', #1402 ) ;
#1572 = DIRECTION ( 'NONE',  ( 0.000000000000000000, -7.771561172376093811E-16, -1.000000000000000000 ) ) ;
#1573 = DIRECTION ( 'NONE',  ( 1.000000000000000000, -0.000000000000000000, -0.000000000000000000 ) ) ;
#1574 = ORIENTED_EDGE ( 'NONE', *, *, #1319, .T. ) ;
#1575 = LINE ( 'NONE', #1903, #1372 ) ;
#1576 = EDGE_CURVE ( 'NONE', #1849, #1257, #1655, .T. ) ;
#1577 = CARTESIAN_POINT ( 'NONE',  ( 30.00000000000000000, 1.040834085586084257E-14, 18.75000000000000711 ) ) ;
#1578 = VERTEX_POINT ( 'NONE', #738 ) ;
#1579 = SURFACE_SIDE_STYLE ('',( #1704 ) ) ;
#1580 = CARTESIAN_POINT ( 'NONE',  ( 34.99999999999999289, -29.99999999999999645, 39.85000000000000142 ) ) ;
#1581 = CYLINDRICAL_SURFACE ( 'NONE', #1818, 17.75000000000000355 ) ;
#1582 = CYLINDRICAL_SURFACE ( 'NONE', #625, 10.00000000000000000 ) ;
#1583 = EDGE_CURVE ( 'NONE', #1835, #498, #788, .T. ) ;
#1584 = VERTEX_POINT ( 'NONE', #898 ) ;
#1585 = CARTESIAN_POINT ( 'NONE',  ( 0.000000000000000000, -4.377394421790646958E-14, -99.49999999999998579 ) ) ;
#1586 = CARTESIAN_POINT ( 'NONE',  ( 34.00000000000000000, 12.74999999999996625, -88.75000000000001421 ) ) ;
#1587 = ORIENTED_EDGE ( 'NONE', *, *, #1624, .T. ) ;
#1588 = EDGE_CURVE ( 'NONE', #620, #1902, #176, .T. ) ;
#1589 = EDGE_CURVE ( 'NONE', #191, #332, #1495, .T. ) ;
#1590 = DIRECTION ( 'NONE',  ( 1.000000000000000000, 0.000000000000000000, 0.000000000000000000 ) ) ;
#1591 = CARTESIAN_POINT ( 'NONE',  ( 0.000000000000000000, 2.173748068486552035E-15, -17.75000000000000355 ) ) ;
#1592 = VECTOR ( 'NONE', #876, 1000.000000000000000 ) ;
#1593 = VECTOR ( 'NONE', #1393, 1000.000000000000000 ) ;
#1594 = CARTESIAN_POINT ( 'NONE',  ( 30.02060174468138243, 0.4614176657160182216, -123.1466736242063433 ) ) ;
#1595 = AXIS2_PLACEMENT_3D ( 'NONE', #1758, #1318, #388 ) ;
#1596 = AXIS2_PLACEMENT_3D ( 'NONE', #1613, #816, #1906 ) ;
#1597 = ORIENTED_EDGE ( 'NONE', *, *, #1090, .T. ) ;
#1598 = CARTESIAN_POINT ( 'NONE',  ( 40.00000000000000000, -3.477773624638302232E-14, -89.50000000000000000 ) ) ;
#1599 = EDGE_CURVE ( 'NONE', #203, #1365, #604, .T. ) ;
#1600 =( LENGTH_UNIT ( ) NAMED_UNIT ( * ) SI_UNIT ( .MILLI., .METRE. ) );
#1601 = ORIENTED_EDGE ( 'NONE', *, *, #779, .T. ) ;
#1602 = CARTESIAN_POINT ( 'NONE',  ( 35.76171134254106931, 8.483557363824303366, -16.72457839793759504 ) ) ;
#1603 = EDGE_CURVE ( 'NONE', #1812, #100, #158, .T. ) ;
#1604 = CARTESIAN_POINT ( 'NONE',  ( -2.000000000000000000, 1.224646799147353256E-15, 10.00000000000000000 ) ) ;
#1605 = CARTESIAN_POINT ( 'NONE',  ( 38.90293104036582150, -3.140347385136540215, -120.9534027764450457 ) ) ;
#1606 = CARTESIAN_POINT ( 'NONE',  ( 39.99999999999999289, -5.124910850175233352E-14, -123.2450124378879224 ) ) ;
#1607 = DIRECTION ( 'NONE',  ( -1.000000000000000000, 0.000000000000000000, 0.000000000000000000 ) ) ;
#1608 = VERTEX_POINT ( 'NONE', #1070 ) ;
#1609 = CARTESIAN_POINT ( 'NONE',  ( 34.99999999999999289, 19.99999999999994316, -129.3500000000000227 ) ) ;
#1610 = CYLINDRICAL_SURFACE ( 'NONE', #277, 5.100000000000000533 ) ;
#1611 = VERTEX_POINT ( 'NONE', #1710 ) ;
#1612 = CARTESIAN_POINT ( 'NONE',  ( 34.99999999999999289, 19.99999999999994671, -124.2500000000000142 ) ) ;
#1613 = CARTESIAN_POINT ( 'NONE',  ( 34.00000000000001421, 0.000000000000000000, 0.000000000000000000 ) ) ;
#1614 = CARTESIAN_POINT ( 'NONE',  ( 40.00000000000000000, 8.249999999999992895, -15.71623364550171331 ) ) ;
#1615 = CARTESIAN_POINT ( 'NONE',  ( 31.51184054020722414, 3.595396391807939462, -120.5173502619852997 ) ) ;
#1616 = ORIENTED_EDGE ( 'NONE', *, *, #631, .T. ) ;
#1617 = LINE ( 'NONE', #850, #1537 ) ;
#1618 = CARTESIAN_POINT ( 'NONE',  ( 39.52371077860404824, -2.149695431651713839, 32.38041571648430050 ) ) ;
#1619 = VERTEX_POINT ( 'NONE', #345 ) ;
#1620 = B_SPLINE_CURVE_WITH_KNOTS ( 'NONE', 3,
 ( #45, #707, #378, #391, #855, #991, #1471, #547, #1168, #1602, #662, #1439, #1281, #1291, #58, #1739, #1898, #1003, #512, #365, #977, #836 ),
 .UNSPECIFIED., .F., .F.,
 ( 4, 2, 2, 2, 2, 2, 2, 2, 2, 2, 4 ),
 ( 0.000000000000000000, 0.002574435712299282409, 0.003218044640374098132, 0.003861653568448911687, 0.005148871424598543134, 0.006436089280748173713, 0.007079698208822988136, 0.007723307136897803425, 0.009010524993047438341, 0.009654133921122255366, 0.01029774284919707239 ),
 .UNSPECIFIED. ) ;
#1621 = CARTESIAN_POINT ( 'NONE',  ( 32.27270501220000654, 4.194083443366197095, 30.43723532692410672 ) ) ;
#1622 = CARTESIAN_POINT ( 'NONE',  ( 38.37803297473874409, 11.42623382521517250, -13.58384444787045808 ) ) ;
#1623 = DIRECTION ( 'NONE',  ( 1.000000000000000000, 0.000000000000000000, -0.000000000000000000 ) ) ;
#1624 = EDGE_CURVE ( 'NONE', #757, #182, #594, .T. ) ;
#1625 = DIRECTION ( 'NONE',  ( 0.000000000000000000, -3.885780586188046905E-16, -1.000000000000000000 ) ) ;
#1626 = ADVANCED_FACE ( 'NONE', ( #1978, #318 ), #797, .T. ) ;
#1627 = EDGE_LOOP ( 'NONE', ( #721, #282, #216, #1700, #1962, #990, #72 ) ) ;
#1628 = VECTOR ( 'NONE', #40, 1000.000000000000000 ) ;
#1629 = DIRECTION ( 'NONE',  ( 1.000000000000000000, -0.000000000000000000, 0.000000000000000000 ) ) ;
#1630 = CIRCLE ( 'NONE', #988, 4.999999999999997335 ) ;
#1631 = CARTESIAN_POINT ( 'NONE',  ( 35.00000000000000000, 15.75000000000000000, -46.55000000000000426 ) ) ;
#1632 = ORIENTED_EDGE ( 'NONE', *, *, #811, .T. ) ;
#1633 = CARTESIAN_POINT ( 'NONE',  ( 35.00000000000000000, 15.75000000000000000, -48.75000000000000000 ) ) ;
#1634 = CARTESIAN_POINT ( 'NONE',  ( 38.10523085110507679, 10.90100288136769890, -14.00892718471610365 ) ) ;
#1635 = ORIENTED_EDGE ( 'NONE', *, *, #362, .F. ) ;
#1636 = PLANE ( 'NONE',  #1175 ) ;
#1637 = CARTESIAN_POINT ( 'NONE',  ( 34.06478242652002564, 4.915196207222085611, -119.2331199619469828 ) ) ;
#1638 = VERTEX_POINT ( 'NONE', #1829 ) ;
#1639 = ORIENTED_EDGE ( 'NONE', *, *, #258, .F. ) ;
#1640 = DIRECTION ( 'NONE',  ( 0.000000000000000000, 1.000000000000000000, 0.000000000000000000 ) ) ;
#1641 = DIRECTION ( 'NONE',  ( -0.000000000000000000, -1.000000000000000000, 7.771561172376093811E-16 ) ) ;
#1642 = DIRECTION ( 'NONE',  ( 1.000000000000000000, 0.000000000000000000, 0.000000000000000000 ) ) ;
#1643 = CARTESIAN_POINT ( 'NONE',  ( 33.70641201899693584, 4.833261404128744942, -119.3133667989848448 ) ) ;
#1644 = VERTEX_POINT ( 'NONE', #1411 ) ;
#1645 = ADVANCED_FACE ( 'NONE', ( #1837 ), #1681, .F. ) ;
#1646 = EDGE_LOOP ( 'NONE', ( #1867, #189, #106, #219 ) ) ;
#1647 = CYLINDRICAL_SURFACE ( 'NONE', #657, 5.100000000000000533 ) ;
#1648 = CARTESIAN_POINT ( 'NONE',  ( 40.00000000000000000, 15.75000000000000355, -40.75000000000000711 ) ) ;
#1649 = ADVANCED_FACE ( 'NONE', ( #304 ), #1866, .T. ) ;
#1650 = VERTEX_POINT ( 'NONE', #149 ) ;
#1651 = CARTESIAN_POINT ( 'NONE',  ( 34.99999999999999289, 1.040834085586084257E-14, 17.75000000000000711 ) ) ;
#1652 = DIRECTION ( 'NONE',  ( 0.000000000000000000, 0.000000000000000000, 1.000000000000000000 ) ) ;
#1653 = ORIENTED_EDGE ( 'NONE', *, *, #631, .F. ) ;
#1654 = CARTESIAN_POINT ( 'NONE',  ( 40.00000000000000000, 10.24999999999999822, -10.24999999999997513 ) ) ;
#1655 = CIRCLE ( 'NONE', #1505, 17.75000000000000355 ) ;
#1656 = MECHANICAL_DESIGN_GEOMETRIC_PRESENTATION_REPRESENTATION (  '', ( #693 ), #1817 ) ;
#1657 = CIRCLE ( 'NONE', #445, 2.200000000000000622 ) ;
#1658 = AXIS2_PLACEMENT_3D ( 'NONE', #439, #873, #1342 ) ;
#1659 = ORIENTED_EDGE ( 'NONE', *, *, #571, .T. ) ;
#1660 = CARTESIAN_POINT ( 'NONE',  ( 34.24810329517746510, -4.946693378140523123, 29.70225221491701717 ) ) ;
#1661 = CIRCLE ( 'NONE', #891, 4.099999999999999645 ) ;
#1662 = CARTESIAN_POINT ( 'NONE',  ( 0.000000000000000000, -3.477773624638302232E-14, -89.50000000000000000 ) ) ;
#1663 = VERTEX_POINT ( 'NONE', #767 ) ;
#1664 = CIRCLE ( 'NONE', #51, 5.099999999999993427 ) ;
#1665 = FACE_OUTER_BOUND ( 'NONE', #248, .T. ) ;
#1666 = CARTESIAN_POINT ( 'NONE',  ( 39.83017351783354343, -1.328360494217644572, 33.09774312285972542 ) ) ;
#1667 = CARTESIAN_POINT ( 'NONE',  ( 34.99999999999999289, -3.894107258872735303E-14, -108.2500000000000000 ) ) ;
#1668 = SURFACE_SIDE_STYLE ('',( #1931 ) ) ;
#1669 = VERTEX_POINT ( 'NONE', #1379 ) ;
#1670 = CARTESIAN_POINT ( 'NONE',  ( 33.18921678115095375, -4.664066353220126082, 29.97890331074652792 ) ) ;
#1671 = CYLINDRICAL_SURFACE ( 'NONE', #893, 4.099999999999992539 ) ;
#1672 = SURFACE_STYLE_FILL_AREA ( #128 ) ;
#1673 = EDGE_CURVE ( 'NONE', #295, #112, #1239, .T. ) ;
#1674 = MANIFOLD_SOLID_BREP ( 'Cut-Extrude1', #565 ) ;
#1675 = CARTESIAN_POINT ( 'NONE',  ( 36.73353200199505153, 7.712607386622265082, -72.40928727307341717 ) ) ;
#1676 = CARTESIAN_POINT ( 'NONE',  ( 38.02011007731501024, 10.55646718108789273, -75.22960122931948490 ) ) ;
#1677 = CARTESIAN_POINT ( 'NONE',  ( 35.93244389022883212, 4.915765969332868579, 29.73256181024503775 ) ) ;
#1678 = ADVANCED_FACE ( 'NONE', ( #501 ), #325, .F. ) ;
#1679 = EDGE_LOOP ( 'NONE', ( #555, #843, #279, #485, #1485 ) ) ;
#1680 = FACE_OUTER_BOUND ( 'NONE', #1646, .T. ) ;
#1681 = CYLINDRICAL_SURFACE ( 'NONE', #1464, 9.999999999999994671 ) ;
#1682 = VERTEX_POINT ( 'NONE', #1426 ) ;
#1683 = PRESENTATION_STYLE_ASSIGNMENT (( #461 ) ) ;
#1684 = EDGE_CURVE ( 'NONE', #1793, #1682, #1176, .T. ) ;
#1685 = CYLINDRICAL_SURFACE ( 'NONE', #1143, 5.099999999999993427 ) ;
#1686 = PLANE ( 'NONE',  #1877 ) ;
#1687 = DIRECTION ( 'NONE',  ( 1.000000000000000000, 1.156482317317871133E-15, -4.493836536903547988E-31 ) ) ;
#1688 = VERTEX_POINT ( 'NONE', #372 ) ;
#1689 = AXIS2_PLACEMENT_3D ( 'NONE', #1490, #740, #567 ) ;
#1690 = CARTESIAN_POINT ( 'NONE',  ( 39.99999999999999289, 1.102066425543451988E-14, 18.75000000000000711 ) ) ;
#1691 = AXIS2_PLACEMENT_3D ( 'NONE', #1294, #52, #667 ) ;
#1692 = AXIS2_PLACEMENT_3D ( 'NONE', #396, #1308, #1436 ) ;
#1693 = CARTESIAN_POINT ( 'NONE',  ( 39.97965302585769365, 0.4587056357814478513, -123.1478250569830948 ) ) ;
#1694 = UNCERTAINTY_MEASURE_WITH_UNIT (LENGTH_MEASURE( 1.000000000000000082E-05 ), #26, 'distance_accuracy_value', 'NONE');
#1695 = ORIENTED_EDGE ( 'NONE', *, *, #690, .F. ) ;
#1696 = AXIS2_PLACEMENT_3D ( 'NONE', #1917, #1124, #704 ) ;
#1697 = AXIS2_PLACEMENT_3D ( 'NONE', #110, #1922, #1652 ) ;
#1698 = CARTESIAN_POINT ( 'NONE',  ( 38.03879742022639476, 9.839472376903870554, -74.72608717425003988 ) ) ;
#1699 = DIRECTION ( 'NONE',  ( 0.000000000000000000, 1.000000000000000000, 0.000000000000000000 ) ) ;
#1700 = ORIENTED_EDGE ( 'NONE', *, *, #1232, .T. ) ;
#1701 = PLANE ( 'NONE',  #145 ) ;
#1702 = CARTESIAN_POINT ( 'NONE',  ( 34.99999999999999289, -29.99999999999999645, 29.65000000000000213 ) ) ;
#1703 = ORIENTED_EDGE ( 'NONE', *, *, #71, .F. ) ;
#1704 = SURFACE_STYLE_FILL_AREA ( #947 ) ;
#1705 = CARTESIAN_POINT ( 'NONE',  ( 39.02487560003520883, 8.497995280841175614, -73.91631345840823997 ) ) ;
#1706 = DIRECTION ( 'NONE',  ( -1.000000000000000000, -0.000000000000000000, -0.000000000000000000 ) ) ;
#1707 = ORIENTED_EDGE ( 'NONE', *, *, #829, .F. ) ;
#1708 = LINE ( 'NONE', #333, #1628 ) ;
#1709 = ADVANCED_FACE ( 'NONE', ( #803 ), #1419, .F. ) ;
#1710 = CARTESIAN_POINT ( 'NONE',  ( 33.99999999999999289, 18.73499399519519670, -0.7500000000000029976 ) ) ;
#1711 = VERTEX_POINT ( 'NONE', #1298 ) ;
#1712 = DIRECTION ( 'NONE',  ( 0.000000000000000000, 7.771561172376092825E-16, 1.000000000000000000 ) ) ;
#1713 = CARTESIAN_POINT ( 'NONE',  ( 39.92515062438345552, -0.8755973851491299920, -122.9212699381572662 ) ) ;
#1714 = CARTESIAN_POINT ( 'NONE',  ( 33.70675089429263238, -4.833357887567654387, -119.3132723409139402 ) ) ;
#1715 = EDGE_LOOP ( 'NONE', ( #1444, #16 ) ) ;
#1716 = CARTESIAN_POINT ( 'NONE',  ( 30.01290431347275955, -0.3703736317719492632, 33.68252812095585824 ) ) ;
#1717 = CARTESIAN_POINT ( 'NONE',  ( 40.00000000000000000, -3.477773624638302232E-14, -89.50000000000000000 ) ) ;
#1718 = EDGE_LOOP ( 'NONE', ( #769, #1305, #1897, #356 ) ) ;
#1719 = PRESENTATION_STYLE_ASSIGNMENT (( #1081 ) ) ;
#1720 = AXIS2_PLACEMENT_3D ( 'NONE', #1446, #681, #397 ) ;
#1721 = AXIS2_PLACEMENT_3D ( 'NONE', #1192, #1831, #1201 ) ;
#1722 = PRODUCT_DEFINITION_FORMATION_WITH_SPECIFIED_SOURCE ( 'ANY', '', #171, .NOT_KNOWN. ) ;
#1723 = VECTOR ( 'NONE', #1278, 1000.000000000000000 ) ;
#1724 = DIRECTION ( 'NONE',  ( 0.000000000000000000, 0.000000000000000000, 1.000000000000000000 ) ) ;
#1725 = ORIENTED_EDGE ( 'NONE', *, *, #1952, .F. ) ;
#1726 = DIRECTION ( 'NONE',  ( 1.000000000000000000, -0.000000000000000000, 0.000000000000000000 ) ) ;
#1727 = DIRECTION ( 'NONE',  ( 1.000000000000000000, 0.000000000000000000, 0.000000000000000000 ) ) ;
#1728 = ORIENTED_EDGE ( 'NONE', *, *, #1673, .T. ) ;
#1729 = CARTESIAN_POINT ( 'NONE',  ( -2.000000000000000000, -4.934941344458819560E-14, -108.2500000000000000 ) ) ;
#1730 = DIRECTION ( 'NONE',  ( -0.000000000000000000, 3.885780586188046905E-16, 1.000000000000000000 ) ) ;
#1731 = EDGE_CURVE ( 'NONE', #94, #511, #989, .T. ) ;
#1732 = CARTESIAN_POINT ( 'NONE',  ( -2.000000000000000000, 0.000000000000000000, 0.000000000000000000 ) ) ;
#1733 = CYLINDRICAL_SURFACE ( 'NONE', #1750, 18.75000000000000355 ) ;
#1734 = VERTEX_POINT ( 'NONE', #1279 ) ;
#1735 = CARTESIAN_POINT ( 'NONE',  ( 40.00000000000000000, 0.000000000000000000, 0.000000000000000000 ) ) ;
#1736 = EDGE_CURVE ( 'NONE', #1033, #1503, #545, .T. ) ;
#1737 = DIRECTION ( 'NONE',  ( 0.000000000000000000, 1.000000000000000000, 0.000000000000000000 ) ) ;
#1738 = EDGE_LOOP ( 'NONE', ( #1376, #633, #428, #1018, #1427, #826, #1955 ) ) ;
#1739 = CARTESIAN_POINT ( 'NONE',  ( 37.87047682888936606, 7.124370862468143883, -17.34484728571851875 ) ) ;
#1740 = CARTESIAN_POINT ( 'NONE',  ( 40.00000000000000000, 10.24999999999997335, -79.25000000000002842 ) ) ;
#1741 = ADVANCED_FACE ( 'NONE', ( #1886 ), #363, .T. ) ;
#1742 = FACE_OUTER_BOUND ( 'NONE', #736, .T. ) ;
#1743 = UNCERTAINTY_MEASURE_WITH_UNIT (LENGTH_MEASURE( 1.000000000000000082E-05 ), #1564, 'distance_accuracy_value', 'NONE');
#1744 = ORIENTED_EDGE ( 'NONE', *, *, #1527, .F. ) ;
#1745 = CARTESIAN_POINT ( 'NONE',  ( 33.99999999999999289, 18.74999999999998579, -44.75000000000000711 ) ) ;
#1746 = ORIENTED_EDGE ( 'NONE', *, *, #194, .T. ) ;
#1747 = CARTESIAN_POINT ( 'NONE',  ( 40.00000000000000000, 12.75000000000000178, -0.7500000000000006661 ) ) ;
#1748 = CARTESIAN_POINT ( 'NONE',  ( 34.99999999999999289, -30.00000000000005329, -119.1499999999999631 ) ) ;
#1749 = CARTESIAN_POINT ( 'NONE',  ( 39.97940410958244684, -0.4614388975185209074, -123.1466906053237977 ) ) ;
#1750 = AXIS2_PLACEMENT_3D ( 'NONE', #998, #1155, #1129 ) ;
#1751 = CIRCLE ( 'NONE', #1909, 4.999999999999997335 ) ;
#1752 = DIRECTION ( 'NONE',  ( -1.000000000000000000, 0.000000000000000000, 0.000000000000000000 ) ) ;
#1753 = AXIS2_PLACEMENT_3D ( 'NONE', #1612, #1151, #683 ) ;
#1754 = CARTESIAN_POINT ( 'NONE',  ( 30.07409690562343485, -0.8714671583404619559, -122.9240387878986525 ) ) ;
#1755 = CIRCLE ( 'NONE', #1213, 4.099999999999992539 ) ;
#1756 = AXIS2_PLACEMENT_3D ( 'NONE', #1740, #1730, #76 ) ;
#1757 = ORIENTED_EDGE ( 'NONE', *, *, #1788, .F. ) ;
#1758 = CARTESIAN_POINT ( 'NONE',  ( 40.00000000000000000, 0.000000000000000000, 0.000000000000000000 ) ) ;
#1759 = DIRECTION ( 'NONE',  ( -1.000000000000000000, -1.156482317317871133E-15, 4.493836536903547988E-31 ) ) ;
#1760 = ORIENTED_EDGE ( 'NONE', *, *, #1467, .F. ) ;
#1761 = CYLINDRICAL_SURFACE ( 'NONE', #415, 6.000000000000000000 ) ;
#1762 = ADVANCED_BREP_SHAPE_REPRESENTATION ( 'cap holder', ( #1674, #329, #997, #303, #313 ), #1461 ) ;
#1763 = EDGE_CURVE ( 'NONE', #714, #590, #1941, .T. ) ;
#1764 = CARTESIAN_POINT ( 'NONE',  ( 38.92535193623827183, 11.94170219616590956, -13.13273611740654978 ) ) ;
#1765 = LINE ( 'NONE', #1221, #1592 ) ;
#1766 = FACE_OUTER_BOUND ( 'NONE', #168, .T. ) ;
#1767 = ORIENTED_EDGE ( 'NONE', *, *, #1914, .F. ) ;
#1768 = FACE_OUTER_BOUND ( 'NONE', #1522, .T. ) ;
#1769 = SURFACE_STYLE_USAGE ( .BOTH. , #15 ) ;
#1770 = ORIENTED_EDGE ( 'NONE', *, *, #936, .T. ) ;
#1771 = DIRECTION ( 'NONE',  ( 0.000000000000000000, -7.771561172376092825E-16, -1.000000000000000000 ) ) ;
#1772 = EDGE_CURVE ( 'NONE', #1133, #375, #820, .T. ) ;
#1773 = CARTESIAN_POINT ( 'NONE',  ( 40.00000000000000000, 18.73499399519519670, -0.7500000000000029976 ) ) ;
#1774 = CARTESIAN_POINT ( 'NONE',  ( 30.00000000000000000, 1.040834085586084257E-14, 33.74501243788786553 ) ) ;
#1775 = EDGE_CURVE ( 'NONE', #1682, #1793, #1431, .T. ) ;
#1776 = CARTESIAN_POINT ( 'NONE',  ( 33.18873913618605798, 4.663889908458317635, -119.4790758439374372 ) ) ;
#1777 = ORIENTED_EDGE ( 'NONE', *, *, #1763, .F. ) ;
#1778 = CARTESIAN_POINT ( 'NONE',  ( 34.99999999999999289, -29.99999999999999645, 34.75000000000000000 ) ) ;
#1779 = CARTESIAN_POINT ( 'NONE',  ( 38.27619207104164190, 6.986572655645320928, -72.09998455831052411 ) ) ;
#1780 = ORIENTED_EDGE ( 'NONE', *, *, #1197, .F. ) ;
#1781 = DIRECTION ( 'NONE',  ( -1.000000000000000000, -0.000000000000000000, -0.000000000000000000 ) ) ;
#1782 = CARTESIAN_POINT ( 'NONE',  ( 38.19504163624007731, 11.11952871387097908, -13.83611165998827097 ) ) ;
#1783 = DIRECTION ( 'NONE',  ( 5.782411586589356653E-16, -1.000000000000000000, 2.891205793294678326E-16 ) ) ;
#1784 = VECTOR ( 'NONE', #903, 1000.000000000000000 ) ;
#1785 = CARTESIAN_POINT ( 'NONE',  ( 34.99999999999999289, -30.00000000000005684, -124.2499999999999716 ) ) ;
#1786 =( GEOMETRIC_REPRESENTATION_CONTEXT ( 3 ) GLOBAL_UNCERTAINTY_ASSIGNED_CONTEXT ( ( #1390 ) ) GLOBAL_UNIT_ASSIGNED_CONTEXT ( ( #1600, #510, #229 ) ) REPRESENTATION_CONTEXT ( 'NONE', 'WORKASPACE' ) );
#1787 = AXIS2_PLACEMENT_3D ( 'NONE', #1388, #1984, #1558 ) ;
#1788 = EDGE_CURVE ( 'NONE', #1611, #1925, #671, .T. ) ;
#1789 = ORIENTED_EDGE ( 'NONE', *, *, #1583, .T. ) ;
#1790 = AXIS2_PLACEMENT_3D ( 'NONE', #1019, #419, #1971 ) ;
#1791 =( LENGTH_UNIT ( ) NAMED_UNIT ( * ) SI_UNIT ( .MILLI., .METRE. ) );
#1792 = AXIS2_PLACEMENT_3D ( 'NONE', #1598, #1131, #509 ) ;
#1793 = VERTEX_POINT ( 'NONE', #530 ) ;
#1794 = CARTESIAN_POINT ( 'NONE',  ( 34.81177769307868175, -5.000000000000000000, 29.64999999999999503 ) ) ;
#1795 = CARTESIAN_POINT ( 'NONE',  ( 40.00000000000000000, 8.249999999999992895, -15.71623364550171331 ) ) ;
#1796 = VERTEX_POINT ( 'NONE', #205 ) ;
#1797 = CARTESIAN_POINT ( 'NONE',  ( 40.00000000000000000, -2.315696323390200434E-14, -71.75000000000000000 ) ) ;
#1798 = DIRECTION ( 'NONE',  ( -0.000000000000000000, -1.000000000000000000, 7.771561172376093811E-16 ) ) ;
#1799 = ADVANCED_FACE ( 'NONE', ( #1001 ), #1610, .T. ) ;
#1800 = EDGE_LOOP ( 'NONE', ( #927, #1080, #1352, #1194 ) ) ;
#1801 = DIRECTION ( 'NONE',  ( 1.000000000000000000, 0.000000000000000000, 0.000000000000000000 ) ) ;
#1802 = ORIENTED_EDGE ( 'NONE', *, *, #108, .F. ) ;
#1803 = CYLINDRICAL_SURFACE ( 'NONE', #475, 18.75000000000000355 ) ;
#1804 = CARTESIAN_POINT ( 'NONE',  ( 38.58149004642201163, 8.833752785640456295, -15.39613379869419774 ) ) ;
#1805 = DIRECTION ( 'NONE',  ( 0.000000000000000000, 0.000000000000000000, -1.000000000000000000 ) ) ;
#1806 = CARTESIAN_POINT ( 'NONE',  ( 33.52950891136070766, 4.782278845198779216, -119.3632793022398317 ) ) ;
#1807 = VERTEX_POINT ( 'NONE', #521 ) ;
#1808 = CYLINDRICAL_SURFACE ( 'NONE', #953, 2.000000000000001776 ) ;
#1809 = ORIENTED_EDGE ( 'NONE', *, *, #1383, .F. ) ;
#1810 = DIRECTION ( 'NONE',  ( 0.000000000000000000, 1.000000000000000000, -3.885780586188046905E-16 ) ) ;
#1811 = CARTESIAN_POINT ( 'NONE',  ( 38.00546355118236619, 10.43955220934712536, -14.35616709169582705 ) ) ;
#1812 = VERTEX_POINT ( 'NONE', #1132 ) ;
#1813 = CARTESIAN_POINT ( 'NONE',  ( 33.99999999999999289, 18.74999999999998579, -44.75000000000000711 ) ) ;
#1814 = CARTESIAN_POINT ( 'NONE',  ( 38.90293104036581440, -3.140347385136485592, 31.45340277644506699 ) ) ;
#1815 = PLANE ( 'NONE',  #243 ) ;
#1816 = CIRCLE ( 'NONE', #443, 18.75000000000000355 ) ;
#1817 =( GEOMETRIC_REPRESENTATION_CONTEXT ( 3 ) GLOBAL_UNCERTAINTY_ASSIGNED_CONTEXT ( ( #305 ) ) GLOBAL_UNIT_ASSIGNED_CONTEXT ( ( #1850, #1400, #8 ) ) REPRESENTATION_CONTEXT ( 'NONE', 'WORKASPACE' ) );
#1818 = AXIS2_PLACEMENT_3D ( 'NONE', #541, #1752, #385 ) ;
#1819 = EDGE_LOOP ( 'NONE', ( #1601, #451, #387, #1380 ) ) ;
#1820 = CARTESIAN_POINT ( 'NONE',  ( 33.52955192784297367, -4.782283270572238010, 29.86327492578512377 ) ) ;
#1821 = CIRCLE ( 'NONE', #1696, 5.099999999999993427 ) ;
#1822 = CARTESIAN_POINT ( 'NONE',  ( 38.02011007731503156, 10.55646718108791049, -14.27039877068051332 ) ) ;
#1823 = FACE_BOUND ( 'NONE', #1476, .T. ) ;
#1824 = EDGE_CURVE ( 'NONE', #511, #1619, #1751, .T. ) ;
#1825 = CARTESIAN_POINT ( 'NONE',  ( 39.39217168059312257, -2.407132302656402434, 32.14297207565382308 ) ) ;
#1826 = FACE_OUTER_BOUND ( 'NONE', #12, .T. ) ;
#1827 = DIRECTION ( 'NONE',  ( 0.000000000000000000, -3.885780586188046905E-16, -1.000000000000000000 ) ) ;
#1828 = ORIENTED_EDGE ( 'NONE', *, *, #1875, .F. ) ;
#1829 = CARTESIAN_POINT ( 'NONE',  ( 0.000000000000000000, 0.000000000000000000, -10.00000000000000000 ) ) ;
#1830 = ADVANCED_FACE ( 'NONE', ( #93 ), #1685, .T. ) ;
#1831 = DIRECTION ( 'NONE',  ( -0.000000000000000000, 7.771561172376093811E-16, 1.000000000000000000 ) ) ;
#1832 = CARTESIAN_POINT ( 'NONE',  ( 36.81090707930368922, -4.673576489792743871, 29.96969850859534645 ) ) ;
#1833 = CARTESIAN_POINT ( 'NONE',  ( 38.10523085110506969, 10.90100288136767581, -75.49107281528389990 ) ) ;
#1834 = CARTESIAN_POINT ( 'NONE',  ( 40.00000000000000711, 0.09401655984341485139, 33.74501243788793658 ) ) ;
#1835 = VERTEX_POINT ( 'NONE', #1362 ) ;
#1836 = CARTESIAN_POINT ( 'NONE',  ( 30.00000000000000000, 1.040834085586084257E-14, 33.74501243788786553 ) ) ;
#1837 = FACE_OUTER_BOUND ( 'NONE', #574, .T. ) ;
#1838 = ORIENTED_EDGE ( 'NONE', *, *, #731, .T. ) ;
#1839 = CARTESIAN_POINT ( 'NONE',  ( 37.28450202937599300, -4.451008412902761613, 30.18697280553506346 ) ) ;
#1840 = DIRECTION ( 'NONE',  ( 0.000000000000000000, 3.885780586188046905E-16, 1.000000000000000000 ) ) ;
#1841 = CARTESIAN_POINT ( 'NONE',  ( 39.98703154027742812, 0.3712390676349917595, 33.68222676025413165 ) ) ;
#1842 = EDGE_CURVE ( 'NONE', #7, #1093, #455, .T. ) ;
#1843 = EDGE_LOOP ( 'NONE', ( #588, #703, #1438, #878, #199, #1229, #706, #159 ) ) ;
#1844 = VECTOR ( 'NONE', #756, 1000.000000000000000 ) ;
#1845 = AXIS2_PLACEMENT_3D ( 'NONE', #1361, #1968, #1053 ) ;
#1846 = CARTESIAN_POINT ( 'NONE',  ( 34.00000000000000000, 12.74999999999998401, -44.75000000000000711 ) ) ;
#1847 = VECTOR ( 'NONE', #218, 1000.000000000000000 ) ;
#1848 = DIRECTION ( 'NONE',  ( 1.000000000000000000, 0.000000000000000000, 0.000000000000000000 ) ) ;
#1849 = VERTEX_POINT ( 'NONE', #130 ) ;
#1850 =( LENGTH_UNIT ( ) NAMED_UNIT ( * ) SI_UNIT ( .MILLI., .METRE. ) );
#1851 = AXIS2_PLACEMENT_3D ( 'NONE', #1885, #1726, #73 ) ;
#1852 = VECTOR ( 'NONE', #584, 1000.000000000000000 ) ;
#1853 = DIRECTION ( 'NONE',  ( 0.000000000000000000, 1.000000000000000000, -7.771561172376093811E-16 ) ) ;
#1854 = EDGE_CURVE ( 'NONE', #1387, #1511, #1286, .T. ) ;
#1855 = CARTESIAN_POINT ( 'NONE',  ( 36.81310917945973671, 4.672813753171238815, 29.97044536883481314 ) ) ;
#1856 = ORIENTED_EDGE ( 'NONE', *, *, #690, .T. ) ;
#1857 = DIRECTION ( 'NONE',  ( 0.000000000000000000, 1.000000000000000000, -7.771561172376093811E-16 ) ) ;
#1858 = CARTESIAN_POINT ( 'NONE',  ( 39.92589216578131328, 0.8715711115243371943, -122.9239819703427088 ) ) ;
#1859 = ORIENTED_EDGE ( 'NONE', *, *, #1736, .T. ) ;
#1860 = PRODUCT_DEFINITION_SHAPE ( 'NONE', 'NONE',  #162 ) ;
#1861 = CARTESIAN_POINT ( 'NONE',  ( 35.00000000000000000, 15.75000000000000355, -40.75000000000000711 ) ) ;
#1862 = DIRECTION ( 'NONE',  ( 0.000000000000000000, -3.885780586188046905E-16, -1.000000000000000000 ) ) ;
#1863 = CARTESIAN_POINT ( 'NONE',  ( 34.06542673161069246, -4.915324457727838769, -119.2329943157884884 ) ) ;
#1864 = ORIENTED_EDGE ( 'NONE', *, *, #464, .T. ) ;
#1865 = CYLINDRICAL_SURFACE ( 'NONE', #630, 4.999999999999997335 ) ;
#1866 = CYLINDRICAL_SURFACE ( 'NONE', #242, 6.000000000000000000 ) ;
#1867 = ORIENTED_EDGE ( 'NONE', *, *, #1935, .T. ) ;
#1868 = DIRECTION ( 'NONE',  ( 0.000000000000000000, 0.000000000000000000, 1.000000000000000000 ) ) ;
#1869 = CARTESIAN_POINT ( 'NONE',  ( 38.24660188276261863, -3.805868397811559944, -120.3137765800675680 ) ) ;
#1870 = CARTESIAN_POINT ( 'NONE',  ( 30.00272206236529016, -0.1884495362687316489, -123.2312592021726232 ) ) ;
#1871 = ORIENTED_EDGE ( 'NONE', *, *, #753, .F. ) ;
#1872 = DIRECTION ( 'NONE',  ( 5.782411586589356653E-16, -1.000000000000000000, 4.880355379081415978E-16 ) ) ;
#1873 = ORIENTED_EDGE ( 'NONE', *, *, #97, .T. ) ;
#1874 = CARTESIAN_POINT ( 'NONE',  ( 40.00000000000000000, -3.477773624638302232E-14, -89.50000000000000000 ) ) ;
#1875 = EDGE_CURVE ( 'NONE', #785, #100, #301, .T. ) ;
#1876 = VECTOR ( 'NONE', #812, 1000.000000000000000 ) ;
#1877 = AXIS2_PLACEMENT_3D ( 'NONE', #490, #1853, #1215 ) ;
#1878 = DIRECTION ( 'NONE',  ( 1.000000000000000000, -0.000000000000000000, -0.000000000000000000 ) ) ;
#1879 = EDGE_CURVE ( 'NONE', #203, #146, #852, .T. ) ;
#1880 = EDGE_CURVE ( 'NONE', #1447, #1650, #337, .T. ) ;
#1881 = CIRCLE ( 'NONE', #247, 2.200000000000000622 ) ;
#1882 = PLANE ( 'NONE',  #696 ) ;
#1883 = CARTESIAN_POINT ( 'NONE',  ( 30.16914261214724036, -1.326168206241878034, -122.5996683294041674 ) ) ;
#1884 = ORIENTED_EDGE ( 'NONE', *, *, #1415, .F. ) ;
#1885 = CARTESIAN_POINT ( 'NONE',  ( 0.000000000000000000, -3.477773624638302232E-14, -89.50000000000000000 ) ) ;
#1886 = FACE_OUTER_BOUND ( 'NONE', #117, .T. ) ;
#1887 = VERTEX_POINT ( 'NONE', #960 ) ;
#1888 = CARTESIAN_POINT ( 'NONE',  ( 30.00000000000000000, 0.09629333597594258443, 33.74501243788787264 ) ) ;
#1889 = CARTESIAN_POINT ( 'NONE',  ( 34.00000000000000000, 12.74999999999997158, -75.75227291513247962 ) ) ;
#1890 = ADVANCED_FACE ( 'NONE', ( #358, #1910 ), #831, .F. ) ;
#1891 = DIRECTION ( 'NONE',  ( -1.000000000000000000, 0.000000000000000000, 0.000000000000000000 ) ) ;
#1892 = EDGE_CURVE ( 'NONE', #1711, #794, #1211, .T. ) ;
#1893 = CARTESIAN_POINT ( 'NONE',  ( 31.09682821631308514, -3.140104658005433702, -120.9536362866294041 ) ) ;
#1894 = VERTEX_POINT ( 'NONE', #193 ) ;
#1895 = DIRECTION ( 'NONE',  ( -0.000000000000000000, -3.885780586188046905E-16, -1.000000000000000000 ) ) ;
#1896 = DIRECTION ( 'NONE',  ( 1.156482317317871133E-15, -1.000000000000000000, 7.771561172376093811E-16 ) ) ;
#1897 = ORIENTED_EDGE ( 'NONE', *, *, #1545, .F. ) ;
#1898 = CARTESIAN_POINT ( 'NONE',  ( 38.27619207104164190, 6.986572655645343133, -17.40001544168946523 ) ) ;
#1899 = LINE ( 'NONE', #87, #733 ) ;
#1900 = DIRECTION ( 'NONE',  ( -1.000000000000000000, -0.000000000000000000, -0.000000000000000000 ) ) ;
#1901 = CARTESIAN_POINT ( 'NONE',  ( 32.27270501220001364, 4.194083443366135810, -119.9372353269240961 ) ) ;
#1902 = VERTEX_POINT ( 'NONE', #1606 ) ;
#1903 = CARTESIAN_POINT ( 'NONE',  ( 30.00000000000000000, -3.894107258872735303E-14, -108.2500000000000000 ) ) ;
#1904 = EDGE_LOOP ( 'NONE', ( #774, #819, #1707, #458, #1777, #1653 ) ) ;
#1905 = CARTESIAN_POINT ( 'NONE',  ( 30.26207604350382141, 1.604340659758571874, 32.85856955139061597 ) ) ;
#1906 = DIRECTION ( 'NONE',  ( 1.110223024625156343E-15, -1.000000000000000000, 0.000000000000000000 ) ) ;
#1907 = LINE ( 'NONE', #539, #1367 ) ;
#1908 = VECTOR ( 'NONE', #1046, 1000.000000000000000 ) ;
#1909 = AXIS2_PLACEMENT_3D ( 'NONE', #862, #140, #1538 ) ;
#1910 = FACE_OUTER_BOUND ( 'NONE', #508, .T. ) ;
#1911 = VECTOR ( 'NONE', #715, 1000.000000000000000 ) ;
#1912 = CARTESIAN_POINT ( 'NONE',  ( 30.91603870062926518, 2.899574355530717185, -121.1824709063723589 ) ) ;
#1913 = VECTOR ( 'NONE', #573, 1000.000000000000000 ) ;
#1914 = EDGE_CURVE ( 'NONE', #1894, #74, #179, .T. ) ;
#1915 = AXIS2_PLACEMENT_3D ( 'NONE', #1474, #89, #1038 ) ;
#1916 = ORIENTED_EDGE ( 'NONE', *, *, #1731, .T. ) ;
#1917 = CARTESIAN_POINT ( 'NONE',  ( 34.99999999999999289, -30.00000000000005684, -124.2499999999999716 ) ) ;
#1918 = ORIENTED_EDGE ( 'NONE', *, *, #962, .F. ) ;
#1919 = CARTESIAN_POINT ( 'NONE',  ( 31.74290569876076518, 3.807545463408267938, 30.81234288037801505 ) ) ;
#1920 = CARTESIAN_POINT ( 'NONE',  ( -2.000000000000000000, 0.000000000000000000, 0.000000000000000000 ) ) ;
#1921 = CARTESIAN_POINT ( 'NONE',  ( 39.98686142525566112, -0.3736533115638220881, -123.1814253308608755 ) ) ;
#1922 = DIRECTION ( 'NONE',  ( -1.000000000000000000, -0.000000000000000000, -0.000000000000000000 ) ) ;
#1923 = ORIENTED_EDGE ( 'NONE', *, *, #1357, .T. ) ;
#1924 = CARTESIAN_POINT ( 'NONE',  ( 34.99999999999999289, -3.816391647148974346E-14, -107.2500000000000000 ) ) ;
#1925 = VERTEX_POINT ( 'NONE', #69 ) ;
#1926 = CARTESIAN_POINT ( 'NONE',  ( -2.000000000000000000, -3.477773624638302232E-14, -89.50000000000000000 ) ) ;
#1927 = CARTESIAN_POINT ( 'NONE',  ( 39.28366056905761639, 8.377235746005780470, -15.64893387025554183 ) ) ;
#1928 = CARTESIAN_POINT ( 'NONE',  ( 39.74306428221581200, -1.608878762396791062, -122.3573219766923614 ) ) ;
#1929 = CARTESIAN_POINT ( 'NONE',  ( 40.00000000000000000, 6.749999999999968914, -88.75000000000000000 ) ) ;
#1930 = EDGE_LOOP ( 'NONE', ( #1695, #138, #1659, #1916, #196 ) ) ;
#1931 = SURFACE_STYLE_FILL_AREA ( #101 ) ;
#1932 = ORIENTED_EDGE ( 'NONE', *, *, #1892, .F. ) ;
#1933 = CARTESIAN_POINT ( 'NONE',  ( 35.00000000000000000, 15.75000000000000355, -40.75000000000000711 ) ) ;
#1934 = CARTESIAN_POINT ( 'NONE',  ( 34.99999999999999289, -30.00000000000006040, -128.3499999999999659 ) ) ;
#1935 = EDGE_CURVE ( 'NONE', #742, #1887, #921, .T. ) ;
#1936 = CARTESIAN_POINT ( 'NONE',  ( 34.99999999999999289, -30.00000000000005329, -119.1499999999999631 ) ) ;
#1937 = APPLICATION_PROTOCOL_DEFINITION ( 'draft international standard', 'automotive_design', 1998, #113 ) ;
#1938 = EDGE_CURVE ( 'NONE', #1688, #1638, #568, .T. ) ;
#1939 = CIRCLE ( 'NONE', #444, 4.099999999999999645 ) ;
#1940 = FACE_OUTER_BOUND ( 'NONE', #1287, .T. ) ;
#1941 = CIRCLE ( 'NONE', #629, 6.000000000000000000 ) ;
#1942 = AXIS2_PLACEMENT_3D ( 'NONE', #1924, #83, #55 ) ;
#1943 = CARTESIAN_POINT ( 'NONE',  ( 35.00000000000000000, 15.75000000000000000, -46.55000000000000426 ) ) ;
#1944 = COLOUR_RGB ( '',0.7921568627450980005, 0.8196078431372548767, 0.9333333333333333481 ) ;
#1945 = DIRECTION ( 'NONE',  ( 1.000000000000000000, 0.000000000000000000, 0.000000000000000000 ) ) ;
#1946 = AXIS2_PLACEMENT_3D ( 'NONE', #505, #698, #665 ) ;
#1947 = ORIENTED_EDGE ( 'NONE', *, *, #417, .F. ) ;
#1948 = CARTESIAN_POINT ( 'NONE',  ( 32.55382866059436253, -4.374613716740367586, 30.26154697457139875 ) ) ;
#1949 = CARTESIAN_POINT ( 'NONE',  ( -2.000000000000000000, 0.000000000000000000, -10.00000000000000000 ) ) ;
#1950 = ORIENTED_EDGE ( 'NONE', *, *, #914, .F. ) ;
#1951 = FACE_OUTER_BOUND ( 'NONE', #804, .T. ) ;
#1952 = EDGE_CURVE ( 'NONE', #915, #742, #341, .T. ) ;
#1953 = CARTESIAN_POINT ( 'NONE',  ( 0.000000000000000000, -3.477773624638302232E-14, -89.50000000000000000 ) ) ;
#1954 = EDGE_CURVE ( 'NONE', #636, #661, #1306, .T. ) ;
#1955 = ORIENTED_EDGE ( 'NONE', *, *, #1332, .F. ) ;
#1956 = FILL_AREA_STYLE_COLOUR ( '', #1944 ) ;
#1957 = ORIENTED_EDGE ( 'NONE', *, *, #1879, .T. ) ;
#1958 = CARTESIAN_POINT ( 'NONE',  ( 31.74343892471673101, -3.807873968648579410, 30.81202280403191551 ) ) ;
#1959 = CARTESIAN_POINT ( 'NONE',  ( 39.70649296813363094, 8.266352434913939007, -15.70767929139388741 ) ) ;
#1960 = CARTESIAN_POINT ( 'NONE',  ( 40.00000000000000000, 2.173748068486552035E-15, -17.75000000000000355 ) ) ;
#1961 = CARTESIAN_POINT ( 'NONE',  ( 36.55966951035571100, 7.829917780890840007, -72.46257451596893873 ) ) ;
#1962 = ORIENTED_EDGE ( 'NONE', *, *, #129, .F. ) ;
#1963 = CARTESIAN_POINT ( 'NONE',  ( 34.99999999999992895, -5.000000000000597744, -119.1499999999994515 ) ) ;
#1964 = ORIENTED_EDGE ( 'NONE', *, *, #1383, .T. ) ;
#1965 = EDGE_CURVE ( 'NONE', #7, #1560, #1657, .T. ) ;
#1966 = CARTESIAN_POINT ( 'NONE',  ( 30.47446696994475346, -2.145682648075594834, 32.38403529911338552 ) ) ;
#1967 = CARTESIAN_POINT ( 'NONE',  ( 40.00000000000000000, 12.25000000000000000, -10.24999999999997513 ) ) ;
#1968 = DIRECTION ( 'NONE',  ( 0.000000000000000000, 1.000000000000000000, 0.000000000000000000 ) ) ;
#1969 = CARTESIAN_POINT ( 'NONE',  ( 39.92515062438345552, -0.8755973851490705950, 33.42126993815725200 ) ) ;
#1970 = CARTESIAN_POINT ( 'NONE',  ( 40.00000000000000000, 6.750000000000002665, -0.7500000000000006661 ) ) ;
#1971 = DIRECTION ( 'NONE',  ( 0.000000000000000000, -6.802837160693350791E-16, -1.000000000000000000 ) ) ;
#1972 = COLOUR_RGB ( '',0.7921568627450980005, 0.8196078431372548767, 0.9333333333333333481 ) ;
#1973 = VECTOR ( 'NONE', #483, 1000.000000000000000 ) ;
#1974 = ADVANCED_FACE ( 'NONE', ( #1137 ), #1581, .F. ) ;
#1975 = ORIENTED_EDGE ( 'NONE', *, *, #194, .F. ) ;
#1976 = CARTESIAN_POINT ( 'NONE',  ( 30.25641321591254851, -1.607105364997758468, 32.85880392507985448 ) ) ;
#1977 = AXIS2_PLACEMENT_3D ( 'NONE', #1110, #961, #507 ) ;
#1978 = FACE_OUTER_BOUND ( 'NONE', #120, .T. ) ;
#1979 = FACE_OUTER_BOUND ( 'NONE', #370, .T. ) ;
#1980 = CARTESIAN_POINT ( 'NONE',  ( 38.12327332918196277, -3.907881199682355700, 30.71503089788312835 ) ) ;
#1981 = DIRECTION ( 'NONE',  ( -1.000000000000000000, 0.000000000000000000, 0.000000000000000000 ) ) ;
#1982 = CARTESIAN_POINT ( 'NONE',  ( 39.74403230519557439, 1.605995905696182113, 32.85978041109459014 ) ) ;
#1983 = ORIENTED_EDGE ( 'NONE', *, *, #1854, .T. ) ;
#1984 = DIRECTION ( 'NONE',  ( 1.000000000000000000, 0.000000000000000000, 0.000000000000000000 ) ) ;
#1985 = DIRECTION ( 'NONE',  ( -1.000000000000000000, -0.000000000000000000, -0.000000000000000000 ) ) ;
#1986 = VERTEX_POINT ( 'NONE', #839 ) ;
#1987 = LINE ( 'NONE', #482, #1244 ) ;
#1988 = ADVANCED_FACE ( 'NONE', ( #996 ), #1882, .T. ) ;
ENDSEC;
END-ISO-10303-21;
